ID	adj.P.Val	P.Value	t	B	logFC	SPOT_ID
55273_at	4.68e-12	3.87e-16	-11.1115491	24.70045	-1.71159063	55273_at
8835_at	4.34e-11	7.20e-15	-10.3185567	22.17598	-1.97640716	8835_at
4543_at	1.74e-10	4.31e-14	-9.8416008	20.61343	-1.40273058	4543_at
10426_at	9.21e-09	3.05e-12	-8.7292461	16.85533	-0.94395255	10426_at
25976_at	1.29e-08	5.33e-12	-8.5854312	16.35939	-2.15347566	25976_at
7763_at	1.45e-06	7.20e-10	-7.3295559	11.96281	-1.564851	7763_at
5166_at	9.74e-06	5.65e-09	-6.8029758	10.1025	-2.88406477	5166_at
10560_at	1.26e-05	8.36e-09	-6.7022268	9.74691	-1.54363331	10560_at
687_at	7.17e-05	5.55e-08	-6.2142983	8.03116	-1.19380707	687_at
6867_at	7.17e-05	5.94e-08	-6.1967243	7.96965	-0.9234715	6867_at
10458_at	1.18e-04	1.07e-07	-6.0433247	7.43391	-0.72676589	10458_at
1831_at	1.75e-04	1.74e-07	-5.9164798	6.99269	-1.74162438	1831_at
5519_at	2.51e-04	2.70e-07	-5.8012352	6.59342	-0.73331941	5519_at
80148_at	3.27e-04	3.79e-07	-5.712106	6.2858	-1.20156699	80148_at
29116_at	5.44e-04	6.76e-07	5.5591399	5.76052	0.96784454	29116_at
10157_at	6.33e-04	8.39e-07	-5.5014581	5.56339	-0.75023416	10157_at
5054_at	6.33e-04	8.91e-07	-5.4854847	5.5089	-0.97152753	5054_at
23767_at	7.17e-04	1.07e-06	5.4370408	5.34391	1.63058493	23767_at
10637_at	1.19e-03	1.87e-06	-5.287385	4.83691	-2.18225433	10637_at
55281_at	1.74e-03	2.89e-06	5.1696602	4.44118	1.04750302	55281_at
1647_at	2.51e-03	4.40e-06	-5.0546926	4.05759	-1.31694567	1647_at
11214_at	2.51e-03	4.58e-06	-5.0438841	4.02168	-0.61151812	11214_at
54463_at	2.65e-03	5.05e-06	-5.0170757	3.93274	-1.07757606	54463_at
9334_at	2.80e-03	5.56e-06	4.9906844	3.84535	1.17855531	9334_at
22936_at	3.19e-03	6.60e-06	-4.9435675	3.68974	-1.1614682	22936_at
25895_at	3.43e-03	7.38e-06	-4.9131238	3.5895	-1.20926625	25895_at
2983_at	3.82e-03	8.55e-06	4.8723791	3.4557	1.23601589	2983_at
79884_at	4.62e-03	1.07e-05	4.8096321	3.2505	0.47809702	79884_at
55729_at	4.99e-03	1.20e-05	4.7784686	3.14898	0.57493789	55729_at
1594_at	6.42e-03	1.60e-05	-4.6984391	2.88951	-2.28376881	1594_at
8743_at	7.31e-03	1.88e-05	4.6529481	2.74284	1.57282952	8743_at
23424_at	7.37e-03	1.95e-05	4.6416076	2.70637	0.68451372	23424_at
6809_at	7.98e-03	2.18e-05	4.6104433	2.60634	0.84355684	6809_at
32_at	8.31e-03	2.34e-05	-4.5908026	2.54346	-0.57208018	32_at
5208_at	9.41e-03	2.73e-05	-4.5473289	2.40468	-0.78214381	5208_at
11329_at	9.78e-03	2.94e-05	4.5258663	2.33639	0.70436324	11329_at
51365_at	9.78e-03	3.00e-05	4.5205044	2.31935	1.03445991	51365_at
7538_at	1.04e-02	3.26e-05	-4.4960939	2.24189	-0.8309818	7538_at
1849_at	1.38e-02	4.46e-05	-4.4064967	1.95925	-0.40210892	1849_at
2308_at	1.42e-02	4.69e-05	-4.392209	1.91443	-0.54221487	2308_at
2965_at	1.52e-02	5.15e-05	4.3649933	1.82924	0.52581262	2965_at
85458_at	1.88e-02	6.55e-05	-4.2954174	1.61262	-0.73891804	85458_at
3570_at	1.90e-02	6.77e-05	-4.2856466	1.58233	-0.66341491	3570_at
23220_at	1.93e-02	7.05e-05	4.2739719	1.54619	0.67397296	23220_at
3105_at	1.96e-02	7.30e-05	4.2635763	1.51405	1.17853432	3105_at
2354_at	2.03e-02	7.89e-05	-4.2409795	1.44433	-1.12107064	2354_at
10166_at	2.03e-02	7.90e-05	-4.2404858	1.44281	-0.66108818	10166_at
23228_at	2.11e-02	8.39e-05	4.2229923	1.38896	0.73228878	23228_at
27332_at	2.23e-02	9.05e-05	4.2006902	1.32047	0.53025609	27332_at
9099_at	2.39e-02	1.01e-04	-4.1690886	1.22375	-1.17057091	9099_at
1081_at	2.39e-02	1.03e-04	-4.1634541	1.20654	-0.85969666	1081_at
1843_at	2.39e-02	1.03e-04	-4.1623219	1.20309	-1.37935374	1843_at
5270_at	2.40e-02	1.06e-04	4.1554744	1.1822	1.52020228	5270_at
25940_at	2.54e-02	1.14e-04	4.1331792	1.1143	0.67896159	25940_at
10140_at	2.61e-02	1.19e-04	-4.1204315	1.07556	-0.81190205	10140_at
57798_at	2.68e-02	1.24e-04	4.1068924	1.03449	0.38648128	57798_at
8431_at	2.79e-02	1.32e-04	-4.0902519	0.98411	-0.71891346	8431_at
79675_at	2.81e-02	1.35e-04	4.0821683	0.95967	0.66019828	79675_at
55763_at	2.84e-02	1.39e-04	4.0745783	0.93675	0.61455573	55763_at
9601_at	2.84e-02	1.41e-04	4.0688572	0.91949	0.62820024	9601_at
28231_at	2.86e-02	1.46e-04	-4.0594593	0.89117	-1.72943934	28231_at
131408_at	2.86e-02	1.49e-04	-4.0537616	0.87401	-0.44909914	131408_at
871_at	2.86e-02	1.49e-04	4.0524277	0.87	0.75673242	871_at
5034_at	2.88e-02	1.52e-04	4.0461776	0.85119	0.63099426	5034_at
10421_at	2.88e-02	1.55e-04	4.0409648	0.83552	0.36795848	10421_at
1154_at	3.01e-02	1.65e-04	-4.0233343	0.78261	-0.93488004	1154_at
4236_at	3.12e-02	1.73e-04	4.0080752	0.73691	0.44594783	4236_at
3964_at	3.45e-02	1.94e-04	3.9732446	0.63297	0.31155691	3964_at
26064_at	3.47e-02	2.00e-04	3.9638446	0.605	0.54560499	26064_at
5144_at	3.47e-02	2.01e-04	-3.9631567	0.60295	-0.23707205	5144_at
4976_at	3.56e-02	2.09e-04	-3.9506844	0.5659	-0.39749259	4976_at
64061_at	3.68e-02	2.19e-04	-3.9367348	0.52454	-0.50283165	64061_at
55035_at	3.88e-02	2.34e-04	3.9166099	0.46502	0.49813153	55035_at
10486_at	3.88e-02	2.38e-04	3.9123276	0.45237	0.66681536	10486_at
51499_at	3.99e-02	2.48e-04	3.8994308	0.41434	0.41318798	51499_at
6733_at	4.00e-02	2.52e-04	3.8949624	0.40118	0.35473434	6733_at
8470_at	4.03e-02	2.57e-04	3.888156	0.38115	0.7117601	8470_at
4502_at	4.03e-02	2.62e-04	-3.8821327	0.36344	-0.78606618	4502_at
26019_at	4.03e-02	2.65e-04	3.8786469	0.3532	0.48483442	26019_at
26872_at	4.03e-02	2.69e-04	3.8750045	0.3425	0.77929411	26872_at
2339_at	4.03e-02	2.70e-04	3.873277	0.33743	0.53411882	2339_at
25816_at	4.03e-02	2.74e-04	3.8693302	0.32585	1.47892262	25816_at
8503_at	4.08e-02	2.85e-04	3.85664	0.28866	0.39055356	8503_at
6928_at	4.08e-02	2.87e-04	3.8552362	0.28455	0.54387774	6928_at
4982_at	4.08e-02	2.87e-04	3.8548287	0.28336	1.0387644	4982_at
23469_at	4.13e-02	2.96e-04	3.8457115	0.25669	0.26914076	23469_at
23627_at	4.13e-02	2.98e-04	-3.843275	0.24957	-0.27587995	23627_at
55109_at	4.16e-02	3.03e-04	3.838175	0.23468	0.41256977	55109_at
9235_at	4.32e-02	3.18e-04	3.8229423	0.19025	2.09388267	9235_at
8443_at	4.37e-02	3.26e-04	3.8158387	0.16957	0.36585562	8443_at
1471_at	4.64e-02	3.50e-04	3.7937033	0.10527	0.5401221	1471_at
79693_at	4.84e-02	3.70e-04	-3.7766056	0.05575	-0.42724245	79693_at
3949_at	4.84e-02	3.72e-04	-3.7744419	0.04949	-0.56602617	3949_at
3433_at	4.93e-02	3.87e-04	3.7624074	0.01473	0.65935077	3433_at
3300_at	4.93e-02	3.88e-04	3.7616758	0.01262	0.37683632	3300_at
54885_at	4.98e-02	3.96e-04	-3.7553737	-0.00556	-1.04940435	54885_at
1019_at	5.00e-02	4.02e-04	3.7509416	-0.01833	0.34265215	1019_at
23764_at	5.05e-02	4.10e-04	-3.7446551	-0.03643	-1.59368025	23764_at
3162_at	5.23e-02	4.33e-04	3.7275153	-0.08569	0.95191418	3162_at
9477_at	5.23e-02	4.38e-04	3.7242771	-0.09499	0.36018222	9477_at
9819_at	5.23e-02	4.40e-04	-3.7228012	-0.09922	-0.2825104	9819_at
79629_at	5.23e-02	4.42e-04	-3.721285	-0.10357	-0.54286043	79629_at
6897_at	5.43e-02	4.63e-04	3.706513	-0.14587	0.49379513	6897_at
8501_at	5.49e-02	4.73e-04	-3.700305	-0.16362	-0.52406543	8501_at
8405_at	5.53e-02	4.81e-04	3.6947138	-0.17959	0.33132282	8405_at
112399_at	5.62e-02	4.93e-04	-3.6871032	-0.2013	-0.66410779	112399_at
1555_at	5.62e-02	4.99e-04	-3.6834793	-0.21163	-0.90553698	1555_at
25841_at	5.62e-02	5.03e-04	-3.6810086	-0.21867	-0.46206991	25841_at
3574_at	5.72e-02	5.16e-04	3.6726451	-0.24248	0.46516935	3574_at
4758_at	5.72e-02	5.21e-04	3.6697704	-0.25065	0.65588	4758_at
57613_at	5.77e-02	5.38e-04	-3.6597491	-0.27912	-0.48315467	57613_at
5479_at	5.77e-02	5.45e-04	3.6555846	-0.29094	0.67236698	5479_at
7096_at	5.77e-02	5.46e-04	3.6553616	-0.29157	0.58754656	7096_at
3430_at	5.77e-02	5.50e-04	3.6530281	-0.29819	0.80460337	3430_at
11104_at	5.77e-02	5.53e-04	3.6507869	-0.30454	0.47452898	11104_at
7098_at	5.77e-02	5.62e-04	3.6459494	-0.31825	0.68310191	7098_at
6452_at	5.77e-02	5.68e-04	-3.6427013	-0.32745	-0.41155076	6452_at
1577_at	5.77e-02	5.78e-04	-3.6368992	-0.34386	-1.30142197	1577_at
79888_at	5.77e-02	5.86e-04	3.6325742	-0.35609	1.11673471	79888_at
63928_at	5.77e-02	5.88e-04	-3.6317187	-0.3585	-1.34682097	63928_at
9209_at	5.77e-02	5.88e-04	-3.6315807	-0.35889	-0.42482562	9209_at
9470_at	5.77e-02	5.88e-04	3.6315152	-0.35908	0.58051427	9470_at
51747_at	5.77e-02	5.89e-04	3.6310417	-0.36042	0.53799578	51747_at
54800_at	5.77e-02	5.93e-04	3.6292233	-0.36555	0.41078111	54800_at
4739_at	6.19e-02	6.41e-04	-3.6046197	-0.43489	-0.73296567	4739_at
5187_at	6.22e-02	6.49e-04	-3.60044	-0.44664	-0.50473162	5187_at
2633_at	6.24e-02	6.57e-04	3.5967331	-0.45705	1.08212205	2633_at
6446_at	6.44e-02	6.83e-04	-3.5844458	-0.49153	-0.95394004	6446_at
10370_at	6.67e-02	7.13e-04	3.570619	-0.53023	0.7201329	10370_at
83759_at	6.67e-02	7.22e-04	3.566514	-0.5417	0.53829143	83759_at
65986_at	6.67e-02	7.23e-04	-3.5659988	-0.54314	-0.42504024	65986_at
11343_at	6.85e-02	7.49e-04	3.5548321	-0.5743	0.91205005	11343_at
90_at	7.10e-02	7.82e-04	3.5410324	-0.61273	0.55524974	90_at
6239_at	7.14e-02	7.93e-04	-3.5366747	-0.62484	-0.37118061	6239_at
5930_at	7.14e-02	7.98e-04	3.5345818	-0.63066	0.30252643	5930_at
1390_at	7.19e-02	8.12e-04	-3.5288323	-0.64662	-0.41122549	1390_at
151050_at	7.19e-02	8.26e-04	3.5237035	-0.66085	0.53772298	151050_at
1175_at	7.19e-02	8.43e-04	3.5170142	-0.67939	0.38326073	1175_at
60370_at	7.19e-02	8.49e-04	-3.514535	-0.68625	-0.54284327	60370_at
11082_at	7.19e-02	8.54e-04	-3.5128528	-0.69091	-1.08668129	11082_at
91746_at	7.19e-02	8.68e-04	3.5076603	-0.70527	0.49024262	91746_at
5696_at	7.19e-02	8.69e-04	3.5073559	-0.70611	1.30189886	5696_at
9474_at	7.19e-02	8.69e-04	3.5072263	-0.70647	0.34218674	9474_at
55589_at	7.19e-02	8.69e-04	3.5071347	-0.70672	0.256087	55589_at
64135_at	7.19e-02	8.73e-04	3.5055903	-0.71099	1.04085723	64135_at
25776_at	7.19e-02	8.74e-04	3.5052589	-0.71191	0.35652774	25776_at
6016_at	7.19e-02	8.83e-04	3.502066	-0.72073	0.72242547	6016_at
23119_at	7.19e-02	8.84e-04	-3.5017338	-0.72164	-0.24948038	23119_at
58472_at	7.19e-02	8.88e-04	3.5003214	-0.72554	0.49339417	58472_at
5728_at	7.21e-02	8.99e-04	3.4964598	-0.7362	0.50294939	5728_at
5917_at	7.21e-02	9.04e-04	3.4946223	-0.74127	0.56293973	5917_at
84560_at	7.21e-02	9.09e-04	-3.4928088	-0.74627	-0.9371064	84560_at
4247_at	7.21e-02	9.14e-04	3.4910357	-0.75116	0.38597065	4247_at
3301_at	7.23e-02	9.22e-04	3.4881688	-0.75906	0.52533133	3301_at
6117_at	7.23e-02	9.29e-04	3.485853	-0.76544	0.50749318	6117_at
161_at	7.32e-02	9.56e-04	3.4763079	-0.7917	0.3187905	161_at
8880_at	7.32e-02	9.57e-04	3.476077	-0.79233	0.4536726	8880_at
9126_at	7.32e-02	9.58e-04	3.4757706	-0.79318	0.32706985	9126_at
84898_at	7.51e-02	9.91e-04	3.4649756	-0.82282	0.40826692	84898_at
3484_at	7.51e-02	1.00e-03	-3.46205	-0.83084	-0.3838091	3484_at
26034_at	7.51e-02	1.00e-03	-3.4615064	-0.83233	-0.49850466	26034_at
8480_at	7.60e-02	1.02e-03	3.4554324	-0.84897	0.4306056	8480_at
3588_at	7.65e-02	1.04e-03	3.4497065	-0.86464	0.62526472	3588_at
7431_at	7.65e-02	1.04e-03	3.4496758	-0.86473	1.6648047	7431_at
5412_at	7.75e-02	1.06e-03	-3.4428805	-0.8833	-0.40928606	5412_at
7289_at	7.75e-02	1.07e-03	3.4405566	-0.88965	0.39358867	7289_at
7374_at	7.75e-02	1.07e-03	-3.4392225	-0.89329	-0.39299697	7374_at
8645_at	7.90e-02	1.10e-03	-3.4302481	-0.91777	-0.93007392	8645_at
51621_at	7.90e-02	1.11e-03	-3.4291482	-0.92077	-0.45954184	51621_at
23041_at	7.90e-02	1.13e-03	-3.4217455	-0.94092	-0.25135596	23041_at
10960_at	7.90e-02	1.13e-03	3.4210772	-0.94274	0.4338797	10960_at
23286_at	7.90e-02	1.14e-03	3.4200556	-0.94552	0.54361573	23286_at
24148_at	7.90e-02	1.14e-03	3.4195453	-0.94691	0.33171074	24148_at
54925_at	7.90e-02	1.14e-03	-3.418607	-0.94946	-0.27685363	54925_at
23503_at	7.90e-02	1.14e-03	3.4179686	-0.9512	0.33218734	23503_at
10138_at	7.92e-02	1.15e-03	-3.4153849	-0.95822	-0.37523986	10138_at
7704_at	8.00e-02	1.17e-03	-3.4101745	-0.97237	-1.78609555	7704_at
1736_at	8.05e-02	1.19e-03	3.4055974	-0.98479	0.32946583	1736_at
1558_at	8.05e-02	1.20e-03	-3.4035733	-0.99028	-0.90018249	1558_at
3837_at	8.05e-02	1.20e-03	3.402418	-0.99342	0.43375664	3837_at
6532_at	8.33e-02	1.25e-03	-3.3895925	-1.02814	-0.3449806	6532_at
26097_at	8.44e-02	1.27e-03	3.3832582	-1.04526	0.34575296	26097_at
1495_at	8.52e-02	1.30e-03	3.3766035	-1.06322	0.33760092	1495_at
23252_at	8.52e-02	1.30e-03	-3.3753184	-1.06669	-0.42413409	23252_at
55000_at	8.52e-02	1.31e-03	3.3748663	-1.06791	0.43766806	55000_at
55332_at	8.59e-02	1.34e-03	3.3669156	-1.08933	0.59315435	55332_at
55127_at	8.59e-02	1.34e-03	3.3655893	-1.0929	0.3450509	55127_at
2908_at	8.59e-02	1.35e-03	3.3649241	-1.09469	0.44867451	2908_at
5378_at	8.59e-02	1.35e-03	3.3628575	-1.10025	0.49811818	5378_at
604_at	8.59e-02	1.36e-03	3.3619019	-1.10282	0.55672721	604_at
9761_at	8.59e-02	1.36e-03	3.3605578	-1.10644	0.44701575	9761_at
760_at	8.59e-02	1.37e-03	-3.3592998	-1.10982	-0.67441559	760_at
9863_at	8.59e-02	1.37e-03	-3.358361	-1.11234	-0.38740594	9863_at
80176_at	8.60e-02	1.39e-03	-3.3538212	-1.12454	-0.56583996	80176_at
9632_at	8.60e-02	1.39e-03	3.3536081	-1.12511	0.37860547	9632_at
3460_at	8.60e-02	1.40e-03	3.3527325	-1.12746	0.45206976	3460_at
10891_at	8.88e-02	1.45e-03	-3.3397655	-1.16223	-0.68870394	10891_at
23413_at	8.88e-02	1.46e-03	-3.3374254	-1.1685	-0.43475964	23413_at
8896_at	8.88e-02	1.47e-03	3.3357161	-1.17307	0.45694048	8896_at
80017_at	8.88e-02	1.47e-03	3.3355307	-1.17357	0.43672924	80017_at
23516_at	9.02e-02	1.50e-03	-3.3287656	-1.19166	-0.71090878	23516_at
5547_at	9.17e-02	1.53e-03	3.3215149	-1.21102	0.39639334	5547_at
10206_at	9.25e-02	1.56e-03	-3.3158759	-1.22605	-0.53062291	10206_at
79722_at	9.25e-02	1.56e-03	-3.3155618	-1.22689	-0.48128421	79722_at
10385_at	9.26e-02	1.58e-03	3.3126947	-1.23453	0.35690775	10385_at
51306_at	9.26e-02	1.58e-03	3.3118651	-1.23674	0.65061036	51306_at
9698_at	9.27e-02	1.59e-03	3.3100593	-1.24155	0.29710461	9698_at
55577_at	9.35e-02	1.61e-03	3.3054828	-1.25372	0.47385079	55577_at
64108_at	9.36e-02	1.62e-03	3.3036164	-1.25869	0.87371447	64108_at
8910_at	9.38e-02	1.63e-03	3.3010872	-1.26541	0.59602166	8910_at
8605_at	9.38e-02	1.64e-03	3.2993122	-1.27013	1.03325941	8605_at
3133_at	9.38e-02	1.65e-03	3.2980392	-1.27351	0.83389601	3133_at
4327_at	9.57e-02	1.69e-03	-3.2897224	-1.29557	-0.31460756	4327_at
1318_at	9.64e-02	1.72e-03	-3.2845729	-1.30922	-0.79471687	1318_at
26574_at	9.64e-02	1.72e-03	3.2844397	-1.30957	0.33188969	26574_at
29_at	9.72e-02	1.74e-03	-3.2790225	-1.32391	-0.86054294	29_at
5105_at	9.72e-02	1.76e-03	-3.2765823	-1.33036	-1.31803732	5105_at
9217_at	9.72e-02	1.76e-03	3.2755214	-1.33317	0.21905449	9217_at
11253_at	9.72e-02	1.77e-03	3.273941	-1.33734	0.32921088	11253_at
80212_at	9.72e-02	1.77e-03	3.2739215	-1.33739	0.35903733	80212_at
55686_at	9.84e-02	1.80e-03	-3.2684175	-1.35193	-0.58590606	55686_at
1124_at	9.93e-02	1.83e-03	-3.2634546	-1.36502	-0.5318359	1124_at
10979_at	9.93e-02	1.83e-03	-3.2622271	-1.36826	-0.40585095	10979_at
10577_at	9.95e-02	1.85e-03	3.2592396	-1.37613	0.45203111	10577_at
5000_at	9.95e-02	1.87e-03	3.2565434	-1.38323	0.30487498	5000_at
7049_at	9.95e-02	1.87e-03	-3.2556183	-1.38567	-0.91410886	7049_at
3437_at	9.95e-02	1.87e-03	3.2555743	-1.38578	0.89235511	3437_at
5832_at	1.00e-01	1.89e-03	3.2515312	-1.39642	0.67420825	5832_at
55578_at	1.00e-01	1.90e-03	3.2505914	-1.3989	0.29606748	55578_at
10171_at	1.01e-01	1.92e-03	-3.2476981	-1.4065	-0.32839553	10171_at
9920_at	1.03e-01	1.98e-03	-3.2358386	-1.43763	-0.76778378	9920_at
9961_at	1.03e-01	1.99e-03	3.2348663	-1.44018	0.66862086	9961_at
1595_at	1.03e-01	1.99e-03	-3.2346706	-1.44069	-0.84595513	1595_at
8864_at	1.04e-01	2.01e-03	-3.2306725	-1.45117	-0.45221294	8864_at
3074_at	1.04e-01	2.02e-03	3.2294045	-1.45449	0.85240484	3074_at
22864_at	1.04e-01	2.03e-03	-3.2275456	-1.45935	-0.64788783	22864_at
7637_at	1.04e-01	2.04e-03	3.226675	-1.46163	0.38641777	7637_at
10342_at	1.04e-01	2.05e-03	3.224552	-1.46718	0.31501989	10342_at
9315_at	1.04e-01	2.06e-03	3.2234493	-1.47007	0.77320844	9315_at
10162_at	1.05e-01	2.10e-03	3.2165637	-1.48806	0.54962129	10162_at
4830_at	1.05e-01	2.10e-03	3.2164404	-1.48838	0.59586072	4830_at
3134_at	1.05e-01	2.10e-03	3.2161518	-1.48913	1.1032682	3134_at
629_at	1.05e-01	2.12e-03	3.2138425	-1.49516	1.68460969	629_at
51317_at	1.06e-01	2.14e-03	3.2099017	-1.50544	0.37610291	51317_at
9966_at	1.07e-01	2.18e-03	3.2040605	-1.52066	0.47565925	9966_at
1503_at	1.07e-01	2.18e-03	-3.2038275	-1.52127	-0.70913114	1503_at
2139_at	1.07e-01	2.19e-03	-3.2029493	-1.52355	-0.60230055	2139_at
8603_at	1.07e-01	2.21e-03	3.1993107	-1.53302	0.42633517	8603_at
64219_at	1.07e-01	2.21e-03	3.1992013	-1.53331	0.49794804	64219_at
80823_at	1.07e-01	2.21e-03	3.1991631	-1.53341	0.53310951	80823_at
9798_at	1.08e-01	2.24e-03	3.1949947	-1.54424	0.29939246	9798_at
57187_at	1.08e-01	2.24e-03	3.1942273	-1.54624	0.3177811	57187_at
8436_at	1.08e-01	2.27e-03	-3.190775	-1.5552	-0.4545525	8436_at
10821_at	1.09e-01	2.29e-03	-3.1874359	-1.56387	-0.54335086	10821_at
27328_at	1.09e-01	2.30e-03	-3.1861723	-1.56715	-0.23005838	27328_at
55303_at	1.09e-01	2.33e-03	3.1815149	-1.57922	0.75077541	55303_at
9331_at	1.09e-01	2.33e-03	-3.1811708	-1.58012	-0.30992954	9331_at
10352_at	1.09e-01	2.34e-03	3.180205	-1.58262	0.46327061	10352_at
9111_at	1.10e-01	2.35e-03	3.1781588	-1.58792	1.01887567	9111_at
6558_at	1.12e-01	2.42e-03	-3.1690045	-1.6116	-0.39937029	6558_at
4013_at	1.13e-01	2.44e-03	3.1656202	-1.62034	0.48560819	4013_at
3597_at	1.13e-01	2.45e-03	3.163951	-1.62465	0.50088185	3597_at
80778_at	1.13e-01	2.46e-03	-3.1630195	-1.62706	-0.33385189	80778_at
3653_at	1.13e-01	2.47e-03	-3.161944	-1.62983	-0.34167633	3653_at
5510_at	1.13e-01	2.47e-03	3.1612048	-1.63174	0.25285449	5510_at
221037_at	1.13e-01	2.50e-03	3.1574226	-1.64149	0.41071003	221037_at
4234_at	1.13e-01	2.51e-03	-3.1565891	-1.64364	-0.60649413	4234_at
399665_at	1.14e-01	2.53e-03	-3.1534213	-1.6518	-0.43784645	399665_at
56892_at	1.15e-01	2.56e-03	3.149127	-1.66285	1.20792317	56892_at
8672_at	1.15e-01	2.58e-03	3.1467557	-1.66895	0.41683114	8672_at
100288413_at	1.17e-01	2.64e-03	-3.1386266	-1.68984	-0.47475529	100288413_at
80350_at	1.17e-01	2.64e-03	-3.1383168	-1.69064	-0.49609729	80350_at
55164_at	1.17e-01	2.65e-03	3.1373623	-1.69309	0.24817202	55164_at
64374_at	1.17e-01	2.66e-03	3.1365998	-1.69504	0.37090969	64374_at
10778_at	1.18e-01	2.69e-03	3.132148	-1.70646	0.44357629	10778_at
8829_at	1.19e-01	2.71e-03	3.1298288	-1.7124	0.94340843	8829_at
5507_at	1.19e-01	2.72e-03	3.1283868	-1.7161	0.66281892	5507_at
79070_at	1.21e-01	2.79e-03	3.1200955	-1.73731	0.76181789	79070_at
23586_at	1.22e-01	2.84e-03	3.113904	-1.75313	0.72450468	23586_at
9580_at	1.22e-01	2.84e-03	-3.1134351	-1.75433	-0.31155593	9580_at
5587_at	1.22e-01	2.85e-03	3.1126335	-1.75637	0.60246476	5587_at
53343_at	1.23e-01	2.87e-03	3.1107535	-1.76117	0.39820969	53343_at
3434_at	1.23e-01	2.89e-03	3.1076428	-1.7691	1.38326878	3434_at
57498_at	1.23e-01	2.90e-03	3.1065104	-1.77199	0.34210343	57498_at
7518_at	1.23e-01	2.91e-03	3.1053413	-1.77497	0.25978092	7518_at
1022_at	1.23e-01	2.92e-03	3.1041829	-1.77792	0.61418888	1022_at
7978_at	1.24e-01	2.94e-03	3.1017967	-1.78399	0.44699646	7978_at
642_at	1.24e-01	2.96e-03	3.1000713	-1.78839	0.3373961	642_at
9695_at	1.24e-01	2.98e-03	-3.097622	-1.79462	-0.35886839	9695_at
51076_at	1.24e-01	2.99e-03	-3.0957549	-1.79937	-0.43786857	51076_at
3638_at	1.24e-01	3.02e-03	-3.0931609	-1.80596	-0.54043663	3638_at
54816_at	1.24e-01	3.02e-03	3.0928036	-1.80687	0.31174671	54816_at
23014_at	1.24e-01	3.04e-03	-3.0908512	-1.81182	-0.8194088	23014_at
22996_at	1.24e-01	3.04e-03	3.0899018	-1.81424	1.30259787	22996_at
7106_at	1.24e-01	3.05e-03	3.0895489	-1.81513	0.46111261	7106_at
9467_at	1.24e-01	3.05e-03	-3.0892516	-1.81589	-0.52897413	9467_at
79022_at	1.24e-01	3.06e-03	3.0881394	-1.81871	0.29790218	79022_at
801_at	1.24e-01	3.07e-03	-3.0874075	-1.82057	-0.48686192	801_at
5903_at	1.25e-01	3.11e-03	-3.0829434	-1.83189	-0.40272699	5903_at
5698_at	1.27e-01	3.16e-03	3.0769987	-1.84695	1.48154582	5698_at
4790_at	1.29e-01	3.22e-03	3.07052	-1.86334	0.4399096	4790_at
9925_at	1.32e-01	3.31e-03	3.0612918	-1.88664	0.30108858	9925_at
10437_at	1.32e-01	3.31e-03	3.0608856	-1.88766	0.77390888	10437_at
55656_at	1.33e-01	3.35e-03	3.0572276	-1.89688	0.50145015	55656_at
3423_at	1.33e-01	3.36e-03	-3.0556078	-1.90096	-0.17440729	3423_at
3772_at	1.33e-01	3.37e-03	3.054321	-1.90421	0.6520744	3772_at
4665_at	1.33e-01	3.38e-03	-3.0540981	-1.90477	-0.30652048	4665_at
7783_at	1.33e-01	3.38e-03	-3.0531975	-1.90703	-0.50712373	7783_at
23030_at	1.33e-01	3.39e-03	-3.0521364	-1.90971	-0.26492391	23030_at
8241_at	1.33e-01	3.42e-03	3.0494756	-1.9164	0.34822057	8241_at
81575_at	1.33e-01	3.43e-03	-3.0484236	-1.91905	-0.60537188	81575_at
23636_at	1.33e-01	3.44e-03	3.0477976	-1.92062	0.37747089	23636_at
5886_at	1.33e-01	3.45e-03	-3.046826	-1.92306	-0.31683139	5886_at
55432_at	1.33e-01	3.45e-03	-3.0463277	-1.92432	-0.32853143	55432_at
2982_at	1.34e-01	3.49e-03	3.0424447	-1.93407	0.66612836	2982_at
92552_at	1.35e-01	3.52e-03	-3.0393448	-1.94185	-0.28104359	92552_at
1365_at	1.35e-01	3.55e-03	3.036133	-1.94991	1.03647384	1365_at
80006_at	1.37e-01	3.65e-03	-3.0269047	-1.97302	-0.43233445	80006_at
25777_at	1.37e-01	3.65e-03	-3.0267751	-1.97335	-0.39123828	25777_at
3376_at	1.37e-01	3.65e-03	-3.0266942	-1.97355	-0.49819535	3376_at
4848_at	1.37e-01	3.66e-03	3.0262133	-1.97475	0.30360588	4848_at
55224_at	1.37e-01	3.66e-03	-3.0254983	-1.97654	-0.88811545	55224_at
2289_at	1.37e-01	3.69e-03	-3.0234988	-1.98154	-1.83087588	2289_at
57599_at	1.37e-01	3.69e-03	3.0233499	-1.98191	0.2185439	57599_at
23423_at	1.37e-01	3.70e-03	3.0223512	-1.98441	0.54246437	23423_at
10160_at	1.39e-01	3.76e-03	3.0163696	-1.99935	0.42779725	10160_at
710_at	1.39e-01	3.77e-03	3.015976	-2.00033	1.51709	710_at
5279_at	1.39e-01	3.78e-03	3.0144201	-2.00421	0.30922336	5279_at
307_at	1.39e-01	3.78e-03	3.0144195	-2.00422	0.62284629	307_at
10274_at	1.39e-01	3.80e-03	3.0129949	-2.00777	0.348614	10274_at
9168_at	1.39e-01	3.81e-03	3.0122649	-2.00959	1.38850213	9168_at
9388_at	1.39e-01	3.81e-03	-3.0119618	-2.01034	-0.93330466	9388_at
11282_at	1.41e-01	3.88e-03	3.0051088	-2.02742	0.62208231	11282_at
51098_at	1.41e-01	3.91e-03	3.0025732	-2.03373	0.35336312	51098_at
5481_at	1.43e-01	3.99e-03	2.9956643	-2.0509	0.41813215	5481_at
2959_at	1.43e-01	4.00e-03	2.9950858	-2.05233	0.34787588	2959_at
3956_at	1.43e-01	4.01e-03	2.993887	-2.05531	1.39504118	3956_at
10961_at	1.43e-01	4.01e-03	2.9938146	-2.05549	0.28186413	10961_at
716_at	1.44e-01	4.03e-03	2.9916929	-2.06076	1.69243835	716_at
22941_at	1.45e-01	4.08e-03	-2.9880723	-2.06973	-0.41615686	22941_at
10579_at	1.45e-01	4.10e-03	-2.9858311	-2.07529	-0.55552406	10579_at
5920_at	1.45e-01	4.12e-03	2.9845879	-2.07837	1.11605362	5920_at
6672_at	1.45e-01	4.12e-03	2.9841631	-2.07942	0.2021539	6672_at
54797_at	1.46e-01	4.16e-03	2.9812596	-2.08661	0.24283963	54797_at
1282_at	1.46e-01	4.17e-03	2.9801655	-2.08932	1.14263545	1282_at
51111_at	1.46e-01	4.17e-03	2.9800109	-2.0897	0.45425735	51111_at
10475_at	1.46e-01	4.20e-03	2.9779676	-2.09475	0.65386253	10475_at
3265_at	1.46e-01	4.20e-03	2.9777196	-2.09537	0.4500352	3265_at
7465_at	1.49e-01	4.30e-03	-2.9690573	-2.11676	-0.34979812	7465_at
5780_at	1.49e-01	4.33e-03	-2.9667893	-2.12236	-0.33018393	5780_at
6284_at	1.49e-01	4.33e-03	2.9663901	-2.12334	0.98055762	6284_at
8996_at	1.49e-01	4.35e-03	-2.9652567	-2.12614	-0.30554664	8996_at
6737_at	1.49e-01	4.37e-03	2.9634629	-2.13056	0.38009884	6737_at
100134713_at	1.51e-01	4.42e-03	-2.959855	-2.13944	-0.33778822	100134713_at
22954_at	1.51e-01	4.43e-03	2.9587073	-2.14227	0.37635816	22954_at
7165_at	1.52e-01	4.48e-03	2.954488	-2.15265	0.31832097	7165_at
175_at	1.53e-01	4.53e-03	2.9509391	-2.16137	0.44849454	175_at
10724_at	1.53e-01	4.55e-03	2.9492151	-2.1656	0.42520283	10724_at
2643_at	1.57e-01	4.66e-03	-2.940689	-2.18652	-0.95916787	2643_at
81537_at	1.57e-01	4.68e-03	-2.9389669	-2.19074	-0.72369289	81537_at
966_at	1.57e-01	4.70e-03	2.9378103	-2.19357	0.4348661	966_at
4670_at	1.57e-01	4.70e-03	2.9377967	-2.1936	0.49288684	4670_at
11019_at	1.57e-01	4.72e-03	2.9361379	-2.19766	0.52324443	11019_at
5567_at	1.58e-01	4.82e-03	2.9284891	-2.21636	0.47451815	5567_at
79714_at	1.58e-01	4.83e-03	2.9280957	-2.21733	0.47922954	79714_at
6541_at	1.58e-01	4.84e-03	-2.9271098	-2.21973	-0.24618417	6541_at
3106_at	1.58e-01	4.86e-03	2.9255473	-2.22355	1.14524144	3106_at
7453_at	1.58e-01	4.87e-03	2.9252349	-2.22431	0.36387565	7453_at
23231_at	1.58e-01	4.87e-03	2.9250561	-2.22475	0.90452296	23231_at
64780_at	1.58e-01	4.87e-03	2.924954	-2.225	0.37784583	64780_at
997_at	1.58e-01	4.89e-03	2.9238928	-2.22759	0.35622418	997_at
54737_at	1.58e-01	4.89e-03	2.9232654	-2.22912	0.31970196	54737_at
50486_at	1.58e-01	4.90e-03	-2.9231814	-2.22932	-1.07961825	50486_at
55272_at	1.59e-01	4.91e-03	2.9220659	-2.23204	0.34948751	55272_at
4218_at	1.60e-01	4.97e-03	2.9174299	-2.24334	0.40778728	4218_at
25_at	1.61e-01	5.00e-03	2.9154712	-2.24811	0.3722583	25_at
3295_at	1.61e-01	5.03e-03	2.9134137	-2.25312	0.373851	3295_at
5533_at	1.61e-01	5.04e-03	-2.9124887	-2.25537	-0.249455	5533_at
23637_at	1.61e-01	5.05e-03	2.9120693	-2.25639	0.27541523	23637_at
4494_at	1.61e-01	5.05e-03	-2.9119623	-2.25665	-0.82559162	4494_at
4212_at	1.61e-01	5.08e-03	2.9096971	-2.26216	0.74664302	4212_at
22888_at	1.61e-01	5.09e-03	-2.9090643	-2.2637	-0.30544255	22888_at
11135_at	1.61e-01	5.10e-03	-2.9087476	-2.26447	-0.30178386	11135_at
404281_at	1.61e-01	5.11e-03	-2.9077795	-2.26682	-0.33788842	404281_at
9673_at	1.61e-01	5.12e-03	-2.9070937	-2.26849	-0.43510757	9673_at
2237_at	1.62e-01	5.19e-03	2.9025366	-2.27956	0.27709844	2237_at
23543_at	1.64e-01	5.24e-03	2.8987378	-2.28877	0.31792677	23543_at
64761_at	1.64e-01	5.26e-03	2.8977272	-2.29122	0.79165195	64761_at
10241_at	1.66e-01	5.36e-03	2.8909226	-2.3077	0.26090938	10241_at
54476_at	1.66e-01	5.37e-03	-2.8903603	-2.30906	-0.17321759	54476_at
6294_at	1.67e-01	5.41e-03	2.8872804	-2.31651	0.24644788	6294_at
6386_at	1.67e-01	5.42e-03	2.8867843	-2.31771	0.60503902	6386_at
5733_at	1.69e-01	5.49e-03	-2.882047	-2.32915	-0.5176347	5733_at
585_at	1.69e-01	5.50e-03	2.8813949	-2.33073	0.23773862	585_at
6299_at	1.70e-01	5.55e-03	-2.8781563	-2.33854	-0.7903354	6299_at
11092_at	1.70e-01	5.59e-03	-2.8756483	-2.34459	-0.28156978	11092_at
5175_at	1.70e-01	5.59e-03	2.8752841	-2.34547	0.81600236	5175_at
4942_at	1.71e-01	5.65e-03	-2.8715367	-2.35449	-0.75309613	4942_at
9246_at	1.71e-01	5.66e-03	2.8708501	-2.35615	0.79006198	9246_at
65992_at	1.71e-01	5.68e-03	2.8700694	-2.35802	0.36129635	65992_at
9817_at	1.72e-01	5.71e-03	2.8676666	-2.36381	0.25841715	9817_at
55226_at	1.72e-01	5.73e-03	2.8666433	-2.36627	0.30978971	55226_at
10226_at	1.72e-01	5.74e-03	2.8659422	-2.36795	0.47635163	10226_at
26053_at	1.72e-01	5.75e-03	-2.8651304	-2.3699	-0.56142561	26053_at
11311_at	1.73e-01	5.80e-03	2.8622212	-2.37689	0.35873401	11311_at
3073_at	1.73e-01	5.82e-03	2.860892	-2.38009	0.34494721	3073_at
54985_at	1.73e-01	5.84e-03	2.8599559	-2.38233	0.35489914	54985_at
1665_at	1.73e-01	5.86e-03	2.8588232	-2.38505	0.37096807	1665_at
1026_at	1.73e-01	5.87e-03	-2.8580741	-2.38685	-0.77963067	1026_at
53918_at	1.74e-01	5.91e-03	2.8552199	-2.3937	0.37803018	53918_at
6729_at	1.74e-01	5.92e-03	2.8547289	-2.39487	0.3615979	6729_at
54741_at	1.74e-01	5.94e-03	2.8535161	-2.39778	0.53013802	54741_at
3679_at	1.74e-01	5.97e-03	-2.8521163	-2.40113	-0.36596509	3679_at
54556_at	1.75e-01	5.99e-03	2.8505451	-2.4049	0.33976462	54556_at
8519_at	1.76e-01	6.08e-03	2.8449681	-2.41824	1.56499687	8519_at
6338_at	1.76e-01	6.11e-03	-2.8431563	-2.42257	-0.66763608	6338_at
1944_at	1.76e-01	6.13e-03	-2.841954	-2.42545	-0.31202838	1944_at
6888_at	1.76e-01	6.14e-03	2.8416981	-2.42606	0.43516261	6888_at
23075_at	1.76e-01	6.14e-03	2.841696	-2.42606	0.50835609	23075_at
26751_at	1.76e-01	6.14e-03	-2.8415657	-2.42637	-0.70753595	26751_at
965_at	1.76e-01	6.14e-03	2.8414447	-2.42666	0.51574798	965_at
8013_at	1.76e-01	6.15e-03	-2.8413249	-2.42695	-0.34006653	8013_at
29104_at	1.76e-01	6.16e-03	2.840598	-2.42869	0.38915487	29104_at
84159_at	1.76e-01	6.18e-03	2.8394746	-2.43137	0.47140408	84159_at
79625_at	1.77e-01	6.24e-03	-2.8357301	-2.44031	-1.37084618	79625_at
3551_at	1.77e-01	6.24e-03	2.8355831	-2.44066	0.19152416	3551_at
822_at	1.77e-01	6.25e-03	2.8350027	-2.44204	0.76922715	822_at
3108_at	1.77e-01	6.28e-03	2.8337208	-2.4451	1.20982228	3108_at
5927_at	1.77e-01	6.29e-03	2.8330365	-2.44673	0.28257309	5927_at
10379_at	1.77e-01	6.31e-03	2.8319772	-2.44925	0.91737072	10379_at
4616_at	1.77e-01	6.32e-03	-2.8313868	-2.45066	-0.83282952	4616_at
2617_at	1.77e-01	6.35e-03	2.8297079	-2.45466	0.4109386	2617_at
26051_at	1.77e-01	6.35e-03	-2.8293241	-2.45557	-0.9933453	26051_at
1281_at	1.77e-01	6.39e-03	2.8273509	-2.46027	2.05034747	1281_at
27252_at	1.77e-01	6.39e-03	-2.8271468	-2.46076	-0.28383361	27252_at
84981_at	1.77e-01	6.40e-03	-2.8267371	-2.46173	-0.62876357	84981_at
27250_at	1.77e-01	6.43e-03	2.824984	-2.4659	0.3995225	27250_at
10808_at	1.77e-01	6.43e-03	2.824781	-2.46639	0.46462713	10808_at
4599_at	1.78e-01	6.47e-03	2.8226464	-2.47146	1.29170172	4599_at
1284_at	1.78e-01	6.48e-03	2.8219952	-2.47301	1.00670772	1284_at
10406_at	1.78e-01	6.51e-03	2.8202548	-2.47714	2.06015499	10406_at
9616_at	1.78e-01	6.52e-03	2.8195542	-2.47881	0.36000015	9616_at
7305_at	1.78e-01	6.54e-03	2.8187236	-2.48078	1.78909681	7305_at
54739_at	1.78e-01	6.56e-03	2.8178089	-2.48295	0.62945891	54739_at
2589_at	1.78e-01	6.56e-03	2.817495	-2.4837	0.58531283	2589_at
29074_at	1.79e-01	6.63e-03	2.8136372	-2.49285	0.25226489	29074_at
3727_at	1.79e-01	6.64e-03	-2.8133404	-2.49355	-0.36841356	3727_at
54969_at	1.79e-01	6.65e-03	2.8127526	-2.49495	0.44044893	54969_at
7175_at	1.79e-01	6.67e-03	2.8116352	-2.4976	0.23523823	7175_at
29922_at	1.79e-01	6.67e-03	2.8113002	-2.49839	0.50460907	29922_at
79940_at	1.79e-01	6.70e-03	-2.809703	-2.50218	-0.46748836	79940_at
51340_at	1.80e-01	6.74e-03	2.8077334	-2.50684	0.39942888	51340_at
63941_at	1.80e-01	6.75e-03	-2.8071214	-2.50829	-0.30665346	63941_at
54980_at	1.80e-01	6.80e-03	2.8045127	-2.51446	0.35524637	54980_at
5468_at	1.80e-01	6.80e-03	2.8044777	-2.51455	0.30275963	5468_at
55644_at	1.80e-01	6.80e-03	2.8042159	-2.51516	0.34604412	55644_at
8721_at	1.81e-01	6.86e-03	2.8012215	-2.52224	0.29548234	8721_at
2882_at	1.82e-01	6.90e-03	2.799031	-2.52742	0.61149047	2882_at
9451_at	1.82e-01	6.94e-03	-2.7972461	-2.53164	-0.52692848	9451_at
5436_at	1.82e-01	6.96e-03	2.7961641	-2.53419	0.35818471	5436_at
1185_at	1.82e-01	6.96e-03	-2.7959446	-2.53471	-0.3947245	1185_at
80155_at	1.82e-01	6.97e-03	2.7955938	-2.53554	0.32631349	80155_at
50940_at	1.82e-01	6.97e-03	-2.7952788	-2.53628	-0.2810933	50940_at
6659_at	1.82e-01	7.01e-03	2.7933568	-2.54081	1.00570514	6659_at
7168_at	1.83e-01	7.05e-03	2.7912299	-2.54583	0.88902956	7168_at
54496_at	1.83e-01	7.06e-03	2.7904384	-2.54769	0.37898568	54496_at
3164_at	1.83e-01	7.07e-03	-2.790175	-2.54832	-0.49633931	3164_at
7741_at	1.83e-01	7.09e-03	2.7889542	-2.55119	0.33574217	7741_at
9905_at	1.84e-01	7.14e-03	-2.786651	-2.55662	-0.23298634	9905_at
1211_at	1.84e-01	7.18e-03	2.7846994	-2.56121	0.25700902	1211_at
24146_at	1.84e-01	7.20e-03	-2.7836279	-2.56373	-0.35891697	24146_at
56252_at	1.85e-01	7.26e-03	2.7805679	-2.57093	0.28681596	56252_at
3429_at	1.85e-01	7.26e-03	2.7804113	-2.57129	1.64252136	3429_at
51309_at	1.85e-01	7.26e-03	2.7802856	-2.57159	0.45734642	51309_at
23710_at	1.85e-01	7.29e-03	-2.7787122	-2.57529	-0.59282259	23710_at
58486_at	1.85e-01	7.30e-03	2.7785196	-2.57574	0.43423129	58486_at
2791_at	1.85e-01	7.30e-03	2.7784345	-2.57594	0.77556821	2791_at
55737_at	1.85e-01	7.34e-03	2.7765276	-2.58042	0.39237731	55737_at
7357_at	1.86e-01	7.38e-03	2.7744861	-2.58521	0.94707769	7357_at
5155_at	1.86e-01	7.39e-03	-2.7740184	-2.58631	-0.23257594	5155_at
151987_at	1.86e-01	7.40e-03	2.7732819	-2.58803	0.38748918	151987_at
28985_at	1.86e-01	7.42e-03	2.7725087	-2.58985	0.39849392	28985_at
10346_at	1.87e-01	7.46e-03	2.7702322	-2.59518	1.31141158	10346_at
643332_at	1.87e-01	7.49e-03	-2.7690478	-2.59796	-0.26050599	643332_at
5720_at	1.87e-01	7.52e-03	2.7675999	-2.60135	0.39564348	5720_at
55707_at	1.87e-01	7.52e-03	2.7675649	-2.60143	0.51246939	55707_at
9858_at	1.87e-01	7.55e-03	-2.7658439	-2.60546	-0.27787472	9858_at
58487_at	1.88e-01	7.58e-03	-2.764486	-2.60864	-0.18784489	58487_at
80201_at	1.88e-01	7.62e-03	2.76256	-2.61315	0.4711648	80201_at
5699_at	1.89e-01	7.67e-03	2.7602685	-2.6185	1.06262642	5699_at
8609_at	1.89e-01	7.68e-03	-2.7594869	-2.62033	-0.62699642	8609_at
57037_at	1.89e-01	7.70e-03	2.7588666	-2.62178	0.41598644	57037_at
1841_at	1.90e-01	7.76e-03	2.7560864	-2.62827	0.36970682	1841_at
11342_at	1.90e-01	7.79e-03	2.7543232	-2.63239	0.31149793	11342_at
11132_at	1.90e-01	7.80e-03	-2.7538324	-2.63354	-0.28349398	11132_at
80196_at	1.91e-01	7.84e-03	2.7521233	-2.63752	0.37289166	80196_at
6035_at	1.91e-01	7.87e-03	2.7504686	-2.64138	1.07177131	6035_at
1948_at	1.92e-01	7.90e-03	2.7492959	-2.64411	0.50413806	1948_at
2131_at	1.92e-01	7.94e-03	2.7475003	-2.6483	0.43080951	2131_at
5824_at	1.92e-01	7.96e-03	-2.7464901	-2.65065	-0.27140701	5824_at
7184_at	1.93e-01	8.02e-03	2.7438971	-2.65668	0.59439844	7184_at
79631_at	1.93e-01	8.02e-03	2.7435656	-2.65746	0.28751671	79631_at
81554_at	1.93e-01	8.04e-03	2.7429035	-2.659	0.28866416	81554_at
22836_at	1.93e-01	8.05e-03	-2.7422507	-2.66051	-0.42997431	22836_at
25966_at	1.93e-01	8.06e-03	2.7416426	-2.66193	0.54307746	25966_at
4802_at	1.94e-01	8.17e-03	2.7369801	-2.67276	0.20859799	4802_at
55023_at	1.94e-01	8.18e-03	2.7363288	-2.67428	0.33500773	55023_at
5984_at	1.94e-01	8.20e-03	2.7353145	-2.67663	0.43492374	5984_at
10282_at	1.94e-01	8.21e-03	2.7350874	-2.67716	0.32836481	10282_at
2181_at	1.94e-01	8.23e-03	-2.7341795	-2.67927	-0.38103653	2181_at
59067_at	1.94e-01	8.25e-03	-2.7333209	-2.68126	-0.2641545	59067_at
25809_at	1.94e-01	8.25e-03	2.7331408	-2.68168	0.37137564	25809_at
23135_at	1.94e-01	8.26e-03	-2.7329099	-2.68221	-0.23833434	23135_at
9326_at	1.94e-01	8.27e-03	2.7323823	-2.68344	0.29343162	9326_at
6548_at	1.94e-01	8.29e-03	-2.7315391	-2.68539	-0.25762972	6548_at
23398_at	1.94e-01	8.30e-03	2.7311252	-2.68635	0.41228391	23398_at
65109_at	1.94e-01	8.31e-03	2.7302979	-2.68827	0.42270801	65109_at
10261_at	1.95e-01	8.36e-03	2.7281688	-2.6932	0.45123372	10261_at
2773_at	1.95e-01	8.37e-03	2.7277322	-2.69421	0.3894387	2773_at
3304_at	1.96e-01	8.43e-03	2.7249417	-2.70067	0.84774729	3304_at
9532_at	1.96e-01	8.46e-03	2.7240462	-2.70275	0.49458227	9532_at
474_at	1.96e-01	8.47e-03	-2.7233719	-2.70431	-0.27619942	474_at
65979_at	1.97e-01	8.54e-03	2.7204679	-2.71102	0.30350929	65979_at
25796_at	1.97e-01	8.54e-03	2.7203405	-2.71132	0.32098946	25796_at
80055_at	1.97e-01	8.58e-03	-2.7185183	-2.71553	-0.20049694	80055_at
54726_at	1.98e-01	8.61e-03	-2.717129	-2.71874	-0.15994642	54726_at
55756_at	1.98e-01	8.65e-03	2.7154357	-2.72265	0.3007484	55756_at
908_at	1.98e-01	8.68e-03	2.7143087	-2.72525	0.38832432	908_at
746_at	1.99e-01	8.74e-03	2.7115583	-2.73159	0.35997606	746_at
3428_at	1.99e-01	8.75e-03	2.7113387	-2.7321	1.07034811	3428_at
9202_at	1.99e-01	8.76e-03	2.7107965	-2.73335	0.27884152	9202_at
124044_at	2.01e-01	8.85e-03	-2.7069612	-2.74219	-0.46138492	124044_at
3431_at	2.03e-01	8.96e-03	2.7024682	-2.75253	0.44768754	3431_at
823_at	2.03e-01	8.98e-03	2.7015347	-2.75467	0.35435906	823_at
90485_at	2.03e-01	9.00e-03	-2.7006503	-2.75671	-0.440392	90485_at
55450_at	2.03e-01	9.01e-03	-2.700451	-2.75716	-0.39414036	55450_at
10672_at	2.03e-01	9.03e-03	-2.6993006	-2.75981	-0.4094108	10672_at
4061_at	2.04e-01	9.09e-03	2.6969575	-2.76519	0.59412485	4061_at
4948_at	2.04e-01	9.10e-03	-2.6964037	-2.76646	-0.34617235	4948_at
85363_at	2.04e-01	9.14e-03	2.6951216	-2.76941	0.37297909	85363_at
57787_at	2.06e-01	9.22e-03	-2.6917552	-2.77713	-0.21522247	57787_at
729238_at	2.07e-01	9.28e-03	-2.689362	-2.78261	-0.25250581	729238_at
3093_at	2.07e-01	9.31e-03	2.6880886	-2.78553	0.32202587	3093_at
10876_at	2.07e-01	9.34e-03	-2.6868924	-2.78827	-0.19261471	10876_at
55726_at	2.07e-01	9.35e-03	2.6866177	-2.7889	0.35368204	55726_at
9169_at	2.07e-01	9.35e-03	2.6863513	-2.78951	0.22170404	9169_at
23322_at	2.07e-01	9.39e-03	2.6848303	-2.79299	0.27126868	23322_at
26145_at	2.07e-01	9.44e-03	-2.6829435	-2.79731	-0.24761027	26145_at
65988_at	2.07e-01	9.44e-03	-2.6826801	-2.79791	-0.32336112	65988_at
10276_at	2.07e-01	9.45e-03	-2.6826148	-2.79806	-0.72505924	10276_at
9825_at	2.07e-01	9.45e-03	-2.682324	-2.79872	-0.20165617	9825_at
80345_at	2.07e-01	9.49e-03	2.6806632	-2.80252	0.23868214	80345_at
1155_at	2.07e-01	9.50e-03	2.6803244	-2.8033	0.35049371	1155_at
4074_at	2.07e-01	9.51e-03	2.680232	-2.80351	0.43543068	4074_at
9597_at	2.07e-01	9.52e-03	-2.6796169	-2.80491	-0.29041931	9597_at
56288_at	2.07e-01	9.56e-03	2.6781225	-2.80833	0.27368227	56288_at
2538_at	2.07e-01	9.56e-03	-2.6781205	-2.80833	-1.66085917	2538_at
3399_at	2.07e-01	9.57e-03	2.6776037	-2.80951	0.68019454	3399_at
5352_at	2.08e-01	9.62e-03	2.6758124	-2.8136	0.64300857	5352_at
5359_at	2.08e-01	9.63e-03	2.6753544	-2.81465	0.98148638	5359_at
55696_at	2.08e-01	9.68e-03	2.673532	-2.8188	0.29854761	55696_at
51280_at	2.08e-01	9.68e-03	2.6733944	-2.81912	0.52756399	51280_at
6772_at	2.08e-01	9.71e-03	2.6722303	-2.82177	0.88983993	6772_at
4499_at	2.08e-01	9.72e-03	-2.6719982	-2.8223	-1.61407903	4499_at
57476_at	2.08e-01	9.73e-03	-2.6715782	-2.82326	-0.74980258	57476_at
158_at	2.09e-01	9.81e-03	2.6682005	-2.83095	0.26989608	158_at
5001_at	2.09e-01	9.82e-03	2.6679696	-2.83148	0.18233697	5001_at
140465_at	2.10e-01	9.91e-03	2.6643503	-2.83972	0.32444487	140465_at
3995_at	2.10e-01	9.94e-03	2.6634517	-2.84176	0.4243888	3995_at
10016_at	2.10e-01	9.94e-03	2.663422	-2.84183	0.28439019	10016_at
49856_at	2.10e-01	9.95e-03	2.6628837	-2.84305	0.24380584	49856_at
136_at	2.11e-01	9.99e-03	-2.6616314	-2.8459	-0.30466702	136_at
9308_at	2.11e-01	1.00e-02	-2.6609153	-2.84753	-0.62527955	9308_at
3248_at	2.11e-01	1.00e-02	-2.6601292	-2.84931	-1.07722417	3248_at
2_at	2.11e-01	1.01e-02	2.6575949	-2.85507	0.99605161	2_at
515_at	2.11e-01	1.01e-02	2.6573289	-2.85567	0.23456393	515_at
57154_at	2.11e-01	1.01e-02	-2.657304	-2.85573	-0.1689616	57154_at
8312_at	2.11e-01	1.01e-02	-2.6564947	-2.85757	-0.30458973	8312_at
114049_at	2.12e-01	1.02e-02	2.6549497	-2.86107	0.29682995	114049_at
79736_at	2.12e-01	1.02e-02	2.6538502	-2.86357	0.40527175	79736_at
51053_at	2.13e-01	1.03e-02	-2.6514674	-2.86897	-0.43549229	51053_at
3667_at	2.13e-01	1.03e-02	-2.6513019	-2.86935	-0.43842224	3667_at
3996_at	2.13e-01	1.03e-02	-2.6506609	-2.8708	-0.29562623	3996_at
81688_at	2.13e-01	1.03e-02	-2.6499973	-2.8723	-0.22491391	81688_at
79591_at	2.13e-01	1.03e-02	2.6493639	-2.87374	0.15443067	79591_at
22920_at	2.15e-01	1.04e-02	2.6446936	-2.88431	0.30030509	22920_at
51339_at	2.15e-01	1.05e-02	2.6440716	-2.88571	0.50275819	51339_at
55511_at	2.15e-01	1.05e-02	-2.6437592	-2.88642	-0.20297004	55511_at
60560_at	2.15e-01	1.05e-02	2.6433753	-2.88729	0.34585839	60560_at
27300_at	2.15e-01	1.05e-02	2.6422622	-2.8898	0.29506654	27300_at
9475_at	2.16e-01	1.06e-02	-2.639911	-2.89512	-0.26208364	9475_at
4256_at	2.16e-01	1.06e-02	2.6389602	-2.89726	1.19837899	4256_at
90273_at	2.16e-01	1.06e-02	-2.6386351	-2.898	-0.23316228	90273_at
5108_at	2.16e-01	1.06e-02	2.6373068	-2.901	0.1896704	5108_at
152559_at	2.17e-01	1.07e-02	-2.6364054	-2.90303	-0.28327077	152559_at
71_at	2.17e-01	1.07e-02	2.6350612	-2.90606	0.53397836	71_at
1482_at	2.17e-01	1.07e-02	-2.6349801	-2.90625	-0.26920873	1482_at
25803_at	2.17e-01	1.07e-02	-2.6344327	-2.90748	-0.31713861	25803_at
2027_at	2.17e-01	1.08e-02	-2.6336149	-2.90932	-0.53667293	2027_at
6521_at	2.17e-01	1.08e-02	-2.6317928	-2.91343	-0.85535643	6521_at
347_at	2.18e-01	1.08e-02	-2.6309851	-2.91525	-0.72146277	347_at
26009_at	2.18e-01	1.09e-02	2.6289198	-2.9199	0.46322491	26009_at
54541_at	2.18e-01	1.09e-02	-2.6287791	-2.92022	-0.9337983	54541_at
7158_at	2.18e-01	1.09e-02	2.6279447	-2.9221	0.34202021	7158_at
29888_at	2.18e-01	1.09e-02	-2.6277039	-2.92264	-0.30706365	29888_at
7738_at	2.19e-01	1.10e-02	-2.6258002	-2.92692	-0.41673269	7738_at
93210_at	2.20e-01	1.10e-02	-2.6232813	-2.93259	-0.24449213	93210_at
79843_at	2.20e-01	1.11e-02	-2.6219152	-2.93566	-0.24969528	79843_at
4069_at	2.20e-01	1.11e-02	2.6205569	-2.93871	2.56080799	4069_at
4205_at	2.20e-01	1.11e-02	2.6205495	-2.93872	0.18464962	4205_at
665_at	2.20e-01	1.11e-02	-2.6198413	-2.94031	-0.36734853	665_at
10445_at	2.20e-01	1.11e-02	2.6198356	-2.94033	0.24685343	10445_at
9687_at	2.21e-01	1.12e-02	-2.6167681	-2.94721	-0.16329746	9687_at
3123_at	2.21e-01	1.13e-02	2.6159422	-2.94906	1.0214246	3123_at
10991_at	2.22e-01	1.13e-02	-2.6141869	-2.953	-0.41384585	10991_at
9440_at	2.22e-01	1.14e-02	2.6129111	-2.95586	0.34057201	9440_at
1848_at	2.22e-01	1.14e-02	-2.6124517	-2.95689	-0.8503461	1848_at
65124_at	2.23e-01	1.14e-02	-2.6117161	-2.95853	-0.55560438	65124_at
9497_at	2.23e-01	1.15e-02	-2.6092805	-2.96399	-0.23093071	9497_at
5432_at	2.23e-01	1.15e-02	-2.608393	-2.96597	-0.23436409	5432_at
3273_at	2.23e-01	1.15e-02	-2.6082304	-2.96634	-1.06401007	3273_at
712_at	2.23e-01	1.15e-02	2.6075159	-2.96794	1.44303056	712_at
23468_at	2.23e-01	1.15e-02	2.6072174	-2.9686	0.33038129	23468_at
5252_at	2.23e-01	1.15e-02	-2.6066492	-2.96988	-0.23270007	5252_at
54432_at	2.23e-01	1.16e-02	2.6062434	-2.97078	0.28461079	54432_at
7991_at	2.23e-01	1.16e-02	2.6058483	-2.97167	0.71602708	7991_at
10308_at	2.23e-01	1.16e-02	2.6051092	-2.97332	0.46246131	10308_at
4886_at	2.24e-01	1.17e-02	2.6029679	-2.9781	1.25993634	4886_at
7533_at	2.25e-01	1.17e-02	2.6015179	-2.98134	0.91803482	7533_at
80895_at	2.25e-01	1.17e-02	2.6004661	-2.98369	0.30812114	80895_at
2995_at	2.25e-01	1.18e-02	2.5988389	-2.98732	0.60239864	2995_at
7039_at	2.25e-01	1.18e-02	-2.5981847	-2.98878	-0.20129062	7039_at
29099_at	2.26e-01	1.18e-02	2.5965859	-2.99235	0.242414	29099_at
51422_at	2.26e-01	1.19e-02	-2.5961098	-2.99341	-0.36532019	51422_at
9352_at	2.26e-01	1.19e-02	2.595988	-2.99368	0.26804515	9352_at
389898_at	2.26e-01	1.19e-02	-2.5943332	-2.99737	-0.24356928	389898_at
54971_at	2.26e-01	1.19e-02	2.5942289	-2.9976	0.29613291	54971_at
4780_at	2.26e-01	1.20e-02	2.5925388	-3.00137	0.3985409	4780_at
2037_at	2.26e-01	1.20e-02	2.5923313	-3.00183	0.49038461	2037_at
10981_at	2.26e-01	1.20e-02	2.5921515	-3.00223	0.44174135	10981_at
26471_at	2.27e-01	1.20e-02	2.5907055	-3.00545	0.74365305	26471_at
57804_at	2.27e-01	1.20e-02	2.59019	-3.00659	0.35785737	57804_at
51067_at	2.27e-01	1.21e-02	2.5895387	-3.00804	0.39868409	51067_at
27351_at	2.27e-01	1.21e-02	-2.5885203	-3.01031	-0.24710479	27351_at
9625_at	2.28e-01	1.22e-02	-2.585519	-3.01698	-0.2890122	9625_at
55025_at	2.28e-01	1.22e-02	-2.5847352	-3.01872	-0.29905879	55025_at
26057_at	2.28e-01	1.22e-02	2.58463	-3.01896	0.28187362	26057_at
9095_at	2.28e-01	1.22e-02	-2.5843125	-3.01966	-0.25701696	9095_at
63920_at	2.29e-01	1.24e-02	2.5806402	-3.02782	0.37620692	63920_at
3122_at	2.29e-01	1.24e-02	2.5802044	-3.02878	1.24746275	3122_at
29940_at	2.29e-01	1.24e-02	2.5800783	-3.02906	0.8438645	29940_at
7264_at	2.29e-01	1.24e-02	2.579886	-3.02949	0.38154675	7264_at
56998_at	2.29e-01	1.24e-02	-2.5794326	-3.03049	-0.3290275	56998_at
50485_at	2.29e-01	1.24e-02	2.5776201	-3.03451	0.33278649	50485_at
1368_at	2.29e-01	1.24e-02	-2.5775846	-3.03459	-0.66405968	1368_at
4610_at	2.29e-01	1.25e-02	-2.5757555	-3.03865	-0.35113918	4610_at
2998_at	2.29e-01	1.25e-02	-2.5755435	-3.03912	-0.19729146	2998_at
567_at	2.29e-01	1.25e-02	2.5752925	-3.03967	0.48850528	567_at
79140_at	2.29e-01	1.25e-02	-2.5750644	-3.04018	-0.20708145	79140_at
9541_at	2.29e-01	1.25e-02	2.5750047	-3.04031	0.33814983	9541_at
26984_at	2.29e-01	1.25e-02	2.574927	-3.04048	0.29090646	26984_at
5228_at	2.29e-01	1.25e-02	-2.5747949	-3.04077	-0.27550336	5228_at
3836_at	2.29e-01	1.25e-02	-2.5745412	-3.04134	-0.20743023	3836_at
2665_at	2.29e-01	1.26e-02	2.5738979	-3.04276	0.25479192	2665_at
4238_at	2.29e-01	1.26e-02	2.5716911	-3.04765	0.20189144	4238_at
54661_at	2.29e-01	1.27e-02	-2.5712272	-3.04867	-0.16986242	54661_at
27445_at	2.30e-01	1.27e-02	2.5696921	-3.05207	0.27952234	27445_at
23623_at	2.30e-01	1.27e-02	-2.5694157	-3.05268	-0.2571711	23623_at
4974_at	2.30e-01	1.27e-02	-2.569274	-3.05299	-0.26012179	4974_at
7756_at	2.30e-01	1.28e-02	2.5678074	-3.05623	0.28163913	7756_at
6355_at	2.30e-01	1.28e-02	2.5667543	-3.05856	0.44765896	6355_at
60528_at	2.30e-01	1.28e-02	2.5667282	-3.05862	0.26509143	60528_at
2045_at	2.30e-01	1.28e-02	2.5664506	-3.05923	0.41037513	2045_at
29842_at	2.30e-01	1.29e-02	-2.5650427	-3.06234	-0.40339336	29842_at
79961_at	2.30e-01	1.29e-02	2.5642463	-3.0641	0.49060405	79961_at
56158_at	2.30e-01	1.29e-02	2.5639061	-3.06485	0.16586896	56158_at
25859_at	2.31e-01	1.30e-02	-2.5621028	-3.06883	-0.28544902	25859_at
79774_at	2.31e-01	1.30e-02	2.5616872	-3.06975	0.27835265	79774_at
10190_at	2.31e-01	1.30e-02	2.5616032	-3.06993	0.43525134	10190_at
27315_at	2.31e-01	1.30e-02	2.5605249	-3.07231	0.15634216	27315_at
7415_at	2.31e-01	1.31e-02	2.5586498	-3.07645	0.21119997	7415_at
4501_at	2.31e-01	1.31e-02	-2.5581273	-3.0776	-1.03375454	4501_at
10001_at	2.31e-01	1.31e-02	2.5580865	-3.07769	0.30920076	10001_at
9737_at	2.31e-01	1.31e-02	-2.5579918	-3.0779	-0.54483909	9737_at
1672_at	2.32e-01	1.32e-02	-2.5562797	-3.08167	-0.77829759	1672_at
7767_at	2.32e-01	1.32e-02	2.5560344	-3.08221	0.24866004	7767_at
3422_at	2.32e-01	1.32e-02	-2.5541979	-3.08625	-0.39190257	3422_at
10866_at	2.32e-01	1.32e-02	2.5539469	-3.0868	0.76072129	10866_at
157567_at	2.34e-01	1.34e-02	-2.5501999	-3.09505	-0.6067821	157567_at
51447_at	2.35e-01	1.34e-02	2.5490029	-3.09768	0.46981823	51447_at
158427_at	2.35e-01	1.34e-02	2.5477779	-3.10037	0.25695721	158427_at
29942_at	2.35e-01	1.35e-02	-2.5461732	-3.10389	-0.19028296	29942_at
10813_at	2.35e-01	1.35e-02	2.5460123	-3.10425	0.24020014	10813_at
9619_at	2.35e-01	1.36e-02	2.5436936	-3.10933	0.55160718	9619_at
8178_at	2.35e-01	1.36e-02	-2.5433747	-3.11003	-0.2261159	8178_at
10537_at	2.35e-01	1.36e-02	2.5432204	-3.11037	1.31287193	10537_at
844_at	2.35e-01	1.36e-02	-2.5431391	-3.11055	-0.30257945	844_at
55740_at	2.35e-01	1.36e-02	2.5431226	-3.11059	0.35338602	55740_at
9978_at	2.35e-01	1.37e-02	2.5413391	-3.1145	0.33398398	9978_at
2778_at	2.35e-01	1.37e-02	2.540821	-3.11563	0.32144864	2778_at
9636_at	2.35e-01	1.37e-02	2.540769	-3.11575	1.55218568	9636_at
3600_at	2.35e-01	1.37e-02	2.5399417	-3.11756	0.25528411	3600_at
2528_at	2.35e-01	1.37e-02	2.5394776	-3.11858	0.53325801	2528_at
8460_at	2.35e-01	1.38e-02	2.5386437	-3.1204	0.49171961	8460_at
3841_at	2.35e-01	1.38e-02	-2.5386019	-3.1205	-0.20628323	3841_at
64218_at	2.35e-01	1.38e-02	-2.5380397	-3.12173	-0.29812872	64218_at
58497_at	2.35e-01	1.38e-02	2.5380211	-3.12177	0.23971301	58497_at
9733_at	2.35e-01	1.38e-02	2.5377434	-3.12238	0.21916269	9733_at
6430_at	2.36e-01	1.38e-02	-2.5366543	-3.12476	-0.4011124	6430_at
60558_at	2.36e-01	1.39e-02	-2.5358477	-3.12653	-0.28830425	60558_at
8674_at	2.37e-01	1.40e-02	-2.5328108	-3.13317	-0.20847661	8674_at
65055_at	2.37e-01	1.40e-02	2.5326301	-3.13356	0.52776728	65055_at
1519_at	2.38e-01	1.40e-02	2.531104	-3.1369	0.39628184	1519_at
3113_at	2.38e-01	1.41e-02	2.5297267	-3.13991	1.36238564	3113_at
64376_at	2.38e-01	1.41e-02	-2.5294703	-3.14047	-0.2512768	64376_at
25836_at	2.38e-01	1.41e-02	2.5292269	-3.141	0.21649333	25836_at
22909_at	2.38e-01	1.41e-02	2.5289579	-3.14159	0.28827458	22909_at
55830_at	2.39e-01	1.42e-02	2.5258309	-3.14841	0.28212093	55830_at
9513_at	2.39e-01	1.43e-02	-2.5247137	-3.15085	-0.22467887	9513_at
23387_at	2.39e-01	1.43e-02	-2.5244493	-3.15143	-0.22607521	23387_at
8360_at	2.40e-01	1.43e-02	-2.5236521	-3.15316	-0.34337085	8360_at
4646_at	2.40e-01	1.43e-02	2.5226918	-3.15526	0.32669663	4646_at
3137_at	2.40e-01	1.44e-02	2.5218832	-3.15702	0.7095991	3137_at
7301_at	2.41e-01	1.44e-02	-2.5203766	-3.1603	-0.34609137	7301_at
64755_at	2.41e-01	1.44e-02	-2.5199717	-3.16118	-0.245936	64755_at
4082_at	2.41e-01	1.45e-02	2.51909	-3.1631	0.59034308	4082_at
6890_at	2.41e-01	1.45e-02	2.5174615	-3.16665	0.70333061	6890_at
11259_at	2.41e-01	1.46e-02	-2.517032	-3.16758	-0.5496117	11259_at
972_at	2.41e-01	1.46e-02	2.5164808	-3.16878	0.95801508	972_at
81848_at	2.41e-01	1.46e-02	-2.5154119	-3.1711	-0.41819238	81848_at
64318_at	2.41e-01	1.46e-02	2.5153785	-3.17118	0.42253954	64318_at
5981_at	2.41e-01	1.46e-02	2.5147191	-3.17261	0.20898613	5981_at
213_at	2.42e-01	1.47e-02	-2.513836	-3.17453	-2.24259887	213_at
3716_at	2.42e-01	1.47e-02	2.5122739	-3.17792	0.49813798	3716_at
51227_at	2.42e-01	1.47e-02	-2.5120331	-3.17845	-0.29677506	51227_at
9907_at	2.42e-01	1.48e-02	2.5096511	-3.18362	0.21666799	9907_at
9976_at	2.42e-01	1.49e-02	2.5090633	-3.1849	0.8606781	9976_at
5394_at	2.42e-01	1.49e-02	2.5087816	-3.18551	0.45396066	5394_at
9324_at	2.42e-01	1.49e-02	2.5087311	-3.18562	0.32577772	9324_at
4316_at	2.42e-01	1.49e-02	2.5084255	-3.18628	2.12923923	4316_at
3217_at	2.42e-01	1.49e-02	2.5082224	-3.18672	0.4277659	3217_at
375057_at	2.42e-01	1.49e-02	-2.5079179	-3.18738	-0.32919073	375057_at
3703_at	2.42e-01	1.49e-02	2.5072608	-3.18881	0.43136047	3703_at
51015_at	2.43e-01	1.50e-02	-2.5052449	-3.19318	-0.49895363	51015_at
64747_at	2.44e-01	1.50e-02	2.5040202	-3.19583	0.30746641	64747_at
23517_at	2.44e-01	1.51e-02	2.5029041	-3.19825	0.28904756	23517_at
4515_at	2.44e-01	1.51e-02	-2.5020827	-3.20003	-0.20641661	4515_at
10038_at	2.44e-01	1.51e-02	2.5016409	-3.20098	0.25534067	10038_at
9194_at	2.45e-01	1.52e-02	-2.5000739	-3.20437	-0.33553213	9194_at
140803_at	2.46e-01	1.53e-02	-2.4985276	-3.20772	-0.32883088	140803_at
2555_at	2.46e-01	1.53e-02	-2.4966547	-3.21177	-0.25596867	2555_at
7474_at	2.46e-01	1.53e-02	-2.496445	-3.21222	-0.35714296	7474_at
4117_at	2.46e-01	1.53e-02	-2.4963003	-3.21254	-0.22207318	4117_at
60559_at	2.46e-01	1.54e-02	-2.4959084	-3.21338	-0.36437442	60559_at
10738_at	2.46e-01	1.54e-02	-2.4944671	-3.2165	-0.41482538	10738_at
284443_at	2.46e-01	1.54e-02	-2.4940707	-3.21735	-0.25672488	284443_at
8938_at	2.46e-01	1.55e-02	-2.4933173	-3.21898	-0.24507806	8938_at
4436_at	2.46e-01	1.55e-02	2.4922062	-3.22138	0.38609974	4436_at
79752_at	2.46e-01	1.55e-02	-2.4915973	-3.22269	-0.36889193	79752_at
130916_at	2.46e-01	1.55e-02	-2.4911138	-3.22374	-0.2721712	130916_at
10693_at	2.46e-01	1.55e-02	-2.4910994	-3.22377	-0.5166823	10693_at
10163_at	2.46e-01	1.56e-02	2.489593	-3.22702	0.38643999	10163_at
5553_at	2.46e-01	1.56e-02	-2.4892371	-3.22778	-0.29048846	5553_at
26959_at	2.46e-01	1.56e-02	2.4890679	-3.22815	0.27704524	26959_at
23169_at	2.46e-01	1.56e-02	-2.4888384	-3.22864	-0.35984272	23169_at
5578_at	2.46e-01	1.56e-02	-2.4886594	-3.22903	-0.25424169	5578_at
7076_at	2.46e-01	1.56e-02	2.4885132	-3.22934	1.77616527	7076_at
23285_at	2.46e-01	1.57e-02	-2.4877857	-3.23091	-0.21018002	23285_at
23403_at	2.47e-01	1.57e-02	-2.4861983	-3.23433	-0.28762704	23403_at
51619_at	2.47e-01	1.57e-02	-2.4861575	-3.23442	-0.1885576	51619_at
9245_at	2.47e-01	1.58e-02	2.4848184	-3.2373	0.85168797	9245_at
3398_at	2.48e-01	1.59e-02	-2.4830102	-3.2412	-0.67687485	3398_at
7855_at	2.49e-01	1.59e-02	-2.4818321	-3.24373	-0.36976836	7855_at
5879_at	2.49e-01	1.60e-02	2.480042	-3.24758	0.26222515	5879_at
54974_at	2.49e-01	1.60e-02	2.4798115	-3.24808	0.25421143	54974_at
54884_at	2.51e-01	1.61e-02	2.4762109	-3.25581	0.53260745	54884_at
10954_at	2.51e-01	1.62e-02	2.4755934	-3.25714	0.46070103	10954_at
89874_at	2.51e-01	1.62e-02	-2.4753395	-3.25768	-0.22621991	89874_at
26017_at	2.51e-01	1.62e-02	2.4743833	-3.25974	0.22699402	26017_at
7786_at	2.51e-01	1.62e-02	-2.4741075	-3.26033	-0.25547482	7786_at
51307_at	2.51e-01	1.62e-02	2.4737424	-3.26111	0.2966538	51307_at
79959_at	2.51e-01	1.63e-02	2.4726666	-3.26342	0.25030318	79959_at
1269_at	2.51e-01	1.63e-02	-2.4723209	-3.26416	-0.32998252	1269_at
5360_at	2.51e-01	1.63e-02	2.4717424	-3.2654	1.31109848	5360_at
4938_at	2.52e-01	1.64e-02	2.4701733	-3.26877	0.8826314	4938_at
345_at	2.52e-01	1.64e-02	-2.4688593	-3.27158	-1.54035266	345_at
4690_at	2.52e-01	1.65e-02	2.4685749	-3.27219	0.39721092	4690_at
8448_at	2.52e-01	1.65e-02	-2.4685446	-3.27225	-0.2536518	8448_at
57821_at	2.53e-01	1.66e-02	2.4658922	-3.27793	0.39822833	57821_at
5020_at	2.53e-01	1.66e-02	-2.4653079	-3.27918	-0.39855402	5020_at
83696_at	2.53e-01	1.66e-02	-2.4651575	-3.27951	-0.18613868	83696_at
7942_at	2.53e-01	1.66e-02	-2.464685	-3.28052	-0.22715219	7942_at
2993_at	2.53e-01	1.66e-02	-2.4641767	-3.2816	-0.26018586	2993_at
8935_at	2.54e-01	1.67e-02	2.4629906	-3.28414	0.35838753	8935_at
10299_at	2.54e-01	1.67e-02	-2.4627753	-3.2846	-0.25188284	10299_at
27301_at	2.54e-01	1.68e-02	-2.4615362	-3.28725	-0.24765634	27301_at
6256_at	2.54e-01	1.68e-02	-2.4614005	-3.28754	-0.33798228	6256_at
54819_at	2.54e-01	1.68e-02	2.4605924	-3.28927	0.35054188	54819_at
8456_at	2.54e-01	1.68e-02	-2.4605702	-3.28931	-0.25182305	8456_at
9448_at	2.54e-01	1.68e-02	2.4601555	-3.2902	0.42534525	9448_at
8805_at	2.54e-01	1.68e-02	2.4597848	-3.29099	0.44936437	8805_at
440026_at	2.54e-01	1.69e-02	-2.4587292	-3.29325	-0.29563794	440026_at
6844_at	2.54e-01	1.69e-02	-2.4584183	-3.29391	-0.23938762	6844_at
4591_at	2.54e-01	1.69e-02	2.4579892	-3.29482	0.31464957	4591_at
6431_at	2.54e-01	1.69e-02	-2.457946	-3.29492	-0.29071455	6431_at
1718_at	2.54e-01	1.70e-02	2.4567339	-3.2975	0.50486164	1718_at
113251_at	2.54e-01	1.70e-02	-2.4567157	-3.29754	-0.3766551	113251_at
4782_at	2.54e-01	1.70e-02	-2.4552228	-3.30073	-0.23819309	4782_at
1539_at	2.54e-01	1.70e-02	-2.4550195	-3.30116	-0.2230259	1539_at
81563_at	2.54e-01	1.70e-02	-2.4548669	-3.30149	-0.31107756	81563_at
2542_at	2.54e-01	1.71e-02	-2.4542089	-3.30289	-0.63900212	2542_at
55915_at	2.55e-01	1.71e-02	-2.4523598	-3.30683	-0.3645542	55915_at
329_at	2.55e-01	1.72e-02	2.4521285	-3.30732	0.27816308	329_at
29883_at	2.55e-01	1.72e-02	2.4519595	-3.30768	0.2882787	29883_at
2844_at	2.55e-01	1.73e-02	-2.4499644	-3.31193	-0.28059069	2844_at
6615_at	2.55e-01	1.73e-02	-2.449851	-3.31217	-0.2525013	6615_at
8417_at	2.55e-01	1.73e-02	2.4498167	-3.31225	0.29245916	8417_at
6945_at	2.56e-01	1.74e-02	-2.4466033	-3.31908	-0.23145753	6945_at
6050_at	2.56e-01	1.74e-02	2.446217	-3.31991	0.21924363	6050_at
9517_at	2.56e-01	1.74e-02	2.4456838	-3.32104	0.26956518	9517_at
1477_at	2.56e-01	1.74e-02	2.4456102	-3.3212	0.19634791	1477_at
10181_at	2.56e-01	1.75e-02	2.4449923	-3.32251	0.21899356	10181_at
7174_at	2.56e-01	1.75e-02	2.4449299	-3.32264	0.25312395	7174_at
57820_at	2.56e-01	1.75e-02	-2.4446771	-3.32318	-0.49335096	57820_at
4193_at	2.57e-01	1.76e-02	-2.4419156	-3.32905	-0.14667983	4193_at
26586_at	2.57e-01	1.76e-02	2.4418847	-3.32911	0.32465738	26586_at
8916_at	2.57e-01	1.76e-02	-2.4418318	-3.32922	-0.16828656	8916_at
6123_at	2.57e-01	1.76e-02	-2.4414987	-3.32993	-0.23592107	6123_at
4659_at	2.57e-01	1.76e-02	2.4411789	-3.33061	0.30341774	4659_at
27076_at	2.57e-01	1.76e-02	-2.4409838	-3.33102	-0.28912703	27076_at
4122_at	2.57e-01	1.77e-02	-2.4401694	-3.33275	-0.22349277	4122_at
7782_at	2.57e-01	1.77e-02	-2.4394144	-3.33435	-0.24498423	7782_at
25896_at	2.57e-01	1.77e-02	2.4389665	-3.3353	0.18275522	25896_at
3707_at	2.57e-01	1.77e-02	-2.4388575	-3.33554	-0.38574166	3707_at
4352_at	2.58e-01	1.78e-02	-2.4365239	-3.34048	-0.18052516	4352_at
9960_at	2.58e-01	1.79e-02	2.4358205	-3.34197	0.35145645	9960_at
57794_at	2.58e-01	1.79e-02	2.4356463	-3.34234	0.26538259	57794_at
55853_at	2.58e-01	1.79e-02	-2.434207	-3.34539	-0.25006456	55853_at
57122_at	2.58e-01	1.80e-02	2.4341123	-3.34559	0.33622606	57122_at
3988_at	2.59e-01	1.81e-02	2.4306844	-3.35285	0.62286856	3988_at
55422_at	2.59e-01	1.81e-02	-2.4304922	-3.35326	-0.48191837	55422_at
4060_at	2.59e-01	1.81e-02	2.430109	-3.35407	1.35283678	4060_at
57496_at	2.59e-01	1.81e-02	2.4298457	-3.35462	0.32815447	57496_at
285527_at	2.59e-01	1.81e-02	2.4297481	-3.35483	0.28356478	285527_at
55346_at	2.59e-01	1.82e-02	-2.4293998	-3.35557	-0.24501757	55346_at
23352_at	2.59e-01	1.82e-02	2.428988	-3.35644	0.70593482	23352_at
10491_at	2.59e-01	1.82e-02	-2.4281534	-3.3582	-0.27378894	10491_at
6004_at	2.59e-01	1.82e-02	-2.4280828	-3.35835	-0.24995296	6004_at
54555_at	2.61e-01	1.84e-02	2.4242944	-3.36635	0.1889446	54555_at
56943_at	2.61e-01	1.84e-02	2.4236061	-3.3678	0.28935469	56943_at
909_at	2.61e-01	1.84e-02	-2.4234968	-3.36804	-0.3080467	909_at
27241_at	2.61e-01	1.85e-02	2.4230091	-3.36906	0.14544115	27241_at
216_at	2.61e-01	1.85e-02	2.4221721	-3.37083	0.45483513	216_at
6150_at	2.61e-01	1.85e-02	2.4221525	-3.37087	0.34545557	6150_at
10775_at	2.61e-01	1.85e-02	2.4218385	-3.37153	0.22403942	10775_at
10575_at	2.62e-01	1.86e-02	2.4209612	-3.37338	0.216163	10575_at
23205_at	2.62e-01	1.86e-02	-2.4198326	-3.37576	-0.22396238	23205_at
23269_at	2.62e-01	1.86e-02	2.4196988	-3.37605	0.37469434	23269_at
9122_at	2.62e-01	1.87e-02	-2.4185808	-3.3784	-0.44757009	9122_at
3321_at	2.62e-01	1.87e-02	2.4183058	-3.37898	0.33445393	3321_at
379_at	2.63e-01	1.87e-02	-2.4167475	-3.38226	-0.38204923	379_at
26235_at	2.63e-01	1.88e-02	2.4158072	-3.38424	0.32416522	26235_at
79828_at	2.63e-01	1.88e-02	-2.4152217	-3.38548	-0.24116231	79828_at
1192_at	2.63e-01	1.89e-02	2.4141245	-3.38778	0.58851926	1192_at
64397_at	2.63e-01	1.89e-02	2.41372	-3.38863	0.32192402	64397_at
6883_at	2.63e-01	1.89e-02	2.413079	-3.38998	0.26253586	6883_at
3043_at	2.63e-01	1.89e-02	2.4129088	-3.39034	2.25558412	3043_at
23585_at	2.63e-01	1.89e-02	2.4125194	-3.39116	0.33405284	23585_at
474344_at	2.63e-01	1.90e-02	2.411946	-3.39237	0.71526392	474344_at
3354_at	2.63e-01	1.90e-02	-2.411931	-3.3924	-0.29820487	3354_at
23499_at	2.64e-01	1.90e-02	2.4107242	-3.39493	0.44982311	23499_at
7045_at	2.64e-01	1.91e-02	2.409348	-3.39782	1.15503503	7045_at
125893_at	2.64e-01	1.91e-02	2.4091843	-3.39817	0.34803104	125893_at
1630_at	2.64e-01	1.91e-02	-2.4087002	-3.39918	-0.20081961	1630_at
83442_at	2.64e-01	1.92e-02	2.4079374	-3.40079	0.561502	83442_at
1051_at	2.65e-01	1.92e-02	-2.4071032	-3.40254	-0.99161758	1051_at
3615_at	2.65e-01	1.92e-02	2.4061606	-3.40452	0.46309165	3615_at
3621_at	2.65e-01	1.93e-02	-2.4060808	-3.40468	-0.21933303	3621_at
79858_at	2.65e-01	1.93e-02	2.405895	-3.40507	0.27788247	79858_at
51744_at	2.65e-01	1.93e-02	-2.4041639	-3.4087	-0.28930221	51744_at
81033_at	2.65e-01	1.93e-02	-2.4041423	-3.40875	-0.3959461	81033_at
7472_at	2.65e-01	1.94e-02	-2.4023217	-3.41256	-0.27321313	7472_at
79174_at	2.65e-01	1.94e-02	2.4022703	-3.41267	0.36443597	79174_at
11261_at	2.65e-01	1.94e-02	-2.4022395	-3.41274	-0.36206463	11261_at
154796_at	2.65e-01	1.95e-02	2.4017899	-3.41368	0.35462969	154796_at
6571_at	2.66e-01	1.95e-02	-2.3999483	-3.41754	-0.23000049	6571_at
9320_at	2.66e-01	1.96e-02	2.3993472	-3.41879	0.26921672	9320_at
94134_at	2.66e-01	1.96e-02	2.3992832	-3.41893	0.31172198	94134_at
6387_at	2.67e-01	1.97e-02	2.3971344	-3.42343	0.84747792	6387_at
9540_at	2.67e-01	1.97e-02	2.3969299	-3.42385	0.40281834	9540_at
6943_at	2.67e-01	1.97e-02	2.3959917	-3.42581	0.71492984	6943_at
1476_at	2.67e-01	1.97e-02	2.3959243	-3.42596	0.66677548	1476_at
51203_at	2.67e-01	1.98e-02	2.3956359	-3.42656	0.42158237	51203_at
79960_at	2.67e-01	1.98e-02	-2.3954234	-3.427	-0.42341067	79960_at
7412_at	2.68e-01	1.99e-02	2.3936266	-3.43076	1.0472031	7412_at
25865_at	2.69e-01	2.00e-02	2.3916187	-3.43495	0.26914527	25865_at
23059_at	2.69e-01	2.00e-02	2.3912045	-3.43582	0.16912811	23059_at
3158_at	2.69e-01	2.00e-02	-2.3907385	-3.43679	-1.07374212	3158_at
55813_at	2.69e-01	2.00e-02	2.3897945	-3.43876	0.37710066	55813_at
387680_at	2.69e-01	2.01e-02	2.3894397	-3.4395	0.43328214	387680_at
7046_at	2.69e-01	2.01e-02	-2.3890165	-3.44038	-0.28297811	7046_at
57403_at	2.69e-01	2.01e-02	2.3888767	-3.44067	0.24484819	57403_at
1493_at	2.69e-01	2.01e-02	-2.3882118	-3.44206	-0.28477296	1493_at
64400_at	2.69e-01	2.02e-02	2.3876528	-3.44323	0.3121737	64400_at
6282_at	2.69e-01	2.02e-02	2.3872857	-3.44399	0.94201521	6282_at
5176_at	2.71e-01	2.03e-02	2.3838472	-3.45116	1.20460992	5176_at
2314_at	2.71e-01	2.04e-02	2.3836066	-3.45166	0.30140983	2314_at
27042_at	2.71e-01	2.04e-02	2.3831634	-3.45258	0.19718362	27042_at
10363_at	2.72e-01	2.05e-02	2.3810573	-3.45696	0.27895566	10363_at
79155_at	2.72e-01	2.05e-02	-2.3808389	-3.45742	-0.32862342	79155_at
10095_at	2.73e-01	2.06e-02	2.3789842	-3.46127	1.00047132	10095_at
5859_at	2.73e-01	2.06e-02	2.3782824	-3.46273	0.29590208	5859_at
79228_at	2.74e-01	2.07e-02	2.3770958	-3.4652	0.38981391	79228_at
10130_at	2.74e-01	2.07e-02	2.3765886	-3.46625	0.39259034	10130_at
55640_at	2.74e-01	2.08e-02	2.3756546	-3.46819	0.25829621	55640_at
1737_at	2.74e-01	2.08e-02	-2.3751335	-3.46927	-0.35186494	1737_at
81849_at	2.74e-01	2.08e-02	-2.3744297	-3.47073	-0.19199973	81849_at
839_at	2.75e-01	2.09e-02	2.3726494	-3.47443	0.33408672	839_at
715_at	2.76e-01	2.10e-02	2.3713596	-3.4771	1.16147717	715_at
9252_at	2.76e-01	2.10e-02	-2.3708694	-3.47812	-0.22421146	9252_at
7205_at	2.76e-01	2.11e-02	2.3695393	-3.48088	0.41304837	7205_at
23480_at	2.76e-01	2.11e-02	2.3693	-3.48137	0.33787349	23480_at
58517_at	2.77e-01	2.12e-02	2.3678137	-3.48445	0.19807462	58517_at
6000_at	2.78e-01	2.13e-02	-2.3659007	-3.48841	-0.84217612	6000_at
1603_at	2.78e-01	2.13e-02	2.3657671	-3.48869	0.23395358	1603_at
7050_at	2.79e-01	2.14e-02	2.3637458	-3.49287	0.55417739	7050_at
4638_at	2.79e-01	2.14e-02	2.3629955	-3.49442	0.50874844	4638_at
397_at	2.79e-01	2.15e-02	2.3622559	-3.49595	1.0355011	397_at
23190_at	2.79e-01	2.15e-02	2.3619657	-3.49655	0.24180585	23190_at
7259_at	2.79e-01	2.15e-02	-2.3616174	-3.49727	-0.3417157	7259_at
9500_at	2.79e-01	2.15e-02	2.361587	-3.49733	0.25603953	9500_at
6993_at	2.79e-01	2.15e-02	2.3612571	-3.49801	0.32087174	6993_at
79443_at	2.79e-01	2.15e-02	2.3605591	-3.49945	0.30704269	79443_at
8884_at	2.79e-01	2.16e-02	-2.3593153	-3.50202	-0.2285893	8884_at
2327_at	2.79e-01	2.16e-02	2.3589054	-3.50287	0.70767448	2327_at
302_at	2.79e-01	2.17e-02	2.3584289	-3.50385	1.11419743	302_at
55008_at	2.79e-01	2.17e-02	2.3574949	-3.50578	0.92454837	55008_at
55972_at	2.79e-01	2.17e-02	-2.3574223	-3.50593	-0.33356892	55972_at
8382_at	2.79e-01	2.17e-02	2.3573906	-3.506	0.36386617	8382_at
50809_at	2.81e-01	2.18e-02	-2.354999	-3.51093	-0.2293913	50809_at
79729_at	2.81e-01	2.19e-02	-2.3545465	-3.51186	-0.26506383	79729_at
834_at	2.81e-01	2.19e-02	2.3541786	-3.51262	0.74942486	834_at
23329_at	2.82e-01	2.20e-02	-2.3513317	-3.51849	-0.18139077	23329_at
7148_at	2.82e-01	2.21e-02	-2.3511055	-3.51895	-0.20456094	7148_at
3739_at	2.82e-01	2.21e-02	-2.3509465	-3.51928	-0.21349813	3739_at
79661_at	2.82e-01	2.21e-02	-2.3507538	-3.51968	-0.2601771	79661_at
56995_at	2.82e-01	2.21e-02	-2.3500902	-3.52104	-0.22969011	56995_at
7520_at	2.82e-01	2.21e-02	2.3500834	-3.52106	0.33259085	7520_at
7016_at	2.82e-01	2.22e-02	-2.3488117	-3.52367	-0.31092989	7016_at
1524_at	2.83e-01	2.23e-02	2.3474351	-3.5265	1.09479359	1524_at
8837_at	2.85e-01	2.24e-02	-2.3438882	-3.53379	-0.27670693	8837_at
91543_at	2.85e-01	2.25e-02	2.3431256	-3.53536	0.6207302	91543_at
23185_at	2.85e-01	2.25e-02	-2.3425803	-3.53648	-0.14978295	23185_at
10939_at	2.85e-01	2.25e-02	2.3421879	-3.53728	0.27377917	10939_at
4358_at	2.85e-01	2.26e-02	2.341974	-3.53772	0.33123549	4358_at
59343_at	2.85e-01	2.26e-02	-2.3418318	-3.53801	-0.25777527	59343_at
24138_at	2.85e-01	2.26e-02	2.3415875	-3.53852	0.44858928	24138_at
23645_at	2.86e-01	2.27e-02	-2.3397667	-3.54225	-0.25641962	23645_at
57147_at	2.87e-01	2.28e-02	2.3370732	-3.54777	0.19268192	57147_at
23025_at	2.88e-01	2.29e-02	-2.3362519	-3.54945	-0.19116671	23025_at
2035_at	2.88e-01	2.29e-02	-2.3350458	-3.55192	-0.1556016	2035_at
57728_at	2.88e-01	2.30e-02	2.3337916	-3.55449	0.2507216	57728_at
9454_at	2.88e-01	2.30e-02	2.3336353	-3.55481	0.48296885	9454_at
85360_at	2.88e-01	2.30e-02	-2.3330925	-3.55592	-0.20427024	85360_at
81577_at	2.88e-01	2.31e-02	-2.3327641	-3.55659	-0.2310893	81577_at
51279_at	2.88e-01	2.31e-02	2.3323726	-3.55739	0.37887189	51279_at
116496_at	2.88e-01	2.31e-02	2.332129	-3.55789	0.4660846	116496_at
80868_at	2.89e-01	2.32e-02	-2.3303522	-3.56152	-0.29186726	80868_at
28513_at	2.90e-01	2.32e-02	-2.3297254	-3.56281	-0.15592182	28513_at
55062_at	2.90e-01	2.34e-02	-2.3272451	-3.56787	-0.4519325	55062_at
6748_at	2.90e-01	2.34e-02	2.3265953	-3.5692	0.38907054	6748_at
55793_at	2.90e-01	2.34e-02	2.3264619	-3.56947	0.27914694	55793_at
23133_at	2.90e-01	2.34e-02	-2.3259952	-3.57042	-0.18934319	23133_at
7803_at	2.90e-01	2.35e-02	-2.3259589	-3.5705	-0.35234716	7803_at
204851_at	2.90e-01	2.35e-02	-2.3257453	-3.57093	-0.17272462	204851_at
55848_at	2.90e-01	2.35e-02	2.3253961	-3.57165	0.30936613	55848_at
10772_at	2.90e-01	2.35e-02	2.3245506	-3.57337	0.32744233	10772_at
9344_at	2.90e-01	2.35e-02	-2.3244407	-3.5736	-0.1780082	9344_at
2694_at	2.90e-01	2.36e-02	-2.3228364	-3.57687	-0.22339323	2694_at
659_at	2.90e-01	2.36e-02	2.3225588	-3.57743	0.21915672	659_at
1448_at	2.90e-01	2.37e-02	-2.3222952	-3.57797	-0.21197218	1448_at
10129_at	2.90e-01	2.37e-02	-2.3219963	-3.57858	-0.34309832	10129_at
80153_at	2.90e-01	2.37e-02	-2.321414	-3.57977	-0.23484533	80153_at
54504_at	2.90e-01	2.37e-02	2.321249	-3.5801	0.70689342	54504_at
5318_at	2.90e-01	2.37e-02	-2.3211037	-3.5804	-0.28397754	5318_at
2119_at	2.90e-01	2.37e-02	-2.3210622	-3.58048	-0.3620359	2119_at
730227_at	2.90e-01	2.37e-02	-2.3209499	-3.58071	-0.27537671	730227_at
10396_at	2.91e-01	2.38e-02	-2.3201076	-3.58243	-0.20807638	10396_at
9177_at	2.91e-01	2.38e-02	-2.3195451	-3.58357	-0.25796875	9177_at
23412_at	2.91e-01	2.39e-02	2.3184717	-3.58576	0.33089081	23412_at
57669_at	2.91e-01	2.39e-02	-2.3183093	-3.58609	-0.29651835	57669_at
60490_at	2.91e-01	2.39e-02	2.3182914	-3.58612	0.30015141	60490_at
55630_at	2.91e-01	2.39e-02	-2.3179242	-3.58687	-0.57946015	55630_at
9697_at	2.91e-01	2.40e-02	2.316936	-3.58888	0.29689733	9697_at
100507331_at	2.91e-01	2.40e-02	-2.3168929	-3.58897	-0.29720619	100507331_at
27131_at	2.91e-01	2.40e-02	-2.3157794	-3.59123	-0.32648361	27131_at
9868_at	2.92e-01	2.41e-02	2.3140734	-3.5947	0.30636301	9868_at
10964_at	2.92e-01	2.42e-02	2.3129326	-3.59702	1.51265966	10964_at
9813_at	2.92e-01	2.42e-02	-2.3128902	-3.59711	-0.21807794	9813_at
10945_at	2.92e-01	2.42e-02	2.3128485	-3.59719	0.30577227	10945_at
64220_at	2.93e-01	2.43e-02	-2.3116896	-3.59954	-0.55750081	64220_at
54434_at	2.93e-01	2.43e-02	2.3107326	-3.60149	0.1677395	54434_at
5191_at	2.93e-01	2.44e-02	-2.3097951	-3.60339	-0.39044129	5191_at
25842_at	2.93e-01	2.44e-02	2.3096411	-3.6037	0.31624579	25842_at
5475_at	2.93e-01	2.44e-02	-2.309236	-3.60452	-0.3090395	5475_at
55601_at	2.94e-01	2.45e-02	2.3082504	-3.60652	0.74585974	55601_at
6934_at	2.94e-01	2.45e-02	-2.3073095	-3.60843	-0.20593618	6934_at
90410_at	2.94e-01	2.46e-02	2.3059802	-3.61113	0.25803832	90410_at
7805_at	2.94e-01	2.46e-02	2.3057209	-3.61165	1.37538767	7805_at
8074_at	2.94e-01	2.47e-02	-2.3049449	-3.61322	-0.2119534	8074_at
51012_at	2.94e-01	2.47e-02	-2.3047419	-3.61363	-0.39697055	51012_at
29882_at	2.94e-01	2.47e-02	2.3046907	-3.61374	0.25466416	29882_at
6181_at	2.94e-01	2.47e-02	2.3046447	-3.61383	0.51851025	6181_at
5672_at	2.94e-01	2.47e-02	-2.3045996	-3.61392	-0.51181503	5672_at
29901_at	2.94e-01	2.47e-02	2.3043915	-3.61434	0.36385022	29901_at
55909_at	2.94e-01	2.48e-02	2.3030604	-3.61704	0.20397972	55909_at
27235_at	2.94e-01	2.48e-02	2.3026302	-3.61791	0.41811247	27235_at
1278_at	2.94e-01	2.49e-02	2.302082	-3.61902	1.20627258	1278_at
10298_at	2.94e-01	2.49e-02	-2.301825	-3.61954	-0.19674367	10298_at
23753_at	2.94e-01	2.49e-02	2.3015314	-3.62013	0.469575	23753_at
4826_at	2.94e-01	2.49e-02	-2.3014542	-3.62029	-0.27274916	4826_at
10550_at	2.94e-01	2.49e-02	2.3010386	-3.62113	0.53717525	10550_at
55092_at	2.95e-01	2.50e-02	2.299259	-3.62473	0.33842652	55092_at
929_at	2.95e-01	2.51e-02	2.298643	-3.62597	0.90447502	929_at
112611_at	2.95e-01	2.51e-02	2.2985849	-3.62609	0.24975982	112611_at
79094_at	2.95e-01	2.51e-02	-2.2979319	-3.62741	-0.29568897	79094_at
29965_at	2.95e-01	2.51e-02	2.2977285	-3.62782	0.25309526	29965_at
5947_at	2.95e-01	2.52e-02	2.2970322	-3.62923	0.62456936	5947_at
7529_at	2.95e-01	2.52e-02	2.2968412	-3.62961	0.29031453	7529_at
8807_at	2.95e-01	2.52e-02	-2.2964471	-3.63041	-0.23717253	8807_at
2135_at	2.96e-01	2.53e-02	2.2948075	-3.63372	0.25131502	2135_at
125_at	2.96e-01	2.53e-02	2.2946109	-3.63412	1.15135433	125_at
1591_at	2.97e-01	2.54e-02	2.2935299	-3.6363	1.59383347	1591_at
49855_at	2.97e-01	2.54e-02	-2.2926142	-3.63814	-0.21015278	49855_at
5128_at	2.97e-01	2.55e-02	-2.2920729	-3.63924	-0.1959625	5128_at
8660_at	2.97e-01	2.55e-02	-2.2906809	-3.64204	-0.28671074	8660_at
22873_at	2.97e-01	2.55e-02	-2.290626	-3.64215	-0.30942822	22873_at
5816_at	2.97e-01	2.56e-02	-2.2901505	-3.64311	-1.23558927	5816_at
6866_at	2.97e-01	2.56e-02	-2.2894209	-3.64458	-0.35587735	6866_at
7596_at	2.97e-01	2.56e-02	2.2893393	-3.64474	0.25293507	7596_at
51131_at	2.97e-01	2.57e-02	2.2881783	-3.64708	0.43933979	51131_at
8678_at	2.97e-01	2.57e-02	2.2881627	-3.64711	0.22280464	8678_at
51322_at	2.97e-01	2.57e-02	2.2880959	-3.64725	0.20840697	51322_at
1579_at	2.97e-01	2.57e-02	-2.2879958	-3.64745	-0.88911313	1579_at
54872_at	2.97e-01	2.57e-02	2.2877856	-3.64787	0.38215876	54872_at
9702_at	2.97e-01	2.57e-02	2.287752	-3.64794	0.25621989	9702_at
6259_at	2.98e-01	2.58e-02	2.2863885	-3.65068	0.24732305	6259_at
10561_at	2.98e-01	2.59e-02	2.284987	-3.6535	1.20135377	10561_at
2974_at	2.98e-01	2.59e-02	-2.2848775	-3.65372	-0.2799581	2974_at
26058_at	2.98e-01	2.59e-02	2.284471	-3.65454	0.16227804	26058_at
2956_at	2.99e-01	2.60e-02	2.2826068	-3.65829	0.30875726	2956_at
51634_at	2.99e-01	2.61e-02	2.2818509	-3.65981	0.24320254	51634_at
55860_at	3.00e-01	2.61e-02	2.2809981	-3.66152	0.24821805	55860_at
80149_at	3.00e-01	2.62e-02	-2.2806415	-3.66224	-0.34336485	80149_at
9989_at	3.00e-01	2.62e-02	2.2794849	-3.66456	0.45269653	9989_at
53905_at	3.00e-01	2.63e-02	-2.2790411	-3.66545	-0.26408776	53905_at
51213_at	3.00e-01	2.63e-02	-2.2789477	-3.66564	-0.22859382	51213_at
2128_at	3.00e-01	2.63e-02	-2.2787624	-3.66601	-0.36653912	2128_at
3280_at	3.00e-01	2.63e-02	-2.2786512	-3.66623	-0.39258827	3280_at
8321_at	3.00e-01	2.63e-02	2.2782327	-3.66707	0.38763216	8321_at
10253_at	3.01e-01	2.65e-02	-2.2761422	-3.67126	-0.32712213	10253_at
55819_at	3.01e-01	2.65e-02	2.2760889	-3.67137	0.24654852	55819_at
56984_at	3.01e-01	2.65e-02	2.2747557	-3.67404	0.23146344	56984_at
8560_at	3.01e-01	2.66e-02	2.2732671	-3.67702	0.32144721	8560_at
55614_at	3.01e-01	2.66e-02	2.2732548	-3.67705	0.28328357	55614_at
29062_at	3.01e-01	2.66e-02	-2.2731907	-3.67718	-0.28354446	29062_at
8859_at	3.01e-01	2.66e-02	2.2731013	-3.67735	0.70289694	8859_at
56061_at	3.01e-01	2.67e-02	2.2726338	-3.67829	0.3519717	56061_at
9489_at	3.01e-01	2.67e-02	2.2725724	-3.67841	0.20810659	9489_at
3815_at	3.01e-01	2.67e-02	-2.2725023	-3.67855	-0.72456001	3815_at
87_at	3.01e-01	2.67e-02	2.2721424	-3.67927	0.88140592	87_at
56941_at	3.01e-01	2.67e-02	-2.2720335	-3.67949	-0.17702036	56941_at
3855_at	3.01e-01	2.67e-02	2.2719697	-3.67962	0.84627306	3855_at
4311_at	3.02e-01	2.69e-02	-2.2699386	-3.68368	-0.98390704	4311_at
778_at	3.02e-01	2.69e-02	-2.2698932	-3.68377	-0.29166348	778_at
54546_at	3.02e-01	2.69e-02	-2.2693559	-3.68485	-0.83434603	54546_at
1191_at	3.02e-01	2.69e-02	2.2685714	-3.68642	1.11646756	1191_at
80025_at	3.02e-01	2.70e-02	2.2676896	-3.68818	0.26006852	80025_at
10055_at	3.02e-01	2.70e-02	2.2675274	-3.6885	0.3838519	10055_at
51231_at	3.02e-01	2.70e-02	2.267032	-3.68949	0.25681435	51231_at
51129_at	3.02e-01	2.71e-02	-2.2661971	-3.69116	-0.29327169	51129_at
3109_at	3.02e-01	2.71e-02	2.2660107	-3.69153	0.82841694	3109_at
26228_at	3.03e-01	2.72e-02	-2.2650673	-3.69342	-0.83912205	26228_at
3263_at	3.03e-01	2.72e-02	-2.2644025	-3.69475	-0.23469212	3263_at
51347_at	3.03e-01	2.72e-02	2.2638258	-3.6959	0.32503463	51347_at
8915_at	3.03e-01	2.73e-02	-2.2636743	-3.6962	-0.36069373	8915_at
56911_at	3.04e-01	2.74e-02	2.2618605	-3.69982	0.35408669	56911_at
728448_at	3.04e-01	2.74e-02	-2.2614399	-3.70066	-0.2476109	728448_at
10665_at	3.04e-01	2.74e-02	-2.2611321	-3.70127	-0.17494076	10665_at
269_at	3.04e-01	2.75e-02	-2.2606691	-3.70219	-0.27785108	269_at
4204_at	3.04e-01	2.75e-02	-2.2605644	-3.7024	-0.16094013	4204_at
9796_at	3.04e-01	2.75e-02	-2.2604033	-3.70272	-0.320293	9796_at
25778_at	3.04e-01	2.75e-02	2.2598736	-3.70378	0.17201857	25778_at
1353_at	3.04e-01	2.75e-02	-2.2596189	-3.70428	-0.25336342	1353_at
5725_at	3.04e-01	2.76e-02	2.2586055	-3.7063	0.23978852	5725_at
80005_at	3.04e-01	2.76e-02	-2.2582385	-3.70703	-0.22852297	80005_at
6045_at	3.05e-01	2.77e-02	-2.2565438	-3.71041	-0.26357139	6045_at
6954_at	3.06e-01	2.78e-02	-2.2555497	-3.71239	-0.26218049	6954_at
54919_at	3.07e-01	2.80e-02	2.2524689	-3.71851	0.23331652	54919_at
7531_at	3.07e-01	2.80e-02	-2.2521807	-3.71908	-0.34385822	7531_at
54477_at	3.07e-01	2.81e-02	2.2516906	-3.72006	0.56183828	54477_at
481_at	3.07e-01	2.81e-02	-2.251427	-3.72058	-0.27480881	481_at
6434_at	3.07e-01	2.81e-02	2.2508386	-3.72175	0.22886152	6434_at
9411_at	3.07e-01	2.81e-02	2.2507195	-3.72199	0.57880572	9411_at
79602_at	3.08e-01	2.82e-02	-2.2497319	-3.72395	-0.24079637	79602_at
81034_at	3.09e-01	2.83e-02	-2.2478213	-3.72774	-0.40938814	81034_at
9487_at	3.09e-01	2.84e-02	-2.2471183	-3.72913	-0.31877139	9487_at
4682_at	3.10e-01	2.84e-02	2.2460884	-3.73118	0.26099824	4682_at
10916_at	3.10e-01	2.85e-02	2.2453476	-3.73264	0.21967938	10916_at
3954_at	3.10e-01	2.85e-02	-2.2445906	-3.73415	-0.25301934	3954_at
9520_at	3.11e-01	2.86e-02	2.2436999	-3.73591	0.19763833	9520_at
79915_at	3.11e-01	2.87e-02	-2.2426983	-3.73789	-0.26865244	79915_at
4300_at	3.11e-01	2.87e-02	2.2419496	-3.73938	0.25942398	4300_at
2005_at	3.11e-01	2.87e-02	-2.2418506	-3.73957	-0.1607842	2005_at
7556_at	3.12e-01	2.88e-02	-2.240655	-3.74194	-0.19219413	7556_at
55885_at	3.13e-01	2.89e-02	-2.2392793	-3.74466	-0.40045628	55885_at
83449_at	3.13e-01	2.89e-02	-2.2386081	-3.74599	-0.25854353	83449_at
171546_at	3.13e-01	2.91e-02	-2.2367255	-3.74971	-0.24428773	171546_at
1982_at	3.13e-01	2.91e-02	2.2363321	-3.75048	0.25140237	1982_at
25926_at	3.13e-01	2.91e-02	2.2362351	-3.75067	0.3232195	25926_at
5082_at	3.13e-01	2.91e-02	2.2361418	-3.75086	0.18451994	5082_at
9531_at	3.13e-01	2.91e-02	-2.2361344	-3.75087	-0.49363681	9531_at
1084_at	3.14e-01	2.92e-02	-2.2347268	-3.75365	-0.24471389	1084_at
9716_at	3.14e-01	2.92e-02	2.2345502	-3.754	0.23913696	9716_at
388_at	3.15e-01	2.93e-02	-2.2327717	-3.75751	-0.69699316	388_at
79789_at	3.15e-01	2.94e-02	-2.232609	-3.75783	-0.37501853	79789_at
8170_at	3.15e-01	2.94e-02	-2.2315372	-3.75995	-0.20708622	8170_at
55567_at	3.15e-01	2.95e-02	-2.2308734	-3.76126	-0.25047829	55567_at
3851_at	3.15e-01	2.96e-02	-2.2297643	-3.76344	-0.26131566	3851_at
51266_at	3.15e-01	2.96e-02	-2.2291402	-3.76467	-0.21591756	51266_at
6865_at	3.15e-01	2.96e-02	-2.2290014	-3.76494	-0.2680779	6865_at
1981_at	3.15e-01	2.96e-02	2.2289136	-3.76512	0.24550646	1981_at
51327_at	3.15e-01	2.96e-02	-2.2288755	-3.76519	-0.21505541	51327_at
1635_at	3.15e-01	2.96e-02	2.2284855	-3.76596	0.26312444	1635_at
27090_at	3.15e-01	2.97e-02	2.2283686	-3.76619	0.33301518	27090_at
50488_at	3.15e-01	2.97e-02	-2.2279914	-3.76693	-0.17456966	50488_at
1045_at	3.16e-01	2.97e-02	-2.2270992	-3.76869	-0.27894008	1045_at
53340_at	3.16e-01	2.98e-02	2.2258525	-3.77114	0.35488658	53340_at
56660_at	3.16e-01	2.98e-02	-2.2255943	-3.77165	-0.18115349	56660_at
79170_at	3.17e-01	2.99e-02	-2.2243295	-3.77414	-0.43380845	79170_at
57007_at	3.17e-01	3.00e-02	-2.2238316	-3.77512	-0.51388258	57007_at
54494_at	3.17e-01	3.00e-02	-2.2238238	-3.77513	-0.58277126	54494_at
28755_at	3.17e-01	3.00e-02	2.2236499	-3.77548	0.85161076	28755_at
10213_at	3.17e-01	3.00e-02	2.2233469	-3.77607	0.2879927	10213_at
57608_at	3.17e-01	3.00e-02	2.2231229	-3.77651	0.27188304	57608_at
2975_at	3.17e-01	3.00e-02	-2.2227738	-3.7772	-0.23800406	2975_at
23677_at	3.17e-01	3.01e-02	-2.2218177	-3.77908	-0.47080346	23677_at
8790_at	3.17e-01	3.01e-02	2.2217987	-3.77911	0.33368753	8790_at
8161_at	3.17e-01	3.01e-02	2.2215051	-3.77969	0.24398545	8161_at
23568_at	3.17e-01	3.01e-02	2.2213809	-3.77993	0.20223756	23568_at
9701_at	3.18e-01	3.03e-02	-2.219076	-3.78446	-0.23522527	9701_at
26664_at	3.18e-01	3.03e-02	-2.2188216	-3.78496	-0.19639742	26664_at
51471_at	3.18e-01	3.04e-02	2.2183921	-3.7858	0.99098076	51471_at
6605_at	3.18e-01	3.04e-02	2.2182524	-3.78608	0.36954157	6605_at
79902_at	3.18e-01	3.04e-02	2.2173325	-3.78788	0.41163096	79902_at
7057_at	3.18e-01	3.04e-02	2.2172159	-3.78811	0.47717676	7057_at
267_at	3.18e-01	3.05e-02	-2.2168985	-3.78873	-0.5854738	267_at
23120_at	3.18e-01	3.05e-02	-2.2167484	-3.78903	-0.31468032	23120_at
25782_at	3.18e-01	3.05e-02	2.2161708	-3.79016	0.16654055	25782_at
1652_at	3.18e-01	3.06e-02	2.2154625	-3.79155	0.45478254	1652_at
9650_at	3.18e-01	3.06e-02	-2.2151653	-3.79213	-0.38726197	9650_at
7013_at	3.18e-01	3.06e-02	2.214704	-3.79303	0.28013833	7013_at
4628_at	3.18e-01	3.07e-02	2.2143505	-3.79373	0.23332799	4628_at
7270_at	3.18e-01	3.07e-02	2.2137242	-3.79495	0.25796773	7270_at
107_at	3.18e-01	3.07e-02	-2.2132614	-3.79586	-0.20320978	107_at
50506_at	3.18e-01	3.08e-02	-2.2129834	-3.7964	-0.18788379	50506_at
1859_at	3.18e-01	3.08e-02	-2.2128092	-3.79674	-0.13030154	1859_at
25992_at	3.18e-01	3.08e-02	-2.2124526	-3.79744	-0.1741306	25992_at
55031_at	3.18e-01	3.08e-02	2.2122333	-3.79787	0.27550569	55031_at
25977_at	3.18e-01	3.08e-02	-2.2120428	-3.79824	-0.28435242	25977_at
389_at	3.18e-01	3.09e-02	2.2115018	-3.7993	0.29094245	389_at
79136_at	3.18e-01	3.09e-02	-2.211388	-3.79953	-0.22544986	79136_at
3281_at	3.18e-01	3.10e-02	2.2102102	-3.80183	0.26970529	3281_at
7913_at	3.18e-01	3.10e-02	2.2101399	-3.80197	0.3532718	7913_at
55096_at	3.19e-01	3.10e-02	-2.2095139	-3.80319	-0.25333538	55096_at
5692_at	3.19e-01	3.10e-02	2.2090595	-3.80408	0.1697477	5692_at
51562_at	3.19e-01	3.11e-02	-2.2082105	-3.80574	-0.22056363	51562_at
55689_at	3.19e-01	3.11e-02	2.2081317	-3.80589	0.29737848	55689_at
7318_at	3.19e-01	3.11e-02	2.2075978	-3.80694	0.24862997	7318_at
11079_at	3.19e-01	3.12e-02	2.2075225	-3.80708	0.20454164	11079_at
10714_at	3.19e-01	3.12e-02	-2.2066972	-3.8087	-0.62318815	10714_at
4253_at	3.19e-01	3.12e-02	-2.2063536	-3.80937	-0.19526117	4253_at
28999_at	3.19e-01	3.13e-02	-2.2060064	-3.81005	-0.30185719	28999_at
910_at	3.19e-01	3.13e-02	-2.2050479	-3.81192	-0.25674057	910_at
23344_at	3.19e-01	3.14e-02	2.2039899	-3.81398	0.57101372	23344_at
9342_at	3.19e-01	3.14e-02	2.2038641	-3.81423	0.31153421	9342_at
25974_at	3.19e-01	3.14e-02	-2.2037812	-3.81439	-0.24501277	25974_at
2915_at	3.19e-01	3.14e-02	-2.2037684	-3.81441	-0.15864625	2915_at
10581_at	3.19e-01	3.15e-02	2.2033469	-3.81524	0.92185016	10581_at
79366_at	3.19e-01	3.15e-02	-2.2028028	-3.8163	-0.17299732	79366_at
8187_at	3.19e-01	3.15e-02	-2.202602	-3.81669	-0.28478865	8187_at
55608_at	3.19e-01	3.15e-02	-2.2024227	-3.81704	-0.3123548	55608_at
2628_at	3.19e-01	3.16e-02	-2.2019141	-3.81803	-0.5705418	2628_at
4495_at	3.19e-01	3.16e-02	-2.2017163	-3.81842	-0.71209501	4495_at
203_at	3.19e-01	3.16e-02	2.2016769	-3.81849	0.21776093	203_at
2760_at	3.19e-01	3.16e-02	2.2015516	-3.81874	0.22537563	2760_at
79415_at	3.19e-01	3.16e-02	2.2011239	-3.81957	0.36154873	79415_at
190_at	3.20e-01	3.17e-02	-2.1998136	-3.82213	-0.16850062	190_at
5864_at	3.20e-01	3.18e-02	-2.1992238	-3.82327	-0.2267339	5864_at
5284_at	3.20e-01	3.18e-02	2.1988638	-3.82398	0.76788191	5284_at
6645_at	3.20e-01	3.18e-02	2.1982981	-3.82508	0.48396682	6645_at
54970_at	3.21e-01	3.19e-02	2.1971776	-3.82726	0.37986754	54970_at
55851_at	3.21e-01	3.20e-02	2.1962039	-3.82915	0.32735619	55851_at
8532_at	3.21e-01	3.20e-02	-2.1961534	-3.82925	-0.23342967	8532_at
1743_at	3.21e-01	3.21e-02	-2.19538	-3.83076	-0.46077102	1743_at
90956_at	3.21e-01	3.21e-02	-2.1951332	-3.83124	-0.14250472	90956_at
22881_at	3.21e-01	3.21e-02	2.1951092	-3.83128	0.25138658	22881_at
55768_at	3.21e-01	3.21e-02	2.1947413	-3.832	0.24170346	55768_at
10313_at	3.21e-01	3.21e-02	2.1946733	-3.83213	0.31471783	10313_at
51755_at	3.21e-01	3.22e-02	-2.1934679	-3.83447	-0.12952901	51755_at
51284_at	3.21e-01	3.22e-02	2.1933558	-3.83469	0.29868472	51284_at
10125_at	3.21e-01	3.23e-02	2.1926422	-3.83608	0.54409347	10125_at
23359_at	3.21e-01	3.23e-02	-2.1922618	-3.83682	-0.23299658	23359_at
81617_at	3.21e-01	3.23e-02	-2.1922007	-3.83694	-0.24621283	81617_at
7707_at	3.21e-01	3.23e-02	2.1920945	-3.83714	0.27648691	7707_at
5017_at	3.21e-01	3.23e-02	-2.1918916	-3.83754	-0.27908088	5017_at
4188_at	3.21e-01	3.23e-02	-2.1918604	-3.8376	-0.19319415	4188_at
8496_at	3.21e-01	3.24e-02	2.1904099	-3.84041	0.49470261	8496_at
8277_at	3.21e-01	3.25e-02	-2.1901118	-3.84099	-0.18616496	8277_at
1397_at	3.22e-01	3.25e-02	2.1895677	-3.84205	0.67592099	1397_at
8872_at	3.22e-01	3.25e-02	2.1890733	-3.84301	0.27496253	8872_at
744_at	3.22e-01	3.26e-02	-2.1886608	-3.84381	-0.26217699	744_at
23046_at	3.22e-01	3.26e-02	-2.1882247	-3.84465	-0.25277441	23046_at
5610_at	3.22e-01	3.26e-02	2.1876907	-3.84569	0.32134357	5610_at
5687_at	3.22e-01	3.27e-02	2.1874932	-3.84607	0.38821854	5687_at
575_at	3.22e-01	3.27e-02	-2.186348	-3.84829	-0.21631802	575_at
2729_at	3.22e-01	3.28e-02	-2.1854984	-3.84994	-0.39646527	2729_at
3959_at	3.22e-01	3.28e-02	2.1852901	-3.85034	0.57011337	3959_at
9249_at	3.22e-01	3.29e-02	-2.184635	-3.85161	-0.45168789	9249_at
55576_at	3.22e-01	3.29e-02	-2.1844813	-3.85191	-0.30506308	55576_at
219333_at	3.22e-01	3.29e-02	-2.1843148	-3.85223	-0.27524016	219333_at
64446_at	3.22e-01	3.29e-02	-2.1842563	-3.85234	-0.16356077	64446_at
23230_at	3.23e-01	3.30e-02	-2.1830462	-3.85469	-0.29247249	23230_at
9704_at	3.23e-01	3.30e-02	-2.1829467	-3.85488	-0.18176254	9704_at
100505741_at	3.23e-01	3.30e-02	-2.1828643	-3.85504	-0.14659876	100505741_at
114883_at	3.23e-01	3.31e-02	2.1822418	-3.85624	0.28610412	114883_at
5617_at	3.23e-01	3.31e-02	-2.1813247	-3.85802	-0.28436672	5617_at
5447_at	3.23e-01	3.32e-02	-2.1805788	-3.85946	-0.44333561	5447_at
5707_at	3.23e-01	3.32e-02	2.1801657	-3.86026	0.21622963	5707_at
23467_at	3.23e-01	3.32e-02	-2.179869	-3.86083	-0.19698693	23467_at
9184_at	3.23e-01	3.32e-02	2.1798127	-3.86094	0.21799789	9184_at
1122_at	3.23e-01	3.32e-02	-2.1798112	-3.86095	-0.21259794	1122_at
81929_at	3.23e-01	3.33e-02	-2.1791767	-3.86217	-0.33231793	81929_at
5634_at	3.23e-01	3.33e-02	-2.179111	-3.8623	-0.45877835	5634_at
11236_at	3.23e-01	3.33e-02	2.178629	-3.86323	0.27513174	11236_at
3839_at	3.23e-01	3.34e-02	2.1780387	-3.86437	0.27285286	3839_at
79989_at	3.23e-01	3.34e-02	2.1779163	-3.86461	0.22547217	79989_at
10897_at	3.24e-01	3.34e-02	2.1773155	-3.86577	0.33716376	10897_at
23629_at	3.24e-01	3.35e-02	-2.1759343	-3.86844	-0.2019098	23629_at
3665_at	3.24e-01	3.36e-02	2.1753162	-3.86963	0.59534422	3665_at
4217_at	3.24e-01	3.36e-02	-2.174845	-3.87054	-0.36063999	4217_at
2774_at	3.24e-01	3.36e-02	2.1748041	-3.87062	0.20749858	2774_at
5465_at	3.24e-01	3.36e-02	-2.1747301	-3.87076	-0.19459465	5465_at
1381_at	3.24e-01	3.37e-02	-2.1744119	-3.87137	-0.39912276	1381_at
684_at	3.25e-01	3.38e-02	2.1727063	-3.87466	0.86852821	684_at
64344_at	3.25e-01	3.38e-02	-2.1725321	-3.875	-0.19109887	64344_at
5573_at	3.25e-01	3.38e-02	-2.1721969	-3.87565	-0.27127859	5573_at
10179_at	3.25e-01	3.39e-02	2.1718574	-3.8763	0.40059951	10179_at
8702_at	3.25e-01	3.39e-02	2.1708965	-3.87815	0.27218752	8702_at
11129_at	3.25e-01	3.40e-02	-2.170734	-3.87846	-0.25123774	11129_at
734_at	3.25e-01	3.40e-02	-2.1702682	-3.87936	-0.23270811	734_at
441151_at	3.25e-01	3.40e-02	-2.1702539	-3.87939	-0.17220637	441151_at
883_at	3.25e-01	3.40e-02	-2.1701878	-3.87952	-0.30408789	883_at
945_at	3.25e-01	3.40e-02	-2.1701047	-3.87968	-0.31595251	945_at
64210_at	3.25e-01	3.41e-02	2.1695393	-3.88077	0.24563334	64210_at
51236_at	3.25e-01	3.41e-02	-2.1691452	-3.88152	-0.22590371	51236_at
4350_at	3.25e-01	3.41e-02	2.1687717	-3.88224	0.26001698	4350_at
5364_at	3.25e-01	3.41e-02	2.1686058	-3.88256	0.19878785	5364_at
5292_at	3.25e-01	3.42e-02	-2.1682389	-3.88327	-0.28778079	5292_at
27284_at	3.25e-01	3.42e-02	-2.1674895	-3.88471	-0.30979268	27284_at
4137_at	3.25e-01	3.42e-02	-2.1674889	-3.88471	-0.5506719	4137_at
932_at	3.26e-01	3.44e-02	-2.1654885	-3.88856	-0.19170999	932_at
9276_at	3.26e-01	3.44e-02	2.1652293	-3.88906	0.22219927	9276_at
5303_at	3.26e-01	3.44e-02	2.1651043	-3.8893	0.22212642	5303_at
5890_at	3.26e-01	3.44e-02	-2.1647318	-3.89001	-0.14164247	5890_at
1609_at	3.27e-01	3.45e-02	-2.1634777	-3.89242	-0.28012432	1609_at
6281_at	3.27e-01	3.46e-02	2.1622603	-3.89476	0.68927191	6281_at
64111_at	3.27e-01	3.47e-02	-2.1611834	-3.89683	-0.18872223	64111_at
4660_at	3.27e-01	3.47e-02	-2.1611053	-3.89698	-0.22235566	4660_at
7143_at	3.27e-01	3.47e-02	-2.1610499	-3.89709	-0.22610636	7143_at
11080_at	3.27e-01	3.47e-02	2.1609101	-3.89735	0.23714415	11080_at
6382_at	3.27e-01	3.48e-02	-2.1607939	-3.89758	-0.523743	6382_at
29760_at	3.28e-01	3.48e-02	2.1598055	-3.89947	0.64848508	29760_at
862_at	3.28e-01	3.49e-02	2.1586329	-3.90172	0.18466925	862_at
100652931_at	3.28e-01	3.49e-02	-2.1584065	-3.90216	-0.22634892	100652931_at
6046_at	3.28e-01	3.50e-02	2.1581259	-3.90269	0.28854792	6046_at
79682_at	3.28e-01	3.50e-02	2.1580512	-3.90284	0.43218767	79682_at
26280_at	3.28e-01	3.50e-02	-2.1577408	-3.90343	-0.26555863	26280_at
9778_at	3.28e-01	3.51e-02	-2.157123	-3.90462	-0.30342987	9778_at
29078_at	3.28e-01	3.51e-02	-2.1571167	-3.90463	-0.38533073	29078_at
23371_at	3.28e-01	3.51e-02	-2.1568873	-3.90507	-0.3180127	23371_at
3857_at	3.28e-01	3.51e-02	-2.1566047	-3.90561	-0.25623744	3857_at
23112_at	3.29e-01	3.52e-02	2.155507	-3.90771	0.22321021	23112_at
53407_at	3.29e-01	3.53e-02	2.1545467	-3.90955	0.23843673	53407_at
2720_at	3.30e-01	3.54e-02	2.1528486	-3.9128	0.31058525	2720_at
54959_at	3.30e-01	3.54e-02	-2.1526321	-3.91322	-0.23311232	54959_at
23534_at	3.30e-01	3.54e-02	2.1524066	-3.91365	0.21216328	23534_at
51156_at	3.30e-01	3.54e-02	-2.1523986	-3.91366	-0.2028363	51156_at
7957_at	3.30e-01	3.55e-02	-2.1517116	-3.91498	-0.27269868	7957_at
165_at	3.30e-01	3.55e-02	2.1515128	-3.91536	0.64977088	165_at
9538_at	3.30e-01	3.55e-02	2.1514838	-3.91541	0.23405098	9538_at
10186_at	3.30e-01	3.56e-02	2.1509874	-3.91636	0.89211713	10186_at
23373_at	3.30e-01	3.56e-02	-2.1505411	-3.91721	-0.18575134	23373_at
54805_at	3.30e-01	3.56e-02	-2.150112	-3.91803	-0.32150438	54805_at
553115_at	3.30e-01	3.57e-02	2.1496811	-3.91886	0.20435435	553115_at
1830_at	3.30e-01	3.57e-02	-2.1496378	-3.91894	-0.2110063	1830_at
5445_at	3.30e-01	3.57e-02	2.1489762	-3.9202	0.7142116	5445_at
7514_at	3.30e-01	3.57e-02	2.148808	-3.92052	0.326924	7514_at
9048_at	3.30e-01	3.58e-02	-2.1483756	-3.92135	-0.1767531	9048_at
11198_at	3.30e-01	3.58e-02	2.1477547	-3.92254	0.28297354	11198_at
79658_at	3.30e-01	3.59e-02	2.1472045	-3.92359	0.25801539	79658_at
55194_at	3.31e-01	3.60e-02	2.1459617	-3.92596	0.23252991	55194_at
81839_at	3.31e-01	3.60e-02	2.1458169	-3.92623	0.26510776	81839_at
2150_at	3.31e-01	3.60e-02	2.1452694	-3.92728	0.38403851	2150_at
26249_at	3.31e-01	3.60e-02	-2.1450849	-3.92763	-0.63396855	26249_at
3309_at	3.32e-01	3.61e-02	2.1438358	-3.93001	0.45926186	3309_at
3275_at	3.32e-01	3.62e-02	2.1432628	-3.93111	0.12051669	3275_at
55620_at	3.32e-01	3.62e-02	2.1432549	-3.93112	0.45237266	55620_at
4172_at	3.33e-01	3.64e-02	2.1407373	-3.93592	0.2979375	4172_at
64077_at	3.33e-01	3.64e-02	-2.1406921	-3.936	-0.43151332	64077_at
29095_at	3.33e-01	3.64e-02	2.1405635	-3.93625	0.32542564	29095_at
7582_at	3.33e-01	3.65e-02	2.1396449	-3.938	0.31423271	7582_at
57060_at	3.33e-01	3.65e-02	-2.1392937	-3.93866	-0.23034788	57060_at
3107_at	3.33e-01	3.65e-02	2.1392075	-3.93883	0.57156009	3107_at
2627_at	3.33e-01	3.66e-02	-2.1386433	-3.9399	-0.2492307	2627_at
23580_at	3.34e-01	3.67e-02	-2.1371457	-3.94275	-0.16615857	23580_at
11340_at	3.34e-01	3.67e-02	2.1368471	-3.94332	0.33422943	11340_at
10384_at	3.35e-01	3.68e-02	2.135878	-3.94516	0.37313997	10384_at
23589_at	3.35e-01	3.68e-02	2.1356708	-3.94555	0.42719966	23589_at
27075_at	3.35e-01	3.69e-02	2.1350511	-3.94673	0.68721118	27075_at
64231_at	3.35e-01	3.69e-02	2.13439	-3.94799	1.01438928	64231_at
127833_at	3.36e-01	3.70e-02	-2.1332095	-3.95023	-0.30057149	127833_at
4988_at	3.36e-01	3.71e-02	-2.1331334	-3.95037	-0.14638314	4988_at
64793_at	3.36e-01	3.71e-02	-2.1327845	-3.95103	-0.28756557	64793_at
79134_at	3.36e-01	3.71e-02	2.1321412	-3.95225	0.3399834	79134_at
7718_at	3.36e-01	3.71e-02	-2.1320325	-3.95246	-0.33642843	7718_at
51428_at	3.36e-01	3.72e-02	2.1313653	-3.95373	0.22177648	51428_at
843_at	3.36e-01	3.72e-02	-2.1310819	-3.95426	-0.20227533	843_at
80271_at	3.36e-01	3.72e-02	-2.1308932	-3.95462	-0.25464988	80271_at
3157_at	3.36e-01	3.73e-02	-2.1307491	-3.9549	-0.24520892	3157_at
11321_at	3.36e-01	3.73e-02	2.1303897	-3.95558	0.22224376	11321_at
64784_at	3.36e-01	3.74e-02	2.1292798	-3.95768	0.26740079	64784_at
2838_at	3.37e-01	3.74e-02	-2.1287184	-3.95874	-0.23185898	2838_at
56925_at	3.37e-01	3.76e-02	2.1271403	-3.96173	0.46024756	56925_at
79641_at	3.37e-01	3.76e-02	-2.1270002	-3.962	-0.38147221	79641_at
56676_at	3.38e-01	3.77e-02	-2.125828	-3.96422	-0.27600945	56676_at
26002_at	3.38e-01	3.77e-02	2.1255755	-3.9647	0.82311954	26002_at
830_at	3.39e-01	3.78e-02	2.1240859	-3.96751	0.28224516	830_at
51079_at	3.40e-01	3.80e-02	2.1224256	-3.97065	0.21478516	51079_at
26038_at	3.40e-01	3.80e-02	-2.1220727	-3.97132	-0.17651017	26038_at
1777_at	3.40e-01	3.81e-02	2.1213174	-3.97275	0.2388256	1777_at
23607_at	3.40e-01	3.81e-02	2.1209144	-3.97351	0.34812254	23607_at
5362_at	3.40e-01	3.81e-02	-2.1208964	-3.97354	-0.24104674	5362_at
4637_at	3.40e-01	3.81e-02	2.1205548	-3.97419	0.33042629	4637_at
55744_at	3.40e-01	3.82e-02	-2.1199817	-3.97527	-0.15245378	55744_at
25936_at	3.40e-01	3.83e-02	2.1191183	-3.9769	0.25905873	25936_at
7979_at	3.40e-01	3.83e-02	2.1188661	-3.97738	0.24039948	7979_at
10330_at	3.40e-01	3.83e-02	2.1185751	-3.97793	0.21382244	10330_at
57415_at	3.40e-01	3.83e-02	2.1184373	-3.97819	0.36051813	57415_at
54891_at	3.40e-01	3.83e-02	-2.1184019	-3.97825	-0.25391837	54891_at
84656_at	3.40e-01	3.84e-02	-2.1180315	-3.97895	-0.21942826	84656_at
59353_at	3.41e-01	3.85e-02	-2.1162672	-3.98228	-0.19412939	59353_at
8454_at	3.41e-01	3.85e-02	2.1159356	-3.9829	0.28005725	8454_at
6810_at	3.41e-01	3.86e-02	2.1156265	-3.98349	0.31768053	6810_at
81550_at	3.42e-01	3.87e-02	2.1146637	-3.9853	0.1760221	81550_at
10671_at	3.42e-01	3.87e-02	-2.114633	-3.98536	-0.19136847	10671_at
6277_at	3.42e-01	3.87e-02	2.1140673	-3.98643	0.74072911	6277_at
54457_at	3.42e-01	3.87e-02	-2.1136818	-3.98715	-0.18265163	54457_at
55660_at	3.44e-01	3.90e-02	2.1112559	-3.99172	0.21462302	55660_at
7137_at	3.44e-01	3.90e-02	-2.1107918	-3.99259	-0.19307622	7137_at
11127_at	3.44e-01	3.91e-02	2.1100892	-3.99391	0.18833762	11127_at
5680_at	3.44e-01	3.91e-02	-2.1099485	-3.99418	-0.26536804	5680_at
27232_at	3.45e-01	3.92e-02	-2.1084678	-3.99696	-0.30314751	27232_at
713_at	3.45e-01	3.93e-02	2.1079565	-3.99792	1.37385653	713_at
81562_at	3.45e-01	3.93e-02	2.1077251	-3.99836	0.20434011	81562_at
6397_at	3.45e-01	3.93e-02	-2.1076656	-3.99847	-0.29826905	6397_at
27044_at	3.45e-01	3.93e-02	2.1072534	-3.99924	0.21778481	27044_at
4125_at	3.45e-01	3.94e-02	2.1069308	-3.99985	0.46095956	4125_at
65258_at	3.45e-01	3.94e-02	2.1065077	-4.00064	0.22352706	65258_at
5918_at	3.45e-01	3.95e-02	2.1055384	-4.00246	1.18908437	5918_at
55070_at	3.45e-01	3.96e-02	2.1043746	-4.00465	0.25298155	55070_at
79365_at	3.45e-01	3.96e-02	2.104052	-4.00525	0.33844454	79365_at
1208_at	3.45e-01	3.96e-02	-2.1039801	-4.00539	-0.24845807	1208_at
4215_at	3.45e-01	3.96e-02	-2.1038488	-4.00564	-0.19493962	4215_at
79728_at	3.45e-01	3.96e-02	2.1037283	-4.00586	0.25431018	79728_at
80164_at	3.45e-01	3.97e-02	-2.1035224	-4.00625	-0.30945258	80164_at
8021_at	3.45e-01	3.97e-02	2.103237	-4.00678	0.25052143	8021_at
2634_at	3.47e-01	3.99e-02	2.1011596	-4.01068	0.83488679	2634_at
1114_at	3.47e-01	3.99e-02	-2.1007188	-4.0115	-0.56987924	1114_at
274_at	3.47e-01	3.99e-02	-2.1005475	-4.01182	-0.33801348	274_at
5434_at	3.47e-01	4.00e-02	2.100319	-4.01225	0.27621891	5434_at
6776_at	3.47e-01	4.00e-02	-2.1002915	-4.0123	-0.32121159	6776_at
7155_at	3.47e-01	4.00e-02	2.0999158	-4.01301	0.3397339	7155_at
90362_at	3.47e-01	4.01e-02	2.0990354	-4.01466	0.40689849	90362_at
9420_at	3.47e-01	4.01e-02	2.0988392	-4.01502	0.19118084	9420_at
7356_at	3.48e-01	4.02e-02	-2.0977594	-4.01704	-0.19960841	7356_at
10153_at	3.48e-01	4.02e-02	2.0974001	-4.01772	0.26378559	10153_at
6663_at	3.48e-01	4.03e-02	-2.09674	-4.01895	-0.22381378	6663_at
80007_at	3.48e-01	4.03e-02	-2.0966812	-4.01906	-0.19427821	80007_at
84975_at	3.48e-01	4.03e-02	2.0963171	-4.01974	0.28706779	84975_at
9422_at	3.48e-01	4.03e-02	-2.096044	-4.02025	-0.25352894	9422_at
3096_at	3.48e-01	4.04e-02	-2.0958229	-4.02067	-0.21870791	3096_at
1520_at	3.48e-01	4.04e-02	2.0952137	-4.02181	0.75808156	1520_at
25987_at	3.49e-01	4.06e-02	-2.0933653	-4.02526	-0.55383038	25987_at
3713_at	3.50e-01	4.07e-02	-2.0920361	-4.02774	-0.27282535	3713_at
55329_at	3.50e-01	4.08e-02	2.0915659	-4.02862	0.71188335	55329_at
1287_at	3.50e-01	4.08e-02	-2.091139	-4.02942	-0.26177374	1287_at
7283_at	3.50e-01	4.08e-02	-2.0909037	-4.02986	-0.46615159	7283_at
57731_at	3.50e-01	4.09e-02	-2.0902448	-4.03109	-0.2051354	57731_at
8789_at	3.50e-01	4.09e-02	-2.090198	-4.03117	-0.2800264	8789_at
51290_at	3.51e-01	4.10e-02	2.089242	-4.03296	0.42227009	51290_at
7248_at	3.51e-01	4.11e-02	2.0879914	-4.03529	0.22502153	7248_at
1116_at	3.51e-01	4.11e-02	-2.0879852	-4.0353	-0.76194966	1116_at
8989_at	3.51e-01	4.11e-02	-2.0878862	-4.03548	-0.14621618	8989_at
5871_at	3.51e-01	4.11e-02	-2.0878087	-4.03563	-0.24188567	5871_at
51155_at	3.51e-01	4.12e-02	2.0873178	-4.03654	0.68629185	51155_at
7026_at	3.51e-01	4.12e-02	2.0865145	-4.03804	0.27868438	7026_at
1385_at	3.51e-01	4.13e-02	2.0858428	-4.03929	0.22973835	1385_at
58158_at	3.51e-01	4.13e-02	-2.0857078	-4.03954	-0.24256779	58158_at
23466_at	3.51e-01	4.13e-02	2.0853195	-4.04027	0.31454405	23466_at
2352_at	3.51e-01	4.13e-02	-2.0852575	-4.04038	-0.29222808	2352_at
55703_at	3.51e-01	4.14e-02	2.0851308	-4.04062	0.30087135	55703_at
8467_at	3.51e-01	4.14e-02	2.0848942	-4.04106	0.3017092	8467_at
55900_at	3.51e-01	4.14e-02	2.0846721	-4.04147	0.33907538	55900_at
22820_at	3.51e-01	4.14e-02	2.0844874	-4.04181	0.27066173	22820_at
3773_at	3.51e-01	4.14e-02	-2.0844441	-4.0419	-0.28342532	3773_at
9856_at	3.51e-01	4.14e-02	-2.0842913	-4.04218	-0.1834796	9856_at
353_at	3.51e-01	4.15e-02	2.0834915	-4.04367	0.25002486	353_at
495_at	3.51e-01	4.16e-02	-2.082887	-4.04479	-0.24332052	495_at
22924_at	3.51e-01	4.16e-02	-2.0826772	-4.04518	-0.17986629	22924_at
975_at	3.51e-01	4.16e-02	2.0825118	-4.04549	0.41930005	975_at
7798_at	3.51e-01	4.17e-02	-2.0811916	-4.04794	-0.14120925	7798_at
4008_at	3.51e-01	4.17e-02	-2.0811369	-4.04805	-0.15414491	4008_at
2997_at	3.51e-01	4.18e-02	-2.0806035	-4.04904	-0.2464152	2997_at
57506_at	3.51e-01	4.18e-02	2.080414	-4.04939	0.27633388	57506_at
7881_at	3.51e-01	4.18e-02	-2.0800109	-4.05014	-0.14160227	7881_at
2521_at	3.51e-01	4.19e-02	2.0799589	-4.05024	0.27285769	2521_at
11167_at	3.51e-01	4.19e-02	2.0798632	-4.05041	0.74551279	11167_at
2896_at	3.51e-01	4.19e-02	2.079405	-4.05126	0.30366571	2896_at
51409_at	3.51e-01	4.19e-02	-2.0791675	-4.05171	-0.17632103	51409_at
4931_at	3.51e-01	4.20e-02	2.0788507	-4.05229	0.21381411	4931_at
54629_at	3.51e-01	4.20e-02	-2.0787147	-4.05255	-0.29528846	54629_at
7544_at	3.51e-01	4.20e-02	-2.0786595	-4.05265	-0.26021762	7544_at
57142_at	3.51e-01	4.20e-02	-2.078089	-4.05371	-0.21872148	57142_at
51333_at	3.52e-01	4.21e-02	-2.077389	-4.05501	-0.22850228	51333_at
8767_at	3.52e-01	4.21e-02	-2.0770104	-4.05571	-0.14709767	8767_at
10111_at	3.52e-01	4.22e-02	2.0759848	-4.05761	0.23844158	10111_at
27125_at	3.52e-01	4.23e-02	-2.0755552	-4.05841	-0.21660652	27125_at
23341_at	3.52e-01	4.23e-02	-2.0755115	-4.05849	-0.38387084	23341_at
6938_at	3.53e-01	4.23e-02	2.0747382	-4.05992	0.29424884	6938_at
10099_at	3.53e-01	4.24e-02	2.0743056	-4.06073	0.25265063	10099_at
9992_at	3.53e-01	4.24e-02	-2.0741616	-4.06099	-0.22519672	9992_at
54732_at	3.53e-01	4.25e-02	2.0730774	-4.063	0.29207149	54732_at
6768_at	3.54e-01	4.26e-02	2.0723125	-4.06442	0.3438527	6768_at
308_at	3.54e-01	4.27e-02	2.071274	-4.06634	0.48491713	308_at
1740_at	3.54e-01	4.27e-02	-2.0711638	-4.06655	-0.20807947	1740_at
2077_at	3.54e-01	4.27e-02	-2.0710226	-4.06681	-0.24016851	2077_at
26523_at	3.54e-01	4.28e-02	-2.0704683	-4.06783	-0.24779218	26523_at
6574_at	3.55e-01	4.29e-02	-2.0689814	-4.07058	-0.40619035	6574_at
11046_at	3.55e-01	4.29e-02	2.0689072	-4.07072	0.25163697	11046_at
4267_at	3.56e-01	4.30e-02	2.0677967	-4.07277	0.47420564	4267_at
26999_at	3.57e-01	4.32e-02	-2.0660972	-4.07591	-0.5433102	26999_at
5606_at	3.57e-01	4.32e-02	-2.0655441	-4.07694	-0.26565563	5606_at
10215_at	3.57e-01	4.32e-02	-2.0654742	-4.07706	-0.14965972	10215_at
4335_at	3.57e-01	4.33e-02	-2.0649985	-4.07794	-0.29510604	4335_at
25797_at	3.57e-01	4.33e-02	2.0645724	-4.07873	1.01618422	25797_at
79673_at	3.57e-01	4.34e-02	-2.0640248	-4.07974	-0.25008422	79673_at
4760_at	3.58e-01	4.35e-02	-2.0629397	-4.08174	-0.16565834	4760_at
79794_at	3.58e-01	4.36e-02	2.0617341	-4.08397	0.23007716	79794_at
26973_at	3.58e-01	4.36e-02	2.0615905	-4.08423	0.58620941	26973_at
29091_at	3.58e-01	4.36e-02	-2.0614037	-4.08458	-0.25169645	29091_at
26084_at	3.58e-01	4.37e-02	-2.0611032	-4.08513	-0.16802143	26084_at
80306_at	3.59e-01	4.38e-02	2.0599303	-4.08729	0.33154712	80306_at
7570_at	3.59e-01	4.38e-02	2.0598642	-4.08741	0.23335274	7570_at
55037_at	3.59e-01	4.39e-02	2.0590858	-4.08885	0.18806054	55037_at
23521_at	3.60e-01	4.40e-02	2.0577937	-4.09123	0.19976821	23521_at
6293_at	3.60e-01	4.40e-02	-2.0577419	-4.09132	-0.19056985	6293_at
441263_at	3.60e-01	4.41e-02	-2.0572068	-4.09231	-0.23790601	441263_at
55833_at	3.60e-01	4.42e-02	2.0563043	-4.09397	0.24212555	55833_at
2571_at	3.60e-01	4.42e-02	-2.0559436	-4.09463	-0.22414057	2571_at
79656_at	3.60e-01	4.42e-02	2.0558927	-4.09472	0.40006324	79656_at
174_at	3.60e-01	4.42e-02	-2.0558011	-4.09489	-0.37255029	174_at
6198_at	3.60e-01	4.42e-02	-2.0557104	-4.09506	-0.25285754	6198_at
623_at	3.60e-01	4.42e-02	-2.0554071	-4.09562	-0.20877869	623_at
29916_at	3.60e-01	4.43e-02	2.0548136	-4.09671	0.19392535	29916_at
90993_at	3.60e-01	4.44e-02	-2.0541737	-4.09788	-0.2156125	90993_at
23032_at	3.60e-01	4.44e-02	2.0539006	-4.09839	0.22988696	23032_at
58986_at	3.60e-01	4.44e-02	2.0538705	-4.09844	0.37493937	58986_at
2740_at	3.60e-01	4.44e-02	-2.0537343	-4.09869	-0.16113365	2740_at
10400_at	3.61e-01	4.46e-02	-2.0522592	-4.1014	-0.49685214	10400_at
5178_at	3.61e-01	4.46e-02	-2.0520204	-4.10184	-0.2167614	5178_at
1004_at	3.61e-01	4.46e-02	2.0519772	-4.10192	0.79341707	1004_at
54941_at	3.61e-01	4.46e-02	-2.0515503	-4.1027	-0.26880808	54941_at
115290_at	3.61e-01	4.47e-02	2.0513064	-4.10315	0.34242603	115290_at
8842_at	3.61e-01	4.47e-02	2.0503545	-4.1049	1.40678905	8842_at
191585_at	3.61e-01	4.48e-02	-2.0503295	-4.10494	-0.24010575	191585_at
2207_at	3.61e-01	4.48e-02	2.05021	-4.10516	0.91680822	2207_at
9113_at	3.61e-01	4.48e-02	-2.0498684	-4.10579	-0.12939708	9113_at
5997_at	3.62e-01	4.49e-02	-2.0487967	-4.10776	-0.87045267	5997_at
79023_at	3.62e-01	4.51e-02	2.0472731	-4.11055	0.32348792	79023_at
4076_at	3.62e-01	4.51e-02	2.0472508	-4.11059	0.25866398	4076_at
9189_at	3.62e-01	4.51e-02	2.0469523	-4.11114	0.23062347	9189_at
51647_at	3.63e-01	4.51e-02	-2.0463883	-4.11217	-0.21754561	51647_at
64863_at	3.64e-01	4.53e-02	2.0446296	-4.11539	0.22247632	64863_at
81689_at	3.64e-01	4.55e-02	-2.0433117	-4.1178	-0.25353002	81689_at
4057_at	3.64e-01	4.55e-02	2.043062	-4.11826	2.62873349	4057_at
6871_at	3.64e-01	4.55e-02	-2.0427226	-4.11888	-0.13375097	6871_at
4130_at	3.64e-01	4.55e-02	-2.0427206	-4.11888	-0.23429865	4130_at
81608_at	3.65e-01	4.56e-02	2.0416716	-4.1208	0.26140381	81608_at
2125_at	3.65e-01	4.57e-02	-2.041017	-4.122	-0.21911356	2125_at
3357_at	3.65e-01	4.58e-02	2.0403381	-4.12324	0.6260125	3357_at
9584_at	3.65e-01	4.58e-02	2.0403363	-4.12324	0.32816046	9584_at
2118_at	3.65e-01	4.58e-02	-2.0401923	-4.12351	-0.22289503	2118_at
26521_at	3.65e-01	4.58e-02	2.0399389	-4.12397	0.24957015	26521_at
29930_at	3.65e-01	4.58e-02	-2.0396159	-4.12456	-0.2173737	29930_at
8971_at	3.65e-01	4.59e-02	2.0393075	-4.12512	0.36602519	8971_at
23556_at	3.65e-01	4.59e-02	2.039289	-4.12516	0.25660656	23556_at
1062_at	3.65e-01	4.59e-02	-2.0386445	-4.12633	-0.26867911	1062_at
63935_at	3.65e-01	4.60e-02	-2.0383882	-4.1268	-0.1672042	63935_at
3764_at	3.65e-01	4.60e-02	2.0376279	-4.12819	0.44224289	3764_at
3689_at	3.65e-01	4.61e-02	2.0370856	-4.12918	0.92966169	3689_at
9153_at	3.65e-01	4.61e-02	2.0370622	-4.12922	0.76782704	9153_at
23180_at	3.65e-01	4.62e-02	2.0366029	-4.13006	0.63919018	23180_at
3384_at	3.65e-01	4.62e-02	2.0365609	-4.13014	0.49257965	3384_at
5897_at	3.65e-01	4.62e-02	-2.0364836	-4.13028	-0.09418034	5897_at
1676_at	3.65e-01	4.62e-02	2.0360293	-4.13111	0.20867212	1676_at
23170_at	3.65e-01	4.62e-02	-2.0359877	-4.13118	-0.21952534	23170_at
55196_at	3.65e-01	4.62e-02	2.0359741	-4.13121	0.41265011	55196_at
5932_at	3.65e-01	4.63e-02	-2.0353546	-4.13234	-0.49223569	5932_at
23310_at	3.65e-01	4.63e-02	-2.0348253	-4.1333	-0.19984193	23310_at
1164_at	3.65e-01	4.64e-02	2.0344611	-4.13397	0.69220029	1164_at
1129_at	3.65e-01	4.64e-02	-2.0342333	-4.13438	-0.29900742	1129_at
11094_at	3.65e-01	4.64e-02	2.0342297	-4.13439	0.15266485	11094_at
51363_at	3.65e-01	4.64e-02	2.0338647	-4.13505	0.47976554	51363_at
7153_at	3.65e-01	4.65e-02	2.0336699	-4.13541	0.1970487	7153_at
55821_at	3.66e-01	4.65e-02	-2.0329692	-4.13668	-0.31427253	55821_at
137886_at	3.66e-01	4.66e-02	2.0320281	-4.1384	0.37608622	137886_at
3797_at	3.66e-01	4.66e-02	-2.0319562	-4.13853	-0.20189436	3797_at
23099_at	3.66e-01	4.67e-02	-2.0311373	-4.14002	-0.16078182	23099_at
3355_at	3.66e-01	4.67e-02	-2.0310464	-4.14019	-0.25307156	3355_at
11255_at	3.66e-01	4.67e-02	-2.0309665	-4.14033	-0.19305276	11255_at
60496_at	3.67e-01	4.68e-02	2.0299836	-4.14212	0.2686413	60496_at
55657_at	3.67e-01	4.69e-02	-2.0292366	-4.14348	-0.21726089	55657_at
9997_at	3.67e-01	4.70e-02	2.0285789	-4.14467	0.29055126	9997_at
1052_at	3.68e-01	4.70e-02	-2.0280579	-4.14562	-0.53759946	1052_at
5603_at	3.68e-01	4.71e-02	2.0276907	-4.14629	0.27869787	5603_at
26509_at	3.68e-01	4.71e-02	2.027479	-4.14667	0.68041911	26509_at
10694_at	3.68e-01	4.72e-02	2.0262892	-4.14884	0.23768645	10694_at
1434_at	3.68e-01	4.73e-02	2.0255247	-4.15022	0.2455948	1434_at
5322_at	3.68e-01	4.73e-02	-2.0252183	-4.15078	-0.14532315	5322_at
8608_at	3.68e-01	4.74e-02	-2.0251569	-4.15089	-0.27308823	8608_at
51094_at	3.68e-01	4.74e-02	-2.0245152	-4.15206	-0.29470919	51094_at
56547_at	3.68e-01	4.74e-02	-2.0244051	-4.15226	-0.26024918	56547_at
81501_at	3.68e-01	4.74e-02	-2.0243919	-4.15228	-0.19778188	81501_at
3066_at	3.68e-01	4.74e-02	2.0243118	-4.15243	0.22954911	3066_at
55064_at	3.68e-01	4.75e-02	-2.0241268	-4.15276	-0.17802472	55064_at
9569_at	3.69e-01	4.75e-02	2.0234018	-4.15408	0.24004442	9569_at
6001_at	3.69e-01	4.76e-02	2.022476	-4.15576	0.87190897	6001_at
4071_at	3.69e-01	4.77e-02	2.0223011	-4.15607	0.62970792	4071_at
27290_at	3.69e-01	4.77e-02	-2.0221794	-4.15629	-0.21815897	27290_at
9808_at	3.69e-01	4.77e-02	-2.0220174	-4.15659	-0.14979637	9808_at
4676_at	3.69e-01	4.77e-02	2.0217812	-4.15702	0.20883959	4676_at
51005_at	3.69e-01	4.78e-02	2.0213539	-4.15779	0.27089828	51005_at
25941_at	3.69e-01	4.78e-02	2.0212587	-4.15796	0.32025617	25941_at
9797_at	3.69e-01	4.78e-02	2.0210358	-4.15837	0.15479071	9797_at
3059_at	3.69e-01	4.79e-02	2.020252	-4.15979	0.95166424	3059_at
135138_at	3.69e-01	4.79e-02	-2.0202409	-4.15981	-0.36953012	135138_at
757_at	3.69e-01	4.79e-02	2.0199462	-4.16034	0.34674273	757_at
222487_at	3.69e-01	4.79e-02	-2.0198272	-4.16056	-0.20596026	222487_at
23426_at	3.69e-01	4.79e-02	-2.0198114	-4.16059	-0.18684615	23426_at
101060181_at	3.69e-01	4.80e-02	-2.0190878	-4.1619	-0.15945919	101060181_at
7317_at	3.69e-01	4.81e-02	2.0183766	-4.16319	0.27727662	7317_at
717_at	3.69e-01	4.81e-02	2.018227	-4.16346	0.73419176	717_at
8439_at	3.70e-01	4.82e-02	2.0171824	-4.16535	0.32650883	8439_at
11133_at	3.70e-01	4.84e-02	-2.0156675	-4.16809	-0.23184312	11133_at
56125_at	3.70e-01	4.84e-02	-2.0154789	-4.16843	-0.33927448	56125_at
101927792_at	3.70e-01	4.84e-02	-2.0154701	-4.16844	-0.1333146	101927792_at
11171_at	3.70e-01	4.84e-02	-2.0150326	-4.16923	-0.16549435	11171_at
23140_at	3.70e-01	4.85e-02	-2.01461	-4.17	-0.14636137	23140_at
51657_at	3.70e-01	4.85e-02	2.0145632	-4.17008	0.24928634	51657_at
22938_at	3.70e-01	4.85e-02	2.0142896	-4.17058	0.22579045	22938_at
25939_at	3.70e-01	4.86e-02	2.0135935	-4.17184	0.3680064	25939_at
4097_at	3.70e-01	4.86e-02	-2.0133247	-4.17232	-0.22926804	4097_at
3643_at	3.70e-01	4.86e-02	-2.0132846	-4.17239	-0.34831816	3643_at
6347_at	3.70e-01	4.86e-02	2.0131472	-4.17264	0.97826022	6347_at
23271_at	3.70e-01	4.87e-02	-2.0127326	-4.17339	-0.16161323	23271_at
23354_at	3.70e-01	4.87e-02	-2.0126072	-4.17362	-0.16301146	23354_at
84747_at	3.70e-01	4.87e-02	2.0124454	-4.17391	0.24132776	84747_at
8226_at	3.71e-01	4.88e-02	2.0116078	-4.17542	0.48776835	8226_at
2140_at	3.71e-01	4.88e-02	-2.0113435	-4.1759	-0.1893897	2140_at
6596_at	3.71e-01	4.88e-02	2.0113202	-4.17594	0.29727424	6596_at
6443_at	3.71e-01	4.89e-02	2.0108375	-4.17681	0.25372236	6443_at
4696_at	3.72e-01	4.90e-02	-2.0094737	-4.17927	-0.21341931	4696_at
9318_at	3.72e-01	4.91e-02	2.0091395	-4.17987	0.18556359	9318_at
6462_at	3.72e-01	4.91e-02	-2.0089518	-4.18021	-0.33504554	6462_at
26225_at	3.72e-01	4.91e-02	-2.008513	-4.181	-0.34728905	26225_at
4067_at	3.72e-01	4.93e-02	2.0071262	-4.1835	0.54862283	4067_at
23094_at	3.72e-01	4.93e-02	-2.0070763	-4.18359	-0.18547098	23094_at
29949_at	3.72e-01	4.93e-02	-2.0068476	-4.18401	-0.24605859	29949_at
5580_at	3.72e-01	4.93e-02	-2.0068021	-4.18409	-0.33056405	5580_at
10992_at	3.72e-01	4.94e-02	2.0059612	-4.1856	0.1704097	10992_at
23786_at	3.72e-01	4.94e-02	-2.005792	-4.18591	-0.27575561	23786_at
11238_at	3.72e-01	4.96e-02	-2.0045123	-4.18821	-0.21226295	11238_at
55296_at	3.72e-01	4.96e-02	2.0044482	-4.18833	0.28799019	55296_at
39_at	3.72e-01	4.96e-02	-2.0044319	-4.18835	-0.28935681	39_at
10712_at	3.72e-01	4.96e-02	-2.0043049	-4.18858	-0.17452134	10712_at
55634_at	3.72e-01	4.96e-02	2.004071	-4.189	0.35693357	55634_at
9141_at	3.72e-01	4.96e-02	2.0039794	-4.18917	0.4760623	9141_at
10599_at	3.72e-01	4.97e-02	-2.0038535	-4.1894	-0.17710761	10599_at
7329_at	3.72e-01	4.97e-02	2.0036765	-4.18971	0.21751548	7329_at
80086_at	3.72e-01	4.97e-02	2.0034827	-4.19006	0.34553676	80086_at
5277_at	3.73e-01	4.98e-02	-2.002325	-4.19214	-0.20981374	5277_at
27122_at	3.73e-01	4.99e-02	2.001621	-4.19341	0.49955675	27122_at
29071_at	3.73e-01	4.99e-02	2.0015771	-4.19349	0.317918	29071_at
2762_at	3.74e-01	5.00e-02	2.0008107	-4.19487	0.30078903	2762_at
23052_at	3.74e-01	5.00e-02	2.0004532	-4.19551	0.34853771	23052_at
259173_at	3.74e-01	5.01e-02	-2.0000733	-4.19619	-0.30733302	259173_at
961_at	3.74e-01	5.01e-02	1.9997388	-4.19679	0.41768783	961_at
80173_at	3.75e-01	5.02e-02	1.9984827	-4.19905	0.15967549	80173_at
8803_at	3.75e-01	5.03e-02	-1.9980081	-4.1999	-0.37496015	8803_at
10223_at	3.75e-01	5.03e-02	-1.9976332	-4.20057	-0.29195873	10223_at
4361_at	3.76e-01	5.05e-02	1.9963129	-4.20294	0.20853148	4361_at
84658_at	3.76e-01	5.05e-02	-1.9960901	-4.20334	-0.2132214	84658_at
1965_at	3.76e-01	5.06e-02	-1.9955216	-4.20436	-0.15596329	1965_at
23064_at	3.76e-01	5.06e-02	1.9950745	-4.20516	0.1938613	23064_at
1556_at	3.76e-01	5.07e-02	-1.9944235	-4.20633	-0.30785072	1556_at
64927_at	3.76e-01	5.07e-02	1.9942149	-4.2067	0.19471929	64927_at
51185_at	3.76e-01	5.07e-02	1.9941721	-4.20678	0.24709348	51185_at
440387_at	3.76e-01	5.07e-02	-1.9941472	-4.20682	-0.29576702	440387_at
3669_at	3.76e-01	5.07e-02	1.9940955	-4.20691	0.59305145	3669_at
51614_at	3.76e-01	5.08e-02	1.9939667	-4.20714	0.20376965	51614_at
29108_at	3.76e-01	5.08e-02	1.9933972	-4.20816	0.82944221	29108_at
6329_at	3.76e-01	5.09e-02	-1.9925111	-4.20975	-0.23902156	6329_at
10576_at	3.76e-01	5.10e-02	1.9920047	-4.21066	0.24259777	10576_at
301_at	3.76e-01	5.10e-02	1.9919142	-4.21082	1.07267433	301_at
23729_at	3.76e-01	5.10e-02	-1.9913731	-4.21179	-0.23235673	23729_at
120526_at	3.76e-01	5.11e-02	-1.9912449	-4.21202	-0.20378987	120526_at
10105_at	3.76e-01	5.11e-02	1.9912018	-4.21209	0.31831841	10105_at
54680_at	3.76e-01	5.11e-02	1.9906829	-4.21302	0.28875821	54680_at
9389_at	3.76e-01	5.11e-02	-1.9905707	-4.21322	-0.28684896	9389_at
79870_at	3.76e-01	5.12e-02	-1.9902259	-4.21384	-0.20740564	79870_at
23438_at	3.76e-01	5.13e-02	1.9894473	-4.21523	0.22652716	23438_at
7404_at	3.76e-01	5.13e-02	-1.989025	-4.21599	-0.23666017	7404_at
6237_at	3.76e-01	5.13e-02	1.9887654	-4.21645	0.51140569	6237_at
1592_at	3.76e-01	5.14e-02	-1.9886506	-4.21666	-0.22909561	1592_at
5365_at	3.76e-01	5.14e-02	-1.9883743	-4.21715	-0.23581169	5365_at
57127_at	3.76e-01	5.14e-02	-1.9881262	-4.21759	-0.37905727	57127_at
2158_at	3.76e-01	5.14e-02	-1.9880757	-4.21768	-0.19799353	2158_at
64121_at	3.76e-01	5.15e-02	1.9876351	-4.21847	0.28134349	64121_at
84942_at	3.76e-01	5.15e-02	1.9874409	-4.21882	0.18912053	84942_at
1444_at	3.76e-01	5.15e-02	-1.9873013	-4.21907	-0.33031297	1444_at
8395_at	3.76e-01	5.15e-02	-1.9872045	-4.21924	-0.36102498	8395_at
55119_at	3.76e-01	5.15e-02	1.9871458	-4.21935	0.268426	55119_at
6747_at	3.76e-01	5.15e-02	-1.9870643	-4.21949	-0.38461596	6747_at
255926_at	3.77e-01	5.17e-02	-1.9852432	-4.22274	-0.22010599	255926_at
9040_at	3.77e-01	5.18e-02	-1.9849877	-4.2232	-0.3207642	9040_at
142_at	3.79e-01	5.21e-02	1.9824471	-4.22773	0.21154785	142_at
3242_at	3.79e-01	5.21e-02	-1.982181	-4.2282	-1.08079857	3242_at
3748_at	3.79e-01	5.21e-02	-1.9819187	-4.22867	-0.23274935	3748_at
55178_at	3.79e-01	5.21e-02	1.9818221	-4.22884	0.21920851	55178_at
26211_at	3.79e-01	5.21e-02	-1.981777	-4.22892	-0.18966391	26211_at
54851_at	3.79e-01	5.21e-02	1.9816965	-4.22907	0.26412402	54851_at
11215_at	3.79e-01	5.22e-02	-1.9812377	-4.22988	-0.28081096	11215_at
9289_at	3.79e-01	5.22e-02	1.9808785	-4.23052	0.49141955	9289_at
60312_at	3.79e-01	5.23e-02	1.9801515	-4.23182	0.14653637	60312_at
7043_at	3.79e-01	5.24e-02	-1.9799076	-4.23225	-0.2453565	7043_at
7498_at	3.79e-01	5.24e-02	-1.9796338	-4.23274	-0.27852739	7498_at
6707_at	3.79e-01	5.24e-02	-1.9793708	-4.23321	-0.25561643	6707_at
23_at	3.79e-01	5.24e-02	1.9792763	-4.23338	0.19662645	23_at
2137_at	3.79e-01	5.24e-02	-1.9790588	-4.23376	-0.15462083	2137_at
1797_at	3.79e-01	5.25e-02	-1.9785343	-4.2347	-0.15638531	1797_at
6093_at	3.79e-01	5.25e-02	1.9783604	-4.23501	0.32398568	6093_at
1230_at	3.80e-01	5.27e-02	1.9770668	-4.23731	0.33501231	1230_at
23620_at	3.80e-01	5.27e-02	-1.9769601	-4.2375	-0.24669327	23620_at
3489_at	3.80e-01	5.27e-02	1.9768395	-4.23771	0.96016983	3489_at
4133_at	3.80e-01	5.27e-02	-1.9767675	-4.23784	-0.20538528	4133_at
57119_at	3.80e-01	5.27e-02	-1.9767363	-4.23789	-0.19642341	57119_at
10402_at	3.80e-01	5.28e-02	-1.9759274	-4.23933	-0.24058422	10402_at
3550_at	3.80e-01	5.29e-02	1.9751462	-4.24072	0.26106984	3550_at
1967_at	3.81e-01	5.30e-02	1.9741276	-4.24253	0.22121802	1967_at
85377_at	3.81e-01	5.31e-02	-1.9735816	-4.2435	-0.17253186	85377_at
10457_at	3.81e-01	5.31e-02	1.973227	-4.24413	0.90192523	10457_at
55106_at	3.81e-01	5.32e-02	1.9729176	-4.24468	0.28775019	55106_at
6602_at	3.81e-01	5.32e-02	-1.9728579	-4.24478	-0.16381232	6602_at
1028_at	3.81e-01	5.32e-02	-1.9725198	-4.24538	-0.41503782	1028_at
57128_at	3.81e-01	5.32e-02	1.9725108	-4.2454	0.25798849	57128_at
4920_at	3.81e-01	5.32e-02	-1.9722519	-4.24586	-0.14456018	4920_at
6792_at	3.81e-01	5.33e-02	-1.9720809	-4.24616	-0.23700443	6792_at
5216_at	3.81e-01	5.33e-02	1.9720298	-4.24625	0.54259228	5216_at
6275_at	3.81e-01	5.33e-02	1.9714587	-4.24727	0.81857331	6275_at
8826_at	3.81e-01	5.34e-02	1.9710631	-4.24797	0.39152083	8826_at
223117_at	3.82e-01	5.35e-02	-1.9699768	-4.24989	-0.143741	223117_at
23237_at	3.82e-01	5.35e-02	-1.969929	-4.24998	-0.20425366	23237_at
384_at	3.82e-01	5.36e-02	-1.9695716	-4.25061	-0.51688204	384_at
9699_at	3.82e-01	5.37e-02	-1.968541	-4.25244	-0.23185382	9699_at
29995_at	3.83e-01	5.38e-02	1.9679035	-4.25357	0.40003193	29995_at
7846_at	3.83e-01	5.38e-02	1.9675401	-4.25421	1.00110817	7846_at
8687_at	3.83e-01	5.38e-02	-1.9672093	-4.2548	-0.2306264	8687_at
8798_at	3.83e-01	5.38e-02	1.9671554	-4.25489	0.19910405	8798_at
8379_at	3.83e-01	5.39e-02	1.9663225	-4.25637	0.23277843	8379_at
2925_at	3.83e-01	5.40e-02	-1.9657918	-4.25731	-0.25107922	2925_at
6854_at	3.84e-01	5.42e-02	-1.9644214	-4.25973	-0.18604329	6854_at
3720_at	3.84e-01	5.42e-02	-1.9640647	-4.26036	-0.180174	3720_at
23316_at	3.85e-01	5.43e-02	-1.9634217	-4.2615	-0.15116238	23316_at
1233_at	3.85e-01	5.43e-02	-1.9629106	-4.2624	-0.26348082	1233_at
81285_at	3.85e-01	5.45e-02	-1.9619734	-4.26406	-0.19905473	81285_at
1133_at	3.85e-01	5.45e-02	-1.9617929	-4.26438	-0.26724862	1133_at
2880_at	3.85e-01	5.45e-02	-1.9614352	-4.26501	-0.19142362	2880_at
7353_at	3.85e-01	5.45e-02	1.9614249	-4.26503	0.33586864	7353_at
54503_at	3.85e-01	5.45e-02	1.9612828	-4.26528	0.38821778	54503_at
64175_at	3.85e-01	5.46e-02	1.9603586	-4.26691	0.2424703	64175_at
29946_at	3.85e-01	5.47e-02	-1.9601947	-4.2672	-0.29650462	29946_at
2239_at	3.85e-01	5.47e-02	1.9599879	-4.26756	0.51856154	2239_at
56605_at	3.86e-01	5.48e-02	-1.959265	-4.26884	-0.22442748	56605_at
9962_at	3.86e-01	5.48e-02	-1.9592146	-4.26893	-0.14357861	9962_at
2537_at	3.86e-01	5.48e-02	1.9591606	-4.26902	1.3926974	2537_at
1293_at	3.86e-01	5.48e-02	1.9588575	-4.26956	1.2536172	1293_at
51070_at	3.86e-01	5.49e-02	1.9580121	-4.27105	0.23797828	51070_at
8911_at	3.86e-01	5.50e-02	-1.9575107	-4.27193	-0.18945461	8911_at
133_at	3.86e-01	5.50e-02	-1.9574343	-4.27207	-0.82538819	133_at
55120_at	3.86e-01	5.50e-02	1.9572342	-4.27242	0.35190318	55120_at
4016_at	3.86e-01	5.51e-02	1.9568521	-4.27309	0.79408434	4016_at
9715_at	3.87e-01	5.52e-02	-1.955959	-4.27467	-0.15143456	9715_at
79962_at	3.87e-01	5.53e-02	1.955221	-4.27597	0.35465441	79962_at
8445_at	3.87e-01	5.53e-02	1.9547132	-4.27686	0.27674346	8445_at
114327_at	3.87e-01	5.53e-02	1.9545631	-4.27712	0.35062552	114327_at
55030_at	3.87e-01	5.53e-02	1.9545258	-4.27719	0.1749944	55030_at
51267_at	3.87e-01	5.54e-02	-1.9542086	-4.27775	-0.25590378	51267_at
759_at	3.87e-01	5.54e-02	-1.9540824	-4.27797	-0.24614032	759_at
53838_at	3.87e-01	5.54e-02	-1.9539778	-4.27816	-0.18245969	53838_at
5957_at	3.87e-01	5.54e-02	-1.9538269	-4.27842	-0.21143304	5957_at
434_at	3.87e-01	5.56e-02	-1.9524425	-4.28086	-0.21218625	434_at
5260_at	3.87e-01	5.57e-02	-1.9519088	-4.28179	-0.34026463	5260_at
2717_at	3.87e-01	5.57e-02	1.9516727	-4.28221	0.28236732	2717_at
5626_at	3.87e-01	5.57e-02	-1.9515468	-4.28243	-0.25974228	5626_at
9337_at	3.87e-01	5.57e-02	1.9513994	-4.28269	0.21854198	9337_at
23630_at	3.87e-01	5.58e-02	-1.9509449	-4.28349	-0.20168615	23630_at
5094_at	3.87e-01	5.58e-02	-1.9508489	-4.28366	-0.44844176	5094_at
11065_at	3.87e-01	5.58e-02	1.950691	-4.28394	0.51902635	11065_at
25970_at	3.87e-01	5.58e-02	-1.9504906	-4.28429	-0.13165895	25970_at
51398_at	3.89e-01	5.61e-02	1.9480376	-4.2886	0.19009577	51398_at
83483_at	3.89e-01	5.62e-02	1.9476337	-4.28931	0.31261172	83483_at
25780_at	3.89e-01	5.62e-02	1.9475949	-4.28937	0.26994018	25780_at
100506144_at	3.89e-01	5.62e-02	1.9473732	-4.28976	0.29392386	100506144_at
4286_at	3.89e-01	5.63e-02	1.9469387	-4.29053	0.2743542	4286_at
56157_at	3.89e-01	5.63e-02	-1.9465271	-4.29125	-0.21513963	56157_at
80267_at	3.89e-01	5.63e-02	-1.9464658	-4.29135	-0.1757573	80267_at
2948_at	3.89e-01	5.64e-02	-1.9461631	-4.29189	-0.46099947	2948_at
5627_at	3.89e-01	5.64e-02	1.9459568	-4.29225	0.46505761	5627_at
3682_at	3.90e-01	5.65e-02	1.9449974	-4.29393	0.25764492	3682_at
4772_at	3.90e-01	5.66e-02	-1.9443764	-4.29502	-0.15460465	4772_at
3075_at	3.90e-01	5.66e-02	1.9440923	-4.29552	0.67175702	3075_at
55204_at	3.90e-01	5.66e-02	1.9439977	-4.29568	0.2450207	55204_at
2902_at	3.90e-01	5.67e-02	-1.9438019	-4.29602	-0.17691169	2902_at
9639_at	3.90e-01	5.67e-02	1.9436662	-4.29626	0.22167196	9639_at
5256_at	3.90e-01	5.67e-02	-1.9435149	-4.29653	-0.21152187	5256_at
7372_at	3.90e-01	5.68e-02	1.9430344	-4.29737	0.14253127	7372_at
11052_at	3.91e-01	5.70e-02	1.9408489	-4.3012	0.20182006	11052_at
7737_at	3.91e-01	5.70e-02	1.9407273	-4.30141	0.18969639	7737_at
8322_at	3.91e-01	5.71e-02	-1.9405308	-4.30175	-0.25735445	8322_at
56478_at	3.92e-01	5.72e-02	1.9397903	-4.30305	0.25626532	56478_at
1528_at	3.92e-01	5.72e-02	-1.9394839	-4.30358	-0.35382458	1528_at
10051_at	3.92e-01	5.72e-02	1.9394163	-4.3037	0.27653126	10051_at
113791_at	3.92e-01	5.72e-02	1.9390805	-4.30429	0.28074576	113791_at
9374_at	3.92e-01	5.72e-02	-1.9390785	-4.30429	-0.19395304	9374_at
5093_at	3.93e-01	5.74e-02	1.9376184	-4.30684	0.19753154	5093_at
55633_at	3.93e-01	5.75e-02	-1.9370165	-4.3079	-0.12860115	55633_at
11163_at	3.94e-01	5.77e-02	-1.9356811	-4.31023	-0.4602765	11163_at
593_at	3.94e-01	5.77e-02	-1.9356232	-4.31033	-0.23541413	593_at
9130_at	3.94e-01	5.77e-02	1.9352937	-4.3109	0.27932257	9130_at
53844_at	3.94e-01	5.78e-02	-1.9349979	-4.31142	-0.25602379	53844_at
64377_at	3.94e-01	5.78e-02	-1.9343986	-4.31247	-0.23652962	64377_at
6713_at	3.96e-01	5.81e-02	-1.9319438	-4.31675	-0.24964607	6713_at
1153_at	3.96e-01	5.82e-02	-1.9314819	-4.31755	-0.31104208	1153_at
63933_at	3.96e-01	5.82e-02	-1.931433	-4.31764	-0.41271487	63933_at
25996_at	3.96e-01	5.82e-02	1.9312506	-4.31795	0.28238079	25996_at
57596_at	3.96e-01	5.83e-02	-1.9306496	-4.319	-0.2624381	57596_at
54623_at	3.96e-01	5.84e-02	1.9301604	-4.31985	0.2139716	54623_at
5732_at	3.96e-01	5.84e-02	-1.9297819	-4.32051	-0.26403411	5732_at
23264_at	3.96e-01	5.85e-02	-1.9292615	-4.32142	-0.19130903	23264_at
51491_at	3.96e-01	5.86e-02	-1.9286855	-4.32242	-0.27793841	51491_at
23760_at	3.96e-01	5.86e-02	1.9286641	-4.32246	0.19139014	23760_at
5198_at	3.96e-01	5.86e-02	-1.9285071	-4.32273	-0.21194622	5198_at
55695_at	3.96e-01	5.86e-02	1.9284915	-4.32276	0.33154456	55695_at
4216_at	3.96e-01	5.86e-02	1.92831	-4.32307	0.25704053	4216_at
2004_at	3.96e-01	5.86e-02	1.9280508	-4.32352	0.33046785	2004_at
81569_at	3.96e-01	5.86e-02	-1.9279178	-4.32376	-0.28431033	81569_at
29102_at	3.97e-01	5.87e-02	1.9271281	-4.32513	0.24628669	29102_at
6528_at	3.97e-01	5.88e-02	-1.9270643	-4.32524	-0.21563457	6528_at
2321_at	3.97e-01	5.88e-02	-1.9268514	-4.32561	-0.17537585	2321_at
3556_at	3.97e-01	5.88e-02	-1.926365	-4.32646	-0.098852	3556_at
6513_at	3.97e-01	5.89e-02	-1.9262575	-4.32664	-0.13509055	6513_at
8871_at	3.97e-01	5.89e-02	-1.9259583	-4.32716	-0.11138345	8871_at
10664_at	3.97e-01	5.89e-02	1.9257292	-4.32756	0.22084838	10664_at
5333_at	3.97e-01	5.90e-02	-1.9252652	-4.32837	-0.20792205	5333_at
10955_at	3.97e-01	5.90e-02	1.9247715	-4.32922	0.22185634	10955_at
901_at	3.97e-01	5.92e-02	1.9238427	-4.33084	0.30019139	901_at
5033_at	3.97e-01	5.92e-02	-1.9237193	-4.33105	-0.54729908	5033_at
3745_at	3.98e-01	5.93e-02	-1.9231176	-4.3321	-0.15934884	3745_at
7748_at	3.98e-01	5.93e-02	1.9229044	-4.33247	0.22567756	7748_at
2358_at	3.98e-01	5.94e-02	-1.9223648	-4.3334	-0.16931675	2358_at
11168_at	3.98e-01	5.94e-02	1.9222763	-4.33356	0.28466669	11168_at
3299_at	3.98e-01	5.94e-02	-1.9221877	-4.33371	-0.2666459	3299_at
4794_at	3.98e-01	5.94e-02	1.9220492	-4.33395	0.47835965	4794_at
55699_at	3.98e-01	5.95e-02	1.9215147	-4.33488	0.21975622	55699_at
4233_at	3.98e-01	5.96e-02	1.9208637	-4.33601	0.35897278	4233_at
9288_at	3.98e-01	5.96e-02	-1.920647	-4.33638	-0.21918529	9288_at
644_at	3.98e-01	5.97e-02	1.9200413	-4.33743	0.21541071	644_at
56341_at	3.98e-01	5.97e-02	-1.9200395	-4.33744	-0.15214175	56341_at
3223_at	3.98e-01	5.97e-02	1.9199667	-4.33756	0.26243712	3223_at
2134_at	3.98e-01	5.97e-02	-1.9197357	-4.33796	-0.2261778	2134_at
7203_at	3.98e-01	5.97e-02	1.9196269	-4.33815	0.23360792	7203_at
10598_at	3.99e-01	5.99e-02	1.9181155	-4.34077	0.20512347	10598_at
80273_at	3.99e-01	5.99e-02	-1.9178437	-4.34124	-0.33491788	80273_at
6240_at	3.99e-01	5.99e-02	1.9177805	-4.34135	0.22337638	6240_at
60529_at	3.99e-01	6.00e-02	-1.9174522	-4.34192	-0.21499336	60529_at
10231_at	3.99e-01	6.01e-02	-1.9165605	-4.34346	-0.47835509	10231_at
81_at	4.01e-01	6.04e-02	1.9144546	-4.3471	0.27506863	81_at
2712_at	4.01e-01	6.04e-02	-1.914321	-4.34734	-0.2191104	2712_at
1671_at	4.01e-01	6.04e-02	-1.9141896	-4.34756	-0.23944053	1671_at
23614_at	4.01e-01	6.05e-02	-1.9138872	-4.34808	-0.18286457	23614_at
8624_at	4.01e-01	6.05e-02	-1.9135566	-4.34866	-0.31963632	8624_at
131578_at	4.01e-01	6.05e-02	-1.9134726	-4.3488	-0.20354163	131578_at
93349_at	4.01e-01	6.05e-02	1.9131786	-4.34931	0.3549516	93349_at
23595_at	4.01e-01	6.06e-02	1.9131044	-4.34944	0.25023961	23595_at
1874_at	4.01e-01	6.07e-02	-1.9122927	-4.35084	-0.19602499	1874_at
11237_at	4.01e-01	6.07e-02	-1.9122374	-4.35094	-0.2355391	11237_at
5125_at	4.01e-01	6.09e-02	1.9106235	-4.35372	0.19891899	5125_at
4717_at	4.01e-01	6.09e-02	-1.9105968	-4.35377	-0.19894641	4717_at
3694_at	4.01e-01	6.09e-02	1.9105656	-4.35382	1.23174148	3694_at
11345_at	4.01e-01	6.09e-02	1.9104467	-4.35403	0.15570265	11345_at
3848_at	4.01e-01	6.09e-02	-1.9103048	-4.35427	-0.21412217	3848_at
57404_at	4.01e-01	6.09e-02	1.9101897	-4.35447	0.25090033	57404_at
637_at	4.02e-01	6.11e-02	1.9092938	-4.35602	0.27231556	637_at
9865_at	4.02e-01	6.11e-02	1.9086176	-4.35718	0.30114157	9865_at
29992_at	4.02e-01	6.12e-02	1.908449	-4.35747	0.1977989	29992_at
1936_at	4.02e-01	6.12e-02	1.9081367	-4.35801	0.26158906	1936_at
23001_at	4.02e-01	6.12e-02	1.908106	-4.35806	0.24545409	23001_at
7227_at	4.02e-01	6.12e-02	-1.9079459	-4.35834	-0.30249519	7227_at
256364_at	4.02e-01	6.13e-02	-1.9074965	-4.35911	-0.17275974	256364_at
58509_at	4.02e-01	6.14e-02	-1.9067499	-4.3604	-0.12831289	58509_at
80758_at	4.02e-01	6.14e-02	-1.9066839	-4.36051	-0.16516626	80758_at
6455_at	4.02e-01	6.14e-02	-1.9064381	-4.36094	-0.21059019	6455_at
27092_at	4.02e-01	6.14e-02	-1.9063281	-4.36113	-0.16659233	27092_at
57062_at	4.02e-01	6.15e-02	1.905786	-4.36206	0.16383482	57062_at
55505_at	4.02e-01	6.15e-02	1.905616	-4.36235	0.21686947	55505_at
51050_at	4.02e-01	6.16e-02	-1.9054462	-4.36265	-0.30005784	51050_at
8635_at	4.02e-01	6.16e-02	1.9051753	-4.36311	0.44518053	8635_at
6120_at	4.02e-01	6.16e-02	1.9050624	-4.36331	0.19921521	6120_at
79000_at	4.02e-01	6.17e-02	-1.9045063	-4.36426	-0.25285098	79000_at
10392_at	4.02e-01	6.18e-02	-1.9039216	-4.36527	-0.22104385	10392_at
10465_at	4.02e-01	6.18e-02	1.9036865	-4.36568	0.34766222	10465_at
10942_at	4.02e-01	6.18e-02	-1.9034575	-4.36607	-0.22193543	10942_at
2980_at	4.02e-01	6.19e-02	-1.9032264	-4.36647	-0.24428702	2980_at
103_at	4.02e-01	6.19e-02	1.902977	-4.3669	0.28617465	103_at
84934_at	4.02e-01	6.20e-02	-1.9023527	-4.36797	-0.25742628	84934_at
5119_at	4.02e-01	6.20e-02	1.9020364	-4.36851	0.19573653	5119_at
11326_at	4.02e-01	6.20e-02	1.9018918	-4.36876	0.85481874	11326_at
27067_at	4.02e-01	6.20e-02	-1.9017924	-4.36893	-0.19995489	27067_at
4241_at	4.02e-01	6.21e-02	-1.9017237	-4.36905	-0.2052371	4241_at
10907_at	4.02e-01	6.21e-02	-1.9015033	-4.36943	-0.14800944	10907_at
1639_at	4.02e-01	6.21e-02	1.9012961	-4.36979	0.21010112	1639_at
2853_at	4.02e-01	6.22e-02	-1.9009454	-4.37039	-0.2172051	2853_at
4157_at	4.02e-01	6.22e-02	-1.900606	-4.37097	-0.25522273	4157_at
10687_at	4.02e-01	6.22e-02	1.9004751	-4.3712	0.40560773	10687_at
55750_at	4.02e-01	6.22e-02	-1.9003575	-4.3714	-0.18969939	55750_at
10728_at	4.02e-01	6.23e-02	1.9002692	-4.37155	0.21447109	10728_at
55568_at	4.02e-01	6.23e-02	1.9002597	-4.37157	0.22948018	55568_at
26505_at	4.02e-01	6.23e-02	1.8999581	-4.37208	0.23211524	26505_at
651_at	4.02e-01	6.23e-02	-1.8998462	-4.37228	-0.20220822	651_at
3998_at	4.03e-01	6.25e-02	-1.8987383	-4.37418	-0.25881491	3998_at
56994_at	4.03e-01	6.25e-02	-1.8986549	-4.37432	-0.41590789	56994_at
64743_at	4.03e-01	6.25e-02	-1.8984158	-4.37473	-0.2387613	64743_at
5268_at	4.04e-01	6.27e-02	-1.8970023	-4.37716	-0.22058871	5268_at
5599_at	4.04e-01	6.28e-02	-1.8962993	-4.37836	-0.23087441	5599_at
4359_at	4.04e-01	6.28e-02	-1.896122	-4.37867	-0.21226866	4359_at
50834_at	4.04e-01	6.28e-02	-1.8959335	-4.37899	-0.25804814	50834_at
5831_at	4.04e-01	6.29e-02	-1.8953199	-4.38004	-0.21599321	5831_at
56005_at	4.04e-01	6.29e-02	1.8952936	-4.38009	0.24397705	56005_at
6678_at	4.04e-01	6.29e-02	1.8951755	-4.38029	0.64169936	6678_at
283232_at	4.04e-01	6.30e-02	-1.8950445	-4.38051	-0.19873287	283232_at
8906_at	4.04e-01	6.30e-02	1.8949176	-4.38073	0.26754693	8906_at
3351_at	4.04e-01	6.30e-02	-1.8947154	-4.38108	-0.21016449	3351_at
3781_at	4.04e-01	6.30e-02	-1.8946815	-4.38113	-0.88563498	3781_at
10980_at	4.04e-01	6.31e-02	-1.8940437	-4.38223	-0.15260721	10980_at
2359_at	4.04e-01	6.32e-02	1.89345	-4.38324	0.46094952	2359_at
55738_at	4.05e-01	6.33e-02	1.8924528	-4.38495	0.19023883	55738_at
3156_at	4.05e-01	6.33e-02	-1.8922466	-4.3853	-0.34084159	3156_at
79760_at	4.05e-01	6.34e-02	-1.8917399	-4.38617	-0.16902143	79760_at
101_at	4.06e-01	6.35e-02	-1.8907387	-4.38788	-0.16647801	101_at
6473_at	4.06e-01	6.36e-02	-1.8899215	-4.38928	-0.20504638	6473_at
23038_at	4.06e-01	6.37e-02	-1.8898607	-4.38938	-0.13830017	23038_at
7024_at	4.06e-01	6.37e-02	1.8894853	-4.39003	0.16731995	7024_at
2719_at	4.06e-01	6.37e-02	-1.8894445	-4.3901	-0.77667271	2719_at
3938_at	4.06e-01	6.37e-02	-1.8892114	-4.39049	-0.24462036	3938_at
54531_at	4.06e-01	6.37e-02	-1.8891871	-4.39054	-0.16211323	54531_at
6416_at	4.06e-01	6.38e-02	1.8888349	-4.39114	0.22533943	6416_at
60495_at	4.06e-01	6.38e-02	-1.8888064	-4.39119	-0.24214437	60495_at
22809_at	4.06e-01	6.39e-02	1.8878371	-4.39284	0.14814751	22809_at
51514_at	4.06e-01	6.39e-02	1.8877639	-4.39297	0.26084393	51514_at
26355_at	4.06e-01	6.39e-02	-1.8877172	-4.39305	-0.16515771	26355_at
2651_at	4.06e-01	6.40e-02	-1.8876926	-4.39309	-0.22061003	2651_at
1302_at	4.06e-01	6.40e-02	-1.8876278	-4.3932	-0.21596074	1302_at
9555_at	4.06e-01	6.40e-02	1.8873594	-4.39366	0.26652599	9555_at
7940_at	4.06e-01	6.40e-02	1.8872097	-4.39391	0.62190186	7940_at
10322_at	4.06e-01	6.40e-02	-1.8871052	-4.39409	-0.22233396	10322_at
1419_at	4.06e-01	6.41e-02	-1.8862981	-4.39547	-0.15583229	1419_at
5494_at	4.06e-01	6.42e-02	-1.8861126	-4.39579	-0.16794547	5494_at
8513_at	4.06e-01	6.42e-02	-1.885888	-4.39617	-0.1829361	8513_at
23167_at	4.06e-01	6.42e-02	-1.8855508	-4.39674	-0.26581186	23167_at
23191_at	4.06e-01	6.43e-02	1.8851367	-4.39745	0.28099023	23191_at
23462_at	4.06e-01	6.43e-02	-1.8848496	-4.39794	-0.29893697	23462_at
115703_at	4.07e-01	6.45e-02	-1.8839836	-4.39942	-0.19764691	115703_at
5914_at	4.07e-01	6.45e-02	-1.883916	-4.39953	-0.14386537	5914_at
837_at	4.07e-01	6.46e-02	1.8832522	-4.40066	0.49325226	837_at
53405_at	4.08e-01	6.48e-02	-1.8817485	-4.40323	-0.6016073	53405_at
6901_at	4.09e-01	6.49e-02	-1.8805279	-4.4053	-0.1648318	6901_at
64579_at	4.09e-01	6.50e-02	-1.8801305	-4.40598	-0.22150282	64579_at
977_at	4.09e-01	6.50e-02	1.8798256	-4.4065	0.47617331	977_at
57146_at	4.09e-01	6.51e-02	1.8796283	-4.40683	0.32001344	57146_at
10742_at	4.09e-01	6.51e-02	1.8794408	-4.40715	0.4186543	10742_at
29100_at	4.09e-01	6.51e-02	1.8793327	-4.40734	0.18564334	29100_at
7103_at	4.09e-01	6.52e-02	1.8789839	-4.40793	1.04018738	7103_at
55160_at	4.09e-01	6.52e-02	1.8785823	-4.40861	0.25253426	55160_at
4050_at	4.10e-01	6.54e-02	1.8774212	-4.41059	0.7275433	4050_at
23554_at	4.10e-01	6.54e-02	-1.8774131	-4.4106	-0.31782146	23554_at
79697_at	4.10e-01	6.54e-02	-1.877174	-4.41101	-0.25003469	79697_at
23643_at	4.10e-01	6.54e-02	1.8770369	-4.41124	1.17918447	23643_at
51690_at	4.10e-01	6.56e-02	1.8760742	-4.41288	0.33756862	51690_at
9792_at	4.10e-01	6.56e-02	1.8757658	-4.4134	0.2355348	9792_at
5753_at	4.11e-01	6.57e-02	-1.8749973	-4.4147	-0.28979541	5753_at
79852_at	4.11e-01	6.57e-02	-1.8748272	-4.41499	-0.19671546	79852_at
10245_at	4.11e-01	6.58e-02	-1.8745075	-4.41554	-0.1986936	10245_at
1059_at	4.11e-01	6.58e-02	-1.8741461	-4.41615	-0.16200757	1059_at
5476_at	4.11e-01	6.59e-02	1.8732864	-4.41761	0.31960894	5476_at
10650_at	4.11e-01	6.61e-02	-1.872552	-4.41885	-0.16853234	10650_at
6767_at	4.11e-01	6.61e-02	-1.8725077	-4.41893	-0.29609057	6767_at
311_at	4.11e-01	6.61e-02	1.8724592	-4.41901	0.29310752	311_at
8027_at	4.11e-01	6.61e-02	1.8724306	-4.41906	0.28720456	8027_at
57419_at	4.11e-01	6.61e-02	-1.8721178	-4.41959	-0.22444283	57419_at
43847_at	4.11e-01	6.61e-02	-1.8720892	-4.41964	-0.21182336	43847_at
5764_at	4.12e-01	6.62e-02	1.8714639	-4.4207	0.54659371	5764_at
64783_at	4.12e-01	6.63e-02	1.8708045	-4.42181	0.34054691	64783_at
26517_at	4.12e-01	6.63e-02	1.8706763	-4.42203	0.28412696	26517_at
7020_at	4.12e-01	6.64e-02	-1.8702571	-4.42274	-0.2196984	7020_at
9620_at	4.13e-01	6.65e-02	-1.8691291	-4.42465	-0.14189728	9620_at
23682_at	4.13e-01	6.66e-02	1.8688381	-4.42514	0.28329141	23682_at
25814_at	4.13e-01	6.66e-02	1.8687051	-4.42537	0.15563111	25814_at
23160_at	4.13e-01	6.67e-02	-1.8682209	-4.42619	-0.25229193	23160_at
10212_at	4.13e-01	6.67e-02	1.8680914	-4.42641	0.28635257	10212_at
978_at	4.13e-01	6.67e-02	-1.8679396	-4.42666	-0.39800151	978_at
5511_at	4.14e-01	6.69e-02	1.8667416	-4.42869	0.17519037	5511_at
1386_at	4.14e-01	6.69e-02	1.8663406	-4.42937	0.14727652	1386_at
8520_at	4.14e-01	6.70e-02	1.8659119	-4.43009	0.30544315	8520_at
9376_at	4.14e-01	6.71e-02	-1.8654092	-4.43094	-0.95542355	9376_at
63974_at	4.14e-01	6.71e-02	-1.8649779	-4.43167	-0.24192705	63974_at
5453_at	4.14e-01	6.73e-02	-1.8640648	-4.43321	-0.15018491	5453_at
51172_at	4.14e-01	6.73e-02	1.8634067	-4.43433	0.23451143	51172_at
140459_at	4.14e-01	6.74e-02	-1.8631617	-4.43474	-0.17777072	140459_at
201501_at	4.14e-01	6.74e-02	-1.8631477	-4.43476	-0.17473708	201501_at
3189_at	4.14e-01	6.74e-02	1.8630077	-4.435	0.19738808	3189_at
51427_at	4.14e-01	6.74e-02	1.8629311	-4.43513	0.14099475	51427_at
1491_at	4.14e-01	6.74e-02	-1.862735	-4.43546	-0.46505663	1491_at
173_at	4.14e-01	6.74e-02	-1.8627093	-4.4355	-1.07177314	173_at
952_at	4.14e-01	6.75e-02	1.8626846	-4.43554	0.43225086	952_at
3817_at	4.14e-01	6.75e-02	-1.8625583	-4.43576	-0.16475105	3817_at
3373_at	4.14e-01	6.75e-02	-1.8621326	-4.43648	-0.42115551	3373_at
1628_at	4.14e-01	6.76e-02	1.8614446	-4.43764	0.31407079	1628_at
1946_at	4.14e-01	6.76e-02	-1.8613687	-4.43776	-0.18463318	1946_at
10769_at	4.14e-01	6.77e-02	1.861261	-4.43795	0.61693632	10769_at
7324_at	4.14e-01	6.77e-02	1.8610228	-4.43835	0.35304716	7324_at
993_at	4.14e-01	6.77e-02	-1.8609933	-4.4384	-0.17005478	993_at
55041_at	4.14e-01	6.77e-02	-1.8608475	-4.43864	-0.2660764	55041_at
1786_at	4.14e-01	6.78e-02	1.860161	-4.4398	0.45362287	1786_at
51362_at	4.14e-01	6.78e-02	1.8599883	-4.44009	0.22522248	51362_at
6457_at	4.14e-01	6.79e-02	-1.8599042	-4.44023	-0.28796753	6457_at
8601_at	4.14e-01	6.79e-02	-1.8597674	-4.44046	-0.13570766	8601_at
23125_at	4.14e-01	6.80e-02	-1.8589862	-4.44178	-0.15744934	23125_at
54596_at	4.14e-01	6.80e-02	-1.8587407	-4.44219	-0.17245098	54596_at
92703_at	4.14e-01	6.80e-02	-1.8586712	-4.44231	-0.17937554	92703_at
79885_at	4.14e-01	6.81e-02	-1.8584749	-4.44264	-0.17282056	79885_at
478_at	4.14e-01	6.81e-02	-1.8584052	-4.44276	-0.1854165	478_at
4086_at	4.14e-01	6.81e-02	1.8582542	-4.44301	0.32484719	4086_at
65264_at	4.14e-01	6.81e-02	1.8581656	-4.44316	0.20018957	65264_at
8655_at	4.14e-01	6.81e-02	1.8581283	-4.44323	0.25232981	8655_at
57115_at	4.14e-01	6.82e-02	-1.8577365	-4.44389	-0.29358254	57115_at
55074_at	4.14e-01	6.82e-02	1.8576711	-4.444	0.28384069	55074_at
54898_at	4.14e-01	6.83e-02	-1.8571071	-4.44494	-0.15368261	54898_at
25822_at	4.14e-01	6.83e-02	-1.8570791	-4.44499	-0.19354389	25822_at
64081_at	4.14e-01	6.83e-02	-1.8569892	-4.44514	-0.48445765	64081_at
8689_at	4.14e-01	6.83e-02	-1.8569364	-4.44523	-0.17138224	8689_at
50833_at	4.15e-01	6.85e-02	-1.8554576	-4.44772	-0.21689224	50833_at
645745_at	4.15e-01	6.85e-02	-1.8554115	-4.4478	-0.2752906	645745_at
4151_at	4.15e-01	6.86e-02	-1.8548086	-4.44881	-0.25971818	4151_at
51574_at	4.15e-01	6.86e-02	1.8547449	-4.44892	0.25815485	51574_at
3880_at	4.15e-01	6.86e-02	1.8546106	-4.44914	0.93881814	3880_at
79664_at	4.15e-01	6.87e-02	1.8538289	-4.45046	0.24349121	79664_at
24_at	4.15e-01	6.88e-02	-1.8535903	-4.45086	-0.18535865	24_at
51351_at	4.15e-01	6.88e-02	-1.8535775	-4.45088	-0.16586452	51351_at
79442_at	4.15e-01	6.88e-02	-1.8534255	-4.45114	-0.20920826	79442_at
65265_at	4.15e-01	6.88e-02	1.8532016	-4.45151	0.31669893	65265_at
89845_at	4.15e-01	6.89e-02	1.8529657	-4.45191	0.22152254	89845_at
7078_at	4.15e-01	6.89e-02	-1.8526293	-4.45247	-0.28302359	7078_at
55116_at	4.15e-01	6.89e-02	1.8524773	-4.45273	0.2131505	55116_at
9790_at	4.15e-01	6.89e-02	1.852366	-4.45292	0.1912826	9790_at
23158_at	4.16e-01	6.91e-02	-1.8515367	-4.45431	-0.30830873	23158_at
4925_at	4.16e-01	6.91e-02	1.851179	-4.45491	0.37719476	4925_at
1102_at	4.16e-01	6.93e-02	1.8500206	-4.45685	0.24597399	1102_at
23221_at	4.16e-01	6.93e-02	-1.8498011	-4.45722	-0.18179397	23221_at
290_at	4.16e-01	6.93e-02	1.8497822	-4.45725	0.51347663	290_at
22944_at	4.16e-01	6.93e-02	1.8497256	-4.45735	0.25786305	22944_at
22948_at	4.16e-01	6.94e-02	1.8493493	-4.45798	0.32192445	22948_at
23313_at	4.16e-01	6.94e-02	1.849166	-4.45829	0.27284778	23313_at
1509_at	4.16e-01	6.95e-02	1.8488741	-4.45878	0.39685385	1509_at
546_at	4.17e-01	6.97e-02	1.8473664	-4.4613	0.14383491	546_at
11118_at	4.18e-01	6.97e-02	1.8469064	-4.46207	0.55892243	11118_at
11037_at	4.18e-01	6.98e-02	1.8464551	-4.46283	0.35966921	11037_at
23670_at	4.18e-01	6.98e-02	-1.8464524	-4.46283	-0.46545754	23670_at
55089_at	4.18e-01	6.98e-02	-1.8462482	-4.46318	-0.25465784	55089_at
119_at	4.18e-01	6.99e-02	-1.8457091	-4.46408	-0.21514687	119_at
79868_at	4.18e-01	6.99e-02	1.8456436	-4.46419	0.1352441	79868_at
4653_at	4.18e-01	7.00e-02	-1.8450977	-4.4651	-0.19946089	4653_at
390999_at	4.19e-01	7.02e-02	-1.8440853	-4.4668	-0.22695719	390999_at
3497_at	4.19e-01	7.03e-02	-1.8432004	-4.46828	-0.17442955	3497_at
26049_at	4.19e-01	7.04e-02	-1.8427417	-4.46904	-0.16274211	26049_at
51191_at	4.19e-01	7.04e-02	1.84251	-4.46943	0.43433006	51191_at
63877_at	4.19e-01	7.04e-02	-1.8422451	-4.46987	-0.13060421	63877_at
8506_at	4.19e-01	7.05e-02	-1.8416265	-4.47091	-0.21606789	8506_at
3746_at	4.19e-01	7.05e-02	-1.8416263	-4.47091	-0.16631933	3746_at
81858_at	4.19e-01	7.05e-02	-1.8416247	-4.47091	-0.18412059	81858_at
64718_at	4.19e-01	7.05e-02	-1.8415099	-4.4711	-0.12834813	64718_at
3303_at	4.19e-01	7.06e-02	1.8413065	-4.47144	0.45445885	3303_at
9873_at	4.19e-01	7.06e-02	1.8411472	-4.47171	0.39501018	9873_at
6188_at	4.19e-01	7.06e-02	1.8408242	-4.47225	0.30920435	6188_at
56244_at	4.19e-01	7.07e-02	-1.8406429	-4.47255	-0.20541876	56244_at
2057_at	4.19e-01	7.07e-02	-1.8404472	-4.47288	-0.14580786	2057_at
23471_at	4.19e-01	7.07e-02	1.8402057	-4.47328	0.38849497	23471_at
5304_at	4.19e-01	7.07e-02	-1.8401788	-4.47332	-0.16583191	5304_at
9480_at	4.20e-01	7.10e-02	-1.838194	-4.47664	-0.21312538	9480_at
4608_at	4.20e-01	7.11e-02	-1.837991	-4.47697	-0.24046305	4608_at
51104_at	4.20e-01	7.11e-02	-1.8379429	-4.47706	-0.22798927	51104_at
3983_at	4.20e-01	7.11e-02	1.8377665	-4.47735	0.22468874	3983_at
8295_at	4.20e-01	7.11e-02	1.8374231	-4.47792	0.18047054	8295_at
9975_at	4.20e-01	7.12e-02	1.83718	-4.47833	0.32359253	9975_at
85236_at	4.20e-01	7.12e-02	1.8370577	-4.47853	0.60119869	85236_at
3664_at	4.20e-01	7.12e-02	-1.8368114	-4.47894	-0.23811847	3664_at
2052_at	4.20e-01	7.13e-02	-1.836741	-4.47906	-0.57423979	2052_at
2287_at	4.20e-01	7.13e-02	1.8364789	-4.4795	0.35039035	2287_at
55721_at	4.20e-01	7.13e-02	-1.8362595	-4.47986	-0.25321132	55721_at
4093_at	4.20e-01	7.13e-02	-1.8362578	-4.47986	-0.21190614	4093_at
10630_at	4.20e-01	7.14e-02	-1.8358413	-4.48056	-0.15449107	10630_at
2248_at	4.20e-01	7.14e-02	-1.8358238	-4.48059	-0.15437707	2248_at
8735_at	4.20e-01	7.14e-02	-1.8356912	-4.48081	-0.19121147	8735_at
9076_at	4.20e-01	7.15e-02	1.835177	-4.48167	0.34567116	9076_at
4209_at	4.20e-01	7.15e-02	-1.8348304	-4.48224	-0.17246063	4209_at
55615_at	4.20e-01	7.16e-02	1.834465	-4.48285	0.26117907	55615_at
64750_at	4.20e-01	7.17e-02	1.83394	-4.48372	0.29293318	64750_at
4735_at	4.20e-01	7.17e-02	1.8335863	-4.48431	0.25643426	4735_at
155_at	4.20e-01	7.17e-02	-1.8335561	-4.48436	-0.14582621	155_at
320_at	4.20e-01	7.17e-02	-1.8335078	-4.48444	-0.20448375	320_at
80740_at	4.20e-01	7.17e-02	-1.8334676	-4.48451	-0.2193369	80740_at
63923_at	4.20e-01	7.17e-02	-1.8334169	-4.4846	-0.18242282	63923_at
2745_at	4.20e-01	7.18e-02	-1.833355	-4.4847	-0.24282969	2745_at
54831_at	4.20e-01	7.18e-02	-1.8333444	-4.48472	-0.22275031	54831_at
1522_at	4.20e-01	7.19e-02	1.8323179	-4.48642	0.46953978	1522_at
10799_at	4.20e-01	7.19e-02	1.8322577	-4.48652	0.26258885	10799_at
51192_at	4.20e-01	7.20e-02	1.8320585	-4.48686	0.8280833	51192_at
2273_at	4.20e-01	7.20e-02	1.8320436	-4.48688	0.6763547	2273_at
8848_at	4.20e-01	7.20e-02	1.8314494	-4.48787	0.33377463	8848_at
6505_at	4.20e-01	7.20e-02	-1.83144	-4.48788	-0.41719412	6505_at
3623_at	4.20e-01	7.22e-02	-1.8305945	-4.48929	-0.22165933	3623_at
6307_at	4.20e-01	7.22e-02	-1.830585	-4.48931	-0.35659997	6307_at
11027_at	4.20e-01	7.22e-02	-1.8302054	-4.48994	-0.14603307	11027_at
9949_at	4.20e-01	7.22e-02	1.8301536	-4.49002	0.29600857	9949_at
10900_at	4.20e-01	7.23e-02	-1.8299721	-4.49032	-0.15069207	10900_at
29844_at	4.20e-01	7.23e-02	1.8297944	-4.49062	0.22232862	29844_at
2132_at	4.20e-01	7.24e-02	1.8293324	-4.49139	0.21120487	2132_at
23179_at	4.20e-01	7.24e-02	1.8289025	-4.4921	0.30823403	23179_at
4698_at	4.20e-01	7.25e-02	-1.8285386	-4.4927	-0.44557488	4698_at
1643_at	4.20e-01	7.25e-02	1.8285015	-4.49277	0.31024607	1643_at
54738_at	4.20e-01	7.25e-02	-1.8283266	-4.49306	-0.24091924	54738_at
8453_at	4.20e-01	7.25e-02	1.8281703	-4.49332	0.13039068	8453_at
9582_at	4.20e-01	7.26e-02	1.827881	-4.4938	0.58534833	9582_at
3708_at	4.20e-01	7.26e-02	-1.8276849	-4.49412	-0.21504197	3708_at
3293_at	4.20e-01	7.26e-02	-1.8276733	-4.49414	-0.25114232	3293_at
4688_at	4.20e-01	7.26e-02	1.8275421	-4.49436	0.54330668	4688_at
6315_at	4.20e-01	7.27e-02	-1.8269258	-4.49538	-0.17490529	6315_at
25873_at	4.20e-01	7.28e-02	1.826389	-4.49627	0.35576634	25873_at
256987_at	4.20e-01	7.28e-02	-1.8262064	-4.49657	-0.29546486	256987_at
4935_at	4.20e-01	7.29e-02	1.8259285	-4.49703	0.36468262	4935_at
25790_at	4.20e-01	7.29e-02	-1.825802	-4.49724	-0.18061685	25790_at
7439_at	4.20e-01	7.29e-02	-1.8256647	-4.49747	-0.25020126	7439_at
2104_at	4.20e-01	7.29e-02	-1.8256296	-4.49753	-0.33088367	2104_at
23770_at	4.20e-01	7.29e-02	-1.8256256	-4.49754	-0.21638436	23770_at
55262_at	4.20e-01	7.30e-02	-1.8254151	-4.49789	-0.19821376	55262_at
57105_at	4.20e-01	7.30e-02	-1.8252788	-4.49811	-0.18602694	57105_at
80256_at	4.21e-01	7.31e-02	-1.8245667	-4.49929	-0.18135275	80256_at
286451_at	4.21e-01	7.31e-02	-1.8244401	-4.4995	-0.14772841	286451_at
2854_at	4.21e-01	7.32e-02	-1.8238049	-4.50055	-0.24828915	2854_at
30848_at	4.21e-01	7.32e-02	-1.8237813	-4.50059	-0.1398183	30848_at
54918_at	4.21e-01	7.33e-02	1.8232407	-4.50149	0.42838571	54918_at
2023_at	4.21e-01	7.34e-02	1.8228831	-4.50208	0.2894678	2023_at
84779_at	4.22e-01	7.35e-02	-1.8216184	-4.50417	-0.2278481	84779_at
8620_at	4.22e-01	7.36e-02	-1.8215386	-4.50431	-0.17471054	8620_at
988_at	4.22e-01	7.36e-02	1.8215314	-4.50432	0.18387569	988_at
9900_at	4.22e-01	7.36e-02	-1.8214425	-4.50447	-0.25087783	9900_at
25793_at	4.22e-01	7.36e-02	-1.8211517	-4.50495	-0.27375191	25793_at
523_at	4.22e-01	7.37e-02	-1.8206379	-4.5058	-0.2708864	523_at
9982_at	4.22e-01	7.37e-02	-1.8206171	-4.50583	-0.25563543	9982_at
5931_at	4.23e-01	7.39e-02	1.8196475	-4.50743	0.21402267	5931_at
3697_at	4.23e-01	7.39e-02	-1.8194724	-4.50772	-0.1830323	3697_at
51504_at	4.23e-01	7.40e-02	1.8183917	-4.50951	0.20989538	51504_at
79670_at	4.23e-01	7.42e-02	1.8176849	-4.51068	0.23647133	79670_at
55220_at	4.23e-01	7.43e-02	-1.8170354	-4.51175	-0.18694023	55220_at
29105_at	4.23e-01	7.43e-02	1.8169853	-4.51183	0.21290742	29105_at
1432_at	4.23e-01	7.43e-02	1.8169713	-4.51186	0.17549597	1432_at
54977_at	4.23e-01	7.43e-02	1.8168136	-4.51212	0.18063834	54977_at
3690_at	4.23e-01	7.43e-02	1.816508	-4.51262	0.39486881	3690_at
10930_at	4.23e-01	7.44e-02	-1.8163814	-4.51283	-0.21654458	10930_at
10487_at	4.23e-01	7.44e-02	1.8162366	-4.51307	0.30541548	10487_at
54529_at	4.23e-01	7.44e-02	1.8159006	-4.51362	0.2245541	54529_at
9629_at	4.23e-01	7.44e-02	-1.8159001	-4.51362	-0.09001804	9629_at
6433_at	4.23e-01	7.45e-02	-1.8156266	-4.51407	-0.12793848	6433_at
5638_at	4.23e-01	7.45e-02	1.8156209	-4.51408	0.34518103	5638_at
6160_at	4.23e-01	7.45e-02	-1.8154872	-4.5143	-0.20379389	6160_at
8625_at	4.23e-01	7.45e-02	1.8153787	-4.51448	0.25735699	8625_at
27120_at	4.23e-01	7.45e-02	-1.8152952	-4.51462	-0.21868813	27120_at
5796_at	4.23e-01	7.45e-02	1.8151919	-4.51479	0.29707946	5796_at
23109_at	4.23e-01	7.46e-02	-1.815134	-4.51489	-0.33959664	23109_at
8292_at	4.23e-01	7.46e-02	-1.8151132	-4.51492	-0.18303336	8292_at
55454_at	4.23e-01	7.46e-02	-1.8147074	-4.51559	-0.18839778	55454_at
727897_at	4.23e-01	7.46e-02	-1.8145686	-4.51582	-0.19165133	727897_at
339105_at	4.23e-01	7.47e-02	-1.8140409	-4.51669	-0.25009052	339105_at
9267_at	4.23e-01	7.48e-02	-1.8132821	-4.51794	-0.1481965	9267_at
22795_at	4.24e-01	7.50e-02	1.8123825	-4.51942	0.49033705	22795_at
5982_at	4.24e-01	7.50e-02	1.8121181	-4.51986	0.19972841	5982_at
23098_at	4.24e-01	7.51e-02	-1.8116761	-4.52059	-0.15088017	23098_at
79969_at	4.25e-01	7.52e-02	-1.8108184	-4.522	-0.22970682	79969_at
23089_at	4.25e-01	7.53e-02	-1.8103879	-4.52271	-0.19126656	23089_at
26037_at	4.25e-01	7.54e-02	-1.8098195	-4.52364	-0.17437704	26037_at
65243_at	4.25e-01	7.54e-02	-1.8093913	-4.52435	-0.14661416	65243_at
10196_at	4.25e-01	7.55e-02	-1.8093276	-4.52445	-0.23191949	10196_at
11030_at	4.25e-01	7.55e-02	1.8090961	-4.52483	0.28218959	11030_at
10978_at	4.25e-01	7.55e-02	1.8090739	-4.52487	0.16374204	10978_at
2957_at	4.25e-01	7.55e-02	-1.8089354	-4.5251	-0.17844188	2957_at
6584_at	4.25e-01	7.55e-02	-1.8089187	-4.52512	-0.33998559	6584_at
26010_at	4.25e-01	7.56e-02	1.8084136	-4.52595	0.15800694	26010_at
81931_at	4.25e-01	7.56e-02	-1.8083015	-4.52614	-0.22579454	81931_at
22875_at	4.25e-01	7.56e-02	-1.8081598	-4.52637	-0.22142962	22875_at
55285_at	4.25e-01	7.56e-02	1.8081221	-4.52643	0.19517031	55285_at
1075_at	4.25e-01	7.57e-02	1.8079585	-4.5267	0.28645704	1075_at
7345_at	4.25e-01	7.57e-02	1.8079356	-4.52674	0.72231228	7345_at
8082_at	4.25e-01	7.57e-02	1.8077321	-4.52707	0.20148151	8082_at
1394_at	4.25e-01	7.58e-02	-1.8069847	-4.5283	-0.15727674	1394_at
51003_at	4.25e-01	7.58e-02	-1.8068486	-4.52853	-0.19175591	51003_at
7113_at	4.25e-01	7.59e-02	-1.806615	-4.52891	-0.38575992	7113_at
9874_at	4.25e-01	7.59e-02	-1.8063849	-4.52929	-0.14663835	9874_at
29066_at	4.25e-01	7.60e-02	1.8060976	-4.52976	0.24822725	29066_at
2049_at	4.25e-01	7.60e-02	-1.805793	-4.53026	-0.18092995	2049_at
7421_at	4.25e-01	7.61e-02	-1.8055311	-4.53069	-0.38733533	7421_at
9312_at	4.25e-01	7.61e-02	-1.8051741	-4.53128	-0.16242453	9312_at
23528_at	4.25e-01	7.61e-02	1.8050786	-4.53143	0.23446007	23528_at
9788_at	4.25e-01	7.62e-02	-1.8043652	-4.5326	-0.14628473	9788_at
5818_at	4.25e-01	7.63e-02	-1.8038553	-4.53344	-0.14133474	5818_at
26234_at	4.25e-01	7.63e-02	-1.8037908	-4.53354	-0.32803341	26234_at
375790_at	4.25e-01	7.64e-02	1.8036489	-4.53378	0.25149009	375790_at
3371_at	4.25e-01	7.64e-02	1.8035353	-4.53396	0.93450847	3371_at
29094_at	4.25e-01	7.64e-02	-1.8034907	-4.53404	-0.23620216	29094_at
400410_at	4.26e-01	7.65e-02	-1.8030495	-4.53476	-0.16197385	400410_at
55256_at	4.26e-01	7.65e-02	-1.8026692	-4.53538	-0.53018668	55256_at
54914_at	4.26e-01	7.66e-02	1.8022686	-4.53604	0.35611987	54914_at
10572_at	4.26e-01	7.66e-02	1.802194	-4.53616	0.23144487	10572_at
26212_at	4.26e-01	7.67e-02	-1.8012094	-4.53778	-0.15214156	26212_at
2827_at	4.26e-01	7.68e-02	-1.8011089	-4.53794	-0.20945635	2827_at
51350_at	4.26e-01	7.68e-02	-1.8009612	-4.53818	-0.22478627	51350_at
51575_at	4.26e-01	7.68e-02	1.8009454	-4.53821	0.24181318	51575_at
23769_at	4.26e-01	7.68e-02	-1.8009091	-4.53827	-0.26337623	23769_at
5737_at	4.26e-01	7.68e-02	-1.8008568	-4.53835	-0.21299487	5737_at
5441_at	4.26e-01	7.68e-02	1.8007272	-4.53857	0.19723368	5441_at
26707_at	4.26e-01	7.69e-02	-1.8004196	-4.53907	-0.12510773	26707_at
3206_at	4.26e-01	7.69e-02	1.8002796	-4.5393	0.23803281	3206_at
84909_at	4.26e-01	7.69e-02	1.800063	-4.53965	0.29181302	84909_at
51208_at	4.26e-01	7.70e-02	-1.7995233	-4.54054	-0.14028708	51208_at
79701_at	4.26e-01	7.71e-02	-1.7991506	-4.54115	-0.16170084	79701_at
8844_at	4.26e-01	7.71e-02	-1.7988696	-4.54161	-0.14864716	8844_at
6749_at	4.26e-01	7.71e-02	1.7988246	-4.54168	0.18703524	6749_at
8087_at	4.26e-01	7.72e-02	1.7984536	-4.54229	0.18259568	8087_at
81627_at	4.26e-01	7.73e-02	1.7979664	-4.54308	0.26632082	81627_at
10154_at	4.27e-01	7.74e-02	1.7968887	-4.54485	0.15581783	10154_at
8581_at	4.28e-01	7.77e-02	-1.7954636	-4.54718	-0.18244178	8581_at
85452_at	4.28e-01	7.77e-02	-1.7951398	-4.5477	-0.19169015	85452_at
9752_at	4.28e-01	7.77e-02	-1.7950739	-4.54781	-0.17615959	9752_at
2101_at	4.28e-01	7.77e-02	-1.7949567	-4.548	-0.20453107	2101_at
27242_at	4.28e-01	7.77e-02	-1.794956	-4.548	-0.38678683	27242_at
84124_at	4.28e-01	7.79e-02	1.7940762	-4.54944	0.16666233	84124_at
805_at	4.29e-01	7.80e-02	1.7935091	-4.55037	0.22803803	805_at
5164_at	4.29e-01	7.81e-02	-1.7926115	-4.55183	-0.42144678	5164_at
2560_at	4.30e-01	7.82e-02	-1.7921248	-4.55263	-0.21198426	2560_at
29943_at	4.30e-01	7.83e-02	-1.7916193	-4.55345	-0.15764466	29943_at
55311_at	4.30e-01	7.83e-02	-1.7914863	-4.55367	-0.14242589	55311_at
402_at	4.30e-01	7.84e-02	-1.7908821	-4.55465	-0.24773186	402_at
7298_at	4.31e-01	7.86e-02	1.7897937	-4.55642	0.41133781	7298_at
54112_at	4.32e-01	7.89e-02	-1.7879526	-4.55942	-0.1881138	54112_at
831_at	4.32e-01	7.89e-02	1.7878563	-4.55958	0.23946665	831_at
81491_at	4.32e-01	7.89e-02	-1.787601	-4.55999	-0.17745023	81491_at
3001_at	4.32e-01	7.90e-02	1.7872528	-4.56056	0.72799402	3001_at
63978_at	4.32e-01	7.90e-02	-1.7871017	-4.56081	-0.26228688	63978_at
6376_at	4.32e-01	7.90e-02	1.7869923	-4.56098	0.25227392	6376_at
2002_at	4.32e-01	7.91e-02	-1.7866958	-4.56147	-0.16855619	2002_at
57863_at	4.32e-01	7.91e-02	-1.7866914	-4.56147	-0.15627215	57863_at
388650_at	4.32e-01	7.91e-02	1.7865346	-4.56173	0.40388987	388650_at
677_at	4.32e-01	7.92e-02	1.7860997	-4.56244	0.12770989	677_at
140597_at	4.32e-01	7.92e-02	-1.7860802	-4.56247	-0.46344736	140597_at
8662_at	4.32e-01	7.92e-02	1.7859812	-4.56263	0.15595111	8662_at
6224_at	4.32e-01	7.92e-02	1.7857395	-4.56302	0.35301536	6224_at
54682_at	4.32e-01	7.93e-02	1.785473	-4.56346	0.41727099	54682_at
6549_at	4.32e-01	7.93e-02	-1.7854129	-4.56355	-0.22392554	6549_at
5916_at	4.32e-01	7.94e-02	-1.7848748	-4.56443	-0.21319722	5916_at
55013_at	4.32e-01	7.95e-02	1.7842328	-4.56547	0.55915791	55013_at
5998_at	4.32e-01	7.96e-02	-1.7834959	-4.56667	-0.32307272	5998_at
10296_at	4.32e-01	7.97e-02	1.7831287	-4.56726	0.217635	10296_at
79672_at	4.32e-01	7.97e-02	1.7830125	-4.56745	0.2754681	79672_at
4174_at	4.32e-01	7.97e-02	1.782764	-4.56786	0.25552575	4174_at
1534_at	4.32e-01	7.97e-02	1.7827339	-4.5679	0.14815115	1534_at
5788_at	4.32e-01	7.97e-02	1.7827293	-4.56791	0.60654405	5788_at
9854_at	4.32e-01	7.98e-02	-1.7825663	-4.56818	-0.17203504	9854_at
808_at	4.32e-01	7.99e-02	1.7818576	-4.56933	0.16236335	808_at
8536_at	4.32e-01	7.99e-02	1.7818005	-4.56942	0.23131115	8536_at
50943_at	4.32e-01	7.99e-02	-1.7817934	-4.56943	-0.18625963	50943_at
5743_at	4.32e-01	7.99e-02	1.7816282	-4.5697	0.2500875	5743_at
54520_at	4.32e-01	7.99e-02	1.7815709	-4.56979	0.17706366	54520_at
6597_at	4.32e-01	7.99e-02	1.7815127	-4.56989	0.18518485	6597_at
9748_at	4.32e-01	8.01e-02	-1.7806275	-4.57132	-0.27119577	9748_at
5134_at	4.32e-01	8.01e-02	1.7804943	-4.57154	0.22173199	5134_at
4654_at	4.32e-01	8.01e-02	-1.7804865	-4.57155	-0.1741688	4654_at
80777_at	4.32e-01	8.01e-02	1.7803804	-4.57172	0.16240004	80777_at
613_at	4.32e-01	8.01e-02	1.7803652	-4.57175	0.31977634	613_at
10010_at	4.33e-01	8.02e-02	1.7799309	-4.57245	0.17456348	10010_at
30_at	4.33e-01	8.02e-02	-1.7797558	-4.57273	-0.50302689	30_at
23212_at	4.33e-01	8.02e-02	-1.7796936	-4.57284	-0.19539928	23212_at
6318_at	4.33e-01	8.03e-02	-1.7793598	-4.57338	-0.16395531	6318_at
9158_at	4.33e-01	8.04e-02	1.7788003	-4.57428	0.20380468	9158_at
29127_at	4.33e-01	8.04e-02	-1.7785979	-4.57461	-0.36551584	29127_at
1259_at	4.33e-01	8.04e-02	-1.7785512	-4.57469	-0.27358403	1259_at
79725_at	4.33e-01	8.05e-02	-1.7781768	-4.57529	-0.13477621	79725_at
220972_at	4.33e-01	8.05e-02	1.77805	-4.5755	0.21147078	220972_at
9674_at	4.33e-01	8.05e-02	-1.7780227	-4.57554	-0.16848289	9674_at
55200_at	4.33e-01	8.05e-02	-1.7778297	-4.57586	-0.19279646	55200_at
3034_at	4.33e-01	8.06e-02	-1.7775411	-4.57632	-0.18697839	3034_at
8493_at	4.33e-01	8.06e-02	1.7773728	-4.57659	0.25783431	8493_at
5566_at	4.33e-01	8.09e-02	-1.7757622	-4.5792	-0.14531415	5566_at
3292_at	4.33e-01	8.09e-02	-1.7756627	-4.57936	-0.1720171	3292_at
375449_at	4.33e-01	8.10e-02	1.7753863	-4.57981	0.22656588	375449_at
55776_at	4.33e-01	8.10e-02	1.7753322	-4.5799	0.24518035	55776_at
9832_at	4.33e-01	8.10e-02	-1.775027	-4.58039	-0.13254434	9832_at
27289_at	4.33e-01	8.11e-02	-1.7746687	-4.58097	-0.17956873	27289_at
3083_at	4.33e-01	8.11e-02	-1.774651	-4.581	-0.18593132	3083_at
221981_at	4.33e-01	8.11e-02	-1.7742435	-4.58166	-0.3085438	221981_at
3791_at	4.33e-01	8.11e-02	1.7742378	-4.58167	0.24551528	3791_at
6185_at	4.33e-01	8.12e-02	1.7742086	-4.58171	0.17922717	6185_at
9306_at	4.33e-01	8.12e-02	-1.7736543	-4.58261	-0.18204558	9306_at
23092_at	4.33e-01	8.12e-02	1.7736308	-4.58265	0.12140249	23092_at
57096_at	4.33e-01	8.13e-02	-1.7735766	-4.58273	-0.18859167	57096_at
8878_at	4.33e-01	8.14e-02	1.7729431	-4.58376	0.24654158	8878_at
26577_at	4.33e-01	8.14e-02	-1.772917	-4.5838	-0.70631883	26577_at
63925_at	4.33e-01	8.14e-02	-1.7725103	-4.58446	-0.14964196	63925_at
1562_at	4.33e-01	8.15e-02	-1.7723591	-4.5847	-0.140979	1562_at
341_at	4.33e-01	8.15e-02	1.7722457	-4.58488	1.03826377	341_at
23096_at	4.33e-01	8.15e-02	-1.7721964	-4.58496	-0.21049374	23096_at
51087_at	4.33e-01	8.15e-02	-1.7719155	-4.58542	-0.20492209	51087_at
2060_at	4.33e-01	8.15e-02	-1.7718612	-4.5855	-0.21623942	2060_at
105_at	4.33e-01	8.15e-02	-1.7718272	-4.58556	-0.16821921	105_at
29927_at	4.33e-01	8.16e-02	1.7717752	-4.58564	0.20334039	29927_at
6629_at	4.33e-01	8.16e-02	-1.7716492	-4.58585	-0.20582442	6629_at
9061_at	4.33e-01	8.16e-02	1.7712557	-4.58648	0.29054117	9061_at
3881_at	4.33e-01	8.17e-02	-1.7711889	-4.58659	-0.16306094	3881_at
123872_at	4.33e-01	8.17e-02	-1.7710839	-4.58676	-0.18991835	123872_at
23325_at	4.33e-01	8.17e-02	1.7707773	-4.58725	0.19841554	23325_at
8840_at	4.33e-01	8.18e-02	-1.770454	-4.58778	-0.2020842	8840_at
79781_at	4.33e-01	8.19e-02	1.7700014	-4.58851	0.24158265	79781_at
7686_at	4.33e-01	8.19e-02	-1.7697349	-4.58894	-0.18627965	7686_at
5129_at	4.33e-01	8.19e-02	-1.7696759	-4.58903	-0.29542158	5129_at
4329_at	4.33e-01	8.19e-02	-1.7695932	-4.58916	-0.63339918	4329_at
1994_at	4.33e-01	8.20e-02	1.7693444	-4.58957	0.17862476	1994_at
23603_at	4.34e-01	8.21e-02	1.7687171	-4.59058	0.34140467	23603_at
3792_at	4.34e-01	8.22e-02	-1.7680998	-4.59157	-0.21674869	3792_at
55214_at	4.34e-01	8.22e-02	-1.7680794	-4.5916	-0.3233749	55214_at
841_at	4.34e-01	8.22e-02	1.7680359	-4.59167	0.20195224	841_at
5883_at	4.34e-01	8.22e-02	-1.7679294	-4.59185	-0.17445083	5883_at
8540_at	4.34e-01	8.23e-02	1.7676549	-4.59229	0.37780232	8540_at
10332_at	4.34e-01	8.24e-02	-1.7669766	-4.59338	-0.15836242	10332_at
5053_at	4.34e-01	8.24e-02	-1.7666454	-4.59391	-0.72974664	5053_at
23390_at	4.34e-01	8.24e-02	-1.7665076	-4.59414	-0.13999222	23390_at
56950_at	4.35e-01	8.26e-02	1.7657918	-4.59529	0.32644842	56950_at
9124_at	4.35e-01	8.26e-02	1.7653171	-4.59605	0.52884223	9124_at
1363_at	4.35e-01	8.27e-02	1.7650392	-4.5965	0.71919347	1363_at
3097_at	4.35e-01	8.27e-02	-1.7650311	-4.59651	-0.14965599	3097_at
55884_at	4.36e-01	8.30e-02	-1.7632581	-4.59936	-0.23111827	55884_at
1479_at	4.36e-01	8.30e-02	1.7630796	-4.59965	0.20936928	1479_at
54714_at	4.36e-01	8.31e-02	-1.7626746	-4.6003	-0.14123183	54714_at
81626_at	4.36e-01	8.31e-02	-1.7625679	-4.60047	-0.13491436	81626_at
10409_at	4.36e-01	8.31e-02	1.7624369	-4.60068	0.59610452	10409_at
200576_at	4.36e-01	8.32e-02	-1.7622958	-4.60091	-0.27353154	200576_at
54908_at	4.36e-01	8.32e-02	1.7622231	-4.60103	0.18439631	54908_at
9173_at	4.36e-01	8.33e-02	-1.76155	-4.60211	-0.24575492	9173_at
9058_at	4.36e-01	8.33e-02	-1.7613862	-4.60237	-0.51455129	9058_at
1910_at	4.36e-01	8.34e-02	-1.7611373	-4.60277	-0.41044574	1910_at
54328_at	4.37e-01	8.35e-02	-1.7604619	-4.60385	-0.17246008	54328_at
56105_at	4.37e-01	8.35e-02	-1.7601993	-4.60428	-0.14036525	56105_at
54468_at	4.37e-01	8.36e-02	1.7597936	-4.60493	0.20399936	54468_at
3185_at	4.37e-01	8.36e-02	1.7597505	-4.605	0.23426905	3185_at
79846_at	4.37e-01	8.37e-02	1.7592894	-4.60574	0.231204	79846_at
29931_at	4.37e-01	8.37e-02	-1.7591261	-4.606	-0.21318019	29931_at
7102_at	4.37e-01	8.37e-02	-1.7589283	-4.60631	-0.36963743	7102_at
114932_at	4.37e-01	8.38e-02	1.7585513	-4.60692	0.22195267	114932_at
11011_at	4.38e-01	8.40e-02	1.757168	-4.60914	0.23722576	11011_at
1009_at	4.38e-01	8.41e-02	1.7567482	-4.60981	0.50981191	1009_at
5440_at	4.38e-01	8.42e-02	-1.7564308	-4.61032	-0.20009122	5440_at
79823_at	4.38e-01	8.42e-02	-1.7564056	-4.61036	-0.15111583	79823_at
10214_at	4.38e-01	8.42e-02	-1.756339	-4.61046	-0.23660004	10214_at
80781_at	4.38e-01	8.42e-02	1.7562928	-4.61054	0.34257396	80781_at
2770_at	4.38e-01	8.43e-02	1.7557904	-4.61134	0.6297705	2770_at
1182_at	4.38e-01	8.44e-02	1.755208	-4.61228	0.2378341	1182_at
55805_at	4.38e-01	8.44e-02	-1.7551164	-4.61242	-0.19563769	55805_at
6764_at	4.38e-01	8.44e-02	1.7550667	-4.6125	0.36571846	6764_at
5197_at	4.38e-01	8.44e-02	1.7550001	-4.61261	0.15430306	5197_at
10549_at	4.38e-01	8.44e-02	1.7548533	-4.61284	0.34708154	10549_at
4807_at	4.38e-01	8.45e-02	-1.75473	-4.61304	-0.23730306	4807_at
4025_at	4.38e-01	8.45e-02	-1.7545421	-4.61334	-0.20099628	4025_at
7422_at	4.38e-01	8.45e-02	-1.754539	-4.61335	-0.33781574	7422_at
29998_at	4.38e-01	8.45e-02	-1.7542531	-4.6138	-0.14182761	29998_at
1734_at	4.38e-01	8.45e-02	-1.75422	-4.61386	-0.1509862	1734_at
51660_at	4.38e-01	8.46e-02	-1.7540054	-4.6142	-0.35904597	51660_at
8748_at	4.38e-01	8.46e-02	-1.7538634	-4.61443	-0.16266748	8748_at
167227_at	4.38e-01	8.46e-02	1.7537355	-4.61463	0.25806278	167227_at
81833_at	4.38e-01	8.47e-02	-1.7536182	-4.61482	-0.16377704	81833_at
27179_at	4.38e-01	8.48e-02	-1.7527732	-4.61617	-0.2423538	27179_at
29086_at	4.38e-01	8.49e-02	1.7523838	-4.61679	0.14734811	29086_at
23026_at	4.38e-01	8.50e-02	-1.7518505	-4.61765	-0.19160723	23026_at
53919_at	4.38e-01	8.50e-02	-1.7518383	-4.61767	-0.17151471	53919_at
64083_at	4.38e-01	8.50e-02	-1.751673	-4.61793	-0.2243404	64083_at
51160_at	4.38e-01	8.50e-02	1.7516145	-4.61802	0.206298	51160_at
10417_at	4.38e-01	8.50e-02	1.751594	-4.61806	0.83467608	10417_at
7702_at	4.38e-01	8.51e-02	1.7511573	-4.61875	0.15617642	7702_at
57001_at	4.38e-01	8.51e-02	-1.751084	-4.61887	-0.21793315	57001_at
3763_at	4.38e-01	8.52e-02	-1.7503083	-4.62011	-0.17234648	3763_at
23500_at	4.38e-01	8.53e-02	-1.7497886	-4.62094	-0.20967107	23500_at
2071_at	4.38e-01	8.53e-02	1.7497648	-4.62098	0.16969288	2071_at
55785_at	4.38e-01	8.53e-02	1.7497337	-4.62103	0.12332582	55785_at
3359_at	4.38e-01	8.54e-02	-1.7492378	-4.62182	-0.17065131	3359_at
56172_at	4.38e-01	8.55e-02	-1.7490145	-4.62217	-0.16131263	56172_at
25956_at	4.38e-01	8.55e-02	-1.7488774	-4.62239	-0.25550619	25956_at
4837_at	4.38e-01	8.56e-02	1.7484364	-4.6231	1.67306036	4837_at
3782_at	4.38e-01	8.56e-02	-1.7483191	-4.62328	-0.16141676	3782_at
6496_at	4.38e-01	8.57e-02	-1.7478014	-4.62411	-0.18672996	6496_at
2775_at	4.38e-01	8.57e-02	-1.7476451	-4.62436	-0.12357708	2775_at
66036_at	4.38e-01	8.57e-02	-1.7476163	-4.6244	-0.14995638	66036_at
2335_at	4.38e-01	8.57e-02	1.7475805	-4.62446	0.36266453	2335_at
25786_at	4.38e-01	8.57e-02	-1.7475776	-4.62447	-0.16051341	25786_at
55197_at	4.38e-01	8.57e-02	-1.7473739	-4.62479	-0.29316221	55197_at
10548_at	4.38e-01	8.58e-02	1.747143	-4.62516	0.2446795	10548_at
3163_at	4.38e-01	8.58e-02	-1.7469708	-4.62543	-0.23695472	3163_at
51741_at	4.38e-01	8.58e-02	-1.7469675	-4.62544	-0.19588869	51741_at
220_at	4.38e-01	8.58e-02	1.7467791	-4.62574	0.39099991	220_at
79089_at	4.39e-01	8.59e-02	1.7462449	-4.62659	0.14105701	79089_at
9762_at	4.39e-01	8.60e-02	-1.7461172	-4.62679	-0.21097862	9762_at
10584_at	4.39e-01	8.61e-02	-1.7453126	-4.62808	-0.20919607	10584_at
1112_at	4.39e-01	8.61e-02	-1.7451211	-4.62838	-0.16440556	1112_at
50939_at	4.39e-01	8.62e-02	-1.7446887	-4.62907	-0.14225196	50939_at
7287_at	4.40e-01	8.63e-02	-1.7441124	-4.62999	-0.21851368	7287_at
488_at	4.40e-01	8.65e-02	-1.7433066	-4.63127	-0.16664166	488_at
387_at	4.40e-01	8.65e-02	1.7428601	-4.63198	0.27779268	387_at
2014_at	4.40e-01	8.65e-02	1.7428209	-4.63204	0.65060257	2014_at
6009_at	4.40e-01	8.65e-02	1.7427889	-4.63209	0.23349714	6009_at
1983_at	4.40e-01	8.65e-02	-1.7427703	-4.63212	-0.1841041	1983_at
378708_at	4.40e-01	8.66e-02	-1.7424696	-4.6326	-0.43123112	378708_at
1999_at	4.40e-01	8.66e-02	1.7423999	-4.63271	0.61871318	1999_at
7770_at	4.40e-01	8.66e-02	1.7423503	-4.63279	0.23265634	7770_at
4818_at	4.40e-01	8.67e-02	1.7417944	-4.63367	0.32323436	4818_at
29881_at	4.40e-01	8.67e-02	-1.7416991	-4.63383	-0.18792825	29881_at
50509_at	4.40e-01	8.68e-02	-1.7415777	-4.63402	-0.16293234	50509_at
10238_at	4.40e-01	8.68e-02	1.7413236	-4.63442	0.13530788	10238_at
6862_at	4.40e-01	8.69e-02	-1.7408048	-4.63525	-0.23501901	6862_at
169611_at	4.40e-01	8.69e-02	-1.740684	-4.63544	-0.27794688	169611_at
27237_at	4.40e-01	8.70e-02	-1.7403279	-4.636	-0.1948108	27237_at
6738_at	4.40e-01	8.70e-02	1.7401461	-4.63629	0.29361276	6738_at
27257_at	4.40e-01	8.70e-02	1.7399284	-4.63664	0.19843199	27257_at
1992_at	4.41e-01	8.71e-02	1.739398	-4.63748	0.32794042	1992_at
5782_at	4.41e-01	8.72e-02	1.7391634	-4.63785	0.26856044	5782_at
471_at	4.41e-01	8.74e-02	1.7381021	-4.63954	0.24551225	471_at
10875_at	4.42e-01	8.74e-02	1.7377618	-4.64008	0.65240647	10875_at
10631_at	4.43e-01	8.77e-02	1.7362714	-4.64244	1.23064131	10631_at
55163_at	4.43e-01	8.77e-02	-1.7360319	-4.64282	-0.25364581	55163_at
9811_at	4.43e-01	8.78e-02	-1.7359409	-4.64297	-0.12690081	9811_at
92154_at	4.43e-01	8.79e-02	-1.735282	-4.64401	-0.14214218	92154_at
59339_at	4.43e-01	8.80e-02	-1.7345834	-4.64512	-0.17888957	59339_at
51773_at	4.44e-01	8.81e-02	1.73404	-4.64598	0.14654016	51773_at
4332_at	4.44e-01	8.81e-02	1.7338761	-4.64624	0.73412093	4332_at
11240_at	4.44e-01	8.81e-02	-1.733866	-4.64625	-0.31762191	11240_at
3174_at	4.44e-01	8.82e-02	1.7335574	-4.64674	0.45952143	3174_at
203197_at	4.44e-01	8.82e-02	1.7333857	-4.64701	0.19244339	203197_at
3659_at	4.44e-01	8.83e-02	1.7329734	-4.64767	0.48181945	3659_at
2863_at	4.44e-01	8.83e-02	1.732747	-4.64802	0.16270467	2863_at
25975_at	4.44e-01	8.83e-02	-1.7327339	-4.64804	-0.20023812	25975_at
64114_at	4.45e-01	8.87e-02	1.7308766	-4.65098	0.26644192	64114_at
55161_at	4.45e-01	8.88e-02	-1.7303594	-4.6518	-0.19784868	55161_at
9182_at	4.45e-01	8.88e-02	-1.7303307	-4.65184	-0.13336137	9182_at
706_at	4.45e-01	8.88e-02	1.7299085	-4.65251	0.38561046	706_at
4094_at	4.45e-01	8.89e-02	1.729619	-4.65297	0.45269649	4094_at
54796_at	4.45e-01	8.90e-02	1.7292468	-4.65356	0.33890366	54796_at
116285_at	4.45e-01	8.90e-02	-1.7292377	-4.65357	-0.22352028	116285_at
54852_at	4.45e-01	8.90e-02	-1.729041	-4.65388	-0.29995897	54852_at
2203_at	4.45e-01	8.90e-02	-1.7288486	-4.65419	-0.66698491	2203_at
10623_at	4.46e-01	8.91e-02	1.7284865	-4.65476	0.18084216	10623_at
5467_at	4.46e-01	8.91e-02	-1.7281896	-4.65523	-0.12781817	5467_at
2487_at	4.46e-01	8.92e-02	1.727905	-4.65568	0.47603508	2487_at
6876_at	4.46e-01	8.93e-02	1.7274374	-4.65641	0.92909337	6876_at
4170_at	4.47e-01	8.95e-02	-1.7263518	-4.65813	-0.34457783	4170_at
4287_at	4.47e-01	8.96e-02	1.7259188	-4.65881	0.13274456	4287_at
51125_at	4.47e-01	8.96e-02	1.7257493	-4.65908	0.14677026	51125_at
54952_at	4.47e-01	8.98e-02	1.7248563	-4.66048	0.19911819	54952_at
8061_at	4.47e-01	8.98e-02	-1.724745	-4.66066	-0.32925729	8061_at
9340_at	4.47e-01	8.98e-02	-1.7246693	-4.66078	-0.14388208	9340_at
23361_at	4.47e-01	8.98e-02	-1.7246449	-4.66082	-0.14517184	23361_at
58525_at	4.48e-01	9.00e-02	-1.7234492	-4.6627	-0.13599004	58525_at
7170_at	4.48e-01	9.00e-02	-1.7233815	-4.66281	-0.20084764	7170_at
3055_at	4.48e-01	9.00e-02	1.7232538	-4.66301	0.54211215	3055_at
2912_at	4.48e-01	9.02e-02	-1.7224049	-4.66435	-0.18622873	2912_at
10389_at	4.48e-01	9.03e-02	-1.7220912	-4.66484	-0.26143384	10389_at
6870_at	4.48e-01	9.03e-02	-1.7220895	-4.66484	-0.18884884	6870_at
10573_at	4.48e-01	9.03e-02	1.7216359	-4.66556	0.21538589	10573_at
2783_at	4.48e-01	9.04e-02	1.7213827	-4.66595	0.25161928	2783_at
5651_at	4.48e-01	9.04e-02	-1.7213176	-4.66606	-0.15646463	5651_at
5317_at	4.48e-01	9.04e-02	-1.7212031	-4.66624	-0.17673571	5317_at
1241_at	4.48e-01	9.04e-02	-1.7210699	-4.66645	-0.15288773	1241_at
56301_at	4.48e-01	9.05e-02	-1.7208674	-4.66676	-0.2017488	56301_at
23383_at	4.48e-01	9.05e-02	-1.7208449	-4.6668	-0.11132535	23383_at
998_at	4.48e-01	9.05e-02	-1.7206391	-4.66712	-0.0883732	998_at
27348_at	4.48e-01	9.05e-02	1.7206135	-4.66716	0.20831947	27348_at
85294_at	4.48e-01	9.05e-02	-1.720589	-4.6672	-0.14446272	85294_at
5050_at	4.48e-01	9.06e-02	1.7204224	-4.66746	0.31256192	5050_at
4210_at	4.48e-01	9.07e-02	-1.7196683	-4.66865	-0.31167196	4210_at
222161_at	4.49e-01	9.08e-02	1.719198	-4.66939	0.32352228	222161_at
1601_at	4.49e-01	9.09e-02	1.7187272	-4.67013	0.2639283	1601_at
286205_at	4.49e-01	9.09e-02	-1.7183067	-4.67079	-0.12844553	286205_at
28316_at	4.49e-01	9.10e-02	-1.7181594	-4.67102	-0.15719579	28316_at
9362_at	4.49e-01	9.10e-02	-1.7178993	-4.67143	-0.68819528	9362_at
1826_at	4.49e-01	9.10e-02	-1.7177853	-4.67161	-0.19857334	1826_at
9057_at	4.49e-01	9.11e-02	-1.7176085	-4.67188	-0.14615101	9057_at
5046_at	4.49e-01	9.12e-02	-1.7169036	-4.67299	-0.12385602	5046_at
1044_at	4.49e-01	9.12e-02	-1.7166683	-4.67336	-0.20352665	1044_at
3630_at	4.49e-01	9.13e-02	-1.7165891	-4.67348	-0.17845009	3630_at
460_at	4.49e-01	9.13e-02	-1.7165818	-4.6735	-0.14320166	460_at
11281_at	4.49e-01	9.13e-02	-1.7164683	-4.67367	-0.16878225	11281_at
10533_at	4.49e-01	9.14e-02	-1.716078	-4.67429	-0.16405999	10533_at
64897_at	4.49e-01	9.14e-02	1.715969	-4.67446	0.18707321	64897_at
6769_at	4.49e-01	9.14e-02	-1.7157865	-4.67474	-0.23103164	6769_at
466_at	4.49e-01	9.15e-02	1.71535	-4.67543	0.24144453	466_at
1002_at	4.50e-01	9.16e-02	-1.7149829	-4.676	-0.14974712	1002_at
7358_at	4.50e-01	9.16e-02	-1.7145772	-4.67664	-0.36073998	7358_at
4090_at	4.50e-01	9.17e-02	1.7142545	-4.67715	0.12321552	4090_at
2785_at	4.50e-01	9.17e-02	-1.7140188	-4.67751	-0.17619043	2785_at
718_at	4.50e-01	9.17e-02	1.7139752	-4.67758	1.36437826	718_at
54542_at	4.50e-01	9.18e-02	1.7135247	-4.67829	0.14636765	54542_at
10616_at	4.50e-01	9.19e-02	1.7131681	-4.67885	0.17675417	10616_at
8310_at	4.50e-01	9.19e-02	-1.7131306	-4.67891	-0.18442586	8310_at
127534_at	4.50e-01	9.19e-02	-1.7129893	-4.67913	-0.24629749	127534_at
29119_at	4.50e-01	9.19e-02	-1.7129444	-4.6792	-0.19630555	29119_at
4134_at	4.50e-01	9.20e-02	1.7127161	-4.67956	0.11170535	4134_at
1544_at	4.50e-01	9.20e-02	-1.712691	-4.67959	-0.19800449	1544_at
5711_at	4.50e-01	9.20e-02	1.7123504	-4.68013	0.29226996	5711_at
79867_at	4.50e-01	9.21e-02	-1.7119096	-4.68082	-0.29883014	79867_at
8078_at	4.50e-01	9.22e-02	-1.7116686	-4.6812	-0.20624708	8078_at
29118_at	4.50e-01	9.22e-02	-1.7116056	-4.68129	-0.26902901	29118_at
7398_at	4.50e-01	9.22e-02	1.7114269	-4.68157	0.22989226	7398_at
64106_at	4.50e-01	9.23e-02	-1.7111907	-4.68194	-0.20711473	64106_at
81602_at	4.50e-01	9.23e-02	-1.7111282	-4.68204	-0.26352684	81602_at
3308_at	4.50e-01	9.23e-02	1.7109257	-4.68236	0.22590772	3308_at
23649_at	4.50e-01	9.23e-02	-1.7107221	-4.68268	-0.20113374	23649_at
100506124_at	4.50e-01	9.25e-02	-1.7099757	-4.68384	-0.21231611	100506124_at
9682_at	4.50e-01	9.25e-02	1.7098607	-4.68402	0.13673164	9682_at
55540_at	4.50e-01	9.25e-02	1.7097719	-4.68416	0.48301739	55540_at
80700_at	4.50e-01	9.27e-02	1.7088743	-4.68557	0.215934	80700_at
729515_at	4.50e-01	9.27e-02	1.708685	-4.68586	0.17042915	729515_at
3419_at	4.50e-01	9.27e-02	-1.7086213	-4.68596	-0.29626089	3419_at
2517_at	4.50e-01	9.28e-02	1.7083614	-4.68637	0.21898883	2517_at
23210_at	4.50e-01	9.28e-02	-1.7082664	-4.68652	-0.14923252	23210_at
54806_at	4.50e-01	9.28e-02	-1.7081211	-4.68674	-0.10367091	54806_at
7019_at	4.50e-01	9.28e-02	1.7080899	-4.68679	0.17494244	7019_at
5152_at	4.51e-01	9.29e-02	-1.7075946	-4.68756	-0.27496974	5152_at
10451_at	4.51e-01	9.31e-02	1.7065866	-4.68914	0.38209556	10451_at
6422_at	4.51e-01	9.32e-02	1.706271	-4.68963	0.51229844	6422_at
5516_at	4.51e-01	9.32e-02	-1.7061691	-4.68979	-0.11100638	5516_at
93974_at	4.51e-01	9.33e-02	1.7058279	-4.69032	0.2600117	93974_at
6539_at	4.51e-01	9.33e-02	1.7057362	-4.69047	0.33196622	6539_at
3219_at	4.51e-01	9.33e-02	-1.7056609	-4.69058	-0.13997752	3219_at
10107_at	4.51e-01	9.34e-02	-1.7053145	-4.69112	-0.15313162	10107_at
55658_at	4.52e-01	9.36e-02	-1.70418	-4.69289	-0.18187021	55658_at
112464_at	4.52e-01	9.36e-02	1.7039565	-4.69324	0.32322459	112464_at
10816_at	4.52e-01	9.36e-02	-1.7038847	-4.69335	-0.14386319	10816_at
9139_at	4.52e-01	9.37e-02	-1.7032371	-4.69436	-0.11013428	9139_at
140462_at	4.52e-01	9.38e-02	-1.703181	-4.69445	-0.59647081	140462_at
7266_at	4.52e-01	9.38e-02	1.7031358	-4.69452	0.21811565	7266_at
55764_at	4.53e-01	9.40e-02	1.7021649	-4.69603	0.23132358	55764_at
26256_at	4.53e-01	9.40e-02	-1.7019499	-4.69637	-0.15867916	26256_at
10301_at	4.53e-01	9.40e-02	-1.7019038	-4.69644	-0.33798294	10301_at
1266_at	4.53e-01	9.41e-02	1.7014986	-4.69707	0.2813674	1266_at
11120_at	4.53e-01	9.41e-02	1.7014506	-4.69714	0.15677426	11120_at
51009_at	4.53e-01	9.42e-02	1.7010795	-4.69772	0.21752694	51009_at
79603_at	4.54e-01	9.44e-02	1.6995826	-4.70005	0.28506311	79603_at
2168_at	4.54e-01	9.45e-02	-1.6995123	-4.70016	-0.86908351	2168_at
26502_at	4.54e-01	9.45e-02	1.6992444	-4.70058	0.22148335	26502_at
7917_at	4.54e-01	9.45e-02	1.6992359	-4.70059	0.1631498	7917_at
8558_at	4.54e-01	9.46e-02	-1.6989556	-4.70103	-0.17993453	8558_at
4842_at	4.54e-01	9.46e-02	-1.6984956	-4.70174	-0.18362554	4842_at
27019_at	4.54e-01	9.46e-02	-1.6984806	-4.70176	-0.24763641	27019_at
26952_at	4.54e-01	9.48e-02	-1.6977948	-4.70283	-0.16536904	26952_at
9515_at	4.54e-01	9.48e-02	-1.6976929	-4.70299	-0.12647767	9515_at
10270_at	4.54e-01	9.48e-02	-1.6976788	-4.70301	-0.13872367	10270_at
56675_at	4.54e-01	9.49e-02	-1.6972442	-4.70368	-0.21736763	56675_at
9643_at	4.54e-01	9.50e-02	1.6965827	-4.70471	0.19479059	9643_at
3227_at	4.54e-01	9.50e-02	-1.6964978	-4.70484	-0.22123317	3227_at
6279_at	4.54e-01	9.50e-02	1.6964314	-4.70495	1.62385562	6279_at
10653_at	4.54e-01	9.50e-02	1.696374	-4.70504	0.25895143	10653_at
2968_at	4.54e-01	9.51e-02	1.696213	-4.70529	0.20688406	2968_at
766_at	4.54e-01	9.51e-02	-1.6961917	-4.70532	-0.23350992	766_at
23054_at	4.54e-01	9.51e-02	1.6961879	-4.70532	0.21958394	23054_at
81493_at	4.54e-01	9.51e-02	-1.6959323	-4.70572	-0.20103194	81493_at
30833_at	4.54e-01	9.52e-02	-1.6958243	-4.70589	-0.15957717	30833_at
9270_at	4.54e-01	9.52e-02	1.6958125	-4.70591	0.2326172	9270_at
2170_at	4.54e-01	9.52e-02	1.6954292	-4.7065	0.45107663	2170_at
731_at	4.54e-01	9.52e-02	-1.6953525	-4.70662	-0.14847665	731_at
1001_at	4.54e-01	9.53e-02	1.695284	-4.70673	0.48878314	1001_at
4232_at	4.54e-01	9.53e-02	1.6951715	-4.7069	0.55435407	4232_at
5214_at	4.54e-01	9.53e-02	1.6948323	-4.70743	0.64921513	5214_at
249_at	4.54e-01	9.54e-02	-1.6947817	-4.70751	-0.51360838	249_at
56155_at	4.54e-01	9.54e-02	-1.694514	-4.70792	-0.15633094	56155_at
9367_at	4.54e-01	9.55e-02	1.6939263	-4.70883	0.20892198	9367_at
54491_at	4.54e-01	9.55e-02	-1.6938701	-4.70892	-0.12188045	54491_at
10103_at	4.54e-01	9.55e-02	1.6937656	-4.70908	0.37272511	10103_at
10269_at	4.54e-01	9.56e-02	-1.6935646	-4.70939	-0.17268716	10269_at
4953_at	4.54e-01	9.56e-02	1.6935062	-4.70948	0.24223482	4953_at
7471_at	4.54e-01	9.57e-02	-1.6929439	-4.71036	-0.14403522	7471_at
4686_at	4.54e-01	9.57e-02	1.6929303	-4.71038	0.12023222	4686_at
7448_at	4.54e-01	9.57e-02	-1.6927222	-4.7107	-0.47933954	7448_at
25840_at	4.54e-01	9.58e-02	-1.6926667	-4.71079	-0.30774022	25840_at
51458_at	4.54e-01	9.58e-02	-1.6923733	-4.71124	-0.84712602	51458_at
56936_at	4.54e-01	9.58e-02	-1.6922685	-4.7114	-0.18100441	56936_at
5480_at	4.54e-01	9.58e-02	1.6921816	-4.71154	0.34949145	5480_at
6553_at	4.54e-01	9.59e-02	-1.692156	-4.71158	-0.20707659	6553_at
55425_at	4.54e-01	9.59e-02	1.6919709	-4.71186	0.18615928	55425_at
56953_at	4.54e-01	9.60e-02	-1.6913424	-4.71284	-0.21180759	56953_at
79096_at	4.54e-01	9.60e-02	1.6913082	-4.71289	0.15222324	79096_at
55506_at	4.54e-01	9.60e-02	1.69126	-4.71296	0.18577963	55506_at
1312_at	4.56e-01	9.64e-02	1.6892907	-4.71601	0.16494531	1312_at
8671_at	4.56e-01	9.65e-02	-1.6885708	-4.71712	-0.4902866	8671_at
9031_at	4.56e-01	9.66e-02	1.688266	-4.7176	0.21934065	9031_at
23415_at	4.56e-01	9.67e-02	-1.6878065	-4.71831	-0.22632012	23415_at
79178_at	4.56e-01	9.67e-02	-1.6877174	-4.71844	-0.22405158	79178_at
8553_at	4.57e-01	9.69e-02	-1.6869201	-4.71968	-0.32678576	8553_at
770_at	4.58e-01	9.72e-02	-1.6853979	-4.72203	-0.17004582	770_at
90141_at	4.58e-01	9.72e-02	1.6851049	-4.72248	0.13105052	90141_at
10721_at	4.58e-01	9.73e-02	-1.6846713	-4.72315	-0.21637121	10721_at
51224_at	4.58e-01	9.73e-02	-1.6845714	-4.7233	-0.14144618	51224_at
2690_at	4.58e-01	9.73e-02	-1.6845137	-4.72339	-0.63408831	2690_at
3475_at	4.59e-01	9.75e-02	-1.6836711	-4.72469	-0.24311328	3475_at
3229_at	4.59e-01	9.75e-02	-1.6835373	-4.7249	-0.17273135	3229_at
3611_at	4.59e-01	9.77e-02	1.6825801	-4.72637	0.1557291	3611_at
6781_at	4.59e-01	9.77e-02	-1.6825794	-4.72637	-0.64473102	6781_at
9556_at	4.59e-01	9.77e-02	1.682521	-4.72646	0.15105038	9556_at
10013_at	4.59e-01	9.78e-02	-1.6820749	-4.72715	-0.355992	10013_at
100129482_at	4.59e-01	9.78e-02	-1.6819989	-4.72727	-0.15585775	100129482_at
231_at	4.60e-01	9.79e-02	1.6813936	-4.7282	0.46928513	231_at
5058_at	4.60e-01	9.80e-02	1.6812546	-4.72841	0.13013128	5058_at
608_at	4.60e-01	9.80e-02	1.6808523	-4.72903	0.4072335	608_at
7528_at	4.60e-01	9.81e-02	1.6804265	-4.72969	0.13438015	7528_at
92346_at	4.60e-01	9.81e-02	-1.6804218	-4.7297	-0.23213806	92346_at
10758_at	4.60e-01	9.82e-02	1.6802092	-4.73002	0.12758832	10758_at
23036_at	4.61e-01	9.84e-02	1.6789969	-4.73189	0.23747916	23036_at
963_at	4.61e-01	9.84e-02	1.6788205	-4.73216	0.83247702	963_at
56647_at	4.61e-01	9.85e-02	-1.6786637	-4.7324	-0.3028023	56647_at
54798_at	4.61e-01	9.85e-02	-1.6784776	-4.73269	-0.16558552	54798_at
5799_at	4.61e-01	9.86e-02	1.6779446	-4.73351	0.21235387	5799_at
64860_at	4.61e-01	9.86e-02	1.6777902	-4.73374	0.18808957	64860_at
23219_at	4.62e-01	9.88e-02	1.6767641	-4.73532	0.25624191	23219_at
11068_at	4.62e-01	9.89e-02	1.6764874	-4.73574	0.17423122	11068_at
158747_at	4.62e-01	9.89e-02	1.6764424	-4.73581	0.12243473	158747_at
10164_at	4.62e-01	9.90e-02	-1.6761029	-4.73634	-0.20634179	10164_at
83463_at	4.62e-01	9.90e-02	-1.6759235	-4.73661	-0.19902299	83463_at
23648_at	4.62e-01	9.90e-02	-1.6757968	-4.73681	-0.34469068	23648_at
4801_at	4.62e-01	9.92e-02	1.6751255	-4.73784	0.16963604	4801_at
79679_at	4.62e-01	9.94e-02	1.67418	-4.73929	0.68429357	79679_at
57379_at	4.62e-01	9.94e-02	-1.6739575	-4.73963	-0.16098459	57379_at
10766_at	4.62e-01	9.94e-02	-1.6739103	-4.7397	-0.25401472	10766_at
10024_at	4.62e-01	9.94e-02	-1.6738415	-4.73981	-0.21813783	10024_at
10092_at	4.62e-01	9.94e-02	1.6737618	-4.73993	0.36624099	10092_at
6134_at	4.62e-01	9.95e-02	-1.6732384	-4.74073	-0.15870776	6134_at
8193_at	4.62e-01	9.96e-02	-1.6730491	-4.74102	-0.20431633	8193_at
7164_at	4.62e-01	9.96e-02	1.6730118	-4.74108	0.41445403	7164_at
100130331_at	4.62e-01	9.96e-02	-1.6729512	-4.74117	-0.14410268	100130331_at
5030_at	4.62e-01	9.96e-02	-1.6727989	-4.7414	-0.17047749	5030_at
286_at	4.62e-01	9.99e-02	-1.6715352	-4.74334	-0.13138184	286_at
8927_at	4.62e-01	9.99e-02	-1.6714876	-4.74341	-0.21338412	8927_at
10553_at	4.62e-01	9.99e-02	1.6713262	-4.74366	0.33801044	10553_at
2022_at	4.62e-01	9.99e-02	1.6712335	-4.7438	0.23652449	2022_at
867_at	4.62e-01	9.99e-02	-1.6712054	-4.74385	-0.16356987	867_at
79847_at	4.62e-01	1.00e-01	-1.6711245	-4.74397	-0.17549684	79847_at
51100_at	4.62e-01	1.00e-01	1.6709803	-4.74419	0.18320604	51100_at
7332_at	4.62e-01	1.00e-01	1.6707082	-4.74461	0.17797152	7332_at
25819_at	4.62e-01	1.00e-01	-1.6706015	-4.74477	-0.20883078	25819_at
221395_at	4.62e-01	1.00e-01	-1.6702199	-4.74536	-0.59606379	221395_at
9073_at	4.62e-01	1.00e-01	-1.6696606	-4.74621	-0.46735825	9073_at
3166_at	4.62e-01	1.00e-01	-1.669196	-4.74692	-0.25107196	3166_at
3887_at	4.62e-01	1.00e-01	-1.6691172	-4.74704	-0.22620185	3887_at
55746_at	4.62e-01	1.00e-01	1.6691132	-4.74705	0.17657447	55746_at
8522_at	4.62e-01	1.00e-01	-1.6690881	-4.74709	-0.16426369	8522_at
3853_at	4.62e-01	1.00e-01	-1.6690372	-4.74716	-0.13390373	3853_at
79810_at	4.62e-01	1.00e-01	-1.6688881	-4.74739	-0.19160654	79810_at
4820_at	4.62e-01	1.00e-01	1.6688514	-4.74745	0.12302244	4820_at
79412_at	4.62e-01	1.00e-01	-1.6687515	-4.7476	-0.16703378	79412_at
4345_at	4.62e-01	1.01e-01	1.6683165	-4.74827	0.19324305	4345_at
10552_at	4.62e-01	1.01e-01	1.6682821	-4.74832	0.23453583	10552_at
79834_at	4.62e-01	1.01e-01	-1.6682798	-4.74832	-0.19408347	79834_at
9686_at	4.62e-01	1.01e-01	1.6682656	-4.74835	0.19077367	9686_at
6251_at	4.62e-01	1.01e-01	1.6682653	-4.74835	0.29519623	6251_at
5825_at	4.62e-01	1.01e-01	-1.6679583	-4.74882	-0.25721852	5825_at
4159_at	4.62e-01	1.01e-01	-1.6677264	-4.74917	-0.12827912	4159_at
55870_at	4.62e-01	1.01e-01	-1.6675977	-4.74937	-0.17478383	55870_at
5330_at	4.63e-01	1.01e-01	-1.6673408	-4.74976	-0.16921303	5330_at
55888_at	4.63e-01	1.01e-01	1.6670737	-4.75017	0.2038926	55888_at
6017_at	4.63e-01	1.01e-01	-1.6668216	-4.75055	-0.20124664	6017_at
2835_at	4.63e-01	1.01e-01	-1.6661748	-4.75154	-0.23104885	2835_at
22930_at	4.63e-01	1.01e-01	1.6659119	-4.75194	0.11194633	22930_at
51319_at	4.64e-01	1.01e-01	1.6650023	-4.75333	0.16177498	51319_at
80323_at	4.64e-01	1.01e-01	-1.664061	-4.75477	-0.20866682	80323_at
6643_at	4.64e-01	1.01e-01	1.6640577	-4.75477	0.19143787	6643_at
5591_at	4.64e-01	1.01e-01	1.6635599	-4.75553	0.19090154	5591_at
6935_at	4.64e-01	1.02e-01	1.6633853	-4.7558	0.13159215	6935_at
63891_at	4.64e-01	1.02e-01	-1.6631026	-4.75623	-0.20944777	63891_at
2202_at	4.64e-01	1.02e-01	1.6629504	-4.75646	0.43145045	2202_at
8563_at	4.64e-01	1.02e-01	1.6629364	-4.75648	0.22375104	8563_at
90326_at	4.64e-01	1.02e-01	-1.6628859	-4.75656	-0.14238967	90326_at
56648_at	4.64e-01	1.02e-01	-1.662621	-4.75696	-0.1623292	56648_at
10227_at	4.65e-01	1.02e-01	1.6622986	-4.75745	0.35141456	10227_at
80019_at	4.65e-01	1.02e-01	-1.6619474	-4.75799	-0.16093732	80019_at
90011_at	4.65e-01	1.02e-01	-1.6610416	-4.75937	-0.35947874	90011_at
3291_at	4.66e-01	1.02e-01	-1.6605527	-4.76011	-0.5247091	3291_at
259197_at	4.66e-01	1.02e-01	-1.6598797	-4.76114	-0.15939353	259197_at
916_at	4.66e-01	1.02e-01	-1.6592322	-4.76212	-0.26525598	916_at
440_at	4.66e-01	1.02e-01	1.6590505	-4.7624	0.39315199	440_at
1407_at	4.66e-01	1.02e-01	-1.658513	-4.76322	-0.37129228	1407_at
7781_at	4.66e-01	1.02e-01	-1.6585093	-4.76322	-0.2529553	7781_at
5609_at	4.66e-01	1.03e-01	-1.6583696	-4.76344	-0.12169924	5609_at
4189_at	4.66e-01	1.03e-01	-1.6583446	-4.76347	-0.29968336	4189_at
65996_at	4.66e-01	1.03e-01	1.6580993	-4.76385	0.17844051	65996_at
26353_at	4.67e-01	1.03e-01	1.6578045	-4.7643	0.6609499	26353_at
79712_at	4.67e-01	1.03e-01	1.6575681	-4.76466	0.18615605	79712_at
7171_at	4.67e-01	1.03e-01	1.6573292	-4.76502	0.26863657	7171_at
389177_at	4.67e-01	1.03e-01	-1.656895	-4.76568	-0.17429219	389177_at
6392_at	4.67e-01	1.03e-01	-1.6566444	-4.76606	-0.27860287	6392_at
81789_at	4.67e-01	1.03e-01	-1.656525	-4.76624	-0.10594721	81789_at
85352_at	4.67e-01	1.03e-01	-1.6562466	-4.76666	-0.16482728	85352_at
1795_at	4.67e-01	1.03e-01	-1.6562047	-4.76673	-0.14182488	1795_at
5608_at	4.67e-01	1.03e-01	-1.6561239	-4.76685	-0.21060492	5608_at
23097_at	4.67e-01	1.03e-01	1.6555437	-4.76773	0.11879009	23097_at
8649_at	4.67e-01	1.03e-01	1.6548839	-4.76873	0.24993124	8649_at
25827_at	4.67e-01	1.03e-01	1.6544104	-4.76945	0.17821813	25827_at
314_at	4.67e-01	1.03e-01	-1.6543828	-4.76949	-0.15069363	314_at
7436_at	4.67e-01	1.03e-01	1.6543536	-4.76954	0.29106568	7436_at
962_at	4.67e-01	1.03e-01	1.6541441	-4.76986	0.95676611	962_at
10970_at	4.68e-01	1.03e-01	1.6537722	-4.77042	0.30819639	10970_at
51188_at	4.68e-01	1.04e-01	1.6531385	-4.77138	0.15033349	51188_at
9933_at	4.68e-01	1.04e-01	1.6530411	-4.77153	0.2802092	9933_at
9581_at	4.68e-01	1.04e-01	1.6528143	-4.77187	0.16424867	9581_at
5143_at	4.68e-01	1.04e-01	-1.6520259	-4.77307	-0.18351494	5143_at
26205_at	4.68e-01	1.04e-01	-1.6519436	-4.77319	-0.10504457	26205_at
4143_at	4.68e-01	1.04e-01	-1.6517527	-4.77348	-0.2206112	4143_at
378_at	4.68e-01	1.04e-01	1.6515603	-4.77377	0.22885873	378_at
10531_at	4.68e-01	1.04e-01	1.6514896	-4.77388	0.24438248	10531_at
5431_at	4.68e-01	1.04e-01	1.6514382	-4.77396	0.13467788	5431_at
9550_at	4.69e-01	1.04e-01	-1.650459	-4.77544	-0.16181177	9550_at
10865_at	4.69e-01	1.04e-01	-1.6504548	-4.77545	-0.19421418	10865_at
60489_at	4.69e-01	1.04e-01	1.6503511	-4.77561	0.46075964	60489_at
64097_at	4.69e-01	1.04e-01	1.6499525	-4.77621	0.22298186	64097_at
56287_at	4.69e-01	1.04e-01	-1.6498416	-4.77638	-0.15537734	56287_at
4294_at	4.69e-01	1.04e-01	-1.6495271	-4.77685	-0.17245529	4294_at
836_at	4.70e-01	1.05e-01	1.6484287	-4.77852	0.30442444	836_at
115353_at	4.70e-01	1.05e-01	1.6483828	-4.77858	0.1795394	115353_at
1428_at	4.70e-01	1.05e-01	-1.648077	-4.77905	-0.50735555	1428_at
3192_at	4.70e-01	1.05e-01	1.6477786	-4.7795	0.15351502	3192_at
57035_at	4.70e-01	1.05e-01	1.6477415	-4.77955	0.3277866	57035_at
140460_at	4.70e-01	1.05e-01	-1.6472703	-4.78027	-0.19110578	140460_at
9047_at	4.70e-01	1.05e-01	-1.6466149	-4.78126	-0.21973741	9047_at
1024_at	4.70e-01	1.05e-01	1.6463974	-4.78159	0.19852259	1024_at
11001_at	4.70e-01	1.05e-01	-1.6462095	-4.78187	-0.5094741	11001_at
695_at	4.71e-01	1.05e-01	-1.6454015	-4.78309	-0.19555636	695_at
54187_at	4.71e-01	1.05e-01	1.6453136	-4.78322	0.21707537	54187_at
678_at	4.71e-01	1.05e-01	-1.6450914	-4.78356	-0.18816485	678_at
54997_at	4.71e-01	1.05e-01	1.6446219	-4.78427	0.58142094	54997_at
2730_at	4.72e-01	1.05e-01	-1.6438873	-4.78538	-0.38680582	2730_at
967_at	4.72e-01	1.06e-01	1.6435216	-4.78593	0.24549822	967_at
93408_at	4.72e-01	1.06e-01	-1.6435048	-4.78595	-0.20120206	93408_at
5167_at	4.72e-01	1.06e-01	1.6434294	-4.78607	0.13887779	5167_at
55800_at	4.72e-01	1.06e-01	-1.6432881	-4.78628	-0.16428187	55800_at
27240_at	4.72e-01	1.06e-01	-1.6427146	-4.78715	-0.21314904	27240_at
51754_at	4.72e-01	1.06e-01	-1.6427106	-4.78715	-0.16882889	51754_at
1315_at	4.72e-01	1.06e-01	1.6425714	-4.78736	0.16524061	1315_at
54826_at	4.72e-01	1.06e-01	1.6423736	-4.78766	0.19331367	54826_at
162972_at	4.72e-01	1.06e-01	-1.6412262	-4.78939	-0.13638085	162972_at
10879_at	4.72e-01	1.06e-01	-1.6411743	-4.78947	-0.13164731	10879_at
55622_at	4.72e-01	1.06e-01	1.641152	-4.7895	0.25165548	55622_at
26083_at	4.72e-01	1.06e-01	-1.6408374	-4.78997	-0.21325777	26083_at
10450_at	4.72e-01	1.06e-01	1.640591	-4.79035	0.14540143	10450_at
2550_at	4.72e-01	1.06e-01	-1.6405522	-4.7904	-0.20326552	2550_at
10199_at	4.72e-01	1.06e-01	1.6399516	-4.79131	0.19017627	10199_at
7485_at	4.72e-01	1.06e-01	-1.6398418	-4.79147	-0.23503808	7485_at
7818_at	4.72e-01	1.06e-01	1.6394657	-4.79204	0.18609289	7818_at
799_at	4.72e-01	1.06e-01	-1.639417	-4.79211	-0.12040735	799_at
6696_at	4.72e-01	1.06e-01	1.6394155	-4.79212	0.36510465	6696_at
90864_at	4.72e-01	1.06e-01	-1.639343	-4.79222	-0.13627911	90864_at
3735_at	4.73e-01	1.07e-01	1.6387284	-4.79315	0.16021629	3735_at
54431_at	4.73e-01	1.07e-01	1.6386968	-4.7932	0.25770517	54431_at
7280_at	4.73e-01	1.07e-01	-1.6378684	-4.79444	-0.409656	7280_at
10293_at	4.73e-01	1.07e-01	-1.6377542	-4.79461	-0.18963258	10293_at
6258_at	4.73e-01	1.07e-01	-1.6374694	-4.79504	-0.18296045	6258_at
57018_at	4.73e-01	1.07e-01	-1.6373637	-4.7952	-0.29161442	57018_at
9371_at	4.73e-01	1.07e-01	1.6373614	-4.79521	0.20972423	9371_at
10902_at	4.73e-01	1.07e-01	1.636969	-4.7958	0.12185422	10902_at
10846_at	4.73e-01	1.07e-01	-1.6369364	-4.79584	-0.17039719	10846_at
8541_at	4.73e-01	1.07e-01	-1.6365102	-4.79648	-0.1470029	8541_at
23358_at	4.73e-01	1.07e-01	1.6359256	-4.79736	0.13552028	23358_at
1000_at	4.73e-01	1.07e-01	1.635923	-4.79737	0.20682456	1000_at
3809_at	4.73e-01	1.07e-01	-1.635868	-4.79745	-0.16759102	3809_at
22856_at	4.73e-01	1.07e-01	-1.635615	-4.79783	-0.41775178	22856_at
2994_at	4.73e-01	1.07e-01	-1.6354927	-4.79801	-0.20725133	2994_at
79009_at	4.73e-01	1.07e-01	1.6354648	-4.79806	0.31363648	79009_at
655_at	4.73e-01	1.07e-01	-1.6354552	-4.79807	-0.15400243	655_at
2931_at	4.73e-01	1.07e-01	-1.6354189	-4.79812	-0.15031769	2931_at
94081_at	4.73e-01	1.07e-01	-1.6353848	-4.79818	-0.37915141	94081_at
81579_at	4.73e-01	1.07e-01	-1.6353462	-4.79823	-0.20048303	81579_at
9054_at	4.73e-01	1.07e-01	-1.6351464	-4.79853	-0.31033029	9054_at
55973_at	4.73e-01	1.07e-01	1.6344	-4.79965	0.23859899	55973_at
50616_at	4.73e-01	1.08e-01	-1.6338474	-4.80048	-0.1457579	50616_at
79944_at	4.73e-01	1.08e-01	-1.6336054	-4.80085	-0.26369102	79944_at
8895_at	4.73e-01	1.08e-01	-1.6335375	-4.80095	-0.22549586	8895_at
10152_at	4.74e-01	1.08e-01	-1.6330674	-4.80165	-0.1215045	10152_at
55147_at	4.74e-01	1.08e-01	1.6325771	-4.80239	0.14894876	55147_at
79799_at	4.74e-01	1.08e-01	-1.6324268	-4.80261	-0.48371716	79799_at
786_at	4.74e-01	1.08e-01	-1.6322346	-4.8029	-0.1631049	786_at
164656_at	4.74e-01	1.08e-01	-1.6322343	-4.8029	-0.19623063	164656_at
5063_at	4.74e-01	1.08e-01	-1.6321006	-4.8031	-0.20031316	5063_at
229_at	4.74e-01	1.08e-01	-1.6313336	-4.80425	-0.5091306	229_at
3654_at	4.74e-01	1.08e-01	1.6309709	-4.8048	0.28557447	3654_at
84830_at	4.74e-01	1.08e-01	-1.6307658	-4.8051	-0.39181692	84830_at
573_at	4.76e-01	1.09e-01	-1.6294336	-4.8071	-0.18689548	573_at
860_at	4.76e-01	1.09e-01	-1.6292382	-4.80739	-0.14655222	860_at
55840_at	4.76e-01	1.09e-01	-1.6286598	-4.80826	-0.53828114	55840_at
3805_at	4.76e-01	1.09e-01	-1.62838	-4.80867	-0.15171459	3805_at
7006_at	4.76e-01	1.09e-01	-1.6283455	-4.80873	-0.18078327	7006_at
100506898_at	4.76e-01	1.09e-01	-1.6282682	-4.80884	-0.11606362	100506898_at
1392_at	4.76e-01	1.09e-01	-1.6279829	-4.80927	-0.13896328	1392_at
10077_at	4.76e-01	1.09e-01	-1.6277101	-4.80968	-0.18493351	10077_at
10263_at	4.76e-01	1.09e-01	1.6277055	-4.80968	0.43672669	10263_at
3382_at	4.76e-01	1.09e-01	-1.627617	-4.80982	-0.11979167	3382_at
26525_at	4.76e-01	1.09e-01	-1.6274955	-4.81	-0.13938425	26525_at
2821_at	4.76e-01	1.09e-01	1.6272328	-4.81039	0.21957243	2821_at
53347_at	4.76e-01	1.09e-01	-1.6270069	-4.81073	-0.17392482	53347_at
9791_at	4.76e-01	1.09e-01	-1.6268471	-4.81097	-0.17481641	9791_at
7469_at	4.76e-01	1.09e-01	-1.6267441	-4.81112	-0.124033	7469_at
2356_at	4.76e-01	1.09e-01	-1.6264542	-4.81155	-0.15585572	2356_at
55353_at	4.76e-01	1.09e-01	1.6262417	-4.81187	0.36333792	55353_at
55423_at	4.76e-01	1.09e-01	1.6257059	-4.81267	0.20600534	55423_at
2058_at	4.76e-01	1.09e-01	1.6251683	-4.81347	0.1428119	2058_at
54839_at	4.77e-01	1.09e-01	1.6247977	-4.81403	0.24115083	54839_at
4478_at	4.77e-01	1.10e-01	1.6244723	-4.81451	0.29003037	4478_at
610_at	4.77e-01	1.10e-01	-1.6243532	-4.81469	-0.11267052	610_at
904_at	4.77e-01	1.10e-01	-1.6238895	-4.81538	-0.16027599	904_at
5784_at	4.77e-01	1.10e-01	-1.6238223	-4.81548	-0.1503299	5784_at
732_at	4.77e-01	1.10e-01	-1.6229681	-4.81676	-0.19676878	732_at
9353_at	4.77e-01	1.10e-01	-1.6229594	-4.81677	-0.46446672	9353_at
9093_at	4.78e-01	1.10e-01	-1.6218072	-4.81849	-0.18681496	9093_at
887_at	4.78e-01	1.10e-01	-1.6215285	-4.8189	-0.19641772	887_at
1134_at	4.78e-01	1.10e-01	-1.62147	-4.81899	-0.17028923	1134_at
8817_at	4.78e-01	1.10e-01	-1.6214363	-4.81904	-0.11695456	8817_at
63876_at	4.78e-01	1.10e-01	-1.6210177	-4.81967	-0.13853737	63876_at
1506_at	4.78e-01	1.10e-01	-1.6206942	-4.82015	-0.20461116	1506_at
582_at	4.79e-01	1.11e-01	-1.6196955	-4.82163	-0.20604228	582_at
84525_at	4.79e-01	1.11e-01	1.6193808	-4.8221	0.82510165	84525_at
78997_at	4.79e-01	1.11e-01	-1.6193033	-4.82222	-0.16283649	78997_at
80208_at	4.79e-01	1.11e-01	1.619081	-4.82255	0.18495609	80208_at
6280_at	4.79e-01	1.11e-01	1.6190417	-4.82261	0.68508601	6280_at
100507424_at	4.79e-01	1.11e-01	-1.6189541	-4.82274	-0.18677202	100507424_at
53616_at	4.79e-01	1.11e-01	-1.6185175	-4.82339	-0.10705526	53616_at
9444_at	4.80e-01	1.11e-01	1.6173927	-4.82506	0.12932311	9444_at
10607_at	4.80e-01	1.11e-01	-1.616885	-4.82582	-0.15409014	10607_at
3080_at	4.81e-01	1.11e-01	1.6162543	-4.82675	0.28218216	3080_at
54566_at	4.81e-01	1.11e-01	-1.616087	-4.827	-0.27455531	54566_at
9659_at	4.81e-01	1.11e-01	1.6159946	-4.82714	0.26521543	9659_at
815_at	4.81e-01	1.12e-01	-1.6154241	-4.82799	-0.20839953	815_at
9016_at	4.81e-01	1.12e-01	-1.6149793	-4.82865	-0.13897749	9016_at
2526_at	4.81e-01	1.12e-01	1.6147648	-4.82896	0.25091058	2526_at
7048_at	4.81e-01	1.12e-01	1.6146407	-4.82915	0.26998645	7048_at
1043_at	4.81e-01	1.12e-01	1.6141934	-4.82981	0.8913521	1043_at
4163_at	4.81e-01	1.12e-01	-1.6139951	-4.83011	-0.21105166	4163_at
4150_at	4.81e-01	1.12e-01	-1.6138227	-4.83036	-0.11701271	4150_at
9706_at	4.81e-01	1.12e-01	-1.613556	-4.83076	-0.10664135	9706_at
29978_at	4.81e-01	1.12e-01	1.6132986	-4.83114	0.35559616	29978_at
10753_at	4.81e-01	1.12e-01	-1.6132263	-4.83125	-0.12933298	10753_at
55515_at	4.81e-01	1.12e-01	-1.6130804	-4.83146	-0.21310612	55515_at
1421_at	4.81e-01	1.12e-01	-1.613024	-4.83155	-0.16284349	1421_at
30837_at	4.81e-01	1.12e-01	-1.6129495	-4.83166	-0.17780342	30837_at
83439_at	4.81e-01	1.12e-01	-1.6126936	-4.83204	-0.21529439	83439_at
79831_at	4.81e-01	1.12e-01	-1.6126226	-4.83214	-0.1393349	79831_at
55052_at	4.81e-01	1.12e-01	-1.6124952	-4.83233	-0.18954058	55052_at
4585_at	4.81e-01	1.12e-01	-1.6123931	-4.83248	-0.08247557	4585_at
305_at	4.81e-01	1.12e-01	1.6122892	-4.83264	0.17099802	305_at
8828_at	4.81e-01	1.12e-01	-1.6121952	-4.83278	-0.10237047	8828_at
10109_at	4.81e-01	1.12e-01	1.6120776	-4.83295	0.2628915	10109_at
91316_at	4.81e-01	1.12e-01	1.6119282	-4.83317	1.65723836	91316_at
3569_at	4.81e-01	1.12e-01	-1.6114831	-4.83383	-0.1875283	3569_at
56165_at	4.81e-01	1.12e-01	-1.6112952	-4.83411	-0.16842325	56165_at
1514_at	4.81e-01	1.12e-01	1.6111432	-4.83434	0.23824479	1514_at
22879_at	4.81e-01	1.13e-01	1.6108449	-4.83478	0.13864451	22879_at
200734_at	4.81e-01	1.13e-01	-1.6108386	-4.83479	-0.12123532	200734_at
55613_at	4.81e-01	1.13e-01	-1.6105928	-4.83515	-0.12754975	55613_at
4208_at	4.81e-01	1.13e-01	1.6104574	-4.83535	0.23919403	4208_at
7037_at	4.81e-01	1.13e-01	-1.6102971	-4.83559	-0.63795112	7037_at
57553_at	4.82e-01	1.13e-01	1.6095868	-4.83664	0.17099595	57553_at
51184_at	4.82e-01	1.13e-01	-1.6092966	-4.83707	-0.18524266	51184_at
2355_at	4.82e-01	1.13e-01	-1.6087557	-4.83787	-0.23677082	2355_at
50619_at	4.82e-01	1.13e-01	-1.6085068	-4.83824	-0.20453572	50619_at
3241_at	4.82e-01	1.13e-01	-1.6084514	-4.83832	-0.22088592	3241_at
7597_at	4.82e-01	1.13e-01	-1.6080014	-4.83899	-0.1581913	7597_at
2962_at	4.82e-01	1.13e-01	1.6076878	-4.83945	0.128529	2962_at
8726_at	4.82e-01	1.13e-01	1.6074464	-4.83981	0.18530899	8726_at
57509_at	4.82e-01	1.13e-01	1.6074251	-4.83984	0.180869	57509_at
374868_at	4.82e-01	1.13e-01	-1.6072943	-4.84003	-0.10297839	374868_at
100129361_at	4.82e-01	1.13e-01	1.6072872	-4.84004	0.22713882	100129361_at
8468_at	4.82e-01	1.13e-01	-1.606606	-4.84105	-0.17928701	8468_at
83445_at	4.83e-01	1.14e-01	-1.6061074	-4.84179	-0.13289405	83445_at
4882_at	4.83e-01	1.14e-01	-1.605774	-4.84228	-0.12780511	4882_at
51593_at	4.83e-01	1.14e-01	1.6052752	-4.84301	0.12978151	51593_at
8530_at	4.83e-01	1.14e-01	1.6052636	-4.84303	0.30290907	8530_at
2107_at	4.83e-01	1.14e-01	-1.6052254	-4.84309	-0.17453022	2107_at
6271_at	4.83e-01	1.14e-01	1.6052117	-4.84311	0.4398836	6271_at
8673_at	4.83e-01	1.14e-01	1.6050924	-4.84328	0.2070461	8673_at
166647_at	4.83e-01	1.14e-01	1.6046308	-4.84397	0.19418218	166647_at
28957_at	4.83e-01	1.14e-01	1.6045708	-4.84405	0.20602407	28957_at
50937_at	4.83e-01	1.14e-01	-1.6044576	-4.84422	-0.16345142	50937_at
3514_at	4.83e-01	1.14e-01	1.6041956	-4.84461	1.80615197	3514_at
79948_at	4.84e-01	1.14e-01	-1.6026073	-4.84695	-0.13240532	79948_at
80133_at	4.84e-01	1.14e-01	-1.6022996	-4.8474	-0.1093369	80133_at
11099_at	4.84e-01	1.14e-01	-1.6022676	-4.84745	-0.10827449	11099_at
64601_at	4.84e-01	1.14e-01	1.6022393	-4.84749	0.17699106	64601_at
7097_at	4.84e-01	1.14e-01	1.6018242	-4.84811	0.37149076	7097_at
58498_at	4.85e-01	1.15e-01	-1.6006676	-4.84981	-0.19508465	58498_at
55435_at	4.86e-01	1.15e-01	-1.6000915	-4.85066	-0.32833496	55435_at
80352_at	4.86e-01	1.15e-01	-1.5995981	-4.85138	-0.2314841	80352_at
9131_at	4.86e-01	1.15e-01	1.5991579	-4.85203	0.31093213	9131_at
12_at	4.86e-01	1.15e-01	1.5991221	-4.85208	1.29387707	12_at
941_at	4.86e-01	1.15e-01	-1.5989478	-4.85234	-0.18141811	941_at
23339_at	4.86e-01	1.15e-01	1.5984935	-4.85301	0.13794925	23339_at
3755_at	4.86e-01	1.15e-01	-1.5981634	-4.85349	-0.13563971	3755_at
26100_at	4.86e-01	1.15e-01	1.5980578	-4.85365	0.12456793	26100_at
9914_at	4.87e-01	1.16e-01	-1.5967249	-4.85561	-0.26357643	9914_at
11155_at	4.87e-01	1.16e-01	-1.5965842	-4.85582	-0.1314514	11155_at
65985_at	4.87e-01	1.16e-01	1.5964778	-4.85597	0.19642394	65985_at
22882_at	4.88e-01	1.16e-01	1.5958229	-4.85693	0.15765137	22882_at
656_at	4.88e-01	1.16e-01	-1.5955105	-4.85739	-0.22204853	656_at
57117_at	4.88e-01	1.16e-01	1.5945134	-4.85886	0.19460388	57117_at
54986_at	4.88e-01	1.16e-01	-1.5944211	-4.85899	-0.24401173	54986_at
81030_at	4.88e-01	1.16e-01	-1.5943595	-4.85908	-0.15090982	81030_at
23116_at	4.88e-01	1.16e-01	1.5942821	-4.8592	0.25740842	23116_at
2737_at	4.88e-01	1.16e-01	-1.5941862	-4.85934	-0.26816401	2737_at
51513_at	4.88e-01	1.16e-01	-1.5940494	-4.85954	-0.21279732	51513_at
4190_at	4.89e-01	1.16e-01	1.5933238	-4.8606	0.21895451	4190_at
23224_at	4.89e-01	1.17e-01	1.5927932	-4.86138	0.3666102	23224_at
4542_at	4.89e-01	1.17e-01	1.5926628	-4.86157	0.34336735	4542_at
80232_at	4.89e-01	1.17e-01	1.5926575	-4.86158	0.16579626	80232_at
8891_at	4.89e-01	1.17e-01	-1.5924286	-4.86191	-0.13288865	8891_at
8754_at	4.89e-01	1.17e-01	1.5917121	-4.86296	0.37558109	8754_at
10096_at	4.89e-01	1.17e-01	1.5914615	-4.86333	0.33741604	10096_at
2872_at	4.89e-01	1.17e-01	-1.5914153	-4.8634	-0.24715523	2872_at
689_at	4.89e-01	1.17e-01	1.5913105	-4.86355	0.23106767	689_at
9125_at	4.89e-01	1.17e-01	-1.5910159	-4.86398	-0.13045619	9125_at
22844_at	4.89e-01	1.17e-01	-1.5907123	-4.86443	-0.15122036	22844_at
1015_at	4.89e-01	1.17e-01	-1.5906796	-4.86448	-0.17748612	1015_at
51367_at	4.89e-01	1.17e-01	1.5901435	-4.86526	0.23053732	51367_at
55654_at	4.89e-01	1.17e-01	1.590111	-4.86531	0.15185951	55654_at
203068_at	4.89e-01	1.17e-01	1.5900906	-4.86534	0.35264482	203068_at
2556_at	4.89e-01	1.17e-01	-1.590046	-4.8654	-0.15638469	2556_at
64960_at	4.89e-01	1.17e-01	-1.5898384	-4.86571	-0.20674105	64960_at
83786_at	4.89e-01	1.17e-01	-1.5897574	-4.86583	-0.20678927	83786_at
5264_at	4.89e-01	1.17e-01	-1.5894391	-4.86629	-0.47458724	5264_at
10174_at	4.90e-01	1.17e-01	-1.5886026	-4.86752	-0.16175345	10174_at
10286_at	4.90e-01	1.18e-01	1.5882809	-4.86799	0.17054407	10286_at
11012_at	4.90e-01	1.18e-01	-1.5881423	-4.86819	-0.22394122	11012_at
8815_at	4.90e-01	1.18e-01	1.5880985	-4.86825	0.22752354	8815_at
56882_at	4.90e-01	1.18e-01	-1.5874814	-4.86916	-0.27478988	56882_at
2274_at	4.90e-01	1.18e-01	1.5874757	-4.86916	0.67135342	2274_at
27043_at	4.90e-01	1.18e-01	-1.5874495	-4.8692	-0.13672258	27043_at
26291_at	4.90e-01	1.18e-01	-1.5870446	-4.86979	-0.15442182	26291_at
5305_at	4.90e-01	1.18e-01	1.587003	-4.86986	0.1591488	5305_at
57136_at	4.90e-01	1.18e-01	1.586864	-4.87006	0.2496701	57136_at
492_at	4.90e-01	1.18e-01	-1.5862958	-4.87089	-0.12972839	492_at
7536_at	4.90e-01	1.18e-01	1.5857354	-4.87171	0.18374279	7536_at
6782_at	4.90e-01	1.18e-01	-1.585558	-4.87197	-0.2342215	6782_at
4917_at	4.90e-01	1.18e-01	1.5855099	-4.87204	0.15198085	4917_at
80022_at	4.90e-01	1.18e-01	1.5854914	-4.87206	0.26915144	80022_at
80179_at	4.90e-01	1.18e-01	-1.5854632	-4.8721	-0.16232785	80179_at
472_at	4.90e-01	1.18e-01	1.585414	-4.87218	0.13031446	472_at
64319_at	4.90e-01	1.18e-01	-1.585335	-4.87229	-0.18775396	64319_at
114044_at	4.90e-01	1.18e-01	-1.5852043	-4.87248	-0.15820808	114044_at
55843_at	4.90e-01	1.18e-01	1.5848961	-4.87293	0.58827479	55843_at
115_at	4.90e-01	1.18e-01	-1.5847005	-4.87322	-0.19516179	115_at
56851_at	4.90e-01	1.18e-01	1.584563	-4.87342	0.15235996	56851_at
6721_at	4.90e-01	1.18e-01	-1.5845011	-4.87351	-0.14841444	6721_at
4673_at	4.90e-01	1.18e-01	1.584438	-4.8736	0.3088222	4673_at
334_at	4.90e-01	1.18e-01	1.5841275	-4.87405	0.19635611	334_at
54101_at	4.90e-01	1.18e-01	1.5841076	-4.87408	0.229617	54101_at
79144_at	4.90e-01	1.18e-01	1.5840374	-4.87418	0.27334456	79144_at
4726_at	4.90e-01	1.19e-01	1.5838061	-4.87452	0.16014478	4726_at
222_at	4.90e-01	1.19e-01	-1.5830087	-4.87569	-0.0915358	222_at
8446_at	4.91e-01	1.19e-01	1.5826387	-4.87622	0.15588346	8446_at
1456_at	4.91e-01	1.19e-01	1.5819842	-4.87718	0.23325033	1456_at
6717_at	4.91e-01	1.19e-01	1.5819011	-4.8773	0.20881679	6717_at
79955_at	4.91e-01	1.19e-01	-1.5817948	-4.87745	-0.19206293	79955_at
22849_at	4.91e-01	1.19e-01	-1.5817129	-4.87757	-0.17042492	22849_at
7200_at	4.91e-01	1.19e-01	-1.5813627	-4.87808	-0.16001146	7200_at
9086_at	4.91e-01	1.19e-01	-1.5813327	-4.87813	-0.84509304	9086_at
5710_at	4.91e-01	1.19e-01	1.5811021	-4.87846	0.15929951	5710_at
9749_at	4.91e-01	1.19e-01	1.5809494	-4.87869	0.19983354	9749_at
3562_at	4.91e-01	1.19e-01	-1.5807156	-4.87903	-0.12149085	3562_at
3170_at	4.91e-01	1.19e-01	-1.5803529	-4.87955	-0.12139134	3170_at
64123_at	4.91e-01	1.19e-01	1.5803202	-4.8796	0.34927699	64123_at
26040_at	4.91e-01	1.19e-01	-1.5802875	-4.87965	-0.22655073	26040_at
80185_at	4.91e-01	1.19e-01	-1.5800457	-4.88	-0.19097299	80185_at
10807_at	4.91e-01	1.19e-01	-1.579933	-4.88017	-0.18366769	10807_at
22866_at	4.91e-01	1.19e-01	-1.5798566	-4.88028	-0.11781457	22866_at
6529_at	4.91e-01	1.20e-01	-1.5795528	-4.88072	-0.14744734	6529_at
2885_at	4.91e-01	1.20e-01	1.5790524	-4.88145	0.16858562	2885_at
26043_at	4.91e-01	1.20e-01	1.5790485	-4.88145	0.15458376	26043_at
79034_at	4.91e-01	1.20e-01	-1.5788075	-4.8818	-0.11828837	79034_at
3397_at	4.91e-01	1.20e-01	1.5782035	-4.88268	0.51712763	3397_at
2588_at	4.91e-01	1.20e-01	1.5777526	-4.88334	0.19955413	2588_at
9535_at	4.91e-01	1.20e-01	1.5777057	-4.8834	0.60340246	9535_at
7260_at	4.91e-01	1.20e-01	1.5776993	-4.88341	0.18406276	7260_at
7442_at	4.91e-01	1.20e-01	-1.577489	-4.88372	-0.2120233	7442_at
482_at	4.92e-01	1.20e-01	-1.5765374	-4.8851	-0.21642079	482_at
8661_at	4.92e-01	1.20e-01	1.5764933	-4.88517	0.17442175	8661_at
5297_at	4.92e-01	1.20e-01	-1.5764158	-4.88528	-0.28194193	5297_at
6648_at	4.92e-01	1.20e-01	1.5760509	-4.88581	0.7088696	6648_at
25821_at	4.92e-01	1.20e-01	-1.5758578	-4.88609	-0.23522032	25821_at
81609_at	4.92e-01	1.21e-01	-1.5752191	-4.88702	-0.18762331	81609_at
51742_at	4.92e-01	1.21e-01	1.5751987	-4.88705	0.22997396	51742_at
838_at	4.92e-01	1.21e-01	-1.5751788	-4.88707	-0.12811876	838_at
9469_at	4.92e-01	1.21e-01	-1.5746534	-4.88784	-0.137679	9469_at
63892_at	4.92e-01	1.21e-01	1.5742555	-4.88841	0.11865899	63892_at
6229_at	4.92e-01	1.21e-01	1.5741864	-4.88851	0.18216944	6229_at
79777_at	4.92e-01	1.21e-01	-1.574124	-4.8886	-0.24607415	79777_at
54838_at	4.92e-01	1.21e-01	-1.5738572	-4.88899	-0.23825565	54838_at
5663_at	4.92e-01	1.21e-01	1.5738479	-4.889	0.20538407	5663_at
10559_at	4.92e-01	1.21e-01	1.5737109	-4.8892	0.22357043	10559_at
8048_at	4.92e-01	1.21e-01	1.5736781	-4.88925	0.13339839	8048_at
304_at	4.92e-01	1.21e-01	1.5736002	-4.88936	0.42968379	304_at
80128_at	4.92e-01	1.21e-01	-1.5734279	-4.88961	-0.13250436	80128_at
8123_at	4.92e-01	1.21e-01	-1.5733354	-4.88975	-0.11937831	8123_at
10798_at	4.92e-01	1.21e-01	-1.5732591	-4.88986	-0.20023005	10798_at
1136_at	4.92e-01	1.21e-01	-1.5731533	-4.89001	-0.12376369	1136_at
51052_at	4.92e-01	1.21e-01	-1.5729443	-4.89031	-0.27104863	51052_at
6169_at	4.92e-01	1.21e-01	1.5728244	-4.89049	0.16868843	6169_at
10636_at	4.92e-01	1.21e-01	1.5723264	-4.89121	0.14687302	10636_at
2940_at	4.92e-01	1.21e-01	-1.5720174	-4.89166	-0.30833753	2940_at
55246_at	4.92e-01	1.21e-01	-1.5719604	-4.89174	-0.17834084	55246_at
922_at	4.92e-01	1.21e-01	-1.5717978	-4.89198	-0.14925985	922_at
11170_at	4.93e-01	1.22e-01	-1.5708861	-4.8933	-0.2871138	11170_at
55733_at	4.93e-01	1.22e-01	1.5708545	-4.89334	0.2490383	55733_at
51555_at	4.93e-01	1.22e-01	-1.5704109	-4.89398	-0.12184479	51555_at
1618_at	4.93e-01	1.22e-01	-1.5703122	-4.89413	-0.10622545	1618_at
5987_at	4.93e-01	1.22e-01	1.570038	-4.89452	0.13714496	5987_at
26156_at	4.93e-01	1.22e-01	-1.569852	-4.89479	-0.13372633	26156_at
6290_at	4.93e-01	1.22e-01	-1.569776	-4.8949	-0.1330743	6290_at
51816_at	4.93e-01	1.22e-01	1.5695985	-4.89516	0.53536365	51816_at
4704_at	4.93e-01	1.22e-01	1.5691877	-4.89575	0.15263856	4704_at
3816_at	4.94e-01	1.22e-01	-1.5685544	-4.89667	-1.06520669	3816_at
23215_at	4.94e-01	1.22e-01	1.5680953	-4.89733	0.17749705	23215_at
2689_at	4.94e-01	1.22e-01	-1.5678634	-4.89767	-0.10833239	2689_at
9867_at	4.94e-01	1.22e-01	-1.5677716	-4.8978	-0.2606644	9867_at
3632_at	4.94e-01	1.22e-01	1.5674556	-4.89826	0.18565748	3632_at
1404_at	4.94e-01	1.22e-01	-1.5672241	-4.89859	-0.11741289	1404_at
151011_at	4.94e-01	1.22e-01	1.5671376	-4.89872	0.24992224	151011_at
100316904_at	4.94e-01	1.23e-01	-1.5665479	-4.89957	-0.22158067	100316904_at
29855_at	4.94e-01	1.23e-01	1.5664866	-4.89966	0.12336926	29855_at
2152_at	4.95e-01	1.23e-01	-1.5654811	-4.90111	-0.43482069	2152_at
81856_at	4.95e-01	1.23e-01	1.5650516	-4.90173	0.2049494	81856_at
1008_at	4.96e-01	1.23e-01	-1.5646098	-4.90237	-0.13274875	1008_at
9841_at	4.96e-01	1.23e-01	-1.5641235	-4.90307	-0.1596039	9841_at
63875_at	4.96e-01	1.23e-01	1.5639994	-4.90325	0.16544096	63875_at
8772_at	4.96e-01	1.23e-01	1.5637787	-4.90356	0.21747221	8772_at
8418_at	4.96e-01	1.23e-01	-1.5636864	-4.9037	-0.25836533	8418_at
29087_at	4.96e-01	1.23e-01	1.5636246	-4.90379	0.19086476	29087_at
1459_at	4.96e-01	1.23e-01	1.563054	-4.90461	0.17039494	1459_at
9528_at	4.96e-01	1.23e-01	-1.5625504	-4.90533	-0.1525327	9528_at
2590_at	4.96e-01	1.23e-01	1.5625173	-4.90538	0.24699207	2590_at
381_at	4.96e-01	1.24e-01	1.5624139	-4.90553	0.16793196	381_at
7551_at	4.96e-01	1.24e-01	-1.5619681	-4.90617	-0.09108103	7551_at
23162_at	4.96e-01	1.24e-01	-1.5618382	-4.90636	-0.12857811	23162_at
1813_at	4.96e-01	1.24e-01	-1.5607717	-4.9079	-0.15127229	1813_at
23086_at	4.96e-01	1.24e-01	-1.5606658	-4.90805	-0.21813338	23086_at
4947_at	4.96e-01	1.24e-01	1.5606643	-4.90805	0.13262247	4947_at
636_at	4.96e-01	1.24e-01	-1.5605908	-4.90816	-0.19467096	636_at
80135_at	4.96e-01	1.24e-01	1.5604885	-4.9083	0.16490621	80135_at
51106_at	4.96e-01	1.24e-01	1.5604588	-4.90835	0.19598413	51106_at
9821_at	4.96e-01	1.24e-01	1.5603883	-4.90845	0.20252269	9821_at
4824_at	4.96e-01	1.24e-01	-1.5603135	-4.90855	-0.13139847	4824_at
9050_at	4.96e-01	1.24e-01	1.5601482	-4.90879	0.20495776	9050_at
3775_at	4.96e-01	1.24e-01	-1.5600802	-4.90889	-0.24190942	3775_at
2688_at	4.96e-01	1.24e-01	-1.559987	-4.90902	-0.13341617	2688_at
93664_at	4.96e-01	1.24e-01	-1.5596762	-4.90947	-0.23295973	93664_at
6440_at	4.96e-01	1.24e-01	-1.5595347	-4.90967	-0.14876264	6440_at
4706_at	4.96e-01	1.24e-01	-1.5595336	-4.90968	-0.15965643	4706_at
5190_at	4.96e-01	1.24e-01	1.5592116	-4.91014	0.33329974	5190_at
23129_at	4.96e-01	1.24e-01	1.5592081	-4.91014	0.20373375	23129_at
7009_at	4.97e-01	1.24e-01	-1.5587803	-4.91076	-0.19787234	7009_at
23022_at	4.97e-01	1.25e-01	1.5581173	-4.91171	0.34545321	23022_at
10656_at	4.97e-01	1.25e-01	1.5580193	-4.91185	0.21075693	10656_at
388567_at	4.97e-01	1.25e-01	-1.5579049	-4.91202	-0.10370289	388567_at
51214_at	4.97e-01	1.25e-01	-1.5577147	-4.91229	-0.16992591	51214_at
26007_at	4.98e-01	1.25e-01	-1.5563331	-4.91427	-0.55767367	26007_at
6777_at	4.99e-01	1.25e-01	-1.5554021	-4.91561	-0.11824243	6777_at
92689_at	4.99e-01	1.25e-01	-1.5552669	-4.9158	-0.21637812	92689_at
1384_at	4.99e-01	1.25e-01	-1.5550207	-4.91616	-0.22221762	1384_at
7334_at	4.99e-01	1.26e-01	-1.5539572	-4.91768	-0.15171852	7334_at
55124_at	4.99e-01	1.26e-01	-1.5536183	-4.91817	-0.19927241	55124_at
6907_at	4.99e-01	1.26e-01	1.5536016	-4.91819	0.12599263	6907_at
10114_at	4.99e-01	1.26e-01	-1.5535859	-4.91821	-0.2636913	10114_at
64130_at	4.99e-01	1.26e-01	-1.5535634	-4.91825	-0.20365508	64130_at
6599_at	4.99e-01	1.26e-01	1.553527	-4.9183	0.13011025	6599_at
8565_at	4.99e-01	1.26e-01	1.5530478	-4.91899	0.1792914	8565_at
857_at	4.99e-01	1.26e-01	1.5530211	-4.91902	0.45604386	857_at
1755_at	4.99e-01	1.26e-01	-1.5529817	-4.91908	-0.19841255	1755_at
51115_at	4.99e-01	1.26e-01	-1.5528835	-4.91922	-0.25372326	51115_at
63901_at	4.99e-01	1.26e-01	1.5527685	-4.91939	0.20722804	63901_at
11025_at	4.99e-01	1.26e-01	-1.5524439	-4.91985	-0.21325348	11025_at
5575_at	4.99e-01	1.26e-01	-1.551975	-4.92052	-0.13944389	5575_at
10544_at	4.99e-01	1.26e-01	1.5518498	-4.9207	0.27028247	10544_at
23268_at	4.99e-01	1.26e-01	1.5517592	-4.92083	0.18133937	23268_at
79958_at	4.99e-01	1.26e-01	-1.5516632	-4.92097	-0.21463946	79958_at
6623_at	4.99e-01	1.26e-01	-1.5513617	-4.9214	-0.17504386	6623_at
11093_at	4.99e-01	1.26e-01	-1.5513526	-4.92141	-0.14436164	11093_at
6988_at	4.99e-01	1.26e-01	1.5512252	-4.9216	0.15395967	6988_at
441024_at	4.99e-01	1.26e-01	-1.5510691	-4.92182	-0.10354256	441024_at
64425_at	4.99e-01	1.26e-01	1.5506993	-4.92235	0.20505856	64425_at
2019_at	4.99e-01	1.26e-01	-1.5506527	-4.92241	-0.1067103	2019_at
26020_at	4.99e-01	1.26e-01	1.5505072	-4.92262	0.22257075	26020_at
80317_at	5.00e-01	1.27e-01	-1.5497669	-4.92368	-0.14310602	80317_at
10849_at	5.00e-01	1.27e-01	-1.5496252	-4.92388	-0.30726272	10849_at
3119_at	5.00e-01	1.27e-01	1.5494376	-4.92415	0.91984529	3119_at
6327_at	5.00e-01	1.27e-01	-1.5491282	-4.92459	-0.11485439	6327_at
3508_at	5.00e-01	1.27e-01	-1.5486698	-4.92525	-0.13470306	3508_at
60492_at	5.00e-01	1.27e-01	1.5484957	-4.9255	0.21815011	60492_at
824_at	5.00e-01	1.27e-01	1.5483889	-4.92565	0.29615168	824_at
60487_at	5.00e-01	1.27e-01	-1.5481806	-4.92595	-0.19575238	60487_at
51021_at	5.00e-01	1.27e-01	1.5480318	-4.92616	0.17918627	51021_at
3267_at	5.00e-01	1.27e-01	1.548007	-4.9262	0.19517807	3267_at
51762_at	5.00e-01	1.27e-01	1.5479251	-4.92631	0.21966781	51762_at
1466_at	5.00e-01	1.27e-01	1.5478629	-4.9264	0.34689274	1466_at
1796_at	5.00e-01	1.27e-01	1.5474694	-4.92696	0.19231785	1796_at
56130_at	5.00e-01	1.27e-01	-1.5472126	-4.92733	-0.16617401	56130_at
55720_at	5.00e-01	1.27e-01	1.5471271	-4.92745	0.13232685	55720_at
55280_at	5.00e-01	1.27e-01	-1.5470486	-4.92756	-0.15914468	55280_at
5354_at	5.00e-01	1.27e-01	-1.5470128	-4.92762	-0.17244902	5354_at
8490_at	5.00e-01	1.27e-01	1.5467781	-4.92795	0.41023716	8490_at
2246_at	5.00e-01	1.27e-01	-1.5467433	-4.928	-0.49904765	2246_at
79750_at	5.00e-01	1.27e-01	-1.5464581	-4.92841	-0.18654267	79750_at
9947_at	5.00e-01	1.27e-01	-1.5463191	-4.92861	-0.15737636	9947_at
9278_at	5.00e-01	1.28e-01	-1.5454637	-4.92983	-0.15081935	9278_at
55191_at	5.00e-01	1.28e-01	1.5452765	-4.93009	0.23260778	55191_at
10086_at	5.00e-01	1.28e-01	-1.5450186	-4.93046	-0.21050399	10086_at
8383_at	5.00e-01	1.28e-01	-1.5449793	-4.93052	-0.18004612	8383_at
9700_at	5.00e-01	1.28e-01	-1.544938	-4.93058	-0.477405	9700_at
23011_at	5.00e-01	1.28e-01	-1.5442658	-4.93153	-0.21701372	23011_at
4331_at	5.00e-01	1.28e-01	1.5440269	-4.93187	0.15274686	4331_at
48_at	5.00e-01	1.28e-01	-1.5439656	-4.93196	-0.39192663	48_at
8079_at	5.00e-01	1.28e-01	-1.543946	-4.93199	-0.2545943	8079_at
51154_at	5.00e-01	1.28e-01	1.543671	-4.93238	0.22464009	51154_at
9804_at	5.00e-01	1.28e-01	-1.5436594	-4.9324	-0.21186226	9804_at
7075_at	5.00e-01	1.28e-01	1.5436166	-4.93246	0.23438001	7075_at
1857_at	5.00e-01	1.28e-01	-1.5434045	-4.93276	-0.13556924	1857_at
1410_at	5.00e-01	1.28e-01	1.543359	-4.93283	0.55489123	1410_at
1339_at	5.00e-01	1.28e-01	-1.5433208	-4.93288	-0.29404403	1339_at
10953_at	5.00e-01	1.28e-01	-1.5431756	-4.93309	-0.13084049	10953_at
10768_at	5.00e-01	1.28e-01	-1.5427748	-4.93366	-0.20384061	10768_at
29966_at	5.00e-01	1.28e-01	-1.5427572	-4.93368	-0.19506392	29966_at
26529_at	5.00e-01	1.28e-01	-1.5426154	-4.93388	-0.15371955	26529_at
51603_at	5.00e-01	1.28e-01	1.5425266	-4.93401	0.11424608	51603_at
273_at	5.00e-01	1.28e-01	-1.5419059	-4.93489	-0.22842932	273_at
2878_at	5.00e-01	1.28e-01	-1.5418419	-4.93499	-0.24316294	2878_at
3352_at	5.00e-01	1.28e-01	-1.5417769	-4.93508	-0.15071641	3352_at
79853_at	5.00e-01	1.28e-01	-1.5416242	-4.9353	-0.11941143	79853_at
6793_at	5.01e-01	1.29e-01	1.5411836	-4.93592	0.20401835	6793_at
57493_at	5.01e-01	1.29e-01	1.5411336	-4.93599	0.32590202	57493_at
101927446_at	5.01e-01	1.29e-01	-1.5404327	-4.93699	-0.1025393	101927446_at
3283_at	5.01e-01	1.29e-01	-1.540068	-4.93751	-0.11804769	3283_at
6579_at	5.01e-01	1.29e-01	-1.5395231	-4.93828	-0.10804789	6579_at
101927681_at	5.01e-01	1.29e-01	-1.5392837	-4.93862	-0.14329947	101927681_at
3698_at	5.01e-01	1.29e-01	-1.5391414	-4.93883	-0.24313469	3698_at
8368_at	5.01e-01	1.29e-01	1.5390573	-4.93894	0.10194413	8368_at
81542_at	5.01e-01	1.29e-01	1.5390507	-4.93895	0.27622638	81542_at
2295_at	5.01e-01	1.29e-01	-1.5389553	-4.93909	-0.2045607	2295_at
54332_at	5.01e-01	1.29e-01	1.538944	-4.93911	0.13879863	54332_at
8793_at	5.01e-01	1.29e-01	-1.5386279	-4.93955	-0.21009114	8793_at
51501_at	5.01e-01	1.29e-01	1.5384312	-4.93983	0.20496456	51501_at
4763_at	5.01e-01	1.29e-01	-1.5383218	-4.93999	-0.0988331	4763_at
10736_at	5.01e-01	1.29e-01	-1.5378737	-4.94063	-0.13176687	10736_at
3065_at	5.01e-01	1.29e-01	1.5375348	-4.94111	0.28164299	3065_at
79979_at	5.01e-01	1.30e-01	-1.5374018	-4.9413	-0.19613758	79979_at
23399_at	5.01e-01	1.30e-01	1.5373871	-4.94132	0.18382114	23399_at
10273_at	5.01e-01	1.30e-01	-1.537273	-4.94148	-0.1792284	10273_at
5089_at	5.01e-01	1.30e-01	-1.5371074	-4.94171	-0.1597271	5089_at
115817_at	5.01e-01	1.30e-01	-1.5368875	-4.94203	-0.30886648	115817_at
9984_at	5.01e-01	1.30e-01	1.5365338	-4.94253	0.17294487	9984_at
93643_at	5.01e-01	1.30e-01	-1.5364283	-4.94268	-0.1177388	93643_at
54765_at	5.01e-01	1.30e-01	1.5364248	-4.94268	0.16316047	54765_at
7180_at	5.01e-01	1.30e-01	-1.5363072	-4.94285	-0.22670289	7180_at
95681_at	5.01e-01	1.30e-01	-1.5360183	-4.94326	-0.14143287	95681_at
5283_at	5.01e-01	1.30e-01	-1.535888	-4.94344	-0.2355844	5283_at
5373_at	5.01e-01	1.30e-01	1.5356796	-4.94374	0.20290796	5373_at
55778_at	5.01e-01	1.30e-01	-1.5354718	-4.94403	-0.15465182	55778_at
29113_at	5.01e-01	1.30e-01	-1.5354173	-4.94411	-0.23643036	29113_at
22822_at	5.01e-01	1.30e-01	-1.5352446	-4.94436	-0.19418194	22822_at
650_at	5.01e-01	1.30e-01	1.5350709	-4.9446	0.23938318	650_at
7022_at	5.01e-01	1.30e-01	-1.534726	-4.94509	-0.15351121	7022_at
23430_at	5.01e-01	1.30e-01	-1.534687	-4.94515	-0.164778	23430_at
5329_at	5.01e-01	1.30e-01	-1.5344926	-4.94542	-0.1699942	5329_at
767_at	5.01e-01	1.30e-01	-1.5344011	-4.94555	-0.22092536	767_at
1588_at	5.02e-01	1.30e-01	-1.5338573	-4.94632	-0.15175772	1588_at
4860_at	5.02e-01	1.30e-01	-1.5338125	-4.94638	-0.38894719	4860_at
9578_at	5.02e-01	1.30e-01	1.533549	-4.94676	0.16642357	9578_at
25959_at	5.02e-01	1.31e-01	1.5332595	-4.94717	0.20715076	25959_at
4018_at	5.02e-01	1.31e-01	-1.5332251	-4.94722	-0.11813333	4018_at
23397_at	5.02e-01	1.31e-01	-1.5330949	-4.9474	-0.18367648	23397_at
5236_at	5.02e-01	1.31e-01	-1.5330786	-4.94742	-0.22915923	5236_at
5966_at	5.02e-01	1.31e-01	-1.5329224	-4.94764	-0.16521598	5966_at
3208_at	5.02e-01	1.31e-01	-1.5326666	-4.94801	-0.14565664	3208_at
51385_at	5.02e-01	1.31e-01	-1.5320577	-4.94887	-0.13110214	51385_at
2010_at	5.02e-01	1.31e-01	-1.5317615	-4.94929	-0.15690037	2010_at
995_at	5.02e-01	1.31e-01	-1.531533	-4.94961	-0.13473056	995_at
55486_at	5.02e-01	1.31e-01	-1.5314675	-4.9497	-0.12614521	55486_at
6005_at	5.02e-01	1.31e-01	-1.5310249	-4.95033	-0.15784421	6005_at
7673_at	5.02e-01	1.31e-01	-1.530988	-4.95038	-0.17616593	7673_at
6801_at	5.02e-01	1.31e-01	-1.5309765	-4.9504	-0.10082088	6801_at
1213_at	5.02e-01	1.31e-01	1.5307012	-4.95079	0.15247111	1213_at
79768_at	5.02e-01	1.31e-01	-1.5304813	-4.9511	-0.1637285	79768_at
1453_at	5.02e-01	1.31e-01	1.5302799	-4.95138	0.19512796	1453_at
2353_at	5.02e-01	1.31e-01	-1.530085	-4.95166	-0.90927383	2353_at
528_at	5.02e-01	1.31e-01	1.5300204	-4.95175	0.21397764	528_at
60436_at	5.02e-01	1.31e-01	1.5296573	-4.95226	0.13936018	60436_at
2958_at	5.03e-01	1.31e-01	1.5293607	-4.95268	0.21553626	2958_at
23538_at	5.03e-01	1.32e-01	-1.5290134	-4.95317	-0.17491821	23538_at
1462_at	5.03e-01	1.32e-01	1.5284942	-4.9539	0.76519512	1462_at
8533_at	5.03e-01	1.32e-01	1.5278402	-4.95483	0.14984122	8533_at
79363_at	5.03e-01	1.32e-01	-1.5277357	-4.95498	-0.18259664	79363_at
5163_at	5.03e-01	1.32e-01	-1.5273846	-4.95547	-0.20429941	5163_at
54785_at	5.03e-01	1.32e-01	-1.5272608	-4.95565	-0.15862259	54785_at
8570_at	5.03e-01	1.32e-01	-1.5272272	-4.95569	-0.11155267	8570_at
93164_at	5.03e-01	1.32e-01	-1.5271856	-4.95575	-0.12002308	93164_at
80231_at	5.03e-01	1.32e-01	1.5269576	-4.95607	0.15628625	80231_at
55066_at	5.03e-01	1.32e-01	-1.5265789	-4.95661	-0.24644247	55066_at
7025_at	5.03e-01	1.32e-01	1.5262722	-4.95704	0.25871186	7025_at
221823_at	5.03e-01	1.32e-01	-1.5261494	-4.95721	-0.1430818	221823_at
64763_at	5.03e-01	1.32e-01	-1.5261176	-4.95726	-0.16620481	64763_at
4776_at	5.03e-01	1.32e-01	-1.5257728	-4.95774	-0.15435292	4776_at
10734_at	5.03e-01	1.32e-01	-1.5256535	-4.95791	-0.28359433	10734_at
83443_at	5.03e-01	1.32e-01	1.5256155	-4.95797	0.14680204	83443_at
25799_at	5.03e-01	1.32e-01	-1.5254781	-4.95816	-0.14153439	25799_at
56965_at	5.03e-01	1.32e-01	-1.5254269	-4.95823	-0.15257307	56965_at
1070_at	5.03e-01	1.32e-01	1.5253243	-4.95838	0.28637886	1070_at
55301_at	5.04e-01	1.33e-01	-1.5248221	-4.95908	-0.10001471	55301_at
2673_at	5.04e-01	1.33e-01	1.5243058	-4.95981	0.23158217	2673_at
10148_at	5.04e-01	1.33e-01	1.5242186	-4.95993	0.16713756	10148_at
5207_at	5.05e-01	1.33e-01	-1.5233446	-4.96116	-0.21207861	5207_at
22852_at	5.05e-01	1.33e-01	-1.5232415	-4.96131	-0.10851682	22852_at
7511_at	5.05e-01	1.33e-01	1.5225818	-4.96224	0.20512647	7511_at
63924_at	5.05e-01	1.33e-01	-1.5223211	-4.9626	-0.23406317	63924_at
8905_at	5.05e-01	1.33e-01	1.5219898	-4.96307	0.35497377	8905_at
4303_at	5.05e-01	1.33e-01	-1.5218145	-4.96332	-0.22008505	4303_at
57030_at	5.05e-01	1.33e-01	-1.5217697	-4.96338	-0.19380678	57030_at
1746_at	5.05e-01	1.33e-01	-1.5215182	-4.96373	-0.11447844	1746_at
7464_at	5.05e-01	1.33e-01	-1.5214343	-4.96385	-0.19856338	7464_at
902_at	5.05e-01	1.34e-01	-1.5210489	-4.96439	-0.15746598	902_at
5149_at	5.05e-01	1.34e-01	-1.521042	-4.9644	-0.11787591	5149_at
10699_at	5.05e-01	1.34e-01	-1.5204683	-4.96521	-0.11402608	10699_at
2852_at	5.05e-01	1.34e-01	-1.5202013	-4.96558	-0.20822272	2852_at
2162_at	5.05e-01	1.34e-01	1.5200669	-4.96577	0.64849664	2162_at
6633_at	5.05e-01	1.34e-01	1.5200606	-4.96578	0.2236645	6633_at
10881_at	5.05e-01	1.34e-01	-1.5198935	-4.96602	-0.16946712	10881_at
11066_at	5.06e-01	1.34e-01	1.5195276	-4.96653	0.15617715	11066_at
4601_at	5.06e-01	1.34e-01	-1.5192914	-4.96686	-0.24048711	4601_at
240_at	5.06e-01	1.34e-01	1.5190417	-4.96721	0.40678618	240_at
55249_at	5.06e-01	1.34e-01	1.5189824	-4.96729	0.18583362	55249_at
9627_at	5.06e-01	1.34e-01	-1.5189077	-4.9674	-0.17339207	9627_at
3660_at	5.06e-01	1.34e-01	1.5188623	-4.96746	0.17905775	3660_at
5340_at	5.06e-01	1.34e-01	-1.5183287	-4.96821	-0.97660827	5340_at
2813_at	5.06e-01	1.34e-01	-1.5183053	-4.96824	-0.2117897	2813_at
23481_at	5.06e-01	1.34e-01	1.51819	-4.96841	0.13512186	23481_at
64386_at	5.06e-01	1.34e-01	-1.5175526	-4.9693	-0.16634551	64386_at
5717_at	5.06e-01	1.34e-01	-1.5173012	-4.96965	-0.11614172	5717_at
2938_at	5.06e-01	1.35e-01	-1.5168242	-4.97032	-0.80943221	2938_at
81618_at	5.07e-01	1.35e-01	1.5163713	-4.97096	0.49428555	81618_at
4714_at	5.07e-01	1.35e-01	-1.5159674	-4.97152	-0.11318919	4714_at
56154_at	5.07e-01	1.35e-01	-1.515898	-4.97162	-0.14684877	56154_at
79748_at	5.07e-01	1.35e-01	-1.515858	-4.97168	-0.17954039	79748_at
54906_at	5.07e-01	1.35e-01	1.5157879	-4.97177	0.24468318	54906_at
5126_at	5.07e-01	1.35e-01	-1.5154561	-4.97224	-0.09435988	5126_at
259230_at	5.07e-01	1.35e-01	1.5153961	-4.97232	0.3425809	259230_at
1725_at	5.07e-01	1.35e-01	-1.5140186	-4.97425	-0.15761744	1725_at
5189_at	5.07e-01	1.35e-01	-1.5139449	-4.97435	-0.17790461	5189_at
4692_at	5.07e-01	1.35e-01	1.5139129	-4.9744	0.28260543	4692_at
27013_at	5.07e-01	1.35e-01	1.5138227	-4.97453	0.16706808	27013_at
5073_at	5.07e-01	1.35e-01	1.5136511	-4.97477	0.15340703	5073_at
55638_at	5.07e-01	1.35e-01	-1.5133425	-4.9752	-0.2298849	55638_at
23431_at	5.07e-01	1.36e-01	-1.5132711	-4.9753	-0.09990716	23431_at
1400_at	5.07e-01	1.36e-01	-1.5132482	-4.97533	-0.18567104	1400_at
9456_at	5.07e-01	1.36e-01	-1.5130244	-4.97564	-0.3113011	9456_at
8626_at	5.07e-01	1.36e-01	-1.5129332	-4.97577	-0.12566118	8626_at
4034_at	5.08e-01	1.36e-01	-1.5127473	-4.97603	-0.10519268	4034_at
352961_at	5.08e-01	1.36e-01	1.5125168	-4.97635	0.14802568	352961_at
5538_at	5.08e-01	1.36e-01	1.5124109	-4.9765	0.23871196	5538_at
126231_at	5.08e-01	1.36e-01	1.5120333	-4.97703	0.21738524	126231_at
768_at	5.08e-01	1.36e-01	-1.5114615	-4.97783	-0.20050527	768_at
79153_at	5.08e-01	1.36e-01	-1.5112196	-4.97817	-0.53394485	79153_at
11337_at	5.08e-01	1.36e-01	1.5108357	-4.9787	0.12555428	11337_at
28444_at	5.09e-01	1.36e-01	1.510307	-4.97944	0.83119808	28444_at
54979_at	5.09e-01	1.36e-01	-1.5099442	-4.97995	-0.55465045	54979_at
51566_at	5.09e-01	1.37e-01	1.5092973	-4.98085	0.25525079	51566_at
4664_at	5.09e-01	1.37e-01	-1.5091386	-4.98107	-0.16200982	4664_at
10161_at	5.09e-01	1.37e-01	1.5088583	-4.98146	0.34385637	10161_at
79665_at	5.09e-01	1.37e-01	1.5088433	-4.98148	0.26312693	79665_at
79717_at	5.09e-01	1.37e-01	1.5088131	-4.98152	0.16651008	79717_at
8908_at	5.09e-01	1.37e-01	-1.5087639	-4.98159	-0.13956844	8908_at
57144_at	5.09e-01	1.37e-01	-1.5086147	-4.9818	-0.12003186	57144_at
3181_at	5.09e-01	1.37e-01	1.5086111	-4.98181	0.20742254	3181_at
23461_at	5.09e-01	1.37e-01	-1.5086039	-4.98182	-0.17561665	23461_at
23414_at	5.09e-01	1.37e-01	1.5084942	-4.98197	0.23547432	23414_at
2570_at	5.09e-01	1.37e-01	-1.5082833	-4.98226	-0.21539245	2570_at
10608_at	5.09e-01	1.37e-01	1.508125	-4.98248	0.13032546	10608_at
56673_at	5.09e-01	1.37e-01	-1.5080721	-4.98256	-0.15513603	56673_at
10950_at	5.09e-01	1.37e-01	-1.5077356	-4.98303	-0.37796089	10950_at
275_at	5.09e-01	1.37e-01	-1.5074021	-4.98349	-0.35905488	275_at
55355_at	5.09e-01	1.37e-01	-1.5073287	-4.98359	-0.2043601	55355_at
83989_at	5.09e-01	1.37e-01	-1.5069633	-4.9841	-0.18511513	83989_at
100129250_at	5.09e-01	1.37e-01	-1.5069299	-4.98415	-0.13219925	100129250_at
11137_at	5.09e-01	1.37e-01	1.5068723	-4.98423	0.14480148	11137_at
60506_at	5.10e-01	1.37e-01	-1.5059617	-4.9855	-0.17325975	60506_at
51752_at	5.10e-01	1.37e-01	1.505712	-4.98585	0.16414649	51752_at
58510_at	5.10e-01	1.37e-01	-1.5057004	-4.98586	-0.63863276	58510_at
1263_at	5.10e-01	1.38e-01	-1.5052391	-4.98651	-0.1855715	1263_at
55752_at	5.11e-01	1.38e-01	-1.50427	-4.98785	-0.13601388	55752_at
1364_at	5.11e-01	1.38e-01	1.5038625	-4.98842	0.51553145	1364_at
1488_at	5.11e-01	1.38e-01	1.5037048	-4.98864	0.23000173	1488_at
7840_at	5.11e-01	1.38e-01	1.5030546	-4.98954	0.14993401	7840_at
5499_at	5.11e-01	1.38e-01	1.5030529	-4.98955	0.16536548	5499_at
22838_at	5.11e-01	1.38e-01	1.502786	-4.98992	0.168081	22838_at
2267_at	5.11e-01	1.38e-01	-1.5027542	-4.98996	-0.16045778	2267_at
10388_at	5.11e-01	1.38e-01	1.5026672	-4.99008	0.38648078	10388_at
11320_at	5.11e-01	1.38e-01	-1.5023479	-4.99053	-0.17053259	11320_at
338_at	5.11e-01	1.39e-01	-1.5014439	-4.99178	-0.16758324	338_at
5291_at	5.11e-01	1.39e-01	-1.5010422	-4.99234	-0.18982333	5291_at
261726_at	5.11e-01	1.39e-01	1.5009176	-4.99251	0.19146863	261726_at
6641_at	5.11e-01	1.39e-01	-1.5008029	-4.99267	-0.17115735	6641_at
9722_at	5.11e-01	1.39e-01	-1.5007529	-4.99274	-0.20823229	9722_at
5770_at	5.11e-01	1.39e-01	-1.5006749	-4.99285	-0.3428184	5770_at
4627_at	5.11e-01	1.39e-01	1.5001922	-4.99352	0.22374057	4627_at
5289_at	5.11e-01	1.39e-01	1.5000835	-4.99367	0.19272024	5289_at
22889_at	5.11e-01	1.39e-01	1.5000163	-4.99376	0.248144	22889_at
7982_at	5.11e-01	1.39e-01	-1.499721	-4.99417	-0.18580801	7982_at
23544_at	5.11e-01	1.39e-01	-1.4996971	-4.99421	-0.14222125	23544_at
84679_at	5.11e-01	1.39e-01	-1.4994694	-4.99452	-0.11793248	84679_at
29093_at	5.11e-01	1.39e-01	1.4993696	-4.99466	0.17708082	29093_at
9452_at	5.11e-01	1.39e-01	1.4991893	-4.99491	0.38959479	9452_at
55049_at	5.11e-01	1.39e-01	1.4991395	-4.99498	0.13427859	55049_at
84162_at	5.11e-01	1.39e-01	-1.4989242	-4.99528	-0.10621936	84162_at
9037_at	5.11e-01	1.39e-01	1.4986222	-4.9957	0.34220177	9037_at
4317_at	5.11e-01	1.39e-01	-1.4983225	-4.99611	-0.14543908	4317_at
54830_at	5.11e-01	1.39e-01	-1.4982955	-4.99615	-0.18618056	54830_at
6375_at	5.11e-01	1.39e-01	-1.4982659	-4.99619	-0.15449572	6375_at
64799_at	5.11e-01	1.39e-01	-1.4982174	-4.99626	-0.0946533	64799_at
2676_at	5.11e-01	1.39e-01	-1.4981232	-4.99639	-0.17259083	2676_at
80000_at	5.11e-01	1.39e-01	-1.4979016	-4.9967	-0.19568804	80000_at
57468_at	5.11e-01	1.39e-01	-1.4977705	-4.99688	-0.14021216	57468_at
55016_at	5.11e-01	1.39e-01	1.4977203	-4.99695	0.25868562	55016_at
1369_at	5.11e-01	1.40e-01	-1.4976604	-4.99703	-0.16291218	1369_at
2165_at	5.11e-01	1.40e-01	-1.4976282	-4.99707	-0.12205076	2165_at
1748_at	5.11e-01	1.40e-01	-1.4974261	-4.99735	-0.12467594	1748_at
6885_at	5.11e-01	1.40e-01	1.4973951	-4.9974	0.1317766	6885_at
1209_at	5.12e-01	1.40e-01	-1.4969894	-4.99796	-0.27134491	1209_at
57556_at	5.13e-01	1.40e-01	-1.4952228	-5.0004	-0.22374565	57556_at
10419_at	5.13e-01	1.40e-01	1.4950353	-5.00066	0.19778843	10419_at
55253_at	5.13e-01	1.40e-01	1.4949019	-5.00085	0.19088719	55253_at
30000_at	5.13e-01	1.40e-01	-1.4945353	-5.00136	-0.11396465	30000_at
2527_at	5.13e-01	1.40e-01	-1.4943591	-5.0016	-0.17857696	2527_at
26511_at	5.13e-01	1.40e-01	1.4943566	-5.0016	0.2185824	26511_at
22978_at	5.14e-01	1.41e-01	1.4933489	-5.003	0.22232837	22978_at
4184_at	5.15e-01	1.41e-01	-1.4924076	-5.0043	-0.1684513	4184_at
80347_at	5.15e-01	1.41e-01	-1.4918588	-5.00505	-0.20521798	80347_at
10973_at	5.15e-01	1.41e-01	1.4917333	-5.00523	0.23055195	10973_at
9908_at	5.15e-01	1.41e-01	-1.4916612	-5.00533	-0.19000983	9908_at
27141_at	5.15e-01	1.41e-01	-1.4914262	-5.00565	-0.33141096	27141_at
8714_at	5.16e-01	1.41e-01	1.4906655	-5.0067	0.40650239	8714_at
4994_at	5.16e-01	1.41e-01	-1.4903424	-5.00715	-0.14203168	4994_at
55149_at	5.16e-01	1.41e-01	1.490104	-5.00747	0.17011571	55149_at
810_at	5.16e-01	1.42e-01	-1.4898515	-5.00782	-0.71912065	810_at
108_at	5.16e-01	1.42e-01	-1.4894712	-5.00835	-0.12971026	108_at
5449_at	5.16e-01	1.42e-01	1.4889981	-5.009	0.08569874	5449_at
661_at	5.16e-01	1.42e-01	-1.4888691	-5.00918	-0.16644867	661_at
7477_at	5.16e-01	1.42e-01	-1.4886794	-5.00944	-0.18911011	7477_at
64788_at	5.17e-01	1.42e-01	-1.4882278	-5.01006	-0.1108381	64788_at
5876_at	5.17e-01	1.42e-01	-1.4880119	-5.01036	-0.28544249	5876_at
6650_at	5.17e-01	1.42e-01	-1.48774	-5.01073	-0.14714854	6650_at
2068_at	5.17e-01	1.42e-01	-1.4869437	-5.01183	-0.20295963	2068_at
257407_at	5.17e-01	1.42e-01	-1.4868774	-5.01192	-0.18493501	257407_at
2124_at	5.17e-01	1.42e-01	1.4868178	-5.012	0.50410252	2124_at
9200_at	5.17e-01	1.42e-01	1.4867807	-5.01205	0.32651243	9200_at
5435_at	5.17e-01	1.42e-01	1.4864688	-5.01248	0.1518214	5435_at
1600_at	5.17e-01	1.43e-01	-1.4861079	-5.01298	-0.1607234	1600_at
5288_at	5.17e-01	1.43e-01	-1.4855649	-5.01373	-0.1899628	5288_at
10050_at	5.17e-01	1.43e-01	-1.4853127	-5.01407	-0.16600774	10050_at
5564_at	5.17e-01	1.43e-01	-1.4853123	-5.01407	-0.19418454	5564_at
6839_at	5.17e-01	1.43e-01	-1.4853025	-5.01409	-0.16867707	6839_at
10919_at	5.17e-01	1.43e-01	-1.4852935	-5.0141	-0.11386735	10919_at
55379_at	5.17e-01	1.43e-01	1.484975	-5.01454	0.27322521	55379_at
7299_at	5.17e-01	1.43e-01	-1.484966	-5.01455	-0.20155027	7299_at
5309_at	5.17e-01	1.43e-01	-1.4847526	-5.01484	-0.19570193	5309_at
5426_at	5.18e-01	1.43e-01	-1.4845451	-5.01513	-0.17779505	5426_at
1158_at	5.18e-01	1.43e-01	-1.4838033	-5.01615	-0.15724939	1158_at
5793_at	5.18e-01	1.43e-01	1.4836955	-5.01629	0.24860911	5793_at
10021_at	5.18e-01	1.43e-01	-1.4832353	-5.01693	-0.1411998	10021_at
2710_at	5.18e-01	1.43e-01	-1.4832124	-5.01696	-0.41633786	2710_at
479_at	5.19e-01	1.43e-01	-1.4825975	-5.0178	-0.30961922	479_at
51310_at	5.19e-01	1.44e-01	-1.4824335	-5.01803	-0.20773991	51310_at
64895_at	5.19e-01	1.44e-01	-1.4820968	-5.01849	-0.10793081	64895_at
462_at	5.19e-01	1.44e-01	-1.481962	-5.01867	-0.42499899	462_at
100505933_at	5.19e-01	1.44e-01	-1.4818399	-5.01884	-0.11460088	100505933_at
27022_at	5.19e-01	1.44e-01	-1.4815092	-5.0193	-0.10203621	27022_at
6664_at	5.19e-01	1.44e-01	-1.481319	-5.01956	-0.11639225	6664_at
9870_at	5.19e-01	1.44e-01	1.4811273	-5.01982	0.24116011	9870_at
79086_at	5.19e-01	1.44e-01	1.480993	-5.02	0.11149625	79086_at
7031_at	5.19e-01	1.44e-01	-1.4807392	-5.02035	-0.17253412	7031_at
6590_at	5.19e-01	1.44e-01	1.4804717	-5.02072	1.03545149	6590_at
79738_at	5.19e-01	1.44e-01	1.4804271	-5.02078	0.25658526	79738_at
9743_at	5.19e-01	1.44e-01	-1.480324	-5.02092	-0.15891472	9743_at
57104_at	5.19e-01	1.44e-01	-1.4802245	-5.02106	-0.13340997	57104_at
1415_at	5.19e-01	1.44e-01	-1.4800281	-5.02133	-0.19698716	1415_at
2625_at	5.19e-01	1.44e-01	-1.4798793	-5.02153	-0.27913781	2625_at
51065_at	5.19e-01	1.44e-01	1.4792498	-5.02239	0.16014667	51065_at
241_at	5.19e-01	1.44e-01	1.4788739	-5.02291	0.6803239	241_at
6103_at	5.19e-01	1.44e-01	-1.4788592	-5.02293	-0.10165697	6103_at
11318_at	5.19e-01	1.45e-01	-1.4786995	-5.02315	-0.19722369	11318_at
27097_at	5.20e-01	1.45e-01	-1.4774879	-5.0248	-0.14604213	27097_at
1135_at	5.20e-01	1.45e-01	-1.4773136	-5.02504	-0.19967724	1135_at
10367_at	5.20e-01	1.45e-01	-1.4770579	-5.02539	-0.33165986	10367_at
2873_at	5.20e-01	1.45e-01	-1.4766484	-5.02595	-0.23990617	2873_at
51195_at	5.20e-01	1.45e-01	-1.4765822	-5.02604	-0.13443497	51195_at
56829_at	5.20e-01	1.45e-01	1.476396	-5.0263	0.1871172	56829_at
7776_at	5.20e-01	1.45e-01	-1.4763838	-5.02631	-0.15074334	7776_at
1727_at	5.20e-01	1.45e-01	-1.476257	-5.02649	-0.17396269	1727_at
64208_at	5.20e-01	1.45e-01	-1.4760306	-5.0268	-0.19255299	64208_at
26063_at	5.20e-01	1.45e-01	-1.4759949	-5.02685	-0.38246136	26063_at
26532_at	5.20e-01	1.45e-01	-1.475831	-5.02707	-0.21715831	26532_at
22980_at	5.20e-01	1.45e-01	1.4756656	-5.0273	0.13667283	22980_at
8992_at	5.20e-01	1.45e-01	1.4756458	-5.02732	0.11730957	8992_at
7275_at	5.20e-01	1.45e-01	-1.4753419	-5.02774	-0.16326434	7275_at
5429_at	5.21e-01	1.46e-01	-1.4747509	-5.02855	-0.09937922	5429_at
5719_at	5.21e-01	1.46e-01	1.4747039	-5.02861	0.12419855	5719_at
23646_at	5.21e-01	1.46e-01	1.4746231	-5.02872	0.20962789	23646_at
28671_at	5.21e-01	1.46e-01	-1.4743317	-5.02912	-0.10379435	28671_at
1267_at	5.21e-01	1.46e-01	1.4740199	-5.02954	0.19939944	1267_at
5355_at	5.21e-01	1.46e-01	1.4732975	-5.03053	0.54186582	5355_at
1306_at	5.21e-01	1.46e-01	1.4728606	-5.03113	0.5439555	1306_at
9957_at	5.21e-01	1.46e-01	1.4725909	-5.03149	0.3464746	9957_at
6785_at	5.21e-01	1.46e-01	-1.4725288	-5.03158	-0.13744811	6785_at
9380_at	5.21e-01	1.46e-01	-1.4722888	-5.03191	-0.34593325	9380_at
404672_at	5.21e-01	1.46e-01	1.4721869	-5.03205	0.16883767	404672_at
9392_at	5.21e-01	1.46e-01	-1.4720684	-5.03221	-0.10746407	9392_at
4836_at	5.21e-01	1.46e-01	1.4718678	-5.03248	0.11616983	4836_at
54869_at	5.21e-01	1.46e-01	-1.4718634	-5.03249	-0.11997576	54869_at
9510_at	5.21e-01	1.46e-01	1.4718587	-5.03249	0.90274238	9510_at
26098_at	5.21e-01	1.46e-01	1.471741	-5.03265	0.15397277	26098_at
8487_at	5.21e-01	1.46e-01	1.4717061	-5.0327	0.1681049	8487_at
56951_at	5.21e-01	1.46e-01	1.4715776	-5.03288	0.18786601	56951_at
3915_at	5.21e-01	1.47e-01	1.4711336	-5.03348	0.28624065	3915_at
26148_at	5.21e-01	1.47e-01	-1.4706897	-5.03409	-0.10186871	26148_at
22834_at	5.21e-01	1.47e-01	-1.4706219	-5.03418	-0.17009634	22834_at
1179_at	5.21e-01	1.47e-01	-1.4703348	-5.03457	-0.20583904	1179_at
10512_at	5.21e-01	1.47e-01	-1.4701336	-5.03484	-0.24138852	10512_at
55172_at	5.21e-01	1.47e-01	-1.4700835	-5.03491	-0.20180023	55172_at
3459_at	5.21e-01	1.47e-01	1.4700726	-5.03493	0.3496691	3459_at
5077_at	5.21e-01	1.47e-01	-1.4697996	-5.0353	-0.1078466	5077_at
11341_at	5.21e-01	1.47e-01	-1.4697515	-5.03536	-0.22781825	11341_at
7162_at	5.21e-01	1.47e-01	1.4697096	-5.03542	0.53748625	7162_at
6514_at	5.21e-01	1.47e-01	1.4696868	-5.03545	0.49715432	6514_at
84263_at	5.21e-01	1.47e-01	-1.4696499	-5.0355	-0.26042982	84263_at
491_at	5.21e-01	1.47e-01	-1.469631	-5.03553	-0.12331336	491_at
8303_at	5.21e-01	1.47e-01	1.46956	-5.03562	0.17468553	8303_at
11223_at	5.21e-01	1.47e-01	-1.4693345	-5.03593	-0.46954928	11223_at
2224_at	5.21e-01	1.47e-01	1.4689785	-5.03642	0.1682153	2224_at
9816_at	5.21e-01	1.47e-01	-1.4689195	-5.0365	-0.18810473	9816_at
10142_at	5.21e-01	1.47e-01	1.4688148	-5.03664	0.27697057	10142_at
2069_at	5.21e-01	1.47e-01	-1.4687251	-5.03676	-0.10617859	2069_at
6533_at	5.21e-01	1.47e-01	-1.4687236	-5.03676	-0.11976569	6533_at
3741_at	5.21e-01	1.47e-01	-1.4687051	-5.03679	-0.20628854	3741_at
9583_at	5.21e-01	1.47e-01	1.4686409	-5.03688	0.15425455	9583_at
1803_at	5.21e-01	1.47e-01	-1.4684203	-5.03718	-0.48648051	1803_at
80230_at	5.21e-01	1.47e-01	1.4683175	-5.03732	0.1680978	80230_at
5428_at	5.21e-01	1.47e-01	-1.4682598	-5.03739	-0.11120184	5428_at
56_at	5.21e-01	1.47e-01	-1.4675975	-5.03829	-0.13950336	56_at
4114_at	5.21e-01	1.48e-01	-1.4675423	-5.03837	-0.11195599	4114_at
81611_at	5.21e-01	1.48e-01	-1.4670362	-5.03906	-0.24298397	81611_at
9525_at	5.21e-01	1.48e-01	1.4670241	-5.03907	0.23214872	9525_at
4356_at	5.21e-01	1.48e-01	-1.4668994	-5.03924	-0.20778207	4356_at
5682_at	5.21e-01	1.48e-01	1.4668956	-5.03925	0.14269189	5682_at
57084_at	5.21e-01	1.48e-01	-1.466748	-5.03945	-0.11337563	57084_at
79837_at	5.21e-01	1.48e-01	-1.4661966	-5.0402	-0.14578387	79837_at
28986_at	5.21e-01	1.48e-01	-1.4661266	-5.04029	-0.18386415	28986_at
6165_at	5.21e-01	1.48e-01	1.4659351	-5.04055	0.26745617	6165_at
336_at	5.21e-01	1.48e-01	-1.4658095	-5.04072	-0.27458675	336_at
6677_at	5.21e-01	1.48e-01	-1.465712	-5.04086	-0.16222728	6677_at
9805_at	5.21e-01	1.48e-01	1.4656543	-5.04094	0.36782804	9805_at
339229_at	5.21e-01	1.48e-01	1.4653399	-5.04136	0.1192179	339229_at
55791_at	5.21e-01	1.48e-01	1.4652671	-5.04146	0.18890363	55791_at
26548_at	5.21e-01	1.48e-01	-1.4652132	-5.04153	-0.19052914	26548_at
79720_at	5.21e-01	1.48e-01	-1.4648901	-5.04197	-0.26182273	79720_at
10791_at	5.21e-01	1.48e-01	1.4647055	-5.04222	0.30243697	10791_at
54942_at	5.22e-01	1.48e-01	1.4643082	-5.04276	0.17518538	54942_at
55716_at	5.22e-01	1.48e-01	-1.4638916	-5.04333	-0.16612552	55716_at
23478_at	5.22e-01	1.48e-01	1.4638715	-5.04336	0.15683855	23478_at
81797_at	5.22e-01	1.49e-01	-1.4633138	-5.04411	-0.18663899	81797_at
4284_at	5.22e-01	1.49e-01	-1.4633036	-5.04413	-0.14604784	4284_at
5023_at	5.22e-01	1.49e-01	-1.4632725	-5.04417	-0.15456318	5023_at
51016_at	5.22e-01	1.49e-01	1.463049	-5.04447	0.18828018	51016_at
90865_at	5.22e-01	1.49e-01	1.4625601	-5.04513	0.24980261	90865_at
30813_at	5.22e-01	1.49e-01	-1.4623373	-5.04544	-0.13268834	30813_at
2043_at	5.22e-01	1.49e-01	1.4621853	-5.04564	0.21964593	2043_at
55341_at	5.22e-01	1.49e-01	1.4620432	-5.04583	0.16159339	55341_at
90806_at	5.22e-01	1.49e-01	1.4618859	-5.04605	0.16381658	90806_at
29115_at	5.22e-01	1.49e-01	1.4618377	-5.04611	0.16239611	29115_at
11273_at	5.22e-01	1.49e-01	-1.4617844	-5.04618	-0.1309881	11273_at
9229_at	5.22e-01	1.49e-01	-1.4612542	-5.0469	-0.10486925	9229_at
4147_at	5.22e-01	1.49e-01	1.4610485	-5.04718	0.37037833	4147_at
80218_at	5.22e-01	1.49e-01	-1.4606272	-5.04775	-0.21409784	80218_at
79646_at	5.22e-01	1.49e-01	-1.4605989	-5.04779	-0.12006762	79646_at
8943_at	5.22e-01	1.49e-01	1.4605978	-5.04779	0.12692662	8943_at
9144_at	5.22e-01	1.49e-01	1.4603044	-5.04819	0.25500864	9144_at
2147_at	5.22e-01	1.49e-01	-1.4602694	-5.04824	-0.17908465	2147_at
23047_at	5.22e-01	1.50e-01	-1.4601601	-5.04838	-0.1519399	23047_at
3609_at	5.22e-01	1.50e-01	1.4601165	-5.04844	0.0969507	3609_at
4056_at	5.22e-01	1.50e-01	1.459693	-5.04902	0.2801927	4056_at
6565_at	5.22e-01	1.50e-01	1.4594704	-5.04932	0.22015835	6565_at
57061_at	5.22e-01	1.50e-01	-1.4594693	-5.04932	-0.16660367	57061_at
50848_at	5.23e-01	1.50e-01	1.4591154	-5.0498	0.16311027	50848_at
3012_at	5.23e-01	1.50e-01	1.4589197	-5.05006	0.21231783	3012_at
23071_at	5.23e-01	1.50e-01	1.458477	-5.05066	0.09910972	23071_at
9611_at	5.23e-01	1.50e-01	1.4584013	-5.05076	0.09555809	9611_at
54549_at	5.23e-01	1.50e-01	-1.4582923	-5.05091	-0.12716363	54549_at
6015_at	5.23e-01	1.50e-01	-1.4581413	-5.05111	-0.1033228	6015_at
26659_at	5.23e-01	1.50e-01	-1.4573674	-5.05216	-0.18066199	26659_at
51604_at	5.23e-01	1.50e-01	1.4571783	-5.05242	0.17909045	51604_at
64343_at	5.24e-01	1.50e-01	-1.4568131	-5.05291	-0.12642637	64343_at
79857_at	5.24e-01	1.50e-01	-1.4567341	-5.05302	-0.11374198	79857_at
8552_at	5.24e-01	1.51e-01	-1.4561609	-5.05379	-0.15337259	8552_at
9654_at	5.24e-01	1.51e-01	-1.4555285	-5.05464	-0.13311399	9654_at
3605_at	5.24e-01	1.51e-01	-1.4554432	-5.05476	-0.09174766	3605_at
3784_at	5.24e-01	1.51e-01	-1.4552269	-5.05505	-0.12510504	3784_at
51338_at	5.24e-01	1.51e-01	1.4550628	-5.05527	0.71555092	51338_at
5238_at	5.24e-01	1.51e-01	1.4547817	-5.05565	0.15619143	5238_at
7321_at	5.24e-01	1.51e-01	1.4546009	-5.05589	0.17488952	7321_at
51506_at	5.24e-01	1.51e-01	1.4545165	-5.05601	0.14000032	51506_at
7044_at	5.24e-01	1.51e-01	-1.4544827	-5.05605	-0.14177293	7044_at
8542_at	5.24e-01	1.51e-01	1.4542028	-5.05643	0.22990561	8542_at
3135_at	5.25e-01	1.51e-01	1.4536235	-5.05721	0.241139	3135_at
8549_at	5.25e-01	1.51e-01	-1.4532361	-5.05773	-0.13289187	8549_at
10565_at	5.25e-01	1.52e-01	1.4527424	-5.0584	0.16027199	10565_at
55268_at	5.26e-01	1.52e-01	-1.4522293	-5.05909	-0.28666111	55268_at
79589_at	5.26e-01	1.52e-01	-1.451607	-5.05993	-0.30425621	79589_at
7837_at	5.27e-01	1.52e-01	1.4509513	-5.06081	0.55235857	7837_at
1196_at	5.27e-01	1.52e-01	1.4507566	-5.06107	0.17292876	1196_at
1821_at	5.27e-01	1.52e-01	-1.4505145	-5.0614	-0.17629558	1821_at
328_at	5.27e-01	1.52e-01	1.4503036	-5.06168	0.17788616	328_at
4142_at	5.27e-01	1.52e-01	-1.4502917	-5.0617	-0.18010341	4142_at
8697_at	5.27e-01	1.52e-01	1.4500897	-5.06197	0.21031945	8697_at
51720_at	5.27e-01	1.52e-01	1.4499904	-5.0621	0.20475572	51720_at
360_at	5.27e-01	1.52e-01	-1.4496138	-5.06261	-0.3855162	360_at
2200_at	5.27e-01	1.52e-01	1.4494726	-5.0628	0.25226899	2200_at
6754_at	5.27e-01	1.52e-01	-1.4494225	-5.06287	-0.15970122	6754_at
51011_at	5.27e-01	1.52e-01	-1.4493963	-5.0629	-0.21974995	51011_at
10436_at	5.27e-01	1.53e-01	1.4492194	-5.06314	0.18414643	10436_at
7711_at	5.27e-01	1.53e-01	-1.4485195	-5.06408	-0.10118125	7711_at
64087_at	5.27e-01	1.53e-01	-1.448273	-5.06441	-0.24121701	64087_at
259217_at	5.27e-01	1.53e-01	-1.4480299	-5.06474	-0.27054822	259217_at
9330_at	5.28e-01	1.53e-01	1.4474962	-5.06545	0.18163698	9330_at
728392_at	5.28e-01	1.53e-01	1.4473101	-5.0657	0.26096354	728392_at
7873_at	5.28e-01	1.53e-01	1.4467942	-5.0664	0.29287397	7873_at
3211_at	5.29e-01	1.53e-01	-1.4459912	-5.06747	-0.21417274	3211_at
6908_at	5.29e-01	1.54e-01	1.4453826	-5.06829	0.16662523	6908_at
8315_at	5.29e-01	1.54e-01	1.4452733	-5.06844	0.09840618	8315_at
57172_at	5.29e-01	1.54e-01	-1.4451897	-5.06855	-0.11945382	57172_at
6273_at	5.29e-01	1.54e-01	1.4449691	-5.06884	0.86420478	6273_at
54995_at	5.29e-01	1.54e-01	1.4447736	-5.06911	0.20768984	54995_at
55754_at	5.29e-01	1.54e-01	-1.4446085	-5.06933	-0.24761908	55754_at
114881_at	5.29e-01	1.54e-01	-1.4443996	-5.06961	-0.11269952	114881_at
56987_at	5.29e-01	1.54e-01	1.4443243	-5.06971	0.19463374	56987_at
50838_at	5.29e-01	1.54e-01	-1.4442211	-5.06985	-0.13194909	50838_at
23253_at	5.29e-01	1.54e-01	1.444086	-5.07003	0.12011487	23253_at
283450_at	5.29e-01	1.54e-01	-1.4438193	-5.07038	-0.16621433	283450_at
10505_at	5.29e-01	1.54e-01	-1.4436018	-5.07068	-0.14902815	10505_at
30001_at	5.29e-01	1.54e-01	-1.4432425	-5.07116	-0.18875999	30001_at
55114_at	5.29e-01	1.54e-01	1.4430237	-5.07145	0.16524041	55114_at
79001_at	5.29e-01	1.54e-01	1.4429778	-5.07151	0.16102902	79001_at
439_at	5.29e-01	1.54e-01	1.4428795	-5.07164	0.17253477	439_at
8394_at	5.29e-01	1.54e-01	-1.4428287	-5.07171	-0.14202908	8394_at
1108_at	5.29e-01	1.54e-01	1.4426391	-5.07196	0.10280105	1108_at
3702_at	5.29e-01	1.54e-01	-1.4424924	-5.07216	-0.21037325	3702_at
4991_at	5.29e-01	1.54e-01	-1.4423327	-5.07237	-0.17817482	4991_at
6261_at	5.29e-01	1.55e-01	1.4421184	-5.07266	0.14944719	6261_at
6388_at	5.30e-01	1.55e-01	1.4416371	-5.0733	0.15446195	6388_at
80036_at	5.30e-01	1.55e-01	-1.441066	-5.07407	-0.3810873	80036_at
55410_at	5.30e-01	1.55e-01	-1.4408006	-5.07442	-0.79162843	55410_at
6753_at	5.30e-01	1.55e-01	-1.440218	-5.0752	-0.18889678	6753_at
53635_at	5.31e-01	1.55e-01	1.4398769	-5.07566	0.22807962	53635_at
4750_at	5.31e-01	1.55e-01	1.4398443	-5.0757	0.12157403	4750_at
59349_at	5.31e-01	1.55e-01	1.4395045	-5.07615	0.23424014	59349_at
79068_at	5.31e-01	1.55e-01	-1.4394976	-5.07616	-0.16839972	79068_at
55209_at	5.31e-01	1.55e-01	1.4393098	-5.07641	0.2040873	55209_at
80224_at	5.31e-01	1.55e-01	1.4391001	-5.07669	0.19711102	80224_at
2155_at	5.31e-01	1.55e-01	-1.438688	-5.07725	-0.18354719	2155_at
7762_at	5.31e-01	1.56e-01	-1.4384742	-5.07753	-0.17276522	7762_at
5909_at	5.31e-01	1.56e-01	-1.43808	-5.07806	-0.24910793	5909_at
54733_at	5.31e-01	1.56e-01	1.4377115	-5.07855	0.23199373	54733_at
26036_at	5.31e-01	1.56e-01	-1.4375164	-5.07881	-0.19874692	26036_at
6812_at	5.32e-01	1.56e-01	1.437209	-5.07922	0.22569428	6812_at
27129_at	5.32e-01	1.56e-01	-1.4365659	-5.08008	-0.14072023	27129_at
2175_at	5.32e-01	1.56e-01	-1.4360749	-5.08073	-0.13651571	2175_at
5148_at	5.32e-01	1.56e-01	-1.4356865	-5.08125	-0.15909319	5148_at
8618_at	5.32e-01	1.56e-01	-1.4356527	-5.08129	-0.1183009	8618_at
6097_at	5.32e-01	1.56e-01	-1.4356086	-5.08135	-0.40655498	6097_at
80303_at	5.33e-01	1.56e-01	-1.4353056	-5.08176	-0.24354096	80303_at
7265_at	5.33e-01	1.57e-01	1.4350167	-5.08214	0.12850768	7265_at
1960_at	5.33e-01	1.57e-01	-1.4347223	-5.08253	-0.1897479	1960_at
1147_at	5.33e-01	1.57e-01	-1.4346786	-5.08259	-0.25495735	1147_at
23139_at	5.33e-01	1.57e-01	-1.4341036	-5.08336	-0.13737809	23139_at
9482_at	5.33e-01	1.57e-01	1.433801	-5.08376	0.16695998	9482_at
4855_at	5.33e-01	1.57e-01	-1.4337809	-5.08379	-0.16264817	4855_at
222658_at	5.33e-01	1.57e-01	-1.4335605	-5.08408	-0.18717779	222658_at
2986_at	5.33e-01	1.57e-01	-1.4335459	-5.0841	-0.1589403	2986_at
9917_at	5.33e-01	1.57e-01	-1.4328733	-5.08499	-0.13128675	9917_at
4054_at	5.33e-01	1.57e-01	1.4328158	-5.08507	0.27843004	4054_at
3054_at	5.34e-01	1.57e-01	-1.4323957	-5.08563	-0.12103827	3054_at
9637_at	5.34e-01	1.57e-01	1.4323488	-5.08569	0.15843102	9637_at
9896_at	5.34e-01	1.58e-01	1.4315376	-5.08677	0.13033441	9896_at
55742_at	5.34e-01	1.58e-01	1.4311811	-5.08724	0.14590498	55742_at
79668_at	5.34e-01	1.58e-01	1.4310391	-5.08743	0.22088244	79668_at
7644_at	5.35e-01	1.58e-01	-1.4306426	-5.08796	-0.39850984	7644_at
6223_at	5.35e-01	1.58e-01	1.4302939	-5.08842	0.24766746	6223_at
605_at	5.35e-01	1.58e-01	-1.429566	-5.08939	-0.15931886	605_at
79175_at	5.35e-01	1.58e-01	-1.4294181	-5.08958	-0.16888043	79175_at
4038_at	5.35e-01	1.58e-01	-1.4293902	-5.08962	-0.17556435	4038_at
4582_at	5.35e-01	1.58e-01	1.4291023	-5.09	0.46233293	4582_at
4725_at	5.36e-01	1.58e-01	1.4284819	-5.09082	0.20397945	4725_at
7993_at	5.36e-01	1.58e-01	1.4282324	-5.09115	0.16581745	7993_at
55102_at	5.36e-01	1.59e-01	1.4280502	-5.0914	0.13011566	55102_at
8682_at	5.36e-01	1.59e-01	1.4279229	-5.09157	0.32886138	8682_at
8220_at	5.36e-01	1.59e-01	-1.4279024	-5.09159	-0.08293199	8220_at
116986_at	5.36e-01	1.59e-01	-1.4273025	-5.09239	-0.11266389	116986_at
80142_at	5.36e-01	1.59e-01	-1.4271161	-5.09263	-0.14563042	80142_at
57118_at	5.37e-01	1.59e-01	-1.4263153	-5.0937	-0.10918144	57118_at
23594_at	5.37e-01	1.59e-01	1.4262253	-5.09381	0.18144139	23594_at
8904_at	5.37e-01	1.59e-01	1.4260646	-5.09403	0.26341414	8904_at
79157_at	5.37e-01	1.59e-01	-1.4260189	-5.09409	-0.15399443	79157_at
171023_at	5.37e-01	1.59e-01	-1.4254718	-5.09481	-0.10707151	171023_at
54860_at	5.37e-01	1.59e-01	-1.425442	-5.09485	-0.13872478	54860_at
113878_at	5.37e-01	1.59e-01	-1.4253148	-5.09502	-0.16034936	113878_at
55315_at	5.37e-01	1.59e-01	1.4251757	-5.0952	0.17621757	55315_at
1585_at	5.37e-01	1.59e-01	-1.4249215	-5.09554	-0.23678657	1585_at
126393_at	5.37e-01	1.59e-01	-1.4246988	-5.09583	-0.20000897	126393_at
8766_at	5.37e-01	1.60e-01	1.4245731	-5.096	0.20122663	8766_at
23410_at	5.37e-01	1.60e-01	-1.424221	-5.09647	-0.13863578	23410_at
22913_at	5.37e-01	1.60e-01	1.4240619	-5.09668	0.17075301	22913_at
28442_at	5.37e-01	1.60e-01	1.4237844	-5.09704	0.76330235	28442_at
283537_at	5.37e-01	1.60e-01	-1.4236899	-5.09717	-0.30576311	283537_at
5078_at	5.37e-01	1.60e-01	-1.4236523	-5.09722	-0.11313633	5078_at
6373_at	5.37e-01	1.60e-01	1.42359	-5.0973	0.2365595	6373_at
79740_at	5.37e-01	1.60e-01	1.4233999	-5.09755	0.10868021	79740_at
4907_at	5.37e-01	1.60e-01	1.4233816	-5.09758	0.28613797	4907_at
387509_at	5.37e-01	1.60e-01	-1.4231232	-5.09792	-0.16998525	387509_at
5345_at	5.38e-01	1.60e-01	-1.4221504	-5.0992	-0.48729365	5345_at
6878_at	5.38e-01	1.60e-01	-1.4220938	-5.09928	-0.14729911	6878_at
11031_at	5.38e-01	1.60e-01	1.4219689	-5.09944	0.47026622	11031_at
10912_at	5.38e-01	1.60e-01	-1.4218324	-5.09962	-0.2608333	10912_at
90957_at	5.38e-01	1.60e-01	1.4214483	-5.10013	0.15272049	90957_at
1119_at	5.38e-01	1.61e-01	1.4211269	-5.10055	0.1734634	1119_at
55818_at	5.38e-01	1.61e-01	1.421021	-5.10069	0.19271004	55818_at
25924_at	5.38e-01	1.61e-01	1.4207877	-5.101	0.19622147	25924_at
4668_at	5.38e-01	1.61e-01	-1.4203869	-5.10153	-0.13328247	4668_at
55190_at	5.38e-01	1.61e-01	-1.4202527	-5.10171	-0.18697109	55190_at
23195_at	5.38e-01	1.61e-01	1.4200603	-5.10196	0.142245	23195_at
27124_at	5.38e-01	1.61e-01	-1.4197389	-5.10238	-0.21203465	27124_at
1050_at	5.38e-01	1.61e-01	1.4195252	-5.10267	0.2176652	1050_at
55794_at	5.38e-01	1.61e-01	-1.4194725	-5.10274	-0.10706668	55794_at
55068_at	5.38e-01	1.61e-01	1.4190071	-5.10335	0.25744681	55068_at
7376_at	5.38e-01	1.61e-01	-1.4189911	-5.10337	-0.15889917	7376_at
51141_at	5.38e-01	1.61e-01	1.4189684	-5.1034	0.17797826	51141_at
914_at	5.38e-01	1.61e-01	1.4188925	-5.1035	0.42594096	914_at
8708_at	5.38e-01	1.61e-01	-1.4188084	-5.10361	-0.12762594	8708_at
100133941_at	5.38e-01	1.61e-01	1.4185549	-5.10395	0.32223341	100133941_at
64078_at	5.38e-01	1.61e-01	-1.4182466	-5.10435	-0.14405767	64078_at
10407_at	5.38e-01	1.61e-01	-1.4181397	-5.10449	-0.16864354	10407_at
2554_at	5.38e-01	1.61e-01	-1.4180564	-5.1046	-0.11176799	2554_at
4007_at	5.38e-01	1.61e-01	-1.4179995	-5.10468	-0.12822008	4007_at
429_at	5.38e-01	1.61e-01	-1.4178282	-5.1049	-0.1049417	429_at
1395_at	5.38e-01	1.61e-01	-1.4177464	-5.10501	-0.10280438	1395_at
9991_at	5.39e-01	1.62e-01	-1.4173681	-5.10551	-0.14349531	9991_at
112950_at	5.39e-01	1.62e-01	1.4173401	-5.10555	0.13872248	112950_at
8690_at	5.39e-01	1.62e-01	-1.4171786	-5.10576	-0.17266114	8690_at
160518_at	5.39e-01	1.62e-01	-1.4169441	-5.10607	-0.13841271	160518_at
10595_at	5.39e-01	1.62e-01	-1.4169079	-5.10611	-0.16969968	10595_at
8968_at	5.39e-01	1.62e-01	-1.4166318	-5.10648	-0.09720921	8968_at
51780_at	5.39e-01	1.62e-01	1.4165836	-5.10654	0.13978694	51780_at
551_at	5.39e-01	1.62e-01	-1.4154575	-5.10802	-0.21158683	551_at
64582_at	5.39e-01	1.62e-01	-1.4153868	-5.10812	-0.09703755	64582_at
79080_at	5.40e-01	1.62e-01	-1.4149087	-5.10874	-0.15597315	79080_at
54827_at	5.40e-01	1.62e-01	-1.4147682	-5.10893	-0.19451365	54827_at
4355_at	5.40e-01	1.63e-01	-1.4138833	-5.11009	-0.15578273	4355_at
6578_at	5.40e-01	1.63e-01	1.4138328	-5.11016	0.3110713	6578_at
8890_at	5.40e-01	1.63e-01	1.4133862	-5.11074	0.10863237	8890_at
1345_at	5.40e-01	1.63e-01	1.4131853	-5.11101	0.10777664	1345_at
5008_at	5.40e-01	1.63e-01	1.4131624	-5.11104	0.15333669	5008_at
23708_at	5.40e-01	1.63e-01	1.4130901	-5.11113	0.2477143	23708_at
8774_at	5.40e-01	1.63e-01	-1.412897	-5.11139	-0.18334442	8774_at
3236_at	5.41e-01	1.63e-01	1.412379	-5.11207	0.23790419	3236_at
25998_at	5.41e-01	1.63e-01	-1.4121921	-5.11231	-0.21024712	25998_at
56300_at	5.41e-01	1.63e-01	-1.412064	-5.11248	-0.11651417	56300_at
9628_at	5.41e-01	1.63e-01	-1.412016	-5.11254	-0.12699724	9628_at
79832_at	5.41e-01	1.63e-01	-1.4120094	-5.11255	-0.16765516	79832_at
10248_at	5.41e-01	1.63e-01	1.4114885	-5.11323	0.15623843	10248_at
65244_at	5.41e-01	1.63e-01	1.4114334	-5.11331	0.14346764	65244_at
11184_at	5.41e-01	1.63e-01	-1.411318	-5.11346	-0.17413526	11184_at
56145_at	5.41e-01	1.63e-01	-1.4111725	-5.11365	-0.15225274	56145_at
1437_at	5.41e-01	1.63e-01	-1.4110068	-5.11387	-0.12881421	1437_at
3455_at	5.41e-01	1.63e-01	1.4109558	-5.11393	0.16977949	3455_at
59_at	5.41e-01	1.63e-01	1.410916	-5.11398	0.66563059	59_at
5697_at	5.41e-01	1.64e-01	-1.410527	-5.11449	-0.16660968	5697_at
65083_at	5.41e-01	1.64e-01	-1.4104314	-5.11462	-0.13632402	65083_at
8611_at	5.41e-01	1.64e-01	1.4100198	-5.11516	0.1853176	8611_at
13_at	5.41e-01	1.64e-01	-1.4099703	-5.11522	-0.16486129	13_at
55198_at	5.41e-01	1.64e-01	1.4099684	-5.11523	0.1854588	55198_at
339524_at	5.41e-01	1.64e-01	1.4098435	-5.11539	0.20848832	339524_at
51691_at	5.41e-01	1.64e-01	1.4097297	-5.11554	0.19536329	51691_at
1014_at	5.41e-01	1.64e-01	1.4096544	-5.11564	0.27420246	1014_at
6668_at	5.41e-01	1.64e-01	-1.4089301	-5.11659	-0.17292868	6668_at
81027_at	5.41e-01	1.64e-01	-1.4088517	-5.11669	-0.11479611	81027_at
22848_at	5.41e-01	1.64e-01	-1.4086549	-5.11695	-0.09151096	22848_at
84271_at	5.41e-01	1.64e-01	1.4086383	-5.11697	0.12423102	84271_at
80031_at	5.41e-01	1.64e-01	-1.4085808	-5.11704	-0.22456758	80031_at
9990_at	5.41e-01	1.64e-01	-1.4084654	-5.11719	-0.37398933	9990_at
4835_at	5.41e-01	1.64e-01	-1.4082449	-5.11748	-0.48249305	4835_at
80028_at	5.41e-01	1.64e-01	-1.4078783	-5.11796	-0.10446009	80028_at
5877_at	5.41e-01	1.64e-01	1.4077707	-5.1181	0.12570758	5877_at
9546_at	5.41e-01	1.64e-01	1.4075874	-5.11834	0.13024878	9546_at
6508_at	5.42e-01	1.65e-01	-1.4069601	-5.11916	-0.16516988	6508_at
23305_at	5.42e-01	1.65e-01	-1.4068838	-5.11926	-0.11487962	23305_at
3633_at	5.42e-01	1.65e-01	-1.4066109	-5.11962	-0.10725832	3633_at
1258_at	5.42e-01	1.65e-01	-1.4065407	-5.11971	-0.10697257	1258_at
8607_at	5.42e-01	1.65e-01	1.4062482	-5.12009	0.15921494	8607_at
54664_at	5.42e-01	1.65e-01	1.4061067	-5.12028	0.24126234	54664_at
2328_at	5.42e-01	1.65e-01	1.4060854	-5.12031	0.4721715	2328_at
79065_at	5.42e-01	1.65e-01	-1.4049513	-5.12179	-0.14416133	79065_at
55128_at	5.42e-01	1.65e-01	1.4049417	-5.1218	0.14837141	55128_at
9064_at	5.42e-01	1.65e-01	-1.4047015	-5.12211	-0.14035358	9064_at
5300_at	5.42e-01	1.65e-01	-1.4044027	-5.1225	-0.1265186	5300_at
11107_at	5.42e-01	1.65e-01	-1.4043229	-5.12261	-0.13167898	11107_at
9332_at	5.42e-01	1.66e-01	1.4040121	-5.12301	0.49959431	9332_at
6653_at	5.42e-01	1.66e-01	-1.4039792	-5.12306	-0.29368725	6653_at
79574_at	5.42e-01	1.66e-01	-1.4039002	-5.12316	-0.14091762	79574_at
80032_at	5.42e-01	1.66e-01	-1.4038745	-5.12319	-0.1338515	80032_at
1650_at	5.42e-01	1.66e-01	1.4037446	-5.12336	0.18220122	1650_at
1286_at	5.42e-01	1.66e-01	1.4036472	-5.12349	0.20150489	1286_at
6429_at	5.42e-01	1.66e-01	-1.4034274	-5.12378	-0.18331286	6429_at
6827_at	5.42e-01	1.66e-01	1.4031411	-5.12415	0.11855749	6827_at
7827_at	5.42e-01	1.66e-01	-1.4028393	-5.12454	-0.86728939	7827_at
6439_at	5.42e-01	1.66e-01	-1.4026597	-5.12478	-0.12582798	6439_at
7292_at	5.42e-01	1.66e-01	-1.4026568	-5.12478	-0.15513399	7292_at
29082_at	5.42e-01	1.66e-01	1.4025089	-5.12497	0.1379972	29082_at
50512_at	5.42e-01	1.66e-01	-1.4024673	-5.12503	-0.14799357	50512_at
3439_at	5.42e-01	1.66e-01	-1.4024434	-5.12506	-0.10137753	3439_at
51270_at	5.42e-01	1.66e-01	-1.4020956	-5.12551	-0.16776318	51270_at
5074_at	5.42e-01	1.66e-01	1.4020717	-5.12554	0.13412053	5074_at
55827_at	5.42e-01	1.66e-01	1.4019057	-5.12576	0.17553261	55827_at
51193_at	5.43e-01	1.66e-01	-1.4017119	-5.12601	-0.10132067	51193_at
2512_at	5.43e-01	1.66e-01	-1.4011755	-5.12671	-0.15408392	2512_at
63917_at	5.43e-01	1.66e-01	1.4011461	-5.12675	0.26825657	63917_at
2903_at	5.43e-01	1.66e-01	-1.4008906	-5.12708	-0.16079065	2903_at
10917_at	5.43e-01	1.66e-01	-1.4007561	-5.12726	-0.17486111	10917_at
323_at	5.43e-01	1.67e-01	-1.400539	-5.12754	-0.1058602	323_at
55681_at	5.43e-01	1.67e-01	1.4002956	-5.12786	0.27565541	55681_at
5319_at	5.43e-01	1.67e-01	-1.400009	-5.12823	-0.12279503	5319_at
56107_at	5.43e-01	1.67e-01	-1.3999891	-5.12826	-0.18296161	56107_at
27299_at	5.43e-01	1.67e-01	1.3996303	-5.12872	0.34262606	27299_at
9568_at	5.43e-01	1.67e-01	-1.3996148	-5.12874	-0.11504613	9568_at
3627_at	5.43e-01	1.67e-01	1.3992171	-5.12926	0.55055798	3627_at
1958_at	5.43e-01	1.67e-01	-1.3991118	-5.1294	-0.5097752	1958_at
26108_at	5.43e-01	1.67e-01	-1.3989974	-5.12955	-0.11218854	26108_at
81566_at	5.43e-01	1.67e-01	-1.3989828	-5.12957	-0.13608183	81566_at
11078_at	5.43e-01	1.67e-01	1.3988566	-5.12973	0.22027191	11078_at
955_at	5.43e-01	1.67e-01	1.3985605	-5.13012	0.15716995	955_at
101927910_at	5.44e-01	1.67e-01	-1.397829	-5.13107	-0.14619871	101927910_at
55094_at	5.44e-01	1.68e-01	1.3973398	-5.1317	0.15298215	55094_at
4753_at	5.45e-01	1.68e-01	-1.3965809	-5.13269	-0.21562665	4753_at
253980_at	5.45e-01	1.68e-01	-1.3965494	-5.13273	-0.09639969	253980_at
3606_at	5.45e-01	1.68e-01	1.396178	-5.13321	0.30699277	3606_at
6774_at	5.45e-01	1.68e-01	1.3960557	-5.13337	0.27784074	6774_at
1778_at	5.45e-01	1.68e-01	1.3960188	-5.13342	0.18750298	1778_at
3467_at	5.45e-01	1.68e-01	-1.3960169	-5.13342	-0.11756938	3467_at
8204_at	5.45e-01	1.68e-01	1.3958396	-5.13365	0.23121321	8204_at
23558_at	5.45e-01	1.68e-01	-1.3957108	-5.13382	-0.16885412	23558_at
6915_at	5.45e-01	1.68e-01	-1.3950074	-5.13473	-0.134752	6915_at
9196_at	5.45e-01	1.68e-01	-1.3949321	-5.13483	-0.17003407	9196_at
6925_at	5.45e-01	1.68e-01	1.3946796	-5.13515	0.22521337	6925_at
408_at	5.45e-01	1.68e-01	-1.3941811	-5.1358	-0.12271058	408_at
8450_at	5.45e-01	1.69e-01	1.3939794	-5.13606	0.14498133	8450_at
6383_at	5.45e-01	1.69e-01	1.3938429	-5.13624	0.1977886	6383_at
8621_at	5.45e-01	1.69e-01	1.3938033	-5.13629	0.10925584	8621_at
4323_at	5.46e-01	1.69e-01	-1.3933626	-5.13686	-0.12895481	4323_at
2879_at	5.46e-01	1.69e-01	1.3930445	-5.13727	0.14358484	2879_at
31_at	5.46e-01	1.69e-01	1.3929854	-5.13735	0.19444843	31_at
79596_at	5.46e-01	1.69e-01	1.3926518	-5.13778	0.21395345	79596_at
840_at	5.46e-01	1.69e-01	1.3922588	-5.13829	0.18908177	840_at
56833_at	5.47e-01	1.69e-01	1.3914544	-5.13933	0.20756974	56833_at
80761_at	5.47e-01	1.69e-01	-1.3910149	-5.1399	-0.15129443	80761_at
8856_at	5.47e-01	1.69e-01	-1.3908077	-5.14017	-0.1260538	8856_at
80206_at	5.48e-01	1.70e-01	1.3895869	-5.14175	0.29659551	80206_at
23105_at	5.48e-01	1.70e-01	-1.3895513	-5.14179	-0.14062534	23105_at
5028_at	5.48e-01	1.70e-01	-1.3893348	-5.14207	-0.10576038	5028_at
83468_at	5.48e-01	1.70e-01	1.3892787	-5.14215	0.25221196	83468_at
5320_at	5.48e-01	1.70e-01	-1.3892219	-5.14222	-0.24434281	5320_at
11122_at	5.48e-01	1.70e-01	-1.3890184	-5.14248	-0.19892786	11122_at
9191_at	5.48e-01	1.70e-01	-1.3889729	-5.14254	-0.09946564	9191_at
6554_at	5.48e-01	1.70e-01	-1.3889394	-5.14258	-0.1694628	6554_at
54896_at	5.48e-01	1.70e-01	-1.3883004	-5.14341	-0.14680518	54896_at
2901_at	5.48e-01	1.70e-01	-1.3878795	-5.14395	-0.14062513	2901_at
7802_at	5.48e-01	1.70e-01	1.3878473	-5.14399	0.22816279	7802_at
23507_at	5.48e-01	1.70e-01	-1.3877245	-5.14415	-0.10153464	23507_at
10460_at	5.48e-01	1.70e-01	-1.3876967	-5.14419	-0.19881434	10460_at
6675_at	5.48e-01	1.70e-01	-1.3876648	-5.14423	-0.26995904	6675_at
28781_at	5.48e-01	1.70e-01	1.3874312	-5.14453	0.34943959	28781_at
101928649_at	5.48e-01	1.71e-01	-1.3872685	-5.14474	-0.18091593	101928649_at
1016_at	5.48e-01	1.71e-01	-1.3871122	-5.14494	-0.16402559	1016_at
25949_at	5.49e-01	1.71e-01	1.3865507	-5.14567	0.13617717	25949_at
9665_at	5.49e-01	1.71e-01	1.3855682	-5.14693	0.1880488	9665_at
8481_at	5.49e-01	1.71e-01	1.3855148	-5.147	0.2304358	8481_at
7424_at	5.49e-01	1.71e-01	1.385156	-5.14747	0.24696442	7424_at
64065_at	5.49e-01	1.71e-01	1.3849738	-5.1477	0.38129418	64065_at
27134_at	5.49e-01	1.71e-01	-1.3847409	-5.148	-0.1250904	27134_at
27434_at	5.49e-01	1.71e-01	-1.3846457	-5.14812	-0.16234076	27434_at
56616_at	5.49e-01	1.71e-01	1.3844711	-5.14835	0.12594088	56616_at
2215_at	5.49e-01	1.71e-01	1.384467	-5.14835	0.60206177	2215_at
55207_at	5.50e-01	1.72e-01	1.3838464	-5.14915	0.14326452	55207_at
4321_at	5.50e-01	1.72e-01	-1.3838394	-5.14916	-0.23720304	4321_at
9397_at	5.50e-01	1.72e-01	1.3834572	-5.14965	0.28858376	9397_at
54360_at	5.50e-01	1.72e-01	-1.3833694	-5.14977	-0.18846401	54360_at
11344_at	5.50e-01	1.72e-01	1.382632	-5.15072	0.21382391	11344_at
25864_at	5.50e-01	1.72e-01	-1.3826308	-5.15072	-0.47852105	25864_at
29896_at	5.51e-01	1.72e-01	1.3822482	-5.15121	0.21745602	29896_at
6322_at	5.51e-01	1.72e-01	-1.3817757	-5.15182	-0.1956897	6322_at
1723_at	5.51e-01	1.72e-01	-1.3816781	-5.15194	-0.171235	1723_at
51135_at	5.51e-01	1.72e-01	1.3813545	-5.15236	0.13188751	51135_at
3757_at	5.51e-01	1.72e-01	-1.3812807	-5.15245	-0.11779857	3757_at
5396_at	5.51e-01	1.72e-01	-1.3812397	-5.15251	-0.2140917	5396_at
463_at	5.51e-01	1.72e-01	-1.3811182	-5.15266	-0.11744343	463_at
22876_at	5.51e-01	1.72e-01	1.3809339	-5.1529	0.17836005	22876_at
8537_at	5.51e-01	1.73e-01	-1.3807354	-5.15315	-0.13484714	8537_at
5639_at	5.51e-01	1.73e-01	-1.3803101	-5.1537	-0.17001597	5639_at
1543_at	5.51e-01	1.73e-01	-1.380307	-5.1537	-0.17152532	1543_at
51202_at	5.51e-01	1.73e-01	1.3802349	-5.1538	0.1353001	51202_at
7138_at	5.51e-01	1.73e-01	-1.3797821	-5.15438	-0.12790925	7138_at
9823_at	5.51e-01	1.73e-01	1.3796856	-5.1545	0.25576064	9823_at
55146_at	5.51e-01	1.73e-01	-1.3795405	-5.15469	-0.15172717	55146_at
28984_at	5.51e-01	1.73e-01	-1.3795343	-5.1547	-0.54266752	28984_at
1290_at	5.51e-01	1.73e-01	1.379514	-5.15472	0.14821353	1290_at
10381_at	5.51e-01	1.73e-01	-1.3794613	-5.15479	-0.20944946	10381_at
5858_at	5.51e-01	1.73e-01	-1.3794145	-5.15485	-0.14596664	5858_at
27107_at	5.51e-01	1.73e-01	1.3790734	-5.15529	0.22148611	27107_at
57020_at	5.51e-01	1.73e-01	1.3790514	-5.15532	0.120745	57020_at
5911_at	5.51e-01	1.73e-01	1.3786993	-5.15577	0.19118652	5911_at
55095_at	5.51e-01	1.73e-01	-1.3785656	-5.15594	-0.16746679	55095_at
10312_at	5.51e-01	1.73e-01	1.3784727	-5.15606	0.30266117	10312_at
2805_at	5.51e-01	1.73e-01	-1.3781833	-5.15643	-0.23520353	2805_at
9026_at	5.51e-01	1.73e-01	-1.3781394	-5.15649	-0.18861723	9026_at
9242_at	5.51e-01	1.73e-01	1.3777729	-5.15696	0.15400886	9242_at
9923_at	5.51e-01	1.74e-01	1.3775751	-5.15721	0.09611636	9923_at
4176_at	5.51e-01	1.74e-01	1.3771747	-5.15772	0.14951651	4176_at
10126_at	5.51e-01	1.74e-01	1.3769448	-5.15802	0.13571899	10126_at
23576_at	5.51e-01	1.74e-01	-1.3766645	-5.15838	-0.16939483	23576_at
79077_at	5.51e-01	1.74e-01	1.3764043	-5.15871	0.17121267	79077_at
419_at	5.51e-01	1.74e-01	-1.3763846	-5.15873	-0.12863864	419_at
2029_at	5.51e-01	1.74e-01	1.376351	-5.15878	0.1176988	2029_at
5045_at	5.51e-01	1.74e-01	-1.376254	-5.1589	-0.17350081	5045_at
1186_at	5.51e-01	1.74e-01	-1.3762405	-5.15892	-0.12009134	1186_at
28655_at	5.52e-01	1.74e-01	-1.3756258	-5.15971	-0.25445651	28655_at
23176_at	5.52e-01	1.74e-01	1.3754918	-5.15988	0.15058921	23176_at
8086_at	5.52e-01	1.74e-01	-1.37545	-5.15993	-0.13828192	8086_at
55267_at	5.52e-01	1.74e-01	-1.3753633	-5.16004	-0.17509301	55267_at
26039_at	5.52e-01	1.74e-01	-1.3750413	-5.16045	-0.28200475	26039_at
8912_at	5.52e-01	1.74e-01	-1.3749028	-5.16063	-0.16873498	8912_at
7547_at	5.52e-01	1.74e-01	-1.3747893	-5.16078	-0.17346444	7547_at
5127_at	5.52e-01	1.74e-01	-1.3745135	-5.16113	-0.1093079	5127_at
56142_at	5.52e-01	1.74e-01	-1.3744057	-5.16127	-0.1055259	56142_at
2803_at	5.52e-01	1.75e-01	1.3742566	-5.16146	0.16250867	2803_at
25988_at	5.52e-01	1.75e-01	1.3741217	-5.16163	0.11812413	25988_at
1586_at	5.52e-01	1.75e-01	-1.3735787	-5.16233	-0.97754229	1586_at
80335_at	5.52e-01	1.75e-01	1.373511	-5.16241	0.18047997	80335_at
56978_at	5.52e-01	1.75e-01	-1.3732373	-5.16276	-0.12465028	56978_at
23171_at	5.52e-01	1.75e-01	-1.3729046	-5.16319	-0.21881917	23171_at
254359_at	5.52e-01	1.75e-01	1.3728599	-5.16324	0.15028862	254359_at
2670_at	5.52e-01	1.75e-01	-1.3724138	-5.16381	-0.13179326	2670_at
2114_at	5.52e-01	1.75e-01	-1.3723046	-5.16395	-0.33444116	2114_at
51512_at	5.52e-01	1.75e-01	-1.3720992	-5.16422	-0.10643309	51512_at
100131755_at	5.52e-01	1.75e-01	-1.3720865	-5.16423	-0.11877671	100131755_at
4325_at	5.52e-01	1.75e-01	-1.3720786	-5.16424	-0.08490201	4325_at
9787_at	5.52e-01	1.75e-01	1.3720271	-5.16431	0.21311047	9787_at
6118_at	5.52e-01	1.75e-01	1.3718961	-5.16448	0.2037022	6118_at
11189_at	5.52e-01	1.75e-01	-1.3717282	-5.16469	-0.16874877	11189_at
55879_at	5.52e-01	1.76e-01	-1.3710665	-5.16553	-0.14938466	55879_at
9486_at	5.52e-01	1.76e-01	-1.3708948	-5.16575	-0.15285765	9486_at
57102_at	5.52e-01	1.76e-01	1.3706504	-5.16607	0.1466821	57102_at
23495_at	5.52e-01	1.76e-01	-1.370641	-5.16608	-0.18464241	23495_at
83451_at	5.52e-01	1.76e-01	1.3704326	-5.16634	0.20790748	83451_at
288_at	5.52e-01	1.76e-01	1.3702254	-5.16661	0.19073425	288_at
139081_at	5.52e-01	1.76e-01	-1.3698064	-5.16714	-0.11464507	139081_at
11000_at	5.52e-01	1.76e-01	1.3697615	-5.1672	0.31232952	11000_at
162427_at	5.52e-01	1.76e-01	1.3697076	-5.16727	0.13729294	162427_at
51440_at	5.52e-01	1.76e-01	-1.3696912	-5.16729	-0.15183446	51440_at
51596_at	5.52e-01	1.76e-01	1.3696432	-5.16735	0.11177483	51596_at
56834_at	5.52e-01	1.76e-01	-1.3695124	-5.16752	-0.10385177	56834_at
10121_at	5.52e-01	1.76e-01	1.3694181	-5.16764	0.15680258	10121_at
64778_at	5.52e-01	1.76e-01	1.3693154	-5.16777	0.3628375	64778_at
83452_at	5.52e-01	1.76e-01	-1.3692947	-5.16779	-0.15230273	83452_at
10134_at	5.52e-01	1.76e-01	1.3691611	-5.16796	0.17428049	10134_at
55252_at	5.52e-01	1.76e-01	1.3691018	-5.16804	0.2085795	55252_at
3587_at	5.53e-01	1.76e-01	1.3688868	-5.16831	0.47447444	3587_at
957_at	5.53e-01	1.77e-01	-1.3677512	-5.16976	-0.36683965	957_at
971_at	5.53e-01	1.77e-01	-1.3677344	-5.16978	-0.17108407	971_at
51460_at	5.54e-01	1.77e-01	1.3673752	-5.17024	0.16663015	51460_at
26576_at	5.54e-01	1.77e-01	-1.3672493	-5.1704	-0.1747909	26576_at
10106_at	5.54e-01	1.77e-01	-1.3671072	-5.17058	-0.1204694	10106_at
7038_at	5.54e-01	1.77e-01	-1.3666351	-5.17118	-0.24607062	7038_at
9188_at	5.54e-01	1.77e-01	-1.3663306	-5.17157	-0.17798043	9188_at
55937_at	5.54e-01	1.77e-01	-1.3661417	-5.17181	-0.55800195	55937_at
23283_at	5.54e-01	1.77e-01	1.36548	-5.17265	0.14291267	23283_at
8224_at	5.54e-01	1.77e-01	-1.3653633	-5.1728	-0.14756604	8224_at
6732_at	5.54e-01	1.77e-01	-1.3653345	-5.17284	-0.14967743	6732_at
8509_at	5.55e-01	1.77e-01	-1.3648247	-5.17348	-0.14390287	8509_at
10365_at	5.55e-01	1.78e-01	1.3645963	-5.17377	0.31350559	10365_at
6660_at	5.55e-01	1.78e-01	-1.3645469	-5.17384	-0.14491459	6660_at
80069_at	5.55e-01	1.78e-01	-1.3644643	-5.17394	-0.22079797	80069_at
26658_at	5.55e-01	1.78e-01	-1.3644624	-5.17394	-0.18864108	26658_at
5646_at	5.55e-01	1.78e-01	-1.3641255	-5.17437	-0.33223623	5646_at
23012_at	5.55e-01	1.78e-01	1.3639035	-5.17465	0.15958504	23012_at
357_at	5.55e-01	1.78e-01	-1.3638742	-5.17469	-0.16944076	357_at
22911_at	5.55e-01	1.78e-01	-1.3637172	-5.17489	-0.19279286	22911_at
8825_at	5.55e-01	1.78e-01	-1.3630968	-5.17568	-0.18387347	8825_at
2038_at	5.55e-01	1.78e-01	-1.3628092	-5.17604	-0.16827351	2038_at
29969_at	5.55e-01	1.78e-01	1.3626927	-5.17619	0.13117454	29969_at
10368_at	5.55e-01	1.78e-01	-1.3625868	-5.17633	-0.16945186	10368_at
3426_at	5.55e-01	1.78e-01	1.3625068	-5.17643	0.25555955	3426_at
800_at	5.55e-01	1.78e-01	1.3623047	-5.17668	0.17246766	800_at
6518_at	5.55e-01	1.78e-01	-1.3622859	-5.17671	-0.50512709	6518_at
200081_at	5.55e-01	1.78e-01	1.3620981	-5.17695	0.19736498	200081_at
653483_at	5.55e-01	1.78e-01	-1.3618689	-5.17724	-0.22316739	653483_at
23641_at	5.55e-01	1.78e-01	-1.3618491	-5.17726	-0.20737571	23641_at
51303_at	5.55e-01	1.78e-01	1.3617982	-5.17733	0.44543985	51303_at
1475_at	5.55e-01	1.78e-01	1.3615691	-5.17762	0.59326922	1475_at
149603_at	5.55e-01	1.78e-01	1.3615016	-5.1777	0.12196345	149603_at
51450_at	5.55e-01	1.79e-01	-1.3613322	-5.17792	-0.16854417	51450_at
7021_at	5.55e-01	1.79e-01	1.3610745	-5.17824	0.30489974	7021_at
11221_at	5.55e-01	1.79e-01	1.3610189	-5.17831	0.12197713	11221_at
26146_at	5.55e-01	1.79e-01	1.361018	-5.17832	0.11839805	26146_at
79698_at	5.55e-01	1.79e-01	-1.3608026	-5.17859	-0.15959063	79698_at
339290_at	5.55e-01	1.79e-01	-1.3607204	-5.17869	-0.16695368	339290_at
8192_at	5.55e-01	1.79e-01	-1.3602726	-5.17926	-0.16832603	8192_at
28969_at	5.55e-01	1.79e-01	1.3601352	-5.17943	0.21123806	28969_at
28425_at	5.55e-01	1.79e-01	-1.3601156	-5.17946	-0.12648161	28425_at
26118_at	5.55e-01	1.79e-01	-1.3600146	-5.17959	-0.2640837	26118_at
389136_at	5.55e-01	1.79e-01	-1.3599204	-5.17971	-0.11970643	389136_at
4158_at	5.55e-01	1.79e-01	-1.3592226	-5.18059	-0.12229835	4158_at
79074_at	5.55e-01	1.79e-01	1.3590625	-5.18079	0.11351252	79074_at
1398_at	5.55e-01	1.79e-01	1.3589245	-5.18097	0.13851792	1398_at
27077_at	5.55e-01	1.79e-01	1.3587262	-5.18122	0.10317768	27077_at
81555_at	5.55e-01	1.79e-01	1.35872	-5.18123	0.18148925	81555_at
4146_at	5.55e-01	1.79e-01	-1.3585356	-5.18146	-0.1158289	4146_at
51348_at	5.56e-01	1.80e-01	1.3577253	-5.18248	0.15882846	51348_at
3362_at	5.56e-01	1.80e-01	-1.357377	-5.18292	-0.16107957	3362_at
8997_at	5.56e-01	1.80e-01	-1.3567907	-5.18367	-0.1131089	8997_at
64901_at	5.56e-01	1.80e-01	-1.3567309	-5.18374	-0.14428994	64901_at
56606_at	5.56e-01	1.80e-01	-1.3566617	-5.18383	-0.40639639	56606_at
23152_at	5.56e-01	1.80e-01	-1.3566361	-5.18386	-0.17685718	23152_at
142684_at	5.56e-01	1.80e-01	-1.3562629	-5.18433	-0.10087458	142684_at
7322_at	5.56e-01	1.80e-01	1.3562239	-5.18438	0.126317	7322_at
50862_at	5.56e-01	1.80e-01	1.3562017	-5.18441	0.18569082	50862_at
6900_at	5.56e-01	1.80e-01	-1.3560791	-5.18457	-0.14042445	6900_at
79963_at	5.56e-01	1.80e-01	-1.3559322	-5.18475	-0.13962117	79963_at
7480_at	5.56e-01	1.80e-01	-1.355919	-5.18477	-0.23665492	7480_at
133619_at	5.56e-01	1.80e-01	1.3558704	-5.18483	0.13860592	133619_at
23650_at	5.56e-01	1.80e-01	-1.3557743	-5.18495	-0.14952777	23650_at
8747_at	5.56e-01	1.80e-01	-1.3555604	-5.18522	-0.26121549	8747_at
10150_at	5.56e-01	1.80e-01	-1.3555415	-5.18524	-0.16260204	10150_at
4063_at	5.56e-01	1.80e-01	-1.3554139	-5.18541	-0.14990474	4063_at
10139_at	5.56e-01	1.80e-01	-1.3553997	-5.18542	-0.11635561	10139_at
51316_at	5.56e-01	1.81e-01	1.3545642	-5.18648	0.60152448	51316_at
59336_at	5.56e-01	1.81e-01	-1.3545078	-5.18655	-0.11058069	59336_at
5910_at	5.56e-01	1.81e-01	1.3544658	-5.1866	0.16810268	5910_at
5969_at	5.56e-01	1.81e-01	-1.3544207	-5.18666	-0.16750669	5969_at
79015_at	5.56e-01	1.81e-01	-1.354341	-5.18676	-0.16302509	79015_at
22807_at	5.56e-01	1.81e-01	-1.3542259	-5.1869	-0.14128364	22807_at
54857_at	5.56e-01	1.81e-01	-1.3541843	-5.18696	-0.19935762	54857_at
6642_at	5.56e-01	1.81e-01	1.3540667	-5.18711	0.13762675	6642_at
1660_at	5.56e-01	1.81e-01	1.3540153	-5.18717	0.15411535	1660_at
57698_at	5.56e-01	1.81e-01	1.3536883	-5.18758	0.34843171	57698_at
55837_at	5.56e-01	1.81e-01	1.3536228	-5.18767	0.20100424	55837_at
5714_at	5.56e-01	1.81e-01	1.353467	-5.18786	0.17932037	5714_at
54345_at	5.56e-01	1.81e-01	1.3533701	-5.18798	0.09840469	54345_at
3507_at	5.56e-01	1.81e-01	1.3533325	-5.18803	0.93036301	3507_at
10990_at	5.57e-01	1.81e-01	1.3525983	-5.18896	0.12309154	10990_at
27065_at	5.57e-01	1.82e-01	-1.3519024	-5.18983	-0.34919455	27065_at
3249_at	5.57e-01	1.82e-01	1.3517787	-5.18999	0.23495081	3249_at
9350_at	5.57e-01	1.82e-01	-1.3517454	-5.19003	-0.20763161	9350_at
8289_at	5.57e-01	1.82e-01	-1.351596	-5.19022	-0.07804143	8289_at
2117_at	5.57e-01	1.82e-01	-1.3515923	-5.19022	-0.1039242	2117_at
9688_at	5.57e-01	1.82e-01	1.3515349	-5.1903	0.17497545	9688_at
94239_at	5.57e-01	1.82e-01	-1.3508418	-5.19117	-0.17244382	94239_at
56649_at	5.57e-01	1.82e-01	1.3504976	-5.1916	0.33281732	56649_at
9027_at	5.57e-01	1.82e-01	1.3504365	-5.19168	0.39202913	9027_at
10255_at	5.57e-01	1.82e-01	-1.3502931	-5.19186	-0.13870952	10255_at
22865_at	5.57e-01	1.82e-01	-1.3502688	-5.19189	-0.12480131	22865_at
51714_at	5.57e-01	1.82e-01	1.3501872	-5.19199	0.15708228	51714_at
26507_at	5.57e-01	1.82e-01	-1.350173	-5.19201	-0.10893401	26507_at
5349_at	5.57e-01	1.82e-01	-1.350071	-5.19214	-0.16904647	5349_at
4929_at	5.57e-01	1.82e-01	-1.3497841	-5.1925	-0.31117484	4929_at
696_at	5.57e-01	1.82e-01	-1.3497525	-5.19254	-0.1565905	696_at
10472_at	5.57e-01	1.82e-01	1.3497287	-5.19257	0.10420969	10472_at
11020_at	5.57e-01	1.82e-01	1.349507	-5.19285	0.159955	11020_at
3692_at	5.57e-01	1.82e-01	1.3494789	-5.19288	0.15908351	3692_at
55365_at	5.57e-01	1.82e-01	1.3488882	-5.19363	0.2314715	55365_at
752_at	5.57e-01	1.83e-01	-1.3485276	-5.19408	-0.15496714	752_at
178_at	5.57e-01	1.83e-01	-1.348422	-5.19421	-0.27826168	178_at
148066_at	5.57e-01	1.83e-01	-1.3482587	-5.19442	-0.13718397	148066_at
5670_at	5.57e-01	1.83e-01	-1.3480534	-5.19468	-0.20019838	5670_at
3730_at	5.57e-01	1.83e-01	-1.3479776	-5.19477	-0.19329473	3730_at
3849_at	5.57e-01	1.83e-01	-1.3477988	-5.195	-0.18588132	3849_at
284904_at	5.57e-01	1.83e-01	1.3477513	-5.19505	0.12337909	284904_at
5321_at	5.57e-01	1.83e-01	1.3476805	-5.19514	0.27961896	5321_at
1763_at	5.57e-01	1.83e-01	-1.3475244	-5.19534	-0.14086094	1763_at
10076_at	5.57e-01	1.83e-01	-1.3472413	-5.1957	-0.13477224	10076_at
845_at	5.57e-01	1.83e-01	-1.3471113	-5.19586	-0.22967635	845_at
3596_at	5.57e-01	1.83e-01	-1.3468779	-5.19615	-0.18211151	3596_at
27287_at	5.57e-01	1.83e-01	-1.3468637	-5.19617	-0.1566201	27287_at
116372_at	5.57e-01	1.83e-01	1.3468358	-5.1962	0.32048521	116372_at
29097_at	5.57e-01	1.83e-01	1.34611	-5.19712	0.23933169	29097_at
6241_at	5.57e-01	1.84e-01	1.3457021	-5.19763	0.46087688	6241_at
5165_at	5.57e-01	1.84e-01	-1.3456	-5.19775	-0.14340987	5165_at
23035_at	5.57e-01	1.84e-01	-1.3453746	-5.19804	-0.18787245	23035_at
51181_at	5.57e-01	1.84e-01	-1.3453647	-5.19805	-0.59078521	51181_at
56940_at	5.57e-01	1.84e-01	1.3450811	-5.19841	0.22589778	56940_at
261734_at	5.57e-01	1.84e-01	1.3449988	-5.19851	0.12334224	261734_at
53841_at	5.57e-01	1.84e-01	-1.344976	-5.19854	-0.4631578	53841_at
64800_at	5.57e-01	1.84e-01	-1.3447911	-5.19877	-0.10931117	64800_at
570_at	5.57e-01	1.84e-01	-1.3447853	-5.19878	-0.15854201	570_at
6006_at	5.57e-01	1.84e-01	-1.3447719	-5.19879	-0.23851864	6006_at
25861_at	5.57e-01	1.84e-01	-1.3446927	-5.19889	-0.08578417	25861_at
2123_at	5.57e-01	1.84e-01	1.3446119	-5.19899	0.70508734	2123_at
9333_at	5.57e-01	1.84e-01	-1.3445272	-5.1991	-0.16346794	9333_at
6708_at	5.57e-01	1.84e-01	-1.3443627	-5.19931	-0.12084036	6708_at
6657_at	5.57e-01	1.84e-01	-1.3441774	-5.19954	-0.12828895	6657_at
3854_at	5.57e-01	1.84e-01	-1.3437967	-5.20001	-0.14543285	3854_at
11005_at	5.57e-01	1.84e-01	-1.3436875	-5.20015	-0.18207681	11005_at
10220_at	5.57e-01	1.84e-01	-1.3433263	-5.2006	-0.11381746	10220_at
54915_at	5.57e-01	1.84e-01	1.3432105	-5.20075	0.1309482	54915_at
2258_at	5.57e-01	1.84e-01	1.3431956	-5.20077	0.29413115	2258_at
55704_at	5.57e-01	1.84e-01	1.3431319	-5.20085	0.1006426	55704_at
9567_at	5.57e-01	1.84e-01	-1.3429894	-5.20103	-0.09361511	9567_at
51411_at	5.57e-01	1.84e-01	-1.3427429	-5.20133	-0.24374605	51411_at
5542_at	5.57e-01	1.84e-01	-1.3427093	-5.20138	-0.17929157	5542_at
64174_at	5.57e-01	1.85e-01	1.3424907	-5.20165	0.16755975	64174_at
55228_at	5.57e-01	1.85e-01	1.3423366	-5.20184	0.3725714	55228_at
6863_at	5.57e-01	1.85e-01	1.3421574	-5.20207	0.72615121	6863_at
6570_at	5.57e-01	1.85e-01	-1.3421464	-5.20208	-0.1379111	6570_at
10019_at	5.57e-01	1.85e-01	1.3421266	-5.20211	0.38685718	10019_at
23051_at	5.57e-01	1.85e-01	-1.3419495	-5.20233	-0.16000483	23051_at
50832_at	5.57e-01	1.85e-01	-1.3417845	-5.20253	-0.17290037	50832_at
8038_at	5.57e-01	1.85e-01	-1.3415674	-5.2028	-0.1258241	8038_at
8928_at	5.57e-01	1.85e-01	-1.3414263	-5.20298	-0.18822591	8928_at
11319_at	5.57e-01	1.85e-01	1.3414098	-5.203	0.15113811	11319_at
6892_at	5.57e-01	1.85e-01	1.3413381	-5.20309	0.15527053	6892_at
2697_at	5.57e-01	1.85e-01	1.3413022	-5.20314	0.61638153	2697_at
11138_at	5.57e-01	1.85e-01	-1.3411889	-5.20328	-0.23851919	11138_at
711_at	5.57e-01	1.85e-01	-1.3411819	-5.20329	-0.12552544	711_at
27115_at	5.57e-01	1.85e-01	-1.3411733	-5.2033	-0.14109682	27115_at
5069_at	5.57e-01	1.85e-01	1.3411402	-5.20334	0.32235077	5069_at
23632_at	5.57e-01	1.85e-01	-1.3409492	-5.20358	-0.19175212	23632_at
54973_at	5.57e-01	1.85e-01	1.3405218	-5.20411	0.11891161	54973_at
633_at	5.57e-01	1.85e-01	1.3403595	-5.20431	0.19264117	633_at
4171_at	5.57e-01	1.85e-01	1.3402542	-5.20445	0.21391344	4171_at
55669_at	5.57e-01	1.85e-01	1.3401983	-5.20452	0.18014882	55669_at
81553_at	5.57e-01	1.85e-01	1.3399908	-5.20478	0.17279456	81553_at
8175_at	5.57e-01	1.85e-01	-1.3397742	-5.20505	-0.12541629	8175_at
91977_at	5.57e-01	1.85e-01	-1.3397427	-5.20509	-0.14008519	91977_at
2815_at	5.57e-01	1.85e-01	-1.339541	-5.20534	-0.15922402	2815_at
79767_at	5.57e-01	1.85e-01	-1.3395397	-5.20534	-0.21252262	79767_at
55507_at	5.57e-01	1.86e-01	-1.3395109	-5.20537	-0.19565944	55507_at
6559_at	5.57e-01	1.86e-01	-1.3394543	-5.20545	-0.54745398	6559_at
10556_at	5.57e-01	1.86e-01	1.3393758	-5.20554	0.10782015	10556_at
6257_at	5.57e-01	1.86e-01	-1.3393172	-5.20562	-0.09017299	6257_at
51559_at	5.57e-01	1.86e-01	-1.3391768	-5.20579	-0.1523295	51559_at
200315_at	5.57e-01	1.86e-01	1.3390864	-5.2059	0.19294227	200315_at
5792_at	5.57e-01	1.86e-01	1.3390833	-5.20591	0.16592917	5792_at
197_at	5.57e-01	1.86e-01	-1.3390749	-5.20592	-0.10203711	197_at
94026_at	5.57e-01	1.86e-01	-1.3388229	-5.20623	-0.13133342	94026_at
2798_at	5.57e-01	1.86e-01	-1.3387334	-5.20635	-0.09642778	2798_at
51308_at	5.57e-01	1.86e-01	-1.3386048	-5.20651	-0.15505482	51308_at
54552_at	5.57e-01	1.86e-01	-1.3385494	-5.20658	-0.08871921	54552_at
9265_at	5.57e-01	1.86e-01	-1.3383555	-5.20682	-0.10245174	9265_at
915_at	5.57e-01	1.86e-01	1.3382299	-5.20697	0.56835335	915_at
7799_at	5.57e-01	1.86e-01	-1.3382002	-5.20701	-0.08364287	7799_at
100129503_at	5.57e-01	1.86e-01	-1.3380842	-5.20716	-0.16478039	100129503_at
350_at	5.57e-01	1.86e-01	-1.3376797	-5.20766	-0.97733855	350_at
6699_at	5.57e-01	1.86e-01	-1.3372296	-5.20822	-0.13953767	6699_at
2317_at	5.57e-01	1.86e-01	1.3371831	-5.20828	0.18517764	2317_at
8227_at	5.57e-01	1.86e-01	1.3371208	-5.20836	0.13847331	8227_at
23093_at	5.57e-01	1.86e-01	1.3369531	-5.20857	0.15496913	23093_at
10781_at	5.57e-01	1.86e-01	1.3367542	-5.20881	0.24082964	10781_at
22926_at	5.57e-01	1.86e-01	-1.3366866	-5.2089	-0.13368385	22926_at
64714_at	5.57e-01	1.87e-01	-1.3363062	-5.20937	-0.14778787	64714_at
3958_at	5.57e-01	1.87e-01	-1.3361457	-5.20957	-0.2939547	3958_at
1855_at	5.57e-01	1.87e-01	-1.3361379	-5.20958	-0.13154552	1855_at
23451_at	5.57e-01	1.87e-01	1.335901	-5.20988	0.11433168	23451_at
57101_at	5.57e-01	1.87e-01	-1.3353252	-5.21059	-0.12842539	57101_at
41_at	5.57e-01	1.87e-01	-1.3352179	-5.21073	-0.12443886	41_at
366_at	5.57e-01	1.87e-01	-1.3351709	-5.21079	-0.24165353	366_at
699_at	5.57e-01	1.87e-01	-1.3350793	-5.2109	-0.12716573	699_at
56934_at	5.57e-01	1.87e-01	-1.334797	-5.21125	-0.13116251	56934_at
1436_at	5.57e-01	1.87e-01	1.3347619	-5.2113	0.33763926	1436_at
6495_at	5.57e-01	1.87e-01	-1.3346882	-5.21139	-0.13184907	6495_at
51150_at	5.57e-01	1.87e-01	1.3346135	-5.21148	0.21149325	51150_at
23787_at	5.58e-01	1.87e-01	-1.3340111	-5.21223	-0.13453344	23787_at
55521_at	5.58e-01	1.87e-01	-1.3339513	-5.2123	-0.07917187	55521_at
8703_at	5.58e-01	1.87e-01	1.3338906	-5.21238	0.12514015	8703_at
3787_at	5.58e-01	1.87e-01	-1.333766	-5.21253	-0.16637819	3787_at
26266_at	5.58e-01	1.87e-01	-1.3336947	-5.21262	-0.16448666	26266_at
858_at	5.58e-01	1.87e-01	1.3335473	-5.21281	0.42384793	858_at
7879_at	5.58e-01	1.87e-01	-1.3334332	-5.21295	-0.15764404	7879_at
55769_at	5.58e-01	1.88e-01	1.3331614	-5.21329	0.19268896	55769_at
820_at	5.58e-01	1.88e-01	-1.332995	-5.21349	-0.13505852	820_at
219699_at	5.58e-01	1.88e-01	-1.3325665	-5.21403	-0.12335491	219699_at
4995_at	5.58e-01	1.88e-01	-1.3323699	-5.21427	-0.09916488	4995_at
80774_at	5.58e-01	1.88e-01	-1.3321223	-5.21458	-0.15504719	80774_at
6039_at	5.58e-01	1.88e-01	1.3319848	-5.21475	0.68181323	6039_at
55326_at	5.58e-01	1.88e-01	-1.3314879	-5.21537	-0.26758442	55326_at
114825_at	5.58e-01	1.88e-01	-1.331267	-5.21564	-0.11652195	114825_at
7841_at	5.58e-01	1.88e-01	1.3312313	-5.21568	0.12845999	7841_at
6010_at	5.58e-01	1.88e-01	-1.3308929	-5.2161	-0.12959204	6010_at
8763_at	5.58e-01	1.88e-01	-1.3308662	-5.21614	-0.20689746	8763_at
10850_at	5.58e-01	1.88e-01	-1.330851	-5.21616	-0.12532193	10850_at
9437_at	5.59e-01	1.88e-01	-1.3304314	-5.21668	-0.12550911	9437_at
54014_at	5.59e-01	1.89e-01	1.3299747	-5.21724	0.08287224	54014_at
1627_at	5.59e-01	1.89e-01	1.3295265	-5.2178	0.20426012	1627_at
3625_at	5.59e-01	1.89e-01	-1.3292851	-5.2181	-0.14995062	3625_at
100861554_at	5.60e-01	1.89e-01	-1.3288037	-5.2187	-0.13765152	100861554_at
23617_at	5.60e-01	1.89e-01	-1.3287104	-5.21881	-0.14113073	23617_at
383_at	5.60e-01	1.89e-01	-1.3283704	-5.21923	-0.11299989	383_at
79645_at	5.60e-01	1.89e-01	-1.3282374	-5.2194	-0.10988706	79645_at
91782_at	5.60e-01	1.89e-01	1.3282352	-5.2194	0.12581839	91782_at
4314_at	5.60e-01	1.89e-01	-1.3276292	-5.22015	-0.13451969	4314_at
51507_at	5.60e-01	1.89e-01	1.3274428	-5.22038	0.10589703	51507_at
4615_at	5.60e-01	1.89e-01	1.3272901	-5.22057	0.16352366	4615_at
147694_at	5.60e-01	1.90e-01	-1.3272034	-5.22068	-0.15610539	147694_at
26279_at	5.60e-01	1.90e-01	-1.3272011	-5.22068	-0.15850518	26279_at
200316_at	5.60e-01	1.90e-01	1.3271696	-5.22072	0.17664148	200316_at
5875_at	5.61e-01	1.90e-01	1.3254634	-5.22283	0.20092991	5875_at
5905_at	5.61e-01	1.90e-01	-1.325396	-5.22291	-0.12884498	5905_at
10184_at	5.61e-01	1.90e-01	1.32536	-5.22296	0.23219594	10184_at
2074_at	5.61e-01	1.90e-01	-1.3250883	-5.22329	-0.12799497	2074_at
827_at	5.61e-01	1.90e-01	1.3250376	-5.22336	0.20554203	827_at
25878_at	5.61e-01	1.90e-01	-1.3250364	-5.22336	-0.37672671	25878_at
55616_at	5.61e-01	1.90e-01	-1.3247762	-5.22368	-0.12711636	55616_at
10202_at	5.61e-01	1.90e-01	-1.3246503	-5.22384	-0.15350898	10202_at
4162_at	5.61e-01	1.90e-01	1.324571	-5.22393	0.20800822	4162_at
11014_at	5.62e-01	1.91e-01	1.3239865	-5.22466	0.15140878	11014_at
54471_at	5.62e-01	1.91e-01	-1.3237197	-5.22499	-0.12190649	54471_at
27229_at	5.62e-01	1.91e-01	-1.3234777	-5.22528	-0.1441856	27229_at
100293516_at	5.62e-01	1.91e-01	1.3234493	-5.22532	0.21856634	100293516_at
6949_at	5.62e-01	1.91e-01	-1.3228299	-5.22608	-0.12769216	6949_at
9172_at	5.62e-01	1.91e-01	-1.3225062	-5.22648	-0.33557967	9172_at
26585_at	5.62e-01	1.91e-01	-1.3224928	-5.2265	-0.10645834	26585_at
10247_at	5.62e-01	1.91e-01	-1.3222243	-5.22683	-0.43270739	10247_at
94_at	5.62e-01	1.91e-01	-1.3220581	-5.22704	-0.15542987	94_at
22953_at	5.62e-01	1.91e-01	-1.321989	-5.22712	-0.13466157	22953_at
54961_at	5.62e-01	1.91e-01	-1.3216965	-5.22748	-0.096361	54961_at
23081_at	5.62e-01	1.91e-01	-1.3215425	-5.22767	-0.07918109	23081_at
2245_at	5.62e-01	1.91e-01	-1.3214244	-5.22782	-0.1316611	2245_at
1515_at	5.63e-01	1.92e-01	-1.3209759	-5.22837	-0.65074754	1515_at
1489_at	5.63e-01	1.92e-01	-1.320758	-5.22864	-0.17683351	1489_at
9857_at	5.63e-01	1.92e-01	1.3206211	-5.22881	0.12008176	9857_at
8698_at	5.63e-01	1.92e-01	-1.3206061	-5.22883	-0.14499468	8698_at
2764_at	5.63e-01	1.92e-01	1.3205681	-5.22887	0.24787098	2764_at
5693_at	5.63e-01	1.92e-01	1.3199173	-5.22967	0.15601273	5693_at
3705_at	5.63e-01	1.92e-01	-1.3198775	-5.22972	-0.11618857	3705_at
5147_at	5.63e-01	1.92e-01	1.3195944	-5.23007	0.13461145	5147_at
81850_at	5.63e-01	1.92e-01	-1.3193206	-5.23041	-0.0932425	81850_at
4675_at	5.63e-01	1.92e-01	1.3192586	-5.23049	0.21415562	4675_at
23137_at	5.63e-01	1.92e-01	1.3187986	-5.23105	0.1024927	23137_at
10093_at	5.63e-01	1.92e-01	1.3187419	-5.23112	0.10827017	10093_at
27069_at	5.64e-01	1.92e-01	-1.3184238	-5.23151	-0.14271174	27069_at
130074_at	5.64e-01	1.92e-01	1.3183735	-5.23157	0.12006811	130074_at
5137_at	5.64e-01	1.93e-01	-1.3180337	-5.23199	-0.11868912	5137_at
63931_at	5.64e-01	1.93e-01	1.3177048	-5.2324	0.10768995	63931_at
55803_at	5.65e-01	1.93e-01	1.3166453	-5.2337	0.24649262	55803_at
27037_at	5.65e-01	1.93e-01	-1.3166295	-5.23372	-0.14103515	27037_at
8986_at	5.65e-01	1.93e-01	-1.3166078	-5.23375	-0.11861745	8986_at
26268_at	5.65e-01	1.93e-01	-1.3163095	-5.23411	-0.13302875	26268_at
3442_at	5.65e-01	1.93e-01	-1.3162968	-5.23413	-0.14404941	3442_at
4815_at	5.65e-01	1.93e-01	-1.3157227	-5.23483	-0.17727131	4815_at
5275_at	5.65e-01	1.93e-01	-1.3155249	-5.23508	-0.08464005	5275_at
335_at	5.65e-01	1.94e-01	-1.3150991	-5.2356	-0.20141215	335_at
8612_at	5.65e-01	1.94e-01	1.315053	-5.23566	0.32874099	8612_at
7163_at	5.65e-01	1.94e-01	-1.315014	-5.2357	-0.16630906	7163_at
26960_at	5.65e-01	1.94e-01	1.3149865	-5.23574	0.23124903	26960_at
4644_at	5.65e-01	1.94e-01	1.3149762	-5.23575	0.13610912	4644_at
23072_at	5.65e-01	1.94e-01	-1.3148271	-5.23593	-0.18593663	23072_at
23200_at	5.65e-01	1.94e-01	-1.3145537	-5.23627	-0.11115108	23200_at
8575_at	5.65e-01	1.94e-01	-1.3144354	-5.23641	-0.1791478	8575_at
587_at	5.65e-01	1.94e-01	1.3138883	-5.23708	0.23660075	587_at
10677_at	5.65e-01	1.94e-01	-1.3137558	-5.23725	-0.11997308	10677_at
10262_at	5.65e-01	1.94e-01	-1.3137444	-5.23726	-0.16180803	10262_at
11260_at	5.65e-01	1.94e-01	1.3134751	-5.23759	0.19678104	11260_at
4803_at	5.65e-01	1.94e-01	-1.3133479	-5.23775	-0.15560847	4803_at
10268_at	5.65e-01	1.94e-01	1.3132498	-5.23787	0.26249751	10268_at
8065_at	5.65e-01	1.94e-01	-1.3132442	-5.23787	-0.15049607	8065_at
5865_at	5.65e-01	1.94e-01	-1.3131039	-5.23805	-0.11565237	5865_at
51313_at	5.65e-01	1.94e-01	1.3130495	-5.23811	0.16985538	51313_at
26578_at	5.65e-01	1.94e-01	1.3128812	-5.23832	0.23514124	26578_at
10966_at	5.65e-01	1.94e-01	1.3127365	-5.2385	0.28612012	10966_at
2979_at	5.65e-01	1.94e-01	-1.3122388	-5.23911	-0.12546355	2979_at
80235_at	5.65e-01	1.94e-01	-1.3121964	-5.23916	-0.18114343	80235_at
2263_at	5.65e-01	1.95e-01	1.312148	-5.23922	0.27527904	2263_at
5611_at	5.65e-01	1.95e-01	1.3120733	-5.23931	0.15905747	5611_at
9479_at	5.65e-01	1.95e-01	1.3119065	-5.23951	0.11671252	9479_at
11083_at	5.65e-01	1.95e-01	-1.3116137	-5.23987	-0.11492845	11083_at
9929_at	5.65e-01	1.95e-01	-1.311573	-5.23992	-0.19821034	9929_at
9754_at	5.65e-01	1.95e-01	-1.3113356	-5.24021	-0.21153125	9754_at
51678_at	5.66e-01	1.95e-01	1.31104	-5.24057	0.21343864	51678_at
206358_at	5.66e-01	1.95e-01	1.3107696	-5.2409	0.17855963	206358_at
27304_at	5.66e-01	1.95e-01	-1.3104959	-5.24124	-0.14688114	27304_at
53_at	5.66e-01	1.95e-01	1.3100557	-5.24178	0.17989398	53_at
141_at	5.66e-01	1.95e-01	-1.3099811	-5.24187	-0.10951759	141_at
8139_at	5.66e-01	1.95e-01	-1.309852	-5.24203	-0.12184228	8139_at
3187_at	5.66e-01	1.95e-01	-1.3098319	-5.24205	-0.17600043	3187_at
2771_at	5.66e-01	1.95e-01	1.3098173	-5.24207	0.19838245	2771_at
2047_at	5.66e-01	1.95e-01	-1.3096395	-5.24229	-0.13972551	2047_at
3577_at	5.66e-01	1.95e-01	-1.309389	-5.24259	-0.13321082	3577_at
719_at	5.66e-01	1.96e-01	1.3092087	-5.24281	0.35650328	719_at
10003_at	5.66e-01	1.96e-01	-1.3088901	-5.2432	-0.11090585	10003_at
1774_at	5.67e-01	1.96e-01	-1.3084587	-5.24373	-0.15619566	1774_at
80760_at	5.67e-01	1.96e-01	-1.3083048	-5.24392	-0.24474393	80760_at
51133_at	5.67e-01	1.96e-01	-1.3073939	-5.24503	-0.18407422	51133_at
8823_at	5.67e-01	1.96e-01	-1.3071387	-5.24534	-0.14828227	8823_at
23166_at	5.67e-01	1.96e-01	1.3069014	-5.24563	0.21526257	23166_at
1388_at	5.67e-01	1.96e-01	-1.3068253	-5.24572	-0.09134853	1388_at
183_at	5.67e-01	1.96e-01	-1.3066899	-5.24589	-0.55687234	183_at
23429_at	5.67e-01	1.96e-01	-1.3066885	-5.24589	-0.16645194	23429_at
1828_at	5.68e-01	1.97e-01	1.3061165	-5.24659	0.07961185	1828_at
2176_at	5.68e-01	1.97e-01	1.3057949	-5.24698	0.17286974	2176_at
889_at	5.68e-01	1.97e-01	1.3057612	-5.24702	0.18794286	889_at
23659_at	5.68e-01	1.97e-01	1.3055839	-5.24724	0.22657476	23659_at
11316_at	5.68e-01	1.97e-01	1.3052349	-5.24766	0.18033922	11316_at
7008_at	5.68e-01	1.97e-01	-1.3050546	-5.24788	-0.14388142	7008_at
10462_at	5.68e-01	1.97e-01	1.3050006	-5.24795	0.40118922	10462_at
7311_at	5.68e-01	1.97e-01	1.3048727	-5.2481	0.11842072	7311_at
23566_at	5.68e-01	1.97e-01	-1.3048106	-5.24818	-0.12453021	23566_at
58513_at	5.68e-01	1.97e-01	-1.3043748	-5.24871	-0.12904556	58513_at
2230_at	5.68e-01	1.97e-01	-1.304244	-5.24887	-0.29149905	2230_at
29018_at	5.68e-01	1.97e-01	-1.3042279	-5.24889	-0.1613598	29018_at
9736_at	5.68e-01	1.97e-01	1.3042213	-5.2489	0.13890806	9736_at
23150_at	5.68e-01	1.97e-01	1.3037458	-5.24948	0.25141287	23150_at
640_at	5.68e-01	1.97e-01	-1.3036745	-5.24956	-0.13187379	640_at
1762_at	5.68e-01	1.97e-01	-1.3035561	-5.24971	-0.12769319	1762_at
2569_at	5.68e-01	1.98e-01	-1.3032571	-5.25007	-0.09655687	2569_at
9881_at	5.68e-01	1.98e-01	1.3032346	-5.2501	0.20877014	9881_at
2492_at	5.68e-01	1.98e-01	-1.3032293	-5.25011	-0.13600785	2492_at
54968_at	5.68e-01	1.98e-01	-1.3028904	-5.25052	-0.10096707	54968_at
1735_at	5.68e-01	1.98e-01	-1.3028408	-5.25058	-0.15583421	1735_at
11267_at	5.68e-01	1.98e-01	1.3025726	-5.2509	0.16997045	11267_at
55335_at	5.68e-01	1.98e-01	-1.3025618	-5.25092	-0.12339357	55335_at
55727_at	5.68e-01	1.98e-01	1.3024783	-5.25102	0.1331817	55727_at
55251_at	5.68e-01	1.98e-01	-1.3024302	-5.25108	-0.22407011	55251_at
56114_at	5.68e-01	1.98e-01	-1.3021176	-5.25146	-0.17624036	56114_at
1536_at	5.68e-01	1.98e-01	1.3019221	-5.2517	0.42195205	1536_at
53371_at	5.68e-01	1.98e-01	1.3017783	-5.25187	0.1809531	53371_at
7852_at	5.68e-01	1.98e-01	1.3016194	-5.25206	0.51411836	7852_at
1472_at	5.69e-01	1.98e-01	-1.3009874	-5.25283	-0.11915971	1472_at
1780_at	5.69e-01	1.98e-01	-1.3008666	-5.25298	-0.18040849	1780_at
754_at	5.69e-01	1.98e-01	1.3006158	-5.25328	0.21096339	754_at
9644_at	5.69e-01	1.98e-01	-1.3005891	-5.25332	-0.11818777	9644_at
7225_at	5.69e-01	1.98e-01	-1.3004691	-5.25346	-0.08524029	7225_at
55766_at	5.69e-01	1.99e-01	-1.3002077	-5.25378	-0.10354125	55766_at
79825_at	5.70e-01	1.99e-01	-1.2991349	-5.25508	-0.19992152	79825_at
6746_at	5.70e-01	1.99e-01	1.2989894	-5.25526	0.11606689	6746_at
54863_at	5.70e-01	1.99e-01	1.2981388	-5.25629	0.19520898	54863_at
9142_at	5.70e-01	1.99e-01	-1.2980531	-5.25639	-0.11552748	9142_at
79585_at	5.70e-01	1.99e-01	-1.2978733	-5.25661	-0.13461022	79585_at
55002_at	5.70e-01	1.99e-01	1.2978584	-5.25663	0.25315351	55002_at
6426_at	5.70e-01	1.99e-01	1.2978076	-5.25669	0.11454845	6426_at
28234_at	5.70e-01	1.99e-01	-1.297641	-5.25689	-0.11646739	28234_at
3812_at	5.71e-01	2.00e-01	-1.2969141	-5.25777	-0.15580829	3812_at
1833_at	5.71e-01	2.00e-01	-1.2967019	-5.25803	-0.07233375	1833_at
79639_at	5.71e-01	2.00e-01	-1.2963948	-5.2584	-0.14781644	79639_at
3029_at	5.72e-01	2.00e-01	-1.295583	-5.25938	-0.34546675	3029_at
8850_at	5.72e-01	2.00e-01	-1.2955434	-5.25943	-0.2077833	8850_at
2548_at	5.72e-01	2.00e-01	1.2953921	-5.25962	0.17897501	2548_at
4043_at	5.72e-01	2.00e-01	1.2950972	-5.25997	0.23656997	4043_at
4613_at	5.72e-01	2.00e-01	-1.2950061	-5.26008	-0.1124992	4613_at
57092_at	5.72e-01	2.00e-01	-1.2948078	-5.26032	-0.16375438	57092_at
83716_at	5.72e-01	2.00e-01	-1.2946399	-5.26053	-0.37654981	83716_at
1814_at	5.72e-01	2.00e-01	-1.2945667	-5.26061	-0.06982877	1814_at
6947_at	5.72e-01	2.01e-01	-1.2942444	-5.261	-0.30982636	6947_at
55012_at	5.73e-01	2.01e-01	1.293456	-5.26196	0.22889177	55012_at
6363_at	5.73e-01	2.01e-01	1.2933576	-5.26208	0.90231054	6363_at
50855_at	5.73e-01	2.01e-01	-1.2932609	-5.26219	-0.14930446	50855_at
6217_at	5.73e-01	2.01e-01	1.2930638	-5.26243	0.13823414	6217_at
5151_at	5.73e-01	2.01e-01	-1.2928903	-5.26264	-0.20722069	5151_at
7745_at	5.73e-01	2.01e-01	-1.2927908	-5.26276	-0.12035064	7745_at
5274_at	5.73e-01	2.01e-01	1.2926939	-5.26288	0.42326829	5274_at
4792_at	5.73e-01	2.01e-01	-1.2924789	-5.26314	-0.35444251	4792_at
9610_at	5.74e-01	2.02e-01	-1.2913371	-5.26452	-0.15131394	9610_at
8239_at	5.74e-01	2.02e-01	-1.2910143	-5.2649	-0.1882029	8239_at
6556_at	5.74e-01	2.02e-01	-1.2905075	-5.26552	-0.08778875	6556_at
80034_at	5.74e-01	2.02e-01	1.2903059	-5.26576	0.10667802	80034_at
55055_at	5.74e-01	2.02e-01	1.2901742	-5.26592	0.16414822	55055_at
6924_at	5.74e-01	2.02e-01	-1.2897124	-5.26647	-0.08361094	6924_at
64710_at	5.74e-01	2.02e-01	-1.289685	-5.26651	-0.15942596	64710_at
4939_at	5.74e-01	2.02e-01	1.2895048	-5.26672	0.24302223	4939_at
8526_at	5.74e-01	2.02e-01	-1.2894617	-5.26678	-0.0798055	8526_at
11212_at	5.74e-01	2.02e-01	-1.2893577	-5.2669	-0.1732568	11212_at
23015_at	5.75e-01	2.02e-01	1.2888306	-5.26754	0.44404819	23015_at
7058_at	5.75e-01	2.02e-01	1.2888147	-5.26756	0.58272901	7058_at
5708_at	5.75e-01	2.02e-01	1.2887286	-5.26766	0.12520024	5708_at
421_at	5.75e-01	2.03e-01	-1.2886605	-5.26774	-0.14034116	421_at
23005_at	5.75e-01	2.03e-01	-1.2883802	-5.26808	-0.1083949	23005_at
51592_at	5.75e-01	2.03e-01	-1.2882792	-5.2682	-0.10551824	51592_at
192669_at	5.75e-01	2.03e-01	1.288131	-5.26838	0.11456563	192669_at
8786_at	5.75e-01	2.03e-01	-1.287661	-5.26894	-0.09754345	8786_at
129025_at	5.75e-01	2.03e-01	-1.2873661	-5.2693	-0.14306504	129025_at
1950_at	5.75e-01	2.03e-01	-1.2872486	-5.26944	-0.80155858	1950_at
10765_at	5.75e-01	2.03e-01	1.2871847	-5.26952	0.18352786	10765_at
6742_at	5.75e-01	2.03e-01	1.2868291	-5.26995	0.16601762	6742_at
171558_at	5.75e-01	2.03e-01	-1.2865423	-5.27029	-0.14110615	171558_at
84223_at	5.75e-01	2.03e-01	-1.2865392	-5.27029	-0.1609539	84223_at
3115_at	5.75e-01	2.03e-01	1.2861435	-5.27077	0.69248019	3115_at
1942_at	5.75e-01	2.03e-01	-1.2859627	-5.27099	-0.31921334	1942_at
4139_at	5.75e-01	2.03e-01	-1.2859007	-5.27106	-0.10638774	4139_at
2322_at	5.75e-01	2.04e-01	-1.2857732	-5.27121	-0.2685339	2322_at
6726_at	5.75e-01	2.04e-01	-1.2857497	-5.27124	-0.15074629	6726_at
65123_at	5.75e-01	2.04e-01	1.2854561	-5.2716	0.16809958	65123_at
741_at	5.75e-01	2.04e-01	-1.2853161	-5.27176	-0.12439704	741_at
79650_at	5.75e-01	2.04e-01	-1.2852052	-5.2719	-0.14738821	79650_at
2701_at	5.75e-01	2.04e-01	1.285139	-5.27198	0.16938138	2701_at
3762_at	5.75e-01	2.04e-01	-1.2849604	-5.27219	-0.10632598	3762_at
57733_at	5.75e-01	2.04e-01	1.284827	-5.27235	0.41410194	57733_at
7771_at	5.75e-01	2.04e-01	1.2846656	-5.27254	0.1423308	7771_at
26512_at	5.75e-01	2.04e-01	1.2844664	-5.27278	0.15328848	26512_at
4283_at	5.75e-01	2.04e-01	1.2843158	-5.27296	0.4562293	4283_at
2591_at	5.75e-01	2.04e-01	1.2841836	-5.27312	0.35245134	2591_at
6628_at	5.75e-01	2.04e-01	1.2841822	-5.27313	0.24651021	6628_at
79814_at	5.75e-01	2.04e-01	-1.2841002	-5.27322	-0.44401953	79814_at
8802_at	5.75e-01	2.04e-01	-1.2839321	-5.27343	-0.2609423	8802_at
8473_at	5.75e-01	2.04e-01	-1.2837161	-5.27368	-0.14873404	8473_at
57663_at	5.75e-01	2.04e-01	-1.2835882	-5.27384	-0.14008708	57663_at
4940_at	5.75e-01	2.04e-01	1.2835507	-5.27388	0.28329602	4940_at
23457_at	5.75e-01	2.04e-01	-1.283431	-5.27403	-0.13031828	23457_at
10761_at	5.75e-01	2.04e-01	-1.2832928	-5.27419	-0.14971917	10761_at
4047_at	5.75e-01	2.04e-01	-1.2831609	-5.27435	-0.09789112	4047_at
595_at	5.75e-01	2.04e-01	1.2829241	-5.27463	0.22173667	595_at
5368_at	5.76e-01	2.05e-01	-1.2826736	-5.27493	-0.16665926	5368_at
29914_at	5.76e-01	2.05e-01	-1.2821432	-5.27557	-0.11025245	29914_at
7574_at	5.76e-01	2.05e-01	-1.2814824	-5.27636	-0.15330514	7574_at
27339_at	5.76e-01	2.05e-01	1.2811601	-5.27675	0.15488184	27339_at
79058_at	5.76e-01	2.05e-01	1.2810298	-5.2769	0.23552354	79058_at
11034_at	5.76e-01	2.05e-01	1.2809723	-5.27697	0.12483586	11034_at
2520_at	5.76e-01	2.05e-01	-1.2805223	-5.27751	-0.16199015	2520_at
11232_at	5.76e-01	2.05e-01	1.2802069	-5.27789	0.11962612	11232_at
51474_at	5.76e-01	2.05e-01	1.2801787	-5.27792	0.16365363	51474_at
25858_at	5.76e-01	2.05e-01	-1.2800679	-5.27806	-0.18109436	25858_at
3736_at	5.76e-01	2.06e-01	-1.2800171	-5.27812	-0.13142011	3736_at
5798_at	5.76e-01	2.06e-01	-1.2799254	-5.27823	-0.09725859	5798_at
1845_at	5.76e-01	2.06e-01	-1.279685	-5.27851	-0.14916636	1845_at
50856_at	5.76e-01	2.06e-01	1.2796785	-5.27852	0.23309935	50856_at
8543_at	5.76e-01	2.06e-01	1.2795799	-5.27864	0.11296626	8543_at
23418_at	5.76e-01	2.06e-01	-1.2795797	-5.27864	-0.13967874	23418_at
7368_at	5.76e-01	2.06e-01	1.2794907	-5.27875	0.29253206	7368_at
9557_at	5.76e-01	2.06e-01	1.2794825	-5.27876	0.10961307	9557_at
55144_at	5.76e-01	2.06e-01	1.2792401	-5.27905	0.17999013	55144_at
54901_at	5.76e-01	2.06e-01	-1.2791934	-5.2791	-0.11477958	54901_at
23368_at	5.76e-01	2.06e-01	1.2791748	-5.27912	0.15760972	23368_at
57523_at	5.76e-01	2.06e-01	-1.279167	-5.27913	-0.13408741	57523_at
23379_at	5.76e-01	2.06e-01	1.2790842	-5.27923	0.1748133	23379_at
9232_at	5.76e-01	2.06e-01	1.2789415	-5.2794	0.25433254	9232_at
26206_at	5.77e-01	2.06e-01	-1.2779757	-5.28056	-0.09685546	26206_at
26290_at	5.77e-01	2.06e-01	-1.277803	-5.28076	-0.16493508	26290_at
7494_at	5.77e-01	2.06e-01	1.2773638	-5.28129	0.26633068	7494_at
27183_at	5.77e-01	2.07e-01	-1.2768905	-5.28185	-0.14477166	27183_at
7071_at	5.77e-01	2.07e-01	-1.2767612	-5.28201	-0.35801197	7071_at
27173_at	5.77e-01	2.07e-01	1.2767268	-5.28205	0.1522986	27173_at
4915_at	5.77e-01	2.07e-01	1.276606	-5.28219	0.15103139	4915_at
553_at	5.77e-01	2.07e-01	-1.2764448	-5.28239	-0.19895519	553_at
430_at	5.77e-01	2.07e-01	1.2762965	-5.28256	0.06010076	430_at
8930_at	5.78e-01	2.07e-01	1.2756373	-5.28335	0.19556862	8930_at
4242_at	5.79e-01	2.08e-01	1.2743246	-5.28491	0.20175511	4242_at
79269_at	5.80e-01	2.08e-01	1.2738442	-5.28549	0.13427255	79269_at
10899_at	5.80e-01	2.08e-01	-1.2735655	-5.28582	-0.0972509	10899_at
1188_at	5.80e-01	2.08e-01	-1.2733768	-5.28604	-0.29495026	1188_at
53944_at	5.80e-01	2.08e-01	1.2732778	-5.28616	0.11963599	53944_at
51069_at	5.80e-01	2.08e-01	-1.2727854	-5.28675	-0.17060143	51069_at
6817_at	5.80e-01	2.08e-01	1.2723454	-5.28727	0.47275543	6817_at
664_at	5.81e-01	2.08e-01	-1.2718257	-5.28789	-0.22155622	664_at
1961_at	5.81e-01	2.08e-01	-1.2717994	-5.28792	-0.1031602	1961_at
8398_at	5.81e-01	2.08e-01	-1.271583	-5.28818	-0.13011472	8398_at
55006_at	5.81e-01	2.09e-01	-1.2712041	-5.28863	-0.2330661	55006_at
79075_at	5.81e-01	2.09e-01	-1.2710208	-5.28884	-0.13952495	79075_at
4026_at	5.81e-01	2.09e-01	1.2708746	-5.28902	0.18522243	4026_at
55898_at	5.81e-01	2.09e-01	1.2707089	-5.28922	0.11113709	55898_at
653_at	5.81e-01	2.09e-01	-1.2705664	-5.28938	-0.19723609	653_at
4037_at	5.81e-01	2.09e-01	1.2705043	-5.28946	0.16321422	4037_at
23381_at	5.81e-01	2.09e-01	1.2696584	-5.29046	0.11605785	23381_at
64080_at	5.81e-01	2.09e-01	-1.2695417	-5.2906	-0.2220203	64080_at
79739_at	5.81e-01	2.09e-01	1.2695304	-5.29062	0.1954804	79739_at
1549_at	5.81e-01	2.09e-01	-1.2693732	-5.2908	-0.23126373	1549_at
783_at	5.81e-01	2.09e-01	-1.2693396	-5.29084	-0.15215758	783_at
10529_at	5.81e-01	2.09e-01	-1.2693311	-5.29085	-0.21588177	10529_at
202559_at	5.81e-01	2.09e-01	-1.2692793	-5.29091	-0.15761662	202559_at
10767_at	5.82e-01	2.09e-01	-1.2687714	-5.29152	-0.07980906	10767_at
64109_at	5.82e-01	2.10e-01	-1.2685897	-5.29173	-0.15205311	64109_at
6051_at	5.82e-01	2.10e-01	1.2685423	-5.29179	0.14452568	6051_at
51352_at	5.82e-01	2.10e-01	-1.2678642	-5.29259	-0.15065144	51352_at
58157_at	5.82e-01	2.10e-01	-1.2678378	-5.29262	-0.15272213	58157_at
55687_at	5.82e-01	2.10e-01	1.2670863	-5.29351	0.13369908	55687_at
79184_at	5.82e-01	2.10e-01	1.2668711	-5.29377	0.1994716	79184_at
5009_at	5.82e-01	2.10e-01	-1.2667727	-5.29389	-0.13430612	5009_at
80316_at	5.82e-01	2.10e-01	-1.2666457	-5.29404	-0.13906811	80316_at
56729_at	5.82e-01	2.10e-01	1.2665227	-5.29418	0.1306358	56729_at
23564_at	5.82e-01	2.10e-01	1.2663582	-5.29438	0.14576127	23564_at
169522_at	5.82e-01	2.10e-01	-1.2663517	-5.29438	-0.08789509	169522_at
933_at	5.82e-01	2.10e-01	-1.2660042	-5.2948	-0.10752257	933_at
201254_at	5.82e-01	2.10e-01	-1.2659725	-5.29483	-0.16698466	201254_at
26207_at	5.82e-01	2.11e-01	-1.2658168	-5.29502	-0.19905814	26207_at
3547_at	5.82e-01	2.11e-01	-1.2655657	-5.29532	-0.16330179	3547_at
27239_at	5.82e-01	2.11e-01	-1.2655224	-5.29537	-0.12723773	27239_at
23203_at	5.82e-01	2.11e-01	1.2655054	-5.29539	0.14118954	23203_at
245_at	5.82e-01	2.11e-01	-1.2652888	-5.29564	-0.15859633	245_at
11190_at	5.82e-01	2.11e-01	-1.2652724	-5.29566	-0.1191751	11190_at
10281_at	5.83e-01	2.11e-01	-1.2650264	-5.29595	-0.1771694	10281_at
56652_at	5.84e-01	2.11e-01	1.2637168	-5.2975	0.16124954	56652_at
4589_at	5.84e-01	2.11e-01	-1.2636119	-5.29763	-0.07729321	4589_at
861_at	5.84e-01	2.11e-01	-1.2635146	-5.29774	-0.08350003	861_at
3360_at	5.84e-01	2.11e-01	-1.2633308	-5.29796	-0.10343478	3360_at
10252_at	5.84e-01	2.11e-01	1.2633096	-5.29798	0.20274998	10252_at
10763_at	5.84e-01	2.11e-01	-1.2630753	-5.29826	-0.21666591	10763_at
9869_at	5.84e-01	2.12e-01	1.2630011	-5.29835	0.08583847	9869_at
8801_at	5.84e-01	2.12e-01	-1.2627234	-5.29868	-0.22997165	8801_at
23351_at	5.84e-01	2.12e-01	1.2626819	-5.29873	0.12925568	23351_at
51182_at	5.84e-01	2.12e-01	1.2626208	-5.2988	0.18128084	51182_at
54606_at	5.84e-01	2.12e-01	-1.2623135	-5.29916	-0.11527693	54606_at
65998_at	5.84e-01	2.12e-01	1.2621826	-5.29932	0.15016929	65998_at
11067_at	5.84e-01	2.12e-01	1.2621412	-5.29936	0.21434405	11067_at
9145_at	5.84e-01	2.12e-01	-1.2620998	-5.29941	-0.10718833	9145_at
347344_at	5.84e-01	2.12e-01	-1.2617827	-5.29979	-0.0850899	347344_at
34_at	5.84e-01	2.12e-01	-1.2617747	-5.2998	-0.30965221	34_at
64849_at	5.84e-01	2.12e-01	-1.2617428	-5.29983	-0.45417128	64849_at
489_at	5.84e-01	2.12e-01	-1.2614428	-5.30019	-0.09870203	489_at
63932_at	5.84e-01	2.12e-01	1.2611128	-5.30058	0.12616371	63932_at
100129460_at	5.84e-01	2.12e-01	-1.2607723	-5.30098	-0.08248999	100129460_at
5439_at	5.84e-01	2.12e-01	-1.2606059	-5.30118	-0.20721453	5439_at
54407_at	5.84e-01	2.12e-01	-1.2604553	-5.30135	-0.2498003	54407_at
9020_at	5.84e-01	2.12e-01	-1.2604499	-5.30136	-0.14966277	9020_at
5068_at	5.84e-01	2.12e-01	-1.2603229	-5.30151	-0.10378811	5068_at
8326_at	5.85e-01	2.13e-01	-1.2588277	-5.30327	-0.12236337	8326_at
5925_at	5.85e-01	2.13e-01	1.2588222	-5.30328	0.15322602	5925_at
10399_at	5.85e-01	2.13e-01	1.2587687	-5.30334	0.14672884	10399_at
7479_at	5.85e-01	2.13e-01	-1.2586616	-5.30347	-0.20504934	7479_at
440560_at	5.85e-01	2.13e-01	-1.2586438	-5.30349	-0.1713907	440560_at
54435_at	5.85e-01	2.13e-01	1.258638	-5.3035	0.17252123	54435_at
891_at	5.85e-01	2.13e-01	1.2582994	-5.30389	0.24573506	891_at
5315_at	5.85e-01	2.13e-01	1.2582097	-5.304	0.35597897	5315_at
4004_at	5.85e-01	2.13e-01	-1.2580966	-5.30413	-0.10872167	4004_at
7247_at	5.85e-01	2.13e-01	1.2580696	-5.30416	0.10322516	7247_at
3104_at	5.85e-01	2.13e-01	1.2578889	-5.30438	0.12796617	3104_at
2895_at	5.85e-01	2.13e-01	-1.257791	-5.30449	-0.13058205	2895_at
894_at	5.85e-01	2.13e-01	1.2577266	-5.30457	0.19803819	894_at
9295_at	5.85e-01	2.13e-01	1.2576431	-5.30467	0.21602459	9295_at
1374_at	5.85e-01	2.13e-01	-1.2575687	-5.30475	-0.13691288	1374_at
3950_at	5.85e-01	2.14e-01	-1.2573427	-5.30502	-0.14919697	3950_at
9450_at	5.85e-01	2.14e-01	1.2570978	-5.30531	0.39452643	9450_at
5500_at	5.85e-01	2.14e-01	-1.2564658	-5.30605	-0.17577735	5500_at
5141_at	5.85e-01	2.14e-01	-1.2563408	-5.3062	-0.08328403	5141_at
3889_at	5.85e-01	2.14e-01	-1.2561039	-5.30648	-0.14872382	3889_at
2072_at	5.85e-01	2.14e-01	-1.2560669	-5.30652	-0.1427329	2072_at
51643_at	5.85e-01	2.14e-01	-1.2556579	-5.307	-0.2325288	51643_at
26233_at	5.85e-01	2.14e-01	-1.2554882	-5.3072	-0.14210994	26233_at
9875_at	5.85e-01	2.14e-01	-1.2554831	-5.30721	-0.10435327	9875_at
7297_at	5.85e-01	2.14e-01	-1.2551065	-5.30765	-0.13940293	7297_at
79791_at	5.85e-01	2.14e-01	-1.2551054	-5.30765	-0.1642913	79791_at
84759_at	5.85e-01	2.14e-01	1.255028	-5.30774	0.12767521	84759_at
66008_at	5.85e-01	2.14e-01	1.2548488	-5.30795	0.132207	66008_at
5145_at	5.85e-01	2.14e-01	-1.25478	-5.30803	-0.16729882	5145_at
8745_at	5.85e-01	2.14e-01	-1.2547706	-5.30804	-0.10072863	8745_at
23660_at	5.85e-01	2.14e-01	1.2547267	-5.30809	0.08239819	23660_at
163_at	5.85e-01	2.15e-01	1.2545186	-5.30834	0.17543969	163_at
5888_at	5.85e-01	2.15e-01	-1.254448	-5.30842	-0.07525462	5888_at
55231_at	5.85e-01	2.15e-01	-1.2544299	-5.30844	-0.15936798	55231_at
586_at	5.85e-01	2.15e-01	-1.2539792	-5.30897	-0.15884463	586_at
10466_at	5.85e-01	2.15e-01	1.2539647	-5.30899	0.12020867	10466_at
8834_at	5.86e-01	2.15e-01	1.2532027	-5.30988	0.12815361	8834_at
57819_at	5.86e-01	2.15e-01	1.2529933	-5.31013	0.20054514	57819_at
522_at	5.86e-01	2.15e-01	-1.2528647	-5.31028	-0.21149365	522_at
25950_at	5.86e-01	2.15e-01	1.2522645	-5.31098	0.20592435	25950_at
956_at	5.86e-01	2.15e-01	-1.252122	-5.31115	-0.13857714	956_at
5777_at	5.86e-01	2.15e-01	1.2521092	-5.31116	0.17940788	5777_at
6337_at	5.86e-01	2.15e-01	-1.2520287	-5.31126	-0.14457527	6337_at
55584_at	5.86e-01	2.16e-01	-1.2518644	-5.31145	-0.14987604	55584_at
55143_at	5.86e-01	2.16e-01	-1.2518439	-5.31148	-0.14373474	55143_at
10920_at	5.86e-01	2.16e-01	-1.2516977	-5.31165	-0.08926854	10920_at
81623_at	5.86e-01	2.16e-01	-1.2515354	-5.31184	-0.11283522	81623_at
9133_at	5.87e-01	2.16e-01	1.2510813	-5.31237	0.24867123	9133_at
55471_at	5.87e-01	2.16e-01	1.2503044	-5.31328	0.10001391	55471_at
1675_at	5.87e-01	2.16e-01	1.2502904	-5.31329	0.4024855	1675_at
8894_at	5.87e-01	2.16e-01	1.2501701	-5.31344	0.09812684	8894_at
4593_at	5.87e-01	2.16e-01	-1.2500283	-5.3136	-0.06852845	4593_at
660_at	5.87e-01	2.16e-01	-1.2497846	-5.31389	-0.14814632	660_at
26263_at	5.87e-01	2.16e-01	-1.2495611	-5.31415	-0.08595148	26263_at
5923_at	5.87e-01	2.16e-01	-1.2494822	-5.31424	-0.10678061	5923_at
51066_at	5.88e-01	2.16e-01	-1.2491898	-5.31458	-0.18862072	51066_at
79188_at	5.88e-01	2.17e-01	1.2490761	-5.31472	0.17980133	79188_at
9518_at	5.88e-01	2.17e-01	-1.2487582	-5.31509	-0.68360639	9518_at
58478_at	5.88e-01	2.17e-01	-1.2484742	-5.31542	-0.19015991	58478_at
1056_at	5.88e-01	2.17e-01	-1.2481974	-5.31574	-0.24313755	1056_at
10328_at	5.88e-01	2.17e-01	1.2480554	-5.31591	0.15551406	10328_at
5311_at	5.88e-01	2.17e-01	-1.2479004	-5.31609	-0.25728783	5311_at
8898_at	5.88e-01	2.17e-01	1.2478101	-5.31619	0.15042625	8898_at
362_at	5.88e-01	2.17e-01	-1.2474652	-5.3166	-0.14333561	362_at
65983_at	5.89e-01	2.17e-01	-1.246444	-5.31779	-0.23526186	65983_at
1193_at	5.89e-01	2.18e-01	1.246361	-5.31789	0.23350639	1193_at
7490_at	5.89e-01	2.18e-01	-1.2463243	-5.31793	-0.26361716	7490_at
8365_at	5.89e-01	2.18e-01	1.2460654	-5.31823	0.21277577	8365_at
51_at	5.89e-01	2.18e-01	-1.2456893	-5.31867	-0.23304562	51_at
1300_at	5.89e-01	2.18e-01	-1.2456626	-5.3187	-0.07981843	1300_at
8336_at	5.89e-01	2.18e-01	-1.2454874	-5.31891	-0.17486644	8336_at
58985_at	5.89e-01	2.18e-01	-1.2454211	-5.31898	-0.16939207	58985_at
1663_at	5.89e-01	2.18e-01	-1.245419	-5.31898	-0.20167987	1663_at
1101_at	5.89e-01	2.18e-01	-1.2452885	-5.31914	-0.10162229	1101_at
9777_at	5.89e-01	2.18e-01	-1.2451401	-5.31931	-0.13661435	9777_at
10586_at	5.89e-01	2.18e-01	-1.2449602	-5.31952	-0.07437268	10586_at
6582_at	5.89e-01	2.18e-01	1.2449032	-5.31959	0.25836149	6582_at
55327_at	5.89e-01	2.18e-01	-1.2446566	-5.31987	-0.14679717	55327_at
101410538_at	5.89e-01	2.18e-01	-1.2445547	-5.31999	-0.11162637	101410538_at
5226_at	5.89e-01	2.18e-01	1.2444914	-5.32007	0.21388004	5226_at
1730_at	5.89e-01	2.18e-01	1.2444126	-5.32016	0.12799197	1730_at
4618_at	5.89e-01	2.18e-01	-1.2443678	-5.32021	-0.14172401	4618_at
4999_at	5.89e-01	2.18e-01	1.2441839	-5.32042	0.13311409	4999_at
81556_at	5.89e-01	2.18e-01	1.2439945	-5.32064	0.1058395	81556_at
10615_at	5.89e-01	2.18e-01	-1.2438872	-5.32077	-0.35283183	10615_at
9119_at	5.89e-01	2.18e-01	-1.243864	-5.3208	-0.15764562	9119_at
226_at	5.89e-01	2.18e-01	1.2437007	-5.32099	0.15351484	226_at
9364_at	5.89e-01	2.19e-01	-1.2434734	-5.32125	-0.0852219	9364_at
547_at	5.89e-01	2.19e-01	-1.2432418	-5.32152	-0.12856361	547_at
64748_at	5.89e-01	2.19e-01	-1.2427444	-5.3221	-0.10347942	64748_at
2300_at	5.89e-01	2.19e-01	-1.2427395	-5.32211	-0.1017309	2300_at
64092_at	5.89e-01	2.19e-01	1.2426141	-5.32225	0.44752914	64092_at
8788_at	5.89e-01	2.19e-01	1.2425752	-5.3223	0.46405629	8788_at
576_at	5.89e-01	2.19e-01	-1.2425627	-5.32231	-0.12977959	576_at
343_at	5.89e-01	2.19e-01	-1.2423038	-5.32261	-0.17305269	343_at
23136_at	5.89e-01	2.19e-01	-1.2419803	-5.32299	-0.30330036	23136_at
51024_at	5.89e-01	2.19e-01	1.2419616	-5.32301	0.12232163	51024_at
80004_at	5.89e-01	2.19e-01	-1.2415457	-5.32349	-0.19637479	80004_at
7072_at	5.89e-01	2.19e-01	1.2413672	-5.3237	0.17625693	7072_at
25775_at	5.89e-01	2.19e-01	-1.2412471	-5.32384	-0.13486772	25775_at
5549_at	5.89e-01	2.19e-01	-1.2411706	-5.32393	-0.15149074	5549_at
54815_at	5.89e-01	2.19e-01	-1.2411197	-5.32399	-0.14822213	54815_at
8022_at	5.89e-01	2.19e-01	-1.2410285	-5.3241	-0.13810282	8022_at
56918_at	5.89e-01	2.19e-01	-1.2410008	-5.32413	-0.10124252	56918_at
5585_at	5.89e-01	2.19e-01	1.2409861	-5.32414	0.1431144	5585_at
51204_at	5.89e-01	2.20e-01	-1.2407699	-5.3244	-0.22134562	51204_at
23435_at	5.90e-01	2.20e-01	-1.2401067	-5.32517	-0.13181787	23435_at
147339_at	5.90e-01	2.20e-01	-1.2398616	-5.32545	-0.07629686	147339_at
10643_at	5.90e-01	2.20e-01	-1.2398512	-5.32546	-0.14162406	10643_at
51360_at	5.90e-01	2.20e-01	-1.2395666	-5.32579	-0.12181937	51360_at
23151_at	5.90e-01	2.20e-01	1.2390985	-5.32634	0.13541563	23151_at
3766_at	5.90e-01	2.20e-01	-1.2390058	-5.32644	-0.1511629	3766_at
8406_at	5.90e-01	2.20e-01	1.239	-5.32645	0.37493024	8406_at
4632_at	5.90e-01	2.20e-01	-1.2386203	-5.32689	-0.18225105	4632_at
84804_at	5.90e-01	2.21e-01	-1.2377985	-5.32784	-0.10430288	84804_at
54487_at	5.90e-01	2.21e-01	-1.2377578	-5.32789	-0.09447827	54487_at
93081_at	5.90e-01	2.21e-01	1.2376577	-5.32801	0.19300756	93081_at
23596_at	5.90e-01	2.21e-01	1.2375746	-5.3281	0.1771517	23596_at
5967_at	5.90e-01	2.21e-01	1.237563	-5.32812	0.9781357	5967_at
79640_at	5.90e-01	2.21e-01	-1.237516	-5.32817	-0.11901055	79640_at
8562_at	5.90e-01	2.21e-01	1.237504	-5.32819	0.19652059	8562_at
3512_at	5.90e-01	2.21e-01	1.2374033	-5.3283	1.13169388	3512_at
57502_at	5.90e-01	2.21e-01	1.2373305	-5.32839	0.16091599	57502_at
4015_at	5.90e-01	2.21e-01	-1.2372173	-5.32852	-0.12886551	4015_at
8642_at	5.90e-01	2.21e-01	-1.2371881	-5.32855	-0.11498248	8642_at
7062_at	5.90e-01	2.21e-01	-1.2371739	-5.32857	-0.10036745	7062_at
2145_at	5.90e-01	2.21e-01	1.2370427	-5.32872	0.08727956	2145_at
50839_at	5.90e-01	2.21e-01	-1.2370421	-5.32872	-0.08428859	50839_at
56906_at	5.90e-01	2.21e-01	1.2368284	-5.32897	0.16188858	56906_at
417_at	5.90e-01	2.21e-01	-1.2367724	-5.32903	-0.16481267	417_at
10952_at	5.90e-01	2.21e-01	1.2363667	-5.3295	0.12961068	10952_at
56270_at	5.90e-01	2.21e-01	1.2362594	-5.32963	0.10534777	56270_at
7392_at	5.90e-01	2.21e-01	-1.2361561	-5.32975	-0.10177641	7392_at
10896_at	5.90e-01	2.21e-01	-1.2361099	-5.3298	-0.12892873	10896_at
5080_at	5.90e-01	2.21e-01	-1.2358424	-5.33011	-0.1177897	5080_at
781_at	5.90e-01	2.21e-01	-1.2357204	-5.33025	-0.13487358	781_at
881_at	5.90e-01	2.21e-01	-1.2355197	-5.33048	-0.15336475	881_at
1956_at	5.90e-01	2.22e-01	-1.2355083	-5.3305	-0.08964223	1956_at
9717_at	5.90e-01	2.22e-01	-1.2354065	-5.33061	-0.14684527	9717_at
9985_at	5.91e-01	2.22e-01	1.2349742	-5.33111	0.25711155	9985_at
23527_at	5.91e-01	2.22e-01	-1.2346235	-5.33152	-0.20170073	23527_at
2297_at	5.91e-01	2.22e-01	-1.2343437	-5.33184	-0.16625709	2297_at
29789_at	5.91e-01	2.22e-01	1.2342134	-5.33199	0.20108034	29789_at
79003_at	5.91e-01	2.22e-01	1.233822	-5.33245	0.18885102	79003_at
22868_at	5.91e-01	2.22e-01	1.2336448	-5.33265	0.12640133	22868_at
1408_at	5.91e-01	2.22e-01	-1.233368	-5.33297	-0.19691006	1408_at
51807_at	5.91e-01	2.22e-01	-1.2333075	-5.33304	-0.12579479	51807_at
23314_at	5.91e-01	2.22e-01	1.2329515	-5.33345	0.37210908	23314_at
1951_at	5.91e-01	2.22e-01	-1.2328969	-5.33352	-0.10090433	1951_at
9618_at	5.91e-01	2.23e-01	-1.2327288	-5.33371	-0.11822701	9618_at
10500_at	5.91e-01	2.23e-01	-1.2326325	-5.33382	-0.16138382	10500_at
10845_at	5.91e-01	2.23e-01	-1.23251	-5.33396	-0.20377235	10845_at
5122_at	5.91e-01	2.23e-01	-1.2323843	-5.33411	-0.13951342	5122_at
51177_at	5.92e-01	2.23e-01	1.2319562	-5.3346	0.28271682	51177_at
10892_at	5.92e-01	2.23e-01	1.2318754	-5.33469	0.2891255	10892_at
10987_at	5.92e-01	2.23e-01	1.2317816	-5.3348	0.1245066	10987_at
5929_at	5.92e-01	2.23e-01	1.2316509	-5.33495	0.18165892	5929_at
79084_at	5.92e-01	2.23e-01	1.2314889	-5.33514	0.09691541	79084_at
64172_at	5.92e-01	2.23e-01	1.2313205	-5.33533	0.16776701	64172_at
10869_at	5.92e-01	2.23e-01	-1.2310206	-5.33568	-0.12090268	10869_at
4881_at	5.92e-01	2.23e-01	1.2304701	-5.33632	0.18408463	4881_at
6530_at	5.92e-01	2.23e-01	-1.2302796	-5.33653	-0.08421932	6530_at
5873_at	5.92e-01	2.23e-01	1.2302719	-5.33654	0.28369852	5873_at
10217_at	5.92e-01	2.23e-01	1.230191	-5.33664	0.12773978	10217_at
2099_at	5.92e-01	2.24e-01	-1.2300116	-5.33684	-0.11206391	2099_at
1107_at	5.92e-01	2.24e-01	-1.2298296	-5.33705	-0.12794998	1107_at
4342_at	5.92e-01	2.24e-01	-1.2298192	-5.33707	-0.12338852	4342_at
4438_at	5.92e-01	2.24e-01	-1.2293097	-5.33765	-0.11368137	4438_at
100505879_at	5.92e-01	2.24e-01	-1.2291807	-5.3378	-0.07918297	100505879_at
23443_at	5.92e-01	2.24e-01	-1.2288803	-5.33815	-0.13439091	23443_at
56914_at	5.92e-01	2.24e-01	-1.2288709	-5.33816	-0.17262878	56914_at
218_at	5.92e-01	2.24e-01	-1.2287681	-5.33828	-0.15819653	218_at
5010_at	5.92e-01	2.24e-01	-1.2286619	-5.3384	-0.16428474	5010_at
83637_at	5.92e-01	2.24e-01	1.2285316	-5.33855	0.09889629	83637_at
4524_at	5.92e-01	2.24e-01	-1.2285081	-5.33858	-0.092796	4524_at
2055_at	5.92e-01	2.24e-01	-1.228366	-5.33874	-0.09929397	2055_at
3885_at	5.92e-01	2.24e-01	-1.2283491	-5.33876	-0.13635199	3885_at
859_at	5.92e-01	2.24e-01	-1.2281731	-5.33896	-0.13350887	859_at
51719_at	5.92e-01	2.24e-01	-1.2281284	-5.33901	-0.14665239	51719_at
4363_at	5.92e-01	2.24e-01	1.2280538	-5.3391	0.16883544	4363_at
78989_at	5.92e-01	2.24e-01	-1.2275529	-5.33967	-0.44765657	78989_at
5375_at	5.93e-01	2.25e-01	-1.2272707	-5.34	-0.07903825	5375_at
6665_at	5.93e-01	2.25e-01	-1.2269804	-5.34033	-0.13548447	6665_at
57109_at	5.93e-01	2.25e-01	1.2268741	-5.34045	0.1380086	57109_at
23604_at	5.93e-01	2.25e-01	-1.2268444	-5.34049	-0.12050312	23604_at
55626_at	5.93e-01	2.25e-01	1.2266917	-5.34066	0.06809325	55626_at
2893_at	5.93e-01	2.25e-01	-1.2266031	-5.34077	-0.10732966	2893_at
51451_at	5.93e-01	2.25e-01	1.2265481	-5.34083	0.11883839	51451_at
201191_at	5.93e-01	2.25e-01	-1.2264704	-5.34092	-0.12361578	201191_at
84619_at	5.93e-01	2.25e-01	-1.2261921	-5.34124	-0.58784101	84619_at
2898_at	5.93e-01	2.25e-01	-1.2261269	-5.34131	-0.12872037	2898_at
201134_at	5.93e-01	2.25e-01	1.225792	-5.3417	0.14418326	201134_at
498_at	5.93e-01	2.25e-01	1.2255662	-5.34196	0.09991608	498_at
6352_at	5.93e-01	2.25e-01	1.2255174	-5.34201	0.45780434	6352_at
8893_at	5.93e-01	2.25e-01	1.2250383	-5.34256	0.11469342	8893_at
50674_at	5.93e-01	2.26e-01	-1.224686	-5.34297	-0.10501863	50674_at
358_at	5.93e-01	2.26e-01	-1.2246065	-5.34306	-0.26991664	358_at
55758_at	5.93e-01	2.26e-01	1.2244491	-5.34324	0.13622145	55758_at
10036_at	5.93e-01	2.26e-01	-1.2242823	-5.34343	-0.09641552	10036_at
27023_at	5.93e-01	2.26e-01	-1.2242237	-5.3435	-0.09428133	27023_at
23492_at	5.93e-01	2.26e-01	-1.2239183	-5.34385	-0.17459256	23492_at
10463_at	5.93e-01	2.26e-01	-1.2237197	-5.34408	-0.1922034	10463_at
64762_at	5.93e-01	2.26e-01	1.2235634	-5.34426	0.20979533	64762_at
5509_at	5.93e-01	2.26e-01	1.2234159	-5.34442	0.08970113	5509_at
80222_at	5.93e-01	2.26e-01	1.2233851	-5.34446	0.13875623	80222_at
3785_at	5.93e-01	2.26e-01	-1.2231986	-5.34467	-0.10325046	3785_at
25813_at	5.93e-01	2.26e-01	-1.2231672	-5.34471	-0.21831149	25813_at
5671_at	5.94e-01	2.26e-01	-1.2226714	-5.34528	-0.10609239	5671_at
7067_at	5.94e-01	2.26e-01	-1.2226575	-5.34529	-0.08729931	7067_at
6119_at	5.94e-01	2.26e-01	-1.2225185	-5.34545	-0.19852071	6119_at
23654_at	5.94e-01	2.26e-01	1.2223773	-5.34561	0.16585055	23654_at
26508_at	5.94e-01	2.27e-01	-1.2219748	-5.34608	-0.1406649	26508_at
26229_at	5.94e-01	2.27e-01	1.2218067	-5.34627	0.1077456	26229_at
250_at	5.94e-01	2.27e-01	-1.221558	-5.34655	-0.16230787	250_at
51167_at	5.94e-01	2.27e-01	1.2214735	-5.34665	0.18960889	51167_at
10803_at	5.94e-01	2.27e-01	-1.2213037	-5.34684	-0.12105898	10803_at
4201_at	5.94e-01	2.27e-01	1.2212936	-5.34686	0.12845114	4201_at
404093_at	5.94e-01	2.27e-01	1.221266	-5.34689	0.13518896	404093_at
9755_at	5.94e-01	2.27e-01	-1.2208765	-5.34733	-0.13240523	9755_at
1029_at	5.94e-01	2.27e-01	-1.220769	-5.34746	-0.0858621	1029_at
100505761_at	5.94e-01	2.27e-01	1.2203945	-5.34788	0.15635795	100505761_at
10383_at	5.94e-01	2.27e-01	-1.2202468	-5.34805	-0.18018051	10383_at
57795_at	5.94e-01	2.27e-01	-1.2199708	-5.34837	-0.12258162	57795_at
1452_at	5.94e-01	2.27e-01	1.2199375	-5.34841	0.16644133	1452_at
572_at	5.94e-01	2.27e-01	1.2199329	-5.34841	0.13306584	572_at
6561_at	5.94e-01	2.27e-01	-1.2196821	-5.3487	-0.30939547	6561_at
79845_at	5.94e-01	2.27e-01	-1.2195911	-5.3488	-0.15080377	79845_at
4528_at	5.94e-01	2.27e-01	1.2195405	-5.34886	0.14978278	4528_at
51296_at	5.94e-01	2.27e-01	1.2195152	-5.34889	0.18596319	51296_at
5452_at	5.94e-01	2.28e-01	-1.2193481	-5.34908	-0.10759376	5452_at
1291_at	5.94e-01	2.28e-01	-1.2190623	-5.34941	-0.08640927	1291_at
7701_at	5.95e-01	2.28e-01	-1.2181325	-5.35047	-0.08640688	7701_at
1307_at	5.95e-01	2.28e-01	1.2175255	-5.35116	0.21779693	1307_at
11248_at	5.95e-01	2.28e-01	-1.2175188	-5.35117	-0.1595782	11248_at
8477_at	5.95e-01	2.28e-01	1.217403	-5.3513	0.26328205	8477_at
2316_at	5.95e-01	2.28e-01	1.2173964	-5.35131	0.24918899	2316_at
124_at	5.95e-01	2.28e-01	1.2171349	-5.35161	0.10486079	124_at
148_at	5.95e-01	2.28e-01	-1.2170912	-5.35166	-0.06688931	148_at
56731_at	5.96e-01	2.29e-01	-1.2165152	-5.35231	-0.27564906	56731_at
24145_at	5.96e-01	2.29e-01	1.2164285	-5.35241	0.17784932	24145_at
4640_at	5.96e-01	2.29e-01	-1.2156085	-5.35335	-0.13911598	4640_at
51651_at	5.96e-01	2.29e-01	1.2155785	-5.35338	0.14828535	51651_at
1807_at	5.96e-01	2.29e-01	-1.2154817	-5.35349	-0.47133574	1807_at
3972_at	5.97e-01	2.29e-01	-1.2149388	-5.35411	-0.17667101	3972_at
10841_at	5.97e-01	2.29e-01	-1.2148318	-5.35423	-0.5370808	10841_at
9019_at	5.97e-01	2.30e-01	1.2139146	-5.35528	0.1725129	9019_at
57124_at	5.97e-01	2.30e-01	-1.2136535	-5.35557	-0.14561749	57124_at
3737_at	5.97e-01	2.30e-01	-1.2133779	-5.35589	-0.11997706	3737_at
4878_at	5.97e-01	2.30e-01	-1.213253	-5.35603	-0.16575624	4878_at
26085_at	5.97e-01	2.30e-01	-1.2132371	-5.35605	-0.13283476	26085_at
51134_at	5.97e-01	2.30e-01	1.2131723	-5.35612	0.12468543	51134_at
10998_at	5.97e-01	2.30e-01	-1.21316	-5.35614	-0.15952545	10998_at
79026_at	5.97e-01	2.30e-01	1.2130254	-5.35629	0.20832795	79026_at
79817_at	5.97e-01	2.30e-01	1.2130201	-5.35629	0.13802045	79817_at
7030_at	5.97e-01	2.30e-01	-1.2126867	-5.35667	-0.09057231	7030_at
3955_at	5.97e-01	2.30e-01	-1.2126134	-5.35676	-0.12216761	3955_at
8515_at	5.97e-01	2.30e-01	-1.212604	-5.35677	-0.14947349	8515_at
51764_at	5.98e-01	2.30e-01	-1.2123152	-5.3571	-0.10432059	51764_at
57149_at	5.98e-01	2.30e-01	-1.2120159	-5.35744	-0.17519443	57149_at
5097_at	5.98e-01	2.30e-01	-1.2119865	-5.35747	-0.12642909	5097_at
5523_at	5.98e-01	2.30e-01	-1.2115698	-5.35794	-0.1500307	5523_at
51761_at	5.98e-01	2.31e-01	-1.2112474	-5.35831	-0.10024863	51761_at
9775_at	5.98e-01	2.31e-01	1.2112043	-5.35836	0.16344519	9775_at
730_at	5.98e-01	2.31e-01	1.210996	-5.35859	0.53066837	730_at
2923_at	5.98e-01	2.31e-01	1.2107344	-5.35889	0.24717948	2923_at
6510_at	5.98e-01	2.31e-01	-1.210712	-5.35892	-0.19814215	6510_at
56242_at	5.98e-01	2.31e-01	-1.2106165	-5.35903	-0.15765192	56242_at
9118_at	5.98e-01	2.31e-01	-1.210547	-5.3591	-0.12792103	9118_at
128_at	5.98e-01	2.31e-01	-1.2101849	-5.35951	-0.20061283	128_at
7584_at	5.98e-01	2.31e-01	-1.2100182	-5.3597	-0.14025188	7584_at
26189_at	5.98e-01	2.31e-01	-1.2098852	-5.35985	-0.12349436	26189_at
217_at	5.98e-01	2.31e-01	-1.2097213	-5.36004	-0.21594272	217_at
6804_at	5.99e-01	2.31e-01	-1.2093322	-5.36048	-0.13226744	6804_at
3358_at	5.99e-01	2.32e-01	-1.2088054	-5.36108	-0.07403313	3358_at
2529_at	5.99e-01	2.32e-01	-1.2087465	-5.36115	-0.1032224	2529_at
78998_at	5.99e-01	2.32e-01	-1.2087367	-5.36116	-0.16618112	78998_at
253982_at	5.99e-01	2.32e-01	-1.2087191	-5.36118	-0.1474955	253982_at
2001_at	5.99e-01	2.32e-01	-1.2082759	-5.36168	-0.28215696	2001_at
114882_at	5.99e-01	2.32e-01	-1.2080146	-5.36198	-0.23300241	114882_at
84148_at	5.99e-01	2.32e-01	-1.2077603	-5.36226	-0.09860565	84148_at
9880_at	5.99e-01	2.32e-01	-1.2074429	-5.36262	-0.09949997	9880_at
27231_at	5.99e-01	2.32e-01	-1.2071828	-5.36292	-0.12859123	27231_at
2048_at	5.99e-01	2.32e-01	-1.2070873	-5.36303	-0.09060418	2048_at
8317_at	5.99e-01	2.32e-01	1.2064084	-5.36379	0.22808481	8317_at
8824_at	5.99e-01	2.32e-01	-1.2063371	-5.36387	-0.31275522	8824_at
6895_at	5.99e-01	2.32e-01	1.2062722	-5.36395	0.12323789	6895_at
55806_at	5.99e-01	2.33e-01	-1.2062051	-5.36402	-0.13646484	55806_at
3912_at	5.99e-01	2.33e-01	1.2061944	-5.36404	0.23157092	3912_at
70_at	5.99e-01	2.33e-01	-1.2061538	-5.36408	-0.15418823	70_at
51077_at	5.99e-01	2.33e-01	1.2060611	-5.36419	0.11783832	51077_at
79713_at	5.99e-01	2.33e-01	1.206045	-5.3642	0.30467378	79713_at
284352_at	5.99e-01	2.33e-01	-1.2059978	-5.36426	-0.11239327	284352_at
80310_at	5.99e-01	2.33e-01	1.2059912	-5.36427	0.18243393	80310_at
6146_at	5.99e-01	2.33e-01	1.2056229	-5.36468	0.10538233	6146_at
3490_at	5.99e-01	2.33e-01	1.2056182	-5.36469	0.19157282	3490_at
950_at	5.99e-01	2.33e-01	1.2055643	-5.36475	0.22162035	950_at
60484_at	6.00e-01	2.33e-01	-1.2047177	-5.3657	-0.14934477	60484_at
5995_at	6.00e-01	2.33e-01	-1.2045412	-5.3659	-0.12625028	5995_at
54502_at	6.00e-01	2.33e-01	1.2040896	-5.36641	0.17924723	54502_at
65110_at	6.01e-01	2.33e-01	-1.2038376	-5.3667	-0.1492306	65110_at
23008_at	6.02e-01	2.34e-01	-1.2026626	-5.36802	-0.12107502	23008_at
5173_at	6.02e-01	2.34e-01	-1.2022567	-5.36848	-0.1404107	5173_at
4928_at	6.02e-01	2.34e-01	-1.2021263	-5.36863	-0.09967565	4928_at
56156_at	6.02e-01	2.34e-01	-1.2017371	-5.36907	-0.14271152	56156_at
23037_at	6.02e-01	2.34e-01	-1.2014604	-5.36938	-0.40976243	23037_at
10052_at	6.02e-01	2.34e-01	-1.2013655	-5.36949	-0.12153479	10052_at
23408_at	6.02e-01	2.34e-01	-1.20126	-5.36961	-0.10204715	23408_at
10288_at	6.02e-01	2.35e-01	1.2008197	-5.3701	0.13969764	10288_at
2056_at	6.02e-01	2.35e-01	-1.2007238	-5.37021	-0.09413409	2056_at
7586_at	6.02e-01	2.35e-01	-1.2004453	-5.37052	-0.11994176	7586_at
246_at	6.02e-01	2.35e-01	-1.2003771	-5.3706	-0.1046681	246_at
79820_at	6.02e-01	2.35e-01	-1.2002872	-5.3707	-0.10353295	79820_at
7252_at	6.02e-01	2.35e-01	-1.1999057	-5.37113	-0.14824762	7252_at
8787_at	6.02e-01	2.35e-01	1.1998935	-5.37114	0.11002124	8787_at
27156_at	6.02e-01	2.35e-01	-1.1997515	-5.3713	-0.21388358	27156_at
8821_at	6.02e-01	2.35e-01	1.1996743	-5.37139	0.16289476	8821_at
7408_at	6.02e-01	2.35e-01	-1.1995537	-5.37153	-0.13351217	7408_at
5456_at	6.02e-01	2.35e-01	-1.1991578	-5.37197	-0.10351021	5456_at
8615_at	6.02e-01	2.35e-01	1.1990683	-5.37207	0.1224124	8615_at
55211_at	6.02e-01	2.35e-01	-1.1990642	-5.37208	-0.15409962	55211_at
2926_at	6.02e-01	2.35e-01	-1.1990138	-5.37213	-0.13309917	2926_at
2823_at	6.02e-01	2.35e-01	1.1989769	-5.37218	0.4551749	2823_at
905_at	6.02e-01	2.35e-01	-1.1989591	-5.3722	-0.0786742	905_at
317648_at	6.02e-01	2.35e-01	-1.198782	-5.3724	-0.07842688	317648_at
6451_at	6.02e-01	2.36e-01	1.1983557	-5.37287	0.15324747	6451_at
64288_at	6.02e-01	2.36e-01	1.1983359	-5.3729	0.30094179	64288_at
3449_at	6.02e-01	2.36e-01	1.1982959	-5.37294	0.17205397	3449_at
27006_at	6.02e-01	2.36e-01	-1.1982499	-5.37299	-0.10637898	27006_at
139322_at	6.02e-01	2.36e-01	-1.1981262	-5.37313	-0.19090915	139322_at
10776_at	6.02e-01	2.36e-01	-1.1980216	-5.37325	-0.13740559	10776_at
8399_at	6.03e-01	2.36e-01	-1.1973849	-5.37397	-0.21613301	8399_at
4131_at	6.03e-01	2.36e-01	-1.1973754	-5.37398	-0.17552341	4131_at
51454_at	6.03e-01	2.36e-01	1.1972435	-5.37412	0.17130751	51454_at
6364_at	6.03e-01	2.36e-01	1.1970983	-5.37429	0.60438113	6364_at
4705_at	6.03e-01	2.36e-01	1.1970266	-5.37437	0.16904297	4705_at
8433_at	6.03e-01	2.36e-01	-1.1969862	-5.37441	-0.11502198	8433_at
81697_at	6.03e-01	2.36e-01	-1.1964207	-5.37505	-0.10017193	81697_at
22918_at	6.03e-01	2.36e-01	1.1964139	-5.37506	0.2592681	22918_at
11283_at	6.03e-01	2.36e-01	1.1963893	-5.37508	0.0928956	11283_at
2185_at	6.03e-01	2.36e-01	-1.1963183	-5.37516	-0.09968398	2185_at
53827_at	6.03e-01	2.36e-01	1.1962259	-5.37527	0.37386312	53827_at
58495_at	6.03e-01	2.36e-01	-1.1960625	-5.37545	-0.13967551	58495_at
2275_at	6.03e-01	2.36e-01	-1.1960231	-5.37549	-0.15808602	2275_at
6857_at	6.03e-01	2.37e-01	-1.1957298	-5.37582	-0.10066023	6857_at
2557_at	6.03e-01	2.37e-01	-1.1952602	-5.37635	-0.14711143	2557_at
782_at	6.03e-01	2.37e-01	-1.1951536	-5.37647	-0.10377637	782_at
1003_at	6.03e-01	2.37e-01	1.1950276	-5.37661	0.20592979	1003_at
10444_at	6.03e-01	2.37e-01	-1.194985	-5.37666	-0.11004172	10444_at
55142_at	6.03e-01	2.37e-01	1.194804	-5.37686	0.16992797	55142_at
54994_at	6.03e-01	2.37e-01	1.1946349	-5.37705	0.11437209	54994_at
8914_at	6.03e-01	2.37e-01	-1.1946329	-5.37705	-0.10037031	8914_at
26123_at	6.03e-01	2.37e-01	1.1946126	-5.37708	0.08514945	26123_at
80772_at	6.03e-01	2.37e-01	-1.1945086	-5.37719	-0.13860053	80772_at
4000_at	6.03e-01	2.37e-01	-1.1943396	-5.37738	-0.11858149	4000_at
26284_at	6.03e-01	2.37e-01	-1.1942502	-5.37748	-0.13577743	26284_at
10885_at	6.03e-01	2.37e-01	1.1941445	-5.3776	0.15032261	10885_at
1638_at	6.03e-01	2.37e-01	-1.193769	-5.37802	-0.14872766	1638_at
83988_at	6.04e-01	2.37e-01	-1.1933069	-5.37854	-0.23327646	83988_at
9355_at	6.04e-01	2.38e-01	-1.1929974	-5.37889	-0.10796981	9355_at
10331_at	6.04e-01	2.38e-01	-1.1929789	-5.37891	-0.1833338	10331_at
1875_at	6.04e-01	2.38e-01	1.1928557	-5.37904	0.12212518	1875_at
338645_at	6.04e-01	2.38e-01	-1.1927961	-5.37911	-0.1170754	338645_at
51765_at	6.04e-01	2.38e-01	1.1924696	-5.37948	0.20684781	51765_at
1346_at	6.04e-01	2.38e-01	-1.1921238	-5.37986	-0.34836077	1346_at
6795_at	6.04e-01	2.38e-01	-1.1920312	-5.37997	-0.15271959	6795_at
28972_at	6.04e-01	2.38e-01	-1.19203	-5.37997	-0.09478196	28972_at
79618_at	6.04e-01	2.38e-01	1.1918625	-5.38015	0.23258476	79618_at
6568_at	6.04e-01	2.38e-01	-1.1918215	-5.3802	-0.36225077	6568_at
100289410_at	6.04e-01	2.38e-01	-1.1915244	-5.38053	-0.11479136	100289410_at
91353_at	6.04e-01	2.38e-01	1.1913476	-5.38073	1.26293592	91353_at
8666_at	6.04e-01	2.38e-01	1.1913177	-5.38076	0.12971988	8666_at
23217_at	6.04e-01	2.38e-01	-1.1910095	-5.38111	-0.10615821	23217_at
64102_at	6.04e-01	2.38e-01	1.1909109	-5.38122	0.51324116	64102_at
57405_at	6.04e-01	2.38e-01	-1.1907567	-5.38139	-0.11062272	57405_at
57597_at	6.04e-01	2.39e-01	-1.1906606	-5.3815	-0.13397101	57597_at
8218_at	6.04e-01	2.39e-01	-1.190378	-5.38181	-0.14508844	8218_at
5162_at	6.04e-01	2.39e-01	1.1903319	-5.38187	0.10603905	5162_at
1439_at	6.04e-01	2.39e-01	1.1901453	-5.38207	0.40604332	1439_at
6723_at	6.04e-01	2.39e-01	1.1900981	-5.38213	0.17539742	6723_at
5880_at	6.04e-01	2.39e-01	1.1900301	-5.3822	0.4174034	5880_at
58477_at	6.04e-01	2.39e-01	-1.1894365	-5.38287	-0.14481809	58477_at
81565_at	6.05e-01	2.39e-01	-1.1891193	-5.38322	-0.13374085	81565_at
2782_at	6.05e-01	2.39e-01	1.1888189	-5.38355	0.12001446	2782_at
56257_at	6.05e-01	2.39e-01	-1.1886024	-5.3838	-0.10471678	56257_at
23546_at	6.05e-01	2.39e-01	-1.1885257	-5.38388	-0.14837508	23546_at
7161_at	6.05e-01	2.39e-01	-1.188329	-5.3841	-0.14341721	7161_at
65981_at	6.05e-01	2.39e-01	1.1882939	-5.38414	0.1775129	65981_at
1316_at	6.05e-01	2.39e-01	-1.1881551	-5.38429	-0.44561265	1316_at
11264_at	6.05e-01	2.40e-01	-1.1880668	-5.38439	-0.1308281	11264_at
23225_at	6.05e-01	2.40e-01	-1.1877971	-5.38469	-0.09366291	23225_at
8733_at	6.05e-01	2.40e-01	1.1876614	-5.38485	0.13220761	8733_at
54834_at	6.05e-01	2.40e-01	-1.1874612	-5.38507	-0.12362324	54834_at
79050_at	6.05e-01	2.40e-01	-1.187387	-5.38515	-0.12595723	79050_at
57763_at	6.05e-01	2.40e-01	-1.1871301	-5.38544	-0.16774988	57763_at
79784_at	6.05e-01	2.40e-01	-1.186904	-5.38569	-0.09509754	79784_at
10748_at	6.05e-01	2.40e-01	-1.1869024	-5.38569	-0.07633797	10748_at
2583_at	6.05e-01	2.40e-01	-1.1868446	-5.38576	-0.14592778	2583_at
55140_at	6.05e-01	2.40e-01	1.186705	-5.38591	0.14681365	55140_at
146562_at	6.05e-01	2.40e-01	-1.1865762	-5.38605	-0.11729672	146562_at
65094_at	6.05e-01	2.40e-01	-1.1863911	-5.38626	-0.12191809	65094_at
3452_at	6.05e-01	2.40e-01	-1.1860924	-5.38659	-0.17864096	3452_at
79753_at	6.05e-01	2.40e-01	-1.185811	-5.38691	-0.10965269	79753_at
3626_at	6.05e-01	2.40e-01	-1.1858064	-5.38691	-0.17502917	3626_at
6249_at	6.05e-01	2.40e-01	-1.1856571	-5.38708	-0.13327161	6249_at
23281_at	6.05e-01	2.41e-01	-1.185497	-5.38726	-0.07816739	23281_at
7832_at	6.05e-01	2.41e-01	-1.1854494	-5.38731	-0.27989998	7832_at
3199_at	6.05e-01	2.41e-01	-1.1854257	-5.38733	-0.10597434	3199_at
29909_at	6.05e-01	2.41e-01	-1.1852304	-5.38755	-0.1777647	29909_at
3062_at	6.06e-01	2.41e-01	-1.1846044	-5.38825	-0.1222178	3062_at
9590_at	6.06e-01	2.41e-01	1.1844115	-5.38846	0.5934575	9590_at
10073_at	6.06e-01	2.41e-01	1.1842578	-5.38863	0.10270308	10073_at
5861_at	6.06e-01	2.41e-01	-1.1836318	-5.38933	-0.11287128	5861_at
64768_at	6.06e-01	2.41e-01	-1.1830674	-5.38996	-0.10402372	64768_at
54583_at	6.06e-01	2.42e-01	-1.1829796	-5.39005	-0.12358262	54583_at
80152_at	6.06e-01	2.42e-01	-1.1829017	-5.39014	-0.13460419	80152_at
348995_at	6.06e-01	2.42e-01	1.1827838	-5.39027	0.18736472	348995_at
5621_at	6.06e-01	2.42e-01	-1.1827599	-5.3903	-0.23279061	5621_at
3608_at	6.06e-01	2.42e-01	1.1825578	-5.39052	0.24702789	3608_at
55890_at	6.06e-01	2.42e-01	-1.1824546	-5.39064	-0.15919457	55890_at
6822_at	6.06e-01	2.42e-01	-1.1824451	-5.39065	-0.10558095	6822_at
54928_at	6.07e-01	2.42e-01	1.1817986	-5.39136	0.11190784	54928_at
91289_at	6.07e-01	2.42e-01	-1.1817741	-5.39139	-0.08278995	91289_at
54920_at	6.07e-01	2.42e-01	-1.1817087	-5.39146	-0.0666329	54920_at
6511_at	6.07e-01	2.42e-01	-1.1810064	-5.39224	-0.13173894	6511_at
529_at	6.08e-01	2.43e-01	-1.1802107	-5.39312	-0.12649602	529_at
8407_at	6.08e-01	2.43e-01	1.1801591	-5.39318	0.22452678	8407_at
10600_at	6.08e-01	2.43e-01	1.1801533	-5.39319	0.14558443	10600_at
3756_at	6.08e-01	2.43e-01	-1.1797535	-5.39363	-0.09796711	3756_at
10739_at	6.08e-01	2.43e-01	-1.1793672	-5.39406	-0.14478885	10739_at
8174_at	6.08e-01	2.43e-01	-1.1792622	-5.39418	-0.12277058	8174_at
51232_at	6.08e-01	2.43e-01	-1.1791494	-5.3943	-0.16188955	51232_at
101926997_at	6.08e-01	2.43e-01	-1.1791453	-5.3943	-0.07426254	101926997_at
1414_at	6.09e-01	2.43e-01	-1.1785423	-5.39497	-0.14026692	1414_at
8476_at	6.09e-01	2.43e-01	1.178297	-5.39524	0.08728314	8476_at
54438_at	6.09e-01	2.43e-01	-1.1782871	-5.39525	-0.13360736	54438_at
8233_at	6.09e-01	2.43e-01	-1.1782149	-5.39533	-0.13044084	8233_at
10562_at	6.09e-01	2.43e-01	1.1781586	-5.3954	1.06198705	10562_at
10614_at	6.09e-01	2.44e-01	-1.1775873	-5.39603	-0.12385069	10614_at
5350_at	6.09e-01	2.44e-01	1.1774211	-5.39621	0.30838116	5350_at
1525_at	6.09e-01	2.44e-01	1.177389	-5.39625	0.4921929	1525_at
11330_at	6.09e-01	2.44e-01	-1.1770407	-5.39663	-0.12788515	11330_at
51043_at	6.09e-01	2.44e-01	-1.1770251	-5.39665	-0.14998457	51043_at
2197_at	6.09e-01	2.44e-01	1.1767047	-5.397	0.15848526	2197_at
79747_at	6.09e-01	2.44e-01	1.1765041	-5.39723	0.08732464	79747_at
400506_at	6.09e-01	2.44e-01	-1.176175	-5.39759	-0.15163752	400506_at
7812_at	6.09e-01	2.44e-01	-1.1759994	-5.39778	-0.1082877	7812_at
51733_at	6.09e-01	2.44e-01	-1.1759612	-5.39782	-0.56690675	51733_at
28400_at	6.09e-01	2.44e-01	1.1759156	-5.39788	0.70395155	28400_at
9294_at	6.09e-01	2.44e-01	-1.1758782	-5.39792	-0.11341093	9294_at
2802_at	6.09e-01	2.44e-01	1.1756773	-5.39814	0.13939679	2802_at
22827_at	6.10e-01	2.45e-01	1.1751944	-5.39867	0.13309295	22827_at
359_at	6.10e-01	2.45e-01	-1.175159	-5.39871	-0.51909141	359_at
23518_at	6.10e-01	2.45e-01	1.1745404	-5.39939	0.13452495	23518_at
126353_at	6.10e-01	2.45e-01	-1.17453	-5.3994	-0.16316774	126353_at
3675_at	6.10e-01	2.45e-01	1.174271	-5.39969	0.33323331	3675_at
6428_at	6.10e-01	2.45e-01	-1.1736431	-5.40038	-0.15629888	6428_at
51112_at	6.10e-01	2.45e-01	1.1736379	-5.40039	0.11243104	51112_at
8302_at	6.11e-01	2.45e-01	-1.1730676	-5.40102	-0.0628776	8302_at
2788_at	6.11e-01	2.46e-01	-1.1727425	-5.40137	-0.13002887	2788_at
23741_at	6.11e-01	2.46e-01	1.1727117	-5.40141	0.11609039	23741_at
10006_at	6.11e-01	2.46e-01	1.1726758	-5.40145	0.19193939	10006_at
79370_at	6.11e-01	2.46e-01	-1.1726159	-5.40151	-0.17447574	79370_at
3049_at	6.11e-01	2.46e-01	-1.1724371	-5.40171	-0.16513846	3049_at
9926_at	6.11e-01	2.46e-01	1.1722112	-5.40196	0.31395999	9926_at
10566_at	6.11e-01	2.46e-01	-1.1721938	-5.40198	-0.1559898	10566_at
7077_at	6.11e-01	2.46e-01	1.1718395	-5.40237	0.18053088	7077_at
79097_at	6.11e-01	2.46e-01	-1.1716948	-5.40253	-0.2808785	79097_at
79019_at	6.11e-01	2.46e-01	1.1713937	-5.40286	0.19363617	79019_at
79829_at	6.11e-01	2.46e-01	1.1712981	-5.40296	0.10529049	79829_at
22843_at	6.12e-01	2.46e-01	-1.1708253	-5.40348	-0.18228107	22843_at
51438_at	6.12e-01	2.46e-01	-1.1705801	-5.40375	-0.14444251	51438_at
7379_at	6.12e-01	2.47e-01	-1.1703187	-5.40404	-0.11890608	7379_at
23291_at	6.12e-01	2.47e-01	-1.1701424	-5.40423	-0.13879895	23291_at
55520_at	6.12e-01	2.47e-01	-1.17014	-5.40424	-0.09847915	55520_at
92104_at	6.12e-01	2.47e-01	1.1701361	-5.40424	0.11142164	92104_at
79731_at	6.12e-01	2.47e-01	-1.1699186	-5.40448	-0.18613005	79731_at
1041_at	6.12e-01	2.47e-01	-1.1697463	-5.40467	-0.14711831	1041_at
10723_at	6.12e-01	2.47e-01	-1.1694374	-5.40501	-0.15158905	10723_at
4222_at	6.12e-01	2.47e-01	1.1692733	-5.40519	0.08854861	4222_at
6874_at	6.12e-01	2.47e-01	-1.168837	-5.40567	-0.08729632	6874_at
563_at	6.12e-01	2.47e-01	-1.1688159	-5.40569	-0.54628932	563_at
1750_at	6.12e-01	2.47e-01	-1.1684495	-5.40609	-0.0976585	1750_at
55100_at	6.12e-01	2.47e-01	1.1683406	-5.40621	0.13240855	55100_at
64110_at	6.12e-01	2.47e-01	1.1682987	-5.40626	0.1216886	64110_at
5771_at	6.12e-01	2.47e-01	1.1681276	-5.40645	0.05623486	5771_at
23076_at	6.12e-01	2.47e-01	1.1680972	-5.40648	0.09668197	23076_at
5454_at	6.12e-01	2.47e-01	-1.1680456	-5.40654	-0.09446696	5454_at
64858_at	6.12e-01	2.47e-01	-1.1680272	-5.40656	-0.11056504	64858_at
4900_at	6.12e-01	2.48e-01	-1.1677843	-5.40682	-0.1346377	4900_at
728215_at	6.12e-01	2.48e-01	-1.1676532	-5.40697	-0.13803355	728215_at
9710_at	6.12e-01	2.48e-01	1.1675765	-5.40705	0.16572849	9710_at
80346_at	6.12e-01	2.48e-01	1.1675634	-5.40707	0.15967192	80346_at
944_at	6.12e-01	2.48e-01	-1.1672981	-5.40736	-0.15219949	944_at
7691_at	6.12e-01	2.48e-01	1.1669356	-5.40775	0.10796101	7691_at
7844_at	6.12e-01	2.48e-01	1.1669071	-5.40779	0.10998508	7844_at
10408_at	6.12e-01	2.48e-01	-1.1666987	-5.40801	-0.08933901	10408_at
9712_at	6.13e-01	2.48e-01	1.1664556	-5.40828	0.12905973	9712_at
2535_at	6.13e-01	2.48e-01	1.1661589	-5.4086	0.16886741	2535_at
4221_at	6.13e-01	2.48e-01	-1.1660839	-5.40869	-0.11091143	4221_at
441601_at	6.13e-01	2.48e-01	-1.1660194	-5.40876	-0.15027925	441601_at
55227_at	6.13e-01	2.48e-01	1.1658955	-5.40889	0.23889383	55227_at
54554_at	6.13e-01	2.49e-01	-1.165089	-5.40978	-0.14102666	54554_at
51298_at	6.14e-01	2.49e-01	-1.1646469	-5.41026	-0.14551617	51298_at
23060_at	6.14e-01	2.49e-01	-1.1642856	-5.41066	-0.09903597	23060_at
55759_at	6.15e-01	2.49e-01	1.1633894	-5.41164	0.17272275	55759_at
100130449_at	6.15e-01	2.49e-01	-1.1630998	-5.41195	-0.07870459	100130449_at
7980_at	6.15e-01	2.50e-01	1.1628661	-5.41221	0.59456917	7980_at
10236_at	6.15e-01	2.50e-01	1.1627649	-5.41232	0.15039675	10236_at
4338_at	6.15e-01	2.50e-01	-1.1627505	-5.41233	-0.16928106	4338_at
7554_at	6.15e-01	2.50e-01	-1.162596	-5.4125	-0.10329406	7554_at
196441_at	6.15e-01	2.50e-01	1.1619358	-5.41322	0.15341513	196441_at
23177_at	6.15e-01	2.50e-01	1.1618431	-5.41332	0.12727387	23177_at
10376_at	6.15e-01	2.50e-01	1.1618408	-5.41333	0.35469053	10376_at
25769_at	6.15e-01	2.50e-01	-1.1611867	-5.41404	-0.14227977	25769_at
55802_at	6.15e-01	2.50e-01	-1.1610581	-5.41418	-0.11535348	55802_at
3742_at	6.15e-01	2.50e-01	-1.1610303	-5.41421	-0.14634343	3742_at
265_at	6.15e-01	2.50e-01	1.1610206	-5.41422	0.0690882	265_at
30846_at	6.15e-01	2.50e-01	-1.1608847	-5.41437	-0.11243964	30846_at
22982_at	6.15e-01	2.50e-01	-1.1607113	-5.41456	-0.31776274	22982_at
4045_at	6.15e-01	2.50e-01	-1.1606945	-5.41458	-0.11888868	4045_at
56623_at	6.15e-01	2.50e-01	-1.1605675	-5.41472	-0.11354022	56623_at
57626_at	6.15e-01	2.51e-01	-1.160338	-5.41497	-0.11462471	57626_at
3820_at	6.15e-01	2.51e-01	1.1602597	-5.41505	0.45690812	3820_at
3276_at	6.16e-01	2.51e-01	1.1600521	-5.41528	0.15645187	3276_at
8349_at	6.16e-01	2.51e-01	1.1597132	-5.41565	0.26934733	8349_at
10947_at	6.16e-01	2.51e-01	1.1595372	-5.41584	0.15207474	10947_at
4281_at	6.16e-01	2.51e-01	1.1594239	-5.41596	0.25737312	4281_at
1997_at	6.16e-01	2.51e-01	1.1591491	-5.41626	0.1451368	1997_at
138162_at	6.16e-01	2.51e-01	1.1588391	-5.4166	0.08758049	138162_at
79098_at	6.16e-01	2.51e-01	1.1586691	-5.41678	0.13339703	79098_at
7104_at	6.16e-01	2.51e-01	1.1584391	-5.41703	0.17793924	7104_at
8706_at	6.16e-01	2.51e-01	1.1583496	-5.41713	0.18607963	8706_at
10040_at	6.17e-01	2.52e-01	-1.1578009	-5.41773	-0.1551947	10040_at
2631_at	6.17e-01	2.52e-01	1.1577183	-5.41782	0.19143088	2631_at
2561_at	6.17e-01	2.52e-01	-1.1575482	-5.418	-0.19751536	2561_at
8100_at	6.17e-01	2.52e-01	1.1572929	-5.41828	0.16728653	8100_at
363_at	6.17e-01	2.52e-01	-1.1571819	-5.4184	-0.19577623	363_at
393_at	6.17e-01	2.52e-01	-1.1570944	-5.4185	-0.11549165	393_at
322_at	6.17e-01	2.52e-01	-1.1568836	-5.41873	-0.13612649	322_at
79689_at	6.17e-01	2.52e-01	1.1568043	-5.41881	0.11056755	79689_at
55624_at	6.17e-01	2.52e-01	-1.1565799	-5.41906	-0.13647719	55624_at
219654_at	6.17e-01	2.52e-01	1.156407	-5.41924	0.24556193	219654_at
6356_at	6.17e-01	2.52e-01	1.1561526	-5.41952	0.20177043	6356_at
27236_at	6.17e-01	2.52e-01	1.1561463	-5.41953	0.15635936	27236_at
5194_at	6.17e-01	2.52e-01	1.1560675	-5.41961	0.17920042	5194_at
10969_at	6.17e-01	2.52e-01	1.1557422	-5.41997	0.12962805	10969_at
123803_at	6.17e-01	2.52e-01	1.1557004	-5.42001	0.16549611	123803_at
26873_at	6.17e-01	2.53e-01	1.1554703	-5.42026	0.17367854	26873_at
10523_at	6.17e-01	2.53e-01	-1.1553792	-5.42036	-0.08107449	10523_at
25980_at	6.17e-01	2.53e-01	1.1553771	-5.42036	0.09091829	25980_at
5003_at	6.17e-01	2.53e-01	-1.1550712	-5.42069	-0.24196726	5003_at
29110_at	6.17e-01	2.53e-01	1.1549619	-5.42081	0.12330264	29110_at
89870_at	6.17e-01	2.53e-01	-1.1547442	-5.42105	-0.12716543	89870_at
6122_at	6.17e-01	2.53e-01	1.1545282	-5.42128	0.2216694	6122_at
56928_at	6.17e-01	2.53e-01	-1.1543822	-5.42144	-0.12711785	56928_at
4552_at	6.17e-01	2.53e-01	-1.1543121	-5.42152	-0.19501223	4552_at
5224_at	6.17e-01	2.53e-01	-1.1542441	-5.42159	-0.18638157	5224_at
55857_at	6.17e-01	2.53e-01	1.1541884	-5.42165	0.17090182	55857_at
29774_at	6.17e-01	2.53e-01	-1.154068	-5.42178	-0.13107195	29774_at
79149_at	6.17e-01	2.53e-01	-1.1534855	-5.42241	-0.13373999	79149_at
25839_at	6.17e-01	2.53e-01	1.1534781	-5.42242	0.09442183	25839_at
1998_at	6.18e-01	2.54e-01	1.1529952	-5.42295	0.14746592	1998_at
26330_at	6.18e-01	2.54e-01	-1.1525664	-5.42341	-0.11407861	26330_at
8535_at	6.18e-01	2.54e-01	-1.1522803	-5.42372	-0.14779753	8535_at
10840_at	6.18e-01	2.54e-01	-1.1522803	-5.42372	-0.36410815	10840_at
517_at	6.18e-01	2.54e-01	1.1522554	-5.42375	0.12403918	517_at
55195_at	6.18e-01	2.54e-01	1.1522531	-5.42375	0.18559897	55195_at
60_at	6.18e-01	2.54e-01	1.1522114	-5.4238	0.253351	60_at
6484_at	6.18e-01	2.54e-01	-1.1519154	-5.42412	-0.18122179	6484_at
566_at	6.18e-01	2.54e-01	1.1516766	-5.42437	0.11009186	566_at
9892_at	6.18e-01	2.54e-01	1.1511725	-5.42492	0.11114365	9892_at
26136_at	6.18e-01	2.54e-01	1.1511166	-5.42498	0.34213359	26136_at
79882_at	6.18e-01	2.54e-01	1.1509314	-5.42518	0.10742339	79882_at
7626_at	6.19e-01	2.54e-01	-1.1507152	-5.42541	-0.07808941	7626_at
10397_at	6.19e-01	2.55e-01	-1.1504698	-5.42568	-0.21851174	10397_at
64062_at	6.19e-01	2.55e-01	1.150457	-5.42569	0.16476642	64062_at
28778_at	6.19e-01	2.55e-01	1.1502235	-5.42595	0.2874137	28778_at
79083_at	6.19e-01	2.55e-01	-1.1501852	-5.42599	-0.17195298	79083_at
10137_at	6.19e-01	2.55e-01	1.1498354	-5.42637	0.14791829	10137_at
9953_at	6.19e-01	2.55e-01	-1.1493141	-5.42693	-0.07704792	9953_at
25800_at	6.19e-01	2.55e-01	1.149007	-5.42726	0.2909801	25800_at
6603_at	6.19e-01	2.55e-01	1.1489231	-5.42735	0.14221272	6603_at
160313_at	6.19e-01	2.55e-01	1.1487767	-5.42751	0.11077992	160313_at
83461_at	6.19e-01	2.55e-01	-1.1486502	-5.42765	-0.14480025	83461_at
9135_at	6.19e-01	2.55e-01	1.1484319	-5.42788	0.096545	9135_at
1825_at	6.19e-01	2.55e-01	-1.1484241	-5.42789	-0.06897907	1825_at
28968_at	6.19e-01	2.55e-01	-1.1484015	-5.42791	-0.12993572	28968_at
30827_at	6.19e-01	2.56e-01	1.1481187	-5.42822	0.09184811	30827_at
7125_at	6.19e-01	2.56e-01	-1.1480122	-5.42833	-0.13589712	7125_at
54509_at	6.19e-01	2.56e-01	1.1479145	-5.42844	0.18113663	54509_at
25891_at	6.19e-01	2.56e-01	-1.1478798	-5.42848	-0.20686922	25891_at
56548_at	6.19e-01	2.56e-01	-1.1476253	-5.42875	-0.18941834	56548_at
6783_at	6.19e-01	2.56e-01	1.1475174	-5.42887	0.08125604	6783_at
6519_at	6.19e-01	2.56e-01	1.1474733	-5.42892	0.15701614	6519_at
9499_at	6.19e-01	2.56e-01	-1.1474405	-5.42895	-0.10618081	9499_at
8350_at	6.19e-01	2.56e-01	-1.1472746	-5.42913	-0.07588321	8350_at
79616_at	6.19e-01	2.56e-01	-1.1470829	-5.42934	-0.15547145	79616_at
1800_at	6.19e-01	2.56e-01	-1.1469399	-5.42949	-0.57692812	1800_at
8688_at	6.20e-01	2.56e-01	-1.1465847	-5.42987	-0.11506301	8688_at
727800_at	6.20e-01	2.56e-01	-1.1461313	-5.43036	-0.1538245	727800_at
10022_at	6.20e-01	2.56e-01	-1.1458988	-5.43061	-0.11239781	10022_at
4123_at	6.20e-01	2.57e-01	-1.1456963	-5.43083	-0.14574704	4123_at
8749_at	6.20e-01	2.57e-01	-1.1456016	-5.43093	-0.09971405	8749_at
28673_at	6.20e-01	2.57e-01	-1.1454047	-5.43115	-0.20110104	28673_at
51176_at	6.20e-01	2.57e-01	-1.1453076	-5.43125	-0.08876796	51176_at
2649_at	6.20e-01	2.57e-01	-1.145126	-5.43145	-0.09860787	2649_at
6903_at	6.20e-01	2.57e-01	1.1450681	-5.43151	0.13731605	6903_at
23411_at	6.20e-01	2.57e-01	-1.1446765	-5.43193	-0.16299656	23411_at
6741_at	6.21e-01	2.57e-01	1.144253	-5.43238	0.18918332	6741_at
11103_at	6.21e-01	2.57e-01	1.1436537	-5.43303	0.11397715	11103_at
6319_at	6.21e-01	2.57e-01	-1.1435578	-5.43313	-0.18460095	6319_at
1775_at	6.21e-01	2.58e-01	-1.1432705	-5.43344	-0.14831981	1775_at
3337_at	6.21e-01	2.58e-01	1.1430791	-5.43365	0.26928093	3337_at
4733_at	6.21e-01	2.58e-01	1.1429492	-5.43379	0.11186634	4733_at
2533_at	6.21e-01	2.58e-01	1.1429321	-5.4338	0.11101276	2533_at
521_at	6.21e-01	2.58e-01	1.1426952	-5.43406	0.11968759	521_at
10042_at	6.21e-01	2.58e-01	1.1425591	-5.43421	0.11415702	10042_at
4783_at	6.21e-01	2.58e-01	-1.1425339	-5.43423	-0.29527453	4783_at
23033_at	6.21e-01	2.58e-01	1.1419106	-5.4349	0.06264612	23033_at
4926_at	6.21e-01	2.58e-01	1.1418265	-5.43499	0.10267364	4926_at
11075_at	6.21e-01	2.58e-01	-1.1418098	-5.43501	-0.08249905	11075_at
4010_at	6.21e-01	2.58e-01	-1.1417848	-5.43504	-0.14024435	4010_at
5339_at	6.21e-01	2.58e-01	-1.1415084	-5.43533	-0.09216482	5339_at
2950_at	6.21e-01	2.58e-01	1.1414111	-5.43544	0.32287462	2950_at
8664_at	6.21e-01	2.58e-01	1.1413998	-5.43545	0.15492962	8664_at
100131532_at	6.21e-01	2.58e-01	-1.1413808	-5.43547	-0.13899278	100131532_at
3061_at	6.21e-01	2.58e-01	-1.1412617	-5.4356	-0.09163648	3061_at
55924_at	6.21e-01	2.58e-01	-1.14121	-5.43565	-0.15295397	55924_at
57205_at	6.22e-01	2.59e-01	1.1405201	-5.43639	0.2818302	57205_at
10507_at	6.22e-01	2.59e-01	1.140461	-5.43646	0.20273922	10507_at
9325_at	6.22e-01	2.59e-01	1.1403713	-5.43655	0.16991084	9325_at
65012_at	6.22e-01	2.59e-01	-1.1403148	-5.43661	-0.14162713	65012_at
9946_at	6.22e-01	2.59e-01	-1.1395071	-5.43748	-0.16324848	9946_at
899_at	6.22e-01	2.59e-01	-1.1394855	-5.4375	-0.09391529	899_at
100137047_at	6.22e-01	2.59e-01	-1.1393772	-5.43762	-0.15045467	100137047_at
129080_at	6.22e-01	2.59e-01	-1.1391273	-5.43789	-0.1288287	129080_at
11054_at	6.22e-01	2.59e-01	-1.1389432	-5.43808	-0.09381642	11054_at
8800_at	6.22e-01	2.59e-01	-1.1388718	-5.43816	-0.11614323	8800_at
23463_at	6.22e-01	2.59e-01	-1.1386374	-5.43841	-0.12648601	23463_at
8888_at	6.22e-01	2.59e-01	1.1386231	-5.43843	0.0878827	8888_at
57050_at	6.23e-01	2.60e-01	1.1382725	-5.4388	0.14159724	57050_at
10802_at	6.23e-01	2.60e-01	-1.1380648	-5.43902	-0.1067815	10802_at
23362_at	6.23e-01	2.60e-01	-1.1379272	-5.43917	-0.13818915	23362_at
54363_at	6.23e-01	2.60e-01	-1.137724	-5.43939	-0.21273279	54363_at
221830_at	6.23e-01	2.60e-01	-1.1371774	-5.43997	-0.08915265	221830_at
1160_at	6.23e-01	2.60e-01	-1.1365236	-5.44067	-0.23953359	1160_at
26001_at	6.23e-01	2.60e-01	-1.1361456	-5.44108	-0.12068095	26001_at
149986_at	6.23e-01	2.61e-01	-1.1359931	-5.44124	-0.13973976	149986_at
25893_at	6.23e-01	2.61e-01	-1.1359038	-5.44133	-0.06631455	25893_at
64806_at	6.23e-01	2.61e-01	-1.1357543	-5.44149	-0.13465596	64806_at
8402_at	6.23e-01	2.61e-01	-1.135654	-5.4416	-0.16885423	8402_at
54551_at	6.23e-01	2.61e-01	-1.1355213	-5.44174	-0.09804676	54551_at
140545_at	6.23e-01	2.61e-01	-1.1353741	-5.4419	-0.06277185	140545_at
27293_at	6.23e-01	2.61e-01	1.1352277	-5.44206	0.16463857	27293_at
8724_at	6.23e-01	2.61e-01	1.1351228	-5.44217	0.10614882	8724_at
4908_at	6.23e-01	2.61e-01	-1.1350589	-5.44224	-0.15531539	4908_at
866_at	6.23e-01	2.61e-01	-1.1350299	-5.44227	-0.54462434	866_at
9899_at	6.23e-01	2.61e-01	-1.1350021	-5.4423	-0.12354605	9899_at
9021_at	6.23e-01	2.61e-01	-1.1348611	-5.44245	-0.10803181	9021_at
10771_at	6.23e-01	2.61e-01	-1.1348607	-5.44245	-0.11456857	10771_at
4711_at	6.23e-01	2.61e-01	-1.1347139	-5.44261	-0.09029082	4711_at
5563_at	6.23e-01	2.61e-01	1.1346631	-5.44266	0.14243413	5563_at
2204_at	6.23e-01	2.61e-01	-1.134645	-5.44268	-0.0680862	2204_at
10456_at	6.23e-01	2.61e-01	-1.1346337	-5.44269	-0.12997948	10456_at
11247_at	6.23e-01	2.61e-01	-1.1345311	-5.4428	-0.10969581	11247_at
51200_at	6.23e-01	2.61e-01	-1.1342702	-5.44308	-0.19262325	51200_at
51716_at	6.23e-01	2.61e-01	-1.1342031	-5.44315	-0.11677464	51716_at
80852_at	6.23e-01	2.61e-01	-1.1341317	-5.44323	-0.14191978	80852_at
224_at	6.23e-01	2.61e-01	-1.1339108	-5.44346	-0.35468317	224_at
4092_at	6.24e-01	2.62e-01	-1.1335469	-5.44385	-0.18328759	4092_at
2784_at	6.24e-01	2.62e-01	-1.1332842	-5.44413	-0.12108614	2784_at
22802_at	6.24e-01	2.62e-01	-1.1329124	-5.44453	-0.10452432	22802_at
3798_at	6.24e-01	2.62e-01	-1.1326183	-5.44484	-0.14834302	3798_at
23048_at	6.24e-01	2.62e-01	1.132503	-5.44496	0.1486247	23048_at
5376_at	6.24e-01	2.62e-01	1.1321976	-5.44529	0.29232551	5376_at
23345_at	6.24e-01	2.62e-01	1.1320494	-5.44545	0.21030168	23345_at
5681_at	6.24e-01	2.62e-01	-1.1317301	-5.44579	-0.1255892	5681_at
9635_at	6.24e-01	2.62e-01	-1.1316925	-5.44583	-0.06565971	9635_at
79921_at	6.24e-01	2.62e-01	1.1316377	-5.44588	0.14825438	79921_at
10473_at	6.24e-01	2.62e-01	1.1314602	-5.44607	0.14167557	10473_at
4306_at	6.24e-01	2.62e-01	1.1314156	-5.44612	0.20138524	4306_at
90586_at	6.24e-01	2.62e-01	-1.1312997	-5.44624	-0.12126916	90586_at
900_at	6.24e-01	2.62e-01	-1.1312843	-5.44626	-0.15050994	900_at
10482_at	6.24e-01	2.63e-01	1.1312087	-5.44634	0.15914171	10482_at
4905_at	6.24e-01	2.63e-01	1.1311671	-5.44638	0.1492514	4905_at
9436_at	6.24e-01	2.63e-01	-1.1310451	-5.44651	-0.10131658	9436_at
3818_at	6.24e-01	2.63e-01	1.1308026	-5.44677	0.19370882	3818_at
9421_at	6.24e-01	2.63e-01	-1.1306787	-5.4469	-0.14951274	9421_at
8372_at	6.24e-01	2.63e-01	-1.1306363	-5.44695	-0.13084759	8372_at
23348_at	6.25e-01	2.63e-01	-1.130216	-5.4474	-0.06836122	23348_at
1301_at	6.25e-01	2.63e-01	-1.1299816	-5.44765	-0.08222727	1301_at
147179_at	6.25e-01	2.63e-01	-1.1297716	-5.44787	-0.07694975	147179_at
9132_at	6.25e-01	2.63e-01	-1.1297445	-5.4479	-0.10985921	9132_at
2828_at	6.25e-01	2.63e-01	-1.1295251	-5.44813	-0.09788572	2828_at
8675_at	6.25e-01	2.63e-01	1.1292612	-5.44841	0.11255331	8675_at
79839_at	6.25e-01	2.63e-01	1.1291789	-5.4485	0.10783335	79839_at
138151_at	6.25e-01	2.63e-01	-1.1290487	-5.44864	-0.17240783	138151_at
1435_at	6.25e-01	2.64e-01	-1.1286871	-5.44902	-0.0984898	1435_at
5295_at	6.25e-01	2.64e-01	1.128252	-5.44948	0.13286328	5295_at
549_at	6.26e-01	2.64e-01	-1.127883	-5.44987	-0.18471787	549_at
58483_at	6.26e-01	2.64e-01	-1.1278734	-5.44988	-0.14625563	58483_at
10611_at	6.26e-01	2.64e-01	1.1273298	-5.45046	0.08261176	10611_at
1548_at	6.26e-01	2.64e-01	-1.1272192	-5.45058	-0.12449471	1548_at
22837_at	6.26e-01	2.64e-01	-1.1269756	-5.45084	-0.17648031	22837_at
4738_at	6.26e-01	2.64e-01	1.126926	-5.45089	0.11366787	4738_at
645682_at	6.26e-01	2.64e-01	-1.1267186	-5.45111	-0.13627557	645682_at
283298_at	6.26e-01	2.65e-01	1.1262504	-5.45161	0.1417225	283298_at
5596_at	6.26e-01	2.65e-01	-1.1262329	-5.45162	-0.09348204	5596_at
7553_at	6.26e-01	2.65e-01	1.1260974	-5.45177	0.09004006	7553_at
51616_at	6.26e-01	2.65e-01	1.1259172	-5.45196	0.16835922	51616_at
51380_at	6.26e-01	2.65e-01	-1.1258345	-5.45205	-0.12445793	51380_at
2151_at	6.26e-01	2.65e-01	-1.125606	-5.45229	-0.06702221	2151_at
4482_at	6.26e-01	2.65e-01	-1.1255596	-5.45234	-0.32156426	4482_at
9711_at	6.28e-01	2.65e-01	-1.1242318	-5.45374	-0.09192929	9711_at
79869_at	6.28e-01	2.66e-01	-1.1240313	-5.45395	-0.1055179	79869_at
3120_at	6.28e-01	2.66e-01	1.1239786	-5.45401	0.19985797	3120_at
9180_at	6.28e-01	2.66e-01	1.123655	-5.45435	0.31492368	9180_at
22993_at	6.28e-01	2.66e-01	-1.123639	-5.45437	-0.09204066	22993_at
27296_at	6.28e-01	2.66e-01	-1.1235619	-5.45445	-0.18276601	27296_at
5111_at	6.28e-01	2.66e-01	1.1228871	-5.45516	0.17929994	5111_at
9987_at	6.28e-01	2.66e-01	-1.1228519	-5.4552	-0.12849469	9987_at
51654_at	6.28e-01	2.66e-01	-1.1225105	-5.45556	-0.09954906	51654_at
5662_at	6.28e-01	2.66e-01	-1.1223623	-5.45572	-0.11643952	5662_at
51145_at	6.28e-01	2.66e-01	-1.1219692	-5.45613	-0.08722084	51145_at
1382_at	6.28e-01	2.66e-01	-1.1219497	-5.45615	-0.16439809	1382_at
6303_at	6.28e-01	2.66e-01	-1.1219285	-5.45618	-0.13636247	6303_at
28992_at	6.28e-01	2.66e-01	-1.1217668	-5.45635	-0.33342506	28992_at
9140_at	6.28e-01	2.67e-01	1.1216784	-5.45644	0.08843991	9140_at
29780_at	6.28e-01	2.67e-01	-1.1215467	-5.45658	-0.1821964	29780_at
1111_at	6.28e-01	2.67e-01	1.1214386	-5.45669	0.08786803	1111_at
80023_at	6.28e-01	2.67e-01	-1.121071	-5.45708	-0.1194625	80023_at
1370_at	6.28e-01	2.67e-01	-1.1209518	-5.45721	-0.38399675	1370_at
6911_at	6.28e-01	2.67e-01	-1.1208068	-5.45736	-0.13752608	6911_at
6049_at	6.28e-01	2.67e-01	1.1207627	-5.45741	0.06446098	6049_at
55751_at	6.28e-01	2.67e-01	1.1207521	-5.45742	0.12982248	55751_at
762_at	6.28e-01	2.67e-01	-1.1206902	-5.45748	-0.29251611	762_at
63910_at	6.28e-01	2.67e-01	-1.1205637	-5.45762	-0.1372181	63910_at
102724368_at	6.29e-01	2.67e-01	-1.1199842	-5.45823	-0.12770173	102724368_at
101929726_at	6.29e-01	2.67e-01	-1.1199836	-5.45823	-0.12608219	101929726_at
7804_at	6.29e-01	2.67e-01	-1.119694	-5.45853	-0.11516928	7804_at
116828_at	6.29e-01	2.67e-01	-1.1196772	-5.45855	-0.12349719	116828_at
8909_at	6.29e-01	2.67e-01	-1.1196643	-5.45856	-0.13526542	8909_at
643_at	6.29e-01	2.67e-01	-1.1194986	-5.45874	-0.09361454	643_at
869_at	6.29e-01	2.67e-01	-1.119405	-5.45884	-0.09598234	869_at
55203_at	6.29e-01	2.68e-01	-1.1192107	-5.45904	-0.14294358	55203_at
84951_at	6.29e-01	2.68e-01	-1.1189058	-5.45936	-0.14085922	84951_at
9419_at	6.29e-01	2.68e-01	1.1189002	-5.45937	0.13832202	9419_at
29997_at	6.29e-01	2.68e-01	1.1186226	-5.45966	0.17097483	29997_at
8867_at	6.29e-01	2.68e-01	1.1185975	-5.45969	0.15487459	8867_at
55322_at	6.29e-01	2.68e-01	-1.1185892	-5.4597	-0.15032598	55322_at
55150_at	6.29e-01	2.68e-01	-1.1185471	-5.45974	-0.10430909	55150_at
79776_at	6.29e-01	2.68e-01	-1.1183231	-5.45998	-0.11123086	79776_at
3726_at	6.29e-01	2.68e-01	-1.1182774	-5.46002	-0.29291891	3726_at
55745_at	6.29e-01	2.68e-01	-1.1179688	-5.46035	-0.16093332	55745_at
2138_at	6.29e-01	2.68e-01	-1.1177949	-5.46053	-0.14649832	2138_at
3003_at	6.29e-01	2.68e-01	1.1176304	-5.4607	0.39645701	3003_at
5690_at	6.29e-01	2.68e-01	1.117604	-5.46073	0.08596723	5690_at
8288_at	6.29e-01	2.68e-01	-1.1175837	-5.46075	-0.14490058	8288_at
443_at	6.29e-01	2.68e-01	-1.1170812	-5.46128	-0.43622001	443_at
11335_at	6.29e-01	2.68e-01	1.1170084	-5.46136	0.18808254	11335_at
1351_at	6.29e-01	2.69e-01	-1.1168899	-5.46148	-0.10274862	1351_at
54843_at	6.29e-01	2.69e-01	-1.1168078	-5.46157	-0.13082212	54843_at
6372_at	6.29e-01	2.69e-01	1.1167816	-5.4616	1.01676027	6372_at
29072_at	6.29e-01	2.69e-01	1.1163284	-5.46207	0.0815695	29072_at
3770_at	6.29e-01	2.69e-01	-1.1162848	-5.46212	-0.13054237	3770_at
7348_at	6.29e-01	2.69e-01	-1.1162343	-5.46217	-0.25625382	7348_at
54626_at	6.29e-01	2.69e-01	1.1161234	-5.46229	0.07817665	54626_at
25963_at	6.29e-01	2.69e-01	1.1160533	-5.46236	0.17725156	25963_at
81533_at	6.30e-01	2.69e-01	1.1153484	-5.4631	0.12568184	81533_at
10418_at	6.30e-01	2.69e-01	1.1152655	-5.46319	0.23482206	10418_at
171220_at	6.30e-01	2.69e-01	1.1151876	-5.46327	0.1198589	171220_at
2326_at	6.30e-01	2.69e-01	1.1147559	-5.46372	0.39731283	2326_at
1207_at	6.30e-01	2.69e-01	1.114729	-5.46375	0.14646532	1207_at
79400_at	6.30e-01	2.69e-01	-1.1146902	-5.46379	-0.1220321	79400_at
25850_at	6.30e-01	2.69e-01	1.1146819	-5.4638	0.07462587	25850_at
4245_at	6.30e-01	2.70e-01	1.1140967	-5.46442	0.1110676	4245_at
9210_at	6.30e-01	2.70e-01	-1.1140945	-5.46442	-0.10262961	9210_at
79092_at	6.30e-01	2.70e-01	-1.11403	-5.46449	-0.10699194	79092_at
7750_at	6.30e-01	2.70e-01	1.113822	-5.4647	0.07555123	7750_at
79109_at	6.30e-01	2.70e-01	-1.1136349	-5.4649	-0.20565235	79109_at
1271_at	6.30e-01	2.70e-01	-1.1135179	-5.46502	-0.15820714	1271_at
23024_at	6.30e-01	2.70e-01	1.1130635	-5.4655	0.21631456	23024_at
23256_at	6.30e-01	2.70e-01	1.1130289	-5.46554	0.14971906	23256_at
56123_at	6.30e-01	2.70e-01	1.1127038	-5.46588	0.14549778	56123_at
5536_at	6.31e-01	2.70e-01	-1.112296	-5.4663	-0.14447236	5536_at
55034_at	6.31e-01	2.70e-01	-1.11229	-5.46631	-0.1644505	55034_at
9459_at	6.31e-01	2.71e-01	1.1115377	-5.4671	0.20249108	9459_at
79883_at	6.31e-01	2.71e-01	-1.1114143	-5.46723	-0.12003506	79883_at
2286_at	6.32e-01	2.71e-01	1.1109326	-5.46773	0.11910033	2286_at
55503_at	6.32e-01	2.71e-01	-1.110333	-5.46836	-0.14954238	55503_at
6909_at	6.32e-01	2.71e-01	-1.1102377	-5.46846	-0.1322711	6909_at
23366_at	6.32e-01	2.72e-01	1.1096681	-5.46905	0.13738068	23366_at
8284_at	6.32e-01	2.72e-01	-1.1096464	-5.46907	-0.57530535	8284_at
79143_at	6.32e-01	2.72e-01	-1.1096406	-5.46908	-0.09473804	79143_at
102_at	6.32e-01	2.72e-01	1.1096052	-5.46912	0.21754323	102_at
26994_at	6.32e-01	2.72e-01	-1.1095049	-5.46922	-0.15504917	26994_at
3476_at	6.32e-01	2.72e-01	-1.1094169	-5.46931	-0.12015893	3476_at
2642_at	6.32e-01	2.72e-01	-1.1093845	-5.46935	-0.13223104	2642_at
79705_at	6.32e-01	2.72e-01	-1.1093449	-5.46939	-0.10478334	79705_at
25999_at	6.32e-01	2.72e-01	-1.1093081	-5.46943	-0.12549588	25999_at
2909_at	6.32e-01	2.72e-01	-1.1091771	-5.46956	-0.08454509	2909_at
10564_at	6.32e-01	2.72e-01	-1.1088452	-5.46991	-0.10289735	10564_at
9370_at	6.32e-01	2.72e-01	-1.1087571	-5.47	-0.18756514	9370_at
5308_at	6.32e-01	2.72e-01	1.1087393	-5.47002	0.09202841	5308_at
8420_at	6.32e-01	2.72e-01	-1.1086714	-5.47009	-0.10332576	8420_at
1945_at	6.32e-01	2.72e-01	1.108422	-5.47035	0.14469965	1945_at
27010_at	6.32e-01	2.72e-01	1.1082366	-5.47055	0.20149971	27010_at
402055_at	6.32e-01	2.72e-01	-1.1078884	-5.47091	-0.09335038	402055_at
6311_at	6.32e-01	2.72e-01	-1.1077862	-5.47102	-0.15463047	6311_at
79057_at	6.32e-01	2.72e-01	-1.1077292	-5.47107	-0.14028628	79057_at
6444_at	6.32e-01	2.72e-01	-1.1076799	-5.47113	-0.07941685	6444_at
3004_at	6.32e-01	2.72e-01	1.1076612	-5.47115	0.12255089	3004_at
6542_at	6.32e-01	2.73e-01	-1.1071677	-5.47166	-0.16449063	6542_at
92482_at	6.32e-01	2.73e-01	1.1068885	-5.47195	0.1291306	92482_at
5524_at	6.32e-01	2.73e-01	1.106848	-5.47199	0.10288223	5524_at
23208_at	6.32e-01	2.73e-01	1.1066193	-5.47223	0.15731988	23208_at
6626_at	6.32e-01	2.73e-01	1.1064771	-5.47238	0.11594213	6626_at
51101_at	6.32e-01	2.73e-01	-1.1063913	-5.47247	-0.12940764	51101_at
10568_at	6.32e-01	2.73e-01	1.1063706	-5.47249	0.33720155	10568_at
146542_at	6.32e-01	2.73e-01	-1.1062625	-5.4726	-0.11287087	146542_at
10906_at	6.33e-01	2.73e-01	1.105802	-5.47308	0.08406802	10906_at
22832_at	6.33e-01	2.73e-01	1.1054607	-5.47344	0.09186647	22832_at
4129_at	6.33e-01	2.73e-01	-1.1052762	-5.47363	-0.22938858	4129_at
26030_at	6.33e-01	2.74e-01	-1.105077	-5.47384	-0.10408032	26030_at
5307_at	6.33e-01	2.74e-01	-1.1048125	-5.47411	-0.07842205	5307_at
63827_at	6.34e-01	2.74e-01	-1.1044897	-5.47445	-0.09305117	63827_at
51374_at	6.34e-01	2.74e-01	-1.1039529	-5.47501	-0.09849013	51374_at
7866_at	6.34e-01	2.74e-01	-1.1038453	-5.47512	-0.14377852	7866_at
22796_at	6.34e-01	2.74e-01	1.1038113	-5.47515	0.10483309	22796_at
2624_at	6.34e-01	2.74e-01	-1.1032597	-5.47573	-0.15424516	2624_at
83941_at	6.34e-01	2.74e-01	-1.1030051	-5.47599	-0.16177294	83941_at
83744_at	6.34e-01	2.75e-01	-1.1026451	-5.47637	-0.11618046	83744_at
5673_at	6.34e-01	2.75e-01	-1.1026369	-5.47637	-0.16253523	5673_at
5313_at	6.34e-01	2.75e-01	-1.1025609	-5.47645	-0.26171837	5313_at
51626_at	6.34e-01	2.75e-01	1.1024315	-5.47659	0.15817645	51626_at
5526_at	6.34e-01	2.75e-01	-1.1021232	-5.47691	-0.08270317	5526_at
5495_at	6.34e-01	2.75e-01	-1.1019249	-5.47711	-0.1189404	5495_at
10691_at	6.34e-01	2.75e-01	-1.1018338	-5.47721	-0.10738671	10691_at
23762_at	6.34e-01	2.75e-01	-1.1016967	-5.47735	-0.12690396	23762_at
55275_at	6.34e-01	2.75e-01	-1.1016699	-5.47738	-0.0769991	55275_at
8001_at	6.34e-01	2.75e-01	-1.1016682	-5.47738	-0.04601293	8001_at
2299_at	6.34e-01	2.75e-01	-1.1015785	-5.47747	-0.2765583	2299_at
55284_at	6.34e-01	2.75e-01	-1.1015655	-5.47749	-0.0915353	55284_at
5565_at	6.34e-01	2.75e-01	-1.1015629	-5.47749	-0.12521659	5565_at
9365_at	6.34e-01	2.75e-01	-1.10146	-5.4776	-0.41549472	9365_at
5983_at	6.35e-01	2.75e-01	1.1009972	-5.47808	0.09335764	5983_at
56146_at	6.35e-01	2.75e-01	-1.100827	-5.47825	-0.07124248	56146_at
56996_at	6.35e-01	2.76e-01	-1.1005111	-5.47858	-0.12831059	56996_at
11202_at	6.35e-01	2.76e-01	-1.1004301	-5.47866	-0.11455606	11202_at
11197_at	6.35e-01	2.76e-01	-1.1003249	-5.47877	-0.11209277	11197_at
91647_at	6.35e-01	2.76e-01	1.1002214	-5.47888	0.12457632	91647_at
92342_at	6.35e-01	2.76e-01	1.0998027	-5.47931	0.1481611	92342_at
7923_at	6.35e-01	2.76e-01	-1.0997551	-5.47936	-0.17521814	7923_at
5140_at	6.35e-01	2.76e-01	-1.099694	-5.47943	-0.10028523	5140_at
7753_at	6.35e-01	2.76e-01	-1.0996668	-5.47945	-0.08231284	7753_at
7133_at	6.35e-01	2.76e-01	1.0996468	-5.47947	0.18857687	7133_at
30814_at	6.35e-01	2.76e-01	-1.0994898	-5.47964	-0.10432091	30814_at
9836_at	6.35e-01	2.76e-01	-1.0993917	-5.47974	-0.14764003	9836_at
7032_at	6.35e-01	2.76e-01	-1.099114	-5.48003	-0.11080499	7032_at
159162_at	6.35e-01	2.76e-01	-1.0984777	-5.48068	-0.16263732	159162_at
64423_at	6.35e-01	2.77e-01	-1.0982756	-5.48089	-0.09306439	64423_at
7094_at	6.35e-01	2.77e-01	-1.0982282	-5.48094	-0.11208253	7094_at
23768_at	6.35e-01	2.77e-01	1.0982054	-5.48097	0.13377997	23768_at
22823_at	6.36e-01	2.77e-01	1.0976067	-5.48159	0.09964992	22823_at
10963_at	6.36e-01	2.77e-01	1.0975386	-5.48166	0.15810589	10963_at
29887_at	6.36e-01	2.77e-01	1.0974989	-5.4817	0.33766427	29887_at
5411_at	6.36e-01	2.77e-01	1.0974799	-5.48172	0.16595282	5411_at
6583_at	6.36e-01	2.77e-01	-1.097001	-5.48221	-0.34452291	6583_at
2218_at	6.36e-01	2.77e-01	-1.0968245	-5.48239	-0.13658612	2218_at
23360_at	6.36e-01	2.77e-01	-1.0967876	-5.48243	-0.15526086	23360_at
11152_at	6.36e-01	2.77e-01	-1.0967782	-5.48244	-0.14643292	11152_at
7768_at	6.36e-01	2.77e-01	-1.0967161	-5.48251	-0.0693254	7768_at
79158_at	6.36e-01	2.77e-01	1.0966743	-5.48255	0.20025552	79158_at
50853_at	6.36e-01	2.77e-01	1.096633	-5.48259	0.11168313	50853_at
28797_at	6.36e-01	2.77e-01	1.0962956	-5.48294	0.64709849	28797_at
29906_at	6.36e-01	2.78e-01	-1.095611	-5.48365	-0.12418543	29906_at
3619_at	6.36e-01	2.78e-01	-1.095465	-5.4838	-0.12481285	3619_at
5024_at	6.36e-01	2.78e-01	1.0953426	-5.48392	0.09906157	5024_at
80094_at	6.36e-01	2.78e-01	-1.095299	-5.48397	-0.12728361	80094_at
56259_at	6.36e-01	2.78e-01	1.094865	-5.48442	0.13110439	56259_at
51341_at	6.36e-01	2.78e-01	-1.0947505	-5.48453	-0.06438781	51341_at
27079_at	6.36e-01	2.78e-01	-1.09473	-5.48456	-0.09907244	27079_at
7429_at	6.36e-01	2.78e-01	1.0944118	-5.48488	0.41166442	7429_at
64771_at	6.36e-01	2.78e-01	-1.094064	-5.48524	-0.0982944	64771_at
54897_at	6.36e-01	2.78e-01	-1.0939872	-5.48532	-0.11242616	54897_at
23434_at	6.36e-01	2.78e-01	-1.0938731	-5.48544	-0.11048448	23434_at
10686_at	6.36e-01	2.78e-01	1.0938575	-5.48545	0.3967406	10686_at
6474_at	6.36e-01	2.78e-01	-1.0937651	-5.48555	-0.07309776	6474_at
79783_at	6.36e-01	2.79e-01	-1.0936561	-5.48566	-0.33232147	79783_at
55171_at	6.36e-01	2.79e-01	-1.0936372	-5.48568	-0.10764722	55171_at
53358_at	6.36e-01	2.79e-01	-1.0932544	-5.48608	-0.10792178	53358_at
5800_at	6.36e-01	2.79e-01	-1.0930278	-5.48631	-0.54601268	5800_at
79874_at	6.36e-01	2.79e-01	-1.0929913	-5.48635	-0.06735683	79874_at
23307_at	6.36e-01	2.79e-01	1.0929768	-5.48636	0.06362429	23307_at
9260_at	6.36e-01	2.79e-01	1.0929402	-5.4864	0.06899286	9260_at
79570_at	6.36e-01	2.79e-01	-1.0927209	-5.48663	-0.1330853	79570_at
55891_at	6.36e-01	2.79e-01	-1.0927195	-5.48663	-0.10781135	55891_at
9955_at	6.36e-01	2.79e-01	-1.0926537	-5.48669	-0.1052633	9955_at
9372_at	6.36e-01	2.79e-01	-1.0926205	-5.48673	-0.10567373	9372_at
55607_at	6.37e-01	2.79e-01	1.092256	-5.4871	0.10311048	55607_at
9154_at	6.37e-01	2.79e-01	-1.0921869	-5.48717	-0.21703702	9154_at
80742_at	6.37e-01	2.79e-01	-1.0921402	-5.48722	-0.12355641	80742_at
8876_at	6.37e-01	2.79e-01	1.0919071	-5.48746	0.59654021	8876_at
22797_at	6.37e-01	2.79e-01	1.0915768	-5.4878	0.30839029	22797_at
939_at	6.37e-01	2.79e-01	1.0914425	-5.48794	0.20774942	939_at
8471_at	6.37e-01	2.80e-01	-1.0910786	-5.48831	-0.09372562	8471_at
10814_at	6.37e-01	2.80e-01	-1.0909579	-5.48844	-0.09168006	10814_at
25903_at	6.37e-01	2.80e-01	1.0909511	-5.48845	0.14769492	25903_at
22897_at	6.37e-01	2.80e-01	-1.0909407	-5.48846	-0.10462817	22897_at
221154_at	6.37e-01	2.80e-01	1.0906658	-5.48874	0.14500832	221154_at
1280_at	6.37e-01	2.80e-01	-1.0903231	-5.48909	-0.07614096	1280_at
3087_at	6.37e-01	2.80e-01	1.0900718	-5.48935	0.1743727	3087_at
28908_at	6.38e-01	2.80e-01	1.0898786	-5.48955	0.65566055	28908_at
57343_at	6.38e-01	2.80e-01	-1.0895132	-5.48992	-0.13590315	57343_at
9734_at	6.38e-01	2.80e-01	1.0894995	-5.48994	0.10528254	9734_at
3046_at	6.38e-01	2.80e-01	-1.0891974	-5.49025	-0.12954971	3046_at
5420_at	6.38e-01	2.80e-01	-1.089124	-5.49032	-0.54209903	5420_at
10434_at	6.38e-01	2.81e-01	-1.088847	-5.49061	-0.15919619	10434_at
7375_at	6.38e-01	2.81e-01	1.0886912	-5.49077	0.08408981	7375_at
390616_at	6.38e-01	2.81e-01	-1.0884701	-5.49099	-0.10421388	390616_at
55825_at	6.38e-01	2.81e-01	-1.0882708	-5.4912	-0.24265779	55825_at
4053_at	6.38e-01	2.81e-01	-1.0881508	-5.49132	-0.18558227	4053_at
9314_at	6.38e-01	2.81e-01	-1.0879931	-5.49148	-0.16693516	9314_at
8128_at	6.38e-01	2.81e-01	-1.0879758	-5.4915	-0.11012065	8128_at
29999_at	6.38e-01	2.81e-01	-1.0878212	-5.49166	-0.13170729	29999_at
9399_at	6.38e-01	2.81e-01	1.0874705	-5.49202	0.08965304	9399_at
51809_at	6.39e-01	2.82e-01	1.0864369	-5.49308	0.35871424	51809_at
8622_at	6.39e-01	2.82e-01	-1.0863934	-5.49312	-0.11478634	8622_at
10461_at	6.39e-01	2.82e-01	-1.086222	-5.4933	-0.13815228	10461_at
8559_at	6.39e-01	2.82e-01	1.0861697	-5.49335	0.16274046	8559_at
11043_at	6.39e-01	2.82e-01	-1.0861433	-5.49338	-0.0914819	11043_at
5630_at	6.40e-01	2.82e-01	-1.0854437	-5.49409	-0.14973277	5630_at
6403_at	6.40e-01	2.82e-01	1.0851581	-5.49438	0.211802	6403_at
22829_at	6.40e-01	2.82e-01	-1.0848684	-5.49468	-0.11727932	22829_at
813_at	6.40e-01	2.82e-01	1.0846362	-5.49492	0.10833459	813_at
7226_at	6.40e-01	2.83e-01	-1.0845187	-5.49504	-0.12668083	7226_at
5686_at	6.40e-01	2.83e-01	1.0844841	-5.49507	0.15863163	5686_at
6573_at	6.40e-01	2.83e-01	-1.0843723	-5.49519	-0.07548873	6573_at
9407_at	6.40e-01	2.83e-01	-1.0843089	-5.49525	-0.17539968	9407_at
6829_at	6.40e-01	2.83e-01	-1.0839802	-5.49559	-0.10796923	6829_at
2196_at	6.40e-01	2.83e-01	-1.0838457	-5.49573	-0.11273502	2196_at
25818_at	6.40e-01	2.83e-01	-1.0838318	-5.49574	-0.12934437	25818_at
53373_at	6.40e-01	2.83e-01	-1.0838235	-5.49575	-0.19957129	53373_at
5660_at	6.40e-01	2.83e-01	1.0835939	-5.49598	0.1113594	5660_at
90861_at	6.40e-01	2.83e-01	1.0835345	-5.49604	0.13204182	90861_at
725_at	6.40e-01	2.83e-01	-1.0834987	-5.49608	-0.12381375	725_at
81792_at	6.40e-01	2.83e-01	-1.0833644	-5.49622	-0.1103001	81792_at
80144_at	6.40e-01	2.83e-01	-1.0831939	-5.49639	-0.15609269	80144_at
7476_at	6.40e-01	2.83e-01	-1.0831309	-5.49645	-0.12330791	7476_at
27314_at	6.40e-01	2.83e-01	-1.0830171	-5.49657	-0.12728086	27314_at
2260_at	6.40e-01	2.83e-01	-1.0829402	-5.49665	-0.09845266	2260_at
3674_at	6.40e-01	2.83e-01	-1.0826505	-5.49695	-0.09721928	3674_at
64418_at	6.40e-01	2.83e-01	-1.0824853	-5.49711	-0.13394636	64418_at
23243_at	6.40e-01	2.83e-01	-1.082325	-5.49728	-0.11261938	23243_at
1837_at	6.40e-01	2.84e-01	-1.0820575	-5.49755	-0.06983739	1837_at
56033_at	6.40e-01	2.84e-01	-1.0820318	-5.49758	-0.10686928	56033_at
2120_at	6.40e-01	2.84e-01	-1.0817918	-5.49782	-0.10572724	2120_at
27243_at	6.40e-01	2.84e-01	1.0816382	-5.49798	0.11570116	27243_at
6722_at	6.40e-01	2.84e-01	-1.0815875	-5.49803	-0.08602091	6722_at
9758_at	6.40e-01	2.84e-01	-1.0815503	-5.49807	-0.11016018	9758_at
10059_at	6.40e-01	2.84e-01	1.0812784	-5.49834	0.15225033	10059_at
6336_at	6.41e-01	2.84e-01	-1.0805596	-5.49908	-0.12162218	6336_at
25994_at	6.41e-01	2.84e-01	-1.0804903	-5.49915	-0.11361275	25994_at
9826_at	6.41e-01	2.85e-01	-1.0799105	-5.49974	-0.07710937	9826_at
51294_at	6.41e-01	2.85e-01	1.0798792	-5.49977	0.1414964	51294_at
309_at	6.41e-01	2.85e-01	1.0798346	-5.49981	0.17298665	309_at
79173_at	6.41e-01	2.85e-01	-1.0795781	-5.50008	-0.12057952	79173_at
1894_at	6.41e-01	2.85e-01	1.0795708	-5.50008	0.1764111	1894_at
6618_at	6.41e-01	2.85e-01	-1.0794948	-5.50016	-0.10403974	6618_at
65997_at	6.41e-01	2.85e-01	-1.0794717	-5.50018	-0.23112016	65997_at
26121_at	6.41e-01	2.85e-01	1.0794242	-5.50023	0.12101143	26121_at
27324_at	6.41e-01	2.85e-01	-1.0791582	-5.5005	-0.20283847	27324_at
1053_at	6.41e-01	2.85e-01	-1.0790715	-5.50059	-0.11560156	1053_at
65220_at	6.41e-01	2.85e-01	-1.0788981	-5.50077	-0.09313004	65220_at
79930_at	6.41e-01	2.85e-01	-1.0786923	-5.50098	-0.12360186	79930_at
6944_at	6.41e-01	2.85e-01	1.0786655	-5.501	0.10225876	6944_at
773_at	6.41e-01	2.85e-01	-1.0785965	-5.50107	-0.09304903	773_at
3977_at	6.42e-01	2.85e-01	-1.0779825	-5.5017	-0.12895897	3977_at
11086_at	6.42e-01	2.85e-01	-1.0779122	-5.50177	-0.10070344	11086_at
124565_at	6.42e-01	2.86e-01	-1.0775704	-5.50212	-0.15813494	124565_at
27112_at	6.42e-01	2.86e-01	-1.0774306	-5.50226	-0.12003708	27112_at
10254_at	6.42e-01	2.86e-01	1.0773963	-5.50229	0.08674889	10254_at
785_at	6.42e-01	2.86e-01	-1.0773093	-5.50238	-0.14097134	785_at
56672_at	6.42e-01	2.86e-01	1.0771031	-5.50259	0.12495307	56672_at
6335_at	6.43e-01	2.86e-01	-1.0761298	-5.50358	-0.10140621	6335_at
23164_at	6.43e-01	2.86e-01	-1.0759948	-5.50372	-0.1173231	23164_at
6253_at	6.43e-01	2.86e-01	-1.0759192	-5.50379	-0.08353517	6253_at
8459_at	6.43e-01	2.87e-01	-1.0752829	-5.50444	-0.16959421	8459_at
1622_at	6.43e-01	2.87e-01	1.0752115	-5.50451	0.16786682	1622_at
2294_at	6.43e-01	2.87e-01	-1.0751765	-5.50455	-0.12502283	2294_at
9768_at	6.43e-01	2.87e-01	1.074837	-5.50489	0.23942017	9768_at
22977_at	6.43e-01	2.87e-01	-1.0745625	-5.50517	-0.36286498	22977_at
63894_at	6.43e-01	2.87e-01	1.0745258	-5.5052	0.10169716	63894_at
2786_at	6.43e-01	2.87e-01	-1.0743855	-5.50535	-0.13014052	2786_at
1896_at	6.43e-01	2.87e-01	-1.074156	-5.50558	-0.08761481	1896_at
9971_at	6.43e-01	2.87e-01	1.0740959	-5.50564	0.21321783	9971_at
5990_at	6.44e-01	2.87e-01	-1.0735344	-5.50621	-0.11612506	5990_at
968_at	6.44e-01	2.87e-01	1.0733608	-5.50638	0.17742521	968_at
6698_at	6.44e-01	2.87e-01	-1.0733017	-5.50644	-0.09469527	6698_at
2021_at	6.44e-01	2.88e-01	-1.073013	-5.50674	-0.21749206	2021_at
22863_at	6.44e-01	2.88e-01	1.0729995	-5.50675	0.11617519	22863_at
26050_at	6.44e-01	2.88e-01	-1.0728945	-5.50686	-0.10304334	26050_at
6489_at	6.44e-01	2.88e-01	-1.0728475	-5.5069	-0.07487994	6489_at
4360_at	6.44e-01	2.88e-01	1.0728205	-5.50693	0.54256434	4360_at
1952_at	6.44e-01	2.88e-01	-1.0723558	-5.5074	-0.11035072	1952_at
54758_at	6.45e-01	2.88e-01	-1.0712981	-5.50847	-0.13576706	54758_at
8165_at	6.45e-01	2.88e-01	-1.071069	-5.5087	-0.09268945	8165_at
3811_at	6.45e-01	2.89e-01	-1.07077	-5.509	-0.10333351	3811_at
11013_at	6.45e-01	2.89e-01	1.0707499	-5.50902	0.21094533	11013_at
5545_at	6.45e-01	2.89e-01	-1.0705284	-5.50925	-0.1113203	5545_at
28815_at	6.45e-01	2.89e-01	1.0705096	-5.50927	0.64159511	28815_at
1634_at	6.45e-01	2.89e-01	1.0703962	-5.50938	0.48540213	1634_at
6041_at	6.45e-01	2.89e-01	1.0701377	-5.50964	0.1445874	6041_at
10625_at	6.45e-01	2.89e-01	-1.0699968	-5.50978	-0.20830301	10625_at
22891_at	6.45e-01	2.89e-01	-1.06996	-5.50982	-0.13409979	22891_at
54499_at	6.45e-01	2.89e-01	1.0697386	-5.51004	0.09168771	54499_at
5348_at	6.45e-01	2.89e-01	1.0696213	-5.51016	0.28213621	5348_at
6366_at	6.45e-01	2.89e-01	1.0693988	-5.51039	0.31706029	6366_at
23421_at	6.45e-01	2.89e-01	1.0692001	-5.51059	0.34779918	23421_at
819_at	6.45e-01	2.89e-01	1.069066	-5.51072	0.13154432	819_at
7773_at	6.45e-01	2.89e-01	-1.0690331	-5.51075	-0.12162985	7773_at
80194_at	6.45e-01	2.89e-01	1.0689954	-5.51079	0.12325177	80194_at
3425_at	6.45e-01	2.89e-01	1.0689105	-5.51088	0.10082967	3425_at
91754_at	6.45e-01	2.89e-01	1.0688518	-5.51094	0.07938414	91754_at
1756_at	6.45e-01	2.89e-01	-1.0687642	-5.51103	-0.08457529	1756_at
63970_at	6.45e-01	2.89e-01	-1.0687615	-5.51103	-0.07230664	63970_at
6916_at	6.45e-01	2.90e-01	1.0687447	-5.51104	0.16586698	6916_at
4647_at	6.45e-01	2.90e-01	-1.0686685	-5.51112	-0.13436066	4647_at
7559_at	6.45e-01	2.90e-01	1.0685235	-5.51127	0.13321831	7559_at
9833_at	6.45e-01	2.90e-01	1.0684447	-5.51135	0.17205021	9833_at
7090_at	6.45e-01	2.90e-01	1.0684108	-5.51138	0.07782061	7090_at
5052_at	6.45e-01	2.90e-01	1.0679859	-5.51181	0.13068884	5052_at
80833_at	6.45e-01	2.90e-01	1.0675778	-5.51222	0.13979467	80833_at
55701_at	6.45e-01	2.90e-01	1.0675342	-5.51226	0.17778764	55701_at
28825_at	6.45e-01	2.90e-01	1.0672124	-5.51259	0.50092703	28825_at
25900_at	6.45e-01	2.90e-01	1.0671134	-5.51269	0.1046754	25900_at
27159_at	6.45e-01	2.90e-01	-1.0670855	-5.51272	-0.11234578	27159_at
3916_at	6.45e-01	2.90e-01	1.0668616	-5.51294	0.1160091	3916_at
10479_at	6.46e-01	2.91e-01	1.0663804	-5.51342	0.11266029	10479_at
63893_at	6.46e-01	2.91e-01	-1.0661813	-5.51363	-0.12510653	63893_at
23593_at	6.46e-01	2.91e-01	-1.0659708	-5.51384	-0.13238987	23593_at
6853_at	6.46e-01	2.91e-01	-1.0656307	-5.51418	-0.13270649	6853_at
23154_at	6.46e-01	2.91e-01	-1.0654833	-5.51433	-0.09051004	23154_at
51031_at	6.46e-01	2.91e-01	1.065189	-5.51462	0.15501237	51031_at
51161_at	6.46e-01	2.91e-01	-1.0648641	-5.51495	-0.15342051	51161_at
9070_at	6.46e-01	2.91e-01	1.0648543	-5.51496	0.0963557	9070_at
1389_at	6.46e-01	2.91e-01	-1.064786	-5.51503	-0.11290664	1389_at
64759_at	6.46e-01	2.91e-01	1.0647716	-5.51504	0.14252928	64759_at
23102_at	6.46e-01	2.91e-01	1.0644213	-5.51539	0.29242382	23102_at
10438_at	6.46e-01	2.92e-01	-1.0642767	-5.51554	-0.25885082	10438_at
5332_at	6.46e-01	2.92e-01	1.064256	-5.51556	0.21330509	5332_at
50807_at	6.46e-01	2.92e-01	-1.0641036	-5.51571	-0.11842413	50807_at
57152_at	6.46e-01	2.92e-01	-1.0640996	-5.51572	-0.10514551	57152_at
5493_at	6.46e-01	2.92e-01	1.0639261	-5.51589	0.24713132	5493_at
6432_at	6.46e-01	2.92e-01	1.0638845	-5.51593	0.17091226	6432_at
6013_at	6.46e-01	2.92e-01	-1.0638236	-5.51599	-0.12645274	6013_at
6879_at	6.46e-01	2.92e-01	1.0637449	-5.51607	0.15506125	6879_at
55796_at	6.46e-01	2.92e-01	-1.0634876	-5.51633	-0.11189186	55796_at
266977_at	6.46e-01	2.92e-01	-1.0633958	-5.51642	-0.11297237	266977_at
8994_at	6.47e-01	2.92e-01	-1.0632114	-5.51661	-0.12607583	8994_at
51282_at	6.47e-01	2.92e-01	1.0626711	-5.51715	0.12848346	51282_at
50837_at	6.47e-01	2.92e-01	-1.062525	-5.51729	-0.08422699	50837_at
28955_at	6.47e-01	2.92e-01	-1.0625249	-5.5173	-0.16461605	28955_at
3918_at	6.47e-01	2.92e-01	1.0620889	-5.51773	0.09262135	3918_at
7634_at	6.47e-01	2.93e-01	-1.0619142	-5.51791	-0.06504171	7634_at
2911_at	6.47e-01	2.93e-01	-1.0617861	-5.51804	-0.07161758	2911_at
9056_at	6.47e-01	2.93e-01	-1.0617476	-5.51807	-0.38409917	9056_at
4868_at	6.47e-01	2.93e-01	-1.0616917	-5.51813	-0.17994808	4868_at
8643_at	6.47e-01	2.93e-01	-1.0615612	-5.51826	-0.12088146	8643_at
11016_at	6.47e-01	2.93e-01	-1.0615462	-5.51828	-0.09735439	11016_at
55862_at	6.47e-01	2.93e-01	-1.0615229	-5.5183	-0.18498276	55862_at
8424_at	6.47e-01	2.93e-01	1.0614289	-5.51839	0.26408032	8424_at
54_at	6.47e-01	2.93e-01	1.0613983	-5.51842	0.31738585	54_at
28680_at	6.47e-01	2.93e-01	-1.0612876	-5.51853	-0.10648057	28680_at
3754_at	6.47e-01	2.93e-01	-1.0612104	-5.51861	-0.127532	3754_at
2303_at	6.47e-01	2.93e-01	-1.0610424	-5.51878	-0.12240162	2303_at
7056_at	6.47e-01	2.93e-01	-1.0608154	-5.51901	-0.14747871	7056_at
3356_at	6.47e-01	2.93e-01	-1.0607414	-5.51908	-0.09841122	3356_at
92483_at	6.47e-01	2.93e-01	-1.0606827	-5.51914	-0.09001685	92483_at
64131_at	6.47e-01	2.93e-01	-1.0606533	-5.51917	-0.10903745	64131_at
29034_at	6.47e-01	2.93e-01	-1.0605932	-5.51923	-0.0908623	29034_at
79154_at	6.47e-01	2.93e-01	-1.0605527	-5.51927	-0.20587901	79154_at
115708_at	6.47e-01	2.93e-01	-1.0604251	-5.5194	-0.07793516	115708_at
56910_at	6.47e-01	2.93e-01	-1.0603181	-5.5195	-0.10135523	56910_at
445_at	6.47e-01	2.93e-01	-1.0600419	-5.51978	-0.36786634	445_at
29124_at	6.47e-01	2.94e-01	-1.0598117	-5.52001	-0.11499183	29124_at
3765_at	6.47e-01	2.94e-01	-1.0596185	-5.5202	-0.08952766	3765_at
54877_at	6.47e-01	2.94e-01	-1.0595462	-5.52028	-0.14794699	54877_at
284021_at	6.47e-01	2.94e-01	1.0592531	-5.52057	0.12635938	284021_at
54543_at	6.47e-01	2.94e-01	-1.0591584	-5.52066	-0.12422843	54543_at
5912_at	6.47e-01	2.94e-01	1.0590539	-5.52077	0.1427042	5912_at
4833_at	6.47e-01	2.94e-01	-1.0590461	-5.52078	-0.1167901	4833_at
51056_at	6.47e-01	2.94e-01	1.0589479	-5.52087	0.18519404	51056_at
2188_at	6.47e-01	2.94e-01	1.0589407	-5.52088	0.11680253	2188_at
3026_at	6.47e-01	2.94e-01	1.0589323	-5.52089	0.45165965	3026_at
8497_at	6.47e-01	2.94e-01	-1.0587451	-5.52108	-0.10953104	8497_at
361_at	6.47e-01	2.94e-01	-1.0585129	-5.52131	-0.06083015	361_at
23130_at	6.47e-01	2.94e-01	1.0584336	-5.52139	0.10917345	23130_at
4036_at	6.47e-01	2.94e-01	1.0583457	-5.52147	0.27242885	4036_at
2251_at	6.47e-01	2.94e-01	-1.0582642	-5.52156	-0.10830294	2251_at
83448_at	6.47e-01	2.94e-01	-1.0582353	-5.52158	-0.12151427	83448_at
1068_at	6.47e-01	2.94e-01	-1.0581971	-5.52162	-0.11894885	1068_at
116984_at	6.47e-01	2.94e-01	1.0579671	-5.52185	0.16472593	116984_at
4085_at	6.47e-01	2.94e-01	1.0577991	-5.52202	0.15717324	4085_at
63826_at	6.47e-01	2.95e-01	1.0575625	-5.52226	0.12189442	63826_at
1759_at	6.47e-01	2.95e-01	-1.0574102	-5.52241	-0.15741725	1759_at
4486_at	6.47e-01	2.95e-01	-1.0569485	-5.52287	-0.12986956	4486_at
36_at	6.47e-01	2.95e-01	-1.0568485	-5.52297	-0.3112327	36_at
4832_at	6.47e-01	2.95e-01	1.0567044	-5.52311	0.1216929	4832_at
22916_at	6.47e-01	2.95e-01	1.0563655	-5.52345	0.11358013	22916_at
6787_at	6.47e-01	2.95e-01	-1.0563475	-5.52347	-0.16119408	6787_at
11130_at	6.47e-01	2.95e-01	-1.0561001	-5.52371	-0.25834216	11130_at
27074_at	6.48e-01	2.95e-01	1.0558494	-5.52396	0.2693408	27074_at
5326_at	6.48e-01	2.95e-01	-1.0557384	-5.52407	-0.106783	5326_at
8897_at	6.48e-01	2.96e-01	1.0553974	-5.52441	0.06508603	8897_at
114897_at	6.48e-01	2.96e-01	-1.0550748	-5.52474	-0.12309827	114897_at
7156_at	6.48e-01	2.96e-01	-1.0550497	-5.52476	-0.07698361	7156_at
189_at	6.48e-01	2.96e-01	-1.0549385	-5.52487	-0.63608456	189_at
84561_at	6.48e-01	2.96e-01	-1.0549349	-5.52487	-0.13470457	84561_at
150244_at	6.48e-01	2.96e-01	-1.05488	-5.52493	-0.19166135	150244_at
10425_at	6.48e-01	2.96e-01	-1.0548789	-5.52493	-0.05861616	10425_at
23460_at	6.48e-01	2.96e-01	-1.0548282	-5.52498	-0.11721466	23460_at
25763_at	6.48e-01	2.96e-01	-1.0546572	-5.52515	-0.13198917	25763_at
2169_at	6.48e-01	2.96e-01	-1.0543242	-5.52548	-0.11256904	2169_at
6936_at	6.48e-01	2.96e-01	-1.0542878	-5.52552	-0.08701921	6936_at
64848_at	6.48e-01	2.96e-01	-1.0539133	-5.52589	-0.08337311	64848_at
23363_at	6.48e-01	2.96e-01	1.0538554	-5.52595	0.08660014	23363_at
9156_at	6.48e-01	2.96e-01	-1.0536408	-5.52616	-0.11712084	9156_at
81847_at	6.48e-01	2.96e-01	1.0534757	-5.52633	0.15759362	81847_at
23143_at	6.48e-01	2.96e-01	-1.0534029	-5.5264	-0.08063397	23143_at
64760_at	6.48e-01	2.96e-01	1.0533792	-5.52642	0.1086871	64760_at
2846_at	6.48e-01	2.96e-01	-1.053279	-5.52652	-0.06450238	2846_at
51186_at	6.48e-01	2.96e-01	1.0532406	-5.52656	0.17054342	51186_at
100507605_at	6.48e-01	2.97e-01	1.0530448	-5.52675	0.06576495	100507605_at
64342_at	6.48e-01	2.97e-01	1.0529645	-5.52683	0.11980699	64342_at
2288_at	6.48e-01	2.97e-01	-1.052954	-5.52684	-0.11580581	2288_at
27000_at	6.48e-01	2.97e-01	1.0529403	-5.52686	0.14436563	27000_at
59344_at	6.48e-01	2.97e-01	-1.0527718	-5.52702	-0.10057365	59344_at
11096_at	6.48e-01	2.97e-01	1.0522663	-5.52753	0.23220925	11096_at
3485_at	6.48e-01	2.97e-01	1.051917	-5.52787	0.24699452	3485_at
91752_at	6.48e-01	2.97e-01	-1.0518138	-5.52798	-0.09013001	91752_at
54916_at	6.48e-01	2.97e-01	1.0517752	-5.52801	0.14576105	54916_at
54707_at	6.49e-01	2.98e-01	1.0509863	-5.5288	0.12073742	54707_at
51020_at	6.49e-01	2.98e-01	-1.050668	-5.52911	-0.15303792	51020_at
28727_at	6.49e-01	2.98e-01	-1.0506262	-5.52915	-0.16993966	28727_at
9927_at	6.49e-01	2.98e-01	-1.0504293	-5.52935	-0.09253723	9927_at
4756_at	6.49e-01	2.98e-01	-1.0502697	-5.52951	-0.14123335	4756_at
2703_at	6.49e-01	2.98e-01	-1.050191	-5.52959	-0.12387753	2703_at
117246_at	6.49e-01	2.98e-01	1.0499854	-5.52979	0.11407644	117246_at
8614_at	6.49e-01	2.98e-01	-1.0498257	-5.52995	-0.16603395	8614_at
3018_at	6.49e-01	2.98e-01	-1.0497424	-5.53003	-0.06202302	3018_at
10946_at	6.49e-01	2.98e-01	1.0496954	-5.53008	0.12418566	10946_at
161291_at	6.49e-01	2.98e-01	-1.0494158	-5.53035	-0.26995429	161291_at
8492_at	6.49e-01	2.98e-01	-1.0493422	-5.53043	-0.09135683	8492_at
5684_at	6.49e-01	2.98e-01	1.0492344	-5.53053	0.12595814	5684_at
54784_at	6.50e-01	2.99e-01	-1.0480849	-5.53167	-0.10863515	54784_at
83460_at	6.50e-01	2.99e-01	-1.0476835	-5.53207	-0.10911529	83460_at
4288_at	6.50e-01	2.99e-01	-1.0476467	-5.5321	-0.0961544	4288_at
9617_at	6.50e-01	2.99e-01	1.0474354	-5.53231	0.13251113	9617_at
4326_at	6.50e-01	2.99e-01	-1.0473636	-5.53238	-0.1170421	4326_at
54715_at	6.50e-01	2.99e-01	-1.047195	-5.53255	-0.11384753	54715_at
26278_at	6.50e-01	2.99e-01	1.0471394	-5.5326	0.20827182	26278_at
23704_at	6.50e-01	2.99e-01	-1.0471183	-5.53263	-0.08226118	23704_at
7593_at	6.51e-01	2.99e-01	1.0467939	-5.53295	0.07454168	7593_at
60682_at	6.51e-01	3.00e-01	1.0466028	-5.53313	0.15835148	60682_at
9843_at	6.51e-01	3.00e-01	1.0463048	-5.53343	0.22023129	9843_at
9074_at	6.51e-01	3.00e-01	-1.0462831	-5.53345	-0.13874133	9074_at
2063_at	6.51e-01	3.00e-01	-1.0461955	-5.53354	-0.11379548	2063_at
128553_at	6.51e-01	3.00e-01	-1.045736	-5.53399	-0.11541939	128553_at
26184_at	6.51e-01	3.00e-01	-1.045418	-5.5343	-0.09701076	26184_at
9215_at	6.51e-01	3.00e-01	-1.0453728	-5.53435	-0.06691918	9215_at
64431_at	6.51e-01	3.00e-01	1.0450463	-5.53467	0.18436603	64431_at
5325_at	6.52e-01	3.00e-01	1.0446782	-5.53503	0.11544011	5325_at
3744_at	6.52e-01	3.01e-01	-1.0443716	-5.53534	-0.11841623	3744_at
51510_at	6.52e-01	3.01e-01	-1.0439339	-5.53577	-0.16254682	51510_at
4712_at	6.52e-01	3.01e-01	1.0438015	-5.5359	0.1017218	4712_at
1824_at	6.52e-01	3.01e-01	1.0436413	-5.53606	0.09130212	1824_at
10200_at	6.52e-01	3.01e-01	1.0432532	-5.53644	0.13055004	10200_at
181_at	6.52e-01	3.01e-01	-1.0432309	-5.53646	-0.11982072	181_at
55321_at	6.52e-01	3.01e-01	-1.043103	-5.53659	-0.1194473	55321_at
996_at	6.52e-01	3.01e-01	1.0430975	-5.53659	0.08684838	996_at
1553_at	6.52e-01	3.01e-01	-1.0427151	-5.53697	-0.15152402	1553_at
10009_at	6.52e-01	3.01e-01	-1.0426388	-5.53704	-0.09311627	10009_at
3680_at	6.52e-01	3.01e-01	-1.0425161	-5.53716	-0.13078566	3680_at
79745_at	6.52e-01	3.01e-01	-1.0423831	-5.53729	-0.10956535	79745_at
780_at	6.52e-01	3.01e-01	1.0422897	-5.53739	0.20097579	780_at
9891_at	6.52e-01	3.02e-01	1.0422055	-5.53747	0.21560641	9891_at
56656_at	6.52e-01	3.02e-01	-1.0421494	-5.53752	-0.11762984	56656_at
5605_at	6.52e-01	3.02e-01	1.0421028	-5.53757	0.10994833	5605_at
221092_at	6.52e-01	3.02e-01	-1.0420879	-5.53758	-0.15021419	221092_at
2530_at	6.52e-01	3.02e-01	1.0417019	-5.53796	0.1713896	2530_at
79727_at	6.52e-01	3.02e-01	-1.0415709	-5.53809	-0.18873739	79727_at
7004_at	6.52e-01	3.02e-01	1.0414303	-5.53823	0.16819739	7004_at
55293_at	6.52e-01	3.02e-01	1.0414158	-5.53824	0.12503407	55293_at
7127_at	6.52e-01	3.02e-01	1.0412929	-5.53837	0.16251224	7127_at
23635_at	6.52e-01	3.02e-01	1.0412625	-5.5384	0.14097647	23635_at
3776_at	6.52e-01	3.02e-01	-1.0411046	-5.53855	-0.1056138	3776_at
81875_at	6.52e-01	3.02e-01	1.0410809	-5.53857	0.10245947	81875_at
79628_at	6.52e-01	3.02e-01	-1.0408397	-5.53881	-0.08639078	79628_at
4759_at	6.52e-01	3.02e-01	-1.040753	-5.5389	-0.09253772	4759_at
27238_at	6.52e-01	3.02e-01	1.0406821	-5.53897	0.11707003	27238_at
23333_at	6.52e-01	3.02e-01	1.0401892	-5.53945	0.16802171	23333_at
5552_at	6.52e-01	3.03e-01	1.0401034	-5.53953	0.56973374	5552_at
23624_at	6.52e-01	3.03e-01	1.0400218	-5.53961	0.09409483	23624_at
51668_at	6.52e-01	3.03e-01	1.0398191	-5.53981	0.10237445	51668_at
55175_at	6.52e-01	3.03e-01	-1.0393054	-5.54032	-0.11779483	55175_at
79912_at	6.52e-01	3.03e-01	-1.0391001	-5.54052	-0.24044905	79912_at
2012_at	6.52e-01	3.03e-01	-1.0390843	-5.54053	-0.43397686	2012_at
51663_at	6.52e-01	3.03e-01	1.0389998	-5.54062	0.07394777	51663_at
25774_at	6.52e-01	3.03e-01	-1.0389935	-5.54062	-0.16385276	25774_at
1891_at	6.52e-01	3.03e-01	-1.0388641	-5.54075	-0.13962721	1891_at
3799_at	6.52e-01	3.03e-01	-1.038807	-5.54081	-0.12846911	3799_at
79630_at	6.52e-01	3.03e-01	1.0387484	-5.54086	0.29360294	79630_at
10039_at	6.52e-01	3.03e-01	1.0386909	-5.54092	0.11138877	10039_at
1373_at	6.52e-01	3.03e-01	-1.0384872	-5.54112	-0.09907198	1373_at
22874_at	6.52e-01	3.03e-01	-1.038404	-5.5412	-0.14819501	22874_at
9794_at	6.52e-01	3.03e-01	1.0382377	-5.54136	0.10884764	9794_at
7366_at	6.52e-01	3.03e-01	-1.0381489	-5.54145	-0.11357599	7366_at
9473_at	6.52e-01	3.03e-01	1.0380826	-5.54152	0.23526768	9473_at
2532_at	6.52e-01	3.03e-01	1.038082	-5.54152	0.42759881	2532_at
23078_at	6.52e-01	3.03e-01	-1.0380533	-5.54154	-0.1708055	23078_at
63934_at	6.52e-01	3.03e-01	1.0380177	-5.54158	0.08897989	63934_at
3908_at	6.52e-01	3.03e-01	1.0380137	-5.54158	0.12131115	3908_at
1616_at	6.53e-01	3.04e-01	1.0376114	-5.54198	0.09854687	1616_at
81887_at	6.53e-01	3.04e-01	-1.0373405	-5.54224	-0.09769796	81887_at
55187_at	6.53e-01	3.04e-01	-1.0372004	-5.54238	-0.09012284	55187_at
81544_at	6.53e-01	3.04e-01	-1.0371714	-5.54241	-0.10646627	81544_at
57834_at	6.53e-01	3.04e-01	1.0371549	-5.54242	0.39520537	57834_at
84296_at	6.53e-01	3.04e-01	-1.0367908	-5.54278	-0.09503917	84296_at
1907_at	6.53e-01	3.04e-01	1.0367587	-5.54281	0.11916752	1907_at
55288_at	6.53e-01	3.04e-01	1.0367359	-5.54283	0.11222939	55288_at
18_at	6.53e-01	3.04e-01	-1.0364062	-5.54316	-0.3269192	18_at
3090_at	6.53e-01	3.04e-01	-1.0363765	-5.54319	-0.08144229	3090_at
25805_at	6.53e-01	3.04e-01	1.0362679	-5.54329	0.25925979	25805_at
10257_at	6.53e-01	3.04e-01	1.0361635	-5.54339	0.17223144	10257_at
2241_at	6.53e-01	3.04e-01	-1.036152	-5.54341	-0.09989784	2241_at
49860_at	6.53e-01	3.05e-01	-1.0357348	-5.54381	-0.1254306	49860_at
64772_at	6.53e-01	3.05e-01	-1.0356789	-5.54387	-0.08431617	64772_at
26504_at	6.53e-01	3.05e-01	-1.0356267	-5.54392	-0.09486165	26504_at
83481_at	6.53e-01	3.05e-01	-1.0354972	-5.54405	-0.2353288	83481_at
55254_at	6.53e-01	3.05e-01	-1.0354854	-5.54406	-0.1025815	55254_at
65108_at	6.53e-01	3.05e-01	1.0351941	-5.54434	0.30827524	65108_at
80342_at	6.53e-01	3.05e-01	1.0350312	-5.5445	0.16949217	80342_at
221443_at	6.53e-01	3.05e-01	1.0345258	-5.545	0.17648695	221443_at
128872_at	6.53e-01	3.05e-01	-1.0345051	-5.54502	-0.14281634	128872_at
8525_at	6.53e-01	3.05e-01	1.0344875	-5.54503	0.23202747	8525_at
23061_at	6.53e-01	3.05e-01	-1.0344239	-5.54509	-0.07068824	23061_at
191_at	6.53e-01	3.05e-01	-1.0342237	-5.54529	-0.27024003	191_at
3777_at	6.53e-01	3.05e-01	-1.0340781	-5.54543	-0.10079606	3777_at
11201_at	6.53e-01	3.05e-01	1.0339751	-5.54553	0.17030088	11201_at
3111_at	6.53e-01	3.06e-01	-1.0335268	-5.54597	-0.09211219	3111_at
199870_at	6.53e-01	3.06e-01	-1.0335266	-5.54597	-0.11190244	199870_at
66035_at	6.53e-01	3.06e-01	1.0335237	-5.54597	0.14023645	66035_at
64777_at	6.54e-01	3.06e-01	1.033267	-5.54622	0.09947872	64777_at
10612_at	6.54e-01	3.06e-01	-1.0331845	-5.5463	-0.06783986	10612_at
1521_at	6.54e-01	3.06e-01	-1.0328126	-5.54667	-0.12544237	1521_at
101929550_at	6.54e-01	3.06e-01	-1.032806	-5.54667	-0.13124059	101929550_at
8534_at	6.54e-01	3.06e-01	-1.0325963	-5.54688	-0.09079095	8534_at
2618_at	6.54e-01	3.06e-01	1.0323571	-5.54711	0.07191544	2618_at
29982_at	6.54e-01	3.06e-01	1.0320022	-5.54746	0.1490732	29982_at
925_at	6.54e-01	3.06e-01	-1.0317827	-5.54767	-0.18093648	925_at
10090_at	6.54e-01	3.06e-01	-1.0315491	-5.5479	-0.10085111	10090_at
54584_at	6.54e-01	3.07e-01	1.031345	-5.5481	0.09449996	54584_at
1201_at	6.54e-01	3.07e-01	1.0311806	-5.54826	0.12278344	1201_at
26253_at	6.55e-01	3.07e-01	-1.0309268	-5.5485	-0.1608758	26253_at
9129_at	6.55e-01	3.07e-01	1.0308033	-5.54862	0.12739016	9129_at
100505650_at	6.55e-01	3.07e-01	1.0305083	-5.54891	0.38948424	100505650_at
79411_at	6.55e-01	3.07e-01	1.0304815	-5.54894	0.1630011	79411_at
10100_at	6.55e-01	3.07e-01	-1.0302977	-5.54912	-0.08564073	10100_at
23542_at	6.55e-01	3.07e-01	-1.0302856	-5.54913	-0.10934634	23542_at
27087_at	6.55e-01	3.07e-01	-1.030032	-5.54938	-0.18227335	27087_at
10159_at	6.55e-01	3.07e-01	-1.0298073	-5.54959	-0.14023396	10159_at
100272147_at	6.55e-01	3.08e-01	-1.0292053	-5.55018	-0.11875967	100272147_at
2567_at	6.55e-01	3.08e-01	-1.0289749	-5.5504	-0.07899299	2567_at
5715_at	6.56e-01	3.08e-01	-1.0287592	-5.55061	-0.09297358	5715_at
79873_at	6.56e-01	3.08e-01	1.0281779	-5.55118	0.11114661	79873_at
3568_at	6.56e-01	3.08e-01	-1.0280029	-5.55135	-0.06183056	3568_at
146909_at	6.56e-01	3.08e-01	-1.0279217	-5.55143	-0.11863838	146909_at
10155_at	6.56e-01	3.08e-01	1.0277522	-5.55159	0.12661277	10155_at
79623_at	6.56e-01	3.08e-01	1.0276859	-5.55165	0.1621445	79623_at
6932_at	6.56e-01	3.08e-01	-1.0274118	-5.55192	-0.10072356	6932_at
79038_at	6.56e-01	3.09e-01	1.0269975	-5.55232	0.13946915	79038_at
55847_at	6.56e-01	3.09e-01	1.026912	-5.5524	0.13300762	55847_at
23385_at	6.56e-01	3.09e-01	1.0268827	-5.55243	0.09162549	23385_at
4153_at	6.56e-01	3.09e-01	-1.0268246	-5.55249	-0.11009769	4153_at
1371_at	6.56e-01	3.09e-01	1.0267858	-5.55253	0.100851	1371_at
116_at	6.56e-01	3.09e-01	-1.0267583	-5.55255	-0.09622111	116_at
27175_at	6.56e-01	3.09e-01	-1.0266899	-5.55262	-0.17227583	27175_at
6999_at	6.56e-01	3.09e-01	1.0266257	-5.55268	0.29225927	6999_at
6309_at	6.56e-01	3.09e-01	-1.0265177	-5.55279	-0.11377146	6309_at
5498_at	6.56e-01	3.09e-01	1.0263866	-5.55291	0.12458546	5498_at
25972_at	6.56e-01	3.09e-01	1.0262863	-5.55301	0.1242927	25972_at
84444_at	6.56e-01	3.09e-01	-1.0258718	-5.55341	-0.13468872	84444_at
4298_at	6.56e-01	3.09e-01	1.0257219	-5.55356	0.08295083	4298_at
117153_at	6.56e-01	3.09e-01	-1.0256364	-5.55364	-0.10249246	117153_at
4336_at	6.56e-01	3.09e-01	-1.0254587	-5.55381	-0.08691457	4336_at
64866_at	6.56e-01	3.09e-01	1.0253632	-5.55391	0.12633828	64866_at
775_at	6.56e-01	3.09e-01	-1.0253049	-5.55396	-0.07466002	775_at
10825_at	6.56e-01	3.09e-01	-1.0252685	-5.554	-0.10790954	10825_at
1406_at	6.56e-01	3.09e-01	-1.0251466	-5.55412	-0.09664859	1406_at
51082_at	6.56e-01	3.10e-01	1.0250015	-5.55426	0.15632654	51082_at
5293_at	6.56e-01	3.10e-01	1.0249999	-5.55426	0.11280628	5293_at
26000_at	6.56e-01	3.10e-01	-1.0249787	-5.55428	-0.10924752	26000_at
1949_at	6.56e-01	3.10e-01	-1.0247258	-5.55452	-0.12273441	1949_at
5870_at	6.56e-01	3.10e-01	-1.0247148	-5.55453	-0.0810711	5870_at
79078_at	6.57e-01	3.10e-01	-1.0239269	-5.5553	-0.10950417	79078_at
51588_at	6.57e-01	3.10e-01	-1.0236343	-5.55558	-0.08991638	51588_at
100132476_at	6.57e-01	3.10e-01	-1.0235307	-5.55568	-0.06706432	100132476_at
10007_at	6.57e-01	3.10e-01	1.0234899	-5.55572	0.24510799	10007_at
80097_at	6.57e-01	3.10e-01	1.0234806	-5.55573	0.09749775	80097_at
6500_at	6.57e-01	3.10e-01	-1.0232836	-5.55592	-0.09970497	6500_at
54674_at	6.57e-01	3.10e-01	-1.0232033	-5.55599	-0.09012257	54674_at
9488_at	6.57e-01	3.10e-01	1.0230162	-5.55618	0.14302563	9488_at
54455_at	6.57e-01	3.11e-01	-1.02263	-5.55655	-0.06402668	54455_at
101929060_at	6.57e-01	3.11e-01	-1.0224499	-5.55672	-0.1196886	101929060_at
2941_at	6.57e-01	3.11e-01	1.0223182	-5.55685	0.11880437	2941_at
59307_at	6.57e-01	3.11e-01	1.0221874	-5.55698	0.29719589	59307_at
3827_at	6.58e-01	3.11e-01	-1.0214945	-5.55764	-0.39017499	3827_at
11009_at	6.58e-01	3.11e-01	-1.0214422	-5.5577	-0.11218982	11009_at
3628_at	6.58e-01	3.12e-01	1.0207011	-5.55841	0.15584875	3628_at
26285_at	6.58e-01	3.12e-01	-1.0204376	-5.55866	-0.12739201	26285_at
10726_at	6.58e-01	3.12e-01	1.0203871	-5.55871	0.10850126	10726_at
9044_at	6.58e-01	3.12e-01	-1.0203011	-5.5588	-0.17370704	9044_at
79029_at	6.58e-01	3.12e-01	1.0202318	-5.55886	0.12501587	79029_at
23070_at	6.58e-01	3.12e-01	1.0201061	-5.55898	0.0996719	23070_at
64844_at	6.58e-01	3.12e-01	-1.020075	-5.55901	-0.13479027	64844_at
3549_at	6.58e-01	3.12e-01	-1.01982	-5.55926	-0.11772964	3549_at
8737_at	6.59e-01	3.12e-01	1.019551	-5.55952	0.11541876	8737_at
51659_at	6.59e-01	3.12e-01	1.0194208	-5.55964	0.13976876	51659_at
80765_at	6.59e-01	3.12e-01	-1.0194103	-5.55965	-0.13647449	80765_at
10481_at	6.59e-01	3.12e-01	-1.019284	-5.55978	-0.08505924	10481_at
8590_at	6.59e-01	3.12e-01	-1.018773	-5.56027	-0.14136425	8590_at
23401_at	6.59e-01	3.12e-01	1.0186842	-5.56035	0.15012528	23401_at
4487_at	6.59e-01	3.12e-01	-1.0186494	-5.56039	-0.10877012	4487_at
2811_at	6.59e-01	3.13e-01	-1.018614	-5.56042	-0.11209327	2811_at
9088_at	6.59e-01	3.13e-01	-1.0185395	-5.56049	-0.12546167	9088_at
253190_at	6.59e-01	3.13e-01	-1.0183552	-5.56067	-0.15913514	253190_at
1027_at	6.59e-01	3.13e-01	1.0179919	-5.56102	0.17796078	1027_at
6368_at	6.59e-01	3.13e-01	1.0178708	-5.56114	0.10131263	6368_at
55670_at	6.59e-01	3.13e-01	-1.0174309	-5.56156	-0.12490764	55670_at
2039_at	6.59e-01	3.13e-01	-1.0173842	-5.5616	-0.12192994	2039_at
79368_at	6.59e-01	3.13e-01	-1.0173577	-5.56163	-0.11267063	79368_at
1360_at	6.59e-01	3.13e-01	-1.0173458	-5.56164	-0.12395346	1360_at
3017_at	6.60e-01	3.13e-01	1.0167437	-5.56222	0.26944047	3017_at
116039_at	6.60e-01	3.14e-01	-1.0165021	-5.56245	-0.09993371	116039_at
55559_at	6.60e-01	3.14e-01	-1.0162613	-5.56268	-0.31583491	55559_at
79924_at	6.60e-01	3.14e-01	-1.0161405	-5.5628	-0.12396166	79924_at
54938_at	6.60e-01	3.14e-01	-1.0157847	-5.56314	-0.1007232	54938_at
1612_at	6.61e-01	3.14e-01	-1.015084	-5.56381	-0.11400382	1612_at
27336_at	6.61e-01	3.14e-01	1.0149308	-5.56396	0.09925498	27336_at
7033_at	6.61e-01	3.14e-01	1.0148786	-5.56401	0.2223447	7033_at
23365_at	6.61e-01	3.14e-01	-1.0146217	-5.56425	-0.06876223	23365_at
51084_at	6.61e-01	3.14e-01	-1.0145992	-5.56428	-0.23696277	51084_at
9648_at	6.61e-01	3.14e-01	1.0144529	-5.56442	0.18429663	9648_at
50840_at	6.61e-01	3.15e-01	-1.0142521	-5.56461	-0.0937033	50840_at
6833_at	6.61e-01	3.15e-01	-1.0140026	-5.56485	-0.1285444	6833_at
409_at	6.61e-01	3.15e-01	-1.0138745	-5.56497	-0.12641631	409_at
22906_at	6.61e-01	3.15e-01	-1.0137757	-5.56506	-0.05942499	22906_at
85453_at	6.61e-01	3.15e-01	1.0136442	-5.56519	0.22236683	85453_at
10246_at	6.61e-01	3.15e-01	1.0134752	-5.56535	0.12318181	10246_at
5301_at	6.61e-01	3.15e-01	-1.0133576	-5.56547	-0.0894194	5301_at
7710_at	6.61e-01	3.15e-01	-1.0132782	-5.56554	-0.10316146	7710_at
11022_at	6.61e-01	3.15e-01	-1.0132571	-5.56556	-0.09082041	11022_at
1559_at	6.61e-01	3.15e-01	-1.01319	-5.56563	-0.15982947	1559_at
6405_at	6.61e-01	3.15e-01	-1.0131041	-5.56571	-0.08041587	6405_at
11081_at	6.61e-01	3.15e-01	1.0130079	-5.5658	0.07314567	11081_at
4624_at	6.61e-01	3.15e-01	1.0129295	-5.56587	0.0723303	4624_at
9208_at	6.61e-01	3.15e-01	1.0128514	-5.56595	0.20358251	9208_at
81892_at	6.61e-01	3.15e-01	1.0128514	-5.56595	0.13772342	81892_at
11177_at	6.61e-01	3.15e-01	1.0125191	-5.56627	0.15125431	11177_at
182_at	6.61e-01	3.16e-01	-1.0122399	-5.56653	-0.11441121	182_at
5595_at	6.61e-01	3.16e-01	-1.0122146	-5.56656	-0.09450291	5595_at
64180_at	6.61e-01	3.16e-01	-1.0121116	-5.56666	-0.1217527	64180_at
29994_at	6.61e-01	3.16e-01	1.0119718	-5.56679	0.15406809	29994_at
54622_at	6.61e-01	3.16e-01	-1.0117186	-5.56703	-0.127821	54622_at
1447_at	6.61e-01	3.16e-01	-1.0114334	-5.56731	-0.09918745	1447_at
6354_at	6.61e-01	3.16e-01	-1.0112886	-5.56744	-0.07506033	6354_at
54943_at	6.61e-01	3.16e-01	1.0112518	-5.56748	0.09299179	54943_at
5597_at	6.61e-01	3.16e-01	1.0109652	-5.56775	0.12210122	5597_at
8991_at	6.61e-01	3.16e-01	-1.0108226	-5.56789	-0.35137032	8991_at
9293_at	6.61e-01	3.16e-01	-1.0107029	-5.568	-0.14068254	9293_at
10647_at	6.61e-01	3.16e-01	1.0107015	-5.568	0.45419865	10647_at
342_at	6.61e-01	3.16e-01	-1.0106147	-5.56809	-0.21432015	342_at
5408_at	6.61e-01	3.16e-01	-1.0103989	-5.56829	-0.06446149	5408_at
79649_at	6.61e-01	3.16e-01	1.0103206	-5.56837	0.0891436	79649_at
8934_at	6.61e-01	3.17e-01	1.0098094	-5.56886	0.20017504	8934_at
10278_at	6.61e-01	3.17e-01	-1.009715	-5.56895	-0.09660011	10278_at
983_at	6.61e-01	3.17e-01	1.0095012	-5.56915	0.18623227	983_at
22870_at	6.61e-01	3.17e-01	-1.0094692	-5.56918	-0.09103792	22870_at
4522_at	6.61e-01	3.17e-01	-1.0094072	-5.56924	-0.20687642	4522_at
26045_at	6.61e-01	3.17e-01	-1.0093778	-5.56927	-0.08659662	26045_at
5193_at	6.61e-01	3.17e-01	1.0093501	-5.56929	0.09629021	5193_at
9904_at	6.62e-01	3.17e-01	-1.0085494	-5.57006	-0.08876958	9904_at
9969_at	6.62e-01	3.17e-01	-1.0085453	-5.57006	-0.11286908	9969_at
7706_at	6.62e-01	3.17e-01	-1.0081461	-5.57044	-0.12975884	7706_at
60493_at	6.62e-01	3.18e-01	1.0077707	-5.5708	0.13081099	60493_at
7141_at	6.62e-01	3.18e-01	-1.0076481	-5.57092	-0.09541063	7141_at
51517_at	6.62e-01	3.18e-01	-1.0075574	-5.571	-0.12359445	51517_at
55844_at	6.62e-01	3.18e-01	1.0074707	-5.57109	0.11992665	55844_at
9726_at	6.62e-01	3.18e-01	-1.0074571	-5.5711	-0.12973492	9726_at
27072_at	6.62e-01	3.18e-01	1.0073873	-5.57116	0.08827668	27072_at
27345_at	6.62e-01	3.18e-01	-1.0071377	-5.5714	-0.1575463	27345_at
7389_at	6.63e-01	3.18e-01	1.0063934	-5.57211	0.11577677	7389_at
1021_at	6.63e-01	3.18e-01	-1.0063462	-5.57216	-0.13793956	1021_at
64943_at	6.63e-01	3.18e-01	1.006082	-5.57241	0.18020027	64943_at
54386_at	6.63e-01	3.18e-01	-1.0060717	-5.57242	-0.0993551	54386_at
3396_at	6.63e-01	3.18e-01	1.0059998	-5.57248	0.14648591	3396_at
79890_at	6.63e-01	3.19e-01	1.0056359	-5.57283	0.09541717	79890_at
7629_at	6.63e-01	3.19e-01	-1.0052994	-5.57315	-0.09718522	7629_at
57402_at	6.63e-01	3.19e-01	1.0052447	-5.5732	0.18851745	57402_at
5266_at	6.63e-01	3.19e-01	-1.0051746	-5.57327	-0.13671227	5266_at
4211_at	6.64e-01	3.19e-01	1.0044044	-5.574	0.16415102	4211_at
56942_at	6.64e-01	3.19e-01	-1.0043525	-5.57405	-0.14180231	56942_at
10004_at	6.64e-01	3.19e-01	-1.0039796	-5.5744	-0.08966686	10004_at
9939_at	6.64e-01	3.20e-01	1.0037309	-5.57464	0.09452126	9939_at
57213_at	6.65e-01	3.20e-01	-1.0034082	-5.57495	-0.1066815	57213_at
4240_at	6.65e-01	3.20e-01	-1.003134	-5.57521	-0.1310865	4240_at
157_at	6.65e-01	3.20e-01	-1.002966	-5.57536	-0.07844498	157_at
4744_at	6.65e-01	3.20e-01	-1.0028255	-5.5755	-0.23618454	4744_at
8529_at	6.65e-01	3.20e-01	1.0026817	-5.57563	0.61157116	8529_at
57019_at	6.65e-01	3.20e-01	1.0018791	-5.57639	0.10826704	57019_at
10690_at	6.65e-01	3.21e-01	-1.0016272	-5.57663	-0.04696043	10690_at
55661_at	6.65e-01	3.21e-01	1.0015585	-5.5767	0.07470068	55661_at
26750_at	6.65e-01	3.21e-01	1.001397	-5.57685	0.1892401	26750_at
6517_at	6.65e-01	3.21e-01	-1.0011736	-5.57706	-0.09925221	6517_at
1511_at	6.65e-01	3.21e-01	-1.0011694	-5.57707	-0.12098566	1511_at
5531_at	6.65e-01	3.21e-01	1.0011323	-5.5771	0.12559943	5531_at
57396_at	6.65e-01	3.21e-01	1.0009312	-5.57729	0.18800977	57396_at
10928_at	6.65e-01	3.21e-01	1.0008943	-5.57733	0.13790553	10928_at
10493_at	6.65e-01	3.21e-01	1.0008239	-5.57739	0.11507792	10493_at
5081_at	6.65e-01	3.21e-01	-1.0007195	-5.57749	-0.09868876	5081_at
11252_at	6.65e-01	3.21e-01	1.0006247	-5.57758	0.1718008	11252_at
1964_at	6.65e-01	3.21e-01	-1.0003195	-5.57787	-0.20257031	1964_at
81857_at	6.65e-01	3.21e-01	-1.0003089	-5.57788	-0.1250463	81857_at
51168_at	6.65e-01	3.21e-01	-1.0002098	-5.57797	-0.10926261	51168_at
60672_at	6.65e-01	3.21e-01	-1.0001487	-5.57803	-0.08400214	60672_at
29903_at	6.65e-01	3.21e-01	-1.0000849	-5.57809	-0.11935991	29903_at
777_at	6.65e-01	3.21e-01	-1.0000224	-5.57815	-0.10804398	777_at
3543_at	6.65e-01	3.21e-01	0.9998112	-5.57835	0.09042694	3543_at
56949_at	6.65e-01	3.21e-01	-0.9997671	-5.57839	-0.08806159	56949_at
4115_at	6.66e-01	3.22e-01	-0.9995408	-5.57861	-0.07296164	4115_at
26091_at	6.66e-01	3.22e-01	-0.999334	-5.5788	-0.0888843	26091_at
79778_at	6.66e-01	3.22e-01	0.9992651	-5.57887	0.17884623	79778_at
63940_at	6.66e-01	3.22e-01	-0.9991076	-5.57901	-0.11045642	63940_at
438_at	6.66e-01	3.22e-01	-0.9991039	-5.57902	-0.06586332	438_at
64167_at	6.66e-01	3.22e-01	0.9987816	-5.57932	0.43514633	64167_at
64328_at	6.66e-01	3.22e-01	-0.9986601	-5.57944	-0.10658171	64328_at
1996_at	6.66e-01	3.22e-01	-0.9984799	-5.57961	-0.08703643	1996_at
4301_at	6.66e-01	3.22e-01	-0.9982133	-5.57986	-0.06335191	4301_at
367_at	6.66e-01	3.22e-01	0.9979946	-5.58007	0.12884312	367_at
676_at	6.66e-01	3.23e-01	-0.9976029	-5.58043	-0.06794235	676_at
9645_at	6.66e-01	3.23e-01	0.9975379	-5.5805	0.11187009	9645_at
29889_at	6.66e-01	3.23e-01	0.9974747	-5.58056	0.13917035	29889_at
10534_at	6.66e-01	3.23e-01	0.997457	-5.58057	0.116564	10534_at
56935_at	6.66e-01	3.23e-01	0.9972313	-5.58079	0.21305313	56935_at
81492_at	6.66e-01	3.23e-01	-0.9970964	-5.58091	-0.12548204	81492_at
27004_at	6.66e-01	3.23e-01	-0.9967033	-5.58128	-0.12043661	27004_at
162_at	6.66e-01	3.23e-01	-0.9966186	-5.58136	-0.10885121	162_at
57165_at	6.66e-01	3.23e-01	-0.9964774	-5.5815	-0.11831701	57165_at
10297_at	6.66e-01	3.23e-01	-0.996418	-5.58155	-0.07923086	10297_at
27035_at	6.66e-01	3.23e-01	-0.996301	-5.58166	-0.07233888	27035_at
2779_at	6.67e-01	3.23e-01	-0.9961561	-5.5818	-0.09405644	2779_at
23157_at	6.67e-01	3.23e-01	-0.9958771	-5.58206	-0.12592747	23157_at
23131_at	6.67e-01	3.23e-01	0.9956515	-5.58227	0.06843756	23131_at
23062_at	6.67e-01	3.23e-01	0.9955942	-5.58233	0.10721838	23062_at
1669_at	6.67e-01	3.23e-01	-0.9955674	-5.58235	-0.09481041	1669_at
8452_at	6.67e-01	3.24e-01	-0.9955412	-5.58238	-0.05866548	8452_at
54946_at	6.67e-01	3.24e-01	0.9954576	-5.58246	0.11367292	54946_at
83743_at	6.67e-01	3.24e-01	-0.9950719	-5.58282	-0.0984679	83743_at
9547_at	6.67e-01	3.24e-01	0.9947301	-5.58314	0.22190497	9547_at
54957_at	6.67e-01	3.24e-01	0.9946851	-5.58318	0.13237475	54957_at
23545_at	6.67e-01	3.24e-01	0.994615	-5.58325	0.12135668	23545_at
4504_at	6.67e-01	3.24e-01	-0.9944928	-5.58336	-0.16052615	4504_at
64359_at	6.67e-01	3.24e-01	0.9943464	-5.5835	0.21437405	64359_at
5002_at	6.67e-01	3.24e-01	-0.9938071	-5.58401	-0.37687371	5002_at
2100_at	6.67e-01	3.24e-01	-0.9937518	-5.58406	-0.09183333	2100_at
55022_at	6.67e-01	3.24e-01	0.9937463	-5.58406	0.156124	55022_at
54847_at	6.67e-01	3.24e-01	-0.9937392	-5.58407	-0.11061002	54847_at
51371_at	6.67e-01	3.24e-01	0.9936445	-5.58416	0.08230705	51371_at
57228_at	6.67e-01	3.24e-01	0.9936235	-5.58418	0.20986108	57228_at
55835_at	6.68e-01	3.25e-01	-0.9927528	-5.585	-0.08713532	55835_at
657_at	6.68e-01	3.25e-01	-0.9927516	-5.585	-0.14279094	657_at
51271_at	6.68e-01	3.25e-01	-0.9924698	-5.58526	-0.0800266	51271_at
11154_at	6.68e-01	3.25e-01	0.9924189	-5.58531	0.06130673	11154_at
958_at	6.68e-01	3.25e-01	0.9922694	-5.58545	0.11876197	958_at
100129973_at	6.68e-01	3.25e-01	0.9921361	-5.58558	0.08318445	100129973_at
80013_at	6.68e-01	3.25e-01	-0.9920518	-5.58566	-0.07953109	80013_at
765_at	6.68e-01	3.25e-01	-0.9919927	-5.58571	-0.10125874	765_at
26032_at	6.68e-01	3.25e-01	-0.9918723	-5.58582	-0.07219157	26032_at
2947_at	6.68e-01	3.26e-01	-0.9913134	-5.58635	-0.32746568	2947_at
79744_at	6.68e-01	3.26e-01	-0.9911722	-5.58648	-0.08201249	79744_at
10329_at	6.68e-01	3.26e-01	0.9911069	-5.58654	0.07957452	10329_at
10535_at	6.68e-01	3.26e-01	0.9911052	-5.58654	0.11460302	10535_at
148229_at	6.68e-01	3.26e-01	-0.9909355	-5.5867	-0.07358179	148229_at
313_at	6.68e-01	3.26e-01	0.9908537	-5.58678	0.22058203	313_at
25820_at	6.68e-01	3.26e-01	-0.990701	-5.58692	-0.07918146	25820_at
4885_at	6.68e-01	3.26e-01	-0.9906195	-5.587	-0.10872193	4885_at
64127_at	6.68e-01	3.26e-01	0.9905179	-5.58709	0.10163458	64127_at
7766_at	6.68e-01	3.26e-01	-0.9902645	-5.58733	-0.09999521	7766_at
6594_at	6.68e-01	3.26e-01	0.9900821	-5.5875	0.13679227	6594_at
23529_at	6.68e-01	3.26e-01	-0.9900557	-5.58753	-0.11503001	23529_at
8941_at	6.68e-01	3.26e-01	-0.9896483	-5.58791	-0.08353031	8941_at
6756_at	6.68e-01	3.26e-01	-0.9895931	-5.58796	-0.06632889	6756_at
7752_at	6.68e-01	3.26e-01	0.9895911	-5.58796	0.10589309	7752_at
6470_at	6.68e-01	3.26e-01	-0.9894068	-5.58813	-0.29478652	6470_at
3172_at	6.68e-01	3.27e-01	-0.9891569	-5.58837	-0.15007214	3172_at
9851_at	6.68e-01	3.27e-01	0.9891488	-5.58837	0.10272714	9851_at
9705_at	6.69e-01	3.27e-01	-0.9886822	-5.58881	-0.12261808	9705_at
388714_at	6.69e-01	3.27e-01	-0.9883011	-5.58917	-0.15946189	388714_at
23031_at	6.69e-01	3.27e-01	-0.9880849	-5.58937	-0.13214311	23031_at
51179_at	6.69e-01	3.27e-01	-0.9880602	-5.58939	-0.50223541	51179_at
440073_at	6.69e-01	3.27e-01	-0.9879161	-5.58953	-0.12184176	440073_at
11186_at	6.69e-01	3.27e-01	0.9878689	-5.58957	0.11466638	11186_at
60685_at	6.69e-01	3.27e-01	0.9877661	-5.58967	0.08255165	60685_at
79762_at	6.69e-01	3.27e-01	-0.9876549	-5.58977	-0.19047438	79762_at
89797_at	6.69e-01	3.27e-01	-0.9874864	-5.58993	-0.23340841	89797_at
9143_at	6.69e-01	3.27e-01	-0.9873551	-5.59005	-0.13962825	9143_at
56269_at	6.69e-01	3.28e-01	0.9871385	-5.59025	0.06611624	56269_at
51022_at	6.69e-01	3.28e-01	0.9870882	-5.5903	0.1527154	51022_at
10316_at	6.69e-01	3.28e-01	-0.9870456	-5.59034	-0.10052141	10316_at
923_at	6.69e-01	3.28e-01	-0.9869661	-5.59041	-0.07932826	923_at
59340_at	6.70e-01	3.28e-01	-0.9861235	-5.5912	-0.07173162	59340_at
23331_at	6.70e-01	3.28e-01	-0.9859818	-5.59133	-0.13804187	23331_at
9150_at	6.70e-01	3.28e-01	-0.9855728	-5.59171	-0.1107639	9150_at
10369_at	6.70e-01	3.28e-01	-0.9852706	-5.59199	-0.09949952	10369_at
25897_at	6.70e-01	3.28e-01	0.9852599	-5.592	0.12069825	25897_at
4629_at	6.70e-01	3.29e-01	0.9851704	-5.59209	0.19360039	4629_at
57188_at	6.70e-01	3.29e-01	0.9845555	-5.59266	0.18519959	57188_at
9466_at	6.70e-01	3.29e-01	0.9845313	-5.59268	0.08993592	9466_at
5502_at	6.71e-01	3.29e-01	0.9841799	-5.59301	0.41574896	5502_at
10113_at	6.71e-01	3.29e-01	0.9839872	-5.59319	0.09021083	10113_at
79171_at	6.71e-01	3.29e-01	0.9837424	-5.59342	0.12401734	79171_at
1611_at	6.71e-01	3.29e-01	0.983633	-5.59352	0.11639903	1611_at
10067_at	6.71e-01	3.29e-01	0.9835019	-5.59364	0.08439032	10067_at
57818_at	6.71e-01	3.29e-01	-0.9834695	-5.59367	-0.10438691	57818_at
670_at	6.71e-01	3.29e-01	-0.9833819	-5.59375	-0.3432735	670_at
29893_at	6.71e-01	3.29e-01	-0.9832977	-5.59383	-0.07844875	29893_at
577_at	6.71e-01	3.29e-01	-0.9832538	-5.59387	-0.07597876	577_at
10256_at	6.71e-01	3.29e-01	-0.9832196	-5.5939	-0.09817279	10256_at
65263_at	6.71e-01	3.30e-01	-0.982774	-5.59432	-0.11288385	65263_at
10557_at	6.71e-01	3.30e-01	-0.9823019	-5.59476	-0.08675983	10557_at
5351_at	6.72e-01	3.30e-01	-0.981966	-5.59507	-0.19718432	5351_at
23049_at	6.72e-01	3.31e-01	0.9811251	-5.59585	0.07380397	23049_at
11176_at	6.72e-01	3.31e-01	-0.9808537	-5.5961	-0.06738735	11176_at
11057_at	6.72e-01	3.31e-01	-0.9808406	-5.59611	-0.09304943	11057_at
10668_at	6.72e-01	3.31e-01	0.9805785	-5.59636	0.13021707	10668_at
25823_at	6.73e-01	3.31e-01	-0.9803362	-5.59658	-0.12492385	25823_at
55664_at	6.73e-01	3.31e-01	0.9799122	-5.59697	0.15070131	55664_at
5590_at	6.73e-01	3.31e-01	-0.9798311	-5.59705	-0.22793029	5590_at
64922_at	6.73e-01	3.31e-01	-0.979687	-5.59718	-0.28249334	64922_at
10861_at	6.73e-01	3.31e-01	-0.9794592	-5.59739	-0.09392624	10861_at
28474_at	6.73e-01	3.32e-01	0.9788891	-5.59792	0.37837375	28474_at
9603_at	6.73e-01	3.32e-01	-0.9787472	-5.59805	-0.10548821	9603_at
27329_at	6.74e-01	3.32e-01	-0.9784017	-5.59837	-0.575776	27329_at
387032_at	6.74e-01	3.32e-01	0.9783822	-5.59839	0.09838364	387032_at
51149_at	6.74e-01	3.32e-01	-0.9782593	-5.59851	-0.09126658	51149_at
8839_at	6.74e-01	3.32e-01	-0.9782332	-5.59853	-0.11902454	8839_at
5267_at	6.74e-01	3.32e-01	-0.9779226	-5.59882	-0.21300734	5267_at
55020_at	6.74e-01	3.32e-01	0.9775314	-5.59918	0.23395884	55020_at
3685_at	6.74e-01	3.32e-01	0.9774803	-5.59923	0.28842032	3685_at
9861_at	6.74e-01	3.32e-01	0.9774322	-5.59927	0.08588606	9861_at
2977_at	6.74e-01	3.32e-01	-0.9773854	-5.59931	-0.11427187	2977_at
658_at	6.74e-01	3.32e-01	-0.9773132	-5.59938	-0.13703021	658_at
10882_at	6.74e-01	3.33e-01	-0.9765219	-5.60011	-0.1191953	10882_at
64122_at	6.75e-01	3.33e-01	-0.9760956	-5.60051	-0.11259494	64122_at
3700_at	6.75e-01	3.33e-01	-0.9758482	-5.60073	-0.11365996	3700_at
26716_at	6.75e-01	3.33e-01	-0.9756941	-5.60088	-0.08693391	26716_at
55032_at	6.75e-01	3.33e-01	0.9756833	-5.60089	0.13652378	55032_at
22933_at	6.75e-01	3.33e-01	-0.9754261	-5.60112	-0.1123371	22933_at
50617_at	6.75e-01	3.33e-01	-0.975421	-5.60113	-0.24101911	50617_at
9496_at	6.75e-01	3.33e-01	-0.9752882	-5.60125	-0.10669169	9496_at
93436_at	6.75e-01	3.33e-01	-0.9751765	-5.60135	-0.11800205	93436_at
467_at	6.75e-01	3.33e-01	-0.975151	-5.60138	-0.27105174	467_at
4547_at	6.76e-01	3.34e-01	-0.9742828	-5.60218	-0.33427303	4547_at
2324_at	6.76e-01	3.34e-01	-0.9741364	-5.60231	-0.0844222	2324_at
51283_at	6.76e-01	3.34e-01	0.9740061	-5.60243	0.11305815	51283_at
3456_at	6.76e-01	3.34e-01	-0.9739302	-5.6025	-0.09623616	3456_at
28959_at	6.76e-01	3.34e-01	0.9737392	-5.60268	0.16391132	28959_at
7220_at	6.76e-01	3.34e-01	0.9737191	-5.6027	0.0777327	7220_at
23263_at	6.76e-01	3.34e-01	-0.9735399	-5.60286	-0.09305234	23263_at
11156_at	6.76e-01	3.34e-01	-0.9732548	-5.60312	-0.09160066	11156_at
25828_at	6.76e-01	3.35e-01	-0.9726765	-5.60366	-0.10037027	25828_at
64852_at	6.76e-01	3.35e-01	-0.9726188	-5.60371	-0.11693042	64852_at
145389_at	6.76e-01	3.35e-01	-0.9725917	-5.60373	-0.23454868	145389_at
5064_at	6.76e-01	3.35e-01	-0.9725286	-5.60379	-0.17099314	5064_at
4677_at	6.76e-01	3.35e-01	0.9724694	-5.60385	0.11559353	4677_at
146_at	6.76e-01	3.35e-01	-0.9722141	-5.60408	-0.06653144	146_at
5993_at	6.76e-01	3.35e-01	0.9720689	-5.60422	0.0954284	5993_at
4680_at	6.76e-01	3.35e-01	-0.9719767	-5.6043	-0.09881807	4680_at
51093_at	6.76e-01	3.35e-01	-0.9719761	-5.6043	-0.10230115	51093_at
1013_at	6.76e-01	3.35e-01	-0.9716521	-5.6046	-0.10892626	1013_at
5310_at	6.76e-01	3.35e-01	-0.9715235	-5.60472	-0.0779886	5310_at
78995_at	6.76e-01	3.35e-01	-0.9713986	-5.60483	-0.11391708	78995_at
23327_at	6.76e-01	3.35e-01	-0.9713602	-5.60487	-0.14191896	23327_at
80745_at	6.76e-01	3.35e-01	0.9711527	-5.60506	0.08837564	80745_at
6636_at	6.76e-01	3.35e-01	0.9710371	-5.60516	0.13667325	6636_at
6569_at	6.76e-01	3.36e-01	-0.9709281	-5.60526	-0.48096556	6569_at
9256_at	6.76e-01	3.36e-01	-0.9707694	-5.60541	-0.12741993	9256_at
10018_at	6.76e-01	3.36e-01	-0.9704975	-5.60566	-0.05913323	10018_at
9824_at	6.76e-01	3.36e-01	-0.9704622	-5.60569	-0.07061816	9824_at
6647_at	6.76e-01	3.36e-01	-0.9702772	-5.60586	-0.11530686	6647_at
7080_at	6.76e-01	3.36e-01	-0.9701041	-5.60602	-0.07461677	7080_at
146057_at	6.76e-01	3.36e-01	0.9700825	-5.60604	0.06142136	146057_at
325_at	6.76e-01	3.36e-01	-0.9699861	-5.60613	-0.10514108	325_at
57758_at	6.77e-01	3.36e-01	-0.9693007	-5.60676	-0.12880127	57758_at
55223_at	6.77e-01	3.36e-01	-0.9690654	-5.60697	-0.08819959	55223_at
10401_at	6.77e-01	3.36e-01	-0.9690296	-5.60701	-0.10232401	10401_at
23138_at	6.77e-01	3.37e-01	-0.9688853	-5.60714	-0.08417647	23138_at
1717_at	6.78e-01	3.37e-01	-0.968144	-5.60782	-0.13700322	1717_at
57185_at	6.78e-01	3.37e-01	0.9680031	-5.60795	0.09098532	57185_at
8799_at	6.78e-01	3.37e-01	0.9679948	-5.60796	0.10185967	8799_at
2693_at	6.78e-01	3.37e-01	-0.9676156	-5.6083	-0.08821247	2693_at
81571_at	6.78e-01	3.37e-01	-0.9671415	-5.60874	-0.10096619	81571_at
4864_at	6.78e-01	3.37e-01	0.9670066	-5.60886	0.23396239	4864_at
401_at	6.78e-01	3.38e-01	-0.9667893	-5.60906	-0.09552437	401_at
55735_at	6.78e-01	3.38e-01	0.9667579	-5.60909	0.12190589	55735_at
51547_at	6.78e-01	3.38e-01	-0.966643	-5.60919	-0.09214744	51547_at
1869_at	6.79e-01	3.38e-01	-0.9663364	-5.60947	-0.08312027	1869_at
1311_at	6.79e-01	3.38e-01	0.9655864	-5.61016	0.15315111	1311_at
51379_at	6.79e-01	3.38e-01	0.9653274	-5.61039	0.25501458	51379_at
54221_at	6.79e-01	3.38e-01	0.9651512	-5.61056	0.07662146	54221_at
55294_at	6.79e-01	3.38e-01	0.965049	-5.61065	0.10183352	55294_at
50632_at	6.80e-01	3.39e-01	-0.9646025	-5.61106	-0.08788057	50632_at
60343_at	6.80e-01	3.39e-01	-0.9644502	-5.6112	-0.10534486	60343_at
6752_at	6.80e-01	3.39e-01	-0.9643974	-5.61124	-0.11543356	6752_at
8728_at	6.80e-01	3.39e-01	-0.9643079	-5.61133	-0.0969962	8728_at
54848_at	6.80e-01	3.39e-01	-0.964306	-5.61133	-0.12363006	54848_at
56993_at	6.80e-01	3.39e-01	0.9641593	-5.61146	0.13468261	56993_at
60625_at	6.80e-01	3.39e-01	-0.9638891	-5.61171	-0.11209826	60625_at
8785_at	6.80e-01	3.39e-01	-0.9638487	-5.61174	-0.1014926	8785_at
6302_at	6.80e-01	3.39e-01	-0.9636386	-5.61194	-0.06830482	6302_at
79161_at	6.80e-01	3.39e-01	0.963489	-5.61207	0.17304759	79161_at
23474_at	6.80e-01	3.39e-01	0.9634518	-5.61211	0.13302702	23474_at
2290_at	6.80e-01	3.39e-01	-0.9633808	-5.61217	-0.08158759	2290_at
7693_at	6.80e-01	3.39e-01	0.9629499	-5.61256	0.09885254	7693_at
22798_at	6.80e-01	3.40e-01	0.9627154	-5.61278	0.07131341	22798_at
599_at	6.80e-01	3.40e-01	-0.9626733	-5.61282	-0.13131583	599_at
51715_at	6.80e-01	3.40e-01	0.9622422	-5.61321	0.09751442	51715_at
9369_at	6.80e-01	3.40e-01	-0.9621741	-5.61327	-0.06930987	9369_at
27306_at	6.80e-01	3.40e-01	0.96196	-5.61347	0.16601398	27306_at
11018_at	6.80e-01	3.40e-01	0.961825	-5.61359	0.09110987	11018_at
26155_at	6.80e-01	3.40e-01	0.9617953	-5.61362	0.11919651	26155_at
79818_at	6.80e-01	3.40e-01	-0.9617268	-5.61368	-0.14545066	79818_at
10435_at	6.80e-01	3.40e-01	-0.9615035	-5.61388	-0.08737144	10435_at
5961_at	6.81e-01	3.40e-01	-0.9610651	-5.61428	-0.11922262	5961_at
51337_at	6.81e-01	3.40e-01	-0.9610386	-5.6143	-0.13357279	51337_at
81614_at	6.81e-01	3.40e-01	-0.9609649	-5.61437	-0.06263015	81614_at
6566_at	6.81e-01	3.41e-01	-0.9608858	-5.61444	-0.22026348	6566_at
953_at	6.81e-01	3.41e-01	0.9608024	-5.61452	0.13094588	953_at
28973_at	6.81e-01	3.41e-01	0.9605879	-5.61471	0.09222839	28973_at
2817_at	6.81e-01	3.41e-01	-0.9604889	-5.6148	-0.08726562	2817_at
7086_at	6.81e-01	3.41e-01	0.9604708	-5.61482	0.25444392	7086_at
23505_at	6.81e-01	3.41e-01	-0.959468	-5.61573	-0.12482081	23505_at
833_at	6.81e-01	3.41e-01	0.9594519	-5.61575	0.09490819	833_at
3216_at	6.81e-01	3.41e-01	0.9591348	-5.61603	0.20742115	3216_at
6716_at	6.81e-01	3.41e-01	-0.9591053	-5.61606	-0.12822384	6716_at
317_at	6.82e-01	3.42e-01	-0.9588252	-5.61632	-0.07781541	317_at
51315_at	6.82e-01	3.42e-01	-0.9584807	-5.61663	-0.12065851	51315_at
22794_at	6.82e-01	3.42e-01	0.958413	-5.61669	0.09830511	22794_at
54958_at	6.82e-01	3.42e-01	0.9581315	-5.61694	0.16179665	54958_at
8573_at	6.82e-01	3.42e-01	0.958005	-5.61706	0.13909302	8573_at
63035_at	6.82e-01	3.42e-01	-0.9579256	-5.61713	-0.07789492	63035_at
6406_at	6.82e-01	3.42e-01	-0.9577075	-5.61733	-0.08116712	6406_at
55509_at	6.82e-01	3.42e-01	-0.9575405	-5.61748	-0.09867645	55509_at
3655_at	6.82e-01	3.42e-01	0.957383	-5.61762	0.16557245	3655_at
10146_at	6.82e-01	3.42e-01	0.9570962	-5.61788	0.09368084	10146_at
11010_at	6.82e-01	3.42e-01	0.9570483	-5.61793	0.20094391	11010_at
3128_at	6.82e-01	3.42e-01	0.9569299	-5.61803	0.24048587	3128_at
4066_at	6.82e-01	3.42e-01	-0.956914	-5.61805	-0.1181927	4066_at
10371_at	6.82e-01	3.43e-01	-0.956883	-5.61808	-0.10336378	10371_at
1540_at	6.82e-01	3.43e-01	-0.9568519	-5.6181	-0.06488053	1540_at
79982_at	6.82e-01	3.43e-01	-0.9563877	-5.61852	-0.10837623	79982_at
1642_at	6.83e-01	3.43e-01	-0.9559735	-5.6189	-0.08194307	1642_at
79956_at	6.83e-01	3.43e-01	0.9554763	-5.61935	0.18129258	79956_at
79830_at	6.83e-01	3.43e-01	0.9552414	-5.61956	0.1107699	79830_at
5902_at	6.83e-01	3.43e-01	-0.9549396	-5.61983	-0.09750932	5902_at
54876_at	6.83e-01	3.44e-01	-0.9547252	-5.62003	-0.10531633	54876_at
4694_at	6.83e-01	3.44e-01	0.9545592	-5.62018	0.07161417	4694_at
56979_at	6.84e-01	3.44e-01	-0.9544084	-5.62031	-0.05966643	56979_at
284119_at	6.84e-01	3.44e-01	0.9540439	-5.62064	0.12665928	284119_at
64595_at	6.84e-01	3.44e-01	-0.953746	-5.62091	-0.18114386	64595_at
80746_at	6.84e-01	3.44e-01	0.953699	-5.62096	0.1184847	80746_at
5629_at	6.84e-01	3.44e-01	-0.9533804	-5.62124	-0.09859357	5629_at
51128_at	6.84e-01	3.44e-01	-0.9533745	-5.62125	-0.15687877	51128_at
11230_at	6.84e-01	3.45e-01	-0.9528072	-5.62176	-0.11426154	11230_at
4041_at	6.84e-01	3.45e-01	-0.9527255	-5.62183	-0.1456876	4041_at
5913_at	6.84e-01	3.45e-01	-0.9526763	-5.62188	-0.08121585	5913_at
3801_at	6.84e-01	3.45e-01	0.9526121	-5.62194	0.11445082	3801_at
84364_at	6.84e-01	3.45e-01	0.9525054	-5.62203	0.08752393	84364_at
6715_at	6.85e-01	3.45e-01	-0.9520594	-5.62243	-0.10565401	6715_at
9604_at	6.85e-01	3.45e-01	-0.9519346	-5.62255	-0.14753046	9604_at
2220_at	6.85e-01	3.45e-01	0.9518216	-5.62265	0.08158146	2220_at
2917_at	6.85e-01	3.45e-01	-0.9518065	-5.62266	-0.07392181	2917_at
1749_at	6.85e-01	3.45e-01	-0.9516049	-5.62284	-0.08905356	1749_at
3458_at	6.85e-01	3.45e-01	-0.9516045	-5.62284	-0.08642819	3458_at
10499_at	6.85e-01	3.45e-01	-0.9513523	-5.62307	-0.0967076	10499_at
55683_at	6.85e-01	3.45e-01	-0.9511554	-5.62325	-0.08015585	55683_at
6614_at	6.85e-01	3.45e-01	0.9511392	-5.62326	0.11148839	6614_at
10867_at	6.85e-01	3.45e-01	-0.9510554	-5.62334	-0.0948053	10867_at
999_at	6.85e-01	3.45e-01	-0.9510372	-5.62336	-0.19084963	999_at
662_at	6.85e-01	3.45e-01	-0.9509192	-5.62346	-0.06789017	662_at
6098_at	6.85e-01	3.46e-01	-0.9505666	-5.62378	-0.0859181	6098_at
100188893_at	6.85e-01	3.46e-01	-0.9505203	-5.62382	-0.07621837	100188893_at
4088_at	6.85e-01	3.46e-01	-0.950174	-5.62413	-0.07296619	4088_at
9060_at	6.85e-01	3.46e-01	0.9500801	-5.62422	0.13681455	9060_at
4077_at	6.85e-01	3.46e-01	0.9500727	-5.62422	0.13444707	4077_at
23295_at	6.85e-01	3.46e-01	0.9500217	-5.62427	0.10497363	23295_at
10801_at	6.85e-01	3.46e-01	0.9499704	-5.62432	0.10419809	10801_at
690_at	6.85e-01	3.46e-01	-0.9492579	-5.62496	-0.0918047	690_at
8392_at	6.85e-01	3.46e-01	-0.9492546	-5.62496	-0.12491502	8392_at
54801_at	6.85e-01	3.47e-01	0.9488985	-5.62528	0.09656069	54801_at
9349_at	6.86e-01	3.47e-01	0.9486073	-5.62554	0.09585271	9349_at
79573_at	6.86e-01	3.47e-01	-0.948549	-5.62559	-0.09829742	79573_at
7403_at	6.86e-01	3.47e-01	0.9483239	-5.6258	0.14945892	7403_at
23251_at	6.86e-01	3.47e-01	-0.9482096	-5.6259	-0.05679756	23251_at
23613_at	6.86e-01	3.47e-01	0.9481338	-5.62597	0.12535966	23613_at
2566_at	6.86e-01	3.47e-01	-0.9481035	-5.62599	-0.10142731	2566_at
11070_at	6.86e-01	3.47e-01	-0.9477068	-5.62635	-0.11685095	11070_at
794_at	6.86e-01	3.47e-01	-0.9475115	-5.62652	-0.09900915	794_at
2250_at	6.86e-01	3.47e-01	-0.9472579	-5.62675	-0.09357226	2250_at
55653_at	6.86e-01	3.47e-01	-0.9472051	-5.6268	-0.10664201	55653_at
3483_at	6.86e-01	3.48e-01	-0.9467289	-5.62723	-0.12601838	3483_at
55636_at	6.86e-01	3.48e-01	0.9465204	-5.62741	0.09898385	55636_at
6456_at	6.87e-01	3.48e-01	-0.9461521	-5.62774	-0.33724652	6456_at
55472_at	6.87e-01	3.48e-01	-0.9460236	-5.62786	-0.10772539	55472_at
3985_at	6.87e-01	3.48e-01	0.946007	-5.62787	0.08935341	3985_at
5104_at	6.87e-01	3.48e-01	-0.9458499	-5.62801	-0.27380197	5104_at
1149_at	6.87e-01	3.48e-01	-0.9457894	-5.62807	-0.09720993	1149_at
22880_at	6.87e-01	3.48e-01	0.9453214	-5.62849	0.07640863	22880_at
50650_at	6.88e-01	3.49e-01	-0.9444918	-5.62923	-0.15233368	50650_at
6734_at	6.88e-01	3.49e-01	-0.9443803	-5.62933	-0.10348104	6734_at
54581_at	6.88e-01	3.49e-01	-0.9443396	-5.62937	-0.08872641	54581_at
8718_at	6.88e-01	3.49e-01	-0.94352	-5.6301	-0.06324393	8718_at
80054_at	6.88e-01	3.49e-01	-0.9434472	-5.63016	-0.13369317	80054_at
581_at	6.89e-01	3.50e-01	0.9429219	-5.63063	0.19299581	581_at
2833_at	6.89e-01	3.50e-01	-0.9428596	-5.63069	-0.09322375	2833_at
9416_at	6.89e-01	3.50e-01	0.9423889	-5.63111	0.09288683	9416_at
2741_at	6.89e-01	3.50e-01	-0.9423826	-5.63111	-0.08166197	2741_at
104_at	6.89e-01	3.50e-01	-0.9422598	-5.63122	-0.06791434	104_at
9205_at	6.89e-01	3.50e-01	-0.9420447	-5.63142	-0.04665582	9205_at
155066_at	6.89e-01	3.50e-01	0.9420218	-5.63144	0.24315687	155066_at
51110_at	6.89e-01	3.50e-01	0.9417481	-5.63168	0.2071101	51110_at
64428_at	6.89e-01	3.50e-01	0.9413593	-5.63203	0.10137672	64428_at
51368_at	6.90e-01	3.51e-01	0.9406731	-5.63264	0.13553597	51368_at
1984_at	6.90e-01	3.51e-01	-0.940628	-5.63268	-0.17810657	1984_at
5562_at	6.90e-01	3.51e-01	0.940595	-5.63271	0.09814194	5562_at
64066_at	6.90e-01	3.51e-01	-0.9404248	-5.63286	-0.10128816	64066_at
7694_at	6.90e-01	3.51e-01	0.9399413	-5.63329	0.15104111	7694_at
1203_at	6.90e-01	3.51e-01	0.9398641	-5.63336	0.11964333	1203_at
3235_at	6.90e-01	3.51e-01	0.9398634	-5.63336	0.1254088	3235_at
9063_at	6.90e-01	3.51e-01	-0.9398448	-5.63338	-0.06200932	9063_at
90355_at	6.90e-01	3.51e-01	-0.9398204	-5.6334	-0.09916317	90355_at
79036_at	6.90e-01	3.51e-01	0.9397438	-5.63347	0.09905048	79036_at
65980_at	6.90e-01	3.51e-01	0.9396835	-5.63352	0.09591658	65980_at
1240_at	6.90e-01	3.51e-01	-0.9394342	-5.63374	-0.09275547	1240_at
64320_at	6.90e-01	3.51e-01	-0.9393956	-5.63378	-0.07534422	64320_at
10398_at	6.90e-01	3.52e-01	0.9387386	-5.63436	0.27124876	10398_at
54996_at	6.90e-01	3.52e-01	-0.938578	-5.6345	-0.34905173	54996_at
79801_at	6.90e-01	3.52e-01	-0.9385716	-5.63451	-0.12007487	79801_at
54951_at	6.90e-01	3.52e-01	0.9383412	-5.63471	0.13492556	54951_at
2752_at	6.90e-01	3.52e-01	0.9382812	-5.63477	0.21697795	2752_at
4521_at	6.90e-01	3.52e-01	0.9382289	-5.63481	0.12848562	4521_at
78994_at	6.90e-01	3.52e-01	-0.9377061	-5.63528	-0.07168257	78994_at
27005_at	6.90e-01	3.52e-01	0.9376495	-5.63533	0.11331202	27005_at
65250_at	6.90e-01	3.52e-01	-0.9376322	-5.63534	-0.07505452	65250_at
3814_at	6.90e-01	3.52e-01	-0.9374698	-5.63549	-0.09734446	3814_at
7100_at	6.90e-01	3.52e-01	0.9374159	-5.63554	0.16537223	7100_at
1378_at	6.90e-01	3.52e-01	-0.9373965	-5.63555	-0.07259326	1378_at
8434_at	6.90e-01	3.52e-01	0.9373268	-5.63561	0.15381905	8434_at
23284_at	6.91e-01	3.53e-01	-0.9367462	-5.63613	-0.08460648	23284_at
79947_at	6.91e-01	3.53e-01	-0.9366146	-5.63625	-0.09442718	79947_at
81788_at	6.91e-01	3.53e-01	0.9365755	-5.63628	0.22327414	81788_at
9945_at	6.91e-01	3.53e-01	-0.9360612	-5.63674	-0.15772154	9945_at
140609_at	6.91e-01	3.53e-01	-0.9359392	-5.63685	-0.14677077	140609_at
5598_at	6.91e-01	3.53e-01	-0.935849	-5.63693	-0.06905418	5598_at
9361_at	6.92e-01	3.53e-01	0.935391	-5.63733	0.12455909	9361_at
4605_at	6.92e-01	3.53e-01	-0.9352165	-5.63749	-0.11254854	4605_at
24144_at	6.92e-01	3.54e-01	0.9350226	-5.63766	0.08395335	24144_at
2332_at	6.92e-01	3.54e-01	-0.9342698	-5.63832	-0.1442835	2332_at
4600_at	6.92e-01	3.54e-01	0.9342654	-5.63833	0.24791833	4600_at
5589_at	6.92e-01	3.54e-01	0.9341795	-5.6384	0.09591039	5589_at
9022_at	6.92e-01	3.54e-01	0.9341708	-5.63841	0.09503463	9022_at
55366_at	6.92e-01	3.54e-01	-0.9341325	-5.63845	-0.14344734	55366_at
6950_at	6.92e-01	3.54e-01	-0.9338751	-5.63867	-0.099048	6950_at
10327_at	6.92e-01	3.54e-01	-0.9337649	-5.63877	-0.18699967	10327_at
11178_at	6.92e-01	3.54e-01	-0.9336693	-5.63886	-0.0518057	11178_at
79711_at	6.92e-01	3.54e-01	0.9334912	-5.63901	0.15623995	79711_at
10749_at	6.92e-01	3.54e-01	-0.9333955	-5.6391	-0.10998194	10749_at
64693_at	6.92e-01	3.54e-01	-0.9333808	-5.63911	-0.07617769	64693_at
1844_at	6.93e-01	3.55e-01	-0.9327003	-5.63971	-0.11704441	1844_at
6464_at	6.93e-01	3.55e-01	0.9326047	-5.6398	0.10988318	6464_at
11045_at	6.93e-01	3.55e-01	-0.9324002	-5.63998	-0.11035306	11045_at
84914_at	6.93e-01	3.55e-01	-0.9323326	-5.64004	-0.12084288	84914_at
10794_at	6.93e-01	3.55e-01	-0.932259	-5.6401	-0.05880556	10794_at
7423_at	6.93e-01	3.55e-01	0.9321524	-5.6402	0.11061243	7423_at
51696_at	6.93e-01	3.55e-01	-0.9318213	-5.64049	-0.15386251	51696_at
5906_at	6.93e-01	3.55e-01	0.9317817	-5.64052	0.35851533	5906_at
28974_at	6.93e-01	3.55e-01	0.9314415	-5.64082	0.09215157	28974_at
5520_at	6.93e-01	3.55e-01	0.931328	-5.64092	0.08673203	5520_at
4035_at	6.93e-01	3.56e-01	-0.9311655	-5.64107	-0.09279405	4035_at
7739_at	6.93e-01	3.56e-01	-0.9309984	-5.64121	-0.13287457	7739_at
1501_at	6.93e-01	3.56e-01	-0.9308461	-5.64135	-0.08118152	1501_at
79637_at	6.93e-01	3.56e-01	-0.9305568	-5.6416	-0.0948288	79637_at
79575_at	6.93e-01	3.56e-01	-0.9304606	-5.64169	-0.09433984	79575_at
5346_at	6.94e-01	3.56e-01	-0.9301146	-5.64199	-0.13713641	5346_at
1893_at	6.94e-01	3.57e-01	0.9292101	-5.64279	0.13160874	1893_at
4192_at	6.94e-01	3.57e-01	0.929207	-5.64279	0.14177552	4192_at
1812_at	6.94e-01	3.57e-01	-0.9291332	-5.64286	-0.07547944	1812_at
4607_at	6.94e-01	3.57e-01	-0.9288795	-5.64308	-0.11352374	4607_at
6295_at	6.94e-01	3.57e-01	-0.9288336	-5.64312	-0.11891328	6295_at
100533178_at	6.94e-01	3.57e-01	-0.9286896	-5.64325	-0.13465019	100533178_at
80764_at	6.94e-01	3.57e-01	-0.9284497	-5.64346	-0.11016973	80764_at
58530_at	6.94e-01	3.57e-01	-0.9283743	-5.64353	-0.10192627	58530_at
84164_at	6.94e-01	3.57e-01	0.9281784	-5.6437	0.1040595	84164_at
79657_at	6.94e-01	3.57e-01	0.9280943	-5.64377	0.12727457	79657_at
11193_at	6.94e-01	3.57e-01	0.9280304	-5.64383	0.07916935	11193_at
150160_at	6.94e-01	3.57e-01	-0.9279065	-5.64394	-0.17781807	150160_at
8499_at	6.94e-01	3.57e-01	-0.9279063	-5.64394	-0.10393509	8499_at
10747_at	6.94e-01	3.57e-01	-0.9278228	-5.64401	-0.08527373	10747_at
3751_at	6.94e-01	3.57e-01	-0.9277868	-5.64404	-0.05731929	3751_at
3575_at	6.94e-01	3.57e-01	0.9276705	-5.64414	0.28060413	3575_at
590_at	6.94e-01	3.57e-01	0.9276583	-5.64416	0.41722775	590_at
23122_at	6.95e-01	3.58e-01	-0.9270426	-5.6447	-0.07841641	23122_at
10382_at	6.95e-01	3.58e-01	-0.9267486	-5.64495	-0.1385045	10382_at
29986_at	6.95e-01	3.58e-01	-0.9266987	-5.645	-0.11548934	29986_at
51274_at	6.95e-01	3.58e-01	0.9265069	-5.64517	0.12543953	51274_at
80254_at	6.95e-01	3.58e-01	0.9264924	-5.64518	0.09494905	80254_at
78992_at	6.95e-01	3.58e-01	0.9264419	-5.64522	0.07644756	78992_at
9771_at	6.95e-01	3.58e-01	0.926441	-5.64522	0.12695864	9771_at
50628_at	6.95e-01	3.58e-01	-0.9263173	-5.64533	-0.06990808	50628_at
78986_at	6.95e-01	3.58e-01	-0.926294	-5.64535	-0.13971934	78986_at
54962_at	6.95e-01	3.58e-01	0.9261081	-5.64552	0.12735905	54962_at
2904_at	6.95e-01	3.58e-01	-0.9258186	-5.64577	-0.08638167	2904_at
284325_at	6.95e-01	3.58e-01	-0.9257809	-5.6458	-0.09571349	284325_at
43_at	6.95e-01	3.58e-01	-0.9256894	-5.64588	-0.06454102	43_at
9727_at	6.95e-01	3.58e-01	-0.9256308	-5.64594	-0.29228299	9727_at
2874_at	6.95e-01	3.59e-01	-0.9251332	-5.64637	-0.12903843	2874_at
4761_at	6.95e-01	3.59e-01	-0.9250855	-5.64641	-0.12201115	4761_at
4140_at	6.95e-01	3.59e-01	0.9249959	-5.64649	0.07460531	4140_at
135948_at	6.95e-01	3.59e-01	-0.9248771	-5.6466	-0.06652025	135948_at
28395_at	6.95e-01	3.59e-01	0.9246413	-5.6468	0.2676462	28395_at
79758_at	6.95e-01	3.59e-01	-0.9243887	-5.64702	-0.10628985	79758_at
7319_at	6.95e-01	3.59e-01	0.9241538	-5.64723	0.10353832	7319_at
64746_at	6.96e-01	3.59e-01	0.9237652	-5.64757	0.10613791	64746_at
10730_at	6.96e-01	3.59e-01	0.9234966	-5.64781	0.08384648	10730_at
10627_at	6.96e-01	3.60e-01	0.9234389	-5.64786	0.21865075	10627_at
9465_at	6.96e-01	3.60e-01	0.9229022	-5.64833	0.09282307	9465_at
84733_at	6.96e-01	3.60e-01	-0.9226494	-5.64855	-0.09604704	84733_at
1633_at	6.96e-01	3.60e-01	0.9226349	-5.64856	0.22255279	1633_at
6400_at	6.96e-01	3.60e-01	-0.922594	-5.64859	-0.07895447	6400_at
3699_at	6.96e-01	3.60e-01	-0.9224502	-5.64872	-0.12887381	3699_at
1576_at	6.96e-01	3.60e-01	-0.9224201	-5.64875	-0.17583287	1576_at
64321_at	6.96e-01	3.60e-01	0.9223874	-5.64878	0.09685495	64321_at
266655_at	6.96e-01	3.60e-01	0.9222045	-5.64894	0.12702604	266655_at
80775_at	6.96e-01	3.60e-01	0.9221417	-5.64899	0.15235075	80775_at
6296_at	6.96e-01	3.60e-01	-0.9219513	-5.64916	-0.31682075	6296_at
7430_at	6.96e-01	3.60e-01	0.9219142	-5.64919	0.13076827	7430_at
7253_at	6.96e-01	3.60e-01	-0.9216566	-5.64941	-0.04580589	7253_at
1413_at	6.96e-01	3.60e-01	-0.921641	-5.64943	-0.08798366	1413_at
78987_at	6.96e-01	3.61e-01	0.9214995	-5.64955	0.12522931	78987_at
38_at	6.96e-01	3.61e-01	-0.9212861	-5.64974	-0.18611165	38_at
9271_at	6.96e-01	3.61e-01	-0.9212819	-5.64974	-0.0704515	9271_at
6692_at	6.96e-01	3.61e-01	0.9211317	-5.64987	0.16450615	6692_at
8650_at	6.96e-01	3.61e-01	0.9210331	-5.64996	0.0920536	8650_at
55063_at	6.97e-01	3.61e-01	-0.9202455	-5.65065	-0.0946143	55063_at
51442_at	6.97e-01	3.61e-01	-0.9202161	-5.65067	-0.06357436	51442_at
93973_at	6.97e-01	3.61e-01	0.919874	-5.65097	0.10062614	93973_at
8900_at	6.97e-01	3.61e-01	-0.9197015	-5.65112	-0.10697139	8900_at
8773_at	6.97e-01	3.61e-01	0.9196894	-5.65113	0.11915787	8773_at
65010_at	6.97e-01	3.62e-01	-0.9194647	-5.65133	-0.16578222	65010_at
5203_at	6.97e-01	3.62e-01	0.9192311	-5.65153	0.07658662	5203_at
22934_at	6.97e-01	3.62e-01	0.9189442	-5.65178	0.11403017	22934_at
30836_at	6.97e-01	3.62e-01	0.9188702	-5.65184	0.09342437	30836_at
8869_at	6.97e-01	3.62e-01	0.9187462	-5.65195	0.13063572	8869_at
23258_at	6.97e-01	3.62e-01	0.9186015	-5.65208	0.1343472	23258_at
9077_at	6.97e-01	3.62e-01	0.9184871	-5.65218	0.20869029	9077_at
3006_at	6.97e-01	3.62e-01	0.9183798	-5.65227	0.31795069	3006_at
7433_at	6.97e-01	3.62e-01	-0.9182651	-5.65237	-0.12577983	7433_at
8287_at	6.97e-01	3.62e-01	-0.918072	-5.65254	-0.35720146	8287_at
64641_at	6.97e-01	3.62e-01	-0.9180355	-5.65257	-0.07576408	64641_at
56342_at	6.97e-01	3.62e-01	-0.9180219	-5.65258	-0.11794241	56342_at
2658_at	6.97e-01	3.62e-01	-0.9179961	-5.65261	-0.12864016	2658_at
9136_at	6.97e-01	3.62e-01	0.917946	-5.65265	0.10206091	9136_at
26175_at	6.97e-01	3.62e-01	0.917886	-5.6527	0.1577842	26175_at
3224_at	6.97e-01	3.63e-01	-0.9175954	-5.65295	-0.1086793	3224_at
1478_at	6.97e-01	3.63e-01	0.9174358	-5.65309	0.09576056	1478_at
55623_at	6.97e-01	3.63e-01	-0.9171627	-5.65333	-0.14407201	55623_at
56339_at	6.97e-01	3.63e-01	0.9170282	-5.65345	0.11346648	56339_at
3712_at	6.98e-01	3.63e-01	-0.9167772	-5.65367	-0.20376783	3712_at
51542_at	6.98e-01	3.63e-01	0.9166762	-5.65375	0.1152526	51542_at
78990_at	6.98e-01	3.63e-01	0.9164759	-5.65393	0.08450328	78990_at
675_at	6.98e-01	3.63e-01	-0.9162995	-5.65408	-0.07316042	675_at
55350_at	6.98e-01	3.63e-01	-0.9160565	-5.65429	-0.088075	55350_at
55908_at	6.98e-01	3.63e-01	-0.9159934	-5.65435	-0.10653019	55908_at
8883_at	6.98e-01	3.64e-01	0.9154411	-5.65483	0.16385449	8883_at
55343_at	6.98e-01	3.64e-01	-0.9154331	-5.65483	-0.09454947	55343_at
54677_at	6.98e-01	3.64e-01	0.9150178	-5.65519	0.06969144	54677_at
10634_at	6.99e-01	3.64e-01	-0.9145707	-5.65558	-0.08056067	10634_at
9911_at	6.99e-01	3.64e-01	-0.9145407	-5.65561	-0.1048948	9911_at
1130_at	6.99e-01	3.64e-01	-0.9144657	-5.65567	-0.07016945	1130_at
64084_at	6.99e-01	3.64e-01	0.9144528	-5.65568	0.17161688	64084_at
56101_at	6.99e-01	3.64e-01	-0.9143775	-5.65575	-0.10555103	56101_at
26011_at	6.99e-01	3.64e-01	0.9142619	-5.65585	0.09156482	26011_at
51435_at	6.99e-01	3.65e-01	-0.9137258	-5.65631	-0.10314012	51435_at
208_at	6.99e-01	3.65e-01	-0.9137217	-5.65632	-0.07870989	208_at
1396_at	6.99e-01	3.65e-01	0.9134148	-5.65658	0.33286111	1396_at
5791_at	6.99e-01	3.65e-01	0.9132048	-5.65676	0.19209192	5791_at
8514_at	6.99e-01	3.65e-01	-0.913104	-5.65685	-0.12009426	8514_at
80095_at	6.99e-01	3.65e-01	0.913042	-5.6569	0.10379744	80095_at
3595_at	6.99e-01	3.65e-01	-0.9125947	-5.65729	-0.08187692	3595_at
729230_at	6.99e-01	3.65e-01	0.9125829	-5.6573	0.22047872	729230_at
90480_at	6.99e-01	3.65e-01	0.9124949	-5.65738	0.14005258	90480_at
6929_at	6.99e-01	3.65e-01	0.9123836	-5.65747	0.05585548	6929_at
1720_at	6.99e-01	3.65e-01	-0.9123355	-5.65752	-0.05347632	1720_at
8667_at	6.99e-01	3.65e-01	0.9122367	-5.6576	0.10348416	8667_at
3578_at	7.00e-01	3.66e-01	-0.9117554	-5.65802	-0.07650759	3578_at
5775_at	7.00e-01	3.66e-01	0.9115305	-5.65821	0.11557266	5775_at
7167_at	7.00e-01	3.66e-01	-0.9114976	-5.65824	-0.09998092	7167_at
60494_at	7.00e-01	3.66e-01	-0.9112167	-5.65848	-0.07143332	60494_at
537_at	7.00e-01	3.66e-01	0.9112118	-5.65849	0.09899441	537_at
23548_at	7.00e-01	3.66e-01	0.9109704	-5.6587	0.14631405	23548_at
8676_at	7.00e-01	3.66e-01	-0.9108435	-5.6588	-0.07579648	8676_at
26515_at	7.00e-01	3.66e-01	-0.9103648	-5.65922	-0.09065458	26515_at
1173_at	7.00e-01	3.66e-01	0.9102996	-5.65927	0.1534713	1173_at
22976_at	7.00e-01	3.66e-01	0.9100607	-5.65948	0.12371446	22976_at
976_at	7.00e-01	3.67e-01	0.9099901	-5.65954	0.19304333	976_at
3297_at	7.00e-01	3.67e-01	-0.9098804	-5.65964	-0.07105776	3297_at
2825_at	7.00e-01	3.67e-01	0.9097052	-5.65979	0.05440914	2825_at
8738_at	7.00e-01	3.67e-01	-0.9094752	-5.65999	-0.14089431	8738_at
7456_at	7.00e-01	3.67e-01	0.9093675	-5.66008	0.11762391	7456_at
7107_at	7.00e-01	3.67e-01	-0.9093665	-5.66008	-0.25659892	7107_at
8019_at	7.00e-01	3.67e-01	0.9092739	-5.66016	0.11309969	8019_at
259266_at	7.00e-01	3.67e-01	0.9090933	-5.66031	0.08844552	259266_at
5450_at	7.00e-01	3.67e-01	0.9088652	-5.66051	0.30624071	5450_at
3491_at	7.00e-01	3.67e-01	0.9087394	-5.66062	0.42807409	3491_at
5827_at	7.00e-01	3.67e-01	-0.9087372	-5.66062	-0.24490042	5827_at
1113_at	7.00e-01	3.67e-01	-0.9086491	-5.6607	-0.11090062	1113_at
2313_at	7.01e-01	3.67e-01	0.9081568	-5.66112	0.09504631	2313_at
23246_at	7.01e-01	3.67e-01	0.9081488	-5.66113	0.09703282	23246_at
2984_at	7.01e-01	3.68e-01	-0.9079946	-5.66126	-0.07229217	2984_at
2205_at	7.01e-01	3.68e-01	0.9078065	-5.66142	0.44742107	2205_at
10782_at	7.01e-01	3.68e-01	-0.9076543	-5.66155	-0.10806635	10782_at
64215_at	7.01e-01	3.68e-01	0.9075798	-5.66162	0.09899468	64215_at
51760_at	7.01e-01	3.68e-01	-0.9075762	-5.66162	-0.12700149	51760_at
64792_at	7.01e-01	3.68e-01	-0.9073635	-5.6618	-0.09097409	64792_at
4289_at	7.01e-01	3.68e-01	-0.9072495	-5.6619	-0.10882118	4289_at
4340_at	7.01e-01	3.68e-01	-0.9071625	-5.66198	-0.05176417	4340_at
55247_at	7.01e-01	3.68e-01	-0.906501	-5.66255	-0.12853078	55247_at
795_at	7.01e-01	3.69e-01	-0.9061638	-5.66284	-0.09313466	795_at
51268_at	7.01e-01	3.69e-01	-0.9061161	-5.66288	-0.35233087	51268_at
55856_at	7.01e-01	3.69e-01	-0.9060606	-5.66292	-0.25200896	55856_at
2172_at	7.02e-01	3.69e-01	-0.9057255	-5.66321	-0.10906463	2172_at
9221_at	7.02e-01	3.69e-01	0.9051371	-5.66372	0.0847185	9221_at
27165_at	7.02e-01	3.69e-01	-0.905104	-5.66375	-0.08393089	27165_at
80127_at	7.02e-01	3.69e-01	0.9050988	-5.66375	0.12772103	80127_at
7525_at	7.02e-01	3.69e-01	-0.9049812	-5.66385	-0.1430857	7525_at
2551_at	7.02e-01	3.69e-01	0.9048468	-5.66397	0.15932049	2551_at
54809_at	7.02e-01	3.69e-01	0.9047486	-5.66405	0.11347709	54809_at
4214_at	7.02e-01	3.69e-01	0.9045819	-5.66419	0.13656729	4214_at
7036_at	7.02e-01	3.70e-01	-0.9042069	-5.66452	-0.07751662	7036_at
2743_at	7.02e-01	3.70e-01	0.9041063	-5.6646	0.10040818	2743_at
80737_at	7.02e-01	3.70e-01	-0.9039782	-5.66471	-0.10371791	80737_at
64375_at	7.03e-01	3.70e-01	-0.9036097	-5.66503	-0.08562803	64375_at
23270_at	7.03e-01	3.70e-01	-0.9033808	-5.66522	-0.12566603	23270_at
10926_at	7.03e-01	3.70e-01	-0.9031792	-5.6654	-0.17009758	10926_at
84864_at	7.03e-01	3.70e-01	0.9029198	-5.66562	0.12195809	84864_at
11097_at	7.03e-01	3.70e-01	0.9028825	-5.66565	0.09056642	11097_at
7185_at	7.03e-01	3.70e-01	0.9028367	-5.66569	0.11646435	7185_at
3364_at	7.03e-01	3.70e-01	0.9028044	-5.66572	0.05446176	3364_at
55893_at	7.03e-01	3.70e-01	-0.9026762	-5.66583	-0.08921903	55893_at
55722_at	7.03e-01	3.70e-01	-0.9025396	-5.66594	-0.1065452	55722_at
5678_at	7.03e-01	3.70e-01	-0.9024988	-5.66598	-0.09926155	5678_at
3339_at	7.03e-01	3.71e-01	-0.9022982	-5.66615	-0.07564559	3339_at
9187_at	7.03e-01	3.71e-01	-0.9019442	-5.66645	-0.0635809	9187_at
22899_at	7.03e-01	3.71e-01	-0.9018646	-5.66652	-0.10895539	22899_at
9445_at	7.03e-01	3.71e-01	-0.9018067	-5.66657	-0.06648827	9445_at
23250_at	7.03e-01	3.71e-01	-0.9015619	-5.66678	-0.079945	23250_at
2736_at	7.03e-01	3.71e-01	-0.901436	-5.66689	-0.06380871	2736_at
1474_at	7.03e-01	3.71e-01	0.9011158	-5.66716	0.21157805	1474_at
50859_at	7.03e-01	3.71e-01	-0.9010481	-5.66722	-0.04693972	50859_at
80011_at	7.03e-01	3.71e-01	0.9010425	-5.66722	0.07554469	80011_at
150967_at	7.03e-01	3.71e-01	0.9009071	-5.66734	0.08643579	150967_at
8544_at	7.03e-01	3.71e-01	0.9007938	-5.66744	0.26249192	8544_at
5586_at	7.03e-01	3.72e-01	-0.9004531	-5.66773	-0.09916355	5586_at
1657_at	7.04e-01	3.72e-01	-0.9001094	-5.66802	-0.25180229	1657_at
7173_at	7.04e-01	3.72e-01	-0.9000806	-5.66805	-0.09175411	7173_at
5727_at	7.04e-01	3.72e-01	-0.8999583	-5.66815	-0.05881209	5727_at
776_at	7.04e-01	3.72e-01	-0.8998099	-5.66828	-0.08072759	776_at
4751_at	7.04e-01	3.72e-01	-0.8996304	-5.66843	-0.10003521	4751_at
970_at	7.04e-01	3.72e-01	-0.8993399	-5.66868	-0.10545214	970_at
3557_at	7.04e-01	3.72e-01	-0.8991799	-5.66881	-0.06842249	3557_at
2304_at	7.04e-01	3.73e-01	0.8983825	-5.66949	0.06291609	2304_at
2217_at	7.04e-01	3.73e-01	0.8983013	-5.66956	0.1403741	2217_at
9446_at	7.04e-01	3.73e-01	0.8981898	-5.66966	0.12590315	9446_at
2130_at	7.04e-01	3.73e-01	-0.8981748	-5.66967	-0.05979252	2130_at
55876_at	7.05e-01	3.73e-01	-0.8977885	-5.67	-0.08409345	55876_at
57715_at	7.05e-01	3.73e-01	-0.8977132	-5.67006	-0.10062699	57715_at
5433_at	7.05e-01	3.73e-01	0.8976643	-5.6701	0.08320006	5433_at
58503_at	7.05e-01	3.73e-01	-0.8975552	-5.6702	-0.10821196	58503_at
126208_at	7.05e-01	3.73e-01	-0.897319	-5.6704	-0.09835839	126208_at
80010_at	7.05e-01	3.73e-01	0.8971868	-5.67051	0.10069332	80010_at
7003_at	7.05e-01	3.73e-01	-0.8971369	-5.67055	-0.0755945	7003_at
9807_at	7.05e-01	3.73e-01	0.897021	-5.67065	0.07896797	9807_at
283459_at	7.05e-01	3.73e-01	-0.8969689	-5.6707	-0.10763611	283459_at
80124_at	7.05e-01	3.74e-01	-0.8965677	-5.67104	-0.08369507	80124_at
7320_at	7.05e-01	3.74e-01	-0.8965044	-5.67109	-0.08329864	7320_at
23148_at	7.05e-01	3.74e-01	0.8962916	-5.67127	0.08586548	23148_at
2810_at	7.05e-01	3.74e-01	0.8962534	-5.67131	0.26573147	2810_at
1733_at	7.05e-01	3.74e-01	-0.8961872	-5.67136	-0.37488873	1733_at
5837_at	7.05e-01	3.74e-01	-0.8961004	-5.67144	-0.12218673	5837_at
6625_at	7.05e-01	3.74e-01	0.8960932	-5.67144	0.14025093	6625_at
9409_at	7.05e-01	3.74e-01	-0.8958057	-5.67169	-0.06315639	9409_at
1816_at	7.05e-01	3.74e-01	-0.8957105	-5.67177	-0.15661579	1816_at
171586_at	7.05e-01	3.74e-01	-0.8955554	-5.6719	-0.0868949	171586_at
9413_at	7.05e-01	3.74e-01	-0.8955551	-5.6719	-0.11432324	9413_at
2744_at	7.05e-01	3.74e-01	-0.8954459	-5.67199	-0.13824936	2744_at
54212_at	7.05e-01	3.74e-01	-0.8953838	-5.67204	-0.07131049	54212_at
140578_at	7.05e-01	3.74e-01	0.8951573	-5.67224	0.25662812	140578_at
9100_at	7.05e-01	3.74e-01	0.8950783	-5.6723	0.09243141	9100_at
9889_at	7.05e-01	3.74e-01	-0.8950236	-5.67235	-0.08187628	9889_at
4811_at	7.05e-01	3.74e-01	-0.8950096	-5.67236	-0.14543951	4811_at
2842_at	7.05e-01	3.74e-01	-0.8949	-5.67245	-0.11382724	2842_at
649_at	7.05e-01	3.75e-01	-0.894423	-5.67286	-0.08934503	649_at
57586_at	7.05e-01	3.75e-01	-0.8941578	-5.67308	-0.11534043	57586_at
3222_at	7.05e-01	3.75e-01	-0.8939442	-5.67327	-0.0857127	3222_at
4023_at	7.05e-01	3.75e-01	-0.8937002	-5.67347	-0.31774923	4023_at
1326_at	7.05e-01	3.75e-01	0.8936932	-5.67348	0.10941488	1326_at
10321_at	7.05e-01	3.75e-01	-0.8936115	-5.67355	-0.05821437	10321_at
51490_at	7.05e-01	3.75e-01	0.8935757	-5.67358	0.09747995	51490_at
7328_at	7.05e-01	3.75e-01	0.8935391	-5.67361	0.11296466	7328_at
3992_at	7.05e-01	3.75e-01	-0.8932546	-5.67385	-0.09857832	3992_at
79957_at	7.05e-01	3.75e-01	-0.8932251	-5.67388	-0.09514321	79957_at
1017_at	7.06e-01	3.76e-01	-0.8928145	-5.67422	-0.08217239	1017_at
3495_at	7.06e-01	3.76e-01	-0.8927818	-5.67425	-0.13471668	3495_at
10633_at	7.06e-01	3.76e-01	-0.8926415	-5.67437	-0.11439951	10633_at
8568_at	7.06e-01	3.76e-01	-0.8923258	-5.67464	-0.08224896	8568_at
11033_at	7.06e-01	3.76e-01	-0.8923139	-5.67465	-0.09053097	11033_at
3098_at	7.06e-01	3.76e-01	0.8922847	-5.67467	0.22252071	3098_at
6262_at	7.06e-01	3.76e-01	-0.8919142	-5.67499	-0.0592393	6262_at
114_at	7.06e-01	3.76e-01	-0.8918195	-5.67507	-0.09969657	114_at
3454_at	7.06e-01	3.76e-01	0.8917859	-5.67509	0.12527297	3454_at
51611_at	7.06e-01	3.76e-01	0.8913804	-5.67544	0.06666675	51611_at
6799_at	7.06e-01	3.76e-01	0.8912304	-5.67556	0.1763497	6799_at
4893_at	7.06e-01	3.76e-01	0.8910875	-5.67568	0.16051959	4893_at
80308_at	7.06e-01	3.77e-01	-0.8906558	-5.67605	-0.08906453	80308_at
3952_at	7.07e-01	3.77e-01	-0.8899787	-5.67662	-0.0807463	3952_at
10516_at	7.07e-01	3.77e-01	0.8898395	-5.67674	0.22853762	10516_at
55815_at	7.07e-01	3.77e-01	0.8898059	-5.67677	0.0942284	55815_at
8887_at	7.07e-01	3.77e-01	0.8895181	-5.67701	0.07800512	8887_at
733_at	7.07e-01	3.77e-01	0.8894951	-5.67703	0.14744633	733_at
683_at	7.07e-01	3.77e-01	-0.8894255	-5.67709	-0.19250512	683_at
257_at	7.07e-01	3.78e-01	-0.8887093	-5.67769	-0.10874294	257_at
23473_at	7.07e-01	3.78e-01	0.8886772	-5.67772	0.11659243	23473_at
54780_at	7.07e-01	3.78e-01	0.8886458	-5.67775	0.08392753	54780_at
5836_at	7.07e-01	3.78e-01	0.8885851	-5.6778	0.15383083	5836_at
26003_at	7.07e-01	3.78e-01	0.8883489	-5.678	0.10117371	26003_at
8775_at	7.07e-01	3.78e-01	-0.8882206	-5.6781	-0.11536366	8775_at
56159_at	7.07e-01	3.78e-01	-0.8880988	-5.67821	-0.10528854	56159_at
1621_at	7.07e-01	3.78e-01	-0.8878823	-5.67839	-0.09451108	1621_at
23132_at	7.07e-01	3.78e-01	-0.8878094	-5.67845	-0.09687685	23132_at
5341_at	7.07e-01	3.78e-01	0.8877931	-5.67846	0.14446221	5341_at
79677_at	7.07e-01	3.78e-01	0.887764	-5.67849	0.11371082	79677_at
55065_at	7.07e-01	3.78e-01	-0.8877422	-5.67851	-0.08213622	55065_at
2648_at	7.07e-01	3.78e-01	-0.8877242	-5.67852	-0.10365624	2648_at
3693_at	7.08e-01	3.78e-01	0.8873059	-5.67887	0.11078816	3693_at
55743_at	7.08e-01	3.79e-01	0.8869159	-5.6792	0.14352234	55743_at
79815_at	7.08e-01	3.79e-01	-0.8867075	-5.67938	-0.1019807	79815_at
23247_at	7.08e-01	3.79e-01	-0.8865466	-5.67951	-0.07991652	23247_at
9839_at	7.08e-01	3.79e-01	0.8864324	-5.67961	0.11999439	9839_at
26528_at	7.08e-01	3.79e-01	-0.8863495	-5.67968	-0.09399355	26528_at
55259_at	7.08e-01	3.79e-01	0.8863412	-5.67969	0.08383827	55259_at
9849_at	7.08e-01	3.79e-01	0.885895	-5.68006	0.09251588	9849_at
26226_at	7.08e-01	3.79e-01	-0.8858167	-5.68013	-0.09504802	26226_at
9647_at	7.08e-01	3.79e-01	-0.8855138	-5.68038	-0.08176226	9647_at
84719_at	7.08e-01	3.80e-01	-0.885383	-5.68049	-0.07910093	84719_at
55709_at	7.08e-01	3.80e-01	-0.8850765	-5.68075	-0.0713904	55709_at
7542_at	7.08e-01	3.80e-01	-0.8848683	-5.68092	-0.07326401	7542_at
10311_at	7.08e-01	3.80e-01	-0.8846054	-5.68114	-0.11365912	10311_at
6415_at	7.08e-01	3.80e-01	-0.8845654	-5.68118	-0.11152614	6415_at
3640_at	7.08e-01	3.80e-01	-0.8845628	-5.68118	-0.06829522	3640_at
51400_at	7.08e-01	3.80e-01	-0.8845474	-5.68119	-0.06188182	51400_at
2928_at	7.08e-01	3.80e-01	-0.8845052	-5.68123	-0.04928173	2928_at
23382_at	7.08e-01	3.80e-01	-0.8844728	-5.68126	-0.12486922	23382_at
2193_at	7.09e-01	3.80e-01	0.8840172	-5.68164	0.08308548	2193_at
57406_at	7.09e-01	3.80e-01	0.8838606	-5.68177	0.25374584	57406_at
26575_at	7.09e-01	3.80e-01	-0.8835837	-5.682	-0.09223456	26575_at
3842_at	7.09e-01	3.81e-01	0.8835031	-5.68207	0.11377288	3842_at
2553_at	7.09e-01	3.81e-01	0.8834772	-5.68209	0.07219675	2553_at
7135_at	7.09e-01	3.81e-01	-0.8833209	-5.68222	-0.11879827	7135_at
80329_at	7.09e-01	3.81e-01	-0.8826832	-5.68276	-0.10975944	80329_at
3213_at	7.09e-01	3.81e-01	-0.8825499	-5.68287	-0.08072241	3213_at
2963_at	7.09e-01	3.81e-01	-0.8825471	-5.68287	-0.06322635	2963_at
8654_at	7.09e-01	3.81e-01	-0.8824217	-5.68297	-0.06539639	8654_at
79974_at	7.09e-01	3.81e-01	-0.8823238	-5.68306	-0.1286152	79974_at
10733_at	7.09e-01	3.81e-01	-0.8822857	-5.68309	-0.05509565	10733_at
79849_at	7.09e-01	3.81e-01	-0.8822048	-5.68316	-0.17953864	79849_at
1006_at	7.09e-01	3.81e-01	-0.8819436	-5.68337	-0.06553458	1006_at
6007_at	7.09e-01	3.82e-01	-0.8816528	-5.68362	-0.10982508	6007_at
9024_at	7.09e-01	3.82e-01	-0.8815479	-5.68371	-0.07369902	9024_at
28998_at	7.09e-01	3.82e-01	0.881508	-5.68374	0.14144593	28998_at
4435_at	7.09e-01	3.82e-01	-0.8814728	-5.68377	-0.11541302	4435_at
4291_at	7.09e-01	3.82e-01	0.8814047	-5.68383	0.12085885	4291_at
79177_at	7.10e-01	3.82e-01	0.8811548	-5.68403	0.06348783	79177_at
2549_at	7.10e-01	3.82e-01	-0.8808845	-5.68426	-0.08441323	2549_at
5569_at	7.10e-01	3.82e-01	-0.8807593	-5.68437	-0.16094374	5569_at
26052_at	7.10e-01	3.82e-01	-0.8804566	-5.68462	-0.06963643	26052_at
2475_at	7.10e-01	3.82e-01	-0.8804098	-5.68466	-0.10829048	2475_at
22915_at	7.11e-01	3.83e-01	0.8795135	-5.68541	0.0687555	22915_at
1649_at	7.11e-01	3.83e-01	-0.8794397	-5.68547	-0.12278587	1649_at
9918_at	7.11e-01	3.83e-01	0.87905	-5.68579	0.09744511	9918_at
29944_at	7.11e-01	3.83e-01	-0.878964	-5.68586	-0.11020296	29944_at
5868_at	7.11e-01	3.83e-01	-0.8788805	-5.68593	-0.08606672	5868_at
1032_at	7.11e-01	3.83e-01	-0.8786912	-5.68609	-0.10026345	1032_at
4884_at	7.11e-01	3.83e-01	-0.8785296	-5.68623	-0.09970372	4884_at
29933_at	7.11e-01	3.83e-01	-0.8785137	-5.68624	-0.08216815	29933_at
23511_at	7.11e-01	3.83e-01	-0.8784647	-5.68628	-0.05760917	23511_at
51585_at	7.11e-01	3.83e-01	-0.8783312	-5.68639	-0.0964348	51585_at
8836_at	7.11e-01	3.83e-01	-0.8781531	-5.68654	-0.29693623	8836_at
5257_at	7.12e-01	3.84e-01	0.8768481	-5.68763	0.11768839	5257_at
642559_at	7.12e-01	3.84e-01	0.8768357	-5.68764	0.14771288	642559_at
392_at	7.12e-01	3.84e-01	0.8768181	-5.68765	0.07719735	392_at
7084_at	7.12e-01	3.84e-01	-0.8767746	-5.68769	-0.1098988	7084_at
22800_at	7.12e-01	3.84e-01	0.8766902	-5.68776	0.19939363	22800_at
65095_at	7.12e-01	3.84e-01	-0.8765927	-5.68784	-0.08434022	65095_at
55219_at	7.12e-01	3.84e-01	0.8764227	-5.68798	0.0856128	55219_at
912_at	7.12e-01	3.84e-01	0.8761087	-5.68824	0.11526265	912_at
5457_at	7.12e-01	3.85e-01	-0.8756409	-5.68863	-0.06406536	5457_at
51449_at	7.13e-01	3.85e-01	-0.8754227	-5.68881	-0.26482531	51449_at
3897_at	7.13e-01	3.85e-01	-0.8753613	-5.68886	-0.09405261	3897_at
9521_at	7.13e-01	3.85e-01	0.8751987	-5.689	0.1382162	9521_at
60526_at	7.13e-01	3.85e-01	0.8748458	-5.68929	0.09802004	60526_at
55290_at	7.13e-01	3.85e-01	0.8743248	-5.68972	0.06498424	55290_at
55274_at	7.13e-01	3.86e-01	-0.8742379	-5.6898	-0.1039182	55274_at
10110_at	7.13e-01	3.86e-01	0.8741876	-5.68984	0.20883255	10110_at
56163_at	7.13e-01	3.86e-01	-0.8740352	-5.68996	-0.06213286	56163_at
223_at	7.14e-01	3.86e-01	-0.8734189	-5.69048	-0.1285231	223_at
3671_at	7.14e-01	3.86e-01	0.8733213	-5.69056	0.13485337	3671_at
8484_at	7.14e-01	3.86e-01	-0.8733137	-5.69056	-0.10742278	8484_at
63916_at	7.14e-01	3.86e-01	-0.8731349	-5.69071	-0.07242142	63916_at
9784_at	7.14e-01	3.86e-01	0.8728726	-5.69093	0.07216567	9784_at
256949_at	7.14e-01	3.86e-01	-0.8728182	-5.69097	-0.09334103	256949_at
23277_at	7.14e-01	3.86e-01	-0.8726405	-5.69112	-0.10219087	23277_at
83955_at	7.14e-01	3.87e-01	0.8722705	-5.69143	0.10778506	83955_at
6515_at	7.14e-01	3.87e-01	-0.8720973	-5.69157	-0.11350446	6515_at
7678_at	7.14e-01	3.87e-01	0.872095	-5.69157	0.11875643	7678_at
10777_at	7.14e-01	3.87e-01	-0.872014	-5.69164	-0.06461012	10777_at
10468_at	7.14e-01	3.87e-01	-0.8716931	-5.6919	-0.11866219	10468_at
80319_at	7.14e-01	3.87e-01	-0.871668	-5.69193	-0.10327329	80319_at
816_at	7.14e-01	3.87e-01	-0.8716397	-5.69195	-0.07554552	816_at
7139_at	7.14e-01	3.87e-01	-0.8713578	-5.69218	-0.15615909	7139_at
9138_at	7.14e-01	3.87e-01	-0.871264	-5.69226	-0.10045798	9138_at
90627_at	7.14e-01	3.87e-01	-0.8710441	-5.69244	-0.11173537	90627_at
53832_at	7.14e-01	3.87e-01	-0.8710064	-5.69247	-0.06964363	53832_at
83990_at	7.14e-01	3.87e-01	-0.8708642	-5.69259	-0.08359515	83990_at
3117_at	7.14e-01	3.87e-01	0.8707314	-5.6927	0.66798169	3117_at
7123_at	7.14e-01	3.87e-01	0.8706409	-5.69277	0.24927226	7123_at
9575_at	7.15e-01	3.88e-01	-0.8702749	-5.69308	-0.1105635	9575_at
6727_at	7.15e-01	3.88e-01	0.8701621	-5.69317	0.12434646	6727_at
10244_at	7.15e-01	3.88e-01	-0.8700463	-5.69327	-0.10677998	10244_at
10513_at	7.15e-01	3.88e-01	0.8698491	-5.69343	0.08728335	10513_at
64787_at	7.15e-01	3.88e-01	0.8698389	-5.69344	0.12298433	64787_at
55617_at	7.15e-01	3.88e-01	0.8697068	-5.69355	0.07297776	55617_at
50700_at	7.15e-01	3.88e-01	-0.8692235	-5.69394	-0.09345991	50700_at
9055_at	7.15e-01	3.88e-01	0.8691948	-5.69397	0.17638066	9055_at
6775_at	7.15e-01	3.88e-01	-0.8689987	-5.69413	-0.14841055	6775_at
79733_at	7.15e-01	3.89e-01	-0.8686046	-5.69446	-0.06618233	79733_at
607_at	7.15e-01	3.89e-01	0.868593	-5.69446	0.07250375	607_at
55679_at	7.15e-01	3.89e-01	-0.8684682	-5.69457	-0.11889593	55679_at
3092_at	7.15e-01	3.89e-01	0.8684253	-5.6946	0.08422877	3092_at
80145_at	7.15e-01	3.89e-01	-0.8683654	-5.69465	-0.13112887	80145_at
23743_at	7.15e-01	3.89e-01	-0.8680404	-5.69492	-0.2353272	23743_at
23174_at	7.15e-01	3.89e-01	0.8680097	-5.69495	0.08249627	23174_at
54093_at	7.15e-01	3.89e-01	-0.8680006	-5.69495	-0.06955721	54093_at
951_at	7.16e-01	3.89e-01	0.8671065	-5.69569	0.18968056	951_at
6624_at	7.16e-01	3.90e-01	0.8664189	-5.69626	0.10165278	6624_at
56413_at	7.16e-01	3.90e-01	0.8663949	-5.69628	0.08396696	56413_at
7352_at	7.17e-01	3.90e-01	-0.866129	-5.69649	-0.06869569	7352_at
5623_at	7.17e-01	3.90e-01	-0.8660498	-5.69656	-0.0833032	5623_at
10522_at	7.17e-01	3.90e-01	0.8658368	-5.69673	0.09895308	10522_at
64708_at	7.17e-01	3.90e-01	0.8658016	-5.69676	0.07152107	64708_at
51157_at	7.17e-01	3.90e-01	-0.8656167	-5.69691	-0.08965888	51157_at
8491_at	7.17e-01	3.90e-01	-0.8651849	-5.69727	-0.15340948	8491_at
57408_at	7.17e-01	3.90e-01	-0.8650743	-5.69736	-0.05604367	57408_at
29925_at	7.17e-01	3.91e-01	0.865014	-5.69741	0.12587097	29925_at
54442_at	7.17e-01	3.91e-01	-0.8647071	-5.69766	-0.10488305	54442_at
55177_at	7.17e-01	3.91e-01	-0.8646449	-5.69771	-0.08822386	55177_at
10570_at	7.17e-01	3.91e-01	-0.8645531	-5.69779	-0.06220038	10570_at
2936_at	7.17e-01	3.91e-01	-0.8645527	-5.69779	-0.14692766	2936_at
54107_at	7.17e-01	3.91e-01	0.8645184	-5.69782	0.14798531	54107_at
25937_at	7.17e-01	3.91e-01	-0.864466	-5.69786	-0.10724225	25937_at
9375_at	7.17e-01	3.91e-01	0.8641578	-5.69811	0.11878264	9375_at
11169_at	7.17e-01	3.91e-01	-0.8638048	-5.6984	-0.05199598	11169_at
2675_at	7.17e-01	3.91e-01	-0.8635629	-5.6986	-0.08015874	2675_at
22919_at	7.17e-01	3.91e-01	0.8635411	-5.69862	0.08450501	22919_at
51170_at	7.17e-01	3.91e-01	-0.863213	-5.69889	-0.18004033	51170_at
6617_at	7.18e-01	3.92e-01	-0.8627998	-5.69923	-0.13161336	6617_at
51073_at	7.18e-01	3.92e-01	-0.8627803	-5.69924	-0.10569828	51073_at
64766_at	7.18e-01	3.92e-01	0.8627231	-5.69929	0.09216829	64766_at
7015_at	7.18e-01	3.92e-01	-0.8623199	-5.69962	-0.10415738	7015_at
1358_at	7.18e-01	3.92e-01	-0.8622853	-5.69965	-0.10899529	1358_at
6620_at	7.18e-01	3.92e-01	-0.8617781	-5.70006	-0.07993707	6620_at
23742_at	7.18e-01	3.92e-01	-0.8617029	-5.70012	-0.10330819	23742_at
9356_at	7.18e-01	3.92e-01	-0.8616294	-5.70018	-0.34259098	9356_at
79139_at	7.18e-01	3.92e-01	0.8615503	-5.70025	0.10959374	79139_at
55057_at	7.18e-01	3.92e-01	-0.8615368	-5.70026	-0.07489251	55057_at
994_at	7.18e-01	3.93e-01	0.8612274	-5.70051	0.180331	994_at
10859_at	7.18e-01	3.93e-01	0.8610463	-5.70066	0.11991754	10859_at
5029_at	7.18e-01	3.93e-01	-0.8609907	-5.70071	-0.10319286	5029_at
55084_at	7.18e-01	3.93e-01	-0.8609648	-5.70073	-0.19116402	55084_at
84789_at	7.18e-01	3.93e-01	-0.8609417	-5.70075	-0.10099579	84789_at
78999_at	7.18e-01	3.93e-01	-0.8609129	-5.70077	-0.09713457	78999_at
55188_at	7.18e-01	3.93e-01	0.8606576	-5.70098	0.09482458	55188_at
51272_at	7.18e-01	3.93e-01	-0.8606402	-5.70099	-0.08410837	51272_at
7696_at	7.18e-01	3.93e-01	0.8605168	-5.70109	0.10234269	7696_at
3973_at	7.18e-01	3.93e-01	-0.860357	-5.70122	-0.07725219	3973_at
54769_at	7.18e-01	3.93e-01	0.860198	-5.70135	0.06976392	54769_at
55922_at	7.18e-01	3.93e-01	0.8597687	-5.7017	0.08768947	55922_at
1583_at	7.18e-01	3.93e-01	-0.859765	-5.70171	-0.08254307	1583_at
7941_at	7.19e-01	3.94e-01	0.8589877	-5.70234	0.14552702	7941_at
4141_at	7.19e-01	3.94e-01	0.8588302	-5.70247	0.10852152	4141_at
7222_at	7.19e-01	3.94e-01	-0.8588227	-5.70248	-0.05236751	7222_at
8854_at	7.19e-01	3.94e-01	0.8585182	-5.70272	0.13033497	8854_at
65990_at	7.19e-01	3.94e-01	0.8585181	-5.70272	0.13439613	65990_at
6228_at	7.19e-01	3.94e-01	0.8584572	-5.70277	0.12051238	6228_at
55512_at	7.19e-01	3.94e-01	-0.8581493	-5.70303	-0.06522783	55512_at
51019_at	7.19e-01	3.94e-01	0.8579848	-5.70316	0.0993387	51019_at
10628_at	7.20e-01	3.95e-01	0.8572008	-5.7038	0.21558409	10628_at
9735_at	7.20e-01	3.95e-01	-0.8571403	-5.70385	-0.06858202	9735_at
3651_at	7.20e-01	3.95e-01	-0.8566909	-5.70421	-0.06141153	3651_at
64598_at	7.20e-01	3.95e-01	-0.8566308	-5.70426	-0.0729956	64598_at
1758_at	7.20e-01	3.95e-01	-0.8564657	-5.7044	-0.0425903	1758_at
57162_at	7.20e-01	3.95e-01	-0.8562351	-5.70458	-0.12976269	57162_at
4892_at	7.20e-01	3.95e-01	-0.8561808	-5.70463	-0.06520238	4892_at
5604_at	7.20e-01	3.95e-01	-0.8561401	-5.70466	-0.10441226	5604_at
6720_at	7.20e-01	3.95e-01	0.8559322	-5.70483	0.13304426	6720_at
5593_at	7.20e-01	3.96e-01	-0.855843	-5.7049	-0.06958663	5593_at
9536_at	7.20e-01	3.96e-01	-0.8557322	-5.70499	-0.10310175	9536_at
5919_at	7.20e-01	3.96e-01	0.8556931	-5.70502	0.20514392	5919_at
26287_at	7.21e-01	3.96e-01	0.8553229	-5.70532	0.23952634	26287_at
23766_at	7.21e-01	3.96e-01	-0.854787	-5.70576	-0.08853492	23766_at
22925_at	7.21e-01	3.96e-01	-0.8543727	-5.7061	-0.09608295	22925_at
9313_at	7.22e-01	3.97e-01	-0.8538475	-5.70652	-0.07388913	9313_at
9377_at	7.22e-01	3.97e-01	-0.8534368	-5.70686	-0.10006475	9377_at
9545_at	7.22e-01	3.97e-01	-0.852919	-5.70727	-0.09386168	9545_at
55859_at	7.23e-01	3.97e-01	-0.8524472	-5.70766	-0.21385717	55859_at
1359_at	7.23e-01	3.98e-01	0.852091	-5.70795	0.40928012	1359_at
3696_at	7.23e-01	3.98e-01	0.8518567	-5.70813	0.13918558	3696_at
886_at	7.23e-01	3.98e-01	-0.851817	-5.70817	-0.09025962	886_at
6283_at	7.23e-01	3.98e-01	-0.8517677	-5.70821	-0.14490654	6283_at
10541_at	7.23e-01	3.98e-01	0.8515723	-5.70836	0.11584398	10541_at
10555_at	7.23e-01	3.98e-01	0.851353	-5.70854	0.11150261	10555_at
253943_at	7.23e-01	3.98e-01	0.8509058	-5.7089	0.12390334	253943_at
83440_at	7.23e-01	3.98e-01	-0.8509005	-5.70891	-0.07436797	83440_at
4065_at	7.23e-01	3.98e-01	0.8508526	-5.70895	0.31820411	4065_at
2932_at	7.24e-01	3.98e-01	0.850509	-5.70922	0.10056575	2932_at
9897_at	7.24e-01	3.98e-01	0.8504553	-5.70927	0.09376171	9897_at
51285_at	7.24e-01	3.99e-01	-0.8502254	-5.70945	-0.09806258	51285_at
23326_at	7.24e-01	3.99e-01	0.8500503	-5.70959	0.10470415	23326_at
5619_at	7.24e-01	3.99e-01	-0.849998	-5.70964	-0.08055944	5619_at
3190_at	7.24e-01	3.99e-01	0.8497955	-5.7098	0.07456204	3190_at
10587_at	7.24e-01	3.99e-01	-0.8497632	-5.70983	-0.11468391	10587_at
10046_at	7.24e-01	3.99e-01	-0.84961	-5.70995	-0.11439614	10046_at
22895_at	7.24e-01	3.99e-01	-0.8495351	-5.71001	-0.08388169	22895_at
5921_at	7.24e-01	3.99e-01	0.8493404	-5.71017	0.12231645	5921_at
64096_at	7.24e-01	3.99e-01	-0.8488654	-5.71055	-0.09328176	64096_at
6872_at	7.24e-01	4.00e-01	-0.8485707	-5.71079	-0.10497088	6872_at
5099_at	7.24e-01	4.00e-01	-0.8485213	-5.71083	-0.05105555	5099_at
79901_at	7.24e-01	4.00e-01	0.8484636	-5.71087	0.15567373	79901_at
627_at	7.24e-01	4.00e-01	0.8484398	-5.71089	0.08059032	627_at
79755_at	7.24e-01	4.00e-01	0.8483667	-5.71095	0.04725722	79755_at
1496_at	7.24e-01	4.00e-01	-0.847896	-5.71133	-0.08107016	1496_at
4888_at	7.24e-01	4.00e-01	0.8476931	-5.7115	0.14358474	4888_at
7347_at	7.24e-01	4.00e-01	0.8475734	-5.71159	0.12231073	7347_at
4012_at	7.24e-01	4.00e-01	-0.8474222	-5.71171	-0.09530986	4012_at
5106_at	7.24e-01	4.00e-01	-0.8474177	-5.71172	-0.37103868	5106_at
100128124_at	7.24e-01	4.00e-01	-0.8474067	-5.71173	-0.08809538	100128124_at
51142_at	7.24e-01	4.00e-01	0.8471643	-5.71192	0.08993933	51142_at
3007_at	7.24e-01	4.00e-01	-0.8470945	-5.71198	-0.0995867	3007_at
3843_at	7.24e-01	4.00e-01	-0.8470542	-5.71201	-0.07378321	3843_at
4318_at	7.24e-01	4.00e-01	0.846951	-5.71209	0.213734	4318_at
9958_at	7.24e-01	4.00e-01	-0.8469405	-5.7121	-0.07107216	9958_at
8482_at	7.24e-01	4.00e-01	-0.8469089	-5.71213	-0.09791613	8482_at
79053_at	7.24e-01	4.00e-01	-0.8468777	-5.71215	-0.1193936	79053_at
256051_at	7.24e-01	4.01e-01	0.8467267	-5.71227	0.06018242	256051_at
79813_at	7.24e-01	4.01e-01	-0.846721	-5.71228	-0.07712866	79813_at
4161_at	7.24e-01	4.01e-01	-0.8467143	-5.71228	-0.09462223	4161_at
2847_at	7.24e-01	4.01e-01	-0.8466276	-5.71235	-0.0725772	2847_at
10265_at	7.24e-01	4.01e-01	0.8465845	-5.71239	0.30998699	10265_at
8852_at	7.24e-01	4.01e-01	-0.8464031	-5.71253	-0.07222483	8852_at
4603_at	7.24e-01	4.01e-01	0.8463691	-5.71256	0.07801685	4603_at
3200_at	7.24e-01	4.01e-01	-0.8462519	-5.71265	-0.09051341	3200_at
4858_at	7.24e-01	4.01e-01	-0.8461586	-5.71273	-0.06311455	4858_at
51361_at	7.24e-01	4.01e-01	0.8458791	-5.71295	0.10814526	51361_at
23194_at	7.24e-01	4.01e-01	-0.8455193	-5.71324	-0.11272023	23194_at
10603_at	7.24e-01	4.01e-01	-0.8453951	-5.71334	-0.08808964	10603_at
755_at	7.24e-01	4.01e-01	-0.8452538	-5.71346	-0.09336243	755_at
81621_at	7.24e-01	4.01e-01	-0.8451879	-5.71351	-0.07452204	81621_at
4109_at	7.25e-01	4.02e-01	-0.8449765	-5.71368	-0.09911381	4109_at
6524_at	7.25e-01	4.02e-01	-0.8446682	-5.71393	-0.27788129	6524_at
51278_at	7.25e-01	4.02e-01	0.8446504	-5.71394	0.26661448	51278_at
51107_at	7.25e-01	4.02e-01	-0.8442156	-5.71429	-0.08976245	51107_at
51666_at	7.25e-01	4.02e-01	-0.8440644	-5.71441	-0.05836977	51666_at
256227_at	7.25e-01	4.02e-01	-0.8438736	-5.71456	-0.09157115	256227_at
2850_at	7.25e-01	4.02e-01	-0.8437157	-5.71469	-0.10448907	2850_at
6121_at	7.25e-01	4.02e-01	0.8436452	-5.71475	0.04584341	6121_at
4144_at	7.25e-01	4.02e-01	-0.8434873	-5.71487	-0.19623921	4144_at
2208_at	7.25e-01	4.03e-01	-0.8430414	-5.71523	-0.05808859	2208_at
9703_at	7.26e-01	4.03e-01	0.8428596	-5.71538	0.08402734	9703_at
79586_at	7.26e-01	4.03e-01	-0.8427269	-5.71548	-0.08288206	79586_at
10921_at	7.26e-01	4.03e-01	0.8426744	-5.71552	0.11444019	10921_at
738_at	7.26e-01	4.03e-01	0.842241	-5.71587	0.09393011	738_at
55229_at	7.26e-01	4.03e-01	0.8420973	-5.71599	0.10643935	55229_at
7454_at	7.26e-01	4.03e-01	-0.8417908	-5.71623	-0.05784369	7454_at
147912_at	7.26e-01	4.03e-01	-0.8417686	-5.71625	-0.07334261	147912_at
29956_at	7.26e-01	4.04e-01	-0.8412148	-5.71669	-0.11548001	29956_at
83604_at	7.27e-01	4.04e-01	0.8408261	-5.717	0.13233499	83604_at
1441_at	7.27e-01	4.04e-01	-0.8407078	-5.7171	-0.0935402	1441_at
3622_at	7.27e-01	4.04e-01	-0.840237	-5.71747	-0.1171765	3622_at
5026_at	7.27e-01	4.04e-01	-0.8402194	-5.71749	-0.10076846	5026_at
3589_at	7.27e-01	4.04e-01	-0.8400817	-5.7176	-0.07195601	3589_at
4248_at	7.27e-01	4.04e-01	-0.8396573	-5.71794	-0.08335647	4248_at
9435_at	7.27e-01	4.04e-01	-0.8396225	-5.71796	-0.10784194	9435_at
11160_at	7.27e-01	4.05e-01	-0.8395464	-5.71802	-0.12349863	11160_at
57513_at	7.27e-01	4.05e-01	-0.8394625	-5.71809	-0.06263961	57513_at
4829_at	7.27e-01	4.05e-01	-0.8394395	-5.71811	-0.0901869	4829_at
83446_at	7.27e-01	4.05e-01	-0.8392853	-5.71823	-0.08859692	83446_at
11015_at	7.27e-01	4.05e-01	0.839115	-5.71837	0.13521292	11015_at
80221_at	7.27e-01	4.05e-01	-0.8389191	-5.71852	-0.27248818	80221_at
55237_at	7.27e-01	4.05e-01	-0.838717	-5.71869	-0.10709734	55237_at
9478_at	7.27e-01	4.05e-01	-0.8387115	-5.71869	-0.09682528	9478_at
51705_at	7.27e-01	4.05e-01	0.8384455	-5.7189	0.25000265	51705_at
221_at	7.27e-01	4.05e-01	-0.8383719	-5.71896	-0.13406671	221_at
9071_at	7.28e-01	4.05e-01	0.8379295	-5.71931	0.17804996	9071_at
14_at	7.28e-01	4.06e-01	-0.8377411	-5.71946	-0.0707713	14_at
6018_at	7.28e-01	4.06e-01	-0.8377316	-5.71947	-0.09325432	6018_at
5055_at	7.28e-01	4.06e-01	-0.8375154	-5.71964	-0.11909859	5055_at
57418_at	7.28e-01	4.06e-01	-0.837234	-5.71987	-0.18345872	57418_at
10087_at	7.28e-01	4.06e-01	0.8371593	-5.71993	0.17091131	10087_at
4059_at	7.28e-01	4.06e-01	-0.836764	-5.72024	-0.10848069	4059_at
79172_at	7.28e-01	4.06e-01	-0.8366878	-5.7203	-0.08347796	79172_at
54361_at	7.28e-01	4.06e-01	0.8361655	-5.72072	0.07602067	54361_at
55086_at	7.28e-01	4.06e-01	-0.8361158	-5.72076	-0.08911717	55086_at
140467_at	7.28e-01	4.07e-01	-0.8359751	-5.72087	-0.1172277	140467_at
65003_at	7.28e-01	4.07e-01	0.835927	-5.72091	0.08772812	65003_at
55841_at	7.28e-01	4.07e-01	-0.8358341	-5.72098	-0.08362416	55841_at
11257_at	7.28e-01	4.07e-01	-0.8357713	-5.72103	-0.10278297	11257_at
7073_at	7.28e-01	4.07e-01	-0.8356949	-5.72109	-0.04452734	7073_at
6192_at	7.28e-01	4.07e-01	-0.8356264	-5.72114	-1.45335387	6192_at
8243_at	7.28e-01	4.07e-01	-0.8356013	-5.72116	-0.06881184	8243_at
51665_at	7.29e-01	4.07e-01	-0.8350171	-5.72163	-0.0426961	51665_at
123_at	7.29e-01	4.07e-01	0.8348174	-5.72179	0.21626434	123_at
28996_at	7.29e-01	4.07e-01	-0.8347282	-5.72186	-0.09407315	28996_at
54988_at	7.29e-01	4.07e-01	-0.8346941	-5.72188	-0.22527011	54988_at
3635_at	7.29e-01	4.07e-01	-0.8344185	-5.7221	-0.1053432	3635_at
23242_at	7.29e-01	4.08e-01	0.833537	-5.7228	0.10535018	23242_at
55153_at	7.29e-01	4.08e-01	0.8335295	-5.72281	0.12604273	55153_at
9577_at	7.29e-01	4.08e-01	0.8334873	-5.72284	0.07500763	9577_at
1464_at	7.29e-01	4.08e-01	-0.8334591	-5.72286	-0.07371222	1464_at
3993_at	7.29e-01	4.08e-01	0.8332641	-5.72302	0.10403924	3993_at
8985_at	7.29e-01	4.08e-01	0.8331903	-5.72308	0.10463972	8985_at
3586_at	7.29e-01	4.08e-01	-0.8331855	-5.72308	-0.0684383	3586_at
9501_at	7.29e-01	4.08e-01	0.8331781	-5.72308	0.18425614	9501_at
79903_at	7.29e-01	4.08e-01	-0.8329914	-5.72323	-0.07573335	79903_at
9310_at	7.29e-01	4.08e-01	0.8329035	-5.7233	0.08593706	9310_at
29991_at	7.29e-01	4.08e-01	-0.8327643	-5.72341	-0.10794556	29991_at
8403_at	7.29e-01	4.08e-01	-0.8326361	-5.72351	-0.06673095	8403_at
57171_at	7.29e-01	4.08e-01	-0.8325052	-5.72362	-0.09874192	57171_at
10795_at	7.29e-01	4.09e-01	0.8322681	-5.72381	0.1418434	10795_at
2906_at	7.29e-01	4.09e-01	0.8322561	-5.72381	0.08067109	2906_at
57576_at	7.29e-01	4.09e-01	-0.8322251	-5.72384	-0.09236877	57576_at
2804_at	7.29e-01	4.09e-01	0.8320259	-5.724	0.09169392	2804_at
27288_at	7.29e-01	4.09e-01	0.8318359	-5.72415	0.05954861	27288_at
7060_at	7.29e-01	4.09e-01	-0.8315777	-5.72435	-0.11761825	7060_at
9175_at	7.29e-01	4.09e-01	-0.8315604	-5.72436	-0.07668107	9175_at
1340_at	7.29e-01	4.09e-01	0.8314957	-5.72442	0.07524625	1340_at
80723_at	7.29e-01	4.09e-01	0.8313497	-5.72453	0.11002169	80723_at
55125_at	7.29e-01	4.09e-01	0.8312821	-5.72458	0.10193961	55125_at
7761_at	7.29e-01	4.09e-01	0.8312726	-5.72459	0.0582169	7761_at
4901_at	7.29e-01	4.09e-01	-0.8312067	-5.72464	-0.08486557	4901_at
7434_at	7.29e-01	4.09e-01	-0.8311305	-5.7247	-0.07754507	7434_at
79595_at	7.29e-01	4.09e-01	-0.8311179	-5.72471	-0.08268336	79595_at
157869_at	7.29e-01	4.09e-01	-0.8309882	-5.72482	-0.09807232	157869_at
8711_at	7.29e-01	4.09e-01	-0.8308039	-5.72496	-0.09540488	8711_at
79788_at	7.29e-01	4.09e-01	-0.8307857	-5.72498	-0.10373249	79788_at
10663_at	7.29e-01	4.10e-01	-0.83061	-5.72512	-0.08706425	10663_at
3305_at	7.30e-01	4.10e-01	-0.8300881	-5.72553	-0.10570573	3305_at
10989_at	7.30e-01	4.10e-01	0.8298712	-5.7257	0.07364817	10989_at
23353_at	7.30e-01	4.10e-01	-0.8296411	-5.72588	-0.12500439	23353_at
6820_at	7.30e-01	4.10e-01	-0.8296406	-5.72588	-0.09447371	6820_at
27030_at	7.30e-01	4.10e-01	0.8296037	-5.72591	0.08272722	27030_at
10788_at	7.30e-01	4.10e-01	-0.8295695	-5.72594	-0.21110667	10788_at
11123_at	7.30e-01	4.10e-01	-0.8295377	-5.72596	-0.0653287	11123_at
8731_at	7.30e-01	4.10e-01	-0.8295121	-5.72598	-0.05524213	8731_at
55080_at	7.30e-01	4.10e-01	0.8294829	-5.726	0.18583075	55080_at
5973_at	7.30e-01	4.10e-01	-0.82911	-5.7263	-0.17635072	5973_at
1069_at	7.30e-01	4.10e-01	0.8288902	-5.72647	0.11449097	1069_at
6543_at	7.30e-01	4.11e-01	-0.8287415	-5.72659	-0.09903966	6543_at
1103_at	7.30e-01	4.11e-01	-0.8283514	-5.7269	-0.09286376	1103_at
6794_at	7.30e-01	4.11e-01	-0.8283281	-5.72691	-0.0661499	6794_at
51617_at	7.30e-01	4.11e-01	-0.8280579	-5.72713	-0.0902388	51617_at
3067_at	7.30e-01	4.11e-01	-0.8279021	-5.72725	-0.08973969	3067_at
51151_at	7.30e-01	4.11e-01	-0.8276533	-5.72744	-0.08172456	51151_at
81932_at	7.30e-01	4.11e-01	0.8273955	-5.72765	0.19940043	81932_at
6745_at	7.30e-01	4.11e-01	0.8273739	-5.72766	0.10177642	6745_at
91_at	7.30e-01	4.11e-01	0.8273615	-5.72767	0.07208423	91_at
1537_at	7.30e-01	4.11e-01	-0.8272603	-5.72775	-0.12162734	1537_at
4005_at	7.30e-01	4.11e-01	-0.8272071	-5.7278	-0.16599652	4005_at
4173_at	7.30e-01	4.11e-01	0.8271077	-5.72787	0.06154265	4173_at
7296_at	7.30e-01	4.11e-01	0.8271068	-5.72787	0.15923778	7296_at
51320_at	7.30e-01	4.11e-01	0.8270896	-5.72789	0.10672416	51320_at
4799_at	7.31e-01	4.12e-01	-0.8265192	-5.72834	-0.04466819	4799_at
80099_at	7.31e-01	4.12e-01	-0.8264709	-5.72837	-0.11078222	80099_at
29915_at	7.31e-01	4.12e-01	0.8262416	-5.72855	0.06504101	29915_at
92249_at	7.31e-01	4.12e-01	0.8261731	-5.72861	0.07872987	92249_at
26093_at	7.31e-01	4.12e-01	-0.8261678	-5.72861	-0.09797053	26093_at
55236_at	7.31e-01	4.12e-01	0.8257528	-5.72894	0.11482958	55236_at
72_at	7.31e-01	4.13e-01	-0.8252542	-5.72933	-0.15664898	72_at
4319_at	7.32e-01	4.13e-01	-0.8246275	-5.72982	-0.06333036	4319_at
4781_at	7.32e-01	4.13e-01	-0.8245764	-5.72986	-0.09650579	4781_at
306_at	7.32e-01	4.13e-01	0.8244149	-5.72999	0.32714248	306_at
7535_at	7.32e-01	4.13e-01	0.8241981	-5.73016	0.12077466	7535_at
4852_at	7.32e-01	4.13e-01	-0.8238964	-5.73039	-0.10165265	4852_at
55854_at	7.32e-01	4.13e-01	0.8238288	-5.73045	0.10120776	55854_at
9785_at	7.32e-01	4.13e-01	-0.8238193	-5.73045	-0.07809356	9785_at
6390_at	7.32e-01	4.13e-01	-0.8237515	-5.73051	-0.16942691	6390_at
390892_at	7.32e-01	4.13e-01	-0.8237178	-5.73053	-0.06084238	390892_at
89795_at	7.32e-01	4.13e-01	-0.8236706	-5.73057	-0.11370014	89795_at
6490_at	7.32e-01	4.14e-01	-0.8231988	-5.73094	-0.106346	6490_at
26468_at	7.32e-01	4.14e-01	-0.823056	-5.73105	-0.08921501	26468_at
5694_at	7.32e-01	4.14e-01	0.8228198	-5.73124	0.08686928	5694_at
27202_at	7.32e-01	4.14e-01	-0.8226493	-5.73137	-0.06749002	27202_at
3937_at	7.32e-01	4.14e-01	0.8223834	-5.73158	0.15286681	3937_at
53335_at	7.32e-01	4.14e-01	-0.8222957	-5.73165	-0.09152198	53335_at
91851_at	7.32e-01	4.14e-01	-0.8222841	-5.73166	-0.27851485	91851_at
7508_at	7.32e-01	4.14e-01	0.8222006	-5.73172	0.11969934	7508_at
1105_at	7.32e-01	4.14e-01	-0.8221323	-5.73177	-0.10284031	1105_at
112479_at	7.32e-01	4.14e-01	-0.8221133	-5.73179	-0.0898779	112479_at
847_at	7.33e-01	4.14e-01	-0.8218881	-5.73196	-0.16218307	847_at
9542_at	7.33e-01	4.15e-01	-0.8217105	-5.7321	-0.05835154	9542_at
680_at	7.33e-01	4.15e-01	-0.8213198	-5.73241	-0.07401347	680_at
3981_at	7.33e-01	4.15e-01	-0.8212727	-5.73245	-0.07604731	3981_at
55717_at	7.33e-01	4.15e-01	0.8205111	-5.73304	0.14074949	55717_at
8822_at	7.33e-01	4.15e-01	-0.820285	-5.73322	-0.08527873	8822_at
2632_at	7.33e-01	4.15e-01	-0.8202203	-5.73327	-0.13093691	2632_at
2870_at	7.33e-01	4.15e-01	-0.820124	-5.73334	-0.06662685	2870_at
100289678_at	7.33e-01	4.15e-01	-0.8200956	-5.73336	-0.07387366	100289678_at
23007_at	7.33e-01	4.15e-01	0.819992	-5.73344	0.04637523	23007_at
6497_at	7.33e-01	4.16e-01	0.8198318	-5.73357	0.08273435	6497_at
25979_at	7.33e-01	4.16e-01	0.8197867	-5.7336	0.12535455	25979_at
51406_at	7.34e-01	4.16e-01	0.8192116	-5.73405	0.09108295	51406_at
10884_at	7.34e-01	4.16e-01	-0.8188335	-5.73435	-0.11780118	10884_at
20_at	7.34e-01	4.16e-01	-0.8187265	-5.73443	-0.06055346	20_at
54453_at	7.34e-01	4.16e-01	0.8187047	-5.73445	0.12868282	54453_at
25837_at	7.34e-01	4.16e-01	-0.818675	-5.73447	-0.07903172	25837_at
1012_at	7.34e-01	4.16e-01	-0.8184863	-5.73462	-0.16652636	1012_at
9443_at	7.34e-01	4.16e-01	0.8182354	-5.73481	0.07956299	9443_at
2020_at	7.34e-01	4.17e-01	-0.8182193	-5.73482	-0.0681308	2020_at
9562_at	7.34e-01	4.17e-01	0.8180148	-5.73498	0.15983759	9562_at
284_at	7.34e-01	4.17e-01	0.8179497	-5.73503	0.13835258	284_at
9834_at	7.35e-01	4.17e-01	-0.8172702	-5.73556	-0.10666673	9834_at
1416_at	7.35e-01	4.17e-01	-0.8172416	-5.73558	-0.10705409	1416_at
79444_at	7.35e-01	4.17e-01	0.8171797	-5.73563	0.09036349	79444_at
23759_at	7.36e-01	4.18e-01	-0.8160369	-5.73652	-0.06777604	23759_at
6671_at	7.36e-01	4.18e-01	-0.8158733	-5.73665	-0.09078555	6671_at
51035_at	7.36e-01	4.18e-01	0.8156695	-5.7368	0.05861117	51035_at
4710_at	7.36e-01	4.18e-01	-0.8156156	-5.73685	-0.06417301	4710_at
54954_at	7.36e-01	4.18e-01	-0.815515	-5.73692	-0.06647566	54954_at
258_at	7.36e-01	4.18e-01	-0.8153842	-5.73703	-0.09344228	258_at
8449_at	7.36e-01	4.18e-01	0.8152525	-5.73713	0.07006249	8449_at
30849_at	7.36e-01	4.18e-01	-0.8151455	-5.73721	-0.12574372	30849_at
340591_at	7.36e-01	4.18e-01	0.8149273	-5.73738	0.10232286	340591_at
54991_at	7.36e-01	4.18e-01	-0.8146969	-5.73756	-0.09210375	54991_at
496_at	7.36e-01	4.19e-01	-0.8142672	-5.73789	-0.0850878	496_at
80035_at	7.36e-01	4.19e-01	-0.8141388	-5.73799	-0.05875315	80035_at
1584_at	7.36e-01	4.19e-01	-0.8140104	-5.73809	-0.05968923	1584_at
353500_at	7.36e-01	4.19e-01	-0.8139812	-5.73811	-0.07255972	353500_at
55810_at	7.36e-01	4.19e-01	0.8139255	-5.73816	0.08430669	55810_at
960_at	7.36e-01	4.19e-01	0.8138988	-5.73818	0.22958597	960_at
2584_at	7.36e-01	4.19e-01	-0.8138789	-5.73819	-0.18212175	2584_at
23508_at	7.36e-01	4.19e-01	-0.813812	-5.73824	-0.07255712	23508_at
10233_at	7.36e-01	4.19e-01	-0.8137552	-5.73829	-0.15019657	10233_at
9609_at	7.36e-01	4.19e-01	0.8136292	-5.73839	0.1060491	9609_at
8367_at	7.36e-01	4.19e-01	-0.8135755	-5.73843	-0.08255484	8367_at
6276_at	7.36e-01	4.19e-01	0.813537	-5.73846	0.08282008	6276_at
1235_at	7.36e-01	4.19e-01	0.8134844	-5.7385	0.06864243	1235_at
4778_at	7.36e-01	4.19e-01	-0.8130638	-5.73882	-0.07224891	4778_at
5239_at	7.36e-01	4.19e-01	-0.8130576	-5.73883	-0.10456842	5239_at
1602_at	7.36e-01	4.20e-01	-0.8126554	-5.73914	-0.12382302	1602_at
55156_at	7.37e-01	4.20e-01	0.8123745	-5.73936	0.13195766	55156_at
2696_at	7.37e-01	4.20e-01	-0.8117132	-5.73987	-0.07264871	2696_at
6886_at	7.37e-01	4.20e-01	-0.811631	-5.73993	-0.07536015	6886_at
10893_at	7.37e-01	4.20e-01	-0.8115199	-5.74001	-0.07233607	10893_at
5650_at	7.37e-01	4.20e-01	-0.8113973	-5.74011	-0.16149495	5650_at
54465_at	7.37e-01	4.20e-01	0.8113221	-5.74017	0.13465233	54465_at
10613_at	7.37e-01	4.21e-01	-0.8110743	-5.74036	-0.11591919	10613_at
10956_at	7.37e-01	4.21e-01	0.8109846	-5.74043	0.06729311	10956_at
4049_at	7.37e-01	4.21e-01	-0.8107701	-5.74059	-0.08152361	4049_at
60314_at	7.38e-01	4.21e-01	0.8103763	-5.7409	0.11383808	60314_at
3567_at	7.38e-01	4.21e-01	-0.810271	-5.74098	-0.06152693	3567_at
2593_at	7.38e-01	4.21e-01	-0.8101955	-5.74104	-0.15087431	2593_at
55323_at	7.38e-01	4.21e-01	0.8100624	-5.74114	0.10285704	55323_at
10048_at	7.38e-01	4.21e-01	-0.8098919	-5.74127	-0.06964106	10048_at
475_at	7.38e-01	4.21e-01	0.8098446	-5.74131	0.12122404	475_at
24140_at	7.38e-01	4.21e-01	-0.8095259	-5.74155	-0.08437728	24140_at
27335_at	7.38e-01	4.21e-01	-0.8094626	-5.7416	-0.07371619	27335_at
8704_at	7.38e-01	4.21e-01	-0.809425	-5.74163	-0.09578939	8704_at
64856_at	7.38e-01	4.22e-01	-0.8088323	-5.74209	-0.08389075	64856_at
7867_at	7.38e-01	4.22e-01	-0.8087033	-5.74218	-0.08593668	7867_at
57053_at	7.38e-01	4.22e-01	-0.8085518	-5.7423	-0.07194795	57053_at
80264_at	7.38e-01	4.22e-01	-0.8084148	-5.74241	-0.11789786	80264_at
8870_at	7.38e-01	4.22e-01	-0.808295	-5.7425	-0.33962783	8870_at
79571_at	7.38e-01	4.22e-01	0.8079017	-5.7428	0.07796699	79571_at
2160_at	7.38e-01	4.22e-01	-0.8078344	-5.74285	-0.19512794	2160_at
9935_at	7.38e-01	4.22e-01	0.8078217	-5.74286	0.3147305	9935_at
81539_at	7.38e-01	4.22e-01	-0.8077151	-5.74294	-0.22670417	81539_at
2671_at	7.38e-01	4.23e-01	-0.8075796	-5.74305	-0.07352219	2671_at
9107_at	7.39e-01	4.23e-01	0.8073236	-5.74324	0.11918093	9107_at
9039_at	7.39e-01	4.23e-01	0.8071624	-5.74337	0.10614452	9039_at
51092_at	7.39e-01	4.23e-01	0.8070326	-5.74347	0.07956605	51092_at
2797_at	7.39e-01	4.23e-01	-0.8068258	-5.74363	-0.1016141	2797_at
9862_at	7.39e-01	4.23e-01	0.8067232	-5.74371	0.10506606	9862_at
57045_at	7.39e-01	4.23e-01	-0.8066551	-5.74376	-0.17013462	57045_at
10079_at	7.39e-01	4.23e-01	0.8065858	-5.74381	0.20306696	10079_at
23312_at	7.39e-01	4.23e-01	0.8063363	-5.744	0.14033519	23312_at
4851_at	7.39e-01	4.23e-01	-0.8062893	-5.74404	-0.07606855	4851_at
63036_at	7.39e-01	4.23e-01	-0.8060756	-5.7442	-0.06745781	63036_at
57828_at	7.39e-01	4.23e-01	-0.8060461	-5.74422	-0.08559486	57828_at
25789_at	7.39e-01	4.24e-01	-0.8058644	-5.74436	-0.1158888	25789_at
100128640_at	7.39e-01	4.24e-01	-0.805769	-5.74444	-0.09386793	100128640_at
79066_at	7.39e-01	4.24e-01	-0.8057453	-5.74446	-0.05955386	79066_at
3706_at	7.39e-01	4.24e-01	-0.8055214	-5.74463	-0.08426301	3706_at
5601_at	7.39e-01	4.24e-01	-0.8054056	-5.74472	-0.07866011	5601_at
8366_at	7.39e-01	4.24e-01	-0.8053968	-5.74472	-0.06764245	8366_at
23303_at	7.39e-01	4.24e-01	-0.8052081	-5.74487	-0.10260393	23303_at
9588_at	7.39e-01	4.24e-01	-0.8051757	-5.74489	-0.05770546	9588_at
55083_at	7.39e-01	4.24e-01	-0.8051256	-5.74493	-0.06707897	55083_at
79012_at	7.39e-01	4.24e-01	-0.8051003	-5.74495	-0.1025721	79012_at
100862671_at	7.39e-01	4.24e-01	-0.8050262	-5.74501	-0.07342574	100862671_at
64859_at	7.39e-01	4.24e-01	0.8043313	-5.74554	0.0699573	64859_at
8715_at	7.39e-01	4.25e-01	0.8039898	-5.7458	0.14500648	8715_at
4239_at	7.40e-01	4.25e-01	0.8036349	-5.74607	0.11410349	4239_at
9669_at	7.40e-01	4.25e-01	0.8034887	-5.74618	0.08465903	9669_at
79922_at	7.40e-01	4.25e-01	-0.8034412	-5.74622	-0.08832021	79922_at
5704_at	7.40e-01	4.25e-01	0.8034313	-5.74623	0.10452001	5704_at
55334_at	7.40e-01	4.25e-01	-0.8034045	-5.74625	-0.08962383	55334_at
30062_at	7.40e-01	4.25e-01	-0.8032621	-5.74636	-0.10071872	30062_at
10210_at	7.40e-01	4.25e-01	-0.8030758	-5.7465	-0.09652142	10210_at
51439_at	7.40e-01	4.25e-01	-0.8030719	-5.7465	-0.1146457	51439_at
387082_at	7.40e-01	4.25e-01	-0.802954	-5.74659	-0.13195863	387082_at
22990_at	7.40e-01	4.25e-01	0.8025527	-5.7469	0.05144436	22990_at
22937_at	7.40e-01	4.25e-01	0.8024785	-5.74695	0.07801784	22937_at
1137_at	7.40e-01	4.26e-01	-0.8022665	-5.74712	-0.05894499	1137_at
1810_at	7.40e-01	4.26e-01	0.802005	-5.74731	0.08504725	1810_at
10993_at	7.40e-01	4.26e-01	0.8015536	-5.74766	0.09489985	10993_at
55090_at	7.40e-01	4.26e-01	-0.8015048	-5.7477	-0.09491986	55090_at
55612_at	7.40e-01	4.26e-01	0.8014074	-5.74777	0.161553	55612_at
2960_at	7.40e-01	4.26e-01	0.8013743	-5.7478	0.10774306	2960_at
22859_at	7.40e-01	4.26e-01	-0.8013719	-5.7478	-0.061585	22859_at
80215_at	7.40e-01	4.26e-01	-0.8013691	-5.7478	-0.09252595	80215_at
9516_at	7.40e-01	4.26e-01	0.8013135	-5.74784	0.16205345	9516_at
5331_at	7.40e-01	4.26e-01	-0.8012371	-5.7479	-0.0850172	5331_at
646_at	7.40e-01	4.26e-01	-0.8012343	-5.7479	-0.0704012	646_at
29781_at	7.40e-01	4.26e-01	-0.8008319	-5.74821	-0.06089238	29781_at
79812_at	7.40e-01	4.26e-01	0.8007328	-5.74828	0.1018124	79812_at
90333_at	7.40e-01	4.27e-01	0.8004884	-5.74847	0.10696327	90333_at
1237_at	7.40e-01	4.27e-01	-0.8002381	-5.74866	-0.09867724	1237_at
5899_at	7.40e-01	4.27e-01	0.8001135	-5.74876	0.08110495	5899_at
7994_at	7.40e-01	4.27e-01	0.7999788	-5.74886	0.05132699	7994_at
1393_at	7.41e-01	4.27e-01	0.7996994	-5.74907	0.24096589	1393_at
5915_at	7.41e-01	4.27e-01	-0.7996567	-5.7491	-0.06922217	5915_at
1132_at	7.41e-01	4.27e-01	0.7995185	-5.74921	0.08979552	1132_at
1060_at	7.41e-01	4.27e-01	-0.7994295	-5.74928	-0.15291921	1060_at
10842_at	7.41e-01	4.27e-01	-0.7992387	-5.74942	-0.08529855	10842_at
23178_at	7.41e-01	4.27e-01	-0.7991014	-5.74953	-0.06411029	23178_at
81669_at	7.41e-01	4.28e-01	0.7988644	-5.74971	0.1067624	81669_at
55061_at	7.41e-01	4.28e-01	-0.798778	-5.74977	-0.11346521	55061_at
643641_at	7.41e-01	4.28e-01	-0.7985774	-5.74992	-0.08019696	643641_at
10936_at	7.41e-01	4.28e-01	-0.7984946	-5.74999	-0.06905561	10936_at
16_at	7.41e-01	4.28e-01	0.7981628	-5.75024	0.0728186	16_at
10290_at	7.41e-01	4.28e-01	-0.7980167	-5.75035	-0.07561708	10290_at
64782_at	7.41e-01	4.28e-01	-0.7977614	-5.75054	-0.08639174	64782_at
896_at	7.41e-01	4.28e-01	0.797627	-5.75065	0.13084574	896_at
84612_at	7.41e-01	4.28e-01	0.7974548	-5.75078	0.1340552	84612_at
23553_at	7.42e-01	4.29e-01	-0.7971544	-5.751	-0.0880744	23553_at
1773_at	7.43e-01	4.29e-01	-0.7960891	-5.75181	-0.21330857	1773_at
149111_at	7.43e-01	4.29e-01	-0.7959445	-5.75192	-0.06067048	149111_at
8632_at	7.43e-01	4.29e-01	-0.7958572	-5.75199	-0.06735918	8632_at
23673_at	7.43e-01	4.30e-01	-0.7954416	-5.7523	-0.06311866	23673_at
317762_at	7.43e-01	4.30e-01	-0.7953698	-5.75236	-0.06730822	317762_at
3394_at	7.43e-01	4.30e-01	0.795172	-5.75251	0.30698796	3394_at
139538_at	7.43e-01	4.30e-01	-0.795048	-5.7526	-0.05770833	139538_at
84079_at	7.43e-01	4.30e-01	0.7949562	-5.75267	0.11668142	84079_at
51222_at	7.43e-01	4.30e-01	-0.7949492	-5.75267	-0.07205418	51222_at
26503_at	7.43e-01	4.30e-01	-0.7947823	-5.7528	-0.17369894	26503_at
55157_at	7.43e-01	4.30e-01	-0.7947336	-5.75284	-0.10737875	55157_at
8972_at	7.43e-01	4.30e-01	-0.794573	-5.75296	-0.36910972	8972_at
79605_at	7.43e-01	4.30e-01	0.7943569	-5.75312	0.11754866	79605_at
79600_at	7.43e-01	4.30e-01	0.7943181	-5.75315	0.07077823	79600_at
10101_at	7.43e-01	4.30e-01	-0.7941891	-5.75325	-0.08191316	10101_at
6655_at	7.43e-01	4.30e-01	-0.7941855	-5.75325	-0.06491339	6655_at
1770_at	7.43e-01	4.30e-01	-0.7938241	-5.75352	-0.0645785	1770_at
79054_at	7.43e-01	4.31e-01	-0.7937144	-5.75361	-0.08836205	79054_at
29775_at	7.43e-01	4.31e-01	0.7936548	-5.75365	0.09528389	29775_at
8875_at	7.43e-01	4.31e-01	0.7935453	-5.75373	0.17763264	8875_at
64963_at	7.43e-01	4.31e-01	0.7935001	-5.75377	0.04932319	64963_at
37_at	7.43e-01	4.31e-01	0.7930062	-5.75414	0.10670165	37_at
27309_at	7.44e-01	4.31e-01	0.7921316	-5.7548	0.08231542	27309_at
55317_at	7.44e-01	4.31e-01	0.7921088	-5.75482	0.07095039	55317_at
64118_at	7.44e-01	4.32e-01	-0.7919002	-5.75498	-0.10599137	64118_at
730101_at	7.44e-01	4.32e-01	0.7917741	-5.75507	0.15394435	730101_at
51594_at	7.44e-01	4.32e-01	0.7917365	-5.7551	0.09073561	51594_at
10540_at	7.44e-01	4.32e-01	0.7916654	-5.75515	0.09186705	10540_at
10120_at	7.44e-01	4.32e-01	-0.7912247	-5.75548	-0.07592128	10120_at
2672_at	7.44e-01	4.32e-01	-0.7910169	-5.75564	-0.07388534	2672_at
79064_at	7.44e-01	4.32e-01	0.790886	-5.75574	0.08464835	79064_at
9751_at	7.44e-01	4.32e-01	-0.7908827	-5.75574	-0.09197707	9751_at
2841_at	7.44e-01	4.32e-01	0.7908698	-5.75575	0.15624727	2841_at
3385_at	7.44e-01	4.32e-01	0.7908514	-5.75577	0.13550615	3385_at
9646_at	7.44e-01	4.32e-01	0.7907655	-5.75583	0.11490771	9646_at
10318_at	7.44e-01	4.32e-01	0.7906178	-5.75594	0.10239112	10318_at
55816_at	7.44e-01	4.32e-01	0.7905455	-5.756	0.1645111	55816_at
3386_at	7.44e-01	4.32e-01	-0.7905004	-5.75603	-0.0779514	3386_at
3931_at	7.44e-01	4.32e-01	0.7904595	-5.75606	0.07106289	3931_at
6640_at	7.44e-01	4.32e-01	-0.790412	-5.7561	-0.13364415	6640_at
11314_at	7.44e-01	4.33e-01	0.790154	-5.75629	0.11639867	11314_at
3554_at	7.44e-01	4.33e-01	0.7900934	-5.75634	0.1085196	3554_at
538_at	7.44e-01	4.33e-01	-0.7895779	-5.75672	-0.08823554	538_at
3176_at	7.44e-01	4.33e-01	-0.789534	-5.75676	-0.11044243	3176_at
51083_at	7.44e-01	4.33e-01	0.7895162	-5.75677	0.12838628	51083_at
873_at	7.45e-01	4.33e-01	0.7891764	-5.75702	0.13086763	873_at
26297_at	7.45e-01	4.33e-01	-0.7889261	-5.75721	-0.07825983	26297_at
4617_at	7.45e-01	4.33e-01	-0.7888045	-5.7573	-0.0755534	4617_at
4126_at	7.45e-01	4.34e-01	0.7884443	-5.75757	0.07538714	4126_at
54662_at	7.45e-01	4.34e-01	-0.7884034	-5.7576	-0.12828533	54662_at
10895_at	7.45e-01	4.34e-01	-0.7880503	-5.75787	-0.08063566	10895_at
113177_at	7.45e-01	4.34e-01	-0.7878209	-5.75804	-0.10187407	113177_at
51466_at	7.45e-01	4.34e-01	0.7877962	-5.75806	0.12552471	51466_at
8354_at	7.45e-01	4.34e-01	-0.7877763	-5.75807	-0.05642665	8354_at
25915_at	7.45e-01	4.34e-01	-0.7877422	-5.7581	-0.10005198	25915_at
7001_at	7.45e-01	4.34e-01	-0.787537	-5.75825	-0.09117638	7001_at
2488_at	7.45e-01	4.34e-01	-0.7874432	-5.75832	-0.07828378	2488_at
7169_at	7.45e-01	4.34e-01	0.787382	-5.75837	0.09485534	7169_at
266629_at	7.45e-01	4.34e-01	0.7873614	-5.75839	0.06373248	266629_at
60467_at	7.45e-01	4.34e-01	0.7873306	-5.75841	0.04912699	60467_at
4708_at	7.45e-01	4.34e-01	-0.7872557	-5.75846	-0.07262112	4708_at
147_at	7.45e-01	4.34e-01	-0.7870438	-5.75862	-0.06965971	147_at
114885_at	7.45e-01	4.34e-01	-0.7869805	-5.75867	-0.12597104	114885_at
11073_at	7.45e-01	4.34e-01	0.7869379	-5.7587	0.10249281	11073_at
5980_at	7.45e-01	4.34e-01	0.7868486	-5.75877	0.13127988	5980_at
10464_at	7.45e-01	4.35e-01	0.7867669	-5.75883	0.12086187	10464_at
6869_at	7.45e-01	4.35e-01	-0.786706	-5.75888	-0.06591423	6869_at
3268_at	7.45e-01	4.35e-01	-0.7864596	-5.75906	-0.06955577	3268_at
9934_at	7.45e-01	4.35e-01	0.7862866	-5.75919	0.13682309	9934_at
6132_at	7.45e-01	4.35e-01	0.785991	-5.75941	0.0909164	6132_at
11285_at	7.45e-01	4.35e-01	0.7858631	-5.75951	0.06311487	11285_at
4626_at	7.45e-01	4.35e-01	0.7857503	-5.75959	0.47701925	4626_at
51727_at	7.46e-01	4.35e-01	0.7853499	-5.75989	0.10628823	51727_at
51228_at	7.46e-01	4.36e-01	0.785071	-5.7601	0.14963673	51228_at
2787_at	7.46e-01	4.36e-01	0.7847582	-5.76033	0.13272347	2787_at
285282_at	7.46e-01	4.36e-01	-0.7842199	-5.76073	-0.09455065	285282_at
23091_at	7.46e-01	4.36e-01	0.7841686	-5.76077	0.06027246	23091_at
5217_at	7.46e-01	4.36e-01	-0.7841158	-5.76081	-0.0726963	5217_at
10873_at	7.46e-01	4.36e-01	-0.7840999	-5.76082	-0.12376441	10873_at
2735_at	7.46e-01	4.36e-01	-0.7839502	-5.76094	-0.09257554	2735_at
1195_at	7.46e-01	4.36e-01	0.7838205	-5.76103	0.13012212	1195_at
79072_at	7.46e-01	4.36e-01	-0.7837261	-5.7611	-0.19277533	79072_at
51531_at	7.46e-01	4.36e-01	0.7836136	-5.76119	0.0703104	51531_at
27436_at	7.46e-01	4.36e-01	0.7834427	-5.76131	0.14256982	27436_at
57088_at	7.46e-01	4.37e-01	0.7832409	-5.76146	0.13955902	57088_at
8242_at	7.46e-01	4.37e-01	-0.7831167	-5.76156	-0.07719932	8242_at
26251_at	7.47e-01	4.37e-01	-0.7828705	-5.76174	-0.09818053	26251_at
5062_at	7.47e-01	4.37e-01	0.7826722	-5.76189	0.10869025	5062_at
9829_at	7.47e-01	4.37e-01	0.7825778	-5.76196	0.09022157	9829_at
51520_at	7.47e-01	4.37e-01	-0.7824388	-5.76206	-0.14510488	51520_at
23658_at	7.47e-01	4.37e-01	-0.7823298	-5.76214	-0.08453636	23658_at
5156_at	7.47e-01	4.37e-01	0.7821724	-5.76226	0.18652588	5156_at
55628_at	7.47e-01	4.37e-01	-0.7821255	-5.7623	-0.03465322	55628_at
8653_at	7.47e-01	4.37e-01	-0.7820459	-5.76235	-0.34598997	8653_at
55243_at	7.47e-01	4.37e-01	-0.7819302	-5.76244	-0.0741564	55243_at
10755_at	7.47e-01	4.38e-01	-0.7816641	-5.76264	-0.08098978	10755_at
64837_at	7.47e-01	4.38e-01	-0.7812176	-5.76297	-0.08377128	64837_at
9772_at	7.47e-01	4.38e-01	-0.7811216	-5.76304	-0.07577018	9772_at
56912_at	7.47e-01	4.38e-01	-0.7809664	-5.76316	-0.10880217	56912_at
23439_at	7.47e-01	4.38e-01	-0.7808124	-5.76327	-0.04619357	23439_at
10536_at	7.48e-01	4.38e-01	-0.7803888	-5.76359	-0.08844836	10536_at
29924_at	7.48e-01	4.38e-01	-0.7801047	-5.7638	-0.11575376	29924_at
1030_at	7.48e-01	4.39e-01	-0.7799112	-5.76394	-0.0670433	1030_at
51548_at	7.48e-01	4.39e-01	-0.7798162	-5.76401	-0.07512898	51548_at
55072_at	7.48e-01	4.39e-01	-0.7798065	-5.76402	-0.08415956	55072_at
91442_at	7.48e-01	4.39e-01	0.7797158	-5.76409	0.07548003	91442_at
51226_at	7.49e-01	4.39e-01	-0.7788232	-5.76475	-0.11944383	51226_at
2691_at	7.49e-01	4.39e-01	-0.7784689	-5.76501	-0.08734525	2691_at
6948_at	7.49e-01	4.39e-01	0.7784452	-5.76503	0.16632807	6948_at
55101_at	7.49e-01	4.39e-01	-0.7784433	-5.76503	-0.07399462	55101_at
9381_at	7.49e-01	4.40e-01	-0.7777261	-5.76556	-0.0769143	9381_at
56948_at	7.50e-01	4.40e-01	-0.7772533	-5.76591	-0.0833091	56948_at
168544_at	7.50e-01	4.40e-01	-0.7771199	-5.76601	-0.10080551	168544_at
7157_at	7.50e-01	4.40e-01	0.776629	-5.76637	0.10307723	7157_at
4850_at	7.50e-01	4.41e-01	-0.7762239	-5.76667	-0.03941381	4850_at
3859_at	7.50e-01	4.41e-01	-0.7760182	-5.76682	-0.06896757	3859_at
113146_at	7.50e-01	4.41e-01	-0.7758219	-5.76697	-0.07947257	113146_at
51750_at	7.50e-01	4.41e-01	-0.7756446	-5.7671	-0.10068514	51750_at
5705_at	7.50e-01	4.41e-01	-0.7756211	-5.76712	-0.07724397	5705_at
3884_at	7.50e-01	4.41e-01	-0.7755671	-5.76716	-0.08541377	3884_at
5579_at	7.50e-01	4.41e-01	0.7755533	-5.76717	0.09842723	5579_at
10128_at	7.50e-01	4.41e-01	-0.7752865	-5.76736	-0.13294113	10128_at
10455_at	7.50e-01	4.41e-01	-0.7752258	-5.76741	-0.19184269	10455_at
79632_at	7.50e-01	4.41e-01	-0.7751151	-5.76749	-0.10790817	79632_at
9328_at	7.51e-01	4.42e-01	0.7748043	-5.76772	0.06413029	9328_at
238_at	7.51e-01	4.42e-01	-0.7741361	-5.76821	-0.06651099	238_at
9013_at	7.51e-01	4.42e-01	-0.7740707	-5.76826	-0.05671365	9013_at
348110_at	7.51e-01	4.42e-01	-0.7739309	-5.76836	-0.07177524	348110_at
5655_at	7.51e-01	4.42e-01	-0.773854	-5.76842	-0.0719097	5655_at
2017_at	7.51e-01	4.42e-01	-0.7735773	-5.76862	-0.08485553	2017_at
4862_at	7.51e-01	4.42e-01	-0.7734082	-5.76875	-0.07614188	4862_at
9412_at	7.51e-01	4.43e-01	0.7731175	-5.76896	0.11366344	9412_at
9852_at	7.51e-01	4.43e-01	-0.7731097	-5.76897	-0.10173466	9852_at
51257_at	7.51e-01	4.43e-01	0.7730912	-5.76898	0.09291988	51257_at
2213_at	7.51e-01	4.43e-01	0.7729957	-5.76905	0.2760158	2213_at
55179_at	7.52e-01	4.43e-01	0.7724386	-5.76946	0.19166975	55179_at
9001_at	7.52e-01	4.43e-01	-0.7721873	-5.76965	-0.07762441	9001_at
30012_at	7.52e-01	4.43e-01	-0.7721758	-5.76965	-0.06032814	30012_at
1632_at	7.52e-01	4.43e-01	-0.7721332	-5.76969	-0.11922931	1632_at
518_at	7.52e-01	4.43e-01	-0.7719764	-5.7698	-0.07875351	518_at
6591_at	7.52e-01	4.43e-01	-0.7718233	-5.76991	-0.18775346	6591_at
9032_at	7.52e-01	4.43e-01	-0.7717724	-5.76995	-0.21437995	9032_at
7083_at	7.52e-01	4.43e-01	-0.77175	-5.76997	-0.10108663	7083_at
4927_at	7.52e-01	4.43e-01	0.7717107	-5.77	0.10991072	4927_at
55_at	7.52e-01	4.43e-01	0.7716884	-5.77001	0.28893767	55_at
10745_at	7.52e-01	4.43e-01	0.7715682	-5.7701	0.07646562	10745_at
79742_at	7.52e-01	4.44e-01	-0.7714318	-5.7702	-0.10215577	79742_at
22884_at	7.52e-01	4.44e-01	0.7714094	-5.77022	0.08732066	22884_at
5786_at	7.52e-01	4.44e-01	0.7712949	-5.7703	0.05617289	5786_at
9223_at	7.52e-01	4.44e-01	-0.7711348	-5.77042	-0.0731832	9223_at
56106_at	7.52e-01	4.44e-01	-0.7711111	-5.77044	-0.0956232	56106_at
57097_at	7.52e-01	4.44e-01	0.7709572	-5.77055	0.06976257	57097_at
55975_at	7.52e-01	4.44e-01	-0.770819	-5.77065	-0.06255053	55975_at
51686_at	7.52e-01	4.44e-01	-0.770634	-5.77079	-0.08014645	51686_at
29083_at	7.52e-01	4.44e-01	0.7705675	-5.77084	0.08899146	29083_at
51018_at	7.52e-01	4.44e-01	-0.7698354	-5.77137	-0.08743822	51018_at
3350_at	7.52e-01	4.45e-01	-0.7697407	-5.77144	-0.08115759	3350_at
5518_at	7.52e-01	4.45e-01	0.7696534	-5.77151	0.09803829	5518_at
5463_at	7.52e-01	4.45e-01	-0.7695901	-5.77155	-0.05480541	5463_at
92170_at	7.52e-01	4.45e-01	0.7695425	-5.77159	0.09774031	92170_at
2961_at	7.52e-01	4.45e-01	0.7695027	-5.77162	0.11861797	2961_at
4113_at	7.52e-01	4.45e-01	-0.7694524	-5.77165	-0.08651494	4113_at
157922_at	7.52e-01	4.45e-01	-0.7693023	-5.77176	-0.04379121	157922_at
6331_at	7.52e-01	4.45e-01	-0.7691291	-5.77189	-0.07485509	6331_at
2053_at	7.52e-01	4.45e-01	-0.7690846	-5.77192	-0.25469829	2053_at
51187_at	7.52e-01	4.45e-01	0.7689235	-5.77204	0.103515	51187_at
11277_at	7.52e-01	4.45e-01	0.7689172	-5.77204	0.08201265	11277_at
25875_at	7.52e-01	4.45e-01	-0.768736	-5.77218	-0.11894246	25875_at
28960_at	7.52e-01	4.45e-01	-0.7687026	-5.7722	-0.10736517	28960_at
25770_at	7.52e-01	4.45e-01	-0.7683984	-5.77242	-0.10104004	25770_at
55018_at	7.52e-01	4.45e-01	0.7683946	-5.77243	0.05739716	55018_at
219_at	7.52e-01	4.45e-01	-0.7680909	-5.77265	-0.20780458	219_at
9928_at	7.52e-01	4.46e-01	-0.7680254	-5.7727	-0.06757088	9928_at
138046_at	7.52e-01	4.46e-01	-0.7678841	-5.7728	-0.28654594	138046_at
8034_at	7.52e-01	4.46e-01	-0.7677843	-5.77287	-0.10207107	8034_at
3824_at	7.52e-01	4.46e-01	-0.7676424	-5.77298	-0.07300887	3824_at
54883_at	7.52e-01	4.46e-01	-0.7675366	-5.77305	-0.0728514	54883_at
262_at	7.52e-01	4.46e-01	-0.7674189	-5.77314	-0.10746877	262_at
93432_at	7.52e-01	4.46e-01	-0.7673407	-5.7732	-0.06919594	93432_at
10480_at	7.52e-01	4.46e-01	0.7672233	-5.77328	0.11717327	10480_at
79946_at	7.52e-01	4.46e-01	-0.7671193	-5.77336	-0.08695514	79946_at
9681_at	7.52e-01	4.46e-01	0.7670959	-5.77338	0.07127196	9681_at
55138_at	7.52e-01	4.46e-01	-0.7670726	-5.77339	-0.1164887	55138_at
3732_at	7.52e-01	4.46e-01	-0.7666732	-5.77369	-0.08638902	3732_at
2034_at	7.52e-01	4.46e-01	-0.7666301	-5.77372	-0.0905813	2034_at
54716_at	7.52e-01	4.46e-01	0.7665316	-5.77379	0.16077569	54716_at
6588_at	7.52e-01	4.46e-01	-0.7665119	-5.7738	-0.09538179	6588_at
7552_at	7.52e-01	4.46e-01	0.7664772	-5.77383	0.07301618	7552_at
9774_at	7.52e-01	4.46e-01	0.7664174	-5.77387	0.10144642	9774_at
84726_at	7.52e-01	4.47e-01	0.7663303	-5.77394	0.05166532	84726_at
1261_at	7.52e-01	4.47e-01	-0.7662083	-5.77402	-0.06542698	1261_at
53630_at	7.52e-01	4.47e-01	-0.7660126	-5.77417	-0.09823175	53630_at
4674_at	7.52e-01	4.47e-01	0.765773	-5.77434	0.11330814	4674_at
64232_at	7.53e-01	4.47e-01	-0.765425	-5.7746	-0.09281327	64232_at
54207_at	7.53e-01	4.47e-01	0.7653756	-5.77463	0.17576644	54207_at
5004_at	7.53e-01	4.47e-01	-0.7652886	-5.77469	-0.07752408	5004_at
80129_at	7.53e-01	4.47e-01	0.7652806	-5.7747	0.08585831	80129_at
57158_at	7.53e-01	4.47e-01	-0.7649315	-5.77495	-0.08078724	57158_at
5774_at	7.53e-01	4.47e-01	0.7648066	-5.77505	0.09528226	5774_at
60468_at	7.53e-01	4.47e-01	0.7647663	-5.77508	0.07654114	60468_at
55182_at	7.53e-01	4.48e-01	0.7644266	-5.77532	0.0729445	55182_at
64834_at	7.53e-01	4.48e-01	0.7642736	-5.77543	0.08967795	64834_at
10413_at	7.53e-01	4.48e-01	0.7642717	-5.77544	0.12930661	10413_at
8882_at	7.53e-01	4.48e-01	0.7639707	-5.77565	0.08930895	8882_at
26277_at	7.53e-01	4.48e-01	0.7636407	-5.77589	0.07341063	26277_at
9134_at	7.53e-01	4.48e-01	-0.7635999	-5.77592	-0.07513037	9134_at
771_at	7.53e-01	4.48e-01	-0.7635043	-5.77599	-0.13963069	771_at
8554_at	7.53e-01	4.48e-01	-0.7630285	-5.77634	-0.05477765	8554_at
94025_at	7.53e-01	4.48e-01	-0.7630112	-5.77635	-0.08326649	94025_at
2781_at	7.53e-01	4.49e-01	-0.7629232	-5.77642	-0.08378877	2781_at
5347_at	7.53e-01	4.49e-01	-0.7628724	-5.77645	-0.08002944	5347_at
22885_at	7.53e-01	4.49e-01	-0.7627349	-5.77655	-0.15855858	22885_at
59269_at	7.54e-01	4.49e-01	-0.7625214	-5.77671	-0.07227447	59269_at
79718_at	7.54e-01	4.49e-01	0.7622959	-5.77687	0.15529976	79718_at
23552_at	7.54e-01	4.49e-01	-0.7620032	-5.77708	-0.08087196	23552_at
22846_at	7.54e-01	4.49e-01	0.7618886	-5.77717	0.10462899	22846_at
79887_at	7.54e-01	4.49e-01	0.7617598	-5.77726	0.12287623	79887_at
6304_at	7.54e-01	4.49e-01	0.7617061	-5.7773	0.12501284	6304_at
4720_at	7.54e-01	4.50e-01	0.7612147	-5.77766	0.08164357	4720_at
2907_at	7.54e-01	4.50e-01	-0.7609186	-5.77787	-0.12697322	2907_at
57140_at	7.55e-01	4.50e-01	-0.7602973	-5.77832	-0.08269652	57140_at
23484_at	7.55e-01	4.50e-01	-0.7600642	-5.77849	-0.10122964	23484_at
3895_at	7.55e-01	4.50e-01	-0.759962	-5.77856	-0.15307388	3895_at
23498_at	7.55e-01	4.50e-01	-0.7596002	-5.77882	-0.14320971	23498_at
22878_at	7.55e-01	4.51e-01	-0.75942	-5.77895	-0.0966466	22878_at
23111_at	7.55e-01	4.51e-01	0.7593952	-5.77897	0.10486686	23111_at
5075_at	7.55e-01	4.51e-01	-0.7591937	-5.77912	-0.08292808	5075_at
55831_at	7.55e-01	4.51e-01	0.7590179	-5.77925	0.06698231	55831_at
6658_at	7.55e-01	4.51e-01	-0.7590025	-5.77926	-0.05533174	6658_at
10678_at	7.56e-01	4.51e-01	-0.758638	-5.77952	-0.10234559	10678_at
27128_at	7.56e-01	4.51e-01	-0.7585788	-5.77956	-0.09085732	27128_at
5471_at	7.56e-01	4.51e-01	-0.7582495	-5.7798	-0.07717855	5471_at
9152_at	7.56e-01	4.51e-01	-0.7579518	-5.78002	-0.10854416	9152_at
4058_at	7.56e-01	4.51e-01	-0.7579266	-5.78003	-0.07681429	4058_at
51321_at	7.56e-01	4.52e-01	-0.7578666	-5.78008	-0.10019953	51321_at
11313_at	7.56e-01	4.52e-01	0.7577995	-5.78013	0.11043744	11313_at
1089_at	7.56e-01	4.52e-01	-0.7577729	-5.78014	-0.07094704	1089_at
51375_at	7.56e-01	4.52e-01	0.7577674	-5.78015	0.09189981	51375_at
11074_at	7.56e-01	4.52e-01	-0.7576705	-5.78022	-0.05445272	11074_at
4091_at	7.56e-01	4.52e-01	0.7571531	-5.78059	0.07283632	4091_at
29960_at	7.56e-01	4.52e-01	0.757097	-5.78063	0.05871106	29960_at
4707_at	7.56e-01	4.52e-01	-0.7569185	-5.78076	-0.08911789	4707_at
1366_at	7.56e-01	4.52e-01	0.7568765	-5.78079	0.18550305	1366_at
6346_at	7.56e-01	4.52e-01	-0.7568466	-5.78081	-0.08504415	6346_at
5407_at	7.56e-01	4.52e-01	-0.7568445	-5.78081	-0.10757293	5407_at
9025_at	7.56e-01	4.52e-01	-0.7563814	-5.78115	-0.05369185	9025_at
9837_at	7.56e-01	4.53e-01	0.7562113	-5.78127	0.1322797	9837_at
685_at	7.56e-01	4.53e-01	0.7559493	-5.78146	0.05221113	685_at
7159_at	7.56e-01	4.53e-01	0.7558895	-5.7815	0.14447367	7159_at
55347_at	7.56e-01	4.53e-01	-0.7557213	-5.78162	-0.16589965	55347_at
51343_at	7.56e-01	4.53e-01	-0.755704	-5.78164	-0.04833566	51343_at
5935_at	7.56e-01	4.53e-01	0.7556694	-5.78166	0.13475098	5935_at
3991_at	7.56e-01	4.53e-01	-0.7553441	-5.78189	-0.07192387	3991_at
28983_at	7.56e-01	4.53e-01	-0.7552962	-5.78193	-0.06367439	28983_at
4883_at	7.56e-01	4.53e-01	0.7552073	-5.78199	0.26779178	4883_at
51171_at	7.56e-01	4.53e-01	-0.754962	-5.78217	-0.20881157	51171_at
9732_at	7.56e-01	4.53e-01	-0.7549205	-5.7822	-0.13232809	9732_at
2976_at	7.56e-01	4.53e-01	-0.7548628	-5.78224	-0.06165745	2976_at
205564_at	7.56e-01	4.53e-01	-0.7548476	-5.78225	-0.04570277	205564_at
27180_at	7.56e-01	4.53e-01	-0.7546478	-5.78239	-0.08438619	27180_at
9398_at	7.56e-01	4.53e-01	-0.7546223	-5.78241	-0.0762781	9398_at
28232_at	7.56e-01	4.53e-01	0.7545865	-5.78244	0.1080652	28232_at
171392_at	7.56e-01	4.54e-01	-0.7544993	-5.7825	-0.04539443	171392_at
2919_at	7.56e-01	4.54e-01	0.7544484	-5.78254	0.25111424	2919_at
2875_at	7.57e-01	4.54e-01	-0.7540129	-5.78285	-0.15627818	2875_at
53829_at	7.57e-01	4.54e-01	0.7538356	-5.78298	0.12964102	53829_at
27113_at	7.57e-01	4.54e-01	-0.7537269	-5.78306	-0.10252232	27113_at
3890_at	7.57e-01	4.55e-01	-0.7528583	-5.78368	-0.07083428	3890_at
246243_at	7.58e-01	4.55e-01	0.7525606	-5.78389	0.08004999	246243_at
55131_at	7.58e-01	4.55e-01	0.7523066	-5.78407	0.08784371	55131_at
7223_at	7.58e-01	4.55e-01	-0.7523024	-5.78408	-0.04118542	7223_at
1738_at	7.58e-01	4.55e-01	-0.7521794	-5.78417	-0.10719381	1738_at
55216_at	7.58e-01	4.55e-01	0.7521194	-5.78421	0.08189986	55216_at
91373_at	7.58e-01	4.55e-01	0.7520848	-5.78423	0.09330345	91373_at
79624_at	7.58e-01	4.55e-01	0.7520383	-5.78427	0.14986389	79624_at
11213_at	7.58e-01	4.55e-01	-0.7518006	-5.78444	-0.05941433	11213_at
51014_at	7.58e-01	4.55e-01	-0.7517191	-5.7845	-0.09702402	51014_at
7051_at	7.58e-01	4.55e-01	-0.7515467	-5.78462	-0.09511538	7051_at
27291_at	7.58e-01	4.55e-01	0.7513067	-5.78479	0.05369454	27291_at
5747_at	7.58e-01	4.56e-01	0.7511925	-5.78487	0.07342358	5747_at
9948_at	7.58e-01	4.56e-01	0.7510707	-5.78496	0.10751685	9948_at
9656_at	7.58e-01	4.56e-01	-0.7510527	-5.78497	-0.06347203	9656_at
391_at	7.58e-01	4.56e-01	0.7509362	-5.78506	0.08800668	391_at
2491_at	7.58e-01	4.56e-01	-0.7509179	-5.78507	-0.05792585	2491_at
11243_at	7.58e-01	4.56e-01	0.7508636	-5.78511	0.0761212	11243_at
272_at	7.58e-01	4.56e-01	-0.7508322	-5.78513	-0.07170183	272_at
5829_at	7.58e-01	4.56e-01	-0.7507267	-5.78521	-0.06246768	5829_at
55592_at	7.58e-01	4.56e-01	-0.7505761	-5.78531	-0.0792601	55592_at
4880_at	7.58e-01	4.56e-01	-0.7505384	-5.78534	-0.05691984	4880_at
84986_at	7.58e-01	4.56e-01	-0.7502466	-5.78555	-0.06216853	84986_at
23020_at	7.58e-01	4.56e-01	0.7498313	-5.78585	0.0989686	23020_at
11140_at	7.58e-01	4.56e-01	0.7497729	-5.78589	0.09103497	11140_at
8648_at	7.58e-01	4.56e-01	0.7497224	-5.78592	0.04927682	8648_at
9038_at	7.58e-01	4.56e-01	-0.7496574	-5.78597	-0.07592198	9038_at
51728_at	7.58e-01	4.56e-01	0.7495641	-5.78604	0.09713876	51728_at
9938_at	7.58e-01	4.57e-01	0.749322	-5.78621	0.11866929	9938_at
2819_at	7.58e-01	4.57e-01	-0.7491387	-5.78634	-0.24476074	2819_at
3196_at	7.58e-01	4.57e-01	-0.7489514	-5.78647	-0.04825787	3196_at
10205_at	7.58e-01	4.57e-01	0.7488314	-5.78656	0.1061609	10205_at
5506_at	7.58e-01	4.57e-01	0.7487329	-5.78663	0.0458157	5506_at
6712_at	7.58e-01	4.57e-01	-0.7485779	-5.78674	-0.08290283	6712_at
22826_at	7.58e-01	4.57e-01	0.748443	-5.78684	0.04824644	22826_at
22890_at	7.58e-01	4.57e-01	0.7482817	-5.78695	0.06458669	22890_at
81851_at	7.58e-01	4.57e-01	-0.7482749	-5.78696	-0.06703202	81851_at
1499_at	7.58e-01	4.57e-01	-0.7482184	-5.787	-0.11100043	1499_at
9842_at	7.58e-01	4.57e-01	0.7481706	-5.78703	0.08420373	9842_at
51601_at	7.58e-01	4.57e-01	0.7481484	-5.78705	0.13352465	51601_at
101929165_at	7.58e-01	4.57e-01	-0.748136	-5.78706	-0.05460876	101929165_at
64222_at	7.58e-01	4.57e-01	0.7480656	-5.78711	0.10451231	64222_at
10165_at	7.58e-01	4.58e-01	-0.7476326	-5.78741	-0.15739156	10165_at
79644_at	7.58e-01	4.58e-01	-0.7475561	-5.78747	-0.0715872	79644_at
55968_at	7.58e-01	4.58e-01	-0.7475499	-5.78747	-0.05612962	55968_at
57579_at	7.58e-01	4.58e-01	-0.7474764	-5.78752	-0.0677119	57579_at
124583_at	7.58e-01	4.58e-01	0.7473924	-5.78758	0.08243023	124583_at
29079_at	7.58e-01	4.58e-01	0.7473662	-5.7876	0.09603368	29079_at
55192_at	7.58e-01	4.58e-01	0.7469913	-5.78787	0.11524996	55192_at
3795_at	7.58e-01	4.58e-01	-0.746949	-5.7879	-0.22102997	3795_at
2042_at	7.59e-01	4.59e-01	-0.7461185	-5.78849	-0.04400864	2042_at
23265_at	7.59e-01	4.59e-01	0.7461126	-5.7885	0.05663001	23265_at
375346_at	7.59e-01	4.59e-01	0.7458283	-5.7887	0.1186038	375346_at
1535_at	7.59e-01	4.59e-01	0.7458199	-5.7887	0.15789563	1535_at
6414_at	7.59e-01	4.59e-01	-0.7458126	-5.78871	-0.11105239	6414_at
54854_at	7.59e-01	4.59e-01	-0.745221	-5.78913	-0.07028148	54854_at
10218_at	7.59e-01	4.59e-01	0.7452188	-5.78913	0.13246671	10218_at
7475_at	7.59e-01	4.59e-01	-0.7451903	-5.78915	-0.07238517	7475_at
1760_at	7.59e-01	4.59e-01	-0.7451593	-5.78917	-0.10375164	1760_at
6694_at	7.59e-01	4.59e-01	-0.7451281	-5.78919	-0.09581639	6694_at
6581_at	7.59e-01	4.59e-01	0.7451	-5.78921	0.11067947	6581_at
6124_at	7.59e-01	4.59e-01	0.7450873	-5.78922	0.09770005	6124_at
29980_at	7.59e-01	4.59e-01	-0.7449383	-5.78933	-0.10095608	29980_at
79176_at	7.59e-01	4.59e-01	0.7448922	-5.78936	0.09268652	79176_at
4199_at	7.59e-01	4.59e-01	0.7446923	-5.7895	0.17916853	4199_at
1551_at	7.59e-01	4.60e-01	-0.7444128	-5.7897	-0.34422224	1551_at
8751_at	7.59e-01	4.60e-01	-0.7442989	-5.78978	-0.08114151	8751_at
11085_at	7.59e-01	4.60e-01	-0.7442924	-5.78979	-0.07187911	11085_at
230_at	7.59e-01	4.60e-01	-0.7441516	-5.78989	-0.09697857	230_at
51637_at	7.60e-01	4.60e-01	0.743529	-5.79033	0.06644421	51637_at
4534_at	7.60e-01	4.60e-01	-0.7429043	-5.79077	-0.08464293	4534_at
8301_at	7.60e-01	4.61e-01	0.7428479	-5.79081	0.08730297	8301_at
2661_at	7.60e-01	4.61e-01	-0.7428145	-5.79083	-0.09376224	2661_at
51085_at	7.60e-01	4.61e-01	-0.742767	-5.79087	-0.14545519	51085_at
9663_at	7.60e-01	4.61e-01	-0.7427567	-5.79087	-0.09800409	9663_at
6695_at	7.60e-01	4.61e-01	-0.7427565	-5.79088	-0.2435883	6695_at
4795_at	7.60e-01	4.61e-01	-0.7427309	-5.79089	-0.07609206	4795_at
23223_at	7.60e-01	4.61e-01	-0.7422728	-5.79122	-0.06668506	23223_at
10551_at	7.60e-01	4.61e-01	0.7422726	-5.79122	0.33234378	10551_at
63874_at	7.60e-01	4.61e-01	0.7422487	-5.79123	0.08421086	63874_at
928_at	7.60e-01	4.61e-01	0.7417665	-5.79158	0.19102512	928_at
10325_at	7.60e-01	4.61e-01	-0.7413703	-5.79185	-0.10486115	10325_at
55872_at	7.60e-01	4.61e-01	0.7412454	-5.79194	0.16030641	55872_at
4796_at	7.60e-01	4.62e-01	-0.7411561	-5.79201	-0.09439415	4796_at
56521_at	7.60e-01	4.62e-01	-0.7410503	-5.79208	-0.19471767	56521_at
7813_at	7.60e-01	4.62e-01	-0.7410171	-5.7921	-0.04680431	7813_at
56905_at	7.60e-01	4.62e-01	-0.7407801	-5.79227	-0.07064753	56905_at
9410_at	7.61e-01	4.62e-01	-0.740541	-5.79244	-0.07877154	9410_at
4809_at	7.61e-01	4.62e-01	0.740492	-5.79247	0.06276254	4809_at
56302_at	7.61e-01	4.62e-01	-0.7404141	-5.79253	-0.11219444	56302_at
79598_at	7.61e-01	4.62e-01	-0.7403365	-5.79258	-0.06332789	79598_at
8464_at	7.61e-01	4.62e-01	0.7401894	-5.79269	0.06752448	8464_at
23272_at	7.61e-01	4.62e-01	0.7398012	-5.79296	0.08707174	23272_at
22883_at	7.61e-01	4.62e-01	0.7395532	-5.79314	0.09546463	22883_at
7390_at	7.61e-01	4.62e-01	0.7395415	-5.79315	0.12942009	7390_at
79152_at	7.61e-01	4.63e-01	-0.7394722	-5.79319	-0.07756052	79152_at
947_at	7.61e-01	4.63e-01	0.7394242	-5.79323	0.09440926	947_at
196743_at	7.61e-01	4.63e-01	-0.7389539	-5.79356	-0.09203305	196743_at
10817_at	7.61e-01	4.63e-01	-0.738677	-5.79375	-0.06965078	10817_at
54810_at	7.61e-01	4.63e-01	-0.7383982	-5.79395	-0.20905079	54810_at
8291_at	7.62e-01	4.63e-01	-0.7382416	-5.79406	-0.09303801	8291_at
317781_at	7.62e-01	4.63e-01	-0.738058	-5.79419	-0.08243112	317781_at
7326_at	7.62e-01	4.64e-01	-0.7373705	-5.79467	-0.12154146	7326_at
27012_at	7.62e-01	4.64e-01	-0.7373472	-5.79469	-0.05058071	27012_at
6536_at	7.62e-01	4.64e-01	-0.7372675	-5.79474	-0.09451836	6536_at
79892_at	7.62e-01	4.64e-01	-0.7371498	-5.79483	-0.07738947	79892_at
79802_at	7.62e-01	4.64e-01	-0.7371054	-5.79486	-0.07956054	79802_at
10501_at	7.62e-01	4.64e-01	-0.7367506	-5.79511	-0.08309388	10501_at
8756_at	7.62e-01	4.64e-01	-0.7366083	-5.79521	-0.05892731	8756_at
81619_at	7.62e-01	4.64e-01	0.7365851	-5.79522	0.08934317	81619_at
51704_at	7.62e-01	4.64e-01	-0.7365741	-5.79523	-0.1034631	51704_at
25854_at	7.62e-01	4.64e-01	-0.7365349	-5.79526	-0.20980712	25854_at
51293_at	7.62e-01	4.64e-01	-0.7364729	-5.7953	-0.09384811	51293_at
5515_at	7.62e-01	4.64e-01	0.736455	-5.79532	0.06315396	5515_at
47_at	7.62e-01	4.64e-01	-0.7363825	-5.79537	-0.10930876	47_at
29890_at	7.62e-01	4.64e-01	-0.7363334	-5.7954	-0.06687173	29890_at
78996_at	7.62e-01	4.65e-01	0.7361895	-5.7955	0.08018749	78996_at
60401_at	7.62e-01	4.65e-01	-0.73557	-5.79594	-0.09616933	60401_at
79643_at	7.62e-01	4.65e-01	-0.7355447	-5.79595	-0.07663968	79643_at
6137_at	7.62e-01	4.65e-01	0.7354173	-5.79604	0.08703246	6137_at
51136_at	7.62e-01	4.65e-01	0.7354153	-5.79604	0.085621	51136_at
6545_at	7.63e-01	4.65e-01	-0.7349871	-5.79634	-0.07609331	6545_at
79895_at	7.63e-01	4.66e-01	-0.734539	-5.79666	-0.09346152	79895_at
7545_at	7.63e-01	4.66e-01	-0.7344351	-5.79673	-0.07114744	7545_at
5427_at	7.63e-01	4.66e-01	0.734411	-5.79675	0.12991112	5427_at
79746_at	7.63e-01	4.66e-01	-0.7341734	-5.79691	-0.16533251	79746_at
64149_at	7.63e-01	4.66e-01	-0.7338144	-5.79716	-0.10138961	64149_at
7027_at	7.63e-01	4.66e-01	0.7337798	-5.79719	0.08638764	7027_at
5551_at	7.63e-01	4.66e-01	0.7333153	-5.79751	0.09436088	5551_at
427_at	7.63e-01	4.66e-01	-0.7331853	-5.7976	-0.08510747	427_at
23432_at	7.63e-01	4.66e-01	-0.7331613	-5.79762	-0.05081583	23432_at
57826_at	7.63e-01	4.66e-01	-0.7331118	-5.79766	-0.09615619	57826_at
83447_at	7.64e-01	4.67e-01	-0.7327313	-5.79792	-0.03646094	83447_at
3069_at	7.64e-01	4.67e-01	0.7325562	-5.79804	0.07205844	3069_at
1468_at	7.64e-01	4.67e-01	-0.732371	-5.79817	-0.19197869	1468_at
2794_at	7.64e-01	4.67e-01	-0.7322554	-5.79825	-0.0840699	2794_at
8995_at	7.64e-01	4.67e-01	-0.7321955	-5.7983	-0.0954343	8995_at
942_at	7.64e-01	4.67e-01	0.7321749	-5.79831	0.08569045	942_at
26027_at	7.64e-01	4.67e-01	0.732151	-5.79833	0.15551879	26027_at
89781_at	7.64e-01	4.67e-01	0.7320989	-5.79836	0.04316968	89781_at
55781_at	7.64e-01	4.67e-01	0.7318805	-5.79852	0.08534972	55781_at
9967_at	7.64e-01	4.67e-01	-0.7318	-5.79857	-0.08056682	9967_at
64388_at	7.64e-01	4.67e-01	-0.7317549	-5.7986	-0.05353968	64388_at
284403_at	7.64e-01	4.67e-01	-0.7316252	-5.79869	-0.07597802	284403_at
7754_at	7.64e-01	4.68e-01	-0.7312125	-5.79898	-0.15998404	7754_at
64129_at	7.64e-01	4.68e-01	-0.731015	-5.79912	-0.12142871	64129_at
10632_at	7.64e-01	4.68e-01	-0.7308435	-5.79924	-0.0620101	10632_at
8092_at	7.64e-01	4.68e-01	-0.7306395	-5.79938	-0.09199705	8092_at
1787_at	7.64e-01	4.68e-01	-0.7305203	-5.79946	-0.06101237	1787_at
23255_at	7.64e-01	4.68e-01	0.7304621	-5.7995	0.15175647	23255_at
100506571_at	7.64e-01	4.68e-01	-0.7304175	-5.79953	-0.08704239	100506571_at
1620_at	7.64e-01	4.68e-01	0.7302988	-5.79962	0.21940194	1620_at
26_at	7.64e-01	4.68e-01	0.7301556	-5.79972	0.46542934	26_at
84549_at	7.64e-01	4.68e-01	-0.7300217	-5.79981	-0.08415159	84549_at
10922_at	7.64e-01	4.68e-01	-0.7298751	-5.79991	-0.05579705	10922_at
2201_at	7.64e-01	4.68e-01	-0.7298683	-5.79992	-0.08286744	2201_at
23168_at	7.64e-01	4.68e-01	0.7297579	-5.79999	0.06219102	23168_at
54681_at	7.64e-01	4.69e-01	-0.7293617	-5.80027	-0.08297845	54681_at
64137_at	7.64e-01	4.69e-01	-0.7293579	-5.80027	-0.08267581	64137_at
89927_at	7.64e-01	4.69e-01	0.7293552	-5.80027	0.09890843	89927_at
56344_at	7.64e-01	4.69e-01	-0.7291316	-5.80043	-0.07509022	56344_at
29902_at	7.64e-01	4.69e-01	0.7289745	-5.80054	0.07265373	29902_at
51397_at	7.64e-01	4.69e-01	-0.7288469	-5.80063	-0.08400226	51397_at
8973_at	7.65e-01	4.69e-01	-0.7282564	-5.80104	-0.07660393	8973_at
7059_at	7.65e-01	4.69e-01	-0.7281646	-5.8011	-0.07923043	7059_at
5090_at	7.65e-01	4.69e-01	0.7279649	-5.80124	0.11695077	5090_at
1995_at	7.65e-01	4.70e-01	-0.7279018	-5.80128	-0.08910793	1995_at
6855_at	7.65e-01	4.70e-01	-0.7278367	-5.80133	-0.08412612	6855_at
987_at	7.65e-01	4.70e-01	0.7276004	-5.80149	0.08176123	987_at
8208_at	7.65e-01	4.70e-01	-0.7275834	-5.8015	-0.06551522	8208_at
211_at	7.65e-01	4.70e-01	0.7273827	-5.80164	0.1473064	211_at
5241_at	7.65e-01	4.70e-01	-0.7273167	-5.80169	-0.05996862	5241_at
9940_at	7.65e-01	4.70e-01	-0.7272981	-5.8017	-0.07099453	9940_at
2051_at	7.65e-01	4.70e-01	0.7271266	-5.80182	0.08385	2051_at
80210_at	7.65e-01	4.70e-01	-0.7269091	-5.80197	-0.04492631	80210_at
7512_at	7.65e-01	4.70e-01	-0.726865	-5.802	-0.35444163	7512_at
28677_at	7.65e-01	4.70e-01	0.7268327	-5.80202	0.06073268	28677_at
5357_at	7.65e-01	4.70e-01	0.7264276	-5.8023	0.11205537	5357_at
2913_at	7.65e-01	4.70e-01	-0.7264265	-5.80231	-0.08830678	2913_at
5636_at	7.65e-01	4.71e-01	0.7262504	-5.80243	0.10457193	5636_at
4621_at	7.66e-01	4.71e-01	-0.7256001	-5.80288	-0.06990297	4621_at
3099_at	7.66e-01	4.71e-01	-0.7254835	-5.80296	-0.0927474	3099_at
11331_at	7.66e-01	4.71e-01	0.7253598	-5.80304	0.05797844	11331_at
10089_at	7.66e-01	4.71e-01	0.7253445	-5.80305	0.06146411	10089_at
8447_at	7.66e-01	4.71e-01	-0.7249668	-5.80331	-0.08640953	8447_at
5306_at	7.66e-01	4.72e-01	-0.7246125	-5.80356	-0.06218113	5306_at
56000_at	7.66e-01	4.72e-01	-0.7244627	-5.80366	-0.09302995	56000_at
83638_at	7.66e-01	4.72e-01	-0.7242867	-5.80378	-0.06146821	83638_at
80328_at	7.66e-01	4.72e-01	-0.724243	-5.80381	-0.09571995	80328_at
53904_at	7.67e-01	4.72e-01	-0.7233844	-5.80441	-0.05762608	53904_at
130_at	7.67e-01	4.72e-01	-0.7230537	-5.80463	-0.23408038	130_at
25833_at	7.68e-01	4.73e-01	-0.7224022	-5.80508	-0.06248898	25833_at
58528_at	7.68e-01	4.73e-01	-0.7218706	-5.80545	-0.14630335	58528_at
79587_at	7.68e-01	4.73e-01	0.7218563	-5.80546	0.10168738	79587_at
5778_at	7.68e-01	4.73e-01	-0.7216467	-5.8056	-0.09550051	5778_at
5746_at	7.68e-01	4.73e-01	-0.7215437	-5.80567	-0.07311723	5746_at
10112_at	7.68e-01	4.73e-01	0.7214193	-5.80576	0.13108353	10112_at
55279_at	7.68e-01	4.73e-01	-0.7214029	-5.80577	-0.08213909	55279_at
6310_at	7.69e-01	4.74e-01	-0.7207542	-5.80622	-0.1007152	6310_at
149628_at	7.69e-01	4.74e-01	-0.7207015	-5.80625	-0.07793396	149628_at
1659_at	7.69e-01	4.74e-01	-0.7204676	-5.80641	-0.06493721	1659_at
3911_at	7.69e-01	4.74e-01	0.7200329	-5.80671	0.10871219	3911_at
3846_at	7.69e-01	4.74e-01	-0.7200205	-5.80672	-0.07842562	3846_at
55655_at	7.69e-01	4.74e-01	-0.7199514	-5.80677	-0.10525075	55655_at
54867_at	7.69e-01	4.74e-01	-0.7197939	-5.80688	-0.06472106	54867_at
54433_at	7.69e-01	4.75e-01	0.7193738	-5.80716	0.09777612	54433_at
57089_at	7.69e-01	4.75e-01	-0.7192277	-5.80726	-0.09678936	57089_at
100048912_at	7.70e-01	4.75e-01	-0.7187311	-5.80761	-0.10661168	100048912_at
83482_at	7.70e-01	4.75e-01	0.7185114	-5.80776	0.05484346	83482_at
57211_at	7.70e-01	4.76e-01	0.7180627	-5.80806	0.15262592	57211_at
25945_at	7.70e-01	4.76e-01	0.7178811	-5.80819	0.10164525	25945_at
27158_at	7.70e-01	4.76e-01	-0.7177947	-5.80825	-0.08357646	27158_at
9730_at	7.70e-01	4.76e-01	-0.7177683	-5.80826	-0.05869044	9730_at
2922_at	7.70e-01	4.76e-01	-0.717731	-5.80829	-0.0604008	2922_at
6450_at	7.70e-01	4.76e-01	-0.7177202	-5.8083	-0.11608595	6450_at
2769_at	7.70e-01	4.76e-01	-0.7176132	-5.80837	-0.09384601	2769_at
8638_at	7.70e-01	4.76e-01	0.7175896	-5.80839	0.08178621	8638_at
5184_at	7.70e-01	4.76e-01	-0.7175568	-5.80841	-0.19988639	5184_at
51332_at	7.70e-01	4.76e-01	0.7175048	-5.80844	0.09511825	51332_at
27255_at	7.70e-01	4.76e-01	-0.7170619	-5.80875	-0.066929	27255_at
84436_at	7.70e-01	4.76e-01	-0.7170294	-5.80877	-0.09116328	84436_at
5204_at	7.70e-01	4.76e-01	0.7166579	-5.80902	0.09165663	5204_at
29107_at	7.70e-01	4.77e-01	-0.7164531	-5.80916	-0.11070687	29107_at
79135_at	7.70e-01	4.77e-01	-0.7164021	-5.8092	-0.09929999	79135_at
354_at	7.70e-01	4.77e-01	-0.7164018	-5.8092	-0.06549612	354_at
210_at	7.71e-01	4.77e-01	-0.7161093	-5.8094	-0.18793007	210_at
157680_at	7.71e-01	4.77e-01	-0.7159584	-5.8095	-0.0481922	157680_at
8705_at	7.71e-01	4.77e-01	0.7158952	-5.80954	0.09232234	8705_at
10127_at	7.71e-01	4.77e-01	0.71579	-5.80962	0.07402435	10127_at
6095_at	7.71e-01	4.77e-01	-0.7156192	-5.80973	-0.1165638	6095_at
407_at	7.71e-01	4.77e-01	-0.7153823	-5.80989	-0.10891231	407_at
4353_at	7.71e-01	4.77e-01	-0.7153586	-5.80991	-0.06026842	4353_at
4048_at	7.71e-01	4.78e-01	0.7146104	-5.81042	0.08908573	4048_at
55159_at	7.72e-01	4.78e-01	0.7140857	-5.81078	0.09184531	55159_at
527_at	7.72e-01	4.78e-01	-0.713825	-5.81096	-0.08022969	527_at
9230_at	7.72e-01	4.78e-01	-0.7137634	-5.811	-0.04282932	9230_at
23705_at	7.72e-01	4.78e-01	0.7134427	-5.81122	0.1250306	23705_at
51702_at	7.72e-01	4.79e-01	-0.7131638	-5.8114	-0.08713358	51702_at
3231_at	7.72e-01	4.79e-01	-0.7130509	-5.81148	-0.10854181	3231_at
8851_at	7.72e-01	4.79e-01	-0.712944	-5.81155	-0.04981871	8851_at
55832_at	7.72e-01	4.79e-01	0.7128907	-5.81159	0.07983843	55832_at
25961_at	7.72e-01	4.79e-01	-0.7128166	-5.81164	-0.12889585	25961_at
673_at	7.72e-01	4.79e-01	0.7127537	-5.81168	0.07812927	673_at
9322_at	7.72e-01	4.79e-01	0.7126849	-5.81173	0.08568979	9322_at
93_at	7.72e-01	4.79e-01	-0.7121701	-5.81208	-0.08052084	93_at
64067_at	7.73e-01	4.79e-01	-0.7119064	-5.81226	-0.06133855	64067_at
55176_at	7.73e-01	4.80e-01	-0.7115656	-5.81249	-0.06267864	55176_at
10471_at	7.73e-01	4.80e-01	-0.7114799	-5.81255	-0.08288914	10471_at
64838_at	7.73e-01	4.80e-01	-0.7113795	-5.81262	-0.07614307	64838_at
28952_at	7.73e-01	4.80e-01	0.7113025	-5.81267	0.06542912	28952_at
1138_at	7.73e-01	4.80e-01	-0.7113024	-5.81267	-0.08408042	1138_at
6881_at	7.73e-01	4.80e-01	0.7110355	-5.81285	0.06842485	6881_at
26298_at	7.73e-01	4.80e-01	0.7108653	-5.81297	0.13391899	26298_at
63904_at	7.73e-01	4.80e-01	-0.7106077	-5.81314	-0.08189089	63904_at
4898_at	7.74e-01	4.81e-01	-0.7099188	-5.81361	-0.09790442	4898_at
23043_at	7.74e-01	4.81e-01	0.7098463	-5.81366	0.0771067	23043_at
540_at	7.74e-01	4.81e-01	-0.7097804	-5.8137	-0.0705171	540_at
64581_at	7.74e-01	4.81e-01	0.7093089	-5.81402	0.19989442	64581_at
93129_at	7.74e-01	4.81e-01	0.709281	-5.81404	0.07936002	93129_at
2232_at	7.74e-01	4.81e-01	0.7088253	-5.81435	0.10242612	2232_at
1809_at	7.74e-01	4.81e-01	-0.7086814	-5.81444	-0.09191954	1809_at
1513_at	7.74e-01	4.81e-01	0.708598	-5.8145	0.1653472	1513_at
9219_at	7.74e-01	4.81e-01	-0.7084835	-5.81458	-0.07509765	9219_at
506_at	7.75e-01	4.82e-01	0.7081048	-5.81483	0.06555912	506_at
4695_at	7.75e-01	4.82e-01	-0.7077685	-5.81506	-0.07022201	4695_at
57130_at	7.75e-01	4.82e-01	0.7077284	-5.81509	0.09783357	57130_at
25802_at	7.75e-01	4.82e-01	-0.7072534	-5.81541	-0.0782626	25802_at
55647_at	7.75e-01	4.82e-01	-0.707149	-5.81548	-0.18354339	55647_at
83475_at	7.75e-01	4.82e-01	-0.7070825	-5.81552	-0.10959121	83475_at
8408_at	7.75e-01	4.82e-01	-0.7069771	-5.81559	-0.08866498	8408_at
4843_at	7.75e-01	4.82e-01	-0.7067895	-5.81572	-0.12983594	4843_at
54850_at	7.75e-01	4.83e-01	-0.706672	-5.8158	-0.06632637	54850_at
9079_at	7.76e-01	4.83e-01	0.7061249	-5.81617	0.15691725	9079_at
212_at	7.76e-01	4.83e-01	-0.7060087	-5.81625	-0.09987122	212_at
8435_at	7.76e-01	4.83e-01	-0.705884	-5.81633	-0.09845926	8435_at
3932_at	7.76e-01	4.83e-01	0.7057068	-5.81645	0.13767333	3932_at
9685_at	7.76e-01	4.83e-01	0.7055921	-5.81653	0.06092566	9685_at
1063_at	7.76e-01	4.83e-01	0.705492	-5.81659	0.06736148	1063_at
79159_at	7.76e-01	4.83e-01	0.7052176	-5.81678	0.04829028	79159_at
10075_at	7.76e-01	4.84e-01	-0.7050531	-5.81689	-0.0511227	10075_at
51281_at	7.76e-01	4.84e-01	-0.7049025	-5.81699	-0.06623278	51281_at
5296_at	7.76e-01	4.84e-01	-0.7048825	-5.817	-0.07662974	5296_at
122616_at	7.76e-01	4.84e-01	0.7048508	-5.81702	0.07027612	122616_at
29967_at	7.76e-01	4.84e-01	-0.7045617	-5.81722	-0.04089926	29967_at
9693_at	7.76e-01	4.84e-01	-0.7045006	-5.81726	-0.04909923	9693_at
5161_at	7.76e-01	4.84e-01	-0.7044386	-5.8173	-0.06797437	5161_at
6880_at	7.76e-01	4.84e-01	0.7043989	-5.81733	0.09750597	6880_at
80321_at	7.76e-01	4.84e-01	0.7040106	-5.81759	0.07367359	80321_at
79577_at	7.76e-01	4.84e-01	0.7040018	-5.81759	0.07357413	79577_at
11145_at	7.76e-01	4.84e-01	0.7039393	-5.81764	0.12583499	11145_at
7450_at	7.76e-01	4.84e-01	0.7038856	-5.81767	0.1607179	7450_at
24147_at	7.76e-01	4.84e-01	0.7037559	-5.81776	0.09854801	24147_at
80067_at	7.76e-01	4.84e-01	-0.7035878	-5.81787	-0.06210756	80067_at
55731_at	7.76e-01	4.84e-01	-0.7034968	-5.81793	-0.06186533	55731_at
5740_at	7.76e-01	4.85e-01	-0.7033946	-5.818	-0.04884126	5740_at
4828_at	7.76e-01	4.85e-01	0.7032503	-5.8181	0.08332594	4828_at
23549_at	7.76e-01	4.85e-01	-0.7028718	-5.81835	-0.06563461	23549_at
10750_at	7.76e-01	4.85e-01	0.7027349	-5.81844	0.10882759	10750_at
10675_at	7.76e-01	4.85e-01	-0.7025629	-5.81856	-0.04869997	10675_at
51477_at	7.76e-01	4.85e-01	0.7023978	-5.81867	0.09483212	51477_at
28511_at	7.76e-01	4.85e-01	0.7023631	-5.81869	0.04802378	28511_at
6649_at	7.76e-01	4.85e-01	-0.7022042	-5.8188	-0.13818053	6649_at
80816_at	7.77e-01	4.86e-01	0.7018524	-5.81904	0.06437874	80816_at
79763_at	7.77e-01	4.86e-01	-0.7018173	-5.81906	-0.1505588	79763_at
3718_at	7.77e-01	4.86e-01	-0.7017217	-5.81912	-0.06066968	3718_at
79568_at	7.77e-01	4.86e-01	-0.7015849	-5.81921	-0.12028554	79568_at
1545_at	7.77e-01	4.86e-01	0.7015712	-5.81922	0.21551564	1545_at
410_at	7.77e-01	4.86e-01	0.7015274	-5.81925	0.0952808	410_at
24137_at	7.77e-01	4.86e-01	-0.701458	-5.8193	-0.12137953	24137_at
6861_at	7.77e-01	4.86e-01	-0.7013199	-5.81939	-0.05808339	6861_at
1486_at	7.77e-01	4.86e-01	-0.7008219	-5.81972	-0.09527893	1486_at
1877_at	7.77e-01	4.86e-01	-0.7007716	-5.81976	-0.07043243	1877_at
100126791_at	7.77e-01	4.86e-01	0.7006999	-5.81981	0.21608012	100126791_at
8340_at	7.77e-01	4.86e-01	-0.700641	-5.81985	-0.08176578	8340_at
51693_at	7.77e-01	4.86e-01	0.7006188	-5.81986	0.08886984	51693_at
29948_at	7.77e-01	4.86e-01	-0.7004448	-5.81998	-0.10057993	29948_at
9994_at	7.77e-01	4.86e-01	0.7004264	-5.81999	0.0951528	9994_at
55795_at	7.77e-01	4.86e-01	0.7002674	-5.8201	0.05961264	55795_at
50618_at	7.77e-01	4.87e-01	-0.7001575	-5.82017	-0.05622242	50618_at
3053_at	7.77e-01	4.87e-01	-0.7001371	-5.82018	-0.07550258	3053_at
2848_at	7.77e-01	4.87e-01	-0.6999928	-5.82028	-0.0522666	2848_at
9830_at	7.77e-01	4.87e-01	0.6999393	-5.82031	0.10469387	9830_at
153_at	7.77e-01	4.87e-01	-0.6998064	-5.8204	-0.07475531	153_at
54929_at	7.77e-01	4.87e-01	-0.6996603	-5.8205	-0.05571691	54929_at
9201_at	7.77e-01	4.87e-01	-0.699579	-5.82055	-0.07075035	9201_at
9311_at	7.77e-01	4.87e-01	-0.6992621	-5.82077	-0.08756285	9311_at
5901_at	7.77e-01	4.87e-01	-0.6990752	-5.82089	-0.10484471	5901_at
79707_at	7.77e-01	4.87e-01	-0.6990374	-5.82092	-0.06728529	79707_at
5118_at	7.77e-01	4.87e-01	0.6987925	-5.82108	0.12332697	5118_at
27344_at	7.77e-01	4.87e-01	-0.6986618	-5.82117	-0.18955354	27344_at
3159_at	7.77e-01	4.88e-01	0.6983447	-5.82138	0.10970956	3159_at
92558_at	7.77e-01	4.88e-01	-0.6983209	-5.82139	-0.07139947	92558_at
9179_at	7.77e-01	4.88e-01	0.6981988	-5.82147	0.08815993	9179_at
56902_at	7.77e-01	4.88e-01	-0.6981596	-5.8215	-0.08368403	56902_at
11116_at	7.77e-01	4.88e-01	0.6979462	-5.82164	0.10934058	11116_at
9915_at	7.77e-01	4.88e-01	0.6975946	-5.82188	0.14749235	9915_at
55954_at	7.77e-01	4.88e-01	-0.6975803	-5.82189	-0.06964873	55954_at
5986_at	7.77e-01	4.88e-01	-0.6975516	-5.82191	-0.08600268	5986_at
11124_at	7.77e-01	4.88e-01	0.6973161	-5.82206	0.05828729	11124_at
3071_at	7.77e-01	4.88e-01	0.69727	-5.82209	0.11949437	3071_at
3593_at	7.77e-01	4.88e-01	-0.6972243	-5.82212	-0.04606608	3593_at
80219_at	7.77e-01	4.88e-01	-0.6971235	-5.82219	-0.0737352	80219_at
4791_at	7.77e-01	4.89e-01	-0.6969753	-5.82229	-0.05672591	4791_at
10938_at	7.78e-01	4.89e-01	0.6967111	-5.82246	0.07920094	10938_at
8425_at	7.78e-01	4.89e-01	-0.6965446	-5.82257	-0.06840263	8425_at
54976_at	7.78e-01	4.89e-01	0.6964375	-5.82265	0.06663119	54976_at
919_at	7.78e-01	4.89e-01	0.6962448	-5.82277	0.12085955	919_at
57194_at	7.78e-01	4.89e-01	-0.6958848	-5.82301	-0.09810538	57194_at
6424_at	7.78e-01	4.89e-01	0.695819	-5.82306	0.1235229	6424_at
1508_at	7.78e-01	4.89e-01	-0.695807	-5.82306	-0.14182777	1508_at
8924_at	7.78e-01	4.89e-01	0.6955095	-5.82326	0.0888357	8924_at
2900_at	7.78e-01	4.89e-01	-0.695504	-5.82327	-0.05490852	2900_at
54514_at	7.78e-01	4.90e-01	-0.695139	-5.82351	-0.06717257	54514_at
11060_at	7.78e-01	4.90e-01	-0.6949198	-5.82365	-0.05479463	11060_at
11251_at	7.78e-01	4.90e-01	-0.6947714	-5.82375	-0.05310331	11251_at
2890_at	7.79e-01	4.90e-01	-0.6943812	-5.82401	-0.03990932	2890_at
4899_at	7.79e-01	4.90e-01	0.6941801	-5.82414	0.03969271	4899_at
3045_at	7.79e-01	4.90e-01	0.6941726	-5.82415	0.1060328	3045_at
6314_at	7.79e-01	4.90e-01	-0.6940763	-5.82421	-0.04844606	6314_at
29763_at	7.79e-01	4.90e-01	-0.6940379	-5.82424	-0.07493594	29763_at
55320_at	7.79e-01	4.90e-01	0.6939787	-5.82428	0.05887644	55320_at
8936_at	7.79e-01	4.91e-01	0.6937643	-5.82442	0.0880028	8936_at
126_at	7.79e-01	4.91e-01	-0.693534	-5.82457	-0.25401392	126_at
64421_at	7.79e-01	4.91e-01	0.6935334	-5.82457	0.07213437	64421_at
56253_at	7.79e-01	4.91e-01	0.6934863	-5.8246	0.08141226	56253_at
79663_at	7.79e-01	4.91e-01	-0.693472	-5.82461	-0.09828682	79663_at
55573_at	7.79e-01	4.91e-01	0.6933601	-5.82469	0.10740617	55573_at
23317_at	7.79e-01	4.91e-01	0.6930491	-5.82489	0.07534196	23317_at
3482_at	7.79e-01	4.91e-01	0.692999	-5.82492	0.10153907	3482_at
6396_at	7.79e-01	4.91e-01	0.6924288	-5.8253	0.06879175	6396_at
84179_at	7.79e-01	4.92e-01	-0.6921432	-5.82549	-0.10581976	84179_at
4656_at	7.79e-01	4.92e-01	-0.6919802	-5.8256	-0.07963351	4656_at
51642_at	7.80e-01	4.92e-01	-0.691632	-5.82583	-0.08562114	51642_at
28396_at	7.80e-01	4.92e-01	0.6913989	-5.82598	0.12615736	28396_at
2765_at	7.80e-01	4.92e-01	-0.6912179	-5.8261	-0.09816681	2765_at
376267_at	7.80e-01	4.92e-01	-0.6910503	-5.82621	-0.08263573	376267_at
112869_at	7.80e-01	4.92e-01	0.690946	-5.82628	0.06472333	112869_at
10826_at	7.80e-01	4.92e-01	0.6909108	-5.8263	0.0544929	10826_at
8237_at	7.80e-01	4.92e-01	-0.6908774	-5.82632	-0.08161859	8237_at
5358_at	7.80e-01	4.92e-01	0.6908302	-5.82636	0.10436738	5358_at
9491_at	7.80e-01	4.92e-01	-0.6907883	-5.82638	-0.0720537	9491_at
22853_at	7.80e-01	4.92e-01	-0.6907726	-5.82639	-0.05665326	22853_at
4916_at	7.80e-01	4.93e-01	-0.6904599	-5.8266	-0.07831098	4916_at
114899_at	7.80e-01	4.93e-01	-0.6903984	-5.82664	-0.14015629	114899_at
3141_at	7.80e-01	4.93e-01	-0.6903304	-5.82669	-0.0557001	3141_at
253143_at	7.80e-01	4.93e-01	0.6900324	-5.82688	0.07533322	253143_at
342538_at	7.80e-01	4.93e-01	0.6898713	-5.82699	0.03972976	342538_at
9576_at	7.80e-01	4.93e-01	-0.6895157	-5.82722	-0.07708689	9576_at
3614_at	7.80e-01	4.93e-01	0.6895133	-5.82722	0.15619411	3614_at
2638_at	7.80e-01	4.93e-01	0.6894033	-5.8273	0.79878748	2638_at
79894_at	7.80e-01	4.93e-01	-0.689211	-5.82742	-0.06680612	79894_at
55757_at	7.80e-01	4.93e-01	-0.6891267	-5.82748	-0.06945764	55757_at
10827_at	7.80e-01	4.94e-01	0.6886367	-5.8278	0.04676296	10827_at
79035_at	7.80e-01	4.94e-01	0.6886009	-5.82782	0.06341449	79035_at
4583_at	7.80e-01	4.94e-01	-0.6885319	-5.82787	-0.08554702	4583_at
7093_at	7.81e-01	4.94e-01	-0.6878257	-5.82833	-0.04420739	7093_at
1005_at	7.81e-01	4.94e-01	-0.6876075	-5.82847	-0.08496453	1005_at
57664_at	7.81e-01	4.95e-01	-0.6873333	-5.82865	-0.08591461	57664_at
763_at	7.81e-01	4.95e-01	-0.6873093	-5.82867	-0.08544642	763_at
79785_at	7.81e-01	4.95e-01	0.6872537	-5.82871	0.16441773	79785_at
3081_at	7.81e-01	4.95e-01	-0.6870904	-5.82881	-0.1392099	3081_at
7262_at	7.81e-01	4.95e-01	-0.686983	-5.82888	-0.22641428	7262_at
8216_at	7.81e-01	4.95e-01	-0.6869325	-5.82892	-0.05833368	8216_at
55010_at	7.82e-01	4.95e-01	0.6861135	-5.82945	0.06279893	55010_at
79865_at	7.82e-01	4.95e-01	-0.6859651	-5.82955	-0.08902284	79865_at
57126_at	7.82e-01	4.95e-01	-0.6858891	-5.8296	-0.09431887	57126_at
7381_at	7.82e-01	4.95e-01	0.6858776	-5.82961	0.05858687	7381_at
5869_at	7.82e-01	4.96e-01	-0.685611	-5.82978	-0.1058132	5869_at
9993_at	7.82e-01	4.96e-01	0.6855768	-5.8298	0.05947858	9993_at
28676_at	7.82e-01	4.96e-01	-0.6855231	-5.82984	-0.07793386	28676_at
10066_at	7.82e-01	4.96e-01	0.6853156	-5.82998	0.06740955	10066_at
9378_at	7.82e-01	4.96e-01	-0.6853005	-5.82999	-0.04667122	9378_at
64151_at	7.82e-01	4.96e-01	0.6850759	-5.83013	0.06285374	64151_at
9731_at	7.82e-01	4.96e-01	0.6848494	-5.83028	0.05433911	9731_at
1429_at	7.82e-01	4.96e-01	-0.6847403	-5.83035	-0.09616832	1429_at
23386_at	7.82e-01	4.96e-01	-0.6847273	-5.83036	-0.04526998	23386_at
2899_at	7.82e-01	4.96e-01	-0.6846479	-5.83041	-0.06985378	2899_at
55069_at	7.82e-01	4.96e-01	0.6845349	-5.83049	0.08497204	55069_at
11041_at	7.82e-01	4.96e-01	-0.6844243	-5.83056	-0.10229255	11041_at
22894_at	7.82e-01	4.96e-01	-0.6843716	-5.83059	-0.06063245	22894_at
5170_at	7.82e-01	4.96e-01	-0.6842454	-5.83067	-0.06113778	5170_at
10645_at	7.82e-01	4.97e-01	-0.6835065	-5.83116	-0.04939029	10645_at
27333_at	7.82e-01	4.97e-01	0.6835011	-5.83116	0.0742768	27333_at
55905_at	7.82e-01	4.97e-01	-0.6832529	-5.83132	-0.06964191	55905_at
51759_at	7.82e-01	4.97e-01	0.6830332	-5.83147	0.07667284	51759_at
26692_at	7.82e-01	4.97e-01	-0.6830086	-5.83148	-0.05988733	26692_at
2523_at	7.82e-01	4.97e-01	-0.6830058	-5.83148	-0.07215358	2523_at
146691_at	7.82e-01	4.97e-01	-0.6830019	-5.83149	-0.06884117	146691_at
652_at	7.82e-01	4.97e-01	0.6828648	-5.83158	0.08250412	652_at
54480_at	7.82e-01	4.97e-01	0.6827761	-5.83163	0.06731273	54480_at
3710_at	7.82e-01	4.97e-01	0.6827017	-5.83168	0.08976933	3710_at
100506963_at	7.82e-01	4.97e-01	-0.6826903	-5.83169	-0.10964747	100506963_at
3298_at	7.82e-01	4.97e-01	0.6826663	-5.8317	0.05609764	3298_at
9360_at	7.83e-01	4.98e-01	0.6821651	-5.83203	0.06713963	9360_at
10211_at	7.83e-01	4.98e-01	0.6820923	-5.83208	0.08965916	10211_at
6472_at	7.83e-01	4.98e-01	0.6816386	-5.83237	0.08942898	6472_at
9572_at	7.83e-01	4.98e-01	-0.6815421	-5.83244	-0.07963066	9572_at
3978_at	7.83e-01	4.98e-01	0.6812393	-5.83263	0.0940947	3978_at
54922_at	7.83e-01	4.98e-01	-0.6810364	-5.83276	-0.06850185	54922_at
3925_at	7.84e-01	4.99e-01	0.6804658	-5.83314	0.08359624	3925_at
23400_at	7.84e-01	4.99e-01	-0.6799599	-5.83346	-0.06416012	23400_at
9551_at	7.84e-01	4.99e-01	0.6798254	-5.83355	0.09826195	9551_at
5459_at	7.84e-01	4.99e-01	-0.6796763	-5.83365	-0.04900453	5459_at
23676_at	7.84e-01	4.99e-01	-0.6794826	-5.83377	-0.06434801	23676_at
57460_at	7.84e-01	5.00e-01	-0.6793874	-5.83384	-0.09859554	57460_at
54812_at	7.84e-01	5.00e-01	0.6793762	-5.83384	0.10205803	54812_at
27130_at	7.84e-01	5.00e-01	0.6792854	-5.8339	0.12315738	27130_at
10752_at	7.84e-01	5.00e-01	-0.6790185	-5.83407	-0.1338738	10752_at
6461_at	7.85e-01	5.00e-01	-0.6787575	-5.83424	-0.05054048	6461_at
55788_at	7.85e-01	5.00e-01	-0.6784555	-5.83444	-0.0822425	55788_at
940_at	7.85e-01	5.00e-01	-0.6781401	-5.83464	-0.06361438	940_at
54498_at	7.85e-01	5.00e-01	-0.6779182	-5.83479	-0.06848084	54498_at
51105_at	7.85e-01	5.01e-01	-0.6776979	-5.83493	-0.05465575	51105_at
8556_at	7.85e-01	5.01e-01	-0.6773929	-5.83513	-0.03495552	8556_at
80199_at	7.85e-01	5.01e-01	-0.6772763	-5.8352	-0.14838878	80199_at
9921_at	7.86e-01	5.01e-01	-0.6770018	-5.83538	-0.06048502	9921_at
81551_at	7.86e-01	5.01e-01	-0.6769822	-5.83539	-0.0760085	81551_at
3155_at	7.86e-01	5.01e-01	0.6768114	-5.8355	0.10282702	3155_at
9363_at	7.86e-01	5.01e-01	-0.6766646	-5.8356	-0.071104	9363_at
5225_at	7.86e-01	5.01e-01	-0.6764215	-5.83575	-0.08391255	5225_at
23302_at	7.86e-01	5.02e-01	0.6761049	-5.83596	0.06735563	23302_at
3177_at	7.86e-01	5.02e-01	0.6760359	-5.836	0.06659387	3177_at
9508_at	7.86e-01	5.02e-01	0.6759118	-5.83608	0.08350979	9508_at
3002_at	7.86e-01	5.02e-01	0.6758436	-5.83613	0.1450195	3002_at
5110_at	7.86e-01	5.02e-01	-0.6753936	-5.83642	-0.06724949	5110_at
1629_at	7.86e-01	5.02e-01	0.6750265	-5.83665	0.10674649	1629_at
10390_at	7.86e-01	5.02e-01	-0.67502	-5.83666	-0.08330112	10390_at
3823_at	7.86e-01	5.02e-01	-0.6747736	-5.83682	-0.04861196	3823_at
558_at	7.86e-01	5.02e-01	0.6747293	-5.83684	0.08851819	558_at
80169_at	7.86e-01	5.02e-01	-0.674717	-5.83685	-0.06443717	80169_at
55036_at	7.86e-01	5.02e-01	0.6747153	-5.83685	0.05034314	55036_at
8646_at	7.86e-01	5.03e-01	-0.6746108	-5.83692	-0.06603323	8646_at
5685_at	7.87e-01	5.03e-01	0.6743614	-5.83708	0.0700277	5685_at
3232_at	7.87e-01	5.03e-01	-0.6742211	-5.83717	-0.05833108	3232_at
55734_at	7.87e-01	5.03e-01	-0.6739722	-5.83733	-0.040545	55734_at
120227_at	7.87e-01	5.03e-01	-0.6739448	-5.83735	-0.05288536	120227_at
729_at	7.87e-01	5.03e-01	0.6733525	-5.83773	0.21082628	729_at
8314_at	7.87e-01	5.04e-01	0.6729067	-5.83802	0.06038121	8314_at
2036_at	7.88e-01	5.04e-01	-0.6725453	-5.83825	-0.11789286	2036_at
11162_at	7.88e-01	5.04e-01	0.6724623	-5.8383	0.15127865	11162_at
1962_at	7.88e-01	5.04e-01	-0.6724058	-5.83834	-0.20450223	1962_at
58504_at	7.88e-01	5.04e-01	-0.6723265	-5.83839	-0.05342581	58504_at
7705_at	7.88e-01	5.04e-01	0.6721451	-5.83851	0.09312741	7705_at
58500_at	7.88e-01	5.04e-01	0.6720228	-5.83858	0.0792763	58500_at
56650_at	7.88e-01	5.04e-01	-0.6718518	-5.83869	-0.12946466	56650_at
8988_at	7.88e-01	5.04e-01	-0.6718432	-5.8387	-0.06466062	8988_at
4946_at	7.88e-01	5.04e-01	-0.671841	-5.8387	-0.05722002	4946_at
9404_at	7.88e-01	5.04e-01	0.6717715	-5.83874	0.13368453	9404_at
9203_at	7.88e-01	5.04e-01	-0.671655	-5.83882	-0.06008694	9203_at
25852_at	7.88e-01	5.05e-01	-0.6714797	-5.83893	-0.05817384	25852_at
11336_at	7.88e-01	5.05e-01	0.6713025	-5.83905	0.0769962	11336_at
54472_at	7.88e-01	5.05e-01	-0.6712148	-5.8391	-0.09790584	54472_at
2252_at	7.88e-01	5.05e-01	0.6705192	-5.83955	0.14086574	2252_at
55907_at	7.88e-01	5.05e-01	0.6701153	-5.83981	0.10113474	55907_at
225_at	7.88e-01	5.05e-01	-0.6700496	-5.83985	-0.04971139	225_at
6670_at	7.88e-01	5.06e-01	0.6698871	-5.83995	0.12821504	6670_at
356_at	7.88e-01	5.06e-01	-0.6696925	-5.84008	-0.05255044	356_at
1123_at	7.88e-01	5.06e-01	0.6696072	-5.84013	0.09294286	1123_at
3559_at	7.88e-01	5.06e-01	-0.6695974	-5.84014	-0.06338732	3559_at
79848_at	7.88e-01	5.06e-01	-0.6695526	-5.84016	-0.11216775	79848_at
2444_at	7.88e-01	5.06e-01	0.6695199	-5.84019	0.11273581	2444_at
6059_at	7.88e-01	5.06e-01	-0.6694721	-5.84022	-0.10208815	6059_at
5806_at	7.88e-01	5.06e-01	-0.6694591	-5.84022	-0.17499783	5806_at
26073_at	7.88e-01	5.06e-01	-0.6692432	-5.84036	-0.08608295	26073_at
54148_at	7.88e-01	5.06e-01	0.6690856	-5.84046	0.08651789	54148_at
826_at	7.88e-01	5.06e-01	0.6690509	-5.84049	0.08655465	826_at
92595_at	7.88e-01	5.06e-01	-0.6688709	-5.8406	-0.0490108	92595_at
1741_at	7.88e-01	5.06e-01	0.6687643	-5.84067	0.06167487	1741_at
54861_at	7.88e-01	5.06e-01	0.6687262	-5.84069	0.11209394	54861_at
79676_at	7.88e-01	5.06e-01	-0.6686365	-5.84075	-0.06464116	79676_at
1815_at	7.88e-01	5.06e-01	-0.6685128	-5.84083	-0.05625638	1815_at
2079_at	7.88e-01	5.07e-01	-0.6683388	-5.84094	-0.07641663	2079_at
55719_at	7.88e-01	5.07e-01	0.6683178	-5.84095	0.05432401	55719_at
728_at	7.88e-01	5.07e-01	0.6682763	-5.84098	0.07602761	728_at
29899_at	7.88e-01	5.07e-01	0.6681775	-5.84104	0.06980185	29899_at
5018_at	7.88e-01	5.07e-01	-0.6680312	-5.84114	-0.08790902	5018_at
377_at	7.88e-01	5.07e-01	-0.6680192	-5.84114	-0.05833424	377_at
10047_at	7.89e-01	5.07e-01	-0.6676709	-5.84137	-0.07198188	10047_at
6305_at	7.89e-01	5.07e-01	-0.6671293	-5.84171	-0.04181101	6305_at
1200_at	7.89e-01	5.07e-01	0.6671024	-5.84173	0.11327615	1200_at
793_at	7.89e-01	5.07e-01	-0.666963	-5.84182	-0.32013395	793_at
9776_at	7.89e-01	5.07e-01	-0.6668631	-5.84188	-0.04656689	9776_at
3091_at	7.89e-01	5.08e-01	0.6661211	-5.84235	0.2019762	3091_at
84928_at	7.89e-01	5.08e-01	-0.6660905	-5.84237	-0.09631635	84928_at
388969_at	7.90e-01	5.08e-01	-0.6658609	-5.84252	-0.05043539	388969_at
55005_at	7.90e-01	5.08e-01	0.6656638	-5.84264	0.16344104	55005_at
5116_at	7.90e-01	5.08e-01	-0.6656511	-5.84265	-0.07678075	5116_at
51763_at	7.90e-01	5.08e-01	-0.6653541	-5.84284	-0.05729091	51763_at
28670_at	7.90e-01	5.08e-01	0.6653299	-5.84285	0.04179948	28670_at
29092_at	7.90e-01	5.08e-01	-0.6652836	-5.84288	-0.12477354	29092_at
79871_at	7.90e-01	5.08e-01	0.6651977	-5.84294	0.06331293	79871_at
6504_at	7.90e-01	5.09e-01	-0.6651606	-5.84296	-0.05907666	6504_at
57380_at	7.90e-01	5.09e-01	-0.6649367	-5.8431	-0.1013298	57380_at
79741_at	7.90e-01	5.09e-01	-0.664744	-5.84323	-0.07602301	79741_at
65117_at	7.90e-01	5.09e-01	0.6647039	-5.84325	0.07272025	65117_at
22908_at	7.90e-01	5.09e-01	-0.6644055	-5.84344	-0.11047033	22908_at
1446_at	7.90e-01	5.09e-01	-0.6641469	-5.84361	-0.06716038	1446_at
1080_at	7.90e-01	5.09e-01	-0.6637809	-5.84384	-0.07608865	1080_at
9847_at	7.90e-01	5.10e-01	0.663589	-5.84396	0.09223336	9847_at
5367_at	7.90e-01	5.10e-01	0.6635626	-5.84398	0.06801854	5367_at
79917_at	7.91e-01	5.10e-01	-0.6631075	-5.84426	-0.04930265	79917_at
23042_at	7.91e-01	5.10e-01	-0.6630733	-5.84429	-0.07832828	23042_at
7351_at	7.91e-01	5.10e-01	0.6628038	-5.84446	0.18522004	7351_at
2309_at	7.91e-01	5.10e-01	-0.6626974	-5.84452	-0.12205889	2309_at
6037_at	7.91e-01	5.10e-01	-0.662697	-5.84452	-0.0891032	6037_at
1943_at	7.91e-01	5.10e-01	-0.6624667	-5.84467	-0.05471811	1943_at
3226_at	7.91e-01	5.10e-01	-0.6623857	-5.84472	-0.10697642	3226_at
114625_at	7.91e-01	5.10e-01	-0.6621616	-5.84486	-0.06476813	114625_at
10618_at	7.91e-01	5.11e-01	-0.6615324	-5.84526	-0.06851436	10618_at
5584_at	7.91e-01	5.11e-01	0.6614605	-5.8453	0.10244778	5584_at
55152_at	7.91e-01	5.11e-01	0.661409	-5.84534	0.0546461	55152_at
57761_at	7.92e-01	5.11e-01	0.6607155	-5.84578	0.08127163	57761_at
303_at	7.92e-01	5.11e-01	0.6606965	-5.84579	0.06074601	303_at
1401_at	7.92e-01	5.11e-01	-0.6604931	-5.84592	-0.0430313	1401_at
28977_at	7.92e-01	5.12e-01	-0.6604534	-5.84594	-0.07593687	28977_at
4723_at	7.92e-01	5.12e-01	0.6602105	-5.84609	0.07463802	4723_at
54535_at	7.92e-01	5.12e-01	-0.660171	-5.84612	-0.03697636	54535_at
10422_at	7.92e-01	5.12e-01	-0.6601428	-5.84614	-0.07150864	10422_at
79875_at	7.92e-01	5.12e-01	-0.6597487	-5.84638	-0.08848317	79875_at
892_at	7.92e-01	5.12e-01	0.6597313	-5.8464	0.08353491	892_at
6011_at	7.92e-01	5.12e-01	-0.6595981	-5.84648	-0.06897451	6011_at
2116_at	7.92e-01	5.12e-01	-0.65934	-5.84664	-0.07680753	2116_at
373_at	7.92e-01	5.12e-01	0.6593341	-5.84665	0.04864536	373_at
57175_at	7.92e-01	5.12e-01	-0.6593078	-5.84666	-0.0530272	57175_at
54545_at	7.92e-01	5.12e-01	-0.6591138	-5.84678	-0.05786321	54545_at
318_at	7.92e-01	5.12e-01	-0.6590996	-5.84679	-0.11202448	318_at
9941_at	7.92e-01	5.13e-01	0.6585439	-5.84714	0.05278889	9941_at
694_at	7.92e-01	5.13e-01	0.6585385	-5.84715	0.10926446	694_at
29911_at	7.92e-01	5.13e-01	0.6584486	-5.8472	0.09032273	29911_at
8512_at	7.93e-01	5.13e-01	-0.6582684	-5.84732	-0.06762509	8512_at
1420_at	7.93e-01	5.13e-01	-0.6580451	-5.84746	-0.06202809	1420_at
7105_at	7.93e-01	5.13e-01	0.6579615	-5.84751	0.09994526	7105_at
92822_at	7.93e-01	5.14e-01	0.6573294	-5.84791	0.06890461	92822_at
7216_at	7.93e-01	5.14e-01	0.6572432	-5.84796	0.04072882	7216_at
80975_at	7.93e-01	5.14e-01	-0.6572152	-5.84798	-0.09496754	80975_at
57209_at	7.93e-01	5.14e-01	-0.6570768	-5.84806	-0.05424041	57209_at
23616_at	7.93e-01	5.14e-01	-0.6568352	-5.84822	-0.10157912	23616_at
1039_at	7.93e-01	5.14e-01	0.6566527	-5.84833	0.10981724	1039_at
10683_at	7.93e-01	5.14e-01	-0.6566313	-5.84834	-0.05599534	10683_at
56659_at	7.93e-01	5.14e-01	-0.6566004	-5.84836	-0.05944025	56659_at
140883_at	7.93e-01	5.14e-01	-0.6563623	-5.84851	-0.06208192	140883_at
11098_at	7.94e-01	5.14e-01	0.6558124	-5.84886	0.15353998	11098_at
27036_at	7.94e-01	5.15e-01	-0.6555621	-5.84901	-0.05047308	27036_at
5049_at	7.94e-01	5.15e-01	-0.655352	-5.84914	-0.06789216	5049_at
398_at	7.94e-01	5.15e-01	-0.6552881	-5.84918	-0.07895648	398_at
6421_at	7.94e-01	5.15e-01	0.6550562	-5.84933	0.06214621	6421_at
10911_at	7.94e-01	5.15e-01	-0.6549429	-5.8494	-0.04336245	10911_at
5153_at	7.94e-01	5.15e-01	-0.6547069	-5.84955	-0.08072618	5153_at
51196_at	7.94e-01	5.15e-01	-0.654493	-5.84968	-0.11423962	51196_at
100506504_at	7.94e-01	5.15e-01	-0.6544217	-5.84973	-0.07639307	100506504_at
9724_at	7.94e-01	5.15e-01	0.6542973	-5.8498	0.0878754	9724_at
8045_at	7.94e-01	5.16e-01	-0.6542045	-5.84986	-0.05590399	8045_at
1455_at	7.94e-01	5.16e-01	0.6539775	-5.85	0.04948698	1455_at
3636_at	7.94e-01	5.16e-01	-0.6538948	-5.85006	-0.06214492	3636_at
55148_at	7.94e-01	5.16e-01	-0.6533015	-5.85043	-0.0714149	55148_at
5079_at	7.94e-01	5.16e-01	-0.6532186	-5.85048	-0.06106479	5079_at
3008_at	7.94e-01	5.16e-01	-0.6531856	-5.8505	-0.04694773	3008_at
5130_at	7.94e-01	5.16e-01	0.653158	-5.85051	0.05575533	5130_at
4128_at	7.94e-01	5.16e-01	-0.6531134	-5.85054	-0.16837967	4128_at
10740_at	7.94e-01	5.16e-01	-0.6530607	-5.85058	-0.06209429	10740_at
5101_at	7.94e-01	5.16e-01	-0.6530498	-5.85058	-0.08084755	5101_at
140801_at	7.94e-01	5.16e-01	0.6530403	-5.85059	0.06513086	140801_at
23479_at	7.94e-01	5.16e-01	-0.6529635	-5.85064	-0.05498668	23479_at
8140_at	7.95e-01	5.17e-01	-0.6524233	-5.85097	-0.13631417	8140_at
5926_at	7.95e-01	5.17e-01	-0.6522833	-5.85106	-0.07126558	5926_at
9770_at	7.95e-01	5.17e-01	0.6521972	-5.85111	0.18193574	9770_at
4745_at	7.95e-01	5.17e-01	-0.6521835	-5.85112	-0.18980221	4745_at
411_at	7.95e-01	5.17e-01	0.6521079	-5.85117	0.14277194	411_at
9247_at	7.95e-01	5.17e-01	-0.6519776	-5.85125	-0.03937773	9247_at
64847_at	7.95e-01	5.17e-01	0.6519188	-5.85129	0.14766796	64847_at
63943_at	7.95e-01	5.17e-01	-0.6518725	-5.85132	-0.05546916	63943_at
84939_at	7.95e-01	5.17e-01	-0.6516413	-5.85146	-0.05421798	84939_at
9255_at	7.95e-01	5.17e-01	-0.6514303	-5.85159	-0.06729182	9255_at
9091_at	7.95e-01	5.17e-01	-0.6513744	-5.85163	-0.06129765	9091_at
3904_at	7.95e-01	5.18e-01	-0.6510353	-5.85184	-0.07682155	3904_at
5577_at	7.95e-01	5.18e-01	-0.6509049	-5.85192	-0.16872707	5577_at
1794_at	7.95e-01	5.18e-01	0.650576	-5.85212	0.16211823	1794_at
54821_at	7.96e-01	5.18e-01	-0.6502026	-5.85235	-0.06249795	54821_at
155400_at	7.96e-01	5.18e-01	0.6497895	-5.85261	0.13150585	155400_at
2615_at	7.96e-01	5.18e-01	0.6496573	-5.85269	0.10255605	2615_at
79642_at	7.96e-01	5.19e-01	0.6494391	-5.85283	0.07211338	79642_at
3014_at	7.96e-01	5.19e-01	-0.6492118	-5.85297	-0.05847085	3014_at
80228_at	7.96e-01	5.19e-01	0.6490592	-5.85306	0.05566667	80228_at
3563_at	7.96e-01	5.19e-01	-0.6488147	-5.85321	-0.07485087	3563_at
948_at	7.96e-01	5.19e-01	0.6487413	-5.85326	0.11427156	948_at
57817_at	7.96e-01	5.19e-01	-0.6487053	-5.85328	-0.08408296	57817_at
51564_at	7.96e-01	5.19e-01	-0.6484809	-5.85342	-0.08724455	51564_at
5273_at	7.96e-01	5.19e-01	-0.6483762	-5.85349	-0.06449515	5273_at
8877_at	7.97e-01	5.19e-01	-0.648108	-5.85365	-0.08637855	8877_at
6398_at	7.97e-01	5.19e-01	0.6479825	-5.85373	0.13215253	6398_at
3064_at	7.97e-01	5.20e-01	-0.6478696	-5.8538	-0.04742921	3064_at
6632_at	7.97e-01	5.20e-01	0.6478452	-5.85381	0.07040684	6632_at
10692_at	7.97e-01	5.20e-01	-0.6474489	-5.85406	-0.07233703	10692_at
643224_at	7.97e-01	5.20e-01	-0.6474194	-5.85408	-0.08020291	643224_at
4261_at	7.97e-01	5.20e-01	-0.6468325	-5.85444	-0.07407135	4261_at
9696_at	7.97e-01	5.20e-01	-0.6467472	-5.85449	-0.05106686	9696_at
9287_at	7.97e-01	5.20e-01	-0.6466995	-5.85452	-0.08269994	9287_at
6503_at	7.97e-01	5.20e-01	0.6466965	-5.85452	0.13671915	6503_at
26130_at	7.97e-01	5.20e-01	0.6465807	-5.8546	0.05551194	26130_at
55297_at	7.97e-01	5.20e-01	0.6465519	-5.85461	0.10206192	55297_at
7444_at	7.97e-01	5.20e-01	0.6464849	-5.85466	0.08442514	7444_at
23108_at	7.97e-01	5.20e-01	-0.646428	-5.85469	-0.08015217	23108_at
55336_at	7.97e-01	5.21e-01	0.6462603	-5.85479	0.07506954	55336_at
54923_at	7.97e-01	5.21e-01	-0.6461771	-5.85485	-0.17581422	54923_at
79792_at	7.97e-01	5.21e-01	0.646142	-5.85487	0.07229587	79792_at
4992_at	7.97e-01	5.21e-01	-0.6460666	-5.85491	-0.0848139	4992_at
8200_at	7.97e-01	5.21e-01	-0.6459207	-5.855	-0.07888016	8200_at
9570_at	7.97e-01	5.21e-01	-0.6457442	-5.85511	-0.0875386	9570_at
3783_at	7.97e-01	5.21e-01	-0.6456769	-5.85515	-0.07325759	3783_at
54993_at	7.97e-01	5.21e-01	-0.6455035	-5.85526	-0.07829199	54993_at
337_at	7.97e-01	5.21e-01	-0.6454061	-5.85532	-0.07194028	337_at
83729_at	7.97e-01	5.21e-01	-0.6452616	-5.85541	-0.0546836	83729_at
10002_at	7.97e-01	5.21e-01	-0.6449933	-5.85557	-0.05155601	10002_at
55692_at	7.97e-01	5.22e-01	0.6445975	-5.85582	0.07075457	55692_at
3934_at	7.97e-01	5.22e-01	0.6445604	-5.85584	0.4211174	3934_at
7399_at	7.97e-01	5.22e-01	0.6445006	-5.85588	0.03919348	7399_at
653808_at	7.97e-01	5.22e-01	-0.6444916	-5.85588	-0.09287774	653808_at
64422_at	7.97e-01	5.22e-01	0.644257	-5.85603	0.04710577	64422_at
5532_at	7.97e-01	5.22e-01	0.6440962	-5.85613	0.0669784	5532_at
5795_at	7.97e-01	5.22e-01	0.6439291	-5.85623	0.05057624	5795_at
55554_at	7.97e-01	5.22e-01	0.6439151	-5.85624	0.06446312	55554_at
5819_at	7.97e-01	5.22e-01	0.64384	-5.85628	0.0769781	5819_at
56311_at	7.98e-01	5.22e-01	0.6436517	-5.8564	0.06616077	56311_at
8811_at	7.98e-01	5.23e-01	0.6429243	-5.85685	0.0478564	8811_at
23560_at	7.98e-01	5.23e-01	0.6428843	-5.85687	0.07699668	23560_at
25948_at	7.98e-01	5.23e-01	-0.6427622	-5.85695	-0.0884505	25948_at
25920_at	7.99e-01	5.23e-01	0.642199	-5.85729	0.07249529	25920_at
4684_at	7.99e-01	5.23e-01	-0.6421219	-5.85734	-0.05121146	4684_at
100506469_at	7.99e-01	5.23e-01	-0.6418905	-5.85748	-0.07481961	100506469_at
9212_at	7.99e-01	5.23e-01	0.6418009	-5.85754	0.0838161	9212_at
64283_at	7.99e-01	5.24e-01	0.6417003	-5.8576	0.09556541	64283_at
395_at	7.99e-01	5.24e-01	0.6416316	-5.85764	0.04519945	395_at
440348_at	7.99e-01	5.24e-01	-0.6415465	-5.85769	-0.11327755	440348_at
758_at	7.99e-01	5.24e-01	-0.6413419	-5.85782	-0.06707071	758_at
10062_at	7.99e-01	5.24e-01	-0.641186	-5.85791	-0.09488239	10062_at
3678_at	7.99e-01	5.24e-01	-0.6405127	-5.85833	-0.09382334	3678_at
10345_at	7.99e-01	5.24e-01	-0.6404291	-5.85838	-0.03673312	10345_at
26168_at	7.99e-01	5.24e-01	-0.6403625	-5.85842	-0.09444613	26168_at
4902_at	7.99e-01	5.24e-01	0.6403316	-5.85844	0.05305476	4902_at
3052_at	7.99e-01	5.24e-01	0.6402918	-5.85846	0.07012091	3052_at
10188_at	7.99e-01	5.24e-01	-0.640271	-5.85847	-0.06406188	10188_at
55339_at	7.99e-01	5.24e-01	-0.6402251	-5.8585	-0.04746926	55339_at
57369_at	7.99e-01	5.25e-01	-0.6399295	-5.85868	-0.08629493	57369_at
10785_at	7.99e-01	5.25e-01	-0.6399021	-5.8587	-0.08737151	10785_at
60482_at	7.99e-01	5.25e-01	-0.6399	-5.8587	-0.06999923	60482_at
5718_at	7.99e-01	5.25e-01	0.6397455	-5.85879	0.08104667	5718_at
79095_at	7.99e-01	5.25e-01	0.6397249	-5.85881	0.09251963	79095_at
382_at	7.99e-01	5.25e-01	-0.6393174	-5.85906	-0.09263833	382_at
2266_at	7.99e-01	5.25e-01	0.6392523	-5.8591	0.4045625	2266_at
8358_at	7.99e-01	5.25e-01	-0.6391588	-5.85915	-0.04634129	8358_at
79929_at	7.99e-01	5.25e-01	-0.639057	-5.85921	-0.06875463	79929_at
79797_at	8.00e-01	5.26e-01	-0.6385537	-5.85952	-0.07013456	79797_at
8820_at	8.00e-01	5.26e-01	0.6383632	-5.85964	0.05741903	8820_at
56920_at	8.00e-01	5.26e-01	-0.6383393	-5.85965	-0.14481448	56920_at
2149_at	8.00e-01	5.26e-01	0.6382597	-5.8597	0.1039874	2149_at
6616_at	8.00e-01	5.26e-01	-0.6382135	-5.85973	-0.05731164	6616_at
3933_at	8.00e-01	5.26e-01	-0.6379785	-5.85987	-0.0893176	3933_at
9114_at	8.00e-01	5.26e-01	0.6377454	-5.86001	0.08114239	9114_at
79953_at	8.00e-01	5.26e-01	-0.6376981	-5.86004	-0.15206435	79953_at
56100_at	8.00e-01	5.26e-01	-0.6376458	-5.86007	-0.04664257	56100_at
1141_at	8.00e-01	5.26e-01	-0.6375414	-5.86014	-0.07085003	1141_at
6360_at	8.00e-01	5.27e-01	-0.6369212	-5.86052	-0.07359586	6360_at
23218_at	8.00e-01	5.27e-01	0.636905	-5.86053	0.06358157	23218_at
176_at	8.00e-01	5.27e-01	0.63683	-5.86057	0.05823275	176_at
56006_at	8.00e-01	5.27e-01	-0.6367684	-5.86061	-0.05438109	56006_at
55298_at	8.00e-01	5.27e-01	-0.6367381	-5.86063	-0.08192594	55298_at
10762_at	8.00e-01	5.27e-01	0.6366039	-5.86071	0.06119466	10762_at
1048_at	8.00e-01	5.27e-01	-0.6364677	-5.86079	-0.10402647	1048_at
6550_at	8.00e-01	5.27e-01	-0.6362513	-5.86092	-0.07046761	6550_at
5889_at	8.00e-01	5.27e-01	0.636007	-5.86107	0.05497894	5889_at
5878_at	8.01e-01	5.27e-01	-0.635593	-5.86132	-0.08909179	5878_at
57862_at	8.01e-01	5.28e-01	0.6353153	-5.86149	0.06436498	57862_at
81605_at	8.01e-01	5.28e-01	-0.635119	-5.86161	-0.05666244	81605_at
55760_at	8.01e-01	5.28e-01	-0.6351079	-5.86162	-0.05527196	55760_at
54440_at	8.01e-01	5.28e-01	0.635061	-5.86165	0.10911399	54440_at
79977_at	8.01e-01	5.28e-01	0.6349909	-5.86169	0.0924264	79977_at
399_at	8.01e-01	5.28e-01	-0.634835	-5.86178	-0.09900561	399_at
3175_at	8.01e-01	5.28e-01	-0.6344819	-5.862	-0.05552059	3175_at
79833_at	8.01e-01	5.28e-01	0.6343614	-5.86207	0.08050615	79833_at
4046_at	8.01e-01	5.28e-01	0.6341603	-5.86219	0.08557677	4046_at
80351_at	8.01e-01	5.28e-01	0.6340952	-5.86223	0.07341346	80351_at
79899_at	8.01e-01	5.29e-01	0.6338079	-5.86241	0.07103326	79899_at
1977_at	8.01e-01	5.29e-01	-0.6335793	-5.86254	-0.06502742	1977_at
8404_at	8.01e-01	5.29e-01	0.6334586	-5.86262	0.2532199	8404_at
93594_at	8.02e-01	5.29e-01	-0.6328926	-5.86296	-0.05735056	93594_at
100287932_at	8.02e-01	5.29e-01	0.6328827	-5.86297	0.07511594	100287932_at
7468_at	8.02e-01	5.29e-01	0.6327535	-5.86304	0.04122204	7468_at
29935_at	8.02e-01	5.29e-01	-0.6327432	-5.86305	-0.04864057	29935_at
56955_at	8.02e-01	5.29e-01	-0.6327017	-5.86307	-0.07439101	56955_at
5988_at	8.02e-01	5.29e-01	-0.6325781	-5.86315	-0.03890392	5988_at
2868_at	8.02e-01	5.30e-01	-0.6323003	-5.86332	-0.04005188	2868_at
324_at	8.02e-01	5.30e-01	0.632086	-5.86345	0.03078522	324_at
50810_at	8.02e-01	5.30e-01	-0.6320291	-5.86348	-0.08878366	50810_at
9652_at	8.02e-01	5.30e-01	0.6319033	-5.86356	0.08813508	9652_at
27132_at	8.02e-01	5.30e-01	-0.6314288	-5.86384	-0.078844	27132_at
25825_at	8.02e-01	5.30e-01	-0.6313524	-5.86389	-0.13428534	25825_at
79581_at	8.02e-01	5.30e-01	0.6312124	-5.86397	0.08353322	79581_at
2949_at	8.02e-01	5.30e-01	-0.6310328	-5.86408	-0.09344138	2949_at
51571_at	8.02e-01	5.31e-01	0.6309204	-5.86415	0.08359019	51571_at
10580_at	8.02e-01	5.31e-01	-0.6308174	-5.86421	-0.04936531	10580_at
7263_at	8.02e-01	5.31e-01	-0.630697	-5.86428	-0.14059525	7263_at
3704_at	8.02e-01	5.31e-01	0.6305436	-5.86438	0.07989487	3704_at
6402_at	8.02e-01	5.31e-01	0.6301807	-5.86459	0.20525814	6402_at
9573_at	8.02e-01	5.31e-01	-0.6301577	-5.86461	-0.07719749	9573_at
8694_at	8.02e-01	5.31e-01	-0.630042	-5.86468	-0.07053142	8694_at
5546_at	8.02e-01	5.31e-01	0.6299812	-5.86472	0.06550567	5546_at
23338_at	8.02e-01	5.31e-01	-0.6298822	-5.86477	-0.04802751	23338_at
3594_at	8.02e-01	5.31e-01	-0.6297805	-5.86484	-0.08634876	3594_at
23209_at	8.02e-01	5.31e-01	-0.6297491	-5.86485	-0.05313136	23209_at
113419_at	8.02e-01	5.31e-01	-0.629742	-5.86486	-0.05959684	113419_at
54475_at	8.02e-01	5.31e-01	0.6296512	-5.86491	0.05464952	54475_at
4320_at	8.03e-01	5.31e-01	-0.6294195	-5.86505	-0.05335897	4320_at
79132_at	8.03e-01	5.32e-01	0.6293217	-5.86511	0.08901037	79132_at
1954_at	8.03e-01	5.32e-01	0.629034	-5.86528	0.05390575	1954_at
8623_at	8.03e-01	5.32e-01	-0.6288935	-5.86537	-0.06993163	8623_at
3195_at	8.03e-01	5.32e-01	-0.6288069	-5.86542	-0.06860237	3195_at
10528_at	8.03e-01	5.32e-01	-0.6286242	-5.86553	-0.05718328	10528_at
9878_at	8.03e-01	5.32e-01	-0.6285439	-5.86558	-0.046639	9878_at
9970_at	8.03e-01	5.32e-01	-0.628429	-5.86565	-0.26014977	9970_at
8841_at	8.03e-01	5.32e-01	-0.6283489	-5.8657	-0.05271071	8841_at
579_at	8.03e-01	5.32e-01	-0.6283471	-5.8657	-0.05649036	579_at
55208_at	8.03e-01	5.32e-01	-0.6282411	-5.86576	-0.06897493	55208_at
9745_at	8.03e-01	5.32e-01	-0.6281616	-5.86581	-0.07017804	9745_at
3725_at	8.03e-01	5.33e-01	0.6275251	-5.86619	0.17453176	3725_at
50835_at	8.04e-01	5.33e-01	0.6269109	-5.86656	0.04374606	50835_at
30844_at	8.04e-01	5.34e-01	0.6262989	-5.86692	0.12405299	30844_at
54832_at	8.04e-01	5.34e-01	0.6259841	-5.86711	0.09484262	54832_at
51002_at	8.04e-01	5.34e-01	0.6258577	-5.86719	0.10486304	51002_at
8029_at	8.04e-01	5.34e-01	-0.6257512	-5.86725	-0.25061251	8029_at
54539_at	8.04e-01	5.34e-01	0.625663	-5.8673	0.0641892	54539_at
50854_at	8.05e-01	5.34e-01	0.6251583	-5.86761	0.10011054	50854_at
11188_at	8.05e-01	5.34e-01	0.6250957	-5.86764	0.06599806	11188_at
6522_at	8.05e-01	5.34e-01	-0.6250627	-5.86766	-0.0743756	6522_at
268_at	8.05e-01	5.34e-01	-0.6249242	-5.86775	-0.07566432	268_at
51373_at	8.05e-01	5.34e-01	0.6249054	-5.86776	0.08369928	51373_at
1811_at	8.05e-01	5.35e-01	-0.6246955	-5.86788	-0.04546095	1811_at
55213_at	8.05e-01	5.35e-01	0.6238824	-5.86837	0.15176102	55213_at
8974_at	8.06e-01	5.35e-01	-0.6237357	-5.86846	-0.20648653	8974_at
51646_at	8.06e-01	5.35e-01	0.6233019	-5.86871	0.06115177	51646_at
102724905_at	8.06e-01	5.36e-01	0.623042	-5.86887	0.05854836	102724905_at
55974_at	8.06e-01	5.36e-01	-0.6228781	-5.86897	-0.06036707	55974_at
26047_at	8.06e-01	5.36e-01	-0.6228243	-5.869	-0.03951886	26047_at
29880_at	8.06e-01	5.36e-01	0.6227743	-5.86903	0.07923775	29880_at
23107_at	8.06e-01	5.36e-01	0.6227368	-5.86905	0.06452345	23107_at
3140_at	8.06e-01	5.36e-01	0.6224509	-5.86922	0.0581079	3140_at
11276_at	8.06e-01	5.36e-01	0.6222596	-5.86933	0.05673221	11276_at
79891_at	8.06e-01	5.36e-01	-0.622203	-5.86937	-0.08672867	79891_at
55299_at	8.07e-01	5.37e-01	-0.6214951	-5.86979	-0.0543419	55299_at
79836_at	8.07e-01	5.37e-01	-0.6213595	-5.86987	-0.10805614	79836_at
403_at	8.07e-01	5.37e-01	0.6213036	-5.8699	0.0498634	403_at
2766_at	8.07e-01	5.37e-01	0.6211457	-5.87	0.09926588	2766_at
79863_at	8.07e-01	5.37e-01	-0.6210626	-5.87004	-0.06675193	79863_at
55040_at	8.07e-01	5.37e-01	-0.6206499	-5.87029	-0.09749525	55040_at
7481_at	8.07e-01	5.37e-01	-0.6206035	-5.87032	-0.07617009	7481_at
23349_at	8.07e-01	5.37e-01	-0.6204544	-5.87041	-0.04091414	23349_at
7367_at	8.07e-01	5.38e-01	0.6201021	-5.87061	0.06271554	7367_at
5336_at	8.08e-01	5.38e-01	0.6196857	-5.87086	0.12360836	5336_at
23526_at	8.08e-01	5.38e-01	-0.6195715	-5.87093	-0.06801933	23526_at
22921_at	8.08e-01	5.38e-01	0.6195078	-5.87097	0.0536125	22921_at
8269_at	8.08e-01	5.38e-01	0.6194155	-5.87102	0.08207656	8269_at
58_at	8.08e-01	5.38e-01	-0.6189921	-5.87127	-0.05857579	58_at
7224_at	8.08e-01	5.38e-01	0.6189242	-5.87131	0.04705695	7224_at
2515_at	8.08e-01	5.38e-01	0.6188883	-5.87133	0.04770072	2515_at
29926_at	8.08e-01	5.39e-01	0.6179853	-5.87187	0.07487387	29926_at
79990_at	8.08e-01	5.39e-01	-0.6178865	-5.87192	-0.05280114	79990_at
8411_at	8.08e-01	5.39e-01	-0.6178676	-5.87194	-0.03058921	8411_at
2664_at	8.08e-01	5.39e-01	-0.6178487	-5.87195	-0.05463999	2664_at
51330_at	8.08e-01	5.39e-01	0.6177818	-5.87199	0.23928011	51330_at
23336_at	8.08e-01	5.39e-01	-0.6177491	-5.87201	-0.1170323	23336_at
6370_at	8.08e-01	5.39e-01	-0.6175622	-5.87212	-0.09504451	6370_at
54210_at	8.08e-01	5.39e-01	-0.6173949	-5.87221	-0.07023775	54210_at
51533_at	8.08e-01	5.39e-01	-0.6173345	-5.87225	-0.04760276	51533_at
100130100_at	8.09e-01	5.40e-01	0.6171127	-5.87238	0.1860651	100130100_at
23493_at	8.09e-01	5.40e-01	-0.616959	-5.87247	-0.06964111	23493_at
6910_at	8.09e-01	5.40e-01	-0.6166755	-5.87264	-0.05824454	6910_at
2189_at	8.09e-01	5.40e-01	0.6165602	-5.87271	0.06853278	2189_at
9623_at	8.09e-01	5.40e-01	-0.6163659	-5.87282	-0.07663246	9623_at
1285_at	8.09e-01	5.40e-01	-0.6162861	-5.87287	-0.07648744	1285_at
9780_at	8.09e-01	5.40e-01	0.6162082	-5.87291	0.12318511	9780_at
79609_at	8.09e-01	5.40e-01	-0.6161078	-5.87297	-0.08062858	79609_at
56260_at	8.09e-01	5.40e-01	0.6160683	-5.873	0.05247027	56260_at
6904_at	8.09e-01	5.40e-01	-0.6157869	-5.87316	-0.05153921	6904_at
56904_at	8.09e-01	5.40e-01	-0.6157562	-5.87318	-0.06540383	56904_at
2262_at	8.09e-01	5.41e-01	-0.6153487	-5.87342	-0.32978107	2262_at
58526_at	8.09e-01	5.41e-01	0.6153442	-5.87342	0.09689375	58526_at
10874_at	8.09e-01	5.41e-01	0.6151528	-5.87353	0.10934133	10874_at
53637_at	8.09e-01	5.41e-01	-0.6150135	-5.87362	-0.05247941	53637_at
7257_at	8.09e-01	5.41e-01	-0.6147348	-5.87378	-0.07542505	7257_at
814_at	8.09e-01	5.41e-01	-0.6145991	-5.87386	-0.05067131	814_at
7633_at	8.09e-01	5.41e-01	-0.6145488	-5.87389	-0.04834093	7633_at
390_at	8.10e-01	5.42e-01	-0.613947	-5.87424	-0.22311836	390_at
6523_at	8.10e-01	5.42e-01	0.6138153	-5.87432	0.20551957	6523_at
1892_at	8.10e-01	5.42e-01	-0.6137698	-5.87435	-0.1100804	1892_at
81031_at	8.10e-01	5.42e-01	0.6137441	-5.87436	0.11620853	81031_at
444_at	8.10e-01	5.42e-01	0.6135486	-5.87448	0.04253019	444_at
79782_at	8.10e-01	5.42e-01	-0.6133969	-5.87457	-0.04907207	79782_at
64816_at	8.10e-01	5.42e-01	-0.6133573	-5.87459	-0.0513602	64816_at
80157_at	8.10e-01	5.42e-01	-0.6131836	-5.87469	-0.12482438	80157_at
1361_at	8.10e-01	5.42e-01	-0.6127569	-5.87494	-0.09644476	1361_at
1417_at	8.10e-01	5.43e-01	-0.612382	-5.87516	-0.11706141	1417_at
396_at	8.10e-01	5.43e-01	0.6120554	-5.87535	0.05459035	396_at
10294_at	8.10e-01	5.43e-01	0.6120169	-5.87537	0.08218484	10294_at
8483_at	8.10e-01	5.43e-01	-0.6119969	-5.87539	-0.0944287	8483_at
7473_at	8.10e-01	5.43e-01	0.6119328	-5.87542	0.05851002	7473_at
8777_at	8.10e-01	5.43e-01	0.6119165	-5.87543	0.12595542	8777_at
10193_at	8.11e-01	5.43e-01	0.6116307	-5.8756	0.05701395	10193_at
101929078_at	8.11e-01	5.43e-01	-0.6113766	-5.87575	-0.04211019	101929078_at
58511_at	8.11e-01	5.43e-01	-0.611159	-5.87588	-0.05594102	58511_at
55604_at	8.11e-01	5.43e-01	0.6111127	-5.8759	0.13075617	55604_at
80183_at	8.11e-01	5.43e-01	0.6110647	-5.87593	0.08280289	80183_at
1277_at	8.11e-01	5.44e-01	0.6109966	-5.87597	0.12275839	1277_at
8942_at	8.11e-01	5.44e-01	-0.6108349	-5.87606	-0.10112124	8942_at
55723_at	8.11e-01	5.44e-01	-0.6108094	-5.87608	-0.08976163	55723_at
79850_at	8.11e-01	5.44e-01	-0.61078	-5.8761	-0.10773777	79850_at
729164_at	8.11e-01	5.44e-01	-0.6104681	-5.87628	-0.06227787	729164_at
23746_at	8.11e-01	5.44e-01	-0.61012	-5.87648	-0.06789812	23746_at
4258_at	8.11e-01	5.44e-01	0.6099144	-5.8766	0.07338148	4258_at
10635_at	8.11e-01	5.44e-01	-0.6098907	-5.87662	-0.06130518	10635_at
5047_at	8.11e-01	5.44e-01	-0.6098465	-5.87664	-0.05280753	5047_at
11254_at	8.11e-01	5.44e-01	-0.6097774	-5.87668	-0.0576472	11254_at
9472_at	8.11e-01	5.44e-01	-0.6097707	-5.87668	-0.05260942	9472_at
51218_at	8.11e-01	5.44e-01	-0.6096947	-5.87673	-0.08153655	51218_at
5371_at	8.11e-01	5.44e-01	-0.6095718	-5.8768	-0.0411408	5371_at
3790_at	8.11e-01	5.45e-01	0.609443	-5.87688	0.13276202	3790_at
4897_at	8.11e-01	5.45e-01	0.608935	-5.87717	0.11386532	4897_at
483_at	8.11e-01	5.45e-01	-0.6088405	-5.87723	-0.13710234	483_at
5950_at	8.11e-01	5.45e-01	-0.6086498	-5.87734	-0.57143633	5950_at
57110_at	8.12e-01	5.46e-01	0.6079201	-5.87776	0.03993034	57110_at
1349_at	8.12e-01	5.46e-01	-0.607904	-5.87777	-0.07640062	1349_at
54964_at	8.12e-01	5.46e-01	-0.6078926	-5.87778	-0.05817667	54964_at
55039_at	8.12e-01	5.46e-01	0.6078409	-5.87781	0.06193672	55039_at
55799_at	8.12e-01	5.46e-01	0.6078386	-5.87781	0.10139942	55799_at
9181_at	8.12e-01	5.46e-01	-0.6078109	-5.87783	-0.0501445	9181_at
5744_at	8.12e-01	5.46e-01	-0.6073903	-5.87807	-0.03128387	5744_at
91949_at	8.12e-01	5.46e-01	0.6072273	-5.87816	0.07810617	91949_at
3112_at	8.12e-01	5.46e-01	-0.6072249	-5.87817	-0.0920195	3112_at
534_at	8.12e-01	5.46e-01	0.6072138	-5.87817	0.08577734	534_at
9595_at	8.13e-01	5.47e-01	0.6060743	-5.87883	0.16528272	9595_at
23657_at	8.13e-01	5.47e-01	-0.6059236	-5.87892	-0.04854023	23657_at
1861_at	8.13e-01	5.47e-01	0.6059167	-5.87892	0.04820348	1861_at
114548_at	8.13e-01	5.47e-01	-0.605779	-5.879	-0.05376441	114548_at
10855_at	8.13e-01	5.47e-01	0.6055851	-5.87912	0.1062557	10855_at
2843_at	8.13e-01	5.47e-01	-0.6054903	-5.87917	-0.0663356	2843_at
8462_at	8.13e-01	5.47e-01	0.6052616	-5.8793	0.10606327	8462_at
9414_at	8.13e-01	5.48e-01	0.6047539	-5.8796	0.1083721	9414_at
51023_at	8.13e-01	5.48e-01	-0.6045825	-5.8797	-0.039044	51023_at
55314_at	8.13e-01	5.48e-01	0.6043909	-5.87981	0.04846561	55314_at
3035_at	8.13e-01	5.48e-01	0.6043463	-5.87983	0.06389014	3035_at
321_at	8.13e-01	5.48e-01	-0.6043219	-5.87985	-0.05319579	321_at
550_at	8.13e-01	5.48e-01	-0.6041757	-5.87993	-0.06616912	550_at
57827_at	8.14e-01	5.48e-01	-0.6038844	-5.8801	-0.05675533	57827_at
4548_at	8.14e-01	5.48e-01	-0.6036997	-5.88021	-0.09253797	4548_at
9401_at	8.14e-01	5.48e-01	-0.6036078	-5.88026	-0.07153055	9401_at
4636_at	8.14e-01	5.48e-01	0.6035005	-5.88032	0.09701661	4636_at
602_at	8.14e-01	5.49e-01	-0.6033757	-5.88039	-0.07584194	602_at
64089_at	8.14e-01	5.49e-01	0.6033224	-5.88042	0.05550888	64089_at
28683_at	8.14e-01	5.49e-01	-0.6032547	-5.88046	-0.12721708	28683_at
54665_at	8.14e-01	5.49e-01	-0.6027922	-5.88073	-0.07935021	54665_at
8339_at	8.14e-01	5.49e-01	-0.6027128	-5.88077	-0.0589807	8339_at
291_at	8.14e-01	5.49e-01	-0.6027099	-5.88078	-0.04919614	291_at
10277_at	8.14e-01	5.49e-01	0.6026441	-5.88081	0.05031666	10277_at
64769_at	8.14e-01	5.49e-01	0.6025412	-5.88087	0.09147573	64769_at
5521_at	8.14e-01	5.49e-01	0.6024683	-5.88092	0.08541022	5521_at
8438_at	8.14e-01	5.49e-01	-0.6024296	-5.88094	-0.08130597	8438_at
29803_at	8.14e-01	5.49e-01	-0.6021862	-5.88108	-0.06136389	29803_at
9871_at	8.14e-01	5.49e-01	0.6020483	-5.88116	0.07837486	9871_at
1789_at	8.14e-01	5.49e-01	0.6020229	-5.88117	0.07480679	1789_at
390940_at	8.14e-01	5.50e-01	-0.6018677	-5.88126	-0.08570078	390940_at
23550_at	8.14e-01	5.50e-01	0.6016831	-5.88137	0.04795067	23550_at
57125_at	8.14e-01	5.50e-01	-0.6011911	-5.88165	-0.05488362	57125_at
54752_at	8.14e-01	5.50e-01	-0.6011542	-5.88167	-0.06731902	54752_at
50507_at	8.14e-01	5.50e-01	-0.6010892	-5.88171	-0.22794045	50507_at
5985_at	8.14e-01	5.50e-01	0.6010473	-5.88173	0.07030444	5985_at
10589_at	8.14e-01	5.50e-01	-0.600894	-5.88182	-0.07277808	10589_at
4724_at	8.14e-01	5.50e-01	-0.6008843	-5.88183	-0.07631879	4724_at
101927550_at	8.14e-01	5.50e-01	-0.6006706	-5.88195	-0.05137258	101927550_at
51455_at	8.14e-01	5.50e-01	-0.6005015	-5.88205	-0.0780536	51455_at
10527_at	8.14e-01	5.50e-01	-0.600484	-5.88206	-0.07075693	10527_at
9901_at	8.14e-01	5.50e-01	-0.60048	-5.88206	-0.07584547	9901_at
4254_at	8.14e-01	5.51e-01	0.6003726	-5.88212	0.09562573	4254_at
55755_at	8.14e-01	5.51e-01	-0.6003479	-5.88213	-0.0625474	55755_at
1573_at	8.14e-01	5.51e-01	-0.6001585	-5.88224	-0.1322699	1573_at
686_at	8.14e-01	5.51e-01	-0.5997211	-5.88249	-0.10422762	686_at
5709_at	8.14e-01	5.51e-01	-0.5995198	-5.88261	-0.05387107	5709_at
8539_at	8.14e-01	5.51e-01	-0.5995094	-5.88261	-0.0631216	8539_at
4993_at	8.14e-01	5.51e-01	-0.5994013	-5.88268	-0.07279482	4993_at
53836_at	8.14e-01	5.51e-01	-0.599262	-5.88276	-0.04187194	53836_at
79187_at	8.14e-01	5.51e-01	-0.5992405	-5.88277	-0.07166697	79187_at
3024_at	8.14e-01	5.51e-01	-0.5990382	-5.88288	-0.05122889	3024_at
25771_at	8.14e-01	5.51e-01	-0.5990187	-5.8829	-0.04364409	25771_at
9455_at	8.14e-01	5.51e-01	-0.5989771	-5.88292	-0.10001152	9455_at
4804_at	8.14e-01	5.52e-01	-0.5988377	-5.883	-0.0554583	4804_at
64789_at	8.14e-01	5.52e-01	-0.5988201	-5.88301	-0.045811	64789_at
6710_at	8.15e-01	5.52e-01	-0.598506	-5.88319	-0.05699803	6710_at
8940_at	8.15e-01	5.52e-01	-0.5983272	-5.88329	-0.05494742	8940_at
9779_at	8.15e-01	5.52e-01	-0.598303	-5.88331	-0.03865651	9779_at
9275_at	8.15e-01	5.52e-01	-0.5978445	-5.88357	-0.05367632	9275_at
10403_at	8.15e-01	5.52e-01	0.5978293	-5.88358	0.06617437	10403_at
54862_at	8.15e-01	5.52e-01	0.5976821	-5.88366	0.03994954	54862_at
55118_at	8.15e-01	5.53e-01	0.5972334	-5.88392	0.07449616	55118_at
3443_at	8.15e-01	5.53e-01	-0.5971475	-5.88397	-0.04642422	3443_at
7371_at	8.15e-01	5.53e-01	0.5971301	-5.88398	0.07839348	7371_at
27123_at	8.15e-01	5.53e-01	0.5970595	-5.88402	0.04239769	27123_at
23626_at	8.15e-01	5.53e-01	-0.5968252	-5.88415	-0.04154142	23626_at
27033_at	8.15e-01	5.53e-01	-0.5966674	-5.88424	-0.05952455	27033_at
26476_at	8.15e-01	5.53e-01	-0.5964161	-5.88438	-0.06552347	26476_at
1804_at	8.16e-01	5.53e-01	-0.5962645	-5.88447	-0.13947654	1804_at
5025_at	8.16e-01	5.53e-01	0.59604	-5.8846	0.08759196	5025_at
9898_at	8.16e-01	5.54e-01	0.5958335	-5.88472	0.04201572	9898_at
29106_at	8.16e-01	5.54e-01	-0.5955518	-5.88488	-0.04314086	29106_at
3965_at	8.16e-01	5.54e-01	-0.5954234	-5.88495	-0.07871544	3965_at
10049_at	8.16e-01	5.54e-01	0.5953214	-5.88501	0.08865513	10049_at
81873_at	8.16e-01	5.54e-01	0.5953138	-5.88501	0.06720661	81873_at
79090_at	8.16e-01	5.54e-01	-0.5949984	-5.88519	-0.10500066	79090_at
60673_at	8.16e-01	5.54e-01	0.5949479	-5.88522	0.07087525	60673_at
3598_at	8.16e-01	5.54e-01	-0.5949195	-5.88524	-0.12427446	3598_at
3033_at	8.16e-01	5.54e-01	-0.5949123	-5.88524	-0.16435322	3033_at
23519_at	8.16e-01	5.54e-01	-0.5948673	-5.88526	-0.04309858	23519_at
56890_at	8.16e-01	5.54e-01	0.5946485	-5.88539	0.04997707	56890_at
11235_at	8.16e-01	5.55e-01	0.5943537	-5.88556	0.07784492	11235_at
54939_at	8.16e-01	5.55e-01	0.5940539	-5.88573	0.05072979	54939_at
2305_at	8.17e-01	5.55e-01	0.5936082	-5.88598	0.08678592	2305_at
51560_at	8.17e-01	5.55e-01	-0.5934198	-5.88609	-0.06715298	51560_at
3661_at	8.17e-01	5.55e-01	0.5929456	-5.88636	0.07438712	3661_at
10858_at	8.17e-01	5.56e-01	0.592621	-5.88654	0.13710586	10858_at
80063_at	8.17e-01	5.56e-01	-0.5925131	-5.8866	-0.06976827	80063_at
9683_at	8.17e-01	5.56e-01	-0.5922994	-5.88672	-0.03792818	9683_at
4145_at	8.17e-01	5.56e-01	-0.5922319	-5.88676	-0.07463585	4145_at
22858_at	8.17e-01	5.56e-01	0.5922247	-5.88676	0.04302317	22858_at
25888_at	8.18e-01	5.56e-01	-0.5917225	-5.88705	-0.04414384	25888_at
55184_at	8.18e-01	5.56e-01	-0.5916191	-5.88711	-0.0613839	55184_at
4967_at	8.18e-01	5.56e-01	-0.5915254	-5.88716	-0.10837873	4967_at
2662_at	8.18e-01	5.57e-01	-0.5912374	-5.88732	-0.04788536	2662_at
84243_at	8.18e-01	5.57e-01	-0.5909446	-5.88749	-0.06506665	84243_at
7188_at	8.18e-01	5.57e-01	0.5908728	-5.88753	0.12118389	7188_at
10592_at	8.18e-01	5.57e-01	-0.5908107	-5.88756	-0.05640765	10592_at
9462_at	8.18e-01	5.57e-01	0.5907633	-5.88759	0.04397338	9462_at
22994_at	8.18e-01	5.57e-01	0.5906289	-5.88767	0.0590216	22994_at
1615_at	8.18e-01	5.57e-01	0.5906175	-5.88767	0.06342186	1615_at
6779_at	8.18e-01	5.57e-01	-0.5904282	-5.88778	-0.05651775	6779_at
54505_at	8.18e-01	5.57e-01	0.5903202	-5.88784	0.11150889	54505_at
1465_at	8.18e-01	5.57e-01	0.5903139	-5.88784	0.106125	1465_at
79685_at	8.18e-01	5.57e-01	0.5901891	-5.88791	0.06866131	79685_at
4957_at	8.18e-01	5.58e-01	0.5898294	-5.88812	0.06105284	4957_at
412_at	8.18e-01	5.58e-01	0.5897955	-5.88814	0.06362002	412_at
2395_at	8.18e-01	5.58e-01	0.5894853	-5.88831	0.05694114	2395_at
10057_at	8.18e-01	5.58e-01	-0.5894817	-5.88831	-0.09160063	10057_at
3338_at	8.18e-01	5.58e-01	0.5894016	-5.88836	0.07238149	3338_at
283131_at	8.18e-01	5.58e-01	0.5893956	-5.88836	0.11706464	283131_at
54778_at	8.18e-01	5.58e-01	0.5893691	-5.88838	0.091387	54778_at
192670_at	8.18e-01	5.58e-01	-0.5893416	-5.88839	-0.06420736	192670_at
100287387_at	8.18e-01	5.58e-01	-0.5893151	-5.88841	-0.03539803	100287387_at
7267_at	8.18e-01	5.58e-01	0.5890738	-5.88854	0.06671221	7267_at
64223_at	8.18e-01	5.58e-01	-0.5889521	-5.88861	-0.06246996	64223_at
2971_at	8.18e-01	5.58e-01	0.5888763	-5.88865	0.07674029	2971_at
8440_at	8.18e-01	5.58e-01	0.5884888	-5.88887	0.06902045	8440_at
10485_at	8.18e-01	5.59e-01	-0.58832	-5.88897	-0.07754482	10485_at
54982_at	8.18e-01	5.59e-01	-0.5880771	-5.8891	-0.06562259	54982_at
23172_at	8.18e-01	5.59e-01	-0.5879362	-5.88918	-0.03949827	23172_at
26071_at	8.18e-01	5.59e-01	0.5879252	-5.88919	0.06102585	26071_at
63897_at	8.18e-01	5.59e-01	-0.5879079	-5.8892	-0.04031368	63897_at
22989_at	8.18e-01	5.59e-01	-0.587586	-5.88938	-0.05011168	22989_at
29122_at	8.18e-01	5.59e-01	0.5875724	-5.88939	0.06288447	29122_at
57645_at	8.18e-01	5.59e-01	0.5875267	-5.88941	0.09037162	57645_at
2692_at	8.18e-01	5.59e-01	-0.5874782	-5.88944	-0.04948007	2692_at
9607_at	8.18e-01	5.59e-01	-0.5874506	-5.88946	-0.05403839	9607_at
54413_at	8.19e-01	5.59e-01	-0.5869321	-5.88975	-0.06859879	54413_at
4741_at	8.19e-01	5.60e-01	0.5868312	-5.8898	0.0841269	4741_at
7728_at	8.19e-01	5.60e-01	0.5862894	-5.89011	0.05343832	7728_at
57335_at	8.19e-01	5.60e-01	-0.5862145	-5.89015	-0.07670533	57335_at
26065_at	8.19e-01	5.60e-01	-0.5859971	-5.89027	-0.05534167	26065_at
10563_at	8.19e-01	5.60e-01	0.5859923	-5.89027	0.20347419	10563_at
89944_at	8.19e-01	5.60e-01	-0.5859003	-5.89033	-0.14913906	89944_at
59335_at	8.19e-01	5.60e-01	0.5857758	-5.8904	0.08169666	59335_at
26239_at	8.19e-01	5.60e-01	0.5856837	-5.89045	0.04449953	26239_at
114876_at	8.19e-01	5.60e-01	-0.5854983	-5.89055	-0.09454959	114876_at
8819_at	8.19e-01	5.61e-01	0.5851924	-5.89072	0.06727839	8819_at
3858_at	8.19e-01	5.61e-01	0.5849763	-5.89084	0.07523093	3858_at
3604_at	8.19e-01	5.61e-01	-0.5849266	-5.89087	-0.04071018	3604_at
79876_at	8.19e-01	5.61e-01	0.5847237	-5.89098	0.07333292	79876_at
6493_at	8.19e-01	5.61e-01	-0.584688	-5.891	-0.11318798	6493_at
55697_at	8.20e-01	5.61e-01	-0.5844008	-5.89117	-0.06022887	55697_at
26102_at	8.20e-01	5.61e-01	-0.5840284	-5.89137	-0.06428819	26102_at
2677_at	8.20e-01	5.61e-01	-0.5839129	-5.89144	-0.06465932	2677_at
83942_at	8.20e-01	5.62e-01	-0.5838759	-5.89146	-0.05408278	83942_at
79168_at	8.20e-01	5.62e-01	0.5838686	-5.89146	0.08521316	79168_at
51335_at	8.20e-01	5.62e-01	-0.5838401	-5.89148	-0.06621128	51335_at
84617_at	8.20e-01	5.62e-01	0.5837805	-5.89151	0.22136034	84617_at
8325_at	8.20e-01	5.62e-01	-0.5836809	-5.89157	-0.05787546	8325_at
23142_at	8.20e-01	5.62e-01	-0.583634	-5.89159	-0.05118745	23142_at
1523_at	8.20e-01	5.62e-01	-0.5836173	-5.8916	-0.06539126	1523_at
9662_at	8.20e-01	5.62e-01	0.5831745	-5.89185	0.08740031	9662_at
63929_at	8.20e-01	5.62e-01	-0.5830272	-5.89193	-0.05192275	63929_at
9453_at	8.20e-01	5.62e-01	0.5829348	-5.89198	0.05278923	9453_at
3148_at	8.20e-01	5.62e-01	0.5828853	-5.89201	0.13714513	3148_at
23647_at	8.20e-01	5.62e-01	-0.5828251	-5.89204	-0.07249049	23647_at
8658_at	8.20e-01	5.62e-01	0.5827801	-5.89207	0.04154158	8658_at
10058_at	8.20e-01	5.62e-01	0.5826903	-5.89212	0.09040487	10058_at
5430_at	8.20e-01	5.62e-01	0.5824151	-5.89227	0.04383643	5430_at
2700_at	8.20e-01	5.63e-01	-0.5823771	-5.89229	-0.05713187	2700_at
55801_at	8.20e-01	5.63e-01	0.5823733	-5.8923	0.03094378	55801_at
23095_at	8.20e-01	5.63e-01	-0.5823164	-5.89233	-0.09503228	23095_at
641_at	8.20e-01	5.63e-01	-0.581982	-5.89251	-0.09000815	641_at
4775_at	8.20e-01	5.63e-01	-0.5819803	-5.89251	-0.05149862	4775_at
23394_at	8.20e-01	5.63e-01	0.5819598	-5.89253	0.09162665	23394_at
158471_at	8.20e-01	5.63e-01	0.5818474	-5.89259	0.14236516	158471_at
4477_at	8.20e-01	5.63e-01	-0.5818398	-5.89259	-0.03308454	4477_at
196403_at	8.20e-01	5.63e-01	-0.5817398	-5.89265	-0.04064729	196403_at
88_at	8.20e-01	5.63e-01	-0.5816844	-5.89268	-0.03979971	88_at
11258_at	8.20e-01	5.63e-01	-0.581617	-5.89272	-0.05493939	11258_at
3601_at	8.20e-01	5.63e-01	-0.5814344	-5.89282	-0.07409227	3601_at
432_at	8.20e-01	5.63e-01	-0.581431	-5.89282	-0.07811411	432_at
55384_at	8.20e-01	5.63e-01	-0.5814222	-5.89283	-0.0603529	55384_at
9692_at	8.20e-01	5.63e-01	-0.5810649	-5.89302	-0.07002364	9692_at
50487_at	8.20e-01	5.64e-01	-0.5808417	-5.89315	-0.06611611	50487_at
51412_at	8.20e-01	5.64e-01	-0.5808145	-5.89316	-0.04977165	51412_at
51706_at	8.20e-01	5.64e-01	-0.5802782	-5.89346	-0.08582493	51706_at
1538_at	8.20e-01	5.64e-01	-0.5801419	-5.89354	-0.03685297	1538_at
2222_at	8.20e-01	5.64e-01	0.5801218	-5.89355	0.05810696	2222_at
3182_at	8.20e-01	5.64e-01	0.5800639	-5.89358	0.10073655	3182_at
8323_at	8.20e-01	5.64e-01	0.5800559	-5.89358	0.13732138	8323_at
29974_at	8.20e-01	5.64e-01	-0.5800215	-5.8936	-0.18762902	29974_at
50515_at	8.20e-01	5.64e-01	-0.5799306	-5.89365	-0.08725045	50515_at
5327_at	8.20e-01	5.64e-01	0.5798818	-5.89368	0.1831441	5327_at
26056_at	8.20e-01	5.64e-01	-0.5798171	-5.89372	-0.10488722	26056_at
64236_at	8.20e-01	5.64e-01	-0.5797851	-5.89373	-0.11779763	64236_at
239_at	8.20e-01	5.64e-01	-0.5796707	-5.8938	-0.05141636	239_at
55110_at	8.20e-01	5.64e-01	0.5795987	-5.89384	0.06388693	55110_at
51292_at	8.20e-01	5.64e-01	0.5794848	-5.8939	0.07816501	51292_at
27245_at	8.20e-01	5.64e-01	0.5794493	-5.89392	0.04366608	27245_at
43849_at	8.20e-01	5.65e-01	-0.5792363	-5.89404	-0.05900876	43849_at
1294_at	8.20e-01	5.65e-01	-0.5792346	-5.89404	-0.06076179	1294_at
51063_at	8.20e-01	5.65e-01	0.5788992	-5.89423	0.07264708	51063_at
4635_at	8.20e-01	5.65e-01	0.5787873	-5.89429	0.04867713	4635_at
5618_at	8.20e-01	5.65e-01	-0.5787447	-5.89431	-0.08056086	5618_at
6525_at	8.20e-01	5.65e-01	-0.5784166	-5.89449	-0.07293659	6525_at
7290_at	8.20e-01	5.65e-01	-0.5782763	-5.89457	-0.09947397	7290_at
4719_at	8.20e-01	5.65e-01	-0.5781677	-5.89463	-0.10566962	4719_at
327_at	8.20e-01	5.65e-01	0.5781585	-5.89463	0.07373882	327_at
8639_at	8.20e-01	5.65e-01	0.5780431	-5.8947	0.12391966	8639_at
51081_at	8.20e-01	5.65e-01	-0.5780108	-5.89472	-0.07132726	51081_at
6168_at	8.20e-01	5.66e-01	0.5777523	-5.89486	0.04226776	6168_at
6755_at	8.20e-01	5.66e-01	0.5777289	-5.89487	0.05375157	6755_at
2990_at	8.20e-01	5.66e-01	0.5774695	-5.89502	0.06668354	2990_at
5218_at	8.20e-01	5.66e-01	-0.5774589	-5.89502	-0.08468892	5218_at
4846_at	8.20e-01	5.66e-01	-0.5770859	-5.89523	-0.06113132	4846_at
54842_at	8.21e-01	5.66e-01	0.5769475	-5.8953	0.04930708	54842_at
26469_at	8.21e-01	5.66e-01	-0.5766773	-5.89545	-0.05067567	26469_at
54987_at	8.21e-01	5.66e-01	0.5766625	-5.89546	0.06000112	54987_at
148753_at	8.21e-01	5.66e-01	-0.576561	-5.89552	-0.06415344	148753_at
57610_at	8.21e-01	5.67e-01	-0.5764255	-5.89559	-0.03683477	57610_at
27334_at	8.21e-01	5.67e-01	0.5762082	-5.89571	0.04697242	27334_at
50805_at	8.21e-01	5.67e-01	-0.5761756	-5.89573	-0.05963494	50805_at
7443_at	8.21e-01	5.67e-01	0.5761738	-5.89573	0.08130217	7443_at
79939_at	8.21e-01	5.67e-01	-0.576157	-5.89574	-0.04657683	79939_at
55916_at	8.21e-01	5.67e-01	-0.5760477	-5.8958	-0.05981804	55916_at
2173_at	8.21e-01	5.67e-01	-0.5758013	-5.89594	-0.03836544	2173_at
23201_at	8.21e-01	5.67e-01	-0.5756599	-5.89601	-0.03908199	23201_at
3487_at	8.21e-01	5.67e-01	0.5752763	-5.89622	0.14781177	3487_at
23765_at	8.21e-01	5.67e-01	-0.5750773	-5.89633	-0.06074	23765_at
9533_at	8.21e-01	5.68e-01	0.5747585	-5.89651	0.04646046	9533_at
11076_at	8.21e-01	5.68e-01	0.5747227	-5.89653	0.09857667	11076_at
4923_at	8.21e-01	5.68e-01	-0.5746096	-5.89659	-0.06376058	4923_at
23533_at	8.21e-01	5.68e-01	-0.5744811	-5.89666	-0.06509957	23533_at
56891_at	8.21e-01	5.68e-01	-0.5742537	-5.89679	-0.06235696	56891_at
92579_at	8.21e-01	5.68e-01	-0.5741421	-5.89685	-0.04524296	92579_at
6612_at	8.21e-01	5.68e-01	-0.5740159	-5.89692	-0.06286051	6612_at
2350_at	8.22e-01	5.68e-01	0.5737113	-5.89708	0.1252147	2350_at
2978_at	8.22e-01	5.68e-01	-0.5736764	-5.8971	-0.0415768	2978_at
56954_at	8.22e-01	5.68e-01	-0.5735406	-5.89718	-0.11634638	56954_at
6301_at	8.22e-01	5.69e-01	0.5734533	-5.89723	0.0477732	6301_at
5654_at	8.22e-01	5.69e-01	-0.5732505	-5.89734	-0.14602318	5654_at
23254_at	8.22e-01	5.69e-01	-0.5729875	-5.89748	-0.05468637	23254_at
3560_at	8.22e-01	5.69e-01	-0.5728424	-5.89756	-0.11253954	3560_at
51289_at	8.22e-01	5.69e-01	0.572749	-5.89761	0.04541175	51289_at
10848_at	8.22e-01	5.69e-01	-0.5725915	-5.8977	-0.06376133	10848_at
1605_at	8.22e-01	5.69e-01	0.572504	-5.89775	0.05024775	1605_at
6509_at	8.22e-01	5.69e-01	-0.5723942	-5.89781	-0.05497353	6509_at
78988_at	8.22e-01	5.69e-01	0.5720775	-5.89798	0.05883748	78988_at
10681_at	8.22e-01	5.69e-01	0.5720016	-5.89802	0.1228496	10681_at
100507388_at	8.22e-01	5.70e-01	-0.5717015	-5.89819	-0.06943632	100507388_at
9457_at	8.22e-01	5.70e-01	-0.5716775	-5.8982	-0.07093524	9457_at
9023_at	8.22e-01	5.70e-01	0.5712921	-5.89841	0.0858215	9023_at
5019_at	8.22e-01	5.70e-01	0.5712631	-5.89842	0.15212232	5019_at
10682_at	8.22e-01	5.70e-01	-0.5711605	-5.89848	-0.10025396	10682_at
22861_at	8.22e-01	5.70e-01	-0.5710724	-5.89853	-0.04383939	22861_at
79156_at	8.22e-01	5.70e-01	-0.5710612	-5.89854	-0.07672401	79156_at
4110_at	8.22e-01	5.70e-01	-0.5710161	-5.89856	-0.04043427	4110_at
3479_at	8.22e-01	5.70e-01	0.5709636	-5.89859	0.1129546	3479_at
11279_at	8.22e-01	5.70e-01	-0.5706904	-5.89874	-0.06388644	11279_at
51735_at	8.23e-01	5.71e-01	0.5704523	-5.89887	0.06336916	51735_at
1798_at	8.23e-01	5.71e-01	0.5703484	-5.89892	0.0773248	1798_at
79918_at	8.23e-01	5.71e-01	-0.5699071	-5.89916	-0.06367165	79918_at
3269_at	8.23e-01	5.71e-01	0.5698352	-5.8992	0.07787151	3269_at
54894_at	8.23e-01	5.71e-01	-0.5698051	-5.89922	-0.06704809	54894_at
51669_at	8.23e-01	5.71e-01	-0.5695926	-5.89934	-0.06010183	51669_at
79683_at	8.23e-01	5.71e-01	0.5695737	-5.89935	0.08663727	79683_at
57336_at	8.23e-01	5.71e-01	0.5695575	-5.89936	0.0519722	57336_at
3750_at	8.23e-01	5.71e-01	-0.569353	-5.89947	-0.05896041	3750_at
55713_at	8.23e-01	5.71e-01	0.5693389	-5.89947	0.03794215	55713_at
6608_at	8.23e-01	5.72e-01	-0.5687587	-5.89979	-0.07207233	6608_at
52_at	8.23e-01	5.72e-01	0.5685768	-5.89989	0.0596803	52_at
6609_at	8.23e-01	5.72e-01	-0.5685684	-5.89989	-0.09864718	6609_at
10962_at	8.23e-01	5.72e-01	-0.5685485	-5.8999	-0.08627034	10962_at
3804_at	8.23e-01	5.72e-01	-0.5681872	-5.9001	-0.12221085	3804_at
27181_at	8.23e-01	5.72e-01	-0.5681693	-5.90011	-0.03639458	27181_at
54585_at	8.23e-01	5.72e-01	0.5678069	-5.90031	0.08807861	54585_at
8633_at	8.23e-01	5.72e-01	-0.5678007	-5.90031	-0.05379096	8633_at
27190_at	8.23e-01	5.72e-01	0.5677656	-5.90033	0.05035559	27190_at
84818_at	8.23e-01	5.72e-01	-0.5677379	-5.90035	-0.0559047	84818_at
30835_at	8.23e-01	5.72e-01	-0.5676455	-5.9004	-0.05364098	30835_at
4437_at	8.23e-01	5.73e-01	0.5674535	-5.9005	0.10895086	4437_at
5965_at	8.23e-01	5.73e-01	0.5673286	-5.90057	0.06741591	5965_at
8569_at	8.23e-01	5.73e-01	-0.5671935	-5.90064	-0.06017451	8569_at
4084_at	8.23e-01	5.73e-01	0.5670267	-5.90073	0.05278922	4084_at
9266_at	8.24e-01	5.73e-01	-0.5665758	-5.90098	-0.08362931	9266_at
7561_at	8.24e-01	5.73e-01	-0.5665478	-5.90099	-0.06873859	7561_at
1054_at	8.24e-01	5.73e-01	0.5664819	-5.90103	0.08155106	1054_at
158586_at	8.24e-01	5.73e-01	-0.5661479	-5.90121	-0.03884195	158586_at
10440_at	8.24e-01	5.73e-01	-0.566063	-5.90125	-0.05074087	10440_at
10488_at	8.24e-01	5.74e-01	-0.5660284	-5.90127	-0.05579203	10488_at
9321_at	8.24e-01	5.74e-01	-0.5660041	-5.90129	-0.05920257	9321_at
5828_at	8.24e-01	5.74e-01	0.5657379	-5.90143	0.07293781	5828_at
51096_at	8.24e-01	5.74e-01	-0.565469	-5.90157	-0.08659232	51096_at
1327_at	8.24e-01	5.74e-01	0.5653108	-5.90166	0.03777486	1327_at
23274_at	8.24e-01	5.74e-01	0.5652363	-5.9017	0.05404627	23274_at
26092_at	8.25e-01	5.75e-01	0.5645422	-5.90208	0.06270615	26092_at
56895_at	8.25e-01	5.75e-01	-0.564465	-5.90212	-0.07162971	56895_at
79970_at	8.25e-01	5.75e-01	0.5644228	-5.90214	0.07629074	79970_at
51207_at	8.25e-01	5.75e-01	-0.5641673	-5.90228	-0.05988655	51207_at
50813_at	8.25e-01	5.75e-01	-0.5634405	-5.90267	-0.06225611	50813_at
5689_at	8.25e-01	5.75e-01	0.5632993	-5.90275	0.03923424	5689_at
30008_at	8.25e-01	5.75e-01	0.5632772	-5.90276	0.08173928	30008_at
51029_at	8.25e-01	5.76e-01	-0.5630535	-5.90288	-0.04045238	51029_at
58473_at	8.25e-01	5.76e-01	-0.5629933	-5.90291	-0.08942053	58473_at
57658_at	8.25e-01	5.76e-01	-0.5629332	-5.90294	-0.06751265	57658_at
51569_at	8.25e-01	5.76e-01	-0.5627898	-5.90302	-0.05464917	51569_at
9358_at	8.26e-01	5.76e-01	-0.5625039	-5.90317	-0.05110555	9358_at
91355_at	8.26e-01	5.76e-01	0.5622055	-5.90333	0.04573185	91355_at
3036_at	8.26e-01	5.76e-01	-0.5621688	-5.90335	-0.05997201	3036_at
124222_at	8.26e-01	5.76e-01	-0.5620074	-5.90344	-0.07721162	124222_at
4148_at	8.26e-01	5.76e-01	0.5618946	-5.9035	0.04534502	4148_at
6506_at	8.26e-01	5.77e-01	-0.5613883	-5.90377	-0.0588259	6506_at
81870_at	8.26e-01	5.77e-01	-0.5612443	-5.90385	-0.03648198	81870_at
312_at	8.26e-01	5.77e-01	0.5610418	-5.90396	0.19949155	312_at
10391_at	8.26e-01	5.77e-01	-0.5609799	-5.90399	-0.08041837	10391_at
23355_at	8.26e-01	5.77e-01	-0.5608762	-5.90405	-0.05756383	23355_at
11136_at	8.26e-01	5.77e-01	-0.5607999	-5.90409	-0.20819204	11136_at
54828_at	8.26e-01	5.77e-01	-0.560627	-5.90418	-0.06787138	54828_at
7380_at	8.26e-01	5.77e-01	-0.5605984	-5.9042	-0.0550329	7380_at
26520_at	8.26e-01	5.77e-01	0.5604127	-5.9043	0.05637051	26520_at
7130_at	8.26e-01	5.77e-01	0.5603095	-5.90435	0.09675925	7130_at
55761_at	8.26e-01	5.77e-01	-0.5602697	-5.90437	-0.0680355	55761_at
400451_at	8.26e-01	5.77e-01	-0.5601736	-5.90443	-0.04646153	400451_at
9631_at	8.26e-01	5.78e-01	0.5600381	-5.9045	0.06666844	9631_at
27352_at	8.26e-01	5.78e-01	-0.5600206	-5.90451	-0.03616852	27352_at
150726_at	8.26e-01	5.78e-01	-0.5600107	-5.90451	-0.04907498	150726_at
25758_at	8.26e-01	5.78e-01	-0.5599401	-5.90455	-0.04613103	25758_at
9098_at	8.26e-01	5.78e-01	-0.5598634	-5.90459	-0.06692444	9098_at
3982_at	8.26e-01	5.78e-01	-0.5598429	-5.9046	-0.06684147	3982_at
57099_at	8.26e-01	5.78e-01	0.5593414	-5.90487	0.06441088	57099_at
6811_at	8.26e-01	5.78e-01	-0.5589587	-5.90508	-0.05390841	6811_at
54814_at	8.26e-01	5.78e-01	-0.5588507	-5.90513	-0.05460852	54814_at
4841_at	8.26e-01	5.78e-01	0.5588368	-5.90514	0.08026081	4841_at
4969_at	8.26e-01	5.78e-01	0.5588081	-5.90516	0.07261647	4969_at
5688_at	8.26e-01	5.78e-01	0.5587883	-5.90517	0.05614931	5688_at
4330_at	8.26e-01	5.78e-01	-0.5587272	-5.9052	-0.05848908	4330_at
55671_at	8.26e-01	5.79e-01	0.5586291	-5.90525	0.03439779	55671_at
10320_at	8.26e-01	5.79e-01	-0.5585112	-5.90532	-0.05751636	10320_at
24142_at	8.26e-01	5.79e-01	-0.5583986	-5.90538	-0.07127003	24142_at
80233_at	8.26e-01	5.79e-01	-0.558391	-5.90538	-0.05234723	80233_at
2639_at	8.26e-01	5.79e-01	-0.5582192	-5.90547	-0.16213568	2639_at
1297_at	8.26e-01	5.79e-01	-0.5581778	-5.90549	-0.0540823	1297_at
10232_at	8.26e-01	5.79e-01	-0.5581523	-5.90551	-0.04558727	10232_at
25794_at	8.26e-01	5.79e-01	-0.5579007	-5.90564	-0.04903645	25794_at
2330_at	8.26e-01	5.79e-01	-0.5577881	-5.9057	-0.22755345	2330_at
1654_at	8.26e-01	5.79e-01	-0.557735	-5.90573	-0.10369388	1654_at
83658_at	8.26e-01	5.79e-01	-0.5577274	-5.90573	-0.03924069	83658_at
7011_at	8.26e-01	5.79e-01	-0.5573047	-5.90596	-0.04047214	7011_at
1152_at	8.26e-01	5.79e-01	-0.5572153	-5.90601	-0.11351715	1152_at
163131_at	8.26e-01	5.79e-01	-0.5571797	-5.90603	-0.03239661	163131_at
6538_at	8.26e-01	5.80e-01	-0.5570988	-5.90607	-0.06832965	6538_at
5142_at	8.26e-01	5.80e-01	0.5568437	-5.9062	0.07897192	5142_at
4620_at	8.26e-01	5.80e-01	-0.5567001	-5.90628	-0.04416612	4620_at
11219_at	8.26e-01	5.80e-01	0.5566823	-5.90629	0.04961322	11219_at
4650_at	8.26e-01	5.80e-01	-0.5566692	-5.9063	-0.0409105	4650_at
1783_at	8.26e-01	5.80e-01	0.5566311	-5.90632	0.07505092	1783_at
55129_at	8.26e-01	5.80e-01	-0.556615	-5.90633	-0.05296187	55129_at
7378_at	8.26e-01	5.80e-01	0.5563419	-5.90647	0.18765605	7378_at
81576_at	8.26e-01	5.80e-01	0.5562976	-5.9065	0.05033855	81576_at
23259_at	8.26e-01	5.80e-01	0.5562965	-5.9065	0.07579471	23259_at
4683_at	8.27e-01	5.80e-01	0.555832	-5.90674	0.06626553	4683_at
55970_at	8.27e-01	5.80e-01	0.5557937	-5.90676	0.07436769	55970_at
155060_at	8.27e-01	5.81e-01	-0.5553174	-5.90702	-0.07510474	155060_at
8508_at	8.27e-01	5.81e-01	0.5552367	-5.90706	0.10156739	8508_at
9781_at	8.27e-01	5.81e-01	0.5552248	-5.90707	0.08530883	9781_at
2259_at	8.27e-01	5.81e-01	0.5550465	-5.90716	0.05302366	2259_at
728695_at	8.27e-01	5.81e-01	-0.5549504	-5.90721	-0.05319046	728695_at
23347_at	8.27e-01	5.81e-01	0.5545476	-5.90743	0.05486086	23347_at
4185_at	8.27e-01	5.81e-01	-0.5545471	-5.90743	-0.06899088	4185_at
3832_at	8.27e-01	5.81e-01	-0.5545095	-5.90745	-0.06240711	3832_at
552_at	8.27e-01	5.81e-01	-0.5545023	-5.90745	-0.04965087	552_at
6362_at	8.27e-01	5.81e-01	0.554401	-5.9075	0.11727431	6362_at
6736_at	8.27e-01	5.81e-01	-0.554319	-5.90755	-0.05714872	6736_at
23406_at	8.27e-01	5.81e-01	0.5542384	-5.90759	0.17280239	23406_at
6419_at	8.27e-01	5.82e-01	0.5537745	-5.90784	0.0743897	6419_at
10116_at	8.27e-01	5.82e-01	-0.5536976	-5.90788	-0.0470877	10116_at
23608_at	8.27e-01	5.82e-01	-0.5536047	-5.90793	-0.07309075	23608_at
11284_at	8.28e-01	5.82e-01	0.5531174	-5.90818	0.06308193	11284_at
80020_at	8.28e-01	5.82e-01	-0.5529362	-5.90828	-0.07313963	80020_at
10317_at	8.28e-01	5.82e-01	-0.552838	-5.90833	-0.04793447	10317_at
3607_at	8.28e-01	5.82e-01	0.5528278	-5.90834	0.05343065	3607_at
23569_at	8.28e-01	5.83e-01	-0.5526745	-5.90842	-0.03641345	23569_at
54956_at	8.28e-01	5.83e-01	-0.5526706	-5.90842	-0.04742236	54956_at
163486_at	8.28e-01	5.83e-01	0.5525299	-5.90849	0.08620157	163486_at
51382_at	8.28e-01	5.83e-01	-0.5523133	-5.90861	-0.06965311	51382_at
51299_at	8.28e-01	5.83e-01	0.5522778	-5.90863	0.10520835	51299_at
10924_at	8.28e-01	5.83e-01	-0.551933	-5.90881	-0.18634059	10924_at
3284_at	8.28e-01	5.83e-01	-0.551921	-5.90882	-0.06353561	3284_at
1832_at	8.28e-01	5.83e-01	-0.5516897	-5.90894	-0.08657	1832_at
7186_at	8.28e-01	5.83e-01	-0.5513645	-5.90911	-0.05457627	7186_at
79896_at	8.28e-01	5.84e-01	0.5512857	-5.90915	0.05490563	79896_at
55357_at	8.28e-01	5.84e-01	-0.551267	-5.90916	-0.05047087	55357_at
1314_at	8.28e-01	5.84e-01	-0.551179	-5.90921	-0.06701228	1314_at
22893_at	8.28e-01	5.84e-01	0.5509272	-5.90934	0.04863817	22893_at
100507399_at	8.29e-01	5.84e-01	-0.5505014	-5.90956	-0.07276863	100507399_at
80072_at	8.29e-01	5.84e-01	0.5503924	-5.90962	0.03327028	80072_at
5146_at	8.29e-01	5.84e-01	-0.5502942	-5.90967	-0.02684266	5146_at
109_at	8.29e-01	5.84e-01	0.5501497	-5.90975	0.05989758	109_at
54621_at	8.29e-01	5.84e-01	0.5499831	-5.90984	0.07070225	54621_at
187_at	8.29e-01	5.85e-01	-0.5497968	-5.90994	-0.08386994	187_at
54955_at	8.29e-01	5.85e-01	0.5496074	-5.91004	0.05068916	54955_at
10949_at	8.29e-01	5.85e-01	-0.5495737	-5.91005	-0.06315779	10949_at
22928_at	8.29e-01	5.85e-01	0.5491868	-5.91026	0.09511412	22928_at
9149_at	8.29e-01	5.85e-01	0.5489742	-5.91037	0.04269222	9149_at
22871_at	8.29e-01	5.85e-01	0.5488001	-5.91046	0.0859446	22871_at
54766_at	8.29e-01	5.85e-01	-0.5486632	-5.91053	-0.05663796	54766_at
1761_at	8.29e-01	5.85e-01	-0.5486372	-5.91054	-0.04134248	1761_at
2192_at	8.29e-01	5.85e-01	0.5484477	-5.91064	0.0938611	2192_at
4191_at	8.29e-01	5.85e-01	-0.5483847	-5.91068	-0.0607867	4191_at
1805_at	8.29e-01	5.86e-01	0.5481913	-5.91078	0.06197318	1805_at
27346_at	8.29e-01	5.86e-01	0.548131	-5.91081	0.07242792	27346_at
9986_at	8.29e-01	5.86e-01	-0.5481026	-5.91083	-0.07232298	9986_at
3084_at	8.30e-01	5.86e-01	-0.5474858	-5.91115	-0.04414513	3084_at
7327_at	8.30e-01	5.86e-01	0.5473082	-5.91124	0.05703636	7327_at
114819_at	8.30e-01	5.86e-01	-0.5472316	-5.91128	-0.05429779	114819_at
51054_at	8.30e-01	5.87e-01	0.5467914	-5.91151	0.05659529	51054_at
56969_at	8.30e-01	5.87e-01	-0.5467677	-5.91152	-0.05952703	56969_at
29984_at	8.30e-01	5.87e-01	-0.5467334	-5.91154	-0.05316198	29984_at
144404_at	8.31e-01	5.87e-01	0.5461151	-5.91187	0.05288406	144404_at
7040_at	8.31e-01	5.87e-01	-0.5459146	-5.91197	-0.04346395	7040_at
4821_at	8.31e-01	5.87e-01	-0.5458994	-5.91198	-0.03997516	4821_at
11051_at	8.31e-01	5.87e-01	0.5456788	-5.91209	0.07785046	11051_at
10660_at	8.31e-01	5.87e-01	-0.5456394	-5.91211	-0.04443802	10660_at
9439_at	8.31e-01	5.87e-01	0.5454848	-5.9122	0.06045961	9439_at
3344_at	8.31e-01	5.88e-01	-0.5454153	-5.91223	-0.04985414	3344_at
4313_at	8.31e-01	5.88e-01	0.5450811	-5.91241	0.09083731	4313_at
2999_at	8.31e-01	5.88e-01	0.5450476	-5.91242	0.10895626	2999_at
1131_at	8.31e-01	5.88e-01	-0.5449701	-5.91246	-0.06230953	1131_at
26103_at	8.31e-01	5.88e-01	-0.5448717	-5.91251	-0.04532436	26103_at
4762_at	8.31e-01	5.88e-01	-0.544769	-5.91257	-0.05828822	4762_at
2916_at	8.31e-01	5.88e-01	-0.5447214	-5.91259	-0.06658311	2916_at
64063_at	8.31e-01	5.88e-01	-0.5444887	-5.91271	-0.05990573	64063_at
25855_at	8.31e-01	5.88e-01	0.544473	-5.91272	0.04762798	25855_at
9240_at	8.31e-01	5.88e-01	0.5443068	-5.91281	0.09207081	9240_at
55784_at	8.31e-01	5.88e-01	-0.544268	-5.91283	-0.04874778	55784_at
79971_at	8.31e-01	5.89e-01	0.5434602	-5.91325	0.08715791	79971_at
3892_at	8.31e-01	5.89e-01	-0.5434327	-5.91326	-0.06267864	3892_at
6560_at	8.31e-01	5.89e-01	-0.5434072	-5.91328	-0.04372474	6560_at
9512_at	8.31e-01	5.89e-01	-0.5434055	-5.91328	-0.06300315	9512_at
53826_at	8.31e-01	5.89e-01	0.5433748	-5.91329	0.08494057	53826_at
7534_at	8.31e-01	5.89e-01	-0.5433575	-5.9133	-0.10927387	7534_at
23370_at	8.31e-01	5.89e-01	0.5433229	-5.91332	0.06663489	23370_at
51287_at	8.31e-01	5.89e-01	-0.5431904	-5.91339	-0.06108289	51287_at
1140_at	8.31e-01	5.89e-01	-0.5430962	-5.91344	-0.06563004	1140_at
9719_at	8.31e-01	5.89e-01	0.5429731	-5.9135	0.05786684	9719_at
8668_at	8.31e-01	5.89e-01	-0.5429672	-5.91351	-0.04882836	8668_at
130872_at	8.31e-01	5.89e-01	0.5429637	-5.91351	0.07158624	130872_at
83660_at	8.31e-01	5.89e-01	-0.5429025	-5.91354	-0.14803057	83660_at
2921_at	8.31e-01	5.89e-01	-0.5428596	-5.91356	-0.06060329	2921_at
10221_at	8.31e-01	5.89e-01	-0.5427296	-5.91363	-0.15672622	10221_at
26784_at	8.32e-01	5.90e-01	-0.541691	-5.91417	-0.06304987	26784_at
27330_at	8.32e-01	5.90e-01	0.5416766	-5.91418	0.05141085	27330_at
9127_at	8.32e-01	5.90e-01	-0.5413604	-5.91434	-0.06945302	9127_at
4223_at	8.32e-01	5.90e-01	0.5412335	-5.91441	0.03559421	4223_at
26993_at	8.32e-01	5.90e-01	0.5411628	-5.91444	0.05125612	26993_at
10818_at	8.32e-01	5.91e-01	-0.5407102	-5.91468	-0.04585291	10818_at
55532_at	8.32e-01	5.91e-01	-0.5406148	-5.91473	-0.06847553	55532_at
10072_at	8.32e-01	5.91e-01	0.5404033	-5.91484	0.08258693	10072_at
9509_at	8.32e-01	5.91e-01	-0.540336	-5.91487	-0.05242799	9509_at
90522_at	8.32e-01	5.91e-01	-0.5403202	-5.91488	-0.05313976	90522_at
4718_at	8.32e-01	5.91e-01	-0.5403033	-5.91489	-0.05437262	4718_at
9283_at	8.32e-01	5.91e-01	-0.540148	-5.91497	-0.04797439	9283_at
5422_at	8.32e-01	5.91e-01	0.5400882	-5.915	0.05517556	5422_at
1033_at	8.32e-01	5.91e-01	0.5400032	-5.91504	0.0905926	1033_at
54777_at	8.32e-01	5.91e-01	0.539895	-5.9151	0.04258021	54777_at
51388_at	8.32e-01	5.92e-01	0.5393605	-5.91537	0.0480507	51388_at
11275_at	8.32e-01	5.92e-01	0.5392744	-5.91542	0.06781387	11275_at
79772_at	8.32e-01	5.92e-01	-0.5392534	-5.91543	-0.06680541	79772_at
81894_at	8.33e-01	5.92e-01	-0.5385942	-5.91577	-0.06138653	81894_at
55602_at	8.33e-01	5.92e-01	-0.5383829	-5.91588	-0.06729282	55602_at
10898_at	8.33e-01	5.92e-01	-0.538365	-5.91589	-0.05033316	10898_at
2115_at	8.33e-01	5.92e-01	-0.5383631	-5.91589	-0.05943017	2115_at
23245_at	8.33e-01	5.92e-01	-0.5382927	-5.91592	-0.0384115	23245_at
79133_at	8.33e-01	5.92e-01	-0.5381635	-5.91599	-0.04851811	79133_at
5583_at	8.33e-01	5.93e-01	0.5380858	-5.91603	0.0745288	5583_at
4634_at	8.33e-01	5.93e-01	-0.5379983	-5.91608	-0.06574104	4634_at
79018_at	8.33e-01	5.93e-01	-0.5379713	-5.91609	-0.05992455	79018_at
23324_at	8.33e-01	5.93e-01	0.5378318	-5.91616	0.08997419	23324_at
6399_at	8.33e-01	5.93e-01	0.5377964	-5.91618	0.10265177	6399_at
4100_at	8.33e-01	5.93e-01	-0.5373753	-5.9164	-0.05600956	4100_at
10590_at	8.33e-01	5.93e-01	-0.5369514	-5.91661	-0.07973835	10590_at
4861_at	8.33e-01	5.93e-01	-0.5368941	-5.91664	-0.03845607	4861_at
5976_at	8.33e-01	5.93e-01	0.5368102	-5.91669	0.04599766	5976_at
5195_at	8.33e-01	5.94e-01	-0.5366332	-5.91678	-0.04081049	5195_at
10144_at	8.34e-01	5.94e-01	0.5363014	-5.91695	0.08443587	10144_at
9493_at	8.34e-01	5.94e-01	-0.5362106	-5.917	-0.04565241	9493_at
131601_at	8.34e-01	5.94e-01	0.5358167	-5.9172	0.05827128	131601_at
285203_at	8.34e-01	5.94e-01	0.5356391	-5.91729	0.07256759	285203_at
23524_at	8.34e-01	5.94e-01	0.5354873	-5.91737	0.09397925	23524_at
51205_at	8.34e-01	5.94e-01	0.5354228	-5.9174	0.10992132	51205_at
29065_at	8.34e-01	5.94e-01	-0.5353907	-5.91742	-0.06363767	29065_at
4293_at	8.34e-01	5.94e-01	-0.5353252	-5.91745	-0.04702822	4293_at
51138_at	8.34e-01	5.94e-01	0.5352336	-5.9175	0.05530477	51138_at
9793_at	8.34e-01	5.95e-01	-0.535013	-5.91761	-0.05516509	9793_at
28793_at	8.34e-01	5.95e-01	0.5349828	-5.91762	0.1563214	28793_at
51001_at	8.34e-01	5.95e-01	-0.5345773	-5.91783	-0.08290797	51001_at
79039_at	8.34e-01	5.95e-01	0.5343556	-5.91795	0.0433135	79039_at
442194_at	8.34e-01	5.95e-01	-0.5341187	-5.91807	-0.05568497	442194_at
202_at	8.34e-01	5.95e-01	-0.5338729	-5.91819	-0.09050326	202_at
101928104_at	8.34e-01	5.95e-01	-0.5338692	-5.91819	-0.05368076	101928104_at
81606_at	8.35e-01	5.96e-01	0.5333858	-5.91844	0.11595282	81606_at
50717_at	8.35e-01	5.96e-01	-0.5332847	-5.91849	-0.05501529	50717_at
80150_at	8.35e-01	5.96e-01	0.5331781	-5.91855	0.17491777	80150_at
2009_at	8.35e-01	5.96e-01	0.5331112	-5.91858	0.05206277	2009_at
51497_at	8.35e-01	5.96e-01	0.5329967	-5.91864	0.07261544	51497_at
3684_at	8.35e-01	5.96e-01	0.5328931	-5.91869	0.11956087	3684_at
4322_at	8.35e-01	5.96e-01	-0.5327699	-5.91876	-0.05201403	4322_at
56654_at	8.35e-01	5.96e-01	0.5326926	-5.91879	0.1103879	56654_at
55748_at	8.35e-01	5.96e-01	-0.5324857	-5.9189	-0.06994784	55748_at
64211_at	8.35e-01	5.96e-01	-0.5323918	-5.91895	-0.05318326	64211_at
375_at	8.35e-01	5.97e-01	0.5322652	-5.91901	0.05784417	375_at
5210_at	8.35e-01	5.97e-01	-0.5321637	-5.91906	-0.06310582	5210_at
8692_at	8.35e-01	5.97e-01	0.5317473	-5.91928	0.07921076	8692_at
23520_at	8.35e-01	5.97e-01	-0.5317181	-5.91929	-0.04978768	23520_at
1442_at	8.35e-01	5.97e-01	-0.531678	-5.91931	-0.07014958	1442_at
56938_at	8.35e-01	5.97e-01	-0.5315943	-5.91935	-0.06938833	56938_at
5898_at	8.35e-01	5.97e-01	0.5313178	-5.91949	0.09295501	5898_at
30811_at	8.35e-01	5.97e-01	-0.5312423	-5.91953	-0.05880146	30811_at
4697_at	8.35e-01	5.97e-01	0.5312259	-5.91954	0.07421582	4697_at
7177_at	8.35e-01	5.97e-01	0.5309902	-5.91966	0.11323651	7177_at
1212_at	8.35e-01	5.97e-01	-0.5309429	-5.91969	-0.06385984	1212_at
8495_at	8.36e-01	5.98e-01	0.5300448	-5.92014	0.10374457	8495_at
4107_at	8.36e-01	5.98e-01	-0.5299038	-5.92021	-0.04179241	4107_at
56034_at	8.36e-01	5.98e-01	-0.5298226	-5.92025	-0.09361149	56034_at
1842_at	8.36e-01	5.98e-01	-0.5295937	-5.92037	-0.16524296	1842_at
80704_at	8.36e-01	5.98e-01	0.5294673	-5.92043	0.08186409	80704_at
23506_at	8.36e-01	5.99e-01	0.5291645	-5.92059	0.05266426	23506_at
56899_at	8.36e-01	5.99e-01	-0.5291459	-5.9206	-0.04716352	56899_at
6019_at	8.36e-01	5.99e-01	0.5289393	-5.9207	0.06466073	6019_at
2707_at	8.36e-01	5.99e-01	-0.5288374	-5.92075	-0.0457783	2707_at
3251_at	8.36e-01	5.99e-01	0.5287495	-5.9208	0.12842852	3251_at
84060_at	8.36e-01	5.99e-01	0.5286339	-5.92086	0.04440937	84060_at
3761_at	8.36e-01	5.99e-01	0.5285916	-5.92088	0.04177304	3761_at
2329_at	8.36e-01	5.99e-01	0.528538	-5.92091	0.19055275	2329_at
5801_at	8.36e-01	5.99e-01	-0.5282796	-5.92104	-0.03901922	5801_at
51465_at	8.36e-01	5.99e-01	0.5282448	-5.92105	0.07305067	51465_at
220134_at	8.36e-01	5.99e-01	-0.528117	-5.92112	-0.04537806	220134_at
8351_at	8.36e-01	5.99e-01	0.5279777	-5.92119	0.07076167	8351_at
23590_at	8.37e-01	6.00e-01	0.5276591	-5.92135	0.12173411	23590_at
375056_at	8.37e-01	6.00e-01	-0.5276091	-5.92137	-0.05381853	375056_at
23433_at	8.37e-01	6.00e-01	0.5272906	-5.92154	0.07068595	23433_at
3131_at	8.37e-01	6.00e-01	-0.527228	-5.92157	-0.12268342	3131_at
54619_at	8.37e-01	6.00e-01	-0.5269609	-5.9217	-0.06711966	54619_at
55183_at	8.37e-01	6.00e-01	0.5266827	-5.92184	0.04561958	55183_at
1215_at	8.37e-01	6.00e-01	0.5265965	-5.92189	0.05218826	1215_at
2780_at	8.38e-01	6.01e-01	-0.5260053	-5.92218	-0.04993089	2780_at
22806_at	8.38e-01	6.01e-01	0.5257512	-5.92231	0.04930408	22806_at
23619_at	8.38e-01	6.01e-01	-0.5255226	-5.92243	-0.06348691	23619_at
3592_at	8.38e-01	6.01e-01	-0.5254299	-5.92247	-0.04899711	3592_at
23384_at	8.38e-01	6.02e-01	0.5249441	-5.92272	0.05819731	23384_at
54858_at	8.38e-01	6.02e-01	0.5247914	-5.92279	0.11450367	54858_at
8742_at	8.38e-01	6.02e-01	-0.5245131	-5.92293	-0.06771077	8742_at
6689_at	8.38e-01	6.02e-01	-0.5244065	-5.92299	-0.06374772	6689_at
54478_at	8.38e-01	6.02e-01	-0.5243725	-5.923	-0.06670486	54478_at
3913_at	8.38e-01	6.02e-01	0.5242638	-5.92306	0.09011067	3913_at
81494_at	8.39e-01	6.02e-01	0.5238579	-5.92326	0.04279937	81494_at
51725_at	8.39e-01	6.02e-01	-0.5236992	-5.92334	-0.04914386	51725_at
55787_at	8.39e-01	6.02e-01	0.5236618	-5.92336	0.0469424	55787_at
55544_at	8.39e-01	6.03e-01	0.5233733	-5.92351	0.07652413	55544_at
79735_at	8.39e-01	6.03e-01	0.5229697	-5.92371	0.06084972	79735_at
7023_at	8.39e-01	6.03e-01	-0.5228904	-5.92375	-0.06682935	7023_at
8346_at	8.39e-01	6.03e-01	0.5228716	-5.92376	0.06214097	8346_at
23034_at	8.39e-01	6.03e-01	0.5226667	-5.92386	0.04525826	23034_at
57446_at	8.39e-01	6.03e-01	-0.5223619	-5.92401	-0.04317766	57446_at
8342_at	8.39e-01	6.03e-01	-0.5223103	-5.92404	-0.03264975	8342_at
51291_at	8.39e-01	6.03e-01	-0.5222735	-5.92406	-0.05241792	51291_at
8846_at	8.39e-01	6.03e-01	0.5222016	-5.92409	0.04668387	8846_at
56886_at	8.39e-01	6.04e-01	0.5220931	-5.92415	0.05555462	56886_at
9956_at	8.39e-01	6.04e-01	-0.5220285	-5.92418	-0.07170813	9956_at
147657_at	8.39e-01	6.04e-01	0.5218735	-5.92426	0.04392081	147657_at
23513_at	8.39e-01	6.04e-01	-0.5218374	-5.92427	-0.07508827	23513_at
79047_at	8.39e-01	6.04e-01	-0.5217578	-5.92431	-0.057116	79047_at
635_at	8.39e-01	6.04e-01	-0.5216657	-5.92436	-0.21473117	635_at
26354_at	8.39e-01	6.04e-01	0.5214947	-5.92444	0.10072739	26354_at
54811_at	8.39e-01	6.04e-01	0.5214583	-5.92446	0.05739753	54811_at
26012_at	8.39e-01	6.04e-01	-0.5214171	-5.92448	-0.08092884	26012_at
3603_at	8.39e-01	6.04e-01	-0.5213064	-5.92454	-0.05304037	3603_at
6688_at	8.39e-01	6.04e-01	-0.5211919	-5.9246	-0.04734032	6688_at
55741_at	8.39e-01	6.04e-01	0.5209733	-5.92471	0.0569682	55741_at
3028_at	8.40e-01	6.05e-01	0.5204018	-5.92499	0.07454818	3028_at
7564_at	8.40e-01	6.05e-01	-0.520074	-5.92515	-0.05638566	7564_at
6575_at	8.40e-01	6.05e-01	0.5200489	-5.92517	0.07093364	6575_at
4595_at	8.40e-01	6.05e-01	-0.5199081	-5.92524	-0.06852771	4595_at
26519_at	8.40e-01	6.05e-01	0.519877	-5.92525	0.06715553	26519_at
51778_at	8.40e-01	6.05e-01	-0.5197328	-5.92532	-0.04795528	51778_at
23428_at	8.40e-01	6.05e-01	0.5194064	-5.92549	0.15288158	23428_at
81790_at	8.40e-01	6.05e-01	0.5193884	-5.92549	0.04673556	81790_at
79991_at	8.40e-01	6.06e-01	0.5188792	-5.92575	0.07406927	79991_at
9709_at	8.40e-01	6.06e-01	0.5188395	-5.92577	0.06241805	9709_at
5723_at	8.40e-01	6.06e-01	0.5188237	-5.92578	0.09512304	5723_at
54882_at	8.40e-01	6.06e-01	-0.518729	-5.92582	-0.05022503	54882_at
6526_at	8.40e-01	6.06e-01	-0.5187001	-5.92584	-0.09597607	6526_at
10648_at	8.40e-01	6.06e-01	0.5181952	-5.92609	0.03848148	10648_at
310_at	8.40e-01	6.06e-01	-0.5180144	-5.92618	-0.04453935	310_at
7764_at	8.40e-01	6.06e-01	-0.5179567	-5.92621	-0.08205861	7764_at
6898_at	8.40e-01	6.06e-01	0.5178618	-5.92625	0.05243572	6898_at
10905_at	8.40e-01	6.07e-01	-0.5178153	-5.92628	-0.03932074	10905_at
5316_at	8.40e-01	6.07e-01	-0.5177989	-5.92628	-0.02683936	5316_at
24139_at	8.40e-01	6.07e-01	0.5177454	-5.92631	0.05812498	24139_at
54807_at	8.41e-01	6.07e-01	-0.5173987	-5.92648	-0.05336818	54807_at
846_at	8.41e-01	6.07e-01	0.5172772	-5.92654	0.07400776	846_at
10404_at	8.41e-01	6.07e-01	0.5172535	-5.92655	0.07530193	10404_at
5496_at	8.41e-01	6.07e-01	0.5171927	-5.92658	0.04414897	5496_at
943_at	8.41e-01	6.07e-01	-0.5170993	-5.92663	-0.06468158	943_at
54910_at	8.41e-01	6.07e-01	-0.516742	-5.92681	-0.05852054	54910_at
10237_at	8.41e-01	6.07e-01	-0.5166759	-5.92684	-0.06218514	10237_at
2302_at	8.41e-01	6.07e-01	-0.516653	-5.92685	-0.07079482	2302_at
55966_at	8.41e-01	6.07e-01	0.5165857	-5.92688	0.07501832	55966_at
51032_at	8.41e-01	6.07e-01	-0.5165033	-5.92693	-0.04587878	51032_at
9718_at	8.41e-01	6.07e-01	-0.5165007	-5.92693	-0.06121343	9718_at
4709_at	8.41e-01	6.08e-01	-0.5162936	-5.92703	-0.05186757	4709_at
6453_at	8.41e-01	6.08e-01	0.5161918	-5.92708	0.03911328	6453_at
5537_at	8.41e-01	6.08e-01	-0.5161822	-5.92708	-0.04910518	5537_at
11166_at	8.41e-01	6.08e-01	-0.5157642	-5.92729	-0.06562859	11166_at
55210_at	8.41e-01	6.08e-01	0.5157536	-5.9273	0.06202576	55210_at
355_at	8.41e-01	6.08e-01	0.5156186	-5.92736	0.15153354	355_at
11181_at	8.41e-01	6.08e-01	-0.5154699	-5.92744	-0.3110291	11181_at
27121_at	8.41e-01	6.08e-01	-0.5154261	-5.92746	-0.05155986	27121_at
1646_at	8.41e-01	6.08e-01	0.5152147	-5.92756	0.23290073	1646_at
9651_at	8.41e-01	6.09e-01	-0.5148677	-5.92773	-0.09412348	9651_at
8999_at	8.41e-01	6.09e-01	-0.5148641	-5.92773	-0.06849906	8999_at
9766_at	8.41e-01	6.09e-01	-0.5148009	-5.92777	-0.06456916	9766_at
54825_at	8.41e-01	6.09e-01	-0.5146424	-5.92784	-0.10434055	54825_at
84193_at	8.41e-01	6.09e-01	-0.5144838	-5.92792	-0.06572523	84193_at
3218_at	8.41e-01	6.09e-01	-0.5140209	-5.92815	-0.04678011	3218_at
3553_at	8.41e-01	6.09e-01	-0.5140004	-5.92816	-0.07266654	3553_at
5962_at	8.42e-01	6.09e-01	0.5138087	-5.92825	0.06604345	5962_at
5817_at	8.42e-01	6.10e-01	-0.5133157	-5.9285	-0.03053966	5817_at
196740_at	8.42e-01	6.10e-01	-0.5133109	-5.9285	-0.1098757	196740_at
80209_at	8.42e-01	6.10e-01	-0.513204	-5.92855	-0.0505802	80209_at
3030_at	8.42e-01	6.10e-01	0.513177	-5.92856	0.05016198	3030_at
4633_at	8.42e-01	6.10e-01	0.5131196	-5.92859	0.06051869	4633_at
5582_at	8.42e-01	6.10e-01	-0.5127333	-5.92878	-0.05026783	5582_at
10669_at	8.42e-01	6.10e-01	-0.5123049	-5.92899	-0.06499223	10669_at
1791_at	8.42e-01	6.10e-01	-0.5122727	-5.92901	-0.05304957	1791_at
80003_at	8.42e-01	6.11e-01	-0.5119956	-5.92914	-0.03553413	80003_at
5652_at	8.42e-01	6.11e-01	-0.5119562	-5.92916	-0.08947435	5652_at
9653_at	8.42e-01	6.11e-01	-0.5119138	-5.92918	-0.04625276	9653_at
8111_at	8.42e-01	6.11e-01	-0.5117454	-5.92927	-0.04200704	8111_at
54550_at	8.43e-01	6.11e-01	-0.5112944	-5.92949	-0.14814191	54550_at
1823_at	8.43e-01	6.11e-01	-0.5112524	-5.92951	-0.04219614	1823_at
9087_at	8.43e-01	6.11e-01	-0.5109389	-5.92966	-0.06560193	9087_at
6651_at	8.43e-01	6.11e-01	0.5106757	-5.92979	0.03879702	6651_at
55076_at	8.43e-01	6.12e-01	0.5105309	-5.92986	0.11114784	55076_at
991_at	8.43e-01	6.12e-01	0.5099742	-5.93013	0.13633657	991_at
6873_at	8.43e-01	6.12e-01	-0.5098485	-5.93019	-0.05774398	6873_at
51729_at	8.43e-01	6.12e-01	-0.5098061	-5.93022	-0.05736398	51729_at
9753_at	8.44e-01	6.12e-01	-0.5094668	-5.93038	-0.0256199	9753_at
9739_at	8.44e-01	6.12e-01	-0.5094652	-5.93038	-0.06222026	9739_at
23396_at	8.44e-01	6.12e-01	0.5093967	-5.93042	0.043042	23396_at
11100_at	8.44e-01	6.13e-01	-0.5087665	-5.93072	-0.03953614	11100_at
8651_at	8.44e-01	6.13e-01	-0.5087063	-5.93075	-0.0492944	8651_at
3691_at	8.44e-01	6.13e-01	-0.508542	-5.93083	-0.03518363	3691_at
247_at	8.44e-01	6.13e-01	-0.5083481	-5.93093	-0.06189631	247_at
64324_at	8.44e-01	6.13e-01	0.5083474	-5.93093	0.04725927	64324_at
54344_at	8.44e-01	6.13e-01	0.5079795	-5.93111	0.0626824	54344_at
7580_at	8.44e-01	6.13e-01	0.5077854	-5.9312	0.06686466	7580_at
535_at	8.45e-01	6.14e-01	-0.5073755	-5.9314	-0.05743991	535_at
11102_at	8.45e-01	6.14e-01	0.5070954	-5.93154	0.06558635	11102_at
1180_at	8.45e-01	6.14e-01	-0.5070753	-5.93155	-0.06506296	1180_at
55775_at	8.45e-01	6.14e-01	-0.5070069	-5.93158	-0.05168153	55775_at
23531_at	8.45e-01	6.14e-01	0.5069358	-5.93161	0.17661807	23531_at
8328_at	8.45e-01	6.14e-01	0.5068035	-5.93168	0.04094661	8328_at
7178_at	8.45e-01	6.14e-01	-0.5064262	-5.93186	-0.05594531	7178_at
1678_at	8.45e-01	6.14e-01	-0.5064128	-5.93187	-0.036432	1678_at
9537_at	8.45e-01	6.15e-01	-0.5062012	-5.93197	-0.05049621	9537_at
11172_at	8.45e-01	6.15e-01	-0.5060954	-5.93202	-0.04510056	11172_at
3779_at	8.45e-01	6.15e-01	-0.5060544	-5.93204	-0.07236632	3779_at
28981_at	8.45e-01	6.15e-01	0.5055914	-5.93226	0.04831317	28981_at
571_at	8.45e-01	6.15e-01	-0.5055025	-5.93231	-0.03531032	571_at
5624_at	8.45e-01	6.15e-01	0.505033	-5.93253	0.18879645	5624_at
701_at	8.45e-01	6.15e-01	-0.5049749	-5.93256	-0.06617732	701_at
81620_at	8.45e-01	6.16e-01	-0.5047283	-5.93268	-0.04319326	81620_at
5071_at	8.45e-01	6.16e-01	-0.5046824	-5.9327	-0.06413359	5071_at
30968_at	8.45e-01	6.16e-01	0.5045409	-5.93277	0.06522376	30968_at
10935_at	8.45e-01	6.16e-01	-0.5045386	-5.93277	-0.05571568	10935_at
81831_at	8.45e-01	6.16e-01	0.5043807	-5.93285	0.08062663	81831_at
9912_at	8.45e-01	6.16e-01	-0.5042932	-5.93289	-0.05197377	9912_at
347902_at	8.45e-01	6.16e-01	-0.5042889	-5.93289	-0.15835899	347902_at
4956_at	8.45e-01	6.16e-01	-0.5042666	-5.93291	-0.05810155	4956_at
54870_at	8.45e-01	6.16e-01	0.504264	-5.93291	0.04334554	54870_at
2695_at	8.45e-01	6.16e-01	-0.5042515	-5.93291	-0.043578	2695_at
6687_at	8.45e-01	6.16e-01	0.5041648	-5.93295	0.04818048	6687_at
10609_at	8.45e-01	6.16e-01	0.5041414	-5.93297	0.06499866	10609_at
6595_at	8.45e-01	6.16e-01	0.5041229	-5.93297	0.06938307	6595_at
51673_at	8.45e-01	6.16e-01	-0.5038666	-5.9331	-0.09456626	51673_at
23301_at	8.45e-01	6.16e-01	0.503803	-5.93313	0.05901143	23301_at
23019_at	8.45e-01	6.16e-01	0.5037452	-5.93316	0.03409287	23019_at
8330_at	8.45e-01	6.16e-01	-0.5037057	-5.93318	-0.07568162	8330_at
3906_at	8.45e-01	6.17e-01	-0.5033697	-5.93334	-0.0640333	3906_at
114034_at	8.45e-01	6.17e-01	-0.5033319	-5.93336	-0.04627592	114034_at
10300_at	8.45e-01	6.17e-01	0.5032219	-5.93341	0.0350028	10300_at
2869_at	8.46e-01	6.17e-01	0.5030215	-5.93351	0.06147902	2869_at
55867_at	8.46e-01	6.17e-01	-0.5028495	-5.93359	-0.14769988	55867_at
5139_at	8.46e-01	6.17e-01	-0.5023421	-5.93383	-0.05786081	5139_at
2582_at	8.47e-01	6.18e-01	0.5014882	-5.93424	0.07599075	2582_at
10985_at	8.47e-01	6.18e-01	0.5013802	-5.9343	0.04801795	10985_at
3953_at	8.47e-01	6.18e-01	0.501299	-5.93433	0.07470172	3953_at
5649_at	8.47e-01	6.18e-01	-0.5010993	-5.93443	-0.08494546	5649_at
1183_at	8.47e-01	6.18e-01	0.5010807	-5.93444	0.03739279	1183_at
57348_at	8.47e-01	6.18e-01	-0.5009419	-5.93451	-0.04157975	57348_at
55112_at	8.47e-01	6.18e-01	0.5007165	-5.93461	0.06293688	55112_at
1839_at	8.47e-01	6.18e-01	-0.5006465	-5.93465	-0.07484434	1839_at
747_at	8.47e-01	6.18e-01	-0.5006219	-5.93466	-0.0516403	747_at
2739_at	8.47e-01	6.18e-01	0.5006213	-5.93466	0.05414792	2739_at
51444_at	8.47e-01	6.19e-01	0.5005051	-5.93472	0.09735684	51444_at
3215_at	8.47e-01	6.19e-01	0.5003157	-5.93481	0.05221601	3215_at
57198_at	8.47e-01	6.19e-01	-0.5002669	-5.93483	-0.06533567	57198_at
10746_at	8.47e-01	6.19e-01	0.5002037	-5.93486	0.04829529	10746_at
2199_at	8.47e-01	6.19e-01	-0.4999728	-5.93497	-0.06894896	2199_at
9228_at	8.47e-01	6.19e-01	-0.4997269	-5.93509	-0.06855746	9228_at
6300_at	8.47e-01	6.19e-01	0.4995868	-5.93515	0.09599851	6300_at
8732_at	8.47e-01	6.19e-01	-0.4994492	-5.93522	-0.03510037	8732_at
5251_at	8.47e-01	6.19e-01	-0.4993647	-5.93526	-0.05747678	5251_at
9368_at	8.47e-01	6.20e-01	-0.4987881	-5.93554	-0.09164247	9368_at
2044_at	8.47e-01	6.20e-01	-0.4986002	-5.93563	-0.03234883	2044_at
79627_at	8.47e-01	6.20e-01	0.498583	-5.93563	0.06661676	79627_at
8270_at	8.47e-01	6.20e-01	-0.4984894	-5.93568	-0.05703285	8270_at
6323_at	8.47e-01	6.20e-01	-0.4984602	-5.93569	-0.03213784	6323_at
3201_at	8.47e-01	6.20e-01	0.4984044	-5.93572	0.06350689	3201_at
6469_at	8.47e-01	6.20e-01	-0.4980836	-5.93587	-0.04585388	6469_at
9666_at	8.47e-01	6.20e-01	0.4978505	-5.93598	0.05310507	9666_at
79905_at	8.47e-01	6.20e-01	-0.4978398	-5.93599	-0.03794114	79905_at
51295_at	8.47e-01	6.20e-01	-0.4978139	-5.936	-0.08163173	51295_at
29937_at	8.47e-01	6.21e-01	0.4977139	-5.93605	0.03807207	29937_at
387263_at	8.47e-01	6.21e-01	-0.4977074	-5.93605	-0.06635014	387263_at
28_at	8.47e-01	6.21e-01	-0.4976663	-5.93607	-0.05696067	28_at
533_at	8.47e-01	6.21e-01	-0.4975769	-5.93611	-0.06579266	533_at
4978_at	8.48e-01	6.21e-01	-0.4972423	-5.93627	-0.07274937	4978_at
1606_at	8.48e-01	6.21e-01	-0.4969638	-5.93641	-0.04209255	1606_at
10302_at	8.48e-01	6.22e-01	0.4962778	-5.93673	0.04799475	10302_at
54892_at	8.48e-01	6.22e-01	0.4962635	-5.93674	0.06224029	54892_at
54930_at	8.48e-01	6.22e-01	-0.4962365	-5.93675	-0.10539132	54930_at
3375_at	8.48e-01	6.22e-01	-0.4961934	-5.93677	-0.05036523	3375_at
54840_at	8.48e-01	6.22e-01	0.4958092	-5.93696	0.05477887	54840_at
150_at	8.48e-01	6.22e-01	0.4957063	-5.937	0.07989774	150_at
10974_at	8.48e-01	6.22e-01	-0.4956712	-5.93702	-0.21836434	10974_at
10519_at	8.48e-01	6.22e-01	0.4956276	-5.93704	0.06215786	10519_at
7277_at	8.48e-01	6.22e-01	0.4954657	-5.93712	0.10073309	7277_at
55295_at	8.48e-01	6.22e-01	-0.4953049	-5.93719	-0.06615428	55295_at
64689_at	8.48e-01	6.22e-01	0.495157	-5.93727	0.04671705	64689_at
2516_at	8.48e-01	6.22e-01	0.4951435	-5.93727	0.04934939	2516_at
6939_at	8.48e-01	6.22e-01	-0.4951249	-5.93728	-0.07224179	6939_at
339_at	8.48e-01	6.22e-01	-0.4950366	-5.93732	-0.0415165	339_at
8858_at	8.48e-01	6.22e-01	-0.4949515	-5.93736	-0.19755863	8858_at
4296_at	8.48e-01	6.22e-01	0.4949339	-5.93737	0.04628931	4296_at
7278_at	8.48e-01	6.23e-01	-0.494889	-5.93739	-0.05831123	7278_at
11211_at	8.48e-01	6.23e-01	-0.49485	-5.93741	-0.05981819	11211_at
79933_at	8.48e-01	6.23e-01	-0.4948166	-5.93743	-0.03157294	79933_at
56894_at	8.48e-01	6.23e-01	-0.4947736	-5.93745	-0.08844101	56894_at
9909_at	8.48e-01	6.23e-01	-0.4947712	-5.93745	-0.05767056	9909_at
6326_at	8.48e-01	6.23e-01	-0.4947461	-5.93746	-0.06951395	6326_at
2167_at	8.48e-01	6.23e-01	0.4946456	-5.93751	0.21460828	2167_at
6317_at	8.48e-01	6.23e-01	-0.4946335	-5.93751	-0.03392923	6317_at
2845_at	8.48e-01	6.23e-01	-0.4943964	-5.93763	-0.04469085	2845_at
10716_at	8.48e-01	6.23e-01	-0.4942561	-5.93769	-0.0466195	10716_at
50_at	8.48e-01	6.23e-01	-0.4942002	-5.93772	-0.09786112	50_at
79709_at	8.48e-01	6.23e-01	0.4941666	-5.93773	0.05107722	79709_at
55344_at	8.48e-01	6.23e-01	-0.4940848	-5.93777	-0.05346441	55344_at
10494_at	8.48e-01	6.23e-01	0.4940728	-5.93778	0.07187447	10494_at
1387_at	8.48e-01	6.23e-01	-0.4940541	-5.93779	-0.03536518	1387_at
3238_at	8.48e-01	6.23e-01	-0.4936039	-5.938	-0.03249921	3238_at
23017_at	8.48e-01	6.23e-01	-0.4935353	-5.93803	-0.04483261	23017_at
7284_at	8.48e-01	6.23e-01	0.4935197	-5.93804	0.04971943	7284_at
6205_at	8.48e-01	6.24e-01	0.4933888	-5.9381	0.046745	6205_at
151_at	8.48e-01	6.24e-01	-0.4931908	-5.9382	-0.05914335	151_at
1184_at	8.48e-01	6.24e-01	-0.4929406	-5.93831	-0.11980816	1184_at
51302_at	8.48e-01	6.24e-01	0.4929349	-5.93832	0.0803273	51302_at
25788_at	8.48e-01	6.24e-01	0.492922	-5.93832	0.05142927	25788_at
10797_at	8.48e-01	6.24e-01	0.4928961	-5.93833	0.17481357	10797_at
51147_at	8.48e-01	6.24e-01	0.4928328	-5.93836	0.03640339	51147_at
2620_at	8.48e-01	6.24e-01	-0.4927371	-5.93841	-0.16541767	2620_at
64781_at	8.48e-01	6.24e-01	-0.4923461	-5.93859	-0.10680131	64781_at
64091_at	8.48e-01	6.24e-01	0.4920468	-5.93874	0.05077808	64091_at
6449_at	8.48e-01	6.25e-01	0.4920302	-5.93874	0.04931585	6449_at
79723_at	8.48e-01	6.25e-01	0.4920203	-5.93875	0.03310268	79723_at
8412_at	8.48e-01	6.25e-01	-0.4918737	-5.93882	-0.06981731	8412_at
9810_at	8.48e-01	6.25e-01	0.4917966	-5.93885	0.04280732	9810_at
23080_at	8.48e-01	6.25e-01	0.4917379	-5.93888	0.03457843	23080_at
81698_at	8.48e-01	6.25e-01	-0.4915524	-5.93897	-0.04721182	81698_at
79719_at	8.48e-01	6.25e-01	0.4915053	-5.93899	0.04617832	79719_at
6357_at	8.48e-01	6.25e-01	0.4914176	-5.93903	0.07148075	6357_at
55556_at	8.48e-01	6.25e-01	-0.4913001	-5.93909	-0.08175547	55556_at
100996485_at	8.48e-01	6.25e-01	-0.4912809	-5.9391	-0.05447331	100996485_at
2796_at	8.48e-01	6.25e-01	-0.4912374	-5.93912	-0.02977582	2796_at
51230_at	8.48e-01	6.25e-01	0.4911961	-5.93914	0.040798	51230_at
101927051_at	8.48e-01	6.25e-01	-0.4909666	-5.93924	-0.07076868	101927051_at
2746_at	8.48e-01	6.25e-01	-0.4907109	-5.93936	-0.11633525	2746_at
170680_at	8.48e-01	6.26e-01	-0.4905385	-5.93945	-0.0682392	170680_at
55238_at	8.48e-01	6.26e-01	-0.4903147	-5.93955	-0.04545048	55238_at
65018_at	8.48e-01	6.26e-01	-0.4902163	-5.9396	-0.0577162	65018_at
23587_at	8.49e-01	6.26e-01	0.4899559	-5.93972	0.15032813	23587_at
1580_at	8.49e-01	6.26e-01	-0.4896227	-5.93988	-0.05285623	1580_at
57707_at	8.49e-01	6.27e-01	0.489184	-5.94008	0.03982108	57707_at
1557_at	8.49e-01	6.27e-01	-0.4890825	-5.94013	-0.06950938	1557_at
51650_at	8.49e-01	6.27e-01	-0.489029	-5.94015	-0.05660959	51650_at
5972_at	8.49e-01	6.27e-01	0.488826	-5.94025	0.40174849	5972_at
2334_at	8.49e-01	6.27e-01	-0.4885187	-5.94039	-0.04250094	2334_at
6374_at	8.50e-01	6.27e-01	-0.4881712	-5.94055	-0.03279397	6374_at
23350_at	8.50e-01	6.27e-01	0.4880454	-5.94061	0.05082753	23350_at
10324_at	8.50e-01	6.27e-01	-0.4879528	-5.94066	-0.02767572	10324_at
3898_at	8.50e-01	6.27e-01	0.4878928	-5.94069	0.06366379	3898_at
29895_at	8.50e-01	6.28e-01	-0.4874161	-5.94091	-0.05479991	29895_at
25913_at	8.50e-01	6.28e-01	0.4872066	-5.94101	0.05042326	25913_at
388569_at	8.50e-01	6.28e-01	-0.4871908	-5.94101	-0.0468539	388569_at
9110_at	8.50e-01	6.28e-01	0.4866231	-5.94128	0.08295696	9110_at
8115_at	8.50e-01	6.28e-01	0.4865561	-5.94131	0.04598142	8115_at
946_at	8.50e-01	6.28e-01	-0.4864743	-5.94135	-0.03755896	946_at
6184_at	8.50e-01	6.29e-01	0.4863341	-5.94141	0.05383193	6184_at
9919_at	8.50e-01	6.29e-01	0.4862266	-5.94146	0.0548886	9919_at
79816_at	8.50e-01	6.29e-01	-0.4861251	-5.94151	-0.06792903	79816_at
50615_at	8.50e-01	6.29e-01	-0.4860364	-5.94155	-0.04666281	50615_at
55003_at	8.50e-01	6.29e-01	0.4858595	-5.94163	0.05536046	55003_at
79694_at	8.50e-01	6.29e-01	0.4858399	-5.94164	0.04450162	79694_at
23207_at	8.50e-01	6.29e-01	-0.4857279	-5.94169	-0.04014346	23207_at
54875_at	8.51e-01	6.29e-01	-0.4854666	-5.94182	-0.04772561	54875_at
27440_at	8.51e-01	6.29e-01	-0.4851102	-5.94198	-0.05734845	27440_at
954_at	8.51e-01	6.29e-01	-0.4851022	-5.94199	-0.04907961	954_at
25874_at	8.51e-01	6.30e-01	-0.4848128	-5.94212	-0.06091801	25874_at
8720_at	8.51e-01	6.30e-01	-0.4847675	-5.94214	-0.04684866	8720_at
9112_at	8.51e-01	6.30e-01	0.484415	-5.9423	0.04446357	9112_at
84908_at	8.51e-01	6.30e-01	-0.4842889	-5.94236	-0.06366781	84908_at
54663_at	8.51e-01	6.30e-01	-0.4839582	-5.94252	-0.04759331	54663_at
5691_at	8.51e-01	6.30e-01	0.4838979	-5.94254	0.04772436	5691_at
79893_at	8.52e-01	6.31e-01	0.4830092	-5.94296	0.05186961	79893_at
80324_at	8.52e-01	6.31e-01	-0.483007	-5.94296	-0.0565948	80324_at
3835_at	8.52e-01	6.31e-01	0.4826502	-5.94312	0.05251319	3835_at
8683_at	8.52e-01	6.31e-01	-0.4825612	-5.94316	-0.04838623	8683_at
11161_at	8.52e-01	6.31e-01	0.4824512	-5.94321	0.04825312	11161_at
7041_at	8.52e-01	6.31e-01	-0.4823171	-5.94328	-0.10183641	7041_at
81628_at	8.52e-01	6.31e-01	0.4822924	-5.94329	0.06471043	81628_at
221061_at	8.52e-01	6.31e-01	-0.4822776	-5.94329	-0.10619152	221061_at
4604_at	8.52e-01	6.31e-01	-0.4821899	-5.94333	-0.04452585	4604_at
25957_at	8.52e-01	6.32e-01	0.4820488	-5.9434	0.07914787	25957_at
9913_at	8.52e-01	6.32e-01	0.4819329	-5.94345	0.04109304	9913_at
55958_at	8.52e-01	6.32e-01	0.4818128	-5.94351	0.04560329	55958_at
5534_at	8.52e-01	6.32e-01	-0.4816323	-5.94359	-0.04632618	5534_at
8125_at	8.52e-01	6.32e-01	-0.4815541	-5.94363	-0.0436735	8125_at
7504_at	8.52e-01	6.32e-01	-0.4813416	-5.94373	-0.05625641	7504_at
8975_at	8.52e-01	6.32e-01	-0.4813029	-5.94374	-0.05700395	8975_at
10847_at	8.52e-01	6.32e-01	-0.4811922	-5.9438	-0.05824936	10847_at
115201_at	8.52e-01	6.32e-01	-0.4811023	-5.94384	-0.05656559	115201_at
8853_at	8.52e-01	6.32e-01	-0.4810599	-5.94386	-0.10175065	8853_at
7849_at	8.52e-01	6.32e-01	0.4809823	-5.94389	0.06193861	7849_at
79796_at	8.52e-01	6.32e-01	0.4808877	-5.94394	0.06826756	79796_at
101929264_at	8.52e-01	6.33e-01	-0.4803158	-5.9442	-0.04609484	101929264_at
3579_at	8.52e-01	6.33e-01	-0.4802853	-5.94421	-0.05618792	3579_at
9468_at	8.52e-01	6.33e-01	-0.48011	-5.94429	-0.03412669	9468_at
10131_at	8.52e-01	6.33e-01	0.4800991	-5.9443	0.06781393	10131_at
4488_at	8.52e-01	6.33e-01	-0.4798788	-5.9444	-0.04422504	4488_at
26608_at	8.52e-01	6.33e-01	0.4798691	-5.9444	0.05862343	26608_at
5939_at	8.52e-01	6.33e-01	0.4797398	-5.94446	0.03622294	5939_at
50508_at	8.52e-01	6.33e-01	0.4796726	-5.94449	0.04001815	50508_at
7916_at	8.52e-01	6.33e-01	-0.4795464	-5.94455	-0.0590633	7916_at
2742_at	8.52e-01	6.33e-01	-0.4795141	-5.94457	-0.0496387	2742_at
10658_at	8.52e-01	6.33e-01	-0.479513	-5.94457	-0.033879	10658_at
11126_at	8.52e-01	6.33e-01	0.4794873	-5.94458	0.04812081	11126_at
1438_at	8.52e-01	6.33e-01	0.4794634	-5.94459	0.04396678	1438_at
6709_at	8.52e-01	6.33e-01	0.4794109	-5.94462	0.07060565	6709_at
51042_at	8.52e-01	6.33e-01	0.4794059	-5.94462	0.07191752	51042_at
9828_at	8.52e-01	6.33e-01	-0.4793944	-5.94462	-0.05922127	9828_at
8764_at	8.52e-01	6.33e-01	0.4793734	-5.94463	0.07208935	8764_at
9690_at	8.52e-01	6.34e-01	-0.4792598	-5.94468	-0.06573329	9690_at
29951_at	8.52e-01	6.34e-01	-0.4786115	-5.94498	-0.05215949	29951_at
1959_at	8.53e-01	6.35e-01	0.4778442	-5.94533	0.08563052	1959_at
51164_at	8.53e-01	6.35e-01	0.4776456	-5.94542	0.05677226	51164_at
835_at	8.53e-01	6.35e-01	0.4776314	-5.94543	0.03904664	835_at
54576_at	8.53e-01	6.35e-01	-0.4776192	-5.94544	-0.0953835	54576_at
5592_at	8.53e-01	6.35e-01	-0.4775771	-5.94546	-0.04069001	5592_at
9559_at	8.53e-01	6.35e-01	0.4775091	-5.94549	0.0435405	9559_at
7112_at	8.53e-01	6.35e-01	0.4774685	-5.94551	0.04417297	7112_at
65125_at	8.53e-01	6.35e-01	-0.4774041	-5.94553	-0.07164242	65125_at
1991_at	8.53e-01	6.35e-01	-0.4773197	-5.94557	-0.0419347	1991_at
80263_at	8.53e-01	6.35e-01	0.4772474	-5.94561	0.05622246	80263_at
29968_at	8.53e-01	6.35e-01	0.4768365	-5.94579	0.15176166	29968_at
9231_at	8.53e-01	6.35e-01	-0.4765296	-5.94593	-0.07872286	9231_at
4081_at	8.53e-01	6.35e-01	0.4764726	-5.94596	0.03946859	4081_at
9725_at	8.53e-01	6.35e-01	0.4764641	-5.94596	0.06070936	9725_at
6835_at	8.53e-01	6.36e-01	-0.4763241	-5.94603	-0.05905012	6835_at
28409_at	8.53e-01	6.36e-01	0.4763079	-5.94604	0.03887471	28409_at
51099_at	8.53e-01	6.36e-01	0.4762103	-5.94608	0.04351862	51099_at
5616_at	8.53e-01	6.36e-01	-0.4760082	-5.94617	-0.04710077	5616_at
2257_at	8.53e-01	6.36e-01	0.4759875	-5.94618	0.03571884	2257_at
796_at	8.53e-01	6.36e-01	-0.4758711	-5.94623	-0.05047837	796_at
2897_at	8.53e-01	6.36e-01	-0.4758507	-5.94624	-0.03139559	2897_at
389677_at	8.53e-01	6.36e-01	-0.4754867	-5.94641	-0.03172527	389677_at
6576_at	8.54e-01	6.36e-01	-0.4752303	-5.94653	-0.09681647	6576_at
598_at	8.54e-01	6.37e-01	0.4748916	-5.94668	0.04151201	598_at
6631_at	8.54e-01	6.37e-01	-0.4745782	-5.94682	-0.03928333	6631_at
6468_at	8.54e-01	6.37e-01	-0.4742954	-5.94695	-0.05423959	6468_at
5160_at	8.54e-01	6.37e-01	0.4742813	-5.94696	0.05365568	5160_at
7272_at	8.54e-01	6.37e-01	-0.4739718	-5.9471	-0.05332769	7272_at
5620_at	8.54e-01	6.37e-01	-0.4737411	-5.9472	-0.04306926	5620_at
7432_at	8.54e-01	6.37e-01	0.4736647	-5.94724	0.03532891	7432_at
6621_at	8.54e-01	6.38e-01	-0.4735811	-5.94728	-0.04228915	6621_at
126299_at	8.54e-01	6.38e-01	-0.4734455	-5.94734	-0.04107954	126299_at
27_at	8.54e-01	6.38e-01	-0.4734094	-5.94735	-0.04980438	27_at
7466_at	8.55e-01	6.38e-01	0.4728035	-5.94763	0.06219851	7466_at
9741_at	8.55e-01	6.38e-01	0.4727158	-5.94767	0.04794759	9741_at
3976_at	8.55e-01	6.38e-01	-0.4726549	-5.9477	-0.07504271	3976_at
55565_at	8.55e-01	6.38e-01	-0.4723963	-5.94781	-0.03497367	55565_at
3990_at	8.55e-01	6.39e-01	0.4716847	-5.94814	0.18366625	3990_at
29098_at	8.55e-01	6.39e-01	0.4716725	-5.94814	0.05379366	29098_at
3717_at	8.55e-01	6.39e-01	0.4716166	-5.94817	0.03712029	3717_at
266_at	8.55e-01	6.39e-01	-0.4715915	-5.94818	-0.04018132	266_at
57116_at	8.55e-01	6.39e-01	-0.4714631	-5.94824	-0.04207934	57116_at
57150_at	8.56e-01	6.39e-01	-0.4709513	-5.94847	-0.03802913	57150_at
23114_at	8.56e-01	6.39e-01	-0.4708361	-5.94852	-0.08322272	23114_at
2091_at	8.56e-01	6.40e-01	0.4707644	-5.94855	0.0639531	2091_at
1071_at	8.56e-01	6.40e-01	0.4707577	-5.94855	0.09197189	1071_at
1836_at	8.56e-01	6.40e-01	0.4705108	-5.94867	0.10620734	1836_at
11226_at	8.56e-01	6.40e-01	-0.4701372	-5.94883	-0.06068179	11226_at
2253_at	8.56e-01	6.40e-01	-0.4699633	-5.94891	-0.03873504	2253_at
9589_at	8.56e-01	6.40e-01	0.4699537	-5.94892	0.06653881	9589_at
8428_at	8.56e-01	6.40e-01	0.4696095	-5.94907	0.04506425	8428_at
50831_at	8.56e-01	6.40e-01	0.4694229	-5.94916	0.05084627	50831_at
29796_at	8.56e-01	6.41e-01	0.4693669	-5.94918	0.04743235	29796_at
5229_at	8.56e-01	6.41e-01	-0.4691302	-5.94929	-0.068053	5229_at
1087_at	8.56e-01	6.41e-01	-0.4690687	-5.94931	-0.03062054	1087_at
9765_at	8.56e-01	6.41e-01	-0.4689438	-5.94937	-0.07639857	9765_at
51132_at	8.56e-01	6.41e-01	0.4687794	-5.94944	0.06457845	51132_at
10871_at	8.57e-01	6.41e-01	0.4683667	-5.94963	0.04878848	10871_at
26013_at	8.57e-01	6.41e-01	-0.4680492	-5.94977	-0.03326486	26013_at
55286_at	8.57e-01	6.42e-01	-0.4677277	-5.94992	-0.06834736	55286_at
6572_at	8.57e-01	6.42e-01	-0.4676687	-5.94994	-0.04360509	6572_at
9046_at	8.57e-01	6.42e-01	-0.4674974	-5.95002	-0.05011655	9046_at
6868_at	8.57e-01	6.42e-01	-0.4673012	-5.95011	-0.04777521	6868_at
333_at	8.57e-01	6.42e-01	-0.4670802	-5.95021	-0.05776253	333_at
2862_at	8.57e-01	6.42e-01	-0.4670693	-5.95021	-0.03122592	2862_at
57706_at	8.57e-01	6.42e-01	-0.4667635	-5.95035	-0.07429806	57706_at
9329_at	8.57e-01	6.42e-01	0.4667396	-5.95036	0.05619444	9329_at
10208_at	8.57e-01	6.42e-01	-0.4666468	-5.9504	-0.05237032	10208_at
4990_at	8.57e-01	6.43e-01	-0.466487	-5.95047	-0.04737526	4990_at
56898_at	8.57e-01	6.43e-01	-0.4663663	-5.95053	-0.09089161	56898_at
8545_at	8.58e-01	6.43e-01	-0.4661713	-5.95061	-0.0474826	8545_at
117178_at	8.58e-01	6.43e-01	-0.4659429	-5.95071	-0.06490309	117178_at
79634_at	8.58e-01	6.43e-01	0.4657599	-5.9508	0.04292192	79634_at
23090_at	8.58e-01	6.43e-01	0.4651984	-5.95105	0.07179093	23090_at
55611_at	8.58e-01	6.44e-01	-0.4651611	-5.95106	-0.03257274	55611_at
5713_at	8.58e-01	6.44e-01	0.4651267	-5.95108	0.06188822	5713_at
1757_at	8.58e-01	6.44e-01	-0.4650963	-5.95109	-0.07983194	1757_at
55168_at	8.58e-01	6.44e-01	-0.4649813	-5.95114	-0.04006748	55168_at
2840_at	8.58e-01	6.44e-01	-0.4648509	-5.9512	-0.03201451	2840_at
5294_at	8.58e-01	6.44e-01	-0.4645271	-5.95135	-0.0366008	5294_at
645_at	8.58e-01	6.44e-01	0.4644138	-5.9514	0.06810766	645_at
316_at	8.59e-01	6.44e-01	-0.4640869	-5.95154	-0.16954621	316_at
56983_at	8.59e-01	6.44e-01	-0.4639053	-5.95162	-0.06058035	56983_at
6906_at	8.59e-01	6.44e-01	-0.4638589	-5.95164	-0.05008431	6906_at
9806_at	8.59e-01	6.45e-01	-0.4631434	-5.95196	-0.07794055	9806_at
10844_at	8.59e-01	6.45e-01	0.4630517	-5.952	0.04438711	10844_at
55255_at	8.59e-01	6.45e-01	0.4630262	-5.95201	0.09310397	55255_at
6926_at	8.59e-01	6.45e-01	-0.4630156	-5.95202	-0.04940817	6926_at
23601_at	8.59e-01	6.45e-01	-0.4629273	-5.95206	-0.06073689	23601_at
6425_at	8.59e-01	6.45e-01	-0.4627386	-5.95214	-0.04150693	6425_at
23241_at	8.59e-01	6.46e-01	-0.4621735	-5.95239	-0.03217918	23241_at
7342_at	8.59e-01	6.46e-01	0.4621696	-5.95239	0.06990278	7342_at
1820_at	8.59e-01	6.46e-01	-0.4618962	-5.95251	-0.04549294	1820_at
5250_at	8.59e-01	6.46e-01	0.4618699	-5.95253	0.03924151	5250_at
57151_at	8.59e-01	6.46e-01	-0.4618554	-5.95253	-0.05223387	57151_at
3882_at	8.60e-01	6.46e-01	-0.461539	-5.95267	-0.05215604	3882_at
3558_at	8.60e-01	6.46e-01	0.4615003	-5.95269	0.03211758	3558_at
1889_at	8.60e-01	6.46e-01	-0.4613978	-5.95273	-0.04181851	1889_at
1608_at	8.60e-01	6.46e-01	-0.4612835	-5.95278	-0.05213575	1608_at
51027_at	8.60e-01	6.46e-01	0.4611792	-5.95283	0.06150145	51027_at
23239_at	8.60e-01	6.46e-01	-0.4611021	-5.95287	-0.04044509	23239_at
283876_at	8.60e-01	6.47e-01	-0.460946	-5.95293	-0.10124389	283876_at
7052_at	8.60e-01	6.47e-01	0.4608949	-5.95296	0.07917315	7052_at
9877_at	8.60e-01	6.47e-01	0.4604877	-5.95314	0.08064646	9877_at
79666_at	8.60e-01	6.47e-01	-0.4604091	-5.95317	-0.08647328	79666_at
5196_at	8.60e-01	6.47e-01	0.4602456	-5.95324	0.10933176	5196_at
6195_at	8.60e-01	6.47e-01	0.4597626	-5.95346	0.05894914	6195_at
196993_at	8.60e-01	6.47e-01	-0.4596967	-5.95349	-0.0392699	196993_at
634_at	8.60e-01	6.47e-01	-0.4596649	-5.9535	-0.06139555	634_at
1947_at	8.60e-01	6.48e-01	-0.4594096	-5.95361	-0.05339646	1947_at
54205_at	8.60e-01	6.48e-01	-0.4592635	-5.95368	-0.06445709	54205_at
89853_at	8.60e-01	6.48e-01	-0.4591776	-5.95371	-0.02962606	89853_at
23118_at	8.61e-01	6.48e-01	-0.4588121	-5.95387	-0.046943	23118_at
4685_at	8.61e-01	6.48e-01	-0.458796	-5.95388	-0.04704565	4685_at
9338_at	8.61e-01	6.48e-01	-0.4585076	-5.95401	-0.06220622	9338_at
5588_at	8.61e-01	6.48e-01	0.458231	-5.95413	0.09094089	5588_at
375035_at	8.61e-01	6.49e-01	0.457956	-5.95425	0.08467887	375035_at
10474_at	8.61e-01	6.49e-01	0.4576809	-5.95437	0.02793118	10474_at
80217_at	8.61e-01	6.49e-01	0.4576249	-5.9544	0.02411483	80217_at
1355_at	8.61e-01	6.49e-01	-0.457489	-5.95446	-0.05484109	1355_at
2572_at	8.61e-01	6.49e-01	-0.4574089	-5.95449	-0.04466618	2572_at
3445_at	8.61e-01	6.49e-01	-0.4572751	-5.95455	-0.03072988	3445_at
6238_at	8.61e-01	6.49e-01	0.4571451	-5.95461	0.05624494	6238_at
25847_at	8.61e-01	6.49e-01	-0.4571398	-5.95461	-0.06318773	25847_at
1834_at	8.61e-01	6.49e-01	0.4571397	-5.95461	0.0428851	1834_at
80724_at	8.61e-01	6.49e-01	-0.4569157	-5.95471	-0.05253797	80724_at
5133_at	8.61e-01	6.49e-01	-0.4568464	-5.95474	-0.05254011	5133_at
4919_at	8.61e-01	6.50e-01	0.4566778	-5.95481	0.04140002	4919_at
81545_at	8.61e-01	6.50e-01	-0.4561902	-5.95502	-0.0364197	81545_at
8795_at	8.61e-01	6.50e-01	-0.4561044	-5.95506	-0.06101397	8795_at
79447_at	8.61e-01	6.50e-01	-0.4560626	-5.95508	-0.0391072	79447_at
27429_at	8.61e-01	6.50e-01	0.4560352	-5.95509	0.04224593	27429_at
2219_at	8.61e-01	6.50e-01	0.4558202	-5.95519	0.13558324	2219_at
29954_at	8.61e-01	6.50e-01	0.4557515	-5.95522	0.04546359	29954_at
6832_at	8.61e-01	6.50e-01	-0.455679	-5.95525	-0.05795625	6832_at
26953_at	8.61e-01	6.50e-01	0.4556204	-5.95527	0.09034647	26953_at
6789_at	8.61e-01	6.50e-01	0.4554601	-5.95534	0.03049941	6789_at
7369_at	8.62e-01	6.51e-01	-0.4548373	-5.95561	-0.33176553	7369_at
51071_at	8.62e-01	6.51e-01	-0.4543741	-5.95582	-0.07280023	51071_at
53822_at	8.62e-01	6.51e-01	-0.4541411	-5.95592	-0.06634991	53822_at
5724_at	8.62e-01	6.51e-01	-0.454037	-5.95596	-0.05037616	5724_at
761_at	8.62e-01	6.51e-01	-0.4540202	-5.95597	-0.02490546	761_at
26276_at	8.63e-01	6.52e-01	-0.4537491	-5.95609	-0.0309156	26276_at
23378_at	8.63e-01	6.52e-01	0.4536124	-5.95615	0.05499175	23378_at
23562_at	8.63e-01	6.52e-01	-0.4531682	-5.95634	-0.04035196	23562_at
11006_at	8.63e-01	6.52e-01	-0.4531559	-5.95635	-0.04756956	11006_at
29063_at	8.63e-01	6.52e-01	-0.452937	-5.95644	-0.03418946	29063_at
10309_at	8.63e-01	6.52e-01	-0.4528788	-5.95647	-0.05048003	10309_at
5271_at	8.63e-01	6.52e-01	0.4528191	-5.95649	0.05018446	5271_at
55015_at	8.63e-01	6.52e-01	-0.452816	-5.95649	-0.05819377	55015_at
671_at	8.63e-01	6.52e-01	-0.4526918	-5.95655	-0.26478739	671_at
19_at	8.63e-01	6.53e-01	-0.4524211	-5.95667	-0.1035603	19_at
5281_at	8.63e-01	6.53e-01	0.4519774	-5.95686	0.0763589	5281_at
55337_at	8.63e-01	6.53e-01	0.4519143	-5.95688	0.03271192	55337_at
3760_at	8.63e-01	6.53e-01	0.4519112	-5.95689	0.05517096	3760_at
387751_at	8.63e-01	6.53e-01	-0.4518008	-5.95693	-0.05591277	387751_at
864_at	8.64e-01	6.53e-01	0.4513291	-5.95714	0.06639804	864_at
10610_at	8.64e-01	6.54e-01	0.4510457	-5.95726	0.08558602	10610_at
284649_at	8.64e-01	6.54e-01	0.4510362	-5.95726	0.03956752	284649_at
55282_at	8.64e-01	6.54e-01	-0.4509624	-5.9573	-0.05137396	55282_at
23028_at	8.64e-01	6.54e-01	0.4507545	-5.95739	0.04304486	23028_at
112_at	8.64e-01	6.54e-01	-0.4505796	-5.95746	-0.0428147	112_at
1829_at	8.64e-01	6.54e-01	-0.4497905	-5.9578	-0.09654471	1829_at
1236_at	8.64e-01	6.55e-01	0.449624	-5.95787	0.08117493	1236_at
79612_at	8.64e-01	6.55e-01	-0.44949	-5.95793	-0.05598728	79612_at
22839_at	8.64e-01	6.55e-01	-0.4494769	-5.95794	-0.02966196	22839_at
79017_at	8.65e-01	6.55e-01	-0.4489228	-5.95818	-0.06475711	79017_at
3516_at	8.65e-01	6.55e-01	0.4485638	-5.95833	0.04966077	3516_at
3221_at	8.65e-01	6.56e-01	-0.4483096	-5.95844	-0.05719769	3221_at
11095_at	8.65e-01	6.56e-01	-0.4482184	-5.95848	-0.04059413	11095_at
9744_at	8.65e-01	6.56e-01	-0.44805	-5.95855	-0.05670443	9744_at
9097_at	8.65e-01	6.56e-01	0.4480359	-5.95856	0.04770882	9097_at
6494_at	8.65e-01	6.56e-01	-0.4477366	-5.95869	-0.05463067	6494_at
56139_at	8.65e-01	6.56e-01	0.4477102	-5.9587	0.05880761	56139_at
55526_at	8.66e-01	6.56e-01	-0.4473534	-5.95885	-0.09967535	55526_at
79414_at	8.66e-01	6.56e-01	-0.4472195	-5.95891	-0.04210238	79414_at
80146_at	8.66e-01	6.57e-01	0.4467931	-5.95909	0.08924499	80146_at
22955_at	8.66e-01	6.57e-01	0.4466847	-5.95914	0.04866107	22955_at
23294_at	8.66e-01	6.57e-01	-0.4466817	-5.95914	-0.05581269	23294_at
23013_at	8.66e-01	6.57e-01	0.4466379	-5.95916	0.04376685	23013_at
2934_at	8.66e-01	6.57e-01	-0.4465753	-5.95918	-0.08128424	2934_at
10078_at	8.66e-01	6.57e-01	0.4464693	-5.95923	0.04319205	10078_at
7874_at	8.66e-01	6.57e-01	-0.4463126	-5.9593	-0.02862432	7874_at
6674_at	8.66e-01	6.57e-01	-0.4460748	-5.9594	-0.04012795	6674_at
8744_at	8.66e-01	6.57e-01	-0.4460416	-5.95941	-0.0390019	8744_at
3845_at	8.66e-01	6.57e-01	-0.4458933	-5.95948	-0.07334914	3845_at
2800_at	8.66e-01	6.57e-01	0.445677	-5.95957	0.02738694	2800_at
8780_at	8.66e-01	6.57e-01	0.4456496	-5.95958	0.04846848	8780_at
64981_at	8.66e-01	6.58e-01	0.4455919	-5.9596	0.06902685	64981_at
752014_at	8.66e-01	6.58e-01	0.4455755	-5.95961	0.06974557	752014_at
79987_at	8.66e-01	6.58e-01	0.4455384	-5.95963	0.03808381	79987_at
10654_at	8.66e-01	6.58e-01	-0.4454465	-5.95967	-0.06744699	10654_at
55652_at	8.66e-01	6.58e-01	0.4454453	-5.95967	0.07014485	55652_at
9415_at	8.66e-01	6.58e-01	0.4454152	-5.95968	0.06976439	9415_at
3768_at	8.66e-01	6.58e-01	-0.4451984	-5.95977	-0.04947484	3768_at
400_at	8.66e-01	6.58e-01	0.4450198	-5.95985	0.03956581	400_at
3778_at	8.66e-01	6.58e-01	-0.4449532	-5.95988	-0.0393257	3778_at
7295_at	8.66e-01	6.58e-01	-0.4448528	-5.95992	-0.05832799	7295_at
27032_at	8.66e-01	6.58e-01	-0.4447554	-5.95996	-0.04003857	27032_at
745_at	8.66e-01	6.58e-01	0.4445729	-5.96004	0.03853428	745_at
1670_at	8.66e-01	6.58e-01	-0.4443802	-5.96012	-0.04408202	1670_at
10492_at	8.66e-01	6.58e-01	0.4442772	-5.96017	0.05355993	10492_at
56603_at	8.66e-01	6.58e-01	0.4442533	-5.96018	0.06796237	56603_at
80762_at	8.66e-01	6.58e-01	-0.4442201	-5.96019	-0.05763971	80762_at
10266_at	8.66e-01	6.58e-01	-0.4442194	-5.96019	-0.04912166	10266_at
10343_at	8.66e-01	6.58e-01	-0.4442174	-5.96019	-0.04674703	10343_at
416_at	8.66e-01	6.59e-01	-0.4439805	-5.96029	-0.14535325	416_at
80349_at	8.66e-01	6.59e-01	-0.443905	-5.96032	-0.04676243	80349_at
60485_at	8.66e-01	6.59e-01	-0.4435815	-5.96046	-0.07098285	60485_at
51366_at	8.66e-01	6.59e-01	-0.4435076	-5.96049	-0.03482672	51366_at
33_at	8.66e-01	6.59e-01	-0.442996	-5.96071	-0.08678122	33_at
9262_at	8.66e-01	6.60e-01	-0.4427823	-5.9608	-0.05078742	9262_at
26035_at	8.66e-01	6.60e-01	0.4426324	-5.96086	0.06230945	26035_at
54932_at	8.66e-01	6.60e-01	-0.4425293	-5.96091	-0.04772089	54932_at
2524_at	8.66e-01	6.60e-01	-0.4424669	-5.96093	-0.04106974	2524_at
596_at	8.67e-01	6.60e-01	0.4421471	-5.96107	0.03506905	596_at
9170_at	8.67e-01	6.60e-01	0.4417593	-5.96123	0.03736431	9170_at
3207_at	8.67e-01	6.60e-01	-0.4417315	-5.96125	-0.04664462	3207_at
5789_at	8.67e-01	6.60e-01	0.4417018	-5.96126	0.0953781	5789_at
3936_at	8.67e-01	6.60e-01	0.4414453	-5.96137	0.12775251	3936_at
3417_at	8.67e-01	6.61e-01	-0.4412519	-5.96145	-0.11094474	3417_at
10180_at	8.67e-01	6.61e-01	0.4410808	-5.96152	0.06621748	10180_at
79803_at	8.67e-01	6.61e-01	-0.4407311	-5.96167	-0.04358053	79803_at
28962_at	8.67e-01	6.61e-01	0.4407207	-5.96167	0.0875889	28962_at
51276_at	8.67e-01	6.61e-01	0.440553	-5.96174	0.04321013	51276_at
9587_at	8.67e-01	6.61e-01	0.4404972	-5.96177	0.03969177	9587_at
5730_at	8.67e-01	6.61e-01	-0.4404079	-5.96181	-0.20630086	5730_at
1953_at	8.67e-01	6.61e-01	-0.4403295	-5.96184	-0.04807061	1953_at
23275_at	8.67e-01	6.61e-01	0.4403204	-5.96184	0.03968804	23275_at
7251_at	8.67e-01	6.61e-01	0.4401485	-5.96192	0.03915199	7251_at
2914_at	8.67e-01	6.61e-01	0.4400689	-5.96195	0.05456555	2914_at
10602_at	8.67e-01	6.62e-01	-0.4400252	-5.96197	-0.08433869	10602_at
1352_at	8.67e-01	6.62e-01	-0.4400195	-5.96197	-0.03872331	1352_at
27286_at	8.67e-01	6.62e-01	0.4399042	-5.96202	0.06303394	27286_at
57835_at	8.67e-01	6.62e-01	0.4395235	-5.96218	0.03154278	57835_at
10098_at	8.67e-01	6.62e-01	0.4394824	-5.9622	0.05633273	10098_at
23318_at	8.67e-01	6.62e-01	-0.4393995	-5.96223	-0.02294102	23318_at
3576_at	8.67e-01	6.62e-01	0.4393774	-5.96224	0.13174575	3576_at
51117_at	8.67e-01	6.62e-01	0.4393314	-5.96226	0.06305575	51117_at
26154_at	8.67e-01	6.62e-01	0.4393041	-5.96227	0.0359006	26154_at
64100_at	8.67e-01	6.62e-01	-0.43917	-5.96233	-0.05852561	64100_at
114791_at	8.67e-01	6.62e-01	0.4391598	-5.96233	0.03451554	114791_at
2184_at	8.67e-01	6.62e-01	-0.4390952	-5.96236	-0.11633971	2184_at
253461_at	8.67e-01	6.62e-01	-0.4388632	-5.96246	-0.06928138	253461_at
92973_at	8.67e-01	6.62e-01	-0.4387358	-5.96251	-0.04418685	92973_at
64924_at	8.67e-01	6.63e-01	0.4385286	-5.9626	0.04964301	64924_at
80168_at	8.67e-01	6.63e-01	-0.4384864	-5.96262	-0.07258908	80168_at
55732_at	8.67e-01	6.63e-01	-0.438383	-5.96266	-0.03969744	55732_at
1347_at	8.68e-01	6.63e-01	-0.4377792	-5.96291	-0.05039735	1347_at
8531_at	8.68e-01	6.63e-01	0.4374251	-5.96306	0.11597589	8531_at
3683_at	8.68e-01	6.63e-01	0.4374146	-5.96307	0.04469889	3683_at
54762_at	8.68e-01	6.63e-01	0.4374064	-5.96307	0.10946233	54762_at
8727_at	8.68e-01	6.63e-01	0.4373055	-5.96311	0.07615147	8727_at
3861_at	8.68e-01	6.64e-01	-0.4368028	-5.96332	-0.06484373	3861_at
2180_at	8.68e-01	6.64e-01	-0.436728	-5.96335	-0.08918191	2180_at
639_at	8.68e-01	6.64e-01	-0.4367027	-5.96336	-0.06083814	639_at
55812_at	8.69e-01	6.65e-01	-0.4358786	-5.96371	-0.06300518	55812_at
90379_at	8.69e-01	6.65e-01	0.4358152	-5.96374	0.0335429	90379_at
8874_at	8.69e-01	6.65e-01	0.4357231	-5.96377	0.03686346	8874_at
23523_at	8.69e-01	6.65e-01	0.4355271	-5.96386	0.03599825	23523_at
55165_at	8.69e-01	6.65e-01	-0.4355252	-5.96386	-0.06052882	55165_at
79703_at	8.69e-01	6.65e-01	-0.4352991	-5.96395	-0.07604821	79703_at
6535_at	8.69e-01	6.65e-01	0.4352829	-5.96396	0.09787088	6535_at
8792_at	8.69e-01	6.65e-01	-0.4351332	-5.96402	-0.04538025	8792_at
51103_at	8.69e-01	6.65e-01	-0.4350091	-5.96407	-0.06587908	51103_at
1161_at	8.69e-01	6.65e-01	-0.4349266	-5.96411	-0.04490953	1161_at
81624_at	8.69e-01	6.66e-01	-0.4341698	-5.96442	-0.05208128	81624_at
55662_at	8.69e-01	6.66e-01	-0.4339994	-5.96449	-0.02638534	55662_at
1038_at	8.70e-01	6.66e-01	0.4337685	-5.96459	0.02944735	1038_at
114088_at	8.70e-01	6.66e-01	0.4334914	-5.9647	0.04563771	114088_at
509_at	8.70e-01	6.66e-01	-0.4334548	-5.96472	-0.02999632	509_at
54039_at	8.70e-01	6.66e-01	-0.4333865	-5.96475	-0.05627182	54039_at
2178_at	8.70e-01	6.66e-01	-0.4331383	-5.96485	-0.04204965	2178_at
3960_at	8.70e-01	6.67e-01	-0.4330155	-5.9649	-0.13307925	3960_at
27253_at	8.70e-01	6.67e-01	0.4326758	-5.96504	0.06848988	27253_at
30009_at	8.70e-01	6.67e-01	-0.4325517	-5.96509	-0.04936019	30009_at
53339_at	8.70e-01	6.67e-01	0.4321648	-5.96525	0.06380507	53339_at
7111_at	8.70e-01	6.67e-01	-0.4320499	-5.9653	-0.04270663	7111_at
11147_at	8.70e-01	6.67e-01	-0.4319789	-5.96533	-0.06343936	11147_at
23510_at	8.70e-01	6.67e-01	0.4318289	-5.96539	0.03462159	23510_at
10287_at	8.71e-01	6.68e-01	0.4313301	-5.9656	0.07761742	10287_at
51552_at	8.71e-01	6.68e-01	-0.430749	-5.96584	-0.03045482	51552_at
5968_at	8.71e-01	6.68e-01	0.430732	-5.96585	0.06254961	5968_at
3709_at	8.71e-01	6.68e-01	0.4306973	-5.96586	0.03828169	3709_at
23392_at	8.71e-01	6.68e-01	0.4305709	-5.96591	0.03605971	23392_at
6512_at	8.71e-01	6.69e-01	-0.4303191	-5.96602	-0.04176071	6512_at
163590_at	8.71e-01	6.69e-01	-0.430256	-5.96604	-0.04700267	163590_at
5862_at	8.71e-01	6.69e-01	0.430099	-5.96611	0.03642971	5862_at
1264_at	8.71e-01	6.69e-01	-0.4300897	-5.96611	-0.0682187	1264_at
6656_at	8.71e-01	6.69e-01	0.4299558	-5.96617	0.03429538	6656_at
8629_at	8.71e-01	6.69e-01	-0.4297204	-5.96626	-0.03346419	8629_at
5036_at	8.71e-01	6.69e-01	-0.4295818	-5.96632	-0.06719127	5036_at
80789_at	8.71e-01	6.69e-01	0.4295539	-5.96633	0.03359754	80789_at
406_at	8.71e-01	6.69e-01	-0.4293689	-5.96641	-0.10838119	406_at
5922_at	8.71e-01	6.69e-01	0.429181	-5.96649	0.03569411	5922_at
5136_at	8.71e-01	6.69e-01	0.429149	-5.9665	0.14575056	5136_at
55105_at	8.71e-01	6.69e-01	-0.4290005	-5.96656	-0.05541611	55105_at
9373_at	8.71e-01	6.70e-01	0.4289598	-5.96658	0.03535335	9373_at
55240_at	8.71e-01	6.70e-01	0.4289223	-5.96659	0.07410442	55240_at
7088_at	8.71e-01	6.70e-01	0.4287182	-5.96668	0.06916214	7088_at
4691_at	8.71e-01	6.70e-01	0.4286776	-5.96669	0.05495887	4691_at
2687_at	8.71e-01	6.70e-01	0.4285771	-5.96673	0.07865023	2687_at
10725_at	8.71e-01	6.70e-01	0.4284128	-5.9668	0.04602355	10725_at
1058_at	8.71e-01	6.70e-01	0.4282859	-5.96685	0.04427264	1058_at
100131825_at	8.71e-01	6.70e-01	-0.4281387	-5.96691	-0.05784668	100131825_at
80143_at	8.71e-01	6.70e-01	0.4281321	-5.96692	0.02968658	80143_at
8409_at	8.71e-01	6.70e-01	0.4279833	-5.96698	0.04573471	8409_at
7101_at	8.71e-01	6.70e-01	-0.4279627	-5.96699	-0.04866599	7101_at
56674_at	8.71e-01	6.70e-01	0.4276264	-5.96712	0.05007508	56674_at
9051_at	8.71e-01	6.71e-01	-0.4275458	-5.96716	-0.04935781	9051_at
11153_at	8.71e-01	6.71e-01	-0.4275359	-5.96716	-0.04718394	11153_at
102157402_at	8.72e-01	6.71e-01	0.427389	-5.96722	0.04880794	102157402_at
55421_at	8.72e-01	6.71e-01	-0.4269546	-5.9674	-0.03813412	55421_at
8507_at	8.72e-01	6.71e-01	0.4267764	-5.96747	0.03904048	8507_at
11108_at	8.72e-01	6.72e-01	0.4261442	-5.96773	0.03734402	11108_at
7099_at	8.72e-01	6.72e-01	0.4261003	-5.96775	0.05318194	7099_at
57103_at	8.72e-01	6.72e-01	-0.4259907	-5.96779	-0.09944691	57103_at
28639_at	8.72e-01	6.72e-01	0.4258739	-5.96784	0.16544446	28639_at
56945_at	8.72e-01	6.72e-01	-0.4257759	-5.96788	-0.03931174	56945_at
10744_at	8.73e-01	6.72e-01	0.4251736	-5.96813	0.02594884	10744_at
5739_at	8.73e-01	6.72e-01	-0.4251514	-5.96814	-0.04037809	5739_at
64405_at	8.73e-01	6.72e-01	-0.4251044	-5.96816	-0.04054019	64405_at
55319_at	8.73e-01	6.72e-01	-0.4251003	-5.96816	-0.04946398	55319_at
11234_at	8.73e-01	6.72e-01	0.4249821	-5.96821	0.04148659	11234_at
4700_at	8.73e-01	6.72e-01	0.4249329	-5.96823	0.04095012	4700_at
7975_at	8.73e-01	6.72e-01	-0.424917	-5.96823	-0.04987589	7975_at
1144_at	8.73e-01	6.73e-01	-0.4247553	-5.9683	-0.04676453	1144_at
53346_at	8.73e-01	6.73e-01	0.4246487	-5.96834	0.07653012	53346_at
57148_at	8.73e-01	6.73e-01	-0.4239114	-5.96864	-0.03029872	57148_at
57472_at	8.73e-01	6.73e-01	0.4236409	-5.96875	0.06023135	57472_at
3161_at	8.73e-01	6.73e-01	0.4234958	-5.96881	0.06067115	3161_at
64430_at	8.73e-01	6.74e-01	-0.4233341	-5.96888	-0.05687023	64430_at
23395_at	8.74e-01	6.74e-01	0.4228847	-5.96906	0.06576821	23395_at
1457_at	8.74e-01	6.74e-01	0.4228158	-5.96909	0.03819449	1457_at
347853_at	8.74e-01	6.74e-01	-0.4227928	-5.9691	-0.03316267	347853_at
4001_at	8.74e-01	6.74e-01	0.4227636	-5.96911	0.06085854	4001_at
10857_at	8.74e-01	6.74e-01	-0.4227296	-5.96912	-0.06330513	10857_at
330_at	8.74e-01	6.74e-01	0.4223554	-5.96927	0.15833629	330_at
79033_at	8.74e-01	6.74e-01	-0.4221019	-5.96938	-0.07445011	79033_at
22927_at	8.74e-01	6.74e-01	0.4220956	-5.96938	0.05029224	22927_at
4952_at	8.74e-01	6.75e-01	-0.4219991	-5.96942	-0.03281898	4952_at
51102_at	8.74e-01	6.75e-01	-0.4219515	-5.96944	-0.05924796	51102_at
29121_at	8.74e-01	6.75e-01	0.4218425	-5.96948	0.0304506	29121_at
55056_at	8.74e-01	6.75e-01	-0.4217724	-5.96951	-0.0220363	55056_at
79770_at	8.74e-01	6.75e-01	0.4216663	-5.96955	0.05093278	79770_at
10495_at	8.74e-01	6.75e-01	0.4215051	-5.96962	0.02701647	10495_at
9973_at	8.74e-01	6.75e-01	-0.4214724	-5.96963	-0.05481781	9973_at
55193_at	8.74e-01	6.75e-01	0.4213121	-5.96969	0.03618396	55193_at
55539_at	8.74e-01	6.75e-01	-0.4212772	-5.96971	-0.05459725	55539_at
56681_at	8.74e-01	6.75e-01	-0.4211814	-5.96975	-0.05265868	56681_at
55324_at	8.74e-01	6.75e-01	-0.4211503	-5.96976	-0.03850676	55324_at
1742_at	8.74e-01	6.75e-01	-0.4208118	-5.9699	-0.04457857	1742_at
63899_at	8.74e-01	6.75e-01	0.4207917	-5.9699	0.04999019	63899_at
6780_at	8.74e-01	6.75e-01	-0.4207285	-5.96993	-0.10110886	6780_at
79680_at	8.74e-01	6.76e-01	0.4204905	-5.97003	0.03643256	79680_at
5092_at	8.74e-01	6.76e-01	0.4202397	-5.97013	0.09282658	5092_at
79906_at	8.74e-01	6.76e-01	-0.420159	-5.97016	-0.05129776	79906_at
1463_at	8.74e-01	6.76e-01	-0.4201113	-5.97018	-0.04878707	1463_at
57720_at	8.74e-01	6.76e-01	0.4199936	-5.97023	0.02968773	57720_at
170679_at	8.74e-01	6.76e-01	-0.4198912	-5.97027	-0.03677159	170679_at
6492_at	8.74e-01	6.76e-01	-0.4197435	-5.97033	-0.06457356	6492_at
26150_at	8.74e-01	6.76e-01	-0.4195515	-5.9704	-0.03694925	26150_at
9612_at	8.74e-01	6.76e-01	-0.4194782	-5.97043	-0.02998956	9612_at
23328_at	8.74e-01	6.77e-01	0.4192584	-5.97052	0.06317731	23328_at
1362_at	8.74e-01	6.77e-01	0.4189608	-5.97064	0.07748659	1362_at
215_at	8.74e-01	6.77e-01	-0.4189367	-5.97065	-0.05838971	215_at
56929_at	8.74e-01	6.77e-01	-0.4189297	-5.97065	-0.0562998	56929_at
10959_at	8.74e-01	6.77e-01	0.4188166	-5.9707	0.05625408	10959_at
6819_at	8.74e-01	6.77e-01	0.4187662	-5.97072	0.07898339	6819_at
79908_at	8.74e-01	6.77e-01	-0.4186482	-5.97077	-0.05297078	79908_at
594_at	8.74e-01	6.77e-01	-0.4184557	-5.97084	-0.06573138	594_at
2301_at	8.74e-01	6.77e-01	-0.4182434	-5.97093	-0.03679848	2301_at
79822_at	8.74e-01	6.77e-01	-0.4181712	-5.97096	-0.04453438	79822_at
10622_at	8.74e-01	6.77e-01	-0.4181316	-5.97097	-0.03347517	10622_at
2018_at	8.75e-01	6.78e-01	0.4176343	-5.97117	0.06309544	2018_at
80111_at	8.75e-01	6.78e-01	-0.4176087	-5.97118	-0.04446354	80111_at
51109_at	8.75e-01	6.78e-01	0.4168261	-5.9715	0.05492473	51109_at
631_at	8.75e-01	6.78e-01	0.4166896	-5.97155	0.03139388	631_at
1979_at	8.76e-01	6.79e-01	-0.4161633	-5.97176	-0.05265054	1979_at
6369_at	8.76e-01	6.79e-01	-0.4161293	-5.97178	-0.04030283	6369_at
3652_at	8.76e-01	6.79e-01	0.4160135	-5.97182	0.05041685	3652_at
8647_at	8.76e-01	6.79e-01	-0.4157796	-5.97192	-0.02537573	8647_at
4924_at	8.76e-01	6.79e-01	0.41577	-5.97192	0.06705203	4924_at
102724528_at	8.76e-01	6.79e-01	-0.415534	-5.97201	-0.03221116	102724528_at
7092_at	8.76e-01	6.79e-01	-0.4154623	-5.97204	-0.02454027	7092_at
10291_at	8.76e-01	6.79e-01	-0.4153821	-5.97207	-0.02469845	10291_at
2315_at	8.76e-01	6.80e-01	-0.4149807	-5.97223	-0.03845077	2315_at
4062_at	8.76e-01	6.80e-01	-0.4149585	-5.97224	-0.03167488	4062_at
25801_at	8.76e-01	6.80e-01	0.4147823	-5.97231	0.07805509	25801_at
51550_at	8.76e-01	6.80e-01	0.4146773	-5.97235	0.06413627	51550_at
1908_at	8.76e-01	6.80e-01	-0.4144796	-5.97243	-0.03127424	1908_at
30817_at	8.76e-01	6.80e-01	0.4143085	-5.9725	0.04609301	30817_at
1047_at	8.76e-01	6.80e-01	-0.4142364	-5.97253	-0.0396864	1047_at
8600_at	8.76e-01	6.80e-01	-0.4140523	-5.9726	-0.02484782	8600_at
10972_at	8.76e-01	6.80e-01	0.4139669	-5.97264	0.05045524	10972_at
1356_at	8.76e-01	6.81e-01	-0.4137649	-5.97272	-0.03749562	1356_at
9638_at	8.77e-01	6.81e-01	0.4131956	-5.97294	0.03967027	9638_at
25880_at	8.77e-01	6.81e-01	0.4129091	-5.97306	0.04637769	25880_at
54879_at	8.77e-01	6.81e-01	-0.4128026	-5.9731	-0.03839921	54879_at
51700_at	8.77e-01	6.81e-01	0.412702	-5.97314	0.04177662	51700_at
55374_at	8.77e-01	6.81e-01	-0.4126062	-5.97318	-0.04318316	55374_at
10249_at	8.77e-01	6.81e-01	-0.4125969	-5.97318	-0.1448828	10249_at
646282_at	8.77e-01	6.82e-01	0.4120864	-5.97338	0.0554444	646282_at
2814_at	8.77e-01	6.82e-01	-0.4120783	-5.97338	-0.02791283	2814_at
51275_at	8.77e-01	6.82e-01	0.4119879	-5.97342	0.0240793	51275_at
80776_at	8.77e-01	6.82e-01	0.4118212	-5.97349	0.05246912	80776_at
22_at	8.77e-01	6.82e-01	0.4116595	-5.97355	0.05535293	22_at
6714_at	8.77e-01	6.82e-01	-0.4115247	-5.9736	-0.02858909	6714_at
9640_at	8.77e-01	6.82e-01	0.4113588	-5.97367	0.07119506	9640_at
931_at	8.78e-01	6.82e-01	0.4112379	-5.97372	0.11055035	931_at
1443_at	8.78e-01	6.83e-01	-0.4108244	-5.97388	-0.06115922	1443_at
10295_at	8.78e-01	6.83e-01	0.4108093	-5.97389	0.04807241	10295_at
6683_at	8.78e-01	6.83e-01	0.4107425	-5.97391	0.04313225	6683_at
26275_at	8.78e-01	6.83e-01	-0.4107386	-5.97391	-0.13305466	26275_at
9043_at	8.78e-01	6.83e-01	0.4107321	-5.97392	0.04914482	9043_at
80167_at	8.78e-01	6.83e-01	-0.410601	-5.97397	-0.03021603	80167_at
6442_at	8.78e-01	6.83e-01	-0.4104703	-5.97402	-0.04418086	6442_at
79935_at	8.78e-01	6.83e-01	-0.4103245	-5.97408	-0.06076996	79935_at
10224_at	8.78e-01	6.83e-01	0.4102419	-5.97411	0.03420364	10224_at
27102_at	8.78e-01	6.83e-01	0.4098195	-5.97427	0.03514795	27102_at
4857_at	8.78e-01	6.83e-01	0.409797	-5.97428	0.02817965	4857_at
4324_at	8.78e-01	6.83e-01	0.4097696	-5.97429	0.05046363	4324_at
1993_at	8.78e-01	6.84e-01	0.40966	-5.97434	0.04000389	1993_at
56947_at	8.78e-01	6.84e-01	0.4094681	-5.97441	0.0556529	56947_at
2581_at	8.78e-01	6.84e-01	-0.4091392	-5.97454	-0.05174494	2581_at
22929_at	8.78e-01	6.84e-01	0.4091171	-5.97455	0.04754507	22929_at
79872_at	8.78e-01	6.84e-01	-0.4088511	-5.97466	-0.02861996	79872_at
2016_at	8.78e-01	6.84e-01	-0.4087694	-5.97469	-0.0615541	2016_at
26531_at	8.78e-01	6.84e-01	0.4087201	-5.97471	0.03748336	26531_at
55048_at	8.78e-01	6.84e-01	0.4086406	-5.97474	0.03959838	55048_at
81035_at	8.79e-01	6.85e-01	-0.4078011	-5.97507	-0.07105989	81035_at
64393_at	8.79e-01	6.85e-01	-0.4072063	-5.9753	-0.0509592	64393_at
2767_at	8.80e-01	6.86e-01	-0.4066124	-5.97553	-0.04166376	2767_at
51635_at	8.80e-01	6.86e-01	-0.4063663	-5.97563	-0.06202449	51635_at
2272_at	8.80e-01	6.86e-01	-0.4061964	-5.97569	-0.08408476	2272_at
4152_at	8.80e-01	6.86e-01	0.4056885	-5.97589	0.02351222	4152_at
6351_at	8.80e-01	6.86e-01	0.4056797	-5.97589	0.09959747	6351_at
55186_at	8.80e-01	6.87e-01	0.4055768	-5.97593	0.06944511	55186_at
7407_at	8.80e-01	6.87e-01	-0.4053542	-5.97602	-0.0403959	7407_at
55739_at	8.80e-01	6.87e-01	0.4052645	-5.97606	0.04806825	55739_at
6697_at	8.80e-01	6.87e-01	-0.405237	-5.97607	-0.04148288	6697_at
5657_at	8.80e-01	6.87e-01	0.4051449	-5.9761	0.03581113	5657_at
100132341_at	8.80e-01	6.87e-01	-0.4050436	-5.97614	-0.06528462	100132341_at
2110_at	8.80e-01	6.87e-01	0.4047934	-5.97624	0.08116919	2110_at
55585_at	8.80e-01	6.87e-01	-0.4046419	-5.9763	-0.04194722	55585_at
6324_at	8.80e-01	6.87e-01	-0.4045012	-5.97635	-0.05129743	6324_at
51127_at	8.80e-01	6.87e-01	-0.4044899	-5.97636	-0.04385329	51127_at
9045_at	8.80e-01	6.87e-01	0.4042642	-5.97644	0.05081332	9045_at
54103_at	8.80e-01	6.88e-01	0.4041426	-5.97649	0.08076015	54103_at
57710_at	8.80e-01	6.88e-01	-0.4041225	-5.9765	-0.05497778	57710_at
56992_at	8.81e-01	6.88e-01	0.4038864	-5.97659	0.04245724	56992_at
5232_at	8.81e-01	6.88e-01	-0.4037501	-5.97664	-0.03155747	5232_at
9728_at	8.81e-01	6.88e-01	0.4036746	-5.97667	0.05275301	9728_at
9815_at	8.81e-01	6.88e-01	-0.4033338	-5.9768	-0.03296566	9815_at
55672_at	8.81e-01	6.88e-01	-0.4030833	-5.9769	-0.06720458	55672_at
9658_at	8.81e-01	6.88e-01	-0.40303	-5.97692	-0.04559207	9658_at
6272_at	8.81e-01	6.88e-01	-0.4030267	-5.97692	-0.04011681	6272_at
11183_at	8.81e-01	6.88e-01	0.4030069	-5.97693	0.03429433	11183_at
28964_at	8.81e-01	6.88e-01	-0.4029896	-5.97694	-0.04522057	28964_at
117_at	8.81e-01	6.88e-01	-0.4029073	-5.97697	-0.04950996	117_at
554_at	8.81e-01	6.89e-01	-0.4027561	-5.97703	-0.04247855	554_at
57447_at	8.81e-01	6.89e-01	-0.4026762	-5.97706	-0.06040216	57447_at
10136_at	8.81e-01	6.89e-01	-0.4026097	-5.97708	-0.05156002	10136_at
1418_at	8.81e-01	6.89e-01	0.402511	-5.97712	0.03881789	1418_at
3780_at	8.81e-01	6.89e-01	-0.4022358	-5.97723	-0.04412958	3780_at
2792_at	8.81e-01	6.89e-01	0.4020412	-5.9773	0.03499615	2792_at
9317_at	8.81e-01	6.89e-01	0.4019171	-5.97735	0.15920422	9317_at
722_at	8.81e-01	6.89e-01	-0.4017796	-5.9774	-0.06604529	722_at
10773_at	8.81e-01	6.89e-01	-0.4014998	-5.97751	-0.03201943	10773_at
55133_at	8.81e-01	6.90e-01	0.4014701	-5.97752	0.04106279	55133_at
292_at	8.81e-01	6.90e-01	-0.4014622	-5.97753	-0.04330116	292_at
55823_at	8.81e-01	6.90e-01	0.401451	-5.97753	0.03487338	55823_at
2619_at	8.81e-01	6.90e-01	0.4013479	-5.97757	0.06097627	2619_at
8225_at	8.81e-01	6.90e-01	-0.4013148	-5.97758	-0.05388053	8225_at
22992_at	8.81e-01	6.90e-01	-0.4011864	-5.97763	-0.02621215	22992_at
10026_at	8.81e-01	6.90e-01	0.4011686	-5.97764	0.06764577	10026_at
6604_at	8.81e-01	6.90e-01	0.4007448	-5.9778	0.09596693	6604_at
7294_at	8.81e-01	6.90e-01	0.4005536	-5.97788	0.03835861	7294_at
10279_at	8.82e-01	6.91e-01	-0.399701	-5.9782	-0.05702979	10279_at
7337_at	8.82e-01	6.91e-01	-0.3995819	-5.97825	-0.02956534	7337_at
8976_at	8.82e-01	6.91e-01	-0.3994914	-5.97828	-0.02668038	8976_at
6047_at	8.82e-01	6.91e-01	-0.3994556	-5.9783	-0.04458696	6047_at
56915_at	8.82e-01	6.91e-01	-0.3993166	-5.97835	-0.04161244	56915_at
51108_at	8.82e-01	6.91e-01	-0.3992317	-5.97838	-0.0503432	51108_at
27343_at	8.82e-01	6.91e-01	0.3992004	-5.9784	0.04377521	27343_at
2254_at	8.82e-01	6.91e-01	-0.3991034	-5.97843	-0.12134681	2254_at
4808_at	8.82e-01	6.92e-01	-0.3984349	-5.97869	-0.02330087	4808_at
58155_at	8.82e-01	6.92e-01	-0.3983379	-5.97873	-0.07034168	58155_at
4651_at	8.82e-01	6.92e-01	0.3982768	-5.97875	0.05548229	4651_at
28956_at	8.83e-01	6.92e-01	0.3978973	-5.97889	0.04517106	28956_at
199731_at	8.83e-01	6.92e-01	-0.3976614	-5.97898	-0.0472031	199731_at
8290_at	8.83e-01	6.93e-01	-0.3971155	-5.97919	-0.02689125	8290_at
6520_at	8.83e-01	6.93e-01	-0.3969731	-5.97925	-0.10221938	6520_at
81578_at	8.83e-01	6.93e-01	0.396434	-5.97945	0.05221319	81578_at
9910_at	8.83e-01	6.93e-01	0.3961459	-5.97956	0.04036674	9910_at
51433_at	8.83e-01	6.93e-01	-0.3961278	-5.97957	-0.03510059	51433_at
23155_at	8.83e-01	6.94e-01	0.3960076	-5.97961	0.03817984	23155_at
55291_at	8.83e-01	6.94e-01	0.3959448	-5.97964	0.03968572	55291_at
10197_at	8.83e-01	6.94e-01	-0.3959186	-5.97965	-0.04417869	10197_at
7503_at	8.83e-01	6.94e-01	0.3959068	-5.97965	0.25693745	7503_at
6601_at	8.83e-01	6.94e-01	-0.3958101	-5.97969	-0.03169706	6601_at
9354_at	8.83e-01	6.94e-01	-0.3957749	-5.9797	-0.05420559	9354_at
9684_at	8.83e-01	6.94e-01	-0.3956471	-5.97975	-0.02414197	9684_at
28452_at	8.83e-01	6.94e-01	0.3956175	-5.97976	0.05716279	28452_at
28646_at	8.84e-01	6.94e-01	-0.3949542	-5.98001	-0.04175668	28646_at
2954_at	8.85e-01	6.95e-01	0.3941127	-5.98033	0.05915067	2954_at
6693_at	8.85e-01	6.95e-01	-0.3937373	-5.98047	-0.03388012	6693_at
55705_at	8.85e-01	6.95e-01	0.3937323	-5.98047	0.02428015	55705_at
79652_at	8.85e-01	6.95e-01	-0.3934134	-5.9806	-0.06932292	79652_at
1497_at	8.85e-01	6.95e-01	0.3933321	-5.98063	0.04933206	1497_at
3565_at	8.85e-01	6.95e-01	-0.3933148	-5.98063	-0.02257205	3565_at
4793_at	8.85e-01	6.96e-01	-0.3928701	-5.9808	-0.03694709	4793_at
10102_at	8.85e-01	6.96e-01	-0.3928015	-5.98083	-0.04830476	10102_at
57538_at	8.85e-01	6.96e-01	-0.3926605	-5.98088	-0.05352835	57538_at
10428_at	8.85e-01	6.96e-01	0.3924424	-5.98096	0.09745229	10428_at
1653_at	8.85e-01	6.96e-01	0.3923941	-5.98098	0.04326728	1653_at
5066_at	8.85e-01	6.96e-01	0.3923933	-5.98098	0.04714567	5066_at
9672_at	8.85e-01	6.96e-01	0.3921145	-5.98108	0.04804837	9672_at
4975_at	8.85e-01	6.97e-01	-0.3918752	-5.98117	-0.03623305	4975_at
22985_at	8.86e-01	6.97e-01	0.3915313	-5.9813	0.04309146	22985_at
27039_at	8.86e-01	6.97e-01	-0.3913777	-5.98136	-0.02560648	27039_at
11059_at	8.86e-01	6.97e-01	0.3912694	-5.9814	0.06703913	11059_at
271_at	8.86e-01	6.97e-01	0.3905963	-5.98165	0.0452785	271_at
54913_at	8.86e-01	6.98e-01	0.3905691	-5.98166	0.04400294	54913_at
23244_at	8.86e-01	6.98e-01	0.3903521	-5.98175	0.02967513	23244_at
663_at	8.86e-01	6.98e-01	0.3902028	-5.9818	0.05216248	663_at
5230_at	8.86e-01	6.98e-01	0.3901764	-5.98181	0.03495212	5230_at
10819_at	8.86e-01	6.98e-01	0.3901207	-5.98183	0.0979429	10819_at
2161_at	8.86e-01	6.98e-01	0.3897166	-5.98198	0.08245548	2161_at
78991_at	8.86e-01	6.98e-01	0.3896461	-5.98201	0.05342137	78991_at
26115_at	8.86e-01	6.98e-01	-0.3895774	-5.98204	-0.04227871	26115_at
7095_at	8.87e-01	6.98e-01	-0.3892632	-5.98215	-0.04678571	7095_at
64850_at	8.87e-01	6.99e-01	-0.3890326	-5.98224	-0.21255751	64850_at
51495_at	8.87e-01	6.99e-01	-0.3887967	-5.98233	-0.06551543	51495_at
140885_at	8.87e-01	6.99e-01	0.3885607	-5.98242	0.05470497	140885_at
5095_at	8.87e-01	6.99e-01	-0.3883572	-5.98249	-0.06721749	5095_at
6448_at	8.87e-01	6.99e-01	0.388067	-5.9826	0.04582638	6448_at
1589_at	8.87e-01	6.99e-01	-0.388002	-5.98262	-0.07627025	1589_at
64600_at	8.87e-01	7.00e-01	-0.3878503	-5.98268	-0.02994023	64600_at
10234_at	8.87e-01	7.00e-01	-0.3878015	-5.9827	-0.05040994	10234_at
26273_at	8.87e-01	7.00e-01	-0.3877793	-5.98271	-0.0692857	26273_at
9227_at	8.87e-01	7.00e-01	-0.3877407	-5.98272	-0.02513202	9227_at
60686_at	8.87e-01	7.00e-01	-0.3876946	-5.98274	-0.03307419	60686_at
501_at	8.87e-01	7.00e-01	-0.3876525	-5.98275	-0.07815037	501_at
207_at	8.87e-01	7.00e-01	-0.3875915	-5.98278	-0.04413507	207_at
55665_at	8.87e-01	7.00e-01	0.3875523	-5.98279	0.03980746	55665_at
65009_at	8.87e-01	7.00e-01	-0.3874516	-5.98283	-0.04251641	65009_at
4072_at	8.87e-01	7.00e-01	-0.3872912	-5.98289	-0.07475897	4072_at
4597_at	8.87e-01	7.00e-01	-0.3872165	-5.98292	-0.04644873	4597_at
51286_at	8.87e-01	7.00e-01	-0.3869802	-5.983	-0.04785838	51286_at
4921_at	8.87e-01	7.00e-01	0.3869681	-5.98301	0.04289311	4921_at
1613_at	8.87e-01	7.00e-01	-0.3868212	-5.98306	-0.03331116	1613_at
5469_at	8.87e-01	7.00e-01	0.386678	-5.98312	0.03134904	5469_at
3800_at	8.87e-01	7.00e-01	-0.3866033	-5.98314	-0.04500818	3800_at
9211_at	8.87e-01	7.00e-01	-0.3866006	-5.98314	-0.02702733	9211_at
55663_at	8.87e-01	7.00e-01	-0.3865891	-5.98315	-0.03999263	55663_at
100506358_at	8.87e-01	7.00e-01	-0.3865125	-5.98318	-0.02732699	100506358_at
9882_at	8.87e-01	7.01e-01	0.3864283	-5.98321	0.07787216	9882_at
7068_at	8.87e-01	7.01e-01	-0.3863041	-5.98325	-0.04726816	7068_at
56981_at	8.87e-01	7.01e-01	-0.3861821	-5.9833	-0.05662745	56981_at
29959_at	8.87e-01	7.01e-01	0.3859144	-5.9834	0.03691864	29959_at
22943_at	8.87e-01	7.01e-01	-0.3859101	-5.9834	-0.04303102	22943_at
2006_at	8.87e-01	7.01e-01	-0.3852636	-5.98364	-0.04110926	2006_at
51297_at	8.87e-01	7.02e-01	-0.3851246	-5.98369	-0.05357703	51297_at
2166_at	8.87e-01	7.02e-01	-0.3849323	-5.98376	-0.07156328	2166_at
5255_at	8.87e-01	7.02e-01	0.3846498	-5.98387	0.04431898	5255_at
6285_at	8.87e-01	7.02e-01	-0.3846435	-5.98387	-0.04010696	6285_at
9848_at	8.87e-01	7.02e-01	-0.3846404	-5.98387	-0.04770836	9848_at
3310_at	8.87e-01	7.02e-01	-0.3845896	-5.98389	-0.09269676	3310_at
2644_at	8.87e-01	7.02e-01	-0.384582	-5.98389	-0.08783549	2644_at
3561_at	8.87e-01	7.02e-01	-0.3845559	-5.9839	-0.07734439	3561_at
3658_at	8.87e-01	7.02e-01	0.3844194	-5.98395	0.03572308	3658_at
11182_at	8.88e-01	7.02e-01	0.3838993	-5.98414	0.03604691	11182_at
9759_at	8.88e-01	7.02e-01	-0.383821	-5.98417	-0.03462602	9759_at
1490_at	8.88e-01	7.03e-01	-0.383762	-5.98419	-0.17476536	1490_at
26031_at	8.88e-01	7.03e-01	0.3837287	-5.98421	0.0451123	26031_at
54953_at	8.88e-01	7.03e-01	0.3834436	-5.98431	0.03652469	54953_at
27068_at	8.88e-01	7.03e-01	0.3833856	-5.98433	0.043953	27068_at
57823_at	8.88e-01	7.03e-01	0.3831125	-5.98443	0.05950438	57823_at
6662_at	8.88e-01	7.03e-01	0.3830178	-5.98447	0.17573265	6662_at
55702_at	8.88e-01	7.03e-01	0.3829145	-5.98451	0.0391223	55702_at
65082_at	8.88e-01	7.03e-01	0.3828997	-5.98451	0.04247355	65082_at
51144_at	8.88e-01	7.03e-01	0.3828625	-5.98452	0.04837645	51144_at
1329_at	8.88e-01	7.03e-01	-0.3828272	-5.98454	-0.04183565	1329_at
2891_at	8.88e-01	7.03e-01	0.3825444	-5.98464	0.02814983	2891_at
10423_at	8.88e-01	7.04e-01	0.3824187	-5.98469	0.04997681	10423_at
192683_at	8.88e-01	7.04e-01	-0.3822358	-5.98475	-0.04966479	192683_at
10242_at	8.88e-01	7.04e-01	-0.3821556	-5.98478	-0.05327625	10242_at
219899_at	8.88e-01	7.04e-01	-0.3820511	-5.98482	-0.03871246	219899_at
2098_at	8.88e-01	7.04e-01	0.3818508	-5.9849	0.03357481	2098_at
8710_at	8.88e-01	7.04e-01	-0.381834	-5.9849	-0.05984539	8710_at
55093_at	8.88e-01	7.04e-01	-0.3815493	-5.98501	-0.0543357	55093_at
10591_at	8.88e-01	7.04e-01	-0.3813577	-5.98508	-0.06823438	10591_at
9802_at	8.88e-01	7.04e-01	-0.3813326	-5.98509	-0.02665208	9802_at
6445_at	8.88e-01	7.04e-01	0.3812105	-5.98513	0.04165071	6445_at
5887_at	8.88e-01	7.04e-01	0.3812008	-5.98513	0.04033775	5887_at
4814_at	8.88e-01	7.04e-01	0.3811951	-5.98514	0.05964329	4814_at
26539_at	8.88e-01	7.04e-01	-0.3811602	-5.98515	-0.05573096	26539_at
10061_at	8.88e-01	7.05e-01	-0.3809857	-5.98521	-0.02259357	10061_at
10195_at	8.88e-01	7.05e-01	-0.3808236	-5.98527	-0.04709567	10195_at
2972_at	8.88e-01	7.05e-01	-0.3806881	-5.98532	-0.03001338	2972_at
7425_at	8.88e-01	7.05e-01	-0.3806839	-5.98532	-0.045473	7425_at
7936_at	8.88e-01	7.05e-01	-0.3806392	-5.98534	-0.03903995	7936_at
5528_at	8.88e-01	7.05e-01	-0.3804977	-5.98539	-0.02551522	5528_at
7789_at	8.88e-01	7.05e-01	-0.3804188	-5.98542	-0.03039081	7789_at
5955_at	8.88e-01	7.05e-01	0.3803509	-5.98544	0.05310977	5955_at
1655_at	8.88e-01	7.05e-01	-0.3803274	-5.98545	-0.0528974	1655_at
7915_at	8.88e-01	7.05e-01	-0.3802643	-5.98548	-0.06831623	7915_at
7594_at	8.88e-01	7.05e-01	0.3801887	-5.9855	0.04126516	7594_at
8578_at	8.88e-01	7.05e-01	-0.3799351	-5.9856	-0.025689	8578_at
9972_at	8.88e-01	7.05e-01	-0.3798555	-5.98562	-0.0604268	9972_at
10940_at	8.88e-01	7.06e-01	-0.3794633	-5.98577	-0.03963402	10940_at
8566_at	8.88e-01	7.06e-01	-0.3794243	-5.98578	-0.04185339	8566_at
868_at	8.88e-01	7.06e-01	-0.3793016	-5.98583	-0.05384693	868_at
56957_at	8.88e-01	7.06e-01	-0.3791782	-5.98587	-0.02536062	56957_at
728361_at	8.88e-01	7.06e-01	-0.3791485	-5.98588	-0.04332471	728361_at
374_at	8.88e-01	7.06e-01	-0.3789558	-5.98595	-0.04141055	374_at
9159_at	8.88e-01	7.06e-01	-0.3789476	-5.98595	-0.03375184	9159_at
64417_at	8.89e-01	7.06e-01	0.3783801	-5.98616	0.0579384	64417_at
59338_at	8.89e-01	7.07e-01	0.3783422	-5.98617	0.10548834	59338_at
60684_at	8.89e-01	7.07e-01	0.3782657	-5.9862	0.03583117	60684_at
59351_at	8.89e-01	7.07e-01	-0.378258	-5.98621	-0.02872289	59351_at
4103_at	8.89e-01	7.07e-01	-0.3781562	-5.98624	-0.02538536	4103_at
3902_at	8.89e-01	7.07e-01	0.3779346	-5.98632	0.04897746	3902_at
66002_at	8.89e-01	7.07e-01	-0.3778964	-5.98634	-0.08345717	66002_at
23232_at	8.89e-01	7.07e-01	-0.3777294	-5.9864	-0.03879925	23232_at
9423_at	8.89e-01	7.07e-01	-0.377617	-5.98644	-0.03869988	9423_at
55312_at	8.89e-01	7.07e-01	0.3776103	-5.98644	0.03883669	55312_at
1350_at	8.89e-01	7.07e-01	-0.3774926	-5.98648	-0.04062227	1350_at
7791_at	8.89e-01	7.07e-01	-0.3772877	-5.98656	-0.03840845	7791_at
84288_at	8.89e-01	7.08e-01	0.3769534	-5.98668	0.05179205	84288_at
55361_at	8.89e-01	7.08e-01	0.376951	-5.98668	0.02845355	55361_at
64854_at	8.89e-01	7.08e-01	-0.3768805	-5.9867	-0.03818124	64854_at
9942_at	8.89e-01	7.08e-01	-0.376754	-5.98675	-0.03413159	9942_at
51078_at	8.89e-01	7.08e-01	-0.3767538	-5.98675	-0.04891024	51078_at
2186_at	8.89e-01	7.08e-01	0.3765416	-5.98683	0.04279693	2186_at
5087_at	8.89e-01	7.08e-01	0.3765099	-5.98684	0.04892693	5087_at
10497_at	8.89e-01	7.08e-01	-0.3762854	-5.98692	-0.04159346	10497_at
9887_at	8.89e-01	7.08e-01	-0.3762201	-5.98694	-0.03072082	9887_at
7703_at	8.89e-01	7.08e-01	-0.3759347	-5.98705	-0.04004611	7703_at
3383_at	8.89e-01	7.08e-01	0.3759265	-5.98705	0.0658312	3383_at
23446_at	8.89e-01	7.08e-01	-0.3759254	-5.98705	-0.02580425	23446_at
10539_at	8.89e-01	7.08e-01	0.375797	-5.9871	0.04328662	10539_at
728882_at	8.89e-01	7.08e-01	-0.3756741	-5.98714	-0.0739452	728882_at
91137_at	8.89e-01	7.09e-01	-0.3754483	-5.98722	-0.06348072	91137_at
1666_at	8.89e-01	7.09e-01	0.3753808	-5.98725	0.04717067	1666_at
8131_at	8.89e-01	7.09e-01	-0.3753078	-5.98727	-0.03069636	8131_at
79671_at	8.89e-01	7.09e-01	0.375284	-5.98728	0.03089702	79671_at
80739_at	8.89e-01	7.09e-01	-0.3752144	-5.98731	-0.03419711	80739_at
28465_at	8.89e-01	7.09e-01	0.3752011	-5.98731	0.08886227	28465_at
989_at	8.89e-01	7.09e-01	-0.3748501	-5.98744	-0.04048848	989_at
9853_at	8.89e-01	7.10e-01	-0.3743157	-5.98763	-0.03912477	9853_at
8778_at	8.89e-01	7.10e-01	-0.374248	-5.98765	-0.04808699	8778_at
23380_at	8.90e-01	7.10e-01	-0.3739545	-5.98776	-0.05030431	23380_at
8863_at	8.90e-01	7.10e-01	0.3738269	-5.9878	0.06137039	8863_at
25830_at	8.90e-01	7.10e-01	-0.3737004	-5.98785	-0.03708982	25830_at
80237_at	8.90e-01	7.10e-01	-0.3736477	-5.98787	-0.0295025	80237_at
54873_at	8.90e-01	7.10e-01	-0.3735731	-5.9879	-0.04794167	54873_at
10908_at	8.90e-01	7.10e-01	-0.3734773	-5.98793	-0.04361357	10908_at
64795_at	8.90e-01	7.10e-01	-0.373253	-5.98801	-0.03170733	64795_at
7336_at	8.90e-01	7.10e-01	0.3731046	-5.98806	0.04625352	7336_at
29923_at	8.90e-01	7.11e-01	0.372959	-5.98812	0.04437584	29923_at
80117_at	8.90e-01	7.11e-01	0.3729206	-5.98813	0.02853992	80117_at
171017_at	8.90e-01	7.11e-01	-0.3729108	-5.98813	-0.03471992	171017_at
4598_at	8.90e-01	7.11e-01	-0.3728336	-5.98816	-0.03080409	4598_at
86_at	8.90e-01	7.11e-01	0.3724221	-5.98831	0.06499589	86_at
54462_at	8.90e-01	7.11e-01	-0.3723194	-5.98834	-0.02499644	54462_at
98_at	8.90e-01	7.11e-01	0.3721583	-5.9884	0.04896966	98_at
5994_at	8.90e-01	7.11e-01	-0.372016	-5.98845	-0.02992693	5994_at
23761_at	8.90e-01	7.11e-01	-0.3718647	-5.98851	-0.0426446	23761_at
5794_at	8.90e-01	7.12e-01	-0.3713435	-5.98869	-0.04195716	5794_at
6758_at	8.91e-01	7.12e-01	-0.3711015	-5.98878	-0.04176286	6758_at
79091_at	8.91e-01	7.12e-01	-0.3709816	-5.98882	-0.04256042	79091_at
400084_at	8.91e-01	7.12e-01	0.3709361	-5.98884	0.03833511	400084_at
372_at	8.91e-01	7.12e-01	-0.3704005	-5.98903	-0.03604435	372_at
51206_at	8.91e-01	7.12e-01	-0.370277	-5.98907	-0.03292432	51206_at
23288_at	8.91e-01	7.13e-01	0.370031	-5.98916	0.02400502	23288_at
9282_at	8.91e-01	7.13e-01	-0.3698499	-5.98922	-0.03624048	9282_at
79838_at	8.91e-01	7.13e-01	-0.3697914	-5.98924	-0.0236251	79838_at
50514_at	8.91e-01	7.13e-01	-0.369659	-5.98929	-0.03128266	50514_at
3240_at	8.91e-01	7.13e-01	0.3696406	-5.9893	0.07541892	3240_at
317662_at	8.91e-01	7.13e-01	0.3693364	-5.98941	0.03513484	317662_at
2194_at	8.91e-01	7.13e-01	-0.3692657	-5.98943	-0.03366731	2194_at
8576_at	8.91e-01	7.13e-01	-0.3689736	-5.98953	-0.0490349	8576_at
10123_at	8.91e-01	7.13e-01	0.3689291	-5.98955	0.16203742	10123_at
7291_at	8.91e-01	7.14e-01	0.3688084	-5.98959	0.04973369	7291_at
23216_at	8.92e-01	7.14e-01	0.368237	-5.98979	0.0413023	23216_at
1785_at	8.92e-01	7.14e-01	-0.368146	-5.98983	-0.04390061	1785_at
6927_at	8.92e-01	7.14e-01	-0.3681439	-5.98983	-0.06071542	6927_at
5576_at	8.92e-01	7.14e-01	-0.3681284	-5.98983	-0.02531603	5576_at
10948_at	8.92e-01	7.14e-01	-0.3680386	-5.98986	-0.0308715	10948_at
23248_at	8.92e-01	7.14e-01	0.3675763	-5.99003	0.03906594	23248_at
22902_at	8.92e-01	7.15e-01	0.3675106	-5.99005	0.03383626	22902_at
3852_at	8.92e-01	7.15e-01	0.3674009	-5.99009	0.04140951	3852_at
23357_at	8.92e-01	7.15e-01	-0.3672585	-5.99014	-0.02718137	23357_at
55779_at	8.92e-01	7.15e-01	0.3668402	-5.99029	0.02582374	55779_at
5999_at	8.92e-01	7.15e-01	-0.366692	-5.99034	-0.04678687	5999_at
28667_at	8.92e-01	7.15e-01	-0.3666458	-5.99036	-0.04435473	28667_at
5754_at	8.92e-01	7.15e-01	-0.3665154	-5.9904	-0.04043647	5754_at
7482_at	8.92e-01	7.15e-01	-0.3664927	-5.99041	-0.03537583	7482_at
131566_at	8.92e-01	7.16e-01	-0.3661085	-5.99054	-0.04088134	131566_at
3975_at	8.92e-01	7.16e-01	-0.3660763	-5.99056	-0.04952207	3975_at
7733_at	8.93e-01	7.16e-01	0.3658405	-5.99064	0.03489493	7733_at
4544_at	8.93e-01	7.16e-01	-0.3655603	-5.99074	-0.0303072	4544_at
5803_at	8.93e-01	7.16e-01	-0.3652986	-5.99083	-0.033307	5803_at
55714_at	8.93e-01	7.16e-01	-0.3652699	-5.99084	-0.03298899	55714_at
1025_at	8.93e-01	7.16e-01	0.3651447	-5.99088	0.042395	1025_at
3094_at	8.93e-01	7.16e-01	-0.3651176	-5.99089	-0.03748723	3094_at
8809_at	8.93e-01	7.16e-01	0.3650446	-5.99092	0.03860045	8809_at
11044_at	8.93e-01	7.17e-01	-0.3648496	-5.99099	-0.04447565	11044_at
285755_at	8.93e-01	7.17e-01	-0.3648405	-5.99099	-0.03817512	285755_at
7486_at	8.93e-01	7.17e-01	-0.3647914	-5.99101	-0.04034745	7486_at
84065_at	8.93e-01	7.17e-01	-0.3646418	-5.99106	-0.03026985	84065_at
5473_at	8.93e-01	7.17e-01	0.3645545	-5.99109	0.08725521	5473_at
8659_at	8.93e-01	7.17e-01	0.3645395	-5.99109	0.10603285	8659_at
27340_at	8.93e-01	7.17e-01	-0.3643104	-5.99117	-0.0454233	27340_at
1117_at	8.93e-01	7.17e-01	-0.3642989	-5.99118	-0.06513015	1117_at
64794_at	8.93e-01	7.17e-01	-0.3641475	-5.99123	-0.038337	64794_at
64419_at	8.93e-01	7.17e-01	0.3637367	-5.99138	0.03698323	64419_at
1046_at	8.93e-01	7.18e-01	-0.3635076	-5.99146	-0.03535744	1046_at
53820_at	8.93e-01	7.18e-01	0.3634516	-5.99147	0.03138713	53820_at
96764_at	8.93e-01	7.18e-01	-0.363372	-5.9915	-0.03569641	96764_at
4661_at	8.93e-01	7.18e-01	-0.3632908	-5.99153	-0.03143046	4661_at
4594_at	8.93e-01	7.18e-01	-0.3628098	-5.9917	-0.0716124	4594_at
22841_at	8.93e-01	7.18e-01	-0.3626495	-5.99175	-0.04144445	22841_at
55278_at	8.93e-01	7.18e-01	-0.3625926	-5.99177	-0.05529759	55278_at
23192_at	8.93e-01	7.18e-01	-0.3624294	-5.99183	-0.03050778	23192_at
54878_at	8.93e-01	7.18e-01	0.3624146	-5.99184	0.05793791	54878_at
11322_at	8.93e-01	7.18e-01	0.3623336	-5.99186	0.04509909	11322_at
6527_at	8.93e-01	7.18e-01	0.3622757	-5.99188	0.03688145	6527_at
26173_at	8.93e-01	7.19e-01	0.3621749	-5.99192	0.02777665	26173_at
26747_at	8.93e-01	7.19e-01	-0.362023	-5.99197	-0.03749312	26747_at
9403_at	8.94e-01	7.19e-01	-0.3615762	-5.99213	-0.05460231	9403_at
140890_at	8.94e-01	7.19e-01	-0.3615303	-5.99214	-0.05434156	140890_at
5797_at	8.94e-01	7.19e-01	-0.3613189	-5.99222	-0.05448006	5797_at
5334_at	8.94e-01	7.19e-01	-0.3612008	-5.99226	-0.11688987	5334_at
23321_at	8.94e-01	7.19e-01	-0.3609689	-5.99234	-0.04874389	23321_at
64284_at	8.94e-01	7.20e-01	0.3607188	-5.99242	0.07133398	64284_at
25906_at	8.94e-01	7.20e-01	-0.3605954	-5.99247	-0.0365764	25906_at
11024_at	8.94e-01	7.20e-01	-0.3605573	-5.99248	-0.02646746	11024_at
9014_at	8.94e-01	7.20e-01	-0.3601259	-5.99263	-0.03568399	9014_at
26033_at	8.94e-01	7.20e-01	-0.3601014	-5.99264	-0.0264809	26033_at
54905_at	8.94e-01	7.20e-01	-0.3600919	-5.99264	-0.03609326	54905_at
9162_at	8.94e-01	7.20e-01	0.3600465	-5.99266	0.06349326	9162_at
2244_at	8.94e-01	7.20e-01	-0.3599339	-5.9927	-0.33842439	2244_at
27071_at	8.94e-01	7.20e-01	0.3598024	-5.99274	0.03722787	27071_at
5438_at	8.94e-01	7.20e-01	0.3596927	-5.99278	0.04372705	5438_at
788_at	8.94e-01	7.21e-01	-0.359377	-5.99289	-0.06169886	788_at
3796_at	8.95e-01	7.21e-01	0.3591332	-5.99297	0.03736992	3796_at
2935_at	8.95e-01	7.21e-01	-0.3590984	-5.99298	-0.03441389	2935_at
1305_at	8.95e-01	7.21e-01	0.3588277	-5.99308	0.02562044	1305_at
2669_at	8.95e-01	7.21e-01	-0.3586374	-5.99314	-0.10704783	2669_at
57017_at	8.95e-01	7.21e-01	-0.3586095	-5.99315	-0.04575824	57017_at
9248_at	8.95e-01	7.21e-01	-0.3583817	-5.99323	-0.03019956	9248_at
79751_at	8.95e-01	7.21e-01	-0.3582318	-5.99328	-0.03555474	79751_at
23287_at	8.95e-01	7.21e-01	0.3581829	-5.9933	0.04198229	23287_at
25834_at	8.95e-01	7.21e-01	-0.3581565	-5.99331	-0.0216866	25834_at
65260_at	8.95e-01	7.22e-01	0.3580258	-5.99335	0.04371394	65260_at
5083_at	8.95e-01	7.22e-01	-0.3577247	-5.99346	-0.03811689	5083_at
80307_at	8.95e-01	7.22e-01	-0.3575503	-5.99352	-0.02951802	80307_at
54963_at	8.95e-01	7.22e-01	-0.357241	-5.99362	-0.03573723	54963_at
818_at	8.95e-01	7.22e-01	0.3571673	-5.99365	0.06455812	818_at
10923_at	8.95e-01	7.22e-01	0.3569772	-5.99371	0.03736177	10923_at
6744_at	8.95e-01	7.22e-01	0.3569267	-5.99373	0.05328546	6744_at
2268_at	8.95e-01	7.23e-01	-0.3567925	-5.99378	-0.06460249	2268_at
7692_at	8.95e-01	7.23e-01	0.3567566	-5.99379	0.02778568	7692_at
8085_at	8.95e-01	7.23e-01	-0.3567436	-5.99379	-0.02827468	8085_at
23612_at	8.95e-01	7.23e-01	0.3565623	-5.99386	0.05330566	23612_at
55667_at	8.95e-01	7.23e-01	0.356245	-5.99396	0.03703747	55667_at
57573_at	8.95e-01	7.23e-01	-0.3562231	-5.99397	-0.02570755	57573_at
55625_at	8.95e-01	7.23e-01	0.3561445	-5.994	0.0337671	55625_at
3759_at	8.96e-01	7.23e-01	0.3558072	-5.99411	0.07106946	3759_at
779_at	8.96e-01	7.24e-01	-0.3554014	-5.99425	-0.03748448	779_at
55621_at	8.96e-01	7.24e-01	0.3553791	-5.99426	0.04019847	55621_at
79686_at	8.96e-01	7.24e-01	-0.3552999	-5.99429	-0.06007244	79686_at
10420_at	8.96e-01	7.24e-01	-0.3552121	-5.99432	-0.03945679	10420_at
6247_at	8.96e-01	7.24e-01	-0.3549444	-5.99441	-0.02355129	6247_at
9391_at	8.96e-01	7.24e-01	-0.3549212	-5.99442	-0.034302	9391_at
79611_at	8.96e-01	7.24e-01	0.3546582	-5.99451	0.06662441	79611_at
3306_at	8.96e-01	7.24e-01	-0.3545909	-5.99453	-0.12755511	3306_at
5159_at	8.96e-01	7.24e-01	0.3542234	-5.99465	0.06082889	5159_at
28951_at	8.96e-01	7.25e-01	-0.3539444	-5.99475	-0.06287595	28951_at
57326_at	8.96e-01	7.25e-01	-0.3538661	-5.99477	-0.03558758	57326_at
11072_at	8.97e-01	7.25e-01	0.3534817	-5.9949	0.05263102	11072_at
285_at	8.97e-01	7.25e-01	0.3531616	-5.99501	0.02126195	285_at
5768_at	8.97e-01	7.25e-01	0.3531271	-5.99503	0.05349009	5768_at
51162_at	8.97e-01	7.25e-01	0.3531082	-5.99503	0.04663676	51162_at
55786_at	8.97e-01	7.25e-01	0.3530895	-5.99504	0.04597046	55786_at
6498_at	8.97e-01	7.26e-01	-0.3527299	-5.99516	-0.02299804	6498_at
9600_at	8.97e-01	7.26e-01	-0.352585	-5.99521	-0.0484117	9600_at
8818_at	8.97e-01	7.26e-01	-0.3524882	-5.99524	-0.03543002	8818_at
487_at	8.97e-01	7.26e-01	0.3524182	-5.99527	0.04532896	487_at
10235_at	8.97e-01	7.26e-01	0.3523992	-5.99527	0.03640125	10235_at
9657_at	8.97e-01	7.26e-01	-0.3522535	-5.99532	-0.04645428	9657_at
7142_at	8.97e-01	7.26e-01	0.3520886	-5.99538	0.02513701	7142_at
4641_at	8.97e-01	7.26e-01	-0.3520346	-5.99539	-0.04026246	4641_at
4124_at	8.97e-01	7.26e-01	0.3520304	-5.9954	0.07125227	4124_at
79943_at	8.97e-01	7.26e-01	-0.3519807	-5.99541	-0.03580378	79943_at
5393_at	8.97e-01	7.26e-01	0.351462	-5.99559	0.02606063	5393_at
55234_at	8.97e-01	7.27e-01	0.3513365	-5.99563	0.05305538	55234_at
23536_at	8.97e-01	7.27e-01	-0.3512852	-5.99565	-0.03970406	23536_at
57466_at	8.97e-01	7.27e-01	0.3511594	-5.99569	0.03427548	57466_at
3868_at	8.97e-01	7.27e-01	0.3511421	-5.9957	0.03451081	3868_at
3903_at	8.97e-01	7.27e-01	0.3511143	-5.99571	0.0576988	3903_at
8717_at	8.97e-01	7.27e-01	0.3509862	-5.99575	0.02627532	8717_at
57047_at	8.97e-01	7.27e-01	-0.350967	-5.99576	-0.03789302	57047_at
5276_at	8.97e-01	7.27e-01	-0.3505152	-5.99591	-0.03408797	5276_at
79919_at	8.97e-01	7.27e-01	0.3504713	-5.99592	0.11245506	79919_at
6334_at	8.97e-01	7.27e-01	0.3503586	-5.99596	0.03256969	6334_at
4481_at	8.97e-01	7.27e-01	0.3503307	-5.99597	0.02750632	4481_at
1687_at	8.97e-01	7.28e-01	0.3500582	-5.99606	0.04775016	1687_at
8153_at	8.97e-01	7.28e-01	0.3498025	-5.99615	0.02426846	8153_at
6182_at	8.97e-01	7.28e-01	0.3496795	-5.99619	0.04032573	6182_at
131_at	8.97e-01	7.28e-01	-0.3494973	-5.99625	-0.02607727	131_at
287_at	8.97e-01	7.28e-01	-0.3493739	-5.99629	-0.15755394	287_at
27040_at	8.97e-01	7.28e-01	0.349331	-5.9963	0.04034858	27040_at
5361_at	8.98e-01	7.29e-01	0.3487531	-5.9965	0.03416705	5361_at
10651_at	8.98e-01	7.29e-01	0.3487191	-5.99651	0.04109705	10651_at
26119_at	8.98e-01	7.29e-01	0.3487083	-5.99651	0.02626422	26119_at
64976_at	8.98e-01	7.29e-01	0.3485769	-5.99656	0.04679252	64976_at
55024_at	8.98e-01	7.29e-01	0.348322	-5.99664	0.05799016	55024_at
4155_at	8.98e-01	7.29e-01	0.3481177	-5.99671	0.03235819	4155_at
10393_at	8.98e-01	7.29e-01	-0.3479114	-5.99678	-0.05101572	10393_at
1299_at	8.98e-01	7.29e-01	-0.347901	-5.99678	-0.09353398	1299_at
23057_at	8.98e-01	7.29e-01	-0.3477594	-5.99683	-0.03818256	23057_at
53947_at	8.98e-01	7.29e-01	-0.3475527	-5.9969	-0.04043796	53947_at
22999_at	8.98e-01	7.29e-01	-0.3475232	-5.99691	-0.03401976	22999_at
9514_at	8.98e-01	7.29e-01	-0.3474773	-5.99692	-0.09315515	9514_at
5470_at	8.98e-01	7.30e-01	0.3471668	-5.99703	0.022437	5470_at
54558_at	8.98e-01	7.30e-01	0.3471137	-5.99705	0.03038301	54558_at
7204_at	8.98e-01	7.30e-01	-0.3471063	-5.99705	-0.02845286	7204_at
9742_at	8.98e-01	7.30e-01	0.3470643	-5.99706	0.02818477	9742_at
8796_at	8.98e-01	7.30e-01	0.347019	-5.99708	0.0288816	8796_at
10000_at	8.98e-01	7.30e-01	0.3470083	-5.99708	0.0278455	10000_at
4798_at	8.98e-01	7.30e-01	-0.3467781	-5.99716	-0.02992997	4798_at
80380_at	8.98e-01	7.30e-01	-0.3465561	-5.99723	-0.03141357	80380_at
6407_at	8.98e-01	7.30e-01	0.3463907	-5.99729	0.03161997	6407_at
1587_at	8.98e-01	7.30e-01	-0.3462032	-5.99735	-0.02176995	1587_at
23788_at	8.98e-01	7.31e-01	-0.3460723	-5.99739	-0.05339569	23788_at
79864_at	8.99e-01	7.31e-01	-0.345802	-5.99748	-0.05081166	79864_at
6843_at	8.99e-01	7.31e-01	-0.3457059	-5.99751	-0.02593158	6843_at
4507_at	8.99e-01	7.31e-01	0.3454681	-5.99759	0.02451082	4507_at
9786_at	8.99e-01	7.31e-01	-0.3454614	-5.9976	-0.02806636	9786_at
5937_at	8.99e-01	7.31e-01	0.3451366	-5.9977	0.06391984	5937_at
8939_at	8.99e-01	7.31e-01	-0.3448577	-5.9978	-0.04389801	8939_at
1298_at	8.99e-01	7.31e-01	-0.3448128	-5.99781	-0.0498505	1298_at
15_at	8.99e-01	7.32e-01	-0.3446263	-5.99787	-0.0438198	15_at
64764_at	8.99e-01	7.32e-01	0.344575	-5.99789	0.05666714	64764_at
4891_at	8.99e-01	7.32e-01	-0.3445307	-5.9979	-0.04735105	4891_at
4619_at	8.99e-01	7.32e-01	-0.3445079	-5.99791	-0.02375693	4619_at
57515_at	8.99e-01	7.32e-01	-0.3444056	-5.99794	-0.05180893	57515_at
4728_at	8.99e-01	7.32e-01	0.344328	-5.99797	0.05110074	4728_at
89910_at	8.99e-01	7.32e-01	-0.3440157	-5.99807	-0.02939728	89910_at
138050_at	8.99e-01	7.32e-01	0.3436833	-5.99818	0.04258607	138050_at
339448_at	8.99e-01	7.33e-01	-0.3432328	-5.99833	-0.05157939	339448_at
51116_at	8.99e-01	7.33e-01	-0.343205	-5.99834	-0.04802123	51116_at
351_at	8.99e-01	7.33e-01	0.343123	-5.99837	0.06510453	351_at
9104_at	8.99e-01	7.33e-01	-0.3429958	-5.99841	-0.12696715	9104_at
7515_at	8.99e-01	7.33e-01	0.3429555	-5.99842	0.04697715	7515_at
9319_at	8.99e-01	7.33e-01	-0.3428498	-5.99846	-0.05084363	9319_at
6557_at	8.99e-01	7.33e-01	-0.3428444	-5.99846	-0.1354333	6557_at
57161_at	8.99e-01	7.33e-01	-0.342788	-5.99848	-0.06081444	57161_at
59348_at	9.00e-01	7.34e-01	0.3419708	-5.99875	0.03451341	59348_at
54329_at	9.00e-01	7.34e-01	-0.3419163	-5.99876	-0.02224807	54329_at
1121_at	9.00e-01	7.34e-01	0.3419162	-5.99876	0.03910706	1121_at
125058_at	9.00e-01	7.34e-01	0.3419031	-5.99877	0.06633844	125058_at
8567_at	9.00e-01	7.34e-01	0.3418786	-5.99878	0.02532099	8567_at
5805_at	9.00e-01	7.34e-01	0.3418466	-5.99879	0.04338062	5805_at
84168_at	9.00e-01	7.34e-01	-0.341409	-5.99893	-0.03263087	84168_at
2050_at	9.00e-01	7.34e-01	0.3407588	-5.99914	0.03343718	2050_at
1974_at	9.00e-01	7.35e-01	-0.3405571	-5.99921	-0.03981233	1974_at
64429_at	9.00e-01	7.35e-01	-0.3405241	-5.99922	-0.04604462	64429_at
91120_at	9.00e-01	7.35e-01	-0.3404932	-5.99923	-0.02379897	91120_at
9197_at	9.00e-01	7.35e-01	-0.340357	-5.99928	-0.05734521	9197_at
6091_at	9.00e-01	7.35e-01	0.3403132	-5.99929	0.06332363	6091_at
10735_at	9.00e-01	7.35e-01	-0.3401676	-5.99934	-0.04556034	10735_at
25849_at	9.00e-01	7.35e-01	0.3400143	-5.99939	0.08157029	25849_at
3929_at	9.01e-01	7.35e-01	-0.3397359	-5.99948	-0.07045935	3929_at
3068_at	9.01e-01	7.35e-01	0.3395756	-5.99953	0.03223801	3068_at
55351_at	9.01e-01	7.35e-01	-0.3394403	-5.99957	-0.06787008	55351_at
23161_at	9.01e-01	7.36e-01	-0.3392379	-5.99964	-0.03471552	23161_at
80853_at	9.01e-01	7.36e-01	-0.3390703	-5.9997	-0.04116959	80853_at
6194_at	9.01e-01	7.36e-01	0.3389032	-5.99975	0.03896264	6194_at
7709_at	9.01e-01	7.36e-01	0.3388952	-5.99975	0.02371412	7709_at
5631_at	9.01e-01	7.36e-01	0.3387371	-5.9998	0.0417082	5631_at
9820_at	9.01e-01	7.36e-01	-0.3387346	-5.9998	-0.02782312	9820_at
7286_at	9.01e-01	7.36e-01	-0.33871	-5.99981	-0.05348341	7286_at
55367_at	9.01e-01	7.36e-01	-0.3384116	-5.99991	-0.02975948	55367_at
27095_at	9.01e-01	7.37e-01	-0.3379849	-6.00005	-0.03081834	27095_at
65989_at	9.01e-01	7.37e-01	0.3378671	-6.00009	0.04209167	65989_at
29123_at	9.01e-01	7.37e-01	0.3376593	-6.00015	0.03442142	29123_at
10133_at	9.01e-01	7.37e-01	0.3376409	-6.00016	0.05186952	10133_at
26015_at	9.01e-01	7.37e-01	-0.3371958	-6.0003	-0.03444132	26015_at
2806_at	9.01e-01	7.37e-01	-0.3370873	-6.00034	-0.04260188	2806_at
100996492_at	9.01e-01	7.37e-01	-0.3370082	-6.00036	-0.06636285	100996492_at
399664_at	9.01e-01	7.37e-01	0.3370025	-6.00037	0.05193188	399664_at
22872_at	9.01e-01	7.37e-01	-0.3369869	-6.00037	-0.04277839	22872_at
54708_at	9.01e-01	7.37e-01	-0.3368737	-6.00041	-0.03339696	54708_at
3037_at	9.01e-01	7.37e-01	-0.3368224	-6.00042	-0.03812768	3037_at
5830_at	9.02e-01	7.38e-01	-0.3362974	-6.00059	-0.04390303	5830_at
10542_at	9.02e-01	7.38e-01	0.3360751	-6.00067	0.05514415	10542_at
4958_at	9.02e-01	7.38e-01	-0.3359152	-6.00072	-0.03995649	4958_at
1308_at	9.02e-01	7.38e-01	-0.3356177	-6.00081	-0.03647916	1308_at
51143_at	9.02e-01	7.39e-01	-0.3351187	-6.00097	-0.04448872	51143_at
5269_at	9.02e-01	7.39e-01	0.3350999	-6.00098	0.03318721	5269_at
7124_at	9.02e-01	7.39e-01	-0.3349281	-6.00104	-0.04317604	7124_at
79886_at	9.02e-01	7.39e-01	-0.3348571	-6.00106	-0.05049759	79886_at
9890_at	9.02e-01	7.39e-01	-0.3347513	-6.00109	-0.05905587	9890_at
4237_at	9.02e-01	7.39e-01	0.3347248	-6.0011	0.07222891	4237_at
4849_at	9.02e-01	7.39e-01	0.3346919	-6.00111	0.02402549	4849_at
25909_at	9.02e-01	7.39e-01	-0.3346475	-6.00113	-0.03888051	25909_at
3866_at	9.02e-01	7.39e-01	0.3345102	-6.00117	0.03000576	3866_at
23334_at	9.02e-01	7.39e-01	-0.3344554	-6.00119	-0.0262105	23334_at
9855_at	9.02e-01	7.39e-01	0.334431	-6.0012	0.02926696	9855_at
55215_at	9.02e-01	7.39e-01	-0.3343372	-6.00123	-0.03631268	55215_at
152_at	9.02e-01	7.40e-01	-0.3340417	-6.00132	-0.04143691	152_at
84196_at	9.02e-01	7.40e-01	0.3339486	-6.00135	0.0225069	84196_at
23187_at	9.04e-01	7.41e-01	-0.3325332	-6.0018	-0.0302175	23187_at
5446_at	9.04e-01	7.41e-01	0.3322815	-6.00188	0.08814763	5446_at
186_at	9.04e-01	7.41e-01	0.3322726	-6.00189	0.02037954	186_at
3000_at	9.04e-01	7.41e-01	0.3322037	-6.00191	0.03504286	3000_at
29929_at	9.04e-01	7.41e-01	-0.3320092	-6.00197	-0.04271147	29929_at
23189_at	9.04e-01	7.41e-01	0.3318809	-6.00201	0.04271911	23189_at
8416_at	9.04e-01	7.41e-01	-0.3318239	-6.00203	-0.08817452	8416_at
1268_at	9.04e-01	7.41e-01	-0.3317515	-6.00205	-0.02203778	1268_at
54902_at	9.04e-01	7.41e-01	-0.331715	-6.00206	-0.04378276	54902_at
8396_at	9.04e-01	7.42e-01	0.3313112	-6.00219	0.02671058	8396_at
1806_at	9.04e-01	7.42e-01	-0.3310794	-6.00227	-0.059563	1806_at
5179_at	9.04e-01	7.42e-01	-0.3309325	-6.00231	-0.03375951	5179_at
27230_at	9.04e-01	7.42e-01	-0.3306412	-6.00241	-0.03493861	27230_at
27091_at	9.04e-01	7.42e-01	-0.3304663	-6.00246	-0.03760667	27091_at
22907_at	9.04e-01	7.42e-01	-0.3302501	-6.00253	-0.03003494	22907_at
5885_at	9.04e-01	7.43e-01	0.330014	-6.0026	0.03491132	5885_at
10856_at	9.04e-01	7.43e-01	-0.3299607	-6.00262	-0.0296976	10856_at
6634_at	9.04e-01	7.43e-01	0.3299273	-6.00263	0.02794718	6634_at
54866_at	9.04e-01	7.43e-01	-0.3298868	-6.00264	-0.05365231	54866_at
10319_at	9.04e-01	7.43e-01	-0.3297944	-6.00267	-0.0429507	10319_at
9366_at	9.04e-01	7.43e-01	-0.3296957	-6.0027	-0.02102549	9366_at
3613_at	9.04e-01	7.43e-01	-0.3296358	-6.00272	-0.04917501	3613_at
11245_at	9.05e-01	7.43e-01	-0.3288384	-6.00298	-0.04750427	11245_at
10158_at	9.05e-01	7.44e-01	-0.3285056	-6.00308	-0.06658156	10158_at
51582_at	9.05e-01	7.44e-01	0.3284026	-6.00311	0.05238805	51582_at
2563_at	9.06e-01	7.44e-01	-0.3277877	-6.00331	-0.03931318	2563_at
5527_at	9.06e-01	7.44e-01	0.3274443	-6.00341	0.0354798	5527_at
5366_at	9.06e-01	7.45e-01	0.3273631	-6.00344	0.03842858	5366_at
2543_at	9.06e-01	7.45e-01	0.3271891	-6.0035	0.04023694	2543_at
10904_at	9.06e-01	7.45e-01	0.3270821	-6.00353	0.03552999	10904_at
3142_at	9.06e-01	7.45e-01	0.3268733	-6.00359	0.04001441	3142_at
5172_at	9.06e-01	7.45e-01	0.3267196	-6.00364	0.12177494	5172_at
617_at	9.06e-01	7.45e-01	-0.3266003	-6.00368	-0.02994673	617_at
57535_at	9.06e-01	7.45e-01	-0.3264785	-6.00372	-0.03273645	57535_at
10894_at	9.06e-01	7.45e-01	0.3264645	-6.00372	0.08276138	10894_at
1674_at	9.06e-01	7.45e-01	-0.3263165	-6.00377	-0.03957302	1674_at
2621_at	9.06e-01	7.45e-01	-0.3261018	-6.00384	-0.0454896	2621_at
5409_at	9.07e-01	7.46e-01	0.3254558	-6.00404	0.03429444	5409_at
5783_at	9.07e-01	7.46e-01	-0.3254112	-6.00405	-0.05214771	5783_at
3670_at	9.07e-01	7.46e-01	0.3249933	-6.00418	0.03516626	3670_at
57191_at	9.07e-01	7.46e-01	-0.3249564	-6.00419	-0.03179886	57191_at
23774_at	9.07e-01	7.46e-01	-0.3249161	-6.00421	-0.0327138	23774_at
51734_at	9.07e-01	7.46e-01	0.3248468	-6.00423	0.07969821	51734_at
10260_at	9.07e-01	7.47e-01	0.3247284	-6.00427	0.03476156	10260_at
8804_at	9.07e-01	7.47e-01	-0.3246548	-6.00429	-0.04083046	8804_at
1317_at	9.07e-01	7.47e-01	0.324529	-6.00433	0.05299608	1317_at
3212_at	9.07e-01	7.47e-01	-0.32443	-6.00436	-0.05965372	3212_at
3270_at	9.07e-01	7.47e-01	-0.3243656	-6.00438	-0.03405327	3270_at
23369_at	9.07e-01	7.47e-01	0.3242012	-6.00443	0.03513372	23369_at
55690_at	9.07e-01	7.47e-01	-0.323997	-6.00449	-0.02533539	55690_at
5867_at	9.07e-01	7.47e-01	0.3239866	-6.0045	0.0363345	5867_at
4175_at	9.07e-01	7.47e-01	0.3239303	-6.00451	0.06279262	4175_at
57091_at	9.07e-01	7.47e-01	-0.3238833	-6.00453	-0.0233034	57091_at
51479_at	9.07e-01	7.47e-01	-0.3237985	-6.00455	-0.0359906	51479_at
3786_at	9.07e-01	7.47e-01	-0.3237207	-6.00458	-0.03813343	3786_at
4854_at	9.07e-01	7.47e-01	-0.3235494	-6.00463	-0.02576947	4854_at
10982_at	9.07e-01	7.47e-01	0.3235459	-6.00463	0.03213365	10982_at
55651_at	9.07e-01	7.47e-01	0.3234756	-6.00466	0.03652428	55651_at
57470_at	9.07e-01	7.48e-01	0.3233205	-6.0047	0.03619344	57470_at
9033_at	9.07e-01	7.48e-01	-0.3231663	-6.00475	-0.03990814	9033_at
2683_at	9.07e-01	7.48e-01	-0.3230829	-6.00478	-0.03160062	2683_at
101929115_at	9.07e-01	7.48e-01	-0.3230347	-6.00479	-0.02772369	101929115_at
51364_at	9.07e-01	7.48e-01	0.3229581	-6.00482	0.02564757	51364_at
23515_at	9.07e-01	7.48e-01	0.3229152	-6.00483	0.03700359	23515_at
10097_at	9.07e-01	7.49e-01	0.3220484	-6.0051	0.05599554	10097_at
4194_at	9.07e-01	7.49e-01	0.321841	-6.00516	0.02107335	4194_at
55790_at	9.07e-01	7.49e-01	0.3216509	-6.00522	0.09030768	55790_at
79020_at	9.07e-01	7.49e-01	-0.3216243	-6.00523	-0.0275146	79020_at
29114_at	9.07e-01	7.49e-01	-0.3216064	-6.00523	-0.10066506	29114_at
154661_at	9.07e-01	7.49e-01	-0.3214648	-6.00528	-0.07915984	154661_at
79088_at	9.07e-01	7.49e-01	0.3213782	-6.0053	0.02202974	79088_at
22869_at	9.07e-01	7.49e-01	0.3213564	-6.00531	0.03079542	22869_at
79695_at	9.07e-01	7.49e-01	0.3213174	-6.00532	0.04911138	79695_at
7727_at	9.07e-01	7.49e-01	0.3211709	-6.00537	0.02311926	7727_at
55001_at	9.07e-01	7.49e-01	-0.3209671	-6.00543	-0.02185843	55001_at
2668_at	9.07e-01	7.49e-01	0.3208767	-6.00546	0.03022086	2668_at
65993_at	9.08e-01	7.50e-01	0.3204678	-6.00559	0.03673972	65993_at
6036_at	9.08e-01	7.50e-01	-0.3203043	-6.00564	-0.04216948	6036_at
51163_at	9.08e-01	7.50e-01	0.3202835	-6.00564	0.04817615	51163_at
22818_at	9.08e-01	7.50e-01	0.3201616	-6.00568	0.02924838	22818_at
2587_at	9.08e-01	7.50e-01	0.3199905	-6.00573	0.02340962	2587_at
60385_at	9.08e-01	7.50e-01	-0.3195789	-6.00586	-0.02555661	60385_at
415_at	9.08e-01	7.51e-01	0.3192492	-6.00596	0.14070569	415_at
29894_at	9.08e-01	7.51e-01	-0.3192439	-6.00596	-0.02342992	29894_at
7757_at	9.08e-01	7.51e-01	-0.3189783	-6.00604	-0.0334042	7757_at
440738_at	9.08e-01	7.51e-01	-0.318928	-6.00606	-0.04614265	440738_at
51329_at	9.08e-01	7.51e-01	-0.3188879	-6.00607	-0.03647438	51329_at
21_at	9.08e-01	7.51e-01	0.3188443	-6.00608	0.04144824	21_at
283638_at	9.08e-01	7.51e-01	-0.3187976	-6.0061	-0.03183964	283638_at
23541_at	9.08e-01	7.51e-01	0.3186929	-6.00613	0.03515962	23541_at
1272_at	9.08e-01	7.51e-01	-0.3185682	-6.00617	-0.03578728	1272_at
473_at	9.08e-01	7.51e-01	0.3182727	-6.00626	0.02103113	473_at
1036_at	9.08e-01	7.51e-01	0.3181443	-6.0063	0.09095966	1036_at
79973_at	9.08e-01	7.52e-01	0.3178874	-6.00638	0.03073607	79973_at
25932_at	9.08e-01	7.52e-01	-0.3177596	-6.00641	-0.08048133	25932_at
8036_at	9.08e-01	7.52e-01	0.3177064	-6.00643	0.04010349	8036_at
5328_at	9.08e-01	7.52e-01	0.317639	-6.00645	0.10668156	5328_at
2271_at	9.09e-01	7.52e-01	-0.3173015	-6.00655	-0.04135643	2271_at
51233_at	9.09e-01	7.53e-01	0.3165495	-6.00678	0.04388223	51233_at
1662_at	9.09e-01	7.53e-01	0.3162334	-6.00688	0.08342742	1662_at
6491_at	9.10e-01	7.53e-01	-0.3159411	-6.00697	-0.03789044	6491_at
4839_at	9.10e-01	7.54e-01	-0.3151972	-6.00719	-0.03970401	4839_at
2799_at	9.10e-01	7.54e-01	0.3151432	-6.00721	0.06017656	2799_at
5202_at	9.10e-01	7.54e-01	0.3151212	-6.00722	0.02976697	5202_at
9258_at	9.10e-01	7.54e-01	-0.3150311	-6.00724	-0.07398855	9258_at
51377_at	9.10e-01	7.54e-01	0.3150213	-6.00725	0.02875327	51377_at
2992_at	9.10e-01	7.54e-01	-0.3149825	-6.00726	-0.06124339	2992_at
115939_at	9.10e-01	7.54e-01	0.3148725	-6.00729	0.02895102	115939_at
8794_at	9.10e-01	7.54e-01	-0.3146885	-6.00735	-0.0268384	8794_at
2859_at	9.10e-01	7.55e-01	-0.3141377	-6.00751	-0.03772952	2859_at
9679_at	9.10e-01	7.55e-01	-0.3138626	-6.0076	-0.0340943	9679_at
56271_at	9.10e-01	7.55e-01	0.3137717	-6.00762	0.04787724	56271_at
7862_at	9.10e-01	7.55e-01	-0.3137707	-6.00762	-0.03504389	7862_at
5581_at	9.10e-01	7.55e-01	0.3136351	-6.00767	0.04262406	5581_at
525_at	9.10e-01	7.55e-01	-0.3135125	-6.0077	-0.07199334	525_at
79648_at	9.10e-01	7.55e-01	-0.3135089	-6.0077	-0.03216784	79648_at
735_at	9.11e-01	7.55e-01	0.3131	-6.00783	0.0315588	735_at
90411_at	9.11e-01	7.56e-01	-0.3126778	-6.00795	-0.03660277	90411_at
51768_at	9.11e-01	7.56e-01	-0.3125962	-6.00798	-0.0556438	51768_at
3831_at	9.11e-01	7.56e-01	0.3122918	-6.00807	0.03839406	3831_at
5602_at	9.11e-01	7.56e-01	-0.3122477	-6.00808	-0.0341867	5602_at
7411_at	9.12e-01	7.56e-01	0.3117229	-6.00824	0.03718582	7411_at
4255_at	9.12e-01	7.57e-01	-0.3113681	-6.00835	-0.06129106	4255_at
2159_at	9.12e-01	7.57e-01	0.3108857	-6.00849	0.05276251	2159_at
80184_at	9.12e-01	7.57e-01	0.3106436	-6.00856	0.01917428	80184_at
6156_at	9.12e-01	7.57e-01	0.3106285	-6.00857	0.02923251	6156_at
7005_at	9.12e-01	7.57e-01	-0.3105503	-6.00859	-0.02686475	7005_at
9015_at	9.12e-01	7.57e-01	0.3104834	-6.00861	0.03161035	9015_at
6534_at	9.12e-01	7.57e-01	-0.3103916	-6.00864	-0.03794458	6534_at
9094_at	9.12e-01	7.58e-01	-0.3099351	-6.00877	-0.02838985	9094_at
28584_at	9.12e-01	7.58e-01	0.3098697	-6.00879	0.03132323	28584_at
118_at	9.12e-01	7.58e-01	-0.3098625	-6.00879	-0.03077827	118_at
2734_at	9.12e-01	7.58e-01	-0.30985	-6.0088	-0.03629962	2734_at
51526_at	9.12e-01	7.58e-01	0.3096262	-6.00886	0.02892722	51526_at
7360_at	9.12e-01	7.58e-01	-0.3094294	-6.00892	-0.02747476	7360_at
7181_at	9.13e-01	7.58e-01	0.3091863	-6.009	0.01962413	7181_at
63973_at	9.13e-01	7.58e-01	-0.3090704	-6.00903	-0.02077809	63973_at
4703_at	9.13e-01	7.58e-01	0.3090033	-6.00905	0.03395096	4703_at
5501_at	9.13e-01	7.59e-01	-0.3085422	-6.00919	-0.03661473	5501_at
27246_at	9.13e-01	7.59e-01	0.3084828	-6.0092	0.03342738	27246_at
22898_at	9.13e-01	7.59e-01	-0.3081595	-6.0093	-0.03027556	22898_at
726_at	9.13e-01	7.59e-01	-0.3077314	-6.00943	-0.03145689	726_at
114908_at	9.13e-01	7.60e-01	0.3073696	-6.00953	0.07692568	114908_at
23475_at	9.13e-01	7.60e-01	0.3073346	-6.00954	0.08039715	23475_at
5550_at	9.13e-01	7.60e-01	0.3071918	-6.00959	0.02073637	5550_at
9167_at	9.13e-01	7.60e-01	0.3069779	-6.00965	0.03128914	9167_at
9053_at	9.13e-01	7.60e-01	-0.3069758	-6.00965	-0.06011817	9053_at
10149_at	9.13e-01	7.60e-01	0.3067894	-6.0097	0.04965144	10149_at
8451_at	9.13e-01	7.60e-01	0.3063952	-6.00982	0.0282287	8451_at
79567_at	9.13e-01	7.60e-01	-0.3062735	-6.00986	-0.03155349	79567_at
373156_at	9.13e-01	7.61e-01	-0.3061437	-6.00989	-0.04015863	373156_at
23261_at	9.13e-01	7.61e-01	0.3059773	-6.00994	0.04781513	23261_at
23113_at	9.13e-01	7.61e-01	0.3059524	-6.00995	0.02874832	23113_at
368_at	9.13e-01	7.61e-01	-0.3059054	-6.00996	-0.09569352	368_at
2967_at	9.13e-01	7.61e-01	-0.3058765	-6.00997	-0.03426789	2967_at
7134_at	9.13e-01	7.61e-01	0.3057905	-6.01	0.07851753	7134_at
5027_at	9.13e-01	7.61e-01	-0.3057268	-6.01002	-0.0332136	5027_at
51399_at	9.13e-01	7.61e-01	0.3057087	-6.01002	0.04171883	51399_at
91775_at	9.13e-01	7.61e-01	0.3054072	-6.01011	0.02370411	91775_at
6690_at	9.13e-01	7.61e-01	-0.3053151	-6.01014	-0.23962701	6690_at
10943_at	9.13e-01	7.61e-01	0.3053074	-6.01014	0.02051797	10943_at
22998_at	9.13e-01	7.61e-01	-0.305235	-6.01016	-0.04356883	22998_at
79819_at	9.13e-01	7.61e-01	0.3050254	-6.01022	0.04070272	79819_at
7690_at	9.13e-01	7.61e-01	-0.3050146	-6.01023	-0.03649341	7690_at
3945_at	9.13e-01	7.61e-01	-0.3050119	-6.01023	-0.02060584	3945_at
7716_at	9.13e-01	7.62e-01	0.3048529	-6.01027	0.04030715	7716_at
5741_at	9.13e-01	7.62e-01	0.3048422	-6.01028	0.01937666	5741_at
9402_at	9.13e-01	7.62e-01	-0.3048107	-6.01029	-0.03395742	9402_at
7122_at	9.13e-01	7.62e-01	0.304791	-6.01029	0.06319227	7122_at
9530_at	9.13e-01	7.62e-01	-0.3047617	-6.0103	-0.04407495	9530_at
3250_at	9.13e-01	7.62e-01	-0.3046801	-6.01032	-0.04373934	3250_at
9879_at	9.13e-01	7.62e-01	0.3046425	-6.01033	0.0321281	9879_at
1104_at	9.13e-01	7.62e-01	0.3046371	-6.01034	0.02890066	1104_at
80213_at	9.13e-01	7.62e-01	0.3046257	-6.01034	0.03754206	80213_at
8814_at	9.13e-01	7.62e-01	-0.3045423	-6.01036	-0.0445343	8814_at
6236_at	9.13e-01	7.62e-01	0.3045177	-6.01037	0.0864998	6236_at
8857_at	9.13e-01	7.62e-01	-0.3043718	-6.01041	-0.06717271	8857_at
27297_at	9.13e-01	7.62e-01	-0.3041536	-6.01048	-0.02306815	27297_at
7405_at	9.13e-01	7.62e-01	0.304042	-6.01051	0.03139722	7405_at
84861_at	9.13e-01	7.62e-01	-0.3037494	-6.0106	-0.02602317	84861_at
1978_at	9.13e-01	7.62e-01	0.3037184	-6.0106	0.03817775	1978_at
84890_at	9.14e-01	7.63e-01	-0.3034134	-6.01069	-0.0324025	84890_at
9101_at	9.14e-01	7.63e-01	0.30326	-6.01074	0.04252926	9101_at
27163_at	9.14e-01	7.63e-01	-0.3032239	-6.01075	-0.04219173	27163_at
60676_at	9.14e-01	7.63e-01	0.3030287	-6.01081	0.07504846	60676_at
56903_at	9.14e-01	7.63e-01	-0.3029337	-6.01083	-0.01911187	56903_at
2495_at	9.14e-01	7.63e-01	0.3026581	-6.01091	0.06227859	2495_at
2886_at	9.14e-01	7.63e-01	0.3026394	-6.01092	0.0403256	2886_at
5007_at	9.14e-01	7.63e-01	-0.3025653	-6.01094	-0.0286982	5007_at
254394_at	9.14e-01	7.63e-01	-0.3024145	-6.01098	-0.03160434	254394_at
6263_at	9.14e-01	7.63e-01	-0.3024127	-6.01098	-0.02737979	6263_at
10737_at	9.14e-01	7.64e-01	-0.3018932	-6.01114	-0.0197085	10737_at
51384_at	9.14e-01	7.64e-01	-0.3017179	-6.01119	-0.03365602	51384_at
1890_at	9.14e-01	7.64e-01	-0.3014045	-6.01128	-0.06311251	1890_at
622_at	9.14e-01	7.64e-01	0.3012074	-6.01133	0.05397413	622_at
156_at	9.14e-01	7.64e-01	-0.3011929	-6.01134	-0.03019662	156_at
3340_at	9.14e-01	7.64e-01	-0.3011919	-6.01134	-0.02383252	3340_at
3927_at	9.14e-01	7.64e-01	0.3011225	-6.01136	0.03899457	3927_at
9183_at	9.14e-01	7.65e-01	-0.3008608	-6.01143	-0.03267441	9183_at
23197_at	9.14e-01	7.65e-01	-0.3007742	-6.01146	-0.02137462	23197_at
58190_at	9.14e-01	7.65e-01	0.3006752	-6.01149	0.02448304	58190_at
50489_at	9.14e-01	7.65e-01	-0.3006555	-6.01149	-0.04060609	50489_at
4889_at	9.14e-01	7.65e-01	0.3006409	-6.0115	0.04331957	4889_at
80021_at	9.14e-01	7.65e-01	0.300579	-6.01152	0.02899255	80021_at
9_at	9.14e-01	7.65e-01	-0.3002264	-6.01162	-0.06028142	9_at
8723_at	9.14e-01	7.65e-01	-0.30017	-6.01163	-0.0486687	8723_at
667_at	9.15e-01	7.65e-01	0.2998013	-6.01174	0.02064325	667_at
1656_at	9.15e-01	7.65e-01	-0.2997557	-6.01175	-0.02233404	1656_at
55684_at	9.15e-01	7.66e-01	0.2994148	-6.01185	0.03169752	55684_at
23583_at	9.15e-01	7.66e-01	0.299408	-6.01185	0.03725069	23583_at
9049_at	9.15e-01	7.66e-01	-0.299391	-6.01186	-0.02697887	9049_at
22974_at	9.15e-01	7.66e-01	-0.2991266	-6.01193	-0.04363679	22974_at
56888_at	9.15e-01	7.66e-01	0.2990803	-6.01195	0.0280624	56888_at
81855_at	9.15e-01	7.66e-01	-0.2990351	-6.01196	-0.0395183	81855_at
10484_at	9.15e-01	7.66e-01	-0.2986942	-6.01206	-0.05882224	10484_at
27247_at	9.15e-01	7.66e-01	-0.2986733	-6.01206	-0.03991766	27247_at
51046_at	9.15e-01	7.66e-01	0.2983258	-6.01216	0.01739922	51046_at
22828_at	9.15e-01	7.67e-01	-0.2982416	-6.01219	-0.0397082	22828_at
7746_at	9.15e-01	7.67e-01	-0.2981234	-6.01222	-0.03199635	7746_at
6814_at	9.15e-01	7.67e-01	-0.2975812	-6.01238	-0.03984159	6814_at
57214_at	9.15e-01	7.67e-01	0.2974679	-6.01241	0.02912314	57214_at
8345_at	9.15e-01	7.67e-01	0.2974316	-6.01242	0.04510965	8345_at
64398_at	9.16e-01	7.67e-01	-0.2972312	-6.01248	-0.05187607	64398_at
4121_at	9.16e-01	7.68e-01	-0.2969801	-6.01255	-0.04602888	4121_at
4299_at	9.16e-01	7.68e-01	-0.2967117	-6.01263	-0.02967839	4299_at
5201_at	9.16e-01	7.68e-01	0.2965907	-6.01266	0.03429388	5201_at
58189_at	9.16e-01	7.68e-01	-0.2964513	-6.0127	-0.07155353	58189_at
5891_at	9.16e-01	7.68e-01	0.2963176	-6.01274	0.04364756	5891_at
5514_at	9.16e-01	7.68e-01	-0.2961918	-6.01277	-0.0332421	5514_at
10362_at	9.16e-01	7.68e-01	0.2960745	-6.01281	0.03458391	10362_at
26135_at	9.16e-01	7.68e-01	0.2958143	-6.01288	0.03009009	26135_at
9519_at	9.16e-01	7.68e-01	0.2957024	-6.01291	0.06415824	9519_at
60626_at	9.16e-01	7.69e-01	0.2956467	-6.01293	0.03150046	60626_at
6135_at	9.16e-01	7.69e-01	0.2955785	-6.01295	0.03614629	6135_at
5600_at	9.16e-01	7.69e-01	-0.2955179	-6.01296	-0.02279512	5600_at
51301_at	9.16e-01	7.69e-01	-0.2949354	-6.01313	-0.02618513	51301_at
4825_at	9.16e-01	7.69e-01	0.2948274	-6.01316	0.03035721	4825_at
1244_at	9.16e-01	7.69e-01	-0.2946475	-6.01321	-0.07708894	1244_at
10043_at	9.16e-01	7.69e-01	0.2946312	-6.01322	0.03379627	10043_at
100996482_at	9.17e-01	7.70e-01	-0.2942906	-6.01331	-0.02337062	100996482_at
55691_at	9.17e-01	7.70e-01	0.294284	-6.01331	0.02841041	55691_at
51237_at	9.17e-01	7.70e-01	0.2941398	-6.01335	0.09306015	51237_at
64506_at	9.17e-01	7.70e-01	0.2940013	-6.01339	0.03768161	64506_at
9801_at	9.17e-01	7.70e-01	-0.2937055	-6.01348	-0.05603778	9801_at
5138_at	9.17e-01	7.70e-01	0.2935109	-6.01353	0.04828212	5138_at
6478_at	9.17e-01	7.70e-01	-0.293491	-6.01354	-0.02435211	6478_at
23299_at	9.17e-01	7.70e-01	-0.2934021	-6.01356	-0.02348563	23299_at
29028_at	9.17e-01	7.70e-01	-0.2933745	-6.01357	-0.03032735	29028_at
6286_at	9.17e-01	7.71e-01	0.2930387	-6.01367	0.03929044	6286_at
8364_at	9.17e-01	7.71e-01	0.2925858	-6.01379	0.1085232	8364_at
55151_at	9.17e-01	7.71e-01	0.2923936	-6.01385	0.06889932	55151_at
8913_at	9.17e-01	7.71e-01	-0.2923443	-6.01386	-0.01702769	8913_at
60598_at	9.17e-01	7.71e-01	0.29231	-6.01387	0.0507927	60598_at
959_at	9.17e-01	7.71e-01	-0.2922239	-6.01389	-0.03022255	959_at
57716_at	9.17e-01	7.71e-01	-0.292131	-6.01392	-0.03747655	57716_at
6564_at	9.17e-01	7.71e-01	0.2920465	-6.01394	0.08363305	6564_at
10053_at	9.17e-01	7.71e-01	-0.2920148	-6.01395	-0.05639674	10053_at
5154_at	9.17e-01	7.71e-01	-0.291829	-6.01401	-0.04403273	5154_at
1512_at	9.17e-01	7.72e-01	-0.2916546	-6.01405	-0.05601289	1512_at
10666_at	9.17e-01	7.72e-01	-0.2916359	-6.01406	-0.02271762	10666_at
2580_at	9.17e-01	7.72e-01	-0.2913496	-6.01414	-0.03128422	2580_at
7555_at	9.17e-01	7.72e-01	-0.2912078	-6.01418	-0.02905112	7555_at
8838_at	9.17e-01	7.72e-01	-0.2911222	-6.0142	-0.04329589	8838_at
1822_at	9.18e-01	7.72e-01	-0.2908409	-6.01428	-0.02389315	1822_at
8604_at	9.18e-01	7.72e-01	0.2906022	-6.01435	0.02948016	8604_at
8685_at	9.18e-01	7.72e-01	0.2904529	-6.01439	0.0494592	8685_at
10430_at	9.18e-01	7.73e-01	0.2903998	-6.0144	0.02699005	10430_at
56985_at	9.18e-01	7.73e-01	0.290378	-6.01441	0.02506177	56985_at
4116_at	9.18e-01	7.73e-01	0.2900254	-6.01451	0.03587425	4116_at
8677_at	9.18e-01	7.73e-01	0.2896317	-6.01462	0.02702975	8677_at
2059_at	9.18e-01	7.73e-01	-0.2892366	-6.01473	-0.0422538	2059_at
9586_at	9.18e-01	7.73e-01	0.2892298	-6.01473	0.06143626	9586_at
6770_at	9.18e-01	7.74e-01	-0.2890467	-6.01478	-0.03102743	6770_at
3662_at	9.18e-01	7.74e-01	-0.2889628	-6.0148	-0.01914239	3662_at
164_at	9.19e-01	7.74e-01	0.2886665	-6.01489	0.03902581	164_at
1399_at	9.19e-01	7.74e-01	0.2885995	-6.01491	0.02805661	1399_at
23483_at	9.19e-01	7.74e-01	0.2882905	-6.01499	0.0332752	23483_at
832_at	9.19e-01	7.74e-01	0.2881259	-6.01504	0.02966087	832_at
27109_at	9.19e-01	7.75e-01	-0.2877891	-6.01513	-0.02698663	27109_at
55079_at	9.19e-01	7.75e-01	-0.2877688	-6.01514	-0.01718688	55079_at
83480_at	9.19e-01	7.75e-01	0.2876507	-6.01517	0.02984212	83480_at
4863_at	9.19e-01	7.75e-01	-0.2875841	-6.01519	-0.02143541	4863_at
5996_at	9.19e-01	7.75e-01	-0.2874387	-6.01523	-0.03593263	5996_at
9738_at	9.19e-01	7.75e-01	0.2873064	-6.01526	0.0293071	9738_at
54849_at	9.19e-01	7.75e-01	0.2873028	-6.01526	0.03983907	54849_at
26005_at	9.19e-01	7.75e-01	-0.2872914	-6.01527	-0.02491295	26005_at
79594_at	9.19e-01	7.75e-01	-0.2872561	-6.01528	-0.02236447	79594_at
26018_at	9.19e-01	7.75e-01	0.2872485	-6.01528	0.02790619	26018_at
54948_at	9.19e-01	7.75e-01	-0.287067	-6.01533	-0.03933122	54948_at
3714_at	9.19e-01	7.75e-01	0.2868807	-6.01538	0.02916314	3714_at
5894_at	9.19e-01	7.75e-01	0.2865713	-6.01547	0.03414661	5894_at
131544_at	9.19e-01	7.76e-01	-0.286209	-6.01557	-0.03053756	131544_at
5157_at	9.19e-01	7.76e-01	0.2861171	-6.01559	0.04409205	5157_at
2064_at	9.19e-01	7.76e-01	-0.286017	-6.01562	-0.03173937	2064_at
56937_at	9.19e-01	7.76e-01	-0.2857931	-6.01568	-0.03034093	56937_at
9931_at	9.19e-01	7.76e-01	0.2857815	-6.01568	0.02928395	9931_at
6427_at	9.19e-01	7.76e-01	0.2854272	-6.01578	0.03869235	6427_at
3833_at	9.19e-01	7.76e-01	-0.2854209	-6.01578	-0.03181082	3833_at
10944_at	9.19e-01	7.76e-01	0.2853566	-6.0158	0.04488887	10944_at
10490_at	9.20e-01	7.77e-01	-0.2850603	-6.01588	-0.03463988	10490_at
79145_at	9.20e-01	7.77e-01	0.2847677	-6.01596	0.03864489	79145_at
6563_at	9.20e-01	7.77e-01	0.2842824	-6.01609	0.03928267	6563_at
55718_at	9.20e-01	7.77e-01	0.2840653	-6.01615	0.03722019	55718_at
56946_at	9.20e-01	7.78e-01	-0.2834797	-6.01631	-0.01909919	56946_at
4430_at	9.20e-01	7.78e-01	-0.283355	-6.01635	-0.04314428	4430_at
9166_at	9.20e-01	7.78e-01	-0.2832881	-6.01636	-0.03512433	9166_at
56062_at	9.20e-01	7.78e-01	0.2832492	-6.01638	0.03534509	56062_at
192286_at	9.20e-01	7.78e-01	0.2832247	-6.01638	0.02510468	192286_at
1636_at	9.20e-01	7.78e-01	-0.2831948	-6.01639	-0.03570115	1636_at
2647_at	9.20e-01	7.78e-01	-0.2831344	-6.01641	-0.04082546	2647_at
6786_at	9.20e-01	7.78e-01	-0.2830064	-6.01644	-0.03339033	6786_at
6891_at	9.20e-01	7.78e-01	-0.2829077	-6.01647	-0.02847286	6891_at
55244_at	9.20e-01	7.78e-01	-0.2827244	-6.01652	-0.0752237	55244_at
35_at	9.20e-01	7.78e-01	0.2826442	-6.01654	0.03698414	35_at
705_at	9.20e-01	7.78e-01	0.2826321	-6.01654	0.03240118	705_at
23309_at	9.20e-01	7.79e-01	-0.2823679	-6.01661	-0.02230384	23309_at
5810_at	9.20e-01	7.79e-01	0.2823566	-6.01662	0.02132339	5810_at
23504_at	9.20e-01	7.79e-01	0.2822546	-6.01665	0.03720388	23504_at
2015_at	9.20e-01	7.79e-01	-0.2822325	-6.01665	-0.03592181	2015_at
8808_at	9.20e-01	7.79e-01	-0.2820295	-6.01671	-0.02926596	8808_at
3646_at	9.20e-01	7.79e-01	0.2820222	-6.01671	0.04050771	3646_at
9379_at	9.20e-01	7.79e-01	-0.2819617	-6.01672	-0.0378832	9379_at
23300_at	9.20e-01	7.79e-01	0.2818006	-6.01677	0.03205264	23300_at
10085_at	9.20e-01	7.79e-01	0.2817157	-6.01679	0.02214679	10085_at
3274_at	9.20e-01	7.79e-01	-0.281709	-6.01679	-0.03521623	3274_at
100507577_at	9.20e-01	7.79e-01	-0.2816441	-6.01681	-0.03323212	100507577_at
4622_at	9.20e-01	7.79e-01	0.2813695	-6.01688	0.01663359	4622_at
54512_at	9.20e-01	7.79e-01	0.2813378	-6.01689	0.02787432	54512_at
25928_at	9.20e-01	7.80e-01	0.2812105	-6.01693	0.09738655	25928_at
6332_at	9.20e-01	7.80e-01	-0.2811244	-6.01695	-0.0258997	6332_at
1793_at	9.20e-01	7.80e-01	-0.2810694	-6.01697	-0.03052649	1793_at
7543_at	9.20e-01	7.80e-01	0.2809553	-6.017	0.02345444	7543_at
3802_at	9.21e-01	7.80e-01	0.2805792	-6.0171	0.03515341	3802_at
10175_at	9.21e-01	7.80e-01	0.2805675	-6.0171	0.03522623	10175_at
54972_at	9.21e-01	7.80e-01	-0.2800886	-6.01723	-0.02804201	54972_at
10957_at	9.21e-01	7.81e-01	-0.2799336	-6.01727	-0.0408809	10957_at
56128_at	9.21e-01	7.81e-01	0.2798574	-6.01729	0.0195126	56128_at
5414_at	9.21e-01	7.81e-01	0.2796467	-6.01735	0.02729889	5414_at
10594_at	9.21e-01	7.81e-01	0.279563	-6.01737	0.02719699	10594_at
4689_at	9.22e-01	7.81e-01	0.2787954	-6.01758	0.04079051	4689_at
55313_at	9.22e-01	7.81e-01	-0.2786984	-6.0176	-0.03314692	55313_at
4609_at	9.22e-01	7.81e-01	0.2786612	-6.01761	0.11838851	4609_at
5641_at	9.22e-01	7.82e-01	0.2782311	-6.01773	0.09470219	5641_at
9447_at	9.22e-01	7.82e-01	-0.2781936	-6.01774	-0.04682156	9447_at
54788_at	9.22e-01	7.82e-01	-0.2777417	-6.01786	-0.01732029	54788_at
6555_at	9.22e-01	7.82e-01	0.2777415	-6.01786	0.11221196	6555_at
55117_at	9.22e-01	7.82e-01	-0.2777407	-6.01786	-0.02684421	55117_at
7699_at	9.22e-01	7.82e-01	0.2776774	-6.01788	0.03586141	7699_at
25984_at	9.22e-01	7.82e-01	-0.2776464	-6.01788	-0.04350576	25984_at
64757_at	9.22e-01	7.83e-01	-0.2770653	-6.01804	-0.02957082	64757_at
79840_at	9.22e-01	7.83e-01	0.2770494	-6.01804	0.03478821	79840_at
5787_at	9.22e-01	7.83e-01	-0.276844	-6.0181	-0.02537255	5787_at
11216_at	9.22e-01	7.83e-01	-0.2766012	-6.01816	-0.0254254	11216_at
5443_at	9.22e-01	7.83e-01	-0.2765557	-6.01817	-0.02937087	5443_at
57003_at	9.22e-01	7.83e-01	0.2764942	-6.01819	0.04282027	57003_at
8557_at	9.23e-01	7.84e-01	-0.2756221	-6.01842	-0.0338621	8557_at
7976_at	9.23e-01	7.84e-01	-0.2754528	-6.01847	-0.0278728	7976_at
79981_at	9.23e-01	7.84e-01	-0.2751843	-6.01854	-0.03194396	79981_at
64919_at	9.23e-01	7.84e-01	-0.2750252	-6.01858	-0.02591862	64919_at
7053_at	9.24e-01	7.85e-01	-0.2746713	-6.01867	-0.02680519	7053_at
84901_at	9.24e-01	7.85e-01	0.2746049	-6.01869	0.01871379	84901_at
6320_at	9.24e-01	7.85e-01	0.2745125	-6.01872	0.02641745	6320_at
10558_at	9.24e-01	7.85e-01	-0.2738817	-6.01888	-0.0309194	10558_at
8089_at	9.24e-01	7.85e-01	0.2738784	-6.01888	0.03130768	8089_at
63976_at	9.24e-01	7.85e-01	-0.2736908	-6.01893	-0.02730582	63976_at
50814_at	9.24e-01	7.85e-01	-0.2735761	-6.01896	-0.03129432	50814_at
8739_at	9.24e-01	7.85e-01	-0.2735366	-6.01897	-0.0221763	8739_at
9341_at	9.24e-01	7.85e-01	0.2734923	-6.01898	0.03185784	9341_at
4713_at	9.24e-01	7.85e-01	-0.2734915	-6.01898	-0.04220207	4713_at
6094_at	9.24e-01	7.86e-01	-0.2732966	-6.01904	-0.03333516	6094_at
5158_at	9.24e-01	7.86e-01	0.2731533	-6.01907	0.02406117	5158_at
26257_at	9.24e-01	7.86e-01	-0.2731522	-6.01907	-0.02662537	26257_at
8636_at	9.24e-01	7.86e-01	0.2728946	-6.01914	0.0264783	8636_at
4784_at	9.24e-01	7.86e-01	-0.2728379	-6.01916	-0.03128928	4784_at
3077_at	9.24e-01	7.86e-01	-0.2725932	-6.01922	-0.02026108	3077_at
64785_at	9.24e-01	7.86e-01	0.2725785	-6.01922	0.02145264	64785_at
23615_at	9.24e-01	7.86e-01	-0.2725365	-6.01923	-0.02854899	23615_at
2028_at	9.24e-01	7.86e-01	-0.2723529	-6.01928	-0.0927733	2028_at
55071_at	9.24e-01	7.86e-01	-0.2722993	-6.0193	-0.02730439	55071_at
8932_at	9.24e-01	7.86e-01	-0.2722508	-6.01931	-0.01530957	8932_at
79446_at	9.24e-01	7.87e-01	0.2718778	-6.01941	0.0278213	79446_at
9895_at	9.24e-01	7.87e-01	-0.2717429	-6.01944	-0.02096883	9895_at
4702_at	9.24e-01	7.87e-01	-0.2716896	-6.01946	-0.03370886	4702_at
51075_at	9.24e-01	7.87e-01	-0.2716006	-6.01948	-0.03727359	51075_at
7070_at	9.24e-01	7.87e-01	-0.2715396	-6.0195	-0.12420939	7070_at
55239_at	9.24e-01	7.87e-01	0.2712333	-6.01958	0.03675992	55239_at
80741_at	9.24e-01	7.87e-01	-0.2711636	-6.01959	-0.03387672	80741_at
11117_at	9.24e-01	7.87e-01	0.2711139	-6.01961	0.03212971	11117_at
6343_at	9.24e-01	7.87e-01	-0.2711063	-6.01961	-0.02645159	6343_at
4351_at	9.24e-01	7.87e-01	-0.2710558	-6.01962	-0.0392304	4351_at
83737_at	9.24e-01	7.87e-01	-0.2710509	-6.01962	-0.02315999	83737_at
56986_at	9.24e-01	7.87e-01	-0.2708629	-6.01967	-0.02732212	56986_at
10521_at	9.24e-01	7.87e-01	0.2707961	-6.01969	0.05692378	10521_at
89_at	9.24e-01	7.88e-01	-0.2706839	-6.01972	-0.02937427	89_at
2191_at	9.24e-01	7.88e-01	-0.2704147	-6.01979	-0.03183987	2191_at
3552_at	9.24e-01	7.88e-01	-0.2703473	-6.01981	-0.02368022	3552_at
6778_at	9.24e-01	7.88e-01	-0.2700947	-6.01987	-0.02267187	6778_at
611_at	9.24e-01	7.88e-01	-0.2700047	-6.01989	-0.02926914	611_at
4588_at	9.24e-01	7.88e-01	0.2699783	-6.0199	0.03105377	4588_at
2892_at	9.24e-01	7.88e-01	0.2699372	-6.01991	0.02371986	2892_at
8458_at	9.24e-01	7.88e-01	0.2697987	-6.01995	0.03059083	8458_at
57337_at	9.24e-01	7.88e-01	0.2697718	-6.01996	0.01769219	57337_at
594855_at	9.24e-01	7.88e-01	-0.2696428	-6.01999	-0.03264361	594855_at
9641_at	9.24e-01	7.88e-01	-0.2696127	-6.02	-0.02822346	9641_at
5568_at	9.25e-01	7.89e-01	-0.2687841	-6.02021	-0.03099636	5568_at
2622_at	9.25e-01	7.89e-01	-0.2687685	-6.02021	-0.02855636	2622_at
79583_at	9.25e-01	7.89e-01	0.2685036	-6.02028	0.02953378	79583_at
27350_at	9.25e-01	7.89e-01	-0.2684381	-6.0203	-0.02571375	27350_at
9148_at	9.25e-01	7.89e-01	0.2684164	-6.02031	0.02211221	9148_at
56267_at	9.25e-01	7.89e-01	0.2682199	-6.02036	0.04859458	56267_at
4586_at	9.25e-01	7.90e-01	-0.2679901	-6.02042	-0.02213835	4586_at
10432_at	9.25e-01	7.90e-01	-0.267931	-6.02043	-0.02916319	10432_at
79696_at	9.25e-01	7.90e-01	0.2679267	-6.02043	0.03335342	79696_at
55643_at	9.25e-01	7.90e-01	-0.2677085	-6.02049	-0.03050191	55643_at
81876_at	9.25e-01	7.90e-01	-0.2674662	-6.02055	-0.04024037	81876_at
10243_at	9.25e-01	7.90e-01	0.2673181	-6.02059	0.06177433	10243_at
8861_at	9.25e-01	7.90e-01	0.2672543	-6.0206	0.0249445	8861_at
5188_at	9.25e-01	7.90e-01	0.2670622	-6.02065	0.03793509	5188_at
29109_at	9.25e-01	7.90e-01	0.2669916	-6.02067	0.02894922	29109_at
6183_at	9.25e-01	7.90e-01	0.2668852	-6.0207	0.02558393	6183_at
80059_at	9.26e-01	7.91e-01	0.2663876	-6.02083	0.01673762	80059_at
8899_at	9.26e-01	7.91e-01	0.2661943	-6.02088	0.03188135	8899_at
51386_at	9.26e-01	7.91e-01	0.265917	-6.02095	0.03519435	51386_at
55269_at	9.26e-01	7.91e-01	0.2657053	-6.021	0.03178142	55269_at
9296_at	9.26e-01	7.91e-01	-0.2656408	-6.02102	-0.03685914	9296_at
1854_at	9.26e-01	7.92e-01	-0.2654015	-6.02108	-0.02161861	1854_at
5834_at	9.26e-01	7.92e-01	0.2647909	-6.02123	0.0332263	5834_at
1677_at	9.26e-01	7.92e-01	0.2647067	-6.02126	0.02990238	1677_at
7288_at	9.26e-01	7.93e-01	0.2642337	-6.02138	0.0322125	7288_at
369_at	9.26e-01	7.93e-01	0.2640539	-6.02142	0.02541436	369_at
1412_at	9.26e-01	7.93e-01	0.2640449	-6.02142	0.02210455	1412_at
4225_at	9.26e-01	7.93e-01	-0.2638374	-6.02148	-0.0283747	4225_at
65005_at	9.26e-01	7.93e-01	0.2637803	-6.02149	0.02604425	65005_at
6197_at	9.26e-01	7.93e-01	-0.2637029	-6.02151	-0.02587011	6197_at
79659_at	9.26e-01	7.93e-01	0.2635992	-6.02154	0.03591048	79659_at
2747_at	9.26e-01	7.93e-01	-0.2635593	-6.02155	-0.03864997	2747_at
2070_at	9.26e-01	7.93e-01	-0.2635275	-6.02155	-0.03570485	2070_at
56848_at	9.26e-01	7.93e-01	-0.2632871	-6.02162	-0.03918131	56848_at
23276_at	9.26e-01	7.93e-01	0.2632187	-6.02163	0.03036983	23276_at
11055_at	9.26e-01	7.93e-01	-0.2632177	-6.02163	-0.03033264	11055_at
1031_at	9.26e-01	7.93e-01	-0.2632159	-6.02163	-0.03162942	1031_at
64240_at	9.26e-01	7.93e-01	0.2631538	-6.02165	0.02364256	64240_at
100093698_at	9.26e-01	7.93e-01	0.2631348	-6.02165	0.02468777	100093698_at
80071_at	9.26e-01	7.93e-01	-0.2630914	-6.02167	-0.03404289	80071_at
5613_at	9.27e-01	7.94e-01	0.2627504	-6.02175	0.04619548	5613_at
7189_at	9.27e-01	7.94e-01	0.2627124	-6.02176	0.03057761	7189_at
54934_at	9.27e-01	7.94e-01	0.2626553	-6.02178	0.02919596	54934_at
51026_at	9.27e-01	7.94e-01	0.2625029	-6.02181	0.03872709	51026_at
11040_at	9.27e-01	7.94e-01	-0.2624359	-6.02183	-0.04558627	11040_at
1020_at	9.27e-01	7.94e-01	0.2624017	-6.02184	0.04015907	1020_at
3145_at	9.27e-01	7.94e-01	-0.2623045	-6.02186	-0.02660081	3145_at
28954_at	9.27e-01	7.94e-01	-0.2620068	-6.02194	-0.02620231	28954_at
11007_at	9.27e-01	7.94e-01	-0.2618942	-6.02197	-0.01971499	11007_at
1856_at	9.27e-01	7.94e-01	-0.2618307	-6.02198	-0.01984375	1856_at
56171_at	9.27e-01	7.94e-01	0.2618001	-6.02199	0.0234634	56171_at
55108_at	9.27e-01	7.95e-01	-0.2614236	-6.02209	-0.02255901	55108_at
2026_at	9.27e-01	7.95e-01	-0.2614125	-6.02209	-0.03647378	2026_at
100505534_at	9.27e-01	7.95e-01	0.2610914	-6.02217	0.02000318	100505534_at
51004_at	9.27e-01	7.95e-01	-0.2610704	-6.02217	-0.03852564	51004_at
3101_at	9.27e-01	7.95e-01	-0.260813	-6.02224	-0.02893599	3101_at
6447_at	9.27e-01	7.95e-01	0.2607626	-6.02225	0.04521206	6447_at
80008_at	9.27e-01	7.95e-01	-0.2607331	-6.02226	-0.01589418	80008_at
100506282_at	9.27e-01	7.95e-01	0.2606991	-6.02227	0.03266551	100506282_at
545_at	9.27e-01	7.95e-01	0.2606831	-6.02227	0.03298975	545_at
3316_at	9.27e-01	7.95e-01	0.2606466	-6.02228	0.04634815	3316_at
2318_at	9.27e-01	7.95e-01	0.260419	-6.02234	0.02941363	2318_at
1645_at	9.27e-01	7.96e-01	0.2600992	-6.02242	0.08142459	1645_at
1357_at	9.27e-01	7.96e-01	-0.2599071	-6.02247	-0.0195956	1357_at
10216_at	9.27e-01	7.96e-01	-0.2592656	-6.02263	-0.01927134	10216_at
23040_at	9.27e-01	7.96e-01	0.2592078	-6.02264	0.01634002	23040_at
6499_at	9.27e-01	7.96e-01	-0.2591213	-6.02266	-0.02342585	6499_at
8352_at	9.27e-01	7.96e-01	-0.2591082	-6.02266	-0.01781693	8352_at
1909_at	9.27e-01	7.97e-01	0.2589768	-6.0227	0.02309262	1909_at
7884_at	9.27e-01	7.97e-01	-0.2589653	-6.0227	-0.04153678	7884_at
23127_at	9.27e-01	7.97e-01	0.2589496	-6.0227	0.02256487	23127_at
23436_at	9.27e-01	7.97e-01	0.2587346	-6.02276	0.0285085	23436_at
5324_at	9.27e-01	7.97e-01	-0.2586876	-6.02277	-0.02833456	5324_at
3850_at	9.27e-01	7.97e-01	-0.2585545	-6.0228	-0.03136959	3850_at
3642_at	9.27e-01	7.97e-01	-0.2584072	-6.02284	-0.01836751	3642_at
51389_at	9.28e-01	7.97e-01	-0.2582219	-6.02288	-0.03118107	51389_at
65982_at	9.28e-01	7.97e-01	-0.2579233	-6.02296	-0.03142792	65982_at
6676_at	9.28e-01	7.98e-01	0.2575927	-6.02304	0.05060325	6676_at
79931_at	9.28e-01	7.98e-01	-0.2575237	-6.02306	-0.01729918	79931_at
56667_at	9.28e-01	7.98e-01	-0.2575027	-6.02306	-0.12346107	56667_at
10014_at	9.28e-01	7.98e-01	-0.2574743	-6.02307	-0.02955015	10014_at
27249_at	9.28e-01	7.98e-01	-0.2574068	-6.02309	-0.02873613	27249_at
7363_at	9.28e-01	7.98e-01	-0.2572662	-6.02312	-0.02389459	7363_at
55139_at	9.28e-01	7.98e-01	0.2572633	-6.02312	0.02661755	55139_at
3202_at	9.28e-01	7.98e-01	-0.2572105	-6.02314	-0.03756264	3202_at
94104_at	9.28e-01	7.98e-01	-0.2571909	-6.02314	-0.02166746	94104_at
6856_at	9.28e-01	7.98e-01	-0.2571051	-6.02316	-0.03000839	6856_at
26054_at	9.28e-01	7.98e-01	-0.2570395	-6.02318	-0.02378291	26054_at
9120_at	9.28e-01	7.98e-01	-0.2566992	-6.02326	-0.05461401	9120_at
2558_at	9.28e-01	7.98e-01	0.2566458	-6.02327	0.01558679	2558_at
10741_at	9.28e-01	7.98e-01	0.2566009	-6.02329	0.03643174	10741_at
2494_at	9.28e-01	7.98e-01	-0.2565296	-6.0233	-0.0131258	2494_at
7850_at	9.28e-01	7.99e-01	0.256406	-6.02333	0.04826521	7850_at
10394_at	9.28e-01	7.99e-01	-0.2563941	-6.02334	-0.02523056	10394_at
9121_at	9.28e-01	7.99e-01	0.2561791	-6.02339	0.05656455	9121_at
5209_at	9.28e-01	7.99e-01	-0.255956	-6.02344	-0.10856652	5209_at
84516_at	9.28e-01	7.99e-01	0.2554138	-6.02358	0.02372535	84516_at
22887_at	9.28e-01	7.99e-01	-0.2554028	-6.02358	-0.02194482	22887_at
124152_at	9.28e-01	7.99e-01	0.255291	-6.02361	0.02343285	124152_at
54998_at	9.28e-01	8.00e-01	-0.2551091	-6.02365	-0.0269852	54998_at
22984_at	9.28e-01	8.00e-01	0.2547601	-6.02374	0.02414444	22984_at
8546_at	9.28e-01	8.00e-01	0.2546897	-6.02375	0.02112613	8546_at
4168_at	9.29e-01	8.00e-01	-0.2543504	-6.02384	-0.01760055	4168_at
5644_at	9.29e-01	8.00e-01	0.2542654	-6.02386	0.0259527	5644_at
55081_at	9.29e-01	8.00e-01	-0.2538766	-6.02395	-0.035971	55081_at
9782_at	9.29e-01	8.00e-01	0.2538646	-6.02396	0.04070287	9782_at
1852_at	9.29e-01	8.01e-01	-0.253833	-6.02396	-0.07798529	1852_at
27254_at	9.29e-01	8.01e-01	-0.2537921	-6.02397	-0.05167482	27254_at
51097_at	9.29e-01	8.01e-01	-0.2536558	-6.02401	-0.03148412	51097_at
22877_at	9.29e-01	8.01e-01	0.2535452	-6.02403	0.02310627	22877_at
23196_at	9.29e-01	8.01e-01	0.2532684	-6.0241	0.01383361	23196_at
10538_at	9.29e-01	8.01e-01	0.2532229	-6.02411	0.0300948	10538_at
26499_at	9.29e-01	8.01e-01	-0.2531646	-6.02413	-0.02786036	26499_at
6367_at	9.29e-01	8.01e-01	-0.2529536	-6.02418	-0.02987808	6367_at
376412_at	9.29e-01	8.01e-01	0.2527329	-6.02423	0.0227708	376412_at
513_at	9.29e-01	8.01e-01	-0.2526266	-6.02426	-0.03001827	513_at
653784_at	9.29e-01	8.01e-01	0.2526064	-6.02426	0.05001425	653784_at
821_at	9.29e-01	8.02e-01	0.2520044	-6.02441	0.03219319	821_at
672_at	9.29e-01	8.02e-01	-0.2518471	-6.02445	-0.02427174	672_at
8260_at	9.30e-01	8.02e-01	-0.2515196	-6.02453	-0.02267522	8260_at
8202_at	9.30e-01	8.03e-01	-0.2512229	-6.0246	-0.01966657	8202_at
1641_at	9.30e-01	8.03e-01	-0.2511714	-6.02461	-0.01821741	1641_at
54853_at	9.30e-01	8.03e-01	0.2511004	-6.02463	0.02594358	54853_at
54836_at	9.30e-01	8.03e-01	0.2509848	-6.02466	0.0364216	54836_at
80207_at	9.30e-01	8.03e-01	-0.2508518	-6.02469	-0.02052214	80207_at
10424_at	9.30e-01	8.03e-01	-0.2508469	-6.02469	-0.0416796	10424_at
9760_at	9.30e-01	8.03e-01	0.2508424	-6.02469	0.02868343	9760_at
10333_at	9.30e-01	8.03e-01	-0.2508136	-6.0247	-0.02494191	10333_at
253725_at	9.30e-01	8.03e-01	0.2506341	-6.02474	0.11952847	253725_at
10045_at	9.30e-01	8.03e-01	0.2502423	-6.02483	0.01975247	10045_at
8369_at	9.30e-01	8.03e-01	-0.2501254	-6.02486	-0.0197685	8369_at
10201_at	9.30e-01	8.03e-01	0.2499751	-6.0249	0.02837475	10201_at
51567_at	9.30e-01	8.03e-01	0.2499672	-6.0249	0.04762643	51567_at
25804_at	9.30e-01	8.04e-01	0.2499327	-6.02491	0.03362327	25804_at
23023_at	9.30e-01	8.04e-01	-0.2498912	-6.02492	-0.01983339	23023_at
913_at	9.30e-01	8.04e-01	-0.2498307	-6.02493	-0.02714144	913_at
4089_at	9.30e-01	8.04e-01	-0.249806	-6.02494	-0.02229564	4089_at
54855_at	9.30e-01	8.04e-01	0.2496753	-6.02497	0.04617854	54855_at
27342_at	9.30e-01	8.04e-01	-0.2494768	-6.02502	-0.02467407	27342_at
79056_at	9.30e-01	8.04e-01	-0.2493639	-6.02504	-0.03111086	79056_at
79684_at	9.30e-01	8.04e-01	-0.2493276	-6.02505	-0.03233577	79684_at
346562_at	9.30e-01	8.04e-01	-0.2492555	-6.02507	-0.0178838	346562_at
2674_at	9.30e-01	8.04e-01	-0.2492545	-6.02507	-0.02961673	2674_at
1838_at	9.30e-01	8.04e-01	-0.2490187	-6.02513	-0.01999337	1838_at
23063_at	9.30e-01	8.04e-01	-0.2489228	-6.02515	-0.0340984	23063_at
624_at	9.30e-01	8.04e-01	-0.2488579	-6.02517	-0.05855911	624_at
9844_at	9.30e-01	8.05e-01	0.2482409	-6.02531	0.03573381	9844_at
4312_at	9.30e-01	8.05e-01	-0.248097	-6.02535	-0.04020676	4312_at
10983_at	9.30e-01	8.05e-01	-0.2480504	-6.02536	-0.02588794	10983_at
126298_at	9.30e-01	8.05e-01	-0.2480104	-6.02537	-0.01415391	126298_at
84302_at	9.30e-01	8.05e-01	-0.2478574	-6.0254	-0.03354594	84302_at
6751_at	9.30e-01	8.05e-01	-0.2478507	-6.02541	-0.02417704	6751_at
10267_at	9.30e-01	8.05e-01	-0.2473728	-6.02552	-0.03225172	10267_at
23053_at	9.30e-01	8.06e-01	0.2471817	-6.02557	0.02067291	23053_at
203069_at	9.30e-01	8.06e-01	-0.2471306	-6.02558	-0.022688	203069_at
4879_at	9.30e-01	8.06e-01	-0.247035	-6.0256	-0.02670358	4879_at
26095_at	9.30e-01	8.06e-01	-0.2470173	-6.0256	-0.04912657	26095_at
9080_at	9.30e-01	8.06e-01	-0.2468709	-6.02564	-0.02541502	9080_at
2081_at	9.30e-01	8.06e-01	-0.2468621	-6.02564	-0.02533872	2081_at
10230_at	9.30e-01	8.06e-01	0.2467823	-6.02566	0.03040957	10230_at
2969_at	9.30e-01	8.06e-01	0.2467796	-6.02566	0.04021756	2969_at
8634_at	9.30e-01	8.06e-01	0.2467328	-6.02567	0.05550241	8634_at
51311_at	9.30e-01	8.06e-01	0.2462954	-6.02578	0.0370079	51311_at
26271_at	9.30e-01	8.06e-01	-0.2462424	-6.02579	-0.0227198	26271_at
26538_at	9.30e-01	8.06e-01	-0.2461092	-6.02582	-0.01868122	26538_at
3363_at	9.30e-01	8.06e-01	0.2460912	-6.02582	0.01752561	3363_at
332_at	9.30e-01	8.06e-01	-0.2460853	-6.02583	-0.03115241	332_at
1808_at	9.30e-01	8.07e-01	-0.2459751	-6.02585	-0.04230244	1808_at
56683_at	9.31e-01	8.07e-01	0.2453951	-6.02599	0.02806515	56683_at
10880_at	9.31e-01	8.07e-01	-0.2453827	-6.02599	-0.0231875	10880_at
11194_at	9.31e-01	8.07e-01	-0.2452111	-6.02603	-0.02229711	11194_at
5763_at	9.31e-01	8.07e-01	-0.2451096	-6.02606	-0.05515149	5763_at
10250_at	9.31e-01	8.07e-01	-0.2450554	-6.02607	-0.02730813	10250_at
55558_at	9.31e-01	8.07e-01	0.2449201	-6.0261	0.0253483	55558_at
55852_at	9.31e-01	8.07e-01	0.2447918	-6.02613	0.0345275	55852_at
6788_at	9.31e-01	8.08e-01	-0.2445201	-6.02619	-0.01502726	6788_at
60481_at	9.31e-01	8.08e-01	0.2444679	-6.02621	0.0293725	60481_at
59272_at	9.31e-01	8.08e-01	0.2443378	-6.02624	0.0859992	59272_at
7110_at	9.31e-01	8.08e-01	0.2442079	-6.02627	0.02993033	7110_at
9052_at	9.31e-01	8.08e-01	-0.2440592	-6.0263	-0.04730105	9052_at
64410_at	9.31e-01	8.08e-01	-0.2435953	-6.02641	-0.0250354	64410_at
5874_at	9.31e-01	8.08e-01	-0.2434932	-6.02643	-0.01579634	5874_at
8613_at	9.31e-01	8.08e-01	0.2434716	-6.02644	0.03575898	8613_at
80014_at	9.31e-01	8.08e-01	0.2434516	-6.02644	0.02900219	80014_at
30850_at	9.32e-01	8.09e-01	-0.2424934	-6.02667	-0.03084572	30850_at
54868_at	9.32e-01	8.09e-01	0.2424295	-6.02668	0.02468294	54868_at
116832_at	9.32e-01	8.09e-01	0.2422321	-6.02673	0.03560459	116832_at
293_at	9.32e-01	8.10e-01	0.2420426	-6.02677	0.02460566	293_at
55668_at	9.32e-01	8.10e-01	0.2417264	-6.02685	0.02011076	55668_at
23214_at	9.32e-01	8.10e-01	0.2417079	-6.02685	0.01835638	23214_at
270_at	9.32e-01	8.10e-01	0.2415737	-6.02688	0.03138087	270_at
3421_at	9.32e-01	8.10e-01	-0.2415305	-6.02689	-0.02701077	3421_at
29767_at	9.32e-01	8.10e-01	0.2410312	-6.02701	0.01625546	29767_at
10228_at	9.32e-01	8.10e-01	0.2408616	-6.02705	0.01737652	10228_at
5213_at	9.32e-01	8.11e-01	-0.2406705	-6.02709	-0.02154276	5213_at
57107_at	9.32e-01	8.11e-01	-0.2406491	-6.0271	-0.04346177	57107_at
79369_at	9.32e-01	8.11e-01	-0.2405618	-6.02712	-0.03765151	79369_at
8602_at	9.32e-01	8.11e-01	0.2405456	-6.02712	0.02396195	8602_at
6718_at	9.33e-01	8.11e-01	-0.2402048	-6.0272	-0.01664189	6718_at
10659_at	9.33e-01	8.11e-01	-0.2400051	-6.02725	-0.03410621	10659_at
10467_at	9.33e-01	8.11e-01	0.2396724	-6.02732	0.03476814	10467_at
54149_at	9.33e-01	8.11e-01	-0.2395757	-6.02734	-0.02450379	54149_at
58529_at	9.33e-01	8.12e-01	-0.2395483	-6.02735	-0.03104583	58529_at
9757_at	9.33e-01	8.12e-01	0.2389192	-6.0275	0.01394295	9757_at
23509_at	9.33e-01	8.12e-01	-0.2388627	-6.02751	-0.01498718	23509_at
8812_at	9.33e-01	8.12e-01	-0.238812	-6.02752	-0.02422849	8812_at
55181_at	9.33e-01	8.12e-01	-0.2387894	-6.02752	-0.0252712	55181_at
51475_at	9.33e-01	8.12e-01	-0.2387512	-6.02753	-0.02578859	51475_at
11187_at	9.33e-01	8.12e-01	-0.2386453	-6.02756	-0.02315784	11187_at
8538_at	9.33e-01	8.12e-01	-0.2384214	-6.02761	-0.03044622	8538_at
2195_at	9.33e-01	8.12e-01	0.2383176	-6.02763	0.04076895	2195_at
28662_at	9.33e-01	8.12e-01	-0.2383145	-6.02763	-0.02039761	28662_at
5021_at	9.33e-01	8.13e-01	-0.238219	-6.02766	-0.0314085	5021_at
51265_at	9.33e-01	8.13e-01	-0.2377742	-6.02776	-0.02218462	51265_at
5406_at	9.33e-01	8.13e-01	-0.2376517	-6.02779	-0.02416189	5406_at
65080_at	9.33e-01	8.13e-01	0.2375321	-6.02781	0.04132261	65080_at
6899_at	9.33e-01	8.13e-01	-0.2375102	-6.02782	-0.01391141	6899_at
64411_at	9.33e-01	8.13e-01	-0.2374737	-6.02783	-0.02470154	64411_at
7082_at	9.33e-01	8.13e-01	0.2374241	-6.02784	0.03710436	7082_at
10225_at	9.33e-01	8.13e-01	-0.2374124	-6.02784	-0.02778224	10225_at
80279_at	9.33e-01	8.13e-01	-0.2372362	-6.02788	-0.02904465	80279_at
57680_at	9.33e-01	8.14e-01	0.2369565	-6.02794	0.0267983	57680_at
2830_at	9.33e-01	8.14e-01	0.236905	-6.02796	0.01765361	2830_at
926_at	9.33e-01	8.14e-01	0.2368674	-6.02796	0.01981155	926_at
8528_at	9.33e-01	8.14e-01	0.2366151	-6.02802	0.04202844	8528_at
57157_at	9.33e-01	8.14e-01	-0.2366025	-6.02802	-0.01597346	57157_at
2702_at	9.33e-01	8.14e-01	0.2365362	-6.02804	0.02752776	2702_at
8879_at	9.34e-01	8.14e-01	-0.2362025	-6.02812	-0.0254443	8879_at
11334_at	9.34e-01	8.14e-01	0.2360078	-6.02816	0.0216497	11334_at
63895_at	9.34e-01	8.14e-01	-0.235922	-6.02818	-0.01834873	63895_at
3695_at	9.34e-01	8.14e-01	-0.2358075	-6.0282	-0.02511785	3695_at
10209_at	9.34e-01	8.14e-01	0.2357168	-6.02823	0.02263735	10209_at
10641_at	9.34e-01	8.14e-01	0.2356716	-6.02824	0.02210771	10641_at
10178_at	9.34e-01	8.15e-01	-0.2356468	-6.02824	-0.02195861	10178_at
57591_at	9.34e-01	8.15e-01	-0.2351526	-6.02835	-0.01834371	57591_at
54802_at	9.34e-01	8.15e-01	0.2350381	-6.02838	0.0302309	54802_at
5900_at	9.34e-01	8.15e-01	0.2349107	-6.02841	0.02619941	5900_at
23530_at	9.34e-01	8.15e-01	0.2348583	-6.02842	0.03540978	23530_at
50649_at	9.34e-01	8.15e-01	-0.2348057	-6.02843	-0.01843334	50649_at
5243_at	9.34e-01	8.15e-01	-0.2347864	-6.02844	-0.04879157	5243_at
11061_at	9.34e-01	8.15e-01	-0.234644	-6.02847	-0.02669904	11061_at
3590_at	9.34e-01	8.15e-01	-0.2345502	-6.02849	-0.02849516	3590_at
7905_at	9.34e-01	8.16e-01	0.2341389	-6.02858	0.02471566	7905_at
8498_at	9.34e-01	8.16e-01	-0.2338193	-6.02865	-0.01319056	8498_at
51599_at	9.34e-01	8.16e-01	0.2335338	-6.02872	0.04690065	51599_at
84869_at	9.34e-01	8.16e-01	-0.2333717	-6.02875	-0.04082486	84869_at
57111_at	9.34e-01	8.16e-01	0.2332127	-6.02879	0.06748205	57111_at
8886_at	9.34e-01	8.16e-01	0.2331291	-6.02881	0.01834995	8886_at
81570_at	9.34e-01	8.17e-01	-0.2330578	-6.02882	-0.03744604	81570_at
5881_at	9.34e-01	8.17e-01	-0.2329763	-6.02884	-0.02614353	5881_at
7517_at	9.34e-01	8.17e-01	0.2329253	-6.02885	0.02387945	7517_at
7150_at	9.34e-01	8.17e-01	0.2328908	-6.02886	0.02736818	7150_at
2013_at	9.34e-01	8.17e-01	-0.2327258	-6.0289	-0.03370014	2013_at
23204_at	9.35e-01	8.17e-01	-0.2325077	-6.02895	-0.03141891	23204_at
4986_at	9.35e-01	8.17e-01	-0.2323179	-6.02899	-0.02384718	4986_at
83259_at	9.35e-01	8.17e-01	0.2322246	-6.02901	0.0154042	83259_at
4752_at	9.35e-01	8.17e-01	-0.23204	-6.02905	-0.02318153	4752_at
56967_at	9.35e-01	8.17e-01	-0.2319272	-6.02908	-0.03680401	56967_at
23236_at	9.35e-01	8.17e-01	0.231914	-6.02908	0.02796206	23236_at
5338_at	9.35e-01	8.17e-01	-0.2318056	-6.0291	-0.02545051	5338_at
3313_at	9.35e-01	8.18e-01	-0.2315297	-6.02917	-0.03457706	3313_at
7187_at	9.35e-01	8.18e-01	0.2313742	-6.0292	0.02105565	7187_at
51573_at	9.35e-01	8.18e-01	0.2311233	-6.02926	0.03325955	51573_at
3860_at	9.35e-01	8.18e-01	0.231044	-6.02927	0.01962297	3860_at
326_at	9.35e-01	8.18e-01	-0.2304995	-6.02939	-0.02712559	326_at
55245_at	9.35e-01	8.19e-01	-0.2303059	-6.02944	-0.02317213	55245_at
9886_at	9.35e-01	8.19e-01	0.2302003	-6.02946	0.06646619	9886_at
5455_at	9.35e-01	8.19e-01	-0.2299023	-6.02953	-0.02901561	5455_at
60681_at	9.35e-01	8.19e-01	0.2298947	-6.02953	0.02838386	60681_at
23306_at	9.35e-01	8.19e-01	-0.2298798	-6.02953	-0.0213247	23306_at
10015_at	9.35e-01	8.19e-01	-0.2295672	-6.0296	-0.02714212	10015_at
29953_at	9.35e-01	8.19e-01	-0.2294392	-6.02963	-0.06156487	29953_at
65057_at	9.35e-01	8.19e-01	0.2292064	-6.02968	0.01981888	65057_at
5098_at	9.35e-01	8.20e-01	0.2290239	-6.02972	0.01634229	5098_at
79622_at	9.35e-01	8.20e-01	-0.2288981	-6.02975	-0.03230157	79622_at
7007_at	9.35e-01	8.20e-01	-0.2286589	-6.0298	-0.02144878	7007_at
79754_at	9.35e-01	8.20e-01	-0.2285814	-6.02982	-0.04108079	79754_at
8390_at	9.35e-01	8.20e-01	-0.2285571	-6.02982	-0.02747248	8390_at
2564_at	9.35e-01	8.20e-01	-0.228549	-6.02982	-0.02629928	2564_at
23639_at	9.35e-01	8.20e-01	0.2284211	-6.02985	0.02915355	23639_at
7869_at	9.35e-01	8.20e-01	-0.2283836	-6.02986	-0.04191223	7869_at
79147_at	9.35e-01	8.20e-01	-0.2283223	-6.02987	-0.01738249	79147_at
6002_at	9.35e-01	8.20e-01	0.2282894	-6.02988	0.01441117	6002_at
79667_at	9.35e-01	8.20e-01	0.22823	-6.02989	0.0192892	79667_at
374655_at	9.35e-01	8.20e-01	-0.2281984	-6.0299	-0.01701659	374655_at
79148_at	9.35e-01	8.20e-01	-0.2281698	-6.02991	-0.01719888	79148_at
54700_at	9.35e-01	8.20e-01	0.2280447	-6.02994	0.03605228	54700_at
6477_at	9.35e-01	8.20e-01	0.2279636	-6.02995	0.02099214	6477_at
54927_at	9.35e-01	8.20e-01	0.2279559	-6.02995	0.03703601	54927_at
9903_at	9.35e-01	8.20e-01	-0.227952	-6.02996	-0.03386154	9903_at
1728_at	9.35e-01	8.21e-01	0.2278488	-6.02998	0.08897612	1728_at
84722_at	9.35e-01	8.21e-01	-0.2278216	-6.02998	-0.02609985	84722_at
8343_at	9.35e-01	8.21e-01	-0.2276666	-6.03002	-0.03628194	8343_at
79137_at	9.35e-01	8.21e-01	-0.2276202	-6.03003	-0.01807836	79137_at
50861_at	9.36e-01	8.21e-01	0.2271469	-6.03013	0.02524488	50861_at
8076_at	9.36e-01	8.21e-01	0.2270636	-6.03015	0.05350428	8076_at
55233_at	9.36e-01	8.21e-01	0.2268873	-6.03019	0.0301407	55233_at
6905_at	9.36e-01	8.21e-01	0.2268705	-6.03019	0.02740631	6905_at
10469_at	9.36e-01	8.21e-01	0.2267175	-6.03023	0.01953956	10469_at
23633_at	9.36e-01	8.22e-01	-0.2264959	-6.03027	-0.0167326	23633_at
3617_at	9.36e-01	8.22e-01	-0.2264672	-6.03028	-0.01372018	3617_at
2623_at	9.36e-01	8.22e-01	-0.226179	-6.03034	-0.02727536	2623_at
60491_at	9.36e-01	8.22e-01	0.2261516	-6.03035	0.02476814	60491_at
80161_at	9.36e-01	8.22e-01	-0.2261015	-6.03036	-0.02316473	80161_at
64864_at	9.36e-01	8.22e-01	-0.2260451	-6.03037	-0.01798297	64864_at
6344_at	9.36e-01	8.22e-01	0.2259593	-6.03039	0.03003488	6344_at
2054_at	9.36e-01	8.22e-01	0.2259411	-6.03039	0.02263738	2054_at
51008_at	9.36e-01	8.22e-01	-0.2257489	-6.03044	-0.02805919	51008_at
5971_at	9.36e-01	8.22e-01	-0.2256235	-6.03046	-0.0295504	5971_at
3191_at	9.36e-01	8.22e-01	-0.2256136	-6.03047	-0.02911476	3191_at
6218_at	9.36e-01	8.23e-01	-0.2252695	-6.03054	-0.02684461	6218_at
55508_at	9.36e-01	8.23e-01	-0.2249566	-6.03061	-0.02479686	55508_at
25960_at	9.36e-01	8.23e-01	0.2248473	-6.03063	0.02159464	25960_at
8832_at	9.36e-01	8.23e-01	-0.2247876	-6.03064	-0.03117977	8832_at
8318_at	9.36e-01	8.23e-01	-0.2244214	-6.03072	-0.03114813	8318_at
9429_at	9.37e-01	8.24e-01	-0.2234744	-6.03093	-0.06628735	9429_at
8892_at	9.37e-01	8.24e-01	0.2233624	-6.03095	0.02965023	8892_at
64427_at	9.37e-01	8.24e-01	0.22299	-6.03103	0.01986691	64427_at
9678_at	9.38e-01	8.25e-01	0.2222698	-6.03118	0.01318554	9678_at
11317_at	9.38e-01	8.25e-01	-0.2219128	-6.03126	-0.02101822	11317_at
2867_at	9.38e-01	8.25e-01	0.2218164	-6.03128	0.01821944	2867_at
4722_at	9.38e-01	8.25e-01	-0.2217165	-6.0313	-0.02544272	4722_at
23101_at	9.38e-01	8.25e-01	0.2215933	-6.03133	0.01136142	23101_at
57473_at	9.38e-01	8.25e-01	0.2214806	-6.03135	0.01932882	57473_at
79983_at	9.38e-01	8.26e-01	-0.2209854	-6.03146	-0.018826	79983_at
8736_at	9.38e-01	8.26e-01	-0.2209573	-6.03146	-0.02160751	8736_at
64577_at	9.38e-01	8.26e-01	0.2209368	-6.03147	0.06254489	64577_at
11142_at	9.38e-01	8.26e-01	0.2206747	-6.03152	0.02184304	11142_at
1232_at	9.39e-01	8.26e-01	-0.2202076	-6.03162	-0.02757406	1232_at
285672_at	9.39e-01	8.26e-01	0.2201964	-6.03163	0.02006702	285672_at
3361_at	9.39e-01	8.26e-01	0.220191	-6.03163	0.02295501	3361_at
29766_at	9.39e-01	8.27e-01	0.220121	-6.03164	0.02504649	29766_at
28958_at	9.39e-01	8.27e-01	0.2199522	-6.03168	0.02042535	28958_at
23335_at	9.39e-01	8.27e-01	0.2198737	-6.03169	0.02798912	23335_at
51751_at	9.39e-01	8.27e-01	-0.2198174	-6.03171	-0.02605847	51751_at
28785_at	9.39e-01	8.27e-01	-0.2193139	-6.03181	-0.02967898	28785_at
55308_at	9.39e-01	8.27e-01	0.2191754	-6.03184	0.01870396	55308_at
348_at	9.39e-01	8.27e-01	0.2191721	-6.03184	0.07279419	348_at
2331_at	9.39e-01	8.27e-01	-0.2190626	-6.03187	-0.0390753	2331_at
6361_at	9.39e-01	8.28e-01	-0.2187721	-6.03193	-0.02337202	6361_at
57134_at	9.39e-01	8.28e-01	0.2185952	-6.03196	0.06271163	57134_at
79913_at	9.39e-01	8.28e-01	-0.2181282	-6.03206	-0.01581359	79913_at
2122_at	9.39e-01	8.28e-01	0.2180416	-6.03208	0.06946459	2122_at
79073_at	9.40e-01	8.28e-01	0.2176656	-6.03216	0.01981406	79073_at
10147_at	9.40e-01	8.29e-01	-0.2172537	-6.03224	-0.01231006	10147_at
9427_at	9.40e-01	8.29e-01	0.2170189	-6.03229	0.02356626	9427_at
9902_at	9.40e-01	8.29e-01	-0.2169919	-6.0323	-0.0208945	9902_at
5096_at	9.40e-01	8.29e-01	-0.2166162	-6.03238	-0.03832205	5096_at
23555_at	9.40e-01	8.29e-01	-0.2165934	-6.03238	-0.02606966	23555_at
10520_at	9.40e-01	8.29e-01	0.2165331	-6.03239	0.02227722	10520_at
5244_at	9.40e-01	8.29e-01	0.2164117	-6.03242	0.03369407	5244_at
55596_at	9.40e-01	8.29e-01	-0.2163976	-6.03242	-0.02452966	55596_at
7385_at	9.40e-01	8.29e-01	-0.2163172	-6.03244	-0.02663396	7385_at
2296_at	9.40e-01	8.30e-01	0.2162402	-6.03246	0.04401456	2296_at
54544_at	9.40e-01	8.30e-01	-0.2159795	-6.03251	-0.01751713	54544_at
5571_at	9.40e-01	8.30e-01	0.2156222	-6.03258	0.02064506	5571_at
6507_at	9.40e-01	8.30e-01	0.2156082	-6.03259	0.03227753	6507_at
11196_at	9.40e-01	8.30e-01	0.2154708	-6.03262	0.01589121	11196_at
27292_at	9.40e-01	8.30e-01	-0.2154395	-6.03262	-0.02448368	27292_at
1644_at	9.40e-01	8.30e-01	-0.2153406	-6.03264	-0.07664176	1644_at
921_at	9.40e-01	8.30e-01	-0.2152319	-6.03266	-0.02419575	921_at
5544_at	9.40e-01	8.30e-01	-0.2151565	-6.03268	-0.02161921	5544_at
55666_at	9.40e-01	8.30e-01	-0.2150834	-6.0327	-0.02463167	55666_at
3149_at	9.41e-01	8.31e-01	-0.2144287	-6.03283	-0.03652737	3149_at
8631_at	9.41e-01	8.31e-01	0.2143852	-6.03284	0.03320267	8631_at
6003_at	9.41e-01	8.31e-01	0.2143425	-6.03285	0.01665551	6003_at
6540_at	9.41e-01	8.31e-01	-0.2142876	-6.03286	-0.06739937	6540_at
7042_at	9.41e-01	8.31e-01	0.21391	-6.03294	0.01548352	7042_at
3198_at	9.41e-01	8.32e-01	-0.2137158	-6.03298	-0.02100651	3198_at
750_at	9.41e-01	8.32e-01	0.2137025	-6.03298	0.02110515	750_at
8479_at	9.41e-01	8.32e-01	-0.2135571	-6.03301	-0.02314542	8479_at
55135_at	9.41e-01	8.32e-01	0.2135093	-6.03302	0.01969318	55135_at
55026_at	9.41e-01	8.32e-01	-0.2133584	-6.03305	-0.04365774	55026_at
64754_at	9.41e-01	8.32e-01	-0.213279	-6.03307	-0.02612442	64754_at
10069_at	9.41e-01	8.32e-01	0.212869	-6.03315	0.02494083	10069_at
146227_at	9.41e-01	8.32e-01	-0.2128455	-6.03316	-0.02346274	146227_at
2235_at	9.41e-01	8.32e-01	0.2127142	-6.03318	0.04228788	2235_at
23409_at	9.41e-01	8.32e-01	-0.2126276	-6.0332	-0.02428145	23409_at
57212_at	9.41e-01	8.32e-01	-0.2125827	-6.03321	-0.01469596	57212_at
7402_at	9.41e-01	8.33e-01	-0.2124025	-6.03325	-0.02109133	7402_at
5132_at	9.41e-01	8.33e-01	0.2123704	-6.03325	0.01332217	5132_at
51174_at	9.41e-01	8.33e-01	0.2122419	-6.03328	0.02062776	51174_at
3169_at	9.41e-01	8.33e-01	-0.2122086	-6.03329	-0.03695322	3169_at
84061_at	9.41e-01	8.33e-01	-0.2121098	-6.03331	-0.03011295	84061_at
10020_at	9.41e-01	8.33e-01	0.212029	-6.03332	0.03823012	10020_at
11157_at	9.41e-01	8.33e-01	0.2120073	-6.03333	0.03017254	11157_at
80763_at	9.41e-01	8.33e-01	-0.2119893	-6.03333	-0.03456886	80763_at
9092_at	9.41e-01	8.33e-01	-0.2118763	-6.03335	-0.02273093	9092_at
23039_at	9.41e-01	8.33e-01	-0.2118456	-6.03336	-0.03530956	23039_at
116138_at	9.41e-01	8.33e-01	-0.2117804	-6.03337	-0.02014163	116138_at
27258_at	9.41e-01	8.33e-01	-0.2117678	-6.03338	-0.02538679	27258_at
55770_at	9.41e-01	8.33e-01	0.2116248	-6.0334	0.02876792	55770_at
55811_at	9.41e-01	8.33e-01	-0.2115125	-6.03343	-0.01400357	55811_at
114884_at	9.41e-01	8.33e-01	-0.2114197	-6.03345	-0.03569116	114884_at
4337_at	9.41e-01	8.33e-01	-0.2113142	-6.03347	-0.03410361	4337_at
26286_at	9.41e-01	8.33e-01	0.2112998	-6.03347	0.03737311	26286_at
84823_at	9.41e-01	8.34e-01	-0.2106785	-6.0336	-0.02476893	84823_at
79980_at	9.41e-01	8.34e-01	-0.2106135	-6.03361	-0.01710133	79980_at
57338_at	9.41e-01	8.34e-01	-0.2103503	-6.03366	-0.01752594	57338_at
1593_at	9.41e-01	8.34e-01	-0.2103234	-6.03367	-0.03967444	1593_at
55316_at	9.41e-01	8.34e-01	0.2102505	-6.03368	0.02497386	55316_at
9906_at	9.41e-01	8.34e-01	-0.2102417	-6.03368	-0.02254702	9906_at
6790_at	9.41e-01	8.34e-01	0.2099714	-6.03374	0.02726551	6790_at
9783_at	9.41e-01	8.34e-01	0.2099109	-6.03375	0.019934	9783_at
23144_at	9.41e-01	8.34e-01	-0.2098655	-6.03376	-0.02305822	23144_at
3082_at	9.41e-01	8.35e-01	0.209649	-6.0338	0.01516991	3082_at
647288_at	9.41e-01	8.35e-01	0.2096319	-6.03381	0.01743522	647288_at
6821_at	9.41e-01	8.35e-01	-0.2096034	-6.03381	-0.04260175	6821_at
55167_at	9.41e-01	8.35e-01	0.2093491	-6.03387	0.02622776	55167_at
51006_at	9.41e-01	8.35e-01	0.2091749	-6.0339	0.02727782	51006_at
7592_at	9.41e-01	8.35e-01	-0.2091536	-6.0339	-0.01972981	7592_at
54874_at	9.41e-01	8.35e-01	-0.2091124	-6.03391	-0.04759722	54874_at
3320_at	9.41e-01	8.35e-01	0.20895	-6.03395	0.03132753	3320_at
5530_at	9.41e-01	8.35e-01	0.2089253	-6.03395	0.02615987	5530_at
222642_at	9.41e-01	8.35e-01	-0.2088518	-6.03396	-0.02628799	222642_at
60509_at	9.41e-01	8.35e-01	-0.208648	-6.03401	-0.02727155	60509_at
3005_at	9.41e-01	8.35e-01	-0.2086442	-6.03401	-0.04533002	3005_at
23279_at	9.41e-01	8.35e-01	-0.2086077	-6.03401	-0.01989084	23279_at
30819_at	9.41e-01	8.36e-01	-0.2085472	-6.03403	-0.01933928	30819_at
2709_at	9.41e-01	8.36e-01	0.2083165	-6.03407	0.02073616	2709_at
7047_at	9.41e-01	8.36e-01	-0.208219	-6.03409	-0.01540587	7047_at
9400_at	9.41e-01	8.36e-01	-0.2080766	-6.03412	-0.0165329	9400_at
79441_at	9.41e-01	8.36e-01	0.2080534	-6.03412	0.02595683	79441_at
4282_at	9.41e-01	8.36e-01	-0.2080383	-6.03413	-0.02317834	4282_at
7355_at	9.41e-01	8.36e-01	-0.2077027	-6.0342	-0.01443217	7355_at
27136_at	9.41e-01	8.36e-01	-0.2076869	-6.0342	-0.01375918	27136_at
5866_at	9.41e-01	8.36e-01	-0.2075559	-6.03422	-0.0272551	5866_at
64786_at	9.41e-01	8.36e-01	-0.2073135	-6.03427	-0.02935213	64786_at
221692_at	9.41e-01	8.37e-01	0.2069726	-6.03434	0.02943959	221692_at
29851_at	9.41e-01	8.37e-01	0.2067475	-6.03439	0.02079886	29851_at
113835_at	9.41e-01	8.37e-01	-0.2066583	-6.0344	-0.01502191	113835_at
3294_at	9.41e-01	8.37e-01	-0.2066468	-6.03441	-0.026084	3294_at
28904_at	9.41e-01	8.37e-01	0.206645	-6.03441	0.04134887	28904_at
4224_at	9.41e-01	8.37e-01	0.2065263	-6.03443	0.02670331	4224_at
27034_at	9.41e-01	8.37e-01	-0.2064623	-6.03444	-0.05024623	27034_at
4357_at	9.41e-01	8.37e-01	0.2064113	-6.03445	0.03328693	4357_at
1109_at	9.41e-01	8.37e-01	-0.2064063	-6.03445	-0.01581516	1109_at
7274_at	9.41e-01	8.37e-01	-0.2063655	-6.03446	-0.03099127	7274_at
10518_at	9.41e-01	8.37e-01	-0.2062821	-6.03448	-0.02525657	10518_at
7419_at	9.41e-01	8.37e-01	0.2062409	-6.03449	0.02116872	7419_at
3178_at	9.41e-01	8.37e-01	-0.2060182	-6.03453	-0.02179758	3178_at
1716_at	9.41e-01	8.38e-01	0.2057739	-6.03458	0.0178358	1716_at
10141_at	9.41e-01	8.38e-01	0.2056876	-6.0346	0.01944059	10141_at
353189_at	9.41e-01	8.38e-01	0.2056818	-6.0346	0.052499	353189_at
11131_at	9.42e-01	8.38e-01	-0.2050978	-6.03471	-0.02037718	11131_at
100289097_at	9.42e-01	8.38e-01	0.2050629	-6.03472	0.06429627	100289097_at
688_at	9.42e-01	8.38e-01	-0.2050279	-6.03473	-0.02434429	688_at
26191_at	9.42e-01	8.38e-01	-0.2049265	-6.03475	-0.01488445	26191_at
2113_at	9.42e-01	8.39e-01	-0.2046143	-6.03481	-0.02618127	2113_at
4160_at	9.42e-01	8.39e-01	-0.2045858	-6.03481	-0.01963688	4160_at
54521_at	9.42e-01	8.39e-01	-0.204535	-6.03482	-0.0284677	54521_at
64921_at	9.42e-01	8.39e-01	-0.2044499	-6.03484	-0.03370467	64921_at
28978_at	9.42e-01	8.39e-01	0.2044227	-6.03484	0.03189952	28978_at
3840_at	9.42e-01	8.39e-01	0.2042228	-6.03488	0.02613467	3840_at
10219_at	9.42e-01	8.39e-01	-0.2041704	-6.03489	-0.0287522	10219_at
5979_at	9.42e-01	8.39e-01	-0.2037925	-6.03497	-0.01631803	5979_at
1040_at	9.42e-01	8.39e-01	0.2036511	-6.035	0.02702792	1040_at
23199_at	9.42e-01	8.39e-01	0.2035949	-6.03501	0.02023825	23199_at
5525_at	9.42e-01	8.39e-01	0.2035228	-6.03502	0.02142923	5525_at
3346_at	9.42e-01	8.40e-01	-0.2033432	-6.03506	-0.01648134	3346_at
3203_at	9.42e-01	8.40e-01	-0.2033237	-6.03506	-0.02439824	3203_at
6731_at	9.42e-01	8.40e-01	0.203227	-6.03508	0.02680514	6731_at
9812_at	9.42e-01	8.40e-01	-0.203203	-6.03508	-0.01896096	9812_at
4087_at	9.42e-01	8.40e-01	0.2028639	-6.03515	0.02203219	4087_at
5121_at	9.42e-01	8.40e-01	-0.202727	-6.03518	-0.1031549	5121_at
58494_at	9.42e-01	8.40e-01	0.2026357	-6.03519	0.03764994	58494_at
80736_at	9.42e-01	8.40e-01	-0.2024979	-6.03522	-0.05848625	80736_at
9585_at	9.42e-01	8.40e-01	-0.2021887	-6.03528	-0.01729286	9585_at
969_at	9.42e-01	8.41e-01	0.2020249	-6.03531	0.04413115	969_at
200424_at	9.42e-01	8.41e-01	-0.2019506	-6.03533	-0.02319741	200424_at
3060_at	9.43e-01	8.41e-01	0.2017668	-6.03536	0.02002053	3060_at
1310_at	9.43e-01	8.41e-01	0.2012901	-6.03546	0.01718941	1310_at
23464_at	9.43e-01	8.42e-01	-0.2007486	-6.03556	-0.03950625	23464_at
55011_at	9.43e-01	8.42e-01	-0.2004402	-6.03562	-0.02132606	55011_at
3891_at	9.44e-01	8.42e-01	-0.1995879	-6.03578	-0.02254532	3891_at
27018_at	9.44e-01	8.43e-01	-0.1992898	-6.03584	-0.01637408	27018_at
9633_at	9.44e-01	8.43e-01	0.1992795	-6.03584	0.03137474	9633_at
1440_at	9.44e-01	8.43e-01	-0.1992342	-6.03585	-0.02286888	1440_at
949_at	9.44e-01	8.43e-01	-0.1990732	-6.03588	-0.02149772	949_at
23262_at	9.44e-01	8.43e-01	0.1989747	-6.0359	0.02953641	23262_at
27341_at	9.44e-01	8.43e-01	0.198749	-6.03594	0.02798808	27341_at
56901_at	9.44e-01	8.43e-01	-0.1986605	-6.03596	-0.02049035	56901_at
55930_at	9.44e-01	8.43e-01	0.1984223	-6.03601	0.04534812	55930_at
56245_at	9.44e-01	8.43e-01	0.1983496	-6.03602	0.03234451	56245_at
3044_at	9.44e-01	8.44e-01	-0.1981732	-6.03605	-0.02559401	3044_at
1473_at	9.44e-01	8.44e-01	-0.1979864	-6.03609	-0.01820171	1473_at
1846_at	9.44e-01	8.44e-01	-0.1979829	-6.03609	-0.01737504	1846_at
4285_at	9.44e-01	8.44e-01	0.1977114	-6.03614	0.02102528	4285_at
9592_at	9.44e-01	8.44e-01	-0.1976876	-6.03615	-0.04323175	9592_at
1788_at	9.44e-01	8.44e-01	-0.1976815	-6.03615	-0.01858001	1788_at
8427_at	9.44e-01	8.44e-01	0.197633	-6.03616	0.02405354	8427_at
7293_at	9.44e-01	8.44e-01	0.1975328	-6.03618	0.02171244	7293_at
10652_at	9.44e-01	8.44e-01	-0.1974595	-6.03619	-0.02076301	10652_at
159963_at	9.44e-01	8.44e-01	-0.197448	-6.03619	-0.0722278	159963_at
3440_at	9.44e-01	8.44e-01	0.1973699	-6.03621	0.01234808	3440_at
79037_at	9.44e-01	8.45e-01	0.1969296	-6.03629	0.04541379	79037_at
80339_at	9.44e-01	8.45e-01	-0.1968892	-6.0363	-0.051497	80339_at
22986_at	9.44e-01	8.45e-01	-0.196681	-6.03634	-0.01880362	22986_at
50863_at	9.44e-01	8.45e-01	-0.1965835	-6.03636	-0.02044482	50863_at
3752_at	9.44e-01	8.45e-01	-0.1964602	-6.03638	-0.01540758	3752_at
9244_at	9.44e-01	8.45e-01	-0.1963675	-6.0364	-0.02515724	9244_at
10017_at	9.44e-01	8.45e-01	0.1962988	-6.03641	0.02077347	10017_at
4033_at	9.44e-01	8.45e-01	0.1962973	-6.03641	0.03009769	4033_at
23293_at	9.44e-01	8.45e-01	-0.1961757	-6.03643	-0.02223504	23293_at
27089_at	9.44e-01	8.45e-01	0.1961612	-6.03644	0.01834694	27089_at
79042_at	9.44e-01	8.45e-01	0.1960048	-6.03646	0.02073672	79042_at
11179_at	9.44e-01	8.45e-01	0.1959984	-6.03647	0.02912579	11179_at
29919_at	9.44e-01	8.45e-01	-0.1958998	-6.03648	-0.033547	29919_at
254531_at	9.44e-01	8.45e-01	-0.1958683	-6.03649	-0.01479679	254531_at
23211_at	9.44e-01	8.45e-01	0.1958252	-6.0365	0.02664431	23211_at
8099_at	9.44e-01	8.45e-01	-0.1957674	-6.03651	-0.03438876	8099_at
9185_at	9.44e-01	8.46e-01	-0.1955703	-6.03655	-0.08935893	9185_at
6992_at	9.44e-01	8.46e-01	-0.1955392	-6.03655	-0.02006605	6992_at
10585_at	9.44e-01	8.46e-01	-0.1955346	-6.03655	-0.02603709	10585_at
8761_at	9.44e-01	8.46e-01	-0.1954969	-6.03656	-0.04128553	8761_at
784_at	9.44e-01	8.46e-01	0.1954372	-6.03657	0.0199478	784_at
55328_at	9.44e-01	8.46e-01	0.1949216	-6.03667	0.02081534	55328_at
5192_at	9.44e-01	8.46e-01	-0.1949165	-6.03667	-0.01813694	5192_at
8359_at	9.44e-01	8.46e-01	0.1947788	-6.0367	0.02210312	8359_at
10023_at	9.44e-01	8.46e-01	-0.194766	-6.0367	-0.02578087	10023_at
1146_at	9.44e-01	8.46e-01	-0.1946456	-6.03672	-0.02154791	1146_at
55222_at	9.44e-01	8.46e-01	0.194526	-6.03674	0.01753885	55222_at
10083_at	9.44e-01	8.46e-01	-0.1944878	-6.03675	-0.04057578	10083_at
8335_at	9.44e-01	8.47e-01	0.194277	-6.03679	0.02219363	8335_at
10988_at	9.44e-01	8.47e-01	0.1940781	-6.03683	0.02180486	10988_at
7145_at	9.44e-01	8.47e-01	0.1940552	-6.03683	0.02625653	7145_at
51314_at	9.44e-01	8.47e-01	-0.1940263	-6.03684	-0.01671568	51314_at
57333_at	9.45e-01	8.47e-01	-0.1937164	-6.03689	-0.0157687	57333_at
55180_at	9.45e-01	8.47e-01	-0.1936238	-6.03691	-0.01539402	55180_at
55270_at	9.45e-01	8.47e-01	0.1932637	-6.03698	0.02504603	55270_at
81631_at	9.45e-01	8.48e-01	-0.1931235	-6.037	-0.02568585	81631_at
8564_at	9.45e-01	8.48e-01	0.1931097	-6.03701	0.07850764	8564_at
6342_at	9.45e-01	8.48e-01	-0.192931	-6.03704	-0.02334925	6342_at
253959_at	9.45e-01	8.48e-01	-0.1925483	-6.03711	-0.04206835	253959_at
6877_at	9.45e-01	8.48e-01	-0.1924843	-6.03712	-0.01952568	6877_at
79805_at	9.45e-01	8.48e-01	0.1924452	-6.03713	0.02547448	79805_at
2539_at	9.45e-01	8.48e-01	-0.1920204	-6.03721	-0.02487671	2539_at
23173_at	9.45e-01	8.49e-01	-0.1916242	-6.03728	-0.02515639	23173_at
2596_at	9.46e-01	8.49e-01	0.1912706	-6.03735	0.01291743	2596_at
9034_at	9.46e-01	8.49e-01	-0.1911732	-6.03736	-0.0244836	9034_at
3572_at	9.46e-01	8.49e-01	0.1909667	-6.0374	0.02341295	3572_at
1292_at	9.46e-01	8.49e-01	0.1908555	-6.03742	0.02694867	1292_at
55650_at	9.46e-01	8.49e-01	-0.190771	-6.03744	-0.02479164	55650_at
10640_at	9.46e-01	8.50e-01	-0.1903035	-6.03752	-0.04038761	10640_at
54881_at	9.46e-01	8.50e-01	0.1900979	-6.03756	0.01880328	54881_at
3886_at	9.46e-01	8.50e-01	-0.1897027	-6.03763	-0.01841352	3886_at
23229_at	9.47e-01	8.50e-01	0.1894191	-6.03768	0.02633478	23229_at
9866_at	9.47e-01	8.51e-01	0.1886771	-6.03782	0.02015857	9866_at
7516_at	9.47e-01	8.51e-01	-0.1884994	-6.03785	-0.03640612	7516_at
54704_at	9.47e-01	8.51e-01	0.1884239	-6.03787	0.02214085	54704_at
27244_at	9.47e-01	8.51e-01	-0.1883408	-6.03788	-0.03086728	27244_at
10657_at	9.47e-01	8.51e-01	0.1882155	-6.0379	0.01247343	10657_at
10975_at	9.47e-01	8.51e-01	-0.1881563	-6.03791	-0.02099737	10975_at
2641_at	9.47e-01	8.51e-01	-0.188061	-6.03793	-0.01468465	2641_at
3486_at	9.47e-01	8.52e-01	-0.1877162	-6.03799	-0.05132311	3486_at
5664_at	9.47e-01	8.52e-01	0.1875399	-6.03803	0.01880275	5664_at
6199_at	9.47e-01	8.52e-01	-0.1872939	-6.03807	-0.01914523	6199_at
669_at	9.47e-01	8.52e-01	0.1871813	-6.03809	0.03057149	669_at
4014_at	9.47e-01	8.52e-01	-0.1871291	-6.0381	-0.01883751	4014_at
159_at	9.47e-01	8.52e-01	-0.187054	-6.03811	-0.02975459	159_at
55753_at	9.47e-01	8.52e-01	-0.1870407	-6.03812	-0.04045379	55753_at
5051_at	9.47e-01	8.52e-01	-0.1870239	-6.03812	-0.01782939	5051_at
5005_at	9.47e-01	8.52e-01	-0.1870023	-6.03812	-0.02021806	5005_at
8332_at	9.47e-01	8.53e-01	0.1863525	-6.03824	0.01210572	8332_at
79180_at	9.47e-01	8.53e-01	0.186298	-6.03825	0.01940531	79180_at
5742_at	9.47e-01	8.53e-01	-0.1861685	-6.03827	-0.02563649	5742_at
54482_at	9.47e-01	8.53e-01	0.1858135	-6.03834	0.02590067	54482_at
29081_at	9.47e-01	8.53e-01	-0.1856142	-6.03837	-0.02688377	29081_at
9894_at	9.47e-01	8.53e-01	-0.1856064	-6.03837	-0.01335894	9894_at
7341_at	9.47e-01	8.53e-01	-0.1855267	-6.03839	-0.02191625	7341_at
8028_at	9.47e-01	8.53e-01	0.1854733	-6.0384	0.01532434	8028_at
79932_at	9.47e-01	8.54e-01	-0.1854464	-6.0384	-0.01555659	79932_at
79647_at	9.47e-01	8.54e-01	0.1854072	-6.03841	0.0270858	79647_at
9218_at	9.47e-01	8.54e-01	0.1853796	-6.03841	0.01743704	9218_at
8776_at	9.47e-01	8.54e-01	0.1853309	-6.03842	0.01227895	8776_at
26589_at	9.47e-01	8.54e-01	0.1852923	-6.03843	0.02416307	26589_at
64184_at	9.47e-01	8.54e-01	-0.1852446	-6.03844	-0.01402143	64184_at
7018_at	9.47e-01	8.54e-01	0.1852371	-6.03844	0.04948623	7018_at
890_at	9.47e-01	8.54e-01	0.1851997	-6.03844	0.02653935	890_at
4968_at	9.48e-01	8.54e-01	0.1847477	-6.03853	0.02880666	4968_at
5557_at	9.48e-01	8.54e-01	-0.1845855	-6.03855	-0.03038907	5557_at
64779_at	9.48e-01	8.54e-01	-0.1844418	-6.03858	-0.01611397	64779_at
26151_at	9.48e-01	8.54e-01	0.1843497	-6.0386	0.01674005	26151_at
9128_at	9.48e-01	8.55e-01	0.1841045	-6.03864	0.02212966	9128_at
22850_at	9.48e-01	8.55e-01	-0.1839596	-6.03866	-0.01400676	22850_at
6480_at	9.48e-01	8.55e-01	-0.1837209	-6.03871	-0.06062704	6480_at
3758_at	9.48e-01	8.55e-01	-0.1836934	-6.03871	-0.04962906	3758_at
2319_at	9.48e-01	8.55e-01	0.1835058	-6.03874	0.01809793	2319_at
80178_at	9.48e-01	8.55e-01	-0.183329	-6.03878	-0.02385766	80178_at
8228_at	9.48e-01	8.55e-01	0.1833274	-6.03878	0.04043448	8228_at
1690_at	9.48e-01	8.55e-01	0.1830091	-6.03883	0.0537409	1690_at
1145_at	9.48e-01	8.55e-01	0.1829985	-6.03883	0.01881944	1145_at
6894_at	9.48e-01	8.55e-01	0.1829317	-6.03885	0.01566792	6894_at
6339_at	9.48e-01	8.56e-01	-0.1828873	-6.03885	-0.01853943	6339_at
3257_at	9.48e-01	8.56e-01	-0.1827828	-6.03887	-0.0144149	3257_at
26099_at	9.48e-01	8.56e-01	-0.1824971	-6.03892	-0.01349459	26099_at
8630_at	9.48e-01	8.56e-01	0.1823967	-6.03894	0.01639331	8630_at
113178_at	9.48e-01	8.56e-01	0.1823629	-6.03895	0.02074261	113178_at
5701_at	9.48e-01	8.56e-01	0.182158	-6.03898	0.02084978	5701_at
55762_at	9.49e-01	8.56e-01	0.1818545	-6.03903	0.01412553	55762_at
6441_at	9.49e-01	8.56e-01	-0.1816419	-6.03907	-0.01603699	6441_at
7447_at	9.49e-01	8.57e-01	0.1813998	-6.03911	0.03449417	7447_at
23367_at	9.49e-01	8.57e-01	-0.1810155	-6.03918	-0.01721093	23367_at
23213_at	9.49e-01	8.57e-01	0.1807848	-6.03922	0.03517531	23213_at
9943_at	9.49e-01	8.57e-01	0.1803593	-6.0393	0.0186583	9943_at
24141_at	9.49e-01	8.58e-01	0.1801598	-6.03933	0.03130549	24141_at
55287_at	9.49e-01	8.58e-01	-0.1801338	-6.03933	-0.02019595	55287_at
4998_at	9.49e-01	8.58e-01	0.1800438	-6.03935	0.02118926	4998_at
3239_at	9.49e-01	8.58e-01	-0.1799562	-6.03937	-0.01054558	3239_at
23522_at	9.50e-01	8.58e-01	-0.1795265	-6.03944	-0.01498947	23522_at
7066_at	9.50e-01	8.58e-01	0.1791955	-6.0395	0.01179243	7066_at
3009_at	9.50e-01	8.58e-01	-0.1790711	-6.03952	-0.01317505	3009_at
2108_at	9.50e-01	8.59e-01	-0.1790254	-6.03953	-0.03052051	2108_at
1487_at	9.50e-01	8.59e-01	0.1790173	-6.03953	0.0203969	1487_at
26137_at	9.50e-01	8.59e-01	-0.1790113	-6.03953	-0.03479908	26137_at
132_at	9.50e-01	8.59e-01	-0.1789149	-6.03954	-0.01804906	132_at
10554_at	9.50e-01	8.59e-01	0.1788514	-6.03956	0.01867809	10554_at
55218_at	9.50e-01	8.59e-01	-0.1787044	-6.03958	-0.0165282	55218_at
3930_at	9.50e-01	8.59e-01	0.1783126	-6.03965	0.03782261	3930_at
7091_at	9.50e-01	8.59e-01	0.1783024	-6.03965	0.01300401	7091_at
54508_at	9.50e-01	8.59e-01	0.1782622	-6.03966	0.02118334	54508_at
885_at	9.50e-01	8.59e-01	-0.1780851	-6.03969	-0.0167706	885_at
60313_at	9.50e-01	8.59e-01	-0.1779474	-6.03971	-0.01712324	60313_at
8031_at	9.50e-01	8.60e-01	0.1775752	-6.03977	0.02252913	8031_at
23592_at	9.50e-01	8.60e-01	-0.1775653	-6.03978	-0.02071767	23592_at
917_at	9.50e-01	8.60e-01	-0.1773546	-6.03981	-0.02829413	917_at
6667_at	9.50e-01	8.60e-01	0.1773065	-6.03982	0.01989724	6667_at
3641_at	9.50e-01	8.60e-01	0.1772975	-6.03982	0.01428185	3641_at
55510_at	9.50e-01	8.60e-01	0.1771302	-6.03985	0.01835944	55510_at
2981_at	9.50e-01	8.60e-01	0.1770659	-6.03986	0.01833395	2981_at
9442_at	9.50e-01	8.60e-01	0.1770438	-6.03986	0.01429094	9442_at
91300_at	9.50e-01	8.60e-01	-0.1770406	-6.03987	-0.01668031	91300_at
83478_at	9.50e-01	8.60e-01	-0.1767665	-6.03991	-0.02980807	83478_at
3838_at	9.50e-01	8.60e-01	-0.1765969	-6.03994	-0.05845269	3838_at
5860_at	9.50e-01	8.60e-01	-0.1765048	-6.03996	-0.04505636	5860_at
64112_at	9.50e-01	8.61e-01	-0.1764682	-6.03996	-0.01845596	64112_at
23625_at	9.50e-01	8.61e-01	0.1764514	-6.03997	0.01845178	23625_at
6773_at	9.50e-01	8.61e-01	-0.176305	-6.03999	-0.01262368	6773_at
8722_at	9.50e-01	8.61e-01	0.1762724	-6.04	0.0271833	8722_at
3899_at	9.50e-01	8.61e-01	0.1761944	-6.04001	0.01175205	3899_at
11004_at	9.50e-01	8.61e-01	0.1759587	-6.04005	0.0159293	11004_at
6702_at	9.50e-01	8.61e-01	0.1758818	-6.04006	0.01226875	6702_at
3728_at	9.50e-01	8.61e-01	-0.1752394	-6.04017	-0.02393183	3728_at
8073_at	9.50e-01	8.62e-01	-0.1751655	-6.04018	-0.02351374	8073_at
343069_at	9.50e-01	8.62e-01	-0.1748845	-6.04023	-0.03638057	343069_at
4625_at	9.50e-01	8.62e-01	0.1747524	-6.04025	0.02245738	4625_at
6476_at	9.50e-01	8.62e-01	0.174705	-6.04026	0.00966557	6476_at
23193_at	9.50e-01	8.62e-01	-0.1746703	-6.04027	-0.01752062	23193_at
251_at	9.50e-01	8.62e-01	-0.1746086	-6.04028	-0.02408112	251_at
2660_at	9.50e-01	8.62e-01	0.1745307	-6.04029	0.00839392	2660_at
22904_at	9.50e-01	8.62e-01	-0.1745266	-6.04029	-0.01498225	22904_at
10151_at	9.50e-01	8.62e-01	0.1744003	-6.04031	0.01113539	10151_at
353514_at	9.51e-01	8.62e-01	0.1740595	-6.04037	0.01549932	353514_at
8050_at	9.51e-01	8.63e-01	0.1737368	-6.04042	0.02567002	8050_at
4856_at	9.51e-01	8.63e-01	0.1736375	-6.04044	0.035908	4856_at
80195_at	9.51e-01	8.63e-01	0.1735881	-6.04045	0.02200034	80195_at
9028_at	9.51e-01	8.63e-01	0.1734906	-6.04046	0.02143278	9028_at
55863_at	9.51e-01	8.63e-01	0.1734773	-6.04047	0.02144729	55863_at
100507436_at	9.51e-01	8.63e-01	0.1731972	-6.04051	0.03620685	100507436_at
91304_at	9.51e-01	8.63e-01	-0.1731796	-6.04052	-0.0188464	91304_at
10810_at	9.51e-01	8.63e-01	-0.1728923	-6.04056	-0.03330017	10810_at
7349_at	9.51e-01	8.63e-01	0.1728823	-6.04056	0.01345878	7349_at
2645_at	9.51e-01	8.64e-01	-0.1725184	-6.04063	-0.01999054	2645_at
56143_at	9.51e-01	8.64e-01	-0.1723221	-6.04066	-0.01519859	56143_at
4734_at	9.51e-01	8.64e-01	0.1721851	-6.04068	0.02944045	4734_at
85477_at	9.51e-01	8.64e-01	0.1720991	-6.04069	0.04012309	85477_at
55359_at	9.51e-01	8.64e-01	-0.1718637	-6.04073	-0.00901574	55359_at
6125_at	9.51e-01	8.64e-01	0.1716069	-6.04078	0.02488457	6125_at
80177_at	9.51e-01	8.64e-01	0.1715594	-6.04078	0.01463699	80177_at
10868_at	9.51e-01	8.64e-01	-0.1715056	-6.04079	-0.0152063	10868_at
9670_at	9.51e-01	8.64e-01	0.1714985	-6.04079	0.02132947	9670_at
3914_at	9.51e-01	8.64e-01	-0.1714901	-6.0408	-0.02450954	3914_at
26240_at	9.51e-01	8.65e-01	-0.1713037	-6.04083	-0.02324292	26240_at
2264_at	9.51e-01	8.65e-01	0.1712279	-6.04084	0.02169935	2264_at
27178_at	9.51e-01	8.65e-01	-0.1712149	-6.04084	-0.01442179	27178_at
57016_at	9.52e-01	8.65e-01	-0.1703521	-6.04098	-0.13362976	57016_at
8587_at	9.52e-01	8.65e-01	0.1701391	-6.04102	0.00982477	8587_at
4669_at	9.52e-01	8.66e-01	0.1700485	-6.04103	0.03239344	4669_at
6847_at	9.52e-01	8.66e-01	-0.1699382	-6.04105	-0.01272154	6847_at
55715_at	9.52e-01	8.66e-01	0.1693949	-6.04114	0.01863703	55715_at
10198_at	9.52e-01	8.66e-01	0.1693381	-6.04115	0.01736712	10198_at
4308_at	9.52e-01	8.66e-01	-0.1690983	-6.04119	-0.01108631	4308_at
115207_at	9.52e-01	8.66e-01	-0.1690493	-6.04119	-0.05006984	115207_at
8760_at	9.52e-01	8.66e-01	0.1689324	-6.04121	0.0186505	8760_at
53615_at	9.53e-01	8.67e-01	-0.1686433	-6.04126	-0.01460141	53615_at
8521_at	9.53e-01	8.67e-01	-0.168511	-6.04128	-0.04478389	8521_at
93487_at	9.53e-01	8.67e-01	-0.1680028	-6.04136	-0.01698228	93487_at
2888_at	9.53e-01	8.67e-01	-0.1677658	-6.0414	-0.04259888	2888_at
5653_at	9.53e-01	8.67e-01	-0.1677109	-6.04141	-0.0354169	5653_at
79691_at	9.53e-01	8.67e-01	-0.1675796	-6.04143	-0.01816194	79691_at
22845_at	9.53e-01	8.68e-01	-0.1674431	-6.04145	-0.01621716	22845_at
64840_at	9.53e-01	8.68e-01	0.1670622	-6.04152	0.01856189	64840_at
55325_at	9.53e-01	8.68e-01	-0.1670316	-6.04152	-0.02020627	55325_at
9860_at	9.53e-01	8.68e-01	0.166984	-6.04153	0.01598646	9860_at
10793_at	9.53e-01	8.68e-01	0.1669283	-6.04154	0.01857217	10793_at
11119_at	9.53e-01	8.68e-01	0.1668528	-6.04155	0.0186126	11119_at
1088_at	9.53e-01	8.68e-01	-0.1668261	-6.04155	-0.01184398	1088_at
242_at	9.53e-01	8.68e-01	-0.166662	-6.04158	-0.01734855	242_at
5100_at	9.53e-01	8.68e-01	-0.1666437	-6.04158	-0.00881025	5100_at
9814_at	9.53e-01	8.68e-01	0.1665409	-6.0416	0.01174414	9814_at
6014_at	9.53e-01	8.68e-01	-0.1665053	-6.04161	-0.01118724	6014_at
11148_at	9.53e-01	8.68e-01	-0.1664725	-6.04161	-0.02492904	11148_at
23198_at	9.53e-01	8.69e-01	0.1661553	-6.04166	0.01346359	23198_at
23597_at	9.53e-01	8.69e-01	0.1660223	-6.04168	0.02458899	23597_at
2822_at	9.53e-01	8.69e-01	-0.1653426	-6.04179	-0.0123206	2822_at
2323_at	9.53e-01	8.69e-01	-0.1652842	-6.0418	-0.01293281	2323_at
654_at	9.53e-01	8.69e-01	-0.1651793	-6.04182	-0.0315767	654_at
6328_at	9.53e-01	8.69e-01	-0.1651717	-6.04182	-0.02371818	6328_at
10483_at	9.53e-01	8.70e-01	-0.16491	-6.04186	-0.0172891	10483_at
54454_at	9.53e-01	8.70e-01	-0.1649053	-6.04186	-0.01875743	54454_at
11062_at	9.53e-01	8.70e-01	0.164845	-6.04187	0.01431616	11062_at
2937_at	9.53e-01	8.70e-01	-0.1648402	-6.04187	-0.02180997	2937_at
54587_at	9.53e-01	8.70e-01	0.1647642	-6.04188	0.02417019	54587_at
92086_at	9.53e-01	8.70e-01	-0.1646728	-6.0419	-0.03685625	92086_at
5031_at	9.54e-01	8.70e-01	-0.1645125	-6.04192	-0.01844569	5031_at
9274_at	9.54e-01	8.70e-01	0.1644135	-6.04194	0.01656723	9274_at
8993_at	9.54e-01	8.70e-01	-0.1643268	-6.04195	-0.01876188	8993_at
1802_at	9.54e-01	8.70e-01	0.1641896	-6.04197	0.01349245	1802_at
3948_at	9.54e-01	8.70e-01	-0.163971	-6.04201	-0.04775356	3948_at
214_at	9.54e-01	8.70e-01	0.1638352	-6.04203	0.02454585	214_at
54900_at	9.54e-01	8.70e-01	-0.16381	-6.04203	-0.01808994	54900_at
55911_at	9.54e-01	8.71e-01	-0.1633888	-6.0421	-0.01450955	55911_at
3631_at	9.54e-01	8.71e-01	0.1633498	-6.04211	0.01117751	3631_at
2889_at	9.54e-01	8.71e-01	-0.1629624	-6.04217	-0.01412609	2889_at
2011_at	9.54e-01	8.71e-01	0.1627505	-6.0422	0.00984159	2011_at
642636_at	9.54e-01	8.71e-01	-0.162603	-6.04222	-0.01015777	642636_at
27147_at	9.54e-01	8.71e-01	0.1625574	-6.04223	0.02099806	27147_at
5669_at	9.54e-01	8.72e-01	0.1624324	-6.04225	0.0111356	5669_at
27430_at	9.54e-01	8.72e-01	0.1621179	-6.0423	0.01664069	27430_at
55082_at	9.54e-01	8.72e-01	0.161775	-6.04235	0.02922718	55082_at
319_at	9.54e-01	8.72e-01	0.161757	-6.04235	0.01033018	319_at
51586_at	9.54e-01	8.72e-01	0.1617369	-6.04236	0.01244237	51586_at
7409_at	9.54e-01	8.72e-01	0.1616809	-6.04237	0.01947625	7409_at
80110_at	9.54e-01	8.72e-01	-0.1616388	-6.04237	-0.01731572	80110_at
10606_at	9.54e-01	8.72e-01	-0.1615583	-6.04239	-0.02195583	10606_at
1380_at	9.54e-01	8.72e-01	-0.1613309	-6.04242	-0.11574054	1380_at
3444_at	9.54e-01	8.73e-01	0.161154	-6.04245	0.01840459	3444_at
5949_at	9.55e-01	8.73e-01	-0.1607691	-6.04251	-0.01314848	5949_at
5790_at	9.55e-01	8.73e-01	-0.1606955	-6.04252	-0.0304051	5790_at
4817_at	9.55e-01	8.73e-01	-0.1601839	-6.0426	-0.02561004	4817_at
5892_at	9.55e-01	8.73e-01	-0.1600898	-6.04261	-0.0159089	5892_at
50865_at	9.55e-01	8.74e-01	0.1597821	-6.04266	0.01981589	50865_at
1288_at	9.56e-01	8.74e-01	-0.1593183	-6.04273	-0.019163	1288_at
59341_at	9.56e-01	8.74e-01	0.1591538	-6.04276	0.0312491	59341_at
199_at	9.56e-01	8.75e-01	-0.1585782	-6.04284	-0.03057936	199_at
10060_at	9.56e-01	8.75e-01	-0.1585236	-6.04285	-0.01127228	10060_at
23002_at	9.56e-01	8.75e-01	0.1584952	-6.04286	0.02392445	23002_at
2918_at	9.56e-01	8.75e-01	0.158413	-6.04287	0.00946555	2918_at
9238_at	9.56e-01	8.75e-01	0.1584036	-6.04287	0.01789891	9238_at
79968_at	9.56e-01	8.75e-01	-0.1581298	-6.04291	-0.0141411	79968_at
9236_at	9.56e-01	8.75e-01	0.1578315	-6.04296	0.02503864	9236_at
79621_at	9.56e-01	8.75e-01	-0.1577118	-6.04298	-0.0166897	79621_at
11069_at	9.56e-01	8.75e-01	0.1574321	-6.04302	0.01141629	11069_at
79786_at	9.56e-01	8.75e-01	0.1574266	-6.04302	0.01418168	79786_at
79016_at	9.56e-01	8.75e-01	0.1574235	-6.04302	0.01855195	79016_at
3984_at	9.56e-01	8.76e-01	-0.157068	-6.04307	-0.01417231	3984_at
10526_at	9.56e-01	8.76e-01	0.1569496	-6.04309	0.01657148	10526_at
10284_at	9.56e-01	8.76e-01	-0.1567096	-6.04313	-0.01733476	10284_at
51557_at	9.56e-01	8.76e-01	0.1566298	-6.04314	0.02652388	51557_at
23547_at	9.57e-01	8.76e-01	0.1562955	-6.04319	0.02356678	23547_at
6227_at	9.57e-01	8.77e-01	-0.1558681	-6.04325	-0.02579333	6227_at
1460_at	9.57e-01	8.77e-01	0.1558354	-6.04326	0.01264802	1460_at
5016_at	9.57e-01	8.77e-01	-0.1557105	-6.04328	-0.02092775	5016_at
54436_at	9.57e-01	8.77e-01	-0.1556675	-6.04328	-0.02776812	54436_at
2887_at	9.57e-01	8.77e-01	-0.1555467	-6.0433	-0.02867604	2887_at
27101_at	9.57e-01	8.77e-01	-0.1554346	-6.04332	-0.01466226	27101_at
25829_at	9.57e-01	8.77e-01	-0.1552468	-6.04335	-0.02334219	25829_at
1917_at	9.57e-01	8.77e-01	-0.1551744	-6.04336	-0.01527362	1917_at
3620_at	9.57e-01	8.77e-01	-0.15498	-6.04339	-0.03160589	3620_at
9694_at	9.57e-01	8.78e-01	-0.1547728	-6.04342	-0.02154579	9694_at
10670_at	9.57e-01	8.78e-01	0.154546	-6.04345	0.01526405	10670_at
25907_at	9.57e-01	8.78e-01	-0.1544026	-6.04347	-0.02957686	25907_at
23644_at	9.57e-01	8.78e-01	0.154019	-6.04353	0.01543182	23644_at
405_at	9.58e-01	8.78e-01	-0.1538104	-6.04356	-0.00966509	405_at
192666_at	9.58e-01	8.78e-01	-0.1537886	-6.04356	-0.01366393	192666_at
1411_at	9.58e-01	8.79e-01	0.1533428	-6.04363	0.01036794	1411_at
6580_at	9.58e-01	8.79e-01	-0.1533308	-6.04363	-0.02276583	6580_at
23514_at	9.58e-01	8.79e-01	-0.1528381	-6.0437	-0.01124634	23514_at
9840_at	9.58e-01	8.79e-01	-0.1527262	-6.04372	-0.01963043	9840_at
23376_at	9.58e-01	8.79e-01	0.152694	-6.04372	0.01660049	23376_at
90233_at	9.58e-01	8.79e-01	0.152592	-6.04374	0.01081008	90233_at
26190_at	9.58e-01	8.79e-01	-0.1525712	-6.04374	-0.01442224	26190_at
54209_at	9.58e-01	8.79e-01	-0.1525345	-6.04375	-0.02885614	54209_at
8518_at	9.58e-01	8.79e-01	-0.1525233	-6.04375	-0.01218437	8518_at
23240_at	9.58e-01	8.79e-01	-0.1523217	-6.04378	-0.02163876	23240_at
79927_at	9.58e-01	8.80e-01	0.1521672	-6.0438	0.01480836	79927_at
204_at	9.58e-01	8.80e-01	-0.1520758	-6.04382	-0.02174899	204_at
10864_at	9.58e-01	8.80e-01	-0.1516591	-6.04388	-0.04927227	10864_at
79025_at	9.58e-01	8.80e-01	-0.151414	-6.04391	-0.01597528	79025_at
11262_at	9.58e-01	8.80e-01	-0.1514002	-6.04391	-0.01790779	11262_at
5977_at	9.58e-01	8.80e-01	-0.1513643	-6.04392	-0.01672624	5977_at
81930_at	9.58e-01	8.80e-01	-0.1513437	-6.04392	-0.01290618	81930_at
5729_at	9.58e-01	8.80e-01	0.1513388	-6.04392	0.01004209	5729_at
2261_at	9.58e-01	8.80e-01	-0.1512929	-6.04393	-0.02185328	2261_at
23067_at	9.58e-01	8.80e-01	-0.151259	-6.04393	-0.01666714	23067_at
7201_at	9.58e-01	8.80e-01	-0.1512472	-6.04394	-0.02159406	7201_at
26128_at	9.58e-01	8.80e-01	-0.1510531	-6.04396	-0.02112343	26128_at
22900_at	9.58e-01	8.81e-01	0.1508584	-6.04399	0.02714064	22900_at
254102_at	9.58e-01	8.81e-01	-0.1506007	-6.04403	-0.0175003	254102_at
3624_at	9.58e-01	8.81e-01	-0.1504892	-6.04405	-0.01558456	3624_at
79364_at	9.58e-01	8.81e-01	0.1501573	-6.04409	0.01683291	79364_at
54676_at	9.58e-01	8.81e-01	-0.1500382	-6.04411	-0.01806382	54676_at
388796_at	9.58e-01	8.81e-01	0.1500006	-6.04412	0.02336218	388796_at
6619_at	9.58e-01	8.81e-01	-0.1498964	-6.04413	-0.01458013	6619_at
9630_at	9.58e-01	8.81e-01	-0.1498374	-6.04414	-0.02956006	9630_at
2109_at	9.58e-01	8.81e-01	-0.1498373	-6.04414	-0.02993456	2109_at
59342_at	9.58e-01	8.81e-01	-0.1498251	-6.04414	-0.02158319	59342_at
6942_at	9.59e-01	8.82e-01	0.1492123	-6.04423	0.01492308	6942_at
100996433_at	9.59e-01	8.82e-01	0.1491477	-6.04424	0.02417777	100996433_at
9263_at	9.59e-01	8.82e-01	-0.1487162	-6.0443	-0.0142565	9263_at
29928_at	9.59e-01	8.82e-01	-0.1487101	-6.0443	-0.01737192	29928_at
2153_at	9.59e-01	8.82e-01	0.1486524	-6.04431	0.01924466	2153_at
7343_at	9.59e-01	8.83e-01	0.1481832	-6.04438	0.01058993	7343_at
79724_at	9.59e-01	8.83e-01	-0.1479109	-6.04442	-0.01750295	79724_at
83450_at	9.59e-01	8.83e-01	0.1478886	-6.04442	0.01791669	83450_at
55107_at	9.59e-01	8.83e-01	0.1475452	-6.04447	0.0104571	55107_at
51806_at	9.59e-01	8.83e-01	0.147475	-6.04448	0.01465213	51806_at
54540_at	9.59e-01	8.83e-01	-0.1473298	-6.0445	-0.01814728	54540_at
10272_at	9.59e-01	8.84e-01	-0.1470865	-6.04453	-0.03057937	10272_at
6404_at	9.59e-01	8.84e-01	-0.1470717	-6.04454	-0.01418438	6404_at
22835_at	9.60e-01	8.84e-01	-0.1467479	-6.04458	-0.01707164	22835_at
6585_at	9.60e-01	8.84e-01	0.1466982	-6.04459	0.01199563	6585_at
54981_at	9.60e-01	8.84e-01	-0.1462568	-6.04465	-0.03422133	54981_at
83394_at	9.60e-01	8.85e-01	-0.1458677	-6.0447	-0.01374315	83394_at
29080_at	9.60e-01	8.85e-01	0.1458573	-6.04471	0.02365005	29080_at
11315_at	9.60e-01	8.85e-01	-0.1458274	-6.04471	-0.01056532	11315_at
9988_at	9.60e-01	8.85e-01	-0.1454221	-6.04477	-0.02458908	9988_at
3048_at	9.60e-01	8.85e-01	-0.1453286	-6.04478	-0.02531044	3048_at
4485_at	9.60e-01	8.85e-01	-0.1453235	-6.04478	-0.03238859	4485_at
2243_at	9.60e-01	8.85e-01	0.145098	-6.04481	0.03279388	2243_at
80114_at	9.60e-01	8.85e-01	-0.1450733	-6.04482	-0.02601866	80114_at
898_at	9.60e-01	8.85e-01	-0.1449588	-6.04483	-0.01529667	898_at
6837_at	9.60e-01	8.85e-01	0.1449496	-6.04483	0.01387721	6837_at
23065_at	9.60e-01	8.85e-01	-0.1447216	-6.04486	-0.00921928	23065_at
51710_at	9.60e-01	8.85e-01	-0.144714	-6.04487	-0.02249167	51710_at
6196_at	9.61e-01	8.86e-01	0.1440375	-6.04496	0.01398147	6196_at
1850_at	9.61e-01	8.86e-01	-0.1439518	-6.04497	-0.02445387	1850_at
9390_at	9.61e-01	8.86e-01	0.1437849	-6.04499	0.04095047	9390_at
6385_at	9.61e-01	8.86e-01	-0.1433506	-6.04505	-0.01965259	6385_at
10578_at	9.61e-01	8.87e-01	0.1431985	-6.04508	0.01931932	10578_at
53353_at	9.61e-01	8.87e-01	-0.1431445	-6.04508	-0.01156088	53353_at
1296_at	9.61e-01	8.87e-01	-0.1429776	-6.04511	-0.01199041	1296_at
10084_at	9.61e-01	8.87e-01	-0.1429458	-6.04511	-0.0168999	10084_at
7638_at	9.61e-01	8.87e-01	0.1428966	-6.04512	0.01431341	7638_at
2206_at	9.61e-01	8.87e-01	-0.1425183	-6.04517	-0.01166631	2206_at
55700_at	9.61e-01	8.87e-01	0.1424163	-6.04518	0.02242478	55700_at
10336_at	9.61e-01	8.87e-01	-0.1423044	-6.0452	-0.01045264	10336_at
80705_at	9.61e-01	8.88e-01	-0.1419624	-6.04525	-0.0144679	80705_at
116985_at	9.62e-01	8.88e-01	0.1414458	-6.04532	0.01124398	116985_at
1901_at	9.62e-01	8.88e-01	-0.1413268	-6.04533	-0.02691455	1901_at
23532_at	9.62e-01	8.88e-01	-0.1409956	-6.04538	-0.0163347	23532_at
26138_at	9.62e-01	8.88e-01	0.1409062	-6.04539	0.01041417	26138_at
4068_at	9.62e-01	8.88e-01	0.1408821	-6.04539	0.01718893	4068_at
3663_at	9.62e-01	8.88e-01	-0.1408259	-6.0454	-0.01419479	3663_at
2040_at	9.62e-01	8.89e-01	-0.1406251	-6.04543	-0.01663512	2040_at
6902_at	9.62e-01	8.89e-01	-0.1403369	-6.04547	-0.01995077	6902_at
57180_at	9.62e-01	8.89e-01	0.1401414	-6.04549	0.013769	57180_at
30845_at	9.62e-01	8.89e-01	-0.1401337	-6.04549	-0.0313382	30845_at
57332_at	9.62e-01	8.89e-01	-0.1400566	-6.0455	-0.01133461	57332_at
23404_at	9.62e-01	8.89e-01	0.1398619	-6.04553	0.01192437	23404_at
5635_at	9.62e-01	8.89e-01	0.1398576	-6.04553	0.01320516	5635_at
26088_at	9.62e-01	8.89e-01	-0.1398343	-6.04553	-0.01294484	26088_at
5261_at	9.62e-01	8.89e-01	0.1397223	-6.04555	0.01226775	5261_at
79879_at	9.62e-01	8.90e-01	0.1393462	-6.0456	0.01578444	79879_at
25792_at	9.62e-01	8.90e-01	-0.1389717	-6.04565	-0.01090927	25792_at
5287_at	9.62e-01	8.90e-01	-0.1389488	-6.04565	-0.0168684	5287_at
55206_at	9.62e-01	8.90e-01	-0.1388092	-6.04567	-0.01145049	55206_at
8361_at	9.62e-01	8.90e-01	-0.1386247	-6.0457	-0.01882922	8361_at
79582_at	9.62e-01	8.90e-01	0.1384474	-6.04572	0.02066569	79582_at
9746_at	9.63e-01	8.91e-01	0.1381	-6.04577	0.01962375	9746_at
80205_at	9.63e-01	8.91e-01	0.1378929	-6.04579	0.01819914	80205_at
2705_at	9.64e-01	8.92e-01	0.1365519	-6.04597	0.03248533	2705_at
10786_at	9.64e-01	8.92e-01	-0.1364643	-6.04598	-0.05379122	10786_at
10629_at	9.64e-01	8.92e-01	-0.1361766	-6.04602	-0.01070729	10629_at
28227_at	9.64e-01	8.92e-01	-0.1361684	-6.04602	-0.0123509	28227_at
55914_at	9.64e-01	8.92e-01	-0.1358904	-6.04606	-0.02815815	55914_at
4520_at	9.64e-01	8.92e-01	0.1358724	-6.04606	0.01150478	4520_at
8273_at	9.64e-01	8.93e-01	0.1355158	-6.04611	0.01911285	8273_at
55846_at	9.64e-01	8.93e-01	0.1351309	-6.04616	0.01278653	55846_at
2000_at	9.64e-01	8.93e-01	-0.1350791	-6.04616	-0.01801211	2000_at
9885_at	9.64e-01	8.93e-01	-0.134981	-6.04617	-0.01203782	9885_at
4292_at	9.64e-01	8.93e-01	0.1349378	-6.04618	0.01285696	4292_at
80258_at	9.64e-01	8.93e-01	-0.1347166	-6.04621	-0.01106075	80258_at
842_at	9.65e-01	8.94e-01	-0.1337086	-6.04634	-0.01147464	842_at
4701_at	9.65e-01	8.94e-01	0.1336958	-6.04634	0.01570281	4701_at
4869_at	9.65e-01	8.94e-01	-0.1336147	-6.04635	-0.01500953	4869_at
2357_at	9.66e-01	8.95e-01	0.1329102	-6.04644	0.03383185	2357_at
63926_at	9.66e-01	8.95e-01	-0.1327601	-6.04646	-0.01191721	63926_at
254896_at	9.66e-01	8.95e-01	0.1327161	-6.04647	0.01584101	254896_at
1729_at	9.66e-01	8.95e-01	0.1325007	-6.04649	0.00872292	1729_at
6750_at	9.66e-01	8.95e-01	-0.132356	-6.04651	-0.02636298	6750_at
4200_at	9.66e-01	8.95e-01	0.1322073	-6.04653	0.01658001	4200_at
5970_at	9.66e-01	8.95e-01	-0.1321084	-6.04654	-0.01015206	5970_at
2041_at	9.66e-01	8.95e-01	0.1319486	-6.04656	0.0139524	2041_at
399979_at	9.66e-01	8.96e-01	-0.13176	-6.04659	-0.01374354	399979_at
8729_at	9.66e-01	8.96e-01	-0.1316412	-6.0466	-0.01674774	8729_at
29761_at	9.66e-01	8.96e-01	0.131594	-6.04661	0.01571396	29761_at
4118_at	9.66e-01	8.96e-01	0.1315693	-6.04661	0.02814284	4118_at
55631_at	9.66e-01	8.96e-01	0.1314785	-6.04662	0.02231334	55631_at
7087_at	9.66e-01	8.96e-01	-0.1312223	-6.04666	-0.01600144	7087_at
100506581_at	9.66e-01	8.96e-01	0.1312118	-6.04666	0.01359409	100506581_at
2525_at	9.66e-01	8.96e-01	-0.1311476	-6.04667	-0.03918292	2525_at
79800_at	9.66e-01	8.96e-01	-0.1309809	-6.04669	-0.0099382	79800_at
4440_at	9.66e-01	8.96e-01	-0.130854	-6.0467	-0.01158253	4440_at
23389_at	9.66e-01	8.96e-01	0.1307911	-6.04671	0.01016522	23389_at
7441_at	9.66e-01	8.96e-01	-0.1307477	-6.04672	-0.00810952	7441_at
2312_at	9.66e-01	8.96e-01	0.1307051	-6.04672	0.00757379	2312_at
3920_at	9.66e-01	8.97e-01	-0.1304314	-6.04676	-0.01697706	3920_at
23621_at	9.66e-01	8.97e-01	-0.1304143	-6.04676	-0.01508902	23621_at
286148_at	9.66e-01	8.97e-01	0.1303534	-6.04677	0.0214251	286148_at
6138_at	9.66e-01	8.97e-01	0.1301566	-6.04679	0.01391248	6138_at
10229_at	9.66e-01	8.97e-01	-0.1300358	-6.0468	-0.01016997	10229_at
64285_at	9.66e-01	8.97e-01	0.1299065	-6.04682	0.01633533	64285_at
25844_at	9.66e-01	8.97e-01	0.1297865	-6.04684	0.01881627	25844_at
26998_at	9.66e-01	8.97e-01	0.1296444	-6.04685	0.01055939	26998_at
5253_at	9.66e-01	8.97e-01	0.1294945	-6.04687	0.01416245	5253_at
4055_at	9.66e-01	8.98e-01	-0.1293222	-6.04689	-0.01617609	4055_at
6531_at	9.66e-01	8.98e-01	0.1292696	-6.0469	0.01357303	6531_at
81616_at	9.66e-01	8.98e-01	0.129266	-6.0469	0.02601362	81616_at
3769_at	9.66e-01	8.98e-01	0.1290849	-6.04692	0.01253606	3769_at
7350_at	9.66e-01	8.98e-01	-0.1288964	-6.04695	-0.01077853	7350_at
11339_at	9.66e-01	8.98e-01	-0.1288686	-6.04695	-0.01550911	11339_at
55212_at	9.66e-01	8.98e-01	0.1285576	-6.04699	0.01250237	55212_at
91298_at	9.66e-01	8.98e-01	0.1281554	-6.04704	0.02144627	91298_at
57192_at	9.66e-01	8.99e-01	0.1280729	-6.04705	0.01820265	57192_at
5648_at	9.66e-01	8.99e-01	-0.1278565	-6.04708	-0.01097787	5648_at
5781_at	9.66e-01	8.99e-01	0.1277943	-6.04708	0.01268832	5781_at
51393_at	9.66e-01	8.99e-01	0.1276945	-6.0471	0.01288465	51393_at
26046_at	9.66e-01	8.99e-01	0.1276906	-6.0471	0.01510108	26046_at
4779_at	9.66e-01	8.99e-01	0.1275902	-6.04711	0.01858204	4779_at
10929_at	9.67e-01	8.99e-01	-0.1274097	-6.04713	-0.00964616	10929_at
1912_at	9.67e-01	8.99e-01	0.1272092	-6.04715	0.02218972	1912_at
8725_at	9.67e-01	9.00e-01	-0.1268268	-6.0472	-0.00868953	8725_at
6096_at	9.67e-01	9.00e-01	-0.1267867	-6.04721	-0.01256722	6096_at
100129271_at	9.67e-01	9.00e-01	0.1263222	-6.04726	0.01471103	100129271_at
8555_at	9.67e-01	9.00e-01	-0.1263167	-6.04726	-0.01283814	8555_at
4678_at	9.67e-01	9.00e-01	0.1261143	-6.04729	0.01256331	4678_at
7922_at	9.67e-01	9.00e-01	-0.1260782	-6.04729	-0.01992552	7922_at
7462_at	9.67e-01	9.00e-01	0.1260307	-6.0473	0.01241845	7462_at
7035_at	9.67e-01	9.00e-01	-0.1256971	-6.04734	-0.02410816	7035_at
54978_at	9.67e-01	9.01e-01	-0.1255255	-6.04736	-0.01780642	54978_at
9534_at	9.67e-01	9.01e-01	0.1252368	-6.04739	0.00780542	9534_at
4973_at	9.67e-01	9.01e-01	0.1249818	-6.04742	0.03759612	4973_at
10360_at	9.67e-01	9.01e-01	0.1249804	-6.04742	0.017544	10360_at
54069_at	9.67e-01	9.01e-01	0.1249433	-6.04743	0.01637059	54069_at
81888_at	9.68e-01	9.01e-01	0.1247326	-6.04745	0.01636965	81888_at
55333_at	9.68e-01	9.01e-01	-0.1244763	-6.04749	-0.01759568	55333_at
116987_at	9.68e-01	9.01e-01	-0.1244579	-6.04749	-0.02281369	116987_at
1607_at	9.68e-01	9.02e-01	0.1240317	-6.04754	0.01095791	1607_at
414_at	9.68e-01	9.02e-01	-0.1239949	-6.04754	-0.0169743	414_at
7014_at	9.68e-01	9.02e-01	0.1239241	-6.04755	0.01132615	7014_at
641339_at	9.68e-01	9.02e-01	0.1237357	-6.04757	0.00697053	641339_at
10427_at	9.68e-01	9.02e-01	-0.1236683	-6.04758	-0.01834397	10427_at
56124_at	9.68e-01	9.02e-01	-0.1232508	-6.04763	-0.01642583	56124_at
5504_at	9.68e-01	9.02e-01	0.1231474	-6.04764	0.02224336	5504_at
10574_at	9.68e-01	9.02e-01	0.1230542	-6.04765	0.01172763	10574_at
92335_at	9.68e-01	9.02e-01	0.1230458	-6.04766	0.00890499	92335_at
80757_at	9.68e-01	9.03e-01	-0.1226713	-6.0477	-0.00966005	80757_at
3032_at	9.68e-01	9.03e-01	-0.1225891	-6.04771	-0.01243024	3032_at
1819_at	9.68e-01	9.03e-01	0.12235	-6.04774	0.01070437	1819_at
25806_at	9.68e-01	9.03e-01	0.1222811	-6.04775	0.01317681	25806_at
1604_at	9.68e-01	9.03e-01	0.1220288	-6.04778	0.02384656	1604_at
65084_at	9.68e-01	9.03e-01	0.1219182	-6.04779	0.02496032	65084_at
1010_at	9.69e-01	9.04e-01	0.1214191	-6.04785	0.01117676	1010_at
5337_at	9.69e-01	9.04e-01	0.1211092	-6.04788	0.01967781	5337_at
64170_at	9.69e-01	9.04e-01	-0.1209352	-6.0479	-0.01496648	64170_at
79862_at	9.69e-01	9.04e-01	0.1208399	-6.04791	0.01314041	79862_at
2829_at	9.69e-01	9.04e-01	-0.1207759	-6.04792	-0.01108785	2829_at
9767_at	9.69e-01	9.04e-01	0.1205517	-6.04795	0.01528616	9767_at
597_at	9.69e-01	9.05e-01	0.12037	-6.04797	0.02988267	597_at
113_at	9.69e-01	9.05e-01	0.1203371	-6.04797	0.01516597	113_at
8324_at	9.70e-01	9.05e-01	0.1194713	-6.04807	0.02563866	8324_at
9924_at	9.70e-01	9.05e-01	-0.1194442	-6.04808	-0.0127151	9924_at
8644_at	9.70e-01	9.05e-01	0.1193859	-6.04808	0.02232993	8644_at
23539_at	9.70e-01	9.06e-01	-0.1191415	-6.04811	-0.01145653	23539_at
83700_at	9.70e-01	9.06e-01	0.1191347	-6.04811	0.01567994	83700_at
4602_at	9.70e-01	9.06e-01	0.1190847	-6.04812	0.01485044	4602_at
23165_at	9.70e-01	9.06e-01	0.1189802	-6.04813	0.01149932	23165_at
80301_at	9.70e-01	9.06e-01	0.1184218	-6.04819	0.02156049	80301_at
51703_at	9.71e-01	9.07e-01	0.1173031	-6.04832	0.01786932	51703_at
6923_at	9.71e-01	9.07e-01	0.1171766	-6.04833	0.01040712	6923_at
331_at	9.71e-01	9.08e-01	0.1164918	-6.04841	0.01337311	331_at
10025_at	9.71e-01	9.08e-01	-0.1162276	-6.04844	-0.00947072	10025_at
285830_at	9.71e-01	9.08e-01	-0.1160928	-6.04846	-0.01999632	285830_at
8189_at	9.71e-01	9.08e-01	0.1160686	-6.04846	0.00874006	8189_at
6728_at	9.72e-01	9.08e-01	-0.1158524	-6.04848	-0.00882082	6728_at
2637_at	9.72e-01	9.08e-01	0.1155007	-6.04852	0.01138501	2637_at
80896_at	9.72e-01	9.08e-01	-0.1154868	-6.04852	-0.04461397	80896_at
2559_at	9.72e-01	9.09e-01	0.1153407	-6.04854	0.00886671	2559_at
4606_at	9.72e-01	9.09e-01	-0.1153393	-6.04854	-0.01045414	4606_at
5042_at	9.72e-01	9.09e-01	0.1148216	-6.0486	0.01741843	5042_at
57711_at	9.72e-01	9.09e-01	0.1147131	-6.04861	0.00894785	57711_at
100506603_at	9.72e-01	9.09e-01	-0.1147005	-6.04861	-0.01064492	100506603_at
4277_at	9.72e-01	9.09e-01	-0.1145879	-6.04862	-0.02532158	4277_at
389856_at	9.72e-01	9.09e-01	-0.1145115	-6.04863	-0.00955434	389856_at
526_at	9.72e-01	9.09e-01	-0.11448	-6.04863	-0.02390135	526_at
6990_at	9.72e-01	9.10e-01	-0.1141015	-6.04868	-0.01607893	6990_at
2562_at	9.72e-01	9.10e-01	0.1137367	-6.04872	0.01839836	2562_at
4250_at	9.72e-01	9.10e-01	-0.113683	-6.04872	-0.00842799	4250_at
643314_at	9.72e-01	9.11e-01	0.11288	-6.04881	0.01082197	643314_at
2030_at	9.72e-01	9.11e-01	-0.1128316	-6.04881	-0.01638692	2030_at
2568_at	9.72e-01	9.11e-01	0.1127952	-6.04882	0.02099378	2568_at
9677_at	9.72e-01	9.11e-01	0.1127314	-6.04883	0.0094758	9677_at
4747_at	9.72e-01	9.11e-01	-0.1127131	-6.04883	-0.01920466	4747_at
10621_at	9.72e-01	9.11e-01	-0.1127117	-6.04883	-0.00795387	10621_at
57132_at	9.72e-01	9.11e-01	0.112666	-6.04883	0.00947431	57132_at
5451_at	9.72e-01	9.11e-01	0.1126585	-6.04883	0.01050372	5451_at
54020_at	9.72e-01	9.11e-01	-0.1125639	-6.04884	-0.01276148	54020_at
222255_at	9.72e-01	9.11e-01	0.1123769	-6.04886	0.01757055	222255_at
8266_at	9.72e-01	9.11e-01	-0.1123057	-6.04887	-0.01013907	8266_at
26059_at	9.72e-01	9.11e-01	-0.1121067	-6.04889	-0.00857943	26059_at
10280_at	9.72e-01	9.11e-01	-0.1120982	-6.04889	-0.0109916	10280_at
11231_at	9.73e-01	9.12e-01	0.1115176	-6.04896	0.01110876	11231_at
100_at	9.73e-01	9.12e-01	0.1114485	-6.04896	0.01715618	100_at
9563_at	9.73e-01	9.12e-01	-0.1114461	-6.04896	-0.00978109	9563_at
7128_at	9.73e-01	9.12e-01	0.1111501	-6.049	0.02062768	7128_at
6850_at	9.73e-01	9.12e-01	0.1110235	-6.04901	0.01422924	6850_at
3676_at	9.73e-01	9.12e-01	0.1108804	-6.04902	0.01132821	3676_at
79690_at	9.73e-01	9.12e-01	0.1105029	-6.04906	0.01388108	79690_at
4295_at	9.73e-01	9.12e-01	-0.1104848	-6.04907	-0.01280613	4295_at
4070_at	9.73e-01	9.13e-01	0.1103309	-6.04908	0.03854444	4070_at
55028_at	9.73e-01	9.13e-01	0.1099008	-6.04913	0.01005594	55028_at
23163_at	9.74e-01	9.13e-01	-0.109421	-6.04918	-0.01006011	23163_at
2733_at	9.74e-01	9.13e-01	-0.1092962	-6.04919	-0.0073124	2733_at
51421_at	9.74e-01	9.13e-01	0.1092883	-6.04919	0.01785241	51421_at
7857_at	9.74e-01	9.13e-01	-0.1092786	-6.04919	-0.01397678	7857_at
11063_at	9.74e-01	9.13e-01	-0.1091997	-6.0492	-0.00860254	11063_at
4800_at	9.74e-01	9.13e-01	0.1091342	-6.04921	0.00680213	4800_at
127703_at	9.74e-01	9.13e-01	0.1090899	-6.04921	0.01931091	127703_at
8344_at	9.74e-01	9.14e-01	0.108959	-6.04923	0.01592594	8344_at
55388_at	9.74e-01	9.14e-01	-0.1087999	-6.04924	-0.01162824	55388_at
25787_at	9.74e-01	9.14e-01	0.1087112	-6.04925	0.01344307	25787_at
920_at	9.74e-01	9.14e-01	0.1085448	-6.04927	0.01428042	920_at
92140_at	9.74e-01	9.14e-01	-0.1083922	-6.04929	-0.01335697	92140_at
79183_at	9.74e-01	9.14e-01	-0.1081372	-6.04931	-0.01095016	79183_at
11151_at	9.74e-01	9.15e-01	0.107807	-6.04935	0.02923044	11151_at
23085_at	9.74e-01	9.15e-01	0.1077929	-6.04935	0.0119743	23085_at
539_at	9.74e-01	9.15e-01	0.1077683	-6.04935	0.00861696	539_at
7276_at	9.74e-01	9.15e-01	-0.1077671	-6.04935	-0.02230553	7276_at
9204_at	9.74e-01	9.15e-01	0.1077322	-6.04936	0.00857684	9204_at
57113_at	9.74e-01	9.15e-01	0.1076459	-6.04936	0.03115332	57113_at
6830_at	9.74e-01	9.15e-01	-0.1075267	-6.04938	-0.01118588	6830_at
90634_at	9.74e-01	9.15e-01	-0.1074778	-6.04938	-0.00906502	90634_at
56924_at	9.74e-01	9.15e-01	0.1074627	-6.04938	0.01297695	56924_at
4913_at	9.74e-01	9.15e-01	-0.1074392	-6.04939	-0.01398505	4913_at
24149_at	9.74e-01	9.15e-01	0.1074316	-6.04939	0.00928232	24149_at
1376_at	9.74e-01	9.15e-01	0.1072316	-6.04941	0.01706265	1376_at
27347_at	9.74e-01	9.15e-01	-0.1070249	-6.04943	-0.02315948	27347_at
80198_at	9.74e-01	9.15e-01	0.1069567	-6.04944	0.00923412	80198_at
91807_at	9.74e-01	9.15e-01	0.1067228	-6.04946	0.01047509	91807_at
64940_at	9.74e-01	9.15e-01	0.1067078	-6.04946	0.02495831	64940_at
282997_at	9.74e-01	9.15e-01	0.1067043	-6.04946	0.010622	282997_at
51334_at	9.74e-01	9.15e-01	0.1065653	-6.04948	0.00693926	51334_at
5607_at	9.74e-01	9.16e-01	-0.1063319	-6.0495	-0.00798893	5607_at
1880_at	9.74e-01	9.16e-01	0.1061004	-6.04952	0.01882094	1880_at
79608_at	9.74e-01	9.16e-01	-0.1060764	-6.04953	-0.01100478	79608_at
8120_at	9.74e-01	9.16e-01	0.1060485	-6.04953	0.01089479	8120_at
64699_at	9.74e-01	9.16e-01	-0.1060053	-6.04953	-0.01120592	64699_at
10524_at	9.74e-01	9.16e-01	0.106	-6.04953	0.01036343	10524_at
11056_at	9.74e-01	9.16e-01	-0.1057594	-6.04956	-0.01006281	11056_at
1265_at	9.74e-01	9.17e-01	-0.1052441	-6.04961	-0.01602861	1265_at
51805_at	9.74e-01	9.17e-01	-0.105086	-6.04963	-0.01521978	51805_at
10915_at	9.74e-01	9.17e-01	0.1049097	-6.04964	0.01639357	10915_at
5702_at	9.74e-01	9.17e-01	0.1046705	-6.04967	0.01330814	5702_at
11332_at	9.74e-01	9.17e-01	0.1046353	-6.04967	0.03388852	11332_at
26255_at	9.74e-01	9.17e-01	-0.1046287	-6.04967	-0.00988038	26255_at
23563_at	9.74e-01	9.17e-01	0.1044914	-6.04969	0.01403862	23563_at
64798_at	9.74e-01	9.17e-01	0.1044813	-6.04969	0.02183521	64798_at
6834_at	9.74e-01	9.18e-01	-0.103902	-6.04974	-0.01577249	6834_at
51198_at	9.74e-01	9.18e-01	-0.1038991	-6.04975	-0.01120947	51198_at
7769_at	9.74e-01	9.18e-01	-0.1037917	-6.04976	-0.01435158	7769_at
10443_at	9.74e-01	9.18e-01	-0.1037656	-6.04976	-0.0110943	10443_at
196_at	9.74e-01	9.18e-01	0.1036488	-6.04977	0.02099189	196_at
9655_at	9.74e-01	9.18e-01	0.1035848	-6.04978	0.01087395	9655_at
97_at	9.74e-01	9.18e-01	0.1035247	-6.04978	0.0158501	97_at
8669_at	9.74e-01	9.18e-01	0.1033926	-6.0498	0.01273159	8669_at
167_at	9.74e-01	9.18e-01	0.1033554	-6.0498	0.00638203	167_at
1181_at	9.74e-01	9.18e-01	-0.1032637	-6.04981	-0.01183547	1181_at
9506_at	9.74e-01	9.18e-01	0.1030368	-6.04983	0.01252396	9506_at
2066_at	9.74e-01	9.18e-01	0.1029245	-6.04984	0.01564484	2066_at
7089_at	9.74e-01	9.18e-01	0.1028891	-6.04985	0.01351313	7089_at
9764_at	9.74e-01	9.18e-01	0.1028759	-6.04985	0.00966322	9764_at
7726_at	9.74e-01	9.18e-01	-0.1027609	-6.04986	-0.01314078	7726_at
5863_at	9.74e-01	9.19e-01	-0.1025947	-6.04987	-0.01275457	5863_at
92211_at	9.74e-01	9.19e-01	0.1025181	-6.04988	0.00937727	92211_at
4987_at	9.74e-01	9.19e-01	-0.1023221	-6.0499	-0.00878242	4987_at
101927498_at	9.74e-01	9.19e-01	-0.1019608	-6.04994	-0.00739879	101927498_at
23683_at	9.74e-01	9.19e-01	-0.1017843	-6.04995	-0.01203389	23683_at
80162_at	9.74e-01	9.19e-01	0.1015967	-6.04997	0.01215738	80162_at
83714_at	9.74e-01	9.19e-01	-0.1015712	-6.04998	-0.01328962	83714_at
10005_at	9.74e-01	9.19e-01	0.1015382	-6.04998	0.01209043	10005_at
2820_at	9.74e-01	9.19e-01	0.1015203	-6.04998	0.0105884	2820_at
100506190_at	9.74e-01	9.20e-01	-0.1013096	-6.05	-0.01185518	100506190_at
1470_at	9.74e-01	9.20e-01	-0.1012939	-6.05	-0.00880036	1470_at
6482_at	9.74e-01	9.20e-01	-0.1012408	-6.05001	-0.02613738	6482_at
55007_at	9.74e-01	9.20e-01	-0.1012317	-6.05001	-0.01465688	55007_at
4112_at	9.74e-01	9.20e-01	-0.1010627	-6.05002	-0.00700335	4112_at
26232_at	9.75e-01	9.20e-01	-0.1008379	-6.05005	-0.01290282	26232_at
253782_at	9.75e-01	9.20e-01	-0.1002844	-6.0501	-0.01197743	253782_at
50836_at	9.75e-01	9.20e-01	-0.1002495	-6.0501	-0.01020753	50836_at
6208_at	9.75e-01	9.20e-01	-0.1002378	-6.0501	-0.00866623	6208_at
6401_at	9.75e-01	9.21e-01	0.0999604	-6.05013	0.01450894	6401_at
55693_at	9.75e-01	9.21e-01	-0.0998599	-6.05014	-0.00765334	55693_at
2280_at	9.75e-01	9.21e-01	0.0997955	-6.05015	0.01194714	2280_at
5048_at	9.75e-01	9.21e-01	-0.0997814	-6.05015	-0.00914102	5048_at
8091_at	9.75e-01	9.21e-01	-0.0996442	-6.05016	-0.0144058	8091_at
57602_at	9.75e-01	9.21e-01	-0.0993725	-6.05019	-0.00831468	57602_at
5934_at	9.75e-01	9.21e-01	0.099293	-6.0502	0.01079015	5934_at
3612_at	9.75e-01	9.22e-01	0.0987784	-6.05024	0.01470322	3612_at
55145_at	9.76e-01	9.22e-01	0.098511	-6.05027	0.01591546	55145_at
28966_at	9.76e-01	9.22e-01	0.0983567	-6.05028	0.01230697	28966_at
2592_at	9.76e-01	9.22e-01	-0.0981282	-6.05031	-0.01451441	2592_at
990_at	9.76e-01	9.22e-01	-0.0979112	-6.05033	-0.0100308	990_at
54845_at	9.76e-01	9.22e-01	0.097817	-6.05034	0.01748486	54845_at
51068_at	9.76e-01	9.22e-01	-0.0977598	-6.05034	-0.01832203	51068_at
10307_at	9.76e-01	9.23e-01	-0.0976306	-6.05035	-0.01218328	10307_at
2531_at	9.76e-01	9.23e-01	0.0972948	-6.05038	0.01135133	2531_at
3987_at	9.76e-01	9.23e-01	0.0972551	-6.05039	0.01151497	3987_at
7461_at	9.76e-01	9.23e-01	-0.0972225	-6.05039	-0.00938162	7461_at
930_at	9.76e-01	9.23e-01	-0.0972014	-6.05039	-0.01281959	930_at
1289_at	9.76e-01	9.23e-01	0.0971672	-6.0504	0.01099062	1289_at
9980_at	9.76e-01	9.23e-01	0.0970572	-6.05041	0.01175241	9980_at
4064_at	9.76e-01	9.23e-01	0.096961	-6.05042	0.01147559	4064_at
100129128_at	9.76e-01	9.23e-01	0.0967381	-6.05044	0.00961085	100129128_at
2776_at	9.76e-01	9.23e-01	-0.0965139	-6.05046	-0.00897249	2776_at
55892_at	9.76e-01	9.24e-01	0.0964136	-6.05047	0.00793195	55892_at
148022_at	9.76e-01	9.24e-01	-0.0963177	-6.05048	-0.01214374	148022_at
3237_at	9.76e-01	9.24e-01	-0.0962917	-6.05048	-0.01054409	3237_at
23082_at	9.76e-01	9.24e-01	-0.0962695	-6.05048	-0.01136447	23082_at
774_at	9.76e-01	9.24e-01	-0.0962413	-6.05048	-0.00773646	774_at
8740_at	9.76e-01	9.24e-01	-0.0959623	-6.05051	-0.01022392	8740_at
84809_at	9.76e-01	9.24e-01	-0.0959124	-6.05051	-0.01670055	84809_at
11266_at	9.76e-01	9.24e-01	0.0958541	-6.05052	0.01166773	11266_at
23476_at	9.76e-01	9.24e-01	-0.0957547	-6.05053	-0.0091139	23476_at
7323_at	9.76e-01	9.24e-01	-0.0957243	-6.05053	-0.01130143	7323_at
60488_at	9.76e-01	9.24e-01	0.0956137	-6.05054	0.00890399	60488_at
79866_at	9.76e-01	9.24e-01	0.095554	-6.05055	0.01037131	79866_at
5884_at	9.76e-01	9.24e-01	-0.0954617	-6.05055	-0.00933017	5884_at
65999_at	9.76e-01	9.24e-01	0.0952149	-6.05058	0.00866047	65999_at
8945_at	9.76e-01	9.25e-01	0.0951622	-6.05058	0.00653354	8945_at
353299_at	9.76e-01	9.25e-01	-0.0950237	-6.05059	-0.01469741	353299_at
9522_at	9.76e-01	9.25e-01	-0.0949593	-6.0506	-0.00754295	9522_at
2242_at	9.76e-01	9.25e-01	-0.0945209	-6.05064	-0.01035666	2242_at
2585_at	9.76e-01	9.25e-01	0.0943079	-6.05066	0.01584657	2585_at
101927770_at	9.76e-01	9.26e-01	-0.0937539	-6.05071	-0.00906642	101927770_at
7572_at	9.76e-01	9.26e-01	-0.0936878	-6.05072	-0.00671832	7572_at
10914_at	9.76e-01	9.26e-01	0.093501	-6.05073	0.01099259	10914_at
286887_at	9.76e-01	9.26e-01	-0.093438	-6.05074	-0.00840301	286887_at
10454_at	9.76e-01	9.26e-01	-0.0933112	-6.05075	-0.0089605	10454_at
6760_at	9.76e-01	9.26e-01	-0.0932956	-6.05075	-0.00939629	6760_at
9723_at	9.76e-01	9.26e-01	0.0931885	-6.05076	0.00600205	9723_at
55957_at	9.76e-01	9.26e-01	-0.093091	-6.05077	-0.01095606	55957_at
2650_at	9.76e-01	9.26e-01	-0.0930576	-6.05077	-0.01060259	2650_at
79087_at	9.77e-01	9.27e-01	0.0924192	-6.05083	0.00954374	79087_at
10913_at	9.77e-01	9.27e-01	0.0924126	-6.05083	0.01175786	10913_at
103910_at	9.77e-01	9.27e-01	-0.0917286	-6.05089	-0.01419733	103910_at
56475_at	9.77e-01	9.27e-01	0.0917068	-6.05089	0.01328237	56475_at
79759_at	9.77e-01	9.27e-01	-0.0916376	-6.0509	-0.00774751	79759_at
10203_at	9.77e-01	9.27e-01	0.0915422	-6.05091	0.01206128	10203_at
7314_at	9.77e-01	9.27e-01	0.0914065	-6.05092	0.00721039	7314_at
6919_at	9.77e-01	9.28e-01	-0.0911562	-6.05094	-0.01365938	6919_at
26133_at	9.77e-01	9.28e-01	-0.0910601	-6.05095	-0.00847542	26133_at
54538_at	9.77e-01	9.28e-01	-0.0909709	-6.05096	-0.00989343	54538_at
11325_at	9.77e-01	9.28e-01	-0.0907776	-6.05097	-0.00842951	11325_at
11222_at	9.77e-01	9.28e-01	0.0907379	-6.05098	0.01290014	11222_at
55088_at	9.77e-01	9.28e-01	0.0906347	-6.05099	0.01035954	55088_at
6813_at	9.77e-01	9.28e-01	-0.090604	-6.05099	-0.00981414	6813_at
8000_at	9.77e-01	9.28e-01	-0.0902695	-6.05102	-0.01349118	8000_at
80830_at	9.77e-01	9.28e-01	-0.0901904	-6.05102	-0.01448557	80830_at
127544_at	9.77e-01	9.29e-01	-0.090072	-6.05103	-0.00981042	127544_at
80305_at	9.77e-01	9.29e-01	-0.0900022	-6.05104	-0.00889384	80305_at
1739_at	9.77e-01	9.29e-01	-0.0899608	-6.05104	-0.0066001	1739_at
80831_at	9.77e-01	9.29e-01	-0.0897877	-6.05106	-0.01105413	80831_at
4179_at	9.77e-01	9.29e-01	-0.0897496	-6.05106	-0.01239717	4179_at
29799_at	9.77e-01	9.29e-01	0.0897243	-6.05107	0.00971456	29799_at
56889_at	9.77e-01	9.29e-01	0.0896648	-6.05107	0.0131091	56889_at
493_at	9.77e-01	9.29e-01	0.0895333	-6.05108	0.00878424	493_at
79954_at	9.78e-01	9.29e-01	-0.0888791	-6.05114	-0.0075321	79954_at
8030_at	9.78e-01	9.30e-01	0.0888106	-6.05114	0.01519647	8030_at
5335_at	9.78e-01	9.30e-01	0.0886506	-6.05116	0.00649226	5335_at
10285_at	9.78e-01	9.30e-01	-0.0884565	-6.05117	-0.01526833	10285_at
79861_at	9.78e-01	9.30e-01	0.0883759	-6.05118	0.02569922	79861_at
1827_at	9.78e-01	9.30e-01	0.0883176	-6.05119	0.01498671	1827_at
2987_at	9.78e-01	9.30e-01	0.0882726	-6.05119	0.00983748	2987_at
56922_at	9.78e-01	9.30e-01	-0.0881503	-6.0512	-0.01659244	56922_at
26261_at	9.78e-01	9.30e-01	-0.0877733	-6.05123	-0.00833971	26261_at
177_at	9.78e-01	9.30e-01	-0.0876023	-6.05125	-0.00634778	177_at
8572_at	9.78e-01	9.31e-01	0.0869525	-6.0513	0.0102943	8572_at
27020_at	9.79e-01	9.31e-01	0.0867328	-6.05132	0.00999071	27020_at
7507_at	9.79e-01	9.31e-01	-0.0867008	-6.05132	-0.010507	7507_at
54518_at	9.79e-01	9.31e-01	0.0865083	-6.05134	0.00904568	54518_at
64745_at	9.79e-01	9.32e-01	-0.0857276	-6.0514	-0.00782796	64745_at
23591_at	9.79e-01	9.32e-01	-0.0856988	-6.0514	-0.01187815	23591_at
3416_at	9.79e-01	9.32e-01	0.0855857	-6.05141	0.00812371	3416_at
8547_at	9.79e-01	9.32e-01	-0.0854516	-6.05142	-0.03137301	8547_at
7965_at	9.79e-01	9.32e-01	0.0853347	-6.05143	0.01002358	7965_at
3872_at	9.79e-01	9.32e-01	-0.085296	-6.05144	-0.01036226	3872_at
28410_at	9.79e-01	9.33e-01	-0.0850329	-6.05146	-0.00778035	28410_at
57572_at	9.79e-01	9.33e-01	-0.0848694	-6.05147	-0.00530325	57572_at
729799_at	9.79e-01	9.33e-01	0.0846614	-6.05149	0.00821492	729799_at
6102_at	9.79e-01	9.33e-01	0.0845828	-6.0515	0.0086123	6102_at
25983_at	9.79e-01	9.33e-01	0.0844374	-6.05151	0.00791441	25983_at
57178_at	9.79e-01	9.33e-01	0.0844344	-6.05151	0.01175885	57178_at
1955_at	9.79e-01	9.33e-01	-0.0844307	-6.05151	-0.00845978	1955_at
7414_at	9.79e-01	9.33e-01	-0.0842673	-6.05152	-0.00681348	7414_at
53942_at	9.79e-01	9.33e-01	-0.0839783	-6.05155	-0.00577259	53942_at
26227_at	9.79e-01	9.33e-01	-0.0839215	-6.05155	-0.02849292	26227_at
3110_at	9.79e-01	9.33e-01	0.0838219	-6.05156	0.00818191	3110_at
51776_at	9.80e-01	9.34e-01	0.0835186	-6.05158	0.00958258	51776_at
6622_at	9.80e-01	9.34e-01	-0.0830447	-6.05162	-0.00980832	6622_at
51493_at	9.80e-01	9.34e-01	-0.0829928	-6.05162	-0.01031482	51493_at
25759_at	9.80e-01	9.34e-01	0.082782	-6.05164	0.01046253	25759_at
552889_at	9.80e-01	9.34e-01	-0.0825647	-6.05166	-0.00814953	552889_at
2247_at	9.80e-01	9.34e-01	-0.082556	-6.05166	-0.00695883	2247_at
11278_at	9.80e-01	9.35e-01	-0.0824756	-6.05167	-0.00526758	11278_at
92856_at	9.80e-01	9.35e-01	-0.0824616	-6.05167	-0.01011895	92856_at
8195_at	9.80e-01	9.35e-01	0.0824164	-6.05167	0.01050667	8195_at
51312_at	9.80e-01	9.35e-01	0.0822431	-6.05168	0.00885345	51312_at
477_at	9.80e-01	9.35e-01	0.0822385	-6.05168	0.00677679	477_at
9464_at	9.80e-01	9.35e-01	-0.0817695	-6.05172	-0.01547406	9464_at
22983_at	9.80e-01	9.35e-01	-0.0816649	-6.05173	-0.00778628	22983_at
22905_at	9.80e-01	9.35e-01	-0.0815353	-6.05174	-0.00726168	22905_at
55033_at	9.80e-01	9.35e-01	-0.0813949	-6.05175	-0.007449	55033_at
29802_at	9.80e-01	9.35e-01	-0.081333	-6.05176	-0.01076709	29802_at
23512_at	9.80e-01	9.36e-01	-0.0812232	-6.05176	-0.01163455	23512_at
91369_at	9.80e-01	9.36e-01	-0.0812198	-6.05176	-0.00598312	91369_at
283345_at	9.80e-01	9.36e-01	-0.081121	-6.05177	-0.00783926	283345_at
8355_at	9.80e-01	9.36e-01	0.0809633	-6.05178	0.00765788	8355_at
80204_at	9.80e-01	9.36e-01	-0.0807705	-6.0518	-0.0132369	80204_at
23780_at	9.80e-01	9.36e-01	-0.0805623	-6.05182	-0.00960016	23780_at
6921_at	9.80e-01	9.36e-01	0.0802716	-6.05184	0.00782707	6921_at
28971_at	9.80e-01	9.36e-01	0.0802061	-6.05184	0.00871106	28971_at
81490_at	9.80e-01	9.37e-01	-0.0799462	-6.05186	-0.00952708	81490_at
4666_at	9.80e-01	9.37e-01	-0.0798968	-6.05187	-0.00686404	4666_at
8348_at	9.81e-01	9.37e-01	0.0795549	-6.05189	0.00614062	8348_at
6567_at	9.81e-01	9.37e-01	0.0793872	-6.05191	0.01405231	6567_at
2826_at	9.81e-01	9.37e-01	-0.0792536	-6.05192	-0.00818667	2826_at
79654_at	9.81e-01	9.37e-01	0.079123	-6.05193	0.00967998	79654_at
63898_at	9.81e-01	9.37e-01	-0.0789064	-6.05194	-0.00752166	63898_at
1142_at	9.81e-01	9.37e-01	-0.0788921	-6.05194	-0.00725906	1142_at
11113_at	9.81e-01	9.37e-01	-0.0787489	-6.05195	-0.01465946	11113_at
11338_at	9.81e-01	9.38e-01	-0.0786692	-6.05196	-0.00476387	11338_at
9667_at	9.81e-01	9.38e-01	-0.0784599	-6.05198	-0.0079305	9667_at
10787_at	9.81e-01	9.38e-01	0.0781771	-6.052	0.00787648	10787_at
7410_at	9.81e-01	9.38e-01	-0.0781482	-6.052	-0.00760944	7410_at
2346_at	9.81e-01	9.38e-01	0.077953	-6.05201	0.03887048	2346_at
4297_at	9.81e-01	9.38e-01	-0.0779142	-6.05202	-0.00606796	4297_at
2824_at	9.81e-01	9.38e-01	-0.0778725	-6.05202	-0.01106887	2824_at
4693_at	9.81e-01	9.39e-01	0.0773452	-6.05206	0.00923871	4693_at
3673_at	9.81e-01	9.39e-01	0.077326	-6.05206	0.01432026	3673_at
54880_at	9.81e-01	9.39e-01	-0.0770794	-6.05208	-0.00683252	54880_at
154881_at	9.81e-01	9.39e-01	-0.0769173	-6.05209	-0.00827539	154881_at
120_at	9.81e-01	9.39e-01	0.0767132	-6.05211	0.01336459	120_at
10054_at	9.82e-01	9.40e-01	0.0761184	-6.05215	0.0121183	10054_at
8505_at	9.82e-01	9.40e-01	0.0759136	-6.05217	0.01044694	8505_at
6038_at	9.82e-01	9.40e-01	-0.0758945	-6.05217	-0.01745559	6038_at
490_at	9.82e-01	9.40e-01	-0.0755106	-6.05219	-0.00762494	490_at
79590_at	9.82e-01	9.40e-01	0.075264	-6.05221	0.00789284	79590_at
10525_at	9.82e-01	9.41e-01	0.0749085	-6.05224	0.01251281	10525_at
10168_at	9.83e-01	9.41e-01	0.0746879	-6.05225	0.00686133	10168_at
28990_at	9.83e-01	9.41e-01	-0.0743634	-6.05228	-0.00762824	28990_at
5423_at	9.83e-01	9.41e-01	0.0742883	-6.05228	0.0072238	5423_at
11064_at	9.83e-01	9.41e-01	-0.0740661	-6.0523	-0.00791767	11064_at
63982_at	9.83e-01	9.41e-01	-0.0738255	-6.05232	-0.00618906	63982_at
55603_at	9.83e-01	9.42e-01	-0.0734375	-6.05234	-0.01287557	55603_at
684959_at	9.83e-01	9.42e-01	0.0733938	-6.05235	0.0118048	684959_at
55364_at	9.83e-01	9.42e-01	-0.0733356	-6.05235	-0.00899186	55364_at
2832_at	9.83e-01	9.42e-01	0.0729379	-6.05238	0.00539149	2832_at
5168_at	9.83e-01	9.42e-01	-0.0729051	-6.05238	-0.01622438	5168_at
90121_at	9.83e-01	9.42e-01	0.0727885	-6.05239	0.00698331	90121_at
5594_at	9.83e-01	9.42e-01	0.0727273	-6.05239	0.01023974	5594_at
374291_at	9.83e-01	9.42e-01	0.0726817	-6.0524	0.01001149	374291_at
5893_at	9.83e-01	9.42e-01	0.0726227	-6.0524	0.00480352	5893_at
80227_at	9.83e-01	9.43e-01	-0.072333	-6.05242	-0.01419329	80227_at
50999_at	9.83e-01	9.43e-01	-0.0718824	-6.05245	-0.00997469	50999_at
55014_at	9.83e-01	9.43e-01	0.0718098	-6.05246	0.00687228	55014_at
4154_at	9.83e-01	9.43e-01	-0.0718097	-6.05246	-0.00611077	4154_at
6502_at	9.83e-01	9.43e-01	0.0717744	-6.05246	0.00591205	6502_at
3021_at	9.83e-01	9.43e-01	-0.0716208	-6.05247	-0.00788809	3021_at
6840_at	9.83e-01	9.43e-01	0.0716186	-6.05247	0.00798942	6840_at
727_at	9.83e-01	9.43e-01	-0.0715214	-6.05248	-0.01346867	727_at
9552_at	9.83e-01	9.43e-01	-0.0714635	-6.05248	-0.00649156	9552_at
51561_at	9.84e-01	9.44e-01	-0.0710954	-6.05251	-0.00729658	51561_at
27302_at	9.84e-01	9.44e-01	-0.0709941	-6.05251	-0.00700195	27302_at
81890_at	9.84e-01	9.44e-01	0.0708475	-6.05252	0.00885528	81890_at
9605_at	9.84e-01	9.44e-01	-0.0706678	-6.05253	-0.00757918	9605_at
9146_at	9.84e-01	9.44e-01	-0.070557	-6.05254	-0.00744579	9146_at
51118_at	9.84e-01	9.44e-01	-0.0704935	-6.05255	-0.00773822	51118_at
2626_at	9.84e-01	9.44e-01	-0.0700266	-6.05258	-0.00597569	2626_at
790_at	9.84e-01	9.45e-01	0.0695581	-6.05261	0.00859998	790_at
55009_at	9.84e-01	9.45e-01	-0.0695229	-6.05261	-0.00883397	55009_at
5896_at	9.84e-01	9.45e-01	-0.0693006	-6.05263	-0.00581068	5896_at
5199_at	9.84e-01	9.45e-01	0.0690135	-6.05265	0.00665694	5199_at
1118_at	9.84e-01	9.45e-01	-0.0687938	-6.05266	-0.01111887	1118_at
11333_at	9.84e-01	9.46e-01	0.0686285	-6.05267	0.00434843	11333_at
11180_at	9.84e-01	9.46e-01	-0.0686041	-6.05267	-0.00705695	11180_at
84705_at	9.84e-01	9.46e-01	-0.0685938	-6.05267	-0.0066321	84705_at
146712_at	9.84e-01	9.46e-01	0.0684871	-6.05268	0.00813805	146712_at
3645_at	9.84e-01	9.46e-01	-0.068298	-6.05269	-0.00679323	3645_at
25807_at	9.84e-01	9.46e-01	-0.0682822	-6.05269	-0.00796862	25807_at
25876_at	9.84e-01	9.46e-01	-0.0682169	-6.0527	-0.00789239	25876_at
26112_at	9.85e-01	9.46e-01	0.067921	-6.05272	0.00752818	26112_at
23126_at	9.85e-01	9.46e-01	0.067657	-6.05274	0.00656218	23126_at
6875_at	9.85e-01	9.46e-01	0.0675431	-6.05274	0.0106459	6875_at
79071_at	9.85e-01	9.46e-01	0.0674296	-6.05275	0.00952871	79071_at
9968_at	9.85e-01	9.47e-01	-0.067038	-6.05278	-0.00565208	9968_at
797_at	9.85e-01	9.47e-01	-0.067025	-6.05278	-0.0054021	797_at
863_at	9.85e-01	9.47e-01	0.066998	-6.05278	0.00752495	863_at
8933_at	9.85e-01	9.47e-01	0.0668715	-6.05279	0.00739109	8933_at
10994_at	9.85e-01	9.47e-01	-0.0663658	-6.05282	-0.01101312	10994_at
5991_at	9.85e-01	9.47e-01	-0.0662186	-6.05283	-0.00554849	5991_at
25978_at	9.85e-01	9.48e-01	-0.0660967	-6.05284	-0.00827311	25978_at
27098_at	9.85e-01	9.48e-01	0.0660417	-6.05284	0.00543227	27098_at
56913_at	9.85e-01	9.48e-01	-0.0660199	-6.05284	-0.01014417	56913_at
5265_at	9.85e-01	9.48e-01	-0.0660045	-6.05284	-0.02338528	5265_at
152006_at	9.85e-01	9.48e-01	0.065999	-6.05284	0.00800205	152006_at
7172_at	9.85e-01	9.48e-01	-0.065825	-6.05285	-0.01116891	7172_at
389715_at	9.85e-01	9.48e-01	0.0657004	-6.05286	0.00445544	389715_at
6884_at	9.85e-01	9.48e-01	-0.0652401	-6.05289	-0.00583085	6884_at
5826_at	9.85e-01	9.48e-01	-0.0650471	-6.0529	-0.00650991	5826_at
442186_at	9.85e-01	9.49e-01	0.0648474	-6.05291	0.0064217	442186_at
11309_at	9.85e-01	9.49e-01	0.0648007	-6.05292	0.01037522	11309_at
10347_at	9.85e-01	9.49e-01	-0.0647264	-6.05292	-0.00684055	10347_at
7221_at	9.85e-01	9.49e-01	0.0646014	-6.05293	0.00705273	7221_at
80024_at	9.85e-01	9.49e-01	-0.0644924	-6.05294	-0.00701959	80024_at
2306_at	9.85e-01	9.49e-01	0.064126	-6.05296	0.00587802	2306_at
79635_at	9.85e-01	9.49e-01	-0.0639356	-6.05297	-0.00630314	79635_at
79169_at	9.85e-01	9.49e-01	0.0638569	-6.05298	0.00660354	79169_at
55906_at	9.85e-01	9.50e-01	0.0636026	-6.05299	0.00651598	55906_at
101929724_at	9.85e-01	9.50e-01	0.0632249	-6.05301	0.00755103	101929724_at
81671_at	9.85e-01	9.50e-01	-0.0632033	-6.05302	-0.00957698	81671_at
81543_at	9.85e-01	9.50e-01	-0.0631468	-6.05302	-0.00627976	81543_at
2146_at	9.85e-01	9.50e-01	0.0631395	-6.05302	0.00891679	2146_at
51304_at	9.85e-01	9.50e-01	-0.0631336	-6.05302	-0.00541927	51304_at
27099_at	9.85e-01	9.50e-01	0.0629087	-6.05303	0.00630963	27099_at
8504_at	9.85e-01	9.50e-01	0.0628987	-6.05303	0.00948456	8504_at
7903_at	9.85e-01	9.50e-01	0.0627844	-6.05304	0.00744195	7903_at
54474_at	9.85e-01	9.50e-01	0.0627153	-6.05305	0.00447564	54474_at
3980_at	9.85e-01	9.50e-01	0.062701	-6.05305	0.00522419	3980_at
7984_at	9.85e-01	9.50e-01	0.0626807	-6.05305	0.00677111	7984_at
654434_at	9.85e-01	9.50e-01	-0.0626683	-6.05305	-0.00575769	654434_at
2905_at	9.85e-01	9.50e-01	0.0625719	-6.05305	0.00712923	2905_at
8527_at	9.85e-01	9.50e-01	-0.0624492	-6.05306	-0.00625956	8527_at
924_at	9.85e-01	9.51e-01	-0.0622436	-6.05307	-0.0051395	924_at
8929_at	9.85e-01	9.51e-01	-0.0622275	-6.05307	-0.00729509	8929_at
516_at	9.85e-01	9.51e-01	-0.0621564	-6.05308	-0.00791867	516_at
10135_at	9.85e-01	9.51e-01	0.0620282	-6.05309	0.01597736	10135_at
10713_at	9.85e-01	9.51e-01	0.0620228	-6.05309	0.00509746	10713_at
26048_at	9.85e-01	9.51e-01	-0.0619601	-6.05309	-0.00470811	26048_at
7384_at	9.86e-01	9.51e-01	0.0617569	-6.0531	0.00845176	7384_at
23640_at	9.86e-01	9.51e-01	0.061362	-6.05313	0.00502104	23640_at
79811_at	9.86e-01	9.51e-01	0.0612918	-6.05313	0.00956964	79811_at
51606_at	9.86e-01	9.52e-01	0.0607098	-6.05316	0.00630928	51606_at
79024_at	9.86e-01	9.52e-01	0.0605872	-6.05317	0.00480577	79024_at
2768_at	9.86e-01	9.52e-01	-0.0605497	-6.05317	-0.00559166	2768_at
1234_at	9.87e-01	9.53e-01	0.0596281	-6.05323	0.00793991	1234_at
51430_at	9.87e-01	9.53e-01	-0.0595781	-6.05323	-0.00916588	51430_at
64216_at	9.87e-01	9.53e-01	0.0595255	-6.05323	0.01069343	64216_at
5539_at	9.87e-01	9.53e-01	0.0593606	-6.05324	0.00665528	5539_at
23304_at	9.87e-01	9.53e-01	-0.0593371	-6.05324	-0.00563892	23304_at
6610_at	9.87e-01	9.53e-01	-0.0592036	-6.05325	-0.00661657	6610_at
11280_at	9.87e-01	9.53e-01	0.0588748	-6.05327	0.00340957	11280_at
7132_at	9.87e-01	9.53e-01	0.0588592	-6.05327	0.01127849	7132_at
54795_at	9.87e-01	9.53e-01	-0.0587586	-6.05328	-0.01018807	54795_at
3326_at	9.87e-01	9.53e-01	-0.0587129	-6.05328	-0.00910439	3326_at
8444_at	9.87e-01	9.53e-01	0.0585754	-6.05329	0.00658318	8444_at
708_at	9.87e-01	9.54e-01	0.0584933	-6.05329	0.00829021	708_at
248_at	9.87e-01	9.54e-01	-0.0583414	-6.0533	-0.00882986	248_at
3488_at	9.87e-01	9.54e-01	0.0576321	-6.05334	0.00749586	3488_at
50613_at	9.87e-01	9.54e-01	-0.0575534	-6.05334	-0.00571218	50613_at
51146_at	9.87e-01	9.54e-01	-0.0574391	-6.05335	-0.00590793	51146_at
79633_at	9.87e-01	9.55e-01	0.0570761	-6.05337	0.00713351	79633_at
2920_at	9.87e-01	9.55e-01	-0.0569832	-6.05338	-0.02451552	2920_at
27063_at	9.87e-01	9.55e-01	0.0569607	-6.05338	0.00525973	27063_at
81558_at	9.87e-01	9.55e-01	0.0568821	-6.05338	0.00811606	81558_at
57634_at	9.87e-01	9.55e-01	-0.0568059	-6.05338	-0.00447244	57634_at
58488_at	9.87e-01	9.55e-01	0.0566448	-6.05339	0.0123464	58488_at
9277_at	9.87e-01	9.55e-01	-0.0566209	-6.05339	-0.00601727	9277_at
9147_at	9.87e-01	9.55e-01	0.0565844	-6.0534	0.01115096	9147_at
6691_at	9.87e-01	9.55e-01	-0.05644	-6.0534	-0.00930423	6691_at
5425_at	9.87e-01	9.55e-01	-0.056382	-6.05341	-0.0083972	5425_at
55257_at	9.87e-01	9.55e-01	0.0563727	-6.05341	0.00712253	55257_at
51090_at	9.87e-01	9.55e-01	-0.0563397	-6.05341	-0.00861248	51090_at
4017_at	9.87e-01	9.55e-01	0.0562524	-6.05341	0.00586499	4017_at
10314_at	9.87e-01	9.55e-01	0.0562214	-6.05342	0.00544758	10314_at
79651_at	9.87e-01	9.55e-01	-0.0561901	-6.05342	-0.00866745	79651_at
2877_at	9.87e-01	9.56e-01	0.0559781	-6.05343	0.01245901	2877_at
57799_at	9.87e-01	9.56e-01	-0.0556583	-6.05345	-0.00587542	57799_at
10289_at	9.87e-01	9.56e-01	-0.055459	-6.05346	-0.00733354	10289_at
5802_at	9.87e-01	9.56e-01	0.0553037	-6.05347	0.00560082	5802_at
55500_at	9.88e-01	9.57e-01	-0.0544569	-6.05351	-0.00735748	55500_at
1178_at	9.88e-01	9.57e-01	-0.054343	-6.05352	-0.01489084	1178_at
7126_at	9.88e-01	9.57e-01	0.0542228	-6.05352	0.0052957	7126_at
40_at	9.88e-01	9.57e-01	0.0537883	-6.05355	0.00551999	40_at
56944_at	9.88e-01	9.57e-01	-0.0535975	-6.05356	-0.01473356	56944_at
10351_at	9.89e-01	9.58e-01	0.0531752	-6.05358	0.02161718	10351_at
1445_at	9.89e-01	9.58e-01	-0.0530806	-6.05358	-0.0073423	1445_at
64221_at	9.89e-01	9.58e-01	0.0524914	-6.05361	0.00676379	64221_at
5833_at	9.89e-01	9.58e-01	-0.0524564	-6.05361	-0.01003891	5833_at
55038_at	9.89e-01	9.58e-01	0.0523521	-6.05362	0.00565182	55038_at
11174_at	9.89e-01	9.59e-01	-0.0520029	-6.05364	-0.00693564	11174_at
3957_at	9.89e-01	9.59e-01	0.0519777	-6.05364	0.0154375	3957_at
57000_at	9.89e-01	9.59e-01	0.0519324	-6.05364	0.00590262	57000_at
4052_at	9.89e-01	9.59e-01	0.0518813	-6.05364	0.0067734	4052_at
1902_at	9.89e-01	9.59e-01	0.0518706	-6.05364	0.00664767	1902_at
9495_at	9.89e-01	9.59e-01	0.051687	-6.05365	0.00420788	9495_at
55111_at	9.89e-01	9.59e-01	0.051607	-6.05366	0.00521772	55111_at
6546_at	9.89e-01	9.59e-01	-0.0514648	-6.05366	-0.00669061	6546_at
4249_at	9.89e-01	9.59e-01	-0.0510905	-6.05368	-0.00451644	4249_at
80344_at	9.89e-01	9.60e-01	0.050574	-6.05371	0.00525893	80344_at
81854_at	9.89e-01	9.60e-01	-0.050552	-6.05371	-0.00475588	81854_at
5286_at	9.89e-01	9.60e-01	-0.0505417	-6.05371	-0.00633533	5286_at
2281_at	9.89e-01	9.60e-01	-0.0504877	-6.05371	-0.00612658	2281_at
3015_at	9.89e-01	9.60e-01	0.0504665	-6.05371	0.00777713	3015_at
7140_at	9.89e-01	9.60e-01	0.0503366	-6.05372	0.00552013	7140_at
1847_at	9.89e-01	9.60e-01	-0.0503343	-6.05372	-0.01130493	1847_at
26152_at	9.89e-01	9.60e-01	-0.0503028	-6.05372	-0.00439411	26152_at
8550_at	9.89e-01	9.60e-01	-0.0501914	-6.05373	-0.00604356	8550_at
5695_at	9.89e-01	9.60e-01	-0.050161	-6.05373	-0.00471982	5695_at
84669_at	9.89e-01	9.60e-01	-0.0501499	-6.05373	-0.00432974	84669_at
90665_at	9.89e-01	9.60e-01	0.0500303	-6.05373	0.0047999	90665_at
56180_at	9.89e-01	9.60e-01	0.0500027	-6.05373	0.00644303	56180_at
80131_at	9.89e-01	9.60e-01	0.0499938	-6.05373	0.00470711	80131_at
1871_at	9.89e-01	9.60e-01	-0.0497458	-6.05375	-0.0053597	1871_at
8502_at	9.89e-01	9.61e-01	0.0497004	-6.05375	0.00839289	8502_at
5716_at	9.89e-01	9.61e-01	-0.0496991	-6.05375	-0.00577776	5716_at
7988_at	9.89e-01	9.61e-01	-0.049645	-6.05375	-0.00415426	7988_at
5272_at	9.89e-01	9.61e-01	-0.0495236	-6.05376	-0.00991586	5272_at
29015_at	9.89e-01	9.61e-01	-0.0493802	-6.05376	-0.00670402	29015_at
2731_at	9.89e-01	9.61e-01	-0.0493214	-6.05377	-0.01125705	2731_at
9846_at	9.89e-01	9.61e-01	0.0489297	-6.05379	0.00526211	9846_at
6845_at	9.89e-01	9.61e-01	0.0488164	-6.05379	0.00630342	6845_at
3312_at	9.89e-01	9.61e-01	-0.0487888	-6.05379	-0.00613987	3312_at
3687_at	9.89e-01	9.61e-01	-0.0487621	-6.05379	-0.00587324	3687_at
2801_at	9.89e-01	9.61e-01	0.0485352	-6.0538	0.00361248	2801_at
29988_at	9.89e-01	9.62e-01	-0.0480145	-6.05383	-0.00567927	29988_at
185_at	9.89e-01	9.62e-01	-0.0479031	-6.05383	-0.00889347	185_at
115123_at	9.89e-01	9.62e-01	-0.0478738	-6.05383	-0.00546033	115123_at
11141_at	9.89e-01	9.62e-01	-0.0478481	-6.05384	-0.00811258	11141_at
811_at	9.89e-01	9.62e-01	-0.0476711	-6.05384	-0.00530799	811_at
1174_at	9.89e-01	9.62e-01	0.0475912	-6.05385	0.01114942	1174_at
11146_at	9.90e-01	9.62e-01	-0.0473645	-6.05386	-0.00446272	11146_at
80304_at	9.90e-01	9.62e-01	-0.0473618	-6.05386	-0.00526403	80304_at
4771_at	9.90e-01	9.63e-01	0.0470348	-6.05387	0.00195492	4771_at
5437_at	9.90e-01	9.63e-01	0.0467744	-6.05388	0.00471595	5437_at
347733_at	9.90e-01	9.63e-01	0.0466187	-6.05389	0.01226479	347733_at
420_at	9.90e-01	9.63e-01	-0.0465511	-6.05389	-0.00572612	420_at
157627_at	9.90e-01	9.63e-01	-0.0465257	-6.0539	-0.00582874	157627_at
79669_at	9.90e-01	9.63e-01	-0.0463709	-6.0539	-0.00864056	79669_at
79007_at	9.90e-01	9.63e-01	0.0462351	-6.05391	0.00508438	79007_at
79230_at	9.90e-01	9.63e-01	0.0460366	-6.05392	0.00560393	79230_at
79166_at	9.90e-01	9.63e-01	0.045986	-6.05392	0.00374105	79166_at
4642_at	9.90e-01	9.64e-01	0.0459489	-6.05392	0.00475286	4642_at
1007_at	9.90e-01	9.64e-01	-0.0459011	-6.05392	-0.00627994	1007_at
9348_at	9.90e-01	9.64e-01	-0.0458659	-6.05393	-0.00416244	9348_at
7136_at	9.90e-01	9.64e-01	-0.0458272	-6.05393	-0.00509701	7136_at
10617_at	9.90e-01	9.64e-01	-0.0457795	-6.05393	-0.0048377	10617_at
9529_at	9.90e-01	9.64e-01	0.0456204	-6.05394	0.00624205	9529_at
5683_at	9.90e-01	9.64e-01	-0.0452812	-6.05395	-0.0040929	5683_at
55839_at	9.90e-01	9.64e-01	-0.045217	-6.05395	-0.00350644	55839_at
973_at	9.90e-01	9.64e-01	0.0451916	-6.05395	0.006764	973_at
3566_at	9.90e-01	9.64e-01	-0.0451594	-6.05396	-0.00770821	3566_at
9214_at	9.90e-01	9.64e-01	-0.0451105	-6.05396	-0.00636768	9214_at
5444_at	9.90e-01	9.64e-01	0.0448805	-6.05397	0.00837763	5444_at
10395_at	9.90e-01	9.64e-01	-0.0448576	-6.05397	-0.00436066	10395_at
10_at	9.90e-01	9.65e-01	0.0443412	-6.05399	0.00836293	10_at
23175_at	9.90e-01	9.65e-01	0.0443244	-6.05399	0.00417947	23175_at
50852_at	9.90e-01	9.65e-01	0.0442442	-6.054	0.0054069	50852_at
7029_at	9.90e-01	9.65e-01	0.044039	-6.054	0.00597096	7029_at
5745_at	9.90e-01	9.65e-01	0.0438366	-6.05401	0.01180333	5745_at
64132_at	9.90e-01	9.65e-01	0.0438317	-6.05401	0.00483154	64132_at
55258_at	9.90e-01	9.65e-01	-0.0436605	-6.05402	-0.01543985	55258_at
55858_at	9.90e-01	9.65e-01	0.043597	-6.05402	0.00652338	55858_at
54829_at	9.90e-01	9.66e-01	0.0432988	-6.05404	0.01138435	54829_at
7079_at	9.90e-01	9.66e-01	-0.0427713	-6.05406	-0.00610095	7079_at
2597_at	9.90e-01	9.66e-01	-0.0427537	-6.05406	-0.00384036	2597_at
10478_at	9.91e-01	9.66e-01	0.0424774	-6.05407	0.00304637	10478_at
27303_at	9.91e-01	9.67e-01	0.0420021	-6.05409	0.00692056	27303_at
8925_at	9.91e-01	9.67e-01	-0.0414238	-6.05411	-0.00675168	8925_at
3480_at	9.91e-01	9.67e-01	0.0414214	-6.05411	0.00614569	3480_at
9937_at	9.91e-01	9.67e-01	0.0413406	-6.05411	0.00421331	9937_at
8437_at	9.91e-01	9.67e-01	0.041291	-6.05412	0.00575857	8437_at
11047_at	9.91e-01	9.67e-01	-0.0412754	-6.05412	-0.00457176	11047_at
9261_at	9.91e-01	9.67e-01	0.0412553	-6.05412	0.00282026	9261_at
4246_at	9.91e-01	9.67e-01	0.0412204	-6.05412	0.0049587	4246_at
10207_at	9.91e-01	9.67e-01	-0.0410948	-6.05412	-0.00427473	10207_at
23315_at	9.91e-01	9.67e-01	0.0409504	-6.05413	0.00393164	23315_at
5379_at	9.91e-01	9.68e-01	0.0406939	-6.05414	0.0055182	5379_at
57604_at	9.92e-01	9.68e-01	0.0401158	-6.05416	0.0036047	57604_at
55201_at	9.92e-01	9.68e-01	-0.0399025	-6.05417	-0.00421547	55201_at
7064_at	9.92e-01	9.68e-01	0.0398985	-6.05417	0.00610772	7064_at
2996_at	9.92e-01	9.68e-01	0.0398105	-6.05417	0.00305169	2996_at
6158_at	9.92e-01	9.69e-01	-0.0395916	-6.05418	-0.00443976	6158_at
2067_at	9.92e-01	9.69e-01	-0.0395228	-6.05419	-0.00386155	2067_at
5298_at	9.92e-01	9.69e-01	-0.0393173	-6.05419	-0.00263505	5298_at
2065_at	9.92e-01	9.69e-01	-0.0391983	-6.0542	-0.00775646	2065_at
4149_at	9.92e-01	9.69e-01	0.0391609	-6.0542	0.00271103	4149_at
9351_at	9.92e-01	9.69e-01	-0.0391174	-6.0542	-0.00379518	9351_at
56980_at	9.92e-01	9.69e-01	-0.0389856	-6.05421	-0.00273089	56980_at
1938_at	9.92e-01	9.69e-01	0.0388204	-6.05421	0.00417484	1938_at
4649_at	9.92e-01	9.69e-01	0.0384828	-6.05422	0.00484562	4649_at
28803_at	9.92e-01	9.69e-01	0.0384	-6.05423	0.0083684	28803_at
8455_at	9.92e-01	9.70e-01	-0.0377349	-6.05425	-0.00419273	8455_at
26281_at	9.92e-01	9.70e-01	0.0377233	-6.05425	0.0029816	26281_at
60561_at	9.92e-01	9.70e-01	-0.0373923	-6.05426	-0.00321267	60561_at
81796_at	9.92e-01	9.70e-01	-0.0373693	-6.05427	-0.00356447	81796_at
54820_at	9.92e-01	9.70e-01	-0.0372429	-6.05427	-0.00370412	54820_at
5091_at	9.92e-01	9.70e-01	0.0371446	-6.05427	0.01052443	5091_at
3910_at	9.92e-01	9.71e-01	-0.0371292	-6.05427	-0.00273538	3910_at
55277_at	9.92e-01	9.71e-01	0.0371262	-6.05427	0.00653215	55277_at
221749_at	9.92e-01	9.71e-01	-0.037109	-6.05427	-0.00614673	221749_at
3834_at	9.92e-01	9.71e-01	0.0370532	-6.05428	0.00359607	3834_at
7541_at	9.92e-01	9.71e-01	-0.0369416	-6.05428	-0.00253754	7541_at
6646_at	9.92e-01	9.71e-01	0.0368216	-6.05428	0.00609068	6646_at
4887_at	9.92e-01	9.71e-01	0.0368068	-6.05429	0.00206156	4887_at
23332_at	9.92e-01	9.71e-01	0.0367138	-6.05429	0.00420921	23332_at
974_at	9.92e-01	9.71e-01	0.036264	-6.0543	0.00417575	974_at
23066_at	9.92e-01	9.71e-01	-0.0362069	-6.05431	-0.00445737	23066_at
9254_at	9.92e-01	9.71e-01	-0.0359988	-6.05431	-0.00518875	9254_at
2078_at	9.92e-01	9.71e-01	0.0359975	-6.05431	0.00285629	2078_at
9463_at	9.92e-01	9.72e-01	-0.0354996	-6.05433	-0.0036626	9463_at
3749_at	9.92e-01	9.72e-01	-0.0353361	-6.05434	-0.00366481	3749_at
23074_at	9.92e-01	9.72e-01	0.035285	-6.05434	0.004877	23074_at
259_at	9.92e-01	9.72e-01	-0.0352808	-6.05434	-0.0111375	259_at
5464_at	9.92e-01	9.72e-01	0.0352127	-6.05434	0.00593805	5464_at
10667_at	9.93e-01	9.72e-01	-0.0348733	-6.05435	-0.00343286	10667_at
26333_at	9.93e-01	9.72e-01	-0.0347988	-6.05435	-0.0033752	26333_at
51701_at	9.93e-01	9.72e-01	0.0346585	-6.05436	0.0041397	51701_at
740_at	9.93e-01	9.73e-01	0.0344425	-6.05437	0.00357128	740_at
5076_at	9.93e-01	9.73e-01	-0.0344367	-6.05437	-0.00351708	5076_at
84720_at	9.93e-01	9.73e-01	-0.0343761	-6.05437	-0.00325032	84720_at
7571_at	9.93e-01	9.73e-01	-0.0341466	-6.05438	-0.00357466	7571_at
5731_at	9.93e-01	9.73e-01	0.0341328	-6.05438	0.00356867	5731_at
23405_at	9.93e-01	9.73e-01	0.0339375	-6.05438	0.0052131	23405_at
79048_at	9.93e-01	9.73e-01	0.0338698	-6.05439	0.00400719	79048_at
51324_at	9.93e-01	9.73e-01	-0.0338092	-6.05439	-0.00357014	51324_at
23598_at	9.93e-01	9.73e-01	-0.0336411	-6.05439	-0.00214763	23598_at
81603_at	9.93e-01	9.73e-01	-0.033571	-6.05439	-0.00413799	81603_at
6882_at	9.93e-01	9.74e-01	-0.033359	-6.0544	-0.00522119	6882_at
9526_at	9.93e-01	9.74e-01	0.0332321	-6.05441	0.00406824	9526_at
11250_at	9.93e-01	9.74e-01	0.0329353	-6.05442	0.00322154	11250_at
9675_at	9.93e-01	9.74e-01	0.0327725	-6.05442	0.00321439	9675_at
23029_at	9.93e-01	9.74e-01	0.0326261	-6.05442	0.00218937	23029_at
1939_at	9.93e-01	9.74e-01	0.0326208	-6.05443	0.00381409	1939_at
55166_at	9.93e-01	9.74e-01	-0.0326175	-6.05443	-0.00265098	55166_at
6654_at	9.93e-01	9.74e-01	-0.0322757	-6.05444	-0.00265144	6654_at
1143_at	9.93e-01	9.74e-01	0.0321081	-6.05444	0.0033576	1143_at
201229_at	9.93e-01	9.75e-01	-0.0320404	-6.05444	-0.00459851	201229_at
10446_at	9.93e-01	9.75e-01	-0.0319083	-6.05445	-0.00470869	10446_at
6418_at	9.93e-01	9.75e-01	0.0319069	-6.05445	0.00447802	6418_at
8707_at	9.93e-01	9.75e-01	-0.031888	-6.05445	-0.00178466	8707_at
874_at	9.93e-01	9.75e-01	0.031527	-6.05446	0.00411253	874_at
23149_at	9.93e-01	9.75e-01	-0.0313544	-6.05446	-0.00346409	23149_at
56997_at	9.93e-01	9.75e-01	-0.0312902	-6.05447	-0.00552421	56997_at
10240_at	9.93e-01	9.75e-01	-0.0312656	-6.05447	-0.00376069	10240_at
28965_at	9.93e-01	9.75e-01	-0.031127	-6.05447	-0.00237524	28965_at
9750_at	9.93e-01	9.75e-01	-0.030841	-6.05448	-0.00417797	9750_at
7249_at	9.93e-01	9.76e-01	-0.0305505	-6.05449	-0.00413721	7249_at
1969_at	9.93e-01	9.76e-01	-0.0305106	-6.05449	-0.00535948	1969_at
79004_at	9.93e-01	9.76e-01	0.0304688	-6.05449	0.00255008	79004_at
10732_at	9.94e-01	9.76e-01	0.0299426	-6.05451	0.00470964	10732_at
346157_at	9.94e-01	9.76e-01	0.0298079	-6.05451	0.00241526	346157_at
23141_at	9.94e-01	9.76e-01	-0.0297706	-6.05451	-0.00317833	23141_at
6297_at	9.94e-01	9.76e-01	-0.0297395	-6.05451	-0.00338203	6297_at
9922_at	9.94e-01	9.76e-01	-0.0296753	-6.05451	-0.0027498	9922_at
1469_at	9.94e-01	9.77e-01	0.0295085	-6.05452	0.00261103	1469_at
9527_at	9.94e-01	9.77e-01	0.0293137	-6.05452	0.00254637	9527_at
4914_at	9.94e-01	9.77e-01	-0.0289232	-6.05453	-0.00320677	4914_at
140461_at	9.94e-01	9.77e-01	-0.0288855	-6.05454	-0.00351854	140461_at
7273_at	9.94e-01	9.77e-01	-0.0287451	-6.05454	-0.0023971	7273_at
7639_at	9.94e-01	9.77e-01	-0.0287032	-6.05454	-0.00306261	7639_at
4099_at	9.94e-01	9.77e-01	-0.0286687	-6.05454	-0.00240007	4099_at
10449_at	9.94e-01	9.77e-01	0.0285556	-6.05454	0.00419167	10449_at
92_at	9.94e-01	9.78e-01	0.0281799	-6.05455	0.00311999	92_at
10863_at	9.94e-01	9.78e-01	-0.0281792	-6.05455	-0.00226716	10863_at
5625_at	9.94e-01	9.78e-01	0.0279562	-6.05456	0.00708564	5625_at
7054_at	9.94e-01	9.78e-01	-0.0279339	-6.05456	-0.00180984	7054_at
54960_at	9.94e-01	9.78e-01	0.0279088	-6.05456	0.00293656	54960_at
435_at	9.94e-01	9.78e-01	0.0276017	-6.05457	0.00611285	435_at
5424_at	9.94e-01	9.78e-01	0.0275104	-6.05457	0.00302874	5424_at
10439_at	9.94e-01	9.78e-01	-0.0274173	-6.05458	-0.0032033	10439_at
25901_at	9.94e-01	9.78e-01	0.0271962	-6.05458	0.00363342	25901_at
11021_at	9.94e-01	9.79e-01	0.0270003	-6.05459	0.00209594	11021_at
26470_at	9.95e-01	9.79e-01	-0.0262546	-6.05461	-0.0045658	26470_at
7074_at	9.95e-01	9.79e-01	-0.0262401	-6.05461	-0.00345374	7074_at
30820_at	9.95e-01	9.79e-01	-0.0260907	-6.05461	-0.00311676	30820_at
8712_at	9.95e-01	9.79e-01	0.0258407	-6.05462	0.00268483	8712_at
114112_at	9.95e-01	9.80e-01	-0.0254349	-6.05463	-0.00241413	114112_at
7182_at	9.95e-01	9.80e-01	-0.025318	-6.05463	-0.00192853	7182_at
1238_at	9.95e-01	9.80e-01	-0.025143	-6.05463	-0.00266664	1238_at
2157_at	9.95e-01	9.80e-01	0.0250684	-6.05463	0.00518739	2157_at
22862_at	9.95e-01	9.80e-01	0.0249022	-6.05464	0.00261738	22862_at
154_at	9.95e-01	9.80e-01	-0.0248834	-6.05464	-0.00338214	154_at
729991_at	9.95e-01	9.81e-01	-0.0245391	-6.05465	-0.00261376	729991_at
4040_at	9.95e-01	9.81e-01	0.0243902	-6.05465	0.00202927	4040_at
1454_at	9.95e-01	9.81e-01	0.0243602	-6.05465	0.00291269	1454_at
29957_at	9.95e-01	9.81e-01	-0.0243427	-6.05465	-0.00353796	29957_at
2861_at	9.95e-01	9.81e-01	-0.0242119	-6.05465	-0.00169573	2861_at
5813_at	9.95e-01	9.81e-01	-0.0241929	-6.05466	-0.00348921	5813_at
6483_at	9.95e-01	9.81e-01	0.0241128	-6.05466	0.00180589	6483_at
84790_at	9.95e-01	9.81e-01	-0.0236897	-6.05467	-0.00371579	84790_at
50944_at	9.96e-01	9.81e-01	0.0234153	-6.05467	0.00214548	50944_at
23186_at	9.96e-01	9.82e-01	0.0232103	-6.05468	0.0029823	23186_at
2348_at	9.96e-01	9.82e-01	0.0231119	-6.05468	0.00645504	2348_at
825_at	9.96e-01	9.82e-01	-0.0228814	-6.05469	-0.01162446	825_at
23016_at	9.96e-01	9.82e-01	-0.0227802	-6.05469	-0.00214357	23016_at
1768_at	9.96e-01	9.82e-01	0.0226038	-6.05469	0.0023428	1768_at
580_at	9.96e-01	9.82e-01	0.0225481	-6.05469	0.00271029	580_at
22821_at	9.96e-01	9.82e-01	-0.0225221	-6.05469	-0.00157878	22821_at
10498_at	9.96e-01	9.82e-01	0.0225147	-6.05469	0.00240908	10498_at
79006_at	9.96e-01	9.82e-01	-0.0224865	-6.05469	-0.00321637	79006_at
433_at	9.96e-01	9.82e-01	0.0221293	-6.0547	0.0040048	433_at
23266_at	9.96e-01	9.83e-01	-0.0219728	-6.0547	-0.00297333	23266_at
54517_at	9.96e-01	9.83e-01	-0.021953	-6.05471	-0.00373932	54517_at
7306_at	9.96e-01	9.83e-01	-0.0216727	-6.05471	-0.00865654	7306_at
9649_at	9.96e-01	9.83e-01	0.02164	-6.05471	0.0015548	9649_at
57718_at	9.96e-01	9.83e-01	0.0216378	-6.05471	0.00140787	57718_at
1581_at	9.96e-01	9.83e-01	-0.0212731	-6.05472	-0.00125898	1581_at
63906_at	9.96e-01	9.83e-01	0.0212045	-6.05472	0.00224845	63906_at
79841_at	9.96e-01	9.83e-01	0.021191	-6.05472	0.00205423	79841_at
80108_at	9.96e-01	9.83e-01	-0.021155	-6.05472	-0.00219083	80108_at
55711_at	9.96e-01	9.83e-01	-0.0211057	-6.05472	-0.00346852	55711_at
255967_at	9.96e-01	9.83e-01	0.0210265	-6.05472	0.0020928	255967_at
22808_at	9.96e-01	9.83e-01	0.0208549	-6.05473	0.00326255	22808_at
23609_at	9.96e-01	9.83e-01	-0.0207989	-6.05473	-0.00209657	23609_at
55850_at	9.96e-01	9.84e-01	0.0207085	-6.05473	0.00263186	55850_at
5290_at	9.96e-01	9.84e-01	0.0206527	-6.05473	0.00303634	5290_at
8309_at	9.96e-01	9.84e-01	-0.0202622	-6.05474	-0.00726333	8309_at
5933_at	9.96e-01	9.84e-01	0.0202317	-6.05474	0.0010832	5933_at
56255_at	9.96e-01	9.84e-01	0.0197471	-6.05475	0.00347961	56255_at
5372_at	9.96e-01	9.84e-01	0.0195401	-6.05475	0.00316602	5372_at
100499177_at	9.96e-01	9.85e-01	-0.0193472	-6.05476	-0.00583433	100499177_at
8881_at	9.96e-01	9.85e-01	0.0192579	-6.05476	0.00170945	8881_at
644096_at	9.96e-01	9.85e-01	-0.0188807	-6.05477	-0.00157016	644096_at
5037_at	9.96e-01	9.85e-01	-0.0185829	-6.05477	-0.00268469	5037_at
3381_at	9.96e-01	9.85e-01	0.018523	-6.05477	0.00156938	3381_at
7108_at	9.96e-01	9.85e-01	-0.018516	-6.05477	-0.00347379	7108_at
79877_at	9.96e-01	9.85e-01	-0.0185112	-6.05477	-0.00118701	79877_at
1510_at	9.96e-01	9.85e-01	-0.0184643	-6.05477	-0.00255629	1510_at
2646_at	9.96e-01	9.85e-01	-0.0183529	-6.05477	-0.00178622	2646_at
339479_at	9.96e-01	9.86e-01	-0.0181911	-6.05478	-0.00163539	339479_at
6598_at	9.96e-01	9.86e-01	0.0181799	-6.05478	0.00197911	6598_at
23450_at	9.96e-01	9.86e-01	0.01788	-6.05478	0.00130121	23450_at
3204_at	9.96e-01	9.86e-01	-0.0178045	-6.05478	-0.00181702	3204_at
4985_at	9.96e-01	9.86e-01	-0.0175886	-6.05479	-0.00212279	4985_at
668_at	9.96e-01	9.86e-01	0.017555	-6.05479	0.00155122	668_at
25898_at	9.96e-01	9.86e-01	0.0175301	-6.05479	0.00161198	25898_at
57824_at	9.96e-01	9.86e-01	0.0174094	-6.05479	0.00161152	57824_at
9123_at	9.96e-01	9.86e-01	0.0173327	-6.05479	0.00439748	9123_at
6252_at	9.96e-01	9.86e-01	0.0172319	-6.05479	0.00312026	6252_at
89941_at	9.96e-01	9.87e-01	-0.0169026	-6.0548	-0.00117286	89941_at
5989_at	9.96e-01	9.87e-01	-0.0168291	-6.0548	-0.00131153	5989_at
81691_at	9.96e-01	9.87e-01	0.0167791	-6.0548	0.00175686	81691_at
91860_at	9.96e-01	9.87e-01	-0.0167753	-6.0548	-0.00398102	91860_at
3400_at	9.96e-01	9.87e-01	-0.0167542	-6.0548	-0.00310965	3400_at
55501_at	9.96e-01	9.87e-01	0.0167247	-6.0548	0.00177747	55501_at
11199_at	9.96e-01	9.87e-01	-0.0166976	-6.0548	-0.00190647	11199_at
865_at	9.96e-01	9.87e-01	0.0165823	-6.0548	0.00308713	865_at
7695_at	9.96e-01	9.87e-01	-0.016581	-6.0548	-0.0016049	7695_at
5211_at	9.96e-01	9.87e-01	0.0165404	-6.05481	0.00196697	5211_at
23417_at	9.96e-01	9.87e-01	-0.0163824	-6.05481	-0.00255527	23417_at
23077_at	9.97e-01	9.87e-01	-0.0160264	-6.05481	-0.00220772	23077_at
23452_at	9.97e-01	9.87e-01	-0.0157633	-6.05482	-0.0020929	23452_at
7373_at	9.97e-01	9.88e-01	-0.015557	-6.05482	-0.00167849	7373_at
10927_at	9.97e-01	9.88e-01	0.0153998	-6.05482	0.00179022	10927_at
56926_at	9.97e-01	9.88e-01	0.0153826	-6.05482	0.00159627	56926_at
50626_at	9.97e-01	9.88e-01	0.015305	-6.05482	0.00168726	50626_at
682_at	9.97e-01	9.88e-01	-0.015106	-6.05483	-0.00310884	682_at
3347_at	9.97e-01	9.88e-01	0.0150756	-6.05483	0.00153167	3347_at
10780_at	9.97e-01	9.88e-01	0.0149965	-6.05483	0.00096773	10780_at
4643_at	9.97e-01	9.88e-01	-0.0149824	-6.05483	-0.00218614	4643_at
10489_at	9.97e-01	9.88e-01	-0.0147729	-6.05483	-0.00149892	10489_at
84900_at	9.97e-01	9.88e-01	0.0147613	-6.05483	0.00131619	84900_at
4853_at	9.97e-01	9.88e-01	0.0147082	-6.05483	0.00168734	4853_at
394_at	9.97e-01	9.88e-01	-0.0146773	-6.05483	-0.00206693	394_at
79710_at	9.97e-01	9.88e-01	-0.0145591	-6.05483	-0.00162124	79710_at
6940_at	9.97e-01	9.89e-01	0.0142745	-6.05484	0.00154187	6940_at
1198_at	9.97e-01	9.89e-01	0.0142634	-6.05484	0.00272791	1198_at
7755_at	9.97e-01	9.89e-01	0.0142435	-6.05484	0.00174672	7755_at
1870_at	9.97e-01	9.89e-01	-0.0141451	-6.05484	-0.00144465	1870_at
1906_at	9.97e-01	9.89e-01	0.013769	-6.05485	0.0025366	1906_at
283_at	9.97e-01	9.89e-01	-0.0133917	-6.05485	-0.00320887	283_at
255057_at	9.97e-01	9.89e-01	-0.0133322	-6.05485	-0.00119552	255057_at
28526_at	9.97e-01	9.90e-01	-0.0130454	-6.05486	-0.00145165	28526_at
6711_at	9.97e-01	9.90e-01	0.0128704	-6.05486	0.00157049	6711_at
911_at	9.97e-01	9.90e-01	0.0126686	-6.05486	0.00288754	911_at
80125_at	9.97e-01	9.90e-01	-0.0123569	-6.05486	-0.00154532	80125_at
29103_at	9.97e-01	9.90e-01	0.0123061	-6.05486	0.00212617	29103_at
7625_at	9.97e-01	9.90e-01	-0.0122026	-6.05487	-0.0012053	7625_at
4354_at	9.97e-01	9.90e-01	0.012169	-6.05487	0.00167712	4354_at
7932_at	9.97e-01	9.91e-01	-0.0119003	-6.05487	-0.00085351	7932_at
6586_at	9.97e-01	9.91e-01	0.0118686	-6.05487	0.00150493	6586_at
7179_at	9.97e-01	9.91e-01	-0.0118635	-6.05487	-0.00166074	7179_at
166_at	9.97e-01	9.91e-01	0.011686	-6.05487	0.00178713	166_at
3418_at	9.97e-01	9.91e-01	0.0115556	-6.05487	0.00180266	3418_at
5734_at	9.97e-01	9.91e-01	0.0115251	-6.05487	0.00245989	5734_at
84272_at	9.97e-01	9.91e-01	-0.0111537	-6.05488	-0.00113932	84272_at
7539_at	9.97e-01	9.91e-01	-0.0110466	-6.05488	-0.00104204	7539_at
7010_at	9.97e-01	9.91e-01	-0.0110456	-6.05488	-0.00112659	7010_at
55706_at	9.97e-01	9.91e-01	-0.0109226	-6.05488	-0.00126486	55706_at
11144_at	9.97e-01	9.91e-01	0.0108436	-6.05488	0.00063274	11144_at
7743_at	9.97e-01	9.91e-01	-0.0106998	-6.05488	-0.00145196	7743_at
11346_at	9.97e-01	9.92e-01	-0.0105686	-6.05488	-0.00182263	11346_at
83937_at	9.97e-01	9.92e-01	-0.010482	-6.05488	-0.00205465	83937_at
10514_at	9.97e-01	9.92e-01	0.010451	-6.05488	0.0008956	10514_at
9425_at	9.97e-01	9.92e-01	0.0104108	-6.05488	0.00078206	9425_at
140_at	9.97e-01	9.92e-01	0.0102405	-6.05489	0.00194808	140_at
8500_at	9.97e-01	9.92e-01	-0.0101309	-6.05489	-0.00063933	8500_at
55619_at	9.97e-01	9.92e-01	0.0100321	-6.05489	0.00153338	55619_at
29088_at	9.97e-01	9.92e-01	-0.0100053	-6.05489	-0.00143124	29088_at
638_at	9.97e-01	9.92e-01	0.0095769	-6.05489	0.00163561	638_at
26289_at	9.97e-01	9.92e-01	0.0094622	-6.05489	0.00123655	26289_at
3290_at	9.97e-01	9.93e-01	-0.0094389	-6.05489	-0.00136266	3290_at
2033_at	9.97e-01	9.93e-01	0.009381	-6.05489	0.00095038	2033_at
79734_at	9.97e-01	9.93e-01	0.0091856	-6.0549	0.00111959	79734_at
22981_at	9.97e-01	9.93e-01	0.0089536	-6.0549	0.00149273	22981_at
3184_at	9.97e-01	9.93e-01	0.0089282	-6.0549	0.00079594	3184_at
79726_at	9.97e-01	9.93e-01	-0.0087618	-6.0549	-0.00073075	79726_at
8148_at	9.97e-01	9.93e-01	0.0087363	-6.0549	0.00121698	8148_at
4259_at	9.97e-01	9.93e-01	-0.0087056	-6.0549	-0.0009744	4259_at
55283_at	9.97e-01	9.93e-01	-0.0086304	-6.0549	-0.00141172	55283_at
3909_at	9.97e-01	9.93e-01	0.0085617	-6.0549	0.00117378	3909_at
3420_at	9.97e-01	9.93e-01	0.0083877	-6.0549	0.0011127	3420_at
3446_at	9.97e-01	9.93e-01	-0.0083798	-6.0549	-0.00129446	3446_at
56474_at	9.97e-01	9.94e-01	-0.0081715	-6.0549	-0.0007641	56474_at
54886_at	9.97e-01	9.94e-01	-0.0081381	-6.05491	-0.0031306	54886_at
8419_at	9.98e-01	9.94e-01	0.0078358	-6.05491	0.00058392	8419_at
753_at	9.98e-01	9.94e-01	-0.007586	-6.05491	-0.00069606	753_at
57215_at	9.98e-01	9.94e-01	0.0075359	-6.05491	0.00066845	57215_at
6666_at	9.98e-01	9.94e-01	-0.0074534	-6.05491	-0.0006338	6666_at
134_at	9.98e-01	9.94e-01	-0.0074174	-6.05491	-0.00071965	134_at
4922_at	9.98e-01	9.94e-01	-0.0073647	-6.05491	-0.00113621	4922_at
10567_at	9.98e-01	9.94e-01	0.0071274	-6.05491	0.00091884	10567_at
29777_at	9.98e-01	9.95e-01	-0.0067264	-6.05492	-0.0005439	29777_at
1610_at	9.98e-01	9.95e-01	0.0065428	-6.05492	0.00298397	1610_at
9553_at	9.98e-01	9.95e-01	-0.0062546	-6.05492	-0.00079177	9553_at
1571_at	9.98e-01	9.95e-01	0.0062391	-6.05492	0.00218356	1571_at
6274_at	9.98e-01	9.95e-01	0.0061496	-6.05492	0.00060159	6274_at
11017_at	9.98e-01	9.95e-01	0.0059065	-6.05492	0.00061884	11017_at
1776_at	9.98e-01	9.95e-01	0.0057341	-6.05492	0.0016651	1776_at
220988_at	9.98e-01	9.95e-01	-0.0056743	-6.05492	-0.00058183	220988_at
26610_at	9.98e-01	9.96e-01	0.005343	-6.05492	0.00058729	26610_at
81029_at	9.98e-01	9.96e-01	0.0052163	-6.05492	0.00053018	81029_at
8516_at	9.98e-01	9.96e-01	0.0051648	-6.05492	0.00069166	8516_at
10695_at	9.98e-01	9.96e-01	0.004848	-6.05493	0.00065971	10695_at
27295_at	9.98e-01	9.96e-01	-0.0048237	-6.05493	-0.00064654	27295_at
152185_at	9.99e-01	9.96e-01	0.0046802	-6.05493	0.00029169	152185_at
2534_at	9.99e-01	9.96e-01	-0.0045296	-6.05493	-0.00084141	2534_at
11228_at	9.99e-01	9.97e-01	0.0042999	-6.05493	0.00037364	11228_at
5978_at	9.99e-01	9.97e-01	-0.0039782	-6.05493	-0.00045603	5978_at
10661_at	9.99e-01	9.97e-01	0.0039749	-6.05493	0.0003732	10661_at
5458_at	9.99e-01	9.97e-01	0.0036586	-6.05493	0.00042332	5458_at
79572_at	9.99e-01	9.97e-01	0.0034544	-6.05493	0.00045407	79572_at
7775_at	9.99e-01	9.97e-01	-0.003428	-6.05493	-0.00068279	7775_at
80223_at	9.99e-01	9.97e-01	-0.0033768	-6.05493	-0.00050097	80223_at
10170_at	9.99e-01	9.97e-01	-0.0031524	-6.05493	-0.0003403	10170_at
83464_at	9.99e-01	9.98e-01	0.0025761	-6.05493	0.00023369	83464_at
22824_at	9.99e-01	9.98e-01	-0.0025477	-6.05493	-0.00046754	22824_at
27285_at	9.99e-01	9.98e-01	0.002222	-6.05493	0.00025208	27285_at
22903_at	9.99e-01	9.98e-01	-0.0021816	-6.05493	-0.00040249	22903_at
27349_at	9.99e-01	9.98e-01	-0.0021416	-6.05493	-0.00038679	27349_at
54904_at	9.99e-01	9.98e-01	-0.0021174	-6.05493	-0.00017218	54904_at
51378_at	9.99e-01	9.98e-01	0.0020507	-6.05493	0.00026172	51378_at
79413_at	9.99e-01	9.99e-01	0.0017313	-6.05494	0.00021554	79413_at
8574_at	9.99e-01	9.99e-01	-0.0016082	-6.05494	-0.00031311	8574_at
10411_at	9.99e-01	9.99e-01	-0.0015881	-6.05494	-0.00023842	10411_at
54903_at	9.99e-01	9.99e-01	0.0013751	-6.05494	0.00014511	54903_at
26060_at	9.99e-01	9.99e-01	0.0012778	-6.05494	0.0001858	26060_at
476_at	9.99e-01	9.99e-01	-0.0011806	-6.05494	-0.00018362	476_at
64116_at	9.99e-01	9.99e-01	-0.0011247	-6.05494	-0.00033698	64116_at
5245_at	1.00	9.99e-01	0.0006665	-6.05494	0.00010998	5245_at
8813_at	1.00	1.00	0.0001587	-6.05494	0.00001906	8813_at
9950_at	1.00	1.00	-0.0000938	-6.05494	-0.00001289	9950_at
23588_at	1.00	1.00	-0.0000292	-6.05494	-0.00000505	23588_at
