gene,logFC,p_value,adj_p_value
MTRNR2L10,-6.0,2.27e-24,5.03e-20
TREM2,-2.91,2.22e-22,2.46e-18
COL1A1,-2.25,1.55e-20,1.15e-16
KCNJ5,-1.77,3.63e-19,1.61e-15
ITGAX,-1.18,3.59e-19,1.61e-15
PRAMEF10,-3.8,1.84e-18,6.79e-15
TNFRSF12A,-3.68,8.23e-18,2.6e-14
GPNMB,-1.64,1.2e-17,3.32e-14
CAPG,-1.99,1.46e-17,3.59e-14
BLVRA,-1.02,2.28e-17,5.04e-14
S100A4,-1.22,5.87e-17,1.18e-13
PRAMEF33,-3.63,7.74e-17,1.43e-13
RNA5-8SN1,-3.4,9.82e-17,1.67e-13
UBD,-1.9,1.26e-16,1.99e-13
DNMT1,-0.56,1.64e-16,2.42e-13
CD52,-1.5,1.95e-16,2.7e-13
RNA5-8SN5,-3.38,2.39e-16,3.11e-13
LAMC3,-2.03,2.53e-16,3.11e-13
RNA5-8SN4,-3.35,3.72e-16,4.12e-13
ABR,-0.8,3.69e-16,4.12e-13
IL32,-1.69,3.99e-16,4.21e-13
RNA5-8SN3,-3.29,6.2e-16,5.33e-13
FHIP1A,0.688,6.25e-16,5.33e-13
MIR3606,-1.75,5.37e-16,5.33e-13
IER5,-1.03,5.72e-16,5.33e-13
LYZ,-1.58,6.14e-16,5.33e-13
RNA5-8SN2,-3.29,8.47e-16,6.95e-13
COL3A1,-1.11,1.05e-15,8.33e-13
P2RY8,-1.19,2.96e-15,2.26e-12
TP53I3,-1.14,3.34e-15,2.47e-12
FABP4,-2.56,3.47e-15,2.48e-12
DUSP8,-3.08,3.79e-15,2.63e-12
ANGPTL2,-0.882,4.2e-15,2.82e-12
CXXC4,0.84,5.49e-15,3.58e-12
MRAS,-1.02,8.83e-15,5.59e-12
HCLS1,-0.798,1.29e-14,7.91e-12
LGALS3,-1.65,1.73e-14,1.01e-11
S100A11,-1.56,1.74e-14,1.01e-11
LPL,-2.35,2.21e-14,1.25e-11
COL5A1,-1.34,2.37e-14,1.31e-11
GAS6-AS1,-1.41,2.68e-14,1.45e-11
PLAUR,-1.96,3.75e-14,1.98e-11
SASH3,-0.957,3.9e-14,2e-11
STMN2,-3.24,3.97e-14,2e-11
PARVG,-0.788,5.03e-14,2.48e-11
ACVR1C,0.829,5.81e-14,2.79e-11
FSTL3,-1.59,5.92e-14,2.79e-11
ADAMTSL2,-1.51,6.22e-14,2.87e-11
ITGBL1,-1.71,6.71e-14,3.03e-11
TMSB10,-1.02,7.04e-14,3.09e-11
SYK,-0.821,7.13e-14,3.09e-11
GMFG,-0.918,8.9e-14,3.72e-11
UAP1L1,-0.985,8.84e-14,3.72e-11
CCN1,-3.01,9.13e-14,3.74e-11
CXCL8,-3.02,9.73e-14,3.92e-11
GLIPR2,-1.1,1.03e-13,4.09e-11
TTYH3,-1.52,1.29e-13,5e-11
ADAMTS2,-0.83,1.4e-13,5.23e-11
RELB,-1.29,1.43e-13,5.23e-11
ZC3H12D,-0.882,1.44e-13,5.23e-11
MSR1,-1.32,1.44e-13,5.23e-11
SLC1A3,-1.41,1.5e-13,5.35e-11
GEM,-2.33,1.53e-13,5.36e-11
COL1A2,-1.3,1.78e-13,6.17e-11
FMNL1,-0.934,1.82e-13,6.19e-11
HCST,-1.34,1.89e-13,6.33e-11
MMP14,-1.11,2.28e-13,7.42e-11
TMSB4X,-0.841,2.28e-13,7.42e-11
MAFF,-2.57,2.34e-13,7.52e-11
VIM-AS1,-1.55,2.42e-13,7.65e-11
CYTOR,-1.56,2.95e-13,9.2e-11
LSP1,-1.22,3.25e-13,1e-10
NR4A1,-3.01,3.56e-13,1.08e-10
THBS2,-1.58,3.82e-13,1.14e-10
RAB7B,-1.48,4.68e-13,1.38e-10
LCP1,-0.839,4.74e-13,1.38e-10
DTNA,-1.49,4.82e-13,1.39e-10
TRPV2,-0.991,4.96e-13,1.41e-10
SPP1,-2.23,5.74e-13,1.61e-10
WIPF1,-0.795,6.21e-13,1.72e-10
TADA1,0.489,6.54e-13,1.79e-10
CHI3L1,-2.71,6.64e-13,1.79e-10
PKM,-1.09,6.82e-13,1.82e-10
COL4A2,-1.61,6.99e-13,1.84e-10
TIMP1,-1.95,7.08e-13,1.84e-10
CCDC9B,-1.01,7.38e-13,1.9e-10
TAX1BP3,-1.29,9.08e-13,2.31e-10
COL4A1,-1.49,9.59e-13,2.41e-10
BAX,-1.04,1.15e-12,2.87e-10
GPRIN1,-1.3,1.25e-12,3.08e-10
ADA2,-0.842,1.28e-12,3.12e-10
FABP5,-1.21,1.5e-12,3.57e-10
AKR1B1,-0.908,1.49e-12,3.57e-10
TRBC2,-1.42,1.59e-12,3.74e-10
IKBKE,-1.08,1.62e-12,3.79e-10
PLGLA,0.57,1.79e-12,4.12e-10
STK10,-0.824,1.86e-12,4.25e-10
SLC12A4,-0.88,1.97e-12,4.45e-10
MAGI3,0.409,2.16e-12,4.84e-10
RGS1,-2.65,2.21e-12,4.85e-10
IFT88,0.429,2.21e-12,4.85e-10
EGR3,-2.67,2.29e-12,4.97e-10
HYCC2,0.453,2.39e-12,5.08e-10
MMP9,-2.43,2.37e-12,5.08e-10
CYTH2,-0.839,2.48e-12,5.24e-10
CD72,-1.04,2.57e-12,5.37e-10
MRC2,-1.3,2.68e-12,5.55e-10
CDCP1,-1.09,2.77e-12,5.68e-10
MIER2,-0.795,2.85e-12,5.8e-10
KLC2,-1.16,3.02e-12,6.01e-10
SLC6A6,-0.826,3.04e-12,6.01e-10
PHLDA3,-1.48,3.01e-12,6.01e-10
HLA-DPB1,-0.859,3.36e-12,6.59e-10
HLA-DMB,-1.05,3.52e-12,6.84e-10
THY1,-1.59,3.57e-12,6.87e-10
KCNAB2,-1.22,3.63e-12,6.92e-10
VIL1,1.15,3.76e-12,7.12e-10
MYO1G,-1.0,3.96e-12,7.44e-10
MYO1F,-0.873,4.37e-12,8.13e-10
CD83,-1.28,4.5e-12,8.3e-10
TMC8,-1.0,4.73e-12,8.66e-10
PLK3,-1.42,4.94e-12,8.97e-10
DEF6,-0.947,5.06e-12,9.11e-10
RTN1,-0.822,5.14e-12,9.18e-10
CD53,-0.855,5.2e-12,9.22e-10
MXRA8,-1.11,5.51e-12,9.68e-10
HLA-DRA,-1.03,5.57e-12,9.71e-10
CHST15,-0.604,5.68e-12,9.71e-10
ADAMTS10,-1.09,5.66e-12,9.71e-10
MTRNR2L1,-3.3,5.7e-12,9.71e-10
MACROH2A1,-0.249,6.01e-12,1.02e-09
TOP2A,-1.2,6.11e-12,1.03e-09
ARHGAP30,-0.74,6.37e-12,1.06e-09
BCAT1,-1.4,6.58e-12,1.08e-09
EMP3,-1.03,6.6e-12,1.08e-09
RCC2,-0.582,7.29e-12,1.19e-09
TMEM204,-1.2,7.47e-12,1.2e-09
NCF2,-0.897,7.46e-12,1.2e-09
LCK,-1.13,7.67e-12,1.22e-09
BTG2,-1.36,8.06e-12,1.27e-09
SLA,-0.954,8.09e-12,1.27e-09
CD2,-1.12,8.12e-12,1.27e-09
ADCY7,-0.635,8.78e-12,1.35e-09
PLEKHO2,-1.03,8.77e-12,1.35e-09
INPP5D,-0.672,9.23e-12,1.41e-09
RASSF2,-0.785,9.37e-12,1.42e-09
MIR23AHG,-1.35,9.48e-12,1.43e-09
NFKB2,-0.952,1.04e-11,1.56e-09
FPR3,-1.14,1.06e-11,1.57e-09
FCHO1,-1.28,1.09e-11,1.62e-09
HLA-DOA,-0.991,1.12e-11,1.64e-09
PIK3IP1,-0.927,1.17e-11,1.69e-09
PLEKHO1,-0.899,1.16e-11,1.69e-09
CCL20,-3.14,1.28e-11,1.84e-09
ABCC1,-0.688,1.32e-11,1.87e-09
LOC105374836,-1.77,1.32e-11,1.87e-09
GAS6,-1.11,1.41e-11,1.99e-09
HBA2,-2.28,1.49e-11,2.09e-09
AEBP1,-1.57,1.57e-11,2.18e-09
ARHGAP25,-0.602,1.66e-11,2.3e-09
FGR,-0.852,1.7e-11,2.34e-09
CMTM3,-0.885,1.74e-11,2.37e-09
CDNF,0.707,1.75e-11,2.38e-09
LAPTM5,-1.13,1.8e-11,2.42e-09
OSBPL6,0.897,1.8e-11,2.42e-09
QSOX1,-1.01,1.87e-11,2.49e-09
RHBDF2,-1.1,1.91e-11,2.53e-09
CXCL6,-2.08,1.99e-11,2.59e-09
PLAU,-1.36,1.97e-11,2.59e-09
GGTA1,-0.905,1.99e-11,2.59e-09
CDHR2,-1.14,2.14e-11,2.77e-09
CCDC88B,-1.3,2.3e-11,2.96e-09
CCL2,-2.27,2.33e-11,2.98e-09
ORC2,0.452,2.35e-11,2.99e-09
CYBA,-1.06,2.39e-11,3.02e-09
TTC19,0.321,2.44e-11,3.07e-09
NIN,-0.424,2.5e-11,3.13e-09
LIMK1,-1.06,2.54e-11,3.16e-09
VCAN,-1.43,2.67e-11,3.31e-09
CXCR4,-1.93,2.75e-11,3.38e-09
LIF,-1.78,2.82e-11,3.45e-09
PLEK,-0.812,2.91e-11,3.54e-09
UNC5B,-0.923,2.98e-11,3.59e-09
ARHGAP9,-0.796,3.01e-11,3.59e-09
TGFB1,-1.05,3e-11,3.59e-09
JUN,-1.92,3.01e-11,3.59e-09
TMEM150B,-1.43,3.03e-11,3.59e-09
NCF4,-1.09,3.07e-11,3.61e-09
AIF1,-0.912,3.12e-11,3.66e-09
CARD6,-0.523,3.2e-11,3.72e-09
EHBP1L1,-0.719,3.22e-11,3.73e-09
CLEC11A,-1.54,3.25e-11,3.75e-09
CCL5,-1.04,3.33e-11,3.82e-09
CCR5,-0.857,3.37e-11,3.84e-09
RASSF1,-0.722,3.43e-11,3.86e-09
THBS1,-1.83,3.41e-11,3.86e-09
MIR4435-2HG,-1.06,3.42e-11,3.86e-09
CD84,-0.804,3.61e-11,4.04e-09
CNKSR2,0.86,3.72e-11,4.12e-09
COL16A1,-1.39,3.71e-11,4.12e-09
CD74,-1.1,3.81e-11,4.19e-09
UBXN11,-0.932,3.83e-11,4.2e-09
TNFRSF21,-0.853,3.92e-11,4.25e-09
NIBAN2,-1.28,3.92e-11,4.25e-09
KIF21B,-1.01,4.01e-11,4.31e-09
CD3E,-1.11,4e-11,4.31e-09
TNFAIP2,-1.1,4.08e-11,4.37e-09
GPSM3,-1.01,4.11e-11,4.38e-09
NFKBIE,-0.896,4.19e-11,4.44e-09
RGS4,-1.85,4.23e-11,4.46e-09
JAK3,-1.02,4.6e-11,4.82e-09
ITGA9,-0.489,4.65e-11,4.85e-09
LTB,-1.52,4.97e-11,5.14e-09
HSPA6,-1.15,4.97e-11,5.14e-09
ARL4C,-0.925,5.18e-11,5.34e-09
TRBC1,-1.41,5.24e-11,5.35e-09
H4C8,-1.2,5.25e-11,5.35e-09
SPN,-0.72,5.44e-11,5.51e-09
GYPC,-0.896,5.45e-11,5.51e-09
SLC16A3,-1.82,5.52e-11,5.55e-09
VASP,-0.876,5.58e-11,5.57e-09
CYTH4,-0.902,5.58e-11,5.57e-09
ADGRG1,-1.26,5.87e-11,5.83e-09
TMC6,-0.951,5.99e-11,5.93e-09
TMEM260,0.28,6.08e-11,5.98e-09
BIN2,-0.65,6.11e-11,5.99e-09
TFEC,-0.844,6.17e-11,6.02e-09
EMILIN1,-1.4,6.35e-11,6.17e-09
MYC,-1.95,6.39e-11,6.18e-09
PTAFR,-0.989,6.46e-11,6.22e-09
HBA1,-2.12,6.54e-11,6.25e-09
CD6,-1.28,6.54e-11,6.25e-09
CSF2RA,-0.896,6.6e-11,6.27e-09
MATK,-1.67,6.63e-11,6.27e-09
MICAL1,-0.952,6.77e-11,6.38e-09
OLR1,-1.95,6.88e-11,6.46e-09
SRGN,-1.35,7.51e-11,7.02e-09
MAPK7,-0.901,7.68e-11,7.15e-09
BCL2A1,-1.68,7.91e-11,7.33e-09
ADGRE2,-0.708,8.08e-11,7.43e-09
CPED1,0.396,8.08e-11,7.43e-09
VIM,-1.07,8.4e-11,7.69e-09
NALCN,-1.24,8.49e-11,7.74e-09
CD24,-1.28,8.64e-11,7.84e-09
SPINT1,-1.47,8.78e-11,7.94e-09
TEP1,-0.395,8.91e-11,8.02e-09
EPB41L5,0.485,9.17e-11,8.22e-09
PLA2G7,-1.01,9.25e-11,8.24e-09
LBH,-1.08,9.27e-11,8.24e-09
SOCS3,-2.39,9.79e-11,8.67e-09
MICALL2,-1.25,1.02e-10,8.97e-09
KLHL6,-0.79,1.02e-10,8.97e-09
SLC49A3,-1.4,1.04e-10,9.07e-09
ARHGAP27,-0.856,1.07e-10,9.33e-09
ITGAM,-0.916,1.08e-10,9.38e-09
VAV1,-0.883,1.1e-10,9.41e-09
SIGLEC9,-0.786,1.09e-10,9.41e-09
C5AR1,-1.49,1.09e-10,9.41e-09
ATF3,-2.11,1.13e-10,9.65e-09
LOC105378477,-2.69,1.16e-10,9.85e-09
S100A9,-1.8,1.23e-10,1.03e-08
FZD5,0.452,1.22e-10,1.03e-08
SAMD11,-1.35,1.22e-10,1.03e-08
SGK1,-1.37,1.26e-10,1.06e-08
COL5A3,-1.56,1.3e-10,1.08e-08
RAB42,-0.942,1.3e-10,1.08e-08
IKZF1,-0.71,1.32e-10,1.09e-08
LGALS9,-1.06,1.35e-10,1.12e-08
PDZK1IP1,-2.49,1.42e-10,1.16e-08
TRAC,-1.2,1.41e-10,1.16e-08
LTBP2,-1.24,1.55e-10,1.27e-08
SAMSN1,-1.18,1.61e-10,1.31e-08
CXCL1,-2.08,1.64e-10,1.32e-08
ACSS1,-0.765,1.63e-10,1.32e-08
SLC1A7,-1.54,1.66e-10,1.33e-08
RNF166,-0.83,1.65e-10,1.33e-08
DAGLA,-1.51,1.67e-10,1.34e-08
NFKBID,-0.869,1.71e-10,1.36e-08
PTPN7,-0.863,1.72e-10,1.36e-08
CD300A,-0.875,1.71e-10,1.36e-08
SERPINB6,-0.266,1.74e-10,1.37e-08
LAMA5,-1.41,1.78e-10,1.38e-08
E2F3,-0.666,1.77e-10,1.38e-08
ZFP1,0.626,1.76e-10,1.38e-08
SEPTIN1,-1.01,1.75e-10,1.38e-08
SLAMF8,-1.05,1.8e-10,1.38e-08
PDGFA,-1.43,1.76e-10,1.38e-08
CORO1A,-1.36,1.8e-10,1.38e-08
NLRP3,-0.931,1.79e-10,1.38e-08
EHD4,-0.908,1.85e-10,1.41e-08
ZAP70,-0.846,1.87e-10,1.42e-08
ANXA1,-1.15,1.88e-10,1.42e-08
SLC43A2,-1.21,1.92e-10,1.44e-08
LIMK2,-0.624,1.9e-10,1.44e-08
KIAA1958,0.365,1.93e-10,1.45e-08
EMP1,-1.8,1.94e-10,1.45e-08
FAM78A,-0.884,1.96e-10,1.46e-08
RAC2,-0.989,1.98e-10,1.46e-08
CASP1,-0.464,1.96e-10,1.46e-08
PAIP2B,0.583,1.96e-10,1.46e-08
MIR9898,-1.72,1.99e-10,1.47e-08
MTMR10,0.33,2.03e-10,1.48e-08
PIK3R5,-0.736,2.04e-10,1.48e-08
DOCK2,-0.625,2.02e-10,1.48e-08
DNAJC19,0.451,2.1e-10,1.52e-08
PTPRC,-0.784,2.23e-10,1.62e-08
PTGDS,-1.64,2.31e-10,1.66e-08
ARHGDIB,-0.834,2.3e-10,1.66e-08
ZFAND4,0.367,2.36e-10,1.68e-08
STING1,-0.868,2.34e-10,1.68e-08
HLA-DMA,-0.882,2.39e-10,1.7e-08
STX11,-0.816,2.44e-10,1.73e-08
CCL4,-1.35,2.46e-10,1.74e-08
KANSL1L,0.404,2.49e-10,1.75e-08
PREX1,-0.836,2.52e-10,1.77e-08
H1-3,-1.03,2.55e-10,1.78e-08
ARSD-AS1,0.58,2.55e-10,1.78e-08
DBN1,-1.29,2.59e-10,1.81e-08
ARPC1B,-1.09,2.64e-10,1.83e-08
IL27RA,-0.905,2.67e-10,1.85e-08
ARHGEF16,-1.46,2.75e-10,1.9e-08
HK1,-0.691,2.77e-10,1.91e-08
ZNF8,-0.37,2.93e-10,2.01e-08
TBC1D10C,-1.14,3.05e-10,2.08e-08
ACKR3,-1.77,3.15e-10,2.15e-08
IER3,-2.03,3.28e-10,2.23e-08
ZZZ3,0.327,3.45e-10,2.34e-08
DUSP2,-2.16,3.5e-10,2.36e-08
HLA-DPA1,-1.09,3.57e-10,2.4e-08
COTL1,-0.936,3.59e-10,2.41e-08
NAGK,-0.477,3.65e-10,2.44e-08
DCAF6,0.427,3.77e-10,2.51e-08
PIK3CG,-0.722,3.88e-10,2.58e-08
TRIM22,-0.708,3.92e-10,2.6e-08
PDGFRB,-0.812,3.98e-10,2.62e-08
SELPLG,-1.03,3.96e-10,2.62e-08
SSC5D,-1.17,4.02e-10,2.64e-08
TRIM24,0.438,4.1e-10,2.68e-08
IL10RA,-0.881,4.14e-10,2.7e-08
KLF16,-1.25,4.18e-10,2.73e-08
ABCA7,-1.02,4.21e-10,2.74e-08
CA12,-2.53,4.34e-10,2.81e-08
RCSD1,-0.57,4.39e-10,2.84e-08
SRC,-0.935,4.49e-10,2.88e-08
FRRS1,0.515,4.47e-10,2.88e-08
CNN2,-1.06,4.56e-10,2.92e-08
PRR5L,-0.533,4.6e-10,2.94e-08
PODN,-1.4,4.63e-10,2.95e-08
FCN1,-1.07,4.73e-10,3e-08
ARRDC2,-0.961,4.93e-10,3.11e-08
VPS54,0.387,4.92e-10,3.11e-08
GGT5,-1.13,5.03e-10,3.17e-08
KCNJ5-AS1,-0.942,5.06e-10,3.17e-08
CCND3,-0.905,5.18e-10,3.24e-08
FXYD2,-1.65,5.3e-10,3.3e-08
HCK,-0.953,5.29e-10,3.3e-08
CD248,-1.55,5.33e-10,3.31e-08
SH2D2A,-1.17,5.38e-10,3.33e-08
MFRP,-1.24,5.52e-10,3.4e-08
C1QTNF5,-1.24,5.52e-10,3.4e-08
MFSD10,-1.27,5.68e-10,3.49e-08
LPAR2,-1.11,5.74e-10,3.51e-08
C11ORF96,-2.0,5.78e-10,3.52e-08
ACVR2B,0.482,5.77e-10,3.52e-08
AIG1,0.386,5.84e-10,3.54e-08
EFEMP2,-1.11,5.88e-10,3.56e-08
SH3BP1,-0.973,5.95e-10,3.59e-08
ZYX,-1.21,6.03e-10,3.63e-08
ZWINT,-0.989,6.09e-10,3.64e-08
DMRTA1,0.569,6.09e-10,3.64e-08
VWF,-1.6,6.09e-10,3.64e-08
CCL3,-1.48,6.26e-10,3.72e-08
PDE4A,-0.891,6.35e-10,3.77e-08
FYB1,-0.701,6.53e-10,3.87e-08
PPP4R3B,0.32,6.63e-10,3.91e-08
ST3GAL6,0.551,6.83e-10,4.02e-08
MYO10,-0.429,7.09e-10,4.16e-08
TMEM229B,-0.795,7.36e-10,4.31e-08
PALS1,0.355,7.39e-10,4.32e-08
ARPC4-TTLL3,-0.436,7.86e-10,4.58e-08
PYGB,-0.891,7.94e-10,4.62e-08
SCARNA21,-1.21,8.03e-10,4.65e-08
DCUN1D4,0.402,8.23e-10,4.75e-08
FGF21,-1.78,8.23e-10,4.75e-08
CMTM7,-0.752,8.34e-10,4.8e-08
LOC101927609,0.757,8.73e-10,4.98e-08
PDLIM7,-1.31,8.67e-10,4.98e-08
MOXD1,-1.84,8.74e-10,4.98e-08
MMP7,-2.31,8.71e-10,4.98e-08
JUND,-1.02,8.91e-10,5.06e-08
KYNU,0.485,9.13e-10,5.17e-08
KRT18,-0.992,9.34e-10,5.27e-08
ZDHHC6,0.264,9.4e-10,5.3e-08
ARHGEF2,-0.619,9.47e-10,5.32e-08
IGSF6,-0.842,9.62e-10,5.39e-08
GSK3B,0.27,9.69e-10,5.42e-08
MED13,0.403,9.9e-10,5.52e-08
KIF3C,-0.991,1e-09,5.56e-08
ABCC5,-0.435,1.01e-09,5.58e-08
CYP2C19,1.26,1.04e-09,5.78e-08
EML2,-0.755,1.06e-09,5.88e-08
SPSB1,-1.29,1.08e-09,5.96e-08
CLDN11,-1.14,1.09e-09,5.98e-08
INMT-MINDY4,-0.897,1.13e-09,6.2e-08
HSF2BP,-1.54,1.15e-09,6.3e-08
PDZD4,-1.08,1.17e-09,6.38e-08
DCDC2,-1.34,1.19e-09,6.49e-08
FKBP10,-0.943,1.23e-09,6.7e-08
GMIP,-0.738,1.28e-09,6.94e-08
CENPV,0.526,1.28e-09,6.94e-08
PTPRE,-0.645,1.33e-09,7.15e-08
MUC6,-1.91,1.34e-09,7.19e-08
CDKN1A,-1.59,1.35e-09,7.22e-08
ANXA2,-1.04,1.36e-09,7.26e-08
MMP2,-1.21,1.37e-09,7.31e-08
FNDC1,-1.49,1.4e-09,7.4e-08
ALOX5AP,-1.06,1.39e-09,7.4e-08
LOC107986644,0.963,1.39e-09,7.4e-08
HECTD1,0.363,1.4e-09,7.41e-08
PIK3CD,-0.791,1.41e-09,7.43e-08
USPL1,0.359,1.42e-09,7.48e-08
ITGB2,-1.14,1.44e-09,7.54e-08
IGFBP7-AS1,-1.64,1.46e-09,7.64e-08
RBL2,0.321,1.47e-09,7.66e-08
SOX4,-1.05,1.48e-09,7.73e-08
MARCKS,-0.795,1.49e-09,7.73e-08
SLC16A10,0.77,1.53e-09,7.93e-08
KPNA2,-0.748,1.54e-09,7.94e-08
NUP88,0.35,1.53e-09,7.94e-08
IL1B,-1.55,1.55e-09,7.97e-08
IGHG4,-1.7,1.59e-09,8.15e-08
LARP1B,0.431,1.6e-09,8.2e-08
RAB34,-0.983,1.62e-09,8.31e-08
BBC3,-1.77,1.64e-09,8.37e-08
WDR33,0.312,1.69e-09,8.6e-08
OSBPL7,-0.903,1.69e-09,8.6e-08
MAFK,-1.4,1.7e-09,8.62e-08
DYNLT4,-0.96,1.71e-09,8.67e-08
JUNB,-2.46,1.74e-09,8.75e-08
SNX20,-0.748,1.79e-09,9.01e-08
TPM4,-0.851,1.81e-09,9.09e-08
PGP,-0.791,1.87e-09,9.36e-08
GNA12,-0.575,1.9e-09,9.48e-08
MOB3A,-0.72,1.91e-09,9.55e-08
S1PR2,-0.942,1.93e-09,9.59e-08
C1QTNF1,-1.15,1.94e-09,9.63e-08
SWAP70,-0.596,1.95e-09,9.64e-08
LTBP4,-1.11,1.97e-09,9.73e-08
NLRC5,-0.757,1.98e-09,9.74e-08
LINC02348,-2.21,2e-09,9.85e-08
SLC2A3,-1.39,2.05e-09,1e-07
ADHFE1,0.499,2.05e-09,1e-07
BACE2,-1.02,2.05e-09,1e-07
FERMT3,-1.0,2.06e-09,1e-07
ADGRE5,-0.957,2.04e-09,1e-07
GPHN,0.44,2.09e-09,1.02e-07
ELF3,-1.43,2.13e-09,1.03e-07
WDFY4,-0.594,2.16e-09,1.04e-07
ASAH2B,0.54,2.14e-09,1.04e-07
IFI27L2,-1.2,2.18e-09,1.05e-07
IFI30,-1.01,2.2e-09,1.06e-07
XXYLT1,-0.424,2.21e-09,1.06e-07
KCTD17,-1.05,2.3e-09,1.1e-07
PPP1R15A,-1.16,2.3e-09,1.1e-07
ZBP1,-0.916,2.29e-09,1.1e-07
LOC101928230,0.624,2.38e-09,1.13e-07
GDF15,-2.36,2.37e-09,1.13e-07
SH2D3C,-0.979,2.44e-09,1.16e-07
ELF4,-0.647,2.48e-09,1.17e-07
RIN2,-0.403,2.58e-09,1.22e-07
S100A6,-1.21,2.61e-09,1.23e-07
NBEAL2,-0.813,2.66e-09,1.25e-07
RAP2B,-0.503,2.7e-09,1.26e-07
HPSE,-0.989,2.75e-09,1.28e-07
SIRT1,0.38,2.77e-09,1.29e-07
PLXNA3,-1.06,2.76e-09,1.29e-07
PIEZO1,-1.11,2.83e-09,1.31e-07
PAPOLA,0.28,2.81e-09,1.31e-07
TESC,-1.56,2.86e-09,1.32e-07
PPM1K,0.574,2.96e-09,1.36e-07
CD48,-0.862,2.95e-09,1.36e-07
NCKAP1L,-0.65,2.99e-09,1.37e-07
PITPNM1,-1.29,2.99e-09,1.37e-07
VWA8,0.363,3.17e-09,1.45e-07
ZC3H12A,-1.53,3.17e-09,1.45e-07
DOCK8,-0.628,3.21e-09,1.46e-07
RALGDS,-1.05,3.26e-09,1.48e-07
DNAJC25,0.481,3.28e-09,1.49e-07
TMEM184B,-0.866,3.29e-09,1.49e-07
PIK3R4,0.398,3.28e-09,1.49e-07
CARD16,-0.564,3.38e-09,1.52e-07
TCEAL9,-0.844,3.38e-09,1.52e-07
ORAI2,-0.678,3.37e-09,1.52e-07
VSIG2,-1.31,3.44e-09,1.54e-07
LINC01322,1.87,3.46e-09,1.55e-07
NR3C2,0.408,3.54e-09,1.57e-07
LINC01348,-0.899,3.55e-09,1.57e-07
SBNO1,0.284,3.53e-09,1.57e-07
JPT1,-0.64,3.53e-09,1.57e-07
DLG1,0.299,3.52e-09,1.57e-07
TRMT10A,0.472,3.56e-09,1.58e-07
ITK,-0.968,3.57e-09,1.58e-07
ACADSB,0.706,3.58e-09,1.58e-07
LOC107986710,-0.468,3.6e-09,1.58e-07
FBXL4,0.352,3.65e-09,1.6e-07
ITPKB,-0.551,3.67e-09,1.61e-07
RIPK3,-1.06,3.71e-09,1.62e-07
ALS2,0.313,3.79e-09,1.65e-07
FAM200B,0.371,3.83e-09,1.66e-07
CSF2RB,-0.954,3.96e-09,1.71e-07
GSN,-1.08,3.94e-09,1.71e-07
MVP,-1.07,3.97e-09,1.71e-07
AEN,-1.01,3.94e-09,1.71e-07
PYCARD,-1.35,3.98e-09,1.71e-07
RGS10,-0.866,4.04e-09,1.74e-07
CCR4,-1.16,4.06e-09,1.74e-07
BCKDHB,0.491,4.13e-09,1.77e-07
FGD3,-0.867,4.29e-09,1.83e-07
GRK2,-0.856,4.38e-09,1.87e-07
MIR30DHG,0.612,4.43e-09,1.88e-07
GPR132,-1.13,4.43e-09,1.88e-07
PLXNA1,-1.0,4.47e-09,1.9e-07
S100A8,-1.62,4.5e-09,1.9e-07
WAS,-0.929,4.55e-09,1.92e-07
CDS2,0.271,4.66e-09,1.97e-07
LINC01488,-2.36,4.7e-09,1.98e-07
GNA15,-1.58,4.76e-09,2e-07
ENPP1,0.471,4.81e-09,2.02e-07
GRIP2,-0.666,4.86e-09,2.04e-07
RUNX3,-0.746,4.93e-09,2.06e-07
COX10-DT,0.483,4.95e-09,2.06e-07
H1-5,-1.44,4.99e-09,2.07e-07
TBL1X,0.372,4.96e-09,2.07e-07
YWHAH,-0.638,5.03e-09,2.08e-07
PSTPIP1,-1.01,5.03e-09,2.08e-07
HSPA2,-1.74,5.06e-09,2.09e-07
LOC101928152,-1.16,5.13e-09,2.11e-07
ATG16L2,-0.489,5.12e-09,2.11e-07
TNFAIP8,-0.765,5.16e-09,2.12e-07
SLC9A1,-0.745,5.19e-09,2.13e-07
TXLNG,0.316,5.22e-09,2.14e-07
LCP2,-0.589,5.48e-09,2.24e-07
RHEX,-1.21,5.61e-09,2.27e-07
CH25H,-2.06,5.59e-09,2.27e-07
LINC02027,0.603,5.58e-09,2.27e-07
ZNF181,0.356,5.6e-09,2.27e-07
G6PD,-0.915,5.64e-09,2.28e-07
RHNO1,-0.536,5.68e-09,2.3e-07
FGD2,-0.697,5.84e-09,2.35e-07
ZNF507,0.286,5.86e-09,2.36e-07
BGN,-0.902,5.89e-09,2.37e-07
RNF44,-0.536,6.02e-09,2.4e-07
MCM5,-0.793,5.99e-09,2.4e-07
HLA-DRB1,-1.03,6.01e-09,2.4e-07
SUSD2,-1.41,6.02e-09,2.4e-07
CHD3,-0.651,6.02e-09,2.4e-07
TCF19,-0.82,6.05e-09,2.41e-07
FANCL,0.349,6.25e-09,2.48e-07
LOC105378281,-0.572,6.3e-09,2.5e-07
PACS1,-0.657,6.44e-09,2.55e-07
LFNG,-1.0,6.53e-09,2.58e-07
SLC1A5,-1.11,6.62e-09,2.61e-07
ATP2A3,-1.06,6.63e-09,2.61e-07
ANXA2P2,-1.16,6.68e-09,2.62e-07
HLCS,0.267,6.83e-09,2.67e-07
CD300LF,-0.867,6.81e-09,2.67e-07
TNFRSF1B,-0.837,6.92e-09,2.7e-07
EPPK1,-1.35,6.97e-09,2.72e-07
MFSD4B-DT,0.883,7e-09,2.72e-07
MTERF1,0.332,7.12e-09,2.77e-07
ANKRD13D,-0.977,7.15e-09,2.77e-07
RASAL3,-0.971,7.14e-09,2.77e-07
PPM1E,0.775,7.17e-09,2.77e-07
TRPM2,-1.12,7.2e-09,2.78e-07
OSBPL3,-0.682,7.4e-09,2.83e-07
GOLIM4,0.299,7.38e-09,2.83e-07
EPHA3,-1.0,7.37e-09,2.83e-07
ACOT13,0.403,7.36e-09,2.83e-07
KLF4,-1.44,7.44e-09,2.85e-07
GIN1,0.425,7.56e-09,2.89e-07
AMPD3,-0.544,7.63e-09,2.9e-07
ARHGAP4,-1.07,7.6e-09,2.9e-07
ITPR3,-0.893,7.67e-09,2.91e-07
DOK1,-1.03,7.78e-09,2.95e-07
CARD11,-0.839,7.8e-09,2.95e-07
IL2RG,-0.799,7.9e-09,2.98e-07
MTHFD2,-0.975,7.94e-09,2.99e-07
LOC105370792,-0.786,7.94e-09,2.99e-07
NAT1,0.492,7.99e-09,3e-07
TAMALIN,-0.993,8e-09,3e-07
IKZF3,-0.691,7.98e-09,3e-07
JAML,-0.677,8.16e-09,3.05e-07
GLI1,-0.747,8.14e-09,3.05e-07
CCN2,-1.89,8.18e-09,3.05e-07
HS3ST2,-1.53,8.28e-09,3.08e-07
INMT,-1.1,8.35e-09,3.1e-07
MTCL1,-0.697,8.47e-09,3.14e-07
HDAC7,-0.728,8.58e-09,3.18e-07
B3GNT5,-1.31,8.64e-09,3.19e-07
KRT8,-1.17,8.63e-09,3.19e-07
TNRC6B,0.206,8.7e-09,3.21e-07
LOC105378012,1.06,8.79e-09,3.23e-07
IQGAP3,-1.46,8.78e-09,3.23e-07
IL21R,-0.985,8.94e-09,3.28e-07
KLF2,-0.98,9.33e-09,3.42e-07
RAB31,-0.835,9.58e-09,3.49e-07
SPINT2,-1.1,9.55e-09,3.49e-07
FGL2,-0.734,9.64e-09,3.5e-07
CPZ,-1.58,9.61e-09,3.5e-07
FHOD1,-0.759,9.69e-09,3.52e-07
JDP2,-0.504,9.75e-09,3.53e-07
THBD,-1.24,1.02e-08,3.7e-07
ZFHX4,0.317,1.03e-08,3.71e-07
TMED8,0.34,1.04e-08,3.76e-07
PCYOX1L,-0.722,1.05e-08,3.77e-07
HSBP1L1,0.487,1.06e-08,3.79e-07
LOC105373791,-0.9,1.06e-08,3.79e-07
FMNL1-AS1,-0.918,1.05e-08,3.79e-07
CD8A,-0.912,1.07e-08,3.81e-07
MIR4709,-0.71,1.06e-08,3.81e-07
PIK3R3,-0.62,1.08e-08,3.84e-07
GSTP1,-1.17,1.08e-08,3.84e-07
ADA,-0.633,1.09e-08,3.87e-07
CBL,-0.347,1.09e-08,3.87e-07
RASA3,-0.543,1.1e-08,3.89e-07
MMP19,-0.908,1.11e-08,3.92e-07
CTSS,-0.691,1.11e-08,3.92e-07
COL6A1,-0.976,1.12e-08,3.94e-07
PLCG1,-0.45,1.16e-08,4.09e-07
ISLR,-1.09,1.17e-08,4.12e-07
PLGLB2,0.438,1.18e-08,4.12e-07
NUP93,-0.408,1.17e-08,4.12e-07
HDAC11,-1.02,1.19e-08,4.18e-07
TBKBP1,-0.864,1.2e-08,4.18e-07
FBLN5,-1.04,1.22e-08,4.25e-07
LINC00987,-0.639,1.22e-08,4.25e-07
MTO1,0.328,1.24e-08,4.3e-07
FMNL3,-0.504,1.24e-08,4.3e-07
MIOS,0.341,1.24e-08,4.3e-07
LOC107985041,0.97,1.24e-08,4.3e-07
BTK,-0.632,1.24e-08,4.3e-07
RNASE1,-1.36,1.27e-08,4.37e-07
MYO5A,-0.549,1.28e-08,4.39e-07
TSPO,-1.5,1.27e-08,4.39e-07
APOBEC3C,-0.705,1.3e-08,4.45e-07
TNFSF12-TNFSF13,-0.604,1.31e-08,4.48e-07
ACLY,-0.599,1.32e-08,4.51e-07
KRT7,-1.34,1.32e-08,4.52e-07
NFIA,0.347,1.32e-08,4.52e-07
PRR29,-0.959,1.35e-08,4.58e-07
LPCAT1,-0.581,1.38e-08,4.69e-07
CDC14B,0.41,1.4e-08,4.76e-07
CHST9,-0.891,1.41e-08,4.79e-07
HAVCR2,-0.789,1.43e-08,4.85e-07
NUMB,0.208,1.45e-08,4.91e-07
HLA-H,-0.935,1.46e-08,4.94e-07
ZMYND15,-0.974,1.47e-08,4.96e-07
TMEM51,-0.837,1.48e-08,4.98e-07
RGS19,-0.922,1.51e-08,5.02e-07
SLC7A7,-0.673,1.5e-08,5.02e-07
NLRP1,-0.555,1.5e-08,5.02e-07
BAK1,-0.879,1.5e-08,5.02e-07
TMEM161B,0.36,1.5e-08,5.02e-07
BBOF1,0.601,1.51e-08,5.02e-07
CENPC,0.423,1.51e-08,5.02e-07
TNXB,-1.05,1.52e-08,5.06e-07
IGSF3,-1.05,1.54e-08,5.11e-07
PPP1R9B,-0.767,1.54e-08,5.11e-07
GZMK,-0.979,1.55e-08,5.11e-07
IER3-AS1,-1.76,1.55e-08,5.13e-07
NPM2,-1.13,1.59e-08,5.25e-07
PARVB,-0.802,1.59e-08,5.25e-07
HLA-B,-0.709,1.6e-08,5.28e-07
GRAMD1A,-0.897,1.61e-08,5.3e-07
GXYLT1,0.353,1.63e-08,5.35e-07
SMLR1,0.569,1.63e-08,5.35e-07
E2F1,-1.48,1.64e-08,5.37e-07
PPM1M,-0.521,1.65e-08,5.37e-07
UBASH3A,-0.99,1.67e-08,5.43e-07
IL18,-0.768,1.67e-08,5.43e-07
DOK2,-1.07,1.68e-08,5.48e-07
TNK2,-1.02,1.71e-08,5.53e-07
MAPK12,-1.18,1.71e-08,5.53e-07
ZDHHC1,-1.13,1.71e-08,5.55e-07
KAAG1,-1.38,1.73e-08,5.59e-07
ACTN1,-0.567,1.76e-08,5.67e-07
RMDN1,0.32,1.76e-08,5.67e-07
ZRANB1,0.336,1.8e-08,5.77e-07
LY96,-0.821,1.8e-08,5.77e-07
AJUBA,-0.621,1.79e-08,5.77e-07
PCBP4,-0.759,1.8e-08,5.78e-07
TNFRSF25,-0.907,1.83e-08,5.85e-07
CHFR,-0.418,1.85e-08,5.92e-07
NR4A2,-2.0,1.9e-08,6.07e-07
MMAA,0.398,1.91e-08,6.08e-07
LRRC32,-0.925,1.92e-08,6.1e-07
CGAS,-0.701,1.92e-08,6.1e-07
LOC107984997,0.671,1.93e-08,6.12e-07
CLIC1,-0.647,1.97e-08,6.24e-07
STK3,0.372,1.97e-08,6.24e-07
FCGBP,-1.42,1.99e-08,6.27e-07
LAIR1,-0.798,1.99e-08,6.27e-07
LDLRAD2,-1.06,2.01e-08,6.35e-07
CD3D,-0.974,2.02e-08,6.36e-07
PTCD2,0.332,2.04e-08,6.39e-07
AQP1,-1.16,2.04e-08,6.39e-07
C6,0.491,2.03e-08,6.39e-07
RUNX1,-0.648,2.04e-08,6.39e-07
ADORA3,-1.3,2.06e-08,6.42e-07
CCL21,-1.55,2.07e-08,6.46e-07
TRAV30,2.04,2.08e-08,6.47e-07
GLIS2,-1.16,2.08e-08,6.48e-07
MAP3K21,0.33,2.14e-08,6.63e-07
TRAF1,-0.635,2.15e-08,6.67e-07
HSPG2,-1.15,2.15e-08,6.67e-07
CCL4L2,-1.56,2.19e-08,6.78e-07
KIFC3,-0.703,2.22e-08,6.85e-07
IGFBP7,-1.05,2.22e-08,6.86e-07
PLEKHB2,-0.488,2.23e-08,6.88e-07
GRK5,-0.515,2.27e-08,6.99e-07
ALG14,0.341,2.29e-08,7.02e-07
TLK1,0.362,2.34e-08,7.18e-07
CNST,0.361,2.35e-08,7.18e-07
PCP4L1,0.756,2.39e-08,7.3e-07
ALOX5,-0.768,2.41e-08,7.36e-07
F11,0.491,2.44e-08,7.43e-07
SLC9A7,0.362,2.44e-08,7.43e-07
SERTAD1,-1.31,2.44e-08,7.43e-07
SNAI1,-1.44,2.46e-08,7.46e-07
GBGT1,-1.02,2.5e-08,7.56e-07
TIMP2,-0.726,2.49e-08,7.56e-07
AKAP9,0.31,2.5e-08,7.56e-07
DAB1,0.535,2.51e-08,7.56e-07
RELT,-0.881,2.5e-08,7.56e-07
MAPK11,-1.12,2.51e-08,7.56e-07
BCL6B,-0.716,2.58e-08,7.76e-07
PRMT2,-0.315,2.59e-08,7.78e-07
SNRNP48,0.328,2.61e-08,7.82e-07
LOC105374325,-1.33,2.61e-08,7.82e-07
PLCB2,-0.644,2.61e-08,7.82e-07
LSM6,0.321,2.62e-08,7.83e-07
CMYA5,0.808,2.64e-08,7.87e-07
IMPDH1,-0.838,2.66e-08,7.94e-07
MAP4K1,-0.682,2.69e-08,7.98e-07
THEMIS2,-0.95,2.69e-08,7.98e-07
IMMP1L,0.321,2.69e-08,7.98e-07
AXL,-0.832,2.69e-08,7.98e-07
HSPB8,-1.49,2.71e-08,8.03e-07
FXYD5,-1.03,2.75e-08,8.13e-07
SEMA4D,-0.566,2.76e-08,8.14e-07
ARHGEF1,-0.936,2.76e-08,8.14e-07
TMED3,-0.747,2.8e-08,8.24e-07
ERLIN2,0.309,2.8e-08,8.24e-07
CTSD,-1.3,2.83e-08,8.3e-07
GZMA,-0.834,2.85e-08,8.37e-07
FCGR2A,-0.985,2.87e-08,8.41e-07
MTUS1,0.361,2.88e-08,8.42e-07
RHBDF1,-0.962,2.89e-08,8.43e-07
SPI1,-0.847,2.9e-08,8.46e-07
RMDN2,0.356,2.93e-08,8.52e-07
SLFN11,-0.724,2.93e-08,8.52e-07
SNHG28,-0.895,2.94e-08,8.56e-07
ID3,-1.31,2.95e-08,8.57e-07
CARMIL2,-1.18,2.98e-08,8.65e-07
RGCC,-1.56,3.05e-08,8.84e-07
MSN,-0.597,3.07e-08,8.86e-07
ARSD,0.515,3.06e-08,8.86e-07
PDS5A,0.323,3.12e-08,9e-07
CCR7,-0.957,3.13e-08,9.02e-07
ST14,-1.05,3.23e-08,9.28e-07
SEMA4A,-0.984,3.23e-08,9.28e-07
ITGAL,-0.538,3.25e-08,9.31e-07
CBR4,0.363,3.27e-08,9.37e-07
ZNF252P,0.328,3.33e-08,9.53e-07
ERMARD,0.296,3.34e-08,9.55e-07
CSNK1E,-0.622,3.35e-08,9.56e-07
HAPLN3,-1.41,3.4e-08,9.68e-07
LOC107986334,-1.07,3.45e-08,9.83e-07
SLC2A6,-0.937,3.5e-08,9.96e-07
SPX,0.589,3.53e-08,1e-06
TDRD3,0.249,3.59e-08,1.01e-06
LHFPL2,-0.589,3.57e-08,1.01e-06
ITCH,0.33,3.57e-08,1.01e-06
PTGS2,-1.3,3.58e-08,1.01e-06
CPO,0.47,3.61e-08,1.02e-06
HBB,-1.54,3.61e-08,1.02e-06
MIR99AHG,0.496,3.62e-08,1.02e-06
ADGRG3,-1.18,3.61e-08,1.02e-06
TAGAP,-0.666,3.64e-08,1.02e-06
PTPRD,0.547,3.64e-08,1.02e-06
UBR2,0.291,3.74e-08,1.05e-06
CCDC121,0.324,3.8e-08,1.06e-06
LOC107984264,1.48,3.82e-08,1.07e-06
GPSM1,-1.31,3.85e-08,1.07e-06
PHF1,-0.443,3.92e-08,1.09e-06
NFAM1,-1.0,3.94e-08,1.1e-06
THNSL1,0.464,3.94e-08,1.1e-06
PXDN,-0.527,3.98e-08,1.1e-06
TRAM2-AS1,0.426,3.97e-08,1.1e-06
ZNF175,0.328,3.98e-08,1.1e-06
TTC17,0.299,4.07e-08,1.12e-06
ZNF616,0.288,4.08e-08,1.12e-06
MAP3K6,-0.905,4.06e-08,1.12e-06
BICD2,-0.387,4.06e-08,1.12e-06
LOC107987097,0.521,4.05e-08,1.12e-06
DHRS9,-0.99,4.15e-08,1.14e-06
ENTPD3-AS1,0.517,4.18e-08,1.15e-06
LOXL2,-1.02,4.19e-08,1.15e-06
FLI1,-0.596,4.28e-08,1.17e-06
C1ORF198,-1.04,4.31e-08,1.18e-06
CDR2L,-1.21,4.31e-08,1.18e-06
PIK3C2G,0.493,4.3e-08,1.18e-06
SMIM35,-0.635,4.31e-08,1.18e-06
GMNC,0.581,4.41e-08,1.19e-06
COX7A1,-1.13,4.41e-08,1.19e-06
ERCC6,0.239,4.39e-08,1.19e-06
AASS,0.66,4.36e-08,1.19e-06
TYW3,0.292,4.42e-08,1.2e-06
NRSN2,-0.951,4.42e-08,1.2e-06
FXYD6-FXYD2,-1.06,4.48e-08,1.21e-06
LY9,-0.791,4.55e-08,1.23e-06
WWC1,-0.572,4.54e-08,1.23e-06
DDX39A,-0.825,4.67e-08,1.25e-06
LZTS2,-0.835,4.65e-08,1.25e-06
PHF3,0.29,4.64e-08,1.25e-06
ASTE1,0.401,4.73e-08,1.27e-06
CRACR2B,-1.23,4.8e-08,1.28e-06
TMEM200A,-1.49,4.76e-08,1.28e-06
IRF8,-0.661,4.8e-08,1.28e-06
ENG,-0.977,4.86e-08,1.29e-06
FHL3,-0.891,4.87e-08,1.29e-06
SNORA57,-1.34,4.85e-08,1.29e-06
MIA2,0.331,4.85e-08,1.29e-06
ZNF658B,0.413,4.89e-08,1.3e-06
BCL11B,-0.873,4.93e-08,1.31e-06
SEPT5-GP1BB,-1.06,4.96e-08,1.31e-06
PCNX1,0.217,5.12e-08,1.35e-06
IGHA1,-1.63,5.09e-08,1.35e-06
ROBO1,-0.638,5.19e-08,1.37e-06
PPP1R1C,0.668,5.22e-08,1.38e-06
RRM2,-0.881,5.23e-08,1.38e-06
MKLN1,0.304,5.33e-08,1.4e-06
GPRIN3,-0.859,5.39e-08,1.41e-06
VWA1,-1.5,5.39e-08,1.41e-06
CXADR,0.369,5.36e-08,1.41e-06
CRIP2,-1.62,5.36e-08,1.41e-06
CHST11,-0.672,5.37e-08,1.41e-06
TAGLN2,-0.915,5.46e-08,1.43e-06
SPNS2,-1.1,5.46e-08,1.43e-06
TNFAIP3,-0.736,5.5e-08,1.43e-06
CDKN2B,-0.966,5.5e-08,1.43e-06
GALNT6,-0.767,5.55e-08,1.43e-06
PPP1R18,-0.72,5.56e-08,1.43e-06
GPR65,-0.644,5.54e-08,1.43e-06
PPARD,-0.775,5.52e-08,1.43e-06
SPOCK2,-0.781,5.53e-08,1.43e-06
GCFC2,0.332,5.54e-08,1.43e-06
PLPP4,-0.736,5.51e-08,1.43e-06
ABCC9,0.453,5.58e-08,1.44e-06
CCNYL1,0.391,5.67e-08,1.46e-06
RRP12,-0.801,5.66e-08,1.46e-06
KCTD12,-0.818,5.72e-08,1.47e-06
H2BC8,-0.65,5.75e-08,1.48e-06
PCCA,0.328,5.82e-08,1.49e-06
RANGAP1,-0.708,5.86e-08,1.5e-06
ANKRD17,0.242,5.85e-08,1.5e-06
UBALD2,-1.1,5.9e-08,1.51e-06
LST1,-0.947,5.9e-08,1.51e-06
AGAP2,-0.765,5.95e-08,1.52e-06
RN7SL3,-1.21,6.01e-08,1.53e-06
NCOR1,0.233,6.06e-08,1.54e-06
AMOTL1,0.385,6.07e-08,1.54e-06
SMARCA4,-0.601,6.06e-08,1.54e-06
PRPF40B,-0.452,6.13e-08,1.55e-06
IGHJ5,-1.42,6.1e-08,1.55e-06
SPAG9,0.272,6.11e-08,1.55e-06
SSBP4,-1.06,6.19e-08,1.56e-06
RPP25,-0.717,6.2e-08,1.56e-06
MAP1LC3A,-1.19,6.23e-08,1.57e-06
CLCN7,-0.993,6.28e-08,1.57e-06
CYGB,-0.867,6.27e-08,1.57e-06
SPHK1,-1.57,6.27e-08,1.57e-06
CD93,-0.891,6.27e-08,1.57e-06
C4ORF19,0.407,6.23e-08,1.57e-06
GOLPH3L,0.285,6.35e-08,1.58e-06
PIP4K2A,-0.496,6.31e-08,1.58e-06
WWP1,0.338,6.36e-08,1.58e-06
ACHE,-1.77,6.3e-08,1.58e-06
PLEKHG2,-0.73,6.32e-08,1.58e-06
LINC02456,0.963,6.39e-08,1.59e-06
SNX29,-0.269,6.44e-08,1.6e-06
ADGRG6,0.424,6.46e-08,1.6e-06
MXI1,0.395,6.48e-08,1.61e-06
SLC11A2,0.299,6.54e-08,1.62e-06
NFASC,-0.921,6.62e-08,1.64e-06
MILR1,-0.485,6.68e-08,1.65e-06
FBLN2,-1.35,6.67e-08,1.65e-06
ZBTB47,-0.781,6.69e-08,1.65e-06
NMRK1,0.422,6.69e-08,1.65e-06
ACAP1,-0.67,6.71e-08,1.65e-06
ABHD18,0.305,6.77e-08,1.66e-06
PADI1,-2.87,6.73e-08,1.66e-06
TYROBP,-1.26,6.82e-08,1.67e-06
MTM1,0.273,6.85e-08,1.68e-06
THEMIS,-0.901,6.89e-08,1.69e-06
PTK7,-1.19,6.93e-08,1.69e-06
TRPM4,-0.899,7.03e-08,1.71e-06
HLA-F,-0.555,7e-08,1.71e-06
PFKP,-1.06,7.09e-08,1.73e-06
SCCPDH,0.436,7.09e-08,1.73e-06
LIG1,-0.538,7.17e-08,1.74e-06
DTX3,-0.751,7.32e-08,1.78e-06
NAA40,-0.38,7.38e-08,1.79e-06
BSG,-1.19,7.44e-08,1.8e-06
ZMAT3,-0.727,7.45e-08,1.8e-06
SLC29A3,-0.618,7.59e-08,1.82e-06
SIK1,-2.07,7.53e-08,1.82e-06
LOC105371481,-0.888,7.51e-08,1.82e-06
BTN2A2,-0.376,7.54e-08,1.82e-06
CAPN10,-1.02,7.53e-08,1.82e-06
SPRYD3,-0.564,7.52e-08,1.82e-06
PRKCD,-0.494,7.61e-08,1.83e-06
LIMD2,-0.901,7.65e-08,1.83e-06
L2HGDH,0.426,7.66e-08,1.84e-06
SBNO2,-1.17,7.67e-08,1.84e-06
TSPAN4,-1.32,7.75e-08,1.85e-06
HVCN1,-0.564,7.81e-08,1.86e-06
RADX,0.47,7.79e-08,1.86e-06
SNORA68,-1.43,7.87e-08,1.87e-06
SNORA80B,-1.53,7.83e-08,1.87e-06
DGKA,-0.808,7.93e-08,1.88e-06
C1GALT1,0.352,7.92e-08,1.88e-06
COL4A4,-0.777,7.89e-08,1.88e-06
SCRIB,-1.02,8.07e-08,1.91e-06
ST6GALNAC4,-1.33,8.12e-08,1.92e-06
MIR3652,-1.5,8.15e-08,1.93e-06
VSIR,-0.853,8.14e-08,1.93e-06
NEDD9,-1.1,8.16e-08,1.93e-06
DAPK3,-1.03,8.21e-08,1.94e-06
LOC606724,-1.11,8.26e-08,1.94e-06
CD151,-1.1,8.25e-08,1.94e-06
P3R3URF-PIK3R3,-0.58,8.3e-08,1.95e-06
LMNA,-0.892,8.38e-08,1.97e-06
RGS16,-1.49,8.46e-08,1.98e-06
TGFB3,-0.859,8.45e-08,1.98e-06
SLAMF7,-0.66,8.51e-08,1.99e-06
IGHJ4,-1.41,8.6e-08,2.01e-06
MACO1,0.325,8.63e-08,2.01e-06
OIP5-AS1,0.322,8.59e-08,2.01e-06
NFATC3,0.289,8.59e-08,2.01e-06
SIAH1,0.409,8.75e-08,2.04e-06
ATXN1,0.21,8.85e-08,2.06e-06
MLLT10,0.312,8.87e-08,2.06e-06
KLHL29,-0.839,8.99e-08,2.09e-06
LOC100289580,-1.18,9.01e-08,2.09e-06
LOXL1,-1.39,9.06e-08,2.1e-06
CTNS-AS1,-0.778,9.18e-08,2.12e-06
PON3,0.605,9.31e-08,2.15e-06
LOC105372798,0.766,9.32e-08,2.15e-06
COL6A2,-1.05,9.41e-08,2.16e-06
RNF217,0.307,9.35e-08,2.16e-06
RSC1A1,0.412,9.36e-08,2.16e-06
RMND1,0.277,9.38e-08,2.16e-06
IGLV3-21,-1.63,9.36e-08,2.16e-06
STK17B,-0.889,9.51e-08,2.17e-06
FNIP2,0.573,9.5e-08,2.17e-06
FOS,-2.34,9.48e-08,2.17e-06
RTL8C,-0.933,9.51e-08,2.17e-06
LOC107987292,-0.949,9.52e-08,2.17e-06
TUT4,0.256,9.45e-08,2.17e-06
COBLL1,0.505,9.56e-08,2.18e-06
API5,0.265,9.59e-08,2.18e-06
EMILIN2,-0.562,9.6e-08,2.19e-06
KLHL8,0.327,9.74e-08,2.21e-06
TTC9,-1.07,9.81e-08,2.23e-06
KCNMA1,0.647,9.87e-08,2.24e-06
LOC105378620,-0.776,1.01e-07,2.29e-06
MAOA,0.459,1.03e-07,2.32e-06
FBN1,-0.744,1.03e-07,2.32e-06
FAM131A,-0.743,1.03e-07,2.32e-06
SOX5,0.504,1.02e-07,2.32e-06
LPAR5,-0.691,1.04e-07,2.35e-06
RGPD1,0.418,1.04e-07,2.35e-06
PLGLB1,0.401,1.05e-07,2.36e-06
FBLIM1,-1.01,1.05e-07,2.36e-06
MBNL3,0.5,1.05e-07,2.36e-06
GALNT10,-0.334,1.06e-07,2.37e-06
HLA-DQA2,-1.14,1.05e-07,2.37e-06
SCAI,0.373,1.06e-07,2.37e-06
FCGR1A,-1.04,1.07e-07,2.38e-06
ASPH,0.318,1.06e-07,2.38e-06
ECT2,-0.62,1.07e-07,2.39e-06
NT5E,0.569,1.07e-07,2.4e-06
IL4I1,-1.45,1.08e-07,2.4e-06
TAP1,-0.553,1.08e-07,2.41e-06
KIAA0930,-0.602,1.09e-07,2.42e-06
MCC,0.346,1.09e-07,2.42e-06
PRKX,-0.543,1.1e-07,2.45e-06
PHACTR1,-0.405,1.11e-07,2.45e-06
RENBP,-1.03,1.12e-07,2.47e-06
ADAMTSL3,0.348,1.12e-07,2.47e-06
C16ORF54,-0.868,1.12e-07,2.47e-06
LINC01818,0.913,1.13e-07,2.48e-06
ITPRIP,-0.925,1.13e-07,2.48e-06
SNHG12,-0.511,1.14e-07,2.52e-06
CXXC4-AS1,1.6,1.14e-07,2.52e-06
NEK10,1.24,1.17e-07,2.58e-06
LOC107985369,0.686,1.17e-07,2.58e-06
TRIM11,-0.736,1.18e-07,2.58e-06
PTP4A3,-1.2,1.17e-07,2.58e-06
MTMR7,0.335,1.18e-07,2.59e-06
ISYNA1,-1.02,1.2e-07,2.62e-06
CRISPLD2,-1.11,1.21e-07,2.64e-06
ZNF680,0.525,1.21e-07,2.65e-06
BEX4,-0.72,1.22e-07,2.65e-06
FHL2,-0.898,1.22e-07,2.66e-06
STRBP,0.272,1.25e-07,2.72e-06
DIAPH2,0.317,1.25e-07,2.72e-06
ITGA3,-1.11,1.27e-07,2.76e-06
FBXL19,-0.878,1.27e-07,2.76e-06
LINC01702,0.627,1.28e-07,2.77e-06
MMP25,-0.811,1.28e-07,2.78e-06
CDC42SE1,-0.43,1.3e-07,2.82e-06
KIF7,-1.01,1.31e-07,2.83e-06
CLIP2,-1.02,1.31e-07,2.83e-06
ELMO2,-0.3,1.31e-07,2.83e-06
CYP2C8,0.572,1.31e-07,2.83e-06
MAGI2-AS3,0.438,1.32e-07,2.84e-06
KRBA1,-0.951,1.32e-07,2.84e-06
PTCHD4,-1.55,1.32e-07,2.84e-06
LUM,-1.21,1.33e-07,2.85e-06
FAM227B,0.327,1.34e-07,2.87e-06
TNXA,-1.04,1.35e-07,2.9e-06
IL12RB1,-0.795,1.36e-07,2.9e-06
DNAJB7,0.547,1.36e-07,2.92e-06
ZFP36,-1.45,1.38e-07,2.94e-06
CSRNP1,-1.73,1.38e-07,2.94e-06
EGR2,-1.62,1.39e-07,2.96e-06
MTMR9LP,-0.665,1.4e-07,2.98e-06
BOP1,-1.11,1.41e-07,2.98e-06
GIMAP7,-0.541,1.4e-07,2.98e-06
KIF1B,0.242,1.4e-07,2.98e-06
ORC4,0.276,1.4e-07,2.98e-06
MET,0.47,1.41e-07,2.99e-06
ZNF91,0.343,1.43e-07,3.03e-06
SCPEP1,-0.532,1.44e-07,3.05e-06
SLC26A11,-0.517,1.45e-07,3.06e-06
CCNB3,0.678,1.45e-07,3.07e-06
DVL3,-0.378,1.46e-07,3.09e-06
LOC112267900,0.618,1.47e-07,3.11e-06
LXN,-0.971,1.49e-07,3.14e-06
ITPR2,0.443,1.49e-07,3.14e-06
CD69,-1.42,1.49e-07,3.14e-06
TRAF2,-0.82,1.5e-07,3.16e-06
ZNF302,0.334,1.51e-07,3.17e-06
TARDBP,0.272,1.52e-07,3.19e-06
DENND3,-0.563,1.52e-07,3.19e-06
ADGRA2,-0.688,1.53e-07,3.2e-06
TSC22D4,-0.959,1.53e-07,3.21e-06
EPHB2,-0.895,1.54e-07,3.22e-06
H3C2,-1.27,1.54e-07,3.22e-06
DOCK6,-0.735,1.55e-07,3.24e-06
KIAA0513,-0.505,1.56e-07,3.24e-06
HBS1L,0.262,1.57e-07,3.27e-06
TNFRSF14,-0.802,1.59e-07,3.3e-06
CD5,-0.875,1.59e-07,3.3e-06
SLCO3A1,-0.548,1.61e-07,3.34e-06
BIRC3,-0.812,1.62e-07,3.35e-06
FCGR1CP,-1.08,1.61e-07,3.35e-06
SEPTIN5,-1.03,1.64e-07,3.38e-06
COL6A3,-0.679,1.66e-07,3.42e-06
SLC2A14,-1.11,1.66e-07,3.43e-06
ZBTB20,0.312,1.66e-07,3.44e-06
GAB2,-0.399,1.68e-07,3.45e-06
IGLC3,-1.41,1.67e-07,3.45e-06
CYBB,-0.85,1.67e-07,3.45e-06
HAUS7,-0.725,1.69e-07,3.46e-06
STARD4-AS1,0.681,1.7e-07,3.5e-06
TRMT1,-0.658,1.71e-07,3.5e-06
LOC107985435,1.53,1.72e-07,3.52e-06
NT5DC2,-0.619,1.72e-07,3.52e-06
NUDT1,-0.951,1.72e-07,3.52e-06
RUNDC3B,0.494,1.72e-07,3.53e-06
IQGAP1,-0.573,1.74e-07,3.55e-06
ATP5IF1,0.309,1.75e-07,3.56e-06
STX3,-0.403,1.76e-07,3.58e-06
STMN3,-1.15,1.76e-07,3.58e-06
DDIT4,-1.19,1.76e-07,3.58e-06
MAN2A1,0.329,1.8e-07,3.66e-06
RHOG,-0.861,1.81e-07,3.68e-06
LOC101927269,0.694,1.83e-07,3.71e-06
C11ORF71,0.402,1.83e-07,3.72e-06
TMEM132E,-1.16,1.86e-07,3.76e-06
ZNF254,0.322,1.86e-07,3.76e-06
MAP3K4,0.225,1.86e-07,3.77e-06
CRACD,-0.942,1.87e-07,3.78e-06
GPBP1L1,0.226,1.88e-07,3.79e-06
RPS6KA1,-0.831,1.88e-07,3.79e-06
USF3,0.327,1.88e-07,3.8e-06
LAMA2,-0.87,1.9e-07,3.82e-06
TUBGCP4,0.261,1.9e-07,3.82e-06
RAB20,-0.82,1.9e-07,3.83e-06
PAQR4,-1.35,1.92e-07,3.85e-06
ATP1B3,-0.72,1.93e-07,3.86e-06
XRCC1,-0.486,1.94e-07,3.89e-06
IKBKB,-0.239,1.95e-07,3.91e-06
MEGF10,0.74,1.97e-07,3.93e-06
MYO16,0.602,1.97e-07,3.94e-06
LONP2,0.328,1.98e-07,3.95e-06
HAND2,-0.56,1.98e-07,3.95e-06
KIF23-AS1,-1.06,1.98e-07,3.95e-06
ZNF469,-0.952,1.99e-07,3.96e-06
VOPP1,-0.423,1.99e-07,3.96e-06
BACE1,0.297,2e-07,3.97e-06
ICOS,-1.27,2.01e-07,3.99e-06
DDAH2,-0.802,2.02e-07,4.01e-06
FASTKD3,0.37,2.03e-07,4.03e-06
LY75,-0.706,2.05e-07,4.07e-06
TXNRD3,0.305,2.06e-07,4.08e-06
PNKP,-0.698,2.07e-07,4.09e-06
DTL,-1.13,2.08e-07,4.1e-06
BRIP1,0.632,2.08e-07,4.11e-06
THAP6,0.238,2.08e-07,4.11e-06
RASD1,-2.04,2.1e-07,4.13e-06
ATOSA,0.438,2.12e-07,4.16e-06
LYPLAL1,0.338,2.13e-07,4.19e-06
CORO7,-1.01,2.13e-07,4.19e-06
NCKAP5L,-0.893,2.15e-07,4.23e-06
FOXP2,0.452,2.16e-07,4.24e-06
TEX56P,0.388,2.18e-07,4.27e-06
ERI2,0.408,2.19e-07,4.29e-06
NUDT9,0.341,2.19e-07,4.29e-06
MTA3,0.45,2.21e-07,4.31e-06
CCR1,-1.02,2.21e-07,4.32e-06
TLE3,-0.648,2.22e-07,4.33e-06
F2R,-0.854,2.22e-07,4.33e-06
MRTFA,-0.487,2.24e-07,4.36e-06
RANGRF,-0.568,2.24e-07,4.36e-06
UCP2,-0.722,2.25e-07,4.37e-06
FLNA,-1.16,2.25e-07,4.37e-06
GBP5,-0.708,2.29e-07,4.44e-06
SCARF2,-1.33,2.29e-07,4.45e-06
VPS37C,-0.65,2.3e-07,4.46e-06
PDLIM3,-1.55,2.31e-07,4.47e-06
ZNF33B,0.352,2.31e-07,4.48e-06
ADGRL1,-0.729,2.33e-07,4.5e-06
METTL14,0.26,2.33e-07,4.51e-06
LOXL4,-0.891,2.34e-07,4.52e-06
SEPTIN6,-0.341,2.36e-07,4.55e-06
RHOF,-0.677,2.37e-07,4.56e-06
CH507-42P11.6,-1.46,2.37e-07,4.57e-06
ACAA2,0.505,2.38e-07,4.58e-06
NOP2,-0.476,2.41e-07,4.63e-06
SGMS1,0.293,2.43e-07,4.66e-06
LOC107986570,1.26,2.43e-07,4.66e-06
CLEC7A,-0.684,2.43e-07,4.66e-06
AADAT,0.563,2.44e-07,4.67e-06
PPFIA3,-0.987,2.45e-07,4.68e-06
DMWD,-0.691,2.48e-07,4.73e-06
SH3D21,-0.653,2.48e-07,4.74e-06
PFKFB3,-0.85,2.49e-07,4.75e-06
RABEP1,0.238,2.51e-07,4.77e-06
GSPT2,0.345,2.51e-07,4.77e-06
LOC105374016,0.675,2.52e-07,4.8e-06
LIPJ,0.578,2.55e-07,4.85e-06
ADPRH,-0.661,2.56e-07,4.86e-06
AGL,0.448,2.57e-07,4.87e-06
FAM120AOS,0.214,2.58e-07,4.89e-06
ADM,-1.18,2.59e-07,4.9e-06
SERPINH1,-0.779,2.59e-07,4.91e-06
FMOD,-0.866,2.62e-07,4.94e-06
LOC107985728,-1.03,2.61e-07,4.94e-06
RPRD1B,0.23,2.61e-07,4.94e-06
SLC25A37,0.449,2.62e-07,4.95e-06
HEBP2,0.346,2.64e-07,4.97e-06
TGFBI,-0.654,2.64e-07,4.97e-06
TNFRSF14-AS1,-0.735,2.64e-07,4.97e-06
ADAMTS4,-1.32,2.64e-07,4.97e-06
CFAP221,-0.988,2.69e-07,5.05e-06
PIM2,-0.609,2.7e-07,5.05e-06
PFKFB2,-0.342,2.69e-07,5.05e-06
COL28A1,0.907,2.69e-07,5.05e-06
KCNQ1,-1.01,2.72e-07,5.08e-06
P2RX5-TAX1BP3,-0.594,2.71e-07,5.08e-06
SLC37A1,-0.561,2.73e-07,5.1e-06
MCM3,-0.439,2.75e-07,5.14e-06
FGGY,0.385,2.75e-07,5.14e-06
PILRA,-0.762,2.76e-07,5.14e-06
DPYD,0.339,2.77e-07,5.16e-06
RASSF3,-0.623,2.79e-07,5.19e-06
HSPB6,-1.28,2.8e-07,5.21e-06
PDE8A,0.247,2.84e-07,5.26e-06
TYMP,-1.04,2.84e-07,5.26e-06
LOC107985014,0.69,2.85e-07,5.29e-06
CNKSR1,-1.29,2.88e-07,5.33e-06
SELENON,-0.693,2.88e-07,5.33e-06
DACT1,-0.783,2.9e-07,5.35e-06
TM6SF1,-0.575,2.89e-07,5.35e-06
EDA2R,-1.39,2.89e-07,5.35e-06
CELF2,-0.532,2.94e-07,5.43e-06
EPHA2,-1.16,2.95e-07,5.43e-06
PALD1,-0.728,2.97e-07,5.47e-06
OSBPL5,-0.927,3e-07,5.52e-06
LOC105373835,0.505,3.01e-07,5.53e-06
MINDY4,-0.569,3.01e-07,5.54e-06
SEL1L3,-0.596,3.03e-07,5.56e-06
NPEPL1,-0.695,3.08e-07,5.63e-06
SLCO1A2,0.644,3.08e-07,5.63e-06
SFMBT2,-0.508,3.07e-07,5.63e-06
PHC3,0.199,3.09e-07,5.65e-06
RTN2,-1.15,3.09e-07,5.66e-06
RBP7,-1.07,3.13e-07,5.71e-06
SEMA6B,-1.26,3.13e-07,5.71e-06
DUSP1,-1.53,3.14e-07,5.72e-06
KBTBD3,0.328,3.15e-07,5.74e-06
CFAP68,0.435,3.15e-07,5.74e-06
GTPBP10,0.322,3.15e-07,5.74e-06
ADAMTS1,-1.39,3.17e-07,5.76e-06
HK3,-1.07,3.18e-07,5.78e-06
STX4,-0.442,3.19e-07,5.78e-06
AR,0.427,3.2e-07,5.8e-06
ARHGEF18,-0.562,3.22e-07,5.83e-06
FPR1,-1.34,3.23e-07,5.83e-06
ARPC2,-0.332,3.22e-07,5.83e-06
LPCAT4,-0.719,3.22e-07,5.83e-06
MAPRE1,-0.412,3.22e-07,5.83e-06
FMN1,-0.731,3.25e-07,5.87e-06
SEC22A,0.251,3.26e-07,5.88e-06
EPCAM,-1.34,3.27e-07,5.89e-06
ANXA2R,-0.832,3.29e-07,5.92e-06
INVS,0.289,3.29e-07,5.92e-06
SOD3,-1.84,3.3e-07,5.93e-06
ALDH6A1,0.554,3.31e-07,5.94e-06
MBD3,-1.32,3.31e-07,5.94e-06
UGT1A3,0.529,3.31e-07,5.94e-06
SAMHD1,-0.546,3.32e-07,5.95e-06
LOC105378963,0.771,3.34e-07,5.98e-06
MCM7,-0.389,3.36e-07,6.01e-06
TOR4A,-1.22,3.38e-07,6.04e-06
LOC107986011,0.972,3.42e-07,6.11e-06
BTBD19,-0.723,3.42e-07,6.11e-06
HENMT1,-0.619,3.43e-07,6.12e-06
SLAMF6,-0.686,3.44e-07,6.13e-06
TEAD2,-0.587,3.45e-07,6.13e-06
TIGIT,0.329,3.45e-07,6.13e-06
PLEKHM3,0.229,3.48e-07,6.17e-06
SFXN3,-0.633,3.48e-07,6.17e-06
CFHR4,0.645,3.48e-07,6.17e-06
RNASE6,-0.882,3.47e-07,6.17e-06
DIP2A,-0.298,3.49e-07,6.17e-06
KLHL20,0.273,3.55e-07,6.29e-06
ZNF326,0.377,3.56e-07,6.29e-06
LOC105375164,-1.45,3.61e-07,6.37e-06
DPPA4,0.889,3.61e-07,6.37e-06
FAN1,0.264,3.62e-07,6.37e-06
APOBR,-0.871,3.62e-07,6.37e-06
MKI67,-0.748,3.6e-07,6.37e-06
C8B,0.395,3.62e-07,6.37e-06
ZNF638,0.283,3.62e-07,6.37e-06
NXPE3,-0.443,3.63e-07,6.38e-06
RAB25,-1.56,3.63e-07,6.38e-06
LOC105374493,1.1,3.64e-07,6.39e-06
FAM111B,-1.16,3.69e-07,6.46e-06
MSC,-1.22,3.69e-07,6.46e-06
MROH1,-0.866,3.72e-07,6.51e-06
NUDT16,0.345,3.73e-07,6.53e-06
DGKZ,-0.83,3.77e-07,6.58e-06
PTPRK,0.279,3.79e-07,6.63e-06
PLPP2,-1.4,3.81e-07,6.65e-06
SYTL3,-0.59,3.81e-07,6.65e-06
C3AR1,-0.797,3.83e-07,6.66e-06
IQSEC2,-0.563,3.83e-07,6.67e-06
GZMH,-0.896,3.9e-07,6.77e-06
DNMT3A,-0.353,3.9e-07,6.77e-06
CLSTN2,-1.24,3.91e-07,6.79e-06
BICDL1,-0.872,3.91e-07,6.79e-06
CALHM2,-0.794,3.91e-07,6.79e-06
USP30,0.318,3.92e-07,6.79e-06
TATDN1,0.289,3.93e-07,6.81e-06
PIP5K1C,-0.832,3.94e-07,6.82e-06
ODF3B,-1.54,3.96e-07,6.85e-06
TERF1,0.23,3.97e-07,6.86e-06
HTR2A,0.81,3.99e-07,6.87e-06
RPS19,-0.698,3.98e-07,6.87e-06
PLVAP,-1.29,4e-07,6.9e-06
TNFSF13,-0.555,4.02e-07,6.91e-06
CPB2,0.432,4.02e-07,6.91e-06
MYADM,-0.723,4.03e-07,6.92e-06
ATXN2L,-0.364,4.08e-07,7e-06
LINC01817,0.903,4.08e-07,7e-06
LAMB2,-0.718,4.07e-07,7e-06
CFAP157,-1.03,4.12e-07,7.06e-06
MAMDC4,-1.18,4.17e-07,7.14e-06
LOC105369725,0.672,4.21e-07,7.2e-06
CD44,-0.664,4.24e-07,7.26e-06
MAP3K10,-0.943,4.28e-07,7.32e-06
IL34,-1.03,4.3e-07,7.33e-06
KLF12,0.395,4.31e-07,7.34e-06
SPTBN5,-1.01,4.31e-07,7.34e-06
PHLDB1,-0.756,4.34e-07,7.4e-06
QPCT,-1.08,4.36e-07,7.42e-06
SYT12,-0.896,4.37e-07,7.42e-06
ANGPTL4,-1.29,4.43e-07,7.54e-06
FSCN1,-1.27,4.49e-07,7.62e-06
CTTNBP2NL,-0.507,4.5e-07,7.64e-06
NSL1,0.239,4.54e-07,7.69e-06
ZNF148,0.258,4.55e-07,7.7e-06
VASH1,-0.486,4.55e-07,7.7e-06
LINC01806,0.628,4.56e-07,7.71e-06
ZNF407-AS1,0.352,4.56e-07,7.72e-06
ZHX1,0.276,4.59e-07,7.75e-06
LOC112268313,-1.43,4.6e-07,7.75e-06
APH1B,-0.55,4.6e-07,7.75e-06
KLHDC2,0.298,4.62e-07,7.78e-06
PRAG1,-0.987,4.63e-07,7.79e-06
PKN1,-0.832,4.63e-07,7.79e-06
POLR3B,0.316,4.64e-07,7.8e-06
LRCH4,-0.905,4.65e-07,7.81e-06
SOWAHB,0.367,4.67e-07,7.84e-06
BAG3,-0.647,4.7e-07,7.88e-06
NAPEPLD,0.455,4.74e-07,7.94e-06
UBE2E3-DT,0.796,4.77e-07,7.99e-06
IER5L,-1.09,4.79e-07,8.01e-06
LINC01943,-1.12,4.81e-07,8.04e-06
FXR1,0.288,4.82e-07,8.05e-06
DPYSL2,-0.557,4.84e-07,8.08e-06
SCARNA2,-1.51,4.89e-07,8.15e-06
BCL2,-0.604,4.88e-07,8.15e-06
ATG101,-0.67,4.91e-07,8.18e-06
FBXO44,-0.652,4.92e-07,8.19e-06
LOC112267965,0.684,4.95e-07,8.23e-06
PLD2,-0.577,4.96e-07,8.25e-06
PIK3R1,0.377,4.99e-07,8.28e-06
WHAMMP4,0.325,5e-07,8.29e-06
MS4A7,-0.776,4.99e-07,8.29e-06
ARMCX5-GPRASP2,0.221,5.02e-07,8.33e-06
HBEGF,-1.24,5.04e-07,8.35e-06
MRRF,0.203,5.06e-07,8.37e-06
SPINDOC,-0.762,5.07e-07,8.38e-06
RFX5,-0.448,5.1e-07,8.42e-06
LOC107987054,0.649,5.11e-07,8.43e-06
STK11IP,-0.601,5.11e-07,8.43e-06
KLHDC10,0.386,5.13e-07,8.45e-06
SULF2,-0.505,5.13e-07,8.45e-06
CDK1,-0.979,5.14e-07,8.45e-06
LOC105373504,0.662,5.14e-07,8.45e-06
LOC107985392,-0.811,5.13e-07,8.45e-06
CLDN5,-1.33,5.17e-07,8.49e-06
CAVIN1,-0.883,5.21e-07,8.54e-06
FILIP1L,-1.02,5.24e-07,8.6e-06
UBR3,0.297,5.25e-07,8.61e-06
TTC36-AS1,0.334,5.27e-07,8.64e-06
IQGAP2,0.449,5.3e-07,8.67e-06
HSP90B2P,0.48,5.3e-07,8.67e-06
KCNC2,1.31,5.31e-07,8.69e-06
SLC44A3-AS1,-0.778,5.32e-07,8.69e-06
PIM3,-0.935,5.34e-07,8.71e-06
LOC100507389,0.81,5.35e-07,8.72e-06
TNFSF12,-0.738,5.37e-07,8.75e-06
SNORA5C,-1.18,5.38e-07,8.76e-06
RBM41,0.304,5.42e-07,8.81e-06
PRKCB,-0.582,5.42e-07,8.81e-06
HYAL2,-1.13,5.43e-07,8.83e-06
KIRREL1,-0.611,5.44e-07,8.84e-06
EFHD1,0.955,5.45e-07,8.85e-06
JAKMIP2,0.747,5.48e-07,8.88e-06
CD300C,-0.876,5.55e-07,8.98e-06
CD28,-0.774,5.54e-07,8.98e-06
AKAP6,0.396,5.61e-07,9.07e-06
SYDE1,-0.723,5.61e-07,9.07e-06
H4C6,-1.24,5.63e-07,9.1e-06
CCDC3,-0.684,5.64e-07,9.11e-06
AGRN,-0.979,5.67e-07,9.14e-06
LOC112694756,-0.978,5.68e-07,9.15e-06
ASPA,0.559,5.69e-07,9.17e-06
EPM2A-DT,0.337,5.75e-07,9.25e-06
HULC,-0.986,5.75e-07,9.25e-06
TMEM164,-0.408,5.8e-07,9.32e-06
TOM1L1,0.333,5.9e-07,9.48e-06
CXCL9,-1.15,5.92e-07,9.5e-06
RHOBTB1,-0.474,5.97e-07,9.57e-06
ASAH1-AS1,0.571,5.98e-07,9.58e-06
LOC107986828,-0.88,6.01e-07,9.62e-06
CTNS,-0.465,6.02e-07,9.64e-06
CLDN4,-1.6,6.04e-07,9.66e-06
MIR34AHG,-0.783,6.1e-07,9.74e-06
FLT3LG,-0.708,6.1e-07,9.74e-06
OGA,0.254,6.11e-07,9.75e-06
IGLC1,-1.24,6.13e-07,9.77e-06
EFNB3,-0.646,6.13e-07,9.77e-06
KSR1,-0.439,6.14e-07,9.77e-06
QTRT1,-0.949,6.14e-07,9.77e-06
FLJ32255,-0.696,6.16e-07,9.79e-06
CERCAM,-1.02,6.17e-07,9.8e-06
LOC112268284,-1.58,6.18e-07,9.8e-06
DPY30,0.343,6.18e-07,9.8e-06
RNF122,-0.845,6.21e-07,9.83e-06
COX11,0.282,6.21e-07,9.83e-06
AMY1A,0.458,6.23e-07,9.86e-06
CD3G,-0.883,6.23e-07,9.86e-06
MAGI1,0.243,6.27e-07,9.91e-06
FAM131B-AS2,-0.956,6.28e-07,9.92e-06
TPTEP2-CSNK1E,-0.49,6.3e-07,9.94e-06
ARFGAP1,-0.697,6.34e-07,9.99e-06
CYP7B1,0.351,6.38e-07,1e-05
AFAP1,-0.678,6.35e-07,1e-05
PTPN22,-0.719,6.41e-07,1.01e-05
RIPOR1,-0.617,6.42e-07,1.01e-05
RASSF4,-0.476,6.39e-07,1.01e-05
MBTPS2,0.33,6.52e-07,1.02e-05
DNAJC12,0.588,6.49e-07,1.02e-05
GIPC2,0.411,6.5e-07,1.02e-05
ATG9B,-0.814,6.48e-07,1.02e-05
IMPA1,0.411,6.53e-07,1.02e-05
RABEP2,-1.16,6.53e-07,1.02e-05
TRIP6,-0.697,6.55e-07,1.02e-05
RPS6KL1,-0.57,6.57e-07,1.03e-05
NRROS,-0.871,6.62e-07,1.03e-05
RAD50,0.24,6.58e-07,1.03e-05
RPS6KB1,0.215,6.71e-07,1.04e-05
LOC101927560,0.865,6.65e-07,1.04e-05
HK2,-0.761,6.68e-07,1.04e-05
LILRA6,-0.772,6.69e-07,1.04e-05
SPNS1,-0.816,6.78e-07,1.05e-05
KLHL2,0.292,6.82e-07,1.06e-05
BTD,0.327,6.84e-07,1.06e-05
PCSK5,-0.63,6.84e-07,1.06e-05
DHFR2,0.3,6.83e-07,1.06e-05
ATG7,-0.215,6.8e-07,1.06e-05
NECTIN3,0.328,6.9e-07,1.07e-05
ZC3H6,0.326,6.96e-07,1.08e-05
PCSK7,-0.544,6.99e-07,1.08e-05
SOCAR,-1.21,6.99e-07,1.08e-05
ARHGAP35,0.305,7.1e-07,1.09e-05
WDR91,-0.303,7.07e-07,1.09e-05
SYNGAP1,-0.605,7.09e-07,1.09e-05
HYKK,0.383,7.09e-07,1.09e-05
HDHD2,0.26,7.14e-07,1.1e-05
FAP,-1.43,7.12e-07,1.1e-05
TNRC6C-AS1,-0.479,7.2e-07,1.1e-05
KIN,0.327,7.15e-07,1.1e-05
WDR38,-1.24,7.12e-07,1.1e-05
MIX23,0.335,7.13e-07,1.1e-05
SLC10A5,0.535,7.28e-07,1.11e-05
PEX2,0.245,7.3e-07,1.11e-05
NCBP1,0.246,7.3e-07,1.11e-05
IGLJ2,-1.56,7.29e-07,1.11e-05
DENND5B,0.286,7.29e-07,1.11e-05
ARSK,0.42,7.22e-07,1.11e-05
STXBP1,-0.504,7.24e-07,1.11e-05
CKLF,-0.48,7.29e-07,1.11e-05
TFDP2,0.275,7.37e-07,1.12e-05
STIM2-AS1,0.715,7.33e-07,1.12e-05
AKAP8L,-0.394,7.33e-07,1.12e-05
ITGB2-AS1,-0.835,7.37e-07,1.12e-05
CC2D1A,-0.736,7.39e-07,1.12e-05
SLC45A4,-0.667,7.31e-07,1.12e-05
ITGA4,-0.512,7.38e-07,1.12e-05
LOC107986613,0.763,7.43e-07,1.13e-05
SETDB2,0.34,7.43e-07,1.13e-05
NUDT14,-1.07,7.45e-07,1.13e-05
NR2F1,-0.462,7.42e-07,1.13e-05
MDK,-1.3,7.5e-07,1.14e-05
APOBEC3G,-0.589,7.67e-07,1.15e-05
MFAP4,-1.01,7.61e-07,1.15e-05
MYH9,-0.579,7.6e-07,1.15e-05
COL14A1,-0.74,7.62e-07,1.15e-05
SLC12A6,0.251,7.66e-07,1.15e-05
CBX8,-0.658,7.67e-07,1.15e-05
PAICS,0.335,7.59e-07,1.15e-05
TOR1AIP1,0.287,7.6e-07,1.15e-05
AMY1C,0.453,7.67e-07,1.15e-05
HTR7,-0.849,7.75e-07,1.16e-05
NR1H4,0.272,7.7e-07,1.16e-05
TNFRSF9,-1.01,7.73e-07,1.16e-05
CLSTN1,-0.519,7.85e-07,1.17e-05
LZTS1,-0.79,7.85e-07,1.17e-05
MCM2,-0.95,7.78e-07,1.17e-05
TRADD,-0.555,7.79e-07,1.17e-05
CD300LB,-1.08,7.8e-07,1.17e-05
ETFBKMT,0.308,7.82e-07,1.17e-05
TRABD,-0.962,7.77e-07,1.17e-05
ZNF33A,0.247,7.89e-07,1.18e-05
GPRC5B,-0.638,7.88e-07,1.18e-05
PNMA1,-0.632,7.94e-07,1.18e-05
LOC102723340,0.579,7.97e-07,1.19e-05
ZFYVE9,0.217,7.97e-07,1.19e-05
RNF169,0.206,8.05e-07,1.2e-05
KMT5B,0.199,8.19e-07,1.22e-05
LOC105372049,0.7,8.23e-07,1.22e-05
SPA17,-1.05,8.31e-07,1.23e-05
GTPBP2,-0.467,8.33e-07,1.23e-05
PFKFB4,-0.666,8.3e-07,1.23e-05
CEP170B,-0.868,8.27e-07,1.23e-05
GPR174,-0.727,8.39e-07,1.24e-05
LMNB2,-0.754,8.42e-07,1.25e-05
LOC105378964,0.83,8.54e-07,1.26e-05
RTTN,0.468,8.58e-07,1.27e-05
DMD,0.321,8.58e-07,1.27e-05
SUPT5H,-0.418,8.57e-07,1.27e-05
ADAMTSL4-AS2,-0.633,8.7e-07,1.28e-05
ALDOA,-0.912,8.67e-07,1.28e-05
SH3BGRL3,-0.888,8.74e-07,1.29e-05
SLCO4C1,0.721,8.79e-07,1.29e-05
NCEH1,-0.682,8.86e-07,1.3e-05
TRMT1L,0.292,8.84e-07,1.3e-05
EPS8L1,-1.27,8.94e-07,1.31e-05
CNNM2,0.253,8.88e-07,1.31e-05
DVL2,-0.6,9.09e-07,1.33e-05
SEPTIN8,-0.443,9.04e-07,1.33e-05
DPYD-AS2,0.65,9.04e-07,1.33e-05
LOC101928362,0.795,9.14e-07,1.34e-05
MAP4K2,-0.505,9.25e-07,1.35e-05
LINC01239,0.561,9.25e-07,1.35e-05
CYP2U1,0.299,9.28e-07,1.35e-05
SLC38A11,0.541,9.27e-07,1.35e-05
PALB2,0.236,9.22e-07,1.35e-05
CLIP3,-0.788,9.39e-07,1.37e-05
VKORC1L1,0.341,9.52e-07,1.39e-05
MEX3B,-1.18,9.54e-07,1.39e-05
LOC105372036,-0.818,9.6e-07,1.4e-05
ST13,0.366,9.66e-07,1.4e-05
HTRA1,-0.507,9.63e-07,1.4e-05
B4GALNT3,-1.18,9.59e-07,1.4e-05
RHPN1,-1.44,9.66e-07,1.4e-05
KCNE4,-1.44,9.72e-07,1.41e-05
IKBKG,-0.834,9.81e-07,1.42e-05
SMG9,-0.435,9.8e-07,1.42e-05
EHD2,-0.888,9.9e-07,1.43e-05
TRAF6,0.225,9.88e-07,1.43e-05
LOC102724428,-1.86,9.85e-07,1.43e-05
PPARA,0.4,9.87e-07,1.43e-05
TTYH2,-0.574,9.88e-07,1.43e-05
CREB3,-0.393,1e-06,1.44e-05
LOC101927864,-0.526,9.99e-07,1.44e-05
NOTCH3,-1.21,1.01e-06,1.45e-05
MORC3,0.287,1.01e-06,1.45e-05
GOLM1,-0.721,1e-06,1.45e-05
DDI2,0.318,1.02e-06,1.46e-05
PIDD1,-0.989,1.01e-06,1.46e-05
EFEMP1,-1.51,1.02e-06,1.47e-05
SUGCT,0.418,1.02e-06,1.47e-05
SOX9,-0.958,1.02e-06,1.47e-05
GGA1,-0.493,1.03e-06,1.48e-05
ARHGEF25,-0.718,1.03e-06,1.48e-05
SIRT5,0.312,1.03e-06,1.48e-05
TAPT1,0.324,1.04e-06,1.49e-05
RGS9,-1.06,1.05e-06,1.5e-05
H2BC9,-1.25,1.05e-06,1.5e-05
ITPA,-0.4,1.05e-06,1.5e-05
CLEC2B,-0.537,1.05e-06,1.5e-05
LRRC25,-1.08,1.06e-06,1.51e-05
SNORA80A,-1.39,1.06e-06,1.51e-05
SFT2D3,0.379,1.06e-06,1.51e-05
BRAT1,-0.976,1.07e-06,1.52e-05
SGSM3,-0.688,1.06e-06,1.52e-05
ENGASE,-0.664,1.07e-06,1.53e-05
CCDC24,-0.828,1.09e-06,1.54e-05
OSGEPL1,0.324,1.09e-06,1.54e-05
MNDA,-0.712,1.08e-06,1.54e-05
LPCAT2,-0.587,1.08e-06,1.54e-05
USP8,0.206,1.08e-06,1.54e-05
DUSP5,-1.1,1.08e-06,1.54e-05
LINC02754,0.584,1.09e-06,1.55e-05
HLA-DQB2,-1.32,1.1e-06,1.55e-05
LOC107987158,-1.03,1.09e-06,1.55e-05
EIF4EBP2,0.383,1.1e-06,1.56e-05
LIG4,0.376,1.11e-06,1.56e-05
H4C16,-1.11,1.1e-06,1.56e-05
SMAD4,0.225,1.11e-06,1.57e-05
CEP120,0.289,1.12e-06,1.57e-05
IFI16,-0.518,1.12e-06,1.58e-05
ARHGAP32,0.306,1.14e-06,1.6e-05
MYO9B,-0.486,1.13e-06,1.6e-05
MLLT1,-0.564,1.14e-06,1.61e-05
RN7SL2,-1.21,1.16e-06,1.62e-05
KCTD6,0.336,1.15e-06,1.62e-05
TRAPPC14,-0.68,1.16e-06,1.62e-05
NCAPH2,-0.756,1.16e-06,1.62e-05
ST8SIA4,-0.649,1.15e-06,1.62e-05
LOC105378179,-1.21,1.16e-06,1.63e-05
ARHGEF3,-0.538,1.17e-06,1.64e-05
UBQLN1-AS1,0.51,1.18e-06,1.64e-05
CCND1,-0.758,1.18e-06,1.65e-05
C1ORF54,-0.539,1.18e-06,1.65e-05
CYRIA,-0.505,1.19e-06,1.66e-05
LRRC28,0.379,1.19e-06,1.66e-05
FMNL2,-0.447,1.19e-06,1.66e-05
NFATC4,-0.834,1.2e-06,1.67e-05
C1QA,-1.42,1.2e-06,1.67e-05
AP4M1,-0.535,1.2e-06,1.67e-05
G6PC3,-0.662,1.21e-06,1.68e-05
PFN2,0.531,1.21e-06,1.68e-05
SLC6A8,-1.02,1.2e-06,1.68e-05
PYROXD1,0.323,1.21e-06,1.68e-05
ZNF275,0.368,1.22e-06,1.7e-05
RGS2,-0.909,1.23e-06,1.7e-05
SERPINB9,-0.66,1.24e-06,1.72e-05
INO80E,-0.621,1.24e-06,1.72e-05
PTRH1,-0.747,1.25e-06,1.73e-05
SUCLG2-DT,0.358,1.26e-06,1.74e-05
ABCB11,0.479,1.25e-06,1.74e-05
CDKN2D,-1.02,1.27e-06,1.75e-05
RPP14,0.309,1.27e-06,1.75e-05
SYNJ2BP,0.276,1.27e-06,1.75e-05
C8A,0.338,1.27e-06,1.75e-05
CCNB1,-0.579,1.29e-06,1.77e-05
APOLD1,-1.4,1.29e-06,1.77e-05
REV1,0.29,1.29e-06,1.77e-05
RBP1,-0.424,1.29e-06,1.78e-05
GCNT2,0.301,1.29e-06,1.78e-05
ICE2,0.261,1.31e-06,1.79e-05
SLA2,-0.428,1.31e-06,1.79e-05
MAP3K2,0.286,1.3e-06,1.79e-05
UBA5,0.205,1.3e-06,1.79e-05
TBXAS1,-0.46,1.3e-06,1.79e-05
KLHL18,-0.39,1.31e-06,1.8e-05
MARVELD1,-0.674,1.33e-06,1.81e-05
TMPRSS3,-1.15,1.33e-06,1.82e-05
SIPA1L3,-0.596,1.35e-06,1.84e-05
ICAM1,-0.987,1.34e-06,1.84e-05
CHPF2,-0.556,1.35e-06,1.84e-05
LOC107984126,0.51,1.34e-06,1.84e-05
BIN3,-0.39,1.35e-06,1.84e-05
CIITA,-0.4,1.35e-06,1.84e-05
IGHGP,-1.38,1.36e-06,1.85e-05
PELATON,-0.993,1.36e-06,1.85e-05
ITM2A,-0.841,1.36e-06,1.85e-05
IGKV2-28,-1.11,1.37e-06,1.86e-05
ADAMTS15,-1.12,1.37e-06,1.87e-05
TELO2,-1.08,1.38e-06,1.87e-05
S100A14,-0.826,1.38e-06,1.87e-05
ABRA,0.839,1.39e-06,1.88e-05
GADD45B,-1.39,1.39e-06,1.88e-05
HEG1,-0.48,1.38e-06,1.88e-05
TRGV10,-1.04,1.41e-06,1.9e-05
SEMA4C,-0.597,1.41e-06,1.9e-05
UHRF1,-0.881,1.41e-06,1.9e-05
MACC1,-0.912,1.43e-06,1.92e-05
DOK3,-0.834,1.42e-06,1.92e-05
ARMCX5,0.237,1.42e-06,1.92e-05
KDM6B,-0.619,1.42e-06,1.92e-05
HSPA7,-0.752,1.42e-06,1.92e-05
GPR89B,0.294,1.43e-06,1.92e-05
ZNF316,-0.551,1.42e-06,1.92e-05
POT1,0.288,1.44e-06,1.93e-05
DMPK,-0.742,1.44e-06,1.94e-05
RSPRY1,0.22,1.44e-06,1.94e-05
RRP1,-0.585,1.44e-06,1.94e-05
LRRK1,-0.447,1.45e-06,1.94e-05
FLII,-0.615,1.46e-06,1.95e-05
CYTIP,-0.797,1.45e-06,1.95e-05
LAMTOR4,-0.735,1.45e-06,1.95e-05
KATNIP,-0.348,1.47e-06,1.97e-05
P2RY11,-1.24,1.48e-06,1.97e-05
TTLL3,-0.531,1.48e-06,1.98e-05
CALHM6,-1.02,1.49e-06,1.98e-05
TSSC4,-0.791,1.48e-06,1.98e-05
LOC105378476,-2.13,1.48e-06,1.98e-05
NOC2L,-0.629,1.49e-06,1.98e-05
LOC107986326,0.606,1.49e-06,1.98e-05
FOXJ3,0.197,1.49e-06,1.98e-05
CLDN12,0.353,1.49e-06,1.99e-05
METTL21C,0.398,1.49e-06,1.99e-05
TAS2R14,0.466,1.5e-06,1.99e-05
RORA,1.00725096,1.22e-09,1.99e-05
SHE,0.298,1.51e-06,2e-05
IQCN,-0.708,1.5e-06,2e-05
TDO2,0.511,1.51e-06,2e-05
SECTM1,-1.07,1.52e-06,2.01e-05
CD320,-1.08,1.51e-06,2.01e-05
TEPSIN,-0.566,1.51e-06,2.01e-05
AXIN1,-0.58,1.52e-06,2.01e-05
TAAR3P,0.922,1.52e-06,2.01e-05
TAF6,-0.463,1.52e-06,2.01e-05
PHPT1,-1.01,1.51e-06,2.01e-05
ABCA2,-0.808,1.53e-06,2.02e-05
CCN4,-0.877,1.53e-06,2.02e-05
KCTD10,-0.459,1.53e-06,2.02e-05
FNBP1L,0.25,1.54e-06,2.03e-05
RUSC1,-0.471,1.54e-06,2.03e-05
CPSF1,-0.792,1.54e-06,2.03e-05
SPON2,-0.79,1.54e-06,2.03e-05
BBLN,-1.39,1.56e-06,2.05e-05
LOC105370935,0.641,1.57e-06,2.06e-05
PTGIS,-0.734,1.57e-06,2.06e-05
KLKB1,0.419,1.58e-06,2.07e-05
GRAMD2B,0.369,1.58e-06,2.07e-05
EPHB6,-0.785,1.57e-06,2.07e-05
COL5A2,-0.533,1.58e-06,2.07e-05
TSPAN32,-1.03,1.58e-06,2.07e-05
TLR8,-0.774,1.58e-06,2.07e-05
LOC100128653,-0.874,1.58e-06,2.07e-05
EVI2B,-0.517,1.58e-06,2.07e-05
RMI1,0.315,1.59e-06,2.08e-05
GPR89A,0.298,1.61e-06,2.1e-05
LOC105369907,1.31,1.6e-06,2.1e-05
MAEA,-0.474,1.61e-06,2.1e-05
NRDC,0.217,1.61e-06,2.1e-05
ARRB2,-0.443,1.62e-06,2.11e-05
BCAR1,-0.938,1.62e-06,2.11e-05
NUDCD2,0.429,1.62e-06,2.11e-05
POM121L9P,-0.809,1.63e-06,2.12e-05
SLC25A24,-0.676,1.64e-06,2.13e-05
ZNF654,0.271,1.64e-06,2.13e-05
ZSWIM4,-0.935,1.63e-06,2.13e-05
CACNB1,-0.943,1.65e-06,2.14e-05
NDOR1,-0.791,1.65e-06,2.14e-05
SHROOM1,-0.54,1.65e-06,2.14e-05
COX20,0.259,1.66e-06,2.15e-05
NPHP3-ACAD11,0.288,1.66e-06,2.15e-05
CDK13,0.236,1.67e-06,2.15e-05
TESK1,-0.636,1.67e-06,2.15e-05
SKAP2,-0.423,1.66e-06,2.15e-05
LILRB2,-0.776,1.67e-06,2.16e-05
KIFC2,-0.826,1.68e-06,2.17e-05
TMEM132A,-0.93,1.68e-06,2.17e-05
PKDCC,-0.777,1.7e-06,2.18e-05
ZMYM4,0.209,1.69e-06,2.18e-05
THRB,0.358,1.69e-06,2.18e-05
ARHGAP23,-0.706,1.73e-06,2.22e-05
COLEC11,-0.695,1.72e-06,2.22e-05
RHOT1,0.251,1.74e-06,2.23e-05
SORBS2,0.28,1.73e-06,2.23e-05
SEMA3G,-1.15,1.74e-06,2.23e-05
CCDC22,-0.749,1.74e-06,2.24e-05
TLR7,-0.71,1.75e-06,2.25e-05
PWWP2B,-0.971,1.75e-06,2.25e-05
ASB4,0.747,1.76e-06,2.26e-05
CMKLR1,-0.583,1.77e-06,2.27e-05
NEURL1B,-0.482,1.77e-06,2.27e-05
RP1,1.26,1.78e-06,2.28e-05
CFTR,-1.17,1.78e-06,2.28e-05
WNT11,-0.944,1.79e-06,2.29e-05
ST3GAL1,0.463,1.8e-06,2.3e-05
DCN,-0.663,1.8e-06,2.3e-05
HIP1R,-0.692,1.81e-06,2.31e-05
FAM163B,-0.864,1.83e-06,2.32e-05
KLRB1,-0.786,1.83e-06,2.32e-05
SIGLEC10,-0.704,1.82e-06,2.32e-05
SLC35A3,0.357,1.82e-06,2.32e-05
TRAT1,-1.03,1.84e-06,2.34e-05
SOD1,0.449,1.84e-06,2.34e-05
SOGA1,-0.519,1.84e-06,2.34e-05
MTMR11,-0.641,1.85e-06,2.35e-05
CCRL2,-0.988,1.86e-06,2.36e-05
SFRP5,-1.17,1.86e-06,2.36e-05
PHF10,0.228,1.87e-06,2.37e-05
SH3TC1,-0.771,1.87e-06,2.37e-05
FKBP1A-SDCBP2,-0.984,1.88e-06,2.37e-05
FAAH2,0.433,1.88e-06,2.38e-05
ABHD15,0.359,1.89e-06,2.4e-05
LOC105369334,0.638,1.92e-06,2.42e-05
F13B,0.482,1.91e-06,2.42e-05
CERT1,0.243,1.91e-06,2.42e-05
NRG1,-0.982,1.92e-06,2.42e-05
CSKMT,-0.649,1.93e-06,2.43e-05
SERPINE1,-1.52,1.93e-06,2.43e-05
C7ORF50,-0.723,1.93e-06,2.43e-05
PSMB10,-0.672,1.94e-06,2.44e-05
CCDC97,-0.432,1.94e-06,2.44e-05
FAM83G,-0.786,1.95e-06,2.45e-05
PTPN23,-0.538,1.97e-06,2.47e-05
SEMA7A,-1.14,1.97e-06,2.47e-05
TCIRG1,-0.687,1.97e-06,2.48e-05
ZNF354C,0.27,1.98e-06,2.48e-05
DSG1-AS1,0.643,1.99e-06,2.49e-05
ADAP1,-1.11,2e-06,2.51e-05
DSG1,0.618,2e-06,2.51e-05
RN7SL1,-1.24,2.01e-06,2.52e-05
BDKRB2,-1.61,2.01e-06,2.52e-05
LOC107987206,-1.24,2.02e-06,2.52e-05
STYX,0.348,2.02e-06,2.53e-05
DDX60L,0.417,2.04e-06,2.54e-05
MIR6513,-0.927,2.03e-06,2.54e-05
LOC374443,-0.557,2.04e-06,2.54e-05
BCAM,-0.958,2.04e-06,2.54e-05
FHIP2B,-0.604,2.04e-06,2.54e-05
FOXN2,0.348,2.06e-06,2.56e-05
LOC105374519,0.567,2.06e-06,2.56e-05
EMB,-0.61,2.05e-06,2.56e-05
SCML4,-0.633,2.06e-06,2.56e-05
CCL19,-1.46,2.06e-06,2.56e-05
CIC,-0.797,2.06e-06,2.56e-05
EEF1AKMT2,0.247,2.07e-06,2.57e-05
WHAMMP1,0.347,2.08e-06,2.58e-05
IGLV1-47,-1.24,2.1e-06,2.6e-05
HMOX1,-1.07,2.11e-06,2.61e-05
SLC15A3,-0.716,2.1e-06,2.61e-05
CCDC181,0.592,2.11e-06,2.61e-05
FOSL2,-0.792,2.11e-06,2.61e-05
PNPLA4,0.394,2.12e-06,2.62e-05
INF2,-0.888,2.12e-06,2.62e-05
LOC102724968,1.36,2.13e-06,2.63e-05
MAOB,0.37,2.14e-06,2.63e-05
ACER2,-0.483,2.13e-06,2.63e-05
SKIDA1,0.614,2.14e-06,2.64e-05
STPG4,0.733,2.14e-06,2.64e-05
IPO8,0.235,2.15e-06,2.65e-05
PPP1R16B,-0.562,2.16e-06,2.66e-05
GLI2,-0.843,2.16e-06,2.66e-05
PLTP,-0.942,2.17e-06,2.66e-05
LINC00482,-0.853,2.17e-06,2.66e-05
IFI27,-1.06,2.18e-06,2.68e-05
MYBBP1A,-0.633,2.18e-06,2.68e-05
NCF1,-0.947,2.2e-06,2.7e-05
ORC5,0.286,2.22e-06,2.72e-05
KLHL25,-0.814,2.22e-06,2.72e-05
CAMK2D,0.25,2.23e-06,2.73e-05
QSER1,0.259,2.25e-06,2.75e-05
ITPRIPL1,-0.585,2.25e-06,2.75e-05
IGKV1-17,-1.22,2.26e-06,2.76e-05
FCHSD1,-0.582,2.26e-06,2.77e-05
CEP43,0.306,2.28e-06,2.78e-05
AOX1,0.515,2.28e-06,2.78e-05
LINC02160,1.24,2.27e-06,2.78e-05
ZNF658,0.36,2.29e-06,2.79e-05
INPP4A,-0.26,2.3e-06,2.8e-05
PRPF38A,0.231,2.31e-06,2.81e-05
LOC105375990,0.65,2.31e-06,2.81e-05
ANOS1,-0.949,2.3e-06,2.81e-05
NPC2,-0.519,2.31e-06,2.81e-05
ARHGAP5,0.282,2.32e-06,2.82e-05
CYBC1,-0.58,2.34e-06,2.84e-05
TRIP10,-0.52,2.35e-06,2.85e-05
MACROH2A2,-0.494,2.35e-06,2.85e-05
PACS2,-0.703,2.35e-06,2.85e-05
PPP1R13L,-0.664,2.37e-06,2.86e-05
HELQ,0.24,2.36e-06,2.86e-05
ADAP2,-0.467,2.38e-06,2.89e-05
SNORD10,-1.11,2.4e-06,2.9e-05
PLIN3,-0.576,2.39e-06,2.9e-05
LY86,-0.788,2.41e-06,2.91e-05
TTLL7,0.563,2.41e-06,2.92e-05
ACAP3,-0.756,2.42e-06,2.92e-05
KRIT1,0.282,2.43e-06,2.93e-05
LOC105370538,0.583,2.42e-06,2.93e-05
HDGFL2,-0.709,2.45e-06,2.95e-05
GNB4,-0.496,2.46e-06,2.96e-05
SLC22A10,1.02,2.47e-06,2.97e-05
ADAM15,-0.711,2.47e-06,2.97e-05
ATAD3B,-0.724,2.48e-06,2.98e-05
LOC105371622,0.29,2.5e-06,3e-05
PHF19,-0.543,2.49e-06,3e-05
COL4A2-AS2,-1.25,2.5e-06,3.01e-05
ANXA11,-0.331,2.51e-06,3.02e-05
PLP2,-0.748,2.51e-06,3.02e-05
TSPAN14,-0.368,2.53e-06,3.03e-05
HSPA1B,-0.971,2.54e-06,3.04e-05
RNA28SN3,-1.11,2.56e-06,3.07e-05
TACC3,-0.577,2.57e-06,3.08e-05
SHC2,-1.09,2.59e-06,3.09e-05
RAI14,0.316,2.59e-06,3.09e-05
MZB1,-1.2,2.59e-06,3.09e-05
ING1,0.29,2.59e-06,3.09e-05
PLXND1,-0.693,2.59e-06,3.1e-05
MOCS2,0.366,2.6e-06,3.1e-05
LOC105373991,-0.996,2.61e-06,3.11e-05
RAB4B-EGLN2,-0.682,2.62e-06,3.12e-05
NFYC,0.216,2.63e-06,3.13e-05
IFFO1,-0.431,2.62e-06,3.13e-05
DIPK2B,-1.1,2.65e-06,3.14e-05
HKDC1,-1.7,2.64e-06,3.14e-05
LOC105379185,1.18,2.64e-06,3.14e-05
MEMO1,0.286,2.65e-06,3.14e-05
SFXN2,0.367,2.65e-06,3.14e-05
IL7R,-0.987,2.64e-06,3.14e-05
KICS2,0.241,2.65e-06,3.14e-05
F13A1,-1.05,2.66e-06,3.15e-05
HSH2D,-0.647,2.67e-06,3.16e-05
FCRL6,-0.711,2.68e-06,3.17e-05
CASTOR3P,-0.449,2.7e-06,3.19e-05
TSHZ3,-0.658,2.7e-06,3.19e-05
ARNT,0.252,2.71e-06,3.2e-05
ZC3H14,0.211,2.72e-06,3.21e-05
CASTOR2,-0.538,2.73e-06,3.23e-05
RNA28SN1,-1.12,2.74e-06,3.23e-05
IGHA2,-1.53,2.75e-06,3.25e-05
LOC107985926,0.762,2.76e-06,3.25e-05
KCNT2,0.425,2.77e-06,3.26e-05
ACTG1,-0.762,2.77e-06,3.26e-05
SMARCA2,0.259,2.77e-06,3.27e-05
MPEG1,-0.638,2.79e-06,3.28e-05
NRP1,-0.449,2.79e-06,3.28e-05
RNA45SN3,-1.12,2.78e-06,3.28e-05
RNA28SN5,-1.12,2.81e-06,3.3e-05
SECISBP2,0.148,2.83e-06,3.32e-05
NBPF13P,0.588,2.83e-06,3.32e-05
CLRN1,1.03,2.84e-06,3.33e-05
ABCA6,0.396,2.84e-06,3.33e-05
CCDC8,-0.892,2.84e-06,3.33e-05
HSF4,-0.92,2.84e-06,3.33e-05
EZR,-0.522,2.85e-06,3.33e-05
FAM185A,0.319,2.85e-06,3.33e-05
PDGFB,-0.782,2.84e-06,3.33e-05
TMCO3,-0.393,2.86e-06,3.34e-05
SNAPC2,-1.06,2.87e-06,3.35e-05
SIN3B,-0.409,2.88e-06,3.36e-05
CFHR5,0.618,2.88e-06,3.36e-05
LAMA5-AS1,-1.17,2.88e-06,3.36e-05
MARF1,0.191,2.9e-06,3.38e-05
GNE,0.392,2.9e-06,3.38e-05
BRAF,0.222,2.9e-06,3.38e-05
CTBS,0.356,2.91e-06,3.39e-05
LOC102723985,0.787,2.91e-06,3.39e-05
SYDE2,0.318,2.94e-06,3.41e-05
TRMT5,-0.64120592,3.2e-09,3.42e-05
SCTR-AS1,-1.42,2.94e-06,3.42e-05
PTGER4,-0.611,2.95e-06,3.43e-05
KCNK6,-0.456,2.96e-06,3.44e-05
CNTLN,0.41,3e-06,3.48e-05
ABCA5,0.389,3e-06,3.48e-05
ZNF831,-0.697,3.02e-06,3.5e-05
SAMD1,-0.654,3.03e-06,3.51e-05
MINK1,-0.485,3.04e-06,3.52e-05
ANKRD28,0.263,3.05e-06,3.52e-05
SCRN3,0.263,3.04e-06,3.52e-05
SERPINA12,-1.34,3.05e-06,3.52e-05
SEC61A2,0.288,3.06e-06,3.54e-05
HCP5,-0.463,3.07e-06,3.54e-05
CORO1B,-0.964,3.07e-06,3.54e-05
CLASP1,0.177,3.06e-06,3.54e-05
SLC22A3,0.349,3.08e-06,3.55e-05
RFC1,0.249,3.08e-06,3.55e-05
WWC2,0.157,3.09e-06,3.55e-05
CEP70,0.288,3.09e-06,3.55e-05
LIAS,0.319,3.08e-06,3.55e-05
SPINK7,0.849,3.11e-06,3.57e-05
GIPC3,-0.533,3.11e-06,3.58e-05
RACGAP1,-0.376,3.13e-06,3.6e-05
CCDC196,0.618,3.14e-06,3.6e-05
SLC25A26,0.215,3.14e-06,3.61e-05
SPARC,-0.523,3.2e-06,3.67e-05
SPPL2B,-0.84,3.22e-06,3.69e-05
DZIP1L,-0.638,3.23e-06,3.7e-05
TRIM44,0.194,3.23e-06,3.7e-05
MROH7-TTC4,0.359,3.24e-06,3.7e-05
SLC10A3,-0.842,3.25e-06,3.71e-05
DENND2C,0.279,3.26e-06,3.73e-05
PPRC1,-0.481,3.28e-06,3.74e-05
LAMB1,-0.537,3.28e-06,3.74e-05
LOC102724584,-1.05,3.28e-06,3.74e-05
ZNF280D,0.326,3.28e-06,3.74e-05
RNA45SN1,-1.12,3.28e-06,3.74e-05
ANTKMT,-1.5,3.29e-06,3.76e-05
KBTBD7,0.322,3.31e-06,3.77e-05
PAQR9-AS1,0.542,3.32e-06,3.77e-05
TMEM18,0.231,3.31e-06,3.77e-05
SERPINE2,-0.581,3.33e-06,3.78e-05
NFX1,0.19,3.33e-06,3.78e-05
DLG5,-0.398,3.32e-06,3.78e-05
RNA28SN2,-1.11,3.33e-06,3.78e-05
VDR,-0.953,3.33e-06,3.78e-05
H2BC11,-0.98,3.35e-06,3.8e-05
MED15,-0.464,3.35e-06,3.8e-05
IL1RL1,-1.36,3.35e-06,3.8e-05
BTN2A1,-0.227,3.37e-06,3.82e-05
ADNP,0.205,3.37e-06,3.82e-05
RNA45SN5,-1.12,3.38e-06,3.82e-05
H4C15,-1.22,3.38e-06,3.82e-05
CDCA5,-0.734,3.39e-06,3.83e-05
MTHFD1L,-0.62,3.39e-06,3.83e-05
LINC00667,0.326,3.4e-06,3.84e-05
NUMBL,-0.557,3.4e-06,3.84e-05
LOC105373582,0.464,3.4e-06,3.84e-05
PBLD,0.38,3.42e-06,3.85e-05
ADCY3,-0.577,3.42e-06,3.85e-05
WDR13,-0.814,3.44e-06,3.87e-05
APOBEC3D,-0.515,3.44e-06,3.87e-05
MBTD1,0.303,3.45e-06,3.88e-05
PTPRCAP,-1.12,3.45e-06,3.89e-05
PECR,0.37,3.46e-06,3.89e-05
NDUFS8,-1.1,3.46e-06,3.89e-05
RNA28SN4,-1.11,3.48e-06,3.91e-05
KCNMA1-AS3,0.865,3.49e-06,3.92e-05
CSF1,-0.553,3.49e-06,3.92e-05
GMPR,-0.509,3.5e-06,3.93e-05
SEPSECS,0.324,3.52e-06,3.94e-05
GAS2L1,-0.893,3.52e-06,3.94e-05
LOC107985675,0.525,3.55e-06,3.97e-05
LRFN4,-1.34,3.55e-06,3.97e-05
IFT46,0.277,3.54e-06,3.97e-05
PRAF2,-0.727,3.56e-06,3.97e-05
OARD1,0.3,3.56e-06,3.98e-05
MAP3K13,0.235,3.58e-06,3.99e-05
FCGR3A,-0.82,3.58e-06,3.99e-05
ERCC8,0.246,3.59e-06,4.01e-05
RASGRP4,-0.539,3.59e-06,4.01e-05
IREB2,0.247,3.6e-06,4.01e-05
KLHL17,-1.03,3.61e-06,4.02e-05
FGF14-AS2,0.565,3.61e-06,4.02e-05
SLC5A10,-0.801,3.61e-06,4.02e-05
RGPD3,0.365,3.61e-06,4.02e-05
CD2BP2,-0.358,3.61e-06,4.02e-05
GPR176,-0.716,3.64e-06,4.03e-05
LINC00674,0.19,3.63e-06,4.03e-05
GPR34,-0.599,3.63e-06,4.03e-05
LOC107985634,2.8,3.64e-06,4.03e-05
RGS18,-0.7,3.64e-06,4.04e-05
SETD2,0.198,3.65e-06,4.05e-05
ARHGAP31,-0.451,3.66e-06,4.05e-05
LINC00243,-1.19,3.68e-06,4.07e-05
RAB3IL1,-0.895,3.67e-06,4.07e-05
ZNF385A,-0.625,3.71e-06,4.1e-05
LOC105378031,0.916,3.72e-06,4.11e-05
SCN9A,0.577,3.72e-06,4.11e-05
LOC105370174,0.387,3.74e-06,4.13e-05
AUH,0.263,3.74e-06,4.13e-05
OPCML,1.34,3.76e-06,4.14e-05
NOS3,-0.821,3.75e-06,4.14e-05
LOC105369782,0.363,3.77e-06,4.15e-05
NR4A3,-1.32,3.77e-06,4.16e-05
RNA45SN2,-1.11,3.78e-06,4.16e-05
ICAM2,-0.8,3.79e-06,4.17e-05
PIAS1,0.207,3.79e-06,4.17e-05
PPDPF,-0.989,3.82e-06,4.2e-05
LINC02999,1.1,3.82e-06,4.2e-05
TLN1,-0.497,3.84e-06,4.21e-05
TUBA1A,-0.83,3.83e-06,4.21e-05
NCK2,-0.51,3.84e-06,4.21e-05
BBS5,-0.326,3.85e-06,4.22e-05
SPTAN1,-0.328,3.86e-06,4.23e-05
SLAMF1,-0.773,3.86e-06,4.23e-05
ZNF135,-0.549,3.86e-06,4.23e-05
FBXL6,-0.842,3.87e-06,4.24e-05
SLC38A7,-0.465,3.87e-06,4.24e-05
CCNJ,0.267,3.87e-06,4.24e-05
ALDH3B1,-0.703,3.87e-06,4.24e-05
UBASH3B,-0.534,3.88e-06,4.24e-05
ERGIC3,-0.59661436,6.1e-09,4.25e-05
LOC107984206,1.04,3.91e-06,4.27e-05
SCARF1,-0.675,3.94e-06,4.3e-05
ABCF2-H2BK1,-0.331,3.97e-06,4.33e-05
EEIG1,-0.644,4e-06,4.36e-05
RPSA2,-0.409,4.02e-06,4.38e-05
RBFOX2,0.211,4.04e-06,4.39e-05
AP1M2,-1.55,4.03e-06,4.39e-05
RNA45SN4,-1.11,4.04e-06,4.39e-05
ABHD10,0.297,4.03e-06,4.39e-05
FAT1,-0.669,4.07e-06,4.43e-05
GRAMD1C,0.428,4.1e-06,4.45e-05
SKAP1,0.432,4.11e-06,4.47e-05
TPPP3,-1.18,4.13e-06,4.48e-05
ANGPTL1,0.4,4.14e-06,4.49e-05
TNIP2,-0.611,4.15e-06,4.5e-05
MAN2B1,-0.669,4.17e-06,4.51e-05
HLA-DRB5,-1.4,4.17e-06,4.51e-05
PNMA8B,-0.94,4.16e-06,4.51e-05
PAPSS1,-0.38,4.19e-06,4.53e-05
JAG2,-1.09,4.19e-06,4.53e-05
BASP1,-0.742,4.2e-06,4.54e-05
SNORA52,-1.19,4.21e-06,4.55e-05
ZMAT1,0.439,4.24e-06,4.57e-05
ARHGEF19,-0.995,4.24e-06,4.58e-05
PCNX2,-0.709,4.24e-06,4.58e-05
CARD8-AS1,-0.573,4.3e-06,4.63e-05
DPY19L2P1,0.656,4.3e-06,4.63e-05
PECAM1,-0.585,4.29e-06,4.63e-05
ACSM3,0.506,4.31e-06,4.64e-05
C7ORF25,0.27,4.32e-06,4.65e-05
DIP2B,0.254,4.32e-06,4.65e-05
LAX1,-0.7,4.34e-06,4.66e-05
LOC105374187,0.566,4.34e-06,4.66e-05
C5ORF58,-0.565,4.34e-06,4.66e-05
MPDZ,0.336,4.35e-06,4.67e-05
GASK1B,-0.745,4.36e-06,4.68e-05
FJX1,-1.24,4.37e-06,4.69e-05
PUM2,0.254,4.41e-06,4.73e-05
ITPRID2,0.258,4.42e-06,4.73e-05
RNASET2,-0.375,4.43e-06,4.74e-05
TCF4,-0.557,4.44e-06,4.76e-05
CORO1A-AS1,-1.02,4.44e-06,4.76e-05
FAM104B,0.311,4.5e-06,4.81e-05
MCTP1,-0.61,4.52e-06,4.83e-05
ZNF189,0.256,4.54e-06,4.85e-05
GDI1,-0.419,4.54e-06,4.85e-05
ABCC2,0.366,4.55e-06,4.85e-05
HOMER2,0.368,4.55e-06,4.86e-05
DENND6B,-0.857,4.56e-06,4.87e-05
CPVL,-0.746,4.58e-06,4.88e-05
LOC101928589,-0.517,4.59e-06,4.89e-05
OTULINL,-0.509,4.6e-06,4.9e-05
JADE3,0.274,4.61e-06,4.91e-05
IFI27L1,-0.43,4.63e-06,4.91e-05
PTK2,0.156,4.63e-06,4.91e-05
COL8A2,-0.854,4.63e-06,4.91e-05
FBXO38,0.236,4.61e-06,4.91e-05
PARP11-AS1,0.785,4.63e-06,4.91e-05
MAP7D1,-0.612,4.63e-06,4.91e-05
SH3RF3,-0.594,4.66e-06,4.95e-05
NECAP2,-0.379,4.69e-06,4.97e-05
TCOF1,-0.401,4.69e-06,4.98e-05
PRKCH,-0.351,4.72e-06,4.99e-05
COL7A1,-1.08,4.71e-06,4.99e-05
GIPR,-0.886,4.71e-06,4.99e-05
CD96,-0.658,4.72e-06,4.99e-05
RGPD4,0.339,4.74e-06,5.01e-05
PREPL,0.251,4.74e-06,5.01e-05
PPP4R3A,0.229,4.77e-06,5.04e-05
HTR2A-AS1,0.807,4.8e-06,5.06e-05
NSUN6,0.413,4.8e-06,5.06e-05
PLEKHG5,-0.861,4.82e-06,5.09e-05
NUP62CL,0.611,4.84e-06,5.11e-05
CNPY4,-0.355,4.85e-06,5.11e-05
SLC25A52,0.663,4.85e-06,5.11e-05
MEF2A,0.248,4.89e-06,5.15e-05
PRC1,-0.447,4.89e-06,5.15e-05
ZNF717,0.301,4.91e-06,5.17e-05
SPINK9,0.633,4.92e-06,5.17e-05
B3GALT9,0.32,4.93e-06,5.18e-05
HDAC10,-0.904,4.94e-06,5.19e-05
AMN1,0.296,4.95e-06,5.2e-05
TMC3-AS1,0.695,4.97e-06,5.21e-05
CDC42EP1,-1.08,4.97e-06,5.21e-05
NMD3,0.301,4.98e-06,5.22e-05
RGPD2,0.385,4.99e-06,5.23e-05
NPDC1,-0.919,5e-06,5.23e-05
AGMO,0.445,4.99e-06,5.23e-05
SAE1,-0.264,5.03e-06,5.26e-05
PPP1R12A-AS1,0.545,5.04e-06,5.27e-05
AKNA,-0.497,5.05e-06,5.28e-05
PGM2L1,-0.583,5.09e-06,5.31e-05
ISG20,-0.754,5.08e-06,5.31e-05
TTC21A,-0.448,5.11e-06,5.33e-05
CYP17A1-AS1,0.863,5.1e-06,5.33e-05
SFI1,-0.382,5.14e-06,5.36e-05
GRAP2,-0.682,5.15e-06,5.36e-05
TMLHE,0.28,5.16e-06,5.38e-05
DBNDD1,-1.03,5.17e-06,5.39e-05
MARK2,-0.328,5.18e-06,5.4e-05
PLXNC1,-0.459,5.21e-06,5.43e-05
PAXX,-0.922,5.22e-06,5.43e-05
RPS6KA4,-0.666,5.28e-06,5.49e-05
MITF,-0.515,5.28e-06,5.49e-05
XPNPEP3,0.263,5.28e-06,5.49e-05
ANTXR1,-0.768,5.28e-06,5.49e-05
CCDC125,0.258,5.3e-06,5.5e-05
GAS7,-0.669,5.31e-06,5.5e-05
ZNF791,0.204,5.32e-06,5.51e-05
PAQR8,-0.548,5.32e-06,5.52e-05
NDE1,-0.44,5.36e-06,5.55e-05
CNRIP1,-0.572,5.36e-06,5.55e-05
ALDH18A1,-0.42,5.37e-06,5.56e-05
ZNF214,0.394,5.38e-06,5.57e-05
RAI1,-0.778,5.41e-06,5.58e-05
LNCTAM34A,-1.07,5.41e-06,5.58e-05
GIMAP5,-0.681,5.4e-06,5.58e-05
ITGAV,-0.534,5.4e-06,5.58e-05
KIF27,0.317,5.39e-06,5.58e-05
OLFML2B,-0.94,5.4e-06,5.58e-05
IGLL5,-1.09,5.43e-06,5.59e-05
ZCCHC4,0.235,5.44e-06,5.61e-05
HERC5,0.525,5.46e-06,5.62e-05
LRIG3,0.308,5.47e-06,5.63e-05
L3MBTL4,0.374,5.48e-06,5.64e-05
CILP,-0.589,5.5e-06,5.66e-05
FAM149B1,0.186,5.53e-06,5.68e-05
LRIG3-DT,0.685,5.52e-06,5.68e-05
LOC112268282,0.6,5.56e-06,5.7e-05
VAT1,-0.498,5.55e-06,5.7e-05
ZNF807P,0.362,5.58e-06,5.72e-05
TCEANC,0.292,5.6e-06,5.74e-05
CAVIN2,-0.669,5.6e-06,5.74e-05
PGAP4,-0.578,5.59e-06,5.74e-05
COMMD4,-0.519,5.61e-06,5.75e-05
ZFYVE27,-0.349,5.62e-06,5.75e-05
SETD6,0.184,5.63e-06,5.76e-05
A2MP1,-0.908,5.65e-06,5.78e-05
RRAS,-0.948,5.66e-06,5.78e-05
DYRK1B,-0.574,5.65e-06,5.78e-05
TCF3,-0.485,5.67e-06,5.79e-05
TTLL1,-0.547,5.69e-06,5.8e-05
LMOD1,-1.2,5.7e-06,5.82e-05
LTBP3,-0.708,5.77e-06,5.88e-05
LINC00869,0.284,5.77e-06,5.88e-05
LRP10,-0.623,5.77e-06,5.88e-05
NAAA,0.344,5.79e-06,5.89e-05
DGKQ,-0.835,5.78e-06,5.89e-05
MYOF,-0.707,5.78e-06,5.89e-05
CRIP1,-1.22,5.81e-06,5.91e-05
LINC01145,-0.412,5.84e-06,5.93e-05
ARHGDIA,-0.817,5.85e-06,5.94e-05
PUSL1,-0.751,5.85e-06,5.94e-05
SERINC2,-0.905,5.86e-06,5.95e-05
LOC105372889,1.04,5.86e-06,5.95e-05
PAXIP1,0.177,5.87e-06,5.96e-05
UBE3A,0.226,5.88e-06,5.96e-05
CTSW,-0.88,5.9e-06,5.98e-05
MEGF6,-0.677,5.91e-06,5.99e-05
ZC3H12C,0.375,5.93e-06,6e-05
NABP1,-0.485,5.94e-06,6.01e-05
WDR86,-0.329,5.95e-06,6.02e-05
ZNF606,0.253,5.97e-06,6.04e-05
LOC105375244,0.599,5.98e-06,6.05e-05
VGLL4,-0.282,6.01e-06,6.06e-05
PIBF1,0.27,6.01e-06,6.06e-05
LOC107986772,0.653,5.99e-06,6.06e-05
STPG2,0.551,6e-06,6.06e-05
KBTBD11,0.447,6.01e-06,6.06e-05
ABLIM2,-0.634,6.02e-06,6.07e-05
PSEN2,-0.418,6.02e-06,6.07e-05
IGHG2,-1.26,6.05e-06,6.09e-05
ZC3H12A-DT,-0.592,6.07e-06,6.1e-05
TMEM161B-DT,0.421,6.07e-06,6.1e-05
TBC1D10A,-0.792,6.07e-06,6.1e-05
RSBN1L,0.227,6.08e-06,6.11e-05
SNORA54,-0.969,6.08e-06,6.11e-05
THUMPD3,0.22,6.09e-06,6.11e-05
BYSL,-0.46,6.08e-06,6.11e-05
RBBP6,0.23,6.1e-06,6.12e-05
SFMBT1,0.25,6.11e-06,6.13e-05
DCDC1,0.726,6.11e-06,6.13e-05
GNPDA1,-0.342,6.14e-06,6.15e-05
MYO7B,-1.05,6.15e-06,6.16e-05
LOC101928961,0.986,6.19e-06,6.2e-05
FUT1,-0.786,6.21e-06,6.21e-05
STARD3,-0.472,6.23e-06,6.23e-05
SIPA1,-0.839,6.24e-06,6.23e-05
COL27A1,-0.612,6.22e-06,6.23e-05
IL15RA,-0.68,6.23e-06,6.23e-05
F11-AS1,0.358,6.25e-06,6.24e-05
MAP1S,-1.02,6.25e-06,6.24e-05
FAM174C,-1.29,6.27e-06,6.25e-05
LOC107987055,0.527,6.26e-06,6.25e-05
VILL,-0.669,6.27e-06,6.25e-05
ZNF485,0.346,6.28e-06,6.26e-05
LOC105370997,0.518,6.31e-06,6.28e-05
PRICKLE3,-0.534,6.36e-06,6.33e-05
UBE2E3,0.212,6.37e-06,6.33e-05
MYL12A,-0.557,6.37e-06,6.34e-05
PDE3B,0.392,6.39e-06,6.34e-05
SLC41A2,0.377,6.38e-06,6.34e-05
INPPL1,-0.461,6.38e-06,6.34e-05
TMEM54,-1.31,6.4e-06,6.35e-05
CHSY1,-0.559,6.44e-06,6.38e-05
STRN3,0.257,6.44e-06,6.38e-05
GPX3,-0.735,6.44e-06,6.38e-05
CLIC2,-0.636,6.43e-06,6.38e-05
PROSER3,-0.476,6.45e-06,6.39e-05
DERL3,-0.823,6.49e-06,6.42e-05
STXBP2,-0.596,6.52e-06,6.45e-05
EME2,-1.14,6.53e-06,6.45e-05
MAP10,0.41,6.55e-06,6.47e-05
CYTH3,-0.523,6.55e-06,6.47e-05
KLHDC4,-0.423,6.56e-06,6.48e-05
RAB8B,-0.503,6.56e-06,6.48e-05
GIMAP1-GIMAP5,-0.664,6.58e-06,6.5e-05
LOC102723996,-0.696,6.6e-06,6.51e-05
MEAF6,-0.406,6.6e-06,6.51e-05
PRXL2B,-0.824,6.61e-06,6.51e-05
SPRING1,-0.354,6.67e-06,6.57e-05
LILRB4,-0.796,6.67e-06,6.57e-05
TAFAZZIN,-0.495,6.69e-06,6.58e-05
NCR3,-0.983,6.72e-06,6.62e-05
AFF1,0.221,6.73e-06,6.62e-05
CALCOCO2,0.167,6.76e-06,6.65e-05
ABCB7,0.244,6.79e-06,6.67e-05
ERBB2,-0.565,6.81e-06,6.69e-05
EEIG2,-0.612,6.84e-06,6.71e-05
GIMAP4,-0.616,6.84e-06,6.71e-05
TP53I11,-0.707,6.86e-06,6.73e-05
IRF3,-0.58,6.87e-06,6.74e-05
AP5B1,-0.383,6.88e-06,6.74e-05
CD300LG,-1.31,6.9e-06,6.75e-05
ALDH3A2,0.374,6.89e-06,6.75e-05
LOC107985862,0.92,6.91e-06,6.76e-05
SEC63,0.311,6.93e-06,6.78e-05
IGHG1,-1.17,6.95e-06,6.8e-05
PFKM,-0.283,6.97e-06,6.81e-05
SLC2A12,0.576,7e-06,6.83e-05
MAD2L2,-0.695,6.99e-06,6.83e-05
ABCC10,-0.484,7.04e-06,6.87e-05
CHTF18,-1.19,7.05e-06,6.88e-05
CLCN3,0.202,7.07e-06,6.88e-05
METTL25,0.324,7.05e-06,6.88e-05
TNFRSF11A,-0.621,7.07e-06,6.88e-05
MXD4,-0.778,7.05e-06,6.88e-05
FXN,0.316,7.08e-06,6.89e-05
BRMS1,-0.6,7.11e-06,6.9e-05
KIDINS220,0.154,7.11e-06,6.9e-05
FAM110B,0.283,7.1e-06,6.9e-05
LOC107985524,0.537,7.11e-06,6.9e-05
SMARCB1,-0.42,7.1e-06,6.9e-05
ZCCHC8,0.189,7.1e-06,6.9e-05
GPX1,-0.927,7.17e-06,6.95e-05
IGKV2D-28,-1.02,7.16e-06,6.95e-05
USP47,0.216,7.17e-06,6.96e-05
METRNL,-0.998,7.2e-06,6.97e-05
GFM2,0.28,7.21e-06,6.98e-05
CHST3,-0.597,7.22e-06,6.99e-05
ACTR1A,-0.388,7.24e-06,7.01e-05
TANC1,-0.357,7.29e-06,7.05e-05
MYL6B,-0.569,7.29e-06,7.05e-05
ASH1L,0.195,7.29e-06,7.05e-05
PRH1-PRR4,0.337,7.29e-06,7.05e-05
NKG7,-0.86,7.31e-06,7.06e-05
MAEL,1.15,7.33e-06,7.07e-05
RPRD2,0.176,7.34e-06,7.08e-05
PSMB8-AS1,-0.436,7.36e-06,7.1e-05
YAE1,0.281,7.37e-06,7.1e-05
LOC105375434,0.627,7.39e-06,7.11e-05
PADI2,-0.958,7.37e-06,7.11e-05
C10ORF126,1.29,7.39e-06,7.12e-05
LOC105378748,0.65,7.43e-06,7.15e-05
KCND3,0.32,7.43e-06,7.15e-05
MAX,0.4205334,1.32e-08,7.16e-05
MID1,-0.536,7.45e-06,7.16e-05
MAP7,0.214,7.45e-06,7.16e-05
PIGN,0.238,7.51e-06,7.22e-05
RHOT2,-0.745,7.51e-06,7.22e-05
SSNA1,-1.0,7.55e-06,7.24e-05
SUSD1,-0.482,7.54e-06,7.24e-05
NELL2,-0.884,7.56e-06,7.25e-05
TIGD6,0.266,7.58e-06,7.27e-05
CLIC6,-1.08,7.59e-06,7.27e-05
HMGA1,-0.821,7.61e-06,7.29e-05
CCL24,-1.46,7.69e-06,7.37e-05
RAB4B,-0.67,7.71e-06,7.38e-05
OLFML3,-0.507,7.71e-06,7.38e-05
ANXA10,0.488,7.72e-06,7.38e-05
LAMA3,-0.562,7.74e-06,7.39e-05
HGF,-0.665,7.73e-06,7.39e-05
HORMAD2-AS1,0.726,7.75e-06,7.4e-05
DBI,0.392,7.79e-06,7.44e-05
RAP1GAP,-0.755,7.83e-06,7.46e-05
ABI3,-0.634,7.83e-06,7.46e-05
CARD19,-0.828,7.82e-06,7.46e-05
CACNB2,0.513,7.84e-06,7.47e-05
GPM6B,0.51,7.86e-06,7.49e-05
NGFR,-0.539,7.89e-06,7.5e-05
IGLC2,-1.14,7.87e-06,7.5e-05
PRDM1,-0.779,7.89e-06,7.5e-05
RNF157,-0.777,7.88e-06,7.5e-05
MYO15B,-0.635,7.93e-06,7.53e-05
ATXN7,0.181,7.96e-06,7.56e-05
GCSH,0.427,7.98e-06,7.58e-05
RALGPS2,0.394,8e-06,7.59e-05
RPS28,-0.865,8e-06,7.59e-05
ETS1,-0.365,8.01e-06,7.59e-05
TMEM30A-DT,0.572,8.04e-06,7.62e-05
TASL,-0.628,8.05e-06,7.63e-05
CRADD,0.241,8.08e-06,7.65e-05
SYTL1,-1.02,8.12e-06,7.69e-05
SERPINB9-AS1,-0.608,8.14e-06,7.7e-05
DPYSL3,-0.893,8.13e-06,7.7e-05
PTPA,-0.501,8.17e-06,7.72e-05
B3GNTL1,-0.483,8.18e-06,7.73e-05
NAT2,0.505,8.2e-06,7.74e-05
CLEC2D,-0.559,8.19e-06,7.74e-05
CLCF1,-0.981,8.24e-06,7.78e-05
EGLN2,-0.661,8.27e-06,7.8e-05
CREB5,-0.878,8.34e-06,7.86e-05
CCND2,-0.581,8.33e-06,7.86e-05
RGS3,-0.595,8.36e-06,7.87e-05
ANKAR,0.369,8.37e-06,7.87e-05
MYO7A,-0.486,8.36e-06,7.87e-05
P3H3,-0.898,8.35e-06,7.87e-05
SLC38A4,0.476,8.39e-06,7.88e-05
EHMT2,-0.546,8.37e-06,7.88e-05
XRCC5,0.292,8.4e-06,7.89e-05
PTOV1-AS2,-0.645,8.39e-06,7.89e-05
NR3C1,0.24,8.41e-06,7.9e-05
VAPB,0.246,8.41e-06,7.9e-05
PPP2R3B,-0.7,8.42e-06,7.9e-05
ATP23,0.472,8.44e-06,7.91e-05
FRMD8,-0.53,8.43e-06,7.91e-05
ARHGEF17,-0.579,8.45e-06,7.92e-05
EGFL7,-1.09,8.49e-06,7.95e-05
FMO4,0.414,8.49e-06,7.95e-05
YAF2,0.43505624,2.7e-08,7.95e-05
CXCR3,-0.4427559,2.63e-08,7.95e-05
ARHGEF12,0.43798028,2.63e-08,7.95e-05
HMGN1,-0.73747604,1.75e-08,7.95e-05
ZNF514,-0.309636,2.42e-08,7.95e-05
SGK3,0.72121765,2.01e-08,7.95e-05
DMAC2L,0.252,8.52e-06,7.98e-05
MMD,-0.622,8.53e-06,7.98e-05
NET1,0.316,8.53e-06,7.98e-05
ANO9,-0.682,8.57e-06,8.01e-05
CD7,-1.13,8.58e-06,8.01e-05
ZSWIM5,0.599,8.57e-06,8.01e-05
NCRNA00250,0.994,8.58e-06,8.01e-05
ID4,-1.34,8.64e-06,8.05e-05
POLR3G,0.441,8.63e-06,8.05e-05
HDGFL3,-0.554,8.64e-06,8.05e-05
MSL2,0.204,8.64e-06,8.05e-05
RGL3,-0.528,8.68e-06,8.08e-05
MTX3,0.216,8.67e-06,8.08e-05
RBM42,-0.729,8.69e-06,8.09e-05
NCDN,-0.64,8.78e-06,8.17e-05
LRRTM3,0.943,8.8e-06,8.18e-05
CRACR2A,-0.406,8.79e-06,8.18e-05
LOC105370756,0.609,8.81e-06,8.19e-05
FAR1,-0.475,8.83e-06,8.2e-05
MFNG,-0.788,8.85e-06,8.22e-05
IGKV1-39,-1.12,8.86e-06,8.22e-05
GNL1,-0.324,8.89e-06,8.24e-05
ARSA,-0.683,8.89e-06,8.24e-05
DKK3,-0.832,8.88e-06,8.24e-05
IGKJ2,-1.19,8.96e-06,8.3e-05
MTIF3,0.17,8.96e-06,8.3e-05
U2SURP,0.239,8.96e-06,8.3e-05
LOC107987281,-1.38,8.98e-06,8.31e-05
LUC7L2,0.218,9e-06,8.33e-05
CROCC,-0.708,9.03e-06,8.35e-05
CCDC80,-1.08,9.04e-06,8.36e-05
SLC25A45,-0.53,9.05e-06,8.36e-05
FKTN,0.233,9.06e-06,8.36e-05
ID1,-1.06,9.08e-06,8.38e-05
LINC02606,-0.783,9.1e-06,8.39e-05
PTGER2,-0.774,9.11e-06,8.4e-05
PLAC4,-0.737,9.12e-06,8.41e-05
PPP2R5B,-0.438,9.12e-06,8.41e-05
ERICH2,0.489,9.14e-06,8.42e-05
H4C4,-0.843,9.18e-06,8.46e-05
SLC29A4,-1.16,9.21e-06,8.48e-05
PRRT3,-0.707,9.23e-06,8.49e-05
WDR1,-0.471,9.26e-06,8.51e-05
DIRAS3,0.549,9.28e-06,8.52e-05
SLC26A9-AS1,-0.95,9.27e-06,8.52e-05
GYS2,0.413,9.32e-06,8.55e-05
ZNF470,0.337,9.31e-06,8.55e-05
PIK3C3,0.192,9.38e-06,8.61e-05
WWP1-AS1,0.452,9.39e-06,8.62e-05
H4C14,-1.17,9.45e-06,8.67e-05
LUZP1,-0.302,9.46e-06,8.67e-05
LOC105369355,0.57,9.47e-06,8.68e-05
MCM10,-1.0,9.47e-06,8.68e-05
LOC112268426,-1.19,9.49e-06,8.69e-05
ATP10A,-0.681,9.53e-06,8.72e-05
ROR2,-1.1,9.54e-06,8.73e-05
LOC105369908,1.19,9.56e-06,8.74e-05
LAT,-0.734,9.57e-06,8.75e-05
RPL18A,-0.722,9.64e-06,8.8e-05
TRIB2,-0.398,9.64e-06,8.8e-05
HOMER3,-0.744,9.67e-06,8.83e-05
AQP11,0.393,9.68e-06,8.83e-05
PSME4,0.54195482,3.44e-08,8.83e-05
CXCL12,-0.401,9.69e-06,8.83e-05
LIMA1,-0.33,9.75e-06,8.89e-05
KCNN4,-1.06,9.77e-06,8.9e-05
GPC4,-0.828,9.79e-06,8.92e-05
MCRIP1,-1.07,9.81e-06,8.93e-05
PRKAG2,0.371,9.82e-06,8.94e-05
OCIAD1-AS1,0.401,9.85e-06,8.96e-05
CREBBP,0.48676513,4.8e-08,9.01e-05
COG5,-0.38086929,4.8e-08,9.01e-05
DSCAM,0.68603284,4.69e-08,9.01e-05
TRAF4,-0.26376175,4.67e-08,9.01e-05
MTX2,-0.33444218,4.55e-08,9.01e-05
ITPKC,-0.655,9.93e-06,9.03e-05
TRNP1,-0.999,9.93e-06,9.03e-05
GPR158,1.0,9.95e-06,9.04e-05
CD86,-0.707,9.98e-06,9.07e-05
TECPR1,-0.615,1e-05,9.08e-05
SMARCA1,0.307,1e-05,9.08e-05
REC8,-0.505,1e-05,9.09e-05
MASTL,0.273,1.01e-05,9.17e-05
LOC100505985,0.742,1.01e-05,9.17e-05
CDH6,-0.924,1.01e-05,9.18e-05
NME3,-1.28,1.02e-05,9.21e-05
USH2A,0.761,1.02e-05,9.21e-05
DPP7,-1.04,1.02e-05,9.21e-05
HYCC1,0.225,1.02e-05,9.23e-05
ZNF407,0.227,1.03e-05,9.28e-05
ZNF268,0.239,1.03e-05,9.3e-05
UGT2A1,1.35,1.03e-05,9.3e-05
ACTRT1,0.47456992,5.32e-08,9.33e-05
PLD1,0.31,1.03e-05,9.34e-05
ICOSLG,-0.654,1.03e-05,9.34e-05
GPRASP2,0.229,1.04e-05,9.35e-05
MBLAC2,0.366,1.04e-05,9.36e-05
LOC107985977,0.533,1.04e-05,9.39e-05
SCN1A-AS1,0.543,1.05e-05,9.45e-05
CFL1,-0.598,1.05e-05,9.49e-05
FBXO17,-0.413,1.05e-05,9.49e-05
LOC100505918,0.7,1.06e-05,9.51e-05
UNC119,-0.774,1.06e-05,9.51e-05
EXD3,-0.817,1.06e-05,9.52e-05
TUBGCP6,-0.598,1.06e-05,9.52e-05
CHMP1A,-0.67,1.06e-05,9.57e-05
CNOT1,0.261,1.07e-05,9.64e-05
FARP1,0.48766679,5.75e-08,9.67e-05
LRIF1,0.249,1.08e-05,9.67e-05
MCRS1,-0.548,1.08e-05,9.71e-05
SCYL3,0.229,1.08e-05,9.72e-05
SIGLEC10-AS1,-0.855,1.09e-05,9.73e-05
PRKCA,0.258,1.09e-05,9.73e-05
SOX9-AS1,-0.805,1.09e-05,9.73e-05
CENPF,-0.564,1.09e-05,9.79e-05
TBL3,-0.83,1.09e-05,9.79e-05
AGGF1,0.212,1.1e-05,9.8e-05
ST7,0.28,1.1e-05,9.81e-05
IL10,-1.32,1.1e-05,9.84e-05
ADAMTS7,-0.873,1.11e-05,9.88e-05
ENOSF1,0.285,1.11e-05,9.9e-05
UGT2A2,1.36,1.11e-05,9.93e-05
FZD1,-0.482,1.11e-05,9.94e-05
LOC399975,0.464,1.11e-05,9.94e-05
SCAF1,-0.751,1.12e-05,9.95e-05
KLRK1,-0.589,1.12e-05,9.95e-05
MCFD2,0.374,1.12e-05,9.96e-05
TMEM17,0.404,1.13e-05,0.0001
CCDC88C,-0.468,1.13e-05,0.0001
GTF3C3,0.219,1.13e-05,0.0001
N4BP2,0.302,1.12e-05,0.0001
UBXN4,0.257,1.13e-05,0.0001
FBXW7,0.19,1.13e-05,0.0001
PYROXD2,-0.656,1.13e-05,0.0001
ELP2,0.216,1.14e-05,0.000101
C15ORF39,-0.728,1.14e-05,0.000101
RNF207,-0.391,1.13e-05,0.000101
TOMM70,0.28,1.13e-05,0.000101
SELENOM,-1.05,1.13e-05,0.000101
CCNG1,0.395,1.14e-05,0.000101
DENND3-AS1,-0.805,1.14e-05,0.000101
CELF1,0.192,1.15e-05,0.000102
NUDT16L1,-0.646,1.16e-05,0.000102
GLYAT,0.49,1.16e-05,0.000102
GJA5,-1.13,1.16e-05,0.000103
LINC01725,0.588,1.17e-05,0.000103
MALINC1,0.356,1.17e-05,0.000104
PALM,-0.992,1.18e-05,0.000104
PNPLA6,-0.761,1.17e-05,0.000104
AHCTF1,0.47719817,6.66e-08,0.0001049
PTPN6,-0.575,1.19e-05,0.000105
HS3ST3B1,0.406,1.19e-05,0.000105
ARAP3,-0.521,1.2e-05,0.000105
CD163L1,-0.59,1.19e-05,0.000105
SEC24B,0.4,1.19e-05,0.000105
ACE,-0.768,1.19e-05,0.000105
SIRT6,-0.927,1.19e-05,0.000105
XYLB,0.389,1.2e-05,0.000105
TM4SF1,-0.759,1.2e-05,0.000105
HELLS,-0.561,1.19e-05,0.000105
ZNF486,-0.533,1.19e-05,0.000105
GJA4,-0.695,1.21e-05,0.000106
COL4A3,-0.83,1.21e-05,0.000106
AMDHD2,-0.881,1.2e-05,0.000106
GINS4,-0.555,1.22e-05,0.000107
EPB41L3,-0.641,1.21e-05,0.000107
IGHJ6,-1.2,1.21e-05,0.000107
CHN2,0.327,1.22e-05,0.000107
FDXR,-0.783,1.23e-05,0.000108
NCOA7-AS1,0.619,1.23e-05,0.000108
ZYG11A,0.713,1.23e-05,0.000108
SUMF2,-0.351,1.24e-05,0.000109
MB21D2,-0.889,1.25e-05,0.000109
ARHGAP12,0.241,1.24e-05,0.000109
STAC,-0.737,1.25e-05,0.000109
ERCC4,0.223,1.25e-05,0.000109
NOD2,-0.584,1.25e-05,0.000109
ARPC4,-0.384,1.26e-05,0.00011
USP34,0.252,1.27e-05,0.00011
KCTD3,0.278,1.27e-05,0.00011
LOC105369299,0.823,1.26e-05,0.00011
HELZ2,-0.92,1.26e-05,0.00011
NEDD4L,-0.415,1.25e-05,0.00011
SLC7A5P2,-0.668,1.25e-05,0.00011
ZBTB37,0.273,1.26e-05,0.00011
LOC105369719,0.642,1.28e-05,0.000111
LOC105378816,0.578,1.27e-05,0.000111
LINC02198,0.518,1.27e-05,0.000111
ZNF429,0.34,1.29e-05,0.000112
LOC102724261,0.684,1.29e-05,0.000112
CD302,0.375,1.28e-05,0.000112
CHPF,-0.944,1.28e-05,0.000112
DCHS1,-0.744,1.29e-05,0.000112
TCFL5,0.253,1.29e-05,0.000112
PVT1,-0.777,1.3e-05,0.000113
ZC3H11C,0.269,1.3e-05,0.000113
CUEDC1,-0.611,1.31e-05,0.000113
APOBEC3B,-0.686,1.31e-05,0.000113
RAP1GAP2,-0.471,1.3e-05,0.000113
ACAD11,0.29,1.31e-05,0.000113
GLYATL1,0.352,1.3e-05,0.000113
DLL1,-0.829,1.31e-05,0.000113
C10ORF55,-1.05,1.32e-05,0.000114
ZNF382,-0.579,1.32e-05,0.000114
GTF2H1,0.234,1.32e-05,0.000114
PTTG1,-0.891,1.32e-05,0.000114
SCARNA12,-0.685,1.32e-05,0.000114
SLC16A5,-0.669,1.33e-05,0.000115
ISG15,-1.44,1.34e-05,0.000116
SHPRH,0.3,1.35e-05,0.000116
RNF103,0.273,1.34e-05,0.000116
LOC101927845,1.04,1.35e-05,0.000117
ABHD17A,-0.603,1.36e-05,0.000117
SPAG16,0.249,1.35e-05,0.000117
BIRC6,0.292,1.36e-05,0.000117
ZBTB44,0.225,1.36e-05,0.000117
FAF1,0.172,1.36e-05,0.000117
ALDH1A3,-0.788,1.37e-05,0.000118
CLXN,0.88,1.39e-05,0.000119
H2AC18,-1.12,1.38e-05,0.000119
IGKV1D-39,-1.09,1.38e-05,0.000119
PLEKHM1P1,-0.421,1.4e-05,0.00012
NFYC-AS1,0.407,1.4e-05,0.00012
MBIP,0.281,1.39e-05,0.00012
DCAF15,-0.782,1.41e-05,0.000121
MTHFD1,0.36,1.41e-05,0.000121
RNH1,-0.923,1.41e-05,0.000121
TAF1C,-0.567,1.43e-05,0.000122
SS18L1,0.296,1.42e-05,0.000122
SLC17A3,0.548,1.43e-05,0.000122
DNMBP,0.222,1.43e-05,0.000122
CTU2,-0.831,1.42e-05,0.000122
PRH1,0.378,1.43e-05,0.000122
ZNF205,-0.786,1.43e-05,0.000122
ETFRF1,0.361,1.42e-05,0.000122
ATP6AP1L,0.491,1.43e-05,0.000122
PPM1F,-0.586,1.44e-05,0.000123
AFF3,0.373,1.44e-05,0.000123
ZNF703,-0.892,1.45e-05,0.000123
ZNF37A,0.243,1.44e-05,0.000123
BANF1,-0.52394169,8.55e-08,0.0001232
TRIT1,0.26,1.46e-05,0.000124
ZGLP1,-0.813,1.45e-05,0.000124
SRPX,-0.6,1.46e-05,0.000124
MYO1C,-0.609,1.45e-05,0.000124
EVC,-0.724,1.45e-05,0.000124
NAALADL1,-0.856,1.46e-05,0.000124
MAPK3,-0.678,1.47e-05,0.000125
ATF2,0.206,1.47e-05,0.000125
RESF1,0.305,1.47e-05,0.000125
PTBP2,0.314,1.48e-05,0.000126
TAOK2,-0.444,1.49e-05,0.000126
HSD17B3-AS1,0.711,1.49e-05,0.000126
ACYP2,0.237,1.48e-05,0.000126
PDGFRA,-0.71,1.49e-05,0.000126
LOC105371480,-0.731,1.48e-05,0.000126
CAPN2,-0.471,1.48e-05,0.000126
LOC105373903,0.689,1.5e-05,0.000127
ATF6-DT,0.666,1.5e-05,0.000127
TFPT,-0.649,1.51e-05,0.000127
CSK,-0.591,1.49e-05,0.000127
DIS3,0.26,1.51e-05,0.000127
TMEM165,-0.342,1.5e-05,0.000127
RNLS,0.38,1.51e-05,0.000127
TLCD4-RWDD3,0.363,1.51e-05,0.000128
DENND5A,-0.234,1.51e-05,0.000128
FAAP100,-0.91,1.51e-05,0.000128
IGKC,-0.966,1.52e-05,0.000128
SHKBP1,-0.67,1.52e-05,0.000128
LOC105375200,0.966,1.52e-05,0.000129
TMEM86A,-0.334,1.53e-05,0.000129
ELAPOR2,-0.763,1.55e-05,0.00013
CSF3R,-0.806,1.54e-05,0.00013
MCOLN1,-0.764,1.55e-05,0.00013
HORMAD2,0.932,1.54e-05,0.00013
SNX8,-0.598,1.54e-05,0.00013
MTARC2,0.359,1.55e-05,0.00013
TAL1,-0.584,1.54e-05,0.00013
DRAM1,-0.425,1.55e-05,0.00013
HDAC6,-0.388,1.56e-05,0.000131
PRR5,-0.744,1.56e-05,0.000131
METTL9,-0.382,1.56e-05,0.000131
TMEM192,0.308,1.58e-05,0.000132
BMP2,-0.608,1.57e-05,0.000132
TBX2,-0.749,1.57e-05,0.000132
SUGT1,0.214,1.59e-05,0.000133
TMEM131L,0.331,1.59e-05,0.000133
PML,-0.533,1.59e-05,0.000133
CD300E,-0.803,1.6e-05,0.000134
PCBP2,0.314,1.6e-05,0.000134
IGIP,0.25,1.61e-05,0.000134
TGM2,-0.96,1.6e-05,0.000134
NUDT18,-0.657,1.6e-05,0.000134
IGHV4-34,-1.22,1.61e-05,0.000135
BAG2,0.261,1.61e-05,0.000135
DHX37,-0.589,1.61e-05,0.000135
MTAP,0.187,1.62e-05,0.000135
EBAG9,0.264,1.63e-05,0.000136
FASTKD2,0.252,1.63e-05,0.000136
PRKCQ-AS1,-0.46913429,1.02e-07,0.0001367
NR5A2,0.81777937,1.06e-07,0.0001367
SERBP1,0.43545247,9.95e-08,0.0001367
LINC02593,-1.08,1.65e-05,0.000137
TMC4,-1.12,1.64e-05,0.000137
C1ORF216,-0.439,1.65e-05,0.000137
GPX8,-0.673,1.64e-05,0.000137
SLC25A13,0.325,1.64e-05,0.000137
SIT1,-1.01,1.65e-05,0.000138
CYP3A43,0.877,1.67e-05,0.000139
AP5Z1,-0.729,1.68e-05,0.000139
AK1,-0.614,1.68e-05,0.00014
LOC107985506,-1.28,1.68e-05,0.00014
ADAM8,-0.68,1.69e-05,0.00014
B3GAT3,-0.791,1.69e-05,0.00014
SLITRK3,1.25,1.7e-05,0.000141
VWA7,-0.614,1.71e-05,0.000141
WNT4,-0.566,1.7e-05,0.000141
NTMT1,-0.626,1.71e-05,0.000142
NUDT22,-0.732,1.72e-05,0.000142
FOXC1,-1.21,1.71e-05,0.000142
MCM6,-0.511,1.71e-05,0.000142
AP1B1,-0.555,1.72e-05,0.000142
SLC9A3-AS1,-0.867,1.71e-05,0.000142
CSNK1D,-0.39,1.71e-05,0.000142
CWC25,0.54733973,1.2e-07,0.0001429
HNRNPAB,-0.327,1.72e-05,0.000143
SNORA77B,-1.14,1.73e-05,0.000143
LINC01979,-1.42,1.72e-05,0.000143
LOC105369720,0.549,1.73e-05,0.000143
TUBGCP3,0.208,1.75e-05,0.000144
SLX4IP,0.232,1.75e-05,0.000144
CSNK1G3,0.289,1.74e-05,0.000144
ST7L,0.216,1.74e-05,0.000144
BUB1,-0.819,1.74e-05,0.000144
ZDHHC7,-0.284,1.75e-05,0.000144
PTGS1,-0.45,1.75e-05,0.000144
GRN,-0.896,1.76e-05,0.000145
LDAF1,-0.787,1.76e-05,0.000145
PTGIR,-0.479,1.77e-05,0.000145
DCK,-0.475,1.77e-05,0.000146
FASN,-0.974,1.77e-05,0.000146
ARRDC3,0.603,1.79e-05,0.000147
LRSAM1,-0.455,1.79e-05,0.000147
LGALS1,-0.725,1.81e-05,0.000148
F3,-1.1,1.81e-05,0.000148
DNAH14,0.33,1.81e-05,0.000148
GPIHBP1,-1.04,1.81e-05,0.000148
SCN3A,0.532,1.81e-05,0.000148
RPLP2,-0.603,1.8e-05,0.000148
CDC7,-0.68,1.8e-05,0.000148
FGGY-DT,0.533,1.8e-05,0.000148
SGIP1,-0.803,1.81e-05,0.000149
USP31,0.262,1.82e-05,0.000149
CAV2,-0.49,1.83e-05,0.00015
NIPAL1,0.526,1.83e-05,0.00015
LOC107986152,0.449,1.84e-05,0.000151
IDNK,0.377,1.85e-05,0.000151
LOC107985304,0.2,1.85e-05,0.000151
ABALON,-0.454,1.84e-05,0.000151
SLC22A17,-0.804,1.84e-05,0.000151
LENG8,-0.565,1.86e-05,0.000152
LINC01285,0.654,1.87e-05,0.000152
SAC3D1,-0.755,1.86e-05,0.000152
HIC1,-0.461,1.87e-05,0.000152
LOC105370594,0.492,1.86e-05,0.000152
HYLS1,0.298,1.87e-05,0.000153
DHRS4-AS1,0.46,1.88e-05,0.000153
SGSH,-0.474,1.88e-05,0.000153
CDK19,0.228,1.89e-05,0.000153
GRK6,-0.678,1.87e-05,0.000153
ATN1,-0.548,1.88e-05,0.000153
RGL1,-0.432,1.88e-05,0.000153
LOC105373680,0.628,1.88e-05,0.000153
TYRO3,-0.578,1.88e-05,0.000153
TMEM116,0.288,1.88e-05,0.000153
PCDHGC3,-0.39,1.9e-05,0.000154
ABCF2,-0.324,1.89e-05,0.000154
CLEC14A,-0.678,1.89e-05,0.000154
B3GNT7,-0.875,1.9e-05,0.000154
PHOSPHO1,-0.644,1.9e-05,0.000154
PPP3CB-AS1,0.281,1.9e-05,0.000154
LMNTD2,-0.789,1.89e-05,0.000154
ESS2,-0.507,1.9e-05,0.000154
PFN1,-0.66321179,1.33e-07,0.0001546
PPAN-P2RY11,-0.849,1.91e-05,0.000155
SFRP4,-1.52,1.92e-05,0.000155
LMBRD1,0.3,1.93e-05,0.000156
LOC101926944,0.669,1.93e-05,0.000156
SIRPA,-0.619,1.92e-05,0.000156
MAN1A2,0.258,1.95e-05,0.000157
CCT6B,0.478,1.94e-05,0.000157
HTD2,0.267,1.95e-05,0.000157
RPL13,-0.495,1.95e-05,0.000157
GRB14,0.401,1.95e-05,0.000157
CEP131,-0.968,1.96e-05,0.000158
ATG2B,0.264,1.96e-05,0.000158
UGT1A5,0.453,1.98e-05,0.000159
CTNNA3,0.77,1.97e-05,0.000159
ZKSCAN5,0.139,1.98e-05,0.000159
PFKL,-0.847,1.98e-05,0.00016
HSD17B11,0.489,1.99e-05,0.00016
NAT9,-0.375,1.99e-05,0.00016
ATP8A2,0.27747679,1.52e-07,0.0001604
HMG20B,0.32306404,1.51e-07,0.0001604
PRAME,0.53222909,1.58e-07,0.0001604
DYNLRB1,-0.56677994,1.44e-07,0.0001604
ERBB4,0.45564045,1.57e-07,0.0001604
LINC01503,-0.996,2e-05,0.000161
FLYWCH1,-0.773,2.01e-05,0.000161
STRN4,-0.587,2e-05,0.000161
UGT1A7,0.444,2e-05,0.000161
SEC14L1,-0.349,2.01e-05,0.000161
ADCK1,-0.364,2.01e-05,0.000161
RBAK,0.234,2.01e-05,0.000162
NUDT13,0.348,2.03e-05,0.000162
ZBTB5,0.198,2.01e-05,0.000162
ARHGEF6,-0.363,2.02e-05,0.000162
LRPPRC,0.262,2.01e-05,0.000162
MCEE,0.375,2.03e-05,0.000162
IGKV1-33,-1.09,2.03e-05,0.000163
ATP8B2,-0.547,2.03e-05,0.000163
ZNF543,-0.245,2.03e-05,0.000163
GFI1,-0.533,2.04e-05,0.000163
PROCR,-0.591,2.03e-05,0.000163
SLC26A6,-0.577,2.05e-05,0.000163
NCF1B,-0.765,2.04e-05,0.000163
PCDH20,1.09,2.04e-05,0.000163
IGLV1-44,-1.09,2.05e-05,0.000164
SLC6A9,-0.806,2.06e-05,0.000164
HRAS,-0.797,2.05e-05,0.000164
SC5D,0.596,2.05e-05,0.000164
CYP3A5,0.439,2.06e-05,0.000164
CCDC9,-0.589,2.08e-05,0.000165
MYL12-AS1,-0.488,2.08e-05,0.000165
PIGS,-0.301,2.07e-05,0.000165
CPEB2,0.287,2.07e-05,0.000165
PTCD3,0.189,2.07e-05,0.000165
LOC400499,-0.641,2.08e-05,0.000165
KIAA1522,-0.486,2.07e-05,0.000165
WDR5B,0.29,2.08e-05,0.000165
PHACTR4,0.25,2.09e-05,0.000166
KIF26A,-1.11,2.09e-05,0.000166
H2AC11,-1.14,2.1e-05,0.000167
LOC105371981,-0.882,2.11e-05,0.000167
PEAR1,-0.465,2.11e-05,0.000167
SLC9A5,-0.829,2.1e-05,0.000167
NFIB,0.183,2.1e-05,0.000167
UNC13D,-0.787,2.1e-05,0.000167
STAT5A,-0.405,2.11e-05,0.000167
RPL7,-0.50074027,1.71e-07,0.0001671
EVI5,0.253,2.11e-05,0.000168
LAMC2,-1.21,2.13e-05,0.000168
EMBP1,0.369,2.12e-05,0.000168
RHBDD1,0.169,2.12e-05,0.000168
CANT1,-0.348,2.13e-05,0.000168
GJD3,-0.579,2.13e-05,0.000168
PGF,-0.744,2.14e-05,0.000169
MFHAS1,-0.292,2.13e-05,0.000169
INPP5E,-0.451,2.14e-05,0.000169
RNF146,0.231,2.14e-05,0.000169
LOC105377351,1.61,2.13e-05,0.000169
GIT1,-0.636,2.13e-05,0.000169
SLC52A2,-0.908,2.13e-05,0.000169
AHCTF1P1,0.237,2.17e-05,0.000171
ALPK3,-0.566,2.18e-05,0.000172
GPR4,-0.823,2.18e-05,0.000172
RNR2,-1.48,2.18e-05,0.000172
PRR14,-0.449,2.18e-05,0.000172
PTGR2,0.302,2.19e-05,0.000173
AMER1,0.366,2.2e-05,0.000173
CYB5D1,0.232,2.2e-05,0.000173
EPC1,0.222,2.2e-05,0.000173
ARHGEF39,-0.458,2.21e-05,0.000174
ND1,-0.819,2.22e-05,0.000174
CYB561D2,-0.551,2.22e-05,0.000174
UPF2,0.238,2.22e-05,0.000174
PAQR5,-0.718,2.23e-05,0.000175
POLD1,-0.828,2.25e-05,0.000176
PROX1-AS1,0.338,2.25e-05,0.000176
SELL,-0.588,2.25e-05,0.000176
ZNF496,-0.245,2.25e-05,0.000176
IFIT1,0.491,2.25e-05,0.000176
IFNGR2,-0.337,2.25e-05,0.000176
GPC1,-0.923,2.24e-05,0.000176
GPR88,1.04,2.26e-05,0.000177
CACNA1C-AS4,0.32867261,1.85e-07,0.000177
KLHL15,0.83631166,1.92e-07,0.0001776
PTPRH,-0.691,2.28e-05,0.000179
NUAK2,-0.667,2.29e-05,0.000179
F5,0.342,2.29e-05,0.000179
UPP1,-0.605,2.28e-05,0.000179
RPLP1,-0.734,2.31e-05,0.00018
SLC7A6,-0.301,2.3e-05,0.00018
SLC31A1,0.335,2.31e-05,0.00018
PTDSS2,-0.42,2.3e-05,0.00018
ZNF513,-0.67,2.32e-05,0.000181
DTWD1,0.294,2.33e-05,0.000181
DNLZ,-0.957,2.33e-05,0.000181
KLRC4-KLRK1,-0.572,2.32e-05,0.000181
TNF,-0.936,2.33e-05,0.000181
BMP5,-0.59255796,2.15e-07,0.0001819
SMOX,0.28038816,2.09e-07,0.0001819
LILRB3,-0.559,2.33e-05,0.000182
PI4K2A,-0.36,2.37e-05,0.000184
PLPPR2,-0.544,2.36e-05,0.000184
FBXW5,-1.15,2.36e-05,0.000184
HLA-G,-0.872,2.38e-05,0.000185
PLCXD2,0.31,2.38e-05,0.000185
LOC105378863,0.625,2.37e-05,0.000185
GATAD2A,-0.451,2.37e-05,0.000185
C11ORF54,0.308,2.39e-05,0.000186
PHKB,0.21,2.42e-05,0.000187
RBM3,-0.31,2.41e-05,0.000187
ARL4A,-0.457,2.41e-05,0.000187
ZNF468,-0.549,2.42e-05,0.000188
TRABD2B,0.683,2.44e-05,0.000189
LINC02481,-0.765,2.44e-05,0.000189
B4GALT1-AS1,0.476,2.45e-05,0.00019
PHOSPHO2-KLHL23,0.264,2.45e-05,0.00019
HSPB1,-1.07,2.45e-05,0.00019
ERICH5,-0.56404032,2.53e-07,0.0001914
PLCE1,-0.298824,2.49e-07,0.0001914
CETP,1.33979333,2.47e-07,0.0001914
ACKR1,-1.26388263,2.46e-07,0.0001914
AKR1B10,-3.74105556,2.63e-07,0.0001918
LRFN5,1.91,2.48e-05,0.000192
LMAN2L,0.232,2.48e-05,0.000192
ZMIZ1,-0.413,2.48e-05,0.000192
CHD4,-0.212,2.5e-05,0.000193
DAB2,-0.499,2.5e-05,0.000193
GRAMD1B,-0.549,2.49e-05,0.000193
CYP3A7,-2.27076228,2.7e-07,0.0001936
GOLGA3,-0.303,2.51e-05,0.000194
DNAAF9,-0.307,2.52e-05,0.000194
VMO1,-1.41,2.51e-05,0.000194
MIA-RAB4B,-0.602,2.52e-05,0.000194
ST7-AS2,0.335,2.52e-05,0.000194
LIPF,0.30373695,2.88e-07,0.0001954
CTDSP1,-0.4077661,2.87e-07,0.0001954
HIBADH,0.34,2.54e-05,0.000196
LOC112268467,0.54,2.56e-05,0.000197
RNF217-AS1,0.475,2.56e-05,0.000197
APBA2,-0.685,2.55e-05,0.000197
SDCBP2,-0.753,2.56e-05,0.000197
EPHB3,-0.795,2.56e-05,0.000197
LINC00365,0.533,2.57e-05,0.000197
CDK14,0.239,2.57e-05,0.000197
TMEM232,0.503,2.55e-05,0.000197
ZNF546,0.305,2.58e-05,0.000198
NREP,0.497,2.59e-05,0.000199
ANAPC2,-0.69,2.59e-05,0.000199
GYG2,0.43,2.59e-05,0.000199
UGT1A10,0.461,2.61e-05,0.0002
CUL7,-0.375,2.62e-05,0.000201
GPC6,0.63454201,3.05e-07,0.000201
CDRT15P2,0.4321833,3.02e-07,0.000201
FAM193B,-0.458,2.62e-05,0.000201
DST,1.08750806,3.1e-07,0.000202
LOC101928274,0.445,2.64e-05,0.000202
AGK,0.21,2.63e-05,0.000202
LOC105370854,0.451,2.64e-05,0.000202
PGRMC2,0.37,2.64e-05,0.000202
SERTM1,0.42746949,3.15e-07,0.000202
RBMS1,0.58386966,3.19e-07,0.000202
IL1RAP,0.501,2.68e-05,0.000204
DOCK11,-0.488,2.66e-05,0.000204
SLC22A15,-1.05,2.67e-05,0.000204
H2AC19,-1.11,2.66e-05,0.000204
DCTN2,-0.272,2.66e-05,0.000204
LOC105375006,1.03,2.66e-05,0.000204
LOC105377449,0.444,2.68e-05,0.000205
CCL22,-0.766,2.7e-05,0.000206
POU2F2,-0.433,2.69e-05,0.000206
PZP,0.846,2.7e-05,0.000206
HAS2,-1.15,2.71e-05,0.000206
COA5,0.205,2.72e-05,0.000207
LOC105369487,0.498,2.71e-05,0.000207
C2ORF88,0.4,2.72e-05,0.000207
WNK2,-0.889,2.73e-05,0.000208
H2BC10,-1.08,2.74e-05,0.000208
HOPX,-0.813,2.74e-05,0.000208
ADRA2A,-1.2,2.73e-05,0.000208
SMYD2,-0.235,2.75e-05,0.000209
LOC112267985,0.406,2.75e-05,0.000209
GOLGA2,-0.243,2.76e-05,0.000209
SLC25A6,-0.649,2.77e-05,0.00021
LOC105375245,0.625,2.76e-05,0.00021
HMBOX1,0.221,2.79e-05,0.000211
ZDHHC8,-0.874,2.78e-05,0.000211
UBA6-DT,0.242,2.79e-05,0.000211
MON2,0.282,2.78e-05,0.000211
CD81,-0.658,2.82e-05,0.000213
LOC107985656,0.365,2.8e-05,0.000213
LOC105375228,0.567,2.83e-05,0.000214
COPE,-0.914,2.82e-05,0.000214
CDC42BPG,-0.885,2.84e-05,0.000214
ANO8,-0.639,2.84e-05,0.000214
SLC25A35,-0.466,2.83e-05,0.000214
CYP3A4,0.781,2.82e-05,0.000214
ADPRS,-0.492,2.84e-05,0.000214
EVI2A,-0.487,2.83e-05,0.000214
NCOA2,0.223,2.84e-05,0.000214
H4C5,-0.574,2.85e-05,0.000215
C7,-1.57893936,3.76e-07,0.0002168
ARAF,0.4128124,3.72e-07,0.0002168
CEP170,0.32901473,3.58e-07,0.0002168
SLC35D1,0.288,2.87e-05,0.000217
ZNF430,-0.449,2.88e-05,0.000217
C2CD2L,-0.421,2.87e-05,0.000217
PDE4D,-0.477,2.88e-05,0.000217
WRAP73,-0.503,2.89e-05,0.000217
LOC101927723,-0.59,2.89e-05,0.000217
USP15,0.246,2.87e-05,0.000217
LOC107986699,0.571,2.89e-05,0.000217
AQP4,-0.669,2.88e-05,0.000217
TC2N,-0.725,2.87e-05,0.000217
LMF2,-0.809,2.91e-05,0.000218
GLS,-0.468,2.9e-05,0.000218
FMR1-AS1,0.837,2.9e-05,0.000218
TACSTD2,-1.14,2.92e-05,0.000219
IGHV4-39,-1.17,2.91e-05,0.000219
IDUA,-0.825,2.92e-05,0.000219
NAV2-AS2,-0.572,2.94e-05,0.00022
LRRC1,-0.787,2.93e-05,0.00022
SCARNA17,-0.929,2.92e-05,0.00022
ANKRD42-DT,0.285,2.94e-05,0.000221
TES,-0.483,2.95e-05,0.000221
EMID1,-0.647,2.94e-05,0.000221
NADSYN1,-0.495,2.95e-05,0.000221
LOC107984594,0.867,2.95e-05,0.000221
DNAJC24,0.229,2.98e-05,0.000222
DLG4,-0.464,2.98e-05,0.000222
LETMD1,0.174,2.96e-05,0.000222
CARNMT1,0.304,2.96e-05,0.000222
SLC37A2,-0.677,2.96e-05,0.000222
RAB39B,-0.879,2.97e-05,0.000222
DHX34,-0.38,2.98e-05,0.000222
MAL2-AS1,0.351,2.98e-05,0.000222
UBE4A,0.23,2.97e-05,0.000222
GNB1L,-0.768,2.98e-05,0.000223
OBSCN,-0.753,2.99e-05,0.000223
FMC1-LUC7L2,0.168,2.99e-05,0.000223
RASIP1,-0.742,2.99e-05,0.000223
PJA1,-0.371,3e-05,0.000224
PLCL2,0.245,3.01e-05,0.000224
CD79B,-0.869,3.01e-05,0.000224
EIF5,0.295,3.01e-05,0.000224
STAU2,0.204,3.02e-05,0.000225
VCAM1,-0.685,3.02e-05,0.000225
COL18A1-AS1,-1.06,3.03e-05,0.000225
ATP6V1F,-0.566,3.03e-05,0.000225
SPATA2L,-1.02,3.02e-05,0.000225
IGHG3,-1.18,3.04e-05,0.000226
SNORA105C,0.521,3.05e-05,0.000227
LOC107985010,0.549,3.06e-05,0.000227
DNAJC17,0.41842133,4.27e-07,0.0002271
PPM1L,0.65188008,4.08e-07,0.0002271
MAP3K14,-0.448,3.07e-05,0.000228
TMEM86B,-0.868,3.07e-05,0.000228
HAPSTR1,0.191,3.08e-05,0.000228
TNPO3,0.172,3.07e-05,0.000228
OSBPL9,0.276,3.07e-05,0.000228
HMGN2,-0.74429832,4.4e-07,0.0002288
FZD7,0.61380848,4.41e-07,0.0002288
ZNF702P,-0.678,3.09e-05,0.000229
ADAMTS12,-0.44,3.09e-05,0.000229
TMCC3,-0.493,3.09e-05,0.000229
SH2B1,-0.486,3.1e-05,0.000229
SLC44A1,0.285,3.11e-05,0.00023
SECISBP2L,0.208,3.11e-05,0.00023
TCEA1,0.224,3.12e-05,0.000231
STK39,-0.534,3.13e-05,0.000231
SMC5-DT,0.476,3.14e-05,0.000232
FAM180A,-0.51,3.14e-05,0.000232
SMIM3,-0.868,3.15e-05,0.000233
LOC112268450,0.611,3.15e-05,0.000233
DCLRE1A,0.299,3.17e-05,0.000234
DNM2,-0.409,3.18e-05,0.000235
CORO7-PAM16,-0.694,3.19e-05,0.000236
PPP1R37,-0.736,3.19e-05,0.000236
PPP1R35,-0.796,3.22e-05,0.000237
SNORA44,-0.614,3.23e-05,0.000238
PHACTR2,-0.326,3.25e-05,0.000239
LOC100506606,0.611,3.25e-05,0.000239
SOX7,-0.567,3.26e-05,0.000239
TAS2R30,0.441,3.26e-05,0.000239
CRELD2,-0.559,3.25e-05,0.000239
ZNF431,-0.418,3.26e-05,0.000239
FIBP,-0.418,3.24e-05,0.000239
YJU2B,-0.527,3.26e-05,0.000239
ATP8B3,-0.759,3.25e-05,0.000239
HLA-A,-0.671,3.28e-05,0.00024
MUS81,-0.568,3.26e-05,0.00024
YWHAE,0.287,3.28e-05,0.00024
LOC105373024,-0.681,3.27e-05,0.00024
ACOT7,-0.62,3.28e-05,0.00024
PHLDB2,0.201,3.27e-05,0.00024
RNF213-AS1,-0.433,3.29e-05,0.000241
KPNB1-DT,0.21,3.28e-05,0.000241
XPA,0.238,3.29e-05,0.000241
ZNF595,0.296,3.29e-05,0.000241
PPP6R1,-0.579,3.3e-05,0.000241
SARS2,-0.524,3.3e-05,0.000242
KAT7,0.168,3.3e-05,0.000242
UNC45A,-0.495,3.33e-05,0.000243
COL9A2,-1.01,3.32e-05,0.000243
MAGED2,-0.401,3.32e-05,0.000243
HEYL,-0.684,3.35e-05,0.000245
MEOX1,-1.13,3.38e-05,0.000247
TICAM1,-0.823,3.39e-05,0.000247
LOC105377685,-1.36,3.38e-05,0.000247
FAM184A,0.495,3.38e-05,0.000247
ORAI1,-1.05,3.4e-05,0.000248
GREB1L,0.312,3.4e-05,0.000248
FGD1,-0.425,3.4e-05,0.000248
NT5DC1,0.256,3.41e-05,0.000248
PANK1-AS1,0.712,3.4e-05,0.000248
NFIA-AS1,0.447,3.43e-05,0.000249
LILRB1,-0.591,3.41e-05,0.000249
FBXO11,0.26,3.42e-05,0.000249
KCNN2,0.676,3.44e-05,0.00025
RAD51AP1,-0.622,3.44e-05,0.00025
LOC102724652,-1.15,3.46e-05,0.000251
SMARCD3,-0.47,3.45e-05,0.000251
RNASEH2A,-0.588,3.46e-05,0.000251
LOC105377524,0.675,3.45e-05,0.000251
TMEM217,-0.638,3.45e-05,0.000251
CEBPZOS,0.198,3.46e-05,0.000251
ARHGEF11,-0.241,3.47e-05,0.000252
LOC107986432,0.685,3.47e-05,0.000252
TMEM102,-0.632,3.48e-05,0.000252
RBM19,-0.318,3.47e-05,0.000252
GIPC1,-0.75,3.48e-05,0.000252
BCHE,0.545,3.47e-05,0.000252
APOL6,0.307,3.47e-05,0.000252
RCOR3,0.28,3.5e-05,0.000254
PLSCR4,0.324,3.5e-05,0.000254
SETDB2-PHF11,0.22,3.53e-05,0.000255
SEC62,0.279,3.53e-05,0.000255
IGLJ1,-1.08,3.52e-05,0.000255
ATF7IP,0.179,3.53e-05,0.000255
RBBP5,0.179,3.53e-05,0.000255
NOL9,0.158,3.53e-05,0.000255
PLG,0.341,3.54e-05,0.000256
RAB35,-0.476,3.54e-05,0.000256
ARHGAP27P1,-0.603,3.54e-05,0.000256
LAGE3,-0.712,3.55e-05,0.000256
OCRL,0.22,3.57e-05,0.000257
IGHV4-59,-1.12,3.57e-05,0.000257
PPP1R1A,0.625,3.59e-05,0.000258
CDC5L,0.225,3.58e-05,0.000258
GAL3ST4,-0.884,3.59e-05,0.000258
CRPPA,0.354,3.59e-05,0.000258
LOC107986413,-0.871,3.57e-05,0.000258
IGHV4-61,-1.03,3.58e-05,0.000258
ESAM,-0.636,3.59e-05,0.000258
EFHD2,-0.64,3.58e-05,0.000258
KIAA0232,0.237,3.59e-05,0.000258
FAIM,-0.445,3.6e-05,0.000259
SALL2,-0.552,3.63e-05,0.00026
SLC12A9,-0.684,3.62e-05,0.00026
FBXO25,0.174,3.64e-05,0.000261
ATF7,0.234,3.63e-05,0.000261
OAT,0.73,3.64e-05,0.000261
RELL2,-0.694,3.65e-05,0.000262
KCNA3,-0.615,3.65e-05,0.000262
E2F4,-0.46,3.67e-05,0.000263
COMTD1,-0.822,3.68e-05,0.000264
LOC105372707,-0.748,3.68e-05,0.000264
TAS2R19,0.462,3.68e-05,0.000264
MAP2K4,0.42801566,5.23e-07,0.0002646
LGALS3BP,-1.1465941,5.26e-07,0.0002646
ADGRA3,0.411,3.7e-05,0.000265
FBXO22,0.198,3.71e-05,0.000265
ZMIZ2,-0.506,3.71e-05,0.000265
AMIGO3,-0.855,3.7e-05,0.000265
PAK3,0.21678233,5.44e-07,0.0002653
CHCHD7,0.265,3.73e-05,0.000266
GIMAP8,-0.451,3.73e-05,0.000266
KRT7-AS,-1.01,3.72e-05,0.000266
CLMN,0.337,3.72e-05,0.000266
LINC02609,0.343,3.74e-05,0.000267
TDRP,0.269,3.76e-05,0.000268
PDGFD,-0.743,3.77e-05,0.000269
JAKMIP2-AS1,1.05,3.78e-05,0.000269
UGT1A8,0.45,3.79e-05,0.00027
A1CF,0.372,3.79e-05,0.00027
PUDP,0.344,3.78e-05,0.00027
PUS10,0.281,3.79e-05,0.00027
ZNF747-DT,0.316,3.78e-05,0.00027
MICU2,-0.38406093,5.8e-07,0.0002701
WHAMM,0.62970727,6.03e-07,0.0002701
GATAD1,0.202,3.8e-05,0.000271
BAD,-0.92,3.8e-05,0.000271
WDR90,-0.808,3.82e-05,0.000272
MTHFD2L,0.508,3.82e-05,0.000272
LOC107987302,-1.23,3.82e-05,0.000272
RBCK1,-0.454,3.83e-05,0.000272
MANEA-DT,0.537,3.84e-05,0.000273
UGT1A4,0.499,3.85e-05,0.000273
HCFC1R1,-0.525,3.85e-05,0.000273
FZD4,0.26,3.87e-05,0.000275
LOC107986023,0.68,3.88e-05,0.000275
LINC02987,0.63,3.89e-05,0.000276
FDX2,-0.734,3.9e-05,0.000277
LARP4,0.279,3.91e-05,0.000277
PGAP6,-0.837,3.91e-05,0.000277
PRH1-TAS2R14,0.382,3.92e-05,0.000278
FSCN2,-0.843,3.92e-05,0.000278
RNPEPL1,-0.709,3.93e-05,0.000278
CARD10,-0.862,3.93e-05,0.000278
TNKS,0.228,3.94e-05,0.000279
RASEF,-0.817,3.94e-05,0.000279
MAP3K11,-0.772,3.94e-05,0.000279
CLRN3,0.456,3.94e-05,0.000279
RASAL1,-0.662,3.96e-05,0.00028
LOC105369904,0.79,3.96e-05,0.00028
DNAJC16,0.254,3.97e-05,0.000281
LINC02428,0.482,4e-05,0.000282
FBXO2,-0.85,3.99e-05,0.000282
PDE4DIP,0.266,4e-05,0.000283
PIM1,-0.632,4.01e-05,0.000283
LY75-CD302,0.344,4.01e-05,0.000283
USP25,0.202,4.02e-05,0.000283
PANK4,-0.468,4.04e-05,0.000285
FAM43A,-0.879,4.04e-05,0.000285
C1QB,-1.17,4.06e-05,0.000285
ECPAS,0.15,4.04e-05,0.000285
CDK9,-0.41,4.05e-05,0.000285
FRA10AC1,0.307,4.04e-05,0.000285
COL18A1,-0.787,4.07e-05,0.000286
GALNT16,-0.475,4.07e-05,0.000286
APOF,0.471,4.08e-05,0.000287
TENT4B,0.253,4.1e-05,0.000288
JMJD7,-0.554,4.1e-05,0.000288
IRF7,-0.929,4.1e-05,0.000288
EML3,-0.46,4.13e-05,0.000289
MAML2,-0.426,4.13e-05,0.000289
LOC389765,0.295,4.12e-05,0.000289
ZBTB20-AS1,0.311,4.13e-05,0.000289
INO80D,0.3488364,6.59e-07,0.0002899
SULT1E1,0.728,4.14e-05,0.00029
F9,0.357,4.17e-05,0.000292
MCAM,-0.715,4.17e-05,0.000292
LOC107986298,0.366,4.16e-05,0.000292
NONO,-0.36060234,6.71e-07,0.0002923
IGKV3-15,-0.936,4.18e-05,0.000293
GUF1,0.216,4.19e-05,0.000293
VCL,-0.416,4.19e-05,0.000293
SLC3A1,0.538,4.19e-05,0.000293
CRPPA-AS1,0.481,4.21e-05,0.000295
LOC102723401,-1.03,4.22e-05,0.000295
LDB1,-0.355,4.23e-05,0.000296
WARS1,-0.417,4.25e-05,0.000296
ND3,-0.715,4.24e-05,0.000296
UBE2C,0.27904751,6.86e-07,0.0002964
R3HDM4,-0.705,4.26e-05,0.000297
CLYBL-AS3,0.428,4.25e-05,0.000297
CPT1C,-0.8,4.28e-05,0.000298
CYP4F3,0.319,4.27e-05,0.000298
LRRC2-AS1,0.832,4.27e-05,0.000298
PLEKHM2,-0.577,4.27e-05,0.000298
BIVM,0.23,4.27e-05,0.000298
ANKHD1-EIF4EBP3,0.2,4.29e-05,0.000299
CCDC38,0.656,4.31e-05,0.0003
TRAPPC11,0.213,4.3e-05,0.0003
RNF214,0.159,4.31e-05,0.0003
GPC3,-1.25,4.31e-05,0.0003
ACD,-0.718,4.33e-05,0.000301
RABGGTA,-0.30180651,7.36e-07,0.0003017
ANXA4,-0.95415419,7.39e-07,0.0003017
USP35,-0.422,4.35e-05,0.000302
NUBPL,0.242,4.34e-05,0.000302
C19ORF25,-0.833,4.34e-05,0.000302
NSUN5P1,-0.415,4.36e-05,0.000303
BCRP3,-0.513,4.36e-05,0.000303
VWA8-AS1,0.663,4.37e-05,0.000303
PRMT1,-0.573,4.4e-05,0.000305
TRAPPC6B,0.261,4.42e-05,0.000307
CHST4,-0.827,4.44e-05,0.000307
ODF2,-0.27,4.43e-05,0.000307
KCNMA1-AS1,0.766,4.43e-05,0.000307
NAV2-AS5,0.783,4.43e-05,0.000307
GMCL1,0.46430017,7.62e-07,0.0003073
KIFC1,-0.711,4.46e-05,0.000308
CD68,-0.893,4.44e-05,0.000308
PRR12,-0.674,4.44e-05,0.000308
LOC107984087,0.505,4.45e-05,0.000308
MGC27382,0.581,4.45e-05,0.000308
TNFSF10,0.446,4.46e-05,0.000309
ANKRD31,0.527,4.48e-05,0.000309
FGFR3,-0.599,4.46e-05,0.000309
PPP4R1,-0.284,4.49e-05,0.00031
LIX1L-AS1,-0.531,4.49e-05,0.00031
C5,0.375,4.49e-05,0.00031
NOP56,-0.193,4.5e-05,0.000311
EVI5L,-0.702,4.51e-05,0.000311
CHMP6,-0.497,4.5e-05,0.000311
SYNGR2,-0.726,4.53e-05,0.000312
SDC3,-0.739,4.53e-05,0.000312
ACSL5,0.375,4.52e-05,0.000312
ZFX,0.305,4.52e-05,0.000312
LOC107986823,0.591,4.52e-05,0.000312
LOC729683,-0.688,4.55e-05,0.000313
DBNDD2,-0.601,4.55e-05,0.000313
H2AC13,-1.22,4.55e-05,0.000313
RPL34-DT,0.641,4.56e-05,0.000314
MRS2,0.249,4.58e-05,0.000315
UQCC6,0.327,4.58e-05,0.000315
BTG3,0.278,4.58e-05,0.000315
LOC101928512,-0.501,4.59e-05,0.000315
PLCH2,-1.0,4.58e-05,0.000315
EFCAB8,-0.267,4.61e-05,0.000316
LOC105375567,0.525,4.61e-05,0.000316
ANKRD26,0.324,4.62e-05,0.000317
TRIOBP,-0.535,4.64e-05,0.000318
KIAA2012,0.465,4.65e-05,0.000319
LINC00528,-0.593,4.67e-05,0.00032
IGLV1-51,-0.964,4.68e-05,0.00032
PHLDA1,-1.08,4.69e-05,0.00032
STC1,-1.16,4.68e-05,0.00032
TUG1,0.163,4.69e-05,0.00032
SNORA105A,0.404,4.68e-05,0.00032
PAH,0.337,4.68e-05,0.00032
CTSG,-1.17,4.68e-05,0.00032
CAMKK1,-0.597,4.69e-05,0.00032
KTN1,0.254,4.67e-05,0.00032
GOLGA2P10,-0.591,4.66e-05,0.00032
ZCCHC14,0.248,4.67e-05,0.00032
ETAA1,0.246,4.7e-05,0.000321
ARRDC1,-0.66,4.7e-05,0.000321
NACC1,-0.711,4.7e-05,0.000321
PLA2G4B,-0.508,4.73e-05,0.000322
CDH24,-0.728,4.73e-05,0.000322
TANGO6,0.241,4.73e-05,0.000322
LZTFL1,0.296,4.72e-05,0.000322
PRAP1,-0.873,4.73e-05,0.000322
NELFB,-0.598,4.73e-05,0.000322
FCMR,-0.534,4.74e-05,0.000323
ZSCAN18,-0.381,4.75e-05,0.000323
RND3,-0.761,4.76e-05,0.000324
PJVK,0.419,4.77e-05,0.000325
ASPN,-0.57,4.78e-05,0.000325
SSH2,-0.196,4.78e-05,0.000325
YWHAEP1,0.464,4.78e-05,0.000325
GAB1,0.256,4.79e-05,0.000326
GC,0.411,4.82e-05,0.000327
OBSL1,-0.552,4.82e-05,0.000327
LOC101927552,0.417,4.82e-05,0.000327
CCT7,-0.3479357,8.33e-07,0.0003275
SH2D5,0.4998211,8.39e-07,0.0003275
CDC6,-0.705,4.83e-05,0.000328
NPR3,-0.52,4.83e-05,0.000328
LINC01507,-1.82,4.85e-05,0.000329
AP2M1,-0.363,4.87e-05,0.00033
MYLIP,-0.421,4.89e-05,0.000331
EXOSC5,-0.898,4.88e-05,0.000331
IDH1,0.368,4.89e-05,0.000331
MAPK8IP3,-0.593,4.88e-05,0.000331
GAS2L3,-0.498,4.91e-05,0.000332
HGFAC,-0.911,4.9e-05,0.000332
POU2F1,0.172,4.91e-05,0.000332
MSH3,0.273,4.9e-05,0.000332
PRMT9,0.247,4.93e-05,0.000333
LMO7,0.216,4.93e-05,0.000333
RIPK4,-0.605,4.94e-05,0.000334
TMEM120B,-0.423,4.96e-05,0.000335
TAS2R20,0.406,4.97e-05,0.000336
MMP15,-0.743,4.98e-05,0.000337
PCSK1,0.519,5e-05,0.000337
PLEC,-0.783,5e-05,0.000337
PIAS3,-0.281,5.01e-05,0.000338
PLAT,-0.759,5.01e-05,0.000338
NPM3,-0.588,5.03e-05,0.000339
SNORA73B,-0.613,5.05e-05,0.00034
ZNF56P,0.607,5.06e-05,0.000341
NAA25,0.225,5.07e-05,0.000341
LOC107986083,0.411,5.07e-05,0.000341
DDB2,-0.451,5.05e-05,0.000341
SLC4A2,-0.708,5.07e-05,0.000341
LLGL1,-0.68,5.07e-05,0.000341
SCRN2,-0.579,5.06e-05,0.000341
MME,0.58,5.09e-05,0.000342
GGNBP2,0.192,5.1e-05,0.000343
ACKR4,0.484,5.1e-05,0.000343
AOX3P-AOX2P,0.784,5.1e-05,0.000343
GNGT2,-0.672,5.11e-05,0.000343
DOK7,-1.06,5.12e-05,0.000344
CRYAA,-1.13,5.12e-05,0.000344
CD79A,-1.14,5.12e-05,0.000344
LOC105376611,0.692,5.14e-05,0.000345
IPO5,0.264,5.15e-05,0.000346
HACD2,0.292,5.18e-05,0.000347
CCDC120,-0.468,5.2e-05,0.000348
METTL21EP,0.721,5.19e-05,0.000348
DAPP1,-0.507,5.2e-05,0.000348
LINC02774,1.15,5.21e-05,0.000348
MEF2D,-0.356,5.19e-05,0.000348
SMIM8,0.259,5.22e-05,0.000349
SIRPB2,-0.571,5.23e-05,0.000349
MARCHF6,0.181,5.21e-05,0.000349
PLEKHG7,0.444,5.23e-05,0.000349
TSL,0.475,5.22e-05,0.000349
IP6K3,-1.16,5.23e-05,0.000349
UMPS,0.176,5.27e-05,0.000352
LOC105369839,1.21,5.27e-05,0.000352
MOB2,-0.552,5.3e-05,0.000353
LIMS4,-0.304,5.29e-05,0.000353
EVL,-0.391,5.3e-05,0.000353
NES,-0.668,5.29e-05,0.000353
SCN8A,0.379,5.33e-05,0.000355
IFT81,0.3,5.33e-05,0.000355
CD27,-0.469,5.34e-05,0.000356
NRG4,0.32,5.36e-05,0.000357
SENP2,0.207,5.37e-05,0.000358
PRKAA1,0.47887055,9.6e-07,0.0003588
EBLN3P,0.219,5.39e-05,0.000359
ATP6V0D1,-0.64,5.4e-05,0.000359
NAV3,-0.687,5.4e-05,0.000359
TTC30B,0.299,5.4e-05,0.000359
MPC2,0.328,5.41e-05,0.00036
FZR1,-0.683,5.42e-05,0.000361
SH3GLB2,-0.631,5.43e-05,0.000361
RNF170,0.239,5.44e-05,0.000362
CLASRP,-0.515,5.45e-05,0.000362
GPBP1,0.18,5.48e-05,0.000364
SGSM2,-0.471,5.48e-05,0.000364
LOC101929633,0.583,5.49e-05,0.000364
FMR1,0.232,5.48e-05,0.000364
LOC105373046,-0.767,5.54e-05,0.000367
SCN11A,0.45,5.53e-05,0.000367
MARCKSL1,-0.614,5.54e-05,0.000367
DUS3L,-0.798,5.58e-05,0.000369
NDUFS7,-1.09,5.57e-05,0.000369
STARD13,0.34095547,1.01e-06,0.0003707
MRI1,0.40661917,1.03e-06,0.0003707
CAPNS1,-0.468,5.61e-05,0.000371
ERCC6L2,0.198,5.61e-05,0.000371
PRO1804,0.545,5.6e-05,0.000371
ADRM1,-0.722,5.6e-05,0.000371
GNB2,-0.758,5.6e-05,0.000371
RBM38,-0.703,5.6e-05,0.000371
SEPTIN9,-0.499,5.63e-05,0.000372
PCSK2,1.1,5.63e-05,0.000372
GRK3,-0.41,5.63e-05,0.000372
RRP7A,-0.529,5.65e-05,0.000373
LOC107985692,0.821,5.65e-05,0.000373
FAM3B,-1.61425029,1.04e-06,0.0003744
MED14,0.244,5.69e-05,0.000375
PLXDC2,-0.486,5.69e-05,0.000375
ABCD1,-0.839,5.68e-05,0.000375
PLA2G5,-0.771,5.68e-05,0.000375
H2BC14,-1.13,5.68e-05,0.000375
RABAC1,-0.794,5.72e-05,0.000376
STAB1,-0.855,5.71e-05,0.000376
BIVM-ERCC5,0.18,5.72e-05,0.000376
GVINP1,-0.387,5.7e-05,0.000376
CSDE1,0.22,5.72e-05,0.000376
LOC105377699,0.899,5.72e-05,0.000376
LOC729291,0.434,5.72e-05,0.000376
GALNT15,-0.796,5.72e-05,0.000376
TOP1P1,0.44,5.7e-05,0.000376
MAJIN,0.716,5.73e-05,0.000377
DCT,0.74,5.75e-05,0.000378
SDK2,-0.609,5.76e-05,0.000379
LINC02977,-0.475,5.77e-05,0.000379
NAALADL2,0.288,5.78e-05,0.000379
LDLR,-0.843,5.8e-05,0.00038
NUFIP2,0.87814725,1.09e-06,0.0003806
DHRS7B,-0.33090786,1.1e-06,0.0003806
SLCO2A1,-1.21755184,1.11e-06,0.0003806
DLGAP5,-0.893,5.81e-05,0.000381
SOX5-AS1,0.483,5.8e-05,0.000381
SLC17A9,-0.687,5.81e-05,0.000381
PLCB3,-0.513,5.83e-05,0.000382
PWAR1,0.522,5.83e-05,0.000382
NUP62,-0.555,5.83e-05,0.000382
LINC01450,0.688,5.83e-05,0.000382
SPATA1,0.337,5.84e-05,0.000382
MICB,-0.554,5.88e-05,0.000384
SOX12,-0.497,5.86e-05,0.000384
POLK,0.226,5.86e-05,0.000384
SPECC1,-0.524,5.86e-05,0.000384
TIGD7,0.248,5.89e-05,0.000385
THRB-AS2,0.448,5.91e-05,0.000386
DPY19L2P2,0.57,5.91e-05,0.000386
BIN1,-0.591,5.91e-05,0.000386
SINHCAF,-0.556,5.91e-05,0.000386
CCL23,1.0204118,1.17e-06,0.0003861
CALM1,0.42922206,1.16e-06,0.0003861
PPFIBP1,0.74270464,1.15e-06,0.0003861
PRELP,-0.677,5.93e-05,0.000387
NACC2,0.50759492,1.19e-06,0.0003883
AK5,0.482,5.96e-05,0.000389
LINC00216,0.442,5.97e-05,0.00039
MIA3,0.251,5.98e-05,0.00039
CRELD1,-0.353,6e-05,0.000391
ECI2,0.301,6e-05,0.000391
LOC105377405,0.609,6.01e-05,0.000392
LSM4,-0.473,6.03e-05,0.000393
TRAF3IP3,-0.458,6.06e-05,0.000394
ANKHD1,0.203,6.05e-05,0.000394
CD8B,-0.767,6.05e-05,0.000394
CLPX,0.276,6.04e-05,0.000394
LOC105371493,-0.578,6.08e-05,0.000395
ASH2L,0.178,6.09e-05,0.000396
LOC112267909,0.783,6.09e-05,0.000396
MIR644A,0.646,6.09e-05,0.000396
POLR1A,-0.231,6.1e-05,0.000396
SMIM10L1,0.275,6.11e-05,0.000397
SIRPB1,-0.604,6.12e-05,0.000397
LHFPL6,-0.601,6.11e-05,0.000397
CSNK1G2,-0.74,6.11e-05,0.000397
ZNF653,0.48674829,1.25e-06,0.0003978
RRP7BP,-0.514,6.13e-05,0.000398
LOC105378685,0.434,6.15e-05,0.000399
MLF1,-0.979,6.16e-05,0.000399
GNAZ,-0.839,6.17e-05,0.0004
NEK4,0.181,6.18e-05,0.0004
HNRNPA1P33,-0.61151048,1.27e-06,0.0004002
C14ORF39,0.3350733,1.28e-06,0.0004002
LPAL2,0.444,6.19e-05,0.000401
SPTSSB,0.568,6.21e-05,0.000402
VTCN1,-1.07,6.2e-05,0.000402
ASNS,-0.573,6.22e-05,0.000403
MED23,0.244,6.23e-05,0.000403
F2RL1,-0.589,6.25e-05,0.000404
CFAP298-TCP10L,0.312,6.24e-05,0.000404
ABHD11,-0.482,6.25e-05,0.000404
INTS1,0.4436441,1.33e-06,0.0004048
IL6R,0.91198153,1.38e-06,0.0004055
NBPF9,0.97215717,1.38e-06,0.0004055
GMNN,-0.87867086,1.34e-06,0.0004055
LINC01210,0.32207486,1.39e-06,0.0004055
GMPR2,-0.4134702,1.38e-06,0.0004055
STRADA,-0.206,6.29e-05,0.000406
LOC105375878,0.656,6.29e-05,0.000406
FCGR2C,-0.58,6.28e-05,0.000406
CCDC183,-0.607,6.3e-05,0.000407
CD247,-0.596,6.35e-05,0.00041
PPP1R12C,-0.641,6.38e-05,0.000411
KLHL23,0.253,6.38e-05,0.000411
PLOD3,-0.587,6.36e-05,0.000411
DCUN1D1,0.25,6.38e-05,0.000411
RBM26,0.218,6.39e-05,0.000412
ZFAND1,0.248,6.4e-05,0.000412
AP4S1,0.237,6.4e-05,0.000413
FCER1G,-0.701,6.41e-05,0.000413
LRRC19,0.781,6.44e-05,0.000414
MAD1L1,-0.533,6.43e-05,0.000414
CYP2R1,0.223,6.45e-05,0.000415
OR14A2,1.14,6.46e-05,0.000416
TAB2,0.277,6.48e-05,0.000416
DBT,0.304,6.49e-05,0.000417
ZMYM6,0.227,6.5e-05,0.000418
LDHB,-0.504,6.52e-05,0.000419
IGLV2-14,-0.977,6.53e-05,0.000419
CLINT1,0.191,6.52e-05,0.000419
ULK3,-0.479,6.54e-05,0.00042
RSBN1,0.192,6.54e-05,0.00042
SYNJ1,0.185,6.58e-05,0.000422
ZNF598,-0.641,6.58e-05,0.000422
MKKS,0.226,6.58e-05,0.000422
ABAT,0.366,6.58e-05,0.000422
TERC,-1.08,6.6e-05,0.000423
HEPH,-0.572,6.6e-05,0.000423
SLC17A2,0.373,6.63e-05,0.000424
N4BP2L2-IT2,0.332,6.62e-05,0.000424
TGS1,0.32758685,1.53e-06,0.0004253
WWC3,-0.321,6.65e-05,0.000426
TCAIM,0.264,6.67e-05,0.000426
KLHL32,0.32,6.67e-05,0.000426
INO80B,-0.394,6.66e-05,0.000426
LINC00862,0.576,6.69e-05,0.000428
CHMP4A,-0.238,6.69e-05,0.000428
PFAS,-0.382,6.72e-05,0.000429
LOC105372892,0.882,6.72e-05,0.000429
FAM50A,-0.479,6.72e-05,0.000429
MCCC1,0.265,6.71e-05,0.000429
PIGT,-0.42106944,1.56e-06,0.0004294
HNRNPA1,-0.43084511,1.57e-06,0.0004294
TTC21B,0.289,6.73e-05,0.00043
FBXO4,0.213,6.77e-05,0.000432
LOC105378867,0.497,6.77e-05,0.000432
GABRB3,-1.35,6.8e-05,0.000433
MTLN,-0.657,6.79e-05,0.000433
UNC93B1,-0.824,6.79e-05,0.000433
PALM2,0.99308969,1.6e-06,0.0004333
CNIH1,0.37017037,1.59e-06,0.0004333
LINC02484,0.608,6.82e-05,0.000434
GRIPAP1,-0.299,6.82e-05,0.000434
MMUT,0.387,6.82e-05,0.000435
RBIS,0.296,6.87e-05,0.000437
RPL10A,-0.87771142,1.65e-06,0.000438
RARB,0.29699973,1.66e-06,0.000438
RPL23,-0.61348622,1.66e-06,0.000438
ENTPD6,-0.53824339,1.65e-06,0.000438
SOWAHD,-0.21674943,1.67e-06,0.000438
KATNAL2,0.371,6.9e-05,0.000439
HADH,0.311,6.91e-05,0.00044
GCNT4,-0.592,6.91e-05,0.00044
SLC27A4,-0.693,6.93e-05,0.000441
DEPTOR,-0.4300789,1.73e-06,0.0004456
FTCDNL1,0.435,7.04e-05,0.000447
MRPS14,0.185,7.03e-05,0.000447
ECSCR,-0.711,7.05e-05,0.000448
SCARA3,0.245,7.06e-05,0.000448
YBX3,-0.672,7.06e-05,0.000448
EDRF1-DT,0.459,7.08e-05,0.000449
CLEC10A,-0.551,7.08e-05,0.000449
LGR6,-0.85,7.08e-05,0.000449
LOC105374145,0.513,7.12e-05,0.000451
APBA3,-0.813,7.11e-05,0.000451
MGP,-0.954,7.11e-05,0.000451
GUCY1A1,-0.419,7.14e-05,0.000452
RNF215,-0.547,7.13e-05,0.000452
TMPRSS2,-0.634,7.15e-05,0.000453
LASP1,-0.354,7.18e-05,0.000454
MGST2,0.328,7.18e-05,0.000454
HMGN4,-0.351,7.2e-05,0.000455
ATP6,-0.752,7.19e-05,0.000455
PCDHGB6,0.336,7.2e-05,0.000455
LOC105372282,-0.796,7.19e-05,0.000455
H3F3AP4,-0.37011336,1.81e-06,0.0004553
FCN2,1.15744482,1.81e-06,0.0004553
OGFOD3,-0.39267033,1.82e-06,0.0004553
GALNT17,-1.11,7.21e-05,0.000456
PHLPP1,0.276,7.23e-05,0.000457
TRPM7,0.308,7.23e-05,0.000457
C9,0.437,7.22e-05,0.000457
SH3YL1,-0.98865575,1.84e-06,0.0004576
SENCR,-0.609,7.26e-05,0.000458
TANGO2,-0.457,7.25e-05,0.000458
DOCK7,0.232,7.29e-05,0.00046
ZNF724,-0.474,7.29e-05,0.00046
LINC02794,1.09,7.3e-05,0.00046
MAP1A,-0.858,7.32e-05,0.000461
OLFM1,-0.748,7.32e-05,0.000461
RAMP3,-0.845,7.33e-05,0.000462
EXOC3L1,-0.788,7.33e-05,0.000462
ZNF213,-0.642,7.34e-05,0.000462
LOC105378340,0.815,7.34e-05,0.000462
LOC105373449,0.632,7.35e-05,0.000463
LEF1,-0.789,7.37e-05,0.000463
ALDH1A3-AS1,-0.619,7.37e-05,0.000463
XRCC3,-0.577,7.38e-05,0.000464
HNMT,0.281,7.37e-05,0.000464
MICALL1,-0.531,7.41e-05,0.000465
U2AF2,-0.469,7.4e-05,0.000465
APBB3,-0.507,7.39e-05,0.000465
SHARPIN,-0.719,7.42e-05,0.000466
ARIH1,0.18,7.42e-05,0.000466
LOC105369388,0.293,7.44e-05,0.000467
PROX1,0.314,7.43e-05,0.000467
ZNF83,-0.538,7.47e-05,0.000468
PGS1,-0.32,7.48e-05,0.000469
SQSTM1,-0.586,7.48e-05,0.000469
SLCO1B3,0.652,7.51e-05,0.00047
TTC6,0.446,7.51e-05,0.00047
C5ORF63,0.387,7.5e-05,0.00047
TAS2R50,0.459,7.52e-05,0.000471
TEDDM1,0.72,7.52e-05,0.000471
SLC7A1,-0.813,7.55e-05,0.000472
CMC1,0.24,7.53e-05,0.000472
ABCC4,-0.526,7.55e-05,0.000472
SPIN3,0.295,7.56e-05,0.000473
SDC2,0.359,7.56e-05,0.000473
LOC101929343,0.392,7.59e-05,0.000474
KNG1,0.344,7.59e-05,0.000474
HPS1,-0.457,7.59e-05,0.000474
LZTR1,-0.555,7.62e-05,0.000476
HERPUD2-AS1,0.26,7.62e-05,0.000476
PLPBP,0.265,7.65e-05,0.000477
TRIM59,-0.524,7.65e-05,0.000477
C6ORF106,0.48375875,1.95e-06,0.0004775
FSD1,0.30743914,1.96e-06,0.0004779
SDF4,-0.659,7.66e-05,0.000478
SDSL,-0.82,7.67e-05,0.000478
CA9,-1.15,7.67e-05,0.000478
EPHA10,0.34802008,1.97e-06,0.0004788
P2RX5,-0.725,7.71e-05,0.00048
MS4A4A,-0.721,7.7e-05,0.00048
NAT14,-0.747,7.71e-05,0.00048
SF3B4,-0.46786212,2e-06,0.0004804
IGF2R,0.45835788,1.99e-06,0.0004804
MRPL39,0.29,7.73e-05,0.000481
PTPN3,0.268,7.72e-05,0.000481
SLC25A25,-0.822,7.75e-05,0.000482
ARMCX1,-0.522,7.74e-05,0.000482
KMT2B,-0.492,7.74e-05,0.000482
AMY1B,0.381,7.74e-05,0.000482
EFTUD2,-0.197,7.76e-05,0.000483
TMEM234,-0.299,7.77e-05,0.000483
CD244,-0.458,7.79e-05,0.000484
ASB6,-0.417,7.82e-05,0.000485
PGRMC1,0.33,7.81e-05,0.000485
XRN1,0.233,7.84e-05,0.000487
CFL2,0.365,7.85e-05,0.000487
NBPF10,0.8735546,2.05e-06,0.0004877
RC3H1,0.168,7.89e-05,0.000489
LOC105369608,0.818,7.88e-05,0.000489
RAB3D,-0.356,7.88e-05,0.000489
PLCL1,-0.27250385,2.07e-06,0.000489
TRPV4,-0.566,7.88e-05,0.000489
H2BC17,-0.934,7.91e-05,0.00049
SERTM2,1.2,7.9e-05,0.00049
LOC100506124,0.408,7.91e-05,0.00049
C6ORF120,0.277,7.92e-05,0.00049
TIE1,-0.553,7.92e-05,0.00049
H2AFY2,-0.91318721,2.1e-06,0.0004911
C11ORF65,0.34252032,2.1e-06,0.0004911
KMT5C,-0.693,7.96e-05,0.000492
EIF2A,0.255,7.96e-05,0.000492
PLEKHA5,0.248,7.95e-05,0.000492
ZNF569,0.25,7.99e-05,0.000494
FUT10,0.205,7.99e-05,0.000494
KAT2A,-0.416,7.98e-05,0.000494
REPS1,0.296,8.01e-05,0.000495
TPSB2,-1.28,8.02e-05,0.000495
CLSPN,-0.772,8.02e-05,0.000495
SPAG16-DT,0.953,8.03e-05,0.000496
PTER,0.259,8.03e-05,0.000496
ATP13A2,-0.808,8.03e-05,0.000496
PPID,0.248,8.04e-05,0.000496
RNA18SN2,-1.16,8.07e-05,0.000497
TINAGL1,-0.742,8.06e-05,0.000497
SH2B3,-0.346,8.07e-05,0.000497
NHLRC2,0.40085043,2.18e-06,0.0004984
HLA-DRB4,0.47988209,2.2e-06,0.0004993
IGHV1-18,-1.06,8.11e-05,0.0005
POLR1G,-0.378,8.12e-05,0.0005
MLST8,-0.807,8.11e-05,0.0005
TMEM201,-0.643,8.13e-05,0.000501
N4BP2L2,0.248,8.15e-05,0.000501
TCF25,-0.397,8.17e-05,0.000503
SCN2A,0.20078404,2.23e-06,0.0005032
RIPOR2,-0.38,8.19e-05,0.000504
KIAA2026,0.192,8.23e-05,0.000506
GRIK2,0.861,8.24e-05,0.000506
LOC102724159,-0.434,8.24e-05,0.000506
RNA18SN4,-1.16,8.26e-05,0.000507
LOC105371675,0.707,8.25e-05,0.000507
RNA18SN3,-1.16,8.25e-05,0.000507
SCARNA6,-0.613,8.27e-05,0.000508
SLC2A2,0.366,8.28e-05,0.000508
MYL5,-0.532,8.29e-05,0.000509
ROBO4,-0.659,8.29e-05,0.000509
SLC26A2,-0.425,8.29e-05,0.000509
CDKN2C,-0.54,8.32e-05,0.00051
SLC20A2,0.297,8.33e-05,0.00051
TBX3,0.423,8.33e-05,0.00051
KIF17,-0.802,8.35e-05,0.000511
TEAD1,0.216,8.36e-05,0.000512
LOC105379011,0.602,8.4e-05,0.000514
SCAPER,0.261,8.42e-05,0.000515
LOC107985681,0.628,8.43e-05,0.000515
ZC3H18,-0.359,8.43e-05,0.000515
ITM2C,-0.547,8.44e-05,0.000516
CUL3,0.243,8.45e-05,0.000517
RNA18SN1,-1.17,8.45e-05,0.000517
DAXX,-0.349,8.46e-05,0.000517
FMO6P,0.51569242,2.33e-06,0.0005176
ZCCHC6,1.06058093,2.33e-06,0.0005176
MRGPRF,-0.885,8.5e-05,0.000519
PGGHG,-0.927,8.51e-05,0.00052
FKBP9,-0.245,8.52e-05,0.00052
ERCC2,-0.477,8.56e-05,0.000522
LOC105374174,0.587,8.54e-05,0.000522
DNAH2,-0.56,8.62e-05,0.000525
RABL6,-0.443,8.61e-05,0.000525
PRH2,0.401,8.6e-05,0.000525
OXA1L,-0.36718896,2.44e-06,0.0005285
RAB14,0.257,8.69e-05,0.000529
PIGV,0.279,8.68e-05,0.000529
PLK2,-0.497,8.69e-05,0.000529
DLGAP4,-0.36,8.71e-05,0.00053
LOC102724672,0.491,8.7e-05,0.00053
CRB1,0.907,8.73e-05,0.000531
BICC1,-0.725,8.73e-05,0.000531
RWDD2B,0.264,8.73e-05,0.000531
SMTN,-0.59,8.74e-05,0.000531
FNIP1,0.23,8.76e-05,0.000532
LOC105374815,1.15,8.74e-05,0.000532
DNA2,0.347,8.76e-05,0.000532
KDM4C,0.184,8.76e-05,0.000532
SLC11A1,-0.746,8.77e-05,0.000533
LGALS2,-0.674,8.78e-05,0.000533
FLOT2,-0.517,8.77e-05,0.000533
H2AC8,-0.803,8.79e-05,0.000533
SCTR,-0.575,8.77e-05,0.000533
MIR10394,-0.795,8.81e-05,0.000534
REM1,-0.97,8.8e-05,0.000534
EFCAB11,-0.41726095,2.55e-06,0.0005378
CDH9,0.28568746,2.53e-06,0.0005378
LINC00444,0.475,8.88e-05,0.000538
CAPN1,-0.615,8.89e-05,0.000538
DAB2IP,-0.601,8.88e-05,0.000538
BCL2L2-PABPN1,-0.216,8.9e-05,0.000539
LIPE,-0.711,8.9e-05,0.000539
LOC105369690,0.432,8.89e-05,0.000539
ARVCF,-0.625,8.93e-05,0.00054
SART1,-0.582,8.92e-05,0.00054
FLJ37201,0.593,8.94e-05,0.000541
MCMBP,0.35119103,2.58e-06,0.0005421
TPPP2,0.497,8.99e-05,0.000543
SNORA63,-0.867,8.98e-05,0.000543
HGS,-0.484,9e-05,0.000544
LOC112267915,-0.719,9.04e-05,0.000546
DLG2-AS2,0.609,9.04e-05,0.000546
BCL11A,-0.6893695,2.65e-06,0.0005465
WTIP,-0.34374607,2.68e-06,0.0005465
CRTAC1,-0.43235014,2.68e-06,0.0005465
CLEC4M,1.36453616,2.68e-06,0.0005465
SMG6,0.30840658,2.69e-06,0.0005465
PPP3R1,0.52606315,2.68e-06,0.0005465
MEFV,-0.65,9.06e-05,0.000547
CCP110,0.233,9.1e-05,0.000549
CTSC,-0.446,9.1e-05,0.000549
RECQL4,-0.773,9.14e-05,0.000551
TIGAR,-0.581,9.15e-05,0.000552
RAD54B,0.381,9.16e-05,0.000552
NLRC3,-0.373,9.17e-05,0.000552
NOCT,-0.81,9.15e-05,0.000552
GNG2,-0.391,9.17e-05,0.000552
AP1G1,0.203,9.19e-05,0.000553
ARMCX2,-0.435,9.18e-05,0.000553
LINC01931,0.557,9.2e-05,0.000554
CATSPERE,0.361,9.21e-05,0.000554
SELENOI,0.287,9.2e-05,0.000554
BHLHE41,-0.759,9.21e-05,0.000554
KLF3,0.248,9.23e-05,0.000555
C20ORF27,-0.712,9.26e-05,0.000556
SENP8,0.253,9.24e-05,0.000556
VPS18,-0.604,9.25e-05,0.000556
HHAT,-0.248,9.29e-05,0.000558
LOC107986614,0.79,9.31e-05,0.000559
INO80,0.155,9.31e-05,0.000559
ZNF480,0.232,9.33e-05,0.000559
LOC101928326,0.833,9.31e-05,0.000559
NCAPH,-0.646,9.31e-05,0.000559
RBM39,0.173,9.34e-05,0.00056
LOC105372912,0.494,9.37e-05,0.000561
IGKJ5,-1.01,9.37e-05,0.000561
PARP10,-0.854,9.36e-05,0.000561
H2AZ1,-0.383,9.38e-05,0.000561
NSUN5P2,-0.411,9.36e-05,0.000561
LGR4,0.34,9.38e-05,0.000562
LOC107986299,0.542,9.39e-05,0.000562
DEAF1,-0.535,9.4e-05,0.000562
PRR7,-0.594,9.39e-05,0.000562
MINDY3,0.22,9.42e-05,0.000563
TAP2,-0.353,9.42e-05,0.000563
SVEP1,-0.603,9.45e-05,0.000564
RHBDD2,-0.591,9.44e-05,0.000564
GLT8D1,0.27,9.5e-05,0.000566
SNHG32,-0.364,9.5e-05,0.000566
H2AJ,-0.499,9.49e-05,0.000566
SLC4A4,0.259,9.47e-05,0.000566
ITGB5,-0.414,9.5e-05,0.000566
SLFN5,-0.403,9.48e-05,0.000566
PIP4P2,-0.63,9.51e-05,0.000567
MFSD8,0.22,9.52e-05,0.000568
RNA18SN5,-1.16,9.57e-05,0.00057
SH2D1A,-0.56,9.59e-05,0.000571
ATP11C,0.401,9.6e-05,0.000572
LDLRAD4-AS1,-0.21575494,2.88e-06,0.0005728
CTD-2297D10.2,-0.2396265,2.87e-06,0.0005728
DVL1,-0.9,9.63e-05,0.000573
SYS1-DBNDD2,-0.625,9.62e-05,0.000573
MIR1244-1,-0.453,9.62e-05,0.000573
WDR76,-0.466,9.64e-05,0.000573
HLA-DRB6,-0.636,9.64e-05,0.000573
CCDC124,-0.853,9.66e-05,0.000574
FKSG29,0.404,9.69e-05,0.000575
CPNE6,0.866,9.7e-05,0.000575
PCNA-AS1,-1.07,9.69e-05,0.000575
SERPINB1,-0.416,9.68e-05,0.000575
CDC45,-1.03,9.7e-05,0.000575
CASP10,-0.192,9.68e-05,0.000575
CDK5RAP2,-0.203,9.69e-05,0.000575
CHIT1,-1.47,9.7e-05,0.000575
LYRM2,0.18,9.68e-05,0.000575
GPC5,0.631,9.68e-05,0.000575
ZMYM1,0.215,9.71e-05,0.000575
CCDC150,0.462,9.71e-05,0.000575
NEMF,0.18,9.71e-05,0.000576
PPIAL4A,-0.46972876,2.91e-06,0.0005778
ZBED6,0.188,9.75e-05,0.000578
HECA,-0.328,9.77e-05,0.000578
LOC105370489,-0.669,9.76e-05,0.000578
STMN1,-0.386,9.77e-05,0.000578
GNAI1,0.256,9.81e-05,0.00058
ZNF853,-0.648,9.8e-05,0.00058
LRRC2,0.272,9.87e-05,0.000584
ADGRG7,0.426,9.87e-05,0.000584
PAGR1,-0.287,9.87e-05,0.000584
LAYN,-0.8,9.9e-05,0.000585
PDE4B,-0.702,9.94e-05,0.000587
POLR2A,-0.266,9.96e-05,0.000588
ST3GAL4,-0.413,9.96e-05,0.000588
IGLV1-40,-1.1,9.97e-05,0.000588
THUMPD2,0.254,9.97e-05,0.000588
PTMA,-0.368,9.98e-05,0.000589
RALGPS1,-0.415,9.98e-05,0.000589
DUSP4,-0.879,9.98e-05,0.000589
LOC100506974,0.602,0.0001,0.000592
REPS2,0.25,0.000101,0.000593
PLA2G4A,-0.501,0.000101,0.000593
THAP5,0.255,0.000101,0.000595
MROCKI,0.391,0.000101,0.000596
CLVS1,0.369,0.000102,0.000598
EVA1B,-0.888,0.000102,0.000599
FBXO38-DT,0.464,0.000102,0.000601
PTGR3,0.199,0.000102,0.000601
ACCS,-0.39,0.000102,0.000601
ENTPD1,-0.319,0.000103,0.000603
GTPBP3,-0.463,0.000103,0.000603
LOC107985064,-0.7,0.000103,0.000603
FAM85B,0.554,0.000103,0.000603
ABRAXAS1,0.233,0.000103,0.000604
DMTN,-0.532,0.000103,0.000604
LRCH3,0.132,0.000103,0.000605
SRRD,0.152,0.000103,0.000606
CASZ1,-0.453,0.000103,0.000606
RHOC,-0.596,0.000104,0.000607
MAGEE1,-0.535,0.000103,0.000607
L3MBTL2,-0.274,0.000103,0.000607
ZNF462,-0.34,0.000104,0.000608
FAM237B,0.664,0.000104,0.000608
ZNF770,0.276,0.000104,0.000608
WAPL,0.185,0.000104,0.000609
RET,-0.92,0.000104,0.000609
BLTP3B,0.243,0.000104,0.000609
TPSAB1,-1.25,0.000104,0.00061
CYP21A2,-0.627,0.000104,0.00061
TAGLN,-0.818,0.000104,0.000611
L3MBTL3,0.347,0.000105,0.000612
SYTL5,0.421,0.000105,0.000612
STRN,0.205,0.000105,0.000612
MICOS10-NBL1,-0.699,0.000105,0.000612
GPR137,-0.698,0.000105,0.000612
BCL2L1,-0.537,0.000105,0.000612
ELAC1,0.247,0.000105,0.000613
LOC107986477,-0.588,0.000105,0.000614
RAB24,-0.305,0.000106,0.000617
FOXP3,-0.935,0.000106,0.000618
SMIM19,0.354,0.000106,0.000618
CTDP1,-0.446,0.000106,0.000618
CAD,-0.304,0.000106,0.00062
RGL2,-0.373,0.000107,0.000621
ESD,0.283,0.000106,0.000621
FCN3,-0.958,0.000107,0.000622
AACS,-0.528,0.000107,0.000622
MED22,-0.383,0.000107,0.000622
SH3PXD2A,0.458,0.000107,0.000622
CDC42BPA,0.221,0.000107,0.000625
TIFAB,-0.712,0.000108,0.000627
SNHG15,-0.538,0.000108,0.000627
LNPK,-0.23423281,3.29e-06,0.0006282
GAPDH,-0.73023294,3.27e-06,0.0006282
ZFYVE16,0.34427284,3.26e-06,0.0006282
MLLT6,-0.337,0.000108,0.00063
LOC107985736,0.556,0.000109,0.000631
ENPP2,-0.95315131,3.33e-06,0.0006316
PHETA2,-0.563,0.000109,0.000633
LOC107984616,-0.922,0.000109,0.000635
PMEPA1,-0.819,0.000109,0.000635
IDO1,-0.725,0.000109,0.000635
FAM200A,0.205,0.000109,0.000636
JAG1,-0.549,0.00011,0.000636
CYP17A1,0.972,0.00011,0.000636
IGHV1-3,-1.38,0.00011,0.000636
IRF1,-0.377,0.00011,0.000637
ZNF207,0.203,0.00011,0.000637
DISC1,-0.317,0.00011,0.000638
CD58,-0.4073493,3.4e-06,0.0006427
PCGF5,0.281,0.000111,0.000643
TAS2R13,0.475,0.000111,0.000643
RPUSD1,-1.04,0.000111,0.000644
CERKL,-0.477,0.000111,0.000645
CPOX,0.256,0.000112,0.000647
TNFSF8,-0.538,0.000112,0.000648
CCL18,-0.707,0.000112,0.000648
CSF1R,-0.686,0.000113,0.000651
ZNF532,-0.354,0.000113,0.000652
HMGN3-AS1,0.277,0.000113,0.000652
CDH12,0.679,0.000113,0.000653
STK11,-0.479,0.000113,0.000655
LIN7C,0.291,0.000114,0.000656
RAP2A,-0.331,0.000114,0.000656
BRWD3,0.188,0.000114,0.000656
SCAND3,0.336,0.000114,0.000659
RAD54L,-0.348,0.000114,0.00066
SLCO1B3-SLCO1B7,0.632,0.000115,0.000661
NALCN-AS1,-0.804,0.000115,0.000661
TMEM125,-0.64707511,3.54e-06,0.0006622
NAV1,-0.314,0.000115,0.000663
TNS3,-0.295,0.000115,0.000663
EPDR1,-0.378,0.000115,0.000663
BBOX1,0.577,0.000116,0.000666
FAM9B,0.967,0.000116,0.000667
LUNAR1,0.16743734,3.61e-06,0.0006677
DEFA1,-1.53,0.000116,0.000668
CADM1-AS1,0.443,0.000117,0.000671
DEFA1B,-1.52,0.000117,0.000672
SIM2,0.378,0.000117,0.000672
SULT1C2,-1.26,0.000117,0.000675
STX1A,-0.756,0.000117,0.000675
LOC101927012,1.04,0.000118,0.000676
TMEM69,-0.41207129,3.67e-06,0.0006761
GIGYF2,0.0966,0.000118,0.000677
MIDEAS,-0.373,0.000118,0.000677
SIGLEC5,-0.606,0.000118,0.000677
NUP160,0.206,0.000118,0.000678
ORC6,-0.748,0.000118,0.000678
LOC101929109,0.474,0.000118,0.00068
TNFAIP8L2,-0.37,0.000119,0.000681
SIX5,-0.672,0.000119,0.000681
ALDH7A1,0.364,0.000119,0.000682
TAOK1,0.54071434,3.78e-06,0.0006833
CHUK,0.34258855,3.81e-06,0.0006833
IAPP,0.35471668,3.84e-06,0.0006833
ZNHIT3,0.176,0.000119,0.000684
LOC101928561,0.76,0.000119,0.000685
SMIM2-AS1,0.532,0.00012,0.000687
DLGAP1-AS2,0.507,0.00012,0.000687
PSD,-0.581,0.00012,0.000687
ENTPD2,-0.955,0.00012,0.000687
MTMR1,0.14,0.00012,0.000687
PKD1,-0.797,0.00012,0.000687
PPOX,-0.343,0.00012,0.000689
CYP2C18,0.296,0.000121,0.00069
ACTN4,-0.495,0.000121,0.000694
PRF1,-0.597,0.000121,0.000694
TTL,-0.231,0.000121,0.000694
ELOA-AS1,0.219,0.000122,0.000695
POLR1H,-0.349,0.000122,0.000695
USP48,0.232,0.000122,0.000697
LOC107984205,0.897,0.000122,0.000698
HMGB2,-0.355,0.000122,0.000698
LOC102723654,0.493,0.000123,0.000699
ATG2A,-0.642,0.000123,0.000699
L3MBTL4-AS1,0.438,0.000122,0.000699
NFATC2IP,-0.165,0.000122,0.000699
RAPGEF3,-0.565,0.000123,0.0007
POLR2L,-0.821,0.000123,0.000701
TAS2R31,0.397,0.000123,0.000702
NAV2-AS4,0.705,0.000123,0.000702
SPC24,-0.666,0.000123,0.000703
LOC105377872,0.409,0.000123,0.000703
RNF139,0.266,0.000124,0.000704
ASAP1,-0.286,0.000124,0.000704
SORD2P,0.423,0.000124,0.000704
LIG3,0.29978335,4.05e-06,0.0007044
LINC00441,0.45198899,4.04e-06,0.0007044
ARPC5,-0.3,0.000124,0.000705
CTSK,-0.457,0.000124,0.000705
HGH1,-0.665,0.000124,0.000706
CCDC159,-0.412,0.000124,0.000706
ZNF185,-0.444,0.000124,0.000706
AGFG1,0.54350613,4.1e-06,0.0007065
GAA,-0.756,0.000125,0.000708
LINC00106,-0.814,0.000125,0.000709
SNORA7B,-1.0,0.000125,0.00071
CPNE5,-0.817,0.000125,0.00071
SCO2,-0.851,0.000125,0.00071
NR2C1,0.269,0.000125,0.00071
C6ORF132,-0.907,0.000126,0.000711
FHOD3,-0.431,0.000126,0.000711
ACTR3B,0.26,0.000126,0.000711
LRRC14,-0.466,0.000126,0.000712
ACVRL1,-0.734,0.000126,0.000713
SPP2,0.411,0.000126,0.000714
RIC1,0.16,0.000126,0.000714
TMEM198,-0.812,0.000126,0.000715
RNF126,-0.717,0.000126,0.000715
LRRC45,-0.644,0.000127,0.000717
TREM1,-1.17,0.000127,0.000719
ZC3H11A,0.158,0.000127,0.000719
CENPE,-0.554,0.000127,0.000719
ACOX2,0.36,0.000127,0.000719
MOGAT1,0.551,0.000127,0.00072
SLC44A2,-0.517,0.000128,0.000722
PRSS12,0.476,0.000128,0.000722
LOC105377374,0.623,0.000128,0.000722
MIR4800,-0.593,0.000128,0.000722
RHOH,-0.604,0.000128,0.000722
PCDHA7,0.27212217,4.27e-06,0.0007249
TEX21P,0.552,0.000128,0.000725
TMEM159,0.30429366,4.3e-06,0.0007258
FANCD2,-0.415,0.000129,0.000727
TRERF1,-0.361,0.000129,0.000727
SULT1C4,-0.541,0.000129,0.000727
ZC3HAV1,0.205,0.000129,0.000727
NHSL1,0.291,0.000129,0.000727
TRIM60,0.33753668,4.37e-06,0.0007299
UCKL1,-0.506,0.00013,0.00073
PATJ,0.239,0.00013,0.000731
GTF2F1,-0.49,0.00013,0.000731
DCAF10,0.208,0.00013,0.000731
BMS1,0.4206505,4.41e-06,0.0007337
LOC105370449,0.531,0.00013,0.000734
ZNF423,-0.46,0.00013,0.000734
ETV3,-0.219,0.00013,0.000734
COBL,0.221,0.000131,0.000735
VPS52,-0.29863711,4.43e-06,0.0007358
EVA1A-AS,0.585,0.000131,0.000736
PRRC2A,-0.441,0.000131,0.000736
WASL,0.238,0.000131,0.000736
C17ORF49,-0.459,0.000131,0.000736
LRCOL1,-1.08,0.000131,0.000736
LOC107986365,0.554,0.000131,0.000737
ARHGEF5,-0.415,0.000131,0.000737
WDR64,0.643,0.000132,0.000739
SNHG9,-1.08,0.000132,0.00074
AOC3,-0.434,0.000132,0.00074
FANCG,-0.302,0.000132,0.00074
SPACA6,-0.646,0.000133,0.000743
SCAMP4,-0.584,0.000133,0.000743
CBR3,-0.586,0.000133,0.000744
ACP5,-0.831,0.000133,0.000744
CRTC3,-0.189,0.000133,0.000744
RAP1GDS1,0.232,0.000133,0.000745
SCNN1D,-0.744,0.000133,0.000745
LOC105370596,0.587,0.000134,0.000748
CCDC102B,-0.626,0.000134,0.000748
PSD3,0.345,0.000134,0.000748
LAMB3,-0.745,0.000134,0.000749
SMIM29,-0.719,0.000134,0.00075
VN1R1,0.432,0.000134,0.000751
CNTROB,-0.325,0.000134,0.000751
C16ORF96,0.2338401,4.6e-06,0.0007513
RPPH1,-0.79,0.000135,0.000753
LOC102724135,-0.531,0.000135,0.000753
CCDC183-AS1,-0.65,0.000135,0.000753
IPCEF1,-0.425,0.000135,0.000754
CDK11B,-0.351,0.000135,0.000755
ZNF607,-0.433,0.000136,0.000756
ATPAF1,0.281,0.000135,0.000756
CEP57L1,0.237,0.000136,0.000757
SLC8A1,-0.337,0.000136,0.00076
PRAM1,-0.667,0.000136,0.00076
LOC105371356,0.554,0.000137,0.000761
HS1BP3,-0.487,0.000137,0.000761
P2RY1,-0.453,0.000137,0.000761
LOC105374663,0.807,0.000137,0.000762
C1ORF122,-0.484,0.000137,0.000762
LOC105373077,-0.439,0.000137,0.000764
ST7-OT3,0.286,0.000137,0.000764
FLT4,-0.676,0.000138,0.000765
TMPRSS11E,0.88,0.000138,0.000765
AP1S2,-0.432,0.000138,0.000765
UNC5A,-0.909,0.000138,0.000765
GLIS3-AS1,-0.64,0.000138,0.000765
PAPLN,-0.86480011,4.78e-06,0.0007679
TBC1D23,0.48478932,4.78e-06,0.0007679
BUB1B,-0.716,0.000138,0.000768
ACADL,0.338,0.000138,0.000768
PCF11-AS1,0.32,0.000139,0.000769
WDR24,-0.705,0.000138,0.000769
LINC01230,-0.22027546,4.82e-06,0.0007708
BORCS8-MEF2B,-0.737,0.000139,0.000771
FTSJ1,-0.329,0.000139,0.000772
MROH7,0.707,0.000139,0.000772
SNORA79B,-0.78,0.00014,0.000774
PARP2,-0.778,0.00014,0.000774
LINC01687,0.43,0.00014,0.000774
AMOTL2,-0.369,0.00014,0.000774
MGRN1,-0.546,0.00014,0.000775
ZNF593,-0.663,0.00014,0.000776
PIGB,0.216,0.00014,0.000776
SRD5A1,0.348,0.00014,0.000776
NOTCH1,-0.648,0.00014,0.000777
LOC105375282,0.918,0.000141,0.000779
GABRE,-0.578,0.000141,0.000779
NOSIP,-0.511,0.000141,0.000779
CLN6,-0.479,0.000141,0.000781
TOP3B,-0.434,0.000141,0.000781
FEN1,-0.38,0.000142,0.000782
BNIP3L,-0.341,0.000141,0.000782
ARRB1,-0.355,0.000142,0.000783
LONP1,-0.588,0.000142,0.000783
CASS4,-0.469,0.000142,0.000784
PI4KB,-0.213,0.000142,0.000784
MANSC4,0.677,0.000142,0.000784
JMJD7-PLA2G4B,-0.487,0.000142,0.000784
LOXL3,-0.241,0.000142,0.000785
DUS1L,-0.609,0.000142,0.000785
LOC102724334,-0.826,0.000142,0.000785
ARHGEF26,0.347,0.000143,0.000785
LOC107984770,-0.792,0.000143,0.000786
AMY2B,0.312,0.000143,0.000787
FAM151B,0.313,0.000143,0.000789
ERCC6L2-AS1,0.413,0.000144,0.00079
LOC105377945,-0.425,0.000143,0.00079
SLC25A33,-0.541,0.000143,0.00079
LOC105369477,0.375,0.000144,0.000791
SLC12A7,-0.572,0.000144,0.000791
POM121,0.27635693,4.98e-06,0.000791
USP20,-0.462,0.000144,0.000792
HEY2,0.314,0.000144,0.000793
LINC01780,0.597,0.000144,0.000794
ARMC1,0.214,0.000144,0.000794
NKAPD1,0.19,0.000145,0.000797
MIR4751,-0.869,0.000145,0.000797
CNOT4,0.153,0.000145,0.000797
ADK,0.293,0.000145,0.000797
SNORA7A,-0.654,0.000146,0.000799
MPV17,-0.249,0.000146,0.000801
SNORA71A,-0.994,0.000146,0.000802
KIF5C,-0.681,0.000146,0.000802
PUS1,-0.474,0.000146,0.000803
VSNL1,0.417,0.000146,0.000803
SSBP1,-0.39527774,5.12e-06,0.0008032
EIF2B5,0.29400098,5.11e-06,0.0008032
TMEM14A,0.364,0.000147,0.000807
SPSB2,-0.758,0.000147,0.000808
RFX1,-0.573,0.000148,0.000811
MZF1,-0.477,0.000148,0.000813
CLCN5,0.294,0.000149,0.000814
ADAL,0.264,0.000149,0.000814
LOC101928622,0.652,0.000149,0.000814
SORCS1,1.07,0.000149,0.000814
SYNE4,-0.638,0.000149,0.000815
SV2A,-0.576,0.000149,0.000815
MELK,-0.861,0.000149,0.000815
TRAF3,-0.264,0.000149,0.000816
TCP10L,0.504,0.000149,0.000816
LOC105377697,0.924,0.00015,0.000817
MIR210HG,-0.673,0.00015,0.000817
LOC107986567,0.957,0.00015,0.000817
PRDM10-DT,0.61,0.00015,0.000818
GIMAP6,-0.518,0.00015,0.00082
HEATR5B,0.183,0.000151,0.000821
CELSR2,-0.598,0.000151,0.000821
GLO1,0.345,0.000151,0.000821
SPRYD4,0.371,0.00015,0.000821
CCR6,-0.713,0.000151,0.000822
INPP4B,-0.554,0.000151,0.000822
LOC101927827,0.558,0.000151,0.000823
GRIN2A,0.667,0.000151,0.000823
EEA1,0.2,0.000151,0.000824
GPR155-DT,0.444,0.000151,0.000824
LOC107984281,0.812,0.000152,0.000825
ZNF782,0.329,0.000152,0.000826
TAS2R46,0.465,0.000152,0.000826
SCAF4,0.186,0.000152,0.000826
SNORA67,-0.514,0.000152,0.000827
GLI4,-0.711,0.000152,0.000828
GPD1L,-0.435,0.000152,0.000828
NDUFA11,-0.852,0.000153,0.000829
C6ORF47,-0.351,0.000153,0.000829
SGCA,-1.06,0.000153,0.000829
ZNF311,0.356,0.000153,0.00083
SNX4,0.259,0.000153,0.000832
SNX31,0.85,0.000153,0.000832
TLDC2,-0.353,0.000154,0.000836
IGHV3-30,-0.9,0.000154,0.000837
SLC39A3,-0.556,0.000154,0.000837
RALY,-0.3,0.000155,0.000838
C8G,-0.991,0.000155,0.000838
RILPL2,-0.31,0.000155,0.000838
RMND5A,0.3,0.000155,0.000838
TPGS2,-0.59366036,5.41e-06,0.0008387
NCLN,-0.735,0.000155,0.000839
LINC02444,1.15,0.000155,0.00084
SH3GL1,-0.647,0.000156,0.000841
LOC107986163,-0.56,0.000156,0.000841
CD37,-0.509,0.000155,0.000841
CYP4V2,0.306,0.000155,0.000841
HPRT1,0.524,0.000156,0.000843
DPEP2,-0.39,0.000156,0.000843
OR4F16,0.631,0.000156,0.000844
NELFE,0.38624077,5.54e-06,0.000846
CIAO3,-0.623,0.000157,0.000847
CAPS2,0.266,0.000157,0.000847
JMJD1C,0.276,0.000157,0.000847
FBXO6,-0.632,0.000157,0.000847
ERP44,0.212,0.000157,0.000847
LINC02418,1.34,0.000157,0.000848
ARFGEF1,0.187,0.000158,0.00085
ARID4A,0.28,0.000158,0.000851
GTF2IRD2B,0.204,0.000158,0.000852
SLC39A13,-0.707,0.000158,0.000852
P2RX4,-0.406,0.000159,0.000854
MARVELD2,0.241,0.000159,0.000855
SRM,-0.567,0.000159,0.000855
SELENOW,-0.444,0.000159,0.000856
LOC101928505,0.368,0.000159,0.000856
LOC112267984,0.496,0.000159,0.000857
DDX27,-0.26,0.000159,0.000857
ANKRD17-DT,0.445,0.000159,0.000857
CDK18,-0.548,0.000159,0.000857
IKZF5,0.258,0.00016,0.000861
CARD9,-1.02,0.00016,0.000862
TXNL1,0.232,0.000161,0.000863
PLBD2,-0.352,0.000161,0.000863
OSBPL8,0.56948417,5.7e-06,0.0008632
LOC107987076,0.691,0.000161,0.000864
ABCB8,-0.652,0.000161,0.000864
ARHGEF4,0.191,0.000161,0.000864
RAB11FIP5,-0.517,0.000161,0.000866
MTRNR2L2,-1.85,0.000161,0.000866
FBXO33,0.252,0.000161,0.000866
RFLNB,-0.492,0.000161,0.000866
ANKMY2,0.201,0.000162,0.000869
CLCN2,-0.444,0.000162,0.00087
PDIA5,0.236,0.000162,0.00087
ADAMTS13,-0.487,0.000162,0.00087
CCDC78,-0.906,0.000163,0.000872
TFPI,0.60051711,5.78e-06,0.0008729
ZC3H11B,0.202,0.000163,0.000873
LY6E,-0.661,0.000163,0.000873
DPT,-0.807,0.000163,0.000874
CTLA4,-1.12,0.000163,0.000874
SLFN12,-0.357,0.000163,0.000874
LOC101928669,0.546,0.000164,0.000875
LOC102724642,0.259,0.000164,0.000875
ZNF554,0.284,0.000164,0.000875
ENO2,-0.514,0.000164,0.000878
FAM53B,-0.387,0.000165,0.000881
DPH2,-0.437,0.000165,0.000882
LECT1,0.29535876,5.91e-06,0.0008826
EXOSC10,-0.35281003,5.94e-06,0.0008836
CITED4,-0.948,0.000166,0.000884
MRGPRE,0.1937365,5.96e-06,0.000884
ATP13A1,-0.539,0.000166,0.000885
EML5,0.214,0.000166,0.000885
SYT7,-0.731,0.000166,0.000886
COMMD5,-0.326,0.000167,0.000889
SERPINB8,-0.644,0.000167,0.000889
GPKOW,-0.364,0.000167,0.000889
MFSD4B,0.26,0.000167,0.000889
TRIM41,-0.343,0.000166,0.000889
ZNF565,0.244,0.000167,0.000893
GABBR1,-0.435,0.000168,0.000896
SVOPL,0.705,0.000168,0.000896
LOC100506071,0.443,0.000168,0.000897
PRRG4,0.358,0.000168,0.000897
CD59,-0.274,0.000168,0.000897
LRRC39,0.333,0.000169,0.000898
C4BPB,0.307,0.000169,0.000898
RUBCNL,-0.441,0.000169,0.000901
AURKAIP1,-0.711,0.000169,0.000901
REEP4,-0.535,0.000169,0.000901
LOC102724770,-0.813,0.000169,0.000901
LOC728024,0.325,0.00017,0.000902
AMY2A,0.329,0.00017,0.000903
BRF2,-0.295,0.00017,0.000904
STK32C,-0.385,0.00017,0.000906
CDKL1,0.229,0.000172,0.000911
VEGFC,-0.516,0.000172,0.000912
NMNAT3,0.22,0.000172,0.000913
PPAN,-0.578,0.000172,0.000913
TMEM106A,-0.277,0.000172,0.000914
CYRIB,-0.295,0.000172,0.000914
GGT2P,-0.74,0.000173,0.000915
PEX19,0.281,0.000173,0.000915
LOC112268079,-0.872,0.000173,0.000915
PIR,0.333,0.000173,0.000918
TOX,-0.498,0.000173,0.000918
RUSC2,-0.44,0.000174,0.00092
CACNB3,-0.518,0.000175,0.000924
CACTIN,-0.682,0.000175,0.000926
SKI,0.40169694,6.34e-06,0.0009267
LOC105379010,0.672,0.000175,0.000928
FBXW9,-0.747,0.000175,0.000928
SRSF1,0.142,0.000176,0.000929
LOC101928548,-0.979,0.000176,0.000929
ARMCX6,-0.334,0.000176,0.000929
MYO19,-0.238,0.000176,0.00093
AK2,0.181,0.000176,0.00093
SNHG7,-0.384,0.000176,0.000931
LOC107986822,0.467,0.000177,0.000932
NDUFA13,-0.728,0.000177,0.000934
TRAF5,-0.442,0.000177,0.000934
LOC107987244,-0.524,0.000177,0.000935
LOC101928415,0.369,0.000177,0.000935
METTL16,0.115,0.000177,0.000935
LOC105369710,0.666,0.000177,0.000935
LOC107984137,0.664,0.000177,0.000936
ZNF442,0.291,0.000178,0.000936
SLAIN1,0.248,0.000178,0.000936
MATCAP1,-0.316,0.000178,0.000937
KAT5,-0.257,0.000178,0.000938
LOC101059949,0.554,0.000178,0.000938
SCG5,0.443,0.000178,0.000939
PRSS8,-0.878,0.000178,0.000939
SBF1,-0.689,0.000179,0.000939
LOC107984601,0.777,0.000179,0.00094
LOC105370811,0.841,0.000179,0.00094
SYT13,-0.934,0.000179,0.000941
SMAD7,-0.414,0.000179,0.000941
RBM48,0.236,0.000179,0.000941
LRWD1,-0.77,0.000179,0.000941
TTC30A,0.285,0.00018,0.000943
TNFRSF10C,-0.801,0.000179,0.000943
LOC107986946,0.553,0.00018,0.000944
GSPT1,0.193,0.00018,0.000944
NUDT9P1,0.486,0.00018,0.000944
RIC3,0.439,0.000181,0.000949
PNMA2,-0.628,0.000181,0.00095
ZNF780A,0.217,0.000182,0.000951
MORN3,-0.734,0.000181,0.000951
CTDSPL2,0.198,0.000181,0.000951
NPNT,-0.757,0.000181,0.000951
LOC107986458,0.575,0.000181,0.000951
PDE6G,-0.854,0.000182,0.000952
FCAMR,-0.904,0.000182,0.000952
CDC14C,0.371,0.000182,0.000954
GDPD5,-0.531,0.000182,0.000954
MED25,-0.343,0.000182,0.000955
IGLV3-19,-0.976,0.000183,0.000956
LOC105378397,0.21881526,6.69e-06,0.0009579
LOC105374013,0.398,0.000184,0.00096
FUT11,-0.337,0.000183,0.00096
PLA2G4C,-0.489,0.000184,0.000961
SNORA70,-0.662,0.000185,0.000966
LOC101928766,0.26566455,6.77e-06,0.0009663
VMP1,-0.721,0.000186,0.000969
ST8SIA3,0.736,0.000185,0.000969
ENTPD1-AS1,-0.326,0.000186,0.000969
PUF60,-0.547,0.000185,0.000969
PROB1,-0.694,0.000186,0.00097
CCAR2,-0.304,0.000186,0.000971
TMEM41A,0.22,0.000186,0.000971
MRPL32,0.279,0.000186,0.000971
SMPDL3A,0.419,0.000186,0.000973
WFS1,-0.556,0.000186,0.000973
UHRF2,0.163,0.000187,0.000973
APRT,-0.691,0.000187,0.000973
USP36,-0.287,0.000187,0.000975
VPS9D1,-0.574,0.000187,0.000976
LOC105371611,0.544,0.000187,0.000976
CCNT2-AS1,0.391,0.000188,0.000981
CYP2T1P,-0.549,0.000189,0.000981
MREG,0.425,0.000188,0.000981
LOC105370461,0.461,0.000189,0.000982
ZNF518A,0.228,0.000189,0.000982
LOC101927189,0.811,0.000189,0.000984
RUNX2,-0.464,0.000189,0.000984
PPP6R3,0.161,0.000189,0.000984
CST7,-0.465,0.00019,0.000985
NDUFB7,-0.877,0.00019,0.000985
TLR5,-0.452,0.000189,0.000985
LYN,-0.296,0.00019,0.000986
GMPS,0.184,0.00019,0.000986
RASGRP2,-0.531,0.00019,0.000988
ATL2,0.209,0.00019,0.000988
REELD1,0.698,0.000191,0.000992
LMAN1,0.299,0.000191,0.000992
APOA1,-0.604,0.000191,0.000992
SCRN1,-0.498,0.000191,0.000992
LOC105372098,0.441,0.000192,0.000993
LOC105376103,-1.47,0.000192,0.000993
C1QC,-1.15,0.000192,0.000994
DPYD-AS1,0.318,0.000193,0.000997
PLA2G12A,0.255,0.000193,0.000998
PDE2A-AS2,-0.502,0.000194,0.001
ALDH16A1,-0.638,0.000193,0.001
IRAK1,-0.554,0.000193,0.001
EOMES,-0.527,0.000194,0.001
TFE3,-0.338,0.000193,0.001
NUDT12,0.272,0.000194,0.001
LOC105369511,0.626,0.000194,0.001
SLC34A2,-0.759,0.000193,0.001
KLHDC8B,-0.377,0.000194,0.001
ATP5F1D,-0.976,0.000195,0.00101
ZNF138,0.278,0.000196,0.00101
SYT1,0.343,0.000197,0.00101
UBE2O,-0.401,0.000195,0.00101
LOC107984425,0.524,0.000195,0.00101
LOC101927954,-0.556,0.000195,0.00101
CDC20,-0.748,0.000197,0.00101
GATA2,-0.87,0.000197,0.00101
PCF11,0.193,0.000197,0.00101
NEURL4,-0.445,0.000195,0.00101
METAP1D,0.228,0.000195,0.00101
LOC101927331,-0.20572997,7.26e-06,0.0010124
GNL3L,0.58890024,7.36e-06,0.0010124
EEF1A1,-0.38665948,7.34e-06,0.0010124
CSHL1,0.35563833,7.36e-06,0.0010124
PLCXD3,-0.772,0.000198,0.00102
ATXN7L3,-0.304,0.000197,0.00102
LOC107986367,0.531,0.000198,0.00102
ARHGAP42,0.248,0.000198,0.00102
MEIOB,0.462,0.000198,0.00102
LOC101927045,0.331,0.000198,0.00102
PARD3,0.124,0.000197,0.00102
PMP2,1.06,0.000199,0.00102
GADD45G,-1.36,0.000198,0.00102
TMEM273,-0.363,0.000198,0.00102
AP3S2,0.23,0.000198,0.00102
ACO1,0.305,0.000198,0.00102
SH3BGRL,-0.406,0.000198,0.00102
TMEM26-AS1,-0.738,0.000201,0.00103
SH3RF2,0.377,0.000202,0.00103
PITPNB,0.204,0.000201,0.00103
PCDH17,-0.691,0.0002,0.00103
SAP30L,0.24,0.000201,0.00103
IGHV4-55,-1.17,0.0002,0.00103
DDR1,-0.629,0.000201,0.00103
HLA-DQB1,-1.17867303,7.54e-06,0.0010308
FKBP3,0.223,0.000204,0.00104
LOC107986065,0.376,0.000203,0.00104
GPX7,-0.532,0.000204,0.00104
C13ORF46,-0.764,0.000204,0.00104
UGT2B4,0.394,0.000202,0.00104
HSD11B1-AS1,0.507,0.000203,0.00104
PRKCQ,-0.488,0.000204,0.00104
ZNF738,-0.41,0.000204,0.00104
IRAK3,-0.44,0.000204,0.00104
LOC107984867,0.583,0.000204,0.00104
HHEX,0.297,0.000203,0.00104
RTCA-AS1,0.413,0.000204,0.00104
FCGR1BP,-0.684,0.000203,0.00104
GUCA1C,0.37228022,7.65e-06,0.0010431
LOC112268144,0.263,0.000206,0.00105
CELF2-AS1,-0.43,0.000205,0.00105
MTMR4,0.256,0.000205,0.00105
PGBD4,0.263,0.000207,0.00105
LMO2,-0.426,0.000206,0.00105
SNORA73A,-0.568,0.000206,0.00105
NRIP3,-0.696,0.000207,0.00105
ZNF483,-0.27871537,7.79e-06,0.0010501
PTPRO,-0.446,0.000209,0.00106
CCNQ,-0.429,0.000207,0.00106
C4BPA,0.396,0.000207,0.00106
ETFB,-0.589,0.000207,0.00106
PLEKHM1,-0.387,0.000208,0.00106
ERMAP,0.208,0.000207,0.00106
C6ORF62,0.18,0.000211,0.00107
TMEM259,-0.662,0.000211,0.00107
RAI2,-0.605,0.00021,0.00107
CALCOCO1,-0.191,0.00021,0.00107
USP40,0.154,0.00021,0.00107
PIGM,0.158,0.000211,0.00107
IGKV1D-12,-0.933,0.00021,0.00107
FRG1FP,0.466,0.00021,0.00107
IFT140,-0.416,0.00021,0.00107
CLDN22,0.268,0.000209,0.00107
PDCD5,0.219,0.000209,0.00107
EIF4G3,-0.188,0.00021,0.00107
P2RX3,0.622,0.00021,0.00107
GEN1,0.495,0.000209,0.00107
SNHG10,0.58929229,8.07e-06,0.0010748
RPL26,-0.59104398,8.19e-06,0.0010783
FOXE3,-0.24651804,8.2e-06,0.0010783
MACF1,0.58278864,8.17e-06,0.0010783
NXPH2,0.28917357,8.13e-06,0.0010783
ZNF93,-0.455,0.000213,0.00108
PIK3R6,-0.448,0.000213,0.00108
DMXL1,0.216,0.000212,0.00108
WSB1,-0.282,0.000213,0.00108
LOC102724057,0.464,0.000214,0.00108
N4BP3,-0.822,0.000214,0.00108
ARHGEF34P,-0.431,0.000213,0.00108
DDX54,-0.524,0.000212,0.00108
TUBB6,-0.351,0.000214,0.00108
LYSMD4,-0.21659015,8.31e-06,0.0010844
BDNF-AS,0.309,0.000216,0.00109
CHPT1,0.243,0.000216,0.00109
ALG10,0.229,0.000215,0.00109
MIR920,0.538,0.000215,0.00109
LOC107984760,0.558,0.000215,0.00109
PVRIG,-0.518,0.000216,0.00109
ARSJ,-0.38,0.000215,0.00109
SUSD6,-0.3,0.000216,0.00109
RAB11B,-0.688,0.000218,0.0011
LOC100289495,0.498,0.000219,0.0011
LOC107986715,0.53,0.000217,0.0011
FAM234A,-0.533,0.000216,0.0011
DUSP7,-0.475,0.000217,0.0011
LOC105369950,0.525,0.000217,0.0011
DUSP22,-0.207,0.000217,0.0011
LOC101927514,0.581,0.000217,0.0011
PSMD14-DT,0.438,0.000217,0.0011
OGFRL1,-0.311,0.000218,0.0011
PCGF2,-0.283,0.000219,0.0011
CFHR2,0.384,0.000218,0.0011
AZGP1,0.351,0.000218,0.0011
TRDC,-0.654,0.000218,0.0011
NRXN1,0.964,0.000221,0.00111
FAM172A,0.23,0.00022,0.00111
H3C4,-0.72,0.000219,0.00111
TNKS1BP1,-0.45,0.000221,0.00111
SRGAP2,-0.201,0.000221,0.00111
LOC105377621,0.564,0.00022,0.00111
CD55,-0.525,0.00022,0.00111
LMO4,-0.56170728,8.73e-06,0.0011157
ITGA6,-0.40244817,8.84e-06,0.0011191
ATP5F1,-0.4599785,8.85e-06,0.0011191
SLC22A25,0.458,0.000222,0.00112
OAZ1,-0.529,0.000223,0.00112
LOC107984116,0.648,0.000223,0.00112
FBF1,-0.427,0.000222,0.00112
SORBS3,-0.475,0.000222,0.00112
BAZ2B-AS1,0.246,0.000221,0.00112
CHMP3-AS1,0.347,0.000223,0.00112
ZDHHC12,-0.931,0.000223,0.00112
LOC101930049,0.2648507,8.89e-06,0.0011206
MAP3K3,-0.345,0.000224,0.00113
TULP3,-0.225,0.000224,0.00113
TOR2A,-0.595,0.000225,0.00113
GPAT2,-0.49,0.000224,0.00113
LOC105369318,0.749,0.000225,0.00113
MYRF,-0.532,0.000226,0.00113
LOC101059906,-0.897,0.000225,0.00113
LOC101927190,0.425,0.000224,0.00113
TCP1,-0.33903199,9.03e-06,0.0011359
SLTM,0.196,0.000228,0.00114
RABL3,0.215,0.000228,0.00114
SGCD,-0.554,0.000228,0.00114
LOC105371123,0.428,0.000226,0.00114
LGALSL-DT,0.438,0.000227,0.00114
GRIN3B,-0.845,0.000228,0.00114
GAB3,-0.356,0.000228,0.00114
HPS3,0.365,0.000228,0.00114
IFNAR1,0.227,0.000227,0.00114
RASA4,-0.584,0.000228,0.00114
LOC105375243,0.493,0.000228,0.00114
ARL2-SNX15,-0.422,0.000227,0.00114
EFCAB13,0.36,0.000226,0.00114
TMEM236,0.43419481,9.21e-06,0.0011463
LUC7L3,-0.54066829,9.31e-06,0.0011493
FITM1,0.98621759,9.31e-06,0.0011493
TEKT2,0.29222842,9.35e-06,0.0011493
ADGRF5,0.64369221,9.37e-06,0.0011493
ADAMTS9,-0.557,0.000229,0.00115
BBOX1-AS1,0.917,0.000231,0.00115
NR2C2AP,-0.469,0.00023,0.00115
SNRPB,-0.58,0.00023,0.00115
TRAF7,-0.6,0.000232,0.00115
LOC107986362,0.546,0.000229,0.00115
DTX1,-0.669,0.000231,0.00115
SP140,-0.399,0.00023,0.00115
ZC3H7A,0.178,0.000231,0.00115
UBXN2B,0.327,0.000231,0.00115
LARP6,-0.503,0.00023,0.00115
KLHDC1,0.361,0.00023,0.00115
PCMTD1-DT,0.32,0.00023,0.00115
RNASEK-C17ORF49,-0.508,0.000231,0.00115
ZNF385B,0.41,0.000231,0.00115
FAM134B,1.01725893,9.44e-06,0.0011513
LINC00596,0.953,0.000234,0.00116
ASAH1,-0.359,0.000234,0.00116
GIMAP1,-0.414,0.000232,0.00116
FLOT1,-0.352,0.000233,0.00116
PPM1A,0.225,0.000233,0.00116
EHD4-AS1,-0.623,0.000233,0.00116
LOC107985251,0.468,0.000233,0.00116
LOC107985244,0.431,0.000232,0.00116
KAZALD1,-0.44489859,9.56e-06,0.0011607
ATP6V0B,-0.43161429,9.67e-06,0.0011618
MGAT5,-0.273,0.000234,0.00117
FBXO3,0.188,0.000236,0.00117
H2BC12L,-0.801,0.000235,0.00117
LOC105374938,0.321,0.000235,0.00117
LOC107986874,0.541,0.000236,0.00117
ZBTB20-AS5,0.46,0.000235,0.00117
DOP1A,0.217,0.000235,0.00117
LOC101928081,0.459,0.000236,0.00117
ROCK1P1,0.28,0.000234,0.00117
EXOC7,0.32726805,9.94e-06,0.0011747
C9ORF84,0.29409036,9.99e-06,0.0011766
CD34,-1.02083017,1e-05,0.0011774
ATXN7L3B,0.18,0.000239,0.00118
RIMOC1,0.228,0.000238,0.00118
MVK,-0.666,0.000237,0.00118
ZKSCAN8,0.178,0.000238,0.00118
POU2AF1,-0.49975003,1.03e-05,0.001189
FLYWCH2,-0.919,0.000241,0.00119
CA11,-0.623,0.00024,0.00119
PITX1-AS1,-0.262,0.00024,0.00119
IGKJ4,-0.95,0.00024,0.00119
DISP1,0.288,0.000241,0.00119
MEAK7,-0.31,0.000241,0.00119
CTU1,-0.605,0.000241,0.00119
LOC107984224,0.453,0.000241,0.00119
ARHGAP45,-0.491,0.000241,0.00119
SNAP25-AS1,-0.659,0.000239,0.00119
CACYBP,0.258,0.000241,0.00119
LOC105374975,1.09,0.00024,0.00119
GABARAPL2,-0.31048787,1.03e-05,0.0011947
SP4,-0.45195327,1.05e-05,0.0011995
SPOPL-DT,0.469,0.000242,0.0012
MLXIP,-0.355,0.000243,0.0012
KDM6A,0.413,0.000243,0.0012
LOC107986126,-0.719,0.000243,0.0012
HCAR3,0.3560411,1.05e-05,0.0012009
MMP23A,-0.32416428,1.06e-05,0.0012009
INCENP,-0.252,0.000244,0.00121
ENTPD8,-0.94,0.000244,0.00121
SLC48A1,-0.34,0.000244,0.00121
LOC107985688,-0.719,0.000245,0.00121
DENND11,0.181,0.000248,0.00122
CXCL10,-0.866,0.000246,0.00122
CDK11A,-0.354,0.000247,0.00122
LOC105376050,0.576,0.000247,0.00122
IQCE,-0.405,0.000247,0.00122
CUL2,0.196,0.000246,0.00122
ADH6,0.425,0.000248,0.00122
EXOC3,-0.264,0.000248,0.00122
LOC105369689,0.424,0.000247,0.00122
RPS6KA6,0.407,0.000247,0.00122
RPS9,-0.543,0.00025,0.00123
DGCR6,-0.791,0.000249,0.00123
LOC102724749,1.07,0.00025,0.00123
PEA15,-0.35,0.000249,0.00123
GAS6-DT,-0.609,0.000251,0.00123
LRIG2,0.204,0.00025,0.00123
PIGQ,-0.906,0.00025,0.00123
CAMK1G,-0.87742383,1.1e-05,0.0012396
LOC107984360,-0.705,0.000252,0.00124
MIR4761,-0.729,0.000252,0.00124
MIIP,-0.717,0.000253,0.00124
BRWD1,0.211,0.000251,0.00124
TEKTIP1,-0.758,0.000254,0.00124
MAPKBP1,-0.295,0.000252,0.00124
SETD9,0.208,0.000253,0.00124
CREB3L1,-1.07,0.000252,0.00124
APOH,0.36,0.000252,0.00124
LOC105370275,0.671,0.000253,0.00124
EPS15-AS1,0.439,0.000251,0.00124
MIR497HG,-0.37,0.000253,0.00124
KAT14,0.185,0.000251,0.00124
CERK,-0.255,0.000254,0.00125
SAA1,-1.19,0.000256,0.00125
LOC107984438,0.332,0.000255,0.00125
DOCK8-AS2,-0.496,0.000256,0.00125
SLC12A2,-0.545,0.000256,0.00125
URM1,-0.375,0.000255,0.00125
ZFP91,0.39320632,1.12e-05,0.0012548
NF1,0.198,0.000256,0.00126
SNAP25,-0.579,0.000256,0.00126
MRPS34,-0.517,0.000258,0.00126
RPL29P2,0.29604979,1.13e-05,0.0012602
CRLF1,0.25760472,1.15e-05,0.0012698
RTN4,0.277,0.000259,0.00127
LIMS3,-0.297,0.000259,0.00127
TRIM13,0.241,0.00026,0.00127
RFXANK,-0.483,0.00026,0.00127
CCDC137,-0.469,0.00026,0.00127
TBCD,-0.283,0.000259,0.00127
IPPK,-0.245,0.00026,0.00127
LINC02919,0.724,0.00026,0.00127
CEP63,0.192,0.000263,0.00128
LOC105374615,0.558,0.000261,0.00128
ZNF30,0.294,0.000262,0.00128
PIN1,-0.645,0.000263,0.00128
LIPT1,0.244,0.000263,0.00128
LOC105370195,0.644,0.000261,0.00128
IGFBP6,-1.07,0.000261,0.00128
C9ORF43,0.424,0.000262,0.00128
TPD52,0.268,0.000262,0.00128
C12ORF75,-0.743,0.000261,0.00128
USP24,0.156,0.000262,0.00128
LOC107987110,-1.07,0.000263,0.00128
DCUN1D5,0.22,0.000262,0.00128
ADAM33,0.30432003,1.17e-05,0.0012822
PIP4K2C,-0.32323882,1.16e-05,0.0012822
ZBED5,-0.5576195,1.16e-05,0.0012822
ACVR1,0.198,0.000265,0.00129
FGF17,-0.718,0.000264,0.00129
COA3,0.21206619,1.18e-05,0.0012942
TNPO2,-0.301,0.000266,0.0013
TRPC5OS,0.833,0.000268,0.0013
MAP1B,-0.793,0.000267,0.0013
CPPED1,0.339,0.000268,0.0013
NXT1,-0.513,0.000267,0.0013
NOTUM,-0.751,0.000267,0.0013
DIO3OS,0.804,0.000268,0.0013
NCMAP,0.391,0.000266,0.0013
HIST1H2BE,-0.23379484,1.19e-05,0.0013022
ERAP1,0.31143868,1.21e-05,0.0013023
PPP1R1B,0.30575086,1.2e-05,0.0013023
DDX19A,0.29770177,1.2e-05,0.0013023
MFGE8,-0.696,0.00027,0.00131
LOC653653,-0.521,0.00027,0.00131
IL2RB,-0.512,0.000271,0.00131
LINC02908,-0.752,0.000269,0.00131
ELFN2,-1.37,0.000269,0.00131
ABTB1,-0.485,0.000271,0.00131
TBCB,-0.446,0.000269,0.00131
OPLAH,-0.894,0.000268,0.00131
CAMKMT,0.309,0.000269,0.00131
ASXL3,0.466,0.00027,0.00131
TMEM91,-0.466,0.000271,0.00131
NCF1C,-0.689,0.00027,0.00131
PARD6B,0.244,0.000269,0.00131
LOC101928705,0.355,0.000273,0.00132
CYB561A3,-0.437,0.000273,0.00132
MDM2,0.26613716,1.24e-05,0.0013287
LOC105379566,0.541,0.000276,0.00133
CDK16,-0.378,0.000274,0.00133
NINJ1,-0.842,0.000273,0.00133
UGDH,0.375,0.000276,0.00133
EYA3,0.151,0.000276,0.00133
LMBRD2,0.221,0.000276,0.00133
CIAO2A,0.27,0.000276,0.00133
MRPL48,0.237,0.000275,0.00133
LOC107986959,-0.739,0.000276,0.00133
DOT1L,-0.462,0.000275,0.00133
FGD4,0.239,0.000274,0.00133
BMAL2,-0.532,0.000275,0.00133
TBRG1,0.14,0.000274,0.00133
C9ORF64,0.243,0.000276,0.00133
TIMM22,-0.216,0.000274,0.00133
TRIM15,-0.713,0.000276,0.00133
MECR,-0.286,0.000275,0.00133
MARCHF2,-0.536,0.000276,0.00133
SCARNA22,-0.713,0.000275,0.00133
LCMT1,-0.33181062,1.26e-05,0.0013381
CAPRIN1,-0.38483531,1.26e-05,0.0013388
CCDC122,0.28624785,1.26e-05,0.0013388
PCNX3,-0.611,0.000277,0.00134
AKAP17A,-0.337,0.000277,0.00134
TIAL1,0.174,0.000277,0.00134
NDUFS4,0.251,0.000278,0.00134
SLFN12L,-0.469,0.000277,0.00134
MYL9,-0.75,0.00028,0.00135
VAMP5,-0.624,0.000279,0.00135
RASL10B,0.687,0.00028,0.00135
PRKAB2,0.332,0.00028,0.00135
ARHGAP33,-0.627,0.00028,0.00135
SYT10,0.883,0.000284,0.00136
CHAF1A,-0.317,0.000282,0.00136
NDUFV1,-0.508,0.000283,0.00136
LOC101927157,0.531,0.000282,0.00136
UBQLN1,0.21,0.000283,0.00136
NOC4L,-0.706,0.000283,0.00136
CUL9,-0.298,0.000283,0.00136
LOC112268045,0.631,0.000284,0.00136
B4GALT7,-0.573,0.000283,0.00136
ZNF3,0.138,0.000283,0.00136
ETFDH,0.307,0.000283,0.00136
NELFA,-0.481,0.000283,0.00136
VAV2,-0.322,0.000282,0.00136
LNX2,0.41733248,1.3e-05,0.0013622
P2RY10,-0.27158899,1.3e-05,0.0013622
COLQ,0.27472135,1.3e-05,0.0013622
LOC101929727,0.522,0.000286,0.00137
MIR10399,0.434,0.000285,0.00137
DOC2A,-0.607,0.000285,0.00137
ZNF320,-0.424,0.000285,0.00137
ITGB4,-0.898,0.000285,0.00137
AKR1B15,-1.99153363,1.34e-05,0.0013789
PGGT1B,0.29326547,1.34e-05,0.0013789
F8,0.40457584,1.34e-05,0.0013789
LOC107985906,0.551,0.000288,0.00138
TRIM28,-0.459,0.000288,0.00138
MGC32805,0.423,0.000289,0.00138
LOC105372618,1.14,0.000288,0.00138
CD109,-0.511,0.000288,0.00138
CYP11A1,-0.55,0.000287,0.00138
OSCAR,-0.628,0.000288,0.00138
MICU1,0.225,0.000288,0.00138
SNX29P2,0.75885113,1.35e-05,0.001388
LOC105374216,0.509,0.000291,0.00139
SRP54,0.224,0.000291,0.00139
GLA,-0.364,0.000289,0.00139
OSTN,0.804,0.00029,0.00139
IPW,0.356,0.00029,0.00139
ZBED2,-0.719,0.000291,0.00139
PLEKHJ1,-0.59,0.00029,0.00139
NARF,-0.283,0.000291,0.00139
DCAF8-DT,0.347,0.000291,0.00139
CHD9,0.185,0.000292,0.00139
B4GALT1,0.53119558,1.37e-05,0.0013953
RIMBP3,0.34418211,1.38e-05,0.0013953
CLEC9A,-0.21695146,1.37e-05,0.0013953
MSI2,0.46420058,1.37e-05,0.0013953
LOC101927531,-0.2214348,1.38e-05,0.0013953
PTPRR,0.31259379,1.38e-05,0.0013953
PRTFDC1,-0.32158522,1.39e-05,0.0013997
NOL6,-0.326,0.000294,0.0014
CENPU,-0.389,0.000294,0.0014
EEF1D,-0.529,0.000292,0.0014
EMC8,-0.239,0.000292,0.0014
CYS1,-0.732,0.000293,0.0014
IGKJ1,-0.849,0.000292,0.0014
SETD5,0.194,0.000294,0.0014
C1S,0.263,0.000294,0.0014
ATG4B,-0.372,0.000296,0.00141
CROT,0.319,0.000295,0.00141
LOC105375199,0.775,0.000296,0.00141
HACD4,-0.315,0.000295,0.00141
GSTA1,0.448,0.000296,0.00141
VPS37A,0.225,0.000295,0.00141
PGM1,0.289,0.000295,0.00141
MAML3,0.243,0.000297,0.00141
TPTE2P6,0.29814462,1.4e-05,0.0014122
RPL36,-0.6051217,1.41e-05,0.0014128
MPC1,0.323,0.000297,0.00142
LOC101927556,0.186,0.000297,0.00142
NIT2,0.261,0.000299,0.00142
FAM124B,0.63,0.000299,0.00142
CTBP2,0.141,0.000298,0.00142
AMIGO2,-0.47,0.000299,0.00142
LOC112267938,0.369,0.000298,0.00142
NR1H2,-0.682,0.000299,0.00142
BICRAL,0.158,0.000299,0.00142
NDN,-0.549,0.000299,0.00142
ACVR2A,0.196,0.000299,0.00142
TWF2,-0.626,0.0003,0.00143
MOB3C,-0.227,0.0003,0.00143
CENPK,-0.641,0.0003,0.00143
XYLT1,-0.469,0.000302,0.00143
MNT,-0.406,0.000301,0.00143
MIDN,-0.593,0.000301,0.00143
KRI1,-0.367,0.0003,0.00143
RNFT1-DT,0.338,0.0003,0.00143
TRPV6,-0.948,0.0003,0.00143
PINLYP,-0.669,0.0003,0.00143
LOC107985767,0.587,0.000303,0.00143
ZNF572,0.355,0.000302,0.00143
DEXI,-0.379,0.000302,0.00143
LOC105372061,-0.901,0.000302,0.00143
ADPRM,0.335,0.000301,0.00143
MCCC2,0.281,0.0003,0.00143
THAP9,0.269,0.000304,0.00144
ACAD9,-0.178,0.000305,0.00144
MICU3,0.343,0.000305,0.00144
PACSIN2,-0.356,0.000305,0.00144
ZNF71,-0.419,0.000304,0.00144
TTF2,-0.242,0.000305,0.00144
CENPT,-0.391,0.000304,0.00144
CDH23,1.07269822,1.44e-05,0.0014412
TMEM41B,0.42551161,1.45e-05,0.0014434
CIBAR1,0.185,0.000306,0.00145
MXD3,-0.331,0.000306,0.00145
PCSK4,-0.814,0.000308,0.00145
FGF14-AS1,0.875,0.000307,0.00145
CAPN7,0.224,0.000307,0.00145
LRRC24,-0.785,0.000307,0.00145
MED16,-0.822,0.00031,0.00146
PIWIL2,0.436,0.000309,0.00146
LSM7,-0.509,0.00031,0.00146
CCDC90B,0.228,0.00031,0.00146
STT3A,0.266,0.000309,0.00146
ZNF267,-0.378,0.000308,0.00146
ZNF160,0.44851089,1.47e-05,0.0014655
SKP2,0.275,0.000312,0.00147
ZNF41,0.157,0.000312,0.00147
LOC107985909,-0.731,0.000311,0.00147
HDAC9,-0.368,0.000312,0.00147
CTPS1,0.421,0.000313,0.00147
PAG1,-0.357,0.000314,0.00148
TTC12,0.256,0.000314,0.00148
GAK,-0.36,0.000314,0.00148
CHRM3,0.727,0.000315,0.00148
UBTD1,-0.965,0.000314,0.00148
ZNF706,0.214,0.000316,0.00148
MROH6,-0.848,0.000315,0.00148
IFT52,-0.47028255,1.5e-05,0.0014804
CPE,-0.73739111,1.5e-05,0.0014804
PPP1CA,-0.320849,1.52e-05,0.0014871
UBAC2-AS1,0.435,0.000318,0.00149
LRRC8C,-0.393,0.000317,0.00149
VIRMA-DT,0.582,0.000317,0.00149
FTCD-AS1,-0.859,0.000317,0.00149
TMEM147-AS1,-0.392,0.000316,0.00149
ANKRD52,-0.298,0.000318,0.00149
RBM10,0.3274122,1.53e-05,0.0014937
TXNRD2,0.60008773,1.53e-05,0.0014951
PKIG,-0.26940614,1.54e-05,0.0014955
FAM105A,-0.32497781,1.54e-05,0.0014955
RPL37A,-0.47300031,1.56e-05,0.001499
APEX1,-0.31317262,1.56e-05,0.001499
UBE2Q2,-0.381,0.000319,0.0015
LOC105377320,0.346,0.000319,0.0015
IGKV3-20,-0.812,0.000318,0.0015
MCF2L2,-0.744,0.000321,0.00151
CSTB,-0.428,0.000321,0.00151
TOGARAM1,0.182,0.000322,0.00151
ASPHD2,-0.516,0.000321,0.00151
RIPOR3,-0.371,0.000321,0.00151
SNORD3A,-0.701,0.000321,0.00151
DACT3,-0.649,0.000321,0.00151
LPA,0.34315911,1.59e-05,0.0015133
CRYGA,0.24008066,1.59e-05,0.0015133
UBN1,0.42576576,1.61e-05,0.0015136
CENPB,-0.666,0.000323,0.00152
SERHL,-0.509,0.000325,0.00152
INSYN2B,-0.418,0.000325,0.00152
MEIS3,-0.879,0.000325,0.00152
LOC101929479,-0.439,0.000325,0.00152
TMEM43,-0.25,0.000324,0.00152
STEAP4,-0.488,0.000323,0.00152
SLC25A10,-0.793,0.000324,0.00152
LOC105377700,0.367,0.000325,0.00152
CCR2,-0.49271753,1.63e-05,0.0015202
TSPAN8,-1.58159211,1.63e-05,0.0015202
SMAD2,0.31908339,1.67e-05,0.0015262
STAT1,-0.80761934,1.65e-05,0.0015262
LOC101929523,0.4213374,1.68e-05,0.0015262
KRT9,0.32390461,1.68e-05,0.0015262
CHML,0.34257019,1.65e-05,0.0015262
SPATA18,-0.63707062,1.64e-05,0.0015262
EIF3K,-0.44881074,1.68e-05,0.0015262
C14ORF166,-0.41838191,1.67e-05,0.0015262
TMEM220,0.334,0.000326,0.00153
MALL,-0.675,0.000326,0.00153
LOC105374040,0.446,0.000326,0.00153
TMEM161A,-0.67,0.000327,0.00153
PROM2,-0.661,0.000326,0.00153
MIR3145,0.578,0.00033,0.00154
MIR568,0.408,0.00033,0.00154
NDUFAF8,-0.399,0.000328,0.00154
UFL1,0.246,0.00033,0.00154
LACC1,-0.289,0.000329,0.00154
ATG12,0.208,0.000331,0.00154
BCDIN3D-AS1,0.26,0.00033,0.00154
RPL3,-0.30911038,1.71e-05,0.0015415
LOC105369714,0.598,0.000331,0.00155
TRIM33,0.167,0.000332,0.00155
HID1,-0.641,0.000333,0.00155
LRBA,0.192,0.000332,0.00155
LINCMD1,0.32581831,1.73e-05,0.0015542
CCDC15-DT,0.67,0.000335,0.00156
CCDC57,-0.422,0.000335,0.00156
OTUD4,0.176,0.000334,0.00156
NUCB1,-0.534,0.000333,0.00156
FAM221A,0.277,0.000335,0.00156
NR2C2,0.41622583,1.75e-05,0.0015605
KITLG,-0.24699819,1.76e-05,0.0015628
LGALS4,-1.78611423,1.76e-05,0.0015628
ILDR1,-0.54961262,1.76e-05,0.0015628
GDNF,-0.27197345,1.78e-05,0.0015698
RPL18,-0.455,0.000338,0.00157
EXOC3L2,-0.526,0.000337,0.00157
AADACP1,0.601,0.000338,0.00157
LOC105369767,-0.724,0.000338,0.00157
LOC107986656,0.454,0.000338,0.00157
JHY,-0.568,0.000339,0.00158
RARS1,0.192,0.00034,0.00158
SLF2,0.181,0.000339,0.00158
STUB1,-0.612,0.00034,0.00158
MFSD3,-0.668,0.000339,0.00158
ABCA3,-0.558,0.00034,0.00158
CCNF,-0.389,0.000344,0.00159
CHST2,-0.508,0.000343,0.00159
SPIRE2,-0.497,0.000341,0.00159
A4GALT,-0.867,0.000341,0.00159
ETV1,0.387,0.000344,0.00159
TMPRSS9,-0.783,0.000341,0.00159
ZNF398,0.158,0.000342,0.00159
ACSL1,0.307,0.000343,0.00159
MYDGF,-0.431,0.000344,0.0016
TRIM17,-0.659,0.000345,0.0016
GJA1,-0.689,0.000345,0.0016
NWD2,0.713,0.000346,0.0016
DHX8,-0.151,0.000345,0.0016
NIBAN1,-0.6,0.000344,0.0016
SYT11,-0.475,0.000344,0.0016
CARD14,-0.543,0.000344,0.0016
RPS2,-0.76843538,1.84e-05,0.0016057
CLDN10,-1.8175193,1.85e-05,0.001606
DNMT3B,0.30692721,1.85e-05,0.001606
RAC1,-0.52006124,1.85e-05,0.001606
TGIF2,-0.269,0.000348,0.00161
MAP2K2,-0.497,0.000348,0.00161
ZFP62,0.198,0.000349,0.00161
LOC105372069,0.579,0.000347,0.00161
LOC107986027,0.51,0.000348,0.00161
DEFB1,-0.58,0.000347,0.00161
MYOM2,0.413,0.000348,0.00161
ARHGAP15,-0.351,0.000348,0.00161
CDH11,-0.782,0.000347,0.00161
ZNF775,-0.27299679,1.88e-05,0.0016162
RAB36,-0.537,0.00035,0.00162
RHOQ,-0.281,0.00035,0.00162
RINT1,0.213,0.000351,0.00162
DDX1,0.211,0.00035,0.00162
TSEN34,-0.439,0.000349,0.00162
ARMC10,0.222,0.000352,0.00162
PDIK1L,0.24,0.000349,0.00162
LINC02819,0.687,0.000349,0.00162
RTP4,-0.5450407,1.89e-05,0.001622
TTC33,-0.31592302,1.9e-05,0.0016221
TMEM136,-0.61545873,1.9e-05,0.0016221
TNFRSF10B,-0.259,0.000354,0.00163
ZDBF2,0.238,0.000354,0.00163
RBM7,0.271,0.000352,0.00163
RIGI,0.254,0.000355,0.00164
C3ORF85,0.476,0.000355,0.00164
CCHCR1,-0.361,0.000355,0.00164
IFT43,-0.284,0.000355,0.00164
UBA7,-0.412,0.000355,0.00164
OPTN,-0.244,0.000356,0.00164
INAFM2,-0.353,0.000355,0.00164
EOGT,-0.307,0.000358,0.00165
SORBS1,0.55156056,1.95e-05,0.0016561
POLR3A,0.38309509,1.96e-05,0.0016588
IGKV1-6,-1.04,0.000361,0.00166
RBM33-DT,0.249,0.00036,0.00166
HGD,0.356,0.000361,0.00166
LOC105274304,0.528,0.000361,0.00166
SAA2,-1.23,0.000361,0.00166
TMEM145,0.28947584,1.99e-05,0.0016664
PER2,0.8668353,1.98e-05,0.0016664
LYVE1,0.74569738,1.98e-05,0.0016664
PDXDC1,0.174,0.000362,0.00167
CEP55,-0.824,0.000363,0.00167
GPM6A,-0.457,0.000364,0.00167
PPM1G,-0.23,0.000363,0.00167
DPY19L2P4,0.602,0.000364,0.00167
CAMSAP1,-0.251,0.000363,0.00167
P4HTM,-0.513,0.000366,0.00168
ORC3,0.216,0.000366,0.00168
LEAP2,-0.432,0.000365,0.00168
MNAT1,0.186,0.000367,0.00168
AIDA,0.2,0.000366,0.00168
AKR1D1,0.488,0.000366,0.00168
ZNF524,-0.75,0.000365,0.00168
IGKV1D-33,-0.902,0.000367,0.00168
FCRLA,-0.67187254,2.02e-05,0.0016846
GCSAM,-0.531,0.00037,0.00169
WDR18,-0.607,0.000369,0.00169
LOC101928462,0.463,0.000369,0.00169
LOC101409256,0.578,0.00037,0.00169
FFAR2,-0.883,0.00037,0.00169
PDLIM5,0.25,0.00037,0.00169
NOTCH2NLA,0.25,0.000369,0.00169
SLC39A8,0.298,0.000368,0.00169
UGT2B17,0.638,0.00037,0.00169
C2CD5,0.184,0.000371,0.0017
CLN5,0.205,0.000372,0.0017
SHISAL1,-0.742,0.00037,0.0017
MUTYH,-0.336,0.000371,0.0017
PRSS37,0.542,0.000371,0.0017
ASB3,0.203,0.000371,0.0017
PHKA1,0.28550634,2.05e-05,0.0017003
PSMC1,0.27488585,2.06e-05,0.001707
MAPK1,0.42611258,2.06e-05,0.001707
TINF2,-0.5488062,2.06e-05,0.0017072
CPEB2-DT,0.626,0.000375,0.00171
PHC2,-0.468,0.000375,0.00171
PPIC,-0.39064927,2.08e-05,0.0017188
ZNF366,-0.30654605,2.09e-05,0.0017198
FAM46A,0.90445009,2.09e-05,0.0017198
GEMIN8P4,0.391,0.000377,0.00172
DDX41,-0.354,0.000377,0.00172
ZHX3,0.258,0.000376,0.00172
HYAL3,-0.734,0.000375,0.00172
SLC35F5,0.206,0.000378,0.00172
RPS15A,-0.43966292,2.1e-05,0.0017203
SUV39H2,0.40927638,2.11e-05,0.0017258
EID2B,-0.23598874,2.11e-05,0.0017258
DPP3-DT,-0.613,0.00038,0.00173
GPR35,-0.735,0.000378,0.00173
PRPF19-DT,0.475,0.000379,0.00173
CMBL,0.383,0.000379,0.00173
DNAAF1,-0.309,0.000379,0.00173
SLC35B4,0.263,0.000379,0.00173
PAAF1,0.192,0.000382,0.00174
TMEM184A,-0.71,0.000382,0.00174
HERC3,0.157,0.000381,0.00174
ZNF197,0.182,0.000381,0.00174
MAPKAPK5,0.165,0.000382,0.00174
LOC101929185,0.313,0.000381,0.00174
POR,-0.595,0.000383,0.00174
SRSF10,0.163,0.000382,0.00174
MST1,-0.515,0.000381,0.00174
SLFN13,-0.447,0.000381,0.00174
ZNF830,0.39690302,2.14e-05,0.0017428
KLLN,0.27032612,2.14e-05,0.0017428
LOC105379012,0.584,0.000385,0.00175
TARP,-0.458,0.000385,0.00175
TAS2R42,0.724,0.000383,0.00175
C8ORF34,0.38594314,2.16e-05,0.0017505
VIRMA,0.208,0.000387,0.00176
FAM169A,-0.563,0.000387,0.00176
LOC107986712,0.454,0.000387,0.00176
TAS1R3,-0.793,0.000387,0.00176
GSK3A,-0.355,0.000387,0.00176
CPM,0.41139562,2.18e-05,0.0017631
LOC107985712,0.602,0.00039,0.00177
CKS2,-0.499,0.00039,0.00177
PLD3,-0.613,0.00039,0.00177
ATXN2,0.162,0.000389,0.00177
MAP2K3,-0.458,0.000389,0.00177
CXCL11,-0.943,0.000389,0.00177
METRN,-0.689,0.000389,0.00177
RAPGEF1,0.27662639,2.22e-05,0.001772
OR8D2,0.18247582,2.24e-05,0.001772
PRTG,0.16018343,2.23e-05,0.001772
C9ORF66,-0.45082328,2.2e-05,0.001772
CNOT8,-0.23029447,2.22e-05,0.001772
PKN2,0.199,0.000394,0.00178
KIF4A,-0.726,0.000393,0.00178
PLB1,-0.501,0.000393,0.00178
AP2A1,-0.483,0.000394,0.00178
HLA-C,-0.5,0.000392,0.00178
KCNMB3,0.275,0.000393,0.00178
ALKBH7,-0.845,0.000393,0.00178
KBTBD4,-0.20476724,2.26e-05,0.0017885
ST3GAL2,-0.327,0.000396,0.00179
LMCD1,-0.662,0.000395,0.00179
ENTPD5,0.359,0.000394,0.00179
ZNF133-AS1,0.486,0.000396,0.00179
FKBP9P1,-0.292,0.000396,0.00179
TMEM171,-0.595,0.000396,0.00179
DYNLL2,0.236,0.000396,0.00179
MARCHF7,0.237,0.000397,0.0018
TMEM184C,0.2,0.000399,0.0018
IDH3G,-0.603,0.000399,0.0018
MTG1,-0.329,0.000397,0.0018
CALR4P,0.626,0.000398,0.0018
PDE4C,-0.568,0.000397,0.0018
SNORA49,-0.749,0.000398,0.0018
LOC105376615,0.303,0.000398,0.0018
ZNF786,-0.277,0.0004,0.00181
PRR14L,0.143,0.0004,0.00181
LOC105370821,0.702,0.0004,0.00181
SELP,-0.539,0.000402,0.00181
ACSM5,0.303,0.0004,0.00181
UTS2,-0.41467703,2.3e-05,0.001812
HNRNPA1P10,-0.60208205,2.31e-05,0.001812
LOC105375427,-0.682,0.000403,0.00182
NDST2,-0.22,0.000403,0.00182
LYPLA2,-0.629,0.000404,0.00182
NKAIN3,0.694,0.000404,0.00182
NUDT4,0.285,0.000403,0.00182
LOC105370103,0.602,0.000403,0.00182
DPP9,-0.386,0.000403,0.00182
ANKRD16,0.222,0.000404,0.00182
SUPV3L1,0.33748338,2.32e-05,0.0018224
B3GALT4,-0.751,0.000406,0.00183
JPX,0.247,0.000407,0.00183
DNAJA2,0.30138397,2.35e-05,0.0018324
PGAM1,-0.53817929,2.35e-05,0.0018324
ZNF799,0.2206859,2.34e-05,0.0018324
PBX1,-0.365,0.000408,0.00184
ZNF660-ZNF197,0.181,0.00041,0.00184
APC2,-0.686,0.000408,0.00184
LOC729737,-0.599,0.000408,0.00184
SUGCT-AS1,0.483,0.000408,0.00184
HLA-E,-0.407,0.000408,0.00184
MAGEA12,0.2046008,2.37e-05,0.0018456
PMAIP1,-0.941,0.000412,0.00185
CCDC73,0.207,0.000412,0.00185
NFATC1,-0.499,0.000413,0.00185
SPIN1,0.17,0.000412,0.00185
ITSN1,0.178,0.000411,0.00185
WDR6,-0.353,0.000412,0.00185
MBD6,-0.425,0.000412,0.00185
OR4F3,0.594,0.000411,0.00185
JCAD,-0.514,0.000411,0.00185
SPIB,-0.942,0.00041,0.00185
DENND2A,-0.321,0.000415,0.00186
CRIM1,-0.476,0.000414,0.00186
UBE2R2,0.163,0.000418,0.00187
SPAG4,-0.646,0.000416,0.00187
CRYBG1,0.229,0.000418,0.00187
HISLA,0.329,0.000418,0.00188
LOC105377452,0.489,0.000421,0.00188
SDF2L1,-0.844,0.000421,0.00188
SLX9,-0.595,0.00042,0.00188
LOC102723382,0.583,0.000424,0.00189
SLC39A7,-0.283,0.000421,0.00189
DHX30,-0.392,0.000423,0.00189
DLSTP1,0.462,0.000422,0.00189
EBF3,0.679,0.000423,0.00189
TNKS2,0.186,0.000421,0.00189
GUK1,-0.724,0.000422,0.00189
UBE2U,0.31028733,2.45e-05,0.0018962
BEX2,-1.04787098,2.45e-05,0.0018986
HOXB2,-0.522,0.000425,0.0019
BBS10,-0.29233383,2.47e-05,0.0019076
PRDM10,0.154,0.000427,0.00191
CBX4,-0.47,0.000428,0.00191
IGKV4-1,-0.823,0.000426,0.00191
LOC101928565,0.432,0.000428,0.00191
LINC01485,-0.501,0.000427,0.00191
MFSD13A,-0.326,0.000428,0.00191
CAPN13,-0.28681128,2.49e-05,0.0019147
LAT2,-0.35709112,2.5e-05,0.001918
RIOK3,0.178,0.000429,0.00192
LOC105372582,0.436,0.00043,0.00192
LOC105376105,1.07,0.00043,0.00192
DPYS,0.318,0.000431,0.00192
ZNF14,-0.411,0.000429,0.00192
WEE2-AS1,0.399,0.00043,0.00192
GPATCH11,0.168,0.00043,0.00192
CKB,-0.908,0.000433,0.00193
THOC6,-0.453,0.000434,0.00193
DYRK1A,0.131,0.000433,0.00193
GNAI2,-0.41826182,2.52e-05,0.001934
SCPPPQ1,0.577,0.000434,0.00194
HAO2,0.385,0.000436,0.00194
ARFGEF3,-0.733,0.000437,0.00194
ADCY10,0.403,0.000436,0.00194
LOC107984198,0.696,0.000435,0.00194
LOC107984253,1.17,0.000434,0.00194
NOXA1,-0.738,0.000436,0.00194
RASA4B,-0.547,0.000439,0.00195
SORCS2,-0.884,0.000439,0.00195
LOC107985986,0.543,0.000439,0.00195
HSF1,-0.553,0.000438,0.00195
PLSCR3,-0.605,0.000439,0.00195
CLEC3B,-0.862,0.000438,0.00195
TRAK1,0.36279244,2.56e-05,0.0019556
PRKRIP1,-0.223,0.000441,0.00196
TYW5,0.178,0.00044,0.00196
ELK3,-0.346,0.000441,0.00196
FGF12,-0.721,0.00044,0.00196
LOC102724288,0.6,0.000442,0.00196
MED13L,0.155,0.000441,0.00196
WDR19,0.242,0.000445,0.00197
SHB,-0.391,0.000444,0.00197
CCDC107,-0.51,0.000446,0.00198
MPZ,0.42,0.000445,0.00198
ETV4,-0.36069343,2.61e-05,0.0019898
MPG,-0.841,0.000449,0.00199
MRPL41,-0.766,0.000448,0.00199
PDZD8,0.222,0.000449,0.00199
ANAPC1P4,0.204,0.00045,0.00199
DMGDH,0.321,0.000449,0.00199
BAZ2B,0.202,0.000449,0.00199
ERGIC2,0.201,0.000449,0.00199
MSANTD3-TMEFF1,-0.343,0.000448,0.00199
MYL3,-0.699,0.000449,0.00199
UBE4B,0.156,0.000449,0.00199
DPM2,-0.496,0.000449,0.00199
WNT9B,-0.23176878,2.63e-05,0.0019923
SLCO1B1,0.391,0.000451,0.002
ZSCAN12,0.234,0.000451,0.002
ITPR1,-0.266,0.000452,0.002
LOC105378842,0.446,0.000453,0.002
REXO1,-0.549,0.000452,0.002
IRF4,-0.578,0.000453,0.002
TYK2,-0.392,0.000453,0.002
GTF2IRD2,0.201,0.000452,0.002
POGZ,0.45972857,2.68e-05,0.0020019
CEP41,-0.32532029,2.68e-05,0.0020019
PPHLN1,0.15,0.000455,0.00201
GUSBP4,0.278,0.000455,0.00201
LOC107987073,0.601,0.000454,0.00201
LOC100652930,0.31195324,2.71e-05,0.0020152
SLC18A1,0.2159356,2.71e-05,0.0020152
LOC112268100,-0.475,0.000458,0.00202
ABHD12,-0.317,0.00046,0.00203
LOC105374160,0.727,0.00046,0.00203
IRAK1BP1,0.271,0.00046,0.00203
EBPL,0.354,0.000461,0.00203
PIR-FIGF,0.306,0.00046,0.00203
UBE2K,0.255,0.00046,0.00203
SF3B5,-0.555,0.000459,0.00203
CYP2C9,0.308,0.000459,0.00203
ZNF596,0.286,0.000459,0.00203
ZNF337-AS1,0.273,0.00046,0.00203
UQCR11,-0.25931587,2.76e-05,0.002032
SLC38A1,-1.02203445,2.79e-05,0.0020348
PRAMEF17,-0.24924555,2.79e-05,0.0020348
FAS,-0.31229388,2.77e-05,0.0020348
DEFB107A,0.19032016,2.8e-05,0.0020348
FAM129B,-0.69614734,2.8e-05,0.0020348
IGLL1,-1.62298299,2.81e-05,0.0020348
SWT1,0.216,0.000463,0.00204
RBM12B,0.191,0.000463,0.00204
PICK1,-0.434,0.000464,0.00204
ALG11,0.156,0.000462,0.00204
ELOB,-0.68,0.000462,0.00204
TOP3A,0.5256669,2.82e-05,0.0020412
STX17,0.238,0.000466,0.00205
GRWD1,-0.377,0.000465,0.00205
MPHOSPH9,0.251,0.000465,0.00205
CHRDL2,-0.722,0.000465,0.00205
TIMM17B,-0.507,0.000468,0.00205
PLIN2,-0.64,0.000466,0.00205
MON1A,-0.534,0.000465,0.00205
IGLV2-8,-1.01,0.000465,0.00205
FAM8A1,0.283,0.000467,0.00205
SBF2,0.193,0.000465,0.00205
GSDMD,-0.744,0.000468,0.00205
ARHGAP39,-0.571,0.000467,0.00205
C8ORF46,0.55190843,2.86e-05,0.002057
NME5,-0.35277216,2.86e-05,0.002057
UHMK1,0.65249566,2.88e-05,0.0020585
LOC107987299,-0.407,0.000468,0.00206
PPP1R3C,0.611,0.000471,0.00206
ZNF700,0.244,0.000468,0.00206
IGKV1-5,-0.864,0.00047,0.00206
RNF14,0.188,0.000471,0.00206
LOC105376037,0.437,0.00047,0.00206
FOXK2,-0.321,0.00047,0.00206
HELZ,0.181,0.00047,0.00206
PRKD2,-0.373,0.000469,0.00206
PLA2G6,-0.437,0.000468,0.00206
STEAP1,0.392,0.000473,0.00207
PBX2,-0.199,0.000472,0.00207
CASP4,-0.266,0.000474,0.00207
UBALD1,-0.967,0.000474,0.00207
OCLN,0.226,0.000473,0.00207
GATA3,-0.452,0.000474,0.00207
ADGRL4,-0.592,0.000472,0.00207
RAPGEF4,0.27,0.000473,0.00207
SYNGR1,-0.517,0.000472,0.00207
TFPI2,-0.727,0.000475,0.00208
UBE2D3-AS1,0.344,0.000476,0.00208
IGKV2-24,-0.933,0.000476,0.00208
ANXA13,-0.65170124,2.94e-05,0.0020888
BTN3A3,-0.212,0.000478,0.00209
STK31,0.465,0.000479,0.00209
SLC38A10,-0.579,0.000479,0.00209
NUDT16L2P,0.363,0.000481,0.0021
C1ORF35,-0.487,0.000481,0.0021
LOC105371038,-0.709,0.00048,0.0021
UFL1-AS1,0.457,0.00048,0.0021
LOC102725051,0.503,0.000481,0.0021
WFDC1,-0.573,0.000484,0.00211
IGHV3-66,-1.04,0.000484,0.00211
ANKRD29,-0.483,0.000483,0.00211
PVRIG2P,-0.579,0.000483,0.00211
LINC02447,0.559,0.000483,0.00211
NBL1,-0.795,0.000482,0.00211
IMPDH2,-0.261,0.000484,0.00211
P3H4,-0.511,0.000484,0.00211
TMEM109,-0.39808049,2.99e-05,0.0021123
SLC9B1,-0.1700368,2.99e-05,0.0021123
LOC100996671,0.22997309,2.98e-05,0.0021123
LOC105369914,-0.531,0.000488,0.00212
SELENOO,-0.672,0.000488,0.00212
RNPS1,-0.3,0.000487,0.00212
OMA1,0.261,0.000487,0.00212
CPNE3,0.224,0.000489,0.00213
PPME1,-0.235,0.000489,0.00213
RPL21,-0.62892662,3.03e-05,0.0021332
UBE2D2,0.28021484,3.04e-05,0.0021348
RALGAPA2,0.45065574,3.04e-05,0.0021349
GNA13,-0.389,0.000491,0.00214
TFEB,-0.461,0.000492,0.00214
P2RY6,-0.512,0.000492,0.00214
LOC107985948,0.558,0.000491,0.00214
LOC105370921,0.665,0.000492,0.00214
CFH,0.286,0.000492,0.00214
RPS15,-0.686,0.000493,0.00214
H2AX,-0.647,0.000495,0.00215
PURA,0.188,0.000494,0.00215
LOC105378973,0.36,0.000495,0.00215
TSPYL2,-0.356,0.000495,0.00215
NDC80,-0.599,0.000494,0.00215
TARS3,0.213,0.000497,0.00215
GRIN3A,0.526,0.000496,0.00215
FBXL15,-0.496,0.000495,0.00215
SHANK3,-0.495,0.000497,0.00215
DCBLD2,0.197,0.000495,0.00215
VXN,0.45,0.000495,0.00215
ANO2,-0.957,0.000496,0.00215
LOC105375692,0.398,0.000497,0.00216
CWC22,0.185,0.000498,0.00216
NTS,-1.02,0.000498,0.00216
LOC107986084,-0.434,0.000498,0.00216
RTL1,-0.705,0.000497,0.00216
RGS11,-0.668,0.000499,0.00216
TCAF2P1,-0.539,0.000502,0.00217
PKD1P4-NPIPA8,-0.451,0.000501,0.00217
SPATS2L,-0.40309763,3.13e-05,0.0021715
CCDC191,-0.26892668,3.11e-05,0.0021715
KHSRP,0.34141408,3.12e-05,0.0021715
OVCA2,-0.22496926,3.11e-05,0.0021715
ANKRA2,-0.277338,3.12e-05,0.0021715
TNS1,-0.306,0.000505,0.00218
HIPK1-AS1,0.507,0.000505,0.00218
UBE2T,-0.676,0.000504,0.00218
TSR3,-0.658,0.000503,0.00218
INAFM1,-0.701,0.000505,0.00218
LOC105378526,-0.429,0.000505,0.00218
PEX1,0.206,0.000502,0.00218
VRK2,0.202,0.000504,0.00218
NOTCH2,0.33372552,3.16e-05,0.0021851
RAD21,0.50780506,3.16e-05,0.0021872
H3F3A,-0.31276816,3.19e-05,0.002189
SLC39A10,-0.36968611,3.18e-05,0.002189
LTF,-0.788,0.000507,0.00219
PPIG,0.191,0.000508,0.00219
CALCRL-AS1,0.39,0.000508,0.00219
TSC22D1,-0.295,0.000508,0.00219
NFYB,0.216,0.000507,0.00219
FAM210A,0.241,0.000506,0.00219
CHRNA2,0.25385684,3.2e-05,0.0021911
UGGT1,0.372178,3.22e-05,0.0021996
ANXA3,-0.695,0.000511,0.0022
MANEA,0.318,0.000509,0.0022
SLC2A13,0.275,0.000511,0.0022
RTL4,0.613,0.00051,0.0022
LOC105379013,0.546,0.000509,0.0022
PCED1B-AS1,-0.433,0.000512,0.00221
RBM47,0.211,0.000513,0.00221
LOC105374152,0.423,0.000514,0.00221
PIWIL4-AS1,-0.564,0.000512,0.00221
ZNF714,-0.426,0.000513,0.00221
LENG9,-0.425,0.000512,0.00221
EGFLAM,0.84712004,3.29e-05,0.0022147
COMMD10,0.161,0.000516,0.00222
A1BG,-0.646,0.000516,0.00222
GFPT2,-0.885,0.000516,0.00222
RBM43,0.234,0.000514,0.00222
UGT1A1,0.494,0.000515,0.00222
FAM86B1,-0.19806395,3.31e-05,0.002224
FOXP4,-0.443,0.000519,0.00223
NRIP1,0.251,0.000518,0.00223
SCP2,0.281,0.000519,0.00223
LOC105375150,1.01,0.00052,0.00223
TPP2,0.202,0.00052,0.00223
YIPF2,-0.623,0.000518,0.00223
DNAJB3,0.576,0.000522,0.00224
RUNX1-IT1,-0.684,0.000521,0.00224
ITGB7,-0.394,0.000523,0.00225
HNF4G,0.233,0.000524,0.00225
ROCK2,0.193,0.000524,0.00225
OCIAD1,0.195,0.000529,0.00226
ZNF146,0.166,0.000529,0.00226
NBPF19,0.295,0.000528,0.00226
ARAP1,-0.381,0.000526,0.00226
GGT3P,-0.897,0.000526,0.00226
GATD1,-0.399,0.000528,0.00226
GTF3C1,-0.202,0.000527,0.00226
DCAF8,0.134,0.000528,0.00226
HSPBP1,-0.674,0.000527,0.00226
ZNF230-DT,0.3,0.000527,0.00226
ARHGAP11A-SCG5,0.356,0.000528,0.00226
TTYH1,-0.60798383,3.39e-05,0.0022606
SEBOX,0.24316701,3.4e-05,0.0022615
CFAP58,0.24060276,3.4e-05,0.0022636
RNF187,-0.425,0.000529,0.00227
SLC7A2,0.418,0.000531,0.00227
CYP2J2,0.287,0.00053,0.00227
NORAD,0.177,0.00053,0.00227
ARFRP1,-0.453,0.00053,0.00227
CCT3,-0.35125642,3.44e-05,0.0022781
TCEA3,0.299,0.000532,0.00228
DYNC1H1,-0.159,0.000533,0.00228
VNN2,-0.607,0.000533,0.00228
HIVEP2,-0.287,0.000534,0.00228
LINC00963,-0.362,0.000534,0.00228
SCARNA9L,0.522,0.000534,0.00228
ABITRAM,0.209,0.000536,0.00229
SNORA37,-0.703,0.000537,0.00229
MLLT3,-0.396,0.000536,0.00229
ZNF334,0.436,0.000536,0.00229
PTGES3,0.244,0.000537,0.00229
CHP1,0.311,0.000537,0.00229
SH3BGRL2,0.322,0.000538,0.0023
SASH1,-0.243,0.000538,0.0023
ARMC6,-0.701,0.000538,0.0023
ILK,-0.336,0.000538,0.0023
SLC41A1,-0.396,0.000538,0.0023
MIB2,-0.545,0.000539,0.0023
IGKV1-12,-0.86,0.000539,0.0023
COG3,0.217,0.000542,0.00231
HSPA1A,-0.574,0.000543,0.00231
FUNDC1,-0.34733931,3.53e-05,0.0023149
SYCP3,0.1917429,3.53e-05,0.0023149
PODXL,-0.27516406,3.54e-05,0.002316
RBBP4,0.42587769,3.54e-05,0.002316
HIST1H4H,-0.16247789,3.56e-05,0.0023166
CCDC106,0.42529151,3.55e-05,0.0023166
RAC3,-0.754,0.000544,0.00232
EMP2,0.247,0.000544,0.00232
GOSR1,0.161,0.000545,0.00232
ARMC9,-0.18996059,3.57e-05,0.0023221
FAXDC2,0.289,0.000547,0.00233
PCDHGA8,0.343,0.000546,0.00233
LINC01205,0.958,0.000548,0.00233
ATG3,0.23923611,3.59e-05,0.0023353
HSD17B4,0.254,0.00055,0.00234
KCTD21-AS1,0.27,0.000548,0.00234
ABHD4,-0.36172056,3.64e-05,0.0023553
PADI4,0.67001188,3.63e-05,0.0023553
RARS2,0.137,0.000554,0.00236
LINC02413,1.05,0.000554,0.00236
REEP5,0.211,0.000554,0.00236
FRMD6,-0.449,0.000554,0.00236
CWF19L1,0.32916738,3.66e-05,0.0023608
LOC105374260,0.272,0.000558,0.00237
MYL6,-0.295,0.000557,0.00237
TMEM51-AS2,-0.615,0.000557,0.00237
TUSC8,0.395,0.000557,0.00237
KIF18A,-0.688,0.000558,0.00237
NCAN,0.39919181,3.73e-05,0.0023767
SMAD5-AS1,0.24493618,3.73e-05,0.0023767
ANGPTL8,-0.973,0.000561,0.00238
HPS6,-0.535,0.00056,0.00238
KLF6,-0.751,0.000561,0.00238
TRGV4,-0.867,0.000562,0.00238
CCSAP,0.206,0.00056,0.00238
DPP3,-0.526,0.00056,0.00238
IGHJ3,-0.879,0.00056,0.00238
NR2F2,-0.65940789,3.75e-05,0.0023805
ITGB6,-1.09,0.000565,0.00239
LOC107986786,0.535,0.000565,0.00239
SLC27A1,-0.51,0.000565,0.00239
NLGN2,-0.451,0.000565,0.00239
LOC105376972,0.628,0.000565,0.00239
OSBPL10,-0.291,0.000563,0.00239
ULK1,-0.616,0.000564,0.00239
PRRT2,-0.679,0.000563,0.00239
COL8A1,-0.819,0.000564,0.00239
TRIM16L,0.348,0.000568,0.0024
COL15A1,-1.06,0.000566,0.0024
LOC100652999,0.231,0.000566,0.0024
GREP1,-0.779,0.000567,0.0024
CYB561,-0.336,0.000568,0.0024
LDOC1,-0.86286461,3.8e-05,0.0024003
ZNF705D,0.19969801,3.8e-05,0.0024003
EIF3B,0.3483998,3.79e-05,0.0024003
RHOA,-0.2953794,3.81e-05,0.0024003
DGKD,-0.35761317,3.84e-05,0.0024026
CCDC86,-0.519,0.000569,0.00241
MEI4,0.728,0.000569,0.00241
ZEB2,-0.296,0.00057,0.00241
CD63-AS1,-0.433,0.000568,0.00241
RNF213,-0.22,0.000571,0.00241
FTO,0.115,0.000572,0.00241
DGCR6L,-0.757,0.000571,0.00241
LOC107984615,0.7,0.000571,0.00241
LOC283038,0.375,0.000571,0.00241
FEZ1,0.35542242,3.87e-05,0.0024164
SAP18,0.33185846,3.89e-05,0.002419
NEU1,-0.35265246,3.89e-05,0.002419
SULT1A1,0.23574158,3.89e-05,0.002419
PTPRN2,-0.505,0.000573,0.00242
VEZT,0.152,0.000572,0.00242
ABHD8,-0.804,0.000574,0.00242
RPL23AP64,-0.6879761,3.92e-05,0.0024248
LOC105376018,0.382,0.000575,0.00243
RB1-DT,0.532,0.000576,0.00243
GET3,-0.598,0.000576,0.00243
CFAP410,-0.461,0.000576,0.00243
HS6ST1,-0.546,0.000576,0.00243
ASB11,0.30462711,3.95e-05,0.0024343
VASH2,-0.28946881,3.95e-05,0.0024343
AMMECR1,0.26250225,3.97e-05,0.002439
FAM150A,-0.879461,3.98e-05,0.002439
CS,-0.30526535,3.97e-05,0.002439
CDH5,-0.574,0.000578,0.00244
CP,0.38,0.000579,0.00244
SERF2,-0.53,0.000578,0.00244
WDR31,0.254,0.000582,0.00245
PON1,0.403,0.000582,0.00245
EXPH5,0.372,0.000583,0.00245
PRPF6,-0.258,0.000582,0.00245
ZMYND19,-0.44,0.000583,0.00245
LRRC74A,-0.19722455,4.04e-05,0.0024517
DHRS7C,0.18231105,4.02e-05,0.0024517
NAP1L1,-0.38027407,4.06e-05,0.0024553
LTBP1,-0.28,0.000584,0.00246
LCORL,0.209,0.000585,0.00246
ASPSCR1,-0.64,0.000588,0.00247
SHLD2,0.213,0.000588,0.00248
ABCG2,0.428,0.000589,0.00248
LRP6,0.263,0.000589,0.00248
CCDC168,0.495,0.000593,0.00249
BRE,-0.46974891,4.16e-05,0.0024986
AOC2,0.24779671,4.17e-05,0.0024986
ISCU,-0.37832062,4.18e-05,0.0024986
SLX1A,-0.342,0.000596,0.0025
OFD1,0.212,0.000594,0.0025
LOC107987085,1.08,0.000595,0.0025
METTL18,0.274,0.000594,0.0025
ZBTB25,-0.21714753,4.22e-05,0.0025084
DENND4C,0.20081156,4.22e-05,0.0025084
ESCO1,0.169,0.000599,0.00251
EVC2,-0.545,0.000596,0.00251
RGS17,0.412,0.000597,0.00251
POFUT2,-0.227,0.000599,0.00251
ABCF3,-0.271,0.000599,0.00251
SLC9A7P1,-0.612,0.000598,0.00251
TRIB3,-0.661,0.000597,0.00251
SVIP,0.215,0.000599,0.00251
SNRPG,0.26,0.000597,0.00251
CRADD-AS1,0.408,0.000602,0.00252
LOC102723576,0.579,0.000601,0.00252
ANAPC16,0.189,0.000602,0.00252
SDHC,0.209,0.0006,0.00252
YEATS4,0.289,0.0006,0.00252
NAB2,-0.539,0.000603,0.00253
SFXN1,0.248,0.000608,0.00255
CC2D1B,-0.224,0.00061,0.00255
NOD1,-0.239,0.000609,0.00255
FAM162A,0.307,0.000608,0.00255
LINC02605,0.472,0.00061,0.00255
EDDM3A,0.31828422,4.32e-05,0.0025597
ZNF426,-0.293,0.000611,0.00256
LOC105371578,0.355,0.000613,0.00256
SLC6A19,-0.872,0.000613,0.00256
LINC01376,0.41,0.000612,0.00256
SIKE1,0.207,0.000613,0.00256
LOC105374739,0.471,0.000611,0.00256
ZNF622,0.3435813,4.35e-05,0.0025693
RTEL1,-0.471,0.000617,0.00257
PTCSC1,-0.524,0.000614,0.00257
ACMSD,0.305,0.000617,0.00257
MPLKIP,0.364,0.000616,0.00257
GTF2A1-AS1,0.425,0.000617,0.00257
RAD17,0.173,0.000617,0.00257
RARG,-0.494,0.000614,0.00257
NME1-NME2,-0.299,0.000614,0.00257
TIGD1,0.266,0.000615,0.00257
DENND4B,-0.292,0.000614,0.00257
RBBP7,-0.44669305,4.37e-05,0.0025776
OXNAD1,0.213,0.00062,0.00258
RBM4B,0.141,0.000617,0.00258
CEBPB,-0.517,0.000618,0.00258
ERCC5,0.151,0.000619,0.00258
DNAJC5,-0.386,0.000618,0.00258
RUBCN,-0.201,0.000617,0.00258
OR5H1,0.16226748,4.39e-05,0.0025841
PANK3,0.31537793,4.4e-05,0.0025859
CALCRL,-0.484,0.000621,0.00259
LOC105375829,0.797,0.000621,0.00259
PDS5B,0.194,0.000622,0.00259
SNORA70F,0.497,0.000622,0.00259
ELOVL7,-0.638,0.000624,0.0026
AS3MT,0.313,0.000624,0.0026
SNORA104,-0.355,0.000625,0.0026
FAM110A,-0.518,0.000625,0.0026
THAP4,-0.519,0.000625,0.0026
RBMS3,-0.363,0.000625,0.0026
FBXL2,-0.35689609,4.46e-05,0.0026052
TSNAX,-0.19447659,4.47e-05,0.0026088
ARG1,0.334,0.000628,0.00261
PLCD3,-0.503,0.000629,0.00261
SCNN1A,-0.43,0.000627,0.00261
LINC00924,-0.707,0.000629,0.00262
LOC105379426,0.531,0.000631,0.00262
NAALADL2-AS3,0.659,0.00063,0.00262
SPSB3,-0.63,0.00063,0.00262
CNPPD1,-0.337,0.000631,0.00262
RMI2,-0.838,0.000629,0.00262
TRIM65,-0.364,0.000631,0.00262
ZC3HAV1L,-0.372,0.000631,0.00262
BEND3,-0.19973542,4.52e-05,0.0026266
CDHR1,-0.16413136,4.52e-05,0.0026289
YTHDC1,0.148,0.000633,0.00263
PSMD12,0.206,0.000635,0.00263
NOTCH4,-0.476,0.000633,0.00263
ZBTB20-AS4,0.466,0.000637,0.00264
HLA-DQA1,-0.846,0.000637,0.00264
LINC01515,0.441,0.000636,0.00264
LOC105371129,0.421,0.000635,0.00264
E4F1,-0.744,0.00064,0.00265
SMYD5,-0.278,0.00064,0.00265
FANCA,-0.318,0.000641,0.00265
MICOS13,-0.666,0.000641,0.00265
PCAT19,-0.402,0.000639,0.00265
CNGA1,0.399,0.00064,0.00265
RNASEK,-0.472,0.000643,0.00266
AADACL2,0.676,0.000643,0.00266
BRCC3,0.212,0.000642,0.00266
MEX3A,0.393,0.000644,0.00266
LMBR1L,-0.224,0.000641,0.00266
ALDH5A1,0.276,0.000643,0.00266
ALKBH4,-0.427,0.000644,0.00266
TSTA3,-0.50432308,4.61e-05,0.0026692
HNRNPC,-0.30695756,4.62e-05,0.0026692
ZBTB10,0.36933005,4.61e-05,0.0026692
SLC35D2,0.182,0.000648,0.00267
AFG1L,0.202,0.000648,0.00267
MARCHF9,-0.322,0.000647,0.00267
TFCP2L1,0.773,0.000646,0.00267
ZNF692,-0.346,0.000648,0.00267
FBRS,-0.43,0.000648,0.00267
PRORSD1P,0.384,0.000646,0.00267
FAM47E,0.411,0.000647,0.00267
NUMA1,-0.294,0.000647,0.00267
RPS3A,-0.46926874,4.63e-05,0.0026707
FOXN3,0.47325433,4.64e-05,0.0026728
PIEZO2,-0.283,0.000649,0.00268
LOC105378724,0.593,0.000649,0.00268
UBTF,-0.207,0.000648,0.00268
ECI1,-0.56,0.00065,0.00268
WASH3P,-0.475,0.00065,0.00268
LOC107984670,-0.829,0.00065,0.00268
FAM120C,0.169,0.000653,0.00269
UTP14C,0.155,0.000651,0.00269
IRF2,0.137,0.000654,0.00269
NETO2,-0.675,0.000653,0.00269
FRS2,0.196,0.000652,0.00269
HMG20A,0.111,0.000654,0.00269
C14ORF28,0.225,0.000652,0.00269
RUFY3,0.40422437,4.7e-05,0.0026932
CXORF21,-0.22219069,4.72e-05,0.0026986
SETD3,0.30777263,4.73e-05,0.0026986
LOC105369919,0.415,0.000658,0.0027
YIPF4,0.184,0.000654,0.0027
DAAM2-AS1,0.42,0.000657,0.0027
GP5,0.696,0.000657,0.0027
PPT1,-0.304,0.000655,0.0027
LOC730101,0.578,0.000656,0.0027
PDXP-DT,-0.472,0.000655,0.0027
SNTG1,0.707,0.000656,0.0027
GDI2,0.23,0.000655,0.0027
PCDHGB8P,0.454,0.000656,0.0027
IQCC,-0.25777413,4.76e-05,0.0027073
GOLGA2P7,-0.406,0.00066,0.00271
C12ORF40,0.366,0.00066,0.00271
TUBB2B,-0.848,0.000659,0.00271
LOC105377927,0.44,0.00066,0.00271
PLAC8,-0.505,0.000662,0.00272
ZNF276,-0.341,0.000663,0.00272
INTS9,-0.254,0.000663,0.00272
ANKRD44,-0.237,0.000663,0.00272
WDR37,0.29286297,4.8e-05,0.0027202
ZASP,-0.678,0.000666,0.00273
MMADHC-DT,0.339,0.000665,0.00273
LOC105373713,0.428,0.000664,0.00273
NEK9,0.123,0.000666,0.00273
TUBA1B,-0.54,0.000665,0.00273
EIF1AX,0.25,0.000665,0.00273
FCGR3B,-0.632,0.000665,0.00273
LOC107987100,0.601,0.000665,0.00273
OAS1,-0.683881,4.85e-05,0.0027359
SPACA1,0.19979634,4.85e-05,0.0027359
AIFM3,-0.22822348,4.84e-05,0.0027359
ANGEL2,0.159,0.000668,0.00274
STK19,-0.303,0.000668,0.00274
RTN4RL1,-0.756,0.00067,0.00274
TH2LCRR,0.248,0.00067,0.00274
SENP3-EIF4A1,-0.342,0.000668,0.00274
VARS1,-0.372,0.00067,0.00274
C10ORF88,0.238,0.000667,0.00274
PKD1P3-NPIPA1,-0.386,0.000668,0.00274
LOC112267943,0.425,0.000669,0.00274
LOC112268147,0.25,0.000669,0.00274
NSUN5,-0.297,0.000669,0.00274
ZNF493,-0.27061834,4.86e-05,0.0027411
SLC17A1,0.405,0.000672,0.00275
PACRG-AS3,0.562,0.000672,0.00275
LOC102724379,0.596,0.000672,0.00275
MARCO,-0.91,0.000672,0.00275
LOC101927283,-0.589,0.000675,0.00276
SPCS2,0.241,0.000676,0.00276
LOC100996842,-0.479,0.000674,0.00276
DLX4,0.19715251,4.91e-05,0.0027626
CCNB1IP1,0.287,0.000678,0.00277
MBP,0.165,0.000678,0.00277
ZNF112,0.215,0.000678,0.00277
EFS,-0.601,0.000679,0.00277
MTERF4,0.207,0.00068,0.00277
SCN1B,0.19778298,4.96e-05,0.0027707
CLTB,-0.25495781,4.96e-05,0.0027707
HIST2H2BF,0.2599939,4.97e-05,0.0027707
LINC01096,0.24525576,4.99e-05,0.0027745
CARS1,-0.323,0.000682,0.00278
LIMD1-AS1,0.227,0.000683,0.00278
WDR97,-0.586,0.000682,0.00278
PLEKHG4,-0.679,0.000681,0.00278
CPQ,0.209,0.000683,0.00278
VPS37B,-0.287,0.000683,0.00278
ETS2,-0.592,0.000681,0.00278
SOX17,-0.726,0.000683,0.00278
SRD5A1P1,0.501,0.000681,0.00278
KIF26B,-0.388,0.000684,0.00279
TFDP1,0.25690554,5.06e-05,0.0027998
ALG10B,0.21,0.000688,0.0028
RTEL1-TNFRSF6B,-0.468,0.000687,0.0028
KIR2DS3,-0.20680299,5.09e-05,0.0028093
VTI1B,0.192,0.000691,0.00281
RNPC3,0.26,0.000692,0.00281
ZFR,0.175,0.000691,0.00281
TEX12,0.463,0.00069,0.00281
LOC105378369,0.642,0.000691,0.00281
MFSD12,-0.467,0.00069,0.00281
ITIH2,0.309,0.000691,0.00281
LOC105370846,0.379,0.000693,0.00282
SMARCD1,-0.173,0.000693,0.00282
DZIP1,-0.352,0.000694,0.00282
DPH6,0.254,0.000695,0.00282
CITED2,0.303,0.000694,0.00282
HEXA,-0.201,0.000696,0.00282
MTMR12,0.156,0.000696,0.00282
C2ORF68,0.136,0.000693,0.00282
UBE2S,-0.565,0.000694,0.00282
PPWD1,0.185,0.000694,0.00282
METTL8,0.187,0.000694,0.00282
PER3,0.55,0.000696,0.00282
MGST1,0.325,0.000694,0.00282
ALS2CL,-0.409,0.000697,0.00283
KPNB1,0.129,0.000701,0.00284
H4C2,-0.589,0.000701,0.00284
ZNF594,0.318,0.000701,0.00284
SNORA64,-0.985,0.0007,0.00284
MSTO2P,-0.248,0.000699,0.00284
MIGA1,0.181,0.000699,0.00284
LOC100128079,-0.42,0.000702,0.00284
C5-OT1,0.304,0.0007,0.00284
HIVEP1,0.71656574,5.21e-05,0.0028423
ADAM21,0.20136301,5.25e-05,0.0028423
EBF1,-0.44975961,5.26e-05,0.0028423
EIF2B1,-0.29623991,5.26e-05,0.0028423
APOL3,-0.99922274,5.28e-05,0.0028423
PNMAL1,-0.37026192,5.24e-05,0.0028423
WBP1L,0.245,0.000705,0.00285
SERTAD3,-0.514,0.000705,0.00285
DNAJC6,-0.579,0.000705,0.00285
TSEN54,-0.352,0.000704,0.00285
ATG4D,-0.605,0.000703,0.00285
SNPH,-0.733,0.000706,0.00286
ZNF707,-0.382,0.000711,0.00287
TGFBR2,-0.365,0.00071,0.00287
NINL,-0.31964276,5.36e-05,0.0028754
FAM19A5,-0.24583479,5.37e-05,0.0028757
LRRFIP2,0.6225706,5.38e-05,0.0028769
ATL1,-0.37967307,5.39e-05,0.0028774
LOC101927252,0.443,0.000714,0.00288
LOC105371042,-1.11,0.000714,0.00288
LOC107987171,0.621,0.000711,0.00288
EIF4A1,-0.35,0.000713,0.00288
TBX21,-0.59,0.000711,0.00288
USHBP1,-0.556,0.000712,0.00288
SSH3,-0.485,0.000711,0.00288
FAM24B,-0.38239451,5.43e-05,0.0028946
SLC30A3,0.25592806,5.43e-05,0.0028946
PHAX,0.171,0.000717,0.0029
RGS7BP,-0.633,0.000718,0.0029
LINC00702,-0.20901225,5.48e-05,0.0029045
TTPAL,0.66211338,5.51e-05,0.0029056
ARID4B,0.51773189,5.51e-05,0.0029056
RPS6,-0.46149853,5.5e-05,0.0029056
NDUFB2-AS1,-0.739,0.00072,0.00291
ZNF350,0.17,0.000722,0.00291
LOC112268035,0.449,0.000724,0.00292
SLC5A11,0.754,0.000723,0.00292
BARD1,-0.326,0.000724,0.00292
C19ORF48,-0.532,0.000723,0.00292
METTL23,0.197,0.000722,0.00292
MX2,-0.518,0.000723,0.00292
VPS51,-0.593,0.000728,0.00293
AAAS,-0.274,0.000727,0.00293
ST13P4,0.315,0.00073,0.00294
LOC107986544,0.921,0.000729,0.00294
SSBP2,-0.43,0.00073,0.00294
COLGALT1,-0.356,0.00073,0.00294
ENPP5,-0.752,0.00073,0.00294
LOC102724748,0.239,0.00073,0.00294
LOC105371814,0.289,0.000732,0.00295
TIMP3,-0.448,0.000734,0.00295
KCNJ2,-0.579,0.000733,0.00295
FOLR2,-0.842,0.000734,0.00295
LINC01934,-0.634,0.000733,0.00295
LINC01881,0.296,0.000735,0.00295
GRAP,-0.562,0.000734,0.00295
LRRC27,-0.284,0.000738,0.00296
WEE2,0.477,0.000738,0.00296
ZNF888,-0.409,0.000738,0.00296
OPALIN,0.17009668,5.69e-05,0.0029687
LOC107985930,-0.499,0.000738,0.00297
ERCC1,-0.324,0.000742,0.00298
MRPL17,-0.263,0.000741,0.00298
MB,-0.868,0.000742,0.00298
DDX6,0.18,0.000741,0.00298
RUVBL1,-0.27954878,5.73e-05,0.0029817
SELM,-1.03638593,5.76e-05,0.0029817
STRAP,-0.29489538,5.77e-05,0.0029817
SLC17A8,0.58767536,5.77e-05,0.0029817
ADCY1,1.13124583,5.77e-05,0.0029817
CZ1P-ASNS,-0.453,0.000744,0.00299
LINC01712,0.517,0.000746,0.00299
SLC25A22,-0.762,0.000745,0.00299
CCDC40,-0.415,0.000747,0.00299
CYB5R3,-0.488,0.000744,0.00299
MSANTD4,0.201,0.000748,0.003
CUL5,0.179,0.000749,0.003
TTC27,0.164,0.000747,0.003
SCT,-0.19479829,5.82e-05,0.0030056
LOC101928212,-0.426,0.00075,0.00301
HJV,0.294,0.000752,0.00301
MIR421,0.385,0.000752,0.00301
FKBP8,-0.731,0.000751,0.00301
TAS2R43,0.24116131,5.85e-05,0.0030153
RPL9,-0.50171425,5.86e-05,0.0030153
SMG7,0.177,0.000755,0.00302
NCOR2,-0.448,0.000754,0.00302
STX17-DT,0.443,0.000755,0.00302
EGFR,0.25,0.000754,0.00302
RHOQ-AS1,-0.474,0.000758,0.00303
SPATA20,-0.471,0.000758,0.00303
PPM1B,-0.30756329,5.9e-05,0.0030355
ZNF558,0.185,0.000762,0.00304
P4HA2,-0.325,0.000761,0.00304
WAKMAR2,-0.496,0.00076,0.00304
PLA2G4C-AS1,-0.56,0.000762,0.00304
STPG3,-0.764,0.000761,0.00304
ZCWPW2,0.315,0.000762,0.00304
TSHR,0.454,0.000761,0.00304
SHISAL2A,-0.663,0.000759,0.00304
LINC02246,0.343,0.000763,0.00305
DHRS7,-0.56415846,5.95e-05,0.0030541
POM121L10P,0.27335304,5.97e-05,0.0030584
NAA80,-0.551,0.000765,0.00306
LOC101927793,-0.824,0.000765,0.00306
CPNE2,-0.448,0.000767,0.00306
PAXBP1,0.198,0.000766,0.00306
EDC4,-0.382,0.000766,0.00306
DR1,-0.36458742,6e-05,0.0030666
ABLIM1,0.27637065,6.02e-05,0.0030666
GPI,-0.4237615,6.01e-05,0.0030666
TLCD3A,-0.313,0.00077,0.00307
ONECUT1,0.239,0.000771,0.00307
SYMPK,-0.351,0.00077,0.00307
S100A13,-0.461,0.000771,0.00307
SIGLEC8,-0.816,0.000771,0.00307
HACL1,0.256,0.000771,0.00307
CALB1,0.525,0.000769,0.00307
SPINK13,0.67,0.000769,0.00307
USP11,-0.339,0.000774,0.00308
ZNF536,1.03,0.000772,0.00308
XPO1,0.181,0.000772,0.00308
FBXW11,-0.35115881,6.07e-05,0.003088
MTRF1,0.186,0.000777,0.00309
TMEM98,-0.5132842,6.11e-05,0.0030994
NATD1,-0.366,0.000779,0.0031
LOC339059,-0.852,0.00078,0.0031
WDR46,-0.319,0.00078,0.0031
AGO1,0.166,0.000778,0.0031
THOC1,0.181,0.000778,0.0031
LINC00347,0.2933003,6.12e-05,0.0031006
PURG,0.30307812,6.14e-05,0.0031061
APEX2,-0.325,0.000783,0.00311
AP3D1,-0.364,0.000782,0.00311
LINC02535,1.09,0.000781,0.00311
CST3,-0.41198656,6.19e-05,0.0031169
SRSF6,0.46331478,6.23e-05,0.0031298
GAS8,-0.315,0.000788,0.00313
TDRD12,0.643,0.000787,0.00313
LINC01018,0.369,0.000789,0.00313
SALL4,0.502,0.000788,0.00313
ERF,-0.547,0.000791,0.00314
XKR4,0.974,0.00079,0.00314
CYP4X1,0.462,0.000789,0.00314
TBC1D22A,-0.234,0.000795,0.00315
METTL2B,0.165,0.000793,0.00315
TSPAN15,-0.418,0.000795,0.00315
PTGES2,-0.546,0.000793,0.00315
CUEDC2,-0.381,0.000795,0.00315
MIRLET7BHG,-0.647,0.000794,0.00315
DLL4,-0.618,0.000795,0.00315
ERICH3,0.592,0.000796,0.00316
FASTK,-0.609,0.000796,0.00316
MYCN,-0.41043243,6.32e-05,0.0031686
TCTEX1D2,-0.35247978,6.33e-05,0.0031689
BAZ1B,0.119,0.0008,0.00317
LOC105373785,0.302,0.0008,0.00317
LGSN,0.30300869,6.35e-05,0.003176
VPS28,-0.467,0.000802,0.00318
MCRIP2,-0.854,0.000804,0.00318
RAPGEF2,0.17,0.000804,0.00318
PAXIP1-AS2,0.152,0.000802,0.00318
WDR12,0.175,0.000804,0.00318
IGHV3-33,-0.827,0.000804,0.00318
BCAP31,-0.341,0.000802,0.00318
ADGRL2,0.242,0.000806,0.00319
PBRM1,0.164,0.000806,0.00319
DPH7,-0.273,0.000805,0.00319
RPS5,-0.482,0.000806,0.00319
RIBC1,0.447,0.000807,0.00319
SLC15A5,0.702,0.000806,0.00319
CRTC1,-0.483,0.000805,0.00319
NUDT4P2,0.295,0.000811,0.0032
NPTXR,-0.749,0.000809,0.0032
PRR7-AS1,-0.555,0.00081,0.0032
SRF,-0.41,0.00081,0.0032
POLG2,-0.32241633,6.44e-05,0.0032057
LOC101928701,0.708,0.000813,0.00321
SUN1,-0.12,0.000811,0.00321
ALG14-AS1,0.534,0.000817,0.00322
FPR2,-0.924,0.000817,0.00322
ZKSCAN2,0.192,0.000815,0.00322
SPG7,-0.261,0.000815,0.00322
RFX2,-0.497,0.000817,0.00322
VSIG4,-0.728,0.000817,0.00322
PHKG1,-0.223,0.000817,0.00322
SUPT3H,0.302,0.00082,0.00323
LIN7B,-0.624,0.000821,0.00323
SLC28A1,-0.379,0.00082,0.00323
LOC105374524,0.529,0.000818,0.00323
LOC105376281,-0.739,0.000821,0.00323
ADCK5,-0.627,0.00082,0.00323
MAL,-0.53670454,6.53e-05,0.0032369
RIC8A,-0.2729084,6.53e-05,0.0032375
RGR,0.25163772,6.55e-05,0.0032396
PHF23,-0.3,0.000823,0.00324
SNORD32A,-0.594,0.000822,0.00324
CCDC47,0.194,0.000822,0.00324
ANKS1B,-0.38,0.000821,0.00324
ATP5G2,-0.27860917,6.57e-05,0.0032468
INTS4,0.169,0.000827,0.00325
GPR85,-0.727,0.000825,0.00325
HAAO,0.345,0.000827,0.00325
VSIG10,-0.258,0.000827,0.00325
NAPSB,-0.487,0.000824,0.00325
GDPD3,-0.486,0.000826,0.00325
NKAIN3-IT1,0.649,0.00083,0.00326
EDRF1,0.191,0.000828,0.00326
REX1BD,-0.639,0.000832,0.00327
UCHL5,0.201,0.000834,0.00328
LOC105377576,0.354,0.000836,0.00328
D2HGDH,-0.489,0.000835,0.00328
NBPF14,0.227,0.000835,0.00328
ODR4,0.18,0.000839,0.00329
DPY19L4,0.233,0.000838,0.00329
LINC02666,0.508,0.000838,0.00329
DCAF11,0.319,0.000842,0.0033
MYNN,0.191,0.000842,0.0033
MAB21L2,-0.348,0.000842,0.0033
LOC105369697,0.429,0.000842,0.0033
HRC,-0.541,0.000841,0.0033
COQ5,0.216,0.00084,0.0033
EXOSC3,0.166,0.000841,0.0033
SLC35F2,-0.55504404,6.7e-05,0.0033075
ARL2,-0.652,0.000846,0.00331
FAM204A,0.143,0.000844,0.00331
CTTN,-0.243,0.000846,0.00331
CPTP,-0.685,0.000844,0.00331
CLEC4G,1.06873862,6.73e-05,0.0033134
C21ORF91,0.27110235,6.72e-05,0.0033134
MKRN2,0.161,0.000847,0.00332
RBM33,0.161,0.000847,0.00332
FBXL13,0.359,0.000849,0.00332
SYTL4,0.60721526,6.76e-05,0.0033208
FAM150B,-1.64735373,6.75e-05,0.0033208
MRPL4,-0.69,0.00085,0.00333
UBE2G1,0.237,0.00085,0.00333
CLDN9,-0.727,0.000852,0.00333
ESRP2,0.212,0.00085,0.00333
ADCY4,-0.496,0.000849,0.00333
KLRC4,-0.613,0.000852,0.00333
RUNDC1,-0.175,0.000855,0.00334
PINX1,-0.281,0.000856,0.00334
C11ORF80,-0.337,0.000855,0.00334
LOC107987361,0.477,0.000854,0.00334
IGHV5-51,-0.92,0.000853,0.00334
UBE3B,-0.31244677,6.84e-05,0.0033424
AP5M1,0.23429276,6.82e-05,0.0033424
LOC105373848,0.53,0.000857,0.00335
MAP2K5,0.227,0.000859,0.00336
TBPL1,0.226,0.00086,0.00336
PCBP3,-0.72,0.000859,0.00336
LOC105371472,0.622,0.00086,0.00336
FYN,-0.243,0.00086,0.00336
UBE2D4,0.179,0.000859,0.00336
ARHGEF10L,-0.19621358,6.89e-05,0.0033612
HIST1H2BK,-0.68658981,6.91e-05,0.0033627
PACSIN3,0.73763291,6.91e-05,0.0033627
RBM18,0.21682167,6.92e-05,0.003364
RDX,0.228,0.000863,0.00337
HLA-DQB1-AS1,-1.03,0.000863,0.00337
HEY1,-0.449,0.000862,0.00337
NAGS,-0.28707505,6.94e-05,0.0033702
RPL23A,-0.45522753,6.99e-05,0.0033787
TMED1,-0.555,0.000865,0.00338
EPS8L2,-0.59,0.000866,0.00338
PGAM4,-0.50001262,7.07e-05,0.0033836
ABCD4,0.26211625,7.02e-05,0.0033836
MRPS21,-0.295084,7.08e-05,0.0033836
CEP250,-0.25554529,7.02e-05,0.0033836
PARS2,-0.18456267,7.08e-05,0.0033836
ENPEP,0.271,0.000868,0.00339
GALNS,-0.337,0.000868,0.00339
TRPM3,0.385,0.000868,0.00339
CLDN18,-0.599,0.000868,0.00339
ACPT,0.45168528,7.12e-05,0.0033973
OBI1,0.187,0.000873,0.0034
DTD2,0.209,0.000874,0.0034
GGT1,-0.63,0.000874,0.0034
IGKV3-11,-0.753,0.000874,0.0034
BCAN-AS1,-1.21,0.000874,0.0034
CKAP4,-0.286,0.000874,0.0034
HLA-L,-0.413,0.000875,0.00341
RBAK-RBAKDN,0.256,0.000875,0.00341
LOC105376718,-0.559,0.000875,0.00341
APOA1-AS,-0.507,0.000876,0.00341
HOMEZ,0.237,0.000877,0.00341
FOXN4,-0.906,0.000879,0.00342
CCZ1P-OR7E38P,0.223,0.000878,0.00342
OR2A1,0.23348298,7.2e-05,0.0034252
EIF3F,-0.45465723,7.2e-05,0.0034252
LINC01391,-0.2080982,7.21e-05,0.0034252
HSDL2,0.268,0.000883,0.00343
NSMF,-0.484,0.000883,0.00343
MZT1,-0.376,0.000884,0.00343
SNX22,-0.343,0.000882,0.00343
C3ORF14,-0.50657516,7.26e-05,0.003432
SPG21,0.28569451,7.28e-05,0.003432
NUDT4B,0.29,0.000886,0.00344
TTI1,0.118,0.000884,0.00344
CIB1,-0.347,0.000889,0.00345
CBX2,-0.63,0.000889,0.00345
CDIP1,-0.332,0.000888,0.00345
IMMP2L,0.267,0.000888,0.00345
BBS4,0.194,0.000887,0.00345
LOC101928338,1.32,0.000889,0.00345
KCNC3,-0.417,0.000891,0.00346
LOC107984433,0.462,0.000891,0.00346
SNX27,0.142,0.000891,0.00346
COMMD1,0.149,0.000894,0.00347
DSTN,-0.37676042,7.39e-05,0.00347
VANGL2,-0.647,0.000899,0.00348
OR13C9,0.802,0.000898,0.00348
XPO4,0.152,0.000897,0.00348
UBR5,0.159,0.000898,0.00348
ZNF397,0.191,0.000899,0.00348
LOC107985690,-0.635,0.000897,0.00348
C2ORF16,0.387,0.0009,0.00348
HRH1,-0.54,0.000901,0.00349
THAP11,-0.346,0.000901,0.00349
SYT9,0.292,0.000903,0.00349
BCAR3-AS1,0.316,0.0009,0.00349
ATXN1-AS1,0.283,0.000902,0.00349
ANKRD13B,-0.644,0.0009,0.00349
SLC25A39,-0.56,0.000901,0.00349
SUN2,0.40431352,7.47e-05,0.0034959
BORCS7,-0.47176766,7.48e-05,0.0034959
LACTB,-0.30542952,7.51e-05,0.0034999
TPT1,0.269,0.000905,0.0035
LOC107985917,0.315,0.000906,0.0035
ACTB,-0.51411046,7.54e-05,0.0035099
WDR75,0.177,0.000907,0.00351
RALGAPA1,0.193,0.000908,0.00351
TMC3,0.6,0.000908,0.00351
CDC25A,-0.548,0.000908,0.00351
NDUFAF7,0.172,0.000908,0.00351
TENT2,0.168,0.000911,0.00352
RPL36AL,-0.24518299,7.63e-05,0.0035255
ENKUR,0.1604479,7.66e-05,0.0035287
KIAA1586,0.197,0.000916,0.00353
ZFPM1,-0.702,0.000915,0.00353
GNPTG,-0.448,0.000916,0.00353
FAM185BP,0.278,0.000913,0.00353
MEF2C-AS2,-0.57,0.000914,0.00353
RPS26P11,-0.577,0.000916,0.00353
INPP5F,0.19719341,7.7e-05,0.0035373
ARHGAP29,0.177,0.000919,0.00354
COQ6,0.249,0.000917,0.00354
EIF3G,-0.384,0.000919,0.00355
LOC102723769,0.591,0.00092,0.00355
CAMTA2,-0.343,0.000919,0.00355
TIGD2,0.285,0.000921,0.00355
RPS13,-0.42998284,7.76e-05,0.0035546
SLC10A7,0.197,0.000923,0.00356
CMTR1,-0.154,0.000925,0.00356
MAPK14,0.116,0.000923,0.00356
LOC102723639,0.56,0.000924,0.00356
SEPT1,-0.20676072,7.81e-05,0.0035687
CFAP47,0.681,0.000928,0.00357
FGD5,-0.391,0.000927,0.00357
PPIE,0.19303638,7.84e-05,0.0035731
RPS19BP1,-0.45,0.00093,0.00358
SLC35B2,-0.3807819,7.89e-05,0.0035861
GTF2A1,0.28884022,7.89e-05,0.0035861
HSPD1,0.263,0.000934,0.00359
LOC105369509,0.45,0.000933,0.00359
SH2D4A,0.269,0.000934,0.00359
BORCS6,-0.632,0.000934,0.00359
ACTR3C,0.309,0.000934,0.00359
EIF5B,0.23938188,7.94e-05,0.0035904
GGT6,-0.884,0.000937,0.0036
ARRDC5,-0.56,0.000937,0.0036
ZNF620,0.208,0.000936,0.0036
PKD1L1,0.257,0.000938,0.0036
TEC,0.235,0.000936,0.0036
GDAP2,0.163,0.000939,0.0036
PSMA3,0.19,0.000935,0.0036
SF3A2,-0.608,0.000938,0.0036
NIPBL,0.179,0.000938,0.0036
TLR4,-0.349,0.000937,0.0036
TMEM63A,-0.328,0.000935,0.0036
RAVER1,-0.48,0.00094,0.00361
ORC1,-0.556,0.00094,0.00361
ZNF81,0.171,0.00094,0.00361
ADCK2,-0.363,0.000941,0.00361
TNRC6A,0.227,0.000945,0.00362
RERG,-0.622,0.000944,0.00362
ZNF804A,0.767,0.000949,0.00363
H2BC15,-0.586,0.000946,0.00363
USP5,-0.381,0.000949,0.00363
AGTRAP,-0.589,0.000948,0.00363
IGHV3-48,-0.848,0.000946,0.00363
SPINK1,-1.51,0.000947,0.00363
LINC00467,0.238,0.00095,0.00364
LOC105373225,0.856,0.000949,0.00364
HPR,1.10036545,8.06e-05,0.003641
NRARP,-0.688,0.000955,0.00365
LOC100996740,-0.416,0.000954,0.00365
NUDT6,0.271,0.000955,0.00365
SIGLEC7,-0.505,0.000952,0.00365
KIAA1217,0.182,0.000954,0.00365
LOC100996379,0.414,0.000955,0.00365
C8ORF58,-0.361,0.000957,0.00366
IGF1,0.595,0.000956,0.00366
CBLN4,0.708,0.000957,0.00366
LOC101927538,0.493,0.000956,0.00366
MAP4,0.62944705,8.15e-05,0.0036676
UBE2L6,-0.56271471,8.16e-05,0.0036698
LOC107984218,0.608,0.000963,0.00368
TBCEL,0.2,0.000965,0.00368
TCAF2,-0.395,0.000964,0.00368
CFAP276,0.685,0.000963,0.00368
FBXO42,-0.25605517,8.22e-05,0.003687
DDX5,-0.221,0.000968,0.00369
FSBP,0.307,0.000967,0.00369
LOC107985046,0.389,0.000968,0.00369
TMEM115,-0.474,0.000965,0.00369
OR51E2,0.17509939,8.26e-05,0.0036976
SAP25,-0.7,0.000969,0.0037
ANKRD24,0.58150262,8.32e-05,0.0037049
RTN3,0.29405404,8.32e-05,0.0037049
LMF1,-0.19286313,8.33e-05,0.0037049
GPR182,-0.17839528,8.32e-05,0.0037049
KCNE3,-0.371,0.000974,0.00371
CORO2B,-0.45,0.000973,0.00371
CEP95,0.217,0.000974,0.00371
ZC3H8,0.236,0.000972,0.00371
UQCR10,-0.40325561,8.4e-05,0.0037116
ZNF619,0.185,0.000975,0.00372
ARV1,-0.29662271,8.49e-05,0.0037282
BRPF1,-0.308,0.000979,0.00373
IGHV3-23,-0.781,0.00098,0.00373
RPL10,-0.348,0.000979,0.00373
CHN2-AS1,0.432,0.00098,0.00373
HIF1A-AS2,-0.494,0.000978,0.00373
GNG5,-0.34559036,8.5e-05,0.0037314
UBQLN2,0.182,0.000983,0.00374
C12ORF29,0.227,0.000984,0.00374
UXS1,-0.238,0.000982,0.00374
HSDL2-AS1,0.272,0.000981,0.00374
DEPDC4,0.311,0.000983,0.00374
RNR1,-1.41,0.000984,0.00374
ASB15,0.902,0.000987,0.00375
SLC35F6,-0.387,0.000986,0.00375
HEXA-AS1,0.429,0.000985,0.00375
NUDT16-DT,0.451,0.000984,0.00375
SF3B1,0.33298109,8.57e-05,0.0037583
SAMD10,-0.595,0.000988,0.00376
CACTIN-AS1,-0.772,0.000988,0.00376
UBN2,0.206,0.000989,0.00376
RAD51AP2,0.508,0.000991,0.00376
TTC41P,0.392,0.00099,0.00376
PHF2,-0.238,0.000991,0.00377
PBXIP1,-0.302,0.000992,0.00377
ECT2L,0.477,0.000992,0.00377
IMP4,0.33306086,8.63e-05,0.0037787
PAXBP1-AS1,0.23,0.000996,0.00378
ADGRD1,-0.651,0.000996,0.00378
LOC107987267,0.609,0.000997,0.00378
LAMP1,-0.346,0.000995,0.00378
LOC105372926,0.508,0.001,0.00379
SKAP1-AS2,-0.712,0.000999,0.00379
REREP3,0.537,0.001,0.00379
SNORA47,-0.851,0.000999,0.00379
RNF32,0.263,0.001,0.00379
ATPSCKMT,0.216,0.000998,0.00379
LOC105373349,0.504,0.000998,0.00379
ABHD12B,0.531,0.001,0.00379
FAM126B,0.44804318,8.67e-05,0.0037922
BRME1,-0.498,0.001,0.0038
LOC105370823,0.438,0.001,0.0038
ZNF317,-0.157,0.001,0.0038
IGHV3-21,-0.828,0.001,0.0038
P2RY13,-0.55,0.001,0.0038
ZBTB21,0.62383765,8.71e-05,0.0038009
SGCB,-0.23309609,8.74e-05,0.0038032
SH3KBP1,-0.39521079,8.75e-05,0.0038078
SNX24,-0.29620982,8.77e-05,0.0038094
GNG11,-0.464,0.00101,0.00381
ENDOD1,-0.377,0.00101,0.00381
ARPIN-AP3S2,0.205,0.00101,0.00381
ZNF282,-0.422,0.00101,0.00381
EPHX2,0.229,0.00101,0.00381
NAA10,-0.363,0.00101,0.00381
DNAJB9,0.51286689,8.82e-05,0.0038149
ZNF644,0.22662299,8.81e-05,0.0038149
ULK2,-0.24975602,8.81e-05,0.0038149
GPAA1,-0.657,0.00101,0.00382
CACNA2D2,-0.435,0.00101,0.00382
ATXN10,0.173,0.00101,0.00382
APOE,-0.722,0.00101,0.00384
INPP5B,0.149,0.00102,0.00384
MIR5706,0.652,0.00102,0.00384
ADH7,0.664,0.00102,0.00384
LOC107987103,0.595,0.00101,0.00384
SORL1-AS1,0.422,0.00102,0.00384
ADAM12,-0.482,0.00102,0.00384
PSMB2,-0.32956959,8.92e-05,0.003841
SLC38A2,0.65764114,8.96e-05,0.0038471
AIF1L,-0.28989582,8.96e-05,0.0038471
TLCD4,0.335,0.00102,0.00385
ZNF439,-0.427,0.00102,0.00385
RPL8,-0.434,0.00102,0.00385
MFAP3L,0.329,0.00102,0.00385
DHX16,-0.222,0.00102,0.00386
TOMM20L-DT,0.449,0.00103,0.00387
TPM1-AS,-0.572,0.00103,0.00387
CLYBL-AS2,0.487,0.00103,0.00387
S100A10,-0.94459994,9.09e-05,0.003874
RBSN,0.32704547,9.08e-05,0.003874
RNF19A,0.56500788,9.09e-05,0.003874
CDHR3,0.481,0.00103,0.00388
ZNF502,0.289,0.00103,0.00388
MAPKAPK2,-0.324,0.00103,0.00388
LDAH,0.159,0.00103,0.00388
VSTM5,0.57,0.00103,0.00389
FUT4,-0.342,0.00103,0.00389
CIPC,0.36253466,9.17e-05,0.0038949
RASSF7,-0.673,0.00103,0.0039
ETV7,-0.698,0.00104,0.0039
FCGR2B,-0.538,0.00104,0.0039
CACNA2D1,-0.494,0.00104,0.0039
APOB,0.29,0.00104,0.0039
TJP3,-0.5,0.00104,0.0039
MPV17L2,-0.636,0.00104,0.0039
PSMD6-AS2,0.333,0.00104,0.0039
WEE1,0.83980691,9.2e-05,0.0039013
CHD7,0.41366264,9.21e-05,0.0039013
IFT172,-0.28214201,9.23e-05,0.0039065
DDX49,-0.497,0.00104,0.00391
KATNB1,-0.606,0.00104,0.00391
MAN1A1,0.28,0.00104,0.00391
ZBTB8OS,-0.23416779,9.27e-05,0.0039146
PDE5A,0.262,0.00104,0.00392
GAPT,-0.501,0.00104,0.00392
SLC2A1,-0.656,0.00104,0.00392
PRRC2B,-0.269,0.00104,0.00392
PCDHA13,0.701,0.00104,0.00392
ZNF776,0.162,0.00104,0.00392
SNX21,-0.213,0.00105,0.00393
INTS12,0.162,0.00105,0.00393
COQ8B,-0.492,0.00105,0.00393
HMGN3,0.181,0.00105,0.00393
LCN12,-0.586,0.00105,0.00394
SRP54-AS1,0.356,0.00105,0.00394
CYP1B1,-0.74394176,9.36e-05,0.0039429
LOC101928760,0.16953955,9.39e-05,0.0039443
GFOD2,0.62853705,9.39e-05,0.0039443
RAD51,0.65169709,9.41e-05,0.0039445
CYB5R1,0.31960002,9.43e-05,0.0039451
FAM13A,0.204,0.00105,0.00395
CCNT2,0.211,0.00105,0.00395
WDR4,-0.383,0.00106,0.00396
PSMC6,0.189,0.00106,0.00397
EMC2,0.188,0.00106,0.00397
EMC10,-0.22630465,9.53e-05,0.0039752
TRPC3,0.652,0.00106,0.00398
LOC101929418,0.59,0.00106,0.00398
POMGNT1,-0.296,0.00106,0.00398
LOC100132287,-0.514,0.00106,0.00398
GPCPD1,0.29675777,9.55e-05,0.003981
LOC107984234,-0.589,0.00107,0.00399
KLB,0.393,0.00107,0.00399
ZNF540,0.279,0.00106,0.00399
RAD9A,-0.447,0.00107,0.004
CCDC102A,-0.701,0.00107,0.004
HDHD5,-0.319,0.00107,0.00401
LOC112268219,-0.506,0.00107,0.00401
FCF1,0.166,0.00107,0.00401
RGS7,1.55,0.00107,0.00401
LOC101929643,0.535,0.00108,0.00402
LOC107984459,0.386,0.00108,0.00402
LOC105377177,1.27,0.00107,0.00402
SP1,0.167,0.00108,0.00402
SRRT,0.35505945,9.68e-05,0.0040234
LINC00626,-0.26432739,9.76e-05,0.0040246
LOC646938,0.27427039,9.71e-05,0.0040246
LHX6,-0.47945513,9.75e-05,0.0040246
OR1S2,0.16825772,9.8e-05,0.0040286
STAP2,-0.478,0.00108,0.00403
SPG11,0.168,0.00108,0.00403
DEPDC1B,-0.23196161,9.84e-05,0.004037
TPM2,-0.655,0.00109,0.00405
GPR171,-0.638,0.00108,0.00405
ZYG11B,0.277,0.00108,0.00405
MST1R,-0.722,0.00109,0.00406
FYB2,0.3,0.00109,0.00406
ZNF567-DT,0.343,0.00109,0.00406
LOC101927073,0.536,0.00109,0.00406
ZNF768,-0.341,0.00109,0.00406
MYCBP2,0.168,0.00109,0.00406
LINC02982,-0.743,0.00109,0.00407
MVD,-0.844,0.00109,0.00407
LOC105378519,0.293,0.00109,0.00407
XPNPEP1,-0.219,0.00109,0.00407
TOM1,-0.493,0.00109,0.00407
KRAS,0.187,0.00109,0.00408
PIGW,0.221,0.0011,0.00408
CYBRD1,-0.496,0.00109,0.00408
B9D1,-0.38772442,0.000101,0.0040837
BTNL9,-0.443,0.0011,0.00409
IGLV3-10,-1.16,0.0011,0.00409
SSTR1,0.389,0.0011,0.00409
ZMYM4-AS1,0.223,0.0011,0.00409
BOC,-0.558,0.0011,0.00409
PSAT1,0.399,0.0011,0.00409
SLC15A1,-0.31728211,0.000101,0.0040902
KIAA1211L,-0.60713413,0.000101,0.0040902
PIGO,-0.16820424,0.000102,0.0040949
ARHGEF15,-0.1955047,0.000102,0.0040991
NOP14,0.49324213,0.000102,0.0040991
KIF16B,-0.25979819,0.000102,0.0040991
TNFRSF11B,-0.516,0.0011,0.0041
KIAA1107,0.21,0.0011,0.0041
RUNX3-AS1,-0.592,0.0011,0.0041
SPAG1,0.27601138,0.000102,0.0041001
SUB1,-0.33118625,0.000102,0.0041001
WDHD1,-0.409,0.00111,0.00411
LINC01144,0.434,0.0011,0.00411
LINC02532,0.452,0.00111,0.00411
ZNF76,-0.303,0.0011,0.00411
LDLRAD3,-0.405,0.00111,0.00411
TJAP1,-0.287,0.00111,0.00412
LOC105379263,0.584,0.00111,0.00412
FGFR1,-0.399,0.00111,0.00413
LOC107986187,0.434,0.00111,0.00413
GLRX5,0.271,0.00111,0.00413
RPL30,-0.27708233,0.000104,0.0041372
ABCA8,0.292,0.00112,0.00415
EXT1,-0.341,0.00112,0.00415
LOC105379272,0.514,0.00112,0.00415
SLC18A2,0.15871113,0.000105,0.0041559
RPAP2,0.205,0.00112,0.00416
CD276,-0.362,0.00112,0.00416
PLK4,-0.438,0.00112,0.00417
PSAP,-0.309,0.00112,0.00417
CCNG2,-0.28048234,0.000106,0.0041727
CDKN2A,-0.42289822,0.000106,0.0041766
TTC3,0.45791841,0.000106,0.0041766
SIRPG,-0.714,0.00113,0.00418
DMKN,-0.7,0.00113,0.00419
FAM53C,-0.239,0.00113,0.00419
GANAB,0.40982609,0.000107,0.0041969
ATOSB,-0.345,0.00113,0.0042
PLK1,-0.473,0.00113,0.0042
SMIM2,0.515,0.00113,0.0042
SMIM14,0.311,0.00114,0.00421
GTPBP6,-0.51,0.00114,0.00421
CD22,-0.713,0.00114,0.00421
IGHV3-11,-0.868,0.00114,0.00422
RCN3,-0.461,0.00114,0.00422
ATP6V0A1,-0.168,0.00114,0.00422
RBKS,0.224,0.00114,0.00424
SZT2,-0.264,0.00115,0.00424
PSENEN,-0.432,0.00114,0.00424
CCDC18,0.258,0.00115,0.00424
HIST1H2AG,-0.225595,0.000109,0.0042422
TCEA2,-0.21899606,0.000109,0.0042454
TRIM8,-0.294,0.00115,0.00425
ZSCAN25,0.368,0.00115,0.00425
ACADVL,-0.306,0.00115,0.00426
LOC105379163,0.49,0.00115,0.00426
LOC105369850,0.499,0.00116,0.00427
MAPK8,0.201,0.00116,0.00427
BAIAP2,-0.421,0.00116,0.00428
DNPEP-AS1,0.527,0.00116,0.00428
HDAC8,0.207,0.00116,0.00428
YIF1B,-0.67,0.00116,0.00428
MRPS31,0.178,0.00116,0.00428
C19ORF57,0.19388445,0.00011,0.0042836
KCND3-IT1,0.495,0.00116,0.00429
LOC105375879,0.432,0.00117,0.0043
KDSR,0.216,0.00117,0.0043
MIR4721,-0.892,0.00117,0.0043
RPRML,-0.2742749,0.000111,0.0043021
GCGR,-0.685,0.00117,0.00431
TRAPPC8,0.215,0.00117,0.00431
INTS6L,-0.414,0.00117,0.00431
ATAD1,0.176,0.00117,0.00431
FAM184B,0.30244297,0.000112,0.0043105
NBEA,-0.35094241,0.000112,0.004311
HTT-AS,-0.19194363,0.000112,0.004312
RCAN2,-0.82350512,0.000112,0.0043141
NAIF1,-0.313,0.00117,0.00432
LOC105376325,-0.603,0.00117,0.00432
THOC7,0.232,0.00117,0.00432
PCNA,-0.336,0.00117,0.00432
LOC100996720,-0.442,0.00117,0.00432
CHADL,-0.581,0.00117,0.00432
PTPRB,0.47654093,0.000113,0.0043248
STARD8,0.36365239,0.000112,0.0043248
ZNF460,0.2031416,0.000113,0.0043248
EDNRB,-0.37,0.00118,0.00433
LINC02097,-0.705,0.00117,0.00433
ELF2,0.155,0.00118,0.00433
TIGD5,-0.541,0.00118,0.00433
MN1,0.27467628,0.000114,0.0043371
DNASE1L3,0.80554441,0.000114,0.0043396
UBE2E2,0.257,0.00118,0.00434
LOC102723439,0.349,0.00118,0.00434
LINC02580,-0.66,0.00118,0.00434
INCA1,-0.366,0.00118,0.00434
TCEAL3,-0.369,0.00118,0.00434
CARM1,-0.396,0.00118,0.00435
LOC107985497,-0.65,0.00119,0.00435
SPPL2A,0.239,0.00118,0.00435
PACRG,0.402,0.00119,0.00435
DALRD3,-0.26437227,0.000114,0.0043567
ZNF766,-0.24062804,0.000115,0.0043587
CSGALNACT2,-0.3107293,0.000115,0.0043587
RPS20,-0.23279,0.000115,0.0043588
NDUFV2-AS1,0.374,0.00119,0.00436
MRPL28,-0.513,0.00119,0.00436
COQ4,-0.391,0.00119,0.00437
GCLC,0.276,0.00119,0.00437
MRPL10,-0.268815,0.000116,0.0043781
ZBTB7A,-0.24426693,0.000116,0.0043781
ZNF200,-0.29455956,0.000116,0.0043781
DCAF13P3,0.322,0.00119,0.00438
LOC105375914,0.308,0.00119,0.00438
POLRMT,-0.607,0.00119,0.00438
GGACT,0.283,0.0012,0.00439
LOC105374746,-0.527,0.0012,0.00439
GKAP1,0.227,0.0012,0.00439
RN7SL832P,0.511,0.0012,0.00439
LOC105378847,0.54,0.0012,0.00439
LRIT3,0.476,0.0012,0.00439
RNF24,-0.234,0.0012,0.00439
ZAR1,0.186,0.0012,0.00439
ZNF419,0.2,0.0012,0.00439
METTL15,0.16,0.0012,0.00439
PHF13,-0.313,0.0012,0.00439
STRC,0.41257737,0.000117,0.0043973
CELA2B,0.16121574,0.000117,0.0043973
MIR10393,-0.349,0.0012,0.0044
TGFB1I1,-0.584,0.0012,0.0044
LOC105373794,0.492,0.0012,0.0044
PTPN1,-0.239,0.0012,0.0044
TIMM13,-0.528,0.0012,0.0044
RUVBL2,-0.485,0.0012,0.0044
LOC112268437,-0.204,0.0012,0.0044
MKX,0.508,0.0012,0.0044
CORO1C,0.40093205,0.000117,0.0044009
GLS2,0.412,0.00121,0.00441
PCYOX1,0.273,0.00121,0.00441
RRP8,0.152,0.00121,0.00442
VPS36,0.139,0.00121,0.00442
FBRSL1,-0.434,0.00121,0.00442
PRICKLE4,-0.417,0.00121,0.00442
LOC102724805,0.43,0.00121,0.00442
SLC9A3,-0.35,0.00121,0.00442
ZNF787,-0.412,0.00121,0.00443
NOL11,0.2,0.00121,0.00443
LOC100134040,0.469,0.00121,0.00443
SRSF2,0.132,0.00121,0.00443
KPNA1,0.154,0.00121,0.00443
LCN2,-0.918,0.00121,0.00443
ADH4,0.439,0.00122,0.00444
NOXO1,-0.17956986,0.000118,0.0044429
ACBD5,0.223,0.00122,0.00445
CNOT7,0.185,0.00122,0.00447
CCM2L,-0.524,0.00123,0.00447
C9ORF116,-0.39470695,0.00012,0.0044726
ATP13A3,0.50598069,0.00012,0.0044729
ZC3HC1,0.143,0.00123,0.00448
ZNF451,0.178,0.00123,0.00449
LOC107987006,0.577,0.00123,0.00449
VPS16,-0.388,0.00123,0.00449
LOC105370411,0.849,0.00123,0.0045
CRMP1,-0.546,0.00124,0.00451
SMOC2,-1.05,0.00124,0.00451
BNIP3,0.265,0.00124,0.00451
PRICKLE2-AS1,-0.31,0.00124,0.00452
EEPD1,-0.37,0.00124,0.00452
DCAF17,0.157,0.00124,0.00452
BLTP1,0.182,0.00124,0.00452
KRT83,0.18887571,0.000122,0.0045213
LOC105369455,-1.05,0.00124,0.00453
USP9X,0.225,0.00125,0.00454
POLDIP3,-0.25871587,0.000123,0.0045446
STAB2,0.87650387,0.000123,0.0045524
NDST3,0.60243916,0.000124,0.0045566
MT1M,1.83767378,0.000124,0.0045566
TXNIP,-0.417,0.00125,0.00456
CUL4A,0.124,0.00126,0.00457
TAF10,-0.3585337,0.000125,0.0045795
LOC101929314,-0.497,0.00126,0.00458
IGKV3D-11,-0.731,0.00126,0.00458
TBXA2R,-0.463,0.00126,0.00458
ABCA4,0.26054009,0.000125,0.0045849
RPS11,-0.39444665,0.000125,0.0045849
OXR1,0.219,0.00126,0.00459
HEIH,-0.255,0.00126,0.00459
TFB2M,0.291,0.00127,0.0046
LOC107984617,0.531,0.00127,0.0046
LOC100287467,0.375,0.00127,0.0046
RIT1,-0.208,0.00127,0.0046
NME2,-0.28,0.00127,0.00461
LOC105378793,0.541,0.00127,0.00461
LOC105375490,0.531,0.00127,0.00461
LOC105376188,0.519,0.00127,0.00462
PPP1R3B-DT,0.369,0.00127,0.00462
EEF1A2,-1.41235756,0.000126,0.0046268
DCLK2,-0.415,0.00128,0.00463
IFITM2,-0.659,0.00128,0.00463
UMAD1,0.203,0.00128,0.00463
GPR21,0.337,0.00128,0.00463
PRKY,-1.57,0.00128,0.00463
RND2,0.75,0.00128,0.00463
LOC105378701,0.74,0.00128,0.00463
ADGRG2,-0.66082204,0.000127,0.0046309
B3GALT1,0.29048892,0.000127,0.0046309
LOC105370274,0.48,0.00128,0.00465
CPXM2,-0.81,0.00128,0.00465
ZNF121,0.158,0.00128,0.00465
KCNH3,-0.496,0.00128,0.00465
ZRANB3,0.176,0.00128,0.00465
METTL1,-0.285,0.00129,0.00465
GPR22,0.1975455,0.000128,0.0046587
KCNS2,0.404,0.00129,0.00466
PEX3,0.213,0.00129,0.00466
AIP,-0.549,0.00129,0.00468
HOXB4,-0.405,0.00129,0.00468
PPP1CC,0.211,0.00129,0.00468
CYTB,-0.606,0.00129,0.00468
ABCA1,0.55982,0.000129,0.0046833
LINC01735,0.765,0.0013,0.00469
MT1F,1.4057322,0.00013,0.0047003
MIAT,-0.435,0.0013,0.00471
ELL,-0.431,0.0013,0.00471
S100A16,-0.41,0.0013,0.00471
EPS8L3,-0.26986309,0.000131,0.0047143
RBX1,-0.33115704,0.000131,0.0047143
ATP6AP2,-0.38644055,0.000131,0.0047168
MEP1B,-0.28058847,0.000131,0.0047168
CRAMP1,-0.241,0.00131,0.00472
SBF2-AS1,0.173,0.00131,0.00472
PSMA3-AS1,0.252,0.00131,0.00472
DICER1,0.16,0.00131,0.00472
ESRRB,-0.712,0.00131,0.00472
MYO9A,0.37657062,0.000131,0.0047256
UNC5C,-0.33,0.00131,0.00473
LRRN2,-0.441,0.00131,0.00474
DHX38,-0.283,0.00131,0.00474
LOC100505942,-0.624,0.00131,0.00474
WIPF3,-0.609,0.00131,0.00474
AAK1,0.16982364,0.000133,0.0047408
ZNF718,0.19957415,0.000133,0.0047416
C17ORF74,0.22419721,0.000133,0.0047455
ANXA5,-0.359,0.00132,0.00475
RAB3GAP2,0.145,0.00132,0.00475
CAPS,-0.603,0.00132,0.00475
LOC102723701,0.344,0.00132,0.00476
PWAR6,0.296,0.00132,0.00476
SH3BP4,-0.409,0.00132,0.00477
SLC19A1,-0.426,0.00132,0.00477
NPTN,-0.30073125,0.000134,0.0047759
DOCK4-AS1,0.339,0.00133,0.00478
LOC105375001,0.444,0.00133,0.00479
BRF1,-0.374,0.00133,0.00479
TRMT61A,-0.622,0.00133,0.00479
UBE2Q1,0.26600686,0.000135,0.0047924
HUS1,-0.27395778,0.000135,0.0047924
LOC105371925,-0.569,0.00133,0.0048
C9ORF85,0.157,0.00133,0.0048
IGSF9,-0.687,0.00133,0.0048
SP3,-0.2368671,0.000136,0.0048015
CDHR5,-0.477,0.00134,0.00481
TMUB1,-0.697,0.00134,0.00481
FSIP1,-0.834,0.00134,0.00482
MIR5739,0.568,0.00134,0.00483
ATP5F1C,0.259,0.00134,0.00483
PEDS1,-0.261,0.00134,0.00483
LOC101060553,0.433,0.00134,0.00483
DIPK1A,0.242,0.00134,0.00483
PDC,0.431,0.00134,0.00483
NCKIPSD,-0.423,0.00134,0.00483
USO1,0.204,0.00134,0.00483
SHISA9,0.483,0.00135,0.00485
MRPS36,0.288,0.00135,0.00485
TMEM80,-0.31980562,0.000138,0.0048519
LOC101928896,0.551,0.00135,0.00486
BAHCC1,-0.456,0.00135,0.00486
KIAA0319,0.538,0.00135,0.00486
NPLOC4,-0.231,0.00136,0.00487
GNA11,-0.483,0.00136,0.00487
CNMD,0.636,0.00136,0.00487
TPD52L2,-0.243,0.00136,0.00488
XAB2,-0.577,0.00136,0.00488
LENG1,-0.364,0.00136,0.00488
PASK,-0.32,0.00136,0.00488
ABCC6P1,0.272,0.00137,0.00489
LOC100286922,0.512,0.00136,0.00489
ACO2,-0.384,0.00137,0.00489
MAU2,-0.293,0.00136,0.00489
ANK3,-0.409,0.00136,0.00489
RTCA,-0.33846433,0.000139,0.0048911
PACRG-AS2,-0.25345876,0.00014,0.0048975
LOC107987401,0.47,0.00137,0.0049
NOP53,-0.354,0.00137,0.0049
PLAG1,0.411,0.00137,0.0049
TRMO,0.147,0.00137,0.0049
AMN,-0.59,0.00137,0.0049
LOC105378779,0.489,0.00137,0.0049
PCMT1,0.31949519,0.00014,0.0049054
KANK3,-0.409,0.00137,0.00491
BTRC,0.141,0.00137,0.00491
USF2,-0.318,0.00137,0.00491
TRAPPC5,-0.61,0.00137,0.00491
SSPN,-0.63888494,0.000141,0.0049143
VPS25,-0.3498982,0.000141,0.0049143
STRADB,0.296,0.00138,0.00493
TOMM40,-0.546,0.00138,0.00493
LINC01091,-0.23308445,0.000142,0.0049301
FARP2,0.2693305,0.000142,0.0049383
FFAR3,0.1948061,0.000142,0.0049383
KLHL35,0.21320632,0.000143,0.0049383
FLNB,0.44910822,0.000143,0.0049383
UGT2A3,-0.9156703,0.000143,0.0049398
PCOLCE2,0.559,0.00138,0.00494
CEACAM22P,-0.601,0.00138,0.00494
KIZ,0.167,0.00138,0.00494
HCN4,0.16086292,0.000143,0.0049406
FOXO3,-0.17208789,0.000144,0.0049516
CWC15,0.193,0.00139,0.00496
NCOA1,0.171,0.00139,0.00496
PDAP1,-0.263,0.00139,0.00496
MTFP1,-0.536,0.00139,0.00496
CRYAB,-0.95991144,0.000144,0.00497
SNORA16A,-0.663,0.00139,0.00497
DRAP1,-0.612,0.00139,0.00497
ATF6,0.47034269,0.000145,0.00497
CNBP,0.191,0.00139,0.00497
STOM,0.9045913,0.000145,0.0049753
CABYR,0.38,0.00139,0.00498
GPRASP3,0.17,0.00139,0.00498
CGGBP1,0.162,0.0014,0.00498
GEMIN6,0.229,0.0014,0.00499
LOC105374498,0.66,0.0014,0.00499
GABPA,0.205,0.0014,0.005
FGFR2,-0.309,0.0014,0.005
FAM206A,-0.29638522,0.000146,0.0050033
PDE1C,0.16360467,0.000146,0.0050033
LOC107985065,-0.569,0.00141,0.00501
ATAD3A,-0.677,0.00141,0.00501
LOC105377689,0.41,0.0014,0.00501
ZFYVE28,-0.395,0.00141,0.00501
SMPD2,-0.354,0.00141,0.00501
CD40LG,-0.66,0.00141,0.00502
GOLGA2P5,0.309,0.00141,0.00502
EGFL8,-0.224,0.00141,0.00502
ZNF823,0.156,0.00141,0.00502
TMEM106B,0.244,0.00141,0.00502
LOC105370460,0.44,0.00141,0.00503
ARID5A,-0.525,0.00141,0.00503
GRIN1,0.15289494,0.000147,0.0050321
GDF7,0.296,0.00142,0.00504
ZNF728,-0.588,0.00142,0.00504
NOTCH2NLC,0.246,0.00142,0.00504
NDUFV2,0.273,0.00142,0.00504
TMEM250,-0.448,0.00142,0.00504
SLC30A6,0.167,0.00142,0.00504
GMPPB,-0.393,0.00142,0.00504
CELF6,0.19615176,0.000148,0.0050452
MATR3,-0.33363401,0.000148,0.0050452
COMT,-0.537,0.00142,0.00505
WDR72,0.331,0.00142,0.00505
LRP5L,-0.532,0.00142,0.00505
ASB16,-0.529,0.00142,0.00505
RCBTB1,-0.177,0.00142,0.00505
LOC105371554,0.488,0.00142,0.00505
DYRK4,-0.216,0.00142,0.00506
MTRNR2L9,-0.85,0.00142,0.00506
QRSL1,0.176,0.00143,0.00507
NRK,0.45,0.00143,0.00507
LOC105372704,-0.492,0.00143,0.00508
PREB,-0.343,0.00143,0.00508
SCML1,0.44454315,0.00015,0.0050822
CHAF1B,-0.2872682,0.00015,0.0050822
ADRA1A,-0.20287265,0.00015,0.0050822
SRCIN1,0.23907656,0.00015,0.0050822
UBXN1,-0.373,0.00144,0.00509
MCOLN2,-0.489,0.00144,0.00509
POP1,0.171,0.00143,0.00509
MAP3K15,0.316,0.00144,0.0051
SLU7,-0.25282787,0.000151,0.0051098
TRIP12,0.38486577,0.000151,0.005111
CEP68,-0.37079205,0.000152,0.005111
BLM,-0.433,0.00145,0.00513
H2BC6,-0.746,0.00145,0.00514
LOC105374976,0.912,0.00145,0.00514
SMARCC2,-0.39783336,0.000153,0.0051439
ASUN,-0.19206659,0.000153,0.0051439
RIOK1,0.36503087,0.000154,0.0051465
RPL13AP6,-0.52930558,0.000154,0.0051481
FMO1,-0.815,0.00145,0.00515
WDR81,-0.524,0.00145,0.00515
NSMCE3,-0.19379748,0.000154,0.005156
IL6ST,0.47915861,0.000155,0.0051611
TRIP11,0.144,0.00146,0.00517
VPS9D1-AS1,-0.509,0.00146,0.00517
LHFPL3,0.39965429,0.000156,0.005179
ARHGEF37,-0.376,0.00146,0.00518
ACOT6,0.329,0.00147,0.00519
MYOM3,0.1995983,0.000157,0.0051922
RPLP0,-0.39824589,0.000157,0.0051922
APOBEC3F,-0.24690395,0.000157,0.0051922
WBP2NL,0.15430854,0.000157,0.0051922
PSMB9,-0.33483582,0.000157,0.0051922
LOC105378694,0.349,0.00147,0.0052
KLRG1,-0.297,0.00147,0.0052
INAVA,-0.796,0.00147,0.0052
PATE2,-0.19523058,0.000158,0.0052006
ACOT11,0.21401568,0.000158,0.0052006
OVOL2,-0.69985433,0.000159,0.005203
DEPDC5,0.39761087,0.000159,0.005203
NAE1,-0.28555695,0.000159,0.0052055
OCM2,0.18358845,0.00016,0.0052087
GAPVD1,0.2878616,0.000159,0.0052087
LOC105370707,0.536,0.00147,0.00521
BAG4,0.195,0.00147,0.00521
LOC100652768,-0.281,0.00148,0.00522
SERPINE3,0.217,0.00148,0.00523
LOC105379096,0.422,0.00148,0.00523
LOC101926887,0.49,0.00148,0.00523
AGO4,0.137,0.00148,0.00523
SLC27A3,-0.439,0.00148,0.00523
MGAT1,-0.301,0.00148,0.00523
HNRNPLL,-0.27574387,0.000161,0.0052374
LOC107986160,-0.884,0.00148,0.00524
ADAM20,0.357,0.00148,0.00524
CPS1,0.332,0.00148,0.00524
MBOAT7,-0.422,0.00148,0.00524
FRZB,-0.691,0.00148,0.00524
SMPDL3B,-0.33026184,0.000162,0.0052413
CYP20A1,0.129,0.00149,0.00525
BICD1,-0.403,0.00149,0.00526
PDCL3P4,0.37,0.00149,0.00527
EXTL2,0.235,0.00149,0.00527
AGBL3,0.18762011,0.000163,0.0052773
NADK,-0.38,0.0015,0.00528
LPP,0.19,0.0015,0.00529
PPP1R3G,-0.922,0.0015,0.00529
DCP1B,0.155,0.0015,0.00529
NFE2,-0.715,0.0015,0.00529
ADI1,0.299,0.0015,0.0053
MCTS1,0.192,0.0015,0.0053
TMEM208,-0.435,0.0015,0.0053
TMEM214,-0.267,0.0015,0.0053
MAGEL2,0.3154809,0.000165,0.0053079
LRPAP1,-0.345,0.00151,0.00531
LOC105374775,0.421,0.00151,0.00531
BCDIN3D,0.207,0.00151,0.00531
ZNF343,0.157,0.00151,0.00531
SNX17,-0.243,0.00151,0.00531
XDH,0.253,0.00151,0.00531
NPL,-0.355,0.00151,0.00532
DNAH6,0.43,0.00151,0.00532
ABHD14A,-0.34262496,0.000166,0.0053292
BIRC2,0.29870139,0.000166,0.0053349
TRGV3,-0.699,0.00152,0.00534
FBXO41,-0.377,0.00152,0.00534
ADAM19,-0.399,0.00152,0.00534
NEBL,-0.19931088,0.000166,0.0053454
RPL13A,-0.55516172,0.000167,0.0053489
SPOUT1,-0.397,0.00152,0.00535
MECOM,-0.17231163,0.000167,0.0053502
TFAP2A,-0.19460735,0.000168,0.0053555
GSTCD,-0.32585205,0.000168,0.0053555
LOC107984035,0.387,0.00153,0.00537
PRECSIT,-0.551,0.00153,0.00537
MAP6,-0.23355517,0.000169,0.0053726
DDX55,0.27939521,0.000169,0.0053726
CTXND1,0.307,0.00153,0.00538
LMBR1,0.166,0.00153,0.00539
ZBTB20-AS3,0.381,0.00154,0.00539
LINC02275,0.594,0.00153,0.00539
ZNF510,0.16,0.00154,0.00539
FASTKD1,0.201,0.00153,0.00539
DPM3,-0.822,0.00154,0.00539
DIS3L,0.164,0.00154,0.0054
TM2D2,0.18,0.00154,0.0054
SOX2-OT,0.621,0.00154,0.0054
PPARGC1A,1.06624069,0.00017,0.0054126
POMT1,0.25592145,0.000171,0.0054197
LOC100507156,-0.565,0.00154,0.00542
FER1L4,-0.644,0.00154,0.00542
LOC105373693,0.78,0.00155,0.00542
VENTX,-0.694,0.00155,0.00542
SCO1,0.147,0.00155,0.00543
TBCE,0.14,0.00155,0.00544
CFAP52,0.57,0.00155,0.00544
ESRRG,-0.694,0.00155,0.00544
SS18,0.32108648,0.000172,0.0054498
CORO6,-0.64,0.00156,0.00545
LAMTOR1,-0.39754778,0.000172,0.0054508
GK5,0.33317353,0.000173,0.0054629
PPP1R12A,-0.22673093,0.000173,0.0054629
LAMP3,-0.47143297,0.000173,0.0054629
UFC1,-0.36016869,0.000173,0.0054749
KMT2D,-0.20590652,0.000174,0.0054751
MRPS30,0.226,0.00156,0.00548
ARL3,0.201,0.00156,0.00548
LOC107986785,0.524,0.00157,0.00548
NEMP2,0.191,0.00157,0.00549
WDR49,0.15915168,0.000175,0.0054937
TM9SF4,-0.25112571,0.000175,0.0054981
MGAT4B,-0.367,0.00157,0.0055
FETUB,0.399,0.00158,0.00551
LOC107986934,0.279,0.00158,0.00551
NEK8,-0.418,0.00158,0.00553
MED27,-0.188,0.00158,0.00553
HEXD,-0.418,0.00158,0.00553
MIR22,-0.587,0.00158,0.00553
ZNF816,-0.338,0.00159,0.00554
ASAH2,0.288,0.00159,0.00554
MAP2K7,-0.454,0.00158,0.00554
ACOX3,-0.284,0.00159,0.00554
ATXN7L2,-0.411,0.00158,0.00554
COL10A1,0.29,0.00159,0.00555
AHNAK2,0.19631085,0.000177,0.0055526
ECM2,0.3690906,0.000178,0.0055607
LOC105375489,-0.392,0.00159,0.00557
DEPDC7,0.333,0.00159,0.00557
PTPRM,-0.243,0.0016,0.00558
DYNLT5,0.503,0.0016,0.00559
LRRC40,0.228,0.0016,0.00559
RPL19,-0.30543746,0.000179,0.0055942
HDLBP,0.2884721,0.000179,0.0055998
WAC-AS1,0.154,0.00161,0.0056
RPTOR,-0.316,0.0016,0.0056
TPMT,0.225,0.00161,0.00561
RNU4-1,0.506,0.00161,0.00562
ZBED5-AS1,0.245,0.00161,0.00563
HRG-AS1,0.466,0.00162,0.00563
SLC25A47,-0.656,0.00161,0.00563
ZNF816-ZNF321P,-0.346,0.00161,0.00563
TFB1M,0.184,0.00162,0.00564
RPL28,-0.538,0.00162,0.00564
KTN1-AS1,0.447,0.00162,0.00564
ZNF33BP1,0.421,0.00162,0.00564
LOC105373682,0.44,0.00162,0.00564
SYTL2,-0.373,0.00162,0.00564
IFT74,0.184,0.00162,0.00564
DEF8,-0.327,0.00162,0.00564
C15ORF61,0.359,0.00162,0.00564
DSG2-AS1,0.234,0.00162,0.00564
OSBP,0.197,0.00162,0.00564
SLC39A5,-0.519,0.00162,0.00565
IL1RL2,0.321,0.00163,0.00565
EIF2AK2,0.21,0.00162,0.00565
MVB12A,-0.463,0.00163,0.00566
NISCH,-0.283,0.00163,0.00566
DBNL,-0.237,0.00163,0.00566
RPH3A,0.18479261,0.000182,0.0056652
CFAP73,-0.529,0.00163,0.00567
UBE2J2,-0.242,0.00163,0.00567
SMC2,0.21479652,0.000183,0.0056741
CLUL1,0.23464361,0.000183,0.0056741
SEPT7,-0.28242379,0.000183,0.0056741
GASK1B-AS1,-0.417,0.00163,0.00568
LOC105372178,0.584,0.00163,0.00568
KANSL1L-AS1,0.346,0.00164,0.00568
ELOVL1,-0.412,0.00163,0.00568
TGFA,-0.3785469,0.000183,0.0056828
SEZ6L2,-0.4985787,0.000184,0.0056882
UNKL,-0.328,0.00164,0.00569
COX3,-0.474,0.00164,0.00569
B3GNT6,-0.2194154,0.000184,0.0056974
SLCO4A1,0.39839829,0.000185,0.0056974
POTEC,-0.1889926,0.000186,0.0057089
LOC107987015,0.484,0.00164,0.00571
LOXL1-AS1,-0.76,0.00165,0.00571
MIF4GD-DT,-0.418,0.00165,0.00571
PLCZ1,0.389,0.00165,0.00571
TRAM2,0.61790269,0.000187,0.005721
COPS8,-0.40949807,0.000187,0.0057246
TBC1D32,0.277,0.00165,0.00573
COSMOC,0.27,0.00165,0.00573
HIST1H4G,0.15376691,0.000188,0.005737
LOC101928096,0.315,0.00165,0.00574
P3H2,-0.27,0.00166,0.00574
KRT23,-1.09077326,0.000189,0.0057498
MACROD2,0.1670458,0.000189,0.0057498
ZNF621,0.145,0.00166,0.00575
SNN,-0.388,0.00166,0.00575
PACC1,-0.267,0.00166,0.00575
LOC100289230,0.345,0.00166,0.00575
GPATCH3,-0.277,0.00166,0.00575
LINC02175,0.405,0.00166,0.00575
C11ORF87,1.18,0.00166,0.00575
LILRA2,-0.566,0.00166,0.00575
NEU4,1.66427394,0.000189,0.0057574
PDK1,0.32714491,0.00019,0.0057595
S1PR3,-0.438,0.00166,0.00576
LOC107984256,0.868,0.00167,0.00577
SETD7,0.205,0.00167,0.00578
TTC7A,-0.314,0.00167,0.00578
RB1,-0.261,0.00167,0.00578
MPND,-0.497,0.00167,0.00578
RNF145,-0.317,0.00167,0.00578
GSDMA,0.35117965,0.000191,0.0057833
TPCN2,0.59250877,0.000191,0.0057873
LRRTM4,0.728,0.00167,0.00579
CASC1,-0.27285795,0.000192,0.0057997
FAM98C,-0.44,0.00168,0.0058
STX10,-0.363,0.00168,0.0058
PARL,0.154,0.00168,0.0058
CDC25C,0.23126355,0.000192,0.0058078
MIR583HG,0.421,0.00168,0.00582
ITGB8,-0.681,0.00168,0.00582
APBB1,-0.425,0.00169,0.00583
ZBTB14,0.139,0.00169,0.00583
DOCK10,-0.291,0.00169,0.00583
LRP3,-0.732,0.00169,0.00583
GRIN2B,0.541,0.00169,0.00583
PRIM1,0.255,0.00169,0.00584
F11R,0.32248703,0.000194,0.0058435
RAB5A,0.36642877,0.000195,0.0058435
TUBG1,-0.16393282,0.000195,0.0058435
PPP4R3B-DT,0.378,0.00169,0.00585
SNRPN,-0.64048825,0.000195,0.0058517
LINC00654,-0.338,0.0017,0.00586
PTEN,0.186,0.0017,0.00586
TRIM23,0.17,0.0017,0.00586
HUNK,-0.46,0.0017,0.00586
RHBDD3,-0.391,0.0017,0.00586
ATXN7L1,0.241,0.0017,0.00586
LINC02671,0.682,0.0017,0.00586
CDC40,0.153,0.0017,0.00586
IMP3,0.24892727,0.000196,0.005865
LOC105376266,0.309,0.0017,0.00587
SNX15,-0.365,0.0017,0.00587
RALB,-0.264,0.0017,0.00587
PRR4,0.292,0.0017,0.00587
GALP,0.18116784,0.000196,0.0058702
LOC107987134,0.57,0.00171,0.00588
ZNF43,-0.312,0.00171,0.00588
BHLHE22,-0.76775622,0.000198,0.0058873
LOC155060,-0.435,0.00171,0.00589
TCEAL4,-0.239,0.00171,0.00589
LOC107984713,0.368,0.00171,0.0059
PDLIM2,-0.509,0.00171,0.0059
ETV6,-0.173,0.00171,0.0059
EFNA4,-0.2642627,0.000199,0.0059046
NXNL2,0.18601423,0.000199,0.0059046
ATMIN,0.21800686,0.0002,0.0059053
LOC105369911,0.24050814,0.0002,0.0059053
SHISA5,-0.37448943,0.0002,0.00591
MEGF8,-0.17426246,0.000201,0.0059115
DIS3L2,0.35234506,0.000201,0.005912
NEB,-0.34363506,0.000201,0.0059151
ANGPT1,-0.559,0.00172,0.00592
WDFY3,0.186,0.00172,0.00592
LOC101927571,0.331,0.00172,0.00592
MHENCR,-0.443,0.00172,0.00592
METTL7A,0.28,0.00173,0.00593
NMT2,0.152,0.00173,0.00593
SOBP,-0.276,0.00173,0.00593
SNORA61,-0.579,0.00173,0.00593
ZNF783,-0.327,0.00172,0.00593
VTA1,0.196,0.00173,0.00594
RAB4A-AS1,0.261,0.00173,0.00595
MEI1,-0.27227858,0.000203,0.0059522
R3HCC1,0.25070483,0.000203,0.0059522
TRAFD1,-0.148,0.00174,0.00596
MCM4,-0.303,0.00174,0.00596
LINC01430,0.6,0.00174,0.00596
FAM78B,0.311,0.00173,0.00596
EXO1,-0.736,0.00173,0.00596
SLC25A19,-0.325,0.00174,0.00597
NPAS2,-0.605,0.00174,0.00597
ASMTL,-0.317,0.00174,0.00597
SSR4,-0.536,0.00174,0.00598
DDX46,0.141,0.00174,0.00598
NUP153,0.197,0.00174,0.00598
BTBD2,-0.611,0.00175,0.00599
FAM156A,-0.228,0.00175,0.00599
LOC107986650,0.591,0.00175,0.00599
SPICE1,0.215,0.00175,0.00599
RIMBP2,1.11,0.00175,0.00599
STRIP2,0.55603415,0.000205,0.0059974
IGFBPL1,-0.812,0.00175,0.006
CNOT2,0.157,0.00175,0.00601
IMPA1P1,0.689,0.00176,0.00601
ARL11,-0.45,0.00176,0.00601
PPP4C,-0.462,0.00175,0.00601
LOC105373218,0.436,0.00176,0.00601
KAT6B,0.118,0.00175,0.00601
SNX10,-0.37275092,0.000206,0.0060128
EBI3,-1.01,0.00176,0.00602
SHOC2,0.167,0.00176,0.00602
PTPRK-AS1,0.179,0.00176,0.00602
RFPL4A,0.492,0.00176,0.00603
RPL23AP7,-0.239,0.00176,0.00603
BTF3,0.21,0.00176,0.00603
USP16,0.166,0.00176,0.00603
COX4I1,-0.331,0.00177,0.00604
LOC112268318,0.493,0.00177,0.00604
TET2,0.165,0.00177,0.00604
TMEM45A,-0.81665757,0.000208,0.0060558
TAF1B,0.232,0.00177,0.00606
LINC01409,0.254,0.00177,0.00606
ST6GAL1,0.233,0.00178,0.00607
PNMA3,-0.627,0.00178,0.00608
LINC00499,0.18704613,0.00021,0.0060935
PRMT7,-0.279,0.00179,0.0061
BTN3A1,0.19811101,0.00021,0.0061008
DENND10P1,0.278,0.00179,0.00611
SNAPC5,0.216,0.00179,0.00611
HOXD3,0.33614769,0.000211,0.0061182
DEPP1,-0.618,0.0018,0.00613
LINC02883,-0.492,0.00179,0.00613
NDUFS1,0.34844368,0.000212,0.0061323
LOC107984886,0.637,0.0018,0.00614
TMEM267,-0.18622525,0.000213,0.0061423
C20ORF196,-0.25233495,0.000212,0.0061423
SLC1A1,0.55067947,0.000213,0.0061423
CASP16P,-0.822,0.00181,0.00616
RFTN2,-0.51716594,0.000214,0.0061612
IFITM5,0.15599143,0.000215,0.0061679
CD99L2,0.37332305,0.000215,0.0061679
ZNF281,0.254,0.00181,0.00617
LINC02319,0.909,0.00181,0.00617
ARHGAP20,0.303,0.00181,0.00618
MYSM1,0.184,0.00181,0.00618
CUTC,0.161,0.00181,0.00618
LRRK2,0.331,0.00181,0.00618
HJURP,-0.664,0.00181,0.00618
LOC105370356,0.596,0.00182,0.00619
SPAM1,0.21851258,0.000216,0.0061966
HCG4,-0.87277796,0.000216,0.0061966
GTF2H4,0.41164164,0.000216,0.0061974
PSME1,-0.22378382,0.000217,0.0061998
POLR1HASP,0.309,0.00182,0.00621
SPIRE1,-0.528,0.00182,0.00621
ZNF271P,0.161,0.00183,0.00621
COL12A1,-0.448,0.00182,0.00621
C1ORF186,-0.28160751,0.000218,0.0062103
AS-PTPRE,-0.439,0.00183,0.00622
TMEM26,-0.369,0.00183,0.00622
LOC101927691,0.22437441,0.000218,0.0062242
GAL,0.14176642,0.000219,0.0062244
SPATA5,0.168,0.00183,0.00624
CSPP1,0.172,0.00183,0.00624
HES1,-0.57,0.00183,0.00624
RGPD5,0.233,0.00184,0.00624
TMEM62,0.179,0.00184,0.00624
SNORD14B,0.541,0.00184,0.00625
H3C1,-0.917,0.00184,0.00625
EBF3-AS1,0.73,0.00184,0.00625
NXN,-0.443,0.00184,0.00625
CEBPD,-0.742,0.00184,0.00625
CSRNP2,-0.191,0.00184,0.00625
CDK10,-0.389,0.00184,0.00625
C5ORF45,-0.18423383,0.00022,0.0062548
FGF14-IT1,0.685,0.00184,0.00626
DNAJC15,0.318,0.00184,0.00626
TMEM8B,-0.18956124,0.00022,0.006261
GSTA7P,0.764,0.00185,0.00628
GLIPR1L1,0.324,0.00185,0.00628
SULT6B1,0.30507216,0.000222,0.006286
ANO10,-0.201,0.00185,0.00629
NUP210L,0.15670622,0.000223,0.0062968
AHR,0.337232,0.000223,0.0062968
TTTY19,0.15959737,0.000223,0.0062968
STON1,-0.515,0.00186,0.0063
HLTF,0.223,0.00186,0.00631
PAM,-0.328,0.00186,0.00631
SNORD13E,-0.84,0.00186,0.00631
SLC25A16,0.187,0.00186,0.00632
SLC25A36,-0.365,0.00186,0.00632
LOC102724502,0.16063397,0.000225,0.0063257
OR7G2,-0.19448771,0.000225,0.0063257
NECAB3,-0.478,0.00187,0.00633
ELMOD2,0.182,0.00187,0.00633
TRAF3IP1,0.35055163,0.000225,0.0063309
OXCT2,-0.71115595,0.000226,0.0063441
STOML1,-0.525,0.00187,0.00635
ELN,-0.522,0.00187,0.00635
ALB,0.302,0.00187,0.00635
PRSS3,-0.72149655,0.000228,0.0063576
PKP3,-0.20987861,0.000227,0.0063576
RRAGD,0.60922629,0.000227,0.0063576
SRCAP,0.11394619,0.000228,0.0063576
KCMF1,-0.49626121,0.000227,0.0063576
MTERF2,0.18,0.00188,0.00636
TRIM47,-0.674,0.00188,0.00637
TLE5,-0.481,0.00188,0.00637
H2AC17,-0.735,0.00188,0.00637
FCSK,-0.313,0.00188,0.00637
ZNF101,-0.214,0.00188,0.00637
MIR5193,-0.46,0.00189,0.00639
PRDX6,0.256,0.00189,0.00639
LOC112267899,0.486,0.00189,0.00639
LOC105375373,0.551,0.00189,0.00639
ST7-OT4,0.344,0.00189,0.00639
OCIAD2,0.246,0.00189,0.0064
MPHOSPH10,0.47864742,0.000231,0.0064051
ABCB1,-0.5403806,0.00023,0.0064051
PTPRA,0.28921486,0.000231,0.006409
SNCAIP,0.374,0.0019,0.00641
NACA,-0.30736488,0.000231,0.0064142
LOC107986761,-0.71,0.0019,0.00642
TESPA1,-0.519,0.0019,0.00643
CLUH,-0.525,0.0019,0.00643
MIGA2,-0.428,0.0019,0.00643
POLR2M,-0.3747731,0.000233,0.0064314
LOC107986744,0.621,0.00191,0.00644
PRSS23,-0.268,0.00191,0.00644
SLX1B,-0.26,0.00191,0.00644
AP1S3,-0.326,0.00191,0.00644
AVPR1A,0.78495485,0.000234,0.006458
KRTAP21-2,0.15756554,0.000234,0.0064592
LOC101928068,0.421,0.00191,0.00646
TMEM191B,-0.18683188,0.000235,0.0064783
NLRP12,-0.646,0.00192,0.00648
LOC100270746,0.407,0.00192,0.00648
LOC105377483,0.558,0.00192,0.00648
ALKBH8,0.172,0.00192,0.00648
APPAT,-0.384,0.00193,0.00649
RAB11FIP3,-0.384,0.00193,0.00649
CNTN4-AS1,-0.506,0.00193,0.0065
LOC101927078,0.539,0.00193,0.0065
CEP162,0.219,0.00193,0.00651
GEMIN5,0.158,0.00193,0.00651
SH3BP5,-0.2,0.00194,0.00652
BPTF,0.115,0.00194,0.00652
POC1B,-0.32238928,0.000237,0.0065213
TCIM,-0.613,0.00194,0.00653
PCCA-AS1,0.397,0.00194,0.00653
SPRED2,0.23,0.00194,0.00653
LOC105371464,-0.503,0.00194,0.00653
GBP7,0.285,0.00194,0.00653
LOC100630923,-0.171,0.00194,0.00654
LIN37,-0.367,0.00194,0.00654
FKBP7,0.221,0.00194,0.00654
LINC01094,-0.592,0.00195,0.00655
CD80,-0.4,0.00195,0.00655
TNFAIP8L1,0.69492269,0.00024,0.0065563
ATG5,0.174,0.00195,0.00656
LEMD3,0.155,0.00195,0.00657
JCHAIN,-1.40032795,0.000241,0.0065752
OSMR,-0.483,0.00196,0.00658
NUP54,0.175,0.00196,0.00659
TIAM1,0.35190055,0.000242,0.0065931
PGAM5,-0.435,0.00196,0.0066
FIGNL1,-0.202,0.00197,0.00661
RPL19P12,0.516,0.00197,0.00661
RRM2B,-0.302,0.00197,0.00661
CFAP161,0.587,0.00197,0.00661
SEMA4F,0.26001621,0.000244,0.0066269
RSPO2,0.30430464,0.000244,0.0066269
SGF29,0.29654803,0.000244,0.0066269
TMEM71,-0.391,0.00197,0.00663
PRKCSH,-0.30989918,0.000245,0.0066374
INTS11,-0.442,0.00198,0.00664
DDA1,-0.401,0.00198,0.00665
TTC23L,0.442,0.00198,0.00665
RANBP9,0.185,0.00198,0.00665
OGFOD2,-0.426,0.00198,0.00665
TRIB1,1.08377727,0.000246,0.0066584
NAA50,-0.21942418,0.000246,0.0066584
LOC105377296,0.884,0.00199,0.00666
LOC112268064,0.374,0.00199,0.00666
PAMR1,-0.293,0.00199,0.00666
C1ORF56,-0.234,0.00199,0.00666
SLAIN2,0.186,0.00199,0.00667
LOC101930100,0.503,0.00199,0.00667
GNPNAT1,0.277,0.00199,0.00667
CLEC4E,-0.881,0.00199,0.00667
RPH3AL,-0.41,0.00199,0.00667
EIF2S3B,0.199,0.00199,0.00667
FGF14,-0.578,0.00199,0.00667
ABCF1,0.32800802,0.000247,0.0066708
MEF2C,-0.347,0.00199,0.00668
SUDS3,0.11,0.002,0.00669
CYSTM1,-0.53204472,0.000248,0.0066959
WDR20,0.102,0.002,0.0067
LINC00402,0.501,0.002,0.0067
POLR2G,-0.40288173,0.000249,0.0067015
CBX5,0.3217831,0.000249,0.006702
ABHD13,0.199,0.00201,0.00671
VAV3,-0.32,0.002,0.00671
LOC107985594,0.558,0.002,0.00671
LRP5,0.513551,0.000249,0.0067148
ARID2,0.172,0.00201,0.00672
AGAP3,-0.355,0.00201,0.00672
OAZ2,-0.235,0.00201,0.00672
NDUFA4L2,-0.794,0.00202,0.00674
LOC112268421,0.453,0.00202,0.00674
LILRA1,-0.501,0.00202,0.00674
EPT1,0.47373153,0.000251,0.0067422
REV3L,0.183,0.00202,0.00675
TP53BP2,-0.381,0.00202,0.00676
B3GAT1,0.791,0.00202,0.00676
SLC6A13,0.472,0.00202,0.00676
FGL1,0.76199381,0.000252,0.006765
LOC107984805,0.395,0.00203,0.00677
SLITRK2,0.848,0.00203,0.00677
TTC39C-AS1,-0.671,0.00203,0.00677
CKAP5,0.149,0.00203,0.00677
RPS21,-0.52217528,0.000253,0.0067759
SPATS2,-0.2575149,0.000253,0.0067762
UBXN8,0.235,0.00203,0.00678
CDK4,-0.23,0.00203,0.00679
RNASE13,0.561,0.00204,0.00679
QTRT2,-0.26737148,0.000254,0.0067971
PRICKLE2,-0.27,0.00204,0.0068
TDRD6,0.336,0.00204,0.0068
UGT2B10,0.352,0.00204,0.0068
ADIPOR2,0.245,0.00204,0.0068
LOC105371296,0.606,0.00204,0.0068
LOC105369736,0.604,0.00204,0.0068
CNTNAP4,0.685,0.00204,0.0068
CRYZL1,0.178,0.00204,0.0068
ACTR1B,-0.404,0.00204,0.0068
DDX12P,-0.471,0.00204,0.0068
LOC107984344,0.29,0.00204,0.00681
TOR1AIP2,0.30503588,0.000255,0.0068173
HMMR,-0.512,0.00205,0.00682
PSMD5,0.31635619,0.000256,0.006827
AASDH,0.178,0.00205,0.00683
DDOST,-0.3625062,0.000256,0.0068414
NAPRT,-0.765,0.00206,0.00686
ABL1,-0.216,0.00206,0.00686
DHX35,0.2270634,0.000258,0.0068752
PSMG3,-0.378,0.00207,0.00688
LOC105374610,0.369,0.00207,0.00689
PPIP5K2,0.167,0.00207,0.00689
EFCAB10,0.216,0.00207,0.0069
MSTO1,-0.23,0.00208,0.00691
LOC107986195,0.574,0.00208,0.00691
PI4KAP1,-0.413,0.00208,0.00691
MALSU1,0.196,0.00208,0.00691
ELMO3,-0.547,0.00208,0.00691
ZNF793,-0.446,0.00208,0.00691
STRIP1,-0.182,0.00208,0.00691
LOC107986260,0.601,0.00208,0.00692
MAZ,-0.363,0.00209,0.00693
LOC112268037,-0.725,0.00208,0.00693
LOC100130548,-0.638,0.00209,0.00693
RFC3,0.21,0.00208,0.00693
PRICKLE1,-0.377,0.00209,0.00694
PSD4,0.4699313,0.000261,0.0069484
UVSSA,0.50153535,0.000261,0.0069484
ITGAE,-0.248,0.00209,0.00695
ZSWIM9,-0.546,0.0021,0.00696
SPEN,0.147,0.0021,0.00696
FOXF1,-0.437,0.0021,0.00698
GDF2,-0.347,0.0021,0.00698
U2AF1L4,-0.406,0.00211,0.00699
ELOVL5,-0.41238469,0.000265,0.0069995
PANX3,0.20566499,0.000265,0.0069995
DANT2,0.37,0.00211,0.007
BORCS7-ASMT,0.274,0.00211,0.007
NT5C3B,0.259,0.00211,0.007
LOC107985481,0.226,0.00211,0.007
LOC100506136,0.19803146,0.000266,0.0070006
STAU1,0.29526174,0.000266,0.0070017
SARS,-0.34384528,0.000266,0.0070025
SCLY,0.326,0.00211,0.00701
PCLAF,-0.345,0.00211,0.00701
RRAD,-0.31477603,0.000267,0.007014
LOC105371763,-0.1903372,0.000267,0.007014
SLC24A3,-0.476,0.00212,0.00703
MST1P2,-0.5,0.00212,0.00703
TMEM219,-0.284,0.00212,0.00703
INSIG1,-0.677,0.00212,0.00703
GNRH1,-0.32501369,0.000268,0.0070375
SPATA5L1,0.211,0.00213,0.00704
NSUN3,0.153,0.00213,0.00704
PHF14,0.149,0.00213,0.00705
RUFY4,-0.751,0.00213,0.00706
SLC25A11,-0.318,0.00213,0.00706
JMJD8,-0.491,0.00213,0.00706
MMRN2,-0.408,0.00214,0.00707
MTSS1,0.245,0.00214,0.00707
FBXO28,0.31114066,0.00027,0.0070759
ZNF436,-0.20665262,0.00027,0.0070759
FUT8,-0.3,0.00214,0.00708
TBC1D10B,-0.364,0.00214,0.00708
DNAJB14,0.41175573,0.000271,0.0070849
NSA2,-0.32477838,0.000271,0.0070849
TMEM254,0.24,0.00215,0.00709
LOC102724562,-0.472,0.00214,0.00709
RAB3IP,0.21,0.00214,0.00709
RBM15,0.36239158,0.000272,0.0070911
C3ORF52,-0.587,0.00215,0.0071
AKAP12,-0.45,0.00215,0.0071
TM4SF20,0.572,0.00215,0.00711
C3ORF62,-0.243,0.00216,0.00712
LOC105369706,0.5,0.00216,0.00713
GRID1,-0.735,0.00216,0.00714
FARSB,0.173,0.00216,0.00714
LOC107985134,-0.553,0.00216,0.00714
GALK1,0.73681947,0.000275,0.0071435
PEX11A,0.25,0.00217,0.00715
CHD2,0.147,0.00217,0.00715
CCNA1,0.19894248,0.000277,0.0071616
FSTL1,-0.404,0.00217,0.00717
DISC1FP1,-0.734,0.00217,0.00717
CHAC1,-0.669,0.00218,0.00717
LSMEM2,-0.15466039,0.000278,0.0071783
HLA-DOB,-0.52654154,0.000278,0.0071783
CA14,0.23,0.00218,0.00718
LCOR,0.139,0.00218,0.00718
SNORD17,-0.409,0.00218,0.00719
SNORA55,-0.505,0.00218,0.00719
CRYBA2,0.19911364,0.000279,0.0071979
ZNF155,0.256,0.00219,0.0072
AJAP1,-0.742,0.00219,0.0072
PBOV1,0.18530884,0.00028,0.0072078
TOLLIP-DT,0.537,0.00219,0.00721
TBC1D17,-0.332,0.00219,0.00721
PPP1CB-DT,0.398,0.00219,0.00721
IGLV3-25,-0.809,0.00219,0.00721
MRPS9,0.177,0.00219,0.00721
VWA3B,0.16534041,0.000281,0.0072148
SEC14L6,-0.551,0.00219,0.00722
ENPP7,-0.36070214,0.000281,0.0072253
RASL11B,-0.96433279,0.000281,0.0072253
USP7,0.126,0.0022,0.00723
LOC105375095,0.346,0.0022,0.00723
CHRD,-0.475,0.0022,0.00723
PERP,-0.48240004,0.000282,0.007231
HNRNPA2B1,-0.23794516,0.000282,0.007231
RAB37,0.43523525,0.000282,0.0072343
ADRB2,0.9609905,0.000283,0.0072391
SEC14L1P1,0.335,0.0022,0.00724
BCAS3,0.141,0.0022,0.00724
VPS50,0.16,0.0022,0.00724
DRD2,-0.13451136,0.000283,0.0072423
EMSY,0.151,0.00221,0.00725
DUSP11,-0.20159841,0.000284,0.0072581
IGBP1,-0.4973159,0.000284,0.0072581
LOC105378642,0.678,0.00221,0.00726
TAB1,-0.296,0.00221,0.00726
PCDH12,-0.366,0.00221,0.00726
INTS2,0.147,0.00221,0.00727
SNORA100,0.252,0.00221,0.00727
CACNA1C,-0.28371897,0.000285,0.0072719
RELN,0.54095014,0.000286,0.0072743
SERPIND1,0.297,0.00222,0.00728
RHOD,-0.595,0.00222,0.00728
MLKL,-0.236,0.00222,0.00728
LRRN4,0.259,0.00222,0.00728
FAM19A4,0.23145289,0.000286,0.0072814
TMEM139,-0.64028777,0.000286,0.0072823
RPL38,-0.35179081,0.000287,0.0072828
FAM122A,-0.19693648,0.000287,0.0072852
ARHGEF9,0.167,0.00222,0.00729
NUDT7,0.273,0.00222,0.00729
NPAT,0.182,0.00222,0.00729
LOC105373456,0.252,0.00223,0.0073
GATC,0.162,0.00223,0.0073
DPCD,-0.221,0.00223,0.0073
SYNCRIP,0.163,0.00222,0.0073
ADH1B,0.347,0.00223,0.00732
MCUB,-0.327,0.00224,0.00733
SLC16A4,0.296,0.00224,0.00733
LOC105377294,0.434,0.00224,0.00733
LOC107986446,0.465,0.00224,0.00733
DCANP1,-0.28508707,0.000291,0.007339
SLC22A7,0.25258662,0.000291,0.007339
AMHR2,0.63364099,0.000291,0.0073483
TNFAIP6,0.21604718,0.000292,0.0073568
TRMT2A,-0.52,0.00225,0.00736
NLRP6,-0.676,0.00225,0.00736
PSG8,0.18232152,0.000293,0.0073663
UBL7,-0.28,0.00225,0.00737
MAVS,-0.18089574,0.000293,0.0073739
CARTPT,0.13880315,0.000293,0.0073739
RAMP1,-0.671,0.00226,0.00738
TTC14,0.222,0.00226,0.00738
EPHA7,0.733,0.00225,0.00738
ZNF512B,-0.418,0.00226,0.00738
TMEM144,-0.356,0.00226,0.00739
IKBIP,-0.315,0.00226,0.0074
NOX4,-0.641,0.00226,0.0074
RIMS3,-0.378,0.00226,0.0074
NGLY1,0.143,0.00226,0.00741
GPR61,0.602,0.00227,0.00741
ARHGAP19,0.15,0.00227,0.00741
MRPL55,-0.355,0.00227,0.00743
REP15,0.331,0.00228,0.00745
ZBTB4,-0.232,0.00228,0.00745
LNX1-AS2,0.1110594,0.000297,0.0074516
IP6K2,-0.37794219,0.000297,0.0074533
GAS2L2,-0.12697822,0.000298,0.0074656
KNSTRN,-0.30351055,0.000298,0.0074685
COP1,0.139,0.00229,0.00747
IGLV2-11,-0.828,0.00228,0.00747
LOC107985967,0.477,0.00229,0.00747
PNPLA2,-0.484,0.00229,0.00747
UBE2D3,0.22894373,0.000299,0.0074948
LILRA4,-0.676,0.0023,0.0075
HIF1A,-0.398,0.0023,0.0075
LOC112267973,-0.664,0.0023,0.0075
AKAP7,-0.80779216,0.0003,0.0075006
LOC105379174,0.717,0.0023,0.00751
FEM1A,-0.312,0.0023,0.00751
MUC5B,-0.819,0.0023,0.00751
ARID5B,-0.43,0.0023,0.00751
LOC613266,-0.15367937,0.000301,0.0075239
ROMO1,-0.55,0.00231,0.00753
MMP25-AS1,-0.5,0.00231,0.00753
MIRLET7C,0.635,0.00231,0.00753
LOC112268121,0.285,0.00231,0.00753
AGPAT4-IT1,-0.533,0.00231,0.00753
MRPL54,-0.534,0.00231,0.00753
PGLS,-0.478,0.00231,0.00753
WDR7,0.128,0.00231,0.00753
AKIP1,-0.192,0.00231,0.00753
LOC105377086,0.44,0.00231,0.00753
TBC1D8B,0.209,0.00231,0.00753
RTN4RL2,-0.602,0.00231,0.00753
OTUB1,-0.347,0.00231,0.00753
C3ORF18,-0.23599658,0.000303,0.0075342
NFKBIA,0.7198767,0.000303,0.0075342
LOC153684,-0.27573537,0.000303,0.0075398
LINC00548,0.856,0.00232,0.00756
PWAR5,0.249,0.00232,0.00756
B4GALT2,-0.42,0.00233,0.00757
KLC1,-0.163,0.00233,0.00757
FBXO15,0.432,0.00232,0.00757
EIF2B5-DT,0.416,0.00233,0.00757
OXLD1,-0.498,0.00233,0.00758
UGT2B11,0.354,0.00233,0.00758
LOC112268112,0.851,0.00234,0.00759
RASA4DP,-0.396,0.00233,0.00759
USP19,-0.278,0.00234,0.00759
BCL9L,-0.424,0.00234,0.00759
OVGP1,0.336,0.00234,0.00759
SLC35B3,0.153,0.00234,0.0076
CD81-AS1,-0.592,0.00234,0.0076
SLC16A11,-0.544,0.00234,0.0076
WDR45,-0.24876943,0.000306,0.007602
NAGPA,-0.468,0.00235,0.00762
VAC14,-0.267,0.00235,0.00763
STON1-GTF2A1L,-0.517,0.00235,0.00764
LINC02905,0.378,0.00235,0.00764
NCKAP1,0.194,0.00236,0.00764
MRPL27,-0.246,0.00235,0.00764
LOC101928911,0.517,0.00235,0.00764
LOC101927897,-0.615,0.00235,0.00764
SLC13A3,0.33331449,0.000308,0.0076411
DRC7,-0.24152827,0.000308,0.0076424
CD2AP,0.173,0.00236,0.00765
APOOL,0.22,0.00236,0.00765
LOC112268272,0.305,0.00236,0.00765
A1BG-AS1,-0.584,0.00236,0.00765
MEP1A,0.2216065,0.000309,0.0076512
MAGEH1,-0.21993725,0.000311,0.0076723
CLDN15,0.66151446,0.000311,0.0076723
RAPH1,0.68649686,0.000311,0.0076723
MFSD6,-0.49115061,0.000311,0.0076723
MND1,-0.17238351,0.000311,0.0076723
RAB39A,-0.571,0.00237,0.00768
LINC01426,-0.659,0.00237,0.00768
LACTB2-AS1,0.261,0.00237,0.00768
GLYATL3,0.618,0.00237,0.00768
PCDHGA9,0.303,0.00238,0.00769
IPO4,-0.381,0.00238,0.00769
FES,-0.566,0.00238,0.00769
TIMM44,-0.372,0.00238,0.00769
C16ORF58,0.31345017,0.000314,0.0077147
CHMP2A,-0.23654277,0.000315,0.0077269
UBL3,0.231,0.00239,0.00773
ASPG,-0.598,0.00239,0.00774
LOC100132781,0.421,0.00239,0.00774
GOLGA7B,-0.583,0.00239,0.00774
NANS,-0.224,0.0024,0.00775
PIKFYVE,0.142,0.0024,0.00775
POLR2E,-0.572,0.0024,0.00777
EIF2B3,0.161,0.0024,0.00777
PEPD,-0.436,0.0024,0.00777
MELTF,-0.635,0.0024,0.00777
LOC100505912,0.4,0.0024,0.00777
LINC01089,-0.22708354,0.000319,0.0077855
RNF141,0.28238843,0.000319,0.0077855
BEX1,-0.35377364,0.000319,0.0077855
PRPF18,0.179,0.00241,0.00779
RNF43,0.309,0.00241,0.00779
SMG1,0.228,0.00241,0.00779
LOC107985130,0.424,0.00241,0.00779
STAT5B,0.27957301,0.00032,0.0077932
CEP170P1,0.17556933,0.000321,0.0078089
ZNF225-AS1,0.183,0.00242,0.00781
NFYA,0.167,0.00242,0.00781
LOC107984575,0.378,0.00242,0.00781
MIR17HG,0.446,0.00242,0.00781
XAGE2,0.19034681,0.000322,0.0078112
MYO1A,0.23233052,0.000321,0.0078112
OPN1SW,0.13948971,0.000321,0.0078112
APPBP2,-0.20594088,0.000322,0.0078112
CENPS-CORT,0.274,0.00242,0.00782
FKBP4,0.55276981,0.000324,0.0078212
F8A3,-0.18604714,0.000324,0.0078212
GAS1,-0.65899673,0.000324,0.0078227
PYCR2,-0.23979849,0.000325,0.0078242
BRAP,0.121,0.00243,0.00783
TUBE1,0.254,0.00243,0.00783
LOC105379417,0.877,0.00243,0.00783
SNX13,0.156,0.00242,0.00783
HMCN2,-0.702,0.00243,0.00783
LOC105379499///FLJ45482,0.24773321,0.000325,0.007831
PCYT2,0.58679263,0.000325,0.0078316
MOCS2-DT,0.3,0.00243,0.00784
ELMO1,0.168,0.00243,0.00785
HIKESHI,-0.27209176,0.000327,0.0078564
SLC13A5,0.75046192,0.000327,0.0078564
FAM91A1,0.28762298,0.000327,0.0078564
FUCA2,-0.35643975,0.000328,0.0078596
PTPN4,0.171,0.00244,0.00786
NRSN1,-0.949,0.00244,0.00787
RPL31,-0.5549706,0.000329,0.0078777
LOC107984018,0.407,0.00244,0.00788
ARF1,-0.358,0.00245,0.00789
SNX3,0.256,0.00245,0.00789
TUSC3,-0.401,0.00245,0.0079
ERC1,0.133,0.00245,0.0079
SUPT4H1,-0.23418829,0.000331,0.0079071
ZDHHC24,-0.22442392,0.000331,0.0079091
MYCBP2-AS1,0.194,0.00246,0.00791
CCDC117,0.218,0.00246,0.00791
CRBN,0.154,0.00246,0.00791
GORAB,-0.21543842,0.000331,0.0079147
SPRY1,-0.85052641,0.000332,0.0079169
STAMBPL1,-0.58011142,0.000332,0.0079278
GXYLT2,-0.734,0.00246,0.00793
CARNMT1-AS1,0.252,0.00246,0.00793
HYI,-0.333,0.00247,0.00794
KIF19,-0.685,0.00247,0.00795
MPZL1,-0.264,0.00247,0.00795
OVCH1,0.503,0.00247,0.00795
OTUD6B-AS1,0.213,0.00247,0.00795
SIGIRR,-0.621,0.00247,0.00795
NEMP2-DT,0.356,0.00247,0.00795
RNF130,0.239,0.00248,0.00797
LOC102724545,-0.469,0.00248,0.00797
UFM1,-0.35885267,0.000335,0.0079766
DCAF5,0.35823785,0.000336,0.0079766
LOC107986651,0.578,0.00248,0.00798
TP53I13,0.43760737,0.000336,0.0079827
SNORD33,0.42072718,0.000336,0.0079885
HPN,-0.523,0.00248,0.00799
RAMP2,-0.573,0.00249,0.00799
FBXL7,-0.317,0.00249,0.008
GIGYF1,-0.376,0.00249,0.008
HOXD11,-0.16839319,0.000338,0.0080018
CDC42,0.16943221,0.000338,0.0080037
LOC151760,0.563,0.00249,0.00801
PRXL2C,-0.379,0.00249,0.00801
C14ORF180,0.50816371,0.000339,0.0080137
RTL8B,-0.583,0.0025,0.00802
HHIPL1,-0.321,0.0025,0.00802
TEAD3,-0.308,0.0025,0.00802
SLC8B1,0.30709198,0.000339,0.0080232
H1-10,-0.721,0.0025,0.00803
AKTIP,0.161,0.0025,0.00803
TUT1,-0.335,0.0025,0.00803
ZNRF3,0.228,0.00251,0.00804
TUBB1,0.30161961,0.000341,0.0080405
RALYL,-0.28300155,0.000341,0.0080405
ABCA10,0.437,0.00251,0.00805
MFSD14B,0.166,0.00251,0.00806
SAR1A,0.156,0.00252,0.00808
SATB1,0.163,0.00252,0.00808
GGTLC2,-0.789,0.00253,0.00809
FAF1-AS1,0.297,0.00252,0.00809
C1ORF50,0.153,0.00253,0.00809
RRS1-DT,0.469,0.00252,0.00809
AGXT2,0.284,0.00253,0.0081
TRAPPC13,-0.19256138,0.000344,0.0081074
NUCKS1,0.203,0.00253,0.00811
SMPD4,0.29080112,0.000345,0.0081222
NTNG1,0.14675557,0.000345,0.0081329
MEX3D,-0.434,0.00254,0.00814
VPS13A,0.201,0.00254,0.00814
EDEM1,0.187,0.00254,0.00814
CACFD1,-0.501,0.00254,0.00814
PALM3,-0.418,0.00254,0.00815
CAPZB,-0.174,0.00255,0.00815
RERG-AS1,0.22380123,0.000347,0.0081514
COX6A1,-0.33458453,0.000347,0.0081522
C22ORF23,0.23297621,0.000348,0.0081558
FZD3,-0.35333279,0.000348,0.0081558
CSTPP1,-0.2,0.00255,0.00816
CCDC186,-0.20633753,0.000348,0.0081601
TRIM49C,0.17951661,0.000349,0.0081698
UBXN7,0.169,0.00255,0.00817
CCDC70,-0.18551105,0.00035,0.008175
PANK1,0.328,0.00256,0.00818
SKIC3,0.169,0.00256,0.00818
MIR29B2CHG,0.319,0.00256,0.00819
MED6,0.151,0.00257,0.00821
MMP26,0.13352583,0.000353,0.0082455
ASIP,0.495,0.00258,0.00825
NPHP3,0.232,0.00258,0.00825
SORL1,0.219,0.00258,0.00825
FAM19A3,-0.20358967,0.000354,0.0082542
RBMX2,-0.24698151,0.000355,0.0082559
SPTBN1,-0.231,0.00258,0.00826
MAN1B1,-0.302,0.00258,0.00826
EIF2AK1,0.165,0.00259,0.00827
CLTA,-0.31687085,0.000356,0.0082742
BCCIP,-0.25205827,0.000356,0.0082742
TSPAN7,0.68853706,0.000356,0.0082742
CNGA2,0.19773963,0.000356,0.0082784
CYB5A,0.291,0.00259,0.00828
INTS10,0.157,0.00259,0.00828
LOC101060179,-0.401,0.00259,0.00828
HIGD2A,-0.29447947,0.000357,0.0082856
MAP3K8,-0.324,0.0026,0.00829
ZNF324B,-0.316,0.0026,0.00829
KCNJ16,-0.611,0.0026,0.00831
CYFIP1,-0.30980646,0.000359,0.0083175
CARF,0.204,0.00261,0.00832
TMTC1,0.37,0.00261,0.00832
NEGR1,0.559,0.00261,0.00832
SSR1,0.198,0.00261,0.00833
MSC-AS1,-0.485,0.00261,0.00834
CWC27,0.171,0.00262,0.00834
LOC101929752,0.561,0.00262,0.00834
EEF1AKMT1,0.212,0.00262,0.00835
MIR3140,0.553,0.00262,0.00835
CAPN12,-0.512,0.00262,0.00835
C19ORF53,-0.444,0.00263,0.00837
CD63,-0.253,0.00263,0.00837
LOC107985259,0.411,0.00263,0.00839
KIF21A,0.185,0.00263,0.00839
ATP6V0C,-0.54,0.00264,0.0084
ANKLE2,-0.14,0.00264,0.0084
CCND2-AS1,-0.52,0.00264,0.0084
FAM133CP,-0.484,0.00264,0.0084
PRR11,-0.332,0.00264,0.00841
GAREM1,0.307,0.00264,0.00841
IGFBP3,-0.294,0.00264,0.00841
PDXDC2P-NPIPB14P,0.235,0.00264,0.00841
SCN4A,-0.671,0.00264,0.00841
FBXW2,0.17,0.00264,0.00841
SNORD141B,-0.494,0.00265,0.00842
PELP1,-0.274,0.00265,0.00842
DXO,-0.347,0.00265,0.00843
LOC105370842,0.401,0.00265,0.00843
KIAA1324L,-0.50708987,0.000366,0.0084339
MRPS10,0.194,0.00266,0.00844
CABLES2,-0.292,0.00265,0.00844
UGT1A9,0.366,0.00266,0.00844
LAMTOR2,-0.424,0.00266,0.00844
LOC105375902,0.352,0.00266,0.00844
KCNMA1-AS2,0.679,0.00266,0.00844
UNC79,0.53,0.00266,0.00844
CCDC126,0.224,0.00266,0.00844
UBR4,0.141,0.00266,0.00844
POLR3D,-0.173,0.00267,0.00847
B4GALT3,-0.269,0.00267,0.00847
ZNF35,-0.189,0.00267,0.00847
MRPL40,0.235,0.00267,0.00847
TPP1,-0.268,0.00267,0.00847
KCNJ13,0.286,0.00267,0.00848
PI4K2B,0.245,0.00267,0.00848
TRIM31,-0.29437095,0.000369,0.0084817
ZNF827,-0.416,0.00268,0.00849
ORM1,0.454,0.00268,0.00849
MTA1,-0.315,0.00268,0.00849
ATG4C,0.211,0.00268,0.00849
RING1,0.24544689,0.00037,0.0084907
CEMP1,-0.502,0.00268,0.0085
ARHGAP17,-0.128,0.00268,0.0085
PRLR,0.43464636,0.000371,0.0085046
PRPF4B,0.131,0.00269,0.00851
NLRP14,0.413,0.00268,0.00851
OPA1,0.175,0.0027,0.00854
LINC03006,0.258,0.0027,0.00855
KCTD5,-0.361,0.0027,0.00855
TMBIM6,0.281,0.0027,0.00855
OR6K2,0.15367078,0.000374,0.0085503
LOC107985556,-0.852,0.00271,0.00857
TFIP11-DT,0.302,0.00271,0.00857
ADSS1,-0.433,0.00271,0.00857
WAC,-0.16231772,0.000377,0.0085874
TMEM173,-0.52266102,0.000377,0.0085874
CLN8,0.29196837,0.000378,0.00859
FRYL,0.164,0.00272,0.00859
RPL35A,-0.35560445,0.000378,0.0085913
UCHL1,-0.37069616,0.000379,0.0085934
ESPN,-0.626,0.00272,0.0086
DPP10,-0.2190524,0.00038,0.0086056
LOC112268043,0.286,0.00272,0.00861
ALG1L1P,0.443,0.00272,0.00861
RAD54L2,0.265,0.00272,0.00862
KIF13A,0.137,0.00273,0.00862
METAP1,0.144,0.00272,0.00862
CLHC1,-0.22308178,0.000381,0.0086297
MIR3646,0.485,0.00273,0.00863
TASP1,0.158,0.00273,0.00863
TMEM9,-0.35424974,0.000382,0.0086394
MMP24OS,-0.42,0.00273,0.00864
GPR141,-0.385,0.00273,0.00864
MORF4L2-AS1,0.37,0.00273,0.00864
RABGAP1,0.12,0.00274,0.00865
GSTM4,0.375,0.00274,0.00865
MTTP,0.246,0.00274,0.00866
IFTAP,0.22,0.00274,0.00866
HSD17B6,0.306,0.00275,0.00868
TMEM119,-0.745,0.00275,0.00868
RRBP1,-0.335,0.00275,0.00869
KMT2E,0.146,0.00276,0.00869
SRP72,0.17,0.00275,0.00869
ETFA,0.232,0.00276,0.00869
CCM2,-0.324,0.00276,0.00869
TERB2,0.731,0.00276,0.0087
PHYH,0.278,0.00276,0.0087
LOC107985373,0.514,0.00276,0.0087
MICAL3,-0.252,0.00276,0.0087
KCNIP4,0.253,0.00276,0.0087
SNORD3B-1,-1.01,0.00276,0.0087
TEN1,-0.513,0.00277,0.00871
LOC107986709,0.419,0.00277,0.00871
ZCCHC7,0.182,0.00276,0.00871
PVALB,0.74211776,0.000386,0.0087185
ZFP57,0.20160729,0.000386,0.0087264
TRIQK,0.26,0.00277,0.00873
SMCO3,0.349,0.00278,0.00874
CAMK2G,-0.29549636,0.000388,0.0087461
TM4SF19-AS1,-0.656,0.00278,0.00875
WLS,-0.63501398,0.000389,0.0087591
THSD7A,-0.17665668,0.000391,0.0087597
CLIC3,-0.2616721,0.000391,0.0087597
C16ORF47,0.20064272,0.000391,0.0087597
FYB,0.2362055,0.00039,0.0087597
ERMP1,-0.2063536,0.00039,0.0087597
VARS2,0.47371618,0.000392,0.0087852
LOC728392,-0.48,0.00279,0.00879
LOC105378954,-0.34,0.0028,0.0088
ESRRA,-0.445,0.0028,0.0088
SLC7A5,-0.462,0.0028,0.00881
AFAP1-AS1,-0.429,0.0028,0.00881
CHM,0.28672967,0.000394,0.0088143
FER,0.30456379,0.000395,0.0088144
UBA2,-0.22728144,0.000395,0.0088196
ABCG1,-0.397,0.00281,0.00882
MDFI,-0.21350768,0.000396,0.0088308
ZNF236,0.143,0.00281,0.00884
FAM209B,0.15451531,0.000397,0.0088443
LOC112267879,0.39,0.00282,0.00885
UGCG,-0.413,0.00281,0.00885
LINC00939,0.407,0.00282,0.00886
LIPA,-0.422,0.00282,0.00886
TMEM156,-0.384,0.00282,0.00886
C1ORF159,-0.642,0.00283,0.00888
DLG2,0.305,0.00283,0.00888
C4ORF32,-0.36426707,0.000399,0.0088801
ZNF571,-0.21168976,0.000399,0.0088848
HOXC11,-0.24700776,0.000401,0.0089074
PPARG,-0.17272188,0.000401,0.0089074
MIR548AH,0.618,0.00284,0.00892
ATP6V0E2-AS1,-0.49,0.00284,0.00892
CAMSAP3,-0.509,0.00284,0.00893
MARK4,-0.273,0.00285,0.00893
MPZL3,-0.22658486,0.000403,0.0089374
SDC1,-0.43,0.00285,0.00894
PAFAH1B3,-0.657,0.00285,0.00894
LOC102724687,0.38,0.00285,0.00894
C15ORF40,0.26361707,0.000403,0.0089453
THSD1,-0.31,0.00285,0.00895
PEMT,-0.29452472,0.000404,0.0089545
LINC01474,0.412,0.00286,0.00896
PKD1P1,-0.299,0.00286,0.00896
ACTR3,-0.35795596,0.000405,0.0089678
SCAMP2,-0.356,0.00286,0.00898
TMEM209,0.184,0.00287,0.00899
ZNF467,-0.42,0.00287,0.009
BCKDK,-0.476,0.00287,0.009
HTRA2,-0.244,0.00287,0.009
VIPAS39,0.125,0.00287,0.009
UTP25,0.192,0.00288,0.00901
ZNF28,-0.333,0.00288,0.00901
LINC02769,0.676,0.00288,0.00902
PRIMA1,0.64,0.00288,0.00902
LOC107985152,0.307,0.00288,0.00902
GPS1,-0.539,0.00288,0.00903
ZXDC,0.35592155,0.00041,0.0090381
PYCR1,-0.19816885,0.000409,0.0090381
OR10Z1,0.13664008,0.000409,0.0090381
ZNF239,-0.33784606,0.00041,0.0090381
ADD1,-0.25884086,0.00041,0.0090381
SEMA3E,-0.72,0.00289,0.00904
PEX13,0.188,0.00289,0.00904
PATL1,0.16,0.00289,0.00904
TSPAN17,-0.39,0.00289,0.00904
CSNK2A2,0.164,0.00289,0.00904
DNMBP-AS1,0.183,0.00289,0.00904
MYZAP,-0.381,0.00289,0.00904
NAA30,0.2,0.00289,0.00904
EZR-AS1,-0.15546033,0.000411,0.0090436
PABPC1,-0.31388817,0.000412,0.0090535
PLLP,0.409,0.0029,0.00906
ZNF227,0.151,0.0029,0.00906
MIR3591,0.625,0.0029,0.00906
LOC105377265,0.568,0.0029,0.00907
RPL13AP3,-0.31458542,0.000414,0.0090797
SUSD3,-0.84707044,0.000415,0.0090797
IGHM,-0.86,0.00291,0.00908
MC1R,-0.562,0.00291,0.00908
KIF12,-0.481,0.00291,0.00908
SEC16A,-0.257,0.00292,0.0091
IGHD,-1.18,0.00292,0.0091
PEX6,0.376,0.00291,0.0091
POLN,0.285,0.00292,0.00911
C14ORF93,0.211,0.00292,0.00911
DAPK2,-0.269,0.00292,0.00911
ARL8A,-0.376,0.00292,0.00912
HMGN5,0.14589876,0.000418,0.0091293
MAN2C1,-0.38,0.00293,0.00913
LOC105369974,0.354,0.00293,0.00913
ZDHHC17,0.174,0.00293,0.00913
MYH4,-0.43924206,0.000418,0.0091351
IFRD2,-0.495,0.00293,0.00915
SIVA1,-0.542,0.00294,0.00917
PDE6C,0.415,0.00294,0.00917
NCAM2,0.684,0.00294,0.00917
TAF9,0.202,0.00294,0.00917
TMEM19,-0.22114093,0.000421,0.0091703
LOC107985553,-0.437,0.00295,0.00918
MFSD14A,-0.13988439,0.000421,0.0091825
FAM132A,0.22198273,0.000423,0.0091895
CGNL1,0.46779157,0.000423,0.0091895
NDUFV3,-0.30149028,0.000424,0.0091943
IL13RA1,0.206,0.00295,0.0092
SNORD3C,-0.853,0.00295,0.0092
ITSN2,-0.27752782,0.000425,0.0092061
GSDMB,0.41664066,0.000425,0.0092061
LOC112268419,0.239,0.00296,0.00921
ZFP36L2,-0.322,0.00296,0.00923
AK3,0.245,0.00296,0.00923
NEO1,-0.206,0.00297,0.00924
LOC105378936,0.502,0.00297,0.00924
GCAWKR,0.952,0.00297,0.00924
VASN,-0.476,0.00297,0.00924
LINC00632,0.21322646,0.000428,0.0092423
SEC22B,0.31568897,0.000428,0.0092423
PROM1,-0.478,0.00297,0.00925
LOC100129434,0.17195022,0.000429,0.0092534
RCAN1,0.57724368,0.000429,0.0092534
PFDN1,-0.33311928,0.000429,0.009258
AKR1C4,0.338,0.00298,0.00926
ATP6AP1,-0.357,0.00298,0.00926
CCDC93,0.116,0.00298,0.00926
LOC105375781,0.478,0.00298,0.00926
HAGHL,-0.22782508,0.000432,0.0092976
POLR3H,0.37278893,0.000433,0.0093039
AKR1C3,0.294,0.003,0.00932
PSG6,0.14664831,0.000435,0.0093203
TIGD3,-0.16283129,0.000435,0.0093203
PARD6G,-0.15022996,0.000435,0.0093203
NAALADL2-AS2,0.24056701,0.000435,0.0093232
MLL5,-1.2422671,1.54e-06,0.00933
SNORD35B,-0.557,0.00301,0.00934
DCTN1,-0.239,0.00301,0.00934
NPIPB15,0.533,0.00301,0.00935
KIF22,-0.366,0.00301,0.00936
UBE2M,-0.37,0.00301,0.00936
LOC107987174,-0.51,0.00301,0.00936
CLIP1,0.145,0.00301,0.00936
LINC01058,0.616,0.00302,0.00937
LOC112268218,-0.378,0.00302,0.00939
PSMA2,0.246,0.00303,0.0094
TIMMDC1,0.25341264,0.00044,0.0094106
PPIA,-0.28436516,0.000441,0.0094289
CSRNP3,0.375,0.00304,0.00944
SORT1,-0.9347933,0.000442,0.0094411
PRKAR2A,0.161,0.00304,0.00945
PTPN14,-0.341,0.00305,0.00945
MYH14,-0.471,0.00305,0.00945
PDE6B,-0.443,0.00305,0.00945
PLGRKT,-0.38471732,0.000444,0.0094566
PCDHGA11,0.237,0.00305,0.00946
TBC1D15,0.3000251,0.000444,0.0094637
DYNLT1,-0.37523206,0.000445,0.009469
APBA1,0.321,0.00306,0.00947
LOC107985783,0.329,0.00306,0.00947
LOC107985859,0.447,0.00306,0.00947
SLC45A2,0.522,0.00306,0.00947
HAO2-IT1,0.514,0.00305,0.00947
CEACAM16,-0.612,0.00305,0.00947
PPIAL4G,-0.2298869,0.000446,0.0094797
EPB41,-0.24657961,0.000446,0.0094797
EXOG,0.5856042,0.000446,0.0094821
ZNF473,0.33031567,0.000446,0.0094821
MOGS,-0.349,0.00306,0.00949
LOC107987091,0.557,0.00306,0.00949
MYRIP,0.13864595,0.000448,0.0094996
USP3-AS1,0.207,0.00307,0.0095
SMIM20,0.236,0.00307,0.0095
MYORG,0.287,0.00307,0.0095
CCDC112,-0.314,0.00307,0.00951
PLCB4,0.2386523,0.000448,0.0095103
EHHADH,0.242,0.00308,0.00952
C12ORF60,0.272,0.00308,0.00952
MAGED4B,0.24657764,0.00045,0.009522
LRRC26,-0.13799869,0.000451,0.0095283
LNP1,0.28,0.00308,0.00953
MAILR,0.388,0.00308,0.00953
NOPCHAP1,0.287,0.00308,0.00953
ZNF518B,0.206,0.00308,0.00953
CLDN3,-0.967,0.00309,0.00954
BOLA2,-0.384,0.00308,0.00954
TCTN3,-0.37366052,0.000452,0.0095464
WASH7P,0.24730263,0.000452,0.0095476
PSG3,-0.17054435,0.000452,0.009549
LOC100128494,-0.236,0.00309,0.00955
RUFY2,0.19643589,0.000453,0.0095572
FBXL17,0.171,0.00309,0.00957
DENND10,0.229,0.0031,0.00958
APCDD1,-0.74054969,0.000455,0.0095833
PROK2,0.367025,0.000455,0.0095833
LINC01293,-0.22686892,0.000456,0.0095888
LOC101927066,0.378,0.0031,0.00959
NUP155,0.176,0.00311,0.0096
MTRNR2L8,-1.06,0.00311,0.0096
MTFR2,0.341,0.00312,0.00963
GOPC,0.136,0.00312,0.00963
LMTK2,0.145,0.00312,0.00964
TRMT13,0.196,0.00313,0.00965
ATP5PF,0.286,0.00312,0.00965
ANXA2P3,-0.23101389,0.000459,0.0096529
ZNF474-AS1,0.619,0.00313,0.00966
PEX16,-0.536,0.00313,0.00967
ANKRD13C,0.156,0.00314,0.00968
PIWIL4,-0.35089797,0.000462,0.0096861
CPSF4,0.34164508,0.000462,0.0096865
ZNF300P1,-0.20160509,0.000464,0.0096984
PHACTR2-AS1,-0.439,0.00314,0.0097
RPL13AP5,-0.37,0.00314,0.0097
LOC105377882,0.477,0.00314,0.0097
LOC102724019,0.557,0.00315,0.00971
TMEM262,-0.595,0.00315,0.00971
THOC2,0.168,0.00315,0.00972
PCNX4,0.126,0.00316,0.00973
SLX4,-0.243,0.00316,0.00974
ABR-AS1,-0.63,0.00316,0.00974
GARRE1,-0.204,0.00316,0.00974
OR51V1,0.16820905,0.000466,0.0097404
CASTOR1,-0.596,0.00316,0.00975
SPTLC2,-0.203,0.00316,0.00975
DAZAP1,-0.234,0.00316,0.00975
HAUS4,0.186,0.00317,0.00977
UBE2I,-0.212,0.00317,0.00977
RTCB,-0.197,0.00317,0.00977
HNRNPL,0.34389294,0.000469,0.0097744
FXR2,0.31169328,0.000469,0.0097744
FUZ,-0.251,0.00318,0.00978
LMF1-AS1,-0.498,0.00318,0.00978
PRDM8,-0.64,0.00318,0.00979
LOC107985236,0.31,0.00318,0.00979
STK25,-0.304,0.00318,0.00979
MTCH1,-0.259,0.00318,0.00979
SLC66A1,-0.341,0.00319,0.00981
CHMP3,-0.173,0.0032,0.00983
SLC16A2,0.292,0.0032,0.00983
CSNK2A1,0.128,0.0032,0.00985
C10ORF107,-0.283689,0.000473,0.009856
UGT1A6,0.369,0.00321,0.00986
CLYBL,0.247,0.00321,0.00986
KDF1,-0.23454301,0.000476,0.0098698
SUV39H1,0.29748808,0.000475,0.0098698
HIST1H2BC,-0.31079049,0.000476,0.0098698
PRSS2,-0.20812087,0.000475,0.0098698
AGPAT1,0.16339604,0.000476,0.0098698
HMOX2,-0.335,0.00322,0.00988
NFKBIL1,-0.392,0.00322,0.0099
ZKSCAN1,0.26,0.00322,0.0099
ANGPT2,0.68609594,0.000478,0.0099019
GRID1-AS1,-0.16279633,0.000479,0.0099089
TMEM141,-0.432,0.00323,0.00991
TTC21B-AS1,0.35,0.00322,0.00991
SAMD5,0.417,0.00323,0.00991
KIAA1328,0.201,0.00323,0.00992
PIK3R5-DT,-0.516,0.00324,0.00994
RALGAPA1P1,0.196,0.00324,0.00994
ANLN,-0.606,0.00324,0.00995
LOC105377359,0.349,0.00324,0.00995
C18ORF21,0.194,0.00324,0.00995
RANBP3,-0.226,0.00325,0.00997
HDAC5,-0.369,0.00325,0.00997
SDHAP1,-0.16714505,0.000483,0.0099749
RRAS2,-0.34264192,0.000483,0.0099749
SLC30A1,0.48703002,0.000483,0.0099749
TSNARE1,-0.463,0.00325,0.00998
MFSD9,0.24169257,0.000484,0.0099872
LOC107985043,0.398,0.00326,0.00999
TDP2,-0.16576193,0.000485,0.0099906
SLC22A9,0.233,0.00328,0.01
LOC105370259,0.586,0.00327,0.01
SNORD63,0.575,0.00327,0.01
LOC154761,-0.404,0.00326,0.01
BMP1,-0.332,0.00327,0.01
AK4,0.272,0.00327,0.01
LOC100507250,0.447,0.00328,0.01
RASGRP1,-0.32948491,0.000485,0.0100042
OR6Q1,0.13924776,0.000486,0.0100052
ZNF526,-0.24183039,0.000486,0.0100053
TJP2,0.42351742,0.000489,0.0100478
DMRTA2,-0.16141482,0.000489,0.0100495
FABP2,0.23276358,0.00049,0.0100646
NKAIN2,0.187448,0.000493,0.0100877
FCER1A,-0.97233777,0.000493,0.0100882
P2RY2,0.1346969,0.000493,0.0100882
HERC2P7,0.303,0.00331,0.0101
RALBP1,-0.171,0.00329,0.0101
RASAL2,-0.215,0.00328,0.0101
CHID1,-0.471,0.0033,0.0101
MIR1291,-0.601,0.00329,0.0101
SNORA38B,-0.641,0.00329,0.0101
GLIPR1L2,0.509,0.00329,0.0101
LOC105375242,0.39,0.00329,0.0101
SNRPA1,0.198,0.00332,0.0101
LOC105378780,0.64,0.00331,0.0101
CDC37,-0.389,0.00332,0.0101
PARD6A,-0.644,0.00331,0.0101
IFITM1,-0.579,0.00331,0.0101
ISY1-RAB43,-0.313,0.00332,0.0101
ATP5MJ,0.267,0.0033,0.0101
SYNJ2BP-COX16,0.194,0.0033,0.0101
CDON,0.32,0.0033,0.0101
ARHGAP1,-0.28,0.00328,0.0101
CMC2,0.251,0.0033,0.0101
LOC107985725,0.367,0.0033,0.0101
GPR135,0.314,0.00332,0.0101
TMEM242,0.155,0.00329,0.0101
SERF1B,-0.313,0.00332,0.0101
CCEPR,0.409,0.00331,0.0101
ZNF385D-AS2,-1.35,0.00329,0.0101
URI1,0.137,0.00328,0.0101
DTX2,-0.372,0.00331,0.0101
TMC7,0.15041805,0.000495,0.010107
HOXA2,-0.25940171,0.000495,0.0101138
PRIM2,0.2501526,0.000497,0.0101226
RNASE10,0.30889479,0.000498,0.0101279
CD19,-0.45895655,0.000499,0.0101333
BUB3,-0.2190911,0.000499,0.0101333
PPP4R4,0.24037392,0.0005,0.0101403
RPS29,-0.17354307,0.000501,0.0101504
GLB1,-0.28377703,0.000501,0.0101504
LINC01451,0.55951897,0.000504,0.0101933
CINP,-0.16902575,0.000504,0.0101961
COL4A5,-0.432,0.00335,0.0102
SUGP2,-0.163,0.00335,0.0102
SDCBP,-0.246,0.00336,0.0102
HIBCH,0.265,0.00334,0.0102
NSMAF,-0.166,0.00333,0.0102
DPY19L2P3,0.402,0.00334,0.0102
LOC102724200,-0.152,0.00333,0.0102
ATP2B1,-0.1879827,0.000508,0.0102382
SLC51B,-1.17133777,0.00051,0.010254
LOC102724002,0.35945168,0.000509,0.010254
LGI4,-0.23565677,0.00051,0.010254
APOC2,-0.38250621,0.00051,0.010254
PRSS38,0.14044481,0.00051,0.0102576
GFM1,0.30766877,0.000511,0.0102576
ZRSR2,0.34538586,0.000511,0.0102576
IKZF2,0.33759066,0.000512,0.0102703
LOC107987043,0.34,0.00337,0.0103
PGBD3,0.206,0.00339,0.0103
TMEM74B,-0.409,0.0034,0.0103
CCDC25,0.208,0.00337,0.0103
CMAS,0.267,0.0034,0.0103
LOC105370569,0.335,0.00337,0.0103
TEX2,0.174,0.00338,0.0103
NOTCH2NLB,0.235,0.00338,0.0103
LOC102724916,0.27,0.00339,0.0103
SLIRP,0.264,0.00338,0.0103
TSPOAP1,-0.394,0.00337,0.0103
ZNF12,0.152,0.00338,0.0103
LOC101928047,0.433,0.00338,0.0103
LOC105373826,-0.363,0.00339,0.0103
SLC7A8,-0.482,0.00338,0.0103
LOC107987068,0.563,0.00337,0.0103
LDHA,0.252,0.00338,0.0103
FAM127B,-0.49366882,0.000518,0.0103526
PAPPA,-0.517,0.00342,0.0104
FMN2,0.843,0.00344,0.0104
MAD2L1,-0.469,0.00344,0.0104
SNORA9,-0.679,0.00343,0.0104
LINC02284,0.582,0.00342,0.0104
MEGF11,0.179,0.00342,0.0104
URGCP-MRPS24,0.202,0.00341,0.0104
PLCD1,-0.424,0.00341,0.0104
WASH8P,-0.484,0.00344,0.0104
VAMP8,-0.223,0.00344,0.0104
TEDC2,-0.71,0.00344,0.0104
ALKBH3-AS1,0.366,0.00343,0.0104
SCD5,-0.447,0.00341,0.0104
RIN3,-0.374,0.00341,0.0104
EAPP,0.183,0.00343,0.0104
UNC119B,0.256,0.00343,0.0104
ACAT2,0.482,0.00343,0.0104
PXDNL,-0.18194708,0.000523,0.0104292
GNMT,2.0566563,3.08e-06,0.01044
MNS1,-0.9410853,4.02e-06,0.01044
MAP6D1,0.32127579,0.000525,0.0104531
NAP1L3,-0.28321666,0.000526,0.0104815
RORA-AS2,0.45,0.00347,0.0105
TRIM25,0.234,0.00346,0.0105
LINC00630,0.214,0.00347,0.0105
LINC01093,0.398,0.00347,0.0105
CC2D2A,0.209,0.00347,0.0105
AP2S1,-0.377,0.00348,0.0105
LIPT2-AS1,0.239,0.00345,0.0105
GREM2,0.355,0.00346,0.0105
UBXN6,-0.481,0.00347,0.0105
USF1,-0.211,0.00345,0.0105
LOC107987080,0.37,0.00347,0.0105
LOC107985037,0.365,0.00347,0.0105
ATP7B,0.193,0.00348,0.0105
KLHL31,0.305,0.00348,0.0105
TMEM254-AS1,0.323,0.00348,0.0105
PARP8,-0.27,0.00348,0.0105
LOC105370877,-0.395,0.00348,0.0105
EPHA2-AS1,-0.49,0.00345,0.0105
PCSK6,0.22713866,0.000528,0.010506
MT1X,0.65674812,0.00053,0.0105295
EPB41L4A-AS2,-0.35072814,0.000532,0.0105632
AGER,-0.20301579,0.000533,0.0105724
LRRC37A4P,-0.20752627,0.000534,0.0105724
MPZL2,-0.24568716,0.000534,0.0105724
SAMD4A,0.55108049,0.000534,0.0105724
RABGEF1,-0.2313964,0.000534,0.0105841
SNX11,-0.163,0.00349,0.0106
CYP26B1,-0.683,0.00349,0.0106
PM20D1,-0.587,0.00351,0.0106
ENPP3,0.478,0.00352,0.0106
MKNK2,-0.419,0.00351,0.0106
LOC107986820,0.331,0.00349,0.0106
KIF3A,-0.239,0.0035,0.0106
SLC30A10,0.309,0.0035,0.0106
TIMM21,0.157,0.0035,0.0106
LOC107985217,-0.59,0.00351,0.0106
ZNF580,-0.15516962,0.000536,0.01061
FAM111A,-0.31704373,0.000536,0.01061
SMAGP,-0.38042828,0.000538,0.0106341
DAZ2,0.13232497,0.000538,0.0106345
AASDHPPT,-0.38696197,0.000539,0.0106553
ANP32A,-0.19939817,0.000541,0.0106809
FOLH1,0.318,0.00355,0.0107
ARPC5L,-0.218,0.00354,0.0107
LOC107987014,0.457,0.00353,0.0107
LOC107987105,0.466,0.00354,0.0107
LOC105371077,0.665,0.00355,0.0107
AKAP5,0.313,0.00354,0.0107
HS2ST1,0.189,0.00353,0.0107
FAM136A,0.139,0.00353,0.0107
CYP4F22,-0.432,0.00355,0.0107
R3HDM1,0.123,0.00353,0.0107
USH1C,-0.662,0.00355,0.0107
TXN,-0.31904614,0.000542,0.0107025
SYT15,0.19178519,0.000544,0.0107254
GPATCH4,-0.23763577,0.000544,0.0107254
AZIN2,-0.19926685,0.00055,0.0107922
PDPK1,0.28190527,0.00055,0.010797
KRT19,-0.977,0.0036,0.0108
NUP188,-0.136,0.0036,0.0108
LOC107985784,0.413,0.00358,0.0108
PHOSPHO2,0.277,0.00359,0.0108
SEMA4B,-0.422,0.00359,0.0108
SPHK2,-0.456,0.00359,0.0108
FAM120B,0.119,0.00357,0.0108
ALDH9A1,0.251,0.00357,0.0108
LOC105370456,0.412,0.00359,0.0108
LSM8,0.158,0.00359,0.0108
SEPTIN10,0.171,0.00359,0.0108
STK24-AS1,0.414,0.0036,0.0108
LITAF,-0.341,0.00358,0.0108
TMEM97,0.515,0.0036,0.0108
NAMPT,0.83287191,0.000551,0.0108006
TRIM49B,0.21578402,0.000553,0.010818
RPS27A,-0.37101688,0.000554,0.0108239
LOC100130815,-0.14353543,0.000555,0.0108396
SPDYE6,0.24973924,0.000556,0.0108432
XPR1,-0.15470407,0.000556,0.0108432
KDM1B,0.139,0.00362,0.0109
ZNF230,0.178,0.00363,0.0109
CALML4,0.137,0.00364,0.0109
GPATCH8,0.138,0.00362,0.0109
LINC01002,-0.569,0.00363,0.0109
TKT,-0.55,0.00365,0.0109
CABP5,-0.453,0.00362,0.0109
ZNF335,-0.324,0.00363,0.0109
FOXL1,-0.768,0.0036,0.0109
SNORA11F,0.336,0.00362,0.0109
FRS3,-0.382,0.00362,0.0109
AP3S1,0.185,0.00362,0.0109
ADCY6,-0.256,0.00363,0.0109
LOC102724322,0.465,0.00364,0.0109
ASF1A,0.174,0.00362,0.0109
FNDC3A,0.196,0.00361,0.0109
AZI2,0.159,0.00361,0.0109
LOC112268429,0.445,0.00364,0.0109
ERLNC1,0.425,0.00361,0.0109
CHKB,-0.201,0.00363,0.0109
GEMIN8,0.165,0.00365,0.0109
FHIP2A,0.198,0.00363,0.0109
KCTD15,-0.427,0.00363,0.0109
TXNDC16,0.191,0.00364,0.0109
ZNF394,-0.123,0.00362,0.0109
IL18RAP,-0.4,0.00363,0.0109
LYSMD3,0.218,0.00365,0.0109
C1ORF210,-0.31498086,0.000561,0.0109013
HNRNPH3,-0.26447469,0.000561,0.0109013
TBX6,0.1660188,0.000564,0.0109438
SLC40A1,-0.36473679,0.000565,0.0109517
FOXR1,0.16206248,0.000566,0.0109727
LCE3E,0.18706941,0.000568,0.010983
PAIP1,0.30256268,0.000568,0.0109852
MIR1295A,0.48,0.00365,0.011
TMIGD3,-0.649,0.00369,0.011
ZNF292,0.167,0.00368,0.011
ASGR1,-0.394,0.00366,0.011
SPNS3,-0.582,0.00367,0.011
TADA2A,0.157,0.00368,0.011
PLOD1,-0.3,0.00369,0.011
TDP1,-0.156,0.00365,0.011
PLAC8L1,0.375,0.00367,0.011
UBE3D,0.228,0.00367,0.011
PTPRN2-AS1,-0.598,0.00366,0.011
SCAF8,0.136,0.00365,0.011
SLC35C1,-0.568,0.00369,0.011
TASOR2,0.141,0.00369,0.011
CD33,-0.429,0.00369,0.011
LOC105376506,-0.654,0.00365,0.011
GEMIN7,-0.224,0.00369,0.011
CPSF4L,0.275,0.00366,0.011
YME1L1,0.164,0.00366,0.011
LOC105369780,0.37,0.00367,0.011
TPRN,-0.64,0.00367,0.011
SLC7A6OS,-0.162,0.00369,0.011
RNF220,-0.23,0.00368,0.011
PTPRU,-0.458,0.00366,0.011
CALCB,0.14228271,0.00057,0.0110008
ENOX1,-0.19807755,0.000571,0.0110084
PRR30,0.16871296,0.000572,0.0110133
DIABLO,-0.2375164,0.000573,0.0110176
SSR2,-0.38999232,0.000572,0.0110176
PKIA,-0.23193466,0.000573,0.0110176
PKD2,0.16901197,0.000575,0.0110348
ACSL4,-1.48969753,0.000577,0.011053
FAM89A,0.44654658,0.000577,0.0110591
THPO,0.40530479,0.000578,0.011069
RFC2,-0.3345634,0.000579,0.0110715
SRSF9,-0.22054964,0.00058,0.0110815
LOC101928143,0.349,0.00372,0.0111
SEMA5B,-0.495,0.00373,0.0111
CELF3,0.13,0.00371,0.0111
UBE2F-SCLY,0.246,0.00373,0.0111
CCT6P3,0.229,0.00371,0.0111
LTBR,-0.412,0.0037,0.0111
ZW10,0.164,0.00371,0.0111
LOC107987119,0.417,0.0037,0.0111
PDE2A,-0.435,0.00372,0.0111
LOC107985768,0.386,0.00373,0.0111
SNORD67,0.513,0.0037,0.0111
RELCH,0.146,0.0037,0.0111
TMEM167B,-0.28461575,0.000583,0.0111174
FOXP1,-0.23820694,0.000583,0.0111174
ITGB3BP,-0.28584512,0.000585,0.0111434
RPS26,-0.44145277,0.000588,0.0111681
DCAF12L1,0.13130086,0.000588,0.0111681
RGAG4,-0.22747829,0.00059,0.0111798
GLE1,0.3446767,0.000591,0.0111919
C4ORF36,0.403,0.00378,0.0112
NUBP2,-0.593,0.00377,0.0112
POLG,-0.283,0.00375,0.0112
ELMOD3,-0.159,0.00378,0.0112
LGR4-AS1,0.502,0.00378,0.0112
MTSS2,-0.393,0.00378,0.0112
LRRC37A5P,0.691,0.00376,0.0112
ZNF385D,-0.894,0.00375,0.0112
OPA1-AS1,0.21,0.00376,0.0112
LOC102723406,0.428,0.00374,0.0112
FADS3,-0.477,0.00378,0.0112
CALU,-0.202,0.00377,0.0112
TOMM40L,0.237,0.00374,0.0112
RALGPS2-AS1,0.359,0.00377,0.0112
TRMU,-0.202,0.00376,0.0112
BMS1P4,0.208,0.00377,0.0112
LOC105378308,-1.36,0.00374,0.0112
LOC105378460,-0.323,0.00376,0.0112
LOC100506730,0.268,0.00375,0.0112
SUCNR1,0.56401013,0.000594,0.01124
ASCC3,-0.43939771,0.000596,0.0112604
C12ORF57,-0.564,0.0038,0.0113
MRPS24,0.224,0.00379,0.0113
ARPIN,-0.158,0.00381,0.0113
BHLHE40,-0.525,0.00381,0.0113
SLC25A14,0.2,0.00382,0.0113
LOC101928387,0.345,0.00382,0.0113
PRPF3,0.175,0.00381,0.0113
ERLIN1,0.209,0.00379,0.0113
DDX11L16,-0.426,0.00379,0.0113
SNHG3,-0.222,0.0038,0.0113
TLCD5,-0.39,0.00382,0.0113
SEC13,-0.27,0.0038,0.0113
WDR77,-0.148,0.0038,0.0113
EFCAB6,0.266,0.00379,0.0113
ERICH1,0.48537499,0.000601,0.0113158
ARL17A,0.25973145,0.000601,0.0113158
LOC554174,0.25525964,0.000601,0.0113158
BTNL8,-0.31023358,0.000602,0.0113207
TTC36,0.64139426,0.000602,0.0113207
ZNF226,-0.25726706,0.000602,0.01133
PLEKHB1,-0.34867797,0.000603,0.0113367
CLDN8,-0.19732763,0.000605,0.0113501
SIX4,0.21717481,0.000605,0.0113501
HIST1H3I,0.2268717,0.000607,0.01137
FERMT1,-0.34567365,0.000608,0.0113735
COLCA2,-0.22516126,0.000608,0.0113766
WIZ,-0.357,0.00383,0.0114
TMTC2,-0.374,0.00384,0.0114
PMPCA,-0.32,0.00386,0.0114
MIR1296,0.436,0.00385,0.0114
CASP9,-0.253,0.00384,0.0114
LOC107987234,-0.539,0.00384,0.0114
EML6,0.23,0.00383,0.0114
SLC25A27,0.299,0.00386,0.0114
UBXN10,0.26608893,0.00061,0.0114039
TDRD9,-0.19918326,0.000613,0.0114383
C11ORF58,-0.1660503,0.000615,0.0114742
TRAIP,-0.19170698,0.000617,0.0114868
CAMKV,-0.15274805,0.000617,0.0114868
SERF1A,-0.313,0.00389,0.0115
H2BC18,-0.375,0.00387,0.0115
ANAPC11,-0.525,0.0039,0.0115
EDN1,-0.331,0.00389,0.0115
FOLR1,0.15300224,0.00062,0.0115125
TAF6L,0.32590724,0.000619,0.0115125
LAMA4,-0.29374517,0.00062,0.0115125
GAL3ST1,-0.56370365,0.00062,0.0115161
CACNA1D,0.14320174,0.000623,0.0115483
CCL26,-0.25768534,0.000623,0.0115483
JSRP1,-0.91432283,0.000624,0.011557
GCAT,0.80992384,0.000624,0.0115632
TP53INP1,0.67901022,0.000625,0.0115676
IL20RA,-0.24361707,0.000625,0.0115729
NXPE1,-0.21694493,0.000625,0.0115729
ARF4,-0.36932653,0.000627,0.0115865
DCDC2B,-0.326,0.0039,0.0116
MIR1299,0.665,0.00391,0.0116
BCL2L12,-0.44,0.00391,0.0116
GOLT1A,-0.317,0.0039,0.0116
LOC107987072,0.315,0.00393,0.0116
USP37,0.16,0.00393,0.0116
POLQ,-0.476,0.0039,0.0116
SLC47A1,0.315,0.00391,0.0116
SIGLEC14,-0.623,0.00391,0.0116
PRPF39,0.153,0.00392,0.0116
MED1,0.112,0.00391,0.0116
MGA,0.121,0.00392,0.0116
RAB43,-0.432,0.00392,0.0116
HP1BP3,0.0903,0.00392,0.0116
TMEM134,-0.405,0.0039,0.0116
SMN1,0.1559001,0.000628,0.0116014
NOP9,0.25757517,0.00063,0.0116276
SIK2,0.37670406,0.000633,0.0116686
TNRC6C,-0.20330121,0.000633,0.0116686
ACADS,0.65190375,0.000634,0.0116741
CA3-AS1,0.311,0.00397,0.0117
TMCO4,-0.201,0.00395,0.0117
LOC107986422,0.289,0.00395,0.0117
PRCC,-0.193,0.00398,0.0117
CTBP1,-0.299,0.00398,0.0117
MR1,-0.195,0.00394,0.0117
TM4SF5,-0.587,0.00396,0.0117
PRNCR1,0.234,0.00395,0.0117
RBM25,0.171,0.00394,0.0117
TREML2,0.19836052,0.000636,0.0117114
CEP19,0.14373147,0.000636,0.0117114
NBPF1,0.23241136,0.000639,0.011736
H6PD,0.5816396,0.000639,0.011736
TSPAN12,-0.37159228,0.000641,0.0117423
FZD4-DT,0.359,0.00402,0.0118
SLC10A1,0.344,0.00399,0.0118
ANXA2R-AS1,-0.318,0.00401,0.0118
KIF3B,0.149,0.00399,0.0118
PAX6,0.333,0.00401,0.0118
LOC101929599,-0.407,0.00401,0.0118
ZNF721,0.21,0.004,0.0118
MPRIP,-0.193,0.004,0.0118
FREM1,-0.27101734,0.00065,0.011874
C19ORF52,-0.1750541,0.00065,0.011874
SEP15,-0.26833662,0.000651,0.0118764
LOC105379100,0.411,0.00403,0.0119
ATP2B4,-0.323,0.00403,0.0119
LOC107986696,-0.2,0.00402,0.0119
CREBZF,0.19,0.00404,0.0119
LOC107986018,0.315,0.00404,0.0119
LRRTM4-AS1,0.907,0.00406,0.0119
MZT2B,-0.642,0.00402,0.0119
MRPL35,0.167,0.00403,0.0119
MIF4GD,-0.258,0.00404,0.0119
RAB33B-AS1,0.311,0.00406,0.0119
RWDD3,0.215,0.00405,0.0119
SHOX2,0.27617068,0.000655,0.0119275
PSMC4,-0.24104985,0.000658,0.0119649
SCN5A,-0.16051214,0.00066,0.0119877
NUTF2,-0.25562864,0.00066,0.01199
MIR5047,-0.252,0.00408,0.012
LOC105371080,-0.465,0.00407,0.012
LOC105377492,0.501,0.00406,0.012
CCL3L3,-0.763,0.0041,0.012
SLC26A1,-0.635,0.00409,0.012
NFKBIB,-0.383,0.00409,0.012
SNORD3D,-1.02,0.00408,0.012
C1ORF52,0.21,0.00409,0.012
KIF24,0.147,0.00409,0.012
GALNT16-AS1,0.349,0.0041,0.012
PLEKHH3,-0.507,0.00409,0.012
BAIAP2L2,-0.486,0.00406,0.012
GPRIN2,-0.44471471,0.000663,0.0120336
CXCR6,-0.53578822,0.000664,0.0120437
TRPC5,0.364,0.00413,0.0121
LOC105371344,-0.726,0.0041,0.0121
ZNF69,0.211,0.00413,0.0121
NLRP11,0.357,0.00413,0.0121
ZNF396,0.199,0.00411,0.0121
ENY2,0.178,0.00413,0.0121
LOC107986997,0.354,0.00413,0.0121
NRBP1,-0.172,0.0041,0.0121
COLEC10,0.47877656,0.000669,0.012109
IRS2,0.59393567,0.000671,0.0121339
DSCC1,-0.1888237,0.000673,0.0121548
GIMAP2,-0.38675298,0.000675,0.0121744
NUP98,-0.2494558,0.000676,0.0121768
HTATIP2,-0.47577806,0.000676,0.0121775
C5ORF27,1.446245,7.12e-06,0.01219
RDM1,-0.2295807,0.000677,0.0121915
DCBLD1,0.42102511,0.000678,0.012196
CCDC138,0.228,0.00414,0.0122
ZNF106,0.114,0.00416,0.0122
SNORA2C,-0.572,0.00417,0.0122
NIP7,-0.192,0.00414,0.0122
ERBB3,0.176,0.00415,0.0122
MIR1972-1,0.588,0.00415,0.0122
PI4KAP2,-0.34,0.00415,0.0122
RPS6KB2,-0.439,0.00416,0.0122
LMLN,-0.24916042,0.000682,0.0122504
CKMT2,-0.48086644,0.000683,0.0122563
MAT1A,0.7909676,0.000685,0.012284
TUBG2,-0.29225547,0.000686,0.0122941
SNRPF,0.239,0.00418,0.0123
LOC100505502,-0.336,0.00421,0.0123
PCBD2,0.178,0.00418,0.0123
AFDN,0.117,0.00419,0.0123
FAM171B,-0.476,0.00418,0.0123
ZNF319,-0.317,0.00421,0.0123
USP45,0.204,0.0042,0.0123
HNF1B,-0.263,0.00421,0.0123
CAMTA1,0.143,0.00421,0.0123
C17ORF80,0.125,0.00419,0.0123
LOC107987057,0.278,0.00421,0.0123
MT1E,0.53310533,0.00069,0.0123446
CXCL17,0.1811459,0.000694,0.0123843
GATA6,-0.2218036,0.000695,0.0123894
PAQR3,0.193,0.00424,0.0124
FILIP1,-0.283,0.00423,0.0124
GGA3,-0.181,0.00423,0.0124
CHRM3-AS2,0.593,0.00425,0.0124
ALG8,0.195,0.00425,0.0124
DNAH12,0.421,0.00422,0.0124
CIZ1,-0.283,0.00423,0.0124
CDKN2AIP,0.19,0.00424,0.0124
FARSA,-0.48,0.00422,0.0124
TBCK,0.165,0.00422,0.0124
RELA,-0.314,0.00422,0.0124
ZMYND12,0.292,0.00425,0.0124
DHPS,-0.256,0.00424,0.0124
ZNF107,0.11929406,0.000697,0.0124061
SEPT4,-0.4676441,0.000697,0.0124125
DLEU7,0.16485213,0.000698,0.012415
BEX3,-0.34897994,0.0007,0.0124316
CDKN1C,-0.48680805,0.0007,0.0124316
LSAMP,0.23609218,0.000701,0.0124356
NDRG4,0.15965655,0.000701,0.0124356
BIRC5,0.13357588,0.000702,0.0124403
BLNK,0.222,0.00426,0.0125
LOC107985393,-0.404,0.00429,0.0125
PHYKPL,-0.204,0.00427,0.0125
PISD,-0.248,0.00429,0.0125
SUPT20H,0.153,0.00428,0.0125
RDH13,-0.308,0.00429,0.0125
WNK3,0.348,0.00428,0.0125
LOC105371910,-0.745,0.00429,0.0125
GART,0.28011542,0.000707,0.0125019
COX4I2,-0.2266986,0.00071,0.0125172
DCUN1D3,0.47276461,0.00071,0.0125172
SPATA31D1,0.15437803,0.000712,0.0125295
SPECC1L,0.36224873,0.000718,0.012588
RDH12,-0.53448804,0.000718,0.012588
STON2,0.16377199,0.000718,0.01259
LOC112268187,0.358,0.00434,0.0126
PDE4DIPP2,0.238,0.00431,0.0126
RTL9,0.603,0.00431,0.0126
PPP1R3D,-0.352,0.00433,0.0126
LOC107985878,0.366,0.00433,0.0126
SRSF11,0.199,0.00431,0.0126
NXF1,-0.173,0.0043,0.0126
RAB4A,0.183,0.00433,0.0126
TMED10P1,0.208,0.00431,0.0126
RICTOR,0.2,0.00431,0.0126
DPH1,-0.264,0.00433,0.0126
KATNAL1,0.18828442,0.000721,0.0126232
CFAP69,0.48372505,0.000723,0.0126496
ACE2,-0.777871,0.000726,0.012688
HSD17B1-AS1,-0.376,0.00437,0.0127
LINS1,0.176,0.00436,0.0127
GALNT7,-0.308,0.00436,0.0127
SLC35A1,0.156,0.00435,0.0127
MIR1304,-0.62,0.00435,0.0127
ADAMTS9-AS1,-0.494,0.00436,0.0127
GLRA1,0.511,0.00436,0.0127
CRYBG3,-0.177,0.00437,0.0127
RECK,-0.27,0.00438,0.0127
ST3GAL5,0.196,0.00438,0.0127
BECN1,-0.169,0.00437,0.0127
FAM156B,-0.206,0.00437,0.0127
SOWAHC,0.287,0.00437,0.0127
TMEM175,-0.398,0.00437,0.0127
FPGT-TNNI3K,0.198,0.00437,0.0127
BAIAP3,-0.472,0.00438,0.0127
FAR2,0.208,0.00438,0.0127
SOS1,0.144,0.00438,0.0127
AJUBA-DT,0.307,0.00438,0.0127
ARRDC4,-0.388,0.00436,0.0127
RFX7,0.165,0.00434,0.0127
LOC107985949,-0.414,0.00436,0.0127
NAT8B,-0.67646833,0.000727,0.012705
ARFIP2,-0.22032464,0.000729,0.0127184
VCX3A,0.12068039,0.000731,0.0127491
RPS12,-0.28998909,0.000734,0.012772
TSPAN5,0.453,0.00441,0.0128
DHX29,0.159,0.0044,0.0128
MTRF1L,0.148,0.0044,0.0128
DTD1,-0.229,0.00441,0.0128
MIPOL1,0.221,0.00442,0.0128
FBXL5,0.163,0.00442,0.0128
ANAPC1P2,0.167,0.0044,0.0128
LHX2,-0.409,0.0044,0.0128
ZNF341,-0.385,0.00441,0.0128
LOC112268262,0.411,0.00439,0.0128
SRPK3,-0.64,0.00439,0.0128
HSPB2,-0.57392941,0.000737,0.0128118
BAZ1A,0.43400417,0.000737,0.0128138
CYB5R2,-0.53121306,0.000738,0.0128188
RPL13P5,-0.46010243,0.000739,0.0128357
SNRPD1,-0.23008612,0.00074,0.0128405
MRPL52,-0.36695742,0.000743,0.0128856
SERINC1,-0.25297748,0.000743,0.0128866
MAIP1,0.235,0.00444,0.0129
LOC107987042,0.405,0.00446,0.0129
LINC02153,0.736,0.00446,0.0129
ERV3-1,-0.393,0.00446,0.0129
MOK,-0.263,0.00444,0.0129
KRR1,0.155,0.00445,0.0129
HSPA9,0.205,0.00445,0.0129
C2ORF49,0.122,0.00443,0.0129
MMP3,-0.16287156,0.000746,0.0129331
HNRNPU,0.41797027,0.000748,0.0129432
SNW1,-0.2906772,0.000748,0.0129432
CASR,-0.19356832,0.000749,0.0129531
TMEM100,-0.6619032,0.000751,0.0129817
RBM4,-0.33715515,0.000753,0.0129963
MRTFB,0.118,0.00448,0.013
PTOV1,-0.333,0.00448,0.013
TMEM104,-0.39,0.00449,0.013
CFAP70,0.276,0.0045,0.013
MED24,-0.262,0.00451,0.013
JADE2,-0.236,0.0045,0.013
CNKSR3,0.24,0.00449,0.013
RAB3A,-0.601,0.00447,0.013
PPCS,0.212,0.00451,0.013
AADAC,0.294,0.00449,0.013
APOM,0.344,0.00449,0.013
MAPRE3,-0.263,0.00447,0.013
AGTPBP1,-0.171,0.00448,0.013
PBX3,0.163,0.00448,0.013
ZNF208,-0.419,0.00451,0.013
B2M,-0.30590373,0.000756,0.0130376
OR52H1,0.18622068,0.000759,0.0130599
TRIM55,0.15457466,0.000759,0.0130599
GOSR2,-0.19519437,0.000759,0.0130599
LOC101930164,0.15633144,0.000762,0.0130895
SIAH3,0.15667475,0.000762,0.0130895
UBXN2A,0.28819918,0.000762,0.0130895
LOC100132062,-0.446,0.00453,0.0131
EDF1,-0.439,0.00453,0.0131
ZSWIM8,-0.28,0.00455,0.0131
ASB2,-0.603,0.00454,0.0131
ILF3,-0.174,0.00455,0.0131
ENTPD3,0.451,0.00453,0.0131
PLA2G12B,0.178,0.00452,0.0131
ZACN,-0.372,0.00455,0.0131
LOC105372859,0.301,0.00452,0.0131
CDC42EP2,-0.568,0.00453,0.0131
THUMPD1,-0.23592543,0.000766,0.0131435
TERF2IP,-0.26706717,0.000767,0.0131498
KRT222,-0.62054138,0.000767,0.0131498
DCTD,-0.24279832,0.000768,0.0131508
LAMP5,-0.37775385,0.000769,0.0131605
ESR1,0.263,0.00456,0.0132
FZD8,-0.309,0.00457,0.0132
NTPCR,0.151,0.00457,0.0132
LOC107984748,0.37,0.00456,0.0132
ACP6,0.224,0.00458,0.0132
SMIM11,0.213,0.00459,0.0132
JPT2,0.195,0.0046,0.0132
LOC105378590,-0.584,0.0046,0.0132
PDZRN4,-0.465,0.0046,0.0132
RCL1,0.272,0.00459,0.0132
GOLGA5,0.171,0.00457,0.0132
CXXC1,-0.337,0.0046,0.0132
SLC22A4,0.3,0.00459,0.0132
CEP295,0.162,0.0046,0.0132
GFRA2,-1.1514089,9.09e-06,0.0132
SETMAR,0.162,0.00456,0.0132
LINC00562,0.427,0.00458,0.0132
TTC23L-AS1,0.439,0.0046,0.0132
AARS2,-0.254,0.00458,0.0132
PTBP1,-0.323,0.00458,0.0132
EPHA1,-0.392,0.00459,0.0132
HECTD3,0.35178304,0.000772,0.0132034
PSMA4,-0.30272222,0.000772,0.0132034
ITIH3,0.56494385,0.000774,0.0132204
BRD2,0.32603148,0.000776,0.0132429
CEPT1,0.48235482,0.000777,0.0132446
LOC105378353,-0.44,0.00461,0.0133
EEF1AKMT4-ECE2,-0.617,0.00462,0.0133
RIDA,0.303,0.00461,0.0133
GPALPP1,0.137,0.00463,0.0133
IL3RA,-0.377,0.00462,0.0133
USP28,0.131,0.00461,0.0133
CDY2B,-0.1550273,0.000782,0.0133112
SASS6,0.19403724,0.000791,0.0133942
HOTTIP,-0.16815953,0.00079,0.0133942
FAM175B,0.24060286,0.000791,0.0133942
SHLD2P1,0.256,0.00464,0.0134
HYDIN2,0.72,0.00466,0.0134
CCDC167,-0.337,0.00467,0.0134
LINC03023,0.69,0.00468,0.0134
MIOS-DT,0.358,0.00466,0.0134
LIPH,-0.625,0.00467,0.0134
HMGB1,0.158,0.00467,0.0134
TCN2,-0.417,0.00467,0.0134
LOC105371605,0.46,0.00466,0.0134
ZNF491,0.276,0.00466,0.0134
BMS1P21,0.362,0.00467,0.0134
ALMS1-IT1,0.29,0.00468,0.0134
SESN1,-0.234,0.00468,0.0134
KDELR1,-0.19536684,0.000793,0.0134186
OR4C45,0.15210459,0.000796,0.0134533
GRSF1,0.19755118,0.000797,0.0134572
PRRC1,-0.24294577,0.000798,0.0134674
IGSF11,0.21993571,0.000798,0.0134735
RPL17,-0.40605346,0.000799,0.0134823
GBP3,-0.16520189,0.000801,0.0134951
ADAMTS16,-0.662,0.0047,0.0135
GM2A,-0.246,0.0047,0.0135
ZFTRAF1,-0.37,0.00469,0.0135
POLD4,-0.341,0.00469,0.0135
SMNDC1,0.155,0.00472,0.0135
KLK10,0.17107999,0.000804,0.0135297
LOC101929261,0.17228475,0.000807,0.0135407
PCDHGA5,0.12258685,0.000808,0.0135407
BLOC1S3,0.17736569,0.000808,0.0135407
RNF125,0.53393125,0.00081,0.013554
IFNA16,0.15108922,0.000814,0.0135912
MTMR8,-0.2136973,0.000815,0.0135936
POLH,-0.15332344,0.000815,0.0135957
GOLGA8IP,0.2461721,0.000815,0.0135957
TDRD1,-0.958,0.00474,0.0136
FKBP11,-0.218,0.00474,0.0136
RBM12,0.12,0.00476,0.0136
AHDC1,-0.414,0.00476,0.0136
MEGF9,0.202,0.00472,0.0136
PLXNB3,-0.695,0.00472,0.0136
CCS,-0.397,0.00474,0.0136
MAF1,-0.388,0.00475,0.0136
LOC105376146,0.544,0.00476,0.0136
MIR1915HG,0.333,0.00476,0.0136
LLPH,-0.34772893,0.000818,0.0136286
HNRNPA3P1,-0.22500688,0.00082,0.0136364
OTULIN,0.33499596,0.00082,0.0136364
DYNC2H1,-0.22612928,0.000822,0.0136645
CA13,0.22,0.00477,0.0137
DLEU1,0.27,0.00477,0.0137
OCLNP1,0.211,0.0048,0.0137
LINC01744,0.688,0.00479,0.0137
B4GALNT2,0.628,0.00478,0.0137
LOC101927610,0.296,0.00477,0.0137
LOC105375928,0.497,0.00478,0.0137
OTC,0.276,0.00477,0.0137
MIR4273,0.362,0.00478,0.0137
TNRC18,-0.346,0.0048,0.0137
FHIP1A-DT,0.427,0.00479,0.0137
LINC00938,0.191,0.00479,0.0137
PTPN20,0.1875071,0.000826,0.0137067
DCC,0.808,0.00482,0.0138
LOC105372989,0.384,0.00482,0.0138
SUCLA2,0.168,0.00484,0.0138
LEXM,0.445,0.00482,0.0138
RAB3C,-0.652,0.00482,0.0138
LOC105370576,-0.686,0.00485,0.0138
PRPF40A,0.141,0.00483,0.0138
NRM,-0.308,0.00485,0.0138
ZNF852,0.211,0.00482,0.0138
NDUFC2,0.25401945,0.000836,0.0138054
CARMIL3,0.35812162,0.000836,0.013808
YWHAZ,-0.228,0.00487,0.0139
PLAGL1,-0.299,0.00487,0.0139
SLC46A1,0.254,0.00489,0.0139
GLT8D2,-0.396,0.00488,0.0139
SLC46A3,0.262,0.00488,0.0139
C1ORF21,0.257,0.00489,0.0139
DNAJC5B,-0.664,0.00487,0.0139
AMDHD1,0.416,0.00487,0.0139
FMO2,-0.589,0.00489,0.0139
PLXNA4,-0.635,0.00487,0.0139
LOC102723914,0.466,0.00487,0.0139
LOC107986529,0.455,0.00486,0.0139
SNORA71D,-0.883,0.00486,0.0139
NOA1,-0.32628034,0.000844,0.0139027
TCF21,-0.46312738,0.000846,0.0139175
CD1E,-0.68941255,0.000846,0.0139241
CTR9,-0.27694836,0.000848,0.0139361
PCGF6,0.31218634,0.00085,0.0139488
TRIM32,-0.29461529,0.000852,0.0139647
MBD5,-0.13166126,0.000852,0.0139647
ZCCHC2,0.16413125,0.000854,0.0139819
PRX,-0.431,0.00492,0.014
RPE,0.132,0.0049,0.014
NOL7,0.141,0.00493,0.014
MPST,-0.482,0.00491,0.014
BCL3,-0.373,0.00489,0.014
PQBP1,-0.375,0.0049,0.014
CD36,-0.471,0.0049,0.014
ARHGAP19-SLIT1,0.175,0.00492,0.014
FERMT2,0.236,0.00492,0.014
RGPD6,0.21,0.00493,0.014
ACSM2A,0.254,0.0049,0.014
INKA2,-0.261,0.00491,0.014
LOC105374521,0.562,0.00491,0.014
GTF3C5,-0.332,0.00492,0.014
FABP3,-0.289,0.00489,0.014
CASKIN2,-0.515,0.00493,0.014
CLUAP1,-0.2381624,0.000857,0.014031
GPR160,-0.29564998,0.000859,0.0140394
SNORA66,0.367,0.00498,0.0141
DHTKD1,0.237,0.00496,0.0141
CCBE1,-0.307,0.00497,0.0141
NOL10,0.115,0.00496,0.0141
LAMTOR3,0.185,0.00496,0.0141
SRPK2,0.122,0.00494,0.0141
AGA-DT,0.304,0.00495,0.0141
LOC107984079,0.421,0.00496,0.0141
LOC105370781,-0.613,0.00496,0.0141
PCDHGA7,0.317,0.00497,0.0141
NFXL1,0.206,0.00495,0.0141
DACT2,-0.68,0.00495,0.0141
FANCI,-0.193,0.00495,0.0141
LOC101927847,-0.14089045,0.000864,0.0141012
ANKZF1,0.17357496,0.000864,0.0141045
SNIP1,0.25827401,0.000866,0.0141072
SNRPA,-0.22134609,0.000866,0.0141072
SNTG2,0.17275518,0.000867,0.0141072
MRPS17,-0.37566775,0.000866,0.0141072
DAG1,-0.37167253,0.00087,0.0141354
HMX1,0.16772338,0.000871,0.0141399
LINC01277,0.483,0.00499,0.0142
B3GAT1-DT,0.354,0.00501,0.0142
DRG2,-0.329,0.00498,0.0142
PRR5-ARHGAP8,-0.336,0.00498,0.0142
KLF5,-0.586,0.00501,0.0142
LOC107984887,0.485,0.00501,0.0142
PHRF1,-0.34,0.00501,0.0142
ENOX2-AS1,0.391,0.00501,0.0142
RNF144B,0.228,0.00501,0.0142
RASGEF1A,-0.516,0.00498,0.0142
ACVR2B-AS1,0.36,0.00499,0.0142
COPS4,-0.25449835,0.000879,0.0142343
CIDECP,-0.39709047,0.000879,0.0142401
SYNRG,-0.16364916,0.000884,0.014288
LAMTOR5-AS1,0.36,0.00506,0.0143
TMEM185B,-0.236,0.00505,0.0143
RAB30,0.18,0.00503,0.0143
HAUS5,-0.295,0.00503,0.0143
PTENP1,0.192,0.00504,0.0143
DNAH7,-0.529,0.00506,0.0143
SENP6,0.142,0.00504,0.0143
CCDC7,0.216,0.00506,0.0143
PHF24,-0.459,0.00506,0.0143
FGF1,-0.19397914,0.000886,0.0143033
MAP4K4,0.23733177,0.000887,0.0143108
SF3B2,-0.208,0.00507,0.0144
EPM2A,0.214,0.00507,0.0144
EPHA1-AS1,-0.503,0.0051,0.0144
LOC107987183,0.487,0.00507,0.0144
LOC105375417,0.475,0.00509,0.0144
LIMS2,-0.384,0.0051,0.0144
SNORD3B-2,-0.986,0.00509,0.0144
LOC105374659,-0.819,0.0051,0.0144
DEDD2,-0.31,0.0051,0.0144
GTF2IP12,0.311,0.0051,0.0144
LOC101928030,-0.16457817,0.000898,0.0144335
TAF13,0.63905363,0.000899,0.0144426
SLC35G5,0.14094155,0.0009,0.0144465
TTC16,0.2762957,0.0009,0.0144465
TYMS,-0.54240188,0.000903,0.0144782
ERO1B,0.31973001,0.000904,0.0144794
GJB3,0.25749919,0.000903,0.0144794
HDLBP-AS1,0.252,0.00513,0.0145
EIF1AX-AS1,0.404,0.00511,0.0145
B3GNT8,-0.555,0.00511,0.0145
ZNF141,0.18,0.00511,0.0145
ATF6B,-0.285,0.00514,0.0145
LOC105378747,0.482,0.00514,0.0145
FAM225B,-0.538,0.00511,0.0145
LOC101928214,-0.486,0.00512,0.0145
PCDHB7,-0.561,0.00513,0.0145
PPP2R3A,0.18209982,0.000906,0.0145028
IFT122,-0.28475138,0.000906,0.0145028
PGBD2,-0.18451198,0.000908,0.0145093
ZFP82,-0.35177607,0.000908,0.0145102
C8ORF76,0.28952798,0.000909,0.0145291
GADL1,0.12616867,0.000912,0.0145667
FGA,0.12896724,0.000913,0.0145706
ZNF784,0.33508404,0.000915,0.0145915
NDUFAF5,-0.19028369,0.000915,0.0145915
STAG1,0.119,0.00515,0.0146
STPG1,-0.282,0.00517,0.0146
ZNF354A,-0.183,0.00516,0.0146
KIRREL3,-0.519,0.00517,0.0146
GRM6,-0.594,0.00515,0.0146
LRP4,0.402,0.00518,0.0146
RPS6KC1,0.128,0.00517,0.0146
PPT2-EGFL8,-0.177,0.00516,0.0146
RTL8A,-0.402,0.00516,0.0146
RARRES2,-0.4,0.00516,0.0146
AGPAT2,-0.612,0.00519,0.0146
MIR3658,0.391,0.00516,0.0146
TRNL1,-0.885,0.00517,0.0146
ZNF221,0.208,0.00516,0.0146
HSD3B2,0.423,0.00519,0.0146
LOC105375059,-0.494,0.00518,0.0146
ABCB9,-0.31912857,0.000918,0.0146103
SLC4A8,0.14802018,0.000918,0.0146126
IRAK2,0.51792864,0.000919,0.0146235
LOC731157,0.21757461,0.000921,0.0146385
PSMD10,-0.25193237,0.000921,0.0146402
ARHGAP18,-0.274,0.0052,0.0147
EBF4,-0.471,0.00522,0.0147
MAP3K12,0.159,0.00522,0.0147
LNCATV,-0.426,0.00523,0.0147
TBC1D3I,-0.303,0.00524,0.0147
UBE2D1,-0.283,0.0052,0.0147
ALG5,0.198,0.00521,0.0147
MGAT4C,-0.669,0.00524,0.0147
KCNS3,-0.504,0.0052,0.0147
VWA5A,-0.23,0.00521,0.0147
GRHL3,0.395,0.00523,0.0147
CTC1,-0.189,0.0052,0.0147
LOC101928409,-0.49,0.00522,0.0147
LTN1,0.156,0.00523,0.0147
DSC1,0.15353336,0.000928,0.0147126
TUBD1,-0.24215182,0.000929,0.014726
FTCD,1.4253509,1.1e-05,0.01478
SEC22C,-0.29412985,0.000933,0.0147821
MYH6,0.14470683,0.000934,0.0147927
ALOX15,-0.18941378,0.000935,0.0147937
WARS2-AS1,0.306,0.00526,0.0148
ZNF623,0.103,0.00525,0.0148
SMPD3,-0.477,0.00526,0.0148
RAD9B,0.189,0.00527,0.0148
ECHDC1,0.225,0.00528,0.0148
KCTD7,-0.216,0.00528,0.0148
PCDHGB3,0.18815,0.000936,0.0148071
LILRB5,0.53211285,0.00094,0.0148373
ZNF225,0.18963011,0.000941,0.0148373
MAP3K7,-0.21991968,0.000941,0.0148373
KRTAP10-9,0.20049187,0.00094,0.0148373
HSD17B14,0.90445491,0.000943,0.0148753
BTLA,0.20744673,0.000944,0.0148763
TMEM38B,0.33605304,0.000946,0.0148978
SLC23A2,0.302,0.00532,0.0149
LRRC75B,-0.466,0.00528,0.0149
CYCS,-0.285,0.00529,0.0149
SNRNP70,-0.254,0.00529,0.0149
BORCS8,-0.352,0.00531,0.0149
MDM4,0.177,0.00533,0.0149
TSC22D3,-0.583,0.00531,0.0149
LOC105379154,0.412,0.00531,0.0149
LOC102724775,0.514,0.00532,0.0149
CFI,0.226,0.00532,0.0149
LOC100130283,-0.262,0.00531,0.0149
ACADM,0.272,0.00532,0.0149
LRRC8D,0.16,0.00533,0.0149
MPP1,-0.248,0.00529,0.0149
ZCWPW1,0.175,0.00532,0.0149
RAB32,-0.302,0.0053,0.0149
CDH26,0.378,0.00529,0.0149
ZBTB45,-0.578,0.00529,0.0149
PTPRVP,-0.529,0.00531,0.0149
ATG10,0.211,0.00532,0.0149
TMEM55A,-0.37068731,0.000949,0.0149243
BRMS1L,0.25850053,0.00095,0.0149289
PRKACG,0.17214346,0.00095,0.0149293
WNT10A,-0.17501952,0.000951,0.0149306
NNAT,0.18490423,0.000951,0.0149306
CDK12,-0.46691784,0.000952,0.014948
PRKDC,0.26828014,0.000957,0.0149828
TMEM65,0.15853569,0.000957,0.0149828
SFR1,-0.16849919,0.000958,0.0149881
BCO2,0.477,0.00534,0.015
EXOSC8,0.156,0.00534,0.015
AKAIN1,0.725,0.00534,0.015
LOC107984334,-0.328,0.00534,0.015
PER1,-0.549,0.00535,0.015
ZNF143,0.127,0.00536,0.015
SCGN,-0.442,0.00535,0.015
LINC02435,0.463,0.00535,0.015
LOC105377203,-0.423,0.00534,0.015
LOC105378807,0.463,0.00534,0.015
ZDHHC11,0.83223309,0.000962,0.0150265
NFE2L3,0.14980836,0.000965,0.0150534
BRD8,0.119,0.0054,0.0151
H2AC7,-0.554,0.00537,0.0151
ST20-MTHFS,0.213,0.00541,0.0151
LOC105373902,0.415,0.00538,0.0151
PCSK9,-0.453,0.00538,0.0151
ZBTB22,-0.278,0.00538,0.0151
FAM30A,-0.57,0.0054,0.0151
ZNF248,0.204,0.00539,0.0151
IL7,0.203,0.00542,0.0151
LOC112268460,-0.55,0.00539,0.0151
CEP295NL,-0.531,0.00542,0.0151
PEF1,-0.20525171,0.000969,0.015102
SFTPC,0.16121751,0.00097,0.0151153
MXD1,0.33096678,0.000973,0.0151527
FAM109B,-0.2242041,0.000974,0.0151528
UBQLN3,0.20446673,0.000974,0.0151528
YIPF3,-0.24817592,0.000975,0.0151528
MIR5006,0.379,0.00543,0.0152
DNAJC27-AS1,0.39,0.00545,0.0152
IGKV3D-15,-0.672,0.00542,0.0152
ZNF585A,0.153,0.00545,0.0152
LOC107983949,0.412,0.00542,0.0152
IGKV2-30,-0.748,0.00544,0.0152
TMEM82,-0.567,0.00544,0.0152
WASH2P,-0.355,0.00542,0.0152
COPS2,0.176,0.00545,0.0152
TPM1,-0.84049645,0.000982,0.0152069
KSR2,0.14983889,0.000987,0.0152792
---,-0.7987467,1.24e-05,0.01529
MT1H,1.84186853,0.00099,0.0152991
GPN3,0.216,0.00546,0.0153
SNORA10,-0.578,0.00546,0.0153
CYP4A11,0.254,0.0055,0.0153
MTA2,-0.249,0.00547,0.0153
FKBP1B,-0.34945604,0.000996,0.0153738
IGFBP5,-0.445,0.00551,0.0154
LOC105373271,0.404,0.00552,0.0154
UPF1,-0.322,0.00553,0.0154
PCED1A,-0.366,0.0055,0.0154
LOC105369354,-0.504,0.00552,0.0154
TRAPPC9,-0.154,0.00552,0.0154
LOC101927516,0.339,0.00551,0.0154
IL20RB-AS1,0.174,0.00551,0.0154
MIR3682,0.496,0.00551,0.0154
ADGRL1-AS1,-0.329,0.00552,0.0154
LOC105373455,0.35,0.0055,0.0154
CCDC158,0.375,0.00553,0.0154
TMEM50A,-0.222,0.00553,0.0154
LOC105375153,0.419,0.00553,0.0154
CCDC61,-0.318,0.00552,0.0154
ENO3,-0.528,0.00554,0.0154
MIR1295B,0.452,0.00553,0.0154
LOC105377766,0.525,0.00552,0.0154
YES1,0.221,0.00553,0.0154
CERS6,0.38986855,0.001,0.0154272
ZBTB18,0.13805647,0.001,0.0154398
TAGLN3,0.13733594,0.001,0.0154398
SCYL1,0.26816618,0.00101,0.0154639
LRP11,-0.26554684,0.00101,0.0154639
GALE,0.18138761,0.00101,0.0154701
TTC23,0.117,0.00557,0.0155
CDC25B,-0.276,0.00558,0.0155
PRELID2,0.29,0.00558,0.0155
KRT10,0.263,0.00557,0.0155
LOC101929130,-0.23,0.00556,0.0155
RNPEP,-0.227,0.00556,0.0155
LOC107986082,0.666,0.00559,0.0155
MORN1,-0.341,0.00556,0.0155
APRG1,0.272,0.00555,0.0155
NPRL3,0.29861583,0.00102,0.0155375
SPEF1,-0.17505366,0.00102,0.0155375
LYPD2,-0.47424857,0.00102,0.0155375
CEP104,0.25875869,0.00102,0.0155807
TSHZ2,-0.50008045,0.00102,0.0155821
TCTE3,0.11731831,0.00102,0.0155863
C16ORF89,-0.13577679,0.00102,0.0155863
DDX25,0.577,0.00561,0.0156
LOC105371413,0.455,0.00563,0.0156
HIVEP3,-0.243,0.00561,0.0156
CEACAM20,-0.616,0.0056,0.0156
ABHD16A,-0.39,0.0056,0.0156
CIR1,0.135,0.00564,0.0156
LOC100133331,-0.449,0.00561,0.0156
MDFIC,-0.254,0.00563,0.0156
SNTB1,0.231,0.00561,0.0156
CHRM5,0.315,0.00561,0.0156
FRK,0.207,0.00562,0.0156
SLC26A5,0.23,0.00564,0.0156
MRPS22,0.193,0.00563,0.0156
PIAS2,0.147,0.00561,0.0156
LOC107984088,-0.542,0.00564,0.0156
LINC02680,0.36,0.0056,0.0156
FNBP1,-0.133,0.00561,0.0156
JKAMP,-0.31973628,0.00103,0.0156056
COA6,-0.23275766,0.00103,0.015645
USP33,0.24838562,0.00103,0.015645
ZPLD1,-0.40678437,0.00104,0.0156893
WDR74,0.47056207,0.00104,0.0156893
TPT1-AS1,0.211,0.00564,0.0157
DNAJB5,-0.255,0.00568,0.0157
LOC101927393,-0.316,0.00567,0.0157
GAS2,0.26,0.00566,0.0157
LINC02773,-0.452,0.00566,0.0157
GRIA3,-0.287,0.00564,0.0157
NMUR1,-0.355,0.00567,0.0157
GLUD1,0.286,0.00565,0.0157
TONSL,-0.482,0.00565,0.0157
THOC7-AS1,0.406,0.00565,0.0157
LOC101927830,0.261,0.00567,0.0157
ADAM9,-0.309,0.00567,0.0157
ZNF567,-0.19206979,0.00104,0.0157212
TBC1D16,0.33620481,0.00104,0.0157212
TNFSF9,0.22047575,0.00104,0.0157212
LY6G6C,-0.1861375,0.00104,0.0157212
MRPL18,-0.29897457,0.00104,0.0157212
EFCAB7,-0.16615356,0.00104,0.0157212
FANCM,-0.19191291,0.00104,0.0157245
CALN1,0.20654282,0.00104,0.0157245
RNF19B,-0.2338622,0.00105,0.0157958
MYF5,0.14613583,0.00105,0.0157978
DDAH1,0.316,0.00571,0.0158
XCL2,-0.54,0.0057,0.0158
LOC105375211,0.449,0.00572,0.0158
LOC105376090,0.287,0.00571,0.0158
SCNM1,-0.21,0.00571,0.0158
CCNE1,-0.472,0.0057,0.0158
NIPAL2,-0.337,0.00569,0.0158
CCDC162P,0.691,0.00571,0.0158
CNDP1,0.45,0.0057,0.0158
STX16-NPEPL1,-0.182,0.0057,0.0158
COIL,0.13,0.00571,0.0158
CD99,-0.29752595,0.00106,0.0158224
EFL1,0.20288822,0.00106,0.0158224
CLVS2,-0.12875163,0.00106,0.0158523
PDCD10,-0.23176651,0.00106,0.0158599
LOC105374729,0.13408888,0.00106,0.0158645
KLK15,0.14590502,0.00106,0.0158813
UNC45B,-0.18232565,0.00107,0.0158877
CPNE7,0.20461032,0.00107,0.0158877
PPTC7,0.195,0.00578,0.0159
DPH5-DT,0.234,0.00575,0.0159
C8ORF44,0.301,0.00576,0.0159
LOC105371529,0.515,0.00575,0.0159
ARF3,-0.181,0.00574,0.0159
STARD9,-0.262,0.00576,0.0159
MSRA-DT,0.573,0.00577,0.0159
FMO5,0.274,0.00576,0.0159
IGLV6-57,-0.86,0.00575,0.0159
RNF4,-0.135,0.00574,0.0159
MTF2,0.174,0.00577,0.0159
PRR16,-0.767,0.00577,0.0159
MIR548V,0.438,0.00574,0.0159
PIGR,-0.432,0.00573,0.0159
EEF2,-0.37,0.00573,0.0159
IFI35,-0.36201646,0.00107,0.0159074
LOC102723757,-0.19041203,0.00107,0.0159378
ANP32C,0.15779349,0.00108,0.0159734
LINC01252,0.3713676,0.00108,0.0159868
PARP15,0.459,0.0058,0.016
ZNF628,-0.541,0.00579,0.016
PCYT1A,0.106,0.00581,0.016
C8ORF44-SGK3,0.162,0.00578,0.016
NGRN,-0.154,0.00581,0.016
RNF32-AS1,0.318,0.00581,0.016
EWSR1,0.23166564,0.00108,0.0160057
GBAS,-0.29625313,0.00108,0.016026
C21ORF2,0.45209915,0.00108,0.0160417
TUBA4B,0.13799929,0.00108,0.0160581
CREBL2,-0.17440832,0.00109,0.0160629
MT1A,0.30376293,0.00109,0.0160793
DUSP18,-0.32873445,0.00109,0.0160793
TXNDC5,-0.48876696,0.00109,0.0160793
LOC107986876,-0.258,0.00582,0.0161
LOC107985318,0.515,0.00582,0.0161
LOC107987331,0.584,0.00583,0.0161
TCP11L1,-0.154,0.00582,0.0161
MORN4,0.265,0.00584,0.0161
LINC00861,-0.433,0.00582,0.0161
MAGI2,0.244,0.00583,0.0161
TARDBPP3,0.226,0.00584,0.0161
EFCAB13-DT,0.453,0.00585,0.0161
MRO,-0.434,0.00585,0.0161
MYBL1,-0.383,0.00585,0.0161
LOC105378260,0.223,0.00584,0.0161
PUS7,0.27486239,0.00109,0.0161372
VPS8,-0.20298825,0.00109,0.0161397
ZNF672,0.29126276,0.0011,0.0161397
RPS18,-0.46428053,0.0011,0.0161397
ZNF713,0.30017394,0.0011,0.0161397
CPA3,-0.99577899,0.0011,0.0161397
CLDN7,-0.6295516,0.0011,0.0161474
ZNF624,-0.1646693,0.0011,0.0161852
ID2-AS1,0.17180778,0.0011,0.0161852
COL13A1,-0.58,0.00589,0.0162
OGFR,-0.42,0.00587,0.0162
LOC100294145,0.222,0.00587,0.0162
NUF2,-0.628,0.00588,0.0162
LOC105375912,0.286,0.00589,0.0162
LOC105371090,0.422,0.00591,0.0162
MUL1,-0.287,0.00589,0.0162
PDK3,0.192,0.00587,0.0162
DLK2,-0.395,0.00587,0.0162
CDH2,0.24960938,0.00111,0.0162177
SNORD36A,-0.21090742,0.00111,0.0162244
ESRP1,-0.17576966,0.00111,0.0162244
RNASEH2C,0.19354425,0.00111,0.0162406
HOXB6,0.27462308,0.00111,0.0162644
GLT1D1,-0.146545,0.00111,0.0162691
VCY,0.12437304,0.00111,0.0162787
CHRNG,0.12084781,0.00111,0.0162836
ZNF564,0.148,0.00595,0.0163
DDX11L2,-0.5,0.00592,0.0163
LYNX1-SLURP2,-0.696,0.00594,0.0163
ZMYND10,-0.583,0.00595,0.0163
INTS8,0.149,0.00591,0.0163
ZNF84,0.179,0.00593,0.0163
CHEK2,-0.414,0.00592,0.0163
EVA1C,-0.363,0.00592,0.0163
ME3-DT,0.37,0.00594,0.0163
LOC105369199,0.26,0.00594,0.0163
NARF-AS2,0.417,0.00594,0.0163
MAL2,0.225,0.00594,0.0163
SPRYD7,0.153,0.00594,0.0163
ARMC7,-0.29,0.00594,0.0163
LAPTM4B,-0.54514673,0.00112,0.0163073
RHPN2,0.48544695,0.00112,0.0163682
CRYGN,-0.22521671,0.00112,0.0163703
FRMD4B,0.27424665,0.00112,0.0163703
CD82,0.41649594,0.00113,0.0163841
SRP68,-0.18350271,0.00113,0.0163841
TNFSF15,0.36707453,0.00113,0.0163841
ZNF321P,-0.344,0.00598,0.0164
AKT1,-0.426,0.00597,0.0164
MRC1,-0.4,0.00596,0.0164
IGHV3-53,-0.877,0.00598,0.0164
TMEM246,-0.20724771,0.00114,0.0164726
TMED9,-0.29301851,0.00114,0.0164726
DRG1,0.15,0.006,0.0165
TRIM21,-0.249,0.00601,0.0165
CHKB-CPT1B,-0.232,0.00602,0.0165
C5ORF34,0.28,0.00602,0.0165
ZNF577,0.224,0.006,0.0165
PLXNA2,-0.22,0.00603,0.0165
MS4A6A,-0.413,0.00603,0.0165
INHBB,-0.6,0.00601,0.0165
TXN2,-0.20720286,0.00114,0.0165065
PTPRQ,0.16329666,0.00114,0.0165131
MOB3B,-0.35489897,0.00114,0.016542
PLPP5,-0.26326711,0.00115,0.0165526
PDCD6,-0.31996653,0.00115,0.0165526
ZNF195,-0.17482434,0.00115,0.0165526
TGFB2,-0.543,0.00605,0.0166
LOC105374412,-0.345,0.00608,0.0166
LINC02569,0.4,0.00606,0.0166
BDH1,0.241,0.00607,0.0166
EPM2AIP1,0.159,0.00606,0.0166
RIMKLB,-0.262,0.00608,0.0166
POLR2D,0.15,0.00606,0.0166
SAP30,-0.32,0.00606,0.0166
LIN7A,0.196,0.00605,0.0166
LOC105379082,0.364,0.00606,0.0166
CARS1-AS1,-0.299,0.00606,0.0166
WASH9P,-0.369,0.00605,0.0166
ZBTB11,0.14,0.00606,0.0166
ANTXR2,-0.29059534,0.00115,0.0166107
SLC6A16,0.51724919,0.00115,0.0166129
TMEM40,0.13725395,0.00116,0.0166495
LYPD1,-0.17326389,0.00116,0.0166676
IL5RA,0.24940282,0.00116,0.0166848
PEX10,-0.24295135,0.00116,0.0166848
LOC101927141,0.1556264,0.00116,0.0166888
NEK2,0.798,0.00608,0.0167
PFKFB1,0.245,0.00609,0.0167
DOK6,0.41,0.0061,0.0167
TMEM127,-0.194,0.00609,0.0167
LOC102723444,-0.492,0.00612,0.0167
NOL12,-0.351,0.00609,0.0167
ZIK1,-0.336,0.00612,0.0167
MUC4,0.18803898,0.00116,0.016708
C18ORF32,-0.31468304,0.00117,0.0167221
COMMD6,-0.36462044,0.00117,0.0167593
MYOZ1,-0.26107432,0.00117,0.0167719
LINC02292,0.613,0.00616,0.0168
NR1I3,0.279,0.00616,0.0168
RSPH4A,0.297,0.00614,0.0168
LOC105379315,0.689,0.00615,0.0168
BAAT,0.323,0.00613,0.0168
XYLT2,-0.365,0.00617,0.0168
DLG3,-0.334,0.00613,0.0168
LCN1,0.14446292,0.00118,0.0168155
FOXJ1,-0.19452836,0.00118,0.0168743
GPS2,-0.26073452,0.00118,0.0168767
TNFRSF17,-0.77502221,0.00118,0.0168777
NETO1,0.14100978,0.00119,0.0168976
TIMM29,-0.243,0.00621,0.0169
DNASE1L1,-0.287,0.00619,0.0169
RNF13,0.185,0.00621,0.0169
MICOS10P1,0.319,0.0062,0.0169
BSDC1,-0.159,0.00619,0.0169
ZNF441,0.189,0.00617,0.0169
FAM20C,-0.341,0.0062,0.0169
CCDC59,0.176,0.0062,0.0169
LOC105377587,0.445,0.00618,0.0169
TRMT112,-0.24061745,0.00119,0.0169177
PREX2,0.15866871,0.00119,0.0169561
CHRNA3,0.19266384,0.0012,0.0169731
EIF4G1,0.27087556,0.0012,0.0169778
SRRM1,0.24031071,0.0012,0.0169822
FOXA2,0.45732481,0.0012,0.0169955
EXT2,0.18379352,0.0012,0.0169962
CDK5RAP3,-0.199,0.00624,0.017
APTR,0.183,0.00622,0.017
SZT2-AS1,-0.383,0.00623,0.017
LOC105376065,0.481,0.00621,0.017
IPO13,-0.283,0.00623,0.017
LOC102724197,-0.595,0.00624,0.017
MTHFS,0.209,0.00625,0.017
NDUFAF4P1,0.337,0.00625,0.017
OIT3,-0.45,0.00622,0.017
SUGT1P3,0.316,0.00625,0.017
CTAGE5,-0.25228907,0.00121,0.0170703
CCT5,-0.193,0.00628,0.0171
ALX3,-0.338,0.00628,0.0171
DANCR,0.244,0.00627,0.0171
KCNMB2,-0.516,0.00629,0.0171
NFS1,0.194,0.00628,0.0171
WDR83,-0.303,0.00628,0.0171
CDS1,-0.5754401,0.00121,0.0171087
FAM151A,1.42291904,0.00121,0.0171233
ZXDB,0.25697445,0.00121,0.0171272
SPAST,0.19511487,0.00122,0.0171318
FAM69A,0.19752642,0.00122,0.0171365
ITGB1BP1,-0.4228486,0.00122,0.0171365
SYNE1,-0.22953067,0.00122,0.0171365
AES,-0.30031503,0.00122,0.0171365
MAMDC2,-0.74260463,0.00122,0.0171611
ZFAND6,-0.24929269,0.00122,0.0171879
TBRG4,-0.401,0.00633,0.0172
NABP1-OT1,-0.461,0.00634,0.0172
LOC107984593,-0.66,0.00632,0.0172
LINC03030,0.497,0.00631,0.0172
ASF1B,-0.507,0.00633,0.0172
CTDSP2,0.17,0.00634,0.0172
PIK3CD-AS1,-0.574,0.00633,0.0172
SNAI3,-0.681,0.00634,0.0172
LOC105377290,0.362,0.00631,0.0172
LINC01750,0.389,0.0063,0.0172
IL1RN,1.19252646,0.00123,0.0172439
C11ORF68,-0.2751788,0.00123,0.0172504
CNNM1,0.25285644,0.00123,0.0172511
SLC39A14,0.60330079,0.00123,0.0172547
EAF2,-0.33444698,0.00124,0.0172849
TMEM198B,-0.237,0.00637,0.0173
LETM1,-0.277,0.00635,0.0173
ANKRD46,0.208,0.00635,0.0173
HUWE1,0.126,0.00635,0.0173
LPAR6,-0.282,0.00638,0.0173
LOC105374773,0.248,0.00636,0.0173
CDT1,-0.532,0.00636,0.0173
RPSAP9,-0.248,0.00638,0.0173
LOC105369305,0.33,0.00635,0.0173
LINC00594,-0.14682161,0.00124,0.0173137
NTN4,0.41821492,0.00124,0.0173262
TLR9,-0.15994347,0.00124,0.0173278
NXF4,0.16367861,0.00125,0.0173531
GTF3C4,-0.21018232,0.00124,0.0173531
PPP6R2,0.43387597,0.00125,0.0173877
LOC101928120,-0.257,0.00642,0.0174
STX6,-0.142,0.00643,0.0174
GRB10,0.119,0.00641,0.0174
PLXNB2,-0.431,0.00642,0.0174
LOC105376392,0.224,0.00643,0.0174
CFAP91,-0.45,0.00641,0.0174
UGT2B7,0.296,0.00641,0.0174
LOC107986819,0.529,0.00639,0.0174
GVQW3,0.317,0.00639,0.0174
GPR161,0.233,0.00642,0.0174
DSCR4,-0.12850883,0.00125,0.0174412
C1ORF43,-0.41308124,0.00125,0.0174588
LOC105377468,0.16341994,0.00126,0.0174939
NHLRC1,0.17513343,0.00126,0.0174989
NMRAL1,-0.37,0.00646,0.0175
OXCT1,-0.427,0.00646,0.0175
CHD9NB,-0.541,0.00646,0.0175
LINC00921,-0.379,0.00648,0.0175
SIM1,0.903,0.00648,0.0175
HINT1,0.206,0.00646,0.0175
FZD2,-0.642,0.00645,0.0175
PCLO,-0.51,0.00646,0.0175
LOC105376033,0.315,0.00647,0.0175
LOC112268084,-0.375,0.00648,0.0175
LOC101927646,0.828,0.00647,0.0175
AKR1C2,0.458,0.00645,0.0175
SPO11,0.32038397,0.00126,0.017512
CPLX4,0.14597824,0.00126,0.017512
GGCT,-0.26782137,0.00126,0.0175125
BEND5,-0.27561058,0.00127,0.017525
ADPRHL2,-0.31967561,0.00127,0.0175265
C1QTNF3,0.16645552,0.00127,0.0175625
ADAT2,0.15140735,0.00127,0.0175628
SLC25A17,0.22878104,0.00127,0.017573
GTF2H5,-0.23680546,0.00127,0.017573
RABL2A,-0.21444531,0.00127,0.017573
EZH1,0.13717318,0.00127,0.0175787
DSP,0.28903838,0.00128,0.0175787
FBXL16,-0.17213377,0.00127,0.0175787
LOC101929200,0.327,0.0065,0.0176
CLTCL1,-0.232,0.00652,0.0176
LOC107986991,0.295,0.00652,0.0176
ME2,-0.209,0.0065,0.0176
LOC105377277,0.632,0.00653,0.0176
AAMP,-0.28,0.00652,0.0176
COX1,-0.443,0.00653,0.0176
LINC00261,0.319,0.00652,0.0176
LOC101929667,-0.515,0.00653,0.0176
PCDHGB5,0.24,0.00652,0.0176
AK7,0.449,0.0065,0.0176
PCAT7,0.349,0.00649,0.0176
LOC105375825,0.694,0.00649,0.0176
IL36G,0.20238942,0.00128,0.0176465
KRTAP3-2,0.13455016,0.00128,0.0176521
SEC61B,-0.20118026,0.00129,0.0176746
CTAGE10P,0.486,0.00657,0.0177
SUMO4,0.287,0.00658,0.0177
SP140L,0.143,0.00657,0.0177
LOC107985713,0.556,0.00655,0.0177
RAG1,0.26,0.00656,0.0177
DOC2B,-0.605,0.00656,0.0177
FAM131B,-0.485,0.00654,0.0177
TAS2R60,-0.719,0.00654,0.0177
PALM2AKAP2,0.144,0.00657,0.0177
RYR3,0.309,0.00654,0.0177
LOC101928499,0.269,0.00653,0.0177
ZBED3,0.244,0.00658,0.0177
LINC02912,-0.526,0.00656,0.0177
LOC105374031,0.759,0.00654,0.0177
SNURF,-0.5809263,0.00129,0.0177163
SLC6A14,0.12985567,0.0013,0.0177815
CFAP44,0.248,0.00659,0.0178
LOC112268288,-0.547,0.00659,0.0178
ALYREF,-0.363,0.00662,0.0178
LOC105372160,0.421,0.0066,0.0178
MRPL45,0.16,0.00661,0.0178
CDK13-DT,0.362,0.00661,0.0178
TOX2,0.42357444,0.0013,0.0178283
PABPN1L,0.13152616,0.0013,0.017833
MRPL44,-0.24785568,0.0013,0.017833
TMEM14EP,0.294,0.00663,0.0179
SLC36A1,-0.172,0.00663,0.0179
USE1,-0.278,0.00666,0.0179
KLC2-AS1,-0.423,0.00665,0.0179
ECM1,-0.365,0.00664,0.0179
LOC102724093,0.217,0.00665,0.0179
SNORD73A,-0.14973554,0.00131,0.0179142
OR5K4,0.15467861,0.00131,0.0179144
ZNF284,0.13078091,0.00131,0.0179212
GS52,0.19717195,0.00132,0.0179593
C16ORF87,0.4796648,0.00132,0.0179829
CERS6-AS1,0.236,0.00668,0.018
LOC105377481,0.563,0.0067,0.018
PYHIN1,-0.35,0.00667,0.018
LOC101927627,0.452,0.00669,0.018
AP1G2,-0.238,0.00669,0.018
CHMP4C,-0.21618324,0.00132,0.0180116
ATP2C1,0.25803446,0.00133,0.0180464
MFF,-0.19564988,0.00133,0.0180929
TRIM36,0.15895023,0.00133,0.0180929
OR51M1,0.1258394,0.00133,0.0180929
COPA,0.132,0.00676,0.0181
REEP6,-0.515,0.00672,0.0181
PVR,-0.241,0.00671,0.0181
DNAJB2,-0.35,0.00676,0.0181
FIGN,0.241,0.00672,0.0181
C6ORF163,0.303,0.00675,0.0181
PRKAR2B,-0.3,0.00675,0.0181
RFESD,0.291,0.00673,0.0181
CPSF6,0.153,0.00672,0.0181
HSD17B12,0.333,0.00672,0.0181
NEURL3,-0.513,0.00675,0.0181
PHF12,-0.14,0.00676,0.0181
FAM78B-AS1,0.352,0.00676,0.0181
KNDC1,-0.728,0.00673,0.0181
OSCP1,-0.25758618,0.00134,0.0181432
CST2,-0.20404857,0.00134,0.0181533
ITLN1,0.73423962,0.00134,0.0181533
MYH7B,-0.445,0.0068,0.0182
LOC102724579,0.467,0.0068,0.0182
ERVW-1,0.334,0.00681,0.0182
CYP39A1,0.325,0.00678,0.0182
FAM89B,-0.573,0.0068,0.0182
PIAS4,-0.378,0.00678,0.0182
MCM3AP-AS1,0.17,0.00677,0.0182
AFAP1L1,-0.318,0.00677,0.0182
LOX,-0.42,0.00678,0.0182
PIK3R2,-0.333,0.00681,0.0182
ENAH,-0.243,0.0068,0.0182
CUX1,-0.116,0.00677,0.0182
RHOBTB2,-0.263,0.00677,0.0182
NLGN4Y,-0.34935247,0.00135,0.0182124
GPAT3,0.91362512,0.00135,0.0182169
ERLEC1,-0.30545729,0.00135,0.0182398
SDHAP3,0.41408394,0.00135,0.0182626
MISP,0.21893336,0.00136,0.0182827
GAS5,-0.20130006,0.00136,0.0182972
AFG3L1P,-0.224,0.00683,0.0183
ASRGL1,-0.417,0.00684,0.0183
LOC105378356,0.669,0.00682,0.0183
CMTR2,0.18,0.00685,0.0183
ENO1,-0.316,0.00681,0.0183
ASCC1,0.139,0.00684,0.0183
MEG3,-0.318,0.00685,0.0183
LOC107987150,0.281,0.00681,0.0183
DHX58,-0.377,0.00686,0.0183
IFNL3,-0.12639634,0.00136,0.018309
LINC00309,0.17015077,0.00136,0.018309
R3HDM2,0.16387421,0.00137,0.0183396
SPRR1A,-0.16730964,0.00137,0.0183396
TMUB2,-0.20340667,0.00137,0.0183396
LOC105374077,-0.652,0.00686,0.0184
IL24,-0.468,0.00689,0.0184
SEC14L2,0.235,0.00687,0.0184
CNOT3,-0.279,0.00686,0.0184
JMJD4,-0.403,0.00689,0.0184
LOC107986123,-0.564,0.00687,0.0184
KIAA1614,-0.324,0.00689,0.0184
ITPRIP-AS1,-0.571,0.00688,0.0184
LOC105369552,0.59,0.00688,0.0184
TNFAIP8L3,-0.614,0.00689,0.0184
C1ORF137,0.17095104,0.00138,0.0184094
UBE2MP1,-0.21033735,0.00138,0.0184355
CSN1S1,0.13381006,0.00139,0.0184747
ACSM6,-0.1515237,0.00139,0.0184861
TMEM170B,0.261,0.00694,0.0185
DCST2,-0.425,0.00693,0.0185
LOC102724788,-0.823,0.00694,0.0185
SKIC2,-0.281,0.00694,0.0185
SREBF1,-0.62848265,0.00139,0.0185003
NME7,-0.17651766,0.0014,0.01854
COQ10B,0.39549808,0.0014,0.01854
ISOC2,-0.593,0.00696,0.0186
NDUFB3,0.246,0.00696,0.0186
DDC,0.299,0.00697,0.0186
PPBP,-0.662,0.00697,0.0186
LOC107984265,0.39,0.00695,0.0186
CYP2A7,0.466,0.00697,0.0186
RP9,0.22855907,0.0014,0.018603
UBE3C,0.26001251,0.0014,0.0186109
SAMD12,0.22475583,0.00141,0.0186254
KRTAP10-5,-0.15496803,0.00141,0.0186257
FKBP14,0.48252169,0.00141,0.0186585
GREB1,0.19132711,0.00141,0.0186601
ZNF229,0.13101327,0.00142,0.0186793
ZNF333,-0.1841686,0.00142,0.0186962
AP1AR,0.193,0.00702,0.0187
SNX14,0.17,0.00699,0.0187
PRODH2,-0.499,0.007,0.0187
FCER2,-0.577,0.007,0.0187
LOC105378828,-0.15068567,0.00143,0.0187958
RASA4CP,-0.484,0.00707,0.0188
LOC107984219,-0.194,0.00707,0.0188
C2ORF42,0.18,0.00707,0.0188
SEPTIN7P14,0.224,0.00705,0.0188
FAM167B,-0.787,0.00706,0.0188
LOC107983981,0.266,0.00703,0.0188
LOC100507053,0.304,0.00706,0.0188
LOC105373759,0.294,0.00706,0.0188
MPP3,-0.395,0.00704,0.0188
LINC00910,0.278,0.00705,0.0188
RRH,0.479,0.00707,0.0188
GNPAT,0.127,0.00705,0.0188
LOC112268317,0.446,0.00706,0.0188
LOC105374167,0.347,0.00705,0.0188
NKIRAS2,-0.3516412,0.00144,0.0188347
MDH2,0.2974026,0.00144,0.0188454
MINA,-0.18582912,0.00145,0.018892
DPF2,-0.20412009,0.00145,0.018892
THEM6,-0.609,0.00712,0.0189
GOLGA2P11,-0.756,0.00712,0.0189
LOC105371085,-0.331,0.00709,0.0189
ZNF605,0.232,0.00713,0.0189
APOL2,-0.207,0.00711,0.0189
ZSCAN16-AS1,-0.214,0.00713,0.0189
PRKG1,-0.377,0.00711,0.0189
FBXO9,0.159,0.00708,0.0189
C1ORF115,0.211,0.00712,0.0189
FUOM,-0.442,0.00709,0.0189
SNRK-AS1,-0.23,0.0071,0.0189
PAN3,0.158,0.00708,0.0189
C6ORF141,0.573,0.0071,0.0189
GNAO1-DT,0.315,0.00711,0.0189
LOC107984328,0.222,0.00709,0.0189
PDP1,-0.344,0.00711,0.0189
CIROP,0.402,0.00708,0.0189
TMX3,0.216,0.00712,0.0189
UGDH-AS1,0.306,0.00708,0.0189
TRGC2,-0.45,0.00712,0.0189
CABP4,-0.366,0.0071,0.0189
NUGGC,0.17396152,0.00145,0.0189171
ARMT1,-0.36344686,0.00145,0.0189226
JAKMIP1,0.18110169,0.00145,0.0189247
DNAH1,0.44237085,0.00145,0.0189372
SYN2,-0.14866719,0.00145,0.0189495
BUD23,-0.152,0.00714,0.019
IGLV2-23,-0.734,0.00717,0.019
TAF5,0.212,0.00714,0.019
TPD52L1,0.196,0.00715,0.019
LOC105377037,0.432,0.00714,0.019
ANAPC10,0.152,0.00715,0.019
LOC105377548,0.431,0.00714,0.019
LOC105377148,0.216,0.00714,0.019
SLC52A3,-0.19378943,0.00146,0.0190537
S1PR5,0.26875941,0.00147,0.0190645
HPSE2,0.15187175,0.00147,0.0190645
PRSS57,-0.16294903,0.00147,0.0190801
PEG3,0.50777926,0.00147,0.0190825
CCDC146,-0.84882701,0.00147,0.0190873
NUSAP1,-0.308,0.00719,0.0191
YY1,0.129,0.00719,0.0191
OIP5,0.316,0.00721,0.0191
NUP50-DT,-0.278,0.00722,0.0191
TNNI3K,0.366,0.00719,0.0191
CAPN15,-0.473,0.00722,0.0191
LRRC8A,-0.316,0.00721,0.0191
LOC100996583,0.459,0.00722,0.0191
FLT1,-0.437,0.0072,0.0191
MEST,0.241,0.00723,0.0191
SIGLEC1,-0.464,0.0072,0.0191
PNRC1,-0.335,0.0072,0.0191
GTF3A,0.189,0.00722,0.0191
GPR83,-0.17693955,0.00148,0.0191948
FAM189B,-0.14562817,0.00148,0.0191965
LYST,0.145,0.00727,0.0192
MAMSTR,-0.582,0.00727,0.0192
LOC105374080,0.552,0.00727,0.0192
TBC1D20,-0.144,0.00727,0.0192
CLECL1P,-0.469,0.00727,0.0192
SAMD3,-0.316,0.00726,0.0192
OR2A1-AS1,-0.346,0.00728,0.0192
SNHG17,-0.271,0.00726,0.0192
TLR2,-0.317,0.00725,0.0192
ANPEP,1.3068427,1.98e-05,0.0192
HNRNPM,1.7098657,1.96e-05,0.0192
ADAM28,-1.9790425,1.95e-05,0.0192
METTL2A,0.146,0.00725,0.0192
WDTC1,-0.264,0.00727,0.0192
ZNF527,0.156,0.00726,0.0192
COQ10A,0.278,0.00726,0.0192
CRYBB3,0.177,0.00726,0.0192
RACK1,-0.302,0.00727,0.0192
SPCS1,-0.25052021,0.00149,0.0192025
ELP6,0.30457078,0.00149,0.019204
SEPT6,-0.25456735,0.00149,0.019204
LYZL6,0.18518264,0.00149,0.0192259
LOC100506790,0.12023392,0.00149,0.0192395
LINC01607,-0.17940047,0.00149,0.0192395
GFER,-0.19442868,0.00149,0.0192395
CRHR1,0.26073732,0.0015,0.0192543
NUP50,0.16452803,0.0015,0.0192543
L1TD1,-0.20313492,0.0015,0.0192543
MDH1,-0.23506611,0.0015,0.0192778
IGFALS,1.27408034,0.0015,0.0192778
ZNF549,0.38960926,0.0015,0.0192863
TP63,-0.5,0.0073,0.0193
INSIG2,0.268,0.00731,0.0193
IRAG1,-0.578,0.00733,0.0193
NDUFS6,-0.371,0.0073,0.0193
LOC105378691,0.336,0.00733,0.0193
SNRPD2,-0.239,0.00729,0.0193
NPR1,-0.407,0.00731,0.0193
GJB7,0.405,0.00732,0.0193
MDN1-AS1,0.356,0.00733,0.0193
LOC107984932,-0.523,0.00731,0.0193
LINC01550,-0.517,0.00731,0.0193
TMEM220-AS1,0.264,0.00729,0.0193
TLE4,-0.171,0.0073,0.0193
RIPPLY2,0.12970791,0.00151,0.0193187
OS9,-0.2976765,0.00151,0.0193187
KRTAP12-1,0.14944878,0.00151,0.0193315
LRRC4,-0.254,0.00737,0.0194
IST1,-0.095,0.00734,0.0194
LOC107985184,-0.473,0.00734,0.0194
RGPD8,0.214,0.00736,0.0194
LOC112267936,0.404,0.00735,0.0194
TPR,0.133,0.00738,0.0194
CHST10,-0.459,0.00737,0.0194
LOC112267857,0.387,0.00738,0.0194
PITPNC1,0.20333123,0.00152,0.0194019
LAP3,-0.29114572,0.00152,0.0194019
THOP1,0.82935279,0.00152,0.0194342
TSPAN9,0.42417742,0.00152,0.0194342
DHX33,0.33564089,0.00152,0.0194342
BBS1,-0.3067873,0.00152,0.0194461
RPL7A,-0.5022577,0.00152,0.0194557
TACC1,-1.0804953,2.05e-05,0.01947
NSUN7,-0.23332969,0.00153,0.0194974
SDCCAG8,0.115,0.00741,0.0195
RRAGB,0.181,0.0074,0.0195
CFHR3,0.471,0.00742,0.0195
MAGOH2P,0.387,0.00741,0.0195
PYGO1,-0.491,0.00742,0.0195
GMPPA,-0.274,0.00742,0.0195
INTS6-AS1,0.309,0.0074,0.0195
MPP4,0.453,0.00743,0.0195
MGC70870,0.396,0.00738,0.0195
DUSP29,0.45,0.0074,0.0195
SLC5A3,0.1783315,0.00153,0.0195154
RAB2B,0.29397398,0.00153,0.0195154
TRA2A,0.33874518,0.00154,0.0195442
CRCP,0.33290246,0.00154,0.0195442
BCL7C,-0.22812272,0.00154,0.0195553
NDRG3,-0.30478879,0.00154,0.0195638
TIAM2,-0.35935559,0.00154,0.0195675
CTNND1,0.322252,0.00154,0.0195826
ANXA8 /// ANXA8L1 /// ANXA8L2,-1.1146215,2.32e-05,0.01959
WBP2,1.5349106,2.43e-05,0.01959
NUPL2,-1.2415126,2.38e-05,0.01959
IGK@ /// IGKC,-2.1639153,2.21e-05,0.01959
IGH@ /// IGHG1 /// IGHG2 /// IGHG3 /// IGHM /// IGHV4-31 /// LOC100290146 /// LOC100294459,-1.8540992,2.3e-05,0.01959
IGH@ /// IGHG1 /// IGHG2 /// IGHG3 /// IGHM /// IGHV4-31 /// LOC100290146,-1.7989634,2.23e-05,0.01959
CFHR3 /// CFHR4,3.1425008,2.37e-05,0.01959
LOC107987120,0.479,0.00745,0.0196
SCARB2,0.192,0.00744,0.0196
LOC105374471,0.458,0.00743,0.0196
TDRD15,-0.693,0.00744,0.0196
LAMA1,-0.51,0.00745,0.0196
CNNM3-DT,0.425,0.00743,0.0196
FBXO43,0.567,0.00744,0.0196
NDUFA3,-0.526,0.00744,0.0196
MAPK10,-0.46678777,0.00155,0.019646
ANKRD49,-0.25879097,0.00156,0.0196477
MEPCE,0.27131156,0.00156,0.0196573
QKI,-0.25331056,0.00156,0.0196575
TNS2,-0.343,0.00749,0.0197
WIPI1,-0.223,0.00749,0.0197
LOC101928381,0.465,0.0075,0.0197
ANXA2R-OT1,-0.267,0.0075,0.0197
ZNF581,-0.389,0.00748,0.0197
LINC02028,0.314,0.00748,0.0197
L3MBTL1,-0.265,0.00751,0.0197
CXCL16,-0.48,0.00748,0.0197
LINC01620,0.532,0.00749,0.0197
USP4,-0.112,0.00752,0.0197
MICB-DT,-0.447,0.00748,0.0197
RHBDL2,-0.1756851,0.00157,0.0197149
SS18L2,0.24387029,0.00157,0.0197149
EXOSC9,-0.26867533,0.00157,0.0197447
CACNA1H,1.03756311,0.00157,0.0197515
RHOJ,-0.22680726,0.00158,0.0197728
PCP4,-0.15116462,0.00158,0.0197728
C1ORF116,-0.19101701,0.00158,0.019794
CLNS1A,0.153,0.00756,0.0198
LOC105374590,0.51,0.00756,0.0198
DDIAS,-0.415,0.00755,0.0198
PMPCB,0.151,0.00753,0.0198
LOC101928933,0.485,0.00753,0.0198
TCEAL8,-0.33507475,0.00158,0.019804
PROP1,-0.11680744,0.00158,0.019804
TMCC1,-0.32366908,0.00158,0.0198221
CCDC50,-0.20415697,0.00158,0.0198224
ALG1,-0.21677394,0.00159,0.0198453
DEFB106B,0.17722414,0.00159,0.019854
BAG5,0.26941899,0.00159,0.0198795
USP38,0.30106544,0.00159,0.0198996
BMP2K,0.153,0.00759,0.0199
MCPH1-DT,0.456,0.00759,0.0199
GSTA2,0.55,0.0076,0.0199
VPS13C,0.3513809,0.00159,0.0199171
TMEM51-AS1,0.4445742,0.0016,0.0199342
PTTG1IP,-0.37172882,0.0016,0.0199424
MIR6852,-0.267,0.00765,0.02
KLF10,-0.482,0.00764,0.02
SNORA25,-0.468,0.00761,0.02
ZNRF2,0.18,0.00761,0.02
LOC105378719,0.411,0.00765,0.02
USP53,0.18,0.00762,0.02
CCN6,0.272,0.00763,0.02
FPGT,0.196,0.00762,0.02
LRRC3DN,0.71090792,0.00161,0.0200101
TMEM258,-0.30260276,0.00161,0.0200157
PPP2CA,0.21745943,0.00161,0.0200157
VN1R2,0.14421819,0.00161,0.0200208
MAN2A2,0.39967668,0.00162,0.020087
LPA /// LPAL2,1.5537802,2.7e-05,0.02009
SERPING1,1.1331613,2.69e-05,0.02009
INSC,0.505,0.00769,0.0201
ZNF668,-0.403,0.00769,0.0201
EPHA4,-0.367,0.0077,0.0201
PJA2,0.16,0.00767,0.0201
FBXW10,0.392,0.00769,0.0201
RFXAP,0.273,0.00766,0.0201
PEX11G,-0.352,0.00768,0.0201
KCTD1,-0.253,0.00766,0.0201
UBA52,-0.2515401,0.00163,0.0201354
CHD1,0.30888712,0.00163,0.0201354
SPRR2D,0.15893883,0.00163,0.0201391
DCAKD,0.32144592,0.00163,0.0201534
SLMAP,0.104,0.00771,0.0202
BCL7B,-0.26,0.00773,0.0202
UBC,-0.271,0.00771,0.0202
LINC01625,0.496,0.00773,0.0202
BCORL1,-0.247,0.00771,0.0202
LINC01547,-0.382,0.00773,0.0202
ATP1B2,-0.368,0.00772,0.0202
LOC107986287,0.362,0.0077,0.0202
EXOC1,0.20975607,0.00164,0.0202438
LOC648987,-0.14766931,0.00165,0.0202994
LOC107986600,0.335,0.00778,0.0203
IL4R,-0.318,0.00775,0.0203
PRANCR,0.249,0.00776,0.0203
TUFT1,-0.253,0.00777,0.0203
LSR,-0.485,0.00778,0.0203
MDN1,0.323,0.00777,0.0203
GHR,0.286,0.00775,0.0203
ZNF223,0.161,0.00776,0.0203
PA2G4P4,0.257,0.00775,0.0203
GPD2,-0.217,0.00775,0.0203
APAF1,-0.165,0.00775,0.0203
LINC01871,-0.527,0.00778,0.0203
ADGRV1,0.68913393,0.00165,0.020353
CTIF,0.3200494,0.00166,0.020393
LOC112268006,-0.249,0.00782,0.0204
LRRIQ3,0.441,0.00782,0.0204
ANKRD9,-0.366,0.00781,0.0204
TMEM132B,0.6,0.0078,0.0204
LOC105377327,0.45,0.0078,0.0204
NEPRO,0.129,0.0078,0.0204
FASLG,-0.419,0.0078,0.0204
DMAP1,-0.261,0.00782,0.0204
HESX1,0.292,0.00783,0.0204
CUL4B,0.15,0.00783,0.0204
LYRM7,0.178,0.00784,0.0204
MT1G,1.26153823,0.00166,0.0204199
PRRG1,0.25947671,0.00166,0.0204322
ZSCAN2,0.15941358,0.00167,0.0204765
DDX10,0.1891713,0.00167,0.0204813
ZNF264,0.104,0.00786,0.0205
RIMS1,0.786,0.00786,0.0205
TBC1D25,-0.203,0.00787,0.0205
CD180,-0.394,0.00785,0.0205
AQP9,0.264,0.00785,0.0205
IGF2BP3,0.28,0.00788,0.0205
CCDC82,0.25,0.00785,0.0205
TSPYL5,-0.3585731,0.00167,0.0205032
RPUSD4,0.31107094,0.00167,0.0205128
BRK1,-0.47034302,0.00168,0.02053
FAM160B2,-0.22645065,0.00168,0.0205601
TTC13,0.1912814,0.00168,0.0205601
HOXB3,-0.1889034,0.00168,0.0205827
CDCA7,-0.617,0.0079,0.0206
SEC22B2P,0.163,0.00792,0.0206
C1ORF105,0.379,0.00791,0.0206
SYT9-AS1,0.308,0.00792,0.0206
IFITM3,-0.458,0.00793,0.0206
TRABD2A,-0.511,0.00792,0.0206
GPBAR1,-0.583,0.0079,0.0206
PLS1,0.216,0.00789,0.0206
LINC00517,0.407,0.00791,0.0206
SLCO1B7,0.451,0.00791,0.0206
BMF,-0.31,0.00793,0.0206
AURKB,-0.55,0.00791,0.0206
ZNF131,-0.18079845,0.00169,0.0206264
STMND1,0.16498836,0.00169,0.0206348
KCNK12,-0.21506971,0.00169,0.0206348
TMEM129,-0.21307936,0.00169,0.0206438
ATP1A1,-0.4750641,0.00169,0.0206438
KIF6,0.2405407,0.00169,0.0206647
DNAJB12,0.21609367,0.0017,0.0206647
C8ORF59,-0.30388655,0.0017,0.0206822
NOVA2,-0.296,0.00796,0.0207
TFAM,0.191,0.00795,0.0207
OR10J5,0.527,0.00794,0.0207
TMEM256-PLSCR3,-0.489,0.00797,0.0207
CPEB3,0.355,0.00798,0.0207
TSLP,0.269,0.00797,0.0207
TOX3,-0.26705728,0.00171,0.0207767
ZBTB48,0.42316807,0.00171,0.0207826
RSF1,0.16038572,0.00171,0.020791
METTL25B,-0.284,0.00803,0.0208
IL1RAPL1,0.596,0.008,0.0208
CRB2,-0.313,0.00799,0.0208
LOC105373730,0.338,0.00801,0.0208
GPR55,-0.582,0.00802,0.0208
ADTRP,0.562,0.008,0.0208
KLHL26,-0.335,0.00801,0.0208
ZDHHC13,-0.34774021,0.00172,0.0208078
SORCS3,0.16544688,0.00172,0.0208078
ISCA2,0.27374186,0.00172,0.0208497
PMS2P2,0.257,0.00805,0.0209
H2AZ2,0.136,0.00805,0.0209
RASSF9,-0.328,0.00807,0.0209
LOC107985676,0.604,0.00806,0.0209
SLC25A25-AS1,-0.314,0.00805,0.0209
PRCP,-0.258,0.00804,0.0209
SON,0.25417356,0.00173,0.0209145
C2ORF27B,0.11002915,0.00173,0.0209637
TENM3,0.4052298,0.00174,0.0209836
SLC9A6,0.22906178,0.00174,0.0209972
LOC101927999,-0.594,0.00809,0.021
SMIM10,-0.482,0.0081,0.021
ANP32B,0.184,0.00811,0.021
SYNPO,-0.249,0.00812,0.021
LOC102724808,0.225,0.00811,0.021
CD14,-0.516,0.00809,0.021
KMT2C,0.18541223,0.00174,0.0210335
RGS5,-0.56509899,0.00175,0.0210814
CTNNB1,0.15628675,0.00175,0.0210854
LOC105376410,0.286,0.00814,0.0211
YKT6,-0.191,0.00814,0.0211
PKD1-AS1,-0.554,0.00813,0.0211
RNF115,-0.129,0.00812,0.0211
TUBA8,-0.347,0.00815,0.0211
MIF,-0.707,0.00815,0.0211
PGAM2,-0.497,0.00815,0.0211
KDELR3,-0.27676644,0.00175,0.0211184
XPO5,0.19663989,0.00175,0.0211212
GRXCR2,0.13918689,0.00175,0.0211212
COMMD8,-0.288,0.00819,0.0212
DDHD2,0.122,0.00821,0.0212
FAM222B,-0.152,0.00821,0.0212
GRK1,0.649,0.00819,0.0212
RBM26-AS1,0.283,0.00817,0.0212
SNU13,-0.248,0.00817,0.0212
LOC105378841,0.366,0.00818,0.0212
FANCE,-0.368,0.00821,0.0212
LOC105375170,0.516,0.00818,0.0212
PLXNB1,-0.301,0.00819,0.0212
NCL,-0.24021303,0.00177,0.021229
DNAJC10,-0.11189845,0.00177,0.021229
C6ORF48,-0.55250279,0.00177,0.0212397
KLRC1,-0.1557815,0.00177,0.0212538
C1QL3,0.433,0.00823,0.0213
EHD1,-0.357,0.00826,0.0213
CBLC,-0.441,0.00825,0.0213
LOC112268418,0.364,0.00826,0.0213
LOC105378072,0.794,0.00823,0.0213
BTBD3,-0.187,0.00824,0.0213
FOXA1,0.261,0.00822,0.0213
NECTIN1,-0.333,0.00823,0.0213
CAT,0.294,0.00823,0.0213
LOC105373252,0.499,0.00822,0.0213
TRY-GTA5-5,0.619,0.00824,0.0213
LOC440084,0.519,0.00826,0.0213
LINC02145,0.547,0.00822,0.0213
INSM1,-0.18176579,0.00178,0.0213006
DUSP26,-0.19872455,0.00178,0.0213087
ME3,-0.30847387,0.00178,0.0213416
TUBB2A,0.5717652,0.00179,0.0213655
P2RX1,-0.18514307,0.00179,0.0213671
C1QTNF7,-0.30600114,0.00179,0.0213702
ALMS1,0.17385171,0.00179,0.0213812
LOC102467079,0.33656463,0.00179,0.0213975
LINC00936,0.37970544,0.00179,0.0213975
CCNL2,-0.173,0.00829,0.0214
LOC107984999,0.311,0.00829,0.0214
TRIM4,0.125,0.0083,0.0214
IARS2,0.195,0.0083,0.0214
ARL6IP1,0.234,0.00827,0.0214
KMT5A,-0.212,0.00831,0.0214
ALG2,0.18,0.00828,0.0214
LOC107984041,0.485,0.00827,0.0214
GK3,0.207,0.00829,0.0214
CCAT1,-0.64,0.00831,0.0214
APLNR,-0.303,0.00834,0.0215
LOC105378095,0.438,0.00836,0.0215
ATP10D,-0.227,0.00834,0.0215
XPOT,0.167,0.00835,0.0215
TTLL2,0.389,0.00834,0.0215
LOC105369699,-0.643,0.00835,0.0215
RNF139-DT,0.31,0.00836,0.0215
NUS1,0.211,0.00833,0.0215
RFPL4AL1,0.46,0.00833,0.0215
HDDC2,0.164,0.00834,0.0215
CBFB,-0.218,0.00835,0.0215
PRDM4,0.16156303,0.00181,0.0215091
RASSF5,-0.21421505,0.0018,0.0215091
OR10G9,0.12329108,0.00181,0.0215091
NTN1,0.36344873,0.00181,0.0215197
TRIM9,-0.15044755,0.00181,0.0215351
FOXB2,-0.15688486,0.00181,0.0215681
SLC37A4,0.37494636,0.00182,0.0215774
BTAF1,0.176,0.00837,0.0216
ARL14EP,0.166,0.0084,0.0216
LINC00641,0.232,0.00837,0.0216
TRPC4,-0.753,0.0084,0.0216
ASMTL-AS1,-0.454,0.00838,0.0216
DLC1,0.78308239,0.00182,0.0216011
PAGE4,-0.16749582,0.00182,0.0216369
LOC101927248,-0.1571614,0.00182,0.0216461
ZNF652,0.16615872,0.00182,0.0216461
TCF7L2,0.31128395,0.00183,0.0216732
CYC1,-0.23242899,0.00183,0.0216838
THAP8,-0.16289302,0.00183,0.0216906
CTSV,-0.21828531,0.00183,0.0216927
NEU3,0.206,0.00843,0.0217
LOC107984791,0.374,0.00846,0.0217
PINK1,-0.316,0.00845,0.0217
PTGFR,-0.372,0.00846,0.0217
SEPHS1,0.146,0.00843,0.0217
CWF19L2,0.162,0.00843,0.0217
LOC105370276,0.392,0.00845,0.0217
AKT1S1,-0.298,0.00843,0.0217
SCFD2,-0.19252981,0.00183,0.0217092
AQP3,-0.18004167,0.00183,0.021725
SARM1,-0.23751594,0.00184,0.0217823
LEPROT,-0.26688971,0.00184,0.0217823
GTF2H2C,0.217,0.00847,0.0218
ZBTB46,-0.272,0.00849,0.0218
SNORA80D,-0.568,0.0085,0.0218
WDFY3-AS2,0.321,0.00848,0.0218
PHTF1,0.202,0.00848,0.0218
MMP24,-0.293,0.00849,0.0218
NSMCE4A,0.141,0.00849,0.0218
LOC107983976,-0.38,0.00849,0.0218
C14ORF37,-0.2411682,0.00185,0.0218251
LCN9,0.12999474,0.00185,0.0218311
JUP,-0.19651383,0.00185,0.0218468
ALDOC,0.890897,3.1e-05,0.02187
DYRK2,-0.33822009,0.00185,0.0218847
TNFRSF19,-0.77254676,0.00185,0.0218847
ACTRT3,0.338,0.00852,0.0219
RPP30,0.147,0.00854,0.0219
PMP22,-0.496,0.00854,0.0219
PROS1,0.207,0.00852,0.0219
PLIN4,-0.41,0.00855,0.0219
ZNF780B,0.193,0.00853,0.0219
ANKRD18DP,-0.21293724,0.00186,0.0219424
PCDHB17P,-0.31342704,0.00186,0.0219454
CDPF1,-0.19822389,0.00186,0.0219535
SEL1L,0.32798421,0.00187,0.0219629
CDY2A,0.11744666,0.00187,0.0219629
RPL14,-0.44661883,0.00187,0.0219934
IER2,-0.461,0.00856,0.022
HYDIN,0.788,0.00856,0.022
LMAN2,-0.409,0.0086,0.022
TRG-AS1,-0.371,0.0086,0.022
SMARCAL1,-0.143,0.00859,0.022
PSTPIP2,-0.22,0.00856,0.022
SCAF11,0.126,0.00857,0.022
LOC93463,0.431,0.00861,0.022
CAV1,-0.368,0.00857,0.022
ZNF22-AS1,-0.201,0.00857,0.022
LOC105373134,0.414,0.00857,0.022
MARS1,-0.223,0.0086,0.022
SGMS1-AS1,0.239,0.00856,0.022
LOC105369422,0.49,0.00861,0.022
SLC1A2-AS1,0.568,0.00856,0.022
C4ORF33,-0.32471157,0.00188,0.0220845
YAE1D1,-0.37140061,0.00188,0.0220845
GFRAL,-0.13022933,0.00188,0.0220845
DNAJC30,0.37544148,0.00189,0.022096
TRAPPC2,0.177,0.00862,0.0221
ZNF615,0.154,0.00863,0.0221
HSD11B1,0.277,0.00863,0.0221
LINC02758,0.449,0.00862,0.0221
DDX42,0.112,0.00863,0.0221
NBAS,0.118,0.00864,0.0221
DYNLL1,-0.264,0.00863,0.0221
BPGM,-0.20566795,0.00189,0.0221102
CSDC2,0.18578604,0.00189,0.0221114
CDCA4,-0.20599519,0.0019,0.0221642
CLK4,0.164,0.00868,0.0222
ADH1A,0.318,0.0087,0.0222
CIB2,-0.739,0.00867,0.0222
FRG1HP,0.204,0.00868,0.0222
OSTC,-0.26751799,0.00191,0.0222273
GREM1,0.32060274,0.00191,0.0222273
MAST4,-0.7025837,0.00191,0.0222397
IQSEC1,0.26956415,0.00191,0.0222397
GTDC1,-0.17361911,0.00191,0.0222642
CEBPB-AS1,-0.439,0.00871,0.0223
LOC105375730,0.382,0.00873,0.0223
FAF2,0.168,0.00872,0.0223
TSPYL4,0.133,0.00873,0.0223
KANSL1,0.30262034,0.00192,0.0223498
IL17RC,0.17127195,0.00192,0.0223498
PCDH18,-0.42288386,0.00192,0.0223498
RNF25,-0.19608925,0.00193,0.0223872
OBFC1,-0.1100836,0.00193,0.0223994
ANKS4B,0.181,0.00878,0.0224
ITGAD,-0.626,0.00875,0.0224
WDR62,-0.395,0.00876,0.0224
LOC107986113,0.369,0.00879,0.0224
LOC107987222,0.236,0.00876,0.0224
KCNG2,-0.436,0.00879,0.0224
MIR10523,-0.527,0.00875,0.0224
TNC,-0.456,0.00877,0.0224
MEN1,-0.361,0.00877,0.0224
LRP1,-0.311,0.00877,0.0224
CLDND2,-0.457,0.00878,0.0224
RAB40C,-0.454,0.00877,0.0224
CAND1,0.145,0.00877,0.0224
KRTAP10-10,0.14129956,0.00193,0.022422
GPR179,0.22431406,0.00193,0.0224265
LOC102724612,0.14393139,0.00194,0.022466
TPRKB,-0.13149988,0.00194,0.0224794
SMOC1,0.67466035,0.00194,0.0224952
RAB26,-0.453,0.00884,0.0225
ARID3B,-0.225,0.00881,0.0225
KIF5B,-0.184,0.00883,0.0225
LOC100506207,0.395,0.00881,0.0225
GLRB,-0.52684741,0.00195,0.0225169
RABGAP1L,0.127,0.00889,0.0226
PRKD1,-0.291,0.00886,0.0226
TFCP2,0.118,0.00885,0.0226
PKNOX2,-0.429,0.00888,0.0226
LOC105373527,0.568,0.00889,0.0226
LOC107987148,-0.604,0.00886,0.0226
PCTP,0.199,0.00888,0.0226
MPV17L,-0.28752074,0.00196,0.022636
PDE6D,-0.22132339,0.00196,0.0226614
SGMS2,0.55841679,0.00196,0.0226614
RPL35,-0.423,0.00892,0.0227
ZNF79,-0.165,0.0089,0.0227
GZMB,-0.473,0.00893,0.0227
CDC16,0.141,0.00891,0.0227
RNF128,0.223,0.00892,0.0227
LOC105378698,0.297,0.0089,0.0227
PTGFRN,-0.27,0.00891,0.0227
PDE1A,-0.58879525,0.00197,0.0227027
OR1J4,0.14899902,0.00197,0.022707
CECR5,0.24102567,0.00197,0.0227375
SDHD,-0.3394593,0.00198,0.0227726
ZBTB43,0.26675911,0.00198,0.0227726
AQP4-AS1,-0.48,0.00894,0.0228
SGTA,-0.446,0.00897,0.0228
CNTNAP1,-0.324,0.00897,0.0228
USB1,-0.242,0.00895,0.0228
WASHC3,0.175,0.00896,0.0228
GAN,0.122,0.00896,0.0228
VWDE,0.583,0.00897,0.0228
OR4D1,-0.14694042,0.00198,0.022833
PNRC2,-0.31941869,0.00199,0.0228494
ABCA9-AS1,0.296,0.009,0.0229
LOC102723389,0.379,0.00901,0.0229
UQCRB-AS1,0.518,0.009,0.0229
LRIG1,0.38622626,0.002,0.0229639
TOP1MT,0.2621328,0.002,0.0229639
RARRES1,-0.99027941,0.002,0.0229639
TLR10,-0.2101866,0.002,0.0229639
TCHH,-0.479,0.00906,0.023
NOSTRIN,-0.307,0.00903,0.023
PARP11,0.172,0.00906,0.023
UCHL3,0.157,0.00907,0.023
LOC105370203,-0.546,0.00906,0.023
NHERF2,-0.541,0.00903,0.023
LOC644634,-0.287,0.00911,0.0231
CXCR5,-0.313,0.0091,0.0231
GGCX,0.163,0.00907,0.0231
RNFT1,0.195,0.00912,0.0231
TBC1D2,0.314,0.00911,0.0231
CARMN,-0.457,0.00911,0.0231
SRGAP2D,-0.164,0.00908,0.0231
ZNF362,-0.191,0.00908,0.0231
LINC00658,-0.11791542,0.00202,0.0231121
KDM2B,0.389504,0.00202,0.0231154
CREG1,-0.30832579,0.00202,0.0231218
CRTAP,-0.5082185,0.00203,0.023133
CAPZA3,0.454,0.00913,0.0232
SYN1,-0.502,0.00916,0.0232
PMVK,-0.286,0.00916,0.0232
TRIM35,-0.252,0.00915,0.0232
NFIL3,-0.505,0.00915,0.0232
MIR122,0.565,0.00913,0.0232
ZNF777,-0.313,0.00913,0.0232
CDO1,0.262,0.00913,0.0232
FAM127A,-0.47996749,0.00204,0.0232163
CHRNA6,0.16180206,0.00204,0.0232419
WBSCR28,0.12100954,0.00204,0.0232765
LOC105375655,0.331,0.00919,0.0233
YY2,0.198,0.0092,0.0233
LOC107987398,-0.43,0.00922,0.0233
SEMA3F,-0.405,0.0092,0.0233
HSPA5-DT,0.563,0.00919,0.0233
LOC107985978,0.757,0.00918,0.0233
EPS8,0.154,0.00917,0.0233
GBAP1,-0.219,0.00918,0.0233
KRT80,-0.16638616,0.00205,0.0233223
LOC105373148,0.319,0.00927,0.0234
ECD,0.139,0.00927,0.0234
ZNF586,0.208,0.00926,0.0234
FAT4,0.166,0.00926,0.0234
OR13C5,0.602,0.00927,0.0234
LOC107984965,0.312,0.00923,0.0234
SIL1,-0.244,0.00926,0.0234
LOC107984574,0.325,0.00924,0.0234
LINC00538,0.373,0.00926,0.0234
ANKRD36BP1,0.21,0.00926,0.0234
FAM13A-AS1,0.164,0.00923,0.0234
CD163,-0.295,0.00923,0.0234
ZEB2-AS1,-0.275,0.00926,0.0234
KIFAP3,0.149,0.00923,0.0234
RNF103-CHMP3,-0.127,0.00926,0.0234
GBA3,0.298,0.00922,0.0234
LOC105372624,0.552,0.00923,0.0234
ZDHHC18,-0.226,0.00926,0.0234
TARSL2,0.20739949,0.00206,0.0234259
NAV2-IT1,0.13731037,0.00206,0.0234735
ZNF324,0.344,0.0093,0.0235
FBXO10,-0.2,0.00928,0.0235
PABPN1,-0.138,0.0093,0.0235
PTK2B,0.16216248,0.00207,0.0235416
SYPL1,-0.42193939,0.00207,0.0235419
ZNF212,0.25653985,0.00208,0.0235461
LOC101928207,-0.15037118,0.00208,0.0235461
CDH19,0.16318504,0.00208,0.0235461
MARCHF5,0.177,0.00934,0.0236
LRRC31,-0.388,0.00937,0.0236
METTL6,0.204,0.00936,0.0236
TRUB1,0.171,0.00936,0.0236
LINC02693,0.4,0.00934,0.0236
CDH13,-0.471,0.00936,0.0236
PARP16,0.172,0.00937,0.0236
SDR42E1,0.171,0.00932,0.0236
PRPF31,-0.276,0.00936,0.0236
MIR99A,0.561,0.00935,0.0236
NDFIP1,0.197,0.00935,0.0236
NUTM2B-AS1,0.245,0.00933,0.0236
PPM1F-AS1,-0.314,0.00933,0.0236
LRRC3C,0.309,0.00933,0.0236
TMED6,0.31,0.00937,0.0236
LOC100132214 /// POLR2J4 /// RASA4,-1.2300838,3.52e-05,0.02362
YPEL5,-0.24135888,0.00209,0.023635
VNN3,0.80435951,0.00209,0.0236778
PRDX5,0.19051698,0.0021,0.0236935
PCBP1-AS1,0.217,0.00938,0.0237
MT1L,-0.621,0.00939,0.0237
UNC50,0.153,0.00941,0.0237
EIF3E,0.219,0.00938,0.0237
LCT,0.514,0.00938,0.0237
IGKV3D-20,-0.656,0.00938,0.0237
ATP6V1G2,0.27876352,0.0021,0.023717
FAM197Y2P,0.14835334,0.0021,0.0237187
NOL8,0.151,0.00944,0.0238
CGREF1,-0.359,0.00944,0.0238
RAB1B,-0.448,0.00943,0.0238
LCLAT1,0.227,0.00946,0.0238
LOC105371657,0.692,0.00944,0.0238
COPS9,-0.307,0.00945,0.0238
HSPB11,0.163,0.00945,0.0238
CASP8AP2,0.137,0.00945,0.0238
HYOU1,-0.324,0.00946,0.0238
LOC105374534,0.46,0.00947,0.0238
LOC107986787,0.399,0.00947,0.0238
CLK3,-0.213,0.00946,0.0238
HACD3,0.198,0.00946,0.0238
SPATA21,-0.187,0.00942,0.0238
PCDHGB4,0.276,0.00946,0.0238
DDO,-0.25336931,0.00212,0.0238783
DRAXIN,0.1582531,0.00212,0.0238854
HHATL,-0.16603367,0.00212,0.0238854
ANKS3,-0.294,0.00952,0.0239
TNIP1,-0.258,0.0095,0.0239
IRF5,-0.27,0.0095,0.0239
N4BP2L1,0.246,0.00949,0.0239
SNORA87,-0.444,0.00952,0.0239
DDB1,0.35178523,0.00212,0.0239044
KRTAP3-1,0.13412977,0.00212,0.0239044
LANCL1,-0.25285937,0.00213,0.0239435
MRPL57,0.25031158,0.00213,0.0239435
IQCA1,-0.29618471,0.00213,0.0239542
P2RY12,-0.506,0.00957,0.024
MLH3,0.146,0.00957,0.024
LINC01691,0.404,0.00954,0.024
BDNF,0.276,0.00957,0.024
LOC101927345,0.383,0.00957,0.024
NRL,0.379,0.00954,0.024
E2F2,-0.552,0.00953,0.024
EPOR,-0.235,0.00954,0.024
LSMEM1,0.44545112,0.00214,0.0240077
EEF2KMT,-0.2584449,0.00214,0.0240077
GCH1,0.50354757,0.00214,0.0240216
TRPV1,-0.19373404,0.00214,0.0240288
ADAM18,0.12324002,0.00214,0.0240379
MMP23B,-0.51666603,0.00214,0.0240379
TIAF1,0.33369426,0.00215,0.0240454
C1ORF106,-0.7585131,0.00215,0.0240471
TMEM89,0.13774268,0.00215,0.0240493
CLEC3A,0.15629778,0.00215,0.0240497
CCDC71,-0.18304873,0.00215,0.0240753
GTF2I,-0.20056472,0.00216,0.0240978
FBXL3,0.178,0.00961,0.0241
TCF7L1-IT1,0.432,0.0096,0.0241
TRMT10B,0.142,0.00962,0.0241
FOXH1,-0.353,0.00962,0.0241
LOC105379169,0.395,0.00958,0.0241
PKN3,-0.692,0.00959,0.0241
UBE2E1,-0.28772084,0.00216,0.0241158
GFRA1,0.89876625,0.00216,0.024132
TBC1D9,-0.3120829,0.00216,0.0241583
PICALM,0.151,0.00965,0.0242
ZNF331,-0.472,0.00967,0.0242
RPSA,-0.205,0.00964,0.0242
LOC105379173,0.17,0.00964,0.0242
TTPA,0.274,0.00964,0.0242
LOC102723464,0.492,0.00966,0.0242
LOC105378067,0.456,0.00965,0.0242
ICE1,0.0958,0.00963,0.0242
C11ORF53,0.19203851,0.00217,0.0242246
GRK4,0.25552202,0.00218,0.0242569
LOC107984338,-0.625,0.00969,0.0243
RASGRP3,-0.25,0.00969,0.0243
MLXIPL,-0.437,0.00972,0.0243
WIPI2,-0.2,0.00969,0.0243
ANXA6,-0.314,0.0097,0.0243
LOC105370165,0.28,0.00969,0.0243
IGHV3-74,-0.655,0.0097,0.0243
ZNF66,-0.34,0.00973,0.0243
GGT7,-0.211,0.00971,0.0243
HNRNPA3,0.183,0.00967,0.0243
LOC105369743,0.383,0.0097,0.0243
LIPE-AS1,-0.394,0.00969,0.0243
CDC42SE2,-0.25745726,0.00218,0.0243221
RPL27A,-0.20298941,0.00219,0.0243345
HADHA,0.3917321,0.00219,0.0243866
NANOG,0.521,0.00976,0.0244
SEPTIN7P13,0.237,0.00976,0.0244
RAB30-DT,0.234,0.00977,0.0244
DLEU2,0.23,0.00974,0.0244
TMEM126A,0.187,0.00975,0.0244
KYAT1,-0.252,0.00975,0.0244
PPP2R1A,-0.289,0.00976,0.0244
ATF7-NPFF,0.159,0.00973,0.0244
LOC107984325,0.594,0.00976,0.0244
PRKG1-AS1,-0.49,0.00974,0.0244
LINC01001,-0.345,0.00974,0.0244
DOCK4,0.36954352,0.0022,0.0244009
SAMM50,-0.22222246,0.0022,0.0244096
ZSCAN31,-0.22470372,0.00221,0.0244871
CORO2A,0.33189952,0.00221,0.0244871
FAM200C,0.257,0.00981,0.0245
PRKAR1B,-0.424,0.00983,0.0245
HNRNPDL,0.118,0.00983,0.0245
AGO3,0.142,0.00979,0.0245
SPDYA,0.255,0.0098,0.0245
LNX1-AS1,0.45,0.00982,0.0245
MTERF3,0.173,0.00981,0.0245
MED12,-0.164,0.00982,0.0245
SLC22A24,0.473,0.0098,0.0245
PLEKHA1,0.155,0.00983,0.0245
TAPBP,-0.1596643,0.00221,0.0245252
ZDHHC16,0.31711512,0.00222,0.0245453
C14ORF119,-0.2037101,0.00222,0.0245453
TMEM30B,-0.47638524,0.00222,0.0245453
LOC105370322,0.358,0.00986,0.0246
RIOK2,0.155,0.00986,0.0246
LOC105369420,0.459,0.00987,0.0246
C11ORF42,0.332,0.00985,0.0246
ITIH5,-0.452,0.00986,0.0246
YPEL3,-0.26556871,0.00223,0.0246436
NPY2R,0.10975512,0.00224,0.0246783
SPARCL1,-0.88501875,0.00224,0.0246792
CDK5,-0.315,0.00992,0.0247
SOD1-DT,0.403,0.00992,0.0247
FAM219B,-0.125,0.00992,0.0247
LOC105370826,0.384,0.00992,0.0247
ZNF671,-0.25,0.00993,0.0247
RCC1L,-0.249,0.00992,0.0247
ADPRHL1,-0.425,0.0099,0.0247
DDX19A-DT,0.208,0.00989,0.0247
MRPL19,0.149,0.00989,0.0247
CEBPZ,0.158,0.00992,0.0247
TEX33,-0.18418929,0.00224,0.0247327
LOC102723330,0.12496162,0.00224,0.0247327
TVP23C,0.19300165,0.00225,0.0247737
REL,-0.2268961,0.00225,0.0247918
TP73,-0.448,0.00997,0.0248
TADA3,-0.296,0.00995,0.0248
ZNF579,-0.488,0.00996,0.0248
ARNT2,-0.321,0.00995,0.0248
GSTO2,-0.224,0.00997,0.0248
COL23A1,-0.446,0.00994,0.0248
AHCYL1,0.16,0.00998,0.0248
PIH1D1,-0.264,0.00996,0.0248
LOC105378575,0.42,0.00999,0.0248
HCG26,-0.382,0.00998,0.0248
PLEKHF1,-0.415,0.00995,0.0248
SPTLC1,-0.19950557,0.00226,0.0248469
SMAD9,-0.19520432,0.00227,0.0248988
PITRM1-AS1,-0.173,0.01,0.0249
MRPS35,0.182,0.01,0.0249
LOC105379880,0.369,0.01,0.0249
LOC105374989,0.593,0.01,0.0249
NSD1,0.112,0.01,0.0249
LOC105369863,0.474,0.01,0.0249
OR6V1,0.12474379,0.00227,0.0249167
TMED10,0.173,0.0101,0.025
LOC107986428,0.354,0.01,0.025
LINC02210-CRHR1,0.295,0.0101,0.025
CMAHP,0.392,0.01,0.025
SRGAP2B,-0.132,0.0101,0.025
DRD1,0.415,0.01,0.025
SAFB,0.28582458,0.00229,0.0250387
ACACB,0.70700011,0.00229,0.0250387
MTOR,0.25280656,0.00229,0.0250642
SLC35G1,-0.5900741,0.00229,0.0250806
HM13-AS1,0.319,0.0101,0.0251
TMEM147,-0.381,0.0101,0.0251
SLIT2,-0.421,0.0101,0.0251
LOC105369696,0.385,0.0101,0.0251
MRPL50,0.167,0.0101,0.0251
CDK5R1,-0.287,0.0101,0.0251
TUBA1C,-0.5524416,0.0023,0.0251162
PDCD7,0.17922831,0.0023,0.0251182
NTHL1,0.7376413,0.00231,0.0251564
RPL4,-0.33596045,0.00231,0.0251864
CCAT2,0.518,0.0102,0.0252
PPM1D,-0.193,0.0102,0.0252
ZCCHC18,0.199,0.0102,0.0252
RNU6-8,0.464,0.0102,0.0252
LOC101928728,0.344,0.0102,0.0252
SLC9A2,0.585,0.0102,0.0252
ZNF660,0.18206176,0.00231,0.0252423
METTL17,-0.19385351,0.00232,0.0252476
PCBD1,1.0436453,3.99e-05,0.02528
DNAI1,0.14724434,0.00232,0.0252854
YDJC,-0.19174895,0.00233,0.0252903
PGLS-DT,-0.424,0.0102,0.0253
G3BP1,0.123,0.0102,0.0253
ARHGEF35,-0.268,0.0102,0.0253
LOC100131626,0.227,0.0102,0.0253
RBM20,-0.669,0.0102,0.0253
TRAPPC6A,-0.515,0.0102,0.0253
LOC105378749,0.58049835,0.00233,0.0253206
WDR5,-0.16163422,0.00233,0.0253228
JOSD2,-0.27583518,0.00234,0.0253352
C12ORF50,0.15956235,0.00234,0.0253352
DPRX,0.14856384,0.00234,0.0253352
PVRIG /// STAG3,-1.4885191,4.21e-05,0.02534
SLC35B1,-0.21119421,0.00234,0.0253402
SEPN1,-0.47164263,0.00234,0.0253413
SEC11C,-0.47550216,0.00234,0.0253763
HSP90AB1,-0.36435506,0.00235,0.0253883
PYCR3,-0.433,0.0102,0.0254
CDC34,-0.403,0.0103,0.0254
TOX4,0.0856,0.0103,0.0254
PRKRA,0.184,0.0102,0.0254
CCDC71L,-0.383,0.0102,0.0254
LOC107986780,0.816,0.0102,0.0254
LMOD2,0.449,0.0103,0.0254
CABIN1,-0.193,0.0102,0.0254
BBS2,-0.166,0.0102,0.0254
UNC80,0.812,0.0103,0.0254
HMGXB3,-0.173,0.0103,0.0254
FZD6,-0.20230154,0.00235,0.0254118
ZNF763,-0.28887422,0.00235,0.0254118
C9ORF16,-0.3307865,0.00236,0.0254322
CTCFL,0.13296455,0.00237,0.0254871
MGAT2,-0.14476946,0.00237,0.0254985
POU5F1,-0.16898552,0.00237,0.0254985
HCG15,0.443,0.0103,0.0255
LOC105374009,0.372,0.0103,0.0255
CD226,-0.28,0.0103,0.0255
LRR1,0.212,0.0103,0.0255
LOC105371934,-0.526,0.0103,0.0255
GTPBP1,-0.245,0.0103,0.0255
MMRN1,-0.541,0.0103,0.0255
ALG6,0.177,0.0103,0.0255
NF2,0.15558535,0.00237,0.025518
TFG,-0.25135412,0.00237,0.0255256
KRTAP2-2,0.12299893,0.00238,0.0255621
FUT3,-0.22949032,0.00238,0.0255701
CACNG8,0.18831333,0.00238,0.0255725
STX5,-0.192,0.0104,0.0256
SCARNA13,-0.333,0.0103,0.0256
CCDC32,-0.178,0.0104,0.0256
COX6B2,0.13369329,0.00238,0.0256097
TNFRSF4,-0.41439315,0.00238,0.0256115
VCPKMT,0.21052413,0.00239,0.0256727
C22ORF39,-0.17003649,0.00239,0.0256771
FLJ32742,0.1638746,0.0024,0.02569
AVEN,0.143,0.0104,0.0257
HSF2,0.15,0.0104,0.0257
ATF1,-0.15180631,0.0024,0.0257185
CGN,0.63873422,0.0024,0.0257185
LNPEP,0.1688599,0.0024,0.0257223
ATG14,-0.29494925,0.00241,0.0257685
KCNAB1,0.64297303,0.00241,0.0257837
FOXK1,-0.12783775,0.00241,0.0257837
LOC105371507,-0.526,0.0104,0.0258
SNTA1,-0.331,0.0105,0.0258
KBTBD8,-0.303,0.0105,0.0258
MGC16275,-0.331,0.0105,0.0258
PALMD,0.175,0.0105,0.0258
LOC101927764,0.317,0.0104,0.0258
SERPINC1,0.265,0.0104,0.0258
DIAPH1,0.138,0.0105,0.0258
SEMA3B-AS1,-0.543,0.0105,0.0258
LINC01473,0.279,0.0104,0.0258
CYP4F2 /// CYP4F3,2.1455155,4.4e-05,0.02584
PAK2,0.19374105,0.00242,0.0258505
CRX,-0.13542154,0.00243,0.0258715
TTC28,-0.13519233,0.00243,0.0258715
GOLGA1,0.28427377,0.00242,0.0258715
CYP19A1,-0.18774146,0.00243,0.0258741
ZNF785,-0.13278669,0.00243,0.0258741
YRDC,0.29093079,0.00243,0.0258741
ANKRD42,0.137154,0.00243,0.0258741
NOS1AP,0.26997162,0.00243,0.0258953
SAMD9L,-0.275,0.0105,0.0259
LOC101928347,0.63,0.0105,0.0259
LOC105379346,0.285,0.0105,0.0259
LOC107984127,0.327,0.0105,0.0259
METTL24,-0.333,0.0105,0.0259
GLCE,0.192,0.0105,0.0259
GDPGP1,-0.178,0.0105,0.0259
KCNRG,0.238,0.0105,0.0259
PNISR,0.165,0.0105,0.0259
IER3IP1,-0.26770873,0.00244,0.025906
LOC101927362,0.12277266,0.00244,0.0259189
MRPL51,-0.22045624,0.00244,0.0259605
LINC02390,-0.571,0.0106,0.026
LOC101927372,-0.431,0.0105,0.026
AGA,-0.32091698,0.00245,0.0260173
CATSPER3,0.275,0.0106,0.0261
ESYT3,0.27,0.0106,0.0261
LINC03012,0.553,0.0106,0.0261
POF1B,-0.589,0.0106,0.0261
HCFC1,-0.297,0.0106,0.0261
LOC107984749,0.376,0.0106,0.0261
STAMBP,-0.20414151,0.00247,0.026107
RAE1,-0.18497081,0.00248,0.0261862
CLEC1B,1.06542527,0.00248,0.0261862
TBC1D3E,0.183,0.0106,0.0262
NT5C2,0.128,0.0106,0.0262
CAMSAP2,-0.187,0.0106,0.0262
AVIL,0.18259537,0.00248,0.0262282
CNIH2,0.10578343,0.00249,0.0262453
STAR,0.33,0.0107,0.0263
LINC02312,-0.669,0.0107,0.0263
CH507-145C22.1,0.423,0.0107,0.0263
IL18BP,-0.2,0.0107,0.0263
ARID3A,-0.332,0.0107,0.0263
TMEM256,0.28703196,0.0025,0.026306
RPS16,-0.25792511,0.00249,0.026306
HTR2B,-0.59228379,0.0025,0.026306
EMC1,0.2211753,0.0025,0.0263322
C9ORF152,-0.67513598,0.00251,0.0263904
GPATCH1,0.134,0.0108,0.0264
LOC105375431,-0.932,0.0107,0.0264
C1RL,0.223,0.0108,0.0264
NHLRC3,0.13,0.0108,0.0264
NUDT5,0.169,0.0108,0.0264
FAM217A,0.44,0.0107,0.0264
SNORA105B,0.228,0.0107,0.0264
ZFAND3-DT,0.513,0.0107,0.0264
CFAP36,-0.34513526,0.00252,0.0264745
GTF2E2,0.24240291,0.00252,0.0264764
TMPPE,-0.158,0.0108,0.0265
F2RL2,0.233,0.0108,0.0265
LOC102723758,-0.564,0.0108,0.0265
SHROOM4,-0.31,0.0108,0.0265
NHERF1,-0.34,0.0108,0.0265
LOC107986697,0.412,0.0108,0.0265
POLL,-0.231,0.0108,0.0265
DDX18,0.132,0.0108,0.0265
LOC101929638,-0.378,0.0108,0.0265
PWP2,-0.313,0.0108,0.0265
FBXL19-AS1,-0.294,0.0108,0.0265
CPB1,-0.15547238,0.00252,0.0265008
ATP2A2,0.3731312,0.00253,0.0265634
SNORD118,0.38,0.0109,0.0266
ZSCAN23,0.387,0.0108,0.0266
SERPINA10,0.199,0.0109,0.0266
FBXW4,-0.185,0.0108,0.0266
IQCH-AS1,0.176,0.0109,0.0266
LOC105369250,0.437,0.0108,0.0266
TEX11,-0.34273809,0.00253,0.0266003
RPS4X,-0.47486735,0.00254,0.0266172
TRPT1,-1.5903476,4.75e-05,0.02663
IFI44L,-1.1139985,4.85e-05,0.02663
CERS5,-0.37124124,0.00255,0.0266792
PLRG1,0.166,0.0109,0.0267
RELL1,-0.177,0.0109,0.0267
GALK2,0.116,0.0109,0.0267
MCM9,0.116,0.0109,0.0268
BCL2L14,0.294,0.0109,0.0268
ACER3,-0.211,0.0109,0.0268
SNORA17B,-0.521,0.011,0.0268
CPNE8,0.36943556,0.00257,0.0268444
RNA28S5,0.5006839,0.00257,0.0268569
PRSS42,-0.13684878,0.00257,0.0268717
SKIL,0.11206402,0.00257,0.026886
MTFR1,0.183,0.011,0.0269
ASL,-0.437,0.011,0.0269
NBEAL1,0.146,0.011,0.0269
RAB3GAP1,0.0947,0.011,0.0269
ROGDI,-0.419,0.011,0.0269
LOC107985034,-0.36,0.011,0.0269
CDK2AP2,-0.551,0.011,0.0269
SNORA5A,-0.398,0.011,0.0269
GSTK1,-0.22328413,0.00258,0.0269042
LOC100287877,0.16145107,0.00258,0.0269272
VPS41,-0.22978799,0.00258,0.0269754
GABRG2,0.15111998,0.00258,0.0269781
SOX2,0.11946458,0.00259,0.0269782
TSPAN3,-0.34993045,0.00259,0.0269976
TMPRSS7,0.2715548,0.00259,0.0269976
ASIC2,0.11439262,0.00259,0.0269976
LOC101060632,0.437,0.011,0.027
FAM219A,-0.211,0.011,0.027
ITGA1,0.168,0.011,0.027
CYYR1,-0.27224255,0.0026,0.0270781
XKR6,-0.15757881,0.0026,0.0270842
LOC107985088,0.854,0.0111,0.0271
GNPTAB,0.119,0.0111,0.0271
SCAND1,-0.53,0.0111,0.0271
PHF6,0.134,0.0111,0.0271
PRSS35,-0.577,0.0111,0.0271
HSD17B3,0.276,0.0111,0.0271
CCDC91,-0.31870403,0.0026,0.0271111
OR2Y1,0.15687431,0.00261,0.0271118
RCHY1,-0.15482982,0.00261,0.0271149
HDGFRP3,-0.1815995,0.00261,0.0271174
UNC93A,-0.6074477,0.00261,0.0271191
TMCO1,-0.16224331,0.00261,0.0271611
ZFAT,-0.16739706,0.00262,0.0271735
LOC101928517,-0.374,0.0111,0.0272
HS3ST1,-0.347,0.0111,0.0272
CTSA,-0.389,0.0111,0.0272
PTP4A2,0.152,0.0111,0.0272
ZFP90,-0.34227973,0.00263,0.0272072
TBX22,0.18571669,0.00264,0.0272661
RRM1-AS1///LOC100506082///RRM1,0.13520743,0.00264,0.0272703
PSMB8,-0.243,0.0112,0.0273
MSH5,-0.224,0.0112,0.0273
GYG1,-0.205,0.0112,0.0273
SGPL1,0.133,0.0112,0.0273
PRDM15,-0.187,0.0112,0.0273
RARA,-0.349,0.0112,0.0273
HAS3,0.177,0.0112,0.0273
DYM,0.095,0.0112,0.0273
GSKIP,-0.274,0.0112,0.0273
IGLON5,-0.427,0.0112,0.0273
NEK5,0.267,0.0112,0.0273
PATL2,-0.292,0.0112,0.0273
CYP51A1,0.516,0.0112,0.0273
FNDC5,-0.47,0.0112,0.0273
TM4SF18,-0.425,0.0112,0.0273
MAP1LC3C,0.18629509,0.00265,0.027317
NKPD1,0.12510816,0.00265,0.027317
HNRNPH2,-0.33275897,0.00265,0.027317
GUCY1A2,0.13617782,0.00265,0.0273822
ADGRE3,-0.55,0.0112,0.0274
LOC105374937,0.389,0.0113,0.0274
LINC02648,-0.694,0.0112,0.0274
FRMPD1,-0.39,0.0112,0.0274
FAAH,-0.341,0.0112,0.0274
MCAT,-0.285,0.0113,0.0274
TMEM64,0.25920403,0.00266,0.0274069
TARM1,-0.15230324,0.00267,0.027468
TBX10,0.19258968,0.00267,0.0274947
SMARCA5-AS1,-0.48,0.0113,0.0275
RHCE,-0.177,0.0113,0.0275
RPA1,-0.26317299,0.00268,0.0275327
EFNA1,-0.57855362,0.00268,0.0275459
TOM1L2,-0.214,0.0113,0.0276
LOC105371505,0.28,0.0113,0.0276
EEF1B2,0.223,0.0113,0.0276
TMEM14B,0.186,0.0114,0.0276
ACBD3-AS1,0.179,0.0113,0.0276
FLACC1,0.233,0.0113,0.0276
CENPBD2P,-0.241,0.0113,0.0276
HSPA12B,-0.27325602,0.00269,0.0276035
SPATA31E1,0.17612738,0.0027,0.0276856
STT3B,0.155,0.0114,0.0277
UQCC3,-0.424,0.0114,0.0277
CDADC1,0.186,0.0114,0.0277
DNAJC21,0.133,0.0114,0.0277
MIR590,0.432,0.0114,0.0277
BAIAP2-DT,-0.238,0.0114,0.0277
C15ORF41,-0.17617445,0.00271,0.0277092
UBE2G2,0.23422722,0.00271,0.0277148
LINC00229,0.15036611,0.00271,0.0277483
ICA1L,0.272,0.0114,0.0278
ZSCAN16,0.191,0.0114,0.0278
HOOK1,0.228,0.0114,0.0278
TNFAIP8L2-SCNM1,-0.195,0.0115,0.0278
ALPK2,-0.49,0.0114,0.0278
RABGEF1P1,-0.227,0.0114,0.0278
FXYD6,-0.374,0.0114,0.0278
ABI2,0.24,0.0114,0.0278
SIMC1,0.138,0.0114,0.0278
RPL39L,-0.56481389,0.00273,0.0278258
WIPF2,0.16493042,0.00273,0.0278294
LOC101929735///TRDV1,0.11448878,0.00273,0.0278372
HSFY2,0.11593777,0.00273,0.0278372
SUMF1,-0.2404845,0.00273,0.0278372
PBX4,-0.23380064,0.00274,0.0278846
KCNJ12,-0.16180996,0.00274,0.0278992
MASP1,0.38033757,0.00274,0.0278992
FAM86B3P,-0.403,0.0115,0.0279
ACSF3,-0.231,0.0115,0.0279
KIF23,-0.441,0.0115,0.0279
PDCD2,0.12,0.0115,0.0279
PDCL,-0.132,0.0115,0.0279
KXD1,-0.231,0.0115,0.0279
C2ORF78,0.13648895,0.00275,0.0279393
SLC26A10,-0.18293916,0.00275,0.0279498
SLC22A11,-0.79758169,0.00276,0.0279979
ZNF687,-0.263,0.0115,0.028
GCNT1,-0.279,0.0115,0.028
LOC105375634,0.602,0.0115,0.028
MSRB3,-0.447,0.0116,0.028
LINC00665,-0.387,0.0115,0.028
CD5L,-0.627,0.0115,0.028
EIF4G2,-0.25449799,0.00277,0.0280653
CHST13,-0.515,0.0116,0.0281
SUZ12,0.136,0.0116,0.0281
TRIM3,-0.285,0.0116,0.0281
COG4,-0.117,0.0116,0.0281
HNRNPH1,0.141,0.0116,0.0281
SHC1,-0.303,0.0116,0.0281
FRAS1,-0.58835054,0.00278,0.0281317
EIF4E1B,-0.17651045,0.00278,0.0281396
NRN1L,0.13297502,0.00278,0.0281396
HEY2-AS1,0.415,0.0116,0.0282
LINC02523,0.534,0.0116,0.0282
RPL5,-0.33523091,0.00279,0.0282157
SCN4B,-0.22024657,0.00279,0.0282157
IPO9,0.20675052,0.00279,0.0282157
ANKH,-0.25050304,0.0028,0.0282404
PHB2,-0.33126543,0.0028,0.0282817
ATE1,0.13,0.0117,0.0283
INPP5K,-0.215,0.0117,0.0283
PIPOX,0.229,0.0117,0.0283
EPB41L1-AS1,-0.612,0.0117,0.0283
CNTF,0.232,0.0117,0.0283
RND1,-0.512,0.0117,0.0283
NCR3LG1,-0.474,0.0117,0.0283
LRRC7-AS1,-0.564,0.0117,0.0283
TENM2,0.1658796,0.00281,0.0283235
PATZ1,-0.1560426,0.00281,0.0283235
GPR68,-0.24895477,0.00282,0.028351
DEFB105A,0.11584712,0.00281,0.028351
LTC4S,-0.35129815,0.00282,0.0283847
LINC00997,0.187,0.0117,0.0284
FOXD4L5,0.432,0.0118,0.0284
LINC02102,0.492,0.0118,0.0284
EHHADH-AS1,0.282,0.0117,0.0284
EPGN,0.534,0.0118,0.0284
LRFN3,-0.269,0.0118,0.0285
PRPS1,0.195,0.0118,0.0285
KCND1,-0.372,0.0118,0.0285
TAPT1-AS1,0.287,0.0118,0.0285
RHOB,-0.552,0.0118,0.0285
MRPS18C,0.156,0.0118,0.0285
LOC102723566,-0.338,0.0118,0.0285
ASPHD1,-0.321,0.0118,0.0285
SEC23B,-0.24473453,0.00285,0.0285679
DNAJB8,-0.13591603,0.00285,0.0285679
PREP,-0.22668974,0.00285,0.028578
KDM5B,0.14523992,0.00285,0.0285833
PRSS48,0.305,0.0118,0.0286
MTARC1,0.26,0.0118,0.0286
GNL2,-0.158,0.0118,0.0286
ZZEF1,0.23256962,0.00286,0.0286206
ADGRF3,0.21371375,0.00286,0.0286412
TMEM168,0.144,0.0119,0.0287
RASL11A,-0.337,0.0119,0.0287
LOC284441,-0.8079481,5.39e-05,0.0287
BOK,0.8890356,5.4e-05,0.0287
MYO1B,0.213,0.0119,0.0287
P2RY14,-0.17133635,0.00287,0.0287052
TDRD10,0.27637761,0.00287,0.0287295
SIDT1,-0.21339289,0.00287,0.0287521
RNF113A,0.32638677,0.00288,0.0287854
PAPSS2,0.177,0.0119,0.0288
APEH,-0.266,0.0119,0.0288
GPRC5D-AS1,0.209,0.0119,0.0288
ADAM11,-0.489,0.0119,0.0288
LOC112268250,0.442,0.0119,0.0288
CTNND2,-0.22056446,0.00288,0.0288044
WNT16,0.29054439,0.00288,0.0288239
SAPCD1,-0.1662906,0.00288,0.0288248
OR10J1,0.20401564,0.00289,0.0288993
LOC105370844,0.343,0.012,0.0289
LOC105377267,0.361,0.012,0.0289
FBXO40,0.467,0.012,0.0289
ILKAP,0.23125706,0.0029,0.0289705
ZNF395,0.171,0.012,0.029
CCDC110,0.373,0.012,0.029
PAQR6,-0.389,0.012,0.029
ZNF833P,0.295,0.012,0.029
CDR2,-0.218,0.012,0.029
RBMXL1,0.169,0.012,0.029
MLF2,-0.317,0.012,0.029
IFIT3,-0.38058903,0.00291,0.0290182
B3GNT4,-0.13574993,0.00291,0.0290221
SEMA3B,-0.31765998,0.00291,0.0290221
ANKRD35,0.58582044,0.00292,0.0290848
USP46-DT,0.252,0.0121,0.0291
LOC105376156,0.211,0.0121,0.0291
SLC35A2,-0.259,0.0121,0.0291
TM4SF4,-0.277,0.0121,0.0291
TPI1,-0.263,0.0121,0.0291
LINC02225,0.487,0.0121,0.0291
THAP3,-0.314,0.0121,0.0291
APOBEC3A,-0.575,0.0121,0.0291
LPIN2,0.33429667,0.00293,0.029126
OAS2,-0.30173669,0.00293,0.0291386
SH2D3A,-0.23659334,0.00293,0.029149
ZCCHC24,0.34047443,0.00294,0.0291617
FAM245B,0.479,0.0121,0.0292
LOC105372347,0.824,0.0121,0.0292
LATS2,-0.221,0.0121,0.0292
CENPL,-0.14249766,0.00295,0.0292881
LINC02066,0.566,0.0122,0.0293
SDR39U1,0.164,0.0122,0.0293
ZNF19,0.177,0.0122,0.0293
BRD1,-0.175,0.0122,0.0293
ZBTB26,0.163,0.0122,0.0293
POLR2J3,-0.16492176,0.00296,0.0293294
LOC105369968,-0.272,0.0122,0.0294
LOC107985138,0.528,0.0122,0.0294
LYG1,0.245,0.0122,0.0294
TST,-0.384,0.0122,0.0294
ADAMTS9-AS2,-0.361,0.0122,0.0294
COX10,0.179,0.0122,0.0294
ADAMTSL4,-0.297,0.0122,0.0294
CYP4Z1,0.433,0.0122,0.0294
FRMD6-AS1,-0.401,0.0122,0.0294
NDRG1,-0.37547654,0.00297,0.0294049
PDE1B,-0.6782589,5.78e-05,0.02942
GJA10,0.15939354,0.00298,0.0294408
NAGA,0.22028816,0.00299,0.0294736
EPB41L4B,0.248,0.0123,0.0295
CHST7,0.264,0.0123,0.0295
LOC105371449,0.374,0.0123,0.0295
ABCD3,0.197,0.0123,0.0295
SRGAP3,-0.19,0.0123,0.0295
ARHGEF26-AS1,0.446,0.0123,0.0295
MRPL37,0.28715912,0.00299,0.0295001
CCDC185,0.14821046,0.00299,0.029514
SLC51A,-0.62978148,0.003,0.0295428
MAPK6,0.36502244,0.003,0.029546
CCDC144NL-AS1,-0.683,0.0123,0.0296
ERICH6,0.495,0.0124,0.0296
ZNF404,0.284,0.0124,0.0296
LOC105371792,0.226,0.0123,0.0296
ACSM2B,0.216,0.0123,0.0296
OR2A42,-0.416,0.0123,0.0296
OR2W5,0.19497202,0.00301,0.0296375
CYP4F11,0.47129717,0.00301,0.0296431
LOC105375972,0.22544833,0.00302,0.0296655
LOC100507657,0.11612363,0.00302,0.0296655
C6ORF1,-0.2234278,0.00302,0.0296655
TRIM6,-0.26601755,0.00302,0.0296969
CCDC69,-0.20267295,0.00302,0.0296969
SGPP2,-0.6740074,0.00302,0.0296969
EIF4B,0.168,0.0124,0.0297
TIRAP-AS1,0.162,0.0124,0.0297
MAP1LC3B,-0.235,0.0124,0.0297
CR1,-0.509,0.0124,0.0297
CEBPA-DT,0.3,0.0124,0.0297
SLC44A3,-0.73317172,0.00303,0.0297109
AGBL4,0.14013198,0.00303,0.0297144
TRPC1,-0.27882499,0.00303,0.0297461
MBL1P,0.38488161,0.00303,0.0297461
BANK1,-0.29996867,0.00304,0.0297613
LOC105375945,-0.336,0.0124,0.0298
C10ORF67,0.707,0.0124,0.0298
ARL2BP,-0.202,0.0124,0.0298
UST,-0.275,0.0124,0.0298
LOC105375284,0.411,0.0124,0.0298
NFU1,0.185,0.0124,0.0298
STX2,-0.214,0.0124,0.0298
IL10RB,-0.32656113,0.00305,0.0298486
FAM188B,-0.42988546,0.00305,0.0298624
PDIA3P1,0.25507087,0.00306,0.0298773
THBS4,0.48104944,0.00306,0.0298773
LOC105378745,0.34,0.0125,0.0299
PINK1-AS,-0.206,0.0125,0.0299
PCDH9,-0.24113039,0.00307,0.0299445
OR10H4,0.13429805,0.00307,0.0299445
OR2G3,0.14280949,0.00307,0.0299445
SH3GL2,-0.32903298,0.00307,0.0299445
WDR78,-0.16670264,0.00307,0.02996
BEX5,-0.33906764,0.00307,0.0299876
CSPG4,-0.528,0.0125,0.03
BAP1,-0.272,0.0125,0.03
LOC105375785,-0.265,0.0126,0.03
SETD1A,-0.289,0.0126,0.03
PES1,-0.262,0.0125,0.03
GCC2,0.156,0.0125,0.03
FSIP2-AS1,0.321,0.0125,0.03
LOC105377730,-0.54,0.0126,0.03
LOC105374570,-0.501,0.0125,0.03
TMEM131,0.127,0.0125,0.03
CEACAM8,-0.72,0.0125,0.03
C1ORF194,0.17076893,0.00308,0.0300502
MUC13,-1.15442668,0.00309,0.0300755
GP6,0.15528502,0.00309,0.0300949
ABHD17B,0.157,0.0126,0.0301
GPATCH2L,0.0997,0.0126,0.0301
BICDL2,-0.19286809,0.0031,0.0301321
CHD6,-0.19215443,0.0031,0.0301368
SLC8A2,0.15862381,0.0031,0.0301368
SENP7,-0.1563343,0.0031,0.0301368
ACYP1,-0.18028775,0.0031,0.0301405
PARM1,-0.57649193,0.00311,0.0301984
LOC107986121,0.248,0.0126,0.0302
PARP6,-0.192,0.0126,0.0302
NOL3,-0.319,0.0126,0.0302
EXOC4,0.083,0.0126,0.0302
OR51D1,0.1470416,0.00311,0.0302174
ZBTB7B,0.17796327,0.00311,0.0302174
ANXA2P1,-0.67998685,0.00312,0.0302383
KCNA5,-0.20452695,0.00312,0.0302383
GALNT18,-0.48103015,0.00312,0.0302383
OR51I2,0.13859173,0.00313,0.0302927
LINC01147,0.339,0.0127,0.0303
MAP3K20,0.158,0.0127,0.0303
POLR1B,0.3673951,0.00313,0.0303089
BDKRB1,0.17747601,0.00314,0.030335
SOCS2,0.8559211,0.00314,0.0303774
LINC01719,0.34,0.0127,0.0304
UPP2,0.82,0.0127,0.0304
TPM3,-0.146,0.0127,0.0304
AVL9,0.1,0.0127,0.0304
KCTD11,-0.284,0.0127,0.0304
CLEC5A,-0.562,0.0127,0.0304
LOC105378447,0.42,0.0127,0.0304
FAAP20,-0.286,0.0127,0.0304
HIST1H2BB,0.12605297,0.00315,0.0304214
PPIL6,-0.15238944,0.00315,0.0304314
LINC00226,0.12588183,0.00315,0.0304403
CFB,1.6607728,6.2e-05,0.03048
SLC2A9,-0.21110978,0.00316,0.0304885
TAS1R2,0.11226483,0.00316,0.0304998
RAB17,0.42204541,0.00316,0.0304998
LSM3,-0.24410964,0.00316,0.0304998
TAS2R4,0.338,0.0128,0.0305
MIR12136,-0.406,0.0128,0.0305
LOC105375936,0.482,0.0128,0.0305
ZNF774,0.261,0.0128,0.0305
MIR7-1,0.414,0.0128,0.0305
SCIN,-0.675,0.0128,0.0305
BBS7,-0.15114537,0.00317,0.0305087
CCL3L1,1.03704724,0.00317,0.0305096
C3ORF38,0.15,0.0128,0.0306
RPAP1,-0.235,0.0128,0.0306
SOWAHA,0.372,0.0128,0.0306
MSANTD2-AS1,0.32,0.0128,0.0306
KDM4B,-0.319,0.0128,0.0306
ABCC6P2,0.271,0.0128,0.0306
SIRPD,0.15261531,0.00318,0.030633
LINC01215,-0.703,0.0129,0.0307
LOC107984485,0.181,0.0129,0.0307
ALKBH3,0.122,0.013,0.0308
FTO-IT1,0.278,0.0129,0.0308
FAM13C,-0.303,0.0129,0.0308
LOC100507395,0.364,0.0129,0.0308
LTK,-0.411,0.0129,0.0308
LOC105375358,0.416,0.0129,0.0308
CADM2,0.438,0.013,0.0308
THADA,0.119,0.013,0.0308
LINC01010,-0.558,0.0129,0.0308
LOC101928953,-0.458,0.0129,0.0308
EYA2,-0.667,0.013,0.0308
ITPRIPL2,-0.131,0.0129,0.0308
DYNLT3,0.207,0.0129,0.0308
IGKV1-27,-0.703,0.0129,0.0308
DNASE2B,0.13661568,0.00321,0.0308047
TMEM189,0.26072384,0.00321,0.0308047
MYL12B,-0.39653696,0.00321,0.0308047
ZNF701,-0.23688451,0.00322,0.0308723
HHIP,0.27487746,0.00322,0.0308989
KLHL13,0.305,0.013,0.0309
LOC107986087,0.23,0.013,0.0309
NDUFA6-DT,-0.508,0.013,0.0309
AKT3,-0.235,0.013,0.0309
FAM118B,-0.18277933,0.00323,0.0309131
MYD88,0.202,0.0131,0.031
MAP3K5,0.166,0.013,0.031
LOC105378120,0.388,0.013,0.031
INTS3,-0.106,0.0131,0.031
LOC107984825,0.466,0.013,0.031
GXYLT1P3,0.411,0.013,0.031
AMZ2,0.129,0.013,0.031
TEFM,0.138,0.013,0.031
CENPS,0.233,0.013,0.031
IL10RB-DT,-0.243,0.013,0.031
PCDH15,0.837,0.013,0.031
SH3RF1,0.126,0.013,0.031
TMTC3,0.168,0.013,0.031
RPS17,-0.20885312,0.00324,0.0310463
TAF1A,-0.14175818,0.00325,0.0310587
SLC4A10,0.17137922,0.00325,0.0310587
ZNF192,-0.8859995,6.77e-05,0.03107
MAN1C1,0.51838707,0.00325,0.0310788
LOC112268294,-0.524,0.0131,0.0311
LOC102724802,0.368,0.0131,0.0311
NT5C,-0.384,0.0131,0.0311
TENM4,-0.502,0.0131,0.0311
SLC30A9,0.138,0.0131,0.0311
DDX51,-0.246,0.0131,0.0311
EI24,0.257,0.0131,0.0311
PTGES3L-AARSD1,-0.193,0.0131,0.0311
DET1,0.142,0.0131,0.0311
TRIM45,-0.278,0.0131,0.0311
DDX17,0.46777363,0.00326,0.0311131
RPA2,-0.2423482,0.00326,0.0311131
STARD10,0.836405,6.93e-05,0.03113
TPSAB1 /// TPSB2,-2.0425696,6.91e-05,0.03113
TGM3,-0.34980711,0.00326,0.0311303
TACR1,0.12339914,0.00326,0.0311303
BCKDHA,0.28017763,0.00326,0.0311385
FEM1C,0.29718495,0.00326,0.0311385
SIAE,-0.13486546,0.00327,0.0311523
SEC24A,-0.25744537,0.00327,0.0311873
IL1RAPL2,0.426,0.0132,0.0312
IFNG,-0.578,0.0132,0.0312
LOC101929128,0.403,0.0131,0.0312
NLRP9,0.426,0.0131,0.0312
GRPEL1,0.178,0.0131,0.0312
ANKRD11,-0.218,0.0132,0.0312
SCFD1,0.174,0.0132,0.0312
TM6SF2,0.8419948,7.1e-05,0.03122
MSL3,-1.12983,7.17e-05,0.03122
KIAA1549,-0.10293938,0.00328,0.0312382
TTR,2.9952749,7.69e-05,0.03126
HIST1H2AE,-1.7231993,7.55e-05,0.03126
CCDC66,-0.23596876,0.00329,0.0312822
TMEM138,-0.17686197,0.00329,0.0312988
PPCDC,-0.257,0.0132,0.0313
OSGIN1,-0.511,0.0132,0.0313
SNORD134,-0.525,0.0132,0.0313
LINC01847,0.386,0.0132,0.0313
LOC105375142,0.513,0.0132,0.0313
C12ORF74,0.376,0.0132,0.0313
ZEB1-AS1,-0.17222137,0.00329,0.0313059
INPP1,0.33411774,0.0033,0.0313222
UQCRC2,-0.31314638,0.0033,0.0313741
DPM1,-0.19735397,0.00331,0.0313981
XRCC6,-0.21697612,0.00331,0.0313981
GATS,-0.54156881,0.00331,0.0313981
MOB1B,-0.18745508,0.00331,0.0313981
LOC101928816,0.339,0.0133,0.0314
POU5F2,0.221,0.0133,0.0314
LIN52,0.161,0.0133,0.0314
AGPS,0.179,0.0132,0.0314
DTYMK,-0.306,0.0133,0.0314
SAMD14,0.19391824,0.00331,0.0314144
SLC43A3,-0.14851109,0.00332,0.031427
UTRN,-0.155,0.0133,0.0315
ARPC3,-0.197,0.0133,0.0315
LOC112268260,0.309,0.0133,0.0315
IL33,-0.393,0.0133,0.0315
SRR,0.126,0.0133,0.0315
OSTM1,-0.214,0.0133,0.0315
C16ORF62,-0.18332697,0.00334,0.0315948
CRAT37,0.4,0.0134,0.0316
CLIP4,-0.43,0.0134,0.0316
ZNF8-ERVK3-1,-0.138,0.0134,0.0316
LOC107986094,0.427,0.0133,0.0316
HCG17,-0.387,0.0133,0.0316
RAPGEF5,-0.231,0.0134,0.0316
MAGOHB,0.157,0.0133,0.0316
PEX11B,-0.21414088,0.00334,0.0316055
RPS14,-0.19413998,0.00334,0.03161
OR5AU1,0.15386109,0.00335,0.0316325
BPIFA1,0.10466879,0.00335,0.031662
RWDD1,-0.21917956,0.00335,0.0316787
LOC102723759,0.538,0.0134,0.0317
AK9,0.196,0.0134,0.0317
PGAP1,0.18,0.0134,0.0317
LINC00896,-0.54,0.0134,0.0317
PNP,0.252,0.0134,0.0317
LOC105371701,0.484,0.0134,0.0317
ZNF384,-0.111,0.0134,0.0317
ABCC11,0.22288318,0.00337,0.0317763
KRT16P2,1.36869896,0.00337,0.0317794
ATP5B,0.18503004,0.00338,0.031796
IGKV2D-30,-0.687,0.0134,0.0318
ZNF544,-0.208,0.0135,0.0318
SDHAF2,0.139,0.0134,0.0318
SEPTIN7-DT,0.347,0.0135,0.0319
MSANTD3,-0.191,0.0135,0.0319
CENPW,-0.369,0.0135,0.0319
PRKCZ-AS1,-0.48,0.0135,0.0319
IGLV3-1,-0.701,0.0135,0.0319
MFN1,0.115,0.0135,0.0319
ZNF519,-0.20143513,0.00339,0.0319263
CNNM4,0.16625781,0.0034,0.031971
ZNF277,-0.27740185,0.00341,0.0319815
GABPB1-IT1,0.216,0.0136,0.032
MELTF-AS1,-0.488,0.0136,0.032
LOC101929594,0.288,0.0136,0.032
HSPE1,0.269,0.0136,0.032
H4C11,-0.682,0.0135,0.032
ZP2,0.13623608,0.00342,0.0320319
C15ORF52,-0.72660561,0.00343,0.0320925
IFITM10,-0.343,0.0136,0.0321
MRPL3,0.187,0.0136,0.0321
ZNF443,0.182,0.0136,0.0321
DNAJC4,-0.378,0.0136,0.0321
CEACAM19,-0.38,0.0136,0.0321
TRIL,-0.36487154,0.00344,0.0321888
SLC25A1,-0.411,0.0137,0.0322
LOC101929770,0.379,0.0137,0.0322
LOC105375741,0.356,0.0137,0.0322
HMGN2P46,0.192,0.0137,0.0322
DDRGK1,-0.38320746,0.00345,0.0322564
GBE1,0.259,0.0137,0.0323
DSN1,-0.18,0.0137,0.0323
LOC105371055,-0.476,0.0137,0.0323
ALDH1A2-AS1,0.615,0.0137,0.0323
SDHAP4,0.17,0.0137,0.0323
TIMM8A,0.236,0.0137,0.0323
SAR1B,0.187,0.0137,0.0323
TMIGD2,0.15279561,0.00347,0.0323853
MSANTD2,-0.17283552,0.00347,0.0323853
LRRC56,-0.487,0.0138,0.0324
CASKIN1,-0.446,0.0138,0.0324
RAB27A,0.2,0.0138,0.0324
LINC01355,0.241,0.0137,0.0324
POSTN,0.406,0.0138,0.0324
TMPRSS6,-0.419,0.0138,0.0324
MIR4458HG,0.283,0.0138,0.0324
USP50,0.23,0.0138,0.0324
SMIM15,0.172,0.0138,0.0324
TUT7,0.238,0.0137,0.0324
CACNA1I,-0.26216468,0.00347,0.0324158
KLRK1-AS1,-0.407,0.0138,0.0325
HTR2C,0.1201197,0.00349,0.0325221
CETN1,0.11662909,0.00349,0.0325221
GJB5,-0.13630183,0.00349,0.0325375
PCDHAC1,0.12113564,0.00349,0.0325499
DUX3,0.13655442,0.0035,0.032577
FGF7P3,0.256,0.0139,0.0326
C10ORF95,-0.374,0.0138,0.0326
COL11A2,-0.433,0.0139,0.0326
LYNX1,-0.455,0.0138,0.0326
LOC107986183,0.583,0.0138,0.0326
LOC105378130,0.14042509,0.00351,0.0326731
PC,0.58114063,0.00352,0.0326821
LINC00557,0.15086946,0.00352,0.0326925
SLC2A8,-0.347,0.0139,0.0327
NOP16,-0.269,0.0139,0.0327
LOC107987081,0.211,0.0139,0.0327
TMEM222,-0.382,0.0139,0.0327
MRPS18B,-0.24549911,0.00353,0.0327453
PITPNA,-0.33073242,0.00353,0.0327453
SYCE2,-0.14965273,0.00354,0.0327552
NTRK2,0.16816746,0.00354,0.0327615
CASP8,-0.16558892,0.00354,0.0327807
USP21,-0.186793,0.00354,0.0327988
LYRM1,0.175,0.014,0.0328
TPTEP2,0.288,0.014,0.0328
RTN4IP1,0.135,0.014,0.0328
EMCN,-0.30443938,0.00355,0.0328334
SIRT2,-0.27481369,0.00355,0.0328334
CHURC1,0.141,0.014,0.0329
PIF1,-0.393,0.014,0.0329
SORD,0.247,0.014,0.0329
LOC107985400,0.258,0.014,0.0329
TTTY1,-0.1178848,0.00357,0.0329181
MED8,-0.18511612,0.00357,0.0329181
NKD2,-0.68191361,0.00357,0.0329181
PKP1,-0.11072931,0.00357,0.0329354
MBNL2,0.56421893,0.00357,0.0329354
S1PR4,-0.21631137,0.00358,0.0329527
LOC100420587,0.12807279,0.00358,0.0329644
CNPY2,0.141,0.0141,0.033
GRHL2,-0.459,0.0141,0.033
MCMDC2,0.184,0.0141,0.033
ODC1,-0.322,0.0141,0.033
LIMD1,0.139,0.0141,0.033
DFFA,0.113,0.0141,0.033
DNTTIP1,-0.205,0.0141,0.033
LOC101929964,0.295,0.014,0.033
C17ORF75,0.108,0.0141,0.033
MRPL38,-0.435,0.0141,0.033
SEPTIN 6,-1.2673776,8.29e-05,0.033
COQ7,0.114,0.014,0.033
C11ORF21,-0.356,0.0141,0.033
MAT2B,0.165,0.0141,0.033
LOC105379228,0.555,0.0141,0.033
CYP2D6,-1.0454078,0.00358,0.0330136
MMP13,0.11137533,0.00359,0.0330304
FOXQ1,-1.48153755,0.00359,0.0330389
LOC101928370,-0.14772614,0.00359,0.033049
FIBCD1,0.18042464,0.00359,0.033049
H4C12,-0.667,0.0142,0.0331
LYSMD2,-0.239,0.0141,0.0331
GUSBP11,-0.229,0.0141,0.0331
PEX5L,0.37,0.0141,0.0331
KBTBD11-AS1,0.372,0.0142,0.0332
NKAPP1,0.27,0.0142,0.0332
LOC101927871,-0.709,0.0142,0.0332
FBXW4P1,-0.396,0.0142,0.0332
HABP2,0.232,0.0142,0.0332
P4HA2-AS1,-0.329,0.0142,0.0332
GID4,0.16311926,0.00361,0.0332094
TRAPPC1,-0.26122013,0.00361,0.0332094
CYP8B1,0.34250844,0.00362,0.0332614
YBX1,-0.28689964,0.00362,0.0332614
AEBP2,0.24662942,0.00362,0.0332614
TSC22D2,0.41449492,0.00363,0.0332988
LOC100996249,-0.13875981,0.00363,0.0332988
LINC00639,-0.481,0.0142,0.0333
KCNK10,0.568,0.0142,0.0333
PTN,-0.392,0.0142,0.0333
ANKRD27,-0.135,0.0142,0.0333
RAB7A,0.134,0.0142,0.0333
LOC105371244,0.588,0.0143,0.0333
L3HYPDH,0.182,0.0142,0.0333
GPRC6A,0.15202851,0.00364,0.0333155
AXIN2,-0.47399486,0.00364,0.0333155
ST3GAL3,0.17078074,0.00364,0.0333155
RNF7,-0.25433606,0.00364,0.0333435
RAD18,0.13557142,0.00365,0.0333885
PAOX,0.36268915,0.00365,0.0333885
PTBP3,-0.169,0.0143,0.0334
LOC107986833,0.507,0.0143,0.0334
IVNS1ABP,0.21,0.0143,0.0335
TMEM68,0.14,0.0144,0.0335
LOC105375044,0.377,0.0144,0.0335
KMT2CP5,0.208,0.0143,0.0335
ISY1,-0.123,0.0143,0.0335
LOC101929011,0.13830554,0.00367,0.0335328
ZNF746,-0.22,0.0144,0.0336
LOC105372614,0.72,0.0144,0.0336
LOC105374101,0.253,0.0144,0.0336
UQCC5,0.182,0.0144,0.0336
LOC102724723,0.238,0.0144,0.0336
PIP5KL1,0.12381742,0.00369,0.0336689
ATF7IP2,0.241,0.0145,0.0337
ATAD3C,0.529,0.0145,0.0337
LOC105373233,0.283,0.0144,0.0337
DLD,0.166,0.0144,0.0337
HRH2,-0.347,0.0144,0.0337
DDX19B,0.121,0.0144,0.0337
PTCHD3,0.20218599,0.0037,0.0337132
EIF3M,-0.34832455,0.0037,0.0337322
CHRM4,0.12510974,0.00371,0.0337362
LOC112268127,0.243,0.0145,0.0338
CUL1,0.113,0.0145,0.0338
LOC105372857,-0.638,0.0145,0.0338
LAIR2,-0.59100167,0.00372,0.0338437
TMSB15B,-0.26437104,0.00372,0.0338559
FGF7P6,0.312,0.0145,0.0339
FLAD1,-0.269,0.0146,0.0339
VPS45,-0.23722972,0.00373,0.0339176
MRE11A,-0.18798643,0.00374,0.0339404
HS3ST3A1,0.43762365,0.00374,0.0339491
CCDC187,0.14455584,0.00374,0.0339528
EAF1,-0.21699654,0.00374,0.033984
TP53INP2,0.41339889,0.00375,0.0339862
SEC22B3P,0.149,0.0146,0.034
UBE2V2,0.165,0.0146,0.034
IGHV1-2,-0.808,0.0146,0.034
DIRAS2,-0.624,0.0146,0.034
TMEM53,-0.263,0.0146,0.034
C2CD6,0.304,0.0146,0.034
GAD2,0.17009371,0.00375,0.0340135
FUBP3,0.25200329,0.00376,0.0340728
TMLHE-AS1,0.247,0.0146,0.0341
ZNF358,-0.405,0.0146,0.0341
GLCCI1,0.153,0.0146,0.0341
ATP5SL,-0.15442382,0.00377,0.0341273
PA2G4,-0.2561185,0.00377,0.0341374
CH507-9B2.8,-0.379,0.0147,0.0342
TMEM74,0.346,0.0147,0.0342
USP12,0.186,0.0147,0.0342
GABBR2,-0.3578084,0.00379,0.0342393
ELK1,0.23244879,0.00379,0.0342393
ANKRD18A,-0.1304003,0.0038,0.0342654
LOC100128993,-0.26518579,0.0038,0.0342838
PATE4,0.554,0.0147,0.0343
ARHGEF10,-0.266,0.0147,0.0343
LOC105379499,0.341,0.0147,0.0343
GORASP1,-0.194,0.0148,0.0343
ANAPC1,0.124,0.0147,0.0343
ODAD3,-0.38,0.0147,0.0343
LOC107986589,-0.61,0.0148,0.0343
SEPTIN4,-0.205,0.0148,0.0343
TSTD2,0.1551405,0.00381,0.034331
MUM1L1,-0.40295645,0.00381,0.0343483
BCL10,0.22292111,0.00381,0.0343483
LRRC20,0.12112802,0.00381,0.0343508
AURKAP1,0.231,0.0148,0.0344
LOC105376184,0.374,0.0148,0.0344
ARHGEF7,0.1714652,0.00383,0.0344179
OR2K2,0.15891451,0.00383,0.0344195
LOC284023,-0.21163805,0.00383,0.034442
LCAT,0.84880139,0.00383,0.0344703
SLC4A7,-0.274,0.0148,0.0345
ABRACL,-0.306,0.0148,0.0345
LOC105370651,-0.515,0.0149,0.0345
KLHL9,0.135,0.0148,0.0345
RECQL,-0.14209917,0.00384,0.0345462
ECHDC2,1.6354954,9.17e-05,0.03456
LOC105373328,0.406,0.0149,0.0346
PMS2P7,0.23,0.0149,0.0346
SYT17,0.186,0.0149,0.0346
UNG,0.208,0.0149,0.0346
OR7E47P,0.446,0.0149,0.0346
GATM,0.268,0.0149,0.0346
BAMBI,-0.363,0.0149,0.0346
LOC105374914,0.336,0.0149,0.0347
TTC39B,0.208,0.015,0.0347
COPZ1,-0.2545778,0.00388,0.034735
METAP2,0.22075428,0.00389,0.0347902
FUT6,-0.41490862,0.00389,0.0347902
DDR2,-0.231,0.015,0.0348
MASP2,0.204,0.015,0.0348
C18ORF25,0.0924,0.015,0.0348
DGAT1,-0.405,0.015,0.0348
CNN1,-0.953,0.015,0.0348
DNAJB1,-0.266,0.015,0.0348
POMC,-0.13468782,0.00389,0.0348016
ACSL3,0.28513857,0.00389,0.0348016
TROVE2,0.21442487,0.00389,0.0348016
KRTAP26-1,0.13225769,0.0039,0.0348117
MRAP2,-0.55419327,0.0039,0.0348126
COX17,0.20654325,0.0039,0.0348126
DBR1,-0.16232191,0.0039,0.0348126
WSB2,-0.28617276,0.00391,0.0348883
LOC112268095,0.371,0.015,0.0349
RBM22,0.108,0.015,0.0349
LOC105372709,-0.502,0.0151,0.0349
SNTB2,-0.165,0.0151,0.0349
TTC38,0.9651062,0.000106,0.03495
IL8,-1.5321971,9.87e-05,0.03495
SYNPO2,-0.8364902,9.67e-05,0.03495
ORM2,1.683766,9.49e-05,0.03495
ISG20L2,-1.1824344,0.000104,0.03495
FLJ40330,-0.697164,9.39e-05,0.03495
RXYLT1,0.149,0.0151,0.035
ZNF75A,0.147,0.0151,0.035
LOC107986166,0.509,0.0151,0.035
HAO1,0.186,0.0151,0.035
LOC107985262,0.326,0.0151,0.035
STAG2,0.141,0.0151,0.035
CRIPT,0.141,0.0151,0.035
SP8,0.12495827,0.00393,0.0350012
PLIN5,0.34382124,0.00394,0.0350604
LOC102546228,-0.12603533,0.00394,0.0350746
JAZF1,-0.32240015,0.00394,0.0350818
CPEB4,0.40653548,0.00394,0.0350818
SETDB1,0.107,0.0151,0.0351
MNX1,0.14521207,0.00395,0.0351238
FAM83A,0.11976768,0.00395,0.0351238
AGPAT3,-0.25763003,0.00396,0.0351889
ZNF835,-0.463,0.0152,0.0352
MIR193BHG,0.343,0.0152,0.0352
LILRA5,-0.603,0.0152,0.0352
PIK3CA,0.14,0.0152,0.0352
C6ORF201,0.11365527,0.00396,0.035214
ASIC3,-0.18045318,0.00396,0.0352232
CAPRIN2,0.12,0.0153,0.0353
ABCA9,0.247,0.0152,0.0353
RAB3B,-0.75,0.0152,0.0353
MEIOC,0.329,0.0152,0.0353
TPI1P2,0.28933897,0.00398,0.0353326
RPL29,-0.36461287,0.00399,0.0353407
HIST1H2BM,0.27785743,0.00399,0.0353489
ILRUN,0.135,0.0153,0.0354
FAM241B,-0.473,0.0153,0.0354
LOC105374936,0.533,0.0153,0.0354
SGTB,-0.219,0.0153,0.0354
LOC107984254,0.256,0.0153,0.0354
PCIF1,-0.288,0.0153,0.0354
SHLD2P3,0.225,0.0153,0.0354
CHST14,-0.288,0.0153,0.0354
PNPT1,0.29646562,0.004,0.0354257
TNN,-0.26,0.0154,0.0355
PLEKHA2,-0.153,0.0154,0.0355
SERHL2,-0.346,0.0153,0.0355
NDFIP2,0.213,0.0154,0.0355
KANK1,0.11793483,0.00402,0.0355105
LINC01127,0.407,0.0154,0.0356
VWA3A,0.561,0.0154,0.0356
LOC112268061,-0.411,0.0154,0.0356
MAP3K1,-0.143,0.0154,0.0356
LOC105376001,0.304,0.0154,0.0356
FAM220A,-0.178,0.0154,0.0356
PIFO,-0.12890573,0.00403,0.0356143
HES5,-0.26354487,0.00403,0.03562
GUCY1A3,-0.36184069,0.00404,0.0356668
LOC105379086,0.428,0.0155,0.0357
CRLS1,0.181,0.0154,0.0357
ATG16L1,0.15726455,0.00405,0.0357014
LARGE1,0.39146213,0.00405,0.0357067
DGKK,0.15259754,0.00406,0.0357473
DMRTC1B,0.12181499,0.00406,0.0357682
CLRN2,0.12484619,0.00407,0.0357907
LOC101927543,0.394,0.0155,0.0358
IPO9-AS1,-0.371,0.0155,0.0358
ITGA9-AS1,-0.224,0.0155,0.0358
SUFU,-0.158,0.0155,0.0358
MLEC,0.188,0.0155,0.0358
SSUH2,-0.71588048,0.00407,0.0358144
DNAAF5,0.14685891,0.00408,0.0358837
SLC25A21-AS1,0.302,0.0156,0.0359
PRR15L,-0.313,0.0156,0.0359
LOC102723324,0.483,0.0156,0.0359
RAB28,0.119,0.0156,0.0359
IGHV3-15,-0.623,0.0155,0.0359
SIGLEC11,-0.46,0.0156,0.0359
DGCR2,-0.2540989,0.00409,0.0359241
LOC100131034,-0.18729404,0.0041,0.0359833
LINC02065,0.454,0.0156,0.036
UXT,0.186,0.0156,0.036
H2BC7,-0.344,0.0156,0.036
THUMPD3-AS1,0.205,0.0156,0.036
R3HCC1L,0.107,0.0156,0.036
TREX1,-0.475,0.0156,0.036
KEAP1,-0.322,0.0156,0.036
MAB21L3,-0.487,0.0156,0.036
DYX1C1,0.10086766,0.00411,0.0360904
RNU5D-1,-0.59,0.0157,0.0361
EGFEM1P,0.639,0.0157,0.0361
KIF20A,-0.254,0.0157,0.0361
LINC01359,0.321,0.0157,0.0361
DNAL4,-0.35745777,0.00412,0.0361153
SNX19,0.23983418,0.00412,0.0361245
RASGRF2,-0.14390424,0.00412,0.0361245
IL22,0.14870851,0.00412,0.0361253
CCDC140,0.28405386,0.00413,0.0361807
BEST3,0.19664091,0.00413,0.0361807
GFUS,-0.391,0.0157,0.0362
LOC105374997,0.388,0.0157,0.0362
C17ORF107,-0.333,0.0157,0.0362
PFDN5,-0.26946514,0.00414,0.0362022
WISP2,-0.47483116,0.00414,0.036222
NKAP,0.158,0.0158,0.0363
FAM87A,0.402,0.0158,0.0363
TBC1D19,0.162,0.0158,0.0363
CYP4Z2P,0.442,0.0158,0.0363
HPGDS,-0.379,0.0158,0.0363
ZNF182,0.13411522,0.00417,0.0363466
TAT,0.51669486,0.00418,0.0363939
GATA5,-0.36185953,0.00418,0.0363939
CD1D,-0.28844072,0.00418,0.0363939
CDC26,0.155,0.0158,0.0364
MCL1,-0.322,0.0158,0.0364
IPP,0.147,0.0158,0.0364
OMG,-0.8091632,0.000113,0.0364
CBY1,-0.26713764,0.00418,0.0364433
CLEC4A,-0.23270781,0.00418,0.0364442
LOC105374339,-0.418,0.0159,0.0365
MIR4647,-0.348,0.0159,0.0365
LOC107984482,0.469,0.0159,0.0365
HERC4,0.127,0.0159,0.0365
LOC105372997,-0.536,0.0159,0.0365
IDS,-0.1701231,0.00419,0.0365017
BPIFA3,0.15206737,0.00421,0.0365966
PTH2,0.0992705,0.00421,0.0365966
P4HB,-0.248,0.0159,0.0366
SLC2A4RG,-0.397,0.0159,0.0366
LOC100130345,0.55,0.0159,0.0366
CYP11B2,0.1183234,0.00423,0.0367499
EIF4E2,-0.2394703,0.00423,0.0367659
ADGRB3,-0.26344896,0.00424,0.0367973
MRPL1,0.163,0.016,0.0368
MEPE,0.84,0.016,0.0368
LOC112268224,0.389,0.016,0.0368
VWCE,-0.67,0.016,0.0368
TEN1-CDK3,-0.295,0.016,0.0368
LINC02788,0.347,0.016,0.0368
ALKBH6,0.18262514,0.00425,0.0368416
OR7E156P,-0.22983444,0.00425,0.0368489
EIF4A3,-0.22777072,0.00426,0.0368965
LOC102723407,-0.648,0.0161,0.0369
LOC107986418,0.557,0.0161,0.0369
LOC107987116,0.565,0.0161,0.0369
LOC101929950,0.245,0.0161,0.0369
FURIN,-0.416,0.0161,0.0369
HOXB-AS1,-0.422,0.0161,0.0369
EXOSC2,0.103,0.0161,0.0369
LINC00412,0.15030359,0.00427,0.0369359
ATG13,-0.13140125,0.00427,0.0369359
WDFY2,0.24270389,0.00428,0.0369846
PSIP1,-0.24828065,0.00428,0.0369949
CCT8,0.158,0.0161,0.037
PIGP,0.208,0.0161,0.037
LOC101929506,0.235,0.0162,0.0371
LOC107986599,-0.253,0.0162,0.0371
SRP9,-0.2213174,0.0043,0.0371394
OR8H3,-0.15548662,0.00431,0.0371662
MIPEP,0.162,0.0163,0.0372
PPP1R11,-0.16814449,0.00432,0.0372263
RPS27L,-0.27121128,0.00432,0.0372263
DAGLB,0.26881193,0.00432,0.0372263
ZMYM3,-0.18232088,0.00432,0.0372263
CELF2-AS2,0.13819032,0.00432,0.0372263
STK38L,-0.7108602,0.000119,0.03727
ETNK2,1.5863264,0.000122,0.03727
RANBP2,0.146,0.0163,0.0373
SEC31B,-0.221,0.0163,0.0373
COMMD4P1,-0.522,0.0163,0.0373
TAF9B,0.156,0.0163,0.0373
KRBOX1,-0.474,0.0163,0.0373
CHERP,-0.299,0.0163,0.0373
ACOT8,-0.342,0.0163,0.0373
AQR,0.124,0.0163,0.0373
TAFA2,0.289,0.0163,0.0373
LYPD6B,-0.40204937,0.00434,0.0373164
ARHGDIG,0.21357404,0.00434,0.0373457
DHDDS,-0.12,0.0163,0.0374
LOC105375235,0.262,0.0163,0.0374
MAP9,-0.388,0.0163,0.0374
APLF,0.168,0.0164,0.0374
LOC105377505,-0.389,0.0163,0.0374
GPR75,0.245,0.0163,0.0374
PSEN1,-0.26082773,0.00436,0.0374435
PIP5K1B,-0.13581339,0.00437,0.037495
PPA2,0.43710779,0.00436,0.037495
ART4,0.169,0.0164,0.0375
IYD,0.239,0.0164,0.0375
LOC102724765,-0.343,0.0164,0.0375
RAB1A,0.19470156,0.00437,0.0375045
PRKACB,-0.21263046,0.00437,0.0375045
EPHA5,-0.1155905,0.00438,0.037549
AGAP11,0.09500352,0.00438,0.037549
LOC105370500,0.338,0.0164,0.0376
ALLC,0.43503908,0.00439,0.0376212
SNORA74A,-0.8522003,0.000131,0.03767
SARDH,1.0136543,0.000133,0.03767
GRM1,-0.7957972,0.000132,0.03767
APOC4,1.7445785,0.000131,0.03767
F2,1.6766406,0.000145,0.03769
ADSS,-0.7726198,0.000146,0.03769
TMEM176B,0.7960819,0.000139,0.03769
OTUD5,-0.7028801,0.000135,0.03769
C5ORF4,1.163689,0.000147,0.03769
POC1A,-0.233,0.0165,0.0377
PCDHB4,-0.478,0.0165,0.0377
FAM107A,-0.36,0.0165,0.0377
LINC01000,-0.268,0.0165,0.0377
FAM120A,0.118,0.0165,0.0377
HACD1,-0.28106055,0.0044,0.0377074
GHDC,-0.16674437,0.00441,0.0377652
GCSHP3,0.211,0.0165,0.0378
DTX3L,0.162,0.0166,0.0378
EXOSC4,-0.524,0.0165,0.0378
PCMTD1,0.142,0.0165,0.0378
LOC105371746,0.562,0.0165,0.0378
FREM3,0.421,0.0165,0.0378
PLEKHG1,-0.174,0.0166,0.0378
TSC2,-0.264,0.0165,0.0378
COX19,-0.191,0.0165,0.0378
LOC107984293,0.301,0.0165,0.0378
HINFP,-0.177,0.0165,0.0378
SAMD4A-AS1,-0.365,0.0165,0.0378
CD200R1,0.2226267,0.00443,0.0378432
ZC3H3,0.39319586,0.00443,0.0378453
DUPD1,0.1165546,0.00444,0.0378695
PARGP1,0.155,0.0166,0.0379
REXO4,-0.169,0.0166,0.0379
GLTPD2,-0.424,0.0166,0.0379
LOC107985285,0.401,0.0166,0.0379
CANX,0.153,0.0166,0.0379
LSS,0.2506002,0.00445,0.0379598
MS4A1,-0.485,0.0167,0.038
LOC101929555,0.519,0.0167,0.038
LOC112267993,0.621,0.0167,0.038
PDF,0.157,0.0167,0.038
EFCAB14-AS1,0.17,0.0167,0.038
MIR1244-2,-0.223,0.0167,0.038
TGM5,0.09971313,0.00447,0.0380354
MYOM1,1.02637116,0.00447,0.0380354
MYBPC3,0.12669206,0.00446,0.0380354
RPL15,-0.53076407,0.00447,0.0380597
HPD,-0.52965622,0.00447,0.0380672
TMEM44,-0.15978097,0.00448,0.0380813
GSTTP2,0.18798861,0.00448,0.0380817
AVPR1B,-0.16043986,0.00448,0.0380817
NADK2,0.218,0.0167,0.0381
LOC105378358,0.374,0.0167,0.0381
TXNDC11,0.169,0.0167,0.0381
NOC3L,0.146,0.0167,0.0381
NFIC,1.5340515,0.000154,0.03815
LOC101927377,0.342,0.0168,0.0382
GPR124,-0.9415847,0.000159,0.03823
PIGK,-0.8317868,0.000155,0.03823
IGHG1 /// IGHV4-31 /// LOC100290146,-2.196742,0.000158,0.03823
MTCH2,0.193,0.0168,0.0383
PTK6,-0.388,0.0168,0.0383
LBX2,-0.447,0.0168,0.0383
LOC105370515,0.328,0.0168,0.0383
TEF,0.344,0.0168,0.0383
NAV2,-0.24,0.0168,0.0383
SRPX2,-0.241,0.0168,0.0383
SEC14L5,0.395,0.0168,0.0383
PDGFC,-0.26355148,0.00453,0.0383447
METTL3,-0.9471651,0.000162,0.03835
NLRX1,0.24173729,0.00453,0.0383608
SPRY3,0.11455415,0.00454,0.0383894
LOC107984138,0.209,0.0169,0.0384
TSPYL6,0.293,0.0169,0.0384
MCM8-AS1,0.453,0.0169,0.0384
LRGUK,0.32,0.0169,0.0384
LOC100419583,-0.221,0.0169,0.0384
ORMDL1,0.14,0.0169,0.0384
IGHMBP2,0.21366354,0.00454,0.0384319
CYP2G1P,0.393,0.017,0.0386
MZT2A,-0.311,0.017,0.0386
USP7-AS1,-0.353,0.017,0.0386
LOC101929356,0.279,0.017,0.0386
NAA16,0.19761266,0.00457,0.0386165
WDR93,0.12373721,0.00458,0.0386194
C7ORF49,-0.24808339,0.00458,0.0386194
STPG3-AS1,-0.534,0.017,0.0387
ATP6V1E1,-0.193,0.0171,0.0387
WDR43,0.173,0.017,0.0387
LOC101928453,0.13436256,0.00459,0.0387247
SPDYE8P,0.16382468,0.0046,0.0387345
UACA,0.16362618,0.0046,0.0387345
MICA,-0.20587566,0.00461,0.0387642
TMPRSS11A,0.13259936,0.00461,0.0387642
PRR32,0.16013106,0.00461,0.0387733
HSD17B1,-0.495,0.0171,0.0388
SNORD116-24,0.37,0.0171,0.0388
MIR6506,0.231,0.0171,0.0388
MRPS5,0.118,0.0171,0.0388
TAF3,0.123,0.0171,0.0388
C2-AS1,0.167,0.0171,0.0388
EFCC1,-0.20270155,0.00461,0.0388014
LINC00599,-0.13995884,0.00462,0.0388494
UBL5,0.16867349,0.00463,0.0388861
KCNK3,0.53,0.0171,0.0389
SKP1,0.12,0.0171,0.0389
ZNF808,0.177,0.0171,0.0389
DPYSL5,0.13722934,0.00463,0.0389025
TANK,-0.19600024,0.00464,0.0389255
GPR156,-0.12161247,0.00464,0.038937
PPP1R13B,0.26816908,0.00464,0.038937
TRAPPC2B,-0.33468634,0.00465,0.0389583
CACNA2D3,-0.15537773,0.00465,0.0389583
CAAP1,0.20268412,0.00466,0.0389621
RGS9BP,0.09574769,0.00465,0.0389621
ALKBH5,0.16160598,0.00466,0.0389621
LOC105374790,-0.341,0.0172,0.039
POLE2,0.263,0.0172,0.039
OR13D1,0.453,0.0172,0.039
NINJ2,-0.393,0.0172,0.039
DPP9-AS1,-0.406,0.0172,0.039
SMAP1,-0.2256107,0.00467,0.0390238
PABPC5,-0.15711139,0.00468,0.0390654
LCA5L,0.12609234,0.00468,0.0390868
ANK1,-0.538,0.0172,0.0391
LINC02018,0.363,0.0173,0.0391
MESTIT1,0.326,0.0172,0.0391
CMTM8,0.185,0.0173,0.0391
PRDX4,-0.29393418,0.00469,0.0391096
LOC101928211,0.14187616,0.00469,0.0391308
KCNQ2,-0.17584372,0.00469,0.0391445
LTB4R,0.26238929,0.0047,0.0391588
CCSER2,0.23322075,0.0047,0.0391657
SPRN,-0.37,0.0173,0.0392
BEST1,0.24,0.0173,0.0392
TGFBRAP1,-0.12,0.0173,0.0392
MRPS2,-0.351,0.0173,0.0392
HNRNPD,0.198,0.0173,0.0392
GATA1,0.11840838,0.00471,0.0392163
PARVA,-0.27063082,0.00472,0.0392163
PRAMEF9,-0.5580788,0.00473,0.0392788
PITPNM2,0.34390478,0.00473,0.039279
DGKG,-0.325,0.0173,0.0393
SEPHS2,0.188,0.0174,0.0393
LOC105370335,0.297,0.0174,0.0393
EHMT2-AS1,-0.259,0.0174,0.0393
IL15,-0.216,0.0173,0.0393
ZNF655,-0.19859354,0.00474,0.0393806
LOC105369851,0.522,0.0174,0.0394
GABPB1,0.138,0.0174,0.0394
CACHD1,-0.178,0.0174,0.0394
RDH8,-0.11754913,0.00475,0.0394172
PAX8,-0.18881086,0.00475,0.0394172
AQP2,0.12932003,0.00476,0.0394519
EEF2K,0.35277845,0.00476,0.0394519
LOC101929174,0.375,0.0174,0.0395
FCGRT,-0.34,0.0175,0.0395
AARSD1,-0.184,0.0175,0.0395
KCTD13,-0.197,0.0175,0.0395
MRPS33,0.182,0.0174,0.0395
LOC105370841,0.335,0.0175,0.0395
CBX6,-0.288,0.0175,0.0395
ZNFX1,-0.188,0.0175,0.0395
MRPS23,-0.20139876,0.00478,0.0395566
HSDL1,-0.14,0.0175,0.0396
ZNF266,0.14973944,0.00479,0.0396112
FEZF2,-0.13472099,0.0048,0.0396488
FGF6,-0.19423863,0.0048,0.0396488
MRPL36,-0.24119767,0.0048,0.0396488
SLC5A1,-0.63650175,0.0048,0.0396973
LOC105373312,0.707,0.0176,0.0397
ARPP21,-0.489,0.0176,0.0397
OR2A20P,-0.295,0.0176,0.0397
YTHDC2,0.14,0.0176,0.0397
RIPK1,0.103,0.0176,0.0397
LPAR1,-0.9950884,0.000173,0.03973
CCNO,-0.17446064,0.00481,0.0397348
ZNF273,0.10211874,0.00482,0.0397508
FBLN1,0.14735172,0.00482,0.0397508
KRTAP4-11,0.09814271,0.00482,0.0397508
ZADH2,0.32387679,0.00482,0.0397508
SLC7A9,1.0498189,0.000174,0.03978
LRRC7,-0.384,0.0176,0.0398
TFAP2E,-0.281,0.0176,0.0398
LOC105377103,0.233,0.0176,0.0398
LOC105373304,0.359,0.0176,0.0398
LOC105373774,0.319,0.0176,0.0398
DEPDC1,-0.497,0.0176,0.0398
LOC105376070,0.332,0.0176,0.0398
NEXN,-0.44210731,0.00484,0.0398309
SAA4,0.45574911,0.00485,0.0398817
WDCP,0.147,0.0177,0.0399
LOC105374528,0.413,0.0176,0.0399
FBXL21P,0.374,0.0177,0.0399
LOC107986562,0.472,0.0177,0.0399
CFAP90,0.473,0.0177,0.0399
PCDHB3,-0.588,0.0177,0.0399
C1D,0.187,0.0177,0.0399
NOP53-AS1,-0.5,0.0177,0.0399
MBD1,-0.19043632,0.00486,0.0399385
AMIGO1,-0.13589163,0.00486,0.0399559
ACAT1,0.236,0.0177,0.04
NBPF20,0.187,0.0178,0.04
TMEM79,-0.261,0.0177,0.04
DNPEP,-0.221,0.0177,0.04
TMEM9B,-0.202,0.0177,0.04
MRPS31P5,0.167,0.0177,0.04
ZNF253,0.141,0.0177,0.04
MS4A14,-0.34,0.0177,0.04
CCNC,0.157,0.0177,0.04
H2AC6,-0.374,0.0177,0.04
RPAIN,0.113,0.0177,0.04
RASAL2-AS1,-0.35,0.0177,0.04
PQLC1,0.28817169,0.00487,0.0400122
MRVI1,0.15307119,0.00488,0.0400302
LEPR,0.50855446,0.00488,0.0400302
CDAN1,0.11689264,0.00488,0.0400302
WNT3,0.42533352,0.00488,0.0400476
TMEM200C,-0.565,0.0178,0.0401
LIME1,-0.604,0.0178,0.0401
CTDNEP1,-0.2124689,0.0049,0.0401324
ERBIN,0.145,0.0178,0.0402
INTS14,0.123,0.0178,0.0402
VRK3,-0.18,0.0178,0.0402
ITPK1,-0.309,0.0179,0.0402
OR51E1,-0.16643879,0.00491,0.0402071
SCN3B,-0.7811298,0.000179,0.04024
FADS2,1.8107628,0.000179,0.04024
ATF5,3.0933762,0.00018,0.04026
SLC6A4,0.14596189,0.00493,0.0402979
ITCH-IT1,0.26294338,0.00493,0.0402979
LOC105369745,0.205,0.0179,0.0403
LOC112268179,-0.428,0.0179,0.0403
ETV5,-0.315,0.0179,0.0403
DENND1B,0.153,0.0179,0.0403
RHEB,-0.17294089,0.00493,0.0403154
LINC00844,-0.11342197,0.00493,0.0403154
OR51F2,0.11928331,0.00494,0.0403295
AKIRIN1,-0.234,0.018,0.0404
ANKRD20A21P,0.511,0.018,0.0404
LOC107984529,0.261,0.018,0.0404
CEP350,0.108,0.018,0.0404
PPP2R5C,-0.16870528,0.00495,0.0404227
CENPJ,-0.16481785,0.00496,0.0404765
PPP2R2B,-0.3531555,0.00496,0.0404765
MRPL43,-0.27768039,0.00496,0.0404765
LOC107984285,0.339,0.018,0.0405
SLC22A23,0.41296529,0.00497,0.0405066
SLC9A8,0.2306246,0.00498,0.0405275
LHX1,0.11150038,0.00498,0.0405477
PRDM14,0.13477314,0.00499,0.0405851
KCNK15,-0.15742521,0.00499,0.0405958
DPH5,-0.30531672,0.00499,0.0405958
MFN2,0.23014114,0.00499,0.0405958
LOC101927488,0.509,0.0181,0.0406
PKD1P5-LOC105376752,-0.207,0.0181,0.0406
MAP3K14-AS1,-0.262,0.0181,0.0406
LOC105374839,0.321,0.0181,0.0406
LINC02446,-0.539,0.0181,0.0406
AP3M1,0.143,0.018,0.0406
BCR,-0.254,0.0181,0.0406
LINC01362,0.342,0.0181,0.0406
RIOX1,-0.17,0.018,0.0406
SLC6A12-AS1,0.319,0.0181,0.0406
BMPR1A,-0.15424898,0.005,0.0406061
LY6H,-0.2091576,0.005,0.0406309
ZC2HC1C,0.62410303,0.005,0.0406322
INTU,-0.22630842,0.00501,0.0406322
EIF2S3,-0.26212689,0.00501,0.0406378
CNOT6L,0.26935543,0.00501,0.040643
CCDC85B,-0.18471288,0.00501,0.040652
TARBP2,-0.298,0.0181,0.0407
ZNF408,-0.337,0.0181,0.0407
FAM170A,0.11021328,0.00502,0.0407325
BSCL2,-0.24011832,0.00503,0.0407484
TMPRSS12,-0.15750777,0.00503,0.0407825
SBSPON,-0.58297192,0.00504,0.0407917
GPR18,-0.26561801,0.00504,0.0407917
LOC107984440,-0.527,0.0182,0.0408
PWRN1,-0.499,0.0182,0.0408
ZNF492,0.13403526,0.00504,0.0408117
RRNAD1,0.2399348,0.00505,0.0408655
CUTA,-0.13962153,0.00505,0.0408655
LOC105373190,0.537,0.0182,0.0409
SNCG,-0.631,0.0182,0.0409
ZNF563,0.202,0.0182,0.0409
GDE1,0.167,0.0182,0.0409
GTSE1-DT,0.427,0.0182,0.0409
FAM127C,-0.22391588,0.00506,0.0409458
PAK1,-0.22417573,0.00507,0.0409503
RNF26,-0.23330389,0.00507,0.0409801
LOC102724858,1.03,0.0183,0.041
NUDT3,0.131,0.0183,0.041
NIBAN3,-0.444,0.0183,0.041
FAM83D,0.355,0.0183,0.041
RMDN2-AS1,0.327,0.0183,0.041
H2AFJ,-0.33805815,0.00508,0.041033
LHPP,0.55337492,0.00509,0.0410842
TBPL2,-0.13430993,0.0051,0.0411242
SPATA4,0.10541275,0.00511,0.0411394
ZNF70,-0.20268191,0.0051,0.0411394
SNHG12 /// SNORA44,-1.2639649,0.000191,0.04115
ZSCAN1,-0.19785464,0.00511,0.0411574
PARG,0.0812,0.0184,0.0412
TEK,-0.268,0.0184,0.0412
ATP1A4,0.12181235,0.00513,0.0412782
KLHL7-DT,0.534,0.0184,0.0413
HIST1H3A,0.13728513,0.00515,0.0413871
LOC107984827,0.541,0.0185,0.0414
ZBED1,-0.183,0.0185,0.0414
LOC105372795,0.24,0.0185,0.0414
CRTAM,-0.41,0.0185,0.0414
SH3D19,0.143,0.0185,0.0414
RPS15AP10,0.299,0.0185,0.0414
CBLN2,0.749,0.0185,0.0414
SLC5A2,-0.387,0.0185,0.0414
ZSCAN30,0.133,0.0185,0.0414
WFDC10B,-0.11308806,0.00516,0.0414466
SYBU,0.63792892,0.00516,0.0414573
IMPACT,0.137,0.0185,0.0415
LOC102724603,0.34,0.0185,0.0415
C9ORF153,0.385,0.0185,0.0415
SPIC,-0.486,0.0185,0.0415
ZNF140,0.119,0.0186,0.0415
LINC02321,-0.511,0.0186,0.0415
ETV2,-0.17180259,0.00517,0.0415428
BAHD1,-0.16391218,0.00518,0.0415466
SLC35C2,-0.163,0.0186,0.0416
LINC02290,0.438,0.0186,0.0416
TRA@ /// TRAC /// TRAJ17 /// TRAV20,-1.5065793,0.000196,0.04163
CAMK2N1,-0.28539639,0.00519,0.0416489
SRFBP1,0.2867212,0.0052,0.0416957
ZNF574,-0.409,0.0186,0.0417
HTRA3,-0.562,0.0187,0.0417
NSUN2,0.35609931,0.0052,0.0417271
GBA,-0.23003977,0.00521,0.0417777
URGCP,-0.18,0.0187,0.0418
YTHDF3,0.14,0.0187,0.0418
SHQ1,0.119,0.0187,0.0418
LEFTY1,-0.35169785,0.00522,0.04184
OXR1-AS1,0.341,0.0188,0.0419
NAGLU,-0.337,0.0187,0.0419
BCLAF1,0.131,0.0187,0.0419
PRKAG3,0.462,0.0187,0.0419
MAMDC2-AS1,0.387,0.0187,0.0419
LOC107985409,-0.471,0.0187,0.0419
LOC107987250,-0.428,0.0187,0.0419
OR4A15,-0.1456744,0.00524,0.041938
TBC1D9B,0.19247427,0.00524,0.041938
OGDH,0.16240682,0.00524,0.0419469
NR1H3,0.46344502,0.00524,0.0419469
MALT1,0.16,0.0188,0.042
AGO2,-0.108,0.0188,0.042
PIP5K1P1,0.375,0.0188,0.042
SVIL,0.29380225,0.00525,0.0420082
MIR6840,-0.591,0.0189,0.0421
SH3BP5L,-0.23,0.0189,0.0421
AMT,0.191,0.0189,0.0421
LINC02067,-0.237,0.0188,0.0421
RAB18,0.141,0.0189,0.0421
LOC105371119,0.502,0.0188,0.0421
PHF20L1,0.126,0.0189,0.0421
MRPL22,0.143,0.0189,0.0421
TRIM16,0.189,0.0189,0.0421
SLC17A4,0.233,0.0189,0.0421
NCOA5,-0.138,0.0188,0.0421
BSPRY,-0.431,0.0188,0.0421
DNAJC27,0.29344925,0.00527,0.0421242
OCSTAMP,-0.13732688,0.00528,0.0421645
TAGAP-AS1,-0.273,0.0189,0.0422
RBM5,0.0915,0.0189,0.0422
ANG,0.285,0.0189,0.0422
N4BP1,0.0904,0.0189,0.0422
MADD,-0.118,0.0189,0.0422
RNF111,0.0877,0.0189,0.0422
FGB,0.254,0.0189,0.0422
OSGEP,0.104,0.0189,0.0422
DAPK1-IT1,0.303,0.0189,0.0422
SEC24C,-0.138,0.0189,0.0422
CCL3-AS1,-0.338,0.0189,0.0422
TEAD4,-0.503,0.0189,0.0422
FBH1,-0.0865,0.0189,0.0422
UBE2Z,-0.143,0.019,0.0422
HSPA4L,-0.298,0.0189,0.0422
QPRT,0.58555171,0.00529,0.0422162
PLA2G2D,0.39930403,0.00531,0.0422805
GOLT1B,-0.26278986,0.00531,0.0422805
FXYD3,0.12981875,0.00531,0.0422967
FIP1L1,0.114,0.019,0.0423
CERS3,0.658,0.019,0.0423
PALS2,0.178,0.019,0.0423
BACH2,0.17879839,0.00532,0.0423174
GSTT2B,0.13849789,0.00533,0.0423659
SERPINB12,0.10285706,0.00534,0.0423878
EP400,-0.143,0.019,0.0424
C6ORF203,-0.20610454,0.00534,0.0424191
UQCRH,-0.26857127,0.00534,0.0424191
GEFT,-0.6877401,0.000202,0.04247
SYNE2,-0.159,0.0191,0.0425
LINC01612,0.532,0.0191,0.0425
IGKV1-9,-0.628,0.0191,0.0425
LOC105369801,-0.437,0.0191,0.0425
NOM1,0.0949,0.0191,0.0425
LINC01050,-0.13216913,0.00537,0.042534
DRC3,-0.21863912,0.00538,0.0425783
ASXL1,0.31078374,0.00538,0.0425783
LOC105378122,-0.5,0.0192,0.0426
LRRN1,-0.8134659,0.000208,0.04266
ANKRD55,0.46502015,0.0054,0.0426821
CLU,1.2382249,0.000209,0.04269
SUCO,-0.168,0.0192,0.0427
LOC105373303,0.52,0.0192,0.0427
RCC1,-0.208,0.0192,0.0427
AATK,-0.483,0.0192,0.0427
LOC112268133,-0.283,0.0192,0.0428
ZNF45,0.103,0.0192,0.0428
LOC105375670,-0.614,0.0193,0.0428
LOC107987180,0.623,0.0192,0.0428
C1ORF131,0.136,0.0192,0.0428
HNF4A-AS1,0.262,0.0192,0.0428
ARMC8,0.16161401,0.00542,0.0428368
ERRFI1,0.46715583,0.00543,0.0428652
ZNF691,0.14,0.0193,0.0429
SUMO1,0.173,0.0193,0.0429
RPA4,0.252,0.0193,0.0429
LUC7L,-0.14776268,0.00544,0.0429166
DNAJC1,-0.16590038,0.00544,0.0429225
CDC42EP4,-0.32556081,0.00544,0.0429492
GTF2IRD1,0.21310409,0.00546,0.0429755
PGD,-0.40603916,0.00546,0.0429963
RINL,-0.26,0.0194,0.043
ZCCHC9,0.177,0.0194,0.043
CAB39L,-0.801855,0.000215,0.043
SERPINF2,1.3225455,0.000216,0.043
HEPACAM2,0.12442082,0.00547,0.0430005
KCNV1,0.12451143,0.00547,0.0430005
MS4A8,0.14379141,0.00547,0.0430005
ASTN2,-0.14021301,0.00547,0.0430005
LOC101927752,0.12181552,0.00548,0.043006
EZH2,-0.16567156,0.00548,0.043006
AMBP,1.5480991,0.000222,0.04301
PROC,1.1907886,0.00022,0.04301
POFUT1,-0.12180403,0.00548,0.043031
SMC3,-0.14877371,0.00548,0.043031
TXNDC8,0.12844306,0.00549,0.0430416
C8ORF33,-0.22601439,0.0055,0.0430856
HSD11B1L,-0.387,0.0194,0.0431
LOC107986175,-0.689,0.0194,0.0431
LOC107984537,0.759,0.0194,0.0431
ACP1,0.161,0.0194,0.0431
OR11H6,0.1246899,0.00551,0.0431488
TNR,0.846,0.0194,0.0432
CRY1,-0.311,0.0195,0.0432
NOL4L,-0.144,0.0195,0.0432
LOC112268131,-0.332,0.0194,0.0432
WDR35,0.19580776,0.00553,0.0432664
CCDC83,0.52,0.0195,0.0433
ZNF48,-0.269,0.0195,0.0433
LOC105375166,0.536,0.0195,0.0433
PRELID1,-0.259,0.0195,0.0433
LOC105373209,0.56,0.0195,0.0433
CLEC16A,-0.124,0.0195,0.0433
ORMDL2,-0.18826864,0.00554,0.0433203
ARHGEF7-IT1,0.16369592,0.00556,0.0433623
ERP29,-0.12205445,0.00556,0.0433623
PLBD1-AS1,0.338,0.0196,0.0434
LOC107984747,-0.282,0.0196,0.0434
STEAP2-AS1,0.535,0.0196,0.0434
GJC1,0.32586644,0.00557,0.0434087
SLC14A1,-0.13972445,0.00557,0.0434237
BAGE5,0.23633252,0.00558,0.0434624
MAGI2-AS1,0.14364089,0.00558,0.043473
THAP10,-0.25860259,0.00558,0.0434886
LOC105371870,-0.314,0.0196,0.0435
ANKRD12,0.123,0.0196,0.0435
ZFPM1-AS1,-0.608,0.0196,0.0435
TRIM62,-0.19637057,0.00559,0.0435244
LBR,0.28592037,0.00559,0.0435318
WBP4,0.126,0.0197,0.0436
RIMKLA,0.35,0.0197,0.0436
MTFR1L,0.155,0.0197,0.0436
ANKIB1,0.0897,0.0197,0.0436
RPS16P5,-0.246,0.0197,0.0436
LINC00161,0.449,0.0197,0.0437
ZNF669,-0.233,0.0197,0.0437
LOC112268030,0.264,0.0197,0.0437
LOC107984031,0.429,0.0197,0.0437
TCP10,-0.1194354,0.00563,0.0437559
FMO3,0.222,0.0198,0.0439
LOC105376707,-0.434,0.0198,0.0439
SNORA48,-0.63,0.0198,0.0439
NLRP2,-0.481,0.0198,0.0439
HSPE1-MOB4,0.161,0.0199,0.044
PEAK1,-0.131,0.0199,0.044
LOC107986345,0.292,0.0199,0.044
FOXL2NB,0.15956671,0.00567,0.0440058
TXNDC17,-0.2209565,0.00568,0.0440348
MGC57346,-0.24739794,0.00569,0.0440442
CAPZA2,0.34849734,0.00569,0.0440549
MSH5-SAPCD1,-0.199,0.0199,0.0441
ATP6AP1-DT,-0.324,0.0199,0.0441
LOC112268118,-0.306,0.0199,0.0441
PPP1R32,-0.324,0.0199,0.0441
TAF15,0.27680444,0.00571,0.044178
RPL24,0.168,0.02,0.0442
GPT,-0.495,0.02,0.0442
PKNOX1,0.0917,0.02,0.0442
ZNF664,0.124,0.02,0.0442
SMG5,-0.234,0.02,0.0442
DNAAF2,0.163,0.02,0.0442
LOC102724949,0.539,0.02,0.0442
AHSA2,-0.29896524,0.00572,0.0442272
GPAM,1.4611066,0.00023,0.04427
DCXR-DT,0.422,0.02,0.0443
C10ORF143,0.226,0.0201,0.0443
SIRT4,0.345,0.0201,0.0443
RSL24D1,0.199,0.0201,0.0443
MAPK13,-0.59843955,0.00574,0.0443247
C17ORF100,-0.15432897,0.00574,0.0443352
CETN4P,-0.13145936,0.00575,0.0443766
CLIP1-AS1,0.263,0.0201,0.0444
SLC35F1,0.606,0.0201,0.0444
BCLAF3,0.153,0.0201,0.0444
LOC105375457,0.427,0.0201,0.0444
MED4,0.121,0.0201,0.0444
LOC105375067,0.429,0.0201,0.0444
LOC107985957,0.34,0.0202,0.0445
MYCBPAP,-0.531,0.0202,0.0445
SIGLEC16,-0.289,0.0202,0.0446
LINC01428,0.415,0.0202,0.0446
MOV10,-0.231,0.0202,0.0446
MIR181A2,0.463,0.0202,0.0446
C16ORF90,0.12498421,0.0058,0.0446278
CNEP1R1,0.132764,0.00581,0.0446992
USP2,0.24682115,0.00582,0.0446992
PHIP,0.129,0.0203,0.0447
MT1B,0.54315003,0.00582,0.0447154
ABI1,-0.23632978,0.00583,0.0447444
NUDT15,0.129,0.0203,0.0448
ZNF134,0.112,0.0203,0.0448
DEGS2,-0.319,0.0204,0.0448
LINC02340,0.409,0.0203,0.0448
LINC01786,-0.46,0.0203,0.0448
PCNT,-0.158,0.0203,0.0448
PPP1R16A,-0.459,0.0203,0.0448
LOC105372681,0.433,0.0203,0.0448
DCP1A,0.09,0.0203,0.0448
C21ORF62,-0.21431016,0.00585,0.0448426
WFDC9,0.12194119,0.00585,0.0448426
COL4A3BP,0.3650073,0.00585,0.0448426
LOC101929054,-0.16228254,0.00585,0.0448615
IL36RN,0.13709145,0.00586,0.0448882
LOC105373796,0.223,0.0204,0.0449
AUTS2,0.142,0.0204,0.0449
UCKL1-AS1,-0.441,0.0204,0.0449
LOC105375913,0.246,0.0204,0.0449
GJA9,0.10927964,0.00588,0.044949
JADE1,0.28060701,0.00588,0.044949
RPL26L1,-0.23500106,0.00589,0.0449655
CMPK2,-0.18293326,0.00589,0.044974
FAM27E4,-0.47,0.0205,0.045
LOC105378077,0.292,0.0205,0.045
SLC4A3,-0.19625226,0.0059,0.0450265
AZIN1,0.16,0.0205,0.0451
SETD1B,-0.227,0.0205,0.0451
MXRA5,-0.241,0.0205,0.0451
PCK2,1.1374066,0.000236,0.04514
ETHE1,-0.18529458,0.00593,0.0451443
AFM,0.209,0.0205,0.0452
CIP2A,-0.234,0.0205,0.0452
LOC105377308,0.485,0.0205,0.0452
LOC107984889,0.615,0.0206,0.0452
WDR59,0.24793178,0.00594,0.0452171
TMEM117,-0.24269923,0.00595,0.045242
NKTR,0.172,0.0206,0.0453
LOC105374682,0.379,0.0206,0.0453
LINC03011,0.295,0.0206,0.0453
CFAP418,0.21,0.0206,0.0453
ERCC6L,0.283,0.0206,0.0453
GGH,0.245,0.0206,0.0453
ALPK1,0.27140275,0.00597,0.0453551
EHF,-0.8008766,0.000238,0.04538
LOC101928591,0.13844808,0.00597,0.0453802
LOC105371058,-0.327,0.0207,0.0454
IGHV3-7,-0.538,0.0207,0.0454
CALR,-0.239,0.0207,0.0454
MYCT1,0.27361666,0.00599,0.0454536
SPDEF,0.14037427,0.00599,0.0454665
CCNT1,0.27031461,0.00599,0.0454665
DHFR,0.199,0.0207,0.0455
LINC00842,-0.573,0.0207,0.0455
ABRAXAS2,0.128,0.0207,0.0455
LOC107984385,0.497,0.0207,0.0455
LOC105370327,0.27,0.0207,0.0455
TSPAN1,0.17443822,0.00601,0.0455601
C1ORF101,0.16610113,0.00601,0.0455601
OXSM,0.145,0.0208,0.0456
TBC1D3L,-0.233,0.0208,0.0456
GAMT,-0.416,0.0208,0.0456
VBP1,-0.23884633,0.00603,0.0456146
OR5H2,0.12738389,0.00603,0.0456146
C1ORF226,0.11495104,0.00603,0.0456146
ZNF511,0.30697533,0.00604,0.0456764
ARL6,-0.1414947,0.00604,0.0456764
LOC101927421,0.10949023,0.00604,0.045698
XPO6,-0.148,0.0208,0.0457
CFAP44-AS1,0.271,0.0208,0.0457
LOC388282,-0.394,0.0208,0.0457
LEMD2,-0.145,0.0208,0.0457
BUD31,-0.23286771,0.00605,0.0457001
NR1D2,0.29,0.0209,0.0458
LOC105369953,-0.247,0.0209,0.0458
MKL2,-0.20213083,0.00607,0.0458167
IFNA7,0.07246841,0.00607,0.0458167
SF1,0.28117597,0.00607,0.0458202
NHP2,-0.25534384,0.00608,0.045824
DEDD,-0.20177091,0.00608,0.0458396
ZDHHC23,-0.21208368,0.00608,0.0458451
NLRC4,-0.199,0.0209,0.0459
MIR4524B,0.341,0.0209,0.0459
ITIH4-AS1,-0.36,0.0209,0.0459
PDZD9,0.221,0.0209,0.0459
LOC102606466,0.1680082,0.0061,0.0459216
CHCHD2,-0.22571184,0.0061,0.0459298
SH3GLB1,-0.22279677,0.0061,0.0459357
TMEM132C,0.12440549,0.00611,0.0459723
ATP6V1D,0.159,0.021,0.046
UFSP2,0.152,0.021,0.046
TRIM7,0.1552491,0.00612,0.0460225
RPS27,-0.36169528,0.00612,0.0460225
ASB8,0.2352682,0.00614,0.0460748
MPL,-0.18978816,0.00614,0.0460927
RCAN3,-0.8491458,0.000247,0.0461
LRRC49,-0.384,0.021,0.0461
C1QTNF9,0.396,0.0211,0.0462
IFNAR2,-0.114,0.0211,0.0462
ADH5,0.173,0.0211,0.0462
MCF2L,-0.319,0.0211,0.0462
LOC105374392,0.526,0.0211,0.0462
TAF2,0.129,0.0211,0.0462
ACSL6,0.11928537,0.00617,0.0462303
CGB1,0.13013734,0.00617,0.0462303
KIRREL2,0.10872634,0.00617,0.0462508
OR4C46,-0.11246303,0.00618,0.0462511
CHMP5,-0.27481643,0.00618,0.0462694
EPG5,0.24007079,0.00619,0.04629
HM13,0.2919644,0.00619,0.0462961
EIF3H,-0.32241926,0.00619,0.0462994
LRRFIP1,0.32231038,0.00619,0.0462994
CELSR3,-0.31,0.0212,0.0463
G6PC2,0.509,0.0211,0.0463
AFF1-AS1,0.207,0.0212,0.0463
CLRN1-AS1,0.7,0.0211,0.0463
CRHR2,0.11213971,0.0062,0.0463444
DDX23,-0.121,0.0212,0.0464
MIEF2,-0.258,0.0212,0.0464
SNORD15A,-0.10437305,0.00621,0.0464192
SETD4-AS1,0.438,0.0213,0.0465
ZNF528,0.174,0.0213,0.0465
PPIF,-0.305,0.0213,0.0465
TTTY13,0.11661849,0.00624,0.0465382
TXNDC2,0.13554925,0.00624,0.0465458
CENPQ,-0.18903991,0.00624,0.0465579
TLDC1,-0.13772765,0.00625,0.0465829
TPTE,0.14671697,0.00626,0.046598
SDS,-0.673,0.0213,0.0466
SMN2,0.173,0.0213,0.0466
HDAC11-AS1,0.14345423,0.00627,0.0466856
SLC41A3,-0.273,0.0214,0.0467
LOC105372348,0.557,0.0213,0.0467
DFFB,0.286,0.0214,0.0467
NANOS1,0.266,0.0214,0.0467
LOC107985216,-0.44,0.0214,0.0468
ATP2A1,-0.412,0.0214,0.0468
NAPA,-0.284,0.0214,0.0468
UQCC4,-0.335,0.0214,0.0468
ABLIM3,-0.297,0.0214,0.0468
KCNJ15,-0.398,0.0214,0.0468
IFFO2,-0.206,0.0215,0.0469
MAGI1-IT1,0.257,0.0215,0.0469
WWP2,-0.163,0.0215,0.0469
LOC100288142 /// LOC200030 /// NBPF1 /// NBPF10 /// NBPF11 /// NBPF14 /// NBPF15 /// NBPF16 /// NBPF8 /// NBPF9,1.8170252,0.000255,0.04693
SNORA21,-1.1743177,0.000258,0.04694
IGFBP4,0.9820255,0.00026,0.04694
SKINT1L,0.12698606,0.00633,0.0469496
ZC3H13,0.12688636,0.00634,0.046991
RTL6,-0.19,0.0215,0.047
MRGBP,-0.189,0.0215,0.047
ANAPC7,-0.13564867,0.00634,0.0470267
CPXCR1,0.14005825,0.00635,0.0470684
SLC32A1,0.13449082,0.00635,0.0470684
AMPH,-0.21099602,0.00636,0.0470848
SMAD6,-0.217,0.0216,0.0471
CDH8,-0.14975586,0.00637,0.0471048
GPR125,1.3276889,0.000263,0.04713
IGH@ /// IGHG1 /// IGHM /// IGHV4-31 /// LOC100290146,-2.1946738,0.000265,0.04714
MYO18A,0.24036818,0.00638,0.0471998
GUSBP19,-0.383,0.0216,0.0472
UBE2Q2P13,-0.402,0.0217,0.0472
C7ORF31,-0.248,0.0216,0.0472
IL17RE,-0.311,0.0216,0.0472
LOC101929230,0.579,0.0216,0.0472
TEX29,0.336,0.0216,0.0472
IRF2BP1,-0.39,0.0216,0.0472
SNHG18,0.283,0.0217,0.0472
PRR20A,0.11006817,0.00639,0.0472456
HCP5B,0.437,0.0217,0.0473
STXBP6,0.265,0.0217,0.0473
POLR3F,0.131,0.0217,0.0473
ERG,-0.268,0.0217,0.0473
CLPSL2,0.11340399,0.0064,0.0473109
COL2A1,-0.15360264,0.00641,0.0473275
SRI,-0.26109345,0.00641,0.0473356
GCM1,0.1289355,0.00641,0.0473356
LAD1,-0.696638,0.00642,0.0473544
CHST1,-0.423,0.0217,0.0474
SIPA1L1,0.0997,0.0218,0.0474
LOC105371903,-0.405,0.0218,0.0474
FGFBP2,-0.566,0.0218,0.0474
HIPK2,0.164,0.0217,0.0474
RNF135,-0.215,0.0218,0.0474
TEX14,0.285,0.0218,0.0474
ZNF174,-0.2348321,0.00643,0.0474067
TPST1,0.6361275,0.00644,0.0474651
LOC107986995,0.4,0.0218,0.0475
CAVIN3,-0.432,0.0218,0.0475
LRRC69,0.259,0.0218,0.0475
NEK3,-0.10509985,0.00645,0.0475075
OR2AG1,0.16204643,0.00646,0.0475954
LOC100507472,-0.244,0.0219,0.0476
GPR108,-0.355,0.0218,0.0476
UROS,0.131,0.0219,0.0476
CUTALP,0.31,0.0218,0.0476
LOC105376571,-0.43,0.0219,0.0476
GNAS,-0.154,0.0219,0.0476
C1QTNF6,0.15338203,0.00647,0.047603
FBXO8,-0.27076664,0.00647,0.0476051
PARPBP,-0.19215312,0.00648,0.0476277
LMOD3,0.37204919,0.00648,0.0476312
ACY1,-0.41803713,0.00648,0.0476312
CSNK1A1,0.1840522,0.00649,0.0476821
UPK1B,0.11858825,0.00649,0.0476821
KIF15,-0.338,0.0219,0.0477
INSR,0.127,0.0219,0.0477
TRMT11,0.183,0.0219,0.0477
SLPI,-0.349,0.0219,0.0477
ATE1-AS1,0.403,0.0219,0.0477
SPATA25,0.10818224,0.0065,0.0477243
ZNF517,0.0841726,0.0065,0.0477323
ASGR2,-0.37207751,0.00651,0.0477323
IGKC /// LOC652694,-1.0168298,0.000271,0.04776
RPL12,-0.46770505,0.00651,0.0477762
MRPL47,-0.18543031,0.00651,0.0477762
RABEPK,0.59615831,0.00652,0.0477941
CCNDBP1,-0.133,0.022,0.0478
MLANA,0.245,0.022,0.0478
SDC4,-0.329,0.022,0.0478
APOL5,0.793,0.022,0.0478
PRDM9,0.17223334,0.00652,0.0478259
VCPIP1,0.17808425,0.00654,0.0478382
LIPN,0.11048941,0.00654,0.0478382
LINC02913,-0.567,0.022,0.0479
SLC19A3,0.188,0.022,0.0479
PRODH,-0.692,0.022,0.0479
KIAA0895,0.29559342,0.00656,0.0479331
IFI6,-0.98430381,0.00657,0.0479936
EFNB1,-0.414,0.0221,0.048
HAL,1.5152806,0.000275,0.04803
ZC3H12B,-0.21948758,0.00658,0.0480393
NBPF3,-0.18636095,0.00659,0.0480886
LOC105378180,0.616,0.0221,0.0481
PTTG1IP2,0.281,0.0221,0.0481
SP110,-0.31225019,0.0066,0.0481442
RPL39,-0.22744433,0.0066,0.0481599
KRT33B,0.10750275,0.00661,0.0481964
GLCCI1-DT,0.377,0.0222,0.0482
HEBP1,0.155,0.0222,0.0482
SGO1,0.266,0.0222,0.0482
NEK1,0.133,0.0222,0.0482
LOC107985215,0.567,0.0222,0.0482
COX8A,-0.363,0.0222,0.0482
LINC01232,0.256,0.0222,0.0482
EVPLL,-0.658,0.0222,0.0482
TRIM39-RPP21,-0.186,0.0222,0.0482
JTB,0.179,0.0222,0.0482
ZNF296,-0.22796168,0.00662,0.0482596
ELMSAN1,0.35768785,0.00663,0.0482713
PTGDR,-0.19636931,0.00663,0.0482906
GID8,0.126,0.0223,0.0483
PLEKHG3,-0.21,0.0223,0.0483
MYG1,-0.259,0.0223,0.0483
ERP27,-0.397,0.0222,0.0483
ACACA,0.09874991,0.00665,0.0483991
SOD2-OT1,0.358,0.0223,0.0484
PDZD7,-0.334,0.0223,0.0484
ADAM17,-0.16744371,0.00665,0.0484059
WASH1,0.19931541,0.00667,0.0484656
GOLGA7,-0.15243209,0.00667,0.0484656
EXO5,-0.1941156,0.00667,0.0484743
DUSP16,0.41348802,0.00667,0.048497
F8A1,-0.212,0.0224,0.0485
NR1I2,0.207,0.0224,0.0485
RTP3,0.265,0.0224,0.0485
LOC100291682,-1.4161363,0.000281,0.04853
SHD,0.464432,0.00668,0.048534
SLC22A18,-0.39193005,0.00669,0.0485371
LRCH2,-0.19793748,0.00669,0.0485442
ADAR,-0.17955628,0.0067,0.0485595
TM9SF1,-0.17392212,0.0067,0.048564
BNC2,-0.9414476,0.000283,0.04859
SLC9A3R1-AS1,-0.436,0.0224,0.0486
LOC105379003,0.533,0.0224,0.0486
ANKRD22,-0.667,0.0224,0.0486
PAPPA2,-0.581,0.0224,0.0486
CIRBP,-0.162,0.0224,0.0486
OR4C13,0.10856359,0.00671,0.0486316
FAM163A,0.15129762,0.00673,0.0487174
SLC38A3,1.155035,0.000288,0.04879
PSMD2,-0.15739763,0.00675,0.0487926
MEX3C,-0.1836706,0.00675,0.0487944
LOC105376866,0.468,0.0225,0.0488
LOC105370849,-0.586,0.0225,0.0488
CAPN5,0.45637849,0.00676,0.0488757
HERC6,-0.39179157,0.00676,0.0488757
CTSH,0.232,0.0226,0.0489
MINDY4B,0.56,0.0226,0.0489
LOC105370624,-0.352,0.0226,0.0489
C1ORF112,0.209,0.0226,0.0489
FGG,0.266,0.0226,0.0489
TBC1D22B,-0.133,0.0226,0.0489
LOC107984131,-0.538,0.0226,0.0489
KIR2DS1,0.12012212,0.00677,0.048918
PIGC,-0.2384885,0.00678,0.0489577
RBPMS,-0.28268446,0.00678,0.0489595
TRRAP,0.27566696,0.00679,0.0489909
LOC112267972,0.307,0.0226,0.049
CFLAR-AS1,0.127,0.0227,0.049
NDUFAB1,0.206,0.0226,0.049
PDE3A,-0.293,0.0227,0.049
GOLGA8S,0.197,0.0227,0.049
LGALS8,0.31259957,0.0068,0.0490599
SLC34A1,-0.13687094,0.0068,0.0490632
MEA1,-0.24385798,0.00681,0.0490813
RNF39,-0.13963615,0.00682,0.0491162
COMMD3,-0.24942812,0.00682,0.0491162
SERTAD4,-0.17552991,0.00682,0.0491162
TTC1,-0.18260006,0.00683,0.0491666
CCL28,-0.1582628,0.00683,0.0491666
CTAGE6,0.191,0.0227,0.0492
LATS1,0.096,0.0227,0.0492
RAB12,0.0997,0.0227,0.0492
SPRY4,0.12778483,0.00685,0.049266
GPR162,0.50760846,0.00685,0.0492701
UVRAG,-0.1201566,0.00685,0.0492738
LOC112268244,0.282,0.0228,0.0493
CAP1,-0.2,0.0228,0.0493
LOC105371637,0.222,0.0228,0.0493
RNF212B,0.301,0.0228,0.0493
FNBP4,0.126,0.0228,0.0493
LINC02009,0.498,0.0228,0.0493
LOC100506691,-0.14911039,0.00687,0.0493524
MPP6,-0.21402573,0.00687,0.0493524
PAPPA-AS1,-0.401,0.0228,0.0494
LOC105373311,-0.594,0.0229,0.0494
ZNF865,-0.297,0.0228,0.0494
CETN2,-0.29508716,0.00689,0.0494147
SNRK,0.32296151,0.00689,0.0494295
KLHL7,0.17216743,0.0069,0.0494485
AGXT,2.5652902,0.000297,0.04948
FAM20B,0.114,0.0229,0.0495
DHX36,0.132,0.0229,0.0495
PRKCA-AS1,0.312,0.0229,0.0495
ZNF681,-0.317,0.0229,0.0495
GMEB2,0.28458872,0.00692,0.0495352
TRMT2B,0.14243778,0.00692,0.0495731
LDB3,0.15355121,0.00693,0.0495869
GPAT4,0.33078794,0.00693,0.049591
UCP1,0.322,0.023,0.0496
LOC158434,-0.539,0.023,0.0497
LOC107986515,0.217,0.023,0.0497
FSD2,0.264,0.023,0.0497
CD274,0.2242006,0.00696,0.0497692
IGHG3 /// IGHM,-1.7170748,0.000315,0.04978
ASB9,0.6984944,0.000302,0.04978
DCAF16,-1.0017737,0.000309,0.04978
BTBD1,-1.0245567,0.000301,0.04978
FAM118A,-0.7831852,0.000313,0.04978
CD97,-1.0815312,0.000315,0.04978
FAM86FP,0.221,0.0231,0.0498
ZNF611,-0.202,0.0231,0.0498
SNX6,-0.154,0.0231,0.0498
ZBTB44-DT,0.397,0.0231,0.0498
OSBPL11,-0.232,0.0231,0.0498
NAA15,0.14,0.0231,0.0498
LOC101059948,0.12937454,0.00698,0.0498319
BTBD7,0.18864386,0.00698,0.0498441
IFNL1,-0.12207701,0.00699,0.0498908
RNF10,-0.11,0.0231,0.0499
IL23R,0.13265669,0.007,0.0499119
PRR3,-0.15784303,0.007,0.0499135
PNPLA7,0.48294541,0.007,0.0499367
TCL1A,-0.17908948,0.00701,0.049964
LOC102724727,0.321,0.0232,0.05
ATP5J2,-0.21372248,0.00703,0.0500523
CBX3,0.30239831,0.00703,0.0500523
ANKMY1,0.10730616,0.00703,0.0500523
UPK3B,-0.715,0.0233,0.0501
LOC107984903,0.391,0.0232,0.0501
UBAC2,0.0982,0.0232,0.0501
TNK1,-0.236,0.0233,0.0501
TAPBPL,-0.256,0.0232,0.0501
CNTN2,0.10134772,0.00705,0.0501017
DUSP14,0.43336652,0.00705,0.0501454
SBK1,-0.26049805,0.00706,0.0501558
RFC5,0.107,0.0233,0.0502
ZNF280C,0.151,0.0233,0.0502
ING3,0.142,0.0233,0.0502
IGHV3-20,-0.615,0.0233,0.0502
LINC01364,-0.11671559,0.00707,0.0502177
KCTD18,-0.2052638,0.00707,0.0502592
MRPL11,-0.19423015,0.00708,0.0502736
CNGA3,0.14948148,0.00708,0.0502736
KIAA0586,0.133,0.0234,0.0503
DIAPH1-AS1,0.24,0.0234,0.0503
PHETA1,-0.365,0.0234,0.0503
ANKS1A,-0.145,0.0234,0.0503
IFT27,-0.149,0.0233,0.0503
CRK,-0.19655408,0.00709,0.050318
EYA1,0.11370054,0.0071,0.0503563
C11ORF97,-0.16651924,0.00711,0.0503979
POU5F1P3,-0.381,0.0234,0.0504
C8ORF37-AS1,-0.09042051,0.00712,0.0504672
H3C3,-0.643,0.0235,0.0505
LOC105379343,0.314,0.0235,0.0505
POMGNT2,-0.268,0.0234,0.0505
SBDSP1,0.24198707,0.00714,0.0505469
TWF1,-0.16166611,0.00714,0.0505647
FIGLA,-0.10627292,0.00715,0.0505944
GOLGA8T,0.177,0.0235,0.0506
DTHD1,-0.37,0.0235,0.0506
ARMH3,0.0928,0.0235,0.0506
SNX1,0.104,0.0235,0.0506
PCDHA2,0.16528993,0.00715,0.0506073
UGP2,-0.38510401,0.00715,0.0506073
LOC100996263,-0.15527197,0.00716,0.050638
LOC100132214 /// RASA4 /// RASA4B /// RASA4P,-0.6443002,0.000333,0.05065
HBZ,-0.13490574,0.00716,0.0506519
DNAJB4,-0.22001065,0.00717,0.0506575
MAGI1-AS1,0.285,0.0236,0.0507
DPP8,0.117,0.0236,0.0507
PPFIA2,0.226,0.0236,0.0507
TSC22D1-AS1,-0.357,0.0236,0.0507
TRIM26,-0.187,0.0236,0.0507
ACTG1P25,0.344,0.0236,0.0507
PPP2R2C,0.12065294,0.00718,0.0507218
MED11,-0.15281477,0.00718,0.0507452
KIAA1033,-0.15655291,0.00719,0.0507862
GPSM2,0.102,0.0236,0.0508
EXOSC7,-0.136,0.0237,0.0508
PON2,-0.34251741,0.00719,0.0508082
NACAP1,-0.23872577,0.00721,0.0508835
OR6K6,0.1161079,0.00721,0.0508845
SP2-DT,0.26,0.0237,0.0509
BLOC1S5,-0.22544718,0.00723,0.0509838
TOMM20,0.159,0.0238,0.051
NRAP,0.244,0.0237,0.051
VPS13B,0.128,0.0237,0.051
C4ORF45,0.42,0.0238,0.051
CADM1,0.165,0.0237,0.051
NT5DC3,0.203,0.0238,0.051
PDE11A,0.14495051,0.00724,0.0510186
MBD2,-0.19935237,0.00724,0.0510428
TM9SF2,-0.1858279,0.00725,0.0510756
XKR5,0.10420295,0.00725,0.05108
RBBP9,-0.19413881,0.00725,0.0510829
KRTAP9-8,0.12724892,0.00726,0.0510941
SIDT2,-0.194,0.0238,0.0511
RAI1-AS1,-0.427,0.0238,0.0511
LSM14A,0.0931,0.0238,0.0511
CNPY3-GNMT,0.426,0.0238,0.0511
JARID2,-0.108,0.0238,0.0511
IRF9,-0.39042846,0.00726,0.0511039
IRX5,0.11463113,0.00726,0.0511162
EXOSC1,-0.22211762,0.00727,0.05114
ZNF500,-0.254,0.0239,0.0512
MT2A,-0.464,0.0238,0.0512
PCID2,0.11,0.0238,0.0512
ITIH4,1.2388959,0.00034,0.05122
LOC100506076,-0.266,0.0239,0.0513
LINC01301,0.367,0.0239,0.0513
TPTE2P5///SUGT1P3,0.13526317,0.0073,0.0513318
YIPF6,0.139,0.024,0.0514
MPPE1,0.0994,0.0239,0.0514
COX16,0.188,0.024,0.0514
LOC105378512,0.183,0.024,0.0515
GOLGA4,0.135,0.024,0.0515
LOC102723533,0.331,0.024,0.0515
ZNF800,0.25647909,0.00735,0.0515402
ASPDH,-0.401,0.0241,0.0516
SPATA24,-0.248,0.0241,0.0516
C1QL1,-0.11816437,0.00736,0.0516255
LOC102723838,-0.21041411,0.00736,0.051626
SMKR1,0.11377154,0.00738,0.0516925
LOC105374127,-0.433,0.0241,0.0517
C6ORF226,-0.383,0.0241,0.0517
YJU2,-0.285,0.0241,0.0517
ZNF23,-0.18845859,0.00739,0.0517705
LOC105369594,0.385,0.0242,0.0518
GABPB2,0.27262707,0.0074,0.0518068
IL17REL,0.13340819,0.0074,0.0518068
YIPF5,-0.22396274,0.00741,0.0518531
SCIMP,-0.179,0.0242,0.0519
ZNF44,0.153,0.0242,0.0519
CRYBA1,0.312,0.0242,0.0519
TTC32,0.216,0.0242,0.0519
ZNF187,-0.658952,0.000354,0.05194
FAM46B,-1.0058735,0.000358,0.05194
IKBKAP,0.18838939,0.00743,0.0519404
BRPF3,0.24895471,0.00744,0.0519424
LOC105379362,-0.31306524,0.00743,0.0519424
RNF222,0.11439457,0.00743,0.0519424
AURKAPS1,0.13042461,0.00744,0.0519469
RHOXF2B,0.16155944,0.00744,0.0519691
PRORP,0.131,0.0243,0.052
PDK4,0.295,0.0243,0.052
TTC8,-0.18924075,0.00746,0.0520003
HCCS,0.20270244,0.00746,0.0520003
THYN1,-0.17594713,0.00746,0.0520003
SMDT1,0.16448059,0.00747,0.0520113
RPP21,-0.366,0.0243,0.0521
LOC107985733,-0.324,0.0243,0.0521
HEMGN,0.10079498,0.00749,0.0521321
LOC101928438,-0.14201529,0.0075,0.0521425
SAGE1,0.10727324,0.0075,0.0521601
SF3B6,-0.20550572,0.00751,0.0521829
IPMK,0.119484,0.00751,0.0521835
LOC105375740,0.241,0.0244,0.0522
TK1,-0.425,0.0244,0.0522
NRTN,-0.464,0.0244,0.0522
LOC107987245,0.177,0.0244,0.0522
KIAA1191,0.147,0.0244,0.0523
ARF5,-0.277,0.0245,0.0523
CATSPER2P1,0.255,0.0245,0.0523
TENM1,0.26,0.0244,0.0523
PCDHAC2,-0.14811113,0.00753,0.0523013
CYP2A6 /// CYP2A7,1.9226039,0.000363,0.05234
LKAAEAR1,-0.16397427,0.00754,0.0523439
CYP4A22,0.218,0.0245,0.0524
UAP1,0.225,0.0245,0.0524
PABPC1L2B,0.14377743,0.00755,0.052409
ZNF626,-0.19221963,0.00755,0.0524102
ALDH1L1,1.3681433,0.000366,0.05246
PORCN-DT,0.45,0.0246,0.0526
FBXO30,-0.16945935,0.0076,0.0526266
PAN2,0.34692002,0.00761,0.0526768
WFDC3,-0.15647908,0.00761,0.0526777
LOC101929897,0.09805258,0.00761,0.0526903
LOC105369151,-0.521,0.0247,0.0527
RAD23A,-0.307,0.0246,0.0527
SUPT16H,0.0895,0.0247,0.0527
EMX1 /// TARS2,0.8226156,0.000376,0.05273
NARFL,0.6119804,0.000375,0.05273
TBC1D24,0.27059196,0.00763,0.0527594
DMBT1,0.11274054,0.00764,0.0527671
TMEM269,0.496,0.0247,0.0528
FTH1,0.226,0.0247,0.0528
LRP2BP,0.157,0.0247,0.0528
BBS12,-0.276,0.0247,0.0528
LINC02701,0.383,0.0247,0.0528
TPRG1,0.15666781,0.00766,0.0528652
GPR153,0.1384365,0.00766,0.0528652
GLIPR1,-0.37243256,0.00766,0.0528721
RAP2C-AS1,0.181,0.0248,0.0529
BEND7,0.103,0.0248,0.0529
HOTAIRM1///HOXA2,0.12681821,0.00768,0.052966
LOC101929411,-0.0934325,0.00768,0.0529717
RNF144A,0.21341725,0.00769,0.0529794
RNF152,0.34350208,0.00769,0.0529923
CCK,-0.36529239,0.00769,0.0529923
LOC105377871,0.295,0.0248,0.053
RSPH3,0.0993,0.0248,0.053
TSPAN16,0.10222719,0.0077,0.0530041
GPR20,-0.16305642,0.0077,0.0530379
FAM53A,-0.17881115,0.00771,0.0530379
PAK5,0.11136828,0.00771,0.0530568
LOC102723665///LCOR,0.13759232,0.00771,0.053067
ZNF566,0.136,0.0249,0.0531
HEATR5A-DT,0.31,0.0249,0.0531
CXORF40A,-0.17862046,0.00772,0.0531129
MEIS2,-0.11791197,0.00772,0.0531129
AKR1A1,-0.17685762,0.00772,0.0531129
IL17RA,-0.165,0.0249,0.0532
WDSUB1,0.147,0.0249,0.0532
ZNG1B,0.118,0.0249,0.0532
EBLN2,0.25391062,0.00774,0.053204
SLC28A3,-0.418,0.025,0.0533
C3ORF49,0.324,0.025,0.0533
LOC105370563,0.296,0.025,0.0533
MIR612,-0.493,0.025,0.0533
DZIP3,0.136,0.025,0.0533
TRMT61B,0.119,0.025,0.0533
LOC105375387,0.536,0.025,0.0533
ZRANB2,0.149,0.025,0.0533
MED30,0.26458658,0.00778,0.0533497
RGPD3 /// RGPD4,1.3761406,0.000386,0.05341
TNNI2,-0.22063858,0.00781,0.0534943
LOC105379316,0.562,0.0251,0.0535
LOC105372279,0.175,0.0251,0.0535
SMARCA5,-0.2501438,0.00782,0.0535319
CALD1,0.53904719,0.00782,0.0535319
ESPNL,0.63366677,0.00782,0.0535319
TCF12,-0.7047,0.000388,0.05355
RAB11FIP4,-0.12528046,0.00783,0.0535803
TMEM255B,0.12213581,0.00783,0.0535803
H1-2,-0.3,0.0252,0.0536
EIF3L,0.155,0.0251,0.0536
MST1L,-0.265,0.0251,0.0536
MTDH,0.144,0.0252,0.0536
SNORA63D,-0.548,0.0252,0.0536
MAP1LC3B2,-0.314,0.0251,0.0536
AADACL2-AS1,0.505,0.0252,0.0536
FAM86C1,-0.17401536,0.00784,0.053613
ZDHHC14,0.25784744,0.00784,0.0536232
STAC3,-0.263,0.0252,0.0537
APLP2,0.137,0.0252,0.0537
LOC107984302,0.361,0.0252,0.0537
LOC91450,-0.511,0.0252,0.0537
RNF123,-0.25,0.0252,0.0537
SRSF8,-0.19519962,0.00786,0.0537105
BEND4,-0.16022168,0.00787,0.0537364
LOC102725180,-0.447,0.0253,0.0538
BCL2L2,0.12,0.0253,0.0538
IFNGR1,-0.228,0.0253,0.0538
CKLF-CMTM1,-0.235,0.0253,0.0538
PFDN2,-0.17959469,0.00789,0.0538279
AGTR2,0.15435265,0.0079,0.0538574
LOC285422,-0.11060814,0.00791,0.0538904
PDZD2,0.11491981,0.00791,0.0538981
SNX33,0.27487074,0.00791,0.0538981
PLEKHG6,-0.325,0.0254,0.0539
ZNF283,0.189,0.0254,0.0539
LOC107986762,-0.449,0.0253,0.0539
CLSTN3,-0.193,0.0253,0.0539
DMTF1-AS1,0.34,0.0253,0.0539
OSBPL2,-0.111,0.0253,0.0539
TLE2,0.31082737,0.00791,0.0539051
CMSS1,0.14008266,0.00792,0.0539087
ELK4,-0.12737214,0.00792,0.0539391
CYP2S1,-0.12638238,0.00793,0.0539663
DEFB119,-0.16088087,0.00794,0.0539825
AP1M1,-0.251,0.0254,0.054
SLC35E4,-0.294,0.0254,0.054
VAMP4,0.127,0.0254,0.054
LOC101927226,0.379,0.0254,0.054
SNX32,-0.399,0.0254,0.054
ZCCHC12,-0.14514657,0.00794,0.0540062
FAM26D,0.09699213,0.00794,0.0540119
OR5AN1,0.10486349,0.00795,0.0540119
KRT32,-0.12966213,0.00795,0.0540192
ARHGAP11A,-0.11633134,0.00795,0.0540349
AMZ1,0.11370841,0.00796,0.0540846
MTMR3,0.0935,0.0255,0.0541
LOC105372521,0.343,0.0255,0.0541
GPR63,0.512,0.0255,0.0541
HCFC2,0.111,0.0255,0.0541
ZIC1,0.375,0.0255,0.0541
LOC105370661,-0.584,0.0255,0.0541
LOC105376322,-0.426,0.0255,0.0541
C17ORF47,-0.17352718,0.00798,0.0541545
CYB5RL,-0.16340291,0.00799,0.0541765
FBXL12,-0.131853,0.00799,0.0541765
ADPGK,0.2055941,0.00799,0.0541979
KLK5,-0.15006038,0.008,0.0541998
TLK2,0.0779,0.0255,0.0542
UQCRFS1-DT,0.463,0.0255,0.0542
COX2,-0.355,0.0255,0.0542
C1ORF87,0.09623963,0.008,0.0542064
RSRC2,-0.7088483,0.000399,0.05423
PPP1CB,-0.6106624,0.000401,0.05428
THBS3,-0.161,0.0256,0.0543
SREK1,0.119,0.0256,0.0543
PSMA5,-0.20723119,0.00803,0.0543215
DMRT2,0.15574971,0.00804,0.0543869
MTUS2,0.45,0.0256,0.0544
YIF1A,-0.391,0.0256,0.0544
H4C3,-0.329,0.0257,0.0544
MORC4,-0.19911715,0.00806,0.0544417
SP2,0.17039264,0.00806,0.0544417
STAT3,0.37852907,0.00806,0.0544545
LOC284336///POU2F2,0.14601931,0.00806,0.0544545
FAM76B,0.27686077,0.00807,0.0544927
CCDC115,-0.143,0.0257,0.0545
FRMD3,-0.24,0.0257,0.0545
LOC105369663,0.176,0.0257,0.0545
BPHL,0.178,0.0257,0.0545
LOC105375435,0.31,0.0257,0.0545
NOL4,0.438,0.0258,0.0546
SLC5A6,-0.301,0.0258,0.0546
CFP,-0.51,0.0258,0.0546
SCUBE3,-0.252,0.0258,0.0546
COMMD3-BMI1,0.145,0.0258,0.0546
LOC105378419,0.409,0.0258,0.0546
NAP1L2,0.13162437,0.0081,0.0546193
WSCD1,-0.16071973,0.0081,0.0546193
SPANXN1,0.1138547,0.0081,0.0546193
SOGA3,0.11300484,0.00812,0.0546974
LOC101929710,0.403,0.0258,0.0547
NIPSNAP3B,-0.22277578,0.00814,0.0547957
SETX,0.22800389,0.00815,0.0547981
GADD45GIP1,-0.343,0.0259,0.0548
OR9Q1,0.10634288,0.00816,0.0548359
MRE11,0.129,0.0259,0.0549
TBC1D31,-0.149,0.0259,0.0549
BHMT2,0.153,0.0259,0.0549
PRELID3A,-0.18671129,0.00817,0.0549192
TMEM238L,0.333,0.026,0.055
MZF1-AS1,-0.24,0.026,0.055
CLN3,-0.266,0.026,0.055
NKRF,0.131,0.026,0.055
INTS15,-0.188,0.026,0.055
ANO6,0.175,0.026,0.055
CYP21A1P,-0.405,0.026,0.0551
CDIPT,-0.28,0.026,0.0551
IGBP1P1,0.302,0.026,0.0551
LPEQ6126,-0.425,0.026,0.0551
EIF4E3,-0.28363481,0.00822,0.0551464
ZFP64,0.14059967,0.00822,0.0551686
DGKB,0.11961993,0.00823,0.0551688
SYAP1,0.162,0.0261,0.0552
ZC2HC1A,-0.248,0.0261,0.0552
H1-10-AS1,-0.423,0.0261,0.0552
CX3CL1,-0.298,0.0261,0.0552
CCDC81,0.31,0.0261,0.0552
B3GNT9,-0.147,0.0261,0.0552
CIAO2B,-0.332,0.0261,0.0552
LOC107983950,-0.417,0.0261,0.0552
RPSAP58,-0.14296325,0.00824,0.055222
ELP5,0.24559039,0.00825,0.0552502
THRA,-0.25700862,0.00825,0.0552673
ZNF17,0.16287401,0.00826,0.0553005
BSND,-0.13532779,0.00826,0.0553005
GRB7,-0.09636535,0.00826,0.05531
MYL1,0.10425846,0.00827,0.0553723
IDH2,-0.293,0.0262,0.0554
CCT6P1,0.177,0.0262,0.0554
UBL4A,-0.272,0.0262,0.0554
GSTM2,-0.26465349,0.00828,0.0554171
RAB33B,0.174,0.0263,0.0555
TIAM1-AS1,0.432,0.0263,0.0555
LOC105371998,-0.347,0.0263,0.0555
FLVCR2-AS1,-0.427,0.0262,0.0555
PWARSN,0.198,0.0263,0.0555
ZCRB1,0.16,0.0263,0.0555
ADD3,-0.27815987,0.0083,0.055501
HERC2P2,0.1270109,0.00831,0.0555422
KIF2A,-0.154,0.0264,0.0556
CCDC14,0.175,0.0263,0.0556
CFAP57,0.287,0.0263,0.0556
HEATR4,0.332,0.0263,0.0556
SVOP,0.379,0.0263,0.0556
LOC101927872,0.447,0.0263,0.0556
TTTY4C,-0.12735534,0.00833,0.0556133
BTBD10,-0.220341,0.00834,0.0556335
HGC6.3,0.09634357,0.00835,0.0556725
BMX,-0.15534031,0.00835,0.0556865
LOC105378450,0.354,0.0264,0.0557
CEACAM1,0.179,0.0264,0.0557
LOC107986304,0.337,0.0264,0.0557
RCE1,-0.20823238,0.00836,0.055711
UHRF1BP1L,0.16538103,0.00836,0.0557125
TRIO,-0.114,0.0264,0.0558
CELSR1,-0.1485853,0.00838,0.0558277
VAMP1,-0.15084936,0.0084,0.05587
MMGT1,-0.21683407,0.0084,0.05587
ENHO,-0.394,0.0265,0.0559
LOC107985381,0.276,0.0265,0.0559
LOC105370871,0.283,0.0265,0.0559
GRHL3-AS1,0.385,0.0265,0.0559
TCF20,-0.0983,0.0265,0.0559
LOC100132661,0.13705798,0.00841,0.0559319
TMEM107,-0.22373477,0.00842,0.0559501
ARHGAP22,-0.21991854,0.00842,0.055961
ZNF557,-0.13616748,0.00844,0.0560336
HNF4A,0.18483599,0.00844,0.0560573
LEPROTL1,-0.205,0.0266,0.0561
BCL7A,-0.178,0.0266,0.0561
TTTY6,0.13273709,0.00845,0.0561141
GTPBP8,-0.18071495,0.00846,0.0561294
CHCHD10,0.910741,0.000424,0.05614
PPP3CA,0.152,0.0267,0.0562
FADD,-0.266,0.0267,0.0562
LINC02336,0.895,0.0267,0.0562
ZNF772,0.138,0.0267,0.0562
RPF2,0.132,0.0268,0.0563
LETR1,-0.271,0.0267,0.0563
DYSF,-0.243,0.0267,0.0563
UBOX5,-0.197,0.0267,0.0563
JAM3,-0.246,0.0268,0.0563
PPIB,-0.1969757,0.00852,0.0563632
STATH,0.12760707,0.00852,0.0563701
RAB2A,0.163,0.0268,0.0564
FLRT2,-0.33883564,0.00855,0.0564684
ANXA8,-0.10511154,0.00856,0.0564872
GSTA4,-0.40486169,0.00856,0.0564872
RTRAF,0.131,0.0268,0.0565
ZNF75D,0.111,0.0269,0.0565
AKAP13,0.37353413,0.00857,0.0565543
HIF3A,0.10620541,0.00858,0.056562
C7ORF77,-0.11387991,0.00859,0.0565801
MLC1,-0.15066452,0.0086,0.0565857
SPSB4,-0.17935064,0.0086,0.0565857
COL9A1,-0.16745865,0.0086,0.0565857
WWOX,0.144,0.0269,0.0566
PSMD9,-0.182,0.0269,0.0566
ARHGAP44,-0.234,0.0269,0.0566
ANTXRLP1,-0.538,0.0269,0.0566
CAST,0.118,0.0269,0.0566
ZNF80,-0.524,0.0269,0.0566
CD101,-0.181,0.0269,0.0566
LOC105371094,0.312,0.027,0.0567
SLC66A2,-0.326,0.027,0.0567
DYNLT2,0.18,0.027,0.0567
ATP6V1B1,-0.14464634,0.00862,0.056702
NQO1,-1.31605853,0.00863,0.0567533
APOBEC4,0.1195698,0.00864,0.0567555
BOLL,0.1139128,0.00864,0.0567555
HEXB,-0.26547406,0.00865,0.0567697
RTKN,0.21026254,0.00865,0.0567697
GPR155,0.115,0.027,0.0568
LOC107986630,0.393,0.027,0.0568
ATOX1-AS1,0.286,0.027,0.0568
SHMT2,0.19464465,0.00866,0.0568048
GJC3,-0.1436999,0.00866,0.0568048
FOXS1,-0.12607526,0.00868,0.0568532
ALCAM,0.15,0.0271,0.0569
LOC105373925,0.207,0.0271,0.0569
LINC02888,0.421,0.0271,0.0569
NBPF25P,0.123,0.0271,0.0569
SPON1,-0.367,0.0271,0.0569
CAMK2A,0.15245827,0.00869,0.0569296
ABHD1,0.41728088,0.00869,0.0569411
RSPH10B,0.07839656,0.0087,0.0569699
CHCHD3,-0.6470597,0.000433,0.05699
ZNF639,0.127,0.0271,0.057
LOC107986694,-0.154,0.0271,0.057
RNF165,0.54412278,0.00871,0.0570108
PSMA8,0.12077841,0.00872,0.0570417
COX6B1,-0.17903744,0.00872,0.0570495
BCAS2,-0.14828895,0.00872,0.0570495
MORF4L1,-0.21525408,0.00873,0.0570541
SRD5A3,-0.11712188,0.00873,0.0570689
OTUD6A,0.13510785,0.00874,0.057091
GALNT7-DT,-0.335,0.0272,0.0571
LOC102724768,0.366,0.0272,0.0571
RTF2,-0.14,0.0272,0.0571
ATP5MC2,-0.204,0.0272,0.0571
EXOC3L4,-0.37,0.0272,0.0571
PDZRN3,-0.327,0.0272,0.0571
YY1AP1,0.24868582,0.00874,0.057108
OR10J3,0.13852052,0.00874,0.057108
UBE2W,0.17953566,0.00875,0.0571536
H3C10,-0.581,0.0273,0.0572
LRATD2,0.149,0.0273,0.0572
ENDOU,0.31,0.0273,0.0572
LINC00885,-0.42,0.0273,0.0572
CFAP210,0.297,0.0273,0.0572
CCNB2,-0.297,0.0272,0.0572
ZNF440,0.112,0.0272,0.0572
GPR75-ASB3,0.137,0.0272,0.0572
RBM14-RBM4,-0.177,0.0273,0.0572
FAM35A,0.18248035,0.00877,0.0572256
CAMK1,0.32691638,0.00877,0.0572256
DDX3X,0.35369524,0.00878,0.0572615
CD9,0.12061453,0.00878,0.0572615
HSD11B2,-0.16598378,0.00878,0.0572615
MT4,0.11118794,0.00878,0.0572615
CCDC65,-0.14655197,0.00878,0.0572615
PTPRJ,0.128,0.0273,0.0573
ANKRD44-IT1,-0.255,0.0273,0.0573
STT3A-AS1,0.384,0.0273,0.0573
GPX6,0.12414826,0.00879,0.0573156
C19ORF43,-0.25742847,0.0088,0.057316
WDR82,-0.9233324,0.000439,0.05739
TCTN2,-0.14782844,0.00882,0.0574317
DNAJC28,0.34920584,0.00883,0.0574547
TMEM231,-0.15187305,0.00884,0.0574841
RAB10,0.147,0.0274,0.0575
TSEN2,0.132,0.0274,0.0575
ACTA2-AS1,-0.524,0.0275,0.0575
RSL1D1,-0.2801584,0.00885,0.0575217
KLHL3,-0.224,0.0275,0.0576
HASPIN,-0.5,0.0275,0.0576
POLE,0.31289782,0.00888,0.0576743
WRNIP1,0.16842097,0.00888,0.0576743
CAPN8,-0.14905086,0.00888,0.0576743
LOC105376278,-0.371,0.0275,0.0577
NLK,0.105,0.0276,0.0577
UBQLNL,0.356,0.0275,0.0577
LOC107986423,0.421,0.0276,0.0577
PCDHGA10,0.12403521,0.0089,0.0577073
FAM102A,0.61441065,0.00891,0.0577203
AKIRIN2,0.19446758,0.00891,0.057722
KHDRBS1,-0.227518,0.00891,0.057722
MCM3AP,0.19708385,0.00891,0.057722
TRO,-0.28890278,0.00893,0.0577539
CT45A3,0.08843201,0.00893,0.0577539
ADAM29,0.14050598,0.00894,0.0577949
POTEI,0.10661328,0.00894,0.0578077
GTF3C6,-0.38572393,0.00895,0.0578193
LOC105370577,-0.481,0.0276,0.0579
WASHC2A,-0.0836,0.0277,0.0579
LINC00563,0.464,0.0277,0.0579
EMD,-0.264,0.0277,0.058
LOC399900,0.354,0.0277,0.058
FMC1,-0.277,0.0277,0.058
OR4D2,-0.16640932,0.009,0.0580106
SERPINA5,1.0483545,0.000461,0.05805
PHF5A,-1.3855816,0.000456,0.05805
ACTR2 /// LOC284441,-1.1613756,0.000458,0.05805
PCED1B,-0.48532913,0.00902,0.0580994
ROPN1B,0.397,0.0278,0.0581
SLC2A11,-0.13527669,0.00902,0.0581006
ZP4,0.09720584,0.00903,0.0581416
HAUS3,0.124,0.0278,0.0582
SNAP23,-0.19173662,0.00905,0.0582737
NHS,-0.269,0.0279,0.0583
IQCK,-0.39061263,0.00906,0.0583014
KPTN,-0.13166334,0.00907,0.058321
PDE6A,0.13713541,0.00909,0.0583821
FAM49B,-0.15391962,0.0091,0.0583881
CLDN14-AS1,0.374,0.0279,0.0584
STARD3NL,-0.18,0.0279,0.0584
SEMA5A,0.155,0.0279,0.0584
LRRC4C,-0.238,0.0279,0.0584
SNORA21B,-0.396,0.0279,0.0584
MAP3K9,0.17,0.0279,0.0584
PGA3,0.34151377,0.0091,0.0584061
DMBX1,0.08999823,0.0091,0.0584061
METTL21B,-0.17476547,0.00911,0.0584083
PCDH9-AS2,0.164659,0.00912,0.0584602
LOC105379231,0.426,0.028,0.0585
TESK2,0.129,0.028,0.0585
ALOX12,0.12528535,0.00914,0.0585777
BVES,0.12945574,0.00915,0.0585777
MIR202HG,-0.10805758,0.00914,0.0585777
HABP4,-0.21159802,0.00915,0.058585
ADAM20P1,0.264,0.0281,0.0586
PCBP1,-0.16999268,0.00916,0.0586332
P2RX7,0.24622698,0.00917,0.058657
LRRTM2,0.13264515,0.00917,0.058657
WRAP53,0.164589,0.00918,0.0586853
FAM209A,0.08716446,0.00918,0.0586853
GM140,0.09982024,0.00919,0.058686
LOC107986415,0.32,0.0281,0.0587
LOC105370557,0.217,0.0281,0.0587
ST5,0.16052512,0.00921,0.058792
LINC00583,-0.10054002,0.00922,0.0587975
RNF149,0.2056567,0.00922,0.0587975
GNAL,0.132,0.0281,0.0588
LOC105378773,-0.739,0.0282,0.0588
GCN1,-0.168,0.0281,0.0588
MIR1248,0.513,0.0281,0.0588
WDR44,0.12,0.0282,0.0588
TMCO5A,-0.16627538,0.00923,0.0588183
C14ORF105,-0.24439921,0.00923,0.0588183
CCDC74A,-0.15048215,0.00924,0.0588518
PIGY,0.155,0.0282,0.0589
GLMP,-0.333,0.0282,0.0589
GBP4,-0.205,0.0282,0.0589
SIGMAR1,0.278,0.0282,0.0589
MRNIP,-0.183,0.0282,0.0589
MUC21,-0.20684435,0.00926,0.0589612
C18ORF8,0.18475634,0.00927,0.0589966
HOXA4,-0.388,0.0283,0.059
RMND5B,-0.178,0.0283,0.059
RHOBTB3,0.22,0.0283,0.059
OGDHL,-0.241,0.0283,0.059
RMRP,-0.472,0.0283,0.059
SCARB1,-0.284,0.0283,0.059
FNDC9,0.13789105,0.00928,0.0590703
ZNF329,-0.19364239,0.00929,0.059092
INHBC,0.11904867,0.00929,0.059092
PHC1,-0.105,0.0283,0.0591
LOC107985189,0.506,0.0283,0.0591
PARP9,0.173,0.0283,0.0591
SNORA81,0.5,0.0283,0.0591
SUMO1P1,0.1010913,0.00929,0.0591098
BOK-AS1,0.565,0.0284,0.0592
DOK5,-0.512,0.0284,0.0592
CYSLTR1,-0.353,0.0284,0.0592
CPT1B,-0.265,0.0284,0.0592
PXN,-0.163,0.0284,0.0592
TPSG1,-0.477,0.0284,0.0592
SLC16A12,0.10453748,0.00932,0.0592044
DUSP15,-0.13023845,0.00932,0.0592044
LOC102723561,0.575,0.0285,0.0593
LOC105373170,-0.351,0.0285,0.0593
LOC107984063,-0.259,0.0285,0.0593
LOC112268022,0.397,0.0285,0.0593
IP6K1,-0.205,0.0285,0.0593
LOC105375443,0.353,0.0285,0.0593
NPEPPS,0.131,0.0285,0.0593
SPRED1,-0.217,0.0285,0.0593
SNCB,0.10563775,0.00936,0.0593847
PCDHB15,-0.26,0.0285,0.0594
LINC01077,-0.15654101,0.00937,0.0594562
RILP,-0.21145749,0.00938,0.059505
AWAT1,0.12255354,0.00939,0.0595101
MIR217HG,0.1384572,0.0094,0.0595898
PCCA-DT,0.207,0.0286,0.0596
PLD4,-0.361,0.0286,0.0596
PYURF,0.154,0.0287,0.0596
OPRK1,0.11863387,0.00941,0.0596181
EEF1G,-0.29086443,0.00942,0.0596786
BPY2,0.1177846,0.00942,0.0596868
MIR4802,0.347,0.0287,0.0597
BMI1,0.144,0.0287,0.0597
LOC102724843,0.307,0.0288,0.0598
LOC102723458,0.289,0.0288,0.0598
LINC02193,0.29,0.0288,0.0598
KCNN3,-0.11425727,0.00946,0.0598267
GSTM2P1,0.14286288,0.00946,0.0598291
LOC112268122,0.291,0.0288,0.0599
NDUFA5,0.181,0.0288,0.0599
PLPP3,0.37185472,0.00947,0.0599029
ANKRD60,0.10941381,0.00948,0.0599623
MMP28,-0.12047228,0.00949,0.0599651
IL2RA,-0.603,0.0288,0.06
YOD1,0.19203326,0.0095,0.0600169
TMCO1-AS1,0.379,0.0289,0.0601
FLJ16779,-0.15521648,0.00953,0.0601306
LOC101927834,-0.492,0.029,0.0602
TRNI,0.596,0.029,0.0602
RBMS2,-0.9856899,0.000494,0.06021
RAB11FIP1,-0.15868764,0.00956,0.0602743
KCNK16,0.10010022,0.00957,0.0603213
REG3A,-0.12757653,0.00958,0.0603416
ZNF627,-0.20705339,0.00958,0.0603416
MTRR,0.44634401,0.00958,0.0603515
REXO2,0.2134799,0.00959,0.0603836
KDM3A,-0.25509718,0.00959,0.0603965
WDR83OS,-0.274,0.0291,0.0604
DCLRE1C,-0.137,0.0291,0.0604
LOC105379271,0.352,0.0291,0.0604
OXSR1,0.105,0.0291,0.0604
CASC15,-0.396,0.0291,0.0604
OR52K1,0.16338728,0.0096,0.0604015
C10ORF25,-0.14098044,0.00961,0.0604083
HSD17B2,-0.30720535,0.00961,0.0604083
SNORA25 /// TAF1D,-0.916662,0.000499,0.06041
HNRNPA1 /// HNRNPA1L2 /// HNRPA1L-2 /// LOC644037,-0.968815,0.0005,0.06041
DIEXF,0.3323587,0.00961,0.0604185
VSTM1,0.11613135,0.00963,0.060479
CALM2,-0.20772393,0.00963,0.060479
GPHA2,0.408,0.0292,0.0605
MIF-AS1,-0.478,0.0292,0.0605
LOC107984561,0.271,0.0292,0.0605
LOC105373636,0.426,0.0291,0.0605
HS1BP3-IT1,-0.468,0.0292,0.0605
EIF1B,-0.24815201,0.00964,0.0605419
PPP1R10,0.52259063,0.00965,0.0605419
SEMA3D,-0.7221647,0.000503,0.06055
ZNF516,0.15289666,0.00965,0.0605504
IFI44,-0.54952396,0.00965,0.0605627
NMB,-0.26995549,0.00966,0.0605637
SLC25A42,-0.276,0.0292,0.0606
GPX2,-1.42554229,0.00967,0.0606047
AMBN,0.11162532,0.00968,0.060643
NLRP7,-0.12763104,0.00968,0.060643
PPP1R2,-0.24378734,0.00968,0.0606453
SET,-0.27317661,0.00969,0.060659
DNMT3L,1.1047044,0.0097,0.0606694
LOC105375151,0.344,0.0293,0.0607
SLC27A2,0.233,0.0293,0.0607
LOC105374090,0.329,0.0292,0.0607
SCRT1,0.12861039,0.00971,0.0607585
LOC107985405,-0.241,0.0293,0.0608
ASAP3,-0.238,0.0293,0.0608
LOC105377743,-0.495,0.0293,0.0608
SPESP1,0.12304547,0.00973,0.0608188
DPP4-DT,0.382,0.0294,0.0609
NPAS1,-0.24892214,0.00976,0.0609274
CDY1B,0.11011703,0.00976,0.0609274
AK6,-0.1911864,0.00978,0.0609985
CACNA1E,0.12951046,0.00978,0.0609988
SREK1IP1,0.13,0.0295,0.061
TUSC2,-0.18997221,0.00978,0.0610151
KCNG3,0.11239553,0.00978,0.0610199
LINC00539,-0.36,0.0295,0.0611
SNHG19,-0.315,0.0295,0.0611
PIP4P1,-0.157,0.0295,0.0611
KRCC1,0.135,0.0295,0.0611
GBF1,0.14628331,0.00981,0.0611232
CDC123,-0.16873733,0.00981,0.0611587
TTTY11,0.16039592,0.00982,0.0611604
MAST3,-0.26,0.0295,0.0612
LOC105374063,0.347,0.0296,0.0612
KREMEN1,0.10412145,0.00983,0.0612098
GALNT8,0.10224648,0.00983,0.061211
CT47A6,0.11309903,0.00984,0.0612666
LOC105377286,0.369,0.0296,0.0613
LOC112268430,0.276,0.0296,0.0613
MLYCD,0.175,0.0296,0.0613
IQCH,0.201,0.0296,0.0613
USP14,0.136,0.0296,0.0613
RBMX,0.0914,0.0296,0.0613
HNRNPA1L2,-0.14647799,0.00986,0.0613265
ZBED6CL,0.1906102,0.00987,0.061372
CSNK2B,-0.17032576,0.00987,0.061372
FBXO31,0.29665844,0.00988,0.0613903
DCAF4,-0.146,0.0297,0.0614
C4ORF46,-0.207,0.0297,0.0614
SATL1,0.204,0.0297,0.0614
TOPORS,0.116,0.0297,0.0614
NDUFA10,0.0977,0.0296,0.0614
PPIL2,-0.194,0.0296,0.0614
IGSF1,0.15705494,0.00989,0.0614354
LOC105370412,0.35,0.0297,0.0615
AUNIP,0.157,0.0297,0.0615
BNIP1,-0.16582609,0.00991,0.0615078
AGRP,-0.13638924,0.00991,0.0615078
FBXO32,-0.28277335,0.00993,0.0615474
CHIC2,0.38020872,0.00992,0.0615474
PRKCDBP,-0.50945473,0.00993,0.0615687
BLID,0.341,0.0298,0.0616
FBXL20,0.0996,0.0298,0.0616
B4GALNT1,-0.14518668,0.00994,0.0616232
SYNC,-0.14405101,0.00995,0.0616281
NECTIN2,-0.358,0.0298,0.0617
RPS10,-0.238,0.0299,0.0617
LOC107987290,0.466,0.0299,0.0617
LIFR,-0.219,0.0298,0.0617
PDE9A,-0.13629772,0.00996,0.0617021
PEG10,-0.30932163,0.00997,0.0617329
TMOD4,0.13894691,0.00997,0.0617329
CLDN25,-0.14136042,0.00998,0.0617743
PCSK1N,-0.19331461,0.00998,0.061777
LOC107986798,-0.291,0.0299,0.0618
EIF5AL1,0.14778192,0.00999,0.061834
SV2C,0.498,0.03,0.0619
UBE2V1,0.09458431,0.01,0.0619064
ARFGAP3,0.34064509,0.01,0.0619374
FAM71D,0.09929456,0.01,0.0619632
TRIM66,0.10445213,0.01,0.0619803
SNAPC3,0.117,0.03,0.062
RXFP3,0.10156275,0.01,0.062031
SLC25A46,0.168,0.0301,0.0621
CNTN4,-0.258,0.0301,0.0621
ATL3,-0.144,0.0301,0.0621
C3ORF31,0.6101167,0.000522,0.06211
LINC01478,0.10154454,0.0101,0.0621718
LOC105379461,-0.343,0.0301,0.0622
TMED2,0.161,0.0301,0.0622
KLHL11,0.10902306,0.0101,0.0622844
PHACTR3,-0.337,0.0302,0.0623
EPX,-0.15622563,0.0101,0.0623195
PPIH,-0.31759647,0.0101,0.0623331
NMT1,0.26283293,0.0101,0.0623445
CTDSPL,-0.35997473,0.0101,0.0623683
CGB5,0.11404242,0.0101,0.0623766
METTL21A,0.117,0.0302,0.0624
LOC105371083,0.15617437,0.0101,0.0624001
SLC30A8,0.10935068,0.0101,0.0624216
LRMP,-0.21554922,0.0101,0.0624387
C11ORF49,0.10991503,0.0101,0.0624566
ALAS1,0.15156476,0.0102,0.0624921
GAST,-0.16971555,0.0102,0.0624921
IFNG-AS1,-0.469,0.0303,0.0625
LPP-AS1,0.301,0.0303,0.0625
SLC9A3R1,-0.23807486,0.0102,0.0625212
SPEF2,-0.14710879,0.0102,0.0625465
DENND4A,0.17503996,0.0102,0.0625628
MOCS3,0.10715748,0.0102,0.0626198
TUBGCP5,0.118,0.0304,0.0627
LOC105369571,-0.481,0.0304,0.0627
AMELY,-0.7943243,0.000533,0.06273
C1ORF38,-0.9940564,0.000532,0.06273
ZNF16,-0.15533952,0.0102,0.0627916
F2RL3,-0.26645353,0.0102,0.0627953
GRB2,-0.177,0.0305,0.0628
LOC107984833,-0.625,0.0305,0.0628
PLEK2,0.501,0.0305,0.0628
LINC00294,-0.143,0.0305,0.0628
GAPDHS,-0.293,0.0305,0.0628
LOC102723795,0.398,0.0304,0.0628
FBXO21,0.179,0.0305,0.0628
ENSA,-0.32670154,0.0102,0.0628319
LINC00603,-0.11124718,0.0102,0.0628481
NPIPB3,0.16006171,0.0102,0.0628776
LOC105373709,0.538,0.0305,0.0629
LOC105377276,0.419,0.0306,0.063
PLEKHA3,0.116,0.0305,0.063
SNHG21,0.225,0.0306,0.063
LOC102724591,0.38,0.0306,0.0631
TTC4,0.108,0.0307,0.0631
LOC100996756,0.259,0.0306,0.0631
LOC101929609,-0.338,0.0306,0.0631
POLB,-0.189,0.0307,0.0632
MIR3667HG,-0.367,0.0307,0.0632
PNMA8A,-0.5,0.0307,0.0632
TSNAX-DISC1,-0.132,0.0307,0.0632
NDUFA12,0.202,0.0307,0.0632
SFSWAP,0.10259784,0.0103,0.0632692
THTPA,-0.13484009,0.0103,0.0632723
LOC105378470,0.38699501,0.0103,0.0632827
DOK4,-0.287,0.0308,0.0633
TIMM50,-0.219,0.0308,0.0633
SLC25A21,0.388,0.0307,0.0633
TMEM185A,-0.145,0.0308,0.0633
ASB9P1,0.286,0.0308,0.0633
MED9,-0.244,0.0307,0.0633
PTRH2,0.116,0.0307,0.0633
CBWD2,0.12499501,0.0104,0.0633396
NFKBIZ,0.18373526,0.0104,0.063377
CCAR1,0.0845,0.0309,0.0634
IRS1,0.2,0.0308,0.0634
FGF19,-0.38893721,0.0104,0.0634065
B3GALNT1,0.11717701,0.0104,0.0634241
TTTY10,-0.14468879,0.0104,0.0634241
NANP,0.152,0.0309,0.0635
ST8SIA1,-0.448,0.0309,0.0635
C3ORF30,-0.10246961,0.0104,0.0635135
SOHLH2,0.12823914,0.0104,0.0635883
LOC105371312,-0.224,0.0309,0.0636
MROH8,0.177,0.0309,0.0636
OSBP2,-0.28,0.0309,0.0636
CXCL2,0.74656385,0.0104,0.0636298
LOC100190940,0.11890906,0.0104,0.0636687
ATP2B3,-0.14349376,0.0104,0.0636687
BET1L,-0.178,0.031,0.0637
EXOC5,0.158,0.031,0.0637
M1AP,-0.5,0.031,0.0637
LOC105375120,-0.467,0.031,0.0637
LOC103021295,0.237,0.031,0.0637
PDSS2,0.22977677,0.0105,0.0637959
ATP5MK,0.198,0.0311,0.0638
SSPOP,-0.492,0.0311,0.0638
ARFGEF2,0.103,0.0311,0.0638
MBOAT4,-0.382,0.0311,0.0638
PCDHA8,0.378,0.0311,0.0638
CRLF3,-0.25030663,0.0105,0.0638052
HAT1,-0.19842785,0.0105,0.0638067
CCR9,-0.16666378,0.0105,0.0638067
C10ORF128,-0.7724826,0.000546,0.06386
TWSG1,-0.188,0.0311,0.0639
CXCR1,-0.557,0.0311,0.0639
BLOC1S4,-0.261,0.0311,0.0639
AZGP1P1,0.252,0.0311,0.0639
MMP10,-0.16982548,0.0105,0.0639858
BMP4,-0.266,0.0312,0.064
SIK3,0.134,0.0312,0.064
IQCF3,0.1185748,0.0105,0.0640166
PACRG-AS1,-0.12432668,0.0105,0.0640531
HRAT56,0.10927537,0.0105,0.0640556
NRXN2,0.11068426,0.0106,0.0640556
ZFPL1,-0.332,0.0313,0.0641
NDUFAF4,-0.18133583,0.0106,0.0641048
FADS6,-0.13469266,0.0106,0.0641352
RBMS3-AS3,-0.14567271,0.0106,0.0641668
GSTZ1,0.74428338,0.0106,0.0642112
TCAF1,-0.16446426,0.0106,0.064247
NR0B1,0.1264401,0.0106,0.0642699
AHCY,0.212,0.0313,0.0643
ENDOG,-0.378,0.0314,0.0643
LINC03014,-0.323,0.0314,0.0643
TXLNB,-0.264,0.0314,0.0643
LOC107986020,0.359,0.0313,0.0643
CWH43,0.591,0.0313,0.0643
GTSF1L,0.11944117,0.0106,0.0643657
DHODH,0.58228236,0.0106,0.0643775
TRIM2,0.184,0.0314,0.0644
KLRC3,-0.372,0.0314,0.0644
SNRPB2,-0.22476339,0.0107,0.0644229
DUBR,0.10319331,0.0107,0.0644692
PRPH2,0.278,0.0315,0.0645
C9ORF91,-0.6671184,0.000557,0.06459
CCDC77,-0.128,0.0315,0.0646
HIF1A-AS3,-0.319,0.0315,0.0646
MIR5190,-0.412,0.0315,0.0646
TSC1,0.104,0.0315,0.0646
LINC02397,0.329,0.0316,0.0646
UNCX,0.10213724,0.0107,0.0646171
HSPA4,-0.20188023,0.0107,0.0646171
RPS3,-0.32238683,0.0107,0.0646498
SUCLG2,-0.2493795,0.0107,0.0646786
CACNA1C-IT2,0.11074955,0.0107,0.0646804
TRIM67,0.305,0.0316,0.0647
SCRG1,-0.38528995,0.0107,0.0647878
AKAP3,0.263,0.0316,0.0648
SNORD35A,-0.44,0.0317,0.0648
LOC105376633,0.09325013,0.0108,0.0648271
SNORD141A,-0.336,0.0317,0.0649
CTGF,-0.88818758,0.0108,0.0649096
MRGPRX1,0.13768435,0.0108,0.0649096
PDYN,-0.14000628,0.0108,0.0649315
TACR3,0.12972044,0.0108,0.0649356
ACR,0.10660881,0.0108,0.0649704
BRD4,0.17064111,0.0108,0.0649704
TMEM94,-0.291,0.0318,0.065
TP53,-0.11759476,0.0108,0.065024
LOC100130992,0.11890501,0.0108,0.0650342
SLC27A5,1.3045119,0.000565,0.06508
LOC101928228,-0.404,0.0318,0.0651
FUT5,0.11806914,0.0109,0.0651833
CCL7,0.09484283,0.0109,0.0651968
LINC00612,-0.287,0.0319,0.0652
USP54,0.113,0.0319,0.0652
PPP2R2A,0.142,0.0319,0.0652
PCDHA9,0.41,0.0319,0.0652
C2ORF15,-0.14754128,0.0109,0.0652001
CSGALNACT1,-1.4157638,0.000568,0.06524
RPS25,-0.21808901,0.0109,0.065279
PLA2R1,-0.297,0.0319,0.0653
LOC112268099,0.32,0.0319,0.0653
ST6GALNAC6,-0.276,0.0319,0.0653
PPP2R2D,0.112,0.032,0.0653
SEPTIN7,-0.174,0.032,0.0653
ANKFY1,0.19353251,0.0109,0.0653801
LGALS9C,-0.11612537,0.0109,0.065383
FAM174B,-0.233,0.032,0.0654
LINC01599,-0.358,0.032,0.0654
LOC107984210,0.237,0.032,0.0654
ZNRF3-AS1,0.329,0.032,0.0654
ILVBL,-0.303,0.032,0.0654
GHITM,0.18123669,0.0109,0.0654111
RNF34,-0.13451749,0.0109,0.0654389
KRT17P5,-0.11546591,0.0109,0.0654389
LINC01126,0.289,0.032,0.0655
LOC102724701,0.294,0.0321,0.0655
AP4B1-AS1,-0.142,0.032,0.0655
MINPP1,0.167,0.0321,0.0655
SNORD169,0.386,0.0321,0.0655
TNFSF4,0.244,0.0321,0.0656
MMP12,-0.63,0.0321,0.0656
MGLL,-0.322,0.0321,0.0656
CCDC28B,-0.218,0.0321,0.0656
ZBTB46-AS1,-0.478,0.0322,0.0656
PARTICL,-0.15773043,0.011,0.0656267
CREB1,0.102,0.0322,0.0657
ECSIT,-0.296,0.0322,0.0657
LOC105371742,0.456,0.0322,0.0657
LOC105374678,0.563,0.0322,0.0657
SDHAF3,0.181,0.0322,0.0657
LOC646214,0.358,0.0322,0.0657
VLDLR,-0.51242422,0.011,0.0657662
PACRGL,0.127,0.0323,0.0658
ART3,0.478,0.0323,0.0658
PCGF1,0.151,0.0322,0.0658
SNORA74B,-0.395,0.0323,0.0658
FAIM3,-1.857791,0.000583,0.06582
ICA1,-0.45698507,0.011,0.0658336
MED4-AS1,0.115,0.0323,0.0659
PTGR1,0.195,0.0323,0.0659
LOC100129175,0.486,0.0323,0.0659
CCNI,0.144,0.0323,0.0659
FAM86C1P,-0.185,0.0323,0.0659
SFRS5,1.3257258,0.000589,0.06598
HTR3D,0.15255768,0.0111,0.0659872
SPATA13,0.39434179,0.0111,0.0659872
ZFP30,-0.162,0.0324,0.066
BID,-0.13765286,0.0111,0.0660277
GON7,-0.23717467,0.0111,0.0660685
SNORA33,0.243,0.0324,0.0661
CTSB,-0.237,0.0325,0.0661
C12ORF56,0.14089665,0.0111,0.0661007
ZNF330,0.23974476,0.0111,0.0661775
TBC1D30,-0.34,0.0325,0.0662
USP49,0.148,0.0325,0.0662
PDLIM1,-0.173,0.0325,0.0662
LINC01231,0.11816379,0.0111,0.066268
PAK1IP1,0.35949705,0.0111,0.0662819
LOC101928525,-0.353,0.0326,0.0663
CENPH,-0.281,0.0326,0.0663
CCDC163,-0.36,0.0326,0.0663
LOC105369869,0.216,0.0326,0.0663
LZIC,0.112,0.0326,0.0663
HLF,0.222,0.0326,0.0663
NOMO1,-0.24386338,0.0112,0.066331
GSC,-0.11976501,0.0112,0.0663728
SARAF,0.136,0.0327,0.0664
SFT2D2,0.117,0.0326,0.0664
BOLA2B,-0.292,0.0327,0.0664
LINC02675,0.406,0.0326,0.0664
INTS7,0.139,0.0326,0.0664
TMTC4,0.18357518,0.0112,0.0664265
SUMO2,-0.24520789,0.0112,0.0664317
VPS26A,-0.1574999,0.0112,0.0664775
CAMSAP1-DT,0.218,0.0327,0.0665
PPIAL4C,0.11122922,0.0112,0.0665012
PRPS1L1,0.10430202,0.0112,0.0665415
FGFBP1,0.10879418,0.0112,0.0665445
ZNF414,-0.467,0.0328,0.0666
DTNBP1,-0.161,0.0328,0.0666
ZBED10P,0.217,0.0327,0.0666
FKBP1A,-0.28639457,0.0112,0.066611
TSNAXIP1,-0.1603236,0.0112,0.0666548
PTPN11,0.22365847,0.0113,0.0666964
WDR66,-0.23023824,0.0113,0.0666964
MTOR-AS1,-0.183,0.0328,0.0667
LOC105371475,0.298,0.0328,0.0667
C6ORF136,-0.15,0.0328,0.0667
CHRNA4,0.24984295,0.0113,0.0667163
MYLK2,0.11911407,0.0113,0.0667245
FIGF,-0.21187784,0.0113,0.0667245
RPL32,-0.17616112,0.0113,0.0667332
ARFIP1,0.14968061,0.0113,0.0667332
APLP1,-0.13181498,0.0113,0.0667349
FAM133B,0.119,0.0329,0.0668
GAS8-AS1,-0.451,0.0329,0.0668
LOC102724517,0.207,0.0329,0.0668
SNORA26,-1.6285856,0.000599,0.0668
PAF1,-0.165,0.0329,0.0668
PITX2,-0.11813623,0.0113,0.0668403
GALNTL6,0.755,0.0329,0.0669
LOC107986776,0.353,0.033,0.0669
LOC102723724,-0.408,0.033,0.0669
CLEC4F,-0.27066051,0.0113,0.0669654
EDEM3,0.136,0.033,0.067
PUS7L,0.131,0.033,0.067
HOXB13,0.1080579,0.0114,0.067057
FGFR4,-0.16877542,0.0114,0.0670689
LOC105371873,0.306,0.033,0.0671
LOC340107,0.09872067,0.0114,0.0671755
RNASEL,-0.27219915,0.0114,0.0671854
PTX3,-0.576,0.0331,0.0672
LOC112268276,0.267,0.0331,0.0672
CFLAR,0.0848,0.0331,0.0672
TOR1A,0.144,0.0332,0.0672
ARMCX3,-0.161,0.0331,0.0672
OPN3,0.188,0.0332,0.0672
FCRL5,-0.405,0.0331,0.0672
ZNF506,-0.166,0.0332,0.0672
LINC02033,0.379,0.0331,0.0672
WDR48,-0.6384059,0.000607,0.06722
HMBS,-0.184,0.0332,0.0673
MIR3936HG,0.196,0.0332,0.0673
FAM120A2P,-0.293,0.0332,0.0673
CYP46A1,0.23417927,0.0114,0.0673089
LINC01120,0.11679924,0.0114,0.0673297
SENP3,-0.18313944,0.0114,0.0673802
LOC105373305,0.363,0.0333,0.0674
SLC39A9,0.146,0.0333,0.0674
VSIG10L,-0.264,0.0333,0.0674
DNAJB6,-0.131,0.0333,0.0675
BISPR,0.272,0.0333,0.0675
CLEC12B,0.454,0.0333,0.0675
ZNF211,-0.27615796,0.0115,0.0675094
LOC100233156,-0.46,0.0334,0.0676
AQP7B,0.259,0.0334,0.0676
KIAA1012,0.6740922,0.000615,0.06766
GTPBP4,0.28973174,0.0115,0.067683
C12ORF76,-0.22279659,0.0115,0.067683
FIGNL2,0.42837158,0.0115,0.067683
EPHX1,0.286,0.0335,0.0677
HAGH,-0.305,0.0334,0.0677
PPP1R35-AS1,-0.344,0.0334,0.0677
RAI14-DT,0.418,0.0334,0.0677
SAPCD1-AS1,-0.247,0.0335,0.0677
KCNC4,0.12721513,0.0116,0.0677512
CYLD-AS1,-0.315,0.0335,0.0678
LOC105378604,-0.649,0.0335,0.0678
KMO,0.50625314,0.0116,0.0678498
NDUFB8,0.14164213,0.0116,0.067878
VTN,-0.295,0.0335,0.0679
FLVCR1,-0.192,0.0336,0.0679
CACNA1C-AS1,-0.4,0.0336,0.0679
UCMA,0.08505487,0.0116,0.0679093
GYS1,-0.12670142,0.0116,0.0679093
LCTL,-0.15595839,0.0116,0.0679594
TBC1D28,0.14760538,0.0116,0.0679844
GPR15,0.11899356,0.0116,0.0680379
RPIA,-0.17271526,0.0117,0.0680659
CEP85,-0.19715206,0.0117,0.0680944
LOC105375530,0.28,0.0337,0.0681
ZNF318,0.0874,0.0337,0.0681
ENTR1,-0.184,0.0337,0.0681
SURF4,-0.17024465,0.0117,0.0681173
TMEM154,-0.71352759,0.0117,0.068134
SOX18,-0.55568691,0.0117,0.0681469
CLIC4,0.17,0.0337,0.0682
ERMN,-0.11858793,0.0117,0.0682097
IL23A,-0.9318041,0.000632,0.06823
PHF17,-0.6580724,0.000633,0.06823
ADARB2,0.54,0.0338,0.0683
EED,0.128,0.0338,0.0684
BICRA,-0.293,0.0338,0.0684
OTUD7A,-0.15114116,0.0118,0.0684682
CTSL,0.2497131,0.0118,0.0684682
IFIT1B,0.364,0.0339,0.0685
PEBP1,0.174,0.0339,0.0685
STAM2,0.123,0.0339,0.0685
ZNF420,0.135,0.0339,0.0685
SNORD70B,0.449,0.0339,0.0685
TCEB3,0.19364914,0.0118,0.068564
EIF3J,0.123,0.034,0.0686
TMEM128,-0.1791712,0.0118,0.068606
KATNBL1,-0.11213222,0.0118,0.068606
KISS1,0.18517053,0.0118,0.0686444
MOCS1,0.29816751,0.0118,0.0686444
FAM181B,0.1060823,0.0118,0.0686444
CHMP4B,-0.156,0.034,0.0687
MED21,0.132,0.034,0.0687
ZNF490,0.132,0.034,0.0687
FXYD1,0.8620868,0.000641,0.06872
C19ORF35,0.10606028,0.0118,0.0687887
LOC107986307,0.334,0.0341,0.0688
LOC102723798,-0.519,0.0341,0.0688
FSIP2,0.224,0.0341,0.0688
NICN1,-0.143,0.0341,0.0688
ALAS2,-0.461,0.0341,0.0688
LOC100505915,0.215,0.0341,0.0688
STAG3L4,0.133,0.0341,0.0688
C2ORF61,-0.10806399,0.0119,0.0688087
ADAMTS14,0.11612081,0.0119,0.0688263
C11ORF45,-0.5396015,0.000658,0.06885
GLYCTK,1.0245799,0.00065,0.06885
CLK1,1.5079607,0.000665,0.06885
CD200,0.14751708,0.0119,0.068863
FBXW10B,0.241,0.0342,0.0689
DAAM1,0.31075836,0.0119,0.0689399
HS3ST6,0.09450208,0.0119,0.0689461
CYP2A6,1.5831213,0.000672,0.06902
LOC112268235,0.258,0.0343,0.0691
IGHV2-70,-0.737,0.0343,0.0691
BRPF3-AS1,0.307,0.0343,0.0691
SLC35F4,0.442,0.0343,0.0691
TTC7B,-0.173,0.0343,0.0691
TRIP13,-0.423,0.0343,0.0691
INHBA-AS1,0.466,0.0343,0.0691
VNN1,0.68348437,0.0119,0.069141
OR11L1,-0.23847163,0.0119,0.0691501
LOC105373208,0.567,0.0343,0.0692
THOC5,-0.102,0.0344,0.0693
LOC100130745,-0.13586698,0.012,0.0693076
URB2,-0.16,0.0345,0.0694
BEAN1-AS1,0.414,0.0344,0.0694
ACIN1,-0.087,0.0344,0.0694
LINC01509,0.27076959,0.012,0.0694242
POU4F2,0.10163464,0.012,0.0694242
SEPW1,-0.33739147,0.012,0.0694312
PRADC1,-0.279,0.0345,0.0695
LOC101928268,-0.314,0.0345,0.0695
COX18,0.133,0.0345,0.0695
PCDH8,0.09256645,0.0121,0.0695858
MAP2K4P1,0.272,0.0345,0.0696
VPS29,0.133,0.0346,0.0697
LOC102723904,-0.397,0.0346,0.0697
H3-5,-0.293,0.0346,0.0697
DPY19L1,0.142,0.0346,0.0697
FBN2,0.18606381,0.0121,0.069756
ALDH4A1,-0.352,0.0347,0.0698
LOC105378859,-0.313,0.0347,0.0698
ZNF589,-0.157,0.0347,0.0698
REG4,0.665,0.0347,0.0698
PDK4-AS1,0.391,0.0347,0.0698
LOC105379273,-0.386,0.0347,0.0698
PHF11,-0.1808785,0.0121,0.069812
CHODL,-0.17492688,0.0121,0.0698183
OR6T1,0.09348876,0.0121,0.0698908
MRAP,-0.211,0.0348,0.0699
EDARADD,-0.317,0.0348,0.0699
TVP23A,-0.112,0.0348,0.0699
ZBTB47-AS1,0.225,0.0348,0.07
IL11RA,-0.256,0.0348,0.07
LOC105371816,-0.262,0.0349,0.0701
DDX20,0.136,0.0349,0.0701
NOV,-0.20477288,0.0122,0.0701407
DNAJC13,0.101,0.0349,0.0702
PRKG2,0.526,0.035,0.0702
MID1IP1,-0.373,0.0349,0.0702
TMCC2,-0.401,0.0349,0.0702
CDYL,-0.12976857,0.0122,0.0702127
DKFZP586I1420,0.123,0.035,0.0703
PMS2P5,0.192,0.035,0.0703
LOC105375587,0.273,0.035,0.0703
NTRK1,0.12250494,0.0123,0.0703417
CCL4L1,0.86646711,0.0123,0.070382
ITIH1,1.2394575,0.000693,0.07039
C6ORF145,0.6984491,0.000694,0.07039
LOC105372668,0.538,0.0351,0.0704
SPDYE4,0.427,0.0351,0.0704
FAM3A,-0.375,0.035,0.0704
EDIL3,-0.754,0.0351,0.0704
PKP2,0.161,0.035,0.0704
ZNF280B,-0.10827576,0.0123,0.0704619
ACSM1,-0.28938475,0.0123,0.0704925
LOC105373939,-0.544,0.0351,0.0705
BMAL2-AS1,-0.461,0.0351,0.0705
MAST2,-0.12973334,0.0123,0.0705042
HYPK,0.33698204,0.0123,0.0705042
WWTR1,-0.19456738,0.0123,0.0705087
SCGB1C2,0.10763317,0.0123,0.0705186
POLR2J2 /// POLR2J3 /// UPK3BL,-0.7332083,0.0007,0.07053
ZNF133,0.18859141,0.0123,0.0705316
NLE1,0.18229364,0.0123,0.070597
PGM5P2,0.195,0.0352,0.0706
ANXA8L1,-0.631,0.0352,0.0706
LOC102724122,0.445,0.0352,0.0706
C22ORF15,0.12558936,0.0123,0.0706345
ITGB1,-0.48064947,0.0123,0.0706345
BRI3BP,0.23384497,0.0124,0.0706856
SLC15A4,-0.2359831,0.0124,0.0706923
DDX39B,-0.0962,0.0352,0.0707
DDX31,0.20175908,0.0124,0.0707005
LINC00633,0.10162167,0.0124,0.0707468
BATF3,-0.355,0.0353,0.0708
LOC219690,0.10012857,0.0124,0.0708248
FOXP1-IT1,0.51042658,0.0124,0.0708248
EGOT,-0.317,0.0353,0.0709
ATP5I,-0.23326537,0.0124,0.0709117
PRRT1,-0.685452,0.000707,0.07093
LINC01222,0.08987613,0.0124,0.0709619
CD1C,-0.40557479,0.0124,0.0709864
LINC01567,0.24220734,0.0124,0.0709864
SPIN2B,-0.22411231,0.0124,0.0709864
NAV2-AS6,0.328,0.0354,0.071
CLEC12A,-0.327,0.0354,0.071
PGLYRP3,0.12808294,0.0125,0.071053
SEPP1,-0.21590402,0.0125,0.071092
LOC105379448,0.381,0.0355,0.0711
DDX11L17,-0.387,0.0354,0.0711
MOSMO,0.141,0.0355,0.0711
FKBP2,-0.288,0.0355,0.0711
MSS51,0.195,0.0355,0.0711
DYRK3,0.18,0.0354,0.0711
ANXA9,0.757985,0.000716,0.07112
IGHG1 /// IGHM /// LOC100133862,-1.5881855,0.000719,0.07112
LOC107987051,0.427,0.0355,0.0712
SHISA3,-0.66,0.0356,0.0712
LOC105376177,0.353,0.0355,0.0712
IFNA1,0.15139868,0.0125,0.0712178
EIF5A2,-0.315,0.0356,0.0713
GRID2,1.07,0.0356,0.0713
IGKV1-16,-0.568,0.0356,0.0713
H2BC3,-0.294,0.0356,0.0713
ATP2C2-AS1,-0.383,0.0357,0.0714
LINC00092,-0.415,0.0356,0.0714
TNIK,0.254,0.0356,0.0714
RBP5,0.223,0.0357,0.0715
LOC101928817,0.25,0.0357,0.0715
NLN,0.182,0.0357,0.0715
ARHGEF28,0.23,0.0357,0.0715
GTF2E1,-0.145,0.0357,0.0715
BAG6,-0.193,0.0357,0.0715
LOC105370613,-0.10471293,0.0126,0.0715074
KRTAP12-4,0.11734075,0.0126,0.0715234
OLFML2A,-0.27235076,0.0126,0.0715234
TMEM230,-0.1676616,0.0126,0.0715301
FN1,1.2787082,0.000743,0.07157
SERPINA3,1.5067624,0.000745,0.07157
LOC100129395,-0.6651847,0.000731,0.07157
SYVN1,-0.186,0.0358,0.0716
ADNP-AS1,0.227,0.0358,0.0716
TOGARAM2,-0.394,0.0358,0.0716
ANKDD1A,-0.23,0.0358,0.0716
CDC42EP3,-0.297,0.0358,0.0716
B3GALT6,-0.211,0.0358,0.0716
LINC02499,0.279,0.0358,0.0716
DNAH9,0.10210083,0.0126,0.071631
TCEAL1,-0.3261269,0.0126,0.0716825
SMARCAD1,0.133,0.0359,0.0717
PROX2,0.232,0.0359,0.0717
MACROD2-IT1,0.444,0.0359,0.0717
YWHAG,-0.27059735,0.0126,0.0717131
POLR2J4,0.30034648,0.0126,0.071715
SPOCD1,-0.13182574,0.0126,0.0717273
SLCO5A1,-0.646,0.036,0.0718
LOC105379854,0.414,0.036,0.0718
GNB1,-0.15,0.0359,0.0718
SNAPC4,-0.256,0.0359,0.0718
LOC105374807,0.376,0.036,0.0718
SERTAD2,0.144,0.036,0.0718
TRNAU1AP,-0.15221242,0.0126,0.0718037
TGOLN2,-0.19764695,0.0127,0.0718138
LPGAT1,0.30137481,0.0127,0.0718803
KIZ-AS1,0.255,0.036,0.0719
PDC-AS1,0.264,0.036,0.0719
HS6ST2,-0.09709167,0.0127,0.0719302
NLRP13,0.11901193,0.0127,0.0719403
FCRL2,-0.766068,0.000766,0.07195
GABRG3-AS1,0.0951353,0.0127,0.0719596
UMODL1,0.12442214,0.0127,0.0719596
NKD1,-0.1452974,0.0127,0.0719656
RNU1-2,0.387,0.036,0.072
SYBU-AS1,0.679,0.0361,0.072
PSMB5,-0.18080225,0.0127,0.0720205
ZBTB24,0.14937227,0.0127,0.0720205
LYPD6,-0.16273982,0.0127,0.0720605
DUT,-0.14354903,0.0127,0.0720778
LOC105375265,0.548,0.0362,0.0721
LINC02624,0.455,0.0361,0.0721
SLC16A13,-0.265,0.0362,0.0721
ECI2-DT,0.335,0.0362,0.0721
C21ORF58,-0.233,0.0361,0.0721
TRNQ,0.684,0.0362,0.0721
ATIC,0.165,0.0362,0.0721
ZNF891,0.186,0.0361,0.0721
OR52I1,0.12074894,0.0128,0.0721061
PWWP2A,-0.7801118,0.000772,0.07214
HIST1H2BI,-0.8783173,0.000776,0.07217
SMAD1,0.115,0.0362,0.0722
PTPRT,0.378,0.0362,0.0722
TRGC1,-0.351,0.0362,0.0722
RPUSD3,-0.193,0.0362,0.0722
RSPH1,-0.22999602,0.0128,0.0722567
NPHP4,-0.26341548,0.0128,0.0723765
FLJ38576,0.375,0.0363,0.0724
CD160,-0.268,0.0363,0.0724
DOLK,-0.249,0.0364,0.0724
SNORD69,0.399,0.0364,0.0724
LOC105379516,0.356,0.0363,0.0724
LINC00999,0.15973754,0.0128,0.0724009
OPRL1,-0.16897696,0.0128,0.0724452
ZNF263,-0.21611867,0.0129,0.072473
C6ORF150,-0.7298466,0.000782,0.07248
RNU1-1,0.378,0.0364,0.0725
RNU1-4,0.387,0.0364,0.0725
RRP9,-0.324,0.0364,0.0725
MS4A2,-0.19053082,0.0129,0.0725657
MIR591,0.411,0.0365,0.0726
NAPB,0.124,0.0365,0.0726
ZNF217,-0.14,0.0365,0.0726
APC,0.115,0.0365,0.0726
ATRN,0.122,0.0365,0.0726
RNVU1-18,0.379,0.0365,0.0726
LOC105369457,0.252,0.0366,0.0727
FBXL18,-0.25,0.0365,0.0727
ARHGAP21,0.17679542,0.0129,0.0727182
RAD51D,-0.14976832,0.0129,0.0727501
GPR152,0.0796809,0.0129,0.0727501
MTNR1B,0.09871287,0.0129,0.0727664
LOC107986200,0.418,0.0366,0.0728
ZFPM2,-0.222,0.0366,0.0728
UTP20,0.0995,0.0366,0.0728
H2AFY,-0.19750834,0.0129,0.0728147
RPL41,-0.28616162,0.0129,0.0728147
COX7B,0.187,0.0366,0.0729
NPBWR1,-0.707,0.0367,0.0729
CNTN1,0.13072523,0.013,0.0729798
RNF219,-0.1988151,0.013,0.0729863
LOC105371056,-0.311,0.0367,0.073
USP6NL,0.141,0.0367,0.073
ISOC1,0.161,0.0368,0.073
CDKL5,0.11575136,0.013,0.0730427
SYPL2,0.26031858,0.013,0.0730493
TMEM241,0.18243445,0.013,0.0730634
FAM76A,0.118,0.0368,0.0731
FLVCR2,-0.202,0.0368,0.0731
CAPN6,-0.582,0.0368,0.0731
C20ORF118,-0.7019513,0.000797,0.07311
STX12,0.14721481,0.013,0.0731555
NCOA7,-0.209,0.0368,0.0732
FTX,0.185,0.0368,0.0732
RNF112,-0.386,0.0368,0.0732
NCR1,-0.384,0.0368,0.0732
LOC105379524,0.374,0.0369,0.0732
PKD2L1,-0.407,0.0368,0.0732
RNU1-3,0.378,0.0369,0.0732
MOGAT2,0.261,0.0368,0.0732
ZFP3,-0.1848581,0.0131,0.0732317
HNRNPR,0.102,0.0369,0.0733
UCA1,-0.48,0.0369,0.0733
RPL36A,-0.17300883,0.0131,0.0733287
LOC105377775,0.508,0.037,0.0734
SGCZ,-0.438,0.037,0.0734
LYZL1,0.437,0.037,0.0734
CADPS2,0.151,0.037,0.0734
LOC102723543,-0.379,0.037,0.0734
PDPN,0.12297313,0.0131,0.0734499
NCOA3,0.26461212,0.0131,0.0734499
IL1A,0.13560626,0.0131,0.0734499
KREMEN2,0.14171229,0.0131,0.0734656
LMNTD2-AS1,-0.319,0.0371,0.0735
HLA-J,-0.266,0.0371,0.0735
SNORA63B,0.283,0.037,0.0735
RPL27,-0.182,0.0371,0.0735
KBTBD6,0.121,0.037,0.0735
SDHA /// SDHAP3,1.1845945,0.000808,0.07354
HIPK1,-0.6194947,0.000809,0.07354
PROCA1,-0.287,0.0371,0.0736
LOC105378138,0.34,0.0371,0.0736
SLC26A10P,-0.402,0.0371,0.0736
MYH11,-0.598,0.0371,0.0736
RNF38,-0.17099443,0.0132,0.0736235
DIPK1B,-0.252,0.0372,0.0737
SPAG17,0.231,0.0372,0.0737
LOC105376257,-0.32,0.0372,0.0737
ADGRD1-AS1,-0.425,0.0372,0.0737
LINC01191,-0.267,0.0372,0.0737
GPR64,-0.8485752,0.000818,0.07372
LOC114841035,-0.287,0.0372,0.0738
HSF5,0.324,0.0372,0.0738
GOLGA8K,0.146,0.0373,0.0738
IPO7,0.135,0.0372,0.0738
CEP20,0.144,0.0373,0.0738
SPATC1,-0.10664165,0.0132,0.0738498
OR6C6,0.10849723,0.0132,0.073857
GAGE2C,0.09874047,0.0132,0.073857
TNFRSF8,0.12097607,0.0133,0.0738924
TIMM10,-0.44487501,0.0133,0.0738944
AATF,-0.19836821,0.0133,0.0738944
HAMP,-0.611,0.0374,0.0739
SNED1-AS1,0.358,0.0373,0.0739
PGBD1,-0.143,0.0373,0.0739
PPP5C,-0.23,0.0373,0.0739
ZNF132,-0.217,0.0373,0.0739
IMPG2,0.223,0.0374,0.074
RNVU1-7,0.378,0.0374,0.074
ATP6V1G2-DDX39B,-0.0953,0.0374,0.074
MYO5C,-0.30426052,0.0133,0.0740054
OR52I2,0.12924028,0.0133,0.0740296
ITM2B,-0.27678868,0.0133,0.0740392
OGG1,-0.1509423,0.0133,0.0740785
ZNF674,0.131,0.0375,0.0741
ADAMTS3,-0.45,0.0375,0.0741
LOC105379574,0.39,0.0375,0.0741
ELAC2,0.1456846,0.0133,0.0741036
C11ORF16,-0.1052176,0.0133,0.0741183
TNPO1,0.16229696,0.0133,0.0741187
C2CD2,-0.24037554,0.0133,0.0741516
CCDC15,0.2936281,0.0133,0.0741516
HIST1H4D,0.11357549,0.0134,0.0741574
LINC00163,0.11994154,0.0134,0.07418
FSD1L,0.10735404,0.0134,0.074192
LOC100240735,-0.20060893,0.0134,0.0741937
LOC100506098,-0.15774171,0.0134,0.0741997
LOC101929058,0.09666489,0.0134,0.0741997
HDC,-0.296,0.0375,0.0742
CSAD,-0.224,0.0375,0.0742
KLHL21,-0.228,0.0375,0.0742
LOC100505625,0.08814111,0.0134,0.0742713
LOC101927164,0.222,0.0376,0.0743
PDP2,0.236,0.0376,0.0743
TAS2R10,0.287,0.0376,0.0743
PRDM16,-0.10284913,0.0134,0.074331
WRN,0.15359052,0.0134,0.0743695
NPTX1,0.12355214,0.0134,0.0743695
OR2A9P,-0.278,0.0376,0.0744
LOC102724528,0.201,0.0376,0.0744
GSS,-0.23865568,0.0134,0.0744123
GPR82,0.21376339,0.0135,0.0744852
LOC389273,-0.09242973,0.0135,0.0744923
MMACHC,0.137,0.0377,0.0745
LCMT2,0.13,0.0377,0.0745
FAM90A1,0.12091226,0.0135,0.0745102
TMPRSS5,0.1055838,0.0135,0.0745221
CCDC84,0.27498486,0.0135,0.0745317
LINC00709,0.12053891,0.0135,0.0745322
TMEM268,0.24354557,0.0135,0.0745322
HPS4,0.0845,0.0377,0.0746
LINC00515,0.371,0.0378,0.0746
BHMT,0.266,0.0377,0.0746
BLZF1,0.23710683,0.0135,0.0746054
CCDC144NL,0.13453979,0.0135,0.0746751
FECH,0.135,0.0378,0.0747
LOC100130744,-0.163,0.0378,0.0747
GUCY2C,0.296,0.0379,0.0747
MLLT11,-0.62989654,0.0135,0.0747168
LOC105374882,0.459,0.0379,0.0748
LOC107985192,0.36,0.0379,0.0748
TMEM87B,-0.161,0.0379,0.0748
PPP1R7,-0.17803144,0.0136,0.0748414
ZNF699,-0.12315149,0.0136,0.0748983
MAGEB3,-0.17773465,0.0136,0.0748983
CENPO,-0.151,0.038,0.0749
LOC107986871,0.266,0.038,0.0749
ANKRD36BP2,-0.431,0.038,0.0749
PLXDC1,-0.256,0.0379,0.0749
SLC22A12,-0.47907555,0.0136,0.0749033
VENTXP7,0.09065398,0.0136,0.0749151
ARL17B,0.13088253,0.0136,0.0749163
P2RX2,0.13515432,0.0136,0.0749987
COPG1,-0.166,0.038,0.075
LOC105374726,0.331,0.038,0.075
ARMC5,0.9097313,0.000856,0.07503
FGFR1OP,0.7869086,0.000858,0.07503
CYP2E1,1.4334411,0.000857,0.07503
LINC01304,0.11214311,0.0137,0.0750838
SART3,-0.0652,0.0381,0.0751
MARCHF3,-0.281,0.0381,0.0751
STARD7-AS1,-0.151,0.0381,0.0751
IFT20,0.13,0.0382,0.0752
TKFC,-0.282,0.0381,0.0752
SLC7A10,0.287,0.0381,0.0752
LOC112267987,-0.374,0.0381,0.0752
LOC107985394,0.407,0.0381,0.0752
DGCR5,-0.341,0.0382,0.0752
MCHR1,-0.10838074,0.0137,0.0752315
IL12A,-0.12316921,0.0137,0.0752836
TBC1D22A-AS1,-0.301,0.0382,0.0753
MMP24-AS1-EDEM2,-0.146,0.0382,0.0753
SPATA19,0.10006289,0.0137,0.0753271
OR6C76,-0.14062595,0.0137,0.0753695
FAXC,0.116214,0.0137,0.075377
C5ORF15,0.12199009,0.0137,0.075377
STK40,-0.16419748,0.0138,0.0754655
APOC1,1.4365868,0.000865,0.07548
TEX30,0.16,0.0384,0.0755
LOC100507002,-0.386,0.0383,0.0755
ZBTB17,-0.17,0.0384,0.0755
ZKSCAN8P1,0.285,0.0384,0.0755
LOC107984890,-0.549,0.0383,0.0755
NUTM2G,-0.28,0.0384,0.0755
C1ORF140,0.08709648,0.0138,0.075517
KAZN,0.24210296,0.0138,0.0755278
HIST1H2AD,-0.09467368,0.0138,0.0755278
CARMIL1,-0.24461731,0.0138,0.0755278
LOC105379237,-0.54,0.0384,0.0756
ACRBP,-0.288,0.0384,0.0756
LRCH4 /// SAP25,0.9827892,0.000868,0.07561
ZNF383,-0.15345094,0.0138,0.0756137
ZSWIM6,0.32211173,0.0138,0.0756137
C1QBP,-0.18625038,0.0138,0.0756137
DNAJC3,0.18182086,0.0138,0.0756137
GNS,-0.162,0.0385,0.0757
LOC101928628,0.475,0.0384,0.0757
ANO4,-0.719,0.0386,0.0758
CEP135,-0.166,0.0386,0.0759
IRF2BP2,-0.181,0.0386,0.0759
ASB10,0.18605498,0.0139,0.0759142
DCAF4L1,0.14644814,0.0139,0.0759142
ALDH8A1,0.50763826,0.0139,0.075957
MICALCL,0.21531106,0.0139,0.0759727
PPP1R3E,0.194,0.0386,0.076
C3,2.0483708,0.000884,0.07602
CECR1,-1.0096382,0.000887,0.07602
ACBD7,-0.11795776,0.0139,0.0760382
COL6A5,-0.15109822,0.0139,0.0760382
EPAS1,0.25819373,0.0139,0.076048
DAAM2,0.163,0.0387,0.0761
TMEM272,0.306,0.0387,0.0761
RPL21P44,0.252,0.0387,0.0762
KLHL24,0.126,0.0388,0.0762
PLSCR2,0.305,0.0387,0.0762
PP13004,0.10075367,0.014,0.0762634
UQCRB,0.196,0.0388,0.0763
ALDH2,1.0297737,0.000909,0.07632
DHCR24,1.0502113,0.000907,0.07632
BTN3A2,0.6665751,0.000908,0.07632
SSX2IP,0.6377993,0.000901,0.07632
HIST1H1C,-0.36198439,0.014,0.0763286
TBC1D2B,0.26519936,0.014,0.076361
RGS13,0.13360176,0.014,0.076413
PPT2,0.14526483,0.0141,0.0764849
HPGD,0.263,0.039,0.0765
LOC105371770,0.314,0.039,0.0765
LOC112267866,0.185,0.0389,0.0765
PRDM7,0.537,0.0389,0.0765
LOC107986461,-0.423,0.0389,0.0765
GPT2,0.53654151,0.0141,0.0765263
LMO1,-0.13989674,0.0141,0.0765431
ANKRD36B,-0.217,0.039,0.0766
AKR1C8,0.315,0.039,0.0766
SLC30A4,0.16,0.039,0.0766
C3ORF84,0.10761383,0.0141,0.0766918
BZW1,0.14311885,0.0141,0.0766918
KCNH7,0.372,0.0391,0.0767
DHRS11,-0.211,0.039,0.0767
LOC105377111,0.293,0.0391,0.0767
SCARNA9,0.5051727,0.0141,0.0767015
RAB5C,-0.18325391,0.0141,0.0767824
LINC02651,0.476,0.0391,0.0768
TACC2,-0.207,0.0392,0.0769
LOC100128288,0.213,0.0392,0.0769
PHF7,0.135,0.0392,0.0769
GARIN2,0.334,0.0392,0.0769
PLA2G15,-0.258,0.0392,0.0769
GNLY,-0.474,0.0392,0.0769
ANKRD20A4-ANKRD20A20P,0.37,0.0392,0.0769
LINC02995,0.305,0.0392,0.0769
TAS2R3,0.3,0.0392,0.0769
PSMA7,-0.187,0.0392,0.0769
LOC107986743,0.399,0.0392,0.0769
UBAP1L,-0.12941656,0.0142,0.0769841
MESP1,-0.18990092,0.0142,0.0770325
LOC105374426,0.247,0.0393,0.0771
PCDHB10,-0.352,0.0394,0.0771
FLCN,-0.193,0.0393,0.0771
IPO11,0.119,0.0393,0.0771
ANAPC1P6,0.231,0.0393,0.0771
CD4,0.24599447,0.0142,0.0771031
ZDHHC9,0.25775646,0.0142,0.0771031
ADAM32,-0.11657211,0.0142,0.0771519
TFDP3,0.12010766,0.0143,0.0771672
MAPK9,-0.13825559,0.0143,0.0771762
SLFN14,0.276,0.0394,0.0772
SNORD14C,-0.397,0.0394,0.0772
CRKL,0.108,0.0394,0.0772
WNT5A,-0.15048679,0.0143,0.0772175
LOC107987084,0.526,0.0395,0.0773
SMC1A,0.109,0.0395,0.0773
LINC02244,0.317,0.0395,0.0773
BCAR3,-0.36373433,0.0143,0.0773376
C1R,0.14360966,0.0143,0.0773376
LINC00052,-0.1495969,0.0143,0.0773469
COLEC12,-0.58,0.0395,0.0774
XKRX,0.367,0.0395,0.0774
LINC01876,0.376,0.0395,0.0774
SMG1P7,0.23,0.0395,0.0774
KCNH6,-0.09239477,0.0143,0.0774354
LOC105377940,0.421,0.0396,0.0775
LOC440895,-0.24669787,0.0144,0.0775429
DNTTIP2,0.132,0.0396,0.0776
DYNC2I2,-0.313,0.0396,0.0776
PRMT5,-0.20937193,0.0144,0.0776326
TATDN3,0.125,0.0397,0.0777
LOC101927960,-0.13279562,0.0144,0.0777268
RUFY1,-0.13450725,0.0144,0.077731
LOC101927971,0.275,0.0398,0.0778
TYW1B,0.2,0.0397,0.0778
PCDHA3,0.11130311,0.0145,0.0778834
MCUR1,0.136,0.0399,0.0779
AP3M2,-0.154,0.0399,0.0779
FH,0.199,0.0398,0.0779
OR8J3,0.09149537,0.0145,0.0780259
PI4KA,-0.137,0.0399,0.0781
EIF2B4,-0.115,0.04,0.0781
LINC00526,0.181,0.0399,0.0781
TSSK6,0.14345173,0.0145,0.0781021
RAB6C,0.12046441,0.0145,0.078132
HMGCL,0.31467971,0.0145,0.078132
ONECUT2,0.35223181,0.0145,0.07816
MANEAL,-0.16961313,0.0145,0.07816
CATSPERD,0.09598655,0.0146,0.0781795
AIM1L,-0.10489705,0.0146,0.0781812
LOC105370721,0.442,0.04,0.0782
LOC105376411,0.208,0.04,0.0782
DEGS1,-0.184,0.0401,0.0783
ABCA11P,0.142,0.0401,0.0783
SMURF2,-0.133,0.04,0.0783
SLC37A3,-0.117,0.0401,0.0783
CELF4,0.1315147,0.0146,0.0783457
LOC105372789,0.454,0.0401,0.0784
UBIAD1,-0.123,0.0401,0.0784
CDV3,0.149,0.0402,0.0785
JARID2-AS1,0.14771069,0.0146,0.0785193
SCAND2P,-0.1171608,0.0147,0.0785589
PAFAH1B2,-0.15899421,0.0147,0.0785589
APOBEC2,0.09418624,0.0147,0.0785589
LINC02449,-0.318,0.0403,0.0786
MIR6529,0.41,0.0403,0.0786
TMEM140,-0.175,0.0403,0.0786
LOC105378723,0.238,0.0403,0.0786
SH3PXD2B,-0.21,0.0403,0.0786
MBNL1,-0.25106919,0.0147,0.0786026
ERAP2,0.28884779,0.0147,0.0786395
TBC1D7-LOC100130357,-0.125,0.0403,0.0787
HMGCS2,0.245,0.0403,0.0787
PDE10A,0.0956076,0.0147,0.0787156
PMM1,0.30198125,0.0147,0.0787156
GDF11,-0.12112392,0.0147,0.0787197
NUP58,0.12847371,0.0147,0.0787316
CCNY,0.17294645,0.0147,0.0787386
FAU,-0.21713341,0.0147,0.0787402
LOC105378211,0.42,0.0404,0.0788
SLC17A5,0.10796092,0.0148,0.0788184
ATP1A1-AS1,0.12,0.0404,0.0789
CHD5,0.13269807,0.0148,0.078909
LCE1B,0.11522357,0.0148,0.0789523
B3GALT5,-0.403,0.0405,0.079
LOC105376187,0.368,0.0405,0.079
LOC105370124,0.478,0.0405,0.079
TSTD3,0.15,0.0405,0.079
EXOC6B,0.11211108,0.0148,0.0790166
CLDN1,1.3855141,0.000954,0.07904
DHRS12,0.106,0.0406,0.0791
LOC110091777,0.522,0.0406,0.0791
WDR87,-0.11888687,0.0149,0.0791918
TCP11L2,-0.167,0.0407,0.0792
PELI3,-0.236,0.0406,0.0792
DNAJC7,0.0789,0.0406,0.0792
ADCYAP1R1,0.609,0.0406,0.0792
NDUFA6,0.179,0.0406,0.0792
ZNF705EP,0.286,0.0407,0.0792
PRPS2,0.148,0.0406,0.0792
CDY1,-0.11079797,0.0149,0.0792052
PRSS27,0.10053092,0.0149,0.0792052
TRAPPC10,-0.7735931,0.000962,0.07928
CEP89,-0.16051409,0.0149,0.0792925
LOC107987113,0.22,0.0407,0.0793
LOC440570,0.534,0.0407,0.0793
MIR505,0.431,0.0407,0.0793
LOC102723553,0.134,0.0408,0.0794
B3GNT3,-0.499,0.0408,0.0794
COL26A1,-0.389,0.0408,0.0794
CLDN19,0.09257049,0.0149,0.07946
MRPL42,0.11,0.0408,0.0795
RMDN3,0.16069467,0.015,0.0795512
USP39,-0.14419426,0.015,0.0795512
IL25,-0.131138,0.015,0.0795954
CDKL2,-0.12210151,0.015,0.0796124
VPS33B,-0.103,0.041,0.0797
OTUD1,-0.192,0.0409,0.0797
GBP2,-0.154,0.0409,0.0797
RPRD1A,0.17509599,0.015,0.0797097
C1GALT1C1,0.155,0.041,0.0798
LOC107985939,0.203,0.041,0.0798
SIGLEC17P,-0.373,0.041,0.0798
LOC105372143,-0.32,0.041,0.0798
CDCA3,-0.235,0.0411,0.0799
PDE8B,-0.16,0.0411,0.0799
FLJ20021,-0.457,0.0411,0.08
HAVCR1P1,0.319,0.0411,0.08
FAM88C,0.211,0.0412,0.08
NLGN1,0.719,0.0412,0.08
COA6-AS1,0.252,0.0411,0.08
LOC105378339,0.448,0.0412,0.08
WASF2,-0.2692407,0.0151,0.0800133
HINT3,0.20481294,0.0151,0.0800133
LOC642852,-0.16904785,0.0151,0.0800184
A3GALT2,0.09836069,0.0151,0.080062
DDX52,0.14626232,0.0151,0.0800711
SPRR2B,0.11366714,0.0151,0.080085
MYB,-0.413,0.0412,0.0801
CD46,0.125,0.0412,0.0801
STK32A,-0.361,0.0412,0.0801
KHNYN,0.131,0.0413,0.0801
HRCT1,-0.21819511,0.0151,0.0801497
LOC100287723 /// LOC642424,-1.0279629,0.000984,0.08016
TANC2,-0.188,0.0413,0.0802
PLD6,0.188,0.0413,0.0802
CYP1A2,1.56956301,0.0152,0.0802193
LOC105369228,0.228,0.0414,0.0803
CPAMD8,-0.384,0.0413,0.0803
ROR1,-0.1838024,0.0152,0.0803599
LOC100996318,-0.385,0.0414,0.0804
LOC102724874,0.09820234,0.0152,0.0804447
NXF3,-0.346,0.0415,0.0805
LOC101927080,0.188,0.0415,0.0806
ATG9A,0.19864313,0.0153,0.0806685
SNORD15B,-0.358,0.0416,0.0807
LOC107985000,0.322,0.0416,0.0807
RNF40,-0.237,0.0416,0.0807
LPIN1,0.157,0.0416,0.0807
LAMC1-AS1,0.334,0.0417,0.0808
TEDC1,-0.53,0.0417,0.0808
HILPDA,-0.242,0.0417,0.0808
ANKFN1,0.939,0.0417,0.0808
SLC9B2,0.151,0.0416,0.0808
LOC105377735,0.274,0.0417,0.0808
OR56A1,0.12381037,0.0153,0.080809
TMEM88,-0.24546448,0.0153,0.080817
CREB3L3,0.89519716,0.0153,0.0808699
EYS,0.202,0.0417,0.0809
LINC02910,-0.414,0.0417,0.0809
MPC1L,0.10216255,0.0154,0.0809036
RGS12,0.35447548,0.0154,0.0809036
LOC102723362,-0.11021001,0.0154,0.0809316
DULLARD,-0.7253517,0.00103,0.08096
GRLF1,1.0185059,0.00103,0.08096
CYP2A13 /// CYP2A6 /// CYP2A7,1.1825483,0.00103,0.08096
CEBPA,1.4442665,0.00104,0.08096
KDELR2,1.0770737,0.00104,0.08096
KNOP1,-0.0998,0.0418,0.081
THBS3-AS1,-0.149,0.0418,0.081
HOXD12,-0.1782518,0.0154,0.0810396
ADAMTS19,0.11980348,0.0154,0.0810785
LOC105378539,-0.299,0.0418,0.0811
MAP2,-0.253,0.0418,0.0811
FYTTD1,-0.16737645,0.0154,0.0811497
DPPA3,0.09927235,0.0154,0.0811926
ATP9B,0.0829,0.0419,0.0812
RPS6KA3,0.141,0.0419,0.0812
EIF2AK3,-0.16644297,0.0155,0.0812645
METTL7B,-0.45514626,0.0155,0.0812746
STK16,-0.09217847,0.0155,0.0812957
LRRC8E,-0.218,0.042,0.0813
EYA4,0.321,0.0419,0.0813
OR5L2,0.09144694,0.0155,0.0813104
PCDHB19P,0.31881153,0.0155,0.0813269
LINC00601,0.1019309,0.0155,0.0813424
RXRB,-0.127,0.042,0.0814
SNUPN,0.116,0.042,0.0814
TTK,-0.395,0.0421,0.0814
GOLGA6C,0.40853262,0.0155,0.0814083
LOC107986197,0.239,0.0421,0.0815
GOLGA8R,0.156,0.0421,0.0815
KLC3,-0.381,0.0421,0.0815
SATB2,-0.19,0.0421,0.0815
LOC105375981,0.197,0.0421,0.0815
LOC101929309,-0.549,0.0421,0.0815
MAMLD1,0.223,0.0421,0.0815
LSM5,-0.19211821,0.0156,0.0815765
ZNF551,-0.8021957,0.00106,0.08158
STARD13-AS,0.251,0.0422,0.0816
DSG4,0.496,0.0423,0.0817
PPP2R5A,0.149,0.0423,0.0817
RABL2B,-0.109,0.0423,0.0817
WTAP,0.2648481,0.0156,0.0818526
SYT15B,0.237,0.0423,0.0819
LOC105369771,0.358,0.0424,0.0819
SLC7A3,0.09088748,0.0157,0.081909
CCDC144B,-0.10111455,0.0157,0.081909
FAM170B,-0.19928756,0.0157,0.0819203
BCL2L15,0.12053854,0.0157,0.0819368
TET1,0.11806021,0.0157,0.0819527
UTY,-1.58,0.0424,0.082
LOC105369621,-0.721,0.0424,0.082
LOC105377212,0.231,0.0424,0.082
RAET1L,0.11517351,0.0157,0.0820158
DEUP1,0.259,0.0425,0.0821
CDKL3,0.12381626,0.0157,0.0821063
LOC105377205,0.12811396,0.0157,0.0821244
AMPD1,-0.43730026,0.0158,0.0821357
SHMT1,0.42284518,0.0158,0.0821744
LOC101927987,0.1181873,0.0158,0.0822066
SMTNL2,-0.09205283,0.0158,0.0822298
SYCE1,0.679,0.0426,0.0823
CNBD2,0.416,0.0426,0.0823
HCG27,0.244,0.0426,0.0823
POMP,-0.13730832,0.0158,0.0823044
IDH3B,0.6052807,0.00107,0.08239
MTRES1,0.121,0.0426,0.0824
LOC389831,0.252,0.0426,0.0824
TSPAN18,0.24885037,0.0159,0.0824336
STC2,-0.36926633,0.0159,0.082435
CKAP2,-0.17762389,0.0159,0.082435
BET1,0.133,0.0427,0.0825
ITGA10,-0.23,0.0427,0.0825
EEF1AKMT4,-0.322,0.0427,0.0825
LOC100505715,0.231,0.0427,0.0825
TARP /// TRGC2,-0.850669,0.00107,0.08253
RPP25L,-0.257,0.0428,0.0826
LOC105447645,-0.398,0.0428,0.0826
MYO5B,0.107,0.0428,0.0826
TEKT3,-0.21572343,0.0159,0.0826293
DPP6,-0.11908505,0.0159,0.082643
GK3P,0.5330147,0.00107,0.08265
SLC24A4,0.12250685,0.0159,0.0826502
TUBA3FP,0.25642755,0.0159,0.0826502
PPP4R2,0.14,0.0429,0.0827
GANC,0.188,0.0429,0.0827
LOC107986016,0.23,0.0428,0.0827
LOC105374334,0.287,0.0428,0.0827
CCDST,0.414,0.0428,0.0827
ZKSCAN4,0.116,0.0429,0.0828
KLC4,-0.1337556,0.016,0.0828269
RAB23,0.145,0.043,0.0829
LOC101927268,0.305,0.043,0.0829
ITFG1-AS1,0.196,0.043,0.0829
RWDD4,0.164,0.043,0.083
RILPL1,-0.159,0.043,0.083
LOC101927770,-0.245,0.0431,0.0831
CDA,0.36397028,0.0161,0.0831492
KRT37,-0.14191283,0.0161,0.0831492
C17ORF51,-0.10144896,0.0161,0.0831803
SLC25A53,-0.337,0.0432,0.0832
PIK3C2B,-0.173,0.0432,0.0832
LOC105375520,0.971,0.0432,0.0832
LOC102723944,0.412,0.0432,0.0832
SAPCD2,-0.12007428,0.0161,0.0832344
MIB1,0.105,0.0432,0.0833
DROSHA,0.0943,0.0433,0.0834
PTH2R,0.58,0.0433,0.0834
OTOGL,0.1069078,0.0162,0.0834071
LOC107986452,0.407,0.0433,0.0835
TMBIM1,-0.211,0.0434,0.0835
LOC105376333,-0.369,0.0434,0.0835
SLIT3,-0.16585437,0.0162,0.0835635
VAX1,-0.11665283,0.0162,0.0835704
TMEM63B,-0.228,0.0434,0.0836
FAM168B,0.101,0.0434,0.0836
ACOX1,0.152,0.0434,0.0837
DLGAP1-AS1,0.179,0.0434,0.0837
CPT2,-0.31993644,0.0162,0.0837375
MGAT3,-0.14197359,0.0162,0.0837375
ARL13B,-0.15542268,0.0162,0.0837655
BEGAIN,0.1371349,0.0162,0.0837682
COL25A1,0.317,0.0436,0.0838
LOC105371120,0.5,0.0435,0.0838
PARP14,0.153,0.0435,0.0838
EIF2AK4,0.3289841,0.0163,0.0838947
HIST1H1B,0.10103508,0.0163,0.083895
LOC107984817,-0.461,0.0436,0.0839
ERI3,-0.188,0.0436,0.0839
ATP11AUN,0.09818652,0.0163,0.083998
LOC112268199,-0.388,0.0437,0.084
COL24A1,0.414,0.0437,0.084
PRDX2,-0.329,0.0437,0.084
EXOC6,-0.13054027,0.0163,0.084016
HIST1H4B,0.13783629,0.0163,0.0841066
FAM92B,-0.11915,0.0164,0.0841499
MOCOS,0.8457865,0.0011,0.08415
MAP2K1,0.175,0.0438,0.0842
AMACR,0.21,0.0438,0.0842
ITFG2,-0.19720747,0.0164,0.0842226
NSF,-0.15289705,0.0164,0.0842354
GJC2,-0.21618003,0.0164,0.0842501
ZNF726,0.246,0.0438,0.0843
HEATR3,-0.116,0.0438,0.0843
LOC107986485,0.376,0.0438,0.0843
LRRC58,0.166,0.0439,0.0843
MFAP2,-0.13729198,0.0164,0.0843725
TCHP,-0.108,0.0439,0.0844
TRAPPC4,-0.148,0.0439,0.0844
LOC105376861,0.489,0.0439,0.0844
GATA2-AS1,-0.427,0.0439,0.0844
TIPARP,-0.276,0.044,0.0845
ELOF1,-0.242,0.044,0.0845
LOC101927019,0.212,0.044,0.0845
TP53BP1,-0.104,0.044,0.0845
LOC102724621,0.749,0.044,0.0845
IWS1,0.1748031,0.0165,0.0845126
FBXL21,-0.09414603,0.0165,0.0845126
ING4,-0.27982265,0.0165,0.0845646
LIPK,0.07713442,0.0165,0.0845646
LOC399886,0.26607501,0.0165,0.0845646
LOC101928797,0.422,0.0441,0.0846
DAPK1,0.27188679,0.0165,0.0846158
LINC01151,-0.12991576,0.0165,0.0846641
RNU6ATAC35P,0.282,0.0441,0.0847
NPC1,-0.13,0.0441,0.0847
OR51B5,0.502,0.0441,0.0847
KDM4A-AS1,0.173,0.0441,0.0847
LOC105376526,0.329,0.0441,0.0847
HSD3B1,-0.48308659,0.0166,0.0847866
KRTAP4-7,0.11095217,0.0166,0.0847866
LOC105373673,0.256,0.0442,0.0848
MRM3,-0.171,0.0442,0.0848
SPNS2-AS1,-0.364,0.0442,0.0848
UBQLN4,-0.136,0.0442,0.0848
RB1CC1,0.122,0.0442,0.0848
SLC4A5,-0.193,0.0442,0.0848
BRINP1,-0.365,0.0442,0.0849
STIP1,-0.153,0.0443,0.0849
POU1F1,0.09313824,0.0166,0.0849156
SOCS4,0.14484023,0.0166,0.0849245
SPCS3,0.8496107,0.00111,0.08495
ALG13,0.135,0.0443,0.085
RCBTB2,-0.118,0.0443,0.085
HIP1R /// LOC100294412,-0.7171115,0.00112,0.08502
LOC100130798,0.10395823,0.0167,0.0850946
ZGPAT,-0.415,0.0444,0.0851
LOC105374812,0.332,0.0444,0.0851
CMA1,-0.329,0.0444,0.0851
RP1L1,0.1289111,0.0167,0.0851074
LOC101927835,0.11508282,0.0167,0.0851074
GGN,0.1191337,0.0167,0.0851113
EIF2S2,0.18821938,0.0167,0.0851225
PKHD1,0.08866257,0.0167,0.0851577
BNIP2,0.17432924,0.0167,0.0851577
SSX4B,-0.09755869,0.0167,0.0851743
FGF20,-0.10378956,0.0167,0.0851875
KYAT3,0.167,0.0444,0.0852
HAVCR1,-0.58,0.0445,0.0852
RNF126P1,0.12055594,0.0167,0.0852714
NOS1,0.09870272,0.0168,0.085272
FAM92A1,-0.20496242,0.0168,0.0852911
RFX3,0.14226678,0.0168,0.0852911
LARP4B,0.203408,0.0168,0.0852961
DLGAP4-AS1,-0.24,0.0445,0.0853
AKR1C1,0.235,0.0445,0.0853
LOC100288306,-0.12275863,0.0168,0.0853231
MAGEA11,-0.13559218,0.0168,0.0853338
LOC105375918,0.318,0.0446,0.0854
CHRFAM7A,0.08372416,0.0168,0.0854005
CBX1,-0.35408364,0.0168,0.0854539
SLC39A4,-0.13607394,0.0168,0.0854542
SLC22A18AS,-0.49182398,0.0168,0.0854542
C11ORF84,-0.12269378,0.0168,0.0854542
C3ORF20,-0.1194693,0.0168,0.0854542
PCDHGA3,0.10708807,0.0169,0.0854682
WWC2-AS1,-0.09243883,0.0169,0.0854741
CSTF3,0.129,0.0447,0.0855
N6AMT1,0.167,0.0447,0.0855
LOC107987083,0.387,0.0447,0.0856
PRG4,0.189,0.0447,0.0856
RSAD1,0.4750956,0.00119,0.08568
SFXN4,0.547845,0.00118,0.08568
SMAP2,-0.4852142,0.00115,0.08568
EEF1G /// LOC642357 /// TUT1,0.9894584,0.00117,0.08568
SESN3,-1.004237,0.00119,0.08568
C4A /// C4B /// LOC100292046 /// LOC100294156,1.5685735,0.00115,0.08568
FAT3,-0.8713462,0.00117,0.08568
VEGFB,-0.7365436,0.00117,0.08568
CYP4F2,0.8189545,0.0012,0.08568
STBD1,0.742424,0.00115,0.08568
SEC14L4,0.904744,0.00115,0.08568
ABHD14A-ACY1,-0.344,0.0448,0.0857
TRIM58,0.11524206,0.0169,0.0857042
TAS2R40,0.0982053,0.0169,0.0857792
MCPH1,0.0954,0.0448,0.0858
LOC105374445,0.282,0.0448,0.0858
HDAC2,-0.19711008,0.017,0.085819
NCBP2,-0.20739537,0.017,0.0858249
RPS6KA2-AS1,-0.093086,0.017,0.0858286
OAZ3,-0.14746356,0.017,0.0858369
TPRXL,0.10136519,0.017,0.0858955
PGAP3,-0.26,0.0449,0.0859
PTPN13,-0.235,0.0449,0.0859
LOC105376810,0.231,0.0449,0.0859
LOC101929018,0.229,0.0449,0.0859
C4ORF47,0.13556005,0.017,0.0859334
LOC105370619,-0.10963056,0.017,0.0859449
JAKMIP3,-0.12112751,0.017,0.085966
PAPD7,0.32699461,0.017,0.0859759
PSME3,-0.125,0.045,0.086
PPAT,0.134,0.045,0.086
STMP1,0.147,0.045,0.086
MAP3K19,0.311,0.0449,0.086
C3ORF79,0.09992403,0.017,0.0860383
HSPA5,0.36483479,0.017,0.0860383
ACSS2,-0.17104857,0.017,0.0860383
CDKN1B,-0.21909056,0.017,0.0860383
SNAPC1,0.30913728,0.0171,0.086171
METTL10,0.12405702,0.0171,0.086171
MRPS15,0.142,0.0451,0.0862
PGM2,0.36495725,0.0171,0.0862009
VSIG8,0.1056792,0.0171,0.0862682
KLK12,-0.09396534,0.0171,0.0862872
TBX19,-0.21103856,0.0171,0.086292
LOC157273,0.374,0.0451,0.0863
MED31,0.123,0.0452,0.0863
ARL6IP5,-0.3760037,0.0172,0.0863898
HPCAL1,-0.212,0.0452,0.0864
LOC105374748,-0.298,0.0452,0.0864
LOC105378468,0.363,0.0452,0.0864
CPSF7,-0.11513624,0.0172,0.0864355
NDST1,0.38669414,0.0172,0.0864506
ELP4,0.153,0.0452,0.0865
ZNF711,-0.299,0.0453,0.0865
ZSWIM1,0.148,0.0452,0.0865
CCDC34,-0.21018323,0.0172,0.0865424
FLG,0.09562258,0.0172,0.086594
TAF1L,0.20413317,0.0172,0.0866207
NPY1R,0.08171209,0.0172,0.0866302
AGAP1,0.24312727,0.0173,0.0866746
LOC107984492,0.339,0.0454,0.0867
EPB41L2,-0.9650408,0.00122,0.08671
SOX6,0.09278883,0.0173,0.0867172
DHRS1,0.7199206,0.00123,0.08676
KRT33A,0.1009229,0.0173,0.0867695
UQCRFS1,-0.19550125,0.0173,0.0868151
TMEM126B,-0.15981968,0.0173,0.0868276
LINC00493,-0.18042685,0.0173,0.0868821
SPERT,0.12991087,0.0173,0.0868821
GRM5,-0.12280579,0.0174,0.0869557
SRGAP1,-0.7760816,0.00123,0.08701
PKM2,-0.6319358,0.00124,0.08701
ZNF445,-0.7005142,0.00124,0.08701
C15ORF54,-0.12738209,0.0174,0.0870255
TMEM39A,0.21195732,0.0174,0.08704
PDE7A,-0.14853662,0.0174,0.08704
PNN,-0.23819767,0.0174,0.08704
CSTF2T,-0.7297489,0.00124,0.08709
MESD,0.0863,0.0456,0.0871
CSRP1-AS1,0.179,0.0456,0.0872
LINC02918,-0.344,0.0457,0.0872
NPIPA2,0.167,0.0457,0.0873
DHX40,0.119,0.0457,0.0873
VPS11,-0.158,0.0457,0.0873
TBCC,-0.19423256,0.0175,0.0873014
ATP6V0A2,0.15864736,0.0175,0.087338
LINC01109,0.08427755,0.0175,0.0873802
ADRA1B,0.31363332,0.0175,0.0874283
PPFIA1,0.22530892,0.0175,0.0874502
LOC107986541,0.454,0.0458,0.0875
C6ORF229,0.10848107,0.0175,0.0875206
RBPJ,0.19763076,0.0176,0.0875669
SLC35G6,-0.18832363,0.0176,0.0875794
IL22RA1,-0.20218427,0.0176,0.0875794
RAP1B,0.126,0.0459,0.0876
LOC105375691,0.361,0.0459,0.0876
CEP192,0.153,0.0459,0.0876
LRRC41,-0.197,0.0459,0.0876
CDIN1,0.12,0.0459,0.0876
MMP11,-0.50601433,0.0176,0.0876419
CYP2B6,1.5573909,0.00126,0.08766
PCDH11X,0.08934819,0.0176,0.0876609
RAB19,0.09498084,0.0176,0.0876743
LOC107986289,0.58,0.046,0.0877
LOC100506235,0.256,0.046,0.0877
SLC8A1-AS1,-0.297,0.046,0.0877
CLMAT3,-0.268,0.046,0.0877
LOC105374781,0.35,0.046,0.0877
MRPL30,-0.11970706,0.0177,0.0877986
LOC105369513,-0.825,0.046,0.0878
LOC102725112,0.398,0.0461,0.0878
TMEM238,-0.31033992,0.0177,0.087826
HACE1,0.142,0.0461,0.0879
VPS37D,-0.389,0.0461,0.0879
GPR37L1,-0.245,0.0461,0.0879
MBTPS1,0.0811,0.0461,0.0879
GINS1,-0.251,0.0461,0.0879
GFAP,-0.384,0.0461,0.0879
NUFIP1,-0.15822534,0.0177,0.0879024
TMC2,-0.09395764,0.0177,0.087916
CCDC85A,-0.12237442,0.0177,0.087916
CHRM1,-0.11822298,0.0177,0.0879327
ACAP2,-0.17032506,0.0177,0.0879361
FOXRED2,0.17572877,0.0177,0.0879361
CTAG1B,0.0842552,0.0177,0.0879362
KRTAP13-4,0.10160959,0.0177,0.0879362
ZSWIM7,0.11,0.0462,0.088
LOC105377056,0.397,0.0462,0.088
SKIV2L,0.31167939,0.0178,0.088083
PCDHB12,-0.331,0.0463,0.0881
FNDC11,0.09246404,0.0178,0.0881101
OR9G9,0.12624385,0.0178,0.0881101
LOC102723722,-0.414,0.0463,0.0882
SNX5,0.108,0.0463,0.0882
EPS15,0.0868,0.0463,0.0882
GLB1L,-0.123,0.0463,0.0882
DIAPH2-AS1,0.308,0.0464,0.0882
SIGLEC6,0.12689888,0.0178,0.0882164
TFAP2B,0.07993539,0.0178,0.0882202
RBMY1J,-0.10221536,0.0178,0.0882368
NEK11,-0.21748744,0.0178,0.0882368
LINC01351,0.09687586,0.0178,0.0882598
PSMD1,0.15786863,0.0178,0.0882598
C19ORF12,-0.166,0.0464,0.0883
LOC107984878,0.365,0.0464,0.0883
RCN2,-0.30650733,0.0179,0.0883033
FUT2,-0.16826077,0.0179,0.0883033
CDK20,-0.17356121,0.0179,0.0883601
TEX264,-0.261,0.0465,0.0884
CTRL,-0.289,0.0464,0.0884
P3H1,-0.133,0.0465,0.0884
TMEM30A,0.19254352,0.0179,0.0884052
CYP4F12,1.1081148,0.00129,0.08846
UNC13C,0.931,0.0465,0.0885
ITGA2,-0.47878983,0.0179,0.0885925
SLC1A4,-0.16,0.0466,0.0886
LOC107986993,0.4,0.0466,0.0886
CEP152,-0.13605093,0.018,0.0886822
FAM114A1,0.107,0.0467,0.0887
LOC107986167,0.355,0.0467,0.0887
NOS2,-0.577,0.0466,0.0887
CCER2,-0.245,0.0467,0.0888
LOC107985708,0.304,0.0467,0.0888
ZNF880,-0.246,0.0467,0.0888
GPER1,0.68427922,0.018,0.0888903
TIMD4,0.7260575,0.018,0.0888911
RPL26L1-AS1,0.344,0.0468,0.0889
TSKU-AS1,0.442,0.0468,0.0889
LOC105370832,0.437,0.0468,0.0889
RECQL5,-0.169,0.0468,0.0889
SDK1,-0.28,0.0468,0.0889
RPS4Y2,-0.43589066,0.018,0.0889378
FAM25A,-0.11536231,0.018,0.0889523
PHGDH,0.53810108,0.018,0.0889662
OOSP2,0.11293133,0.0181,0.0890359
DOCK9,-0.15530503,0.0181,0.0890359
HYAL1,0.26514931,0.0181,0.0890492
SPRR2A,0.09668947,0.0181,0.0890492
DALIR,0.1071952,0.0181,0.0890602
SPATA31A1,0.10781249,0.0181,0.0890602
RIIAD1,-0.12973423,0.0181,0.0890817
ZNF474,0.10526066,0.0181,0.0890832
IL5,0.32,0.0469,0.0891
LOC105372173,0.46,0.0469,0.0891
FAM87B,0.264,0.0469,0.0891
LOC107986401,0.34,0.0469,0.0891
GRIA4,0.63,0.047,0.0892
PDCD4,-0.133,0.047,0.0892
LINC02728,0.302,0.047,0.0892
CCDC169,0.12327508,0.0182,0.0892333
OR5M10,-0.11035346,0.0182,0.089269
HERC2P11,0.222,0.0471,0.0893
MIR4500HG,0.661,0.047,0.0893
TRNT1,0.105,0.0471,0.0894
PNKD,-0.301,0.0471,0.0894
MUSTN1,0.15986883,0.0182,0.0894345
C18ORF54,-0.14921555,0.0182,0.0894988
LSM11,0.118,0.0472,0.0895
OR2D2,0.08770629,0.0183,0.0895968
RBPJL,0.12236017,0.0183,0.0896508
PQLC3,-0.28232453,0.0183,0.0896651
TRBV20OR9-2,0.11056541,0.0183,0.0897706
FUT9,-0.09075644,0.0183,0.0897999
DNAJC18,-0.268,0.0474,0.0898
SLC22A6,0.10696013,0.0184,0.0898391
MYH7,0.10847971,0.0184,0.0898483
TRD@,-0.8018071,0.00133,0.08985
TRAF3IP2,-0.7799508,0.00133,0.08985
ALMS1P1,0.262,0.0474,0.0899
LOC107987249,-0.494,0.0474,0.0899
TRPC4AP,-0.0896,0.0474,0.0899
KRTAP21-3,-0.11006749,0.0184,0.0899097
MAGIX,-0.10982319,0.0184,0.089925
FTL,1.4928321,0.00133,0.08993
RPN2,-0.18945474,0.0184,0.0899617
ATP5J2 /// PTCD1,1.4379856,0.00134,0.08997
DYNC1I2 /// HNRNPM,0.8820162,0.00134,0.08997
AKAP11,0.12615829,0.0184,0.0899702
VPS39-DT,0.211,0.0474,0.09
TVP23B,0.149,0.0475,0.09
SLC41A3-AS1,0.393,0.0475,0.09
LOC107985224,0.363,0.0475,0.09
RLTPR,-0.7281751,0.00135,0.09
LOC102723665,0.233,0.0475,0.09
LOC105378561,0.316,0.0475,0.09
PLS3,0.20931426,0.0184,0.0900633
ANKRD34C,0.1025444,0.0185,0.0900751
PIGL,0.12872581,0.0184,0.0900751
CDC14A,-0.13033568,0.0184,0.0900751
LGI1,0.485,0.0476,0.0901
AGPAT5,0.248,0.0475,0.0901
SLC29A2,-0.1339123,0.0185,0.0901835
SAAL1,-0.14560736,0.0185,0.0901835
CDH16,0.14448682,0.0185,0.0901835
LOC389906,-0.178,0.0477,0.0902
CSNK1G1,0.12056736,0.0185,0.0902025
KIAA1257,-0.12316091,0.0185,0.0902513
LOC112268253,-0.417,0.0477,0.0903
TTN-AS1,0.155,0.0477,0.0903
TMEM178B,-0.58,0.0477,0.0903
LOC107986617,0.386,0.0477,0.0903
CASP6,-0.17217618,0.0185,0.0903168
ODF2L,0.12157697,0.0186,0.090398
NRBP2,-0.172,0.0477,0.0904
SIAH2-AS1,0.309,0.0478,0.0904
LOC105379087,0.259,0.0478,0.0904
SFPQ,0.116,0.0477,0.0904
PTGER3,0.11259107,0.0186,0.0904394
PRDM2,0.12215835,0.0186,0.0904695
SYF2,-0.2901208,0.0186,0.0904899
CDC42BPB,0.15460174,0.0186,0.0904899
TAF8,-0.0975245,0.0186,0.0904899
MSH4,0.362,0.0479,0.0905
ZNF32,0.124,0.0478,0.0905
SBDS,0.141,0.0478,0.0905
FAM183A,0.653,0.0479,0.0906
LOC101928295,0.382,0.0479,0.0906
ATP1A2,-0.12435244,0.0187,0.0906895
OXTR,-0.28466658,0.0187,0.0906895
APTX,0.15538657,0.0187,0.0907816
PKD1L2,0.10530561,0.0187,0.0907816
FBXL9P,-0.275,0.048,0.0908
IFIT2,0.173,0.048,0.0908
LOC646652,-0.344,0.048,0.0908
DGKE,0.133,0.048,0.0908
MARS2,-0.194,0.048,0.0908
MUC3A,-0.759,0.048,0.0908
WDR11,-0.28724403,0.0187,0.0908951
CASP4LP,-0.247,0.0481,0.0909
BMPR2,0.15,0.0481,0.0909
ZBED4,-0.102,0.0481,0.0909
C3ORF58,0.3182487,0.0187,0.0909157
WDR54,-0.52989196,0.0188,0.0909408
TMEM101,-0.16305913,0.0188,0.0909733
LOC107986069,0.218,0.0482,0.091
PIGF,-0.12,0.0482,0.091
LOC112268155,0.157,0.0482,0.091
BRI3,-0.189,0.0482,0.091
FAM133DP,0.124,0.0482,0.091
RNU4-2,0.314,0.0482,0.091
CMTM4,0.153,0.0482,0.091
TTLL11-IT1,0.10588774,0.0188,0.091049
DND1,0.11965508,0.0188,0.091094
SMCR8,0.147,0.0483,0.0911
MTREX,0.104,0.0483,0.0911
CSTF1,0.118,0.0482,0.0911
LOC105378469,0.387,0.0482,0.0911
GLOD4,-0.16157083,0.0188,0.0911144
ASCL2,0.29203311,0.0188,0.0911144
PLAA,-0.12941421,0.0188,0.0911144
DAD1,-0.17994577,0.0188,0.0911459
DUSP19,0.186,0.0483,0.0912
C5ORF56,-0.7530247,0.00139,0.09122
HPX,1.3007757,0.00139,0.09122
CCDC74A /// CCDC74B,-0.5222399,0.00139,0.09122
C11ORF24,0.22087619,0.0188,0.0912247
ZNF879,0.175,0.0484,0.0913
GJB4,0.646,0.0484,0.0914
LOC105369820,0.331,0.0485,0.0914
AGBL4-IT1,0.12267432,0.0189,0.0914444
CD1B,-0.20049696,0.0189,0.0914509
KANK4,0.357,0.0485,0.0916
TPCN1,-0.175,0.0486,0.0916
ARHGEF33,0.258,0.0486,0.0916
HCG18,0.144,0.0486,0.0916
KRT1,0.09742202,0.019,0.0916175
NR5A1,0.10513265,0.019,0.0916397
NOX3,0.08114086,0.019,0.0916397
ACOT9,-0.121,0.0486,0.0917
UMOD,0.13361749,0.019,0.0917235
KANK2,-0.31953202,0.019,0.0917864
FAM122C,0.11635161,0.019,0.0918381
TMEM203,-0.17325104,0.019,0.0918537
LOC101928045,0.184,0.0488,0.0919
NAXD,-0.156,0.0487,0.0919
GINS2,-0.247,0.0487,0.0919
DNAJC3-DT,0.197,0.0488,0.0919
LOC102724877,0.239,0.0488,0.092
SLC25A3,-0.24141975,0.0191,0.0920331
OR2H2,-0.10753008,0.0191,0.0920976
FAM229B,-0.15761298,0.0192,0.0922889
ZNRD1,-0.23194219,0.0192,0.0922889
PAK4,-0.287,0.049,0.0923
STK24,-0.138,0.049,0.0923
CPS1-IT1,0.366,0.049,0.0923
GPR180,0.33354466,0.0192,0.0923277
OR5P3,0.12150169,0.0192,0.0923588
GAB4,0.13026327,0.0192,0.092456
LINC01468,-0.11292716,0.0193,0.0924736
TTN,0.12004618,0.0193,0.0924736
PDCD6-DT,0.342,0.0492,0.0925
EFNB2,-0.218,0.0491,0.0925
ZNF710,-0.216,0.0491,0.0925
CCDC39,0.222,0.0491,0.0925
PCDHA1,0.347,0.0492,0.0926
TMEM39B,-0.126,0.0492,0.0926
NRGN,-0.17863505,0.0193,0.0926952
SPRR1B,0.11315652,0.0193,0.0927609
DLX1,0.13335228,0.0194,0.0928414
DSCAML1,-0.351,0.0493,0.0929
SMIM14-DT,0.314,0.0494,0.0929
ACOT12,-0.181,0.0494,0.0929
LOC105379857,0.215,0.0494,0.0929
ANKRD50,-0.35891194,0.0194,0.0929569
LOC101928614,0.10681855,0.0194,0.0929759
LOC101929280,-0.444,0.0495,0.093
CDC27P10,0.734,0.0495,0.093
MBNL1-AS1,-0.204,0.0495,0.093
NRP2,-0.257,0.0494,0.093
NFIX,-0.195,0.0494,0.093
MPHOSPH6,-0.152,0.0495,0.093
OLFM2,-0.437,0.0494,0.093
CEACAM7,0.1382303,0.0194,0.0930009
CEP112,-0.12996414,0.0194,0.0930856
STK4,-0.105,0.0495,0.0931
SPANXN5,0.10263797,0.0195,0.0931489
FAM114A2,0.108,0.0496,0.0932
FAM65C,0.13778681,0.0195,0.0932908
LOC105372645,0.09926749,0.0195,0.0933087
LGMN,-0.10252056,0.0195,0.0933318
TRAPPC2L,-0.27819255,0.0195,0.0933627
LOC101927243,-0.317,0.0497,0.0934
KDM5D,-1.72,0.0497,0.0934
UQCRC1,-0.256,0.0497,0.0934
LOC105379127,0.418,0.0497,0.0934
CLPS,0.07376158,0.0196,0.0934336
RAVER2,-0.28052721,0.0196,0.0934723
RPS7,-0.35027755,0.0196,0.093478
RWDD3-DT,0.348,0.0498,0.0935
LINC02250,0.298,0.0498,0.0935
PRR13,-0.1328149,0.0196,0.0935271
PRPSAP1,0.29636372,0.0196,0.0935732
MSMB,0.15628163,0.0196,0.0935977
NDRG2,0.177,0.0498,0.0936
FMR1NB,0.1002603,0.0196,0.0936019
PCDHB9,0.29913615,0.0196,0.0936124
SRRM2,0.30866086,0.0196,0.0936951
SEZ6,-0.353,0.0499,0.0937
ZFP41,-0.263,0.0499,0.0937
CCL14,-0.378,0.05,0.0937
ATP9A,-0.147,0.0499,0.0937
TRNS1,-0.334,0.05,0.0937
TMEM177,0.122,0.0499,0.0937
LOC105378768,0.418,0.0499,0.0937
SMIM41,0.354,0.0499,0.0937
MIR6809,-0.401,0.0499,0.0937
PFN3,-0.13296272,0.0196,0.0937206
FBXW8,-0.0990911,0.0196,0.0937328
DGAT2,1.0541965,0.00146,0.09377
PTPN18,-0.12715056,0.0197,0.0937895
STIL,-0.169,0.05,0.0938
LOC107986257,-0.256,0.05,0.0938
SLC25A44,0.22831054,0.0197,0.0938347
SLITRK4,0.09568017,0.0197,0.0938871
SHOC1,0.224,0.0501,0.0939
LOC105378511,-0.38,0.0501,0.0939
COASY,-0.202,0.0501,0.0939
INO80B-WBP1,-0.195,0.0501,0.0939
SZRD1,-0.192,0.0501,0.0939
S100A12,0.25391901,0.0197,0.0939419
RSRP1,-0.20983771,0.0197,0.0939947
FAM27E3,-0.376,0.0501,0.094
LOC105377616,0.505,0.0501,0.094
LOC100996598,0.396,0.0502,0.0941
CHKA,0.138,0.0502,0.0941
CTSLP2,0.34,0.0503,0.0942
PTH1R,-0.249,0.0503,0.0942
MEIS3P1,-0.25750476,0.0198,0.0942019
ZHX1-C8ORF76,0.103,0.0503,0.0943
MYPOP,-0.182,0.0503,0.0943
LOC107985221,0.317,0.0504,0.0944
LOC105375045,0.288,0.0504,0.0944
ART1,-0.14414204,0.0199,0.0944201
DNHD1,0.12199247,0.0199,0.0944546
ZNF829,0.08985771,0.0199,0.0944592
LOC112268301,-0.213,0.0505,0.0945
LOC112268151,-0.577,0.0504,0.0945
COPB2-DT,0.187,0.0504,0.0945
LOC101927815,0.1028997,0.0199,0.0945107
ENTHD1,-0.15896504,0.0199,0.0945109
ZBTB7C-AS1,0.423,0.0505,0.0946
LOC105376039,0.269,0.0505,0.0946
LACRT,0.0997772,0.0199,0.0946403
VEGFA,1.3370001,0.00148,0.09469
FBXO24,-0.303,0.0506,0.0947
HARS1,-0.11,0.0506,0.0947
ZNF547,-0.184,0.0506,0.0947
PIGU,-0.20787552,0.02,0.0947459
SNX30,0.15712032,0.02,0.0947554
CDKN2B-AS1,-0.376,0.0507,0.0948
LOC105376161,0.398,0.0506,0.0948
LOC107984200,-0.218,0.0506,0.0948
MANSC1,-0.21471567,0.02,0.0948221
ZBTB33,-0.29270941,0.02,0.0948221
C17ORF67,0.228,0.0507,0.0949
MIR4480,-0.457,0.0507,0.0949
LMX1B,0.13461923,0.02,0.0949284
NEUROG3,-0.08261005,0.02,0.0949433
SNORA71C,-0.439,0.0508,0.095
LOC105370525,-0.201,0.0508,0.095
CLPP,-0.31,0.0508,0.095
ASB14,0.10659826,0.0201,0.0950081
DRICH1,0.10124026,0.0201,0.0950812
LINC02803,0.29,0.0509,0.0951
LOC102724219,0.303,0.0508,0.0951
COX15,-0.12403047,0.0201,0.0951065
PDHB,0.18004291,0.0201,0.0951065
FKRP,0.22085681,0.0201,0.0951065
PIGA,0.24524893,0.0201,0.0951823
LOC107985080,0.279,0.0509,0.0952
ZNF613,0.126,0.0509,0.0952
C2ORF18,-0.7008648,0.00151,0.09521
PDCD4-AS1,-0.272,0.051,0.0953
LOC105375935,0.371,0.051,0.0953
CERS2,0.194,0.051,0.0953
FAM45A,-0.22991747,0.0202,0.0953633
LOC101928126,0.314,0.051,0.0954
MRPS26,-0.184,0.051,0.0954
MSRB2,0.9023267,0.00152,0.09552
PSTK,0.169,0.0511,0.0956
DSCR3,-0.16473749,0.0202,0.0956511
CHEK1,-0.205,0.0512,0.0957
LOC102723983,0.255,0.0512,0.0957
CPEB1,-0.1148839,0.0203,0.0957168
ZNF555,-0.0848964,0.0203,0.0957718
FAM102B,-0.6310756,0.00153,0.09579
BRINP2,0.0921212,0.0203,0.0958058
LRRC37B,-0.11611294,0.0203,0.0958172
ODF3L1,0.15464717,0.0203,0.0958188
GOLGA8A,0.2728279,0.0203,0.0958845
ZFYVE26,-0.102,0.0513,0.0959
LOC105370941,-0.11682865,0.0203,0.0959081
HOXC4,0.10756422,0.0204,0.0960027
TLR1,-0.15542569,0.0204,0.0960157
CCPG1,0.129,0.0514,0.0961
ZNF85,-0.225,0.0515,0.0961
UGT3A2,-0.373,0.0515,0.0962
PIERCE1,-0.284,0.0515,0.0962
ZNF529-AS1,-0.176,0.0515,0.0962
HECW1,-0.473,0.0516,0.0962
NIPSNAP1,0.185,0.0515,0.0962
RRN3P1,0.33275972,0.0205,0.0962458
C10ORF35,-0.3382376,0.0205,0.0962703
TPST2,0.18612886,0.0205,0.0962715
LOC107985858,0.284,0.0516,0.0963
LOC105374421,0.203,0.0516,0.0963
PLCG2,-0.127,0.0516,0.0963
SSX4,0.16944987,0.0205,0.0963287
PRDM11,0.1669225,0.0205,0.0963378
REG1CP,-0.1187521,0.0205,0.0963696
AMICA1,-0.7158962,0.00155,0.09639
ATAD2B,0.106,0.0516,0.0964
COX5B,0.16805156,0.0205,0.096404
ATP5D,-0.19850971,0.0205,0.096404
GSG1,0.09955981,0.0205,0.096404
POTEA,0.1040907,0.0205,0.0964537
GTF2A2,-0.16641037,0.0205,0.0964759
SRXN1,-0.239,0.0517,0.0965
LOC107984718,0.224,0.0517,0.0965
TEX15,0.423,0.0518,0.0965
LOC105375080,0.355,0.0517,0.0965
PDRG1,-0.176,0.0517,0.0965
WNK4,-0.26329951,0.0205,0.096505
CCDC28A,0.24163983,0.0206,0.0965398
SPANXN2,0.12160197,0.0206,0.0965526
LOC107986513,0.206,0.0518,0.0966
AMPD2,-0.238,0.0519,0.0967
SNORD19C,-0.425,0.0519,0.0967
RXRA,0.3263146,0.0206,0.0967294
CSE1L,-0.14023641,0.0206,0.0967885
FHL1,-0.251,0.0519,0.0968
EPB41L1,0.45,0.052,0.0968
TIMM9,-0.22700731,0.0206,0.0968086
RUNX1T1,0.13179772,0.0206,0.0968086
IMPA2,0.35379475,0.0206,0.0968489
IL31RA,0.11308457,0.0207,0.0968554
BMS1P4-AGAP5,0.143,0.052,0.0969
ENKD1,-0.301,0.052,0.0969
LARGE-AS1,0.279,0.052,0.0969
CX3CR1,-0.36496511,0.0207,0.0969133
LINC01598,-0.0898995,0.0207,0.0969133
CDC27P9,0.727,0.0521,0.097
TLX2,0.09969562,0.0207,0.0970781
ZNF232,-0.1977063,0.0207,0.0970781
MIR4319,0.361,0.0521,0.0971
AHNAK,-0.137,0.0522,0.0971
LOC102724951,0.303,0.0522,0.0971
SELENOF,0.14,0.0521,0.0971
ATP1B1,0.31759868,0.0207,0.0971
SETBP1,0.13,0.0521,0.0971
LINC02006,0.414,0.0521,0.0971
PNOC,-0.24300685,0.0207,0.0971045
LOC100287430 /// RPS5,2.4891843,0.00157,0.09715
PCNP,-0.19996967,0.0208,0.0971962
NNT-AS1,0.121,0.0522,0.0972
LOC105374846,-0.469,0.0522,0.0972
GOLM2,0.139,0.0522,0.0972
GATB,0.21422213,0.0208,0.0972657
SLC10A2,0.11285338,0.0208,0.0972883
STK26,-0.20687471,0.0208,0.0972947
NPIPA3,0.164,0.0523,0.0973
F12,-0.257,0.0523,0.0973
FPGS,-0.261,0.0523,0.0973
B9D2,-0.263,0.0523,0.0973
TCEANC2,0.117,0.0523,0.0973
HPDL,0.11090548,0.0208,0.0973051
RNF17,0.10395468,0.0208,0.0973051
OR4F6,0.09890328,0.0208,0.0973824
PTPDC1,-0.16,0.0524,0.0974
RORA-AS1,0.23,0.0524,0.0974
RASL10A,-0.275,0.0524,0.0974
DNAAF4-CCPG1,0.133,0.0523,0.0974
L3MBTL2-AS1,-0.123,0.0525,0.0975
NDUFAF2,-0.22693162,0.0209,0.0975152
KRTAP24-1,0.08419094,0.0209,0.0975818
IDH3A,0.23125928,0.0209,0.0975876
OR4C12,-0.10979223,0.0209,0.0976751
CIDECP1,-0.273,0.0525,0.0977
LIN54,0.111,0.0525,0.0977
LHFP,-0.42616923,0.0209,0.0977187
GLTSCR1,0.26566883,0.021,0.097807
LINC00678,0.395,0.0527,0.0979
LOC105371877,0.517,0.0527,0.0979
FAM189A2,-0.16833423,0.021,0.0979109
LOC100505736,0.207,0.0528,0.098
LOC102724615,-0.253,0.0528,0.098
CH17-125A10.2,0.629,0.0527,0.098
LOC105370041,0.2,0.0527,0.098
CSRP1,1.12419,0.00159,0.09804
MIR1282,-0.248,0.0528,0.0981
ADAMTSL5,-0.283,0.0528,0.0981
PTGER1,-0.27651509,0.0211,0.0981011
RNF181,-0.34115478,0.0211,0.0981437
FAM72A,-0.244,0.0529,0.0982
USP30-AS1,0.217,0.0529,0.0982
DPAGT1,-0.22866593,0.0211,0.0982331
FLNC,-0.617,0.0529,0.0983
SNORA38,-0.516,0.053,0.0983
LINC02316,0.232,0.0529,0.0983
ADH1C,0.281,0.0529,0.0983
SPIN2A,0.09532421,0.0211,0.09832
PPP1R14B,-0.238,0.0531,0.0984
EMC7,0.121,0.0531,0.0984
VPS35,-0.22379523,0.0212,0.0984608
NBPF11,0.23968554,0.0212,0.0984608
EPO,-0.80481754,0.0212,0.0984617
GNRHR,0.252,0.0531,0.0985
ILDR2,0.322,0.0531,0.0985
SCAMP3,-0.278,0.0531,0.0985
NRON,0.247,0.0531,0.0985
GGPS1,0.113,0.0531,0.0985
TLCD2,0.12719741,0.0212,0.0985164
ZMYM5,0.13110743,0.0212,0.0985164
NDUFA7,-0.22739888,0.0212,0.0985205
RTN4R,-0.38483581,0.0212,0.0985363
BLK,-0.23856986,0.0212,0.09857
HOXA9,0.10470768,0.0212,0.0985723
DDX24,-0.126,0.0532,0.0986
HCN1,-0.10285103,0.0212,0.0986081
F7,0.40546159,0.0212,0.0986123
TMEM57,0.22830579,0.0213,0.0986637
NBN,0.121,0.0533,0.0987
GTF3C2,-0.13978503,0.0213,0.0987944
LOC101929240,-0.209,0.0533,0.0988
LOC105375366,0.361,0.0533,0.0988
LOC105375060,-0.359,0.0533,0.0988
SPDYE2,-0.12644431,0.0213,0.0988031
DMRT1,0.09085097,0.0213,0.0988031
HRASLS5,0.08807529,0.0213,0.0988141
SCAT2,0.29,0.0534,0.0989
DAP3,-0.16788431,0.0214,0.0989535
LOC101928327,-0.14744117,0.0214,0.0989535
VCP,-0.133,0.0535,0.099
SNHG8,0.212,0.0534,0.099
AFTPH,-0.13807421,0.0214,0.099102
KCNH4,0.14244934,0.0214,0.0991714
SPRTN,-0.11974435,0.0214,0.0991872
TMEM9B-AS1,0.26,0.0536,0.0992
LOC100272217,0.214,0.0535,0.0992
C14ORF132,0.243,0.0536,0.0992
LOC107987078,0.447,0.0536,0.0992
ASB7,0.0869,0.0536,0.0992
FICD,-0.213,0.0536,0.0992
COCH,0.226,0.0536,0.0992
ZFYVE1,0.12643043,0.0215,0.0992027
LYPLAL1-AS1,0.416,0.0536,0.0993
CNTFR,-0.309,0.0536,0.0993
LOC105378268,0.205,0.0537,0.0993
SYNE1-AS1,-0.242,0.0536,0.0993
BCAS4,-0.25055606,0.0215,0.0993367
LOC105379442,0.339,0.0537,0.0994
PHKA2,0.3132556,0.0215,0.099411
HCRT,0.16187225,0.0215,0.099411
CYP27A1,0.8643558,0.00164,0.09942
CTNNA1,-0.26546495,0.0215,0.099437
LOC105377832,-0.11421004,0.0215,0.0994694
BNC1,0.11256586,0.0216,0.0994868
RDH11,0.233,0.0538,0.0995
GNPDA2,0.139,0.0538,0.0995
AAMDC,0.131,0.0539,0.0996
ADAT1,-0.0933,0.0539,0.0996
LOC107986789,0.401,0.0539,0.0996
LURAP1,-0.51,0.0539,0.0996
PWRN3,-0.427,0.0538,0.0996
AIPL1,0.13738279,0.0216,0.099641
KRT74,-0.15558828,0.0216,0.099641
MACROD1,0.385377,0.0216,0.099641
ACAN,0.11582666,0.0216,0.0996424
HPS5,-0.251,0.0539,0.0997
LLGL2,-0.278,0.0539,0.0997
TM9SF3,0.13,0.054,0.0998
ADCY10P1,0.227,0.054,0.0998
MANF,-0.259,0.054,0.0998
TARS,-0.22563181,0.0217,0.0998116
XRCC2,0.32209806,0.0217,0.099824
SNF8,0.23320867,0.0217,0.099824
NASP,0.21450032,0.0217,0.0998256
LOC392196,0.10086902,0.0217,0.0999052
PHYHIPL,-0.12108026,0.0217,0.0999115
UPF3A,0.21581776,0.0217,0.0999115
EDNRA,-0.2354808,0.0217,0.0999115
RYBP,0.25862922,0.0217,0.0999115
TMEM174,-0.09631657,0.0217,0.0999115
NEK6,0.29075803,0.0217,0.0999115
IFNE,0.10927263,0.0218,0.0999427
HP,0.5956399,0.00166,0.09999
LINC02884,-0.357,0.0543,0.1
LINC01011,-0.23,0.0543,0.1
CHMP7,-0.104,0.0542,0.1
PRCD,-0.249,0.0542,0.1
LINC02127,0.4,0.0543,0.1
APBB1IP,-0.207,0.0541,0.1
LOC105373138,0.415,0.0542,0.1
SEPTIN2,-0.0741,0.0543,0.1
LINC00598,0.402,0.0544,0.1
CFHR1,0.278,0.0541,0.1
LOC105369266,0.14674526,0.0218,0.1000022
COL17A1,-0.11171092,0.0218,0.1000349
PLAC9,-0.50823661,0.0218,0.1001033
TEX28,0.14065715,0.0218,0.100153
SP100,0.19677011,0.0219,0.1002185
CT47A1,0.11906035,0.0219,0.1002687
LOC728095,0.09315137,0.0219,0.1002687
KIF11,-0.1350864,0.0219,0.1004569
TERF2,-0.15375357,0.022,0.100494
FAM47B,0.10924293,0.022,0.100571
TUBA3E,-0.17523314,0.022,0.1005909
RIPK2,-0.6510444,0.00169,0.10061
LAMP2,-0.24091421,0.0221,0.1007178
LRRC14B,0.0990667,0.0221,0.1007203
GFRA4,0.08413449,0.0221,0.1008264
KAT2B,0.128,0.0547,0.101
RHOXF2,0.289,0.0545,0.101
RBP4,1.1447684,0.00171,0.101
LOC105373674,0.207,0.0548,0.101
TAF4,0.113,0.0547,0.101
MMADHC,0.16,0.055,0.101
HNRNPUL1,-0.107,0.0549,0.101
RDH10-AS1,0.275,0.0548,0.101
LOC90246,-0.462,0.0551,0.101
DPY19L3,0.102,0.0549,0.101
NPC1L1,0.7083514,0.00171,0.101
ZNF521,-0.256,0.0545,0.101
MYCL-AS1,0.257,0.0545,0.101
FAM83B,-0.391,0.0545,0.101
SLC33A1,0.142,0.0548,0.101
OR1F12P,0.493,0.0547,0.101
SLC29A1,-0.249,0.0545,0.101
NT5C3A,0.124,0.0545,0.101
JMJD1C-AS2,0.299,0.0547,0.101
TULP4,0.15646706,0.0222,0.1010088
OMD,-0.7539841,0.00173,0.10101
IGLV1-44 /// IGLV7-46,-0.6803335,0.00173,0.10101
CASK,-0.7189934,0.00173,0.10101
ANO1,1.4435747,0.00173,0.10101
NCKAP5,0.10460782,0.0222,0.1010105
KCNK5,-0.23374252,0.0222,0.1010164
MAGT1,0.36130988,0.0222,0.1010993
ATP5O,-0.15339956,0.0222,0.1011707
PROZ,0.77687473,0.0223,0.1012629
ABI3BP,-0.35230877,0.0223,0.1012629
SHFM1,0.9353374,0.00174,0.10137
C2ORF51,-0.7275268,0.00174,0.10137
ST6GALNAC2,-0.13824784,0.0223,0.1013744
MAGEC3,0.10919649,0.0223,0.1013882
GOLGA2P2Y,0.09616392,0.0223,0.1014995
MECP2,-0.17312905,0.0224,0.1015737
ASB13,0.43108663,0.0224,0.1015836
ATP6V1C1,-0.09595234,0.0224,0.1015993
TXNRD1,-0.28167562,0.0224,0.1015993
HSD3B7,0.3229021,0.0224,0.1016771
FTSJ3,-0.1638479,0.0225,0.1018145
TMEM223,-0.17413775,0.0225,0.1018535
GUCD1,0.2757828,0.0225,0.1018535
ROBO2,0.09549817,0.0225,0.1018535
CSNK1A1L,0.12237562,0.0225,0.1019628
ELL3,0.132,0.0557,0.102
GBA1,-0.215,0.0557,0.102
PCDHB5,0.256,0.0556,0.102
PUS3,0.157,0.0551,0.102
LOC105379015,0.372,0.0557,0.102
CIT,-0.296,0.0553,0.102
LRAT,-0.274,0.0556,0.102
DOP1B,0.362,0.0553,0.102
ALKAL2,-0.271,0.0554,0.102
LOC105379484,-0.523,0.0553,0.102
GLI3,-0.31,0.0553,0.102
LOC284581,-0.619,0.0552,0.102
LOC107986459,0.378,0.0552,0.102
LONRF3,0.203,0.0552,0.102
LOC101927506,0.243,0.0552,0.102
LOC107985921,0.129,0.0552,0.102
ASNSD1,0.116,0.0553,0.102
LOC107986357,0.276,0.0554,0.102
P4HA3,-0.332,0.0554,0.102
USP32,0.12,0.0555,0.102
LINC02256,-0.228,0.0554,0.102
SRA1,-0.14,0.0556,0.102
AKAP1,0.14,0.0552,0.102
LOC101929160,0.216,0.0556,0.102
SH2D6,0.364,0.0556,0.102
LOC107985488,0.351,0.0556,0.102
ZNF497-AS1,0.338,0.0555,0.102
CYLD,-0.0948,0.0555,0.102
LOC105372579,-0.323,0.0555,0.102
SELENOO-AS1,-0.253,0.0555,0.102
SPC25,-0.33,0.0555,0.102
FAM171A1,-0.42952734,0.0225,0.102039
NUDT4P1,0.08795664,0.0225,0.1020503
MTMR9,0.18238224,0.0226,0.1021195
GALNT4,-0.28426456,0.0226,0.1021653
RPF1,-0.14836788,0.0226,0.1022314
DUSP27,-0.12974746,0.0226,0.1022314
PPIL3,-0.19025522,0.0226,0.1022314
SRL,0.14169605,0.0227,0.1022584
DKFZP564C152,0.27071206,0.0227,0.1023201
SERPINA11,-0.31144706,0.0227,0.1023995
KRTAP5-9,-0.08973169,0.0228,0.1025316
PCDHGA6,0.11550405,0.0228,0.1025316
WBSCR17,-0.6205745,0.0018,0.10268
MYOC,0.10398017,0.0228,0.1027052
WDR36,0.16862442,0.0228,0.1027073
MYO18B,0.1007665,0.0228,0.1027073
ZBTB49,0.1326762,0.0229,0.1028479
CPN1,0.9745558,0.00181,0.10289
LINC01353,-0.09911332,0.0229,0.1029463
LOC107985746,-0.299,0.056,0.103
QSOX2,-0.14,0.056,0.103
LOC105376431,0.251,0.0561,0.103
MED7,0.097,0.0558,0.103
LOC107984702,0.248,0.056,0.103
LOC107984789,0.307,0.0561,0.103
NPHP1,-0.25,0.0564,0.103
PRMT6,0.325,0.0559,0.103
CEP85L,-0.143,0.056,0.103
METTL14-DT,0.308,0.0564,0.103
TMED5,0.156,0.0563,0.103
KCND3-AS1,0.318,0.0563,0.103
UPK3BL1,-0.288,0.0563,0.103
G3BP2,0.122,0.0559,0.103
YEATS2,-0.109,0.0559,0.103
CCDC157,-0.239,0.0559,0.103
MFSD5,-0.227,0.0561,0.103
LOC646548,0.329,0.056,0.103
GLMN,-0.16327309,0.0229,0.1031419
FERD3L,0.09955029,0.023,0.1031969
GPR3,-0.4496105,0.00182,0.10323
NPAP1,-0.10116309,0.023,0.1032437
CD209,0.27993022,0.023,0.1032579
CTHRC1,-0.59387071,0.023,0.1033254
POM121L12,-0.10255421,0.023,0.1033408
NKX2-6,0.10799115,0.023,0.1033937
TIMELESS,0.25060818,0.023,0.1033937
OPA3,0.25083727,0.0231,0.1034618
NBPF22P,0.08292491,0.0231,0.1035387
MAGEA3,0.13375601,0.0231,0.1035387
REEP1,0.22214158,0.0231,0.1035387
SIGLEC12,0.09695862,0.0231,0.1035387
HCN2,0.10012877,0.0231,0.1035698
TPH1,0.532951,0.00183,0.10365
MST1 /// MST1P2 /// MST1P9,1.141071,0.00184,0.10375
APCDD1L-AS1,-0.10749887,0.0232,0.1038008
RASGEF1C,0.14394248,0.0232,0.10383
FSHB,-0.12769939,0.0233,0.103991
ZNF224,0.101,0.0567,0.104
RXFP1,0.268,0.0567,0.104
RRP15,0.12,0.057,0.104
TIMM8B,0.153,0.0569,0.104
CCDC179,0.267,0.057,0.104
NGEF,-0.185,0.0566,0.104
TAF1A-AS1,0.236,0.0566,0.104
RFNG,-0.366,0.0566,0.104
TTLL12,-0.333,0.0565,0.104
LINC02038,-0.501,0.0568,0.104
FAM225A,-0.348,0.0568,0.104
FGF13,-0.342,0.0568,0.104
LOC107984006,-0.545,0.0568,0.104
DARS2,0.101,0.0567,0.104
SNORD12,-0.341,0.0567,0.104
FAM157A,-0.222,0.0567,0.104
C22ORF46P,-0.131,0.057,0.104
LINC00339,0.157,0.0569,0.104
LINC02021,0.283,0.0569,0.104
PAQR7,-0.203,0.0569,0.104
LINC01061,-0.298,0.0569,0.104
LOC107984628,0.385,0.057,0.104
HEATR1,0.0907,0.057,0.104
HDAC3,0.111,0.0569,0.104
FRY-AS1,0.292,0.0565,0.104
LOC107986992,0.307,0.057,0.104
MYRFL,-0.401,0.0565,0.104
LRP1B,0.623,0.0571,0.104
NEDD4,0.164,0.0565,0.104
HAUS6,0.08714979,0.0233,0.1040792
C9ORF23,0.8492849,0.00185,0.1041
GPATCH2,-0.09385722,0.0233,0.1041266
ZXDA,0.1151746,0.0233,0.1041266
SNORA6,-1.3625274,0.00187,0.10414
SYCN,0.10373906,0.0234,0.1043629
SPACA4,0.07923747,0.0234,0.1044284
SCGB3A2,-0.09969901,0.0234,0.1045253
SNHG5,-0.59854376,0.0234,0.1045796
CT55,0.10626401,0.0235,0.1046368
SLC6A1,0.7340932,0.00189,0.10476
GJB1,0.9323712,0.0019,0.10476
HIST1H2BL,-0.7379168,0.0019,0.10476
C13ORF18,-0.6028677,0.0019,0.10476
ANKDD1B,0.09675849,0.0235,0.1048563
SFTPB,0.14090026,0.0235,0.104883
ELF5,0.09722855,0.0236,0.1049466
LOC112268238,0.213,0.0573,0.105
RPS8,-0.171,0.0573,0.105
LOC440300,-0.197,0.0573,0.105
TMEM183A,0.117,0.0575,0.105
ZNF451-AS1,0.223,0.0572,0.105
SNORA94,-0.222,0.0574,0.105
LOC112267935,0.432,0.0574,0.105
IQSEC3,-0.313,0.0577,0.105
NRDE2,0.0887,0.0577,0.105
ACAD8,-0.0788,0.0575,0.105
KIAA2013,-0.244,0.0573,0.105
LINC02603,0.233,0.0575,0.105
DUS2,-0.13,0.0578,0.105
LOC107984220,0.301,0.0578,0.105
FAM166B,-0.254,0.0573,0.105
ASPM,-0.268,0.0573,0.105
LOC107984209,-0.35,0.0573,0.105
REPIN1-AS1,0.277,0.0576,0.105
LOC107986355,0.263,0.0576,0.105
CRYBB2P1,-0.197,0.0574,0.105
PRB1,-0.08989199,0.0238,0.1055699
SPTA1,-0.11460862,0.0238,0.1055699
TMEM8A,-0.2566791,0.0238,0.105592
ANKRD20A3,-0.15487052,0.0238,0.1056733
PTRF,-0.7368265,0.00193,0.10571
VAMP3,-0.18336236,0.0238,0.105864
OR2T12,0.09405296,0.0239,0.105962
MDM1,-0.10654111,0.0239,0.1059991
LOC105373042,0.388,0.058,0.106
LINC02637,0.287,0.0581,0.106
LOC105376078,0.303,0.058,0.106
NPEPPSP1,0.164,0.0583,0.106
SPATS1,0.388,0.058,0.106
LOC105373007,0.298,0.0579,0.106
LOC105376860,-0.375,0.0581,0.106
KMT2A,0.0949,0.0583,0.106
ANKRD20A4P,0.358,0.0581,0.106
CASC2,0.242,0.058,0.106
LOC107985082,0.197,0.0584,0.106
MIA2-AS1,0.205,0.0584,0.106
SCGB1B2P,0.188,0.0583,0.106
VEPH1,-0.282,0.0583,0.106
BLOC1S2,-0.148,0.0578,0.106
ZNF32-AS1,0.156,0.0578,0.106
CDK2AP1,-0.182,0.058,0.106
PPP2R3C,-0.1955803,0.0239,0.1060551
TTBK2,-0.10104457,0.024,0.1061826
ADGRF1,0.08288751,0.024,0.1062285
KAZ,-0.7255196,0.00196,0.10627
C19ORF55,-0.7476918,0.00197,0.10627
MBOAT1,-0.12410478,0.024,0.106298
BDP1,0.16248967,0.024,0.1063713
CLIC5,-0.19485223,0.024,0.1063728
ACVR1B,0.24334912,0.024,0.1063728
DDHD1,-0.9333128,0.00198,0.10645
CSMD1,0.10164178,0.024,0.106461
MRPS16,0.22540456,0.0241,0.1066114
PABPC1L2B-AS1,0.10158823,0.0241,0.1066347
EREG,0.10562155,0.0241,0.1066471
ARSE,0.7159446,0.00199,0.10671
OR2L8,0.10015879,0.0242,0.1067888
EPN2,0.08439312,0.0242,0.1067888
SPATA22,0.12240663,0.0242,0.1068383
C10ORF53,0.10504867,0.0242,0.1069291
ADCY9,0.5400655,0.002,0.10693
CTPS2,-0.1202099,0.0242,0.1069795
C20ORF96,-0.184,0.0586,0.107
FDX1,0.148,0.0586,0.107
LOC107986168,0.308,0.0588,0.107
NUDCD1,0.126,0.0589,0.107
LOC105377485,0.215,0.0589,0.107
LOC100506639,0.153,0.0586,0.107
LOC105370315,0.503,0.0586,0.107
PPIC-AS1,0.289,0.0591,0.107
CHMP1B,-0.162,0.0591,0.107
LINC00311,-0.347,0.059,0.107
RIOX2,-0.114,0.0589,0.107
DCHS2,0.361,0.059,0.107
DIO1,0.228,0.059,0.107
PKIB,-0.258,0.0585,0.107
GLUD1P2,0.214,0.0585,0.107
GOLGA8B,-0.155,0.0585,0.107
RWDD2A,0.147,0.0586,0.107
CRISPLD1,-0.309,0.0587,0.107
ABHD3,0.135,0.0587,0.107
LOC105373454,0.463,0.0587,0.107
DANT1,0.297,0.0585,0.107
LOC105378938,0.376,0.0588,0.107
PIGZ,-0.177,0.0588,0.107
COMMD5P1,0.361,0.0586,0.107
MFSD1,-0.157,0.0591,0.107
LOC105376196,-0.298,0.0587,0.107
HIC2,-0.21,0.0588,0.107
ARID1B,-0.0809,0.0587,0.107
RTKN2,-0.477,0.0588,0.107
SURF2,-0.213,0.0589,0.107
IKZF4,0.171,0.0587,0.107
INHBE,-0.75192021,0.0242,0.1070033
LOC644285,0.09423547,0.0242,0.1070033
FAM19A2,0.13882472,0.0242,0.1070123
LCE3C,0.09206767,0.0243,0.1070587
SPAG6,0.10653119,0.0243,0.1071188
OR13G1,0.11553607,0.0243,0.1071943
ADCYAP1,-0.10998388,0.0243,0.1072913
SLC6A15,0.11999806,0.0244,0.1073361
TUBA3D,-0.19704662,0.0244,0.1073771
OTX2,0.09020779,0.0244,0.107379
CSRP2,-0.29594193,0.0244,0.107384
LOC284379,0.10234559,0.0244,0.1074231
HSPA13,0.131763,0.0244,0.1074509
HTR4,0.08887599,0.0245,0.1076503
MYL4,0.09387534,0.0245,0.1076682
PLA2G1B,-0.14895558,0.0245,0.1078401
RNF138P1,0.10847049,0.0245,0.1078401
LOC105379395,-0.235,0.0594,0.108
SMAD1-AS2,0.238,0.0594,0.108
ETDC,0.286,0.0597,0.108
RREB1,0.139,0.0596,0.108
MKS1,-0.135,0.0596,0.108
RNU5A-1,0.369,0.0594,0.108
SIPA1L1-AS1,0.177,0.0592,0.108
SLC39A11,-0.113,0.0592,0.108
CTAGE7P,0.226,0.0592,0.108
AKT2,-0.213,0.0597,0.108
STK35,0.155,0.0595,0.108
MGC12916,0.222,0.0596,0.108
RPL22,0.159,0.0594,0.108
RBPMS-AS1,-0.256,0.0594,0.108
TBC1D12,0.0988,0.0595,0.108
FIS1,-0.259,0.0596,0.108
TBL1XR1,0.122,0.0596,0.108
C5ORF38,0.1112345,0.0246,0.1080619
TJP1,0.25185689,0.0246,0.1081046
MIR503HG,0.3226217,0.0247,0.1081153
NPB,-0.09671601,0.0247,0.1081153
RADIL,0.09757907,0.0247,0.1081153
ASIC1,-0.10728801,0.0246,0.1081153
OR2S2,0.13070371,0.0247,0.1081153
SDC4P,0.09401132,0.0247,0.1081258
PEX26,0.14451651,0.0247,0.1082039
LRCH1,0.09490191,0.0247,0.1082405
PPY2P,-0.09995256,0.0248,0.1083044
RPTN,-0.08615838,0.0248,0.1084106
HOXD9,-0.6278584,0.00209,0.10844
ALG11 /// UTP14C,-0.6982414,0.00211,0.10847
EIF4A2 /// SNORA4,-0.5803654,0.0021,0.10847
FARSA-AS1,0.11100526,0.0248,0.108512
PARD3B,0.0962544,0.0249,0.1086722
PRR25,-0.12325134,0.0249,0.1087678
SP5,-0.15796589,0.0249,0.108808
FLJ35934,-0.11040418,0.0249,0.1088517
HCRTR2,0.10502744,0.025,0.1089276
LOC112268439,0.229,0.0599,0.109
BMS1P20,-0.118,0.0599,0.109
HIGD1C,0.257,0.0599,0.109
LOC105375696,-0.326,0.0603,0.109
TSPO2,0.3,0.0603,0.109
LINC02768,0.291,0.06,0.109
PDPR,0.163,0.06,0.109
PSMG4,0.188,0.0601,0.109
LOC107985299,0.384,0.0601,0.109
TPX2,-0.289,0.0601,0.109
KIF20B,0.123,0.0599,0.109
LOC105372431,-0.405,0.0598,0.109
BHLHE40-AS1,-0.331,0.0602,0.109
TUFM,-0.19157113,0.025,0.1091263
C10ORF82,-0.12966821,0.025,0.109172
MRFAP1L1,-0.18122653,0.0251,0.1091822
TAL2,-0.1217213,0.0251,0.1092161
OR51I1,0.09654535,0.0251,0.1093329
LINC01243,-0.10777785,0.0251,0.1093518
CD1A,-0.13768088,0.0251,0.1093768
KIR2DL5A,-0.11926429,0.0252,0.1094964
MIP,-0.13216883,0.0252,0.1097018
UIMC1,0.2049536,0.0252,0.1097018
TMEM186,-0.13017097,0.0252,0.109744
EIF5A /// EIF5AL1,0.8333412,0.00215,0.10983
SNORA41,-0.5521856,0.00216,0.10983
MYST2,-0.5228975,0.00215,0.10983
GPC2,-0.14775576,0.0253,0.109835
AFAP1L2,0.21444096,0.0253,0.1098746
CABCOCO1,0.452,0.0609,0.11
FBXO36,-0.173,0.0606,0.11
FBLN7,0.129,0.0608,0.11
C10ORF105,0.294,0.0605,0.11
CLDN24,0.247,0.061,0.11
STUM,-0.371,0.0609,0.11
CD27-AS1,-0.125,0.0609,0.11
KCNH8,0.361,0.0609,0.11
LOC107984315,0.26,0.0609,0.11
RALGAPB,0.0859,0.0607,0.11
TRIM73,-0.336,0.0609,0.11
TMEM216,-0.155,0.0605,0.11
ATP13A3-DT,0.259,0.0606,0.11
TIRAP,-0.12891364,0.0254,0.1101056
VPS33A,-0.55973,0.00218,0.11035
PCDHGA1,-0.0772177,0.0255,0.1103962
ARL5B,0.41215154,0.0255,0.1104846
APPL1,-0.6077401,0.00219,0.11054
AKAP2,0.16010576,0.0255,0.1105508
HTR1E,0.18996852,0.0255,0.1105731
HIST3H2A,-0.20648793,0.0256,0.110702
LOC101929204,-0.224,0.0611,0.111
LOC107985898,-0.292,0.0615,0.111
ZNF630,0.201,0.0615,0.111
LOC105376176,0.287,0.0614,0.111
CRHBP,-0.397,0.0614,0.111
GMDS,0.143,0.0616,0.111
LINC00312,-0.43,0.0616,0.111
LOC105375818,-0.241,0.0615,0.111
RAB11FIP2,0.0985,0.0614,0.111
PPP3CB,0.103,0.0615,0.111
FAM124A,0.18,0.0615,0.111
CFAP126,0.145,0.0613,0.111
SNAP47,-0.181,0.0611,0.111
TTC3-AS1,0.164,0.0613,0.111
NUP107,0.102,0.0612,0.111
KCTD14,0.228,0.0611,0.111
PDE4DIPP1,0.234,0.0613,0.111
PEX12,0.119,0.0613,0.111
STOX1,0.331,0.0617,0.111
HSPB7,-0.523,0.0615,0.111
NR1D1,-0.497,0.0615,0.111
NKAIN4,0.10110527,0.0257,0.1110621
BBS9,-0.15325332,0.0257,0.1110747
MARK3,0.13924293,0.0257,0.1110989
COMMD7,-0.17286097,0.0257,0.111182
PCDH10,-0.18105237,0.0257,0.111182
STX19,-0.15560764,0.0257,0.111182
LOC729307,-0.08717485,0.0258,0.1113516
DDX28,0.22388153,0.0258,0.1113989
DLGAP2,-0.15295379,0.0258,0.1113989
PDZK1,-0.2122029,0.0258,0.1114343
STOML3,0.12569215,0.0258,0.1114698
SRP19,0.7270844,0.00225,0.11165
SNORD83A,-0.08624889,0.0259,0.111726
KCNQ3,0.1006431,0.026,0.11184
GUCA1B,0.12700805,0.026,0.1118606
LOC100289361,0.211,0.0621,0.112
HMSD,0.304,0.0622,0.112
MIR3671,0.478,0.062,0.112
C2ORF74-DT,0.15,0.0623,0.112
LOC101927741,0.129,0.062,0.112
C1QTNF3-AMACR,0.191,0.062,0.112
COL6A6,0.269,0.0621,0.112
TAF4B,-0.301,0.0618,0.112
CDC27P11,0.719,0.0618,0.112
KLRD1,-0.22,0.0618,0.112
LINC02388,-0.434,0.0622,0.112
PRKCE-AS1,-0.304,0.0623,0.112
TTC31,-0.23458221,0.0261,0.1121054
C15ORF48,-0.5667132,0.0261,0.112228
EIF6,-0.20766793,0.0261,0.1122687
CAV3,-0.11999424,0.0261,0.1123432
FRRS1L,0.10233277,0.0262,0.1124181
RSG1,-0.13014167,0.0262,0.112435
PSMA1,-0.13258871,0.0262,0.1124378
C19ORF45,0.09214609,0.0262,0.1125145
LOC100130705,0.13293889,0.0262,0.1125382
RNF113B,0.10450976,0.0263,0.1126306
PLGLA /// PLGLB1 /// PLGLB2,1.4848139,0.00229,0.11264
LINC01589,-0.10803941,0.0263,0.1127534
PGK1,-0.23594327,0.0263,0.1127935
GNG10,-0.19882293,0.0263,0.1128692
C1ORF167,-0.266,0.063,0.113
CA2,0.202,0.063,0.113
RGS5-AS1,0.433,0.063,0.113
LOC105377299,0.228,0.063,0.113
MED28,0.0875,0.0626,0.113
MIR6761,-0.481,0.0626,0.113
ZNRD2,-0.353,0.0626,0.113
LOC107986512,-0.256,0.0628,0.113
TPRA1,-0.239,0.0628,0.113
SESTD1,0.151,0.0626,0.113
LOC101929165,0.234,0.0626,0.113
CTSO,0.144,0.0628,0.113
MSL3P1,0.184,0.0627,0.113
SELENOP,0.192,0.0628,0.113
LOC105370556,0.258,0.0627,0.113
TSPAN33,0.21,0.0627,0.113
LOC105373648,0.585,0.0624,0.113
LOC100506358,0.253,0.0627,0.113
RRP1B,-0.111,0.0626,0.113
STEAP2,0.227,0.0629,0.113
FBXW7-AS1,0.171,0.0629,0.113
DIP2C-AS1,-0.189,0.0625,0.113
LARS1,0.0829,0.0631,0.113
ITGA7,0.14198201,0.0264,0.1130067
TMOD3,-0.1175086,0.0264,0.1130717
UQCRBP1,-0.21911453,0.0264,0.1131048
OR51B4,0.09984256,0.0265,0.1131722
TTTY14,-0.1590547,0.0265,0.1133971
RFX4,0.13312599,0.0266,0.1134798
ANAPC5,-0.12610581,0.0266,0.1134798
RABGGTB,-0.18322724,0.0266,0.1135426
HCG4B,0.11763825,0.0266,0.113599
MPP2,-0.5596381,0.00231,0.1136
S100P,-1.03760106,0.0266,0.1136404
HMGA2,-0.09234368,0.0267,0.113713
TUB,-0.14981549,0.0267,0.1137956
FSHR,0.09635856,0.0267,0.1138008
MAST1,0.10578457,0.0267,0.1138142
OR2AK2,-0.09602086,0.0267,0.1138261
HIRIP3,0.20504713,0.0267,0.1138896
BMP8A,-0.7729163,0.00233,0.11394
RNVU1-19,-0.567,0.0635,0.114
PSMC3,-0.166,0.0635,0.114
LOC101929814,0.661,0.0635,0.114
OCA2,-0.489,0.0637,0.114
SHTN1,0.122,0.0638,0.114
TAF7,0.108,0.0638,0.114
MATCAP2,0.17,0.0631,0.114
PIANP,0.299,0.0637,0.114
HPF1,0.128,0.0634,0.114
PSME2,-0.124,0.0636,0.114
HEXIM1,0.118,0.0636,0.114
MAPRE3-AS1,0.308,0.0633,0.114
LINC02777,0.274,0.0632,0.114
RGN,0.16,0.0633,0.114
NUP42,0.0974,0.0633,0.114
MARVELD3,0.17,0.0636,0.114
MLLT10P1,0.327,0.0637,0.114
ITGB1-DT,-0.29,0.0637,0.114
LOC105376725,0.273,0.0636,0.114
LOC105376535,0.248,0.0636,0.114
HSP90B1,0.157,0.0636,0.114
LCDR,0.253,0.0634,0.114
STS,0.186,0.0633,0.114
DTX4,0.17,0.0633,0.114
ASTL,0.10002067,0.0268,0.1140633
LST-3TM12,0.756626,0.00234,0.11421
WDR17,0.09017625,0.0269,0.1144567
ACSM2A /// ACSM2B /// LOC100291873,1.7768792,0.00234,0.11446
POU6F2-AS1,0.12074956,0.027,0.1145754
TBC1D21,-0.10409352,0.027,0.1145754
UQCRHL,-0.17311168,0.027,0.1146944
ASXL2,-0.18668084,0.027,0.1146944
CKS1B,-0.20236721,0.027,0.1147148
PTPLAD2,-0.7528121,0.00236,0.1148
PTPRG,-0.4986912,0.00236,0.11484
NMI,-0.19753844,0.0271,0.1148803
TRIM72,-0.11883437,0.0271,0.1148818
LOC105369705,0.08470569,0.0271,0.1148826
LYRM4-AS1,0.151,0.0639,0.115
COX7A2,0.178,0.0643,0.115
LOC105370733,-0.235,0.0638,0.115
CDKL4,0.271,0.0641,0.115
SMC5,0.102,0.0642,0.115
FUNDC2,0.124,0.0644,0.115
LOC642696,-0.333,0.0643,0.115
ANGPTL6,-0.187,0.0644,0.115
LOC102723360,0.279,0.0641,0.115
CPLX1,-0.336,0.064,0.115
LOC112268190,-0.3,0.0639,0.115
LOC101926907,0.242,0.0639,0.115
LINC01237,-0.349,0.0639,0.115
CHCHD6,-0.184,0.0641,0.115
LDLRAP1,-0.176,0.064,0.115
SMG1P6,0.173,0.064,0.115
LINC00943,-0.491,0.0638,0.115
SHROOM3-AS1,0.192,0.064,0.115
ETV3L,0.10177615,0.0271,0.115022
PROKR1,0.11642116,0.0272,0.1151887
NHSL2,-0.08053757,0.0272,0.1152709
ARIH2,0.16662621,0.0272,0.1153653
RAB38,-0.25647271,0.0273,0.1154753
HCFC1-AS1,0.10737601,0.0273,0.1154768
CTSL1,0.6601323,0.00238,0.11551
RCN1,0.11637587,0.0273,0.1155133
FAM20A,0.9760452,0.00239,0.11561
MORF4L2,-0.27060222,0.0273,0.1156478
PCDHA11,-0.0927591,0.0274,0.1156856
NCAPG,-0.23562299,0.0274,0.1156856
ADGRB1,0.09044984,0.0274,0.115868
BACE2-IT1///PLAC4,0.1158375,0.0274,0.115915
LINC01370,0.414,0.0646,0.116
KIAA1671-AS1,-0.177,0.0647,0.116
LOC105377939,0.463,0.0648,0.116
PMCHL2,0.253,0.0646,0.116
DUSP12,0.119,0.0647,0.116
KLF9-DT,0.236,0.0646,0.116
LOC107986162,-0.325,0.0647,0.116
CECR2,0.217,0.0649,0.116
CTAGE9,0.158,0.0649,0.116
NUP35,0.148,0.0649,0.116
SULT1B1,0.204,0.0651,0.116
CIAPIN1,-0.127,0.0647,0.116
GALNT2,-0.176,0.065,0.116
GABRB1,0.529,0.065,0.116
ENOPH1,-0.133,0.065,0.116
LOC105378560,0.226,0.065,0.116
SERP1,0.176,0.065,0.116
LOC101929140,0.241,0.0649,0.116
CDRT4,0.760892,0.00245,0.11621
MUDENG,-0.6268046,0.00245,0.11621
PSPH,-0.14869097,0.0276,0.1162329
SARNP,-0.17493883,0.0276,0.1162329
COX6A2,-0.29837995,0.0276,0.1162329
INTS6,0.3904485,0.0276,0.1163794
GALNT9,0.11841444,0.0277,0.1166814
ZIC4,0.09060296,0.0278,0.1166904
MARCH6,0.3626281,0.0278,0.1168825
OBI1-AS1,0.112,0.0655,0.117
OSER1-DT,0.144,0.0658,0.117
LOC729218,-0.188,0.0656,0.117
ZNRF2P1,0.221,0.0653,0.117
DISP2,-0.315,0.0655,0.117
LEKR1,0.209,0.0655,0.117
LOC105369421,0.278,0.0652,0.117
MAFTRR,0.322,0.0656,0.117
LOC100128276,0.396,0.0652,0.117
LOC110091768,0.273,0.0654,0.117
LINC01632,0.608,0.0652,0.117
AGBL2,0.288,0.0654,0.117
LOC105377508,-1.24,0.0656,0.117
LOC107984284,0.332,0.0656,0.117
LOC105370170,-0.319,0.0657,0.117
TGFBR3L,0.09931148,0.0279,0.1170631
NUDC,0.24588675,0.0279,0.1171313
KRTAP15-1,0.10533287,0.0279,0.1171585
LOC339568,0.1181902,0.0279,0.1171974
BCAT2,-0.29879132,0.028,0.1172968
TTTY16,0.10360281,0.028,0.1173761
C14ORF1,-0.16841723,0.028,0.1174449
LANCL3,0.11740165,0.0281,0.1176079
NSMCE1,-0.21533744,0.0281,0.1176112
LOC101927616,0.11192014,0.0281,0.1176112
AMMECR1L,-0.18824245,0.0281,0.1176517
PRTN3,0.13327974,0.0281,0.1176583
TRPV3,0.4740294,0.0025,0.11768
ARL10,-0.8015649,0.00252,0.11768
LTA4H,-0.16767426,0.0281,0.1177033
ATRAID,-0.20192962,0.0281,0.1177326
CROCCP3,0.10787034,0.0282,0.1177744
SPTY2D1,0.18440904,0.0282,0.1177744
BLACAT1,-0.11249397,0.0282,0.1177845
STRA6,0.10211252,0.0282,0.1178245
PIH2,0.10640654,0.0282,0.1178245
SERPINA1,-0.34278271,0.0282,0.1178297
RPL37,-0.15280495,0.0282,0.1178758
GRM7,0.11791734,0.0282,0.1178887
NDUFA9,-0.14231994,0.0282,0.1179
CACNA2D4,-0.6666356,0.00254,0.11792
ZSCAN9,-0.24278388,0.0282,0.1179319
EFHD2-AS1,-0.301,0.066,0.118
SRSF5,0.0926,0.0664,0.118
R3HDML,-0.424,0.0661,0.118
USP44,0.247,0.0662,0.118
MSRA,0.113,0.0659,0.118
SMPD1,-0.255,0.066,0.118
HARS2,0.0754,0.0664,0.118
LOC112267967,0.257,0.0664,0.118
LOC101928487,0.313,0.0659,0.118
LOC107986273,0.208,0.0663,0.118
ARHGAP11B-DT,0.186,0.0659,0.118
EFNA2,-0.283,0.0661,0.118
ACTR6,0.138,0.0659,0.118
ZCCHC3,-0.132,0.0659,0.118
LOC107987153,-0.352,0.066,0.118
COA1,0.112,0.0664,0.118
LOC105374913,0.283,0.0661,0.118
LOC100132154,0.414,0.0662,0.118
PDCD1,-0.14382144,0.0283,0.1180433
LOC643634 /// TPM4,-1.3900296,0.00259,0.11812
ACAA1,1.1321764,0.00259,0.11812
RERE,-0.732521,0.00256,0.11812
WNK1,0.20587235,0.0283,0.1181302
MBNL1-AS1///MBNL1,0.0893095,0.0284,0.1184261
FBXO5,0.19609234,0.0284,0.1184301
NLGN4X,0.15959592,0.0284,0.1184363
B4GALT4,-0.17921389,0.0284,0.1184363
TTTY21,0.09929349,0.0284,0.1184363
TPPP,0.16703831,0.0284,0.1184442
PYGO2,-0.15768868,0.0284,0.1185011
PFDN4,-0.08061098,0.0285,0.1185105
SCNN1B,-0.11204212,0.0285,0.1185105
LOC101929123,0.09685569,0.0285,0.1185131
OR4D10,0.13537469,0.0285,0.1185266
FCAR,-0.15557666,0.0285,0.1185272
GPR26,0.11070271,0.0285,0.1185896
EGLN3,-0.15909073,0.0285,0.1186299
SLC35E1,0.6786769,0.00262,0.1188
BLOC1S1,1.0428372,0.00262,0.1188
WRB,-0.647284,0.00262,0.1188
NBR1,0.6740724,0.00263,0.11883
C2ORF72,1.0014419,0.00264,0.11883
TAB3-AS1,-0.194,0.0666,0.119
FAM167A,-0.533,0.0669,0.119
CABP7,-0.324,0.067,0.119
EIF3I,-0.179,0.0666,0.119
DCAF1,0.0678,0.0671,0.119
TMEM183BP,0.137,0.0671,0.119
CCDC152,0.188,0.0668,0.119
LOC105379183,0.35,0.0665,0.119
TTBK1,-0.302,0.0666,0.119
GOLGA6L9,0.198,0.067,0.119
ID2,-0.263,0.0669,0.119
KCTD8,-0.12725404,0.0287,0.1191411
LOC100505588,-0.07238989,0.0287,0.1191998
STX7,-0.8735,0.00266,0.11928
APOC3,1.1124513,0.00267,0.1193
ABHD17C,-0.26103714,0.0287,0.1193646
NUP37,-0.23365196,0.0288,0.1193646
SHROOM2,0.23186904,0.0288,0.1193856
ATM,-0.8230695,0.00268,0.11939
PNPLA3,0.8656595,0.00268,0.11939
C5ORF44,0.6691646,0.00268,0.11939
PRAMEF4,-0.49648986,0.0288,0.1194545
SLC12A8,0.27720015,0.0289,0.1195885
PRKD3,-0.10060222,0.0289,0.1195955
SNX7,0.09317417,0.0289,0.1197091
ZKSCAN7,-0.15429474,0.0289,0.1197091
C6ORF25,-0.13978003,0.0289,0.1197091
HPCAL4,-0.16287582,0.0289,0.1198003
KRTAP5-6,0.09860507,0.029,0.1198711
TARBP1,-0.20694061,0.029,0.1199144
SALL3,0.23002059,0.029,0.1199487
LOC101929718,0.115,0.0673,0.12
JOSD1,-0.169,0.0672,0.12
TNFRSF1A,-0.192,0.0674,0.12
ATP2C2,-0.252,0.0675,0.12
SP2-AS1,0.193,0.0675,0.12
LOC107985872,0.337,0.0677,0.12
TRHDE-AS1,0.383,0.0673,0.12
TRPS1,-0.165,0.0672,0.12
TSPAN11,-0.216,0.0678,0.12
LOC107984990,-0.348,0.0676,0.12
PSMD6,0.119,0.0677,0.12
LOC105375518,0.361,0.0676,0.12
LOC107985200,-0.256,0.0676,0.12
PLCXD1,-0.222,0.0674,0.12
GTF2H2,0.16,0.0674,0.12
LOC107984245,-0.464,0.0674,0.12
LOC105374200,0.621,0.0671,0.12
CXORF65,-0.286,0.0672,0.12
LOC107986358,0.269,0.0672,0.12
OR5H6,0.10227182,0.0291,0.1201437
FXYD7,0.10920266,0.0291,0.1201746
ANAPC13,-0.15558019,0.0291,0.1201746
ECHDC3,0.57945395,0.0291,0.1202196
BOLA1,-0.15683579,0.0292,0.1204034
POU4F3,0.11722731,0.0292,0.1205565
SPANXB1,0.10276543,0.0292,0.120667
WNT7B,0.13609206,0.0292,0.120667
ALDOB,0.9852519,0.00274,0.12075
LOC105376194,0.08898209,0.0293,0.1208184
HOXC10,0.07220108,0.0293,0.1208276
BPIFC,0.11376426,0.0293,0.1208634
TGM7,-0.07631447,0.0294,0.1209907
LOC105371795,-0.279,0.0681,0.121
LOC105371490,-0.183,0.0683,0.121
ZNF684,0.136,0.0683,0.121
METTL26,-0.321,0.0679,0.121
LONRF1,0.15,0.0681,0.121
NKIRAS1,0.117,0.0682,0.121
LOC105375329,0.541,0.0682,0.121
LOC105373030,-0.462,0.0682,0.121
MRPS12,-0.257,0.068,0.121
ATXN3,0.0891,0.0682,0.121
STAG3L5P-PVRIG2P-PILRB,-0.178,0.0682,0.121
COG8,0.12,0.0684,0.121
DNASE1,-0.135,0.0684,0.121
ANKRD39,-0.275,0.0679,0.121
LOC105372793,0.267,0.0684,0.121
LOC441081,-0.226,0.0679,0.121
RNF212,-0.10236141,0.0294,0.1210444
HOOK2,-0.20455851,0.0294,0.121081
LINC00457,0.10957586,0.0295,0.1212365
LOC728554,0.37074884,0.0295,0.1212782
LOC105369423,0.09582793,0.0295,0.1213181
SIRT3,-0.09626608,0.0295,0.1213344
ALDH1B1,-0.32791744,0.0295,0.1213994
RYR1,-0.12255496,0.0295,0.1214218
MIOX,0.11231361,0.0296,0.1214935
MSH6,0.19361473,0.0297,0.1217864
C9ORF72,0.27702217,0.0297,0.1218036
KIAA1549L,0.09267074,0.0297,0.1218729
LOC105375091,0.502,0.069,0.122
APOA2,0.179,0.0685,0.122
SERGEF,0.112,0.0691,0.122
POU6F2-AS2,0.422,0.0691,0.122
PANX1,0.137,0.0691,0.122
RPL7L1,0.0879,0.0687,0.122
HYMAI,-0.334,0.0691,0.122
LOC102724117,0.14,0.0688,0.122
LINC00680,0.15,0.0689,0.122
EIF4ENIF1,0.0916,0.0686,0.122
LOC105373215,0.275,0.0686,0.122
RLBP1,0.348,0.069,0.122
UQCC2,-0.169,0.0687,0.122
SNORD63B,0.263,0.0691,0.122
LOC112267867,-0.372,0.0686,0.122
LINC01546,0.09836716,0.0298,0.1220861
CCDC68,-0.12809197,0.0298,0.1220861
VIMP,-0.20833406,0.0298,0.1221329
MAGEA6,-0.10546944,0.0298,0.1221473
DEFA5,0.10862971,0.0298,0.1221473
MYH3,0.20482678,0.0298,0.1221477
ASB5,-0.0977388,0.0298,0.1221624
DIAPH3,-0.08878698,0.0298,0.1222577
HIST1H2AJ,0.10649384,0.0299,0.1224576
ZNF705A,0.0858844,0.0299,0.1225327
OR2L1P,0.09740065,0.0299,0.1225327
OR1J1,0.10366328,0.0299,0.1225712
HSPBAP1,0.20124195,0.03,0.1226102
EGR1,0.70360107,0.03,0.1227157
KRTAP21-1,0.12322614,0.03,0.1227157
KCNJ14,0.09109779,0.0301,0.1229001
GPN1,0.0904,0.0697,0.123
TOMM6,0.109,0.0692,0.123
MRTFA-AS1,-0.223,0.0692,0.123
BOLA3,0.215,0.0693,0.123
ANKRD20A2P,0.314,0.0694,0.123
SLC20A1,-0.228,0.0698,0.123
MRPL23,-0.241,0.0694,0.123
CRYL1,0.132,0.0693,0.123
NAPA-AS1,-0.172,0.0693,0.123
LOC107986974,0.335,0.0692,0.123
RAD52,0.0864,0.0694,0.123
RDUR,0.303,0.0694,0.123
LINC02985,-0.292,0.0692,0.123
KRTAP6-3,0.08322697,0.0302,0.1233443
HHLA3,-0.09152683,0.0302,0.1233661
NDUFAF3,0.12435712,0.0302,0.1234117
MCOLN3,-0.16903834,0.0303,0.1235085
RPGR,0.11807084,0.0303,0.1235085
TM7SF2,0.8649561,0.00285,0.12362
NUPR1,0.7385408,0.00286,0.12367
ZMYND8,-0.6315239,0.00286,0.12367
WFIKKN1,0.10408443,0.0304,0.1239298
PRICKLE4 /// TOMM6,1.4515151,0.00288,0.12393
ZNF839,0.19133881,0.0304,0.1239481
CALR3,0.10048597,0.0305,0.1239808
SUMO3,0.152,0.0701,0.124
CIBAR1-DT,0.284,0.0701,0.124
TGIF1,-0.194,0.07,0.124
MTRNR2L3,-0.383,0.0705,0.124
EPSTI1,-0.214,0.0703,0.124
IL16,-0.143,0.0702,0.124
EHMT1,-0.13,0.0705,0.124
DCLRE1B,-0.169,0.0703,0.124
NCK1,0.0932,0.0702,0.124
LOC107984211,0.383,0.0698,0.124
CAMTA2-AS1,-0.157,0.0699,0.124
B4GALT6,0.14,0.0698,0.124
SEPTIN7P9,0.284,0.07,0.124
ELL2,0.49805221,0.0305,0.1240446
MUC17,0.10210038,0.0305,0.1240446
ABTB2,0.30001434,0.0305,0.1240446
TMEM200B,-0.11242063,0.0305,0.1240691
IGSF5,-0.14536428,0.0305,0.1241271
SUSD4,0.10628328,0.0305,0.1241738
APOD,-0.52448136,0.0306,0.1243794
C1QTNF8,-0.08998712,0.0306,0.1244704
GPR172A,0.4709046,0.00292,0.1245
FAM177B,-0.4295162,0.00296,0.1245
PSMB1,1.7205759,0.00296,0.1245
SCARNA20,0.6606067,0.00294,0.1245
ARFGAP2,0.5967568,0.00295,0.1245
SEMA3C,-0.5924071,0.00295,0.1245
CNN3,-0.8240469,0.00295,0.1245
STYXL1,0.6296605,0.00293,0.1245
POLA2,-0.6239475,0.00294,0.1245
PLEKHA8,-0.8404563,0.00294,0.1245
PLAGL2,-0.8985947,0.00297,0.12453
BIN3-IT1,-0.08288587,0.0306,0.124531
GAGE12G,0.09480053,0.0307,0.1246763
YAP1,-0.2598022,0.0307,0.124728
GABRP,-0.37103875,0.0307,0.124728
PRLH,0.08873495,0.0307,0.1247508
A2M,-0.3553741,0.0307,0.1247508
A2ML1,0.11556317,0.0308,0.1248063
CES5A,0.37046871,0.0308,0.1248063
RPL6,-0.16859725,0.0308,0.1248341
CYP2D7,-0.70147865,0.0308,0.1248341
HR,-0.09336278,0.0308,0.1249443
FAM174A,-0.176,0.0708,0.125
LOC107984263,0.153,0.0707,0.125
USP3,0.0824,0.0706,0.125
ACTA2,-0.467,0.0706,0.125
FASTKD5,0.115,0.0708,0.125
ZNF232-AS1,0.324,0.0711,0.125
SIN3A,0.0769,0.0709,0.125
FNDC4,-0.241,0.0709,0.125
LOC105370190,0.312,0.0709,0.125
GOLGA6L4,0.139,0.0708,0.125
KBTBD2,-0.144,0.071,0.125
COPS7A,-0.159,0.0708,0.125
NAA38,-0.312,0.0707,0.125
MAP3K20-AS1,0.13,0.0706,0.125
LOC105375724,0.242,0.0709,0.125
LOC100134868,-0.202,0.0711,0.125
DESI2,-0.131,0.0707,0.125
LOC107986079,0.219,0.0707,0.125
LSM12,0.121,0.0709,0.125
DDX43,-0.13446474,0.0308,0.1250026
GSG1L,-0.09657137,0.0309,0.1250257
TCF23,-0.08694437,0.0309,0.1250833
HMX2,0.10791605,0.0309,0.1250833
SLC16A9,0.32607891,0.0309,0.1251468
THCAT155,0.10926879,0.0309,0.1251501
TNFSF13B,-0.31009448,0.0309,0.1251546
SPOP,0.16811848,0.0309,0.1251546
PAWR,0.16701642,0.0311,0.1254654
TNNI3,0.09201007,0.0311,0.1254996
CPNE1,0.8483596,0.00301,0.12567
ADAMDEC1,-0.37488536,0.0312,0.1257161
MKNK1,-0.7958479,0.00302,0.12572
NPAS4,0.13510424,0.0312,0.1257588
OR1K1,-0.10267244,0.0312,0.1258283
PAGE5,0.14512579,0.0312,0.1258766
HIST2H2AA3,-0.34007307,0.0312,0.1258766
LOC101928475,0.08898318,0.0312,0.125908
ZMAT5,-0.13726139,0.0313,0.1259489
CNP,-0.171,0.0719,0.126
LOC105369783,0.251,0.0716,0.126
PPP1R9A-AS1,0.436,0.0718,0.126
GSTM3,0.351,0.0712,0.126
LINC02899,0.634,0.0713,0.126
LOC105374520,0.671,0.0719,0.126
KLRA1P,0.168,0.0717,0.126
LOC112268096,0.321,0.0714,0.126
BABAM1,-0.196,0.0713,0.126
LOC105372112,0.366,0.0713,0.126
LINC03016,0.313,0.0712,0.126
GLYCTK-AS1,0.212,0.0713,0.126
TRHDE,0.321,0.0713,0.126
PRKACA,-0.17,0.0716,0.126
PIGH,0.127,0.0716,0.126
CC2D2B,0.198,0.0716,0.126
MTIF2,0.15,0.0717,0.126
ADAM30,0.07602969,0.0313,0.1260487
LYPD4,-0.5170302,0.00304,0.12605
PLA2G4F,0.0934348,0.0313,0.1261132
CREB3L4,-0.11397119,0.0314,0.1262467
TRPC7,0.07545872,0.0314,0.1262692
HNRNPF,0.15943464,0.0314,0.1262692
PELI1,0.40535723,0.0314,0.1263047
ZFP14,-0.14618828,0.0314,0.1263047
HAUS8,-0.10282949,0.0314,0.1263169
CARHSP1,0.23458079,0.0314,0.1263188
KRTAP19-1,-0.0880562,0.0314,0.1263279
AG2,-1.4021325,0.00306,0.12641
NMS,0.077507,0.0315,0.1266015
DCLK1,-0.17110364,0.0316,0.1267314
DNAL1,0.12757582,0.0316,0.1267561
TRMT6,-0.11585364,0.0316,0.1267812
MOSPD2,0.18178913,0.0317,0.1269157
LOC107985054,-0.537,0.072,0.127
LOC100507334,0.274,0.072,0.127
MXRA7,-0.234,0.0726,0.127
BORCS5,0.112,0.0721,0.127
COL20A1,0.538,0.0719,0.127
ENTPD4,-0.0745,0.0719,0.127
LOC105375336,0.224,0.0719,0.127
ODAD4,-0.334,0.072,0.127
MAT2A,0.113,0.072,0.127
LOC107985780,0.168,0.0725,0.127
OTOA,-0.293,0.0725,0.127
ABCB4,-0.18,0.0723,0.127
RNF31,-0.212,0.0723,0.127
SNAP29,0.117,0.0722,0.127
COG1,-0.0806,0.0721,0.127
GNAT2,0.174,0.0725,0.127
PRKN,-0.136,0.0724,0.127
STK17A,-0.132,0.0721,0.127
GPR157,-0.16,0.0723,0.127
MRPL9,-0.6514261,0.00308,0.12705
KCNA6,0.11682834,0.0317,0.1270998
TMEM243,-0.30996652,0.0318,0.1271234
ZNRF1,-0.5863305,0.0031,0.12729
C6ORF108,1.2486735,0.0031,0.12733
LOC101927926,0.09110512,0.0318,0.1273305
TFAP2C,-0.09871576,0.0318,0.1273535
LRRC59,-0.13562134,0.0319,0.1273886
C1QL4,-0.08953728,0.0319,0.1273902
SPAG11A,0.13217349,0.0319,0.1274389
VPREB3,-0.23686205,0.0319,0.1274969
DUSP10,0.38892744,0.032,0.1276067
LAMTOR5,-0.15875613,0.032,0.1276169
DHRS4,0.33386713,0.032,0.1276611
EQTN,0.09743571,0.032,0.1276726
SERPINB4,0.10101458,0.032,0.1277077
FLJ42709,-0.5985985,0.00312,0.12787
LOC102723686,0.337,0.073,0.128
LOC105378410,0.235,0.073,0.128
LOC100130357,-0.216,0.0731,0.128
LOC107984301,0.486,0.0727,0.128
ANKRD20A1,0.313,0.0731,0.128
TMEM218,0.101,0.073,0.128
TMEM135,0.132,0.0728,0.128
DUOX1,-0.249,0.0728,0.128
IGLV8-61,-0.652,0.0729,0.128
LOC105374166,0.298,0.0731,0.128
POP7,-0.233,0.0732,0.128
LOC107984576,0.337,0.0731,0.128
ELP3,0.0987,0.0731,0.128
TIA1,0.135,0.073,0.128
MAN2B2,-0.167,0.0729,0.128
TMX2,0.108,0.0726,0.128
ATP5PB,0.137,0.0731,0.128
LINC01106,-0.228,0.0726,0.128
RAD51-AS1,-0.194,0.0728,0.128
SPATA7,-0.14494705,0.0321,0.1280432
ADIPOR1,-0.10187281,0.0321,0.128051
ZNF525,-0.125022,0.0322,0.1281883
CHRM2,0.11570957,0.0322,0.1282417
TGFBR3,0.41125715,0.0322,0.1284016
OR10Q1,0.09111412,0.0323,0.1285849
BAZ2A,-0.6763181,0.00316,0.12862
HIP1,-0.21116586,0.0323,0.1287115
TMEM163,-0.14451958,0.0323,0.1287155
OPN1LW,0.10985106,0.0324,0.1288833
CIART,0.366,0.0736,0.129
SNORA50B,-0.274,0.0738,0.129
NR2F2-AS1,-0.184,0.0735,0.129
EBNA1BP2,-0.159,0.0735,0.129
ZNF90,0.17,0.0738,0.129
LOC105377806,-0.339,0.0736,0.129
ZNF26,0.136,0.0736,0.129
EIF5A,-0.182,0.0734,0.129
SLC8A3,0.371,0.0735,0.129
EEFSEC,-0.177,0.0738,0.129
DPF3,0.159,0.0735,0.129
LOC107986677,0.233,0.0738,0.129
SOCS5,0.103,0.0738,0.129
AOAH-IT1,0.351,0.0736,0.129
SPACA9,-0.20451338,0.0325,0.1290072
RBM11,-0.12413848,0.0325,0.1290222
CABLES1,0.1602195,0.0325,0.1290344
SCNN1G,0.0709831,0.0325,0.1291593
NUBP1,-0.180503,0.0325,0.1291593
GGA2,0.20091065,0.0326,0.1292888
AK8,-0.0908317,0.0326,0.1292888
C5ORF13,1.8469004,0.00321,0.12931
ARHGAP24,-0.20694866,0.0326,0.1294588
DNAJA4,-0.6340209,0.00322,0.12951
ALG9,0.21772064,0.0327,0.1295803
DECR2,0.7474205,0.00324,0.12959
NLGN3,-0.6872078,0.00325,0.12959
GCLM,-0.31097737,0.0327,0.1296175
TFR2,0.36947851,0.0327,0.1296226
NTM,-0.11334991,0.0327,0.1296635
GRIK3,-0.08633583,0.0327,0.1296721
TMEM8C,0.10299121,0.0327,0.1296758
PCDH19,-0.1227371,0.0328,0.1297829
ANKK1,0.36,0.0743,0.13
TBL1Y,-1.46,0.0741,0.13
SDHB,0.18,0.0741,0.13
LOC105376413,0.402,0.0741,0.13
WNT2B,0.132,0.0743,0.13
ARL5A,0.123,0.0741,0.13
ZNF24,0.0997,0.0741,0.13
LOC105376195,0.42,0.0747,0.13
ACTG1P4,0.286,0.0745,0.13
LOC642846,-0.304,0.0745,0.13
NCKAP5-AS1,0.282,0.0745,0.13
FOXN3-AS1,0.207,0.0741,0.13
MDGA1,-0.442,0.074,0.13
CLEC17A,-0.385,0.074,0.13
CHCHD5,-0.312,0.0747,0.13
LOC107986249,-0.402,0.0746,0.13
LINC00471,0.359,0.0746,0.13
SEMA4G,0.18,0.0743,0.13
SERF2-C15ORF63,-0.19,0.0744,0.13
IGSF8,-0.253,0.0744,0.13
LOC105374310,0.202,0.0744,0.13
KNTC1,-0.165,0.0743,0.13
LINC02068,0.374,0.0747,0.13
RIF1,0.0965,0.0746,0.13
CAPZA1,0.08414915,0.0328,0.1300013
LMAN1L,-0.13520776,0.0329,0.130045
SRPK1,0.14239971,0.0329,0.1300813
CFAP61,0.09199313,0.0329,0.1301307
ZNF100,0.08827808,0.0329,0.1301658
LOC105378292,-0.07248021,0.0329,0.1301658
CFAP100,0.07983657,0.0329,0.1301658
DENND1C,-0.10045842,0.033,0.1303115
MCTP2,-0.11089368,0.033,0.1304009
FGFBP3,0.09405634,0.033,0.1304404
CRNKL1,0.15014923,0.033,0.130445
ALPL,0.825569,0.00328,0.13046
TUBB4Q /// TUBB8 /// TUBBP5,-0.6794095,0.00328,0.13046
CELA3A,0.09523515,0.033,0.1304719
CXCR2P1,0.22003549,0.0331,0.1305145
ECH1,0.23198178,0.0331,0.1305596
DNER,0.08994021,0.0331,0.1306029
VPS13D,-0.10982103,0.0331,0.1306087
CCDC127,-0.1977163,0.0331,0.1306087
LOC105378147,-0.10789971,0.0331,0.1306087
SNORD56,0.3086282,0.0331,0.1306337
LINC01332,-0.102498,0.0331,0.1306337
FBXO47,0.11019012,0.0331,0.1306337
ATRX,0.12875811,0.0332,0.1306526
LHX3,-0.11132348,0.0332,0.1306526
XAGE1E,-0.09756602,0.0332,0.1306526
CADPS,0.13047147,0.0332,0.1308006
ORC3L,-0.730401,0.00331,0.13094
ABCA12,-0.11871628,0.0333,0.1309735
LOC102723546,-0.249,0.075,0.131
BAALC,-0.288,0.075,0.131
LOC105377472,0.237,0.0749,0.131
UPB1,0.174,0.075,0.131
UNC5CL,-0.205,0.0747,0.131
UTS2B,0.23,0.0752,0.131
IGHV3-72,-0.539,0.075,0.131
TBC1D5,0.0874,0.0752,0.131
MIR6843,0.309,0.0751,0.131
FBL,-0.131,0.0747,0.131
PHF20,-0.0733,0.0749,0.131
LOC105378980,-0.168,0.0748,0.131
ZNF646,-0.205,0.0752,0.131
PDE4DIPP4,0.225,0.0753,0.131
MBOAT2,-0.193,0.0752,0.131
RARA-AS1,-0.226,0.0749,0.131
ST8SIA5-DT,0.302,0.0753,0.131
MCM8,0.122,0.0748,0.131
LOC105372733,0.28,0.0748,0.131
NDST4,0.11440305,0.0333,0.1310345
LIPC,0.60127101,0.0334,0.1312183
ZNF559,-0.1867634,0.0334,0.1312489
NAXE,-0.20308228,0.0334,0.1312601
KCNG4,0.10658728,0.0334,0.1313218
KPNA5,-0.125539,0.0334,0.1313219
SMIM21,0.0969807,0.0335,0.1313859
GPR50,0.10160153,0.0335,0.1313859
NFATC2,-0.5487316,0.00332,0.1314
C9ORF163,0.08913592,0.0335,0.131441
GINM1,-0.23918864,0.0335,0.1315374
MYO3B,0.17104576,0.0335,0.1315374
ZNHIT1,0.21601854,0.0336,0.1316173
NDUFS5,-0.15575326,0.0336,0.131644
LY6G5C,-0.10750963,0.0336,0.1316835
H2AFB1,-0.08366675,0.0336,0.1317682
TYW1,0.0738,0.0761,0.132
LOC105372791,0.275,0.0761,0.132
TRNM,0.546,0.0759,0.132
LOC112267952,0.276,0.0761,0.132
C16ORF86,-0.266,0.0759,0.132
IGHV3-49,-0.484,0.0758,0.132
TAOK3,0.0758,0.0761,0.132
THAP2,0.13,0.076,0.132
LOC105376952,-0.212,0.0756,0.132
RAF1,0.106,0.0756,0.132
ULK4,0.133,0.0756,0.132
GLYR1,-0.101,0.0756,0.132
LOC286437,0.112,0.0758,0.132
LACTB2,0.189,0.0761,0.132
MIEF1,0.105,0.0757,0.132
COX5A,0.14,0.0757,0.132
PCDHB8,-0.279,0.076,0.132
SLITRK5,0.10608658,0.0337,0.1320801
ADRA1D,-0.1111217,0.0338,0.1320946
CD207,-0.1908531,0.0338,0.1320946
WNT10B,-0.10648081,0.0338,0.1320946
CHAMP1,0.2643607,0.0338,0.1320946
LOC100127940,-0.10150631,0.0338,0.1322713
OR4Q3,-0.07893755,0.0338,0.1322713
ZNF761,-0.10764511,0.0339,0.1323972
GLIS3,-0.45710805,0.034,0.1327188
NCAM1,-0.10135639,0.034,0.1327778
MS4A5,-0.09836076,0.034,0.1327925
TEX37,0.07590827,0.034,0.1328239
HES4,-0.56580933,0.0341,0.1329328
ACP3,-0.261,0.0767,0.133
LINC01004,0.186,0.0768,0.133
UPK3BL2,-0.276,0.0766,0.133
LOC101928472,0.46,0.0765,0.133
LOC105377994,0.244,0.0763,0.133
G6PC1,-0.349,0.0764,0.133
PTPRZ1,0.416,0.0768,0.133
KLF7,-0.133,0.0767,0.133
C2ORF27A,-0.272,0.0768,0.133
CHAT,0.08587485,0.0341,0.1330069
TMSB15A,-0.14617523,0.0341,0.1330327
FIRRE,0.10636354,0.0341,0.1330327
PIGG,-0.11712888,0.0341,0.1330469
MYOZ3,-0.11700119,0.0341,0.1330787
C20ORF141,0.14397925,0.0341,0.1330917
CELP,0.06634425,0.0342,0.1331117
C4B,0.64043456,0.0342,0.1331367
RBL1,-0.6227821,0.00339,0.13314
IGH@ /// IGHA1 /// IGHA2 /// LOC100126583,-1.1510018,0.00339,0.13314
TMEM37,0.6784604,0.00338,0.13314
PTPN12,-0.5428959,0.00338,0.13314
LOC101928851,0.07275962,0.0342,0.1332777
OLA1,0.6039853,0.0034,0.13334
TAB3,0.12498231,0.0343,0.1334586
SNX12,-0.16658456,0.0343,0.1334586
IFNL2,0.08794811,0.0343,0.1334586
MARCH1,-0.1522371,0.0343,0.1335343
CCDC96,-0.08346101,0.0343,0.1335467
SNED1,-0.5796793,0.00342,0.13374
TRIM69,-0.13588197,0.0344,0.1337778
METTL4,0.18060531,0.0344,0.1337778
GINS3,-0.15221081,0.0344,0.1337787
SKA2,0.16168405,0.0345,0.1338803
ENOX2,0.0941,0.0772,0.134
HEPHL1,0.511,0.077,0.134
ZP3,-0.174,0.0771,0.134
SNORA12,-0.224,0.0769,0.134
VMAC,-0.168,0.0775,0.134
ANKRD20A12P,0.278,0.0774,0.134
GNAQ,0.116,0.0773,0.134
LOC107986901,0.667,0.0773,0.134
MIR324,-0.35,0.0772,0.134
KIF1C,-0.197,0.0775,0.134
NUP214,0.069,0.0769,0.134
UTP23,0.108,0.0769,0.134
ELOVL6,0.322,0.0772,0.134
FOXM1,-0.4832621,0.00344,0.13405
CFAP206,0.11078665,0.0346,0.1340886
DCLK3,0.1055409,0.0346,0.1342048
RHCG,-0.1091708,0.0346,0.1342119
OR4N2,0.08724902,0.0346,0.134213
CTSE,0.14945499,0.0346,0.1342387
YWHAEP7,0.08611883,0.0346,0.134284
ZNF92,0.090642,0.0347,0.134305
MIR194-2HG,-0.12816519,0.0347,0.1343609
C14ORF145,-0.4656094,0.00347,0.13439
C8ORF37,0.30217079,0.0347,0.134396
ARL9,-0.14037459,0.0348,0.1345218
CHST5,0.10334984,0.0348,0.1346036
NCALD,0.15960436,0.0348,0.1347058
SOX30,0.09648781,0.0349,0.1347913
PRR23B,0.08929216,0.0349,0.1347913
ZG16B,-0.32745616,0.0349,0.1347972
CAMKK2,-0.20713067,0.0349,0.1348412
ATOH7,0.11830588,0.0349,0.1349635
WDR7-OT1,0.296,0.0777,0.135
C10ORF95-AS1,0.114,0.0777,0.135
ZNF124,-0.14,0.0779,0.135
ZNF585B,-0.108,0.0778,0.135
LOC105374071,0.189,0.0779,0.135
LOC105378593,-0.384,0.0782,0.135
MAP2K6,0.305,0.0781,0.135
WASF3,-0.224,0.0782,0.135
LOC107984581,-0.466,0.0781,0.135
GRK6P1,-0.361,0.0782,0.135
FAM3D-AS1,0.372,0.078,0.135
SLC9A9,-0.18,0.0776,0.135
LINC01670,0.242,0.0776,0.135
AATBC,-0.303,0.0778,0.135
POLR3E,-0.105,0.0776,0.135
LOC101928764,0.305,0.0778,0.135
LOC105373871,0.534,0.0777,0.135
SNORA70G,0.228,0.0776,0.135
LOC107985792,0.234,0.0778,0.135
KDR,0.18750908,0.035,0.1351703
OPRM1,0.08804045,0.035,0.1352263
FLJ26850,-0.11477785,0.035,0.1352263
IL3,0.11397536,0.0351,0.1352614
NUAK1,0.30314553,0.0351,0.1352888
ZNF749,-0.6459047,0.0035,0.13535
CCDC129,0.10315161,0.0352,0.1354545
MRPL13,-0.23249835,0.0352,0.1354995
NPM1,0.09046143,0.0352,0.1355829
PDIA6,0.8015457,0.00354,0.13563
CCL13,-0.187597,0.0352,0.1356849
PANK2,0.10441607,0.0353,0.1357381
C5ORF39,-0.5592187,0.00355,0.13577
RSU1,-0.5609135,0.00355,0.13577
ABCC6 /// ABCC6P1 /// LOC100292715,0.564239,0.00356,0.1358
CBS,0.43716588,0.0353,0.1358677
DHX32,0.16330668,0.0353,0.1358857
RNF11,0.4817669,0.00358,0.13589
SCMH1,-0.5627049,0.0036,0.13589
MESDC2,-0.5651864,0.00358,0.13589
CCDC130,0.15414486,0.0353,0.1359245
SNORD14D,0.3445454,0.0354,0.1359663
LOC107986633,-0.269,0.0783,0.136
LOC105371592,-0.368,0.0786,0.136
LOC105379230,0.402,0.0786,0.136
ACSS3,0.166,0.0788,0.136
LINC02904,-0.225,0.0785,0.136
RNF5,0.195,0.0786,0.136
KLHL22,-0.119,0.0786,0.136
SAP30BP,-0.111,0.0784,0.136
UGT2B28,0.719,0.0789,0.136
RNU6-1,-0.292,0.0788,0.136
PRKCZ,-0.177,0.0783,0.136
ZBTB8A,-0.121,0.0787,0.136
ERVK13-1,0.14,0.0789,0.136
LINC00638,-0.327,0.0783,0.136
LAS1L,-0.0946,0.0787,0.136
LINC00278,-1.8,0.0788,0.136
MYH15,0.09759775,0.0354,0.1360299
SHCBP1,0.08261208,0.0354,0.1360299
SNHG8 /// SNORA24,0.4932667,0.00361,0.13609
OR4K1,0.09082673,0.0354,0.1361484
RPL11,-0.10299255,0.0355,0.1362236
KCNJ6-AS1,0.10647099,0.0355,0.1362966
RGS22,0.06983307,0.0356,0.1364407
BTBD18,-0.9608063,0.00362,0.13645
AKAP14,0.09379721,0.0356,0.1365345
CNR2,0.08824544,0.0356,0.1365345
OR3A1,-0.09121555,0.0356,0.1365345
THEG,0.13350196,0.0357,0.1366662
LOC101927000,-0.10011594,0.0357,0.1366662
PSG4,-0.14678857,0.0357,0.1366769
SPATA8,0.10027862,0.0357,0.1367908
PTCD1,-0.171,0.0796,0.137
TUBGCP2,-0.147,0.0796,0.137
CLDN20,0.197,0.079,0.137
FCRL1,-0.369,0.0792,0.137
LRRC18,-0.239,0.079,0.137
SELE,-0.359,0.0792,0.137
PLBD1,-0.2,0.0796,0.137
GUCY2D,0.249,0.079,0.137
SNORA27,-0.319,0.0794,0.137
UBAP2,0.0628,0.0794,0.137
PURPL,-0.509,0.0792,0.137
LOC105376168,-0.497,0.0793,0.137
UROD,-0.178,0.0791,0.137
ZNF573,0.132,0.0794,0.137
POC1B-AS1,0.198,0.0795,0.137
MAK16,0.113,0.0795,0.137
NPIPA1,-0.19519081,0.0358,0.1370589
SLC23A3,0.45853286,0.0359,0.1370907
ZG16,0.11500832,0.0359,0.1370907
RGS8,-0.09862584,0.0359,0.1371696
ARL15,-0.12058835,0.0359,0.1372047
MTX1,0.16625054,0.036,0.1373062
TMEM179B,-0.15347199,0.036,0.1373281
PRRC2C,0.22876705,0.036,0.1374363
MAPK8IP1,-0.4929028,0.00367,0.13748
HECW1-IT1,0.10925244,0.036,0.1374961
HTR6,-0.12787391,0.0361,0.1375749
LOC100505923,0.08753989,0.0362,0.1378404
LURAP1L,0.37058665,0.0362,0.1378559
SNRNP40,-0.14000396,0.0362,0.1378559
ZC3H10,-0.19156058,0.0362,0.1378702
SERPINB11,0.09281569,0.0362,0.1379219
SERPINA7,0.169,0.0801,0.138
TNFSF11,-0.396,0.0799,0.138
SNORD159,-0.498,0.0804,0.138
LOC105371651,0.311,0.0804,0.138
FFAR4,0.262,0.0799,0.138
MIR553,0.324,0.0801,0.138
ST20,0.217,0.08,0.138
CPB2-AS1,0.247,0.0798,0.138
DLEC1,0.149,0.0798,0.138
DARS1-AS1,0.224,0.0798,0.138
ATOH8,-0.297,0.0803,0.138
LOC112268225,0.281,0.0802,0.138
KIAA0408,-0.242,0.0802,0.138
LOC107984130,0.358,0.0798,0.138
CENPX,-0.265,0.0798,0.138
HTT,0.101,0.0801,0.138
LOC105375884,0.279,0.0803,0.138
METTL5,0.122,0.0798,0.138
LINC00663,0.128,0.0801,0.138
RFTN1,-0.7383019,0.00373,0.1381
FAM190B,-0.5594901,0.00374,0.1381
PAPOLG,-0.6675991,0.00374,0.1381
TMA7,-0.17306242,0.0363,0.1381134
AQP10,0.08783011,0.0363,0.1381134
LOC101929268,0.1622346,0.0363,0.1381386
FEZF1,0.08309745,0.0363,0.138187
PIK3CB,-0.14709417,0.0364,0.138415
TRIM68,-0.13448966,0.0364,0.1384646
TCTE1,0.0817261,0.0365,0.1385247
RABIF,-0.13978456,0.0365,0.1385666
C16ORF72,0.19118934,0.0365,0.1385666
KIAA0831,-0.6154171,0.00377,0.13866
OR56A3,0.0840957,0.0365,0.1386631
VAV3-AS1,0.07620487,0.0365,0.1387519
PAX1,-0.5689304,0.00377,0.13878
AMELX,0.08247732,0.0366,0.1388528
SAT1,2.0178811,0.00379,0.13886
EDARADD /// ENO1,1.1224546,0.00379,0.13886
CMPK1,-0.20989505,0.0366,0.1389118
HOMER1,-0.321,0.0807,0.139
LOC105379080,0.403,0.081,0.139
ALOX15P1,-0.409,0.0806,0.139
CHRNB2,0.103,0.081,0.139
HMCN1,-0.15,0.0805,0.139
IL12RB2,0.189,0.081,0.139
NUDT17,-0.137,0.0809,0.139
RHBG,0.414,0.0809,0.139
LOC105374407,0.259,0.0809,0.139
TGM4,0.408,0.0808,0.139
ZNF765,0.107,0.0805,0.139
SUOX,0.139,0.0811,0.139
LOC105372824,-0.351,0.081,0.139
CCDC170,-0.21,0.0804,0.139
THAP7,-0.304,0.0805,0.139
LINC00571,0.215,0.0805,0.139
BMERB1,0.166,0.0806,0.139
ATP11A-AS1,-0.238,0.0805,0.139
LOC101927829,0.373,0.0809,0.139
LOC100129034,0.103,0.081,0.139
LOC100507006,0.268,0.081,0.139
DNAJC2,0.097,0.0807,0.139
HIST1H2BH,-0.6716552,0.0038,0.13903
SERP2,-0.2064316,0.0366,0.1390508
PXMP4,-0.21237066,0.0366,0.1390568
UFD1L,0.14595226,0.0367,0.1391096
ZNF675,0.09773647,0.0367,0.1391994
TPTE2P3,0.09640404,0.0367,0.1392142
RLIM,0.09384234,0.0368,0.1393798
LOC100505664,-0.09863036,0.0368,0.1394036
NSMCE2,-0.21437441,0.0368,0.1394706
CLDN17,0.08831681,0.0368,0.1394813
VAMP2,-0.19566045,0.0368,0.1394813
APOBEC3H,-0.19181197,0.0368,0.1394813
CLEC4GP1,0.13755937,0.0369,0.13965
FNTA,-0.20505538,0.037,0.1398916
PAPPAS,-0.7355843,0.00385,0.13997
SULT1A1 /// SULT1A2 /// SULT1A3 /// SULT1A4,1.1264099,0.00386,0.13999
XBP1,0.134,0.0818,0.14
ZFY,-1.45,0.0818,0.14
DPH3P1,0.21,0.0813,0.14
LOC107987152,-0.377,0.0815,0.14
PNISR-AS1,0.125,0.0813,0.14
LOC107984139,0.256,0.0818,0.14
LOC401261,0.239,0.0817,0.14
LOC102725116,0.292,0.0814,0.14
PDCD1LG2,-0.231,0.0814,0.14
LOC102723704,0.208,0.0817,0.14
LINC01590,0.213,0.0817,0.14
TIMM23,0.103,0.0819,0.14
CCDC85C,-0.134,0.0812,0.14
ACBD4,-0.203,0.0815,0.14
ASB1,-0.121,0.0812,0.14
FABP1,0.205,0.0812,0.14
OR4K2,-0.09610411,0.0371,0.1401419
CHD8,0.16938953,0.0371,0.1401923
LINC00459,-0.09234874,0.0371,0.1402122
KIAA0368,-0.16295657,0.0372,0.1402668
DFNA5,-0.39172704,0.0372,0.1402781
BIK,-0.17332565,0.0372,0.1402852
TNFSF14,0.67104574,0.0373,0.1405998
CUX2,0.7204514,0.0374,0.1407332
RNF167,-0.20166777,0.0374,0.1407695
MMAB,0.6875968,0.00391,0.14079
ARHGAP10,0.7301393,0.00394,0.14093
TRPV5,-0.07273192,0.0374,0.1409693
MFSD2A,-0.332,0.0825,0.141
MRPL20-AS1,-0.174,0.0819,0.141
LINC00886,0.218,0.082,0.141
C5ORF22,0.105,0.0823,0.141
ANGPTL3,1.0084643,0.00395,0.141
LOC105378039,0.302,0.0822,0.141
AURKA,-0.209,0.0821,0.141
ANKRD20A8P,0.386,0.082,0.141
SLC19A2,0.211,0.0821,0.141
LOC105371970,0.496,0.0821,0.141
LOC105372263,0.358,0.0822,0.141
NT5C1B,0.156,0.0823,0.141
HLA-F-AS1,-0.163,0.0826,0.141
ADORA2A,-0.25,0.0821,0.141
NIF3L1,0.101,0.0826,0.141
LOC105376182,0.246,0.082,0.141
LOC100132686,0.294,0.0822,0.141
ZFPM2-AS1,-0.29,0.0825,0.141
ARHGAP6,-0.221,0.082,0.141
LOC105371632,0.34,0.0821,0.141
CEND1,-0.486,0.0825,0.141
LOC102723564,0.227,0.0824,0.141
KCNC4-AS1,0.10393019,0.0375,0.141013
SLC2A14 /// SLC2A3,-0.7794151,0.00398,0.14105
GYPE,-0.08403851,0.0375,0.1411491
ULBP3,-0.09570663,0.0376,0.1414013
SRD5A2,0.69552588,0.0376,0.1414415
KLK7,0.07771027,0.0376,0.141481
BST2,-1.1361767,0.00401,0.14162
LINC00561,0.06574253,0.0377,0.1417434
BARHL2,-0.08979654,0.0378,0.14178
KCNIP3,0.08613448,0.0378,0.14178
OTUD3,-0.09262264,0.0378,0.1419106
RPL13AP20,-0.18012631,0.0378,0.1419251
LANCL1-AS1,0.21,0.083,0.142
CGRRF1,0.127,0.0829,0.142
LINC00607,-0.518,0.0831,0.142
TARS2,0.144,0.0829,0.142
LOC105371354,0.218,0.0828,0.142
LOC107986556,0.192,0.0829,0.142
LOC107986217,0.317,0.0827,0.142
RNF133,0.263,0.0827,0.142
QDPR,0.176,0.0829,0.142
NINJ2-AS1,0.164,0.0826,0.142
LOC105373342,0.225,0.0827,0.142
LOC112268432,0.14,0.0834,0.142
MOSPD3,-0.3,0.0832,0.142
LOC107986673,0.187,0.0833,0.142
ZRANB2-AS1,0.13,0.083,0.142
LOC101929577,0.332,0.0828,0.142
GPN2,0.0729,0.0828,0.142
CAMLG,-0.145,0.0827,0.142
EIF4A2,-0.19711408,0.0379,0.1420177
TMEM181,0.8333125,0.00403,0.14203
PPP3CC,-0.6070697,0.00403,0.14205
STK32B,-0.8285094,0.00403,0.14205
RORC,-0.08771844,0.0379,0.1420866
MICAL2,-0.6622862,0.00404,0.14226
SLC38A5,-0.12718745,0.038,0.1424331
OTX1,0.08515339,0.038,0.1424453
SEC11A,-0.18479815,0.038,0.1424621
KIAA1161,-0.21205087,0.0381,0.1424621
HIST1H2AC,-0.45378219,0.0381,0.1424653
FOXE1,0.10005579,0.0381,0.1425106
E2F6,0.2050432,0.0381,0.1425898
FAM81B,-0.06987959,0.0381,0.1427033
TOMM5,-0.18475365,0.0381,0.142722
RIMS4,-0.10186635,0.0382,0.1427833
KIAA0556,-0.12158075,0.0382,0.1427833
MPDU1,0.23209843,0.0383,0.1429388
WDR47,-0.111,0.0841,0.143
KLRC2,-0.346,0.0839,0.143
ZSCAN22,0.128,0.0838,0.143
LOC107986943,-0.559,0.084,0.143
LOC105374780,0.305,0.0835,0.143
LOC105376815,0.382,0.084,0.143
LOC112268420,0.306,0.0839,0.143
EEF1AKMT3,0.118,0.0835,0.143
ALG12,-0.19,0.0835,0.143
FGF2,0.177,0.0835,0.143
CAPN1-AS1,0.24,0.0839,0.143
CLNK,0.25,0.0836,0.143
EPC2,0.0888,0.0835,0.143
MIR4257,-0.302,0.0839,0.143
ENTPD7,-0.138,0.0838,0.143
LOC105372396,-0.372,0.0838,0.143
CYCSP52,0.322,0.0839,0.143
LOC107986190,0.273,0.0834,0.143
SLC4A1AP,-0.16016075,0.0383,0.1430131
PROSC,0.17967819,0.0383,0.1430235
TSFM,0.17279013,0.0383,0.1430346
KCNE1,-0.11043977,0.0383,0.1430491
LINC00676,0.08800265,0.0383,0.1431088
CEP57,0.6940228,0.00408,0.14313
DEK,-0.6359109,0.00408,0.14313
EIF4H,-0.11647833,0.0384,0.1431644
ALOX15B,0.10013367,0.0384,0.1432168
CT47A11,0.07652739,0.0384,0.1432238
IL36B,-0.07923878,0.0384,0.1432238
LINC00856,0.13498517,0.0384,0.1432837
NCOA4,0.16851539,0.0384,0.1433794
KIAA0494,-0.7451743,0.00411,0.14338
GRHPR,0.646937,0.00411,0.14338
LINC00380,-0.09534224,0.0385,0.1436256
LARS,-0.14052144,0.0385,0.143654
CTF1,-0.09789162,0.0385,0.1436562
C8ORF84,-0.5018426,0.00414,0.14375
HOXC6,0.09922034,0.0386,0.1437555
FAM41AY2///FAM41AY1,0.11809909,0.0386,0.1439196
CBARA1,0.6688851,0.00415,0.14396
CTBP1-AS,-0.233,0.0845,0.144
TRIM27,-0.102,0.0841,0.144
LBP,-0.257,0.0846,0.144
ZNF740,0.129,0.0847,0.144
KAT6A,0.0594,0.0846,0.144
TDGF1,0.388,0.0844,0.144
MYLK3,0.276,0.0843,0.144
LINC03064,-0.299,0.0845,0.144
JRKL,0.123,0.0848,0.144
SLC6A2,-0.575,0.0843,0.144
LOC105373302,0.167,0.0845,0.144
SLC22A1,0.9835667,0.00417,0.14407
ASCC2,0.11751523,0.0388,0.1442469
SYNDIG1,0.09337465,0.0388,0.1443646
MED26,-0.1617696,0.0388,0.1444265
OR6C3,0.08041616,0.0389,0.1447014
OFCC1,0.09192129,0.039,0.1447178
ZCCHC10,0.14315003,0.039,0.1447756
UBAP1,0.5077164,0.00422,0.145
C19ORF38,-0.298,0.0849,0.145
LINC01530,0.236,0.0848,0.145
LOC100287072,0.222,0.0848,0.145
DERA,0.144,0.0854,0.145
IL20RB,0.436,0.0852,0.145
TPK1,0.124,0.0852,0.145
PURB,0.103,0.0854,0.145
PLOD2,0.184,0.0849,0.145
LINC02943,-0.428,0.0849,0.145
TRA2B,0.0964,0.0848,0.145
LOC105369392,0.34,0.0854,0.145
XG,0.309,0.0854,0.145
DSE,-0.31006671,0.0391,0.1452718
LINC01574,0.09950407,0.0391,0.145285
LOC146880,-0.12182307,0.0392,0.145285
LOC101928796,-0.09135102,0.0392,0.1453599
ZBED9,-0.17434601,0.0394,0.1459124
LOC101928283,0.09861472,0.0394,0.1459826
LOC107985944,0.163,0.0862,0.146
COPG2IT1,0.236,0.0862,0.146
LOC107985694,0.3,0.0858,0.146
RNF138,0.135,0.0858,0.146
KCTD16,0.411,0.0861,0.146
ZFAND3,0.121,0.086,0.146
CRP,-0.469,0.0859,0.146
HCAR2,-0.359,0.0855,0.146
FAM168A,0.0831,0.0859,0.146
LOC441179,-0.311,0.0859,0.146
INTS5,-0.227,0.0861,0.146
MTRNR2L4,0.356,0.0861,0.146
DHRS13,-0.253,0.0862,0.146
STAT6,-0.131,0.0859,0.146
FN3K,-0.227,0.0856,0.146
LOC105379280,0.262,0.0856,0.146
LOC112268295,0.212,0.0858,0.146
ANKRD6,0.064,0.0855,0.146
LOC105372864,-0.431,0.0855,0.146
LOC105372767,0.284,0.0856,0.146
LOC105376224,-0.232,0.0855,0.146
LOC105372613,0.551,0.0857,0.146
PHF8,0.138,0.0858,0.146
LGALS7B,0.07962009,0.0395,0.1461424
PSMB4,0.7216218,0.00432,0.14633
LOC100128675,1.0543433,0.00432,0.14633
GOT2,0.34989722,0.0396,0.1464582
GABRA4,0.08327101,0.0396,0.1464582
IMMT,-0.15628553,0.0396,0.1464582
ZNF708,0.0784321,0.0397,0.1466385
NME4,0.27072113,0.0397,0.1466385
MYF6,0.12275214,0.0398,0.1468672
DOPEY1,0.14353192,0.0398,0.146966
LOC107985549,0.329,0.0868,0.147
LOC105371860,-0.306,0.0866,0.147
LOC112267953,-0.27,0.0867,0.147
EPB41L4A-AS1,0.152,0.087,0.147
LINC02705,0.286,0.087,0.147
TRG-TCC2-6,-0.338,0.0868,0.147
NAA35,0.0762,0.0868,0.147
ZNF641,-0.0625,0.0865,0.147
KIAA1614-AS1,-0.247,0.0865,0.147
LOC107986211,-0.209,0.0865,0.147
KRTCAP3,0.215,0.0869,0.147
DDX11,-0.236,0.087,0.147
LOC107985840,0.323,0.0868,0.147
RYK,0.088,0.0865,0.147
LINC00472,0.153,0.0866,0.147
LOC101927839,-0.313,0.0869,0.147
ANO7,-0.10349758,0.0398,0.1470289
BMP3,-0.10509412,0.0399,0.1470404
FAM65A,0.24830062,0.0399,0.1470499
PYCRL,-0.11290781,0.0399,0.1470499
DEFB104A,-0.08089035,0.0399,0.1470499
DSPP,0.09526706,0.0399,0.1470499
PLPPR3,0.08518088,0.0399,0.1472121
HIST1H2BD,0.9335723,0.00437,0.14738
LRG1,1.1286952,0.00436,0.14738
RASA2,-0.5381759,0.00438,0.14745
SLC6A12,0.6693343,0.00438,0.14749
DNALI1,-0.4219515,0.00438,0.14749
ZFHX3,-0.5459785,0.00439,0.14755
INADL,0.7628607,0.00441,0.14765
ZNF805,0.11605873,0.0401,0.1476982
H2AFX,-0.14958693,0.0401,0.1476982
RAB6B,-0.14427934,0.0401,0.1476982
CBFA2T2,-0.10505391,0.0402,0.1478289
LGALS9 /// LGALS9B /// LGALS9C,-0.4674639,0.00442,0.14794
GOT1,0.3466407,0.0402,0.1479634
LOC107984428,0.144,0.0873,0.148
POLR3C,0.0722,0.0872,0.148
EPC1-AS1,0.277,0.0877,0.148
NDUFB5,0.124,0.0873,0.148
EML1,-0.152,0.0873,0.148
CDK3,-0.193,0.0875,0.148
LOC101927550,-0.127,0.0873,0.148
DDX3Y,-1.45,0.0872,0.148
TOB2,-0.149,0.0876,0.148
LINC01504,-0.252,0.0872,0.148
LOC107985657,0.295,0.0871,0.148
IHO1,-0.285,0.087,0.148
LOC105377211,0.21,0.0877,0.148
LOC105372295,-0.254,0.0871,0.148
ZNF257,-0.259,0.0875,0.148
LOC105377890,0.313,0.0874,0.148
FEM1B,0.13715184,0.0403,0.148052
NAT8,-0.43490412,0.0403,0.1482374
EIF2S1,0.13332244,0.0403,0.1482526
OR2M3,0.07791101,0.0403,0.1482526
C11ORF70,-0.18399689,0.0404,0.1482916
LOC101927661,0.10428143,0.0404,0.1483661
C11ORF63,-0.10322543,0.0405,0.1485525
MLPH,0.29417746,0.0405,0.1486365
PHF15,-0.812344,0.00447,0.14866
POU6F1,-0.5954711,0.00449,0.14866
DLGAP2-AS1,0.08610208,0.0405,0.1486741
EGR4,0.12222907,0.0406,0.1487848
IFNLR1,0.42287801,0.0406,0.1489451
LINC01176,0.19,0.0878,0.149
CKAP2L,-0.329,0.0883,0.149
MIR3935,0.454,0.0883,0.149
TMEM47,-0.162,0.0883,0.149
LOC105375713,0.229,0.0878,0.149
LOC107985684,0.228,0.0877,0.149
LINC00504,0.32,0.0881,0.149
LOC107986858,0.252,0.0883,0.149
ARL6IP4,-0.252,0.0883,0.149
LOC101927600,0.142,0.0879,0.149
TMEM132D,0.14538795,0.0407,0.1490133
ZNF274,-0.17889571,0.0407,0.1490133
POU4F1,-0.37995556,0.0407,0.1490133
MYBPC1,-0.10384644,0.0407,0.1490286
ACTR2,-0.8068493,0.0045,0.14905
BOD1P,-0.6079366,0.00451,0.1491
ADRA2B,-0.11967157,0.0408,0.1491577
RSAD2,-0.2761594,0.0408,0.1492044
ACTN2,0.13617133,0.0408,0.1492204
HSCB,0.24164051,0.0408,0.1492204
BTF3L4,-0.14723085,0.0409,0.1494443
NDUFB6,-0.20166789,0.0409,0.1494443
GLYCAM1,-0.09119511,0.0409,0.1494443
PLN,-0.5236707,0.00454,0.14974
ATP2B2,0.8814954,0.00454,0.14974
IGL@,-0.6185218,0.00456,0.14989
LOC102724053,0.08131691,0.0411,0.149893
OR1B1,0.08019872,0.0411,0.1499755
HAPLN4,0.33961406,0.0411,0.1499755
ZNF764,-0.12590087,0.0411,0.1499755
ANKS6,-0.08344804,0.0411,0.1499755
LINC01290,0.318,0.0889,0.15
LOC105374800,0.274,0.0885,0.15
LRRC3B,0.433,0.0885,0.15
ZNF385C,-0.231,0.0887,0.15
LOC107987046,0.18,0.0891,0.15
IL18R1,0.119,0.0884,0.15
GEMIN2,0.124,0.0885,0.15
LOC112268189,-0.236,0.0886,0.15
LIPT2,0.163,0.0884,0.15
LINC00870,0.207,0.0887,0.15
MGAM,-0.335,0.0891,0.15
C9ORF40,-0.172,0.0891,0.15
EIF1B-AS1,0.21,0.0891,0.15
MRPL46,0.136,0.0891,0.15
LOC100506023,0.193,0.0886,0.15
FAM86JP,0.295,0.0888,0.15
PLCB1,0.17,0.0889,0.15
HNF1A-AS1,0.284,0.0884,0.15
ETF1,-0.139,0.0888,0.15
MPHOSPH8,0.13277353,0.0412,0.1500737
VPS39,-0.4561001,0.00457,0.15013
PRSS16,-0.12129075,0.0412,0.1501729
ZNF575,-0.11837182,0.0412,0.1501942
GIT2,0.09289132,0.0413,0.1501942
XAGE5,0.10344118,0.0413,0.1503209
OR4K15,0.08705727,0.0413,0.1503702
OSBPL1A,-0.23138575,0.0413,0.1503984
PRRG3,0.07304418,0.0413,0.1503984
VKORC1,-0.36019189,0.0414,0.1505477
PNPLA8,0.15815423,0.0415,0.1508336
DCTN4,0.0944,0.0898,0.151
LOC105372862,-0.355,0.0898,0.151
HPN-AS1,-0.234,0.0892,0.151
MYCL,0.198,0.0892,0.151
RPS10-NUDT3,-0.136,0.0896,0.151
GRHL1,0.183,0.0897,0.151
LOC101927069,-0.322,0.0894,0.151
LOC105370765,0.198,0.0897,0.151
LOC105373102,-0.391,0.0895,0.151
NCMAP-DT,0.209,0.0897,0.151
LOC107986003,0.115,0.0895,0.151
LOC93622,0.144,0.0894,0.151
ATOX1,-0.179,0.0895,0.151
CDKAL1,0.0748,0.0895,0.151
ZSWIM8-AS1,-0.16,0.0892,0.151
LOC105374853,0.268,0.0894,0.151
LOC283440,0.09152804,0.0416,0.1510648
ZNF322,-0.16393325,0.0416,0.1510908
SGK223,-0.39554459,0.0417,0.1511709
DNAH17,-0.12502076,0.0417,0.151194
EDAR,-0.15310238,0.0417,0.151194
CCDC182,0.1054746,0.0417,0.1513224
IL22RA2,-0.12086196,0.0418,0.1513461
CHRNA5,0.27784166,0.0418,0.1515006
OR52N2,0.11429056,0.0419,0.1515733
ARL4D,0.44902216,0.0419,0.1516159
NOC2LP2,-0.10493639,0.042,0.1518467
SRY,0.09897094,0.042,0.1519002
ZNF512,-0.19544449,0.042,0.1519334
LOC100287036,-0.319,0.0904,0.152
CAMK2B,-0.245,0.0904,0.152
LIPC-AS1,0.31,0.09,0.152
AAGAB,-0.102,0.0905,0.152
LOC105370051,-0.237,0.0903,0.152
ATP5PO,0.127,0.0903,0.152
TBK1,0.11,0.0906,0.152
LOC101928055,-0.277,0.0905,0.152
RNASE4,0.123,0.0901,0.152
LOC105375669,0.202,0.0904,0.152
FKBP15,-0.0497,0.0899,0.152
RNASE7,0.294,0.0905,0.152
NEMP1,0.0978,0.0905,0.152
LOC105374527,0.289,0.09,0.152
GALNT11,-0.14004907,0.0421,0.1520509
QRFPR,0.10522179,0.0421,0.1521199
GOLGA6L1,-0.07123745,0.0421,0.1521473
NEK7,-0.14980284,0.0421,0.1521667
SMCR5,-0.7127099,0.00468,0.15232
EPYC,0.0985871,0.0423,0.1524971
SMCO4,-0.22407947,0.0423,0.1525061
CLDND1,-0.1731047,0.0423,0.1525061
TLX3,-0.10117651,0.0423,0.1525324
KIAA0753,-0.13850337,0.0423,0.1525324
FAH,1.0283316,0.00474,0.15262
C1ORF69,-0.6885421,0.00471,0.15262
IQCG,-0.16631537,0.0424,0.1526421
SPATA9,0.10122089,0.0424,0.1527201
RFPL1S,0.09975113,0.0424,0.1528295
PAGE2B,-0.08608696,0.0425,0.1528963
SMARCE1,0.0898,0.0909,0.153
PSME3IP1,0.0473,0.0907,0.153
LRRIQ4,-0.376,0.0908,0.153
ADM2,-0.409,0.091,0.153
MIER1,0.099,0.0911,0.153
NFAT5,0.0983,0.0909,0.153
RPS4Y1,-1.89408362,0.0425,0.1530358
NCS1,-0.5100655,0.00478,0.15306
CYP2D6 /// CYP2D7P1,1.2435256,0.00478,0.15306
IGSF21,-0.38487877,0.0426,0.1531138
PTRHD1,-0.1965108,0.0426,0.1531559
CAMK4,0.09962056,0.0426,0.1531573
IGFL1,-0.4278674,0.00481,0.15328
HERPUD2,1.0599155,0.00484,0.1533
CSDA,-0.7750648,0.00482,0.1533
GPANK1,-0.11067833,0.0427,0.1533403
NEUROD2,0.06571533,0.0427,0.1533469
NXT2,-0.14116765,0.0427,0.1533979
SNORA32 /// TAF1D,-0.916647,0.00486,0.15342
NR2E1,0.15447908,0.0427,0.1534369
INSL5,0.10914304,0.0428,0.1535675
PLEKHH2,-0.7015493,0.00487,0.15357
OAF,1.2082028,0.00487,0.15357
ESYT1,-0.18863558,0.0429,0.1536878
GCDH,0.36779262,0.0429,0.1536878
GNG8,0.5399685,0.00489,0.15376
GMFB,0.5409703,0.0049,0.15379
LOC100133985,0.09299077,0.0429,0.1538304
ZC3H7B,-0.07363325,0.0429,0.1538647
SMIM12,0.13813409,0.043,0.1539502
GRIK1,-0.14882545,0.043,0.1539661
STXBP3,-0.19985218,0.043,0.1539661
FAM70A,0.4584082,0.00492,0.15397
SNORD109A,0.359,0.0913,0.154
LOC101928008,0.218,0.0915,0.154
C17ORF113,-0.232,0.0916,0.154
IFT122P3,-0.252,0.0917,0.154
LINC02718,0.229,0.0917,0.154
PRSS42P,0.257,0.0918,0.154
LINC00926,-0.251,0.0918,0.154
BZW1-AS1,0.274,0.092,0.154
LOC105376136,0.306,0.0917,0.154
LINC02615,0.195,0.0914,0.154
GARS1-DT,0.127,0.0913,0.154
ANKRD45,0.407,0.0914,0.154
NARS2,0.0976,0.0914,0.154
MRPL12,-0.245,0.0915,0.154
AUP1,0.10670231,0.043,0.1540183
LOC101928343,-0.08566854,0.0431,0.1541432
ATF4,-0.19533021,0.0431,0.1542229
VSX1,0.09242431,0.0431,0.1542328
RNF151,0.11816955,0.0433,0.1547734
WISP1,-0.6771754,0.00498,0.15481
CFH /// CFHR1,1.5062341,0.00499,0.15481
DHX57,0.09856594,0.0434,0.1549198
CDK6,-0.25258607,0.0434,0.1549198
UBA3,-0.17581453,0.0434,0.1549841
SLED1,0.281,0.0921,0.155
SUGT1P4-STRA6LP,0.18,0.0927,0.155
SGCE,0.242,0.092,0.155
LOC105375500,0.255,0.0924,0.155
NR2F6,-0.26,0.0925,0.155
LINC00299,-0.239,0.092,0.155
GHRLOS,0.207,0.0922,0.155
LOC107984316,-0.3,0.0925,0.155
ZNF837,0.241,0.0924,0.155
C18ORF15,-0.342,0.092,0.155
C2,0.6771915,0.00501,0.15502
RBM9,0.5673772,0.00502,0.15502
EMC9,0.20868577,0.0435,0.1550207
BRCA2,-0.09063485,0.0435,0.1550835
ACOT1,-0.19463439,0.0435,0.1551595
KIAA0319L,0.17095971,0.0435,0.1551821
EMX2,0.06319616,0.0435,0.1551821
OR52L1,0.06889351,0.0436,0.1552226
FGF8,0.08635742,0.0436,0.1552226
GNAO1,0.44565729,0.0436,0.155387
DTWD2,0.09713845,0.0437,0.1554176
WDPCP,-0.14207066,0.0437,0.1554553
TUBB4B,-0.242572,0.0437,0.1554692
TMEM206,0.09290375,0.0437,0.1554692
UQCC1,-0.12472917,0.0437,0.1554692
GET4,-0.10601061,0.0438,0.1556179
CCNL1,0.28800938,0.0438,0.1556179
POLR1D,-0.13742989,0.0438,0.1557378
OR4A16,0.08429308,0.0438,0.1557942
TTF1,-0.4514307,0.00506,0.15587
AP4E1,0.15814187,0.0439,0.1559144
ZNF618,-0.13319266,0.0439,0.1559283
OR10A3,0.08870942,0.0439,0.1559896
HAX1,0.126,0.0927,0.156
LOC112267941,0.179,0.0931,0.156
LOC105374358,0.284,0.0933,0.156
BDH2,0.11,0.093,0.156
NTF3,-0.216,0.0933,0.156
LOC105371089,0.314,0.0934,0.156
TCF7,-0.186,0.093,0.156
LOC105375652,0.243,0.0931,0.156
SYNJ2,-0.105,0.0934,0.156
RNF216,-0.0555,0.0931,0.156
MCF2,0.303,0.0931,0.156
LOC107987104,0.453,0.0928,0.156
ZDHHC20,0.107,0.0927,0.156
C5ORF66-AS2,-0.10796487,0.044,0.1560772
LINC00901,0.08426111,0.044,0.156112
BFSP1,-0.07949327,0.044,0.1561832
GPLD1,1.3065906,0.00508,0.15631
RFWD3,-0.5022274,0.00508,0.15631
ZNF215,-0.13599305,0.0441,0.1563894
PRR15,-0.19422265,0.0442,0.1565705
SNAPIN,-0.15773273,0.0442,0.1566313
LOC100628314,0.08940338,0.0443,0.1567645
PP7080,-0.15755208,0.0443,0.1567645
RNMT,-0.8010333,0.00514,0.1569
GOLGA8H,0.136,0.0942,0.157
DDX59,0.102,0.0937,0.157
STARD5,0.171,0.094,0.157
LOC105375356,0.215,0.0937,0.157
LOC100653133,-0.397,0.0935,0.157
ZNF583,0.112,0.094,0.157
INTS4P2,0.146,0.0939,0.157
ZC3H15,0.105,0.094,0.157
LOC107984591,-0.366,0.0936,0.157
C10ORF62,0.289,0.094,0.157
MYBPH,0.48228433,0.0444,0.1570255
KRT84,0.09476763,0.0445,0.1572082
C20ORF194,-0.554352,0.00516,0.15726
SDHAP2,0.6489633,0.00518,0.15729
ZNF560,0.07306692,0.0445,0.1573032
PLA2G3,-0.4915268,0.00519,0.15748
ATP5G1,-0.2665898,0.0446,0.1575481
LIX1,0.08561724,0.0446,0.1575481
CCDC33,0.09865176,0.0446,0.1575827
NUB1,-0.10870438,0.0447,0.1576712
LOC100131023,-0.0991402,0.0447,0.1577011
GNG7,0.7704116,0.00521,0.15779
BNIPL,-0.12207519,0.0447,0.1578015
FLJ41484,-0.4112516,0.00522,0.15783
OR3A3,0.0907576,0.0448,0.1579029
DGAT2L6,0.07578214,0.0448,0.1579029
OR5K1,0.0784159,0.0448,0.1579346
LOC105374136,0.23,0.0943,0.158
LOC105370714,0.443,0.0945,0.158
HHLA3-AS1,0.316,0.0945,0.158
PNLDC1,0.439,0.0946,0.158
SNORA71B,-0.289,0.0942,0.158
LOC107986064,0.216,0.0942,0.158
LOC107986444,0.294,0.0942,0.158
FAHD1,0.176,0.0942,0.158
CYREN,-0.0805,0.0943,0.158
LSM1,0.113,0.0947,0.158
LTA,-0.269,0.0947,0.158
C5ORF24,0.129,0.0944,0.158
CDK8,0.0917,0.0946,0.158
SCLT1,-0.0919,0.0946,0.158
BCL2L10,-0.26126851,0.0448,0.158038
KRTAP6-2,0.06476199,0.0448,0.158038
CHORDC1,-0.0877457,0.0449,0.1582381
CXORF36,-0.11404946,0.0449,0.1582847
OLIG3,0.13552725,0.045,0.1584502
PLSCR5,0.08692884,0.045,0.1584639
PLPP1,0.13589627,0.045,0.1584736
SRPRB,0.18255908,0.0451,0.1587134
KCNH2,0.11979329,0.0451,0.1587348
LRRC6,-0.12716724,0.0451,0.1587348
PSPN,-0.08702484,0.0452,0.1588381
CDKN3,-0.27671211,0.0452,0.1588973
DENND2D,-0.28897482,0.0452,0.1588975
NME6,-0.14336991,0.0452,0.1589351
LINC01255,0.10380934,0.0453,0.1589937
AFTPH-DT,0.284,0.0953,0.159
APOC4-APOC2,0.182,0.0952,0.159
ZNF559-ZNF177,0.166,0.0951,0.159
LOC105371036,0.268,0.0952,0.159
C19ORF18,0.187,0.0949,0.159
HRH4,0.287,0.0949,0.159
LOC107985599,0.194,0.0952,0.159
LOC105374852,0.224,0.0951,0.159
LOC102724438,-0.271,0.095,0.159
SGO2,-0.174,0.0954,0.159
ZNF117,-0.246,0.0955,0.159
PDCL3,-0.116,0.0953,0.159
OPN4,0.09282216,0.0453,0.1590109
PSMD14,-0.1750064,0.0454,0.1592262
LOC105372682,-0.09528239,0.0454,0.1592754
TNFRSF13C,-0.10708913,0.0455,0.1593846
FDPS,0.45926149,0.0455,0.1594234
SMCO2,0.10623071,0.0455,0.1594234
GCG,0.08747428,0.0455,0.1594234
ZNF667,-0.12570553,0.0455,0.1594353
DSC2,-0.529557,0.00532,0.15946
RIMS2,-0.09471077,0.0456,0.1596533
DNAH3,0.09537602,0.0456,0.1596646
LOC105369920,0.08144615,0.0457,0.1597222
RIC8B,-0.14449881,0.0457,0.1597788
CNTN3,-0.23897526,0.0457,0.1598517
LOC653513,0.146,0.096,0.16
CATIP-AS1,0.279,0.0962,0.16
BACE1-AS,0.122,0.0962,0.16
RAB5B,0.125,0.0961,0.16
LOC105370337,0.217,0.0963,0.16
STK4-DT,0.306,0.096,0.16
POLDIP2,0.20708335,0.0458,0.1600211
HES6,0.25056895,0.0459,0.1602655
SLC35E2,0.12120706,0.046,0.1604455
SGK2,-0.12494395,0.0462,0.1607867
CHRNB3,-0.11546462,0.0462,0.1607983
FCHO2,-0.20122466,0.0462,0.1608883
CTH,0.8939597,0.00542,0.1609
SEPTIN 8,-0.8728673,0.00541,0.1609
ZNF252,-0.8825559,0.00541,0.1609
LOC283194,0.224,0.0968,0.161
PGAM1P5,0.227,0.0964,0.161
LOC105375492,0.194,0.0964,0.161
USP42,-0.0726,0.0968,0.161
LOC105374140,-0.276,0.0967,0.161
LOC105369559,0.42,0.0967,0.161
SUCLG1,0.127,0.0971,0.161
LOC105374470,0.302,0.0963,0.161
RNF32-DT,0.142,0.0963,0.161
SENP1,0.0899,0.0967,0.161
LOC105369171,0.193,0.0969,0.161
UBR5-DT,0.197,0.0966,0.161
RAET1E,0.328,0.0963,0.161
LINC00877,-0.372,0.097,0.161
TTLL4,0.143,0.0968,0.161
SLITRK6,0.279,0.0965,0.161
DERL2,0.0885,0.0966,0.161
TREH,-0.306,0.0964,0.161
PSMB3,-0.195,0.0965,0.161
SPATA41,0.23,0.0967,0.161
NKAPL,-0.261,0.0965,0.161
PYGM,-0.323,0.0968,0.161
AGMAT,0.154,0.0968,0.161
DPP4,0.181,0.0966,0.161
UBBP4,0.186,0.0968,0.161
LOC100506851,0.235,0.0967,0.161
IGH@ /// IGHA2 /// LOC100126583,-0.926773,0.00544,0.16108
GPX4,-0.25159701,0.0463,0.1611526
LOC100288893,0.14557568,0.0463,0.1611835
OR10W1,0.08257058,0.0463,0.1611835
CRISP1,0.08935204,0.0463,0.1611835
OR4F4,-0.08022332,0.0463,0.1611877
LINC00708,0.07690748,0.0464,0.1612048
PAX5,-0.7069026,0.00547,0.16127
C21ORF88,-0.5467433,0.00548,0.16127
PCDH7,-0.11745351,0.0464,0.1612989
CAGE1,0.12433077,0.0464,0.1613567
FAM196A,-0.1391582,0.0464,0.1613569
SLC10A4,0.10145504,0.0464,0.1614116
LRTM2,0.09772032,0.0465,0.1614117
TMEM199,-0.1565323,0.0465,0.1615465
CEP128,-0.13705024,0.0465,0.1615759
WDR65,-0.547286,0.0055,0.16164
SERINC4,-0.095358,0.0466,0.1617039
CHN1,-0.16553189,0.0466,0.1618124
DAZ4,-0.10759237,0.0466,0.1618604
LRRC23,-0.5409466,0.00553,0.16194
GPR45,-0.5001723,0.00552,0.16194
C10ORF125,0.7647291,0.00555,0.16199
CARD8,-0.7651297,0.00554,0.16199
IGHV2-5,-0.406,0.0974,0.162
ZNF688,-0.179,0.0977,0.162
P2RX6,-0.262,0.0977,0.162
LOC105374612,-0.257,0.0977,0.162
LOC107986015,0.181,0.0973,0.162
DNAH10,0.17,0.0977,0.162
PSMA6,0.111,0.0977,0.162
GBP1P1,0.173,0.0978,0.162
TAS2R5,0.221,0.0977,0.162
HNRNPK,0.0913,0.0974,0.162
KIRREL1-IT1,-0.33,0.0973,0.162
SNORA58B,-0.306,0.0972,0.162
LOC105377911,0.516,0.0972,0.162
SELENOS,-0.133,0.0977,0.162
PCDHA5,0.282,0.0976,0.162
MRPL34,0.21,0.0973,0.162
C2ORF74,-0.24278979,0.0467,0.1620297
LOC645261,-0.4430702,0.00558,0.16232
IFNW1,0.11285285,0.0469,0.1624537
SENP5,0.15024143,0.0469,0.1624673
ANKRD40,-0.13121424,0.0469,0.1624673
ELFN1-AS1,0.07370507,0.0469,0.1625213
CBR1,-0.25011815,0.047,0.1626089
OR10K2,0.09122644,0.047,0.1626702
TTC9C,-0.13912588,0.047,0.1626898
ZNF747,0.15987497,0.0471,0.1628324
LOC105375172,0.1077935,0.0471,0.1628324
ZNF304,-0.1258411,0.0471,0.1629093
CYP24A1,0.10045257,0.0471,0.1629378
NPRL2,0.17632508,0.0472,0.1629509
RRAGA,-0.15481719,0.0472,0.1629602
LOC105375363,0.203,0.098,0.163
IFIH1,0.119,0.0983,0.163
LOC101929322,0.3,0.0986,0.163
RNF216-IT1,-0.378,0.0979,0.163
FOLH1B,0.214,0.0986,0.163
LOC105376591,0.212,0.0983,0.163
MOB1A,-0.136,0.0986,0.163
ELOA3P,-0.39,0.0983,0.163
LOC107984950,-0.1,0.0985,0.163
ENO4,0.101,0.0982,0.163
NPIPB8,0.188,0.0981,0.163
LOC107986649,-0.165,0.0982,0.163
LOC107986566,0.375,0.0982,0.163
ZNF883,-0.376,0.098,0.163
NSD2,-0.0846,0.0981,0.163
BRD9,-0.108,0.098,0.163
TMEM150C,0.139,0.0979,0.163
ROS1,0.415,0.0986,0.163
FIZ1,-0.131,0.0983,0.163
LOC105373386,-0.307,0.0983,0.163
IGFL2,0.08592354,0.0472,0.1630146
C10ORF10,-0.6912552,0.00563,0.16318
KLK2,-0.487487,0.00564,0.1632
AIRE,0.23374818,0.0473,0.1632541
LRP8,-0.08289244,0.0473,0.1632541
CFD,0.40306269,0.0473,0.1632805
APPL2,-0.7207265,0.00565,0.16332
RBMY1A1,0.09246492,0.0474,0.1634532
KCNK2,-0.08260033,0.0475,0.1638132
APCDD1L,-0.4115061,0.00568,0.16387
PABPC3,-0.10833604,0.0476,0.1639102
LOC105371818,0.423,0.0991,0.164
LOC105374296,-0.235,0.0988,0.164
LOC105372427,-0.401,0.0993,0.164
LINC02289,0.341,0.0987,0.164
MIR198,-0.254,0.0988,0.164
RPA3,0.163,0.099,0.164
MAFG,-0.174,0.0987,0.164
ADAM22,0.222,0.0987,0.164
DCTN6,0.131,0.0989,0.164
LOC112268304,-0.414,0.0993,0.164
RNF168,0.098,0.0989,0.164
ZNF778,0.102,0.0992,0.164
EPRS1,0.0984,0.0991,0.164
SRBD1,0.0882,0.0993,0.164
VPS4B,0.084,0.099,0.164
LOC105371366,0.356,0.0987,0.164
PTCRA,0.13279656,0.0476,0.16402
DOHH,-0.11195366,0.0476,0.1640847
OR1D2,-0.08286791,0.0477,0.1641867
AIM2,0.08771432,0.0477,0.1642788
SLC9A4,0.17419945,0.0478,0.1643607
IVL,-0.11753517,0.0478,0.1643914
KRTAP7-1,0.09137624,0.0478,0.1643914
SRSF3,-0.10420451,0.0478,0.164432
STAG3,0.31016838,0.0478,0.1644492
POP5,0.23507101,0.0479,0.1644691
ATP5EP2,-0.13864513,0.0479,0.1645449
MUSK,-0.15076732,0.048,0.164661
HIST2H3D,-0.11094888,0.048,0.164683
PPA1,-0.19838094,0.048,0.1646937
PDIA2,0.09273646,0.0481,0.1648661
H3F3B,1.7295393,0.00576,0.16491
LOC105371227,0.411,0.0995,0.165
LOC105369565,0.331,0.1,0.165
LOC105377663,-0.195,0.0996,0.165
LOC112268025,-0.244,0.0996,0.165
TET2-AS1,0.186,0.1,0.165
LOC102724851,0.24,0.0999,0.165
UROC1,-0.27,0.0996,0.165
LOC105375061,-0.237,0.0998,0.165
C1ORF220,0.265,0.0998,0.165
NRIR,0.354,0.0998,0.165
PABIR1,0.0936,0.0999,0.165
LOC105378437,0.455,0.0996,0.165
KATNA1,0.0809,0.0999,0.165
LOC112268116,0.27,0.0999,0.165
KLK11,-0.59488892,0.0482,0.1650899
C6ORF72,0.6650364,0.00577,0.1651
ZNF25,-0.18292242,0.0482,0.1651182
HAUS2,0.21365513,0.0482,0.1651936
LOC729603,0.23499665,0.0482,0.1651936
LOC157931,0.09288947,0.0482,0.1651979
LOC102723617,0.07565001,0.0482,0.1651979
RESP18,0.10433889,0.0482,0.1652399
CYR61,-0.67398603,0.0482,0.1652581
KIT,-0.3057802,0.0483,0.1652931
TMEM45B,-0.50700387,0.0483,0.1653044
LOC101927635,0.10887487,0.0483,0.1653044
SLC25A12,-0.7789092,0.0058,0.16536
HCN3,0.7444876,0.00581,0.16536
TNFRSF18,-0.10135244,0.0483,0.1654063
MRPL42P5,-0.08478189,0.0483,0.1654063
MED19,-0.11039724,0.0485,0.1656917
LILRA3,-0.12089712,0.0485,0.1658165
HSPA8,-0.30770316,0.0485,0.1658165
OR10C1,0.09563437,0.0486,0.1658589
DEFB131,0.09694745,0.0486,0.1659282
ACSBG1,-0.10487947,0.0486,0.1659577
CEP164,0.16038197,0.0486,0.1659961
TEDC2-AS1,-0.392,0.1,0.166
FOCAD,-0.0886,0.101,0.166
ABCB6,0.148,0.1,0.166
PIK3IP1-DT,-0.282,0.1,0.166
IGF2-AS,-0.291,0.1,0.166
LOC105374413,-0.255,0.101,0.166
TXLNA,-0.113,0.101,0.166
PPP2R5E,0.0984,0.1,0.166
LOC112267872,0.172,0.101,0.166
COPB2,0.103,0.1,0.166
PPP1R2B,-0.213,0.101,0.166
ZNF337,-0.5493522,0.00585,0.16602
CHRNA1,0.10403142,0.0487,0.1660714
MARCH9,0.09900209,0.0487,0.1661074
C14ORF156,1.1357039,0.00587,0.16611
COQ9,-0.4800348,0.00586,0.16611
XPO7,-0.6088347,0.00587,0.16611
UGT1A1 /// UGT1A10 /// UGT1A3 /// UGT1A4 /// UGT1A5 /// UGT1A6 /// UGT1A7 /// UGT1A8 /// UGT1A9,0.7458208,0.00588,0.16612
GCK,-0.09605013,0.0487,0.1662018
CD164L2,-0.07952609,0.0488,0.1662359
CABP1,0.07384222,0.0488,0.166258
ACBD6,1.0464051,0.00591,0.16633
NIT1,0.5477107,0.00592,0.16633
FUBP1,-0.3981691,0.00594,0.16651
ADAMTSL1,-0.5322843,0.00594,0.16651
LOC100132005,-0.5241599,0.00594,0.16651
CLCC1,-0.11089904,0.049,0.1667088
SOX15,-0.11329027,0.049,0.1667241
ZNF629,-0.19311977,0.049,0.1667809
FLJ44635,-0.10201091,0.0491,0.1669931
LINC02735,0.436,0.102,0.167
CPSF3,0.0936,0.101,0.167
RNASEH1,0.0703,0.102,0.167
SMUG1-AS1,-0.412,0.101,0.167
TMPO-AS1,0.211,0.101,0.167
CBLN1,-0.442,0.102,0.167
KIAA1143,0.126,0.101,0.167
LOC102724092,0.389,0.101,0.167
LOC107985250,-0.724,0.102,0.167
ZNF433,0.113,0.101,0.167
ZNF410,-0.0932,0.101,0.167
RPL32P3,-0.146,0.101,0.167
KLHL4,-0.259,0.101,0.167
LINC01963,0.207,0.101,0.167
PRSS36,-0.351,0.101,0.167
BTBD8,0.142,0.102,0.167
LOC105371880,0.35,0.101,0.167
ERG28,0.245,0.101,0.167
BRP44,0.6432015,0.00599,0.16705
TXNDC6,-0.556735,0.00598,0.16705
C6ORF129,0.5719663,0.00599,0.16705
TTTY18,0.06878187,0.0492,0.1671673
LILRB1 /// LILRB2,-0.5597971,0.00603,0.1672
TBATA,0.08676312,0.0492,0.1672027
LOC101929331,-0.06590852,0.0492,0.1672804
FBXO7,0.7065364,0.00606,0.16729
KIAA0100,0.5702633,0.00606,0.16729
DUSP3,2.1057829,0.00606,0.16729
C5ORF46,-0.34472437,0.0493,0.1674889
FBXL8,-0.1430754,0.0493,0.1675112
ZSCAN21,0.15171556,0.0494,0.1675428
CPT1A,0.10575266,0.0494,0.1676116
OR4A5,0.09026742,0.0494,0.1676258
BATF,-0.4091409,0.0494,0.1676859
FRMD5,0.11290126,0.0495,0.1678736
ARPP19,-0.14808903,0.0495,0.167976
LOC100129027,0.08829509,0.0495,0.1679808
XIST,0.782,0.102,0.168
LAMC1,-0.13,0.102,0.168
PCDHB11,-0.297,0.102,0.168
KLHL42,0.0895,0.102,0.168
SNORD20,0.274,0.102,0.168
PGM5,-0.203,0.102,0.168
LOC107985139,-0.0969,0.102,0.168
IRF2BPL,-0.157,0.102,0.168
SMC6,0.184,0.102,0.168
USP9Y,-1.58,0.102,0.168
TMEM233,0.38,0.102,0.168
NOP14-AS1,0.0738,0.102,0.168
OR5J2,-0.08566895,0.0496,0.168043
KCNJ4,0.08871343,0.0496,0.1680929
HIST1H4F,0.08437282,0.0496,0.1680929
SLC50A1,-0.17579682,0.0496,0.1681058
TRIM39,0.11814928,0.0496,0.1681124
TBCA,0.12774048,0.0497,0.1681257
HFE,-0.11077198,0.0497,0.1681315
C7ORF33,0.10162617,0.0498,0.1683356
TTC39C,1.1176298,0.00616,0.16848
BCL6,0.46347326,0.0499,0.1685326
OR4F5,0.11224546,0.0499,0.1685711
XKR9,0.0903773,0.0499,0.1686663
LINC01482,0.429,0.103,0.169
SNORD94,-0.343,0.103,0.169
MIR302CHG,0.115,0.103,0.169
SLC25A5-AS1,0.158,0.103,0.169
LINC02753,0.337,0.103,0.169
PTAR1,0.0933,0.102,0.169
LOC101927369,-0.303,0.103,0.169
TSIX,0.757,0.103,0.169
TRNW,0.619,0.103,0.169
LOC102724072,0.403,0.103,0.169
NUP205,0.0826,0.103,0.169
LINC02482,0.238,0.103,0.169
LOC102723475,0.404,0.103,0.169
HROB,-0.179,0.103,0.169
GTF2H2B,0.159,0.103,0.169
WDR60,0.17478896,0.0501,0.1691222
OR2T29,0.0914367,0.0502,0.1692345
GRM3,0.09347017,0.0502,0.1692893
C12ORF43,0.12434098,0.0503,0.1694641
SVBP,-0.27735983,0.0503,0.1695535
KLF9,0.2797207,0.0504,0.1695832
KARS,-0.11723281,0.0505,0.1699542
RC3H2,-0.5950302,0.00626,0.16999
EIF1,0.9841461,0.00624,0.16999
WHRN,-0.198,0.104,0.17
CPVL-AS2,0.204,0.103,0.17
PDHX,0.109,0.104,0.17
FBXL14,0.139,0.103,0.17
ICAM3,-0.223,0.103,0.17
LOC107985658,0.23,0.103,0.17
MIR1203,0.328,0.103,0.17
MRPS35-DT,0.244,0.103,0.17
SLC38A9,0.104,0.104,0.17
LOC105370780,-0.324,0.104,0.17
CNNM3,0.19341767,0.0505,0.1700332
APOPT1,-0.12725821,0.0506,0.1701497
RNF208,-0.084852,0.0507,0.1704128
FAM83H,0.19858595,0.0507,0.1705495
TMEM14C,-0.15526245,0.0508,0.1706112
IL13RA2,0.60036849,0.0508,0.1707022
NAA20,0.06466145,0.0508,0.1707112
LOC101928167,0.09296135,0.0509,0.1707234
IGF2 /// INS-IGF2,0.7274209,0.00635,0.17097
OR4D6,-0.4994383,0.00634,0.17097
LECT2,1.3247602,0.00637,0.17097
SNHG12 /// SNORA61,-0.974508,0.00633,0.17097
C1ORF170,-0.5520584,0.00637,0.17097
YJEFN3,-0.303,0.104,0.171
LOC105369816,0.194,0.105,0.171
LINC01572,0.273,0.104,0.171
MIR4729,-0.352,0.104,0.171
ZNF790,0.136,0.104,0.171
EML6-AS1,0.284,0.104,0.171
LINC02381,-0.268,0.105,0.171
PDE7B,0.151,0.104,0.171
SMG1P1,0.145,0.104,0.171
PLP1,0.425,0.105,0.171
LOC105375333,0.349,0.104,0.171
ZNF367,-0.258,0.104,0.171
QARS1,-0.102,0.104,0.171
NPIPB6,0.177,0.104,0.171
AKR7A3,-0.258,0.104,0.171
LOC107984669,-0.258,0.104,0.171
AMD1,1.015236,0.00639,0.17107
PAQR9,0.19388037,0.0511,0.1712536
TAAR1,0.08431546,0.0511,0.1713187
ORAOV1,0.19081653,0.0511,0.1713302
LOC101927379,0.08369792,0.0511,0.1713302
LCE1A,0.08132879,0.0512,0.1713914
CTSZ,0.28412339,0.0512,0.1713983
PRY2,0.06565067,0.0512,0.1713983
YBEY,0.07704034,0.0513,0.1715396
RFPL3S,0.08314329,0.0513,0.171627
FAM72B,0.08021826,0.0513,0.1716579
CGB2,0.08029725,0.0513,0.1716579
RAB15,-0.17598711,0.0513,0.171675
LOC100996324,0.07514549,0.0514,0.1716965
HIST1H2BG,-0.11542105,0.0514,0.1716965
SLIT1,0.09493808,0.0514,0.171863
PRAMEF1,-0.10655914,0.0515,0.1718894
SNORD102,0.231,0.105,0.172
SETD4,0.103,0.105,0.172
LINC02259,0.273,0.105,0.172
WDR55,-0.0964,0.105,0.172
CHASERR,0.124,0.105,0.172
LOC105374191,0.41,0.105,0.172
LOC105369668,0.287,0.105,0.172
LOC101928317,-0.288,0.105,0.172
USP13,0.21302517,0.0517,0.1723867
SUMO1P3,-0.09984186,0.0517,0.1724075
MYH10,-0.5374909,0.00647,0.17241
KCNQ5,0.09352051,0.0518,0.1725447
NPFFR2,0.11333542,0.0518,0.1725447
TPTE2,0.08480282,0.0518,0.17255
ZNF321,-1.3622009,0.00651,0.1728
LINC00476,0.08076793,0.052,0.1729602
DNAJC9,-0.0753,0.106,0.173
ICMT,-0.13,0.106,0.173
LOC105373821,0.346,0.106,0.173
POLA1,0.0856,0.105,0.173
MYOT,0.267,0.106,0.173
ANP32E,0.11,0.106,0.173
DCAF12,0.5243032,0.00656,0.17301
EFHC1,-0.4717475,0.00655,0.17301
SERF1A /// SERF1B,-0.8484888,0.00653,0.17301
OR13J1,0.09068166,0.052,0.1730641
MFSD4A,-0.08604758,0.052,0.1730641
SNORD116-2,0.10848642,0.052,0.1730904
FAM178B,0.07914202,0.0521,0.1731829
ECE1,0.14143481,0.0521,0.1733197
MIR3681HG,0.09368569,0.0521,0.1733207
BCL2L11,-0.5703915,0.00661,0.17343
FAM69B,-0.5751281,0.0066,0.17343
MTPAP,0.18224276,0.0522,0.1734725
C11ORF52,-0.26027517,0.0523,0.1735496
MPI,-0.10166434,0.0523,0.1737128
FAM129C,-0.09614669,0.0524,0.1738567
MSX2P1,0.09844912,0.0524,0.1738749
C10ORF81,-0.6309452,0.00666,0.17392
DNASE2,-0.187,0.106,0.174
CA1,0.211,0.106,0.174
LOC105372465,0.28,0.106,0.174
ZNF487,0.12,0.106,0.174
ZNF568,-0.143,0.106,0.174
CCDC88A,-0.0897,0.106,0.174
HGSNAT,-0.0718,0.107,0.174
CCT6A,-0.1819954,0.0525,0.1740339
CLCN6,0.17740922,0.0525,0.1741034
TBC1D3B,-0.08549429,0.0526,0.1742681
SC4MOL,1.4373452,0.00669,0.17428
RNF6,-0.4803514,0.00669,0.17428
HMX3,-0.0819691,0.0526,0.1743736
MAGEA9,0.09439419,0.0526,0.1744236
C17ORF60,-0.4859391,0.00672,0.1746
THAP1,-0.5425628,0.00673,0.17477
LOC340090,0.08014518,0.0528,0.1748153
ZFC3H1,0.11,0.107,0.175
REN,0.333,0.107,0.175
GPRC5A,-0.459,0.107,0.175
POGLUT1,-0.108,0.107,0.175
LOC101927942,0.215,0.107,0.175
LOC105379025,0.226,0.107,0.175
ZNF177,0.184,0.107,0.175
LOC105378669,0.355,0.107,0.175
LINC03021,0.443,0.107,0.175
SH3GL1P1,-0.272,0.107,0.175
RPL23AP82,-0.147,0.107,0.175
PRKCE,-0.325,0.107,0.175
LOC107985779,0.533,0.107,0.175
CEL,-0.301,0.107,0.175
KDM7A,0.131,0.107,0.175
GTF2A1L,-0.59,0.107,0.175
CACNG7,0.0769363,0.0529,0.1750386
TSPY3,-0.14084141,0.0529,0.1750399
PGK2,0.4149022,0.00677,0.17526
RAD1,-0.5549766,0.00678,0.17526
COQ2,-0.6076855,0.00678,0.17526
GSTM5,-0.25107162,0.053,0.1753084
HIST1H1T,-0.06720579,0.053,0.1753084
LOC102724096,0.08570608,0.053,0.1753394
NOX1,0.08638335,0.0531,0.1754226
MBD4,0.23034158,0.0531,0.1754923
PRKCG,0.08325045,0.0531,0.1754923
FAM9A,0.09402813,0.0531,0.1754955
LOC100505984,0.07511466,0.0531,0.1755358
FAM217B,-0.20323399,0.0531,0.1755358
NDUFA13 /// YJEFN3,0.5397725,0.00683,0.17577
KCNK1,-0.4251452,0.00682,0.17577
ZNF271,-0.6284282,0.00683,0.17577
CEP76,0.5061095,0.00682,0.17577
TRPM6,0.08391699,0.0533,0.1758978
TBC1D3H,-0.173,0.108,0.176
LOC100289511,-0.217,0.108,0.176
LOC107984658,0.117,0.108,0.176
LINC02821,0.379,0.108,0.176
SLC12A5,0.313,0.108,0.176
CTSF,-0.162,0.107,0.176
ABHD5,0.114,0.108,0.176
ELAVL4-AS1,0.401,0.108,0.176
CEACAM21,-0.195,0.108,0.176
LOC105371942,-0.241,0.108,0.176
ORAI3,0.185,0.108,0.176
NIM1K,0.302,0.108,0.176
SACM1L,0.0905,0.108,0.176
SCARNA10,-0.274,0.108,0.176
LOC105375517,0.314,0.108,0.176
CAPN3,0.28706894,0.0534,0.1760671
A4GNT,-0.10005134,0.0534,0.1760826
METTL13,-0.14908204,0.0534,0.1761241
ERVMER34-1,-0.12092607,0.0534,0.1761943
PDHA1,-0.16571167,0.0534,0.1761943
RANBP10,0.23628167,0.0535,0.1762609
VCX2,-0.09640244,0.0535,0.1762931
PCDHA4,0.4844028,0.00687,0.17633
CA5A,0.9077056,0.00689,0.17644
LOC101927166,0.08115866,0.0536,0.176537
CLGN,0.5751304,0.0069,0.17656
RNGTT,0.15818344,0.0536,0.1766011
POTEF,0.08407287,0.0537,0.1767145
TXNDC15,0.13799679,0.0538,0.176907
OR4E2,0.08403393,0.0538,0.176907
PGLYRP2,-0.20430062,0.0538,0.1769689
LOC100128340,0.315,0.109,0.177
LOC107986356,0.228,0.109,0.177
ZNF571-AS1,0.183,0.108,0.177
ZFHX3-AS1,0.153,0.108,0.177
LINC02996,0.618,0.108,0.177
LOC107987373,-0.234,0.109,0.177
CFAP65,0.11926863,0.054,0.1774481
SLC52A1,0.08580822,0.054,0.1774618
KIF25,-0.10119256,0.054,0.1775088
GDA,-0.18730253,0.0541,0.1775421
STH,-0.10808792,0.0541,0.1776345
LIX1L,-0.16301083,0.0541,0.1776389
ZAK,-0.1641528,0.0541,0.1776679
C7ORF41,-0.5677281,0.00698,0.17785
H2AFV,-0.4672626,0.00696,0.17785
RAD51L3,0.5224604,0.00698,0.17785
SLC25A38,0.24594787,0.0542,0.1778628
C13ORF34,-0.5135036,0.00699,0.17794
LINC00628,-0.08845346,0.0543,0.1779921
LINC00032,0.389,0.109,0.178
FAM186A,0.269,0.109,0.178
CILK1,0.102,0.109,0.178
LOC105376505,-0.3,0.11,0.178
LOC107986193,0.234,0.109,0.178
RANBP6,0.0925,0.109,0.178
NEPRO-AS1,-0.2,0.109,0.178
BCL2L13,0.0937,0.109,0.178
LOC105378286,0.14,0.109,0.178
FRMD3-AS1,-0.288,0.109,0.178
WDR3,0.0954,0.109,0.178
LYPLA1,0.147,0.109,0.178
NFKB1,-0.113,0.11,0.178
SMURF1,-0.0955,0.109,0.178
LOC112268170,-0.176,0.109,0.178
SLC5A12,-0.08724719,0.0543,0.1781093
GABRA2,0.08062281,0.0543,0.1781817
ZCCHC11,-0.16247076,0.0544,0.1781953
ANAPC15,-0.16187194,0.0544,0.1783448
ADNP2,0.13548327,0.0545,0.1783959
ACTR3B /// LOC100290215,0.4648462,0.00703,0.17842
ARL17A /// LOC100294341 /// LOC646043,-0.654515,0.00705,0.1785
CYP2B7P,-0.46398144,0.0545,0.1785452
BRS3,0.10820921,0.0546,0.1787766
AFG3L2,0.16877834,0.0546,0.1788077
LINC01311,0.09296221,0.0546,0.1788196
C6ORF35,-0.7147645,0.0071,0.17886
SC5DL,0.9220996,0.00709,0.17886
ALDH1A1,-0.1882086,0.0547,0.1789212
SSC4D,-0.337,0.11,0.179
SSTR2,-0.223,0.11,0.179
LOC101929004,0.208,0.11,0.179
UBE2N,0.0991,0.11,0.179
KL,0.405,0.11,0.179
LOC105371686,0.24,0.11,0.179
SMS,-0.109,0.11,0.179
SPINK5,0.4,0.11,0.179
LOC105371223,0.254,0.11,0.179
LOC105373511,0.0957,0.11,0.179
GLRX,0.136,0.11,0.179
FAM166A,-0.08810285,0.0548,0.1792198
SGOL1,-0.8352487,0.00713,0.17925
SEPT7-AS1,-0.09607572,0.0549,0.1793006
ADH1A /// ADH1B /// ADH1C,0.9449443,0.00721,0.17944
CAP2,0.6830026,0.00721,0.17959
LOC440446,0.09182219,0.055,0.1796551
IL17D,0.14251694,0.055,0.1796651
AARD,0.08810139,0.055,0.1796762
ARL8B,-0.13256438,0.0551,0.1797427
TPRG1L,0.16588731,0.0551,0.1798031
OR5C1,0.07614617,0.0552,0.1799021
DGLUCY,-0.0954,0.111,0.18
BRCA1,0.168,0.111,0.18
LOC112268150,0.172,0.11,0.18
PET117,0.106,0.111,0.18
GSTM1,0.777,0.111,0.18
LOC107985786,0.224,0.111,0.18
CETN3,0.142,0.111,0.18
LINC01773,-0.438,0.111,0.18
DCAF7,0.0732,0.111,0.18
LOC105378737,0.332,0.111,0.18
SPATA2,-0.137,0.111,0.18
DMAC1,0.111,0.111,0.18
NEXMIF,0.354,0.111,0.18
FAM179B,-0.13882772,0.0552,0.1800292
CENPA,-0.08149037,0.0552,0.1800458
GLDC,1.6368495,0.00726,0.1801
ATP6V1G1,-0.5743684,0.00726,0.1801
ZNF434,-0.5289798,0.00728,0.1801
RDH16,1.055564,0.00727,0.1801
IFNA8,-0.25208375,0.0552,0.1801238
NEIL3,-0.08950279,0.0553,0.1802236
MATN2,0.25756871,0.0553,0.1803053
MRPL49,-0.12696682,0.0554,0.1803748
RFX6,0.06413807,0.0554,0.1804661
MAB21L1,-0.07459838,0.0555,0.1805924
OR8K3,0.0767299,0.0556,0.1807961
TOP1,-0.15920513,0.0556,0.1808109
TMEM120A,0.2093085,0.0556,0.1808109
LOC105375787,0.07620802,0.0556,0.1808109
AHSG,1.1156069,0.00733,0.18085
KCTD2,-0.5520025,0.00735,0.18093
DEFB109P1B,-0.807899,0.00735,0.18093
DDX21,0.40410457,0.0557,0.1809529
GPR183,-0.9904995,0.00735,0.18097
SOST,0.09930234,0.0557,0.1809819
CCDC26,-0.07911659,0.0557,0.1809819
AMER3,-0.10435381,0.0557,0.1809819
POLR1F,0.119,0.111,0.181
LOC105378299,-0.263,0.111,0.181
PRRT3-AS1,-0.254,0.111,0.181
MRNIP-DT,0.171,0.111,0.181
MRPS25,0.0674,0.112,0.181
ZNG1E,0.108,0.112,0.181
S100Z,-0.284,0.111,0.181
GCSH /// LOC100329108 /// LOC729080,1.3663573,0.00738,0.1811
PRRG2,-0.37945755,0.0558,0.1811034
EDN2,-0.10422576,0.0558,0.1811034
VRTN,-0.09020381,0.0558,0.1811596
LINC00332,0.07765762,0.056,0.1814897
SLC44A5,0.11228035,0.056,0.1815771
RER1,0.5970013,0.00741,0.18164
AZIN1-AS1,0.16125051,0.056,0.181678
LOC441601,0.09057185,0.0561,0.1817242
DAO,-0.43110497,0.0561,0.1817651
C21ORF91-OT1,0.08353233,0.0561,0.1817766
AAR2,-0.144,0.113,0.182
CEP44,0.108,0.112,0.182
LOC107985680,0.364,0.112,0.182
XXYLT1-AS2,-0.304,0.113,0.182
PAIP2,0.0895,0.112,0.182
NBPF12,0.142,0.112,0.182
GUSBP3,-0.159,0.113,0.182
C11ORF91,-0.171,0.112,0.182
SPRY2,-0.135,0.112,0.182
CHKB-DT,0.217,0.112,0.182
TIPIN,0.142,0.112,0.182
LOC112268280,-0.254,0.112,0.182
SLC6A11,0.18438276,0.0562,0.1820232
LPO,0.0911372,0.0562,0.1820815
PIN4P1,0.17972422,0.0562,0.1821181
DMC1,0.08209663,0.0562,0.1821242
ANK2,-0.1319516,0.0563,0.1821777
C1ORF109,0.14515257,0.0563,0.1821973
LOC105377348,-0.13025447,0.0563,0.1822169
KIR2DL4,0.09237343,0.0564,0.1823995
C11ORF95,0.10103635,0.0565,0.1826043
KRT39,0.08418534,0.0565,0.1826843
SLC17A6,0.06456557,0.0566,0.182746
C7ORF26,0.13773047,0.0567,0.1828699
ZBTB9,-0.15059168,0.0567,0.1828699
CTNNAL1,0.23591522,0.0567,0.1828791
NSRP1,-0.11836337,0.0567,0.1829335
SEPTIN 7,-0.8009851,0.00749,0.18294
LOC105378338,0.347,0.113,0.183
LOC101929846,0.25,0.113,0.183
IGFBP-AS1,0.5,0.113,0.183
LINC00881,0.341,0.113,0.183
MIR378H,0.305,0.113,0.183
LOC107985048,0.285,0.113,0.183
THSD7B,-0.31,0.113,0.183
ELFN1,-0.249,0.113,0.183
DUXAP10,-0.314,0.113,0.183
LOC105373475,0.311,0.113,0.183
LOC101928491,-0.317,0.113,0.183
TOLLIP,-0.199,0.113,0.183
SLC15A2,0.09556605,0.0568,0.1830697
CLCNKA,0.13472294,0.0568,0.1831349
TBX5,0.08576753,0.0569,0.1834302
GOT1L1,0.10022619,0.0569,0.1834315
STX16,0.19767199,0.0569,0.1834725
SLC4A9,-0.5334381,0.00756,0.18361
LOC200261,-0.478959,0.00756,0.18361
PARK7,0.9684154,0.00756,0.18361
BPA-1,-0.3761159,0.00755,0.18361
PHF21B,0.08755801,0.0571,0.1837679
APCS,0.26136453,0.0571,0.1838959
LOC107984001,0.385,0.114,0.184
C2CD4D-AS1,0.163,0.114,0.184
LOC101928059,-0.22,0.113,0.184
ZFYVE19,-0.165,0.114,0.184
ZNF136,0.0909,0.113,0.184
SCUBE2,-0.326,0.114,0.184
LOC105370302,0.574,0.114,0.184
CA8,0.572,0.114,0.184
CLYBL-AS1,0.239,0.114,0.184
LOC105379251,0.219,0.114,0.184
RERGL,-0.466,0.114,0.184
LOC101928156,0.279,0.114,0.184
NUDT19,0.123,0.114,0.184
ZNF845,-0.6106722,0.00767,0.18401
TBC1D3 /// TBC1D3H,-0.4234707,0.00771,0.18401
ILF2,-0.15200268,0.0572,0.1840195
FIBIN,-0.10471171,0.0573,0.1842663
OR1E2,0.11925844,0.0573,0.1842988
MYO1D,-0.23063913,0.0573,0.1843312
LINC00853,-0.08602475,0.0574,0.1845025
DYNC1I2,-0.18757023,0.0574,0.1845025
LOC102724264,0.08164924,0.0575,0.1845385
ADCY2,-0.4149737,0.00775,0.18454
FN3KRP,0.25740175,0.0575,0.1845582
LINC00403,0.07335116,0.0575,0.1847245
C2ORF40,-0.28470881,0.0576,0.1848262
FLRT3,0.08566553,0.0576,0.1848437
DBH,0.7197339,0.00779,0.18487
EDDM3B,0.11625864,0.0576,0.1848844
CNPY3,0.157,0.114,0.185
ITGA11,-0.142,0.115,0.185
CAMK1D,-0.137,0.114,0.185
CLDN14,0.207,0.114,0.185
LOC107984545,0.405,0.115,0.185
IGLV7-46,-0.55,0.115,0.185
LOC105374128,-0.283,0.115,0.185
TAFA1,0.332,0.115,0.185
LRRC61,-0.205,0.114,0.185
LOC105371059,-0.124,0.114,0.185
LOC105370732,-0.336,0.114,0.185
HORMAD1,-0.282,0.114,0.185
OR4K5,0.0891878,0.0577,0.1850581
VTI1A,-0.1061402,0.0577,0.1850581
ATCAY,-0.441133,0.00782,0.18507
CXORF40B,-0.09099638,0.0577,0.18509
MARCH2,-0.21961105,0.0578,0.1851621
OR6S1,0.10205303,0.0578,0.1851881
INPP5J,-0.4221019,0.00784,0.18523
DDX47,0.1257173,0.0578,0.1852316
GJB6,0.08130485,0.0578,0.1852693
KCNK17,-0.24699795,0.0579,0.1853043
CXXC5,0.6234936,0.00786,0.18538
FOXO1,0.46857389,0.0579,0.1853983
TSG101,-0.09757268,0.0579,0.1853983
OR5P2,0.07268687,0.0579,0.1854556
LOC105377448,0.08554885,0.058,0.185636
SYNPO2L,-0.11308195,0.0581,0.1857155
IGF1R,-0.4839998,0.00794,0.18576
C21ORF93,-0.5178638,0.00792,0.18576
PTPRF,0.6518625,0.00793,0.18576
CCDC132,-0.6626099,0.00794,0.18576
OR9A4,-0.10746668,0.0581,0.1857701
NPY4R2,-0.42,0.115,0.186
TECTB,0.331,0.116,0.186
PRKAR2A-AS1,0.188,0.115,0.186
LINC02362,0.202,0.115,0.186
PWWP3A,0.115,0.115,0.186
NUTM2B,-0.207,0.115,0.186
TAF12,0.0853,0.115,0.186
HLX,-0.213,0.116,0.186
LSM10,-0.175,0.115,0.186
DCI,0.5558365,0.00798,0.186
PLGLB1 /// PLGLB2,1.0689594,0.00798,0.186
CLUHP3,-0.166,0.115,0.186
LOC112268323,0.465,0.115,0.186
MS4A15,0.06929244,0.0582,0.1860151
KRTAP13-3,0.06731986,0.0582,0.1860226
ATP5S,-0.20751858,0.0583,0.1862176
SMPX,-0.09846054,0.0583,0.1862256
WHAMMP3,0.06223059,0.0584,0.1863354
HSPH1,-1.1138305,0.00802,0.18641
CYP2B7P1,1.2431154,0.00804,0.18643
ECHS1,0.8873907,0.00809,0.18643
B4GALT5,0.4797307,0.00805,0.18643
HEPACAM,0.789538,0.00811,0.18665
SREBF2,0.634397,0.00812,0.18666
DEFB107A /// DEFB107B,-0.5909559,0.00813,0.18666
ZNF432,0.12637898,0.0587,0.1868701
KCNK18,0.08246338,0.0587,0.1868826
TCTN1,-0.17779663,0.0587,0.1869555
TMEM225B,0.0949,0.116,0.187
LOC105369397,0.39,0.116,0.187
LOC107985895,0.287,0.116,0.187
LOC112268148,0.136,0.116,0.187
EFR3B,-0.177,0.116,0.187
PRC1-AS1,-0.212,0.116,0.187
F10-AS1,0.289,0.116,0.187
LOC107986838,-0.212,0.116,0.187
NUDT21,0.0965,0.116,0.187
TMEM33,0.12,0.116,0.187
LOC112268056,-0.195,0.116,0.187
KIAA0776,0.6253479,0.00821,0.18704
AKAP8,-0.5352883,0.00822,0.18704
DEFB103B,0.09766778,0.0588,0.187043
MIS18A,-0.09527461,0.0588,0.1871364
MPPED2,0.08671106,0.0589,0.1872751
TMEM108,-0.5481143,0.00826,0.18736
PPP1R14A,-0.41492922,0.059,0.1875479
KIAA0562,0.5627023,0.0083,0.18767
ZNF250,-0.13094285,0.0591,0.1877394
PPAPDC1A,-0.588094,0.00832,0.1878
TGDS,0.6382852,0.00832,0.1878
NAALAD2,-0.12508032,0.0591,0.1879107
OR2L2,0.07285248,0.0592,0.1879494
PORCN,-0.07685848,0.0592,0.1879902
PLPPR4,0.58,0.117,0.188
PKN2-AS1,0.315,0.117,0.188
ZBTB38,-0.117,0.117,0.188
LOC105370764,0.212,0.117,0.188
JMJD6,-0.0991,0.116,0.188
LOC112268012,0.268,0.117,0.188
TMBIM4,0.123,0.117,0.188
EIF3C /// EIF3CL,0.5363256,0.00836,0.18806
LOC645405 /// OXR1,-0.5763478,0.00838,0.1881
EIF1AY,-0.4273085,0.0593,0.1883215
MAGEA4,0.07595192,0.0594,0.18838
FAM153A /// FAM153B,-0.5492436,0.00842,0.1884
PRAMEF6,0.09475083,0.0594,0.1884189
PCDHGB2,0.09886708,0.0594,0.1885066
STAM,-0.16194689,0.0595,0.1886544
TMEM2,0.4591725,0.00846,0.18879
SCD,1.9429071,0.00846,0.18879
GRK5-IT1,-0.225,0.118,0.189
TOPBP1,0.079,0.117,0.189
MAP4K3,0.0996,0.117,0.189
IFNK,0.206,0.117,0.189
TP73-AS1,-0.124,0.117,0.189
CASP5,-0.307,0.117,0.189
DPY19L1P2,0.132,0.118,0.189
AKR1C6P,0.174,0.118,0.189
SLC2A4,0.305,0.118,0.189
GJB2,0.125,0.117,0.189
LOC285097,0.257,0.117,0.189
LOC107985554,-0.271,0.118,0.189
LOC105371378,0.284,0.117,0.189
MON1B,0.0859,0.118,0.189
LRRC34,0.157,0.117,0.189
LOC105372145,-0.417,0.117,0.189
LRRC42,-0.106,0.117,0.189
C11ORF74,-0.16084824,0.0597,0.1890051
GFI1B,0.08094484,0.0597,0.1890051
CADM4,-0.5802611,0.00848,0.18903
RPUSD2,0.16838844,0.0597,0.1890381
XK,-0.11109883,0.0597,0.1891207
LOC101928932,-0.07760344,0.0598,0.1892502
FAM117A,-0.09949677,0.0598,0.1892502
ERVWE1,-0.4661696,0.00851,0.18933
C12ORF54,-0.11621127,0.0599,0.1893525
OR5T2,0.09981561,0.0599,0.1893858
CCL4L1 /// CCL4L2,-0.4820289,0.00852,0.18952
C17ORF79,0.5806242,0.00855,0.1896
FAM129A,-0.4119969,0.06,0.189689
EHBP1,1.5120324,0.00862,0.18983
DPH3B,-0.5868718,0.00858,0.18983
XAF1,-0.804058,0.00863,0.18983
AFF4,-0.4221109,0.00861,0.18983
ZFAND5,0.3319986,0.0601,0.1898546
ZNF415,-0.16963498,0.0601,0.1898959
NIPSNAP3A,-0.16926257,0.0602,0.1899675
LOC105377763,-0.327,0.118,0.19
ERV3-1-ZNF117,-0.232,0.118,0.19
SULT1A2,0.241,0.118,0.19
LOC105371441,-0.214,0.118,0.19
STEAP1B,0.21,0.118,0.19
LOC100288637,-0.188,0.118,0.19
ANGEL1,0.0818,0.118,0.19
LINC02940,-0.254,0.119,0.19
SAMD13,-0.6477452,0.00865,0.19005
TRDMT1,-0.5594903,0.00866,0.1901
CD47,-0.2117447,0.0602,0.1901034
SSU72,0.15437208,0.0602,0.1901034
SLC35G2,0.22557124,0.0603,0.1901991
KIAA0391,0.16919091,0.0604,0.1904502
C4ORF29,0.4832816,0.00875,0.19052
PRAMEF20,0.08644543,0.0604,0.1905266
APOA5,0.8956034,0.0088,0.19083
C3ORF77,-0.517256,0.0088,0.19083
WWC2-AS2,0.254,0.119,0.191
CDC23,0.0885,0.119,0.191
DDTL,0.249,0.119,0.191
CA4,0.117,0.119,0.191
C2ORF49-DT,0.136,0.119,0.191
LOC112268311,-1.62,0.119,0.191
PAM16,-0.228,0.119,0.191
LOC107983979,0.168,0.119,0.191
LOC112268093,-0.413,0.119,0.191
LOC408186,-0.353,0.119,0.191
CRYM,-0.184,0.119,0.191
PCDHA6,0.286,0.119,0.191
RAMAC,0.112,0.119,0.191
LOC107986421,0.22,0.119,0.191
EPS15L1,-0.13,0.119,0.191
PRMT5-AS1,0.102,0.119,0.191
PMFBP1,-0.409,0.119,0.191
KCNA10,0.0952969,0.0607,0.1910049
MYT1L,-0.09442708,0.0607,0.1911226
CTAG1A,0.08729843,0.0607,0.1911398
KCNN1,-0.10858932,0.0608,0.1911457
DNAAF3,-0.13630383,0.0608,0.191187
MTMR2,-0.4865755,0.00885,0.1912
GPA33,0.069521,0.0608,0.1913485
LOC100288142 /// LOC200030 /// NBPF1 /// NBPF10 /// NBPF11 /// NBPF14 /// NBPF16 /// NBPF8 /// NBPF9,1.5116717,0.00887,0.19143
PRSS53,0.1893986,0.0609,0.1914478
SNAP91,0.08231243,0.0609,0.1914579
SPAG7,-0.1370385,0.061,0.1915586
CARNS1,-0.543326,0.0089,0.19158
FAM164A,-0.5406749,0.0089,0.19158
ACP2,0.23938029,0.061,0.191643
EMG1,-0.12374056,0.061,0.1916483
OR2V2,0.06904643,0.0611,0.1918017
MLX,0.14101515,0.0611,0.191843
BCAP29,-0.5486053,0.00894,0.19189
DESI1,-0.18908806,0.0611,0.1918983
CHP1P2,0.139,0.12,0.192
ATP8B5P,0.156,0.12,0.192
ZNF781,-0.23,0.12,0.192
PLCG1-AS1,0.132,0.12,0.192
LINC02331,-0.347,0.12,0.192
LYG2,0.237,0.119,0.192
LOC105376106,-0.173,0.12,0.192
ZNF727,-0.233,0.12,0.192
TOR3A,-0.144,0.12,0.192
FBP2,0.251,0.12,0.192
LOC107984391,0.335,0.12,0.192
ACTRT2,0.0858162,0.0612,0.1920328
C9ORF142,-0.17492539,0.0612,0.1921554
ZNF2,0.08705048,0.0613,0.1923135
LOC101928150,-0.08427686,0.0613,0.1923135
FGF4,-0.11543405,0.0613,0.1923196
WFIKKN2,-0.07410682,0.0614,0.192417
SRSF7,-0.1799161,0.0614,0.192417
LOC100506107,0.0868965,0.0615,0.192713
MIA,-0.10744527,0.0616,0.192921
LOC105376436,0.265,0.12,0.193
LOC105376163,0.214,0.12,0.193
FANCF,0.0927,0.121,0.193
MATN1-AS1,-0.224,0.121,0.193
HIVEP2-DT,-0.248,0.12,0.193
SNORD116-28,0.316,0.12,0.193
LOC105379355,0.295,0.12,0.193
PCBP2-OT1,-0.234,0.121,0.193
ATP8B1,-0.102,0.121,0.193
LOC105372092,-0.28,0.12,0.193
ZNF354B,0.107,0.121,0.193
LOC107985403,-0.116,0.121,0.193
SULF1,-0.29733897,0.0616,0.1930424
DGCR14,-0.09196498,0.0617,0.1930916
SLC44A4,0.19647485,0.0617,0.1932004
CHAD,0.37611729,0.0618,0.1932841
C14ORF159,0.7111846,0.00909,0.19348
KLF15,0.7655997,0.0091,0.19354
DACH2,0.09628,0.0619,0.1936022
RSPO4,0.07002028,0.062,0.1936771
TREX2,-0.08017237,0.062,0.1937415
LTV1,0.5374259,0.00913,0.1938
MRPL16,-0.18047401,0.062,0.1938051
NAIP,0.08870781,0.0621,0.1939517
LOC285762,0.325,0.121,0.194
NIPBL-DT,0.103,0.121,0.194
LOC105378690,0.255,0.121,0.194
LOC107984535,0.209,0.121,0.194
PRPF19,-0.116,0.121,0.194
LINC02597,0.4,0.121,0.194
MSMO1,0.281,0.121,0.194
RASL12,-0.338,0.122,0.194
LOC105376004,0.509,0.121,0.194
PARP1,-0.0907,0.122,0.194
LOXHD1,-0.5636307,0.00916,0.19401
SH3TC2,0.08710398,0.0622,0.1940727
KPNA6,0.20418224,0.0622,0.1940929
GSX1,-0.11692971,0.0622,0.1941177
LOC105374876,0.0795149,0.0622,0.1941938
LOC101928471,-0.06025618,0.0623,0.1942396
KLRC1 /// KLRC2,-0.7170239,0.0092,0.1947
ADO,0.1599136,0.0626,0.1949933
YPEL2,0.51235875,0.0626,0.1949968
ANKRD20A3P,0.262,0.122,0.195
ANO5,0.129,0.122,0.195
LOC107984318,0.304,0.122,0.195
LINC02565,0.427,0.122,0.195
MAS1,0.385,0.122,0.195
LOC112268289,-0.227,0.122,0.195
IDE,0.104,0.122,0.195
FAM47E-STBD1,0.151,0.122,0.195
TRIM52,0.102,0.122,0.195
KLHDC9,-0.179,0.122,0.195
PWRN2,-0.313,0.122,0.195
GSTT2,0.417,0.122,0.195
ARL13A,0.244,0.122,0.195
OR51L1,0.07911578,0.0627,0.1953489
TNIP3,0.10650465,0.0629,0.1957642
CES4A,0.30281614,0.0629,0.1958155
CAPSL,0.08063405,0.063,0.1958828
CLDN16,-0.192,0.123,0.196
MIR576,0.333,0.123,0.196
LRRC17,-0.179,0.123,0.196
COX7C,0.134,0.123,0.196
MKNK1-AS1,-0.122,0.123,0.196
LOC105375864,0.349,0.123,0.196
GOLGA6L5P,0.119,0.123,0.196
LDB2,-0.171,0.123,0.196
GEMIN7-AS1,-0.204,0.123,0.196
HSP90AA1,0.6068543,0.00935,0.19615
C19ORF50,-0.4586064,0.00937,0.19622
TFIP11,0.21354756,0.0631,0.196221
PPP4R3CP,0.09457684,0.0632,0.1964087
POTEJ,0.10892733,0.0633,0.1965905
STK36,0.18930584,0.0634,0.1966273
LOC400002,0.10490936,0.0634,0.1966358
CPLX3,0.08948358,0.0634,0.1966545
MYO1H,0.07550131,0.0634,0.1966662
BMPER,-0.10375237,0.0634,0.1967234
ALDH1L2,-0.10877421,0.0634,0.1967313
C12ORF32,-0.3971944,0.00944,0.19694
MCPH1-AS1,0.187,0.124,0.197
CSMD3,0.539,0.123,0.197
SNAI2,0.23,0.124,0.197
LOC107986455,0.185,0.124,0.197
CISD2,0.126,0.124,0.197
PHKG2,-0.147,0.124,0.197
KLHL41,0.222,0.124,0.197
LOC105372494,0.318,0.123,0.197
LINC02608,0.314,0.124,0.197
SACS,-0.139,0.124,0.197
LOC105370847,0.32,0.123,0.197
CCDC6,0.0784,0.124,0.197
DLEU7-AS1,-0.285,0.123,0.197
KHK,-0.193,0.124,0.197
SCARNA26A,-0.177,0.123,0.197
RNY1,0.274,0.124,0.197
PCDHB18P,-0.09289465,0.0636,0.1971037
VPS53,0.4589122,0.0095,0.19718
CLDN6,-0.5993346,0.00952,0.19718
SNORA40 /// TAF1D,-0.5833303,0.0095,0.19718
OLFML1,-0.9882206,0.00951,0.19718
TNFRSF13B,-0.9875436,0.00953,0.19718
ZDHHC15,-0.4680915,0.00956,0.19719
GABARAP,0.873542,0.00961,0.19719
SIAH2,0.3833929,0.00958,0.19719
PDZK1 /// PDZK1P1,1.4861357,0.00961,0.19719
APOL1,0.6045944,0.00968,0.19744
SMTNL1,0.08825198,0.0638,0.1976773
NPAS3,0.07903481,0.0639,0.1977472
RFK,0.12016452,0.0639,0.1977472
DEFB106A,0.09727146,0.0639,0.1977472
FAM180B,-0.10298497,0.0639,0.1977472
SNX25,0.0716,0.124,0.198
LOC107986813,-0.253,0.124,0.198
FRG1CP,0.169,0.124,0.198
COL18A1-AS2,-0.332,0.125,0.198
ZNF74,-0.109,0.124,0.198
MIR186,0.236,0.124,0.198
ADARB1,-0.112,0.124,0.198
SUGP1,-0.112,0.125,0.198
LOC107986437,-0.262,0.124,0.198
CROCC2,-0.395,0.124,0.198
LOC105378968,0.26,0.125,0.198
LOC102724434,-0.343,0.125,0.198
RNU6ATAC,0.291,0.125,0.198
LOC105369625,0.24,0.125,0.198
POLI,0.0915,0.125,0.198
MACROD2-AS1,0.239,0.124,0.198
ADSS2,-0.12,0.124,0.198
CCL15,0.213,0.124,0.198
OR52W1,0.322,0.124,0.198
TGM1,-0.295,0.124,0.198
LOC105373100,0.343,0.125,0.198
LARP7,0.0935,0.125,0.198
LOC107985057,0.256,0.125,0.198
LINC03027,-0.271,0.125,0.198
FAM66B,-0.221,0.125,0.198
EIF1AD,-0.08895309,0.0641,0.1981116
LOC407835,0.08024828,0.0641,0.1981139
IL13,-0.0999582,0.0642,0.1983122
C5ORF51,0.15515012,0.0642,0.1983974
BSN,0.19164769,0.0642,0.1983974
UGGT2,0.12863187,0.0643,0.1984674
GAGE8,-0.09452182,0.0643,0.1985072
MYEF2,-0.787482,0.00979,0.19856
SUPT6H,1.138213,0.00983,0.19856
STEAP3,0.6839501,0.00982,0.19856
LGI3,-0.08551247,0.0644,0.1986994
SEC24B-AS1,0.232,0.125,0.199
NCAPD2,-0.0816,0.125,0.199
FAM247C,-0.166,0.126,0.199
MIS18BP1,-0.111,0.125,0.199
GBA2,-0.104,0.125,0.199
ATAD5,0.138,0.125,0.199
RNF148,0.232,0.125,0.199
FOXP4-AS1,0.05951524,0.0646,0.1990959
KRTAP12-2,0.07702859,0.0646,0.1991328
DCTN5,0.18511744,0.0646,0.1991978
TRIM34,0.09296279,0.0646,0.1992018
FABP6,0.09085831,0.0646,0.1992155
PPP1R8,0.07521471,0.0646,0.1992344
OTOF,-0.08822907,0.0647,0.1993352
MYADML,-0.08243404,0.0647,0.1993352
PTP4A1,1.1520707,0.00989,0.19946
OR56B1,-0.10020843,0.0647,0.1995107
KLHL5,0.08806576,0.0648,0.1995152
ZRSR1,0.4993199,0.0099,0.19959
PGA5,0.26774137,0.0648,0.1996041
RBMY1A1 /// RBMY1B /// RBMY1D /// RBMY1E /// RBMY1F /// RBMY1J,0.432877,0.00994,0.19968
CBLB,-0.5599365,0.00994,0.19968
KIAA0101,0.15075271,0.0649,0.1996917
TRIM38,0.13630439,0.065,0.1998696
AGT,1.0161681,0.00997,0.19995
BCO1,-0.271,0.126,0.2
GSN-AS1,-0.196,0.127,0.2
RNU5B-1,0.276,0.126,0.2
TOP2B,0.0927,0.126,0.2
LOC101927018,0.174,0.126,0.2
NYNRIN,-0.315,0.126,0.2
TXLNGY,-1.67,0.126,0.2
CCDC60,0.446,0.126,0.2
CCDC149,-0.111,0.126,0.2
LOC103611081,0.108,0.126,0.2
LOC105374154,-0.351,0.126,0.2
STIMATE-MUSTN1,-0.136,0.126,0.2
LOC107986839,-0.246,0.126,0.2
FLG-AS1,0.315,0.126,0.2
ZNF826P,-0.318,0.126,0.2
GLTP,-0.129,0.126,0.2
SHLD1,-0.145,0.126,0.2
PLPP6,0.12,0.126,0.2
TRIM10,-0.17420097,0.0651,0.2002282
PLEKHN1,-0.10020053,0.0651,0.2002792
C19ORF29,-0.489775,0.01,0.20029
PDIA4,0.8225963,0.01,0.20029
RLF,-0.5380377,0.01,0.20029
ARPC1A /// ARPC1B,0.4016349,0.01,0.20037
ADAM5,0.08221769,0.0652,0.2003731
GTF2B,0.16933668,0.0652,0.2003731
CPNE4,0.09118282,0.0653,0.2005934
LIPG,1.3752202,0.0101,0.20071
HINT2,0.6771046,0.0101,0.20078
DIDO1,-0.19463291,0.0655,0.2008498
LINC01038,-0.10027387,0.0655,0.2008498
IFNA6,0.06743988,0.0655,0.2008978
SH3BP2,-0.5503143,0.0101,0.20098
PPP6C,0.580981,0.0101,0.20098
TALDO1,-0.176,0.127,0.201
EPHB4,-0.204,0.127,0.201
LOC100130283 /// PMM2,-0.5756199,0.0101,0.201
KANTR,0.163,0.127,0.201
ZNF860,-0.224,0.127,0.201
LRRC37A8P,0.257,0.127,0.201
LOC105372960,-0.283,0.127,0.201
NEURL1,0.253,0.127,0.201
RIN1,-0.5574313,0.0101,0.20104
UQCRQ,0.5940098,0.0101,0.20105
C10ORF96,0.6758579,0.0102,0.20105
FGF11,-0.3788955,0.0102,0.20109
LOC389834,-0.587835,0.0102,0.20111
TRPM5,0.08472253,0.0656,0.2011482
TMEM106C,-0.22823879,0.0656,0.2011482
C12ORF45,-0.16563217,0.0657,0.20131
CACNA1G,0.0757429,0.0657,0.2013276
GALNT12,-0.12619737,0.0657,0.2013498
COA7,0.17467678,0.0658,0.2013658
LINC00940,-0.08570275,0.0658,0.2014432
UBLCP1,-0.10914725,0.0658,0.2014432
KIRREL3-AS2,0.10096485,0.0658,0.2014432
PPP1R9A,-0.09442446,0.0658,0.2014432
BAT5,0.4932992,0.0102,0.20146
ATP10B,0.4295575,0.0102,0.20149
PM20D2,-0.11871646,0.0659,0.2015397
NPPC,0.06620136,0.0659,0.2015851
TBX18,0.4736025,0.0103,0.20165
CHGB,-0.408612,0.0103,0.20175
C15ORF43,0.5018011,0.0103,0.20175
SFRS2IP,0.9076072,0.0103,0.20175
GTSE1,-0.4086843,0.0103,0.20175
FAM83F,-0.09988648,0.066,0.2017763
CASP7,-0.16047896,0.066,0.2018239
EPHB1,0.28072292,0.066,0.201834
HS3ST5,0.07379904,0.0661,0.2018944
CKM,-0.085245,0.0661,0.2018944
LOC100133091,-0.4688969,0.0103,0.20197
FAM75C1 /// LOC645961,-0.5284833,0.0103,0.20197
MARCH10,0.06367743,0.0661,0.2019827
LOC107984505,0.203,0.128,0.202
LOC105374423,0.186,0.127,0.202
ATP5PD,0.121,0.128,0.202
TH,-0.417,0.127,0.202
SCUBE1,-0.429,0.127,0.202
LOC107986348,-0.201,0.127,0.202
LOC105373581,0.113,0.128,0.202
ITFG1,0.11,0.128,0.202
TMEM72-AS1,0.06698147,0.0662,0.2021676
KIAA1279,0.5523327,0.0104,0.20225
COX4NB,-0.513066,0.0104,0.20225
RSPH10B /// RSPH10B2,0.8396994,0.0104,0.20231
FAM134C,0.56646,0.0104,0.20231
CTPS,0.4758382,0.0104,0.20231
TBX1,-0.5307107,0.0104,0.20242
KIF14,0.09887533,0.0664,0.2024849
CXORF64,-0.4407216,0.0105,0.2026
RPP21 /// TRIM39 /// TRIM39R,-0.5036578,0.0105,0.2026
C1ORF146,0.07766395,0.0665,0.2026197
ASS1,1.3096557,0.0105,0.20269
OR9I1,0.07926938,0.0665,0.2027155
HLA-DRB3,-0.68047584,0.0666,0.2027669
KRTAP1-3,0.08117129,0.0666,0.2028678
DMTF1,-0.7419071,0.0105,0.20292
LSG1,-0.5087004,0.0105,0.20292
MYBPC3 /// SLC12A1,0.6319008,0.0105,0.20292
ZCCHC17,-0.15316158,0.0667,0.2029332
CLEC18B,0.08918135,0.0667,0.2029526
KISS1R,-0.07093189,0.0668,0.2029701
PLA2G2A,-0.538,0.129,0.203
NXF5,0.328,0.128,0.203
LOC112268246,-0.184,0.128,0.203
BOLA3-DT,-0.162,0.128,0.203
PARP12,-0.135,0.128,0.203
ARRDC1-AS1,-0.174,0.128,0.203
LOC105371231,0.279,0.128,0.203
SOS2,0.0713,0.129,0.203
SFT2D1,0.106,0.128,0.203
MIR3916,-0.182,0.128,0.203
SEPSECS-AS1,0.189,0.128,0.203
CDYL2,0.15887403,0.0668,0.2030129
SYT16,0.10735204,0.0669,0.2033699
ADGRL3-AS1,0.10603605,0.0669,0.2033699
HTR1B,0.0651695,0.067,0.2035648
ZFP92,0.09443869,0.0671,0.2036829
DCAF13,-0.08513266,0.0671,0.2036829
LOC285033,-0.4438236,0.0106,0.20374
FAM165B,0.4672513,0.0106,0.20374
RPSA /// SNORA62,-0.9543473,0.0106,0.20374
PRNP,1.0761239,0.0106,0.20384
HNRNPA1 /// HNRPA1L-2,-0.7127025,0.0106,0.20384
NLRP5,-0.4700515,0.0106,0.20384
C20ORF43,-0.546363,0.0107,0.20393
CALB2,-0.16420235,0.0672,0.2039343
ATAT1,-0.10799138,0.0673,0.2039679
LOC105378808,0.377,0.129,0.204
MT1JP,-0.428,0.129,0.204
KLF3-AS1,0.207,0.13,0.204
BRIX1,0.108,0.129,0.204
LINC01279,-0.319,0.129,0.204
LOC107986457,0.186,0.13,0.204
LOC107984032,-0.297,0.129,0.204
LOC105374535,0.238,0.129,0.204
ANKRD18CP,0.165,0.129,0.204
MAF,0.107,0.129,0.204
PTPN9,0.101,0.129,0.204
LOC107985068,0.242,0.129,0.204
ARRDC3-AS1,0.216,0.13,0.204
SLC35E3,0.108,0.129,0.204
MIR600HG,0.155,0.129,0.204
LOC105378741,0.257,0.129,0.204
MARCHF1,-0.122,0.129,0.204
LOC105379752,-0.185,0.129,0.204
TMEM202,0.06906966,0.0673,0.2040553
SNORA72,-0.8226926,0.0107,0.20412
ZNF550,-0.496695,0.0107,0.20415
PECI,1.0655925,0.0107,0.20429
OR1J2,-0.08919491,0.0674,0.2043016
LMO3,0.08896022,0.0674,0.2043237
CCZ1,-0.11062812,0.0675,0.2043996
LINC00116,-0.23088372,0.0675,0.2044341
P4HA1,1.0980204,0.0108,0.20449
IL9R,0.09668474,0.0676,0.2045652
SAMD12-AS1,0.09055262,0.0676,0.2047656
SYNE3,0.08641865,0.0677,0.2047867
LINC03002,-0.253,0.13,0.205
ELOA3BP,-0.339,0.13,0.205
MTMR14,-0.107,0.13,0.205
COA4,0.0884,0.13,0.205
GOLGA8N,0.109,0.13,0.205
LOC107984876,-0.423,0.13,0.205
LINC01138,-0.103,0.13,0.205
ASTN2-AS1,0.253,0.13,0.205
GOLGB1,0.0725,0.13,0.205
SLC25A43,0.107,0.13,0.205
XCL1,-0.352,0.13,0.205
LOC105374024,0.248,0.13,0.205
LOC105374162,0.149,0.13,0.205
LOC105373465,-0.276,0.13,0.205
LOC613206,0.222,0.13,0.205
LOC105376418,-0.322,0.13,0.205
C22ORF29,-0.4834062,0.0109,0.20503
GLP1R,-0.09587736,0.0678,0.2051061
IBTK,0.15563709,0.0679,0.2052526
AP2B1,-0.4998299,0.0109,0.20534
IGKC /// NTN3,-0.9671324,0.011,0.20538
OR7C2,-0.3753786,0.011,0.20538
GPR116 /// LOC441416,-0.6457282,0.011,0.20553
OR8I2,-0.4627649,0.011,0.2056
BLVRB,0.5432714,0.011,0.2056
SLC23A1,0.1532507,0.0681,0.2056008
ATP6V1A,0.15790134,0.0681,0.2056245
MIR1-1HG,0.07745215,0.0681,0.2056604
HSPA14,0.15378725,0.0681,0.2057331
OR2T11,0.07368161,0.0682,0.205922
OR4M1,0.08850561,0.0683,0.20594
KLHL28,0.0796,0.131,0.206
GRIK1-AS2,-0.278,0.131,0.206
FEZ2,-0.1,0.131,0.206
CA5BP1,0.0882,0.131,0.206
CLOCK,0.0897,0.131,0.206
TMEM253,0.206,0.131,0.206
LOC105370198,0.315,0.131,0.206
LOC102724800,0.188,0.131,0.206
LOC107984355,0.299,0.131,0.206
SNORD31,0.259,0.131,0.206
UBR1,-0.4284017,0.0111,0.20613
UCP3,-0.08855329,0.0684,0.2061379
FAM126A,0.08502462,0.0684,0.2062152
KLHDC7A,0.11334508,0.0684,0.2063006
LOC105372626,0.08430959,0.0684,0.2063006
MFAP1,-0.14043518,0.0685,0.2063312
INPP5A,0.07839567,0.0685,0.2063493
KIAA1632,-0.4859591,0.0111,0.20642
EFHB,-0.315,0.132,0.207
LOC105377139,-0.24,0.132,0.207
NCBP2-AS1,-0.234,0.132,0.207
SLC18B1,0.108,0.132,0.207
MSTN,0.312,0.132,0.207
MTVR2,0.347,0.132,0.207
LOC400867,0.236,0.132,0.207
MIR181A1HG,-0.278,0.132,0.207
PPM1N,-0.228,0.131,0.207
RNF150,-0.194,0.131,0.207
LOC105371762,-0.218,0.131,0.207
LOC102723415,0.248,0.132,0.207
LOC112268076,0.319,0.132,0.207
SDHAF1,-0.14728798,0.0687,0.2070353
GFPT1,0.8866753,0.0112,0.20704
MAGEA9B,0.07494149,0.0688,0.2071758
ZBTB40,-0.4707991,0.0112,0.20725
APH1A,0.4715864,0.0112,0.20725
ACER2 /// LOC645978,-0.5528066,0.0113,0.20744
HIGD1B,-0.11508393,0.069,0.2075102
GKN1,-0.07532744,0.069,0.2075146
FDFT1,-0.30925976,0.0692,0.2078873
PCK1,1.3165399,0.0113,0.20789
GNAT1,0.10296754,0.0692,0.2079095
SPRR2E,0.07849625,0.0692,0.2079095
PRMT3,0.0986,0.132,0.208
NPSR1,-0.06827304,0.0693,0.208
TMX4,0.111,0.132,0.208
ZNF22,0.0936,0.133,0.208
DPY19L1P1,0.107,0.132,0.208
GSE1,-0.0926,0.132,0.208
UBE2J1,0.15089013,0.0692,0.208
PLPPR1,0.171,0.132,0.208
LOC107985289,0.22,0.132,0.208
PEG13,-0.242,0.133,0.208
PALLD,-0.47237969,0.0693,0.2080949
C1ORF229,-0.06329563,0.0693,0.2081452
PPP1R27,0.08111098,0.0694,0.2083546
CBLN3,0.07203262,0.0694,0.2083654
LINC01235,-0.10916938,0.0694,0.2083834
RCCD1,-0.15751242,0.0694,0.2083834
SLC39A6,-0.12330943,0.0694,0.2083834
LRRN3,-0.14399584,0.0695,0.2085395
TTLL11,-0.07578652,0.0696,0.2086381
PXT1,0.07581641,0.0696,0.2087652
BMS1P1,0.17,0.133,0.209
SLC5A7,0.52,0.133,0.209
TBC1D14,0.109,0.134,0.209
YIPF1,0.112,0.134,0.209
LOC105369435,0.325,0.134,0.209
COPB1,0.106,0.133,0.209
COX7A2L,0.117,0.133,0.209
LINC02766,0.184,0.133,0.209
MMS22L,-0.131,0.133,0.209
STOX2,0.142,0.133,0.209
MIR675,-0.565,0.133,0.209
RBM15B,-0.117,0.133,0.209
KLF11,-0.182,0.133,0.209
SRGAP3-AS2,0.321,0.133,0.209
FAM228B,-0.139,0.133,0.209
LOC105376722,-0.359,0.133,0.209
MRPL15,0.101,0.134,0.209
BBX,-0.22073526,0.0697,0.2090153
RAD51B,-0.11208004,0.0698,0.2090936
COPS5,-0.11774215,0.0698,0.2091121
MUM1,0.1901516,0.0699,0.2092467
SDR9C7,-0.07943289,0.07,0.2095357
TMEM229A,0.07644935,0.07,0.2095621
ACSM2B /// LOC100291873,0.9871552,0.0115,0.20962
KEL,-0.13911941,0.0701,0.2096696
OR1N1,0.07558557,0.0701,0.2097421
HFE2,-0.21643088,0.0701,0.2097589
PSD2,0.07613309,0.0702,0.2097963
LOC102724661,-0.08358876,0.0702,0.2098028
RASGRF1,0.07270874,0.0702,0.2098028
KRTAP22-1,-0.07267811,0.0702,0.2098265
MEOX2,0.07108636,0.0702,0.209916
C2ORF76,-0.13500477,0.0703,0.2099678
FOXD2-AS1,-0.255,0.134,0.21
SLIT3-AS2,0.252,0.134,0.21
GPR39,-0.141,0.134,0.21
LOC107984868,0.282,0.134,0.21
LOC107984716,0.212,0.134,0.21
ABCD2,-0.249,0.134,0.21
TBC1D8,-0.0783,0.134,0.21
ACAD10,0.0806,0.134,0.21
MAGEB6,-0.09231204,0.0703,0.2100191
MUC20,0.4826162,0.0115,0.2101
SERPINF1,1.3613908,0.0116,0.21039
BCAN,-0.11186724,0.0705,0.2104344
TTTY9A,0.08758106,0.0705,0.2104344
FAM71F1,-0.4612832,0.0116,0.2105
QRICH1,-0.08813513,0.0705,0.2105061
ADAM6,0.0821104,0.0705,0.210562
SLC35A4,-0.14640054,0.0706,0.2107341
FGFRL1,0.15907221,0.0707,0.2108442
FAM186B,0.10425529,0.0707,0.2108788
OR5M8,-0.08211172,0.0707,0.2108845
TCF7L1,0.1527687,0.0707,0.2108849
OR52E2,-0.07205649,0.0708,0.2109997
TMEM150A,-0.188,0.135,0.211
LOC102724580,-0.249,0.135,0.211
SNHG29,0.114,0.135,0.211
PSMB7,0.087,0.135,0.211
EML4,0.0992,0.135,0.211
SCARNA3,0.192,0.135,0.211
LOC107987269,-0.223,0.135,0.211
C6ORF89,0.0753,0.135,0.211
RETREG1,0.233,0.135,0.211
RGSL1,0.359,0.135,0.211
LOC107985227,0.202,0.135,0.211
LINC03007,0.377,0.135,0.211
PHB1,-0.158,0.135,0.211
LOC107986265,-0.125,0.135,0.211
BTG1,-0.148,0.135,0.211
MRPS27,0.0953,0.135,0.211
LOC112268090,0.286,0.135,0.211
ERGIC1,-0.177,0.135,0.211
ATP4B,0.07292593,0.0708,0.2110692
LOC105370987,0.06508555,0.0708,0.2110707
FBXO16,-0.09625458,0.0709,0.2112663
BMPR1B,-0.11614721,0.0709,0.2112678
IFNA14,0.08100705,0.071,0.2114686
OR10K1,0.09231113,0.0711,0.2114971
THSD4,0.22672247,0.0711,0.2114995
LOC101929625,0.19719702,0.0713,0.2119846
GLIS3-AS2,0.217,0.136,0.212
TMPRSS11D,0.279,0.135,0.212
TBC1D3P1-DHX40P1,0.0823,0.136,0.212
CDCA2,-0.321,0.136,0.212
SV2B,-0.342,0.136,0.212
PRIMPOL,0.0906,0.136,0.212
STK33,-0.311,0.136,0.212
STAT2,0.20293107,0.0713,0.212042
AP3B2,-0.09068962,0.0714,0.2121291
TBC1D3C,-0.11465689,0.0714,0.2121957
POLR1C,0.20983325,0.0715,0.2124218
VAPA,-0.11043138,0.0715,0.2124588
FAM213A,0.19405621,0.0716,0.2125618
OR8D4,0.08590937,0.0718,0.2129895
AMFR,-0.121,0.137,0.213
FBXO48,0.114,0.136,0.213
LOC105377645,0.234,0.136,0.213
DNAJB11,-0.131,0.136,0.213
LOC105374209,0.158,0.137,0.213
BLOC1S5-TXNDC5,-0.109,0.137,0.213
TMEM245,0.11,0.136,0.213
APP,-0.0878,0.136,0.213
WBP1,-0.161,0.136,0.213
COG6,0.095,0.136,0.213
ARHGAP11B,-0.178,0.136,0.213
TOMM70A,0.8583075,0.0119,0.21318
SAT2,0.8023221,0.0119,0.21327
KRTAP4-2,0.07713483,0.072,0.2133074
MED12L,0.06993636,0.072,0.2133352
EID3,-0.13618864,0.072,0.2134014
CASQ2,-0.15063588,0.0721,0.2135738
LPXN,-0.3714833,0.012,0.21359
TRIM49,-0.13225846,0.0722,0.2136243
FAM50B,-0.26127687,0.0723,0.2138595
MANBAL,-0.20617567,0.0723,0.2138791
NHLH2,0.06936219,0.0723,0.21394
MIR631,-0.256,0.138,0.214
E2F5,-0.115,0.138,0.214
LOC148696,0.183,0.137,0.214
LOC102724754,0.22,0.138,0.214
NEFH,-0.253,0.137,0.214
LINC02775,0.459,0.138,0.214
NVL,0.086,0.138,0.214
ZBTB39,0.122,0.137,0.214
LOC105372211,0.312,0.137,0.214
LOC105376139,0.28,0.138,0.214
LOC105374010,0.147,0.137,0.214
SLC7A11,-0.369,0.137,0.214
TTC3P1,0.116,0.137,0.214
KHDC4,0.0603,0.137,0.214
COL22A1,-0.09215759,0.0723,0.2140007
NHLH1,0.11234704,0.0724,0.2140556
SI,0.08671702,0.0724,0.2140556
H2BFWT,0.07239107,0.0724,0.2140953
NQO2,-0.31116593,0.0725,0.2143328
RNF8,-0.15782174,0.0726,0.2144062
TECTA,-0.1286361,0.0727,0.2146627
HMGCLL1,-0.09802284,0.0727,0.2146627
SLC24A1,-0.11215471,0.0727,0.2146627
FAIM2,0.08116631,0.0727,0.2147846
KIAA1377,-0.3999188,0.0121,0.21486
COPS6,0.11415644,0.0728,0.2149366
OR11H12,0.08674349,0.0728,0.2149366
LOC112268008,-0.37,0.138,0.215
TMEM123-DT,0.219,0.138,0.215
MPP7,-0.149,0.138,0.215
MYO15A,-0.221,0.138,0.215
LOC105373762,0.227,0.138,0.215
SYN3,0.06092108,0.0729,0.2150023
PXK,-0.10888745,0.073,0.21524
ZNF561,-0.1158861,0.073,0.2152595
OR52A5,-0.4252007,0.0122,0.21536
NDUFB4,-0.07995006,0.0731,0.2154192
CTRB2,-0.0872911,0.0731,0.2154192
ARID1A,0.20949101,0.0731,0.2154192
PDIA3,-0.12140579,0.0731,0.2154491
NPY4R,0.0684528,0.0731,0.2154763
ADCY5,-0.07632004,0.0732,0.2156097
SCOC,-0.14946359,0.0732,0.2156097
BAT1,-0.6481322,0.0122,0.21562
LOC401357,0.32238133,0.0732,0.2157257
C19ORF60,0.6843323,0.0122,0.21576
MAGOH,0.3968657,0.0122,0.2158
MARC2,0.38768112,0.0734,0.2159248
PLAAT2,-0.348,0.139,0.216
PRKCI,0.0912,0.139,0.216
ZC3H4,-0.111,0.139,0.216
LOC105371009,0.42,0.139,0.216
LOC112268109,-0.185,0.139,0.216
LINC02576,-0.256,0.139,0.216
DNAI4,0.131,0.139,0.216
NSG1,0.168,0.139,0.216
SLC25A40,0.0967,0.139,0.216
CLEC18A,0.195,0.139,0.216
AKAP10,0.067,0.139,0.216
CNIH4,0.0898,0.139,0.216
KCTD21,0.09927097,0.0734,0.2160098
KIF2B,0.09382532,0.0734,0.2160439
POU3F1,0.08072232,0.0734,0.2160881
PSMD7,-0.15989184,0.0735,0.2162675
ARL6IP6,-0.14620481,0.0737,0.2164185
C11ORF44,0.0936419,0.0737,0.216541
UBTD2,0.12084555,0.0737,0.216578
SIGLECL1,0.09233083,0.0738,0.2167017
USP27X,0.11773409,0.0739,0.2168705
DYNLT2B,-0.258,0.14,0.217
LOC107987063,0.181,0.14,0.217
LINC01140,0.182,0.14,0.217
EBP,0.232,0.139,0.217
NR2F1-AS1,-0.151,0.14,0.217
TMSB4Y,-1.59,0.14,0.217
LOC102723544,0.318,0.14,0.217
PMS2CL,0.129,0.14,0.217
LOC105374179,0.202,0.14,0.217
PPAP2B,0.7088381,0.0123,0.21708
C10ORF111,0.09640724,0.074,0.2171335
FAM72D,-0.08589749,0.074,0.217196
PRSS3P2,-0.09573456,0.074,0.2172241
C17ORF87,-0.5733567,0.0124,0.21723
LASS2,0.8736082,0.0124,0.21723
LRRCC1,0.4190842,0.0124,0.21732
SDHA,0.5991855,0.0124,0.21732
FOXF2,-0.11428346,0.0741,0.2173273
KRT75,-0.10148522,0.0742,0.2175058
ZFP106,-0.8173405,0.0125,0.21771
C7ORF11,0.5082416,0.0125,0.21771
LOC101926983,0.06706151,0.0743,0.2177917
CAPN9,0.08155149,0.0744,0.2178665
DLK1,0.08944731,0.0744,0.2178665
CHRDL1,0.08307198,0.0744,0.2178759
ZNF345,0.139,0.141,0.218
LOC100288069,-0.168,0.141,0.218
LOC107985293,-0.324,0.14,0.218
PDZK1P1,0.108,0.14,0.218
LOC105377709,0.408,0.141,0.218
MIR6721,-0.291,0.141,0.218
POU6F2,0.276,0.141,0.218
GRM7-AS3,0.06363433,0.0745,0.2180157
LNX1,-0.8636245,0.0125,0.21812
LOC730098,0.5478204,0.0125,0.21813
RGPD5 /// RGPD6 /// RGPD8,1.4048348,0.0125,0.21813
LOC286154,0.08219488,0.0746,0.2182538
DMP1,0.08277604,0.0746,0.2182538
TMEM205,0.8108886,0.0126,0.21861
MAGEE2,0.08232619,0.0749,0.2186636
TSKS,-0.0838789,0.0749,0.2187677
SNORD38A,0.19066047,0.075,0.2188487
SNORA59B,0.153,0.141,0.219
SNORA20,-0.29,0.141,0.219
LOC102724273,-0.24,0.141,0.219
CCT4,0.0964,0.141,0.219
GNG12,-0.133,0.142,0.219
GTF2IP23,0.181,0.141,0.219
LOC105373623,0.215,0.141,0.219
PLD5,0.432,0.141,0.219
LINC00865,-0.212,0.141,0.219
EIF4EBP1,-0.271,0.141,0.219
MIR5187,0.285,0.141,0.219
RALY-AS1,0.192,0.142,0.219
DBF4,-0.119,0.141,0.219
SNHG30,-0.149,0.141,0.219
LINC02798,0.242,0.141,0.219
CCDC13,-0.243,0.142,0.219
GAPDH-DT,-0.12,0.142,0.219
MCF2L-AS1,-0.245,0.142,0.219
MARCHF6-DT,0.184,0.141,0.219
HERC2P4,0.256,0.141,0.219
ASDURF,0.108,0.141,0.219
LOC112268129,0.251,0.141,0.219
LOC105376982,0.369,0.141,0.219
KDM5A,0.0522,0.141,0.219
USP51,0.12,0.142,0.219
TRUB2,0.14336485,0.0751,0.2191802
CHAC2,0.0932668,0.0751,0.2191802
LCMT1-AS1,0.08989514,0.0752,0.2193507
ARL14EPL,0.07032171,0.0752,0.2194122
TNS4,-0.550024,0.0127,0.21944
NEDD8,-0.13928251,0.0754,0.2197874
CELA3B,0.07248721,0.0754,0.2198222
NHEJ1,0.108,0.142,0.22
LOC100132356,0.136,0.142,0.22
RPL23P8,0.232,0.142,0.22
PMM2,-0.0949,0.142,0.22
LOC102724382,0.288,0.142,0.22
SEC61A1,-0.119,0.142,0.22
POLR2F,-0.3899101,0.0127,0.22003
ZNF260,-0.18027563,0.0756,0.2201121
CFC1,0.08512065,0.0756,0.2201518
OR4N4,0.0675136,0.0756,0.2201857
TLR6,-0.3736191,0.0128,0.22038
TF,1.093648,0.0128,0.22038
TNNC1,-0.10636511,0.0758,0.2204905
TBCCD1,-0.0981261,0.0759,0.2206746
EPHA5-AS1,0.08034296,0.0759,0.2207151
OR13C3,0.07425307,0.076,0.2207505
ST6GALNAC1,0.09429433,0.076,0.2209085
CMIP,-0.32618956,0.0761,0.2209416
PLEKHG4B,-0.4093546,0.0129,0.22098
TMEM176A,0.953075,0.0129,0.22098
C14ORF129,0.5324043,0.0129,0.22098
SEBOX /// VTN,0.8212115,0.0129,0.22099
CCDC113,0.4818158,0.0129,0.22099
PLEKHA6,0.137,0.143,0.221
LOC105374121,0.312,0.143,0.221
LOC105370786,-0.352,0.143,0.221
LOC105369312,0.224,0.143,0.221
LOC105378576,0.233,0.143,0.221
SLC5A9,-0.187,0.143,0.221
LOC105374298,0.208,0.143,0.221
PRPF8,0.0959,0.143,0.221
MYG1-AS1,-0.0967,0.143,0.221
ZNF18,0.07,0.143,0.221
CLPTM1,-0.2,0.143,0.221
LOC112268278,-0.255,0.143,0.221
LOC105372821,-0.299,0.143,0.221
LOC105373467,-0.28,0.143,0.221
VPS72,-0.121,0.143,0.221
CACNB4,0.4892994,0.013,0.22116
ZNF256,-0.10642361,0.0762,0.2212305
LOC101927229,0.07346848,0.0763,0.2213557
PCGF3,0.09502911,0.0763,0.2213935
SNRPE,-0.08628998,0.0763,0.2214328
ISM2,-0.05859501,0.0763,0.2214815
SLBP,-0.14990262,0.0763,0.2214815
STK38,0.19083335,0.0763,0.2214886
MMP17,-0.06057633,0.0764,0.2215295
TMCO6,0.1653894,0.0764,0.2215811
KHDC3L,0.09369365,0.0765,0.221696
FAM222A,-0.12984606,0.0765,0.221696
C14ORF102,0.5116605,0.013,0.22184
FAM46D,0.0623709,0.0766,0.2219536
CACNG2,0.0977351,0.0766,0.2219536
TXNL4B,0.079,0.143,0.222
LOC107987182,0.192,0.143,0.222
LOC107984877,0.221,0.144,0.222
MOV10L1,0.294,0.144,0.222
LOC112268063,0.157,0.143,0.222
DDX56,-0.121,0.143,0.222
LOC105377530,0.329,0.144,0.222
CP110,-0.5253306,0.0131,0.22218
OR10G2,0.4946321,0.0131,0.22266
LOC100128816,-0.426116,0.0131,0.22266
H2AFZ,-0.18128821,0.077,0.2228783
AP5S1,-0.16118017,0.0771,0.2229383
KCNK7,0.0831478,0.0772,0.2229989
WARS2-IT1,-0.243,0.144,0.223
MTG2,-0.128,0.144,0.223
HSD17B2-AS1,0.238,0.144,0.223
MIER3,0.0852,0.144,0.223
LOC105379420,0.249,0.144,0.223
LSM2,-0.133,0.145,0.223
ROM1,-0.231,0.144,0.223
LOC105371629,-0.176,0.144,0.223
QRICH2,0.174,0.144,0.223
SELO,0.5122844,0.0132,0.22303
CRAT,0.8215195,0.0132,0.22306
SPTBN4,0.0970785,0.0772,0.223069
DNM3,-0.1085187,0.0772,0.223069
RNF185,0.14108968,0.0772,0.2230852
FAM54B,0.9742134,0.0132,0.22314
OR9Q2,0.07003253,0.0773,0.2232358
SEMG2,0.09885012,0.0774,0.2234376
DCST1,-0.4523404,0.0133,0.22357
TMPRSS15,0.07800095,0.0775,0.2235863
LINC01173,0.07666968,0.0775,0.2236719
NEDD1,-0.12654364,0.0776,0.2237168
EIF4E,-0.3660026,0.0133,0.22378
NMUR2,0.09022454,0.0776,0.2237853
SHISA6,-0.07052477,0.0777,0.22383
ZNF416,-0.1035559,0.0777,0.2239498
NRXN3,0.0748895,0.0778,0.223995
WDR41,-0.0706,0.145,0.224
LOC105370928,0.26,0.145,0.224
LOC105378298,-0.277,0.145,0.224
LOC107984104,-0.346,0.145,0.224
SETBP1-DT,0.189,0.145,0.224
DBF4B,-0.169,0.145,0.224
DPPA2,0.06982185,0.0778,0.2240553
PMEL,0.19235254,0.0778,0.2240692
C10ORF54,-0.20099695,0.0778,0.2241061
FDPSP2,-0.07457194,0.0779,0.2242384
SCN7A,-0.5393383,0.0134,0.22428
LRRC57,-0.10766507,0.078,0.2243007
ETNPPL,-0.64136759,0.078,0.2243007
AVPR2,-0.09593395,0.078,0.2243156
NAF1,-0.09614607,0.078,0.2243156
REPIN1,0.12411529,0.078,0.2244043
C3ORF17,-0.5707472,0.0134,0.22458
TSPY26P,0.06658427,0.0782,0.2247037
DNAJC14,-0.10293685,0.0782,0.2247659
HIST2H3C,0.06987341,0.0782,0.2247667
CPA4,0.10218529,0.0783,0.2247697
TTC15,-0.3944918,0.0134,0.22478
ZNF234,0.4056404,0.0134,0.22486
CNTNAP2,0.38395799,0.0783,0.2248956
IGF2BP1,-0.08352104,0.0783,0.22491
SCP2D1,0.08775104,0.0784,0.2249638
ZFP2,-0.13330731,0.0784,0.2249809
LINC01291,0.648,0.146,0.225
ZNF818P,-0.163,0.146,0.225
LINC00449,0.234,0.146,0.225
LINC00996,-0.258,0.146,0.225
LOC107984832,-0.198,0.146,0.225
DENND6A,-0.0875,0.146,0.225
CCL16,0.148,0.146,0.225
CLCA3P,0.335,0.146,0.225
EOLA1,0.073,0.146,0.225
SNHG20,-0.131,0.146,0.225
LGI2,-0.11062004,0.0785,0.2251418
FSCN3,-0.4843316,0.0135,0.22515
OR4C3,0.09454213,0.0786,0.2252816
SLC6A10P,-0.26881169,0.0786,0.2253452
CDRT1,0.10891693,0.0786,0.2253609
BROX,-0.07155684,0.0786,0.2253609
ZPBP2,-0.08283435,0.0786,0.2253609
MS4A12,0.09487932,0.0786,0.2253609
OR2T35,0.08895214,0.0787,0.225403
MROH2B,0.1209911,0.0787,0.2254889
OVOL1,0.07351918,0.0787,0.2254962
LOC105376217,0.255,0.147,0.226
CALCA,0.297,0.146,0.226
KCNJ3,0.218,0.146,0.226
LOC105373822,0.292,0.147,0.226
AQP7,-0.176,0.147,0.226
PFN1P2,0.184,0.147,0.226
LOC105371750,0.312,0.147,0.226
CYP1A1,0.454,0.147,0.226
FAM95B1,0.265,0.147,0.226
BRD3,-0.1,0.147,0.226
PCDHB16,-0.218,0.147,0.226
SLC7A13,0.07657746,0.079,0.2260658
CBWD2 /// LOC728877,-0.505673,0.0136,0.22607
SFRS11,1.8730928,0.0136,0.22617
TIMM17A,0.4987825,0.0136,0.22617
NTNG2,-0.08573249,0.0792,0.2263633
CASQ1,0.08350079,0.0792,0.2263982
LOC105370027,-0.09560643,0.0792,0.2263982
OR2T3,0.08429925,0.0792,0.2264245
PAPD4,0.4281628,0.0137,0.2267
ELOVL2,-0.34403443,0.0794,0.2267425
LOC148145,-0.501074,0.0137,0.22677
DHRS2,0.54395655,0.0794,0.2268747
NBPF6,0.06732428,0.0795,0.2268943
PSMG2,-0.15168209,0.0795,0.2269624
ZMPSTE24,0.13393207,0.0795,0.2269873
RBPMS2,-0.241,0.147,0.227
NSD3,0.0599,0.147,0.227
MLF1-DT,-0.219,0.147,0.227
POLR2B,-0.117,0.147,0.227
UFD1-AS1,0.0902,0.148,0.227
DYNC2LI1,0.0953,0.148,0.227
LOC105375751,0.148,0.148,0.227
OTUD6B,0.0757,0.148,0.227
CCDC175,0.279,0.148,0.227
CKMT2-AS1,0.17,0.148,0.227
XIRP2,0.07151845,0.0795,0.2270133
ZNHIT6,0.1342824,0.0796,0.2270869
POU3F4,0.08375539,0.0796,0.2271161
SRPR,0.8447474,0.0138,0.22723
OR9K2,0.07257085,0.0797,0.2272446
NXPE2,0.07812848,0.0797,0.2272446
SLC9C2,-0.06967397,0.0797,0.2272565
KIAA1551,0.17710499,0.0798,0.2273332
OMP,0.08100527,0.0798,0.2273571
SLC22A2,0.07167256,0.0799,0.2274952
MIR7515HG,0.07527201,0.0799,0.2274972
RTF1,0.09352273,0.0799,0.2275077
ESYT2,0.1567577,0.08,0.227638
PHTF2,-0.5288509,0.0138,0.22764
C5ORF62,-0.5395428,0.0138,0.22764
INA,0.07370645,0.08,0.2276463
LOC101929315,0.06493721,0.08,0.2276884
HIST1H3F,-0.08653121,0.0801,0.2278007
DGKH,-0.09814743,0.0801,0.2278301
PHYHIP,-0.4397903,0.0139,0.22795
MS4A3,0.079472,0.0801,0.227959
IFT57,-0.131,0.148,0.228
LOC105375642,0.304,0.149,0.228
CD164,0.119,0.149,0.228
CES1P1,-0.186,0.148,0.228
PRPSAP2,0.0676,0.148,0.228
KRBOX5,-0.116,0.149,0.228
UBE2CP5,-0.199,0.148,0.228
ZNF614,-0.126,0.148,0.228
RRP36,-0.0909,0.148,0.228
MUC12,0.07218964,0.0802,0.2280947
MFSD7,0.08429532,0.0804,0.2285417
CDC42EP5,-0.3457021,0.0805,0.2285725
PEG3 /// ZIM2,0.553514,0.0139,0.22858
RARRES3,-0.24247671,0.0805,0.2286441
PRAMEF8,0.10902767,0.0806,0.2287724
FAM212A,-0.16203454,0.0806,0.2287854
SNORD5,0.212,0.149,0.229
LOC107986847,0.198,0.149,0.229
LOC102724823,-0.287,0.149,0.229
LOC105372117,0.171,0.149,0.229
FOXJ2,-0.0711,0.149,0.229
PLS3-AS1,0.153,0.15,0.229
ASB16-AS1,-0.127,0.149,0.229
ZFP69B,-0.139,0.149,0.229
UBAC1,-0.133,0.15,0.229
RMC1,0.0943,0.149,0.229
LOC728715,-0.279,0.149,0.229
LOC105373711,-0.286,0.149,0.229
PPP1R26,-0.142,0.149,0.229
LOC105373973,0.213,0.15,0.229
LOC105379814,0.233,0.149,0.229
LOC105373649,0.508,0.149,0.229
C1QTNF9B,-0.4616098,0.014,0.2291
LOC105378367,0.09064125,0.0807,0.229168
ONECUT3,0.06957824,0.0808,0.2291785
NDUFAF1,0.1808771,0.0808,0.2291835
CLDN2,0.6641099,0.014,0.22931
OR11A1,0.10088987,0.0809,0.2293533
ZNF184,-0.09786795,0.0808,0.2293533
CYB561D1,0.457401,0.0141,0.22945
FGF22,0.08947296,0.081,0.229537
AKAP4,0.0813152,0.081,0.2296201
HAS1,-0.10449278,0.0811,0.2296587
SHC4,0.09387044,0.0811,0.2296909
WAPAL,0.4760113,0.0141,0.22979
MID2,0.09669386,0.0812,0.2298085
RAB29,0.17063811,0.0812,0.2298085
WNT1,0.07689224,0.0812,0.2298833
DHRSX,0.103,0.15,0.23
LOC105379252,0.26,0.15,0.23
TLNRD1,0.0947,0.15,0.23
PAN3-AS1,0.164,0.15,0.23
BBIP1,0.0816,0.15,0.23
LOC105374465,0.408,0.15,0.23
RBBP8,-0.138,0.15,0.23
C1ORF162,-0.7426958,0.0141,0.23004
GCOM1 /// GRINL1A,-0.4022023,0.0142,0.23004
DNAJC22,-0.19207672,0.0814,0.2301375
LOC105373356,-0.06322234,0.0815,0.2302929
MGMT,0.21434051,0.0815,0.2303258
LINC01262,0.07980033,0.0816,0.2304352
LIMS1,0.4246308,0.0142,0.2305
MDP1,-0.1381975,0.0817,0.2305503
SNORD18C,0.0664531,0.0817,0.2305955
KIAA0748,-0.5269102,0.0142,0.2306
PTHLH,-0.14897481,0.0818,0.2307766
ZNF428,0.12363196,0.0818,0.230782
POMT2,0.11646811,0.0819,0.2309693
DICER1-AS1,0.197,0.151,0.231
ATAD2,0.0977,0.15,0.231
LOC105372437,0.25,0.151,0.231
LOC107984376,0.35,0.151,0.231
TSBP1,0.317,0.151,0.231
SLC38A6,-0.12,0.151,0.231
C4ORF12,-0.5457424,0.0143,0.23104
C14ORF143,0.6135118,0.0143,0.23121
FAM195A,-0.6309902,0.0143,0.23124
DEFB118,-0.445483,0.0143,0.23124
COX14,-0.17645057,0.0821,0.2312455
GPR31,-0.4387153,0.0143,0.23146
G2E3,-0.3980983,0.0143,0.23153
TOP1P2,-0.13729772,0.0822,0.2315415
RNF114,0.7289054,0.0144,0.2316
SHF,0.11818071,0.0823,0.2316904
LRFN1,-0.4148115,0.0144,0.2317
LGALSL,-0.14064089,0.0825,0.2319831
GDF1,0.09046481,0.0825,0.2319831
TMEM255A,-0.177,0.151,0.232
SNORD47,-0.228,0.152,0.232
GOLGA6L10,0.128,0.151,0.232
CLBA1,-0.144,0.151,0.232
AFDN-DT,0.183,0.152,0.232
ATRIP-TREX1,-0.115,0.151,0.232
ZNF497,-0.136,0.151,0.232
ARX,0.06834265,0.0826,0.2322734
C15ORF32,0.06691438,0.0827,0.2323168
SUSD5,0.13918965,0.0827,0.2323168
LINC01076,0.08669397,0.0827,0.2323963
LOC101927505,0.1086991,0.0827,0.232435
GABRG3,0.06046475,0.0828,0.2324764
ATP6V0E1,-0.15728618,0.0828,0.2324989
SLC26A9,-0.08392138,0.0828,0.2325069
FBXO3-AS1,-0.07412841,0.083,0.2328386
RPL23AP32,-0.13176677,0.083,0.2328764
MGAT5B,0.05843873,0.0831,0.2329821
NME9,0.083,0.152,0.233
HMCES,-0.119,0.152,0.233
XRRA1,0.118,0.152,0.233
LOC105375169,0.145,0.152,0.233
LOC107985782,0.246,0.152,0.233
FYCO1,-0.0861,0.153,0.233
JAM2,-0.132,0.152,0.233
OLFM5P,0.25,0.152,0.233
RASSF8,-0.143,0.152,0.233
CHCHD4,0.104,0.152,0.233
PRXL2A,0.153,0.153,0.233
LOC101928051,0.236,0.153,0.233
ZNF233,0.144,0.152,0.233
CRTC2,-0.133,0.153,0.233
LOC105374795,0.223,0.153,0.233
LOC105379090,0.253,0.153,0.233
LNCSRLR,0.242,0.153,0.233
LOC102723733,-0.245,0.153,0.233
KCNIP2-AS1,-0.209,0.153,0.233
DIRC3,-0.251,0.152,0.233
IGF2BP2,-0.4349925,0.0146,0.23301
CES1,0.4668914,0.0146,0.23302
LOC100507599,-0.08855644,0.0832,0.2331343
IFNA21,0.1298116,0.0832,0.2331564
CECR9,0.07071263,0.0833,0.2332181
KLK13,0.07634112,0.0833,0.2333483
FAM218A,0.08423331,0.0833,0.2333483
LOC105369819,0.06991339,0.0834,0.2333483
PCDH11Y,-0.06502684,0.0835,0.2334754
LOC100287697,0.600338,0.0147,0.23353
RDH5,0.6406341,0.0147,0.23353
CPSF3L,0.424096,0.0147,0.23353
COMMD9,-0.17199439,0.0835,0.2335519
THRSP,0.9882175,0.0147,0.23366
HSP90AA4P,-0.511017,0.0148,0.23369
LOC286068,-0.07937116,0.0837,0.23393
GUCY2EP,0.431,0.153,0.234
COPG2,-0.081,0.153,0.234
LOC100335030,-0.188,0.153,0.234
LOC105372426,-0.209,0.153,0.234
ERH,0.107,0.153,0.234
APOL4,0.172,0.154,0.234
NNT,0.125,0.153,0.234
CALML3,0.16990934,0.0838,0.2340218
MARCH 1,-0.5763645,0.0148,0.23425
HUS1B,-0.13599736,0.0839,0.2342888
SNX18,-0.08274798,0.0839,0.2343315
PKMYT1,0.5396119,0.0149,0.23439
C1ORF161,-0.5247324,0.0149,0.23441
JPH2,-0.08538355,0.0841,0.2346402
ZNF552,-0.4769021,0.0149,0.23476
TBL2,-0.12987307,0.0842,0.2347635
ZBED8,-0.12961149,0.0843,0.2349082
ALOXE3,0.08712199,0.0843,0.2349082
OXGR1,-0.4659807,0.015,0.235
NLGN4X /// NLGN4Y,-0.5093288,0.015,0.235
LOC105373347,-0.292,0.154,0.235
PLSCR1,-0.164,0.154,0.235
ATRNL1,-0.179,0.154,0.235
HMGCS1,1.1296292,0.015,0.23504
LOC102723883,0.07774377,0.0844,0.2351124
AHSA1,-0.14834813,0.0844,0.2351943
KIAA1949,-0.6709191,0.015,0.23524
KRTAP10-1,-0.08771756,0.0845,0.2354735
COLCA1,-0.095972,0.0846,0.2356569
VPS24,-0.455138,0.0151,0.2358
ZDHHC22,-0.10506018,0.0848,0.2358691
NR0B2,1.0516901,0.0151,0.23587
FANCC,0.6553907,0.0151,0.23593
ZNF516-AS1,0.193,0.155,0.236
ZBTB16,-0.266,0.154,0.236
SLC3A2,-0.155,0.155,0.236
TWNK,-0.122,0.154,0.236
RPGRIP1,0.179,0.155,0.236
LOC112267878,-0.28,0.155,0.236
GPC6-AS1,0.183,0.155,0.236
LINC00920,-0.298,0.155,0.236
IGFN1,-0.483,0.154,0.236
ETDA,0.257,0.155,0.236
SLC22A5,0.0745,0.155,0.236
BRD7,-0.0555,0.155,0.236
LOC107984034,0.302,0.155,0.236
PHLDB3,-0.203,0.154,0.236
C22ORF25,-0.3677738,0.0151,0.23604
AGFG2,0.5774139,0.0151,0.23614
PPP1R14D,-0.4112773,0.0152,0.23627
NECAB1,0.05915784,0.085,0.2363219
CPNE9,-0.10539426,0.085,0.2363219
FTHL17,-0.06634554,0.085,0.2363219
SOCS7,-0.09030098,0.085,0.2363814
CST9,0.11354289,0.085,0.2363814
SPRR2C,0.07158057,0.0851,0.2364067
HOXA10,0.08374444,0.0851,0.2364479
LOC286083,0.06878562,0.0851,0.2365137
GCSH /// LOC100329108 /// LOC100329109 /// LOC641746,0.8592381,0.0153,0.23653
SEH1L,0.15742583,0.0852,0.2365883
ADAMTS8,-0.10130506,0.0852,0.2365946
C18ORF22,0.4946921,0.0154,0.23661
LOC100291393 /// SHC2,0.5718108,0.0154,0.23661
SEPTIN 4,-0.5629134,0.0154,0.23661
GPR116,-0.4160895,0.0154,0.23661
LINC01309,0.07074353,0.0853,0.236676
LCE1E,-0.4007949,0.0154,0.23679
MGC29506,-0.6568049,0.0154,0.23679
MATN4,0.08747036,0.0854,0.2368914
LOC105379504,0.206,0.155,0.237
TMEM170A,0.0877,0.155,0.237
LOC101928419,-0.208,0.156,0.237
LDHD,-0.234,0.156,0.237
LOC729867,0.185,0.156,0.237
LOC101927536,0.374,0.156,0.237
SMIM10L2B,-0.191,0.156,0.237
DDIT3,-0.122,0.156,0.237
CYP27C1,0.352,0.156,0.237
FAM224B,0.09480509,0.0855,0.2370617
PPP1R3B,-0.33347478,0.0855,0.2370853
IL1R1,-0.1521276,0.0856,0.2371539
FAM60A,-0.6732012,0.0155,0.23719
SFRS17A,-0.4780565,0.0155,0.2372
SLC25A29,-0.12901923,0.0856,0.2372347
OR4B1,0.08208645,0.0857,0.2373272
CBFA2T3,0.06840025,0.0857,0.2373648
TNKS2-AS1,0.08529375,0.0858,0.2375143
C8ORF4,0.9496562,0.0156,0.23757
EFCAB3,0.08227419,0.0858,0.2375842
IQCB1,-0.12376619,0.0859,0.2376539
TMEM59,-0.10033766,0.0859,0.2377163
RABL5,-0.3467504,0.0156,0.23773
SELENBP1,1.0540626,0.0156,0.23782
IFNA4,0.06508705,0.0859,0.2378278
NPHS1,0.07222578,0.086,0.2379659
SNX9,0.6849766,0.0157,0.23798
LOC100130027,-0.159,0.156,0.238
LOC102724416,-0.236,0.156,0.238
MRPL45P2,0.109,0.157,0.238
TRNG,0.477,0.156,0.238
TFAP4,-0.164,0.156,0.238
LINGO4,-0.336,0.156,0.238
REEP3,0.0901,0.157,0.238
LOC105372814,-0.293,0.157,0.238
VIPR1-AS1,-0.217,0.157,0.238
HAND2-AS1,-0.152,0.156,0.238
LOC100506472,-0.224,0.156,0.238
MUC1,-0.409752,0.0157,0.23808
SMAD3,-0.6073018,0.0157,0.23808
SLC25A18,0.31079869,0.0861,0.2381117
LINC01365,0.09759127,0.0861,0.2381117
KRTAP13-1,0.07721373,0.0861,0.238147
C22ORF32,-0.6142399,0.0157,0.23826
LINC01617,-0.08403763,0.0862,0.2383221
C9ORF24,0.09793076,0.0864,0.2386826
C1ORF111,0.14347326,0.0864,0.2386826
HMGCR,0.43646614,0.0865,0.238809
SCGB2A2,0.06804897,0.0865,0.2388188
IL32 /// LOC100291980,-0.6874495,0.0158,0.23892
NTAN1,-0.20574429,0.0867,0.2389655
ZNF648,-0.3864326,0.0158,0.23899
C2ORF29,-0.5067895,0.0158,0.23899
LOC107984244,-0.326,0.157,0.239
LOC105373715,0.151,0.158,0.239
SEPTIN7P2,0.0961,0.158,0.239
SMIM2-IT1,0.343,0.158,0.239
NME8,-0.332,0.157,0.239
LOC105379340,0.252,0.157,0.239
LOC105370612,0.289,0.157,0.239
SNX2,0.0773,0.157,0.239
YPEL1,0.103,0.157,0.239
VMA21,0.116,0.158,0.239
DNAH8,0.494,0.157,0.239
LOC105369149,0.0936,0.157,0.239
GHRH,0.0751074,0.0867,0.2390298
CDH4,0.09163633,0.0867,0.2390908
HHLA2,-0.06784242,0.0868,0.239163
SHISA4,-0.09071768,0.0869,0.2392992
GALNTL2,-0.4330336,0.0159,0.2393
PPPDE1,-0.6031107,0.0159,0.23943
ASB3 /// GPR75 /// LOC100302652,0.5358298,0.0159,0.23959
RNASEH2B,-0.15389696,0.087,0.2395988
LOC101927480,-0.10330805,0.0871,0.2397071
OPTC,0.06522455,0.0872,0.2399008
NOTCH2NL,-0.10808581,0.0873,0.2399585
ATP1A3,0.10284481,0.0873,0.2399773
L1CAM,0.374,0.158,0.24
LOC101928861,0.181,0.158,0.24
GOT1-DT,0.171,0.158,0.24
SWI5,-0.115,0.158,0.24
DCSTAMP,0.258,0.158,0.24
LOC105369828,-0.142,0.158,0.24
IL9,0.06830253,0.0873,0.2400118
PROSER2,0.1661525,0.0874,0.2401757
IQCF1,0.07600338,0.0875,0.2402006
SCART1,0.08193608,0.0876,0.2403651
NUDT2,-0.2483968,0.0876,0.2404074
MLH1,-0.13789468,0.0876,0.2404176
EPHX4,-0.08737971,0.0877,0.2406142
CSN2,0.06483697,0.0878,0.2406142
TMC5,-0.08966636,0.0879,0.2409307
ZNF630-AS1,0.234,0.159,0.241
NRADDP,0.292,0.159,0.241
GARNL3,0.139,0.159,0.241
C9ORF47,-0.237,0.159,0.241
CHGA,0.294,0.159,0.241
DPY19L2,0.223,0.159,0.241
NIFK-AS1,0.0692,0.159,0.241
LOC101927296,-0.318,0.159,0.241
LOC107985365,0.246,0.159,0.241
PRDX3,0.131,0.159,0.241
LOC105376171,0.206,0.159,0.241
CCL11,0.09897524,0.088,0.2410984
LONRF2,-0.3934108,0.0162,0.24117
CSH1 /// CSH2,-0.5298516,0.0162,0.24117
LOC728264,-1.0062138,0.0162,0.24117
OR6C74,0.06722312,0.0882,0.2413477
IVD,0.3877407,0.0162,0.24152
GPR107,-0.07599702,0.0883,0.2415291
MANBA,-0.4120214,0.0163,0.2416
MIMT1,0.08166353,0.0883,0.2416534
ORC4L,0.3437626,0.0163,0.2418
ANKRD30BL,-0.06993446,0.0885,0.2418613
EFCAB14,0.0827,0.16,0.242
FLJ43315,0.459,0.16,0.242
CCL15-CCL14,-0.205,0.159,0.242
LINC02005,0.358,0.16,0.242
PUM3,-0.0735,0.16,0.242
MOAP1,-0.102,0.16,0.242
TRAP1,-0.13,0.16,0.242
EFCAB5,0.358,0.16,0.242
LOC112268210,0.195,0.16,0.242
LOC105369315,0.307,0.16,0.242
LINC02708,0.279,0.16,0.242
SHANK2,0.14331952,0.0886,0.2420172
LOC391358 /// TRMT112,0.9626223,0.0164,0.24203
FCHSD2,-0.5071466,0.0164,0.24203
VSTM4,-0.11708013,0.0886,0.2420574
TMEM155,-0.06915046,0.0887,0.2421816
NDC1,-0.13329958,0.0888,0.2425301
MFAP5,0.11492758,0.0889,0.2426908
KRBA2,-0.4058786,0.0165,0.24281
SHROOM3,0.108,0.16,0.243
BAT2L1,0.6287221,0.0165,0.243
LOC105371168,-0.166,0.16,0.243
LOC107985182,0.174,0.161,0.243
LOC107984421,-0.194,0.16,0.243
PRAMEF5,-0.24814707,0.0891,0.243012
POLR2H,-0.1008839,0.0891,0.24302
TLL1,-0.4446551,0.0166,0.24317
MKL1,-0.5314782,0.0166,0.24317
PMCHL1 /// PMCHL2,0.3957761,0.0166,0.24317
GPR12,-0.4747792,0.0166,0.24317
MAPK1IP1L,0.16372846,0.0893,0.2434151
DUSP23,0.13921554,0.0894,0.2434791
TMEM52,0.15693844,0.0894,0.2434791
SLIT1-AS1,-0.07246321,0.0895,0.2437628
TTTY2,-0.07518892,0.0896,0.243818
HDAC1,-0.0698,0.161,0.244
RGS14,-0.233,0.161,0.244
LOC101927673,-0.301,0.161,0.244
SNRNP35,-0.0769,0.161,0.244
SMIM30,0.118,0.162,0.244
LOC105375668,0.238,0.162,0.244
SLCO2B1,-0.164,0.161,0.244
PELO,-0.0863,0.161,0.244
KRTAP19-6,0.11579602,0.0897,0.2440342
LOC390705,-0.07583758,0.0897,0.2441477
SEC14L3,0.09112955,0.0897,0.2441607
IGSF10,-0.08478586,0.0898,0.2442938
HTR3A,0.08090331,0.0898,0.2443669
LCN6,-0.08874874,0.09,0.244537
IFT74-AS1,-0.07177626,0.09,0.2445519
SNORD14A,0.30357972,0.0901,0.2447013
OR52A1,-0.5315373,0.0168,0.24486
LOC646214 /// PAK2,-0.5067999,0.0169,0.24486
XIAP,0.0812,0.162,0.245
KDM2A,-0.0512,0.162,0.245
SOCS2-AS1,0.342,0.162,0.245
LOC105374890,0.199,0.162,0.245
IFT22,-0.106,0.162,0.245
PSMD13,-0.0861,0.162,0.245
CEP290,0.102,0.162,0.245
CD40,-0.1896899,0.0904,0.2452162
RPS6KA5,-0.5347551,0.0169,0.24529
LOC100128059,0.07668626,0.0905,0.2454107
LOC101928314,0.06610385,0.0905,0.2454107
SLC43A1,0.4578895,0.0169,0.24546
KCNE5,-0.13448984,0.0905,0.2454705
FOXD4,0.5250591,0.0169,0.24554
MEF2C-AS1,0.07837587,0.0906,0.2455852
SPAG11B,-0.08259045,0.0908,0.2458337
ANKRD32,-0.6638854,0.017,0.2459
HNRNPA3 /// HNRNPA3P1,1.6561872,0.017,0.2459
DCAF8L2,0.07939988,0.0908,0.2459643
THAP9-AS1,0.0881,0.163,0.246
SMURF2P1-LRRC37BP1,0.0753,0.163,0.246
IGSF22,-0.215,0.163,0.246
TRNF,-0.415,0.163,0.246
LOC112268474,0.165,0.163,0.246
ARMC12,0.233,0.163,0.246
DCUN1D2,0.0887,0.163,0.246
PIRT,0.262,0.163,0.246
CIDEB,0.148,0.163,0.246
PMS2,0.0793,0.163,0.246
ALG3,-0.14654654,0.0909,0.2460618
COL19A1,-0.06793742,0.091,0.2464849
GNB5,-0.27330711,0.0912,0.2467
NDEL1,0.2644059,0.0912,0.2467224
SNORD8,-0.6901958,0.0171,0.24678
PIP,0.08531316,0.0913,0.2468952
MMP24-AS1,0.0759569,0.0913,0.2468952
PSMB6,0.10862243,0.0913,0.2469777
GLRX2,-0.15902258,0.0913,0.2469777
NEIL1,-0.133,0.164,0.247
LOC105374381,0.331,0.164,0.247
FCF1P2,0.104,0.164,0.247
LINC00649,0.193,0.164,0.247
WDR25,-0.107,0.163,0.247
ATPAF2,-0.0807,0.163,0.247
FBXL22,0.166,0.163,0.247
TK2,-0.0796,0.163,0.247
SMIM6,-0.138,0.164,0.247
LOC100130691,0.102,0.164,0.247
OASL,-0.254,0.164,0.247
FST,-0.275,0.163,0.247
DDX26B,-0.7341352,0.0172,0.24702
ZFAND2B,-0.4490339,0.0172,0.24726
ALAD,0.7689909,0.0173,0.2474
C8ORF86,0.09238023,0.0916,0.2474533
ANKEF1,0.07298204,0.0916,0.2475329
STOML2,0.11055983,0.0916,0.2475458
ZNF202,-0.09346847,0.0917,0.2477577
LOC105377623,0.287,0.165,0.248
LDHC,0.591,0.165,0.248
TTC39A,-0.256,0.164,0.248
LOC105374925,-0.172,0.165,0.248
TECPR2,-0.081,0.164,0.248
SERINC5,0.103,0.165,0.248
LOC107985876,-0.275,0.164,0.248
LOC105378838,0.236,0.165,0.248
AKR1E2,0.136,0.164,0.248
FHIP1B,-0.095,0.165,0.248
TPSD1,0.06024526,0.0919,0.2480067
PPFIBP2,0.21352829,0.092,0.2481195
CACNG4,0.08748809,0.092,0.2483165
TAS2R8,0.07000151,0.092,0.2483177
TAAR8,0.11306806,0.0921,0.2483518
KALRN,0.06571808,0.0921,0.2484543
ZNF804B,-0.4071942,0.0174,0.24861
INSL3 /// JAK3,-0.3975606,0.0174,0.24861
ITGB3,0.4160723,0.0175,0.24861
KPRP,-0.378857,0.0175,0.24881
LOC100292653 /// POM121 /// POM121C /// POMZP3,0.6107873,0.0176,0.24896
OSGIN2,-0.14412063,0.0924,0.2489876
SNRNP200,0.0631,0.165,0.249
LOC100287290,-0.179,0.166,0.249
LOC105375384,0.142,0.166,0.249
ZNF737,-0.135,0.166,0.249
HNF1A,-0.201,0.165,0.249
FAM247A,-0.166,0.165,0.249
APBB2,-0.0696,0.165,0.249
LOC107985931,0.194,0.165,0.249
PTS,0.13,0.166,0.249
IGKV1D-16,-0.369,0.165,0.249
GPR56,-0.3720919,0.0176,0.24903
ATP6V1H,-0.1089206,0.0924,0.2490988
TRPC2,0.08035228,0.0924,0.2490988
CPEB2-AS1,-0.11758885,0.0925,0.2492195
NDUFS2,-0.5200554,0.0176,0.24926
KCNJ10,-0.3919469,0.0176,0.24928
SPOPL,0.09521385,0.0926,0.2492949
RAB13,0.462775,0.0176,0.24936
LOC102725080,-0.08340569,0.0927,0.2495253
RQCD1,-0.4467923,0.0177,0.24954
NOB1,-0.17823528,0.0928,0.2496351
MMEL1,-0.07773664,0.0929,0.2498423
ZNF736,-0.5707326,0.0178,0.24997
LOC105372602,0.382,0.166,0.25
MTRFR,0.0734,0.166,0.25
TTTY15,-1.51,0.166,0.25
SNORD116-21,0.258,0.166,0.25
SMUG1,0.0838,0.167,0.25
NABP2,-0.119,0.166,0.25
BMP8B,0.157,0.166,0.25
LINC01344,0.302,0.167,0.25
LOC102725044,0.144,0.167,0.25
PCM1,0.0719,0.166,0.25
LOC105375752,-0.208,0.166,0.25
LOC107984690,-0.294,0.166,0.25
RAB8A,-0.135,0.166,0.25
SNHG14,0.0839,0.166,0.25
LOC105373942,0.166,0.166,0.25
PROSER1,0.062,0.166,0.25
LOC105376100,0.09632644,0.093,0.2500343
HCRP1,-0.4719333,0.0178,0.25004
CEACAM3,-0.10017528,0.093,0.250067
YTHDF1,0.16128974,0.093,0.2501231
MYLK,-0.25489176,0.0932,0.2504097
IRAK4,-0.4489497,0.0179,0.25044
SUPT7L,-0.368906,0.0179,0.25044
IL37,0.06675153,0.0933,0.2505905
KIAA0922,0.33079304,0.0933,0.2505905
HES2,-0.10084547,0.0933,0.2506114
GABRR2,0.09803722,0.0933,0.2506415
ENO1 /// TMEM11,-0.4282724,0.0179,0.25069
SPATA6L,0.25616514,0.0934,0.2507039
CST6,-0.07931809,0.0934,0.2507039
CCDC46,-0.4003051,0.0179,0.25089
RASSF6,0.181,0.167,0.251
MED17,0.0891,0.167,0.251
ZNF662,0.0947,0.167,0.251
LOC105375463,-0.202,0.167,0.251
TMEFF1,-0.195,0.167,0.251
SNCA,-0.263,0.167,0.251
LOC107986368,0.246,0.167,0.251
LOC107984895,-0.174,0.167,0.251
LOC105370567,0.143,0.167,0.251
SMAD1-AS1,0.1,0.167,0.251
HCG11,-0.13,0.167,0.251
ZNRD2-DT,-0.237,0.167,0.251
TRK-TTT3-1,0.386,0.168,0.251
HIST2H4A,-0.12371749,0.0935,0.2510476
CCDC27,0.08396191,0.0936,0.2512777
LOC283485,0.06347462,0.0936,0.2512777
FKBPL,-0.06891838,0.0936,0.2512777
FAM134A,0.5125143,0.018,0.25134
LOC105369626,0.259,0.168,0.252
LOC105373270,0.25,0.168,0.252
LINC00899,-0.185,0.168,0.252
ZNF438,0.0619,0.168,0.252
LINC01588,-0.115,0.168,0.252
NSFP1,0.136,0.168,0.252
RFX3-DT,0.208,0.168,0.252
DIP2C,0.0636,0.168,0.252
LOC90768,0.09587939,0.0941,0.2520471
IGDCC3,-0.08745532,0.0941,0.2520897
HBM,-0.14831827,0.0941,0.2520897
OR1Q1,0.08244837,0.0941,0.2520897
UBE2F,-0.8640229,0.0181,0.25209
ENPP4,-0.5658883,0.0181,0.25213
VGLL2,0.06232222,0.0942,0.2521464
MAGEB4,0.07244373,0.0942,0.2521506
LOC151174,0.08744367,0.0942,0.2522315
KIAA0355,0.17945154,0.0943,0.2523609
C6ORF153,-0.489442,0.0182,0.25252
HEATR9,-0.07319024,0.0944,0.252607
ALDH1L1-AS2,-0.08463555,0.0944,0.2526914
ORM1 /// ORM2,0.5778271,0.0182,0.25276
NTRK3-AS1,0.07992573,0.0945,0.2528819
CDK15,0.397,0.168,0.253
LOC105376577,0.134,0.169,0.253
LOC112268422,0.121,0.169,0.253
YEATS2-AS1,-0.146,0.169,0.253
LOC100129316,0.09118679,0.0946,0.2530375
KIAA0907,-0.20742841,0.0946,0.2530561
LRRC55,0.07405123,0.0946,0.2530561
CES2,0.20886827,0.0947,0.2530592
NOX5,-0.08246037,0.0946,0.2530592
IMPG1,0.09068415,0.0947,0.2530592
HIST1H4L,0.07271769,0.0947,0.2530592
KLK14,0.06300696,0.0947,0.2530656
FABP9,0.06466453,0.0948,0.2531964
CELF5,0.08342319,0.0948,0.2532659
MBL2,-0.31062518,0.0949,0.2533687
RBBP8NL,-0.10003204,0.0949,0.2533687
TECR,0.11993038,0.0949,0.2533687
SPANXN3,0.08136165,0.0949,0.2534307
POPDC2,-0.07561994,0.095,0.2534561
KIF1A,0.11164032,0.095,0.2534791
STAG3L3,0.8164342,0.0184,0.25363
C19ORF54,0.6032704,0.0183,0.25363
RARS,0.4539316,0.0184,0.25363
C11ORF67,0.4721599,0.0184,0.25363
SFRS14,-0.5819499,0.0184,0.25363
OCR1,0.3226056,0.0184,0.25363
OR5T3,0.06485128,0.0951,0.2538396
CENPM,-0.15258671,0.0952,0.2538517
HBG1 /// HBG2,-0.5323965,0.0184,0.25386
LINC00396,0.07065827,0.0952,0.2539581
AVP,0.08770759,0.0953,0.2539909
USP12-AS1,0.206,0.17,0.254
RPAP3-DT,0.139,0.17,0.254
DOCK1,-0.0446,0.17,0.254
NCKAP5-AS2,0.215,0.17,0.254
USP22,-0.11,0.169,0.254
MTHFR,-0.117,0.17,0.254
ZNF592,0.0844,0.169,0.254
TRIM40,0.09825118,0.0953,0.2540404
KRTAP10-2,-0.5986318,0.0185,0.25423
HLA-B /// HLA-C,-0.5582713,0.0185,0.25423
SMIM7,-0.16965943,0.0955,0.2543397
AKR7A2,0.13646911,0.0956,0.254478
OTOR,-0.07317078,0.0956,0.2545294
CCDC136,-0.401467,0.0186,0.25456
PPPDE2,0.574707,0.0186,0.25456
GRAMD2,0.06708954,0.0957,0.2545785
C20ORF24,0.7304452,0.0186,0.25463
CXORF57,0.15281295,0.0957,0.2546403
APOC1 /// APOE,0.6794868,0.0187,0.25497
LOC105378513,-0.244,0.171,0.255
LOC105374301,0.244,0.17,0.255
CYB5B,0.0949,0.171,0.255
LOC102724813,0.233,0.17,0.255
MIR155HG,-0.159,0.171,0.255
LOC100131395,0.183,0.17,0.255
LOC101929251,0.187,0.17,0.255
LOC105375127,-0.255,0.171,0.255
REM2,-0.307,0.171,0.255
LOC105372318,0.202,0.171,0.255
PSMC5,0.9728481,0.0187,0.25519
SNORD38B,0.08740769,0.096,0.2552318
CPN2,0.9020476,0.0187,0.25529
SSX3,0.11215054,0.0961,0.255385
POLR1E,0.18139942,0.0961,0.255385
ARMC2,-0.4406539,0.0188,0.25544
SFRS12,0.6304615,0.0188,0.25545
DAZ1,0.0731884,0.0962,0.2554575
SEC24D,-0.13623596,0.0962,0.2555334
OR7D4,0.06350728,0.0962,0.2555401
MROH5,0.06743703,0.0963,0.2555669
TTC25,-0.1176268,0.0963,0.2556993
KCNQ4,-0.08609282,0.0964,0.2557918
ZMYND11,0.14763337,0.0965,0.2558935
FAHD2A,0.21063457,0.0965,0.255942
EBF2,-0.06920389,0.0965,0.2559796
GPD1,-0.185,0.171,0.256
UBB,0.128,0.171,0.256
MDC1-AS1,-0.105,0.172,0.256
LOC105369561,0.391,0.171,0.256
HCG25,0.0897,0.172,0.256
LOC112268057,0.171,0.171,0.256
GSR,0.10664095,0.0965,0.2560058
BLOC1S6,0.17729078,0.0965,0.2560058
FAM177A1,0.15420858,0.0966,0.256077
LINC00543,-0.14045779,0.0966,0.2561719
SPACA5,0.09321185,0.0967,0.2561912
SDCCAG3,0.17920122,0.0967,0.2562846
CNDP2,0.12349032,0.0968,0.256423
H3F3C,-0.20855886,0.0968,0.256423
LOC100996338,-0.08266837,0.097,0.2565463
TMEM93,0.5022102,0.0189,0.25672
UBAP2L,-0.4078289,0.0189,0.25675
URB1,-0.440559,0.019,0.25676
PRDM6,0.07618208,0.0971,0.2569262
LSP1P4,-0.21,0.172,0.257
RBM15-AS1,0.208,0.172,0.257
ARSG,-0.0861,0.172,0.257
ZNF235,0.0972,0.172,0.257
LINC02268,-0.257,0.172,0.257
LOC285638,0.185,0.172,0.257
MRPL24,0.101,0.172,0.257
S1PR1-DT,0.19,0.172,0.257
NRSN2-AS1,-0.183,0.172,0.257
TTTY5,0.08808568,0.0973,0.2571673
LDLRAD1,-0.09306446,0.0973,0.2572549
FAM65B,-0.533987,0.019,0.25734
OR14I1,-0.3950425,0.0191,0.25738
LINC01398,-0.08476804,0.0974,0.2574181
MAATS1,-0.16236083,0.0976,0.2577208
H3F3B /// H3F3C,1.39461,0.0192,0.25797
LOC105371753,0.17,0.173,0.258
KLHL12,0.0581,0.173,0.258
ZNF846,0.117,0.173,0.258
LOC105372449,0.212,0.173,0.258
TMEM81,0.122,0.173,0.258
LOC105374764,0.22,0.173,0.258
LOC103352541,0.08383777,0.0977,0.2580027
ABCE1,0.14725854,0.0978,0.25808
SERPINA4,0.6445562,0.0192,0.25817
KCNV2,-0.5767508,0.0192,0.25832
RUSC1-AS1,0.09308565,0.0979,0.2583978
CCDC105,0.06977811,0.098,0.2584207
RANBP3L,0.4970622,0.098,0.2585482
HIST1H1D,0.06569821,0.0981,0.2585928
HOXA1,0.0699376,0.0982,0.2586819
MX1,-0.36403058,0.0982,0.2587191
GPC6-AS2,0.195,0.174,0.259
CCN3,-0.361,0.174,0.259
LOC107984214,0.163,0.174,0.259
ROCK1,0.0686,0.173,0.259
CLK2P1,0.191,0.174,0.259
LOC107984837,-0.209,0.174,0.259
LOC105371021,0.253,0.174,0.259
C10ORF57,0.6748159,0.0193,0.25912
C6ORF222,-0.3600009,0.0193,0.25912
PTPRS,-0.5041334,0.0193,0.25912
HDHD3,-0.32882362,0.0985,0.2592246
C5ORF49,0.0788574,0.0985,0.2592246
LOC100293571,-0.604875,0.0194,0.25928
OR5K3,0.06611942,0.0987,0.2596309
GAGE12I,0.06063653,0.0988,0.2597608
CRB3,-0.16955922,0.0988,0.2597772
TXNDC9,-0.11976107,0.0988,0.2598707
FAM162B,-0.29215286,0.0989,0.2598981
PIGX,-0.101,0.175,0.26
RN7SK,-0.18,0.174,0.26
LOC112268048,0.123,0.175,0.26
RNU5E-1,0.257,0.174,0.26
EIF2D,0.0592,0.174,0.26
TMEM187,-0.136,0.174,0.26
IRX3,-0.4892298,0.0195,0.26005
ATP2B2-IT2,-0.080227,0.0991,0.2602531
BEND2,0.06593554,0.0994,0.2607558
CRYBB1,-0.0810698,0.0994,0.2607918
ITIH6,-0.05755304,0.0994,0.2608206
PRR23A,0.08154259,0.0994,0.2608222
LOC105375753,0.174,0.176,0.261
LDHAL6A,0.182,0.176,0.261
LOC107987012,0.331,0.176,0.261
ARHGAP26-IT1,0.245,0.176,0.261
LOC105374966,0.141,0.175,0.261
LOC101929289,-0.266,0.175,0.261
PHAF1,0.0843,0.175,0.261
SCARNA5,-0.294,0.175,0.261
LOC105374103,0.263,0.175,0.261
LOC102724883,0.232,0.175,0.261
LINC00854,0.07465459,0.0995,0.2610059
UBE2H,0.11760769,0.0996,0.2610556
SELK,-0.16330671,0.0996,0.2610556
NXPH1,0.08568471,0.0997,0.2613329
OXCT1-AS1,0.07745747,0.0998,0.2614738
ARAP2,0.18981214,0.0998,0.2614738
LGALS14,-0.11999314,0.0999,0.2615139
GAGE5,0.06859708,0.0999,0.2615139
OR13C4,0.07264889,0.1,0.2616621
PDXDC2P,0.06976708,0.1,0.2616621
LOC101927363,-0.06951456,0.1,0.2617583
ENO1-AS1,-0.06908454,0.1,0.261846
AGAP6,0.24882808,0.1,0.261846
RAP1A,-0.08422641,0.1,0.261846
XAGE3,-0.07864295,0.1,0.2619139
SPAG8,0.125,0.176,0.262
LOC101927511,0.292,0.176,0.262
EARS2,-0.0736,0.176,0.262
LOC105374810,0.331,0.176,0.262
FAM117B,0.1,0.176,0.262
ELN-AS1,-0.195,0.176,0.262
MFSD2B,-0.255,0.176,0.262
CPD,0.119,0.176,0.262
POU3F2,0.0611433,0.1,0.2621067
KRTAP10-4,0.06733467,0.1,0.2621279
ZFAT-AS1,0.0644923,0.1,0.2624953
SPATA32,0.06821767,0.101,0.262556
PIP5K1A,0.09725242,0.101,0.2626429
SLC25A51,0.26145336,0.101,0.2626829
LAPTM4A,1.2962942,0.0199,0.2627
GOLGA6L4 /// PML,-0.4356993,0.0198,0.2627
C3ORF63,-0.5359481,0.0199,0.2627
PRDX1,0.849426,0.0198,0.2627
GDF6,-0.0779723,0.101,0.2627353
LOC105376365,-0.07912348,0.101,0.2627454
CSAG1,0.07254218,0.101,0.2627454
RAP2C,0.15755886,0.101,0.2627454
ALK,-0.3288847,0.02,0.26289
TMEM148,-0.47535,0.02,0.26289
HSP90AA1 /// HSP90AA2 /// HSP90AA4P,-0.9109019,0.02,0.26289
LPIN3,-0.186,0.177,0.263
STAP1,-0.284,0.177,0.263
GPR17,-0.241,0.177,0.263
NOP58,0.0838,0.177,0.263
LINC01558,-0.22,0.177,0.263
SHH,0.136,0.177,0.263
SNORA23,-0.227,0.177,0.263
LOC105374506,0.35,0.177,0.263
KLF1,0.09181092,0.101,0.2630491
TMEM196,0.07402401,0.101,0.2630535
PLEKHH1,-0.09613784,0.101,0.2631212
HSFX1,-0.08517613,0.101,0.2631421
SPEG,0.09522053,0.101,0.2632199
ZDHHC19,0.17719005,0.101,0.2632199
OR2AG2,0.08192819,0.101,0.2632547
HIST1H4J,-0.14096535,0.101,0.2634364
CCT2,-0.15617649,0.101,0.2634364
NSUN4,0.13578245,0.101,0.2639503
IL4,-0.06557273,0.101,0.2639634
DMXL2,0.15676021,0.101,0.2639688
ZFHX2,-0.196,0.178,0.264
SCARNA28,-0.247,0.178,0.264
ZNF610,-0.187,0.178,0.264
LOC102723534,0.148,0.178,0.264
ZER1,-0.132,0.178,0.264
LOC101927293,-0.25,0.178,0.264
LINC01727,0.325,0.178,0.264
BAGE2,0.0977,0.178,0.264
MAP3K2-DT,0.136,0.178,0.264
A2M-AS1,-0.275,0.178,0.264
CHRNB1,-0.116,0.178,0.264
EPOP,-0.212,0.178,0.264
DUS4L,0.0908,0.178,0.264
LOC112267865,0.399,0.178,0.264
SRRM5,-0.165,0.177,0.264
ZHX2,0.23244989,0.102,0.2641368
FRMPD4,0.06619101,0.102,0.2641796
LINGO1,-0.07471743,0.102,0.2642138
ATP5J,0.8430394,0.0202,0.26425
AOAH,-0.4242797,0.0202,0.26425
SNORD4A,0.21140355,0.102,0.2644129
LOC101929528,0.09011393,0.102,0.2647889
C1ORF64,-0.12733761,0.102,0.2648506
ZCCHC5,0.08213927,0.102,0.2648506
C11ORF31,0.10976788,0.102,0.2649929
SNORA103,-0.138,0.178,0.265
LOC107987118,-0.195,0.178,0.265
LOC105378035,0.208,0.179,0.265
LINC00115,-0.171,0.179,0.265
LINC02139,0.266,0.179,0.265
OR52D1,0.333,0.179,0.265
MTBP,0.122,0.178,0.265
BACH1,0.0857,0.179,0.265
SPATA46,0.212,0.179,0.265
MRPL58,0.107,0.179,0.265
MOSPD1,-0.129,0.179,0.265
LOC105374809,0.401,0.179,0.265
LOC100507073,0.08101786,0.102,0.2650541
KIAA1524,-0.06047389,0.102,0.2651828
LINC01053,0.08233239,0.102,0.2651828
TMIGD1,0.09507284,0.102,0.2652348
LOC652346 /// PML,-0.4352115,0.0203,0.26525
MYH8,0.07961422,0.102,0.2653122
CAMSAP1L1,-0.4288745,0.0203,0.26537
OR2T10,-0.3618974,0.0203,0.26537
C16ORF3,-0.5151794,0.0203,0.26537
GON4L /// YY1AP1,-0.4532445,0.0203,0.26537
MLL3,0.5039428,0.0203,0.26537
ATG4A,-0.0790002,0.102,0.2654644
PLPPR5,0.07370121,0.103,0.2656727
RETNLB,0.07108394,0.103,0.2656853
ZNF682,-0.11716741,0.103,0.2656853
SPDL1,-0.12275908,0.103,0.2656853
SLC35E2 /// SLC35E2,-0.5277623,0.0204,0.26573
C1ORF125,0.4182311,0.0204,0.26581
ANKRD13A,-0.12830787,0.103,0.2658358
EMB /// LOC647121,-0.6513219,0.0205,0.26597
SGPP1,-0.132,0.179,0.266
ENTREP3,-0.142,0.18,0.266
MIR4524A,0.212,0.179,0.266
WASF1,0.0761,0.179,0.266
LOC105379521,0.305,0.18,0.266
LRRC3,0.21368608,0.103,0.266021
PPP3R2,0.05808049,0.103,0.266021
OR2AE1,0.06899216,0.103,0.266171
LYZL2,0.06567803,0.103,0.2663683
DNAJC8,0.11115593,0.103,0.2665869
MUT,1.785805,0.0206,0.26672
SPTBN2,0.13246596,0.103,0.2667454
ACOD1,0.09994235,0.103,0.2668321
LINC01072,0.07003721,0.103,0.2668373
LOC107984341,0.229,0.18,0.267
COL11A1,-0.466,0.18,0.267
LOC107987039,-0.465,0.18,0.267
RBMY1A3P,0.09812863,0.103,0.2670308
FAM159A,0.08476343,0.103,0.2670564
LRRN4CL,0.07785509,0.103,0.2671053
SURF6,0.17213396,0.103,0.2671053
OR7A17,-0.07345839,0.104,0.267188
DEFB108B,0.07477855,0.103,0.267188
KRTAP19-5,-0.09417709,0.104,0.2673082
PRSS58,0.07483664,0.104,0.2673082
PHOX2A,0.07788741,0.104,0.2673875
PIWIL3,0.06219697,0.104,0.2673875
SMO,0.24101828,0.104,0.2676084
ZNF609,0.15518521,0.104,0.2676604
HMGB3,0.5666086,0.0207,0.26768
VIPAR,-0.5491336,0.0207,0.26778
IDI1,1.1850639,0.0208,0.26795
GATA4,0.4994692,0.0208,0.26795
LOC112268256,0.135,0.181,0.268
SMIM26,0.109,0.181,0.268
CEP72,-0.136,0.181,0.268
ABCC3,-0.137,0.181,0.268
LOC286297,0.219,0.181,0.268
TRPA1,-0.194,0.181,0.268
AGAP10P,0.113,0.181,0.268
LOC102724507,-0.175,0.181,0.268
LOC101927418,0.217,0.181,0.268
TRANK1,0.0734,0.181,0.268
FBXO27,-0.161,0.181,0.268
DUXAP9,-0.253,0.181,0.268
RASA1,0.0909,0.181,0.268
PRR15-DT,0.139,0.181,0.268
ATP13A4,-0.224,0.181,0.268
ADSSL1,-0.39265685,0.104,0.2681057
CCDC74B,0.08012428,0.104,0.2681133
ZNF665,-0.08648397,0.104,0.2681133
CACNA1S,-0.07925498,0.104,0.2682594
MATN1,-0.08995476,0.104,0.2682778
PIK3AP1,-0.20411129,0.104,0.2682937
ARPC1A,-0.14085587,0.104,0.2683069
ODF3L2,0.09423859,0.104,0.268354
HOGA1,0.3262687,0.104,0.2684125
GLTPD1,0.3639486,0.0208,0.26852
MOGAT3,-0.18585409,0.104,0.2685455
MMP20,-0.07329773,0.105,0.2689618
UTP15,-0.12462134,0.105,0.2689618
MS4A6E,0.07209072,0.105,0.2689825
LOC105371932,-0.193,0.182,0.269
LOC105378050,0.193,0.182,0.269
CIRBP-AS1,-0.211,0.182,0.269
LOC105372270,-0.291,0.182,0.269
SLC35A5,0.0885,0.182,0.269
LOC105374494,0.172,0.182,0.269
BPNT1,0.0811,0.182,0.269
LOC112268447,-0.268,0.182,0.269
TNK2-AS1,-0.268,0.182,0.269
LOC105373194,-0.168,0.182,0.269
FAM88D,0.149,0.182,0.269
TRIM51,0.07735703,0.105,0.2690727
C19ORF66,0.8886717,0.021,0.26926
PRDM13,0.07295122,0.105,0.2693247
LOC286087,0.06317474,0.105,0.2694138
GCKR,0.4726258,0.021,0.26946
DLX5,-0.07906139,0.105,0.2694918
SCAMP1,0.14479955,0.105,0.2695118
LOC100506271,-0.0693496,0.105,0.2699645
LOC105371485,-0.186,0.183,0.27
DNM3OS,-0.171,0.183,0.27
HECTD4,0.0733,0.183,0.27
FAM161A,0.108,0.183,0.27
TAF1,0.0846,0.183,0.27
SLC30A5,0.086,0.183,0.27
LOC107987137,0.328,0.183,0.27
LOC101929805,-0.204,0.183,0.27
AP3B1,0.0659,0.183,0.27
LOC105377046,0.168,0.182,0.27
VIP,-0.185,0.183,0.27
LINC00390,0.235,0.183,0.27
ISL1,0.11083979,0.105,0.2702497
ATP5L,-0.14670249,0.105,0.2704087
RXFP2,0.07410157,0.106,0.2707558
ZNF678,0.09326869,0.106,0.2707828
MLN,-0.05481565,0.106,0.2707828
RNF138 /// RNF138P1,0.3749618,0.0212,0.27079
OR2W1,-0.06622989,0.106,0.2709188
INIP,-0.09309001,0.106,0.270958
LOC105374968,0.158,0.184,0.271
EEF1DP3,0.181,0.184,0.271
LOC105374928,0.352,0.183,0.271
CES1P2,0.176,0.183,0.271
LOC105374789,0.205,0.184,0.271
LOC105369325,-0.259,0.184,0.271
IRF6,0.103,0.184,0.271
LOC105374048,0.224,0.183,0.271
ZNF676,-0.204,0.184,0.271
LOC101928077,-0.261,0.183,0.271
IL26,0.06353495,0.106,0.2711049
ACTR8,-0.3378482,0.0213,0.27119
TUBB4A,-0.10920484,0.106,0.2714436
PDXK,0.5900053,0.0213,0.27146
SLC31A2,-0.7211999,0.0214,0.27151
SYCP2,0.08870951,0.106,0.2717572
C5ORF33,1.2206717,0.0214,0.27192
ESR2,0.155,0.185,0.272
CCDC17,0.164,0.184,0.272
ZNF433-AS1,-0.129,0.184,0.272
C21ORF62-AS1,0.148,0.184,0.272
TMEFF2,-0.274,0.185,0.272
ITGA5,-0.148,0.184,0.272
LOC102724889,0.187,0.184,0.272
FGF10,0.339,0.185,0.272
CALML6,0.07444814,0.107,0.2720174
LCE3B,-0.3321343,0.0216,0.27223
C1ORF63,-0.6838986,0.0216,0.27223
PPL,0.5130623,0.0216,0.27223
FAM198B,-0.3575568,0.0216,0.27223
MARCH 3,-0.4686285,0.0215,0.27223
PRSS1,-0.07524899,0.107,0.2725331
AIM1,0.10793473,0.107,0.2725985
FLJ45121 /// LOC100289580,0.5020037,0.0217,0.27269
LOC51152,-0.4544284,0.0217,0.27272
POPDC3,0.07312602,0.107,0.2728065
OR4D11,0.06037439,0.107,0.2729124
LINC02817,0.246,0.186,0.273
MAGEF1,0.0781,0.186,0.273
E2F8,-0.359,0.185,0.273
LOC107985946,-0.245,0.185,0.273
TMEM70,0.25850771,0.107,0.2731322
GK2,0.08952556,0.107,0.2733749
KIRREL,-0.12592915,0.107,0.273477
DRD4,0.11881713,0.107,0.2736042
DAZL,0.07098597,0.107,0.2736145
DPP10-AS3,0.07234185,0.108,0.2736797
GGTA1P,-0.06198525,0.108,0.2736801
HSPA1L,-0.3699961,0.0218,0.27379
NDUFA1,1.1714665,0.0218,0.27385
USP6,-0.7397005,0.0219,0.27399
IL6R-AS1,-0.239,0.186,0.274
LAG3,-0.211,0.186,0.274
LOC143666,-0.216,0.186,0.274
FGF7,-0.275,0.186,0.274
FRG1BP,0.12,0.186,0.274
HEXIM2,0.119,0.186,0.274
CDHR4,-0.08250297,0.108,0.274442
OR5M11,0.07723289,0.108,0.274442
MYO1E,-0.10384435,0.108,0.2744693
OR10A7,-0.05454485,0.108,0.2745924
LOC554207,-0.3658528,0.022,0.27475
LOC401052,-0.09059303,0.108,0.2748205
SDAD1-AS1,0.27,0.187,0.275
SAMD9,-0.138,0.187,0.275
NSMCE1-DT,0.205,0.187,0.275
PLEKHA4,-0.191,0.187,0.275
C2CD3,-0.0641,0.187,0.275
APOA4,-0.366,0.187,0.275
LCIIAR,-0.189,0.187,0.275
SCAP,-0.143,0.187,0.275
LOC102723461,0.292,0.187,0.275
TMED2-DT,0.175,0.187,0.275
RPEL1,0.14,0.187,0.275
IDI2-AS1,0.256,0.187,0.275
TSSK3,0.6490321,0.0222,0.27523
MYH2,0.06365344,0.108,0.2752779
LOC100129961,0.5992323,0.0222,0.27529
UEVLD,-0.12119776,0.108,0.2753339
PSMD4,-0.12526023,0.108,0.2753339
UBA1,0.9704914,0.0223,0.27552
LGALS9B /// LGALS9C,-0.4237761,0.0223,0.27552
CCDC114,0.08219674,0.109,0.2755342
SOAT2,0.19894211,0.109,0.2755406
MAFB,0.24351069,0.109,0.275626
PTPN5,-0.09544474,0.109,0.275626
ANKRD23,0.07407859,0.109,0.275916
WFDC2,-0.3964988,0.0223,0.27597
ABCC6,-0.138,0.188,0.276
HDGF,0.0953,0.187,0.276
NPFF,-0.165,0.188,0.276
LOC107985665,0.172,0.188,0.276
LOC105374536,0.268,0.187,0.276
NOXRED1,0.145,0.188,0.276
ID2 /// ID2B,0.5002285,0.0224,0.27607
APITD1,-0.4820467,0.0224,0.2761
C16ORF61,0.5523435,0.0224,0.2761
LINC01495,0.07365781,0.109,0.2761143
LOC101928433,0.20170573,0.109,0.2761143
GUCA1A,0.07559344,0.109,0.2762499
C10ORF28,-0.4700386,0.0225,0.27628
TBX4,-0.4217297,0.0225,0.27628
C7ORF58,0.3984938,0.0224,0.27628
CELA3A /// CELA3B,-0.5151488,0.0225,0.27628
SFRS8,0.5234887,0.0225,0.27628
HBG1,-0.88363836,0.109,0.2762821
MIEN1,-0.11193775,0.109,0.2762995
OTUB2,-0.08144481,0.109,0.2763007
BATF2,-0.11927577,0.109,0.2763774
PSMD8,0.14956811,0.109,0.2764261
ITPK1-AS1,0.17887244,0.109,0.2764377
DHRS3,0.4448126,0.0227,0.27662
AIMP1,0.388168,0.0227,0.27662
MEIS1,-0.18811931,0.109,0.2767003
RBFA,0.17977986,0.109,0.2767156
PDLIM4,0.07090301,0.109,0.2767888
RBM8A,0.08365534,0.109,0.2768001
CTXN1,-0.23125544,0.109,0.2768001
LCN15,0.10337413,0.109,0.2768101
MERTK,-0.6080382,0.0227,0.2769
GRID2IP,0.06975193,0.109,0.2769138
LOC107985873,0.0848,0.188,0.277
ZNF608,0.0841,0.188,0.277
LOC100505716,0.131,0.188,0.277
NPIPB2,0.142,0.189,0.277
KC6,0.429,0.189,0.277
ANO7L1,-0.222,0.188,0.277
LGR5,0.249,0.189,0.277
LOC107984317,0.147,0.189,0.277
TXNDC12,0.0787,0.189,0.277
OTUD7B,0.0626,0.189,0.277
LOC100130872,-0.4183603,0.0227,0.27712
ITPKA,0.4677561,0.0228,0.27721
LCE2A,0.07175761,0.11,0.2773278
C18ORF10,-0.4195386,0.0228,0.27741
UPF3B,0.15182739,0.11,0.2774826
RGL4,-0.15876125,0.11,0.2775332
GOLGA6B,0.15854288,0.11,0.2775339
LINC00968,-0.07228105,0.11,0.2776941
KIAA2022,0.09433849,0.11,0.277784
FREM2,-0.07371112,0.11,0.2778804
CATSPER2,0.165,0.189,0.278
MAP3K5-AS2,-0.158,0.19,0.278
CARD17P,0.373,0.19,0.278
CDKN2AIPNL,0.0932,0.19,0.278
LINC03065,0.157,0.189,0.278
CPLANE2,-0.207,0.189,0.278
LUZP6 /// MTPN,-0.3734009,0.0229,0.27801
MKRN3,-0.07571721,0.11,0.2780132
MISP3,-0.10454853,0.11,0.2783042
LOC101927431,0.07177041,0.11,0.2783042
DDI1,-0.3265522,0.023,0.27853
PTPLB,0.4931142,0.023,0.27853
DHCR7,0.26244736,0.111,0.2786587
CCL17,-0.12244707,0.111,0.2786677
GSTM1 /// GSTM4,0.9083827,0.023,0.27873
NELFCD,-0.14123304,0.111,0.2788409
C18ORF45,-0.3384866,0.0231,0.27885
FOXR2,-0.3888969,0.0231,0.27885
PPIP5K1,-0.0742,0.19,0.279
LOC102724250,-0.0786,0.191,0.279
PCOLCE-AS1,-0.244,0.191,0.279
LINC02804,0.106,0.19,0.279
LOC105372146,0.153,0.19,0.279
CAND2,-0.168,0.19,0.279
ING2,0.112,0.19,0.279
PRDM5,-0.19,0.19,0.279
LOC105376624,0.358,0.191,0.279
TM2D1,0.3953947,0.0231,0.27904
PRKAB1,-0.11273466,0.111,0.2791568
JPH3,-0.07465368,0.111,0.2792055
USH1G,-0.4717501,0.0231,0.27928
FOLH1 /// FOLH1B,1.163068,0.0232,0.27928
LOC100128868,-0.3239634,0.0232,0.27948
SNORD21,0.17035755,0.111,0.2795126
HNRNPUL2,0.16048555,0.111,0.2795159
PRAMEF22,0.08369177,0.111,0.2795258
KRT4,0.07123942,0.111,0.279732
FAM24A,0.06917884,0.111,0.2798655
RAX,0.06330845,0.111,0.2798669
G0S2,-0.242,0.191,0.28
FAM13B,0.0671,0.192,0.28
LCA5,-0.151,0.191,0.28
EFR3A,0.0831,0.191,0.28
LOC107985360,0.101,0.191,0.28
YWHAQ,0.0939,0.191,0.28
ACOT4,0.134,0.191,0.28
ZNF10,0.0971,0.191,0.28
LOC105376201,0.313,0.191,0.28
BORA,0.107,0.191,0.28
PIWIL2-DT,-0.22,0.191,0.28
CTAG2,0.07977814,0.111,0.2800731
CXORF67,0.07140597,0.112,0.2802895
ADAM3A,-0.07610314,0.112,0.2802895
GLUL,0.06311924,0.112,0.2802912
HPCA,-0.3841414,0.0234,0.28035
KLHL1,0.3592009,0.0234,0.28037
PAX3,-0.10618035,0.112,0.2805284
LOC102723341,0.338,0.192,0.281
ANKRD36,-0.131,0.192,0.281
ZNG1C,0.081,0.192,0.281
LOC105374981,-0.224,0.192,0.281
FAM222A-AS1,0.24,0.192,0.281
TOMM20L,0.172,0.192,0.281
LINC01545,0.236,0.192,0.281
TDG,0.20190751,0.112,0.28106
LYZL4,0.06995915,0.112,0.2811412
KRT6A,-0.330739,0.0235,0.28116
CBX7,-0.5807626,0.0235,0.28116
LOC101929172,-0.07318957,0.112,0.2811651
MTF1,-0.5450483,0.0236,0.28145
RPL22L1,0.5357779,0.0236,0.28145
MSI1,-0.4737354,0.0236,0.28145
OR2C1,-0.4493988,0.0236,0.28145
ZNF322A /// ZNF322B,-0.393003,0.0236,0.2815
C7ORF44,-0.5029827,0.0237,0.2815
IL1F10,0.06094815,0.112,0.2816201
ARTN,-0.07859194,0.112,0.281659
LOC101928087,0.08086733,0.113,0.2816901
HBG2,-0.89605695,0.113,0.2818023
LDHAL6B,0.157,0.193,0.282
LINC02391,-0.284,0.193,0.282
MIR5687,0.219,0.193,0.282
SMG1P3,0.115,0.193,0.282
LOC107986010,0.164,0.193,0.282
LOC105374118,0.226,0.193,0.282
LOC105375422,0.25,0.192,0.282
USP10,0.4970251,0.0237,0.28202
LOC105378614,-0.07407977,0.113,0.2822229
CYP4B1,-0.07460465,0.113,0.2823362
C9ORF3,1.343398,0.0238,0.2825
SPRED3,0.07048054,0.113,0.2825662
SNORD9,-0.4201382,0.0239,0.28269
CR1L,-0.3347475,0.0239,0.28269
KIAA1432,-0.5087981,0.0239,0.28269
ZNF418,-0.4541822,0.0239,0.28269
FAM193A,0.10102268,0.113,0.2827512
OR2W3,0.06077239,0.113,0.2827945
TBC1D13,-0.123,0.193,0.283
C1RL-AS1,0.108,0.194,0.283
SHLD3,0.11,0.193,0.283
LOC646762,0.129,0.193,0.283
RBM27,0.0677,0.194,0.283
PNMA6A,-0.209,0.194,0.283
EXD2,0.0459,0.194,0.283
MIR7705,-0.251,0.194,0.283
RBM24,0.304,0.194,0.283
ICMT-DT,0.257,0.194,0.283
EPN1,-0.136,0.194,0.283
LOC105369313,0.204,0.194,0.283
LOC105369383,0.137,0.194,0.283
MYH16,-0.06776045,0.113,0.2830968
RBMY2EP,0.05217388,0.113,0.2832798
NOVA1,-0.06196105,0.114,0.2833574
LOC102546298,-0.11670894,0.114,0.2835278
GRAMD3,0.4992562,0.024,0.28366
C1ORF189,0.0868651,0.114,0.2836848
C9ORF172,0.08336176,0.114,0.2837549
LOC107985897,0.19,0.194,0.284
GUSB,-0.0907,0.194,0.284
POLR2C,0.109,0.195,0.284
STX18-IT1,0.216,0.195,0.284
ZNF670,0.124,0.195,0.284
LOC101928882,0.181,0.195,0.284
LOC105376539,0.209,0.195,0.284
LOC105370413,0.324,0.194,0.284
TEX49,-0.104,0.195,0.284
KIR2DL4 /// KIR2DL5A,-0.4026742,0.0241,0.28401
C16ORF74,-0.06413669,0.114,0.284091
FAHD2B,-0.470374,0.0241,0.28413
HSD17B7P2,0.22199082,0.114,0.2841759
OR1L6,-0.07005809,0.114,0.284367
SLC36A4,0.07357933,0.114,0.2845528
FAM3C,-0.18689301,0.114,0.284668
ZGRF1,0.06905294,0.114,0.284668
ARNTL,-0.08450931,0.114,0.2848474
QPCTL,0.08346233,0.114,0.2848765
LAMB2P1,0.07225887,0.114,0.2849427
LOC105372524,-0.198,0.195,0.285
SNRPD3,0.0762,0.195,0.285
LINC01595,-0.446,0.195,0.285
LOC100288123,-0.196,0.195,0.285
PLAAT4,-0.138,0.195,0.285
MAD2L1BP,-0.117,0.196,0.285
LOC105371251,0.161,0.196,0.285
CYP1B1-AS1,0.231,0.196,0.285
RDH10,0.109,0.196,0.285
LOC105370047,-0.241,0.196,0.285
GAD1,-0.07811971,0.115,0.2850346
OR2T3 /// OR2T34,-0.354106,0.0243,0.28509
RTP2,0.0642756,0.115,0.2853878
TMEM207,-0.10658377,0.115,0.2855276
GK,-0.7626632,0.0244,0.28582
OR13C8,0.08315793,0.115,0.2858668
CPA1,-0.3938663,0.0244,0.28595
BMS1P2,0.169,0.197,0.286
LOC105373459,0.273,0.197,0.286
LRP2BP-AS1,0.166,0.197,0.286
NUP210,-0.117,0.196,0.286
GPR52,0.134,0.196,0.286
KIF9-AS1,0.129,0.197,0.286
TMEM35B,-0.103,0.197,0.286
NUP153-AS1,-0.196,0.197,0.286
LOC105375532,-0.129,0.196,0.286
GTF2IP20,0.118,0.196,0.286
LOC105375213,0.186,0.197,0.286
HSPA12A,-0.144,0.196,0.286
SLK,0.0677,0.196,0.286
PRR18,0.08632984,0.115,0.2861011
PRSS54,0.07216642,0.115,0.2862924
MMP27,0.06126308,0.115,0.2863179
SHBG,-0.4471231,0.115,0.2864371
FNDC8,0.07040314,0.116,0.2865961
MAGED1,1.279272,0.0246,0.2867
MAML1,0.08057008,0.116,0.286968
APOO,0.111,0.198,0.287
LOC105375481,0.216,0.197,0.287
LOC107986604,-0.171,0.198,0.287
LOC100996662,0.256,0.197,0.287
CHST12,-0.17,0.198,0.287
THNSL2,0.23,0.197,0.287
NBR2,0.121,0.198,0.287
KRT6C,-0.14277542,0.116,0.2870689
LOC153577,-0.09051517,0.116,0.2871896
C1ORF158,0.06054204,0.116,0.287385
CCL27,0.08799255,0.116,0.2875332
ODF1,0.06480394,0.116,0.2876561
FAM21C,0.08067245,0.116,0.2876635
SAA1 /// SAA2,1.9741785,0.0247,0.28776
EPN3,-0.09772014,0.116,0.2877649
MRPL2,0.4330059,0.0248,0.28798
PRG3,-0.4597105,0.0248,0.28798
ATPIF1,0.6689667,0.0249,0.28798
A2BP1,-0.4522868,0.0248,0.28798
PPIL4,0.0907,0.198,0.288
C7ORF36,-0.3858557,0.0249,0.288
RASSF8-AS1,0.122,0.198,0.288
TTLL9,0.233,0.198,0.288
XCR1,-0.0583209,0.117,0.288102
PDCD6IP,0.06152108,0.117,0.288259
PPP2R1B,0.10198337,0.117,0.2883234
SNORD64,0.0542233,0.117,0.2885074
OR2B2,0.07846011,0.117,0.2885091
GUCY1B3,-0.12467935,0.117,0.2887418
RAD51C,-0.3128448,0.0251,0.28876
CLEC1A,-0.6226563,0.0251,0.28876
PSMF1,-0.07960502,0.117,0.2888651
RNF227,-0.169,0.198,0.289
MRPL14,-0.121,0.199,0.289
LOC101929819,-0.215,0.199,0.289
TFRC,0.177,0.199,0.289
LOC105375514,0.157,0.199,0.289
SREBF2-AS1,0.173,0.199,0.289
LOC105378443,0.113,0.199,0.289
ARID5A /// LOC100132284,-0.4933485,0.0252,0.28927
USP18,0.541474,0.0252,0.28927
SLC26A7,-0.526954,0.0252,0.28927
RICH2,-0.5379765,0.0252,0.28927
MFSD4,-0.3284575,0.0252,0.28927
ASCL3,-0.0645864,0.117,0.2893146
COG7,-0.08511631,0.117,0.28933
PPP1R42,0.06540061,0.117,0.2893945
SYCP2L,0.07370773,0.117,0.2894633
SLC6A17,0.07022099,0.117,0.2894663
KIAA0427,0.4934514,0.0253,0.2895
DEFA4,0.1640605,0.118,0.2896658
ZFP36L1,0.06457758,0.118,0.2897077
LOC105372028,0.08182918,0.118,0.2897241
NCOA6,0.12192424,0.118,0.2897945
ATP6V0A4,0.07622899,0.118,0.289885
DNM1L,-0.09470504,0.118,0.2898967
COPZ2,0.10843885,0.118,0.2899627
DSG2,-0.20923332,0.118,0.2899993
SSBP3-AS1,0.168,0.2,0.29
LINC01831,0.206,0.2,0.29
MIR762HG,-0.142,0.2,0.29
POLM,-0.159,0.199,0.29
LINC02809,-0.256,0.2,0.29
DIO3,0.0636173,0.118,0.2900695
OR4C6,0.0520813,0.118,0.2900695
RASGEF1B,1.1102477,0.0253,0.29009
FOXI1,0.09413573,0.118,0.2901125
H1FOO,-0.449851,0.0253,0.29012
GNAI3,0.4853147,0.0254,0.29023
AGXT2L1,0.8293403,0.0254,0.29043
HIST1H2BA,0.06295613,0.118,0.2904345
HOXC8,0.078852,0.118,0.290857
ABCC6 /// ABCC6P2,1.0560254,0.0255,0.29092
SPPL3,-0.11520401,0.118,0.2909398
GDAP1,0.06891286,0.118,0.2909398
LOC107986019,0.272,0.2,0.291
ZSCAN5A,-0.0972,0.201,0.291
LOC101927756,-0.174,0.2,0.291
C1ORF74,0.0904,0.2,0.291
LOC105371291,0.362,0.2,0.291
BLTP3A,0.0697,0.201,0.291
HSFY1,0.06434789,0.119,0.2912468
RAPGEFL1,-0.15216395,0.119,0.2913498
LOC101926959,0.08238582,0.119,0.2915958
NPY5R,-0.06995047,0.119,0.2916205
WISP3,-0.427214,0.0257,0.29163
NDUFA4,-0.4367233,0.0257,0.29163
RFT1,-0.379878,0.0258,0.29178
FAM21A,0.09364837,0.119,0.2918382
SGK269,-1.0486624,0.0258,0.29184
CCDC62,-0.08634802,0.119,0.2918539
FUK,0.14036867,0.119,0.2919209
NKX1-2,-0.05904234,0.119,0.2919768
OR4C16,-0.0969871,0.119,0.2919768
RPL21P28,0.118,0.201,0.292
LOC105376287,-0.195,0.201,0.292
LOC107986350,0.35,0.202,0.292
HOXA-AS2,-0.228,0.201,0.292
MTUS1-DT,0.153,0.202,0.292
CRYZ,0.116,0.202,0.292
LRRC58-DT,-0.275,0.201,0.292
GLG1,-0.1180471,0.119,0.2922206
CCDC144A,-0.10279539,0.119,0.2922206
MTPN,-0.16467575,0.119,0.2922206
TMOD2,-0.4708396,0.0259,0.29224
PSPC1,0.09536418,0.119,0.2922503
TMA16,-0.08420065,0.119,0.292409
GAP43,0.05407035,0.119,0.2924138
MYEOV,-0.13545181,0.119,0.2924138
DES,-0.4037092,0.026,0.2926
LOC100129033,-0.3356516,0.026,0.2926
HIF1AN,-0.4390265,0.026,0.2926
PEX5,0.15531894,0.119,0.2926495
C2ORF50,-0.08859838,0.119,0.2926495
SYNGR3,0.07144184,0.119,0.2926495
LOC100290317 /// STEAP1,0.7132382,0.0261,0.29268
TSPAN2,-0.4273089,0.0261,0.29268
FAM10A4 /// LOC729992 /// ST13,0.8656885,0.0261,0.29268
OR2J2,0.06871172,0.12,0.2926836
GOLPH3,0.22792884,0.12,0.292698
C14ORF106,-0.5152687,0.0261,0.29272
SEMA6D,-0.1066762,0.12,0.2927677
LOC107987258,0.191,0.202,0.293
CHTOP,0.0533,0.202,0.293
LOC105370998,0.195,0.202,0.293
ELMO1-AS1,0.1,0.202,0.293
GALM,0.0848,0.202,0.293
SEC23IP,0.057,0.202,0.293
RORB,-0.15133502,0.12,0.2931588
OR5M3,-0.08176801,0.12,0.2932109
CCL25,-0.06972011,0.12,0.2934786
NSUN5P1 /// NSUN5P2 /// TRIM73,0.4841883,0.0262,0.29351
KIAA1967,-0.4688237,0.0263,0.29355
PTCH1,-0.4986674,0.0263,0.29358
FAM122B,-0.5670779,0.0263,0.2936
NCR2,0.05952748,0.12,0.2936218
LOC100505853,0.05957824,0.12,0.2936739
LOC101928516,0.05695709,0.12,0.2936739
TRIM37,-0.10423317,0.12,0.2936739
DEFB115,0.3361549,0.0264,0.29375
ZBTB2,-0.4922822,0.0264,0.29375
ATP6V0E2,0.4955192,0.0264,0.29375
ICAM4,0.08172538,0.12,0.2938116
RPS6P6 /// TMEM150C,0.5446269,0.0264,0.29394
NAB1,0.0889,0.203,0.294
BCS1L,-0.0855,0.203,0.294
LOC112268310,0.19,0.203,0.294
HSFX4,-0.131,0.203,0.294
TMEM252,-0.313,0.203,0.294
LOC100287132,-0.5318894,0.0265,0.29403
TBC1D1,-0.08043346,0.12,0.2942245
OR4L1,0.06854422,0.12,0.2942245
WNT3A,0.07243935,0.12,0.2942284
SERPINB7,0.11350455,0.121,0.2945747
C10ORF46,-0.390163,0.0266,0.29468
C5AR2,-0.06396664,0.121,0.2947258
MMP16,-0.06670265,0.121,0.2947558
CNOT9,0.14167617,0.121,0.2948977
GDF3,0.0655152,0.121,0.2949468
LOC105376398,0.07299779,0.121,0.2949902
LOC100996506,0.0852,0.204,0.295
DNAAF11,-0.124,0.204,0.295
LOC105375184,-0.15,0.204,0.295
SCGB2B3P,0.265,0.204,0.295
LRRC46,-0.16,0.204,0.295
CXORF38,-0.0684,0.204,0.295
LOC101928217,0.315,0.204,0.295
LOC107986577,0.219,0.204,0.295
LOC105372902,0.237,0.204,0.295
LINC01214,-0.276,0.204,0.295
UBP1,-0.0556,0.204,0.295
LOC102725159,0.157,0.204,0.295
LOC107983998,-0.244,0.204,0.295
LOC220729,-0.10532326,0.121,0.2950614
DNM1,-0.09346935,0.121,0.2954679
GPR133,-0.4216982,0.0268,0.29561
C9ORF68,-0.3191213,0.0268,0.29565
LINC01510,0.0717114,0.122,0.2956797
CHI3L2,0.09364169,0.122,0.2956848
FAM63A,0.15088474,0.122,0.2956848
LOC101929282,0.06367416,0.122,0.2956848
CRYGD,0.08189225,0.122,0.2957105
NUDT8,0.06028067,0.122,0.2957105
OR4F21,0.06526674,0.122,0.2957105
TMEM248,-0.08994003,0.122,0.2957105
TMEM215,0.07016531,0.122,0.2957105
STIM1,-0.14168371,0.122,0.2958855
CDH15,-0.68948024,0.122,0.2959113
LRRC15,-0.07146269,0.122,0.2959113
TMEM11,-0.11464427,0.122,0.2959205
EIF3D,-0.0729,0.205,0.296
LOC100101148,-0.191,0.205,0.296
PCAT1,0.188,0.205,0.296
C4ORF51,-0.189,0.205,0.296
IL27,-0.208,0.205,0.296
LOC101929732,-0.201,0.205,0.296
LOC112267858,0.349,0.205,0.296
LOC105374820,0.06379012,0.122,0.2960262
LOC105375847,0.06287645,0.122,0.2960758
MIR3142HG,0.08270496,0.122,0.2961296
C10ORF47,0.3878289,0.0269,0.29622
ARHGAP26,-0.07220808,0.122,0.2962585
NAA60,-0.16428613,0.122,0.2964575
GP1BA,0.10537932,0.122,0.2965438
TUBB3,-0.19813238,0.122,0.2967069
OR4K17,0.08777499,0.122,0.2968365
HERC1,-0.4430942,0.027,0.29692
AKAP2 /// PALM2-AKAP2,-0.4667847,0.027,0.29696
WASHC2C,-0.0494,0.205,0.297
TRIM6-TRIM34,-0.078,0.206,0.297
LOC107986482,-0.242,0.206,0.297
TMEM143,-0.155,0.206,0.297
TOMM34,-0.0914,0.206,0.297
LINC02015,-0.17,0.206,0.297
LOC105378046,0.235,0.206,0.297
C9ORF170,0.07426089,0.123,0.2971182
SEMA6A,0.17772174,0.123,0.2972438
TRIM43,-0.07417391,0.123,0.2972728
DEFB129,0.07688159,0.123,0.2972816
DNAJA3,0.14377124,0.123,0.2973127
ABHD2,0.9206058,0.0271,0.29737
SPANXA2,-0.07779368,0.123,0.2976387
GSTO1,-0.11531206,0.123,0.2979226
NRN1,-0.199,0.206,0.298
LOC107987366,0.198,0.207,0.298
ARMCX4,0.129,0.206,0.298
DCPS,0.34634886,0.123,0.2980062
ZNF597,0.07163909,0.123,0.2980062
SLC14A2,0.10767954,0.123,0.2980524
GNL3,0.17245874,0.123,0.2980524
LOC100506489,0.08069441,0.123,0.2980524
NLRP8,0.26938237,0.123,0.2980524
IGSF23,0.22762223,0.123,0.2980525
ACTBL2,-0.3690467,0.0273,0.29837
MGEA5,0.13743907,0.124,0.2983843
BEST4,-0.06405964,0.124,0.2983921
BANF2,-0.3431603,0.0273,0.29869
GH2,0.05984202,0.124,0.2988044
CCL8,0.36712693,0.124,0.2989315
PRM3,0.08346662,0.124,0.298975
LHX4,0.122,0.207,0.299
TICAM2-AS1,0.119,0.208,0.299
LOC105378833,0.266,0.207,0.299
LOC107984828,0.265,0.208,0.299
ASH1L-AS1,-0.138,0.207,0.299
ELOA2,-0.244,0.207,0.299
LOC105376754,-0.336,0.207,0.299
RPP38,0.0585,0.208,0.299
KIF9,-0.0943,0.207,0.299
HSBP1,0.0816,0.207,0.299
NTRK3,-0.09823281,0.124,0.299095
LOC101928132,0.07317944,0.124,0.299251
GALNT3,0.11851095,0.124,0.2993831
KY,-0.11915216,0.125,0.2996543
FAM135A,-0.11080746,0.125,0.2996543
BTNL3,-0.06941731,0.125,0.2999382
MRPL23-AS1,-0.276,0.208,0.3
PRKAA2,-0.156,0.208,0.3
LOC107984450,0.221,0.208,0.3
SPDYE8,0.152,0.208,0.3
PPARGC1B,0.113,0.208,0.3
ADAMTS5,-0.163,0.208,0.3
RIPK2-DT,0.112,0.208,0.3
FAM153CP,0.302,0.208,0.3
LOC105372165,0.168,0.208,0.3
LOC100287728,0.04823434,0.125,0.3000431
C1ORF51,0.300199,0.0276,0.30016
LOC100507670///ZNF687,-0.09606492,0.125,0.3002698
ADORA1,-0.18803157,0.125,0.3002903
LOC729966,0.05866243,0.125,0.3004277
PRG2,0.22219212,0.125,0.3004332
SHANK1,-0.07867006,0.125,0.3004562
PODNL1,0.05463247,0.125,0.3006899
MOBP,0.06293001,0.125,0.3008401
H1FX,-0.13261673,0.125,0.3009264
LINC02614,0.19,0.209,0.301
LINC00266-1,0.165,0.209,0.301
LOC105371427,0.208,0.209,0.301
DARS1,0.0818,0.209,0.301
NOMO3,-0.0945,0.209,0.301
LOC107984418,-0.17,0.209,0.301
SEC23A,0.3214662,0.0277,0.30105
LOC202181,-0.3730435,0.0277,0.30127
OGFOD1,-0.0985703,0.126,0.3012765
TM2D3,-0.16374233,0.126,0.3013219
HIRA,-0.08381514,0.126,0.301351
CTAGE1,-0.06727201,0.126,0.3014544
CCDC63,0.07436631,0.126,0.3015873
CST5,-0.08135364,0.126,0.3018065
LOC107985219,0.106,0.21,0.302
LOC112268092,0.143,0.21,0.302
LUCAT1,-0.325,0.21,0.302
SLAMF9,-0.245,0.21,0.302
LINC02966,0.177,0.21,0.302
TSTD1,-0.142,0.21,0.302
NNMT,-0.297,0.21,0.302
UBE2B,-0.3868585,0.0279,0.30222
HIPK4,-0.3282571,0.028,0.30235
KANSL2,0.12549374,0.126,0.3024666
KIR3DX1,-0.4116595,0.028,0.30252
PTMS,0.6398826,0.0281,0.30252
MGARP,-0.06380892,0.126,0.3025733
OR1F2P,0.06396029,0.126,0.3025858
GSTT1,0.60638,0.0281,0.30261
NGB,-0.06781827,0.127,0.3026314
GPR146,0.5760461,0.0282,0.30267
POTED,0.07146578,0.127,0.3026924
KRBOX4,0.0746,0.211,0.303
USP2-AS1,0.228,0.211,0.303
CISD1,0.105,0.211,0.303
HIST3H2BB,0.05811621,0.127,0.3030677
LOC105373518,0.06462542,0.127,0.303073
KCNA1,-0.08436643,0.127,0.3031646
RETN,0.08900503,0.127,0.3032195
IFT80,0.07448305,0.127,0.3032195
H1F0,0.7504894,0.0283,0.30324
KIF2C,-0.3655474,0.0283,0.30324
C4ORF34,0.8862509,0.0284,0.30324
JRK,0.4336013,0.0284,0.30324
GRIFIN,-0.06458979,0.127,0.3032928
GFOD1,0.29764745,0.127,0.3033142
LRTOMT,-0.393296,0.0284,0.30338
MSL1,0.3030259,0.0285,0.30342
PDX1,-0.05073796,0.127,0.3034466
ZNF683,-0.15802987,0.127,0.3034466
ZNF562,0.14250714,0.127,0.3034963
OR5B17,-0.0598718,0.127,0.3035454
TSSK2,0.05973847,0.127,0.3035454
GSDMC,0.0526641,0.127,0.3036757
OR1S1,0.05276625,0.127,0.3039009
BAGE4,0.08861635,0.128,0.3039009
URAHP,-0.173,0.211,0.304
C1QTNF7-AS1,0.178,0.211,0.304
NANOGP8,0.213,0.212,0.304
LOC105377929,0.224,0.211,0.304
LOC100131257,0.422,0.212,0.304
HFE-AS1,-0.136,0.212,0.304
BCAS1,-0.359,0.212,0.304
FITM2,0.0797,0.211,0.304
HMGXB4,0.0537,0.212,0.304
LRRC29,0.09050156,0.128,0.3041512
EPHA8,0.07422206,0.128,0.3043729
LBHD1,-0.14027188,0.128,0.3044433
LRRC8B,0.20735629,0.128,0.3044751
DHDH,0.12203445,0.128,0.304505
CER1,0.06154156,0.128,0.3047189
LOC100506682,-0.0612337,0.128,0.3049967
DENND5B-AS1,0.141,0.213,0.305
CTB-30L5.1,0.266,0.212,0.305
LOC107986811,-0.239,0.212,0.305
LRRC37A3,-0.136,0.213,0.305
LOC105379282,0.177,0.212,0.305
LOC105379091,0.311,0.213,0.305
RDM1P5,0.2,0.212,0.305
SNORD22,-0.365,0.212,0.305
LOC101929291,0.172,0.213,0.305
UBE2Q2P1,0.103,0.212,0.305
LENG8-AS1,-0.15,0.212,0.305
LINC02542,0.163,0.213,0.305
BOD1L1,0.0571,0.212,0.305
PWP1,0.0656,0.212,0.305
ARG2,0.0735,0.213,0.305
KLHL10,0.22,0.212,0.305
TMEM151A,0.07334844,0.128,0.3052793
MYO6,0.9551868,0.0288,0.30544
C20ORF11,0.4325217,0.0288,0.30553
SSTR3,0.06262813,0.129,0.3059253
C17ORF77,0.3380805,0.0289,0.30598
OLMALINC,0.185,0.213,0.306
LOC107986862,-0.198,0.214,0.306
LOC105379005,0.356,0.213,0.306
DENND2B,-0.0856,0.213,0.306
TIPARP-AS1,0.137,0.214,0.306
GTF2I-AS1,0.0508,0.214,0.306
CCDC43,0.067,0.213,0.306
MAPT-IT1,0.315,0.213,0.306
KPNA3,0.0748,0.214,0.306
CASC19,-0.373,0.213,0.306
NUP133,0.07,0.213,0.306
PAX2,0.0596713,0.129,0.3061138
TRAK2,-0.14354222,0.129,0.3061278
ZNF280A,0.4665176,0.029,0.30625
TLR3,-0.15822911,0.129,0.3062925
C12ORF33,-0.6354524,0.029,0.3063
ATP5C1,-0.12527109,0.129,0.3064165
CNTD1,0.06953899,0.129,0.30651
FAM207A,0.1232631,0.129,0.306628
RCOR2,0.06720694,0.13,0.3068255
RHOXF1,0.07989205,0.13,0.3069917
LOC107984489,-0.362,0.214,0.307
LOC107986317,0.422,0.214,0.307
LOC107987392,-0.118,0.215,0.307
SPART,-0.109,0.214,0.307
FHDC1,-0.216,0.214,0.307
LINC00398,-0.07328413,0.13,0.3071263
PPP2CB,0.12591373,0.13,0.3071279
C19ORF33,-0.19422917,0.13,0.3071618
LINC00681,0.07637029,0.13,0.3071868
KIAA1712,0.3304235,0.0292,0.30727
RNF41,-0.3504083,0.0292,0.30727
POLE3,0.70411,0.0291,0.30727
TDGF1P3,-0.06962819,0.13,0.3072801
C14ORF169,-0.13647354,0.13,0.3072866
GMEB1,0.11021203,0.13,0.3073197
AQP1 /// FAM188B,-0.5628423,0.0292,0.30734
GPR137B,-0.6266234,0.0293,0.3076
MLLT4,-0.3721169,0.0293,0.30762
CNOT11,0.1115827,0.13,0.3076645
FCRL3,-0.07356856,0.13,0.3076656
C9ORF41,0.3198596,0.0294,0.30776
SPATA6,-0.4929579,0.0294,0.30778
HNRPDL,-0.8892733,0.0294,0.30793
C4ORF6,-0.4810753,0.0294,0.30793
MRPS6,-0.403024,0.0294,0.30794
NBPF26,0.107,0.215,0.308
PITPNM2-AS1,-0.231,0.216,0.308
LINC01424,0.227,0.215,0.308
PDCD6IP-DT,0.143,0.216,0.308
EIF2AK3-DT,0.135,0.215,0.308
AP4B1,-0.0592,0.215,0.308
LOC105377973,0.257,0.216,0.308
DHRS4L1,0.139,0.215,0.308
EDEM2,-0.093,0.215,0.308
C6ORF103,0.3565713,0.0296,0.30826
LHX9,0.06281329,0.131,0.3082955
ZNF449,0.06885284,0.131,0.3083625
TCEB1,0.13394881,0.131,0.3084307
LINC00905,-0.06744257,0.131,0.3084515
CYTSB,-0.5050118,0.0297,0.30868
MAP1D,0.432593,0.0298,0.30871
YARS,0.13268987,0.131,0.3087744
PVRL3,0.8016727,0.0298,0.30878
LOC101927179,0.131,0.216,0.309
SLC2A10,-0.0937,0.216,0.309
USP46,0.0545,0.216,0.309
LINC01123,-0.138,0.216,0.309
PRICKLE2-AS3,-0.169,0.216,0.309
LOC105374317,-0.233,0.216,0.309
C20ORF204,-0.244,0.216,0.309
CDC42P3,0.271,0.216,0.309
AKR7L,0.119,0.216,0.309
TADA2B,-0.0938,0.216,0.309
DONSON,0.0805,0.216,0.309
NIPAL4,-0.248,0.216,0.309
CHTF8,-0.104,0.217,0.309
GCHFR,0.28998037,0.131,0.3090391
HEATR6,-0.3705801,0.0299,0.30917
C19ORF24,-0.14004414,0.131,0.3091833
ADGRG5,-0.09575963,0.131,0.3093481
UBR7,0.4577836,0.03,0.30954
LOC101929412,-0.06085424,0.132,0.3098256
CATSPER1,0.06659189,0.132,0.3099068
OR4M2,-0.06642748,0.132,0.3099531
FLG2,0.299,0.218,0.31
LOC107985320,-0.247,0.217,0.31
CCNK,0.0553,0.217,0.31
LOC105379250,0.134,0.217,0.31
ANAPC1P1,0.0959,0.217,0.31
RNF216P1,-0.071,0.217,0.31
CYB5R4,0.0659,0.218,0.31
SNX10-AS1,-0.172,0.218,0.31
MIR30A,-0.312,0.217,0.31
KIF13B,0.0504,0.217,0.31
TCEAL7,-0.233,0.217,0.31
CNOT10,0.10120599,0.132,0.3100954
IFIT5,-0.11697913,0.132,0.3101174
SOX21,0.0775537,0.132,0.3102029
FAM173B,0.06392846,0.132,0.3103555
ME1,-0.15585131,0.132,0.3103687
IL17B,0.06339496,0.132,0.3103855
SHC3,-0.12278784,0.132,0.310394
ZAR1L,0.07705184,0.132,0.3106268
NOMO2,-0.14068271,0.132,0.3106979
DCTPP1,-0.14147085,0.132,0.3106979
C14ORF115,-0.4118427,0.0303,0.31091
LOC112268239,-0.2,0.218,0.311
FAM86HP,0.121,0.218,0.311
ABHD16B,-0.266,0.218,0.311
PCDH9-AS4,0.28,0.218,0.311
RAB6A,-0.0907,0.218,0.311
ADAM23,-0.333,0.219,0.311
LOC102724081,0.223,0.218,0.311
LOC107986465,-0.154,0.218,0.311
ENC1,-0.119,0.218,0.311
MEG8,-0.19,0.219,0.311
SSR4P1,0.186,0.218,0.311
ADSL,-0.0695,0.218,0.311
H1-4,-0.199,0.218,0.311
PANX2,0.2588615,0.132,0.31106
IAH1,-0.106266,0.132,0.3111416
ALOX12B,0.06147369,0.132,0.3111416
CXCR2,0.15609837,0.132,0.3111579
GABBR1 /// UBD,-0.5147983,0.0303,0.31121
OR5B12,0.05870015,0.133,0.3113013
DUSP9,-0.07626488,0.133,0.3113244
SLC22A8,0.0828039,0.133,0.3114751
UPK3A,-0.06651611,0.133,0.311482
PLDN,-0.39245,0.0304,0.31151
NMBR,0.06782506,0.133,0.3117355
RPN1,0.11189739,0.133,0.3117584
UGT8,-0.3487393,0.0305,0.31198
LOC105374985,-0.23,0.219,0.312
MSANTD1,-0.117,0.219,0.312
YARS1,-0.0832,0.219,0.312
AQP7P3,0.161,0.219,0.312
ZFAND2A,0.109,0.219,0.312
FAM238A,-0.249,0.219,0.312
RGS20,0.177,0.219,0.312
NPR2,0.131,0.219,0.312
STARD7,0.0728,0.219,0.312
NECAB2,0.5543659,0.0305,0.31212
TMED7,-0.13195882,0.133,0.3121404
PSG7,-0.0736351,0.133,0.3122543
PGA4,0.07485147,0.133,0.3123675
WIT1,0.4827376,0.0305,0.31243
FKBP5,0.34250032,0.133,0.3124334
SCGB3A1,0.75337837,0.133,0.3124457
SSH1,0.16018088,0.133,0.3124971
CATSPER4,0.07776615,0.133,0.3125656
SMIM11A,-0.08809767,0.133,0.3125787
SLF1,-0.08414115,0.133,0.3125856
NR6A1,-0.3479098,0.0306,0.31264
PTTG2,0.10612847,0.134,0.3127301
PCP2,-0.05188142,0.134,0.3127364
SLC13A1,0.05769279,0.134,0.3129469
LOC107987345,0.30550808,0.134,0.312973
OR8U9,0.05857463,0.134,0.312973
EME1,-0.107,0.22,0.313
ZNF649,0.0675,0.22,0.313
ATXN1L,0.0626,0.22,0.313
ST20-AS1,-0.182,0.22,0.313
LOC101927647,0.149,0.22,0.313
CCRN4L,0.4753591,0.0307,0.313
OR5B3,-0.07405505,0.134,0.3130979
ADIRF,-0.38451775,0.134,0.3133696
FBXO39,0.05910633,0.134,0.3135235
BCYRN1,0.19345462,0.134,0.3135748
ZFP28,-0.4659124,0.0308,0.31358
WDR88,-0.06872619,0.134,0.3136979
SNORA45,0.5831525,0.0308,0.31378
DENR,0.19427079,0.134,0.3138821
LOC101929767,0.173,0.221,0.314
PIK3C2A,0.0759,0.221,0.314
MAGEA2B,-0.08303587,0.134,0.3141043
LQK1,-0.4753391,0.0309,0.3142
RGMB,-0.26949036,0.135,0.3143137
C21ORF33,0.5398866,0.031,0.31436
VARS,0.06220137,0.135,0.3143721
GOLGA6A,0.05895148,0.135,0.3143721
DUSP13,0.07006472,0.135,0.3145509
C14ORF2,0.4141475,0.0311,0.31491
CASC5,-0.3482594,0.0312,0.31491
LOC100131726,0.3810706,0.0312,0.31491
GRIA2,0.2645183,0.0312,0.31493
PPIAL4A /// PPIAL4G,-0.442336,0.0312,0.31493
SDAD1P1,0.122,0.222,0.315
LOC105370519,0.242,0.221,0.315
ARAP1-AS2,-0.159,0.222,0.315
DERPC,-0.103,0.222,0.315
CCDC30,-0.0895,0.222,0.315
KPNA7,-0.219,0.221,0.315
DMRTB1,0.05260216,0.135,0.3152886
MRPL21,-0.15320351,0.135,0.3153076
LOC101928253,0.05452562,0.135,0.3153197
HERC2,0.07606744,0.135,0.3153197
SDAD1,0.12831014,0.136,0.315676
OR4C15,0.07606096,0.136,0.315714
KRTAP9-4,0.07269265,0.136,0.315714
CCDC42,0.07916457,0.136,0.3157535
EEF1E1,-0.17537544,0.136,0.3157535
VPS26B,0.13354778,0.136,0.3157589
GRP,0.05330225,0.136,0.3157823
KRTAP9-9,0.06288954,0.136,0.3158366
ODZ2,0.635317,0.0314,0.31591
LOC101929607,-0.0560909,0.136,0.3159205
LYRM4,-0.1190651,0.136,0.3159451
LOC100507443,0.07350198,0.136,0.3159609
LINC02967,-0.181,0.223,0.316
GABPB1-AS1,0.123,0.222,0.316
ZNF7,0.0539,0.223,0.316
FAM157B,-0.156,0.223,0.316
LOC105374083,0.249,0.223,0.316
LOC105379675,0.225,0.222,0.316
SLC25A48,0.272,0.222,0.316
TLN2,-0.0808,0.222,0.316
CACNA2D1-AS1,-0.25,0.222,0.316
DHX9,0.0666,0.222,0.316
LINC00324,0.112,0.222,0.316
SRGAP2C,-0.0724,0.223,0.316
LOC101927825,0.191,0.222,0.316
PCSK6-AS1,-0.193,0.222,0.316
ADD2,-0.07478403,0.136,0.3160097
ORMDL3,0.20289374,0.136,0.3163844
IFITM4P,-0.21313209,0.136,0.3164452
TNFAIP1,0.19318469,0.136,0.3164733
SERPINA9,0.05970855,0.136,0.3164776
TRAPPC3,0.10157726,0.136,0.3164776
HTR3B,-0.07869976,0.136,0.3165235
TEX261,-0.5477558,0.0315,0.31658
LPHN2,0.4231936,0.0315,0.31658
NUP43,-0.07124258,0.136,0.3167573
PAFAH1B1 /// YWHAE,1.0180066,0.0316,0.31679
CREB3L2,-0.3618175,0.0316,0.31679
SLC25A23,-0.149,0.223,0.317
IGFBP1,-0.48,0.223,0.317
LOC107984986,0.152,0.224,0.317
LRRC3-DT,0.222,0.223,0.317
LOC105376384,-0.105,0.223,0.317
STAM-DT,0.243,0.224,0.317
LOC105372380,-0.196,0.223,0.317
FADS1,0.296,0.223,0.317
SEPTIN4-AS1,-0.103,0.223,0.317
LINC00240,0.158,0.223,0.317
LOC105377016,-0.121,0.224,0.317
H1FNT,0.07468691,0.137,0.31706
WBP11P1,-0.05266149,0.137,0.3171601
FAM208A,0.09928503,0.137,0.3172291
SLC1A2,0.33515017,0.137,0.3172585
TRAM1,-0.10653176,0.137,0.3174644
LINC00159,0.05773553,0.137,0.3175073
SMG1P5,-0.09628609,0.137,0.3175363
RGPD1 /// RGPD2,0.7418751,0.0318,0.31762
LINC01165,-0.0647056,0.137,0.3179021
CIAO1,0.13051239,0.137,0.317999
WDR11-DT,0.273,0.224,0.318
ZBTB34,-0.0561,0.224,0.318
TET3,-0.0661,0.224,0.318
AGTR1,0.126,0.224,0.318
DCAF4L2,-0.3175465,0.0319,0.31819
RHOV,-0.06618085,0.138,0.3182921
GRPEL2,0.10116017,0.138,0.3183396
RAB27B,-0.07747803,0.138,0.3183624
LINC01479,-0.07576549,0.138,0.3183624
LRRC10,0.07244566,0.138,0.3183624
C15ORF27,0.5180309,0.032,0.31843
FAM81A,0.10001381,0.138,0.3184864
SMYD3,-0.12508129,0.138,0.3185616
OR52J3,0.05913923,0.138,0.3186225
PPEF2,-0.3592416,0.0321,0.31879
FBXW12,0.07119857,0.138,0.3188197
LINC02589,0.18,0.225,0.319
GDPD1,0.12942929,0.138,0.3190649
CLEC4C,-0.09161878,0.138,0.3191327
UBE2L3,-0.6335746,0.0322,0.31923
TNNT3,-0.3949856,0.0322,0.31924
ADGRL3,-0.06343014,0.138,0.319243
ANKRD54,0.10763156,0.139,0.3195264
CRISP3,0.0614288,0.139,0.3195819
C15ORF57,-0.17572981,0.139,0.3195873
SPINK4,0.07298641,0.139,0.3196013
PTTG3P,-0.16110559,0.139,0.3196013
ZSCAN5B,-0.2960229,0.0323,0.31986
CCDC144C /// LOC100134159,-0.4793316,0.0324,0.31992
GABRA5,-0.08669046,0.139,0.3199457
DDX60,-0.21712701,0.139,0.3199457
GET1-SH3BGR,0.0742,0.226,0.32
LOC105371867,0.161,0.226,0.32
PSMG1,0.0998,0.226,0.32
LOC105371692,0.153,0.225,0.32
PKLR,-0.169,0.226,0.32
LINC00506,0.205,0.226,0.32
DEFB131B,0.208,0.225,0.32
LOC107986451,-0.215,0.225,0.32
LOC93444,0.06094631,0.139,0.3200811
EIF3J-AS1,-0.07691141,0.139,0.3201424
CT45A5,0.04829856,0.139,0.3201516
SSRP1,0.08759445,0.139,0.3202164
GALR1,0.06078244,0.139,0.3204248
FAM125B,0.7376893,0.0326,0.32058
PRSS1 /// PRSS2 /// PRSS3,-0.400455,0.0326,0.32058
PEX14,-0.4373829,0.0325,0.32058
C17ORF105,0.05622224,0.139,0.3205889
ABCG4,0.3937946,0.0326,0.32061
C7ORF40 /// SNORA9,-1.0383814,0.0327,0.32074
CHSY3,-0.3408996,0.0327,0.32074
LOC387793,0.3323965,0.0327,0.32078
COX6C,0.8296899,0.0328,0.3209
SPEM1,0.05995914,0.14,0.3209818
CLPB,-0.0939,0.226,0.321
LOC107984859,-0.276,0.226,0.321
SNORD58C,-0.237,0.227,0.321
TAT-AS1,0.218,0.227,0.321
PSKH1,-0.159,0.227,0.321
AP2A2,-0.135,0.226,0.321
CCNA2,-0.112,0.227,0.321
IQCF2,0.07175765,0.14,0.3214428
SNX16,-0.14221741,0.14,0.3216604
CNGB1,0.10781917,0.14,0.3217034
VRK1,-0.4354885,0.0329,0.32173
SFRP1,-0.4079592,0.0329,0.32173
C7ORF10,-0.4874751,0.0329,0.32173
MRPS11,0.2962861,0.0329,0.32173
C3ORF32,-0.3526662,0.033,0.32188
C11ORF17,-0.4820123,0.0331,0.32194
LOC729991 /// LOC729991-MEF2B /// MEF2B,0.6855362,0.0331,0.32194
RPL34,-0.4115029,0.0331,0.32194
NDUFB8 /// SEC31B,0.5387348,0.0331,0.32194
LOC100129321 /// LOC100130751 /// LOC100131851 /// SSBP3,-0.4923011,0.0331,0.32195
ABL2,0.0674,0.227,0.322
LOC101927692,0.278,0.228,0.322
LINC02371,0.231,0.228,0.322
SNORD26,0.157,0.227,0.322
LOC105374584,0.176,0.227,0.322
TNRC18P1,0.156,0.227,0.322
TBX3-AS1,0.238,0.227,0.322
LOC105370910,-0.156,0.228,0.322
PPP1R3A,0.05681241,0.14,0.3222022
MAP4K5,0.10416882,0.14,0.322306
FOXL2,0.07412441,0.141,0.3225896
NXF2,0.05972026,0.141,0.3225948
IL11,-0.0825026,0.141,0.3225974
RETSAT,0.27042972,0.141,0.3227384
LINC00430,0.06507706,0.141,0.322812
LCE2D,0.05897337,0.141,0.3229966
PDE4DIPP6,-0.12,0.229,0.323
NFE2L2,0.138,0.228,0.323
LOC107985291,-0.253,0.228,0.323
LOC101927330,0.14,0.228,0.323
LOC105374370,0.22,0.228,0.323
AOPEP,0.0957,0.228,0.323
DOLPP1,0.13,0.228,0.323
LOC107984040,-0.296,0.229,0.323
PDCD2L,-0.131,0.228,0.323
TMEM67,-0.07307468,0.141,0.3230127
DCXR,0.8240019,0.0333,0.3231
LINC01543,0.06064995,0.141,0.3231242
PAFAH1B1,0.5248852,0.0334,0.32334
LOC100271836 /// LOC440354 /// LOC595101 /// LOC641298 /// SMG1,-0.7546036,0.0334,0.32334
LINC00841,0.05716852,0.141,0.3236094
GPR143,0.09325906,0.141,0.3236468
ORC5L,0.4773487,0.0335,0.32378
SCGB1D1,0.3475628,0.0335,0.32386
TYSND1,-0.09778533,0.142,0.3238643
LOC107984826,0.132,0.229,0.324
MRPS30-DT,0.22,0.229,0.324
HDAC2-AS2,-0.208,0.229,0.324
MTFMT,0.0849,0.229,0.324
LOC107984372,-0.388,0.229,0.324
SNORD50B,0.18,0.229,0.324
LOC107987300,-0.22,0.229,0.324
LOC101928868,0.22,0.229,0.324
BZW2,0.077,0.229,0.324
NEUROD6,0.369,0.229,0.324
LOC105378349,0.0714082,0.142,0.3240126
FTMT,0.07821805,0.142,0.3240389
PHEX,-0.06599066,0.142,0.324066
FGF9,-0.09539841,0.142,0.324066
KHDRBS3,0.15133767,0.142,0.324066
KCNC1,-0.07091031,0.142,0.3245635
CDK17,-0.07881393,0.142,0.324675
TUBA4A,-0.26674365,0.142,0.3247499
HAPLN1,0.05993201,0.142,0.3247799
PMS2 /// PMS2CL,0.4012103,0.0336,0.3249
TMEM240,-0.06372169,0.142,0.3249589
ARL16,0.17733642,0.143,0.3252386
PQLC2,0.07205956,0.143,0.3254222
DPEP1,-0.10125464,0.143,0.3254356
TTTY6B,0.0493953,0.143,0.3254866
SCG3,0.07328216,0.143,0.3256425
TG,0.07991569,0.143,0.3258092
ALS2CR11,0.07612726,0.143,0.3259773
KCNJ6,-0.2891689,0.0339,0.32599
LINC00847,-0.0736,0.231,0.326
SH3BP5-AS1,0.069,0.231,0.326
LOC107984841,-0.139,0.231,0.326
LOC105371254,0.189,0.231,0.326
GLP2R,0.175,0.231,0.326
LINC01320,-0.256,0.231,0.326
OR2M4,0.05810739,0.143,0.3260095
PRRX2,-0.06990565,0.143,0.3263285
RDH14,-0.12095811,0.143,0.3263942
OR6F1,0.06669082,0.144,0.3267
WDFY1,-0.5455281,0.034,0.3267
GNA14,-0.078628,0.144,0.3267688
RAPGEF6,-0.6713979,0.0341,0.32691
LOC645202,-0.4145597,0.0341,0.32691
LOC107986244,0.207,0.232,0.327
BTBD6,-0.13,0.232,0.327
LOC101928007,-0.209,0.232,0.327
LOC105372945,0.2,0.232,0.327
ETNK1,0.0763,0.231,0.327
ZNF667-AS1,-0.182,0.232,0.327
LOC107986258,-0.347,0.232,0.327
STXBP5-AS1,-0.21,0.232,0.327
LOC100132167,-0.3248833,0.0341,0.32707
KRT27,-0.10223486,0.144,0.3273926
TMEM211,-0.3642242,0.0342,0.32758
RIMBP3B,0.08300072,0.144,0.3276986
NAPG,-0.451327,0.0343,0.32781
PCDH1,0.396357,0.0343,0.32781
TTC9B,0.08810173,0.145,0.3279307
MARCH5,-0.1282032,0.145,0.3279307
INTS4P1,0.116,0.232,0.328
ROBO3,-0.172,0.233,0.328
PCDHGA12,-0.103,0.233,0.328
KDM1A,0.0494,0.233,0.328
CNTN4-AS2,-0.253,0.233,0.328
OPHN1,-0.0999,0.233,0.328
LOC105377507,0.194,0.233,0.328
LOC105375322,0.228,0.233,0.328
TTTY12,0.04871343,0.145,0.3280219
SUN5,0.08279595,0.145,0.3283318
ALG1L,0.2068473,0.145,0.3284362
LOC101929241,0.06738638,0.145,0.3285715
GGTLC1,0.06008986,0.145,0.328683
HSD17B7,0.2045334,0.145,0.3287351
DGUOK,-0.0825,0.234,0.329
LOC105371884,0.391,0.234,0.329
LOC105370113,0.159,0.233,0.329
JAGN1,0.0915,0.233,0.329
MICA-AS1,0.142,0.234,0.329
UBFD1,0.0471,0.234,0.329
SNORD81,-0.193,0.234,0.329
LOC105374711,0.199,0.234,0.329
SLC12A1,-0.36,0.234,0.329
SNORA11B,-0.295,0.234,0.329
LOC105375969,0.178,0.233,0.329
LOC107985558,0.449,0.233,0.329
SNORA58,-0.234,0.233,0.329
LIN9,0.1,0.234,0.329
SAP130,0.054,0.234,0.329
GJA9-MYCBP,0.0633,0.234,0.329
LOC105376000,0.229,0.234,0.329
SLC46A2,-0.12473933,0.145,0.3293519
KRT14,0.06144489,0.145,0.3294245
CCDC51,-0.11174431,0.146,0.3297572
KIAA1244,-0.3585305,0.0347,0.32988
GAR1,0.12932487,0.146,0.3299034
SGSM1,-0.201,0.235,0.33
CLASP1-AS1,0.122,0.235,0.33
SQOR,0.104,0.235,0.33
ANKRD19P,-0.129,0.235,0.33
SNORA14B,-0.269,0.235,0.33
MT1DP,-0.285,0.235,0.33
ZSCAN32,0.0513,0.235,0.33
CECR3,-0.06903971,0.146,0.3301016
ELANE,0.29505128,0.146,0.3303069
ATP1B4,0.05887593,0.146,0.3303808
CYFIP2,-0.07110841,0.146,0.3304226
LINC00051,0.06152582,0.146,0.3304226
OR52M1,-0.5171975,0.0348,0.33045
OR6Y1,0.0726256,0.146,0.3305344
TEX13A,-0.06302536,0.146,0.3305344
TMEM225,0.07327101,0.147,0.3308708
KIAA0226L,-0.13430803,0.147,0.3308708
NT5M,0.08270207,0.147,0.3309103
LINC00574,-0.176,0.236,0.331
TCP10L2,0.338,0.236,0.331
ZNF204P,-0.164,0.236,0.331
TMEM274P,0.222,0.235,0.331
C16ORF46,0.104,0.236,0.331
DCTN3,-0.1123228,0.147,0.3312949
KIAA1370,0.3169359,0.035,0.33145
LOC101929445,0.05984484,0.147,0.3315504
CPLX2,-0.08624226,0.147,0.3316716
HBP1,0.13482514,0.147,0.3319939
ESAM-AS1,0.147,0.236,0.332
RYR2,-0.26,0.236,0.332
AGBL5,0.101,0.236,0.332
HADHB,0.116,0.236,0.332
LOC100996437,-0.204,0.237,0.332
HTR1F,0.0543408,0.148,0.3321582
APIP,-0.08706936,0.148,0.3321582
LEP,0.05539934,0.148,0.3321582
CLEC12A /// CLEC12B,-0.3120821,0.0351,0.33219
FBXO45,-0.3237694,0.0351,0.33219
ING5,-0.3294382,0.0352,0.33219
TMEM88B,-0.05856489,0.148,0.3324231
C10ORF58,0.9856232,0.0352,0.33248
CCDC174,0.09911419,0.148,0.3327296
MSX1,-0.19469602,0.148,0.332781
LOC101927378,0.06255521,0.148,0.3329438
PXMP2,-0.05693759,0.148,0.3329469
DMXL1-DT,0.235,0.237,0.333
LINC01726,0.301,0.237,0.333
ATP6V1E2,-0.122,0.237,0.333
ZNF599,0.127,0.237,0.333
GASK1A,0.152,0.237,0.333
EHBP1-AS1,-0.0903,0.238,0.333
ASAP1-IT2,-0.178,0.237,0.333
LINC01521,0.123,0.238,0.333
TLE6,-0.268,0.237,0.333
S100A1,-0.153,0.237,0.333
ZNF365,0.05614077,0.148,0.3331651
MRGPRF-AS1,-0.07169124,0.148,0.3331703
ZNF295,0.4460764,0.0354,0.33326
DIMT1,0.11645572,0.148,0.3332685
ECE2,0.05533387,0.148,0.333316
PCDHB14,0.08823266,0.148,0.333316
LETM2,-0.4464633,0.0355,0.33341
C14ORF165,-0.4083106,0.0354,0.33341
TMEM194B,-0.446224,0.0355,0.33354
HSD17B13,0.47380121,0.149,0.3335867
OR10G8,0.07643214,0.149,0.3335991
OR1L1,-0.3601901,0.0355,0.33372
CASC4,0.13967369,0.149,0.3337425
FAM73B,0.3996054,0.0356,0.33377
LOC100131826,-0.3621495,0.0355,0.33377
MKI67IP,-0.5016742,0.0356,0.33377
FAM71D /// SF3B4,-0.3830827,0.0356,0.33391
CSTL1,-0.07389584,0.149,0.3339142
PHGR1,-0.3917297,0.0356,0.33392
C5ORF54,0.3678858,0.0356,0.33394
MVB12B,0.0853,0.238,0.334
HOXA3,0.191,0.238,0.334
LOC643327,0.223,0.238,0.334
RITA1,-0.163,0.238,0.334
TMEM178A,-0.117,0.238,0.334
CAB39,0.08305214,0.149,0.334005
PID1,0.30530948,0.149,0.33402
CCIN,0.05931431,0.149,0.3344398
C20ORF29,0.5250322,0.0358,0.33456
DEFB125,-0.06195944,0.149,0.3347604
CENPI,-0.195,0.239,0.335
OSER1,0.0672,0.239,0.335
ZFAND2A-DT,0.118,0.239,0.335
FAM98B,0.0916,0.239,0.335
NFE2L1,-0.0951,0.239,0.335
ELOVL2-AS1,-0.199,0.239,0.335
LOC107985031,-0.204,0.239,0.335
LOC105369685,-0.309,0.239,0.335
LOC105372817,0.164,0.239,0.335
LOC107984190,-0.103,0.239,0.335
ATRIP,-0.0926,0.239,0.335
GOLGA8J,0.0886,0.239,0.335
LOC105378044,0.218,0.239,0.335
IQCJ,-0.392545,0.0359,0.33516
PPAN /// PPAN-P2RY11,-0.4063247,0.0359,0.33516
SELT,0.329919,0.036,0.33521
GTF2H2 /// GTF2H2B /// GTF2H2C /// GTF2H2D,-0.6479948,0.036,0.33529
CALML5,-0.07439801,0.15,0.3352936
GIP,0.05036779,0.15,0.3353486
HMGB3P1,0.06026533,0.15,0.3354243
C4ORF3,-0.6239731,0.0361,0.33554
LOC100128510,-0.32829,0.0361,0.33569
C1ORF124,-0.4359213,0.0362,0.3359
CMTM1,0.3548595,0.0363,0.33591
C6ORF125,-0.5185181,0.0363,0.33591
TTC26,-0.3446029,0.0362,0.33591
HIST2H2AC,-0.4226127,0.0363,0.33591
SLC35E2A,-0.0896,0.24,0.336
C17ORF58,0.105,0.24,0.336
LOC105373154,0.135,0.24,0.336
NLRP2B,0.256,0.24,0.336
CYP51A1-AS1,-0.198,0.24,0.336
LOC101929234,0.237,0.24,0.336
SNORD74,-0.184,0.24,0.336
KDM7A-DT,-0.126,0.24,0.336
ABCA13,-0.07927972,0.15,0.3361682
LCE2C,0.3893575,0.0363,0.3362
B3GAT2,-0.4788215,0.0364,0.33646
SLC26A8,-0.05631464,0.15,0.3364938
DDT,0.184,0.241,0.337
AXDND1,0.277,0.241,0.337
HEATR5A,-0.0607,0.241,0.337
LOC101928906,-0.177,0.241,0.337
LOC105371711,0.159,0.241,0.337
LOC107984494,0.22,0.241,0.337
UPRT,0.0587,0.241,0.337
OR10V1,0.08734705,0.151,0.3370296
GLRX3,-0.13457279,0.151,0.3370713
KCNMB1,-0.16455676,0.151,0.3371913
LINC00572,0.07226289,0.151,0.3373542
NEFL,0.05340216,0.151,0.3375506
SLC14A2-AS1,-0.04853093,0.151,0.3377426
ANP32D,0.06915366,0.152,0.337916
TMEM55B,0.09449967,0.152,0.3379401
LINC02703,-0.395,0.241,0.338
SCAMP5,-0.326,0.241,0.338
ABCG8,0.105,0.241,0.338
ZNF205-AS1,-0.158,0.242,0.338
FOXA3,0.38928644,0.152,0.3381894
LOC101927358,0.08704451,0.152,0.3381894
MOB4,-0.10864146,0.152,0.3382102
PRUNE1,-0.15595945,0.152,0.3382126
PTH,-0.07224139,0.152,0.338369
MEG9,0.12515456,0.152,0.33848
SFTPA1,0.06177823,0.152,0.3388778
LOC105373264,-0.158,0.242,0.339
LOC107985306,-0.247,0.243,0.339
DBH-AS1,0.163,0.243,0.339
PPP1R21,0.0603,0.243,0.339
C21ORF140,0.138,0.243,0.339
SNORA2B,-0.215,0.242,0.339
OGN,0.289,0.243,0.339
RNFT2,-0.27,0.243,0.339
CCDC192,0.218,0.242,0.339
LOC105369631,-0.203,0.243,0.339
GUCY1B1,-0.102,0.243,0.339
TRIML2,0.07909324,0.153,0.339114
ATP11B,-0.11359934,0.153,0.339114
ZDHHC3,0.10598846,0.153,0.3394244
ZNF417,0.06979138,0.153,0.3396425
GAGE4,-0.06448444,0.153,0.3398051
FRMD7,0.07088019,0.153,0.3398389
C21ORF7,-0.3579238,0.037,0.33987
MRP63,-0.3830105,0.0371,0.33989
LOC112268457,0.153,0.244,0.34
SPIN4,-0.0746,0.244,0.34
LOC101928554,0.334,0.244,0.34
SPAG5-AS1,0.0849,0.244,0.34
CAPNS2,0.05870639,0.153,0.3400409
SPINLW1,-0.4355766,0.0372,0.34046
STARD4,-0.4897906,0.0372,0.34046
CSH1,0.06904147,0.153,0.3404632
RBMY1F,0.07283546,0.154,0.3405
SNRNP27,-0.11016882,0.154,0.340513
PLEKHA7,-0.4694234,0.0373,0.34066
C11ORF59,0.648745,0.0373,0.34082
LOC105374076,-0.292,0.245,0.341
EP300-AS1,0.21,0.245,0.341
LOC105375942,0.0988,0.245,0.341
B4GAT1-DT,0.154,0.244,0.341
ZNF674-AS1,0.0803,0.244,0.341
TMEM266,0.06673984,0.154,0.3410149
CD70,0.06204732,0.154,0.341169
TEPP,0.06227101,0.154,0.341212
NACAD,-0.1913987,0.154,0.3412398
MEIG1,0.05588615,0.154,0.3413294
FAM208B,0.05661937,0.154,0.3413294
KRTAP11-1,0.06275676,0.154,0.3413294
CYP26A1,0.4324055,0.0375,0.34137
CRISP2,0.06530476,0.154,0.3414071
FOXB1,0.06080103,0.154,0.3415244
GLRA2,0.06174845,0.154,0.3416915
SSTR5,0.08569862,0.154,0.3418311
ADAM2,0.07151528,0.155,0.3418454
LINC01315,-0.12618588,0.155,0.3418786
AIFM2,-0.114,0.246,0.342
DLEU2L,0.157,0.245,0.342
SVIL2P,-0.149,0.245,0.342
LINC00265,-0.107,0.245,0.342
LOC105376781,-0.182,0.245,0.342
ESM1,-0.293,0.245,0.342
LOC101927136,0.246,0.245,0.342
KLK8,0.05666538,0.155,0.3420641
CACNA1B,-0.09516122,0.155,0.3420819
OR10A2,0.0772451,0.155,0.342097
ATP5A1,-0.12969631,0.155,0.342097
GPHB5,0.08707775,0.155,0.342097
SPINK6,0.06960936,0.155,0.3421086
IL17RB,-0.28290263,0.155,0.3422335
SAFB2,0.10744993,0.155,0.342255
GJD2,-0.05248639,0.155,0.3422995
SLC34A3,0.06005333,0.155,0.3423204
AMT /// NICN1,-0.3830495,0.0376,0.34245
ZNF704,-0.4160379,0.0377,0.34252
PDDC1,-0.08066181,0.155,0.3426884
PDK2,0.15038537,0.155,0.3426884
LOC101928569,0.06398554,0.155,0.3427422
TNP1,0.06206744,0.155,0.3427766
PPM1J,-0.06480362,0.155,0.3427766
UBE2Q2P16,-0.174,0.246,0.343
LOC105378746,0.375,0.246,0.343
RNU12,0.219,0.246,0.343
LINC02128,-0.337,0.246,0.343
IARS1,0.0684,0.246,0.343
GATD1-DT,-0.15,0.247,0.343
CRYZL2P,0.111,0.247,0.343
TRNR,0.459,0.246,0.343
KRT72,0.10077055,0.155,0.3430432
MLL2,-0.4472656,0.0379,0.34323
ICK,0.6027429,0.0379,0.34323
GNG13,-0.2682348,0.0379,0.34323
LRRC38,-0.06258719,0.156,0.3432425
ZNF154,-0.625535,0.038,0.34325
VIT,-0.04937764,0.156,0.3434932
WBSCR27,0.5775168,0.0381,0.34369
KIAA1529,-0.3918729,0.0381,0.34374
C5ORF30,-0.0830183,0.156,0.3439734
ADAMTS20,-0.06802558,0.156,0.3439734
FAM175A,-0.07805586,0.156,0.3439812
LOC105375805,-0.164,0.247,0.344
CATIP-AS2,-0.225,0.247,0.344
LINC01852,-0.136,0.247,0.344
LOC105373560,-0.15,0.247,0.344
STAG3L5P,-0.109,0.247,0.344
RSKR,0.113,0.247,0.344
LOC105370035,-0.134,0.247,0.344
DSG3,0.04776737,0.156,0.3440295
S100A5,-0.3897725,0.0383,0.3442
SOD2,0.6753854,0.0384,0.34423
FAM83C,-0.4114665,0.0384,0.34423
FLJ33360,-0.3534209,0.0384,0.34423
NID1,0.3751971,0.0384,0.34423
PNPO,0.9317864,0.0385,0.34444
C2ORF85,-0.3359304,0.0385,0.34444
CCKAR,0.08147863,0.156,0.344493
GML,-0.08151384,0.157,0.3446446
C9ORF50,-0.4420254,0.0386,0.34473
HDAC4,0.3839549,0.0387,0.34483
GDAP1L1,0.3055099,0.0387,0.34483
SEPTIN 2,-0.4235789,0.0386,0.34483
C11ORF34,-0.3765223,0.0386,0.34483
MDC1,-0.4899951,0.0386,0.34483
LINC01257,0.04679378,0.157,0.3449621
LOC105378230,-0.154,0.248,0.345
ZBTB41,0.0756,0.248,0.345
RBM14,-0.0937,0.248,0.345
KDM4A,1.0066124,0.0387,0.34509
KIAA1715,0.3281094,0.0388,0.34524
OR6N1,0.05317619,0.157,0.345505
CPSF2,0.07976189,0.157,0.3457073
C12ORF66,0.10831331,0.157,0.3457664
ZNF679,-0.06241611,0.157,0.3458153
TMEM158,-0.19722608,0.158,0.345892
NDUFC1,0.102,0.248,0.346
KBTBD12,0.228,0.249,0.346
SH3GL1P2,-0.188,0.249,0.346
TMEM50B,-0.0732,0.249,0.346
NTSR1,-0.296,0.248,0.346
RNF121,-0.051,0.249,0.346
LOC101927263,0.166,0.248,0.346
LOC102723451,0.137,0.248,0.346
ZNF157,-0.09287078,0.158,0.3462119
SAMSN1-AS1,-0.07615066,0.158,0.3463381
MSRB1,0.15480105,0.158,0.3465516
LOC101927438,0.05127279,0.158,0.3465925
LOC646471,0.05122846,0.158,0.3467269
EMX1,0.05763642,0.158,0.3467269
EDA,-0.06409713,0.158,0.3467269
FAM109A,0.11405222,0.158,0.3467774
C2ORF73,-0.3894263,0.0391,0.34696
GPRC5C,0.6096794,0.0391,0.34696
ARHGAP15-AS1,-0.126,0.249,0.347
EFCAB2,0.123,0.25,0.347
GATAD2B,0.0551,0.249,0.347
TMEM42,0.094,0.25,0.347
ARR3,-0.172,0.25,0.347
MPPED1,-0.212,0.25,0.347
SCML2,0.0782429,0.158,0.3470804
NDUFB11,0.5709276,0.0392,0.34716
FCGR2A /// FCGR2C,-0.730329,0.0391,0.34716
RNF2,0.06878186,0.159,0.3471692
HRH3,-0.05236334,0.159,0.3471692
C12ORF69,1.0338656,0.0392,0.34726
OR6B1,-0.07401214,0.159,0.347294
KRT36,0.05793993,0.159,0.347294
ADAM7,-0.13849572,0.159,0.347294
MARC1,0.36304141,0.159,0.3474496
C22ORF26,-0.4556485,0.0393,0.34748
SERPINA6,0.5015354,0.0393,0.34748
LOC100132999,-0.484069,0.0394,0.34781
MAGEA8-AS1,-0.06092394,0.159,0.3478308
TLX1,0.08861551,0.159,0.3479055
OTP,-0.06160906,0.159,0.3479672
LINC03063,0.269,0.251,0.348
AFF2,0.315,0.251,0.348
MAP3K5-AS1,0.163,0.251,0.348
NEIL2,-0.0956,0.25,0.348
DRD5,0.293,0.251,0.348
SLC13A4,0.166,0.25,0.348
ZNF180,0.0624,0.25,0.348
SPDYE13,0.127,0.251,0.348
VAMP7,0.0941,0.25,0.348
GLUD1P3,0.154,0.25,0.348
LINC02649,-0.166,0.25,0.348
SELENOT,0.0997,0.25,0.348
GFRA3,-0.3436612,0.0395,0.34816
KRTAP19-7,0.0678132,0.159,0.3481786
LOC100506869,0.05522871,0.159,0.3483075
WHSC1L1,-0.07902174,0.159,0.3483075
ZNF789,-0.10207168,0.159,0.3483359
AIMP2,0.4138611,0.0396,0.34834
LPCAT3,0.4700788,0.0396,0.34834
SSX7 /// SSX9,0.5026557,0.0397,0.34834
TOE1,0.3171275,0.0396,0.34834
ALDH3B2,0.07144815,0.16,0.3488794
GPR37,0.29449618,0.16,0.3488949
TGM6,-0.08067883,0.16,0.3488949
GSK3B-DT,0.147,0.252,0.349
RABGAP1L-AS1,0.167,0.252,0.349
F10,-0.142,0.252,0.349
LINC01465,0.119,0.251,0.349
LINC01554,0.342,0.252,0.349
MED29,-0.11,0.251,0.349
DUXAP8,-0.233,0.252,0.349
LOC107983971,0.169,0.252,0.349
SAMD4B,-0.0749,0.252,0.349
TESMIN,-0.204,0.251,0.349
CDK2,0.12817935,0.16,0.3490236
LGALS16,-0.06220395,0.16,0.3490238
USP32P2,-0.05642009,0.16,0.3491149
OR2L3,-0.06434831,0.16,0.3491149
LOC101929697,-0.08341835,0.16,0.3492078
CXCL1 /// CXCL2,0.4832286,0.0399,0.34939
TMEM183A /// TMEM183B,0.6710016,0.0399,0.34948
MOSC2,0.6066915,0.04,0.34955
PPP2R4,0.4087767,0.04,0.34955
HIGD1A,-0.11389258,0.16,0.3497718
ZNF20,0.07269412,0.161,0.3498158
LRIT2,0.06402136,0.161,0.3499229
MAGEC2,-0.05368815,0.161,0.3499682
LOC112268123,-0.0806,0.253,0.35
CFAP43,0.151,0.253,0.35
CBR3-AS1,0.0849,0.253,0.35
NEURL2,0.16,0.252,0.35
SALL1,0.14511501,0.161,0.3502813
LINC01068,0.07649407,0.161,0.3502943
PASD1,0.06110738,0.161,0.3505288
RG9MTD2,0.3226389,0.0402,0.35054
XXYLT1-AS1,0.05051155,0.161,0.3507496
EMC6,-0.135,0.253,0.351
SNHG4,-0.176,0.253,0.351
PMF1,0.12,0.253,0.351
OAS3,-0.171,0.254,0.351
LINC02029,0.225,0.253,0.351
LOC107986148,-0.183,0.253,0.351
RAX2,0.22571372,0.161,0.3510211
RANBP1,-0.4150589,0.0404,0.35112
LOC101929544,-0.06536718,0.162,0.3513285
TMEM56,0.22550257,0.162,0.351351
ANKRD36 /// ANKRD36B,-0.3738094,0.0405,0.35148
HSD17B10,-0.16958815,0.162,0.3515821
CCDC109B,-0.5999114,0.0405,0.35161
MGAT4A,-0.4814558,0.0406,0.35163
SLC16A1,0.2973204,0.0406,0.35163
SLC30A7,-0.5061075,0.0406,0.35163
C2ORF48,-0.3685081,0.0406,0.35163
HIST3H3,0.05882519,0.162,0.3518184
OR6C2,0.07161946,0.162,0.3519745
ABHD6,0.0994,0.254,0.352
LOC105376023,-0.301,0.254,0.352
GALC,-0.112,0.254,0.352
LINC03009,0.113,0.254,0.352
LOC102724848,0.197,0.254,0.352
POLD3,-0.0683,0.254,0.352
LBXCOR1,-0.3180138,0.0407,0.35203
TMCO2,-0.3185156,0.0407,0.35208
CADM3,-0.523983,0.0407,0.35208
TRIM71,-0.07766735,0.162,0.3521566
POLR2J,0.14130114,0.162,0.3522148
OR1A2,0.07091579,0.162,0.3522148
PVRL3-AS1,0.05206584,0.163,0.3523687
WDR34,0.15011335,0.163,0.3523687
YIPF7,0.05943121,0.163,0.3523687
LOC400997,-0.05814943,0.163,0.3523687
LINC01043,0.0749992,0.163,0.3525547
LINC01052,0.07283016,0.163,0.3526826
DPH3,-0.09410973,0.163,0.3526832
OR10AD1,-0.3190273,0.0409,0.35284
CCNI2,-0.167,0.255,0.353
RAB9B,-0.263,0.255,0.353
LOC107984257,0.174,0.255,0.353
EP300,0.0394,0.255,0.353
LOC105372768,-0.158,0.255,0.353
LOC105379052,0.275,0.255,0.353
RO60,0.0774,0.255,0.353
LOC105370820,0.242,0.255,0.353
LINC01266,0.302,0.255,0.353
LOC107986663,0.276,0.255,0.353
SLC13A2,0.206,0.255,0.353
LOC107986488,-0.131,0.255,0.353
HIGD2B,0.05321815,0.163,0.3531878
RHCE /// RHD,-0.3491904,0.041,0.35321
TCEAL2,-0.4275827,0.041,0.35321
DUSP6,0.28662956,0.163,0.3532915
LINC00382,-0.06041982,0.163,0.3534538
NRAS,0.5111434,0.0411,0.35346
HIST1H2BJ,-0.10904015,0.163,0.3535103
CREBRF,0.055,0.256,0.354
SMIM18,0.143,0.256,0.354
SNHG22,0.0963,0.256,0.354
ZNF821,-0.0932,0.256,0.354
CLTC,0.0734,0.256,0.354
PKP4-AS1,-0.0875,0.256,0.354
LOC554206,0.197,0.256,0.354
LOC400682,0.251,0.256,0.354
HSPB2-C11ORF52,0.0943,0.256,0.354
PGLYRP1,0.09859601,0.164,0.3543711
RBM23,0.10118794,0.164,0.3545012
GABARAPL1,0.4382162,0.0414,0.35457
LOC105377671,0.05379564,0.164,0.3549613
PEX7,0.0923,0.257,0.355
ST8SIA6,-0.151,0.257,0.355
LINC02197,0.125,0.257,0.355
MIR6717,-0.115,0.256,0.355
LOC105373611,-0.279,0.257,0.355
SIRT7,-0.115,0.257,0.355
FAM83A-AS1,-0.338,0.257,0.355
LOC162632 /// LOC220594 /// USP6,1.4133908,0.0416,0.35504
RSPO1,-0.05536693,0.165,0.3550578
NIPA2,-0.10935378,0.165,0.3552368
EP400NL,0.12512154,0.165,0.3552368
LOC283674,0.04941436,0.165,0.3555398
CES8,0.4309293,0.0417,0.3556
LOC729991,0.4457234,0.0417,0.3556
C17ORF63,-0.3821518,0.0417,0.3556
CSPG4PY1 /// CSPG4PY2,0.3984124,0.0417,0.3556
SKA1,0.08444557,0.165,0.3556326
KRT76,0.05039764,0.165,0.3556642
LMX1A,-0.2902822,0.0418,0.35581
LOC284751,0.3270838,0.0418,0.35581
ZNF841,-0.3245263,0.0419,0.35591
FAM133A,0.07682592,0.165,0.3559514
ZBTB6,0.0697,0.258,0.356
SNORA113,0.234,0.258,0.356
TP53TG5,-0.118,0.258,0.356
WDR26,0.0661,0.258,0.356
CFAP74,-0.426,0.258,0.356
TRIM74,-0.124,0.258,0.356
LOC107984862,-0.265,0.258,0.356
LOC101928421,0.0977,0.258,0.356
NPIPB5,-0.12,0.258,0.356
SNORD27,0.06511354,0.165,0.3561142
C6ORF52,0.09840146,0.165,0.3562756
C9ORF114,-0.4042212,0.042,0.35628
ACER1,0.05590998,0.166,0.3563033
TEKT5,0.05687161,0.166,0.3565548
SCLY /// UBE2F,0.5240416,0.0421,0.3568
GNG3,-0.3026893,0.0422,0.35681
RGPD1 /// RGPD2 /// RGPD3,0.9253302,0.0422,0.35685
BBS1 /// DPP3,-0.3808576,0.0422,0.35692
BCOR,-0.0675,0.258,0.357
LINC01003,0.15,0.259,0.357
LOC107986981,0.15,0.258,0.357
OR5F1,0.06307388,0.166,0.3570514
ADAT3,-0.11964827,0.166,0.3570514
LOC101928858,0.28844057,0.166,0.3571867
RABL2A /// RABL2B,-0.4156013,0.0423,0.35733
NME1,-0.17413113,0.166,0.3576827
NXPH3,-0.3443223,0.0425,0.35787
RPL37 /// SNORD72,-0.6537056,0.0424,0.35787
STX8,0.0565,0.26,0.358
AMBRA1,-0.0626,0.26,0.358
FLVCR1-DT,-0.255,0.259,0.358
CTNNBL1,0.0718,0.26,0.358
LOC101928510,0.209,0.259,0.358
PRRX1,0.06323579,0.167,0.358125
HTR1A,0.06101334,0.167,0.3582433
OR4P4,-0.3524436,0.0427,0.35826
SLC45A1,0.4161987,0.0427,0.35826
SSR3,-0.4120682,0.0426,0.35826
FUCA1,0.17050085,0.167,0.358545
VSTM2A,0.06864578,0.167,0.3585459
KIAA0467,0.3593803,0.0428,0.35866
ST6GALNAC3,-0.09327131,0.167,0.3589172
RUNDC2A,-0.3248142,0.0428,0.35896
NAP1L4,0.0328,0.26,0.359
THG1L,0.072,0.26,0.359
LINC02012,-0.192,0.261,0.359
ACSBG2,0.213,0.261,0.359
SNORD98,0.216,0.261,0.359
PSMC3IP,0.0804,0.261,0.359
PLIN1,0.33557713,0.168,0.3591537
KRT6B,0.2874043,0.0429,0.35919
TMEM31,0.0649897,0.168,0.3594505
SEC61G,-0.1240727,0.168,0.359456
LPPR1,0.6350487,0.043,0.35948
EPHX3,-0.07791153,0.168,0.3595783
OR52K2,0.06526693,0.168,0.3596717
CDK11A /// CDK11B,-0.3444813,0.0432,0.35993
C19ORF39,0.3941956,0.0432,0.35993
LOC112268169,-0.161,0.262,0.36
LOC105378925,-0.233,0.261,0.36
LINC01621,0.186,0.261,0.36
LOC105376455,0.195,0.261,0.36
LOC107985870,0.296,0.262,0.36
SLC9A9-AS1,-0.185,0.261,0.36
LOC440311,0.306,0.261,0.36
CCDC141,-0.177,0.261,0.36
ATP11A,-0.4092357,0.0433,0.36002
ZMYM2,0.11157749,0.168,0.3600219
ASAM,-0.4295572,0.0434,0.36034
RAB11A,-0.12955257,0.169,0.3603884
OR5R1,0.06828949,0.169,0.360502
PGPEP1,0.4194478,0.0434,0.36063
PDXP /// SH3BP1,0.5577232,0.0434,0.36064
UCK2,0.3546328,0.0435,0.36064
TMEM110,0.11914398,0.169,0.3607466
FAM103A1,-0.09342892,0.169,0.3608542
LOC112268009,0.118,0.262,0.361
TMCC1-DT,0.137,0.262,0.361
LOC107984501,-0.172,0.262,0.361
LINC00923,0.255,0.262,0.361
LOC105378226,0.323,0.263,0.361
EP400P1,-0.159,0.262,0.361
TSPY4,-0.0482517,0.169,0.3610142
FAM47C,0.08236676,0.169,0.3610202
CITED1,-0.06410081,0.169,0.3610418
COL4A6,0.05216399,0.169,0.3611009
SNRPC,-0.11120959,0.169,0.3611009
COMMD2,-0.16920408,0.169,0.3611009
GORASP2,-0.4451783,0.0436,0.36136
BPIFB6,0.05551596,0.169,0.3615994
PITPNM3,0.06762063,0.17,0.3616512
FDX1L,-0.12460889,0.17,0.3618338
UXT-AS1,-0.214,0.263,0.362
PCGF3-AS1,-0.187,0.263,0.362
KMT2E-AS1,0.104,0.263,0.362
SLC47A2,0.176,0.263,0.362
LOC107986578,0.109,0.263,0.362
CYYR1-AS1,0.198,0.263,0.362
GRM8,0.182,0.263,0.362
PPIEL,0.108,0.264,0.362
PARGP1-AGAP4,0.0754,0.263,0.362
LOC102724190,0.05264758,0.17,0.3622437
C12ORF71,0.05563171,0.17,0.36259
RAB9A,-0.12219356,0.17,0.362601
C16ORF59,-0.09282014,0.17,0.3627523
LOC100289094,-0.07866506,0.17,0.3627563
DFNB59,-0.3522852,0.0439,0.36278
MAPKAP1,0.15188547,0.17,0.362844
TMEM38A,-0.4735902,0.0439,0.36285
LOC112268259,-0.0812,0.264,0.363
LOC101927572,-0.204,0.264,0.363
TAF12-DT,0.136,0.264,0.363
CRACDL,-0.237,0.264,0.363
ENAM,0.147,0.264,0.363
IL17F,0.06287005,0.171,0.3633014
SMR3A,0.04962704,0.171,0.3633014
LOC100287718,-0.4223748,0.0441,0.36363
TRIAP1,0.0868,0.265,0.364
LINC02981,-0.193,0.265,0.364
CDC37L1,0.0913,0.265,0.364
LOC105376504,-0.186,0.265,0.364
MIR3147HG,0.372,0.265,0.364
TTLL5,0.09682658,0.171,0.3641877
OR10H3,0.0702754,0.171,0.3643124
NGF,0.11189254,0.172,0.3644252
OR2A2,0.06942241,0.172,0.3645374
LOC728392 /// NLRP1,-0.4498844,0.0443,0.3646
CYP4A11 /// CYP4A22,0.6854121,0.0444,0.3646
LOC101929628,0.0763678,0.172,0.36485
TSSK1B,0.10182321,0.172,0.3648752
LAT /// SPNS1,-0.5372952,0.0445,0.36498
FAM95C,-0.223,0.266,0.365
GRINA,-0.158,0.266,0.365
CSMD2,0.269,0.266,0.365
LOC105372261,-0.201,0.266,0.365
C1ORF53,0.14,0.266,0.365
LOC107984192,0.213,0.266,0.365
KLF13,0.128,0.266,0.365
RAET1G,-0.3953513,0.0445,0.36509
SP7,0.06089997,0.172,0.3651593
ATP5G3,0.8092645,0.0445,0.36516
TCEAL5,-0.0791844,0.172,0.3652086
TMPRSS4,-0.3371658,0.0447,0.36527
PPP2R5D,-0.5491269,0.0446,0.36527
SNORD107,0.05498628,0.172,0.3656458
LOC100996419,-0.07501024,0.172,0.3656458
MYOCD,-0.3156768,0.0448,0.36567
ZNF529,0.3449605,0.0449,0.36567
KRTAP5-3 /// KRTAP5-8,-0.3954327,0.0448,0.36567
C7ORF45,-0.433127,0.045,0.36578
CSRP2BP,-0.4499169,0.045,0.36578
C19ORF22,-0.6291815,0.0449,0.36578
RNU11,0.192,0.267,0.366
LOC112267951,-0.177,0.266,0.366
LOC105371345,0.196,0.267,0.366
IL6ST-DT,0.2,0.267,0.366
CCDC142,-0.103,0.267,0.366
LRIG2-DT,0.132,0.267,0.366
UTS2R,0.05862829,0.173,0.3660833
KPNA4,-0.1063976,0.173,0.3660898
LIME1 /// ZGPAT,0.678317,0.0451,0.36614
TBC1D7,-0.12616914,0.173,0.3663643
ZNF324B /// ZNF584,-0.4166551,0.0452,0.36672
FRY,0.05996594,0.173,0.3669491
TEX10,0.0661,0.268,0.367
LOC102724859,0.269,0.268,0.367
EXO5-DT,0.193,0.268,0.367
SNORA75,0.228,0.267,0.367
LOC107986170,0.123,0.268,0.367
AHCYL2,0.0442,0.268,0.367
WDR89,0.0666,0.267,0.367
CASD1,0.0739,0.267,0.367
RBM6,0.4908877,0.0454,0.36729
SH3BGR,-0.07716053,0.174,0.3673586
RBMX /// RBMXL1,0.8074734,0.0455,0.36737
MED10,-0.11361171,0.174,0.3676716
CT83,0.04969348,0.174,0.3676907
ARSF,0.15933222,0.174,0.3677025
WDR73,0.1081856,0.174,0.367719
SNORD28,0.05722374,0.174,0.3678146
PCDHB2,-0.12780486,0.174,0.3678471
SPINLW1 /// WFDC6,0.4093267,0.0456,0.36786
CHRNE,-0.119,0.269,0.368
MIR3654,-0.101,0.268,0.368
PLET1,0.186,0.268,0.368
NPIPA7,0.0697,0.268,0.368
C15ORF62,-0.141,0.269,0.368
CFAP251,-0.099,0.269,0.368
LOC107985541,-0.221,0.269,0.368
ADM-DT,0.147,0.269,0.368
C8ORF22,0.05006596,0.174,0.3680648
PLEKHD1,0.06506045,0.174,0.3680894
FAM71B,-0.3608824,0.0459,0.3684
POM121L2,-0.3919213,0.0459,0.36846
HKR1,-0.3786026,0.046,0.36857
WDR92,0.1231327,0.175,0.3686973
C19ORF62,0.3527476,0.0461,0.36873
ASIC5,-0.05786459,0.175,0.3687658
PDCD11,-0.0499,0.27,0.369
LOC101928188,-0.159,0.269,0.369
LOC107984741,0.105,0.27,0.369
LOC105376183,0.178,0.27,0.369
BPNT2,0.0814,0.27,0.369
LOC107984374,-0.327,0.269,0.369
PODXL2,-0.10272583,0.175,0.3690615
PMCH,0.05902045,0.175,0.3694322
POTEB3,-0.05842535,0.175,0.3694402
KBTBD11-OT1,-0.06483789,0.175,0.3697776
OR7G3,0.06460807,0.175,0.369881
ODAM,-0.07872073,0.176,0.3699957
LOC101929657,0.216,0.27,0.37
LOC105374304,0.159,0.271,0.37
LOC105377499,0.226,0.27,0.37
LINC02762,-0.152,0.271,0.37
IPO5P1,0.104,0.27,0.37
AAED1,0.14192391,0.176,0.3702371
LINC00323,-0.06605999,0.176,0.370373
LOC284244,0.05612108,0.176,0.3705729
TAC1,-0.06977835,0.176,0.3705895
KIAA1704,-0.4823666,0.0465,0.37061
DNPH1,-0.0723287,0.176,0.3707436
PCDHA10,-0.05567889,0.176,0.3707436
LOC107984340,-0.16,0.271,0.371
TMEM87A,0.0558,0.271,0.371
DPRXP4,0.18,0.271,0.371
LOC105372485,0.125,0.271,0.371
HSPA2-AS1,0.137,0.271,0.371
ELOA,0.0593,0.272,0.371
RERE-AS1,0.148,0.271,0.371
LINC00671,-0.179,0.271,0.371
SNORD71,0.178,0.271,0.371
FOXN3-AS2,0.158,0.272,0.371
SH2B2,0.07840756,0.176,0.3710449
RPSA /// RPSAP58,-0.3424334,0.0466,0.37105
C1ORF127,-0.4624585,0.0467,0.37119
HEMK1,0.5280183,0.0467,0.37123
ERBB2IP,-0.3950374,0.0468,0.37127
PADI3,-0.05440023,0.177,0.3713283
SERPINB3,0.4286439,0.0468,0.3714
CCDC21,-0.3584678,0.0468,0.3714
KIAA0754,0.05484671,0.177,0.3715112
SPACA3,0.0848806,0.177,0.3716099
YARS2,-0.10743595,0.177,0.3718126
TUBB,-0.17349333,0.177,0.371831
SLC5A8,0.16283543,0.177,0.3718331
SLC27A6,0.3184429,0.0469,0.37188
SNORD103B,0.182,0.273,0.372
LOC105377862,-0.127,0.272,0.372
PDCD6P1,0.0913,0.272,0.372
LOC107986868,0.183,0.272,0.372
LOC107987254,-0.151,0.272,0.372
DCX,0.04713299,0.177,0.3722119
SSX1,-0.0746794,0.177,0.3722119
CCDC72,0.8020373,0.0471,0.37227
PHF21A,0.15362902,0.177,0.3722924
TPH2,0.05390964,0.177,0.3723756
IMPAD1,0.4343965,0.0472,0.37257
SNORD25,-0.14237351,0.178,0.3726547
ACTR5,-0.0759,0.273,0.373
NKX3-1,0.118,0.273,0.373
PDSS1,0.0688,0.273,0.373
MAP4K3-DT,0.0799,0.273,0.373
DECR1,0.0916,0.273,0.373
ANKRD26P3,0.392,0.273,0.373
LOC101928762,-0.128,0.273,0.373
SND1,-0.0632,0.274,0.373
WASHC4,0.0793,0.274,0.373
TTC28-AS1,0.067,0.273,0.373
LOC107986124,0.15,0.274,0.373
TSPAN6,0.12101913,0.178,0.3733668
IFNA13,0.05266338,0.178,0.3735836
MRPS28,-0.12300896,0.178,0.3735839
FAM69C,0.09521495,0.178,0.3738543
LOC728084,0.05762084,0.178,0.3738719
CCDC160,0.06705752,0.178,0.3739245
OXER1,0.22877917,0.179,0.3739456
UBE2QL1,-0.165,0.275,0.374
SRSF4,0.0443,0.274,0.374
RBM45,0.0736,0.274,0.374
LINC00659,-0.2,0.274,0.374
KDM8,-0.149,0.274,0.374
LINC02177,0.221,0.275,0.374
MRPL20,0.0739,0.275,0.374
PRAMEF7,0.06581765,0.179,0.3742803
DSEL,0.04926957,0.179,0.3743014
LIPM,-0.3430872,0.0476,0.3744
RBFOX3,-0.06233244,0.179,0.3744198
RSRC1,0.366872,0.0476,0.37453
TRPM8,0.29142759,0.179,0.3745649
SLC25A31,0.0698127,0.179,0.3745864
IGJ,-0.9046138,0.0477,0.37468
C1ORF114,-0.3435783,0.0478,0.37477
FBXO18,0.08038221,0.179,0.3749606
PAXIP1-DT,0.0775,0.275,0.375
LOC107986360,0.154,0.275,0.375
LOC112268267,0.0967,0.275,0.375
LOC107986067,0.184,0.275,0.375
LOC102723663,-0.205,0.275,0.375
TERLR1,-0.227,0.275,0.375
KCNIP2,-0.162,0.276,0.375
MGC24103,-0.4459684,0.0479,0.37515
CHRAC1,-0.6694425,0.0479,0.37515
ESP33,-0.2708244,0.048,0.37515
CENPN,0.5687746,0.0479,0.37515
PRUNE,-0.4761991,0.048,0.37515
CEACAM18,-0.3403446,0.048,0.37515
CYP2F1,-0.3673915,0.048,0.37515
C10ORF12,0.07054823,0.179,0.3752739
FAM164C,-0.4683189,0.0481,0.37554
LOC100288418,0.3640518,0.0482,0.37569
CMTM2,-0.3030627,0.0482,0.37569
SFRS1,0.5551981,0.0482,0.37569
FAM26F,0.10336315,0.18,0.3758511
CHIC1,0.06256376,0.18,0.3758511
RFWD2,0.07049873,0.18,0.3759692
PDGFRL,0.168,0.276,0.376
LOC105375566,0.214,0.276,0.376
LOC112268254,-0.139,0.276,0.376
NRF1,-0.05468941,0.18,0.3760457
INGX,-0.06339456,0.18,0.3761431
TMEM263,-0.11187634,0.18,0.3761659
STAG3L1 /// STAG3L2 /// STAG3L3,1.1324741,0.0484,0.37646
LINC01208,0.04789177,0.181,0.3766971
ARHGAP8,0.05126931,0.181,0.3766971
RPL3L,0.06404907,0.181,0.3767477
LINC01248,0.05310831,0.181,0.3767477
SSX5,-0.06878403,0.181,0.3767477
KIAA0141,-0.07452878,0.181,0.3769416
LINC00284,-0.08625765,0.181,0.3769966
GJA3,0.06522844,0.181,0.3769966
CES3,-0.141,0.277,0.377
WDR53,0.0605,0.277,0.377
MARCHF8,0.0622,0.277,0.377
SPATA13-AS1,-0.149,0.277,0.377
SNHG26,0.139,0.277,0.377
TRIP4,0.0678,0.277,0.377
LRRC43,-0.0599062,0.181,0.3770764
OR5B21,0.07360148,0.181,0.3772649
POC5,-0.10383451,0.181,0.3774789
KRTAP13-2,0.07370838,0.181,0.3774789
TOR1B,0.10277229,0.181,0.3775164
GPR1,-0.4115486,0.0486,0.3776
CPT1A /// RDH5,0.8163185,0.0486,0.3776
ZNF813,-0.06254957,0.182,0.3777285
C7ORF53,0.4771368,0.0486,0.37782
ADM5,-0.08125518,0.182,0.3778233
CCDC184,-0.07941123,0.182,0.3778717
LOC107986246,-0.16,0.278,0.378
LOC112268412,-0.0936,0.278,0.378
DNAJC11,-0.0644,0.278,0.378
HMGA2-AS1,0.266,0.278,0.378
FAM99B,-0.164,0.278,0.378
CCDC92,-0.0804,0.278,0.378
LOC100507336,0.188,0.278,0.378
LOC102723517,-0.246,0.277,0.378
CUBN,-0.148,0.278,0.378
CT62,-0.05211011,0.182,0.3782711
PFN4,-0.4211124,0.0488,0.37848
TICAM2,-0.14484935,0.182,0.3785681
BANP,0.24574953,0.182,0.3786689
EIF4A1 /// SNORD10,0.423581,0.0489,0.37886
FAM71F2,-0.3609654,0.0489,0.37886
PBDC1,0.0765,0.279,0.379
LOC105377887,0.0937,0.279,0.379
CASC9,0.466,0.279,0.379
ZFP37,0.136,0.279,0.379
LOC102723728,-0.0974,0.278,0.379
PMS1,0.0706,0.279,0.379
NBPF8,0.107,0.279,0.379
LOC105372976,0.14,0.278,0.379
TBC1D3D,-0.115,0.279,0.379
LOC107986554,0.189,0.279,0.379
LGALS13,-0.10437044,0.183,0.3790799
IRGQ,0.05963218,0.183,0.3791245
C2ORF77,-0.3635554,0.049,0.37918
MFI2,-0.5168012,0.049,0.37918
MOG,-0.3836037,0.0491,0.37927
CHCHD8,0.7998236,0.0491,0.37928
LY6G6F,0.05161538,0.183,0.3792886
GPR32,0.07156495,0.183,0.3795874
PRUNE2,0.08996676,0.183,0.3797146
BTN3A1 /// BTN3A2,-0.2993192,0.0493,0.37979
ARGFXP2,0.0720102,0.183,0.3797964
PNLIPRP3,0.05336689,0.183,0.3799138
IRS4,0.06156293,0.183,0.3799253
LOC729950,-0.05883776,0.183,0.3799321
GRM8-AS1,0.289,0.28,0.38
NID2,0.0835,0.28,0.38
LOC105371348,0.225,0.279,0.38
TRND,0.393,0.279,0.38
SRRM2-AS1,-0.15,0.28,0.38
CHDH,-0.0964,0.28,0.38
LOC105372790,0.299,0.28,0.38
LOC105371618,-0.273,0.28,0.38
MARCH11,-0.06799857,0.184,0.3800871
GATSL3,-0.07400372,0.184,0.380136
TXNRD3NB,0.05520498,0.184,0.3801536
LINC01162,0.06691201,0.184,0.3804752
LOC101927640,-0.05989653,0.184,0.3805109
HRG,-0.1838303,0.184,0.3805221
BZRAP1,-0.5547138,0.0495,0.38053
OR2L13,0.05901422,0.184,0.3805757
CGB3,0.06111888,0.184,0.380777
C19ORF81,-0.04805844,0.184,0.3808369
G6PC,1.3338185,0.0496,0.38086
GLT25D2,-0.3260492,0.0496,0.38086
LOC647859 /// OCLN,0.470457,0.0497,0.38088
RAD23B,0.15085433,0.184,0.3809936
KIAA1671,0.0678,0.281,0.381
COMMD4P2,-0.247,0.281,0.381
GBP1,-0.124,0.281,0.381
HFM1,-0.261,0.281,0.381
SRD5A3-AS1,0.186,0.281,0.381
PWWP3B,-0.165,0.281,0.381
DOCK8-AS1,-0.229,0.281,0.381
LOC101927866,0.06246934,0.184,0.3810521
ERCC3,-0.0620766,0.184,0.3812122
ATG4C /// CTR9,-0.3328169,0.0498,0.38143
PRAC,-0.3674909,0.0498,0.38149
ERAS,0.06173071,0.185,0.381639
C3ORF35,-0.07266779,0.185,0.381639
SCARNA14,-0.5117548,0.0499,0.38169
GOLGA6L7P,0.368884,0.0499,0.38169
TFF3,-0.45314577,0.185,0.3817497
LOC100996660,-0.156,0.281,0.382
LOC105379257,0.211,0.282,0.382
ZNF8-DT,-0.119,0.282,0.382
MKLN1-AS,-0.135,0.281,0.382
RUSF1,-0.146,0.282,0.382
LOC105376294,0.182,0.281,0.382
FAM199X,0.3596519,0.05,0.3821
LOC729451,-0.06601363,0.185,0.3822422
LOC100128239,-0.06623021,0.185,0.3823287
SULT1A4,0.07122026,0.185,0.3824106
AMOT,-0.1152229,0.185,0.3825156
GPR150,-0.07101051,0.185,0.3826964
TUBB4,-0.42848,0.0502,0.38274
SCYL2,0.7253858,0.0502,0.38274
CRIPAK,0.19591033,0.186,0.3829718
BTBD9-AS1,0.16,0.283,0.383
LOC100132077,0.139,0.283,0.383
SYT8,-0.09330021,0.186,0.3831622
C6ORF142,0.5528076,0.0503,0.38335
HOXD8,-0.08462903,0.186,0.3833934
SERINC3,-0.08617312,0.186,0.383409
OSR2,-0.3544901,0.0504,0.38343
OR51Q1,-0.05793061,0.186,0.3836143
CRYGC,0.05841162,0.186,0.3836767
TSPAN31,0.11108652,0.186,0.3838379
VGLL3,-0.272,0.283,0.384
EOLA2-DT,0.11,0.284,0.384
LOC105375549,0.127,0.284,0.384
LOC107987209,-0.198,0.283,0.384
GBP6,0.229,0.283,0.384
LOC105379548,0.128,0.284,0.384
OGFR-AS1,-0.183,0.283,0.384
PELI2,0.127,0.283,0.384
ZBTB42,-0.181,0.283,0.384
ND6,-0.246,0.283,0.384
NDP,-0.08824804,0.187,0.3840533
OR4X2,-0.400956,0.0505,0.38422
DLST,-0.3332721,0.0505,0.38422
S100G,0.05904809,0.187,0.3842506
CHCHD1,-0.11976616,0.187,0.3842952
UBE2NL,0.07461861,0.187,0.3843993
GS1-204I12.4,0.05737772,0.187,0.3844942
MED18,-0.06347437,0.187,0.3847403
ISCA1,-0.17223594,0.187,0.384785
GTF2IP1,-0.15054447,0.187,0.384785
SCN1A,-0.06286061,0.187,0.384785
JPH1,-0.10354639,0.187,0.3848925
MIR3936,0.17,0.284,0.385
FGD5-AS1,0.0686,0.284,0.385
SGSM3-AS1,0.154,0.285,0.385
GLDN,-0.3,0.284,0.385
SLC9A3R2,0.344576,0.0507,0.38514
FBP1,0.22956359,0.188,0.3851589
XRN2,-0.11921387,0.188,0.3852378
C11ORF10,0.9612812,0.0509,0.38555
C1ORF168,0.5649087,0.0509,0.38555
ABT1,-0.08320088,0.188,0.3857034
C20ORF4,-0.3723993,0.0509,0.38573
LOC107984993,-0.148,0.285,0.386
POMK,0.07529558,0.188,0.3860661
LIN28A,-0.4103885,0.051,0.38619
WSCD2,-0.4064166,0.051,0.38619
OR5W2,-0.05505889,0.188,0.3861969
C5ORF40,-0.3042981,0.0511,0.38628
ALG10 /// ALG10B,-0.2894335,0.0511,0.38628
CCNE2,0.05650415,0.188,0.3864895
TSGA10IP,-0.3132304,0.0512,0.38656
IL12B,-0.4197896,0.0512,0.38656
LOC105372777,0.184,0.286,0.387
DISC2,-0.163,0.286,0.387
CSTA,-0.193,0.286,0.387
LOC105378721,0.0645,0.286,0.387
GRIP1,0.157,0.286,0.387
BTBD9,0.0493,0.286,0.387
POM121L1P,-0.136,0.286,0.387
FAM161B,0.0483,0.286,0.387
DRAM2,0.7146264,0.0514,0.38703
SPINK14,0.06308472,0.189,0.3871602
CLEC6A,-0.2858183,0.0514,0.38724
CEMIP,-0.20987598,0.189,0.3872542
C11ORF2,0.5167493,0.0514,0.38726
TRMT44,-0.06925575,0.189,0.387436
OR2M5,0.07075163,0.189,0.3874776
FRMPD2,0.04801293,0.189,0.3875102
RNF183,-0.07266635,0.189,0.3875314
FGF5,0.06313956,0.189,0.3875728
OR10A4,0.04438463,0.189,0.3875747
CKMT1A,-0.06083915,0.19,0.3878108
SMC4,-0.07123374,0.19,0.3879919
LOC107986583,0.106,0.287,0.388
PCNX4-DT,0.165,0.287,0.388
NDNF,-0.236,0.287,0.388
CFAP20DC-DT,0.15,0.287,0.388
LOC101928373,0.278,0.287,0.388
PRSS55,-0.329,0.287,0.388
LINC02880,0.213,0.287,0.388
LOC101928618,-0.07265472,0.19,0.3880061
ATP7A,-0.10233801,0.19,0.388017
TCEB3CL,0.04957208,0.19,0.3880763
ATP5H,0.06172518,0.19,0.388084
TBC1D26 /// ZNF286A /// ZNF286B,-0.3019177,0.0516,0.38812
AURKC,-0.05178523,0.19,0.3882185
TCTEX1D4,-0.06093139,0.19,0.388235
KRT20,-0.0619263,0.19,0.3883036
RAB7L1,0.4066781,0.0517,0.38837
ARSB,-0.6092848,0.0517,0.38849
AOC4P,0.17590672,0.19,0.3886021
HN1L,-0.3217752,0.0518,0.38879
FAM18A,-0.3898239,0.0518,0.38879
KIR2DL5B,0.06976624,0.19,0.3888845
LOC105373716,0.113,0.288,0.389
LOH12CR2,0.134,0.288,0.389
LOC101927759,0.158,0.288,0.389
WDR70,0.0456,0.288,0.389
DELE1,-0.0614,0.288,0.389
LINC02691,-0.161,0.288,0.389
DAP,0.0732,0.288,0.389
LOC105369402,-0.152,0.288,0.389
LOC105377275,-0.287,0.288,0.389
LOC105374234,-0.22,0.288,0.389
CTC-338M12.4,-0.0857,0.288,0.389
CBWD5,0.8429231,0.052,0.38913
TAAR5,-0.06353679,0.191,0.3893976
ATP8A1,-0.3892181,0.0521,0.3895
FSTL4,0.06654111,0.191,0.389519
C12ORF44,0.361915,0.0521,0.38962
AMACR /// C1QTNF3,0.5100267,0.0521,0.38978
EPN2-AS1,0.144,0.289,0.39
LOC102723753,0.164,0.289,0.39
GDF9,0.146,0.289,0.39
TMEM92,-0.282,0.289,0.39
STAU2-AS1,0.195,0.289,0.39
C12ORF10,-0.4295615,0.0522,0.39021
MBD3L3,-0.06186815,0.191,0.3903145
EIF2C4,-0.2729009,0.0523,0.39047
ERN1,-0.07213933,0.192,0.3905051
MTR,-0.3574151,0.0524,0.39056
FAM49A,-0.3573269,0.0524,0.39056
LINC01490,0.06618483,0.192,0.3906699
CXORF51B,0.04463779,0.192,0.3909725
LOC107986982,-0.13,0.289,0.391
GALT,-0.114,0.29,0.391
OGFRP1,-0.192,0.29,0.391
NRG3,-0.154,0.29,0.391
LOC110091776,0.233,0.29,0.391
FAM182A,0.236,0.29,0.391
LOC107986454,0.189,0.29,0.391
LOC105378781,0.118,0.29,0.391
AGBL1-AS1,0.06056669,0.192,0.3911818
TM4SF1-AS1,0.04558779,0.193,0.3916717
NRD1,1.2209144,0.0528,0.39172
DDX11 /// DDX12 /// LOC642846,-0.3973201,0.0529,0.39197
SLC26A4,0.22,0.291,0.392
ZNG1A,0.0656,0.29,0.392
LOC105375919,0.185,0.29,0.392
RMST,-0.298,0.291,0.392
RBM34,-0.2680088,0.0529,0.3921
OR4D9,0.05193979,0.193,0.3921456
FIG4,-0.13830782,0.193,0.3922497
OR2A14,-0.04984239,0.193,0.3923235
AKNAD1,0.06201881,0.193,0.3924228
FAM113B,-0.3220234,0.053,0.39251
SCEL,-0.06819293,0.193,0.3925436
ADAMTS18,-0.06919017,0.193,0.3925768
DKK4,0.16139698,0.193,0.3925768
HIST1H2AB,-0.06113328,0.193,0.3926425
ZMAT2,-0.11071856,0.193,0.3926425
GUCY2F,-0.0715125,0.193,0.3926425
TMEM114,-0.05381959,0.193,0.3926637
SNORA65,-0.08354049,0.194,0.3927342
MARCH7,-0.11379847,0.194,0.3927342
CA3,-0.0546952,0.194,0.3927342
COQ8A,0.17117823,0.194,0.3927508
SIX2,-0.06861378,0.194,0.392892
TRAV20,-0.06850739,0.194,0.3929021
CRLF2,0.06496387,0.194,0.3929229
ESPNP,-0.25,0.291,0.393
LOC105378976,0.25,0.292,0.393
EIF3CL,-0.0848,0.292,0.393
LOC105378649,-0.132,0.292,0.393
H2BC21,-0.0884,0.292,0.393
SLC4A8-AS1,-0.262,0.292,0.393
ISM1,-0.177,0.292,0.393
ANKRD36C,-0.102,0.292,0.393
CCDC144A /// CCDC144B /// LOC220594,1.1352054,0.0532,0.39323
LOC728752,-0.4569008,0.0532,0.39333
KLK3,0.05406355,0.194,0.3933389
LOC81691,-0.09149571,0.194,0.3933438
TTTY8,0.07112052,0.194,0.3934211
YWHAB,0.8913764,0.0533,0.3935
LOC101928009,0.07053583,0.194,0.3935673
BPIFB3,0.06925968,0.194,0.3935673
SETD8,-0.3328104,0.0534,0.39375
FAM155A-IT1,0.05032729,0.195,0.3938167
RBMY1E,0.03934003,0.195,0.3938835
JAK1,-0.3947311,0.0535,0.39393
KLHDC3,0.3626601,0.0536,0.39393
SLC28A2,0.4305737,0.0536,0.39393
BMP10,-0.118,0.293,0.394
GALR2,0.154,0.293,0.394
LOC105377224,-1.15,0.293,0.394
C21ORF29,-0.5136228,0.0536,0.39401
KRTAP4-3,0.05753452,0.195,0.3942801
PLCH1,-0.0685634,0.195,0.3944788
KRTAP27-1,0.06036859,0.195,0.3946221
LOC101929371,0.05486061,0.195,0.3946221
KERA,-0.05338908,0.195,0.3947597
LINC01525,0.06012863,0.195,0.3947907
GOLGA8C /// GOLGA8DP /// GOLGA8E /// GOLGA8F /// GOLGA8G /// LOC653061,-0.36427,0.0539,0.3948
PVRL2,0.4689617,0.0538,0.3948
GTPBP5,0.288279,0.0538,0.3948
CPXM1,-0.3728934,0.0538,0.3948
LOC102725126///FRG1HP,-0.17090676,0.195,0.3948464
MIR7703,-0.137,0.294,0.395
LOC105369795,0.189,0.293,0.395
LOC107984269,-0.331,0.294,0.395
TMF1,0.0548,0.294,0.395
LINC02716,-0.205,0.294,0.395
UGT2B15,-0.22171158,0.195,0.3950831
SERPINI2,-0.05727835,0.196,0.3953867
LYPD5,-0.0878674,0.196,0.3953867
LOC148709,0.06360544,0.196,0.3956775
RAB21,0.0603,0.294,0.396
LOC101927521,0.141,0.294,0.396
SNORD49A,0.153,0.294,0.396
LOC105376987,0.243,0.294,0.396
LOC105370852,-0.28,0.295,0.396
RP2,-0.101,0.294,0.396
C9ORF139 /// LOC100291055,-0.2791506,0.0544,0.39608
C15ORF5,-0.3563925,0.0544,0.39608
UGT3A1,1.0559576,0.0544,0.39608
ACTR10,-0.08879171,0.197,0.3964426
CRH,-0.05824654,0.197,0.3964426
LOC101928398,-0.06409103,0.197,0.3964426
SRMS,0.05029241,0.197,0.3965671
LOC101927038,0.06897122,0.197,0.3966896
ABCC13,-0.3090187,0.0546,0.39684
ELTD1,-0.5003651,0.0547,0.39684
MLL,-0.3859704,0.0546,0.39684
KRTDAP,-0.3338374,0.0547,0.39689
LOC100507477,0.05833227,0.197,0.3969481
KLRF1,-0.203,0.296,0.397
LOC105376689,0.243,0.296,0.397
GCNA,0.115,0.295,0.397
DGCR8,-0.067,0.295,0.397
FAM239B,-0.248,0.295,0.397
LOC105372952,-0.277,0.295,0.397
ZNF436-AS1,0.191,0.295,0.397
LOC105370687,0.16,0.295,0.397
LOC102725228,0.111,0.295,0.397
LOC112268277,0.102,0.296,0.397
LOC284950,0.228,0.296,0.397
LOC284080,0.06277198,0.197,0.3972595
SSFA2,0.14418186,0.197,0.3972595
USP17L2,0.05958407,0.197,0.3972611
OR8B3,0.06133377,0.197,0.3976066
TLCD1,-0.15140015,0.198,0.3979672
HTRA4,0.09121834,0.198,0.3979672
GPR173,-0.204,0.297,0.398
LRRC9,0.177,0.297,0.398
MIR606,0.211,0.297,0.398
LOC107986553,0.244,0.297,0.398
GTF2IRD1P1,-0.078,0.296,0.398
C8ORF48,0.193,0.297,0.398
HHIP-AS1,-0.16,0.296,0.398
TDRG1,-0.06376382,0.198,0.3980473
TMEM35A,0.05306895,0.198,0.3981076
LINC00690,0.06762075,0.198,0.3981076
CASP2,0.15547682,0.198,0.3981336
EVA1A,0.22633396,0.198,0.3983496
CLCN4,0.06681112,0.198,0.3985723
ANKRD57,0.5178282,0.0552,0.39863
CNOT6,-0.3808798,0.0552,0.39864
PSG5,0.05388703,0.198,0.3986767
DARC,-0.3521266,0.0553,0.39868
NCAPG2,0.06383601,0.199,0.3988983
PBK,-0.08263994,0.199,0.3989123
NUDT4 /// NUDT4P1,-0.2540632,0.0554,0.39898
NRG2,-0.236,0.298,0.399
TSPEAR,0.266,0.297,0.399
LOC105377112,0.124,0.298,0.399
CYP27B1,-0.194,0.297,0.399
MIS12,0.10249253,0.199,0.3990635
CLCN1,-0.3144849,0.0555,0.39918
TMEM123,0.6509094,0.0555,0.39918
C14ORF178,0.4062772,0.0555,0.39918
CYP2B6 /// CYP2B7P1,0.8834318,0.0556,0.39931
LOC286052,-0.4584883,0.0557,0.39968
GABRB2,-0.3388016,0.0557,0.39976
LOC399815,-0.3466356,0.0557,0.39977
DACH1,-0.15426667,0.199,0.3998057
MUC16,-0.06375263,0.199,0.3998606
C7ORF71,-0.04904705,0.199,0.3998706
LOC101927495,0.06513801,0.199,0.3998706
NAA11,0.05168115,0.2,0.399959
LMNB1,0.06070491,0.2,0.3999628
LOC112268251,0.242,0.299,0.4
STXBP5,-0.0676,0.298,0.4
FOXO4,-0.0833,0.298,0.4
TGFBR1,-0.0772,0.298,0.4
MIR1184-1,-0.137,0.298,0.4
TBC1D29,-0.3579907,0.0558,0.40016
CES5AP1,0.06703392,0.2,0.4003873
PTGES,-0.13420192,0.2,0.4003938
TNNT2,-0.08761075,0.2,0.4003938
DUSP28,0.2952604,0.0559,0.4006
INS,-0.04435669,0.2,0.4006172
KU-MEL-3,-0.2632845,0.0559,0.40062
TSGA10,0.04903039,0.2,0.4006903
ALPP,0.21055855,0.2,0.40077
HARBI1,0.04795681,0.2,0.4008488
SFTPD,-0.08305414,0.2,0.4009014
MYL10,0.0462813,0.2,0.4009154
LOC102724319,0.189,0.3,0.401
MIR6501,-0.159,0.299,0.401
LOC105375521,0.169,0.299,0.401
ITPKB-IT1,-0.195,0.299,0.401
MIR5690,0.413,0.299,0.401
LOC107985188,0.139,0.299,0.401
PEG3-AS1,0.122,0.299,0.401
TP53RK,-0.10724192,0.201,0.401231
HS6ST3,0.05070234,0.201,0.4013626
GALNT5,0.04941138,0.201,0.4013626
MB21D1,-0.08802332,0.201,0.4013869
GNA14-AS1,0.05236951,0.201,0.4014036
OR2T1,-0.08551029,0.201,0.401487
FAM48A,0.6955463,0.0562,0.40169
ICAM5,-0.4738288,0.0562,0.40171
OR2T4,0.06564223,0.201,0.4018321
LOC401286,0.05037748,0.201,0.4018581
AK3L1,0.7901872,0.0562,0.40186
SDE2,0.10768778,0.201,0.4019458
MYOZ2,0.05866487,0.201,0.4019458
AGAP10 /// AGAP9 /// BMS1 /// BMS1P1 /// BMS1P4 /// BMS1P5 /// LOC642826,0.5812522,0.0563,0.40195
GABARAPL3,-0.3834307,0.0564,0.40195
FAM107B,0.8325579,0.0563,0.40195
OR12D2,-0.3234084,0.0564,0.402
RPAP3,0.0562,0.3,0.402
GOLGA6L3P,-0.121,0.301,0.402
LOC105373041,-0.162,0.3,0.402
LOC105377622,0.265,0.3,0.402
SPANXA1 /// SPANXA2 /// SPANXC /// SPANXD /// SPANXE,-0.5088023,0.0564,0.402
LOC107986949,0.144,0.3,0.402
ERICH6-AS1,0.149,0.3,0.402
MORC2,0.11299258,0.201,0.4020522
IGF2,0.18775204,0.201,0.4020777
NR2E3,-0.3205665,0.0564,0.40214
ANKHD1 /// ANKHD1-EIF4EBP3,0.2871577,0.0564,0.40217
OR10H2,-0.05596476,0.202,0.4022313
CTTNBP2,-0.05458904,0.202,0.4022505
TRIM14,0.2474205,0.0565,0.40236
B3GALT2,-0.3860687,0.0566,0.40254
MSX2,0.3999682,0.0567,0.40259
MKRN2OS,0.109,0.301,0.403
RAB5C-AS1,0.119,0.301,0.403
LOC107986970,-0.157,0.301,0.403
KLHL14,-0.24,0.301,0.403
CMC4,0.0923,0.301,0.403
SELENOK,-0.0925,0.301,0.403
KAT8,-0.0833,0.301,0.403
LOC102723708,-0.168,0.301,0.403
CNTNAP3B,-0.15,0.301,0.403
PNMA5,0.04182992,0.202,0.4030222
ZNF625,0.06608521,0.202,0.4031454
CCER1,0.06094186,0.202,0.4033011
GDF15 /// LOC100292463,-0.2873809,0.0568,0.40331
C1QTNF9 /// SPATA13,-0.3261953,0.0569,0.40347
ANKRD10,-0.12061491,0.203,0.4036914
LOC100996342,0.05787209,0.203,0.4039559
CCDC13-AS2,0.266,0.302,0.404
GRIK4,0.291,0.302,0.404
LOC105371649,0.236,0.302,0.404
LOC105378085,0.177,0.302,0.404
FAM46C,-0.24886304,0.203,0.4042234
LY6D,0.05378924,0.203,0.4042234
RFPL2,0.06811057,0.203,0.4043205
ZNF709,0.04637102,0.203,0.4043369
GPR62,0.05664577,0.203,0.4043752
TDH,0.05952375,0.204,0.4047914
CDH18,-0.3829561,0.0573,0.405
TRMT10C,0.0879,0.303,0.405
LINC00342,-0.114,0.303,0.405
AGPAT4,-0.0793,0.303,0.405
BLCAP,-0.056,0.303,0.405
LOC105370181,0.191,0.303,0.405
TPBG,-0.04746679,0.204,0.4050087
WFDC13,-0.04747744,0.204,0.4050219
XAGE2 /// XAGE2B,-0.3838115,0.0574,0.40508
SDCCAG1,-0.5005426,0.0574,0.40508
NCRNA00188,0.7926758,0.0574,0.40508
LINC00919,0.05426516,0.204,0.4053363
MRFAP1,1.0874462,0.0576,0.40584
LOC100133106,-0.4092877,0.0577,0.40586
LINC00662,0.05252179,0.204,0.405869
AGBL1,0.05053579,0.204,0.405869
ZBTB12,0.04863115,0.204,0.4059155
LOC107986755,-0.212,0.304,0.406
LOC107987102,0.106,0.304,0.406
LOC107985279,0.308,0.304,0.406
LINC01352,0.15,0.304,0.406
C21ORF34,0.3480724,0.0577,0.40603
LOC105371907,0.04728281,0.205,0.4060783
KCNJ11,-0.05377015,0.205,0.4062267
FAM84B,-0.1160364,0.205,0.4066053
PI15,0.09396287,0.205,0.406648
DNAI2,0.09159054,0.205,0.4067883
NIPAL3,-0.09850477,0.205,0.4068642
ACTA1,0.05372906,0.205,0.4069097
ERO1LB,0.333097,0.058,0.40693
KRT81,-0.09454815,0.205,0.4069933
LOC105373585,-0.196,0.305,0.407
LOC102724865,0.11,0.305,0.407
SNORD103A,0.166,0.305,0.407
CHROMR,0.085,0.305,0.407
ARGLU1,-0.0693,0.305,0.407
LOC100129148,0.0641,0.305,0.407
TSSK4,-0.123,0.305,0.407
LOC112268044,0.433,0.305,0.407
MIR378B,0.224,0.304,0.407
KLRG2,0.199,0.304,0.407
LOC107983990,0.14,0.305,0.407
PITPNA-AS1,-0.0839,0.304,0.407
ZDHHC12-DT,0.114,0.305,0.407
YPEL4,-0.06152375,0.206,0.4073428
LYL1,-0.19658766,0.206,0.4075191
FLNB-AS1,0.0623,0.306,0.408
LOC100288570,0.157,0.306,0.408
LOC105371131,0.109,0.306,0.408
LOC101927896,0.189,0.306,0.408
LOC105369530,0.226,0.306,0.408
LOC101928540,0.211,0.305,0.408
LOC107983996,0.19,0.306,0.408
RNVU1-2A,0.212,0.306,0.408
LOC100132099,0.2885117,0.0583,0.40814
ABCG5,1.000115,0.0583,0.40814
RNF219-AS1,0.0390791,0.206,0.4081505
ZBTB1,-0.3279369,0.0583,0.40839
KRTAP5-11,0.06599373,0.207,0.4084769
LOC139201 /// MAP2K4,0.8249178,0.0584,0.40865
LASS5,-0.4839586,0.0585,0.40874
LOC105370829,0.04843862,0.207,0.4087455
IL12A-AS1,0.05005533,0.207,0.4087455
PDHA2,0.05390858,0.207,0.4087755
ANKRD1,-0.4828765,0.0585,0.40879
LOC100507412,0.289,0.307,0.409
ASCL1,-0.505,0.307,0.409
RSPH10B2,0.159,0.307,0.409
LOC107986821,0.263,0.307,0.409
LOC388572,-0.127,0.307,0.409
LOC101930129,0.172,0.307,0.409
DIPK2A,0.126,0.307,0.409
OPN1LW /// OPN1MW /// OPN1MW2,-0.3808957,0.0586,0.40905
C7ORF25 /// PSMA2,-0.3236007,0.0586,0.40905
CGB /// CGB1 /// CGB2 /// CGB5 /// CGB7 /// CGB8,-0.4523196,0.0586,0.40905
TRHR,-0.05990684,0.207,0.4091104
LOC146513,0.07095114,0.207,0.4092875
PPEF1,0.06269952,0.208,0.4094226
CDR1-AS,0.04921584,0.208,0.4095088
ZNF530,-0.3919637,0.0589,0.4096
EIF2B2,-0.5082924,0.0589,0.4096
HECTD2,0.085,0.308,0.41
FAM245A,0.152,0.308,0.41
LINC01808,0.255,0.308,0.41
SNORD2,0.114,0.308,0.41
TREML1,-0.193,0.308,0.41
TMED7-TICAM2,0.0761,0.308,0.41
LOC105376166,0.286,0.308,0.41
LOC107985877,0.132,0.308,0.41
ARMH4,0.124,0.308,0.41
LRP1-AS,-0.0997,0.308,0.41
GMDS-DT,0.0795,0.308,0.41
TCF15,-0.3658213,0.059,0.41003
C9ORF156,-0.335831,0.0591,0.41005
SCN2B,-0.3213759,0.0591,0.41005
HIST2H2BE,-0.3989479,0.0591,0.41005
LOC100130933,-0.3571666,0.0591,0.41011
GRIN2D,0.04189811,0.208,0.4101749
ATXN3L,-0.05952018,0.208,0.4104363
ANGPT4,-0.06938028,0.208,0.4104368
EBLN1,0.06336229,0.208,0.4104368
KDM3B,0.07875994,0.208,0.4104368
ACPP,-0.05669633,0.209,0.4107041
TTLL6,0.04051718,0.209,0.4108372
ZNF890P,-0.16,0.309,0.411
LOC105372226,0.109,0.309,0.411
HCRTR1,-0.149,0.309,0.411
PKD1L3,0.155,0.309,0.411
PSMD3,-0.123,0.309,0.411
LOC105371159,0.213,0.309,0.411
C16ORF42,0.3850021,0.0594,0.41112
LINC00945,0.04287831,0.209,0.4111661
SLC12A3,-0.07163536,0.209,0.4111661
TPGS1,-0.11496317,0.209,0.411172
METT10D,-0.3419843,0.0595,0.41135
SF3B3,0.09845297,0.209,0.4117833
KCNK13,-0.10940604,0.209,0.4117929
LOC105371756,0.13,0.31,0.412
MIR1200,0.205,0.31,0.412
LOC105374735,-0.309,0.31,0.412
CBR1-AS1,-0.223,0.31,0.412
FRG1EP,0.17,0.31,0.412
LOC100129931,0.0931,0.31,0.412
LOC105375330,0.29,0.31,0.412
SLCO1C1,0.06487117,0.21,0.4120309
LOC105371506,0.05895338,0.21,0.4124025
ZNF484,-0.3982107,0.0598,0.4125
LOC653566 /// SPCS2,0.4296593,0.0598,0.4125
ZNF169,-0.2753026,0.0598,0.4125
DIXDC1,0.05452857,0.21,0.4125807
HIST1H2AH,0.05641956,0.21,0.4125819
CLCNKB,-0.388697,0.0599,0.41269
NECAP1,-0.2912771,0.0599,0.41269
TRIM29,-0.06313219,0.21,0.4128712
GTF2I /// GTF2IP1 /// LOC100093631,0.4355776,0.0601,0.41299
GPR87,-0.2983657,0.0601,0.41299
LOC107985550,0.139,0.31,0.413
LOC105369535,0.186,0.311,0.413
BACH1-IT3,-0.179,0.312,0.413
LOC105370485,-0.214,0.311,0.413
TMIE,0.177,0.311,0.413
ELOC,0.0664,0.311,0.413
LOC101928361,-0.14,0.31,0.413
GRIN2C,-0.208,0.311,0.413
LOC107985120,0.125,0.311,0.413
NRCAM,-0.292,0.311,0.413
NPIPB9,0.0795,0.311,0.413
SNORA77,0.3415755,0.0602,0.41305
OR51G2,0.04932941,0.211,0.4134603
LINC01628,-0.05769035,0.211,0.41359
KCNS1,0.0802455,0.211,0.4135943
TMED4,-0.08687828,0.211,0.413727
OR13F1,0.0565833,0.211,0.4138434
PYM1,-0.08845044,0.211,0.4139649
LOC105373117,-0.124,0.312,0.414
LOC100129617,0.135,0.312,0.414
LPGAT1-AS1,0.185,0.312,0.414
PLA1A,0.118,0.312,0.414
LOC105371087,-0.169,0.312,0.414
CLP1,-0.0869,0.312,0.414
MTCP1,-0.0867,0.312,0.414
TBC1D3K,-0.101,0.312,0.414
SMARCD2,-0.0898,0.312,0.414
LOC162632,-0.242401,0.0604,0.41405
NTF4,-0.04841479,0.211,0.4141618
SULT2B1,-0.0578433,0.211,0.4142219
SFN,0.05722124,0.211,0.414408
HBXIP,0.4120639,0.0606,0.41453
CIB3,0.05007992,0.212,0.4145753
RAB40A,0.06201633,0.212,0.4149133
SLITRK1,-0.3168411,0.0607,0.41492
C1ORF91,-0.3738737,0.0607,0.41497
GUSBP1,0.0889,0.313,0.415
ND4,-0.313,0.313,0.415
LOC107986303,0.173,0.313,0.415
TRIM52-AS1,-0.117,0.313,0.415
TCTA,0.0887,0.313,0.415
CEP250-AS1,-0.104,0.313,0.415
LOC105371800,0.288,0.313,0.415
C2ORF74-AS1,0.201,0.313,0.415
BTBD11,0.05190677,0.212,0.4150975
LINC01197,0.04599332,0.212,0.4150975
CENPP,-0.08265386,0.212,0.415361
PLA2G2E,0.05225178,0.212,0.4153704
TMEM179,0.3480874,0.0609,0.41541
C19ORF6,0.2895862,0.0609,0.41541
SGCG,0.0594291,0.213,0.4158974
VHL,0.16269291,0.213,0.415982
SMYD3-AS1,0.121,0.314,0.416
AP1S1,-0.117,0.314,0.416
C1ORF85,-0.4220572,0.0612,0.41606
RCOR1,0.437901,0.0611,0.41606
KIAA1826,-0.353686,0.0611,0.41606
CSN3,-0.3625965,0.0611,0.41606
KRT40,0.06392398,0.213,0.416102
CDH20,0.05394728,0.213,0.4164043
ATOH1,-0.0539833,0.213,0.4164977
DMRTC2,-0.06223307,0.213,0.4165247
C12ORF49,-0.4138539,0.0614,0.41657
BARX1,-0.06109065,0.213,0.4165815
STARD6,0.05396587,0.213,0.4167852
ANKRD20A9P,0.251,0.315,0.417
THAP7-AS1,0.145,0.315,0.417
LOC112267930,0.23,0.315,0.417
LOC107984248,0.119,0.315,0.417
LOC105369377,-0.228,0.315,0.417
LOC102724143,0.126,0.315,0.417
FARS2-AS1,0.126,0.315,0.417
SNORD101,0.04284441,0.214,0.4170428
ZNF792,-0.3274059,0.0616,0.41705
PCCB,0.3018041,0.0616,0.4171
OR1L4,0.05712675,0.214,0.417296
MRPL33,0.12102941,0.214,0.4175974
WHSC1,0.05527767,0.214,0.4176294
KCTD20,0.08671881,0.215,0.4178655
RTFDC1,-0.07468473,0.215,0.4179352
TENT4A,0.0558,0.316,0.418
RALA,-0.0628,0.316,0.418
LINC02646,0.172,0.316,0.418
LINC02826,0.262,0.316,0.418
KCTD13-DT,0.137,0.316,0.418
KIAA0174,0.4964191,0.062,0.41835
C7ORF59,0.3816002,0.062,0.41835
DAZAP2,0.8351351,0.0621,0.41881
HMGA1P7,0.04658818,0.215,0.4188412
ARHGEF3-AS1,0.05176868,0.215,0.4189527
LOC102723604,-0.185,0.317,0.419
ARHGAP28,-0.17,0.317,0.419
CRSP8P,-0.111,0.317,0.419
TCERG1,0.0587,0.316,0.419
ZNF750,0.05689449,0.215,0.4190242
LINC01445,0.04815402,0.215,0.4190697
KDELC1,-0.08866834,0.215,0.4191038
OR14A16,0.06347636,0.216,0.4192345
SYS1,-0.4870247,0.0623,0.41956
OR5V1,0.05351086,0.216,0.4196327
EFHA2,0.2553463,0.0624,0.41968
AGAP6 /// AGAP7,0.6677038,0.0625,0.41968
GLOD5,0.371994,0.0624,0.41968
CARS,0.4618229,0.0625,0.41968
LARS2,-0.3126339,0.0624,0.41968
GPR126,0.5300617,0.0625,0.41981
NRBF2,0.4744364,0.0626,0.41984
ZIC2,0.05759214,0.216,0.4199023
PNLIPRP1,0.04968606,0.216,0.4199023
DENND1A,-0.3551567,0.0627,0.41998
LOC100287828 /// RCN1,0.5870785,0.0626,0.41998
LOC101929703,0.109,0.318,0.42
CLDN34,0.218,0.318,0.42
LOC105378497,0.148,0.317,0.42
PF4V1,-0.0704125,0.216,0.4201533
TRIM46,-0.3278258,0.0628,0.42023
KLHDC5,-0.9266228,0.0628,0.42023
FAM21C /// FAM21D,-0.5530703,0.0629,0.42042
FKBP6,-0.3221147,0.0629,0.42058
WFDC10A,0.4034828,0.0629,0.42063
CDH7,0.04996476,0.217,0.4206783
PGPEP1L,-0.0559003,0.217,0.4207233
ZRANB2-AS2,-0.06735112,0.217,0.4207862
FAM58A,-0.12378251,0.217,0.4208943
LOC112268166,-0.108,0.318,0.421
LOC107984656,0.14,0.319,0.421
RNU2-1,0.09309919,0.217,0.4211803
ATP8B5P /// ZFAND6,0.3078041,0.063,0.42125
IL17A,-0.2990305,0.0631,0.42128
OR5G5P,0.04018893,0.217,0.4213016
LOC400927,0.05823533,0.217,0.4213462
CYORF15B,-0.7337886,0.0632,0.42143
VSIG1,-0.05138809,0.218,0.421439
MYLK4,-0.05045904,0.218,0.4216652
LEMD1,0.05743601,0.218,0.4216732
IBA57,0.06965715,0.218,0.4217911
PGM3,-0.2927736,0.0633,0.42181
C6ORF27,-0.4254565,0.0633,0.42181
CDC14B /// CDC14C,0.3700087,0.0633,0.42186
CA7,0.05324275,0.218,0.4218943
RSPO3,0.0834,0.32,0.422
LOC112268106,0.312,0.32,0.422
SWSAP1,-0.144,0.32,0.422
LOC112268165,0.136,0.319,0.422
LYRM9,0.0727,0.319,0.422
GACAT3,-0.07456604,0.218,0.4223473
KCCAT333,-0.05307801,0.218,0.4223618
LINC01396,-0.041613,0.218,0.4224104
PCDHGC5,0.06392183,0.219,0.4224781
OR52E4,0.05788069,0.219,0.4227046
PTCH2,-0.05137281,0.219,0.4227203
OC90,0.05895671,0.219,0.4227545
C9ORF123,0.3987459,0.0636,0.42295
CCDC28A-AS1,0.134,0.32,0.423
LOC102723468,0.109,0.32,0.423
LOC105379243,-0.13,0.32,0.423
ZNF391,-0.156,0.321,0.423
LOC105376222,-0.166,0.32,0.423
SPATA3-AS1,-0.0628434,0.22,0.4235748
RNF186,-0.07075601,0.22,0.4236098
PDZD11,0.3779676,0.0639,0.42376
NAMA,0.05345981,0.22,0.4237662
KIAA1804,-0.07703936,0.22,0.423842
BMP7,0.04482264,0.22,0.4238972
LOC107986294,0.291,0.322,0.424
RP9P,-0.0775,0.322,0.424
KIAA0196,-0.08842221,0.22,0.4240032
CEBPG,0.1131539,0.22,0.4240648
SLC17A7,0.06039424,0.22,0.4241885
NHEDC2,0.4515647,0.064,0.4242
FAM82A1,0.3308915,0.0641,0.42448
TAF11,0.05639666,0.22,0.4245492
KIAA0825,0.05154302,0.221,0.4248127
FLT3,-0.08540724,0.221,0.4249743
NUCB2,0.105,0.322,0.425
MLIP,-0.215,0.322,0.425
WBP11,0.0433,0.322,0.425
LOC101928032,0.176,0.322,0.425
ADRB1,-0.05286411,0.221,0.4250473
CST8,0.05645796,0.221,0.4252124
GUSBP2,-0.14910184,0.221,0.4253163
AVPI1,0.21469724,0.221,0.4255251
SLC39A1,-0.3787533,0.0646,0.42584
TAX1BP1,0.7824903,0.0647,0.42594
AQP7 /// AQP7P1 /// AQP7P2 /// LOC100132938,0.3713595,0.0647,0.42594
KIAA1407,-0.3256331,0.0648,0.42594
POM121C,-0.0524,0.323,0.426
SNORD44,-0.183,0.323,0.426
GRTP1-AS1,0.14,0.323,0.426
MIR4450,0.194,0.324,0.426
LOC105372217,0.16,0.323,0.426
LINC01152,-0.202,0.323,0.426
ELOA3DP,-0.227,0.324,0.426
LOC102724586,-0.206,0.323,0.426
ABHD14B,0.13806201,0.222,0.4262255
DYNC1LI1,-0.3835859,0.0649,0.4263
FRG2,0.06634117,0.222,0.4263089
MYPN,0.05487098,0.222,0.4266514
OR6C68,0.05024399,0.222,0.4267022
KRTAP8-1,0.3426235,0.0652,0.42686
SP140 /// SP140L,-0.5148615,0.0652,0.42686
HIPK3,0.09234156,0.222,0.4269693
LOC105379189,0.231,0.324,0.427
LOC105369371,0.209,0.324,0.427
PARN,0.0406,0.324,0.427
VDAC1,-0.08111411,0.223,0.4270635
LINC00890,0.19946313,0.223,0.42742
LOC646982,0.4484034,0.0654,0.42743
SIPA1L2,0.30347421,0.223,0.4274556
LINCR-0003,0.0465085,0.223,0.4274958
PIH1D3,0.04745523,0.223,0.4275317
CR2,-0.05240136,0.223,0.4275897
FLJ43859 /// FLJ43950,-0.3506007,0.0654,0.42761
COPS3,0.06873782,0.223,0.4279026
NODAL,-0.05649539,0.223,0.4279026
PSMG3-AS1,0.101,0.325,0.428
SAA2-SAA4,-0.147,0.325,0.428
LOC105373974,0.262,0.325,0.428
FAM215B,-0.134,0.325,0.428
MIR6073,-0.178,0.325,0.428
NOLC1,-0.0555,0.325,0.428
LOC105373592,-0.241,0.325,0.428
DCP2,0.12510754,0.223,0.4280592
LRFN2,-0.05150476,0.224,0.4282464
GLTSCR2,-0.1045071,0.224,0.4282986
LINC01498,0.04854186,0.224,0.4283537
LOC100128035,0.3511217,0.0657,0.42859
OR1L3,0.06322139,0.224,0.4286992
FGF23,-0.10438543,0.224,0.4287942
ACPL2,0.2619623,0.0658,0.42892
LIMCH1,-0.2986582,0.0658,0.42892
LOC105371082,-0.215,0.326,0.429
PUM1,0.0367,0.326,0.429
SAP30-DT,-0.171,0.326,0.429
LOC107984406,-0.179,0.326,0.429
ARMH1,0.128,0.326,0.429
LOC105369344,-0.162,0.326,0.429
MUC19,0.517,0.326,0.429
LINC02421,0.183,0.326,0.429
FOXC2,0.11733495,0.224,0.4290484
ZSWIM2,0.04279362,0.225,0.4295162
CEP97,0.04927208,0.225,0.4297977
OGT,-0.14241082,0.225,0.4298649
CD38,-0.20359361,0.225,0.4298649
TMEM237,-0.11326357,0.225,0.4298669
NPY,0.05181003,0.225,0.4299685
TNFRSF10A-DT,0.168,0.327,0.43
LINC02584,0.205,0.327,0.43
PTPRG-AS1,0.0834,0.327,0.43
ST3GAL5-AS1,0.171,0.327,0.43
ZNF578,-0.136,0.327,0.43
ARHGAP27P1-BPTFP1-KPNA2P3,-0.0682,0.327,0.43
HRASLS,-0.07170719,0.225,0.4302253
NDUFB10,0.3205292,0.0663,0.43038
C17ORF102,-0.2973585,0.0663,0.43038
RWDD4A,-0.3958889,0.0663,0.43043
LOC102723377,-0.05256633,0.225,0.4304446
LOC100130817,0.05525983,0.226,0.4307083
TRIM63,-0.06743484,0.226,0.4307397
KRTAP23-1,-0.419751,0.0665,0.43076
SCGB1C1,0.06607327,0.226,0.4308501
LOC107983980,0.271,0.328,0.431
SOX13,0.2727932,0.0668,0.43114
SOAT1,-0.4395211,0.0668,0.43116
BPIFA2,0.05385764,0.226,0.4311762
OR1A1,-0.07081963,0.226,0.4313369
TEX9,-0.06529801,0.226,0.4313369
FAM221B,0.05428693,0.226,0.4313717
LOC646778,0.0588358,0.227,0.4316507
TMPO,-0.05967473,0.227,0.4318374
ZNF32-AS2,0.102,0.329,0.432
LOC107985869,0.242,0.329,0.432
AGAP7P,-0.0806,0.329,0.432
PRKAG2-AS1,0.104,0.329,0.432
TNXA /// TNXB,0.4016214,0.067,0.43205
FTSJD2,0.3104559,0.0671,0.4322
CALM3,0.6220834,0.0671,0.4323
LOC101927577,0.04988488,0.227,0.4323876
LOC728819,-0.3360351,0.0672,0.43254
HBE1,0.03749768,0.227,0.4326464
LOC101927026,0.134,0.33,0.433
MIR1244-3,-0.0962,0.33,0.433
LOC105372884,0.128,0.33,0.433
CDCA7L,-0.0668,0.33,0.433
GCC1,-0.0589,0.33,0.433
LOC105370583,0.356,0.33,0.433
LOC105375839,0.153,0.33,0.433
LOC105376956,0.169,0.33,0.433
ZDHHC4,0.0686,0.33,0.433
GULP1,-0.10988588,0.228,0.4330246
C13ORF39,-0.2817982,0.0673,0.43307
ZFP69,0.04997815,0.228,0.4331458
FOXI2,0.03914178,0.228,0.4333583
FAM154B,-0.2608671,0.0674,0.43345
LY6K,-0.2664355,0.0675,0.43379
TOB1,0.9642089,0.0676,0.43393
CCL3L1 /// CCL3L3,-0.3343615,0.0676,0.43396
LOC100133161 /// LOC100133331 /// LOC100292804 /// LOC653340 /// LOC729737,-0.2973811,0.0677,0.43399
GDF5OS,-0.3539904,0.0676,0.43399
SPACA5 /// SPACA5B,-0.3000774,0.0677,0.43399
THEM4,0.0567,0.331,0.434
MIR4482,-0.166,0.331,0.434
DDC-AS1,0.175,0.331,0.434
FAM86DP,0.0907,0.331,0.434
IRF1-AS1,-0.0913,0.331,0.434
PYGL,0.0754,0.331,0.434
GAGE1 /// GAGE12B /// GAGE12C /// GAGE12D /// GAGE12E /// GAGE12F /// GAGE12G /// GAGE12H /// GAGE12I /// GAGE12J /// GAGE13 /// GAGE2A /// GAGE2B /// GAGE2C /// GAGE2D /// GAGE2E /// GAGE4 /// GAGE5 /// GAGE7 /// GAGE8,-0.2663149,0.0677,0.43417
MRGPRX3,-0.2462757,0.0678,0.43419
LOC105378052,-0.05093863,0.229,0.4342817
C20ORF106 /// C20ORF107,-0.4033009,0.0678,0.43429
OR52B2,0.05252825,0.229,0.4342901
TMEM183B,0.08290241,0.229,0.4345281
KLHDC8A,-0.06003459,0.229,0.4346251
LINC01605,0.0515969,0.229,0.4346251
CXADRP2,0.0545819,0.229,0.4346342
DISC1 /// TSNAX /// TSNAX-DISC1,-0.3419987,0.0679,0.43467
FLJ40504,-0.3338095,0.068,0.4349
CHRND,-0.2773586,0.068,0.4349
OR52N5,-0.06154414,0.229,0.4349652
LOC105377347,0.093,0.332,0.435
LOC107986154,-0.182,0.332,0.435
SNORA1,-0.156,0.332,0.435
LBX2-AS1,0.111,0.332,0.435
LINC00863,0.0728,0.332,0.435
RHOU,-0.098,0.332,0.435
ACTL7A,0.06909828,0.23,0.4351742
SEPTIN 14,0.2691104,0.0681,0.43528
SAMD8,-0.4449462,0.0682,0.43531
TAZ,-0.06372033,0.23,0.4353555
TMEM59L,0.04772481,0.23,0.4354175
CEBPE,-0.4183959,0.0683,0.43559
KLF8,-0.3150218,0.0684,0.43566
LOC644538,-0.3680869,0.0684,0.43584
KRT79,0.04749738,0.23,0.4359108
EPB41L4A,0.07307687,0.23,0.4359108
ASZ1,-0.05631149,0.23,0.4359636
LOC107986293,-0.211,0.333,0.436
LOC105375126,-0.144,0.333,0.436
LOC105374376,-0.161,0.333,0.436
PIN4,0.06629699,0.231,0.4364685
GRASP,-0.4423734,0.0687,0.43658
NBPF15,-0.07087913,0.231,0.4365855
SIX3,0.04544811,0.231,0.4367823
LOC100507388,-0.05351528,0.231,0.4369959
LOC112268058,0.113,0.333,0.437
LINC02625,0.199,0.334,0.437
PLCD4,-0.112,0.333,0.437
LOC105371271,0.109,0.334,0.437
LOC105373618,0.14,0.334,0.437
C1ORF25,0.5794926,0.0688,0.43712
SPRR2G,0.05913397,0.231,0.4372801
GET4 /// SUN1,0.377833,0.0689,0.43761
LOC100294221 /// STK19,0.2941356,0.069,0.43767
PTTG1 /// PTTG2 /// PTTG3P,-0.2780622,0.069,0.43772
GNB2L1,0.9674521,0.0691,0.4378
HIST1H1A,0.4816946,0.0692,0.43793
RNF5P1,-0.125,0.335,0.438
CCDC188,-0.188,0.335,0.438
LOC105378415,0.202,0.335,0.438
DDIT4L,-0.19,0.335,0.438
LOC107985023,-0.116,0.335,0.438
LOC105373378,0.104,0.335,0.438
CD101-AS1,-0.157,0.335,0.438
LOC105371103,0.11,0.335,0.438
TMPRSS13,-0.206,0.335,0.438
PHOX2B,0.04924139,0.232,0.438321
CLEC18A /// CLEC18B /// CLEC18C,-0.322175,0.0694,0.43851
DTNB,-0.3134884,0.0694,0.43851
ANKRD34B,0.05685957,0.232,0.4388276
PARK2,0.04459441,0.233,0.438844
FAM85A,-0.155,0.336,0.439
ZNG1F,0.0637,0.336,0.439
MINCR,0.116,0.336,0.439
SNORD58A,0.194,0.336,0.439
IQUB,0.162,0.336,0.439
MIR3655,-0.124,0.336,0.439
DGUOK-AS1,-0.0894,0.336,0.439
CCDC200,-0.134,0.335,0.439
PCDHA12,0.188,0.336,0.439
LOC105378487,0.113,0.336,0.439
RSPH9,-0.105,0.336,0.439
GHRHR,-0.07295288,0.233,0.4390782
MYEOV2,0.3525989,0.0697,0.43913
SESN2,0.08898055,0.233,0.4392906
FOXN1,-0.3621685,0.0698,0.43939
EIF3IP1,0.0627098,0.233,0.4393939
CEACAM4,-0.2832538,0.0698,0.43956
SLC16A14,-0.2876893,0.0699,0.4396
S100A3,-0.06493888,0.233,0.4397328
MYCNUT,-0.0440294,0.233,0.4397769
LNCRI,-0.238,0.337,0.44
LOC105369957,-0.224,0.336,0.44
FAM192A,-0.4303281,0.07,0.44004
LINC01195,0.04830434,0.234,0.4400781
AGR2,-0.3187681,0.0701,0.44008
C20ORF135,-0.4024303,0.0702,0.44031
TBX20,-0.05718429,0.234,0.4403687
BAIAP2L1,0.6279419,0.0703,0.44051
C12ORF72,0.3248978,0.0702,0.44051
OSTBETA,0.3902004,0.0705,0.44063
SFRS13A,-0.282717,0.0705,0.44073
PCNX,-0.4128181,0.0705,0.44073
MS4A8B,-0.2642844,0.0706,0.44073
SLC2A5,-0.1426696,0.234,0.4409711
MIR3064,-0.105,0.338,0.441
LOC112267940,0.107,0.337,0.441
CENATAC-DT,0.131,0.338,0.441
LINC02048,-0.209,0.338,0.441
RNVU1-14,-0.156,0.338,0.441
CCZ1B,-0.30360534,0.235,0.4413667
CARS2,0.10007896,0.235,0.4415943
MIR124-2HG,0.06858937,0.235,0.441754
PITX3,-0.06249927,0.235,0.4419605
GARIN6,-0.272,0.338,0.442
ATP6V1B2,0.0413,0.339,0.442
LOC105376964,0.161,0.338,0.442
LOC105372141,-0.0931,0.339,0.442
LOC107984451,0.185,0.338,0.442
AQP7P1,-0.111,0.338,0.442
TDRKH,0.06773945,0.235,0.4420048
PSAPL1,-0.465965,0.071,0.4421
ZNF137,-0.4162444,0.071,0.4421
ZWILCH,-0.3647466,0.071,0.4421
HOXB5,-0.3666023,0.0711,0.4421
SMCR7L,0.3875206,0.071,0.4421
C20ORF134,0.2635626,0.0712,0.44218
SHISA2,0.2766822,0.0712,0.44226
C17ORF50,-0.04354128,0.235,0.442263
C13ORF1,-0.3015393,0.0713,0.44247
LOC392288 /// MAP1LC3B,0.6023958,0.0715,0.4427
CNTNAP5,0.0621643,0.236,0.4427665
HSPB3,0.06060653,0.236,0.4428459
LOC107986526,0.139,0.34,0.443
OR7E14P,0.11,0.34,0.443
DYNC1LI2,0.10456705,0.236,0.4430767
S100PBP,-0.0866821,0.236,0.443202
LOC102724604,-0.05005874,0.236,0.443202
TMEM99,-0.0569511,0.236,0.443202
GUCA2B,0.22170577,0.237,0.4434847
OR6B2,-0.04738053,0.237,0.443547
CDK5RAP1,0.06017619,0.237,0.4435657
KIAA1456,0.04968964,0.237,0.4435871
TUBAL3,0.0499109,0.237,0.4437398
THRAP3,-0.10260528,0.237,0.443754
LOC102724146,-0.152,0.34,0.444
LOC105372471,0.207,0.341,0.444
ADORA2A-AS1,0.106,0.341,0.444
SSBP3,0.0659,0.34,0.444
LOC112268423,0.117,0.341,0.444
TSPAN19,-0.05493188,0.237,0.444007
SPDYE3,0.06934476,0.238,0.4443365
SERPINI1,-0.06240559,0.238,0.4445039
LHX8,-0.05771038,0.238,0.4445171
EGFL6,-0.05436077,0.238,0.4445171
OR2T8,-0.05300026,0.238,0.4446588
LOC100288309,0.4148675,0.0721,0.44468
LOC101927762,-0.06328594,0.238,0.4448423
PHYHD1,0.3854502,0.0722,0.44497
SR140,0.5404292,0.0723,0.44497
ZNF730,-0.193,0.342,0.445
LOC105373976,-0.186,0.342,0.445
GPRC5D,0.142,0.342,0.445
SLC25A30-AS1,0.185,0.342,0.445
SPDYE15,0.112,0.341,0.445
PPIL1,-0.0941,0.341,0.445
SLC39A2,-0.05853535,0.238,0.4450287
C6ORF186,-0.317861,0.0724,0.4452
B4GALNT4,-0.05741668,0.239,0.4452589
SULT1A3 /// SULT1A4,-0.6359849,0.0725,0.4453
WARS2,-0.4139558,0.0725,0.4453
FAM43B,-0.5159943,0.0725,0.4453
PRG1,-0.2834722,0.0725,0.4453
PGCP1,0.05163622,0.239,0.4453867
CKMT1B,-0.3220056,0.0726,0.44547
OR9G4,0.05007789,0.239,0.4456108
SIGLEC15,-0.3679526,0.0727,0.44564
LOC100288798,0.1388653,0.239,0.4456898
LINC01413,0.05157351,0.239,0.4457193
ZNF503,-0.1224693,0.239,0.4457529
SLC35F3,0.2948952,0.0728,0.44592
C1ORF104,0.5959313,0.0728,0.44592
FZD10,-0.3661143,0.0728,0.44592
FAM123C,-0.4291395,0.0729,0.44592
ZNF142,-0.0605,0.343,0.446
CFAP20DC-AS1,-0.18,0.342,0.446
LOC101929256,0.206,0.342,0.446
LOC105372708,-0.222,0.343,0.446
LOC107984261,0.19,0.342,0.446
BLTP2,0.0765,0.343,0.446
LOC112268024,-0.119,0.342,0.446
ZNF585A /// ZNF585B,-0.3727595,0.0729,0.44611
DUOX2,0.09832586,0.239,0.446152
FOXRED1,0.4192768,0.073,0.44624
RHO,0.299557,0.073,0.44624
C14ORF45,0.4932151,0.0731,0.44676
SPTLC3,0.1204855,0.24,0.4468473
RCVRN,-0.3623004,0.0732,0.44691
DUSP21,0.05410717,0.24,0.4469897
LOC107984830,-0.186,0.343,0.447
LOC105370398,0.169,0.344,0.447
ZNF34,-0.056,0.344,0.447
MIR8075,0.179,0.343,0.447
CALHM1,0.05773822,0.24,0.4472118
HIST1H4I,-0.04819897,0.241,0.4474108
OR8J1,0.04480503,0.241,0.447622
MTMR15,0.3509952,0.0734,0.44787
C17ORF46,-0.2815035,0.0736,0.44787
ACKR2,0.0843,0.345,0.448
PARP3,-0.0974,0.345,0.448
HP09053,-0.114,0.345,0.448
ST6GAL2,-0.11,0.344,0.448
NTN5,-0.238,0.345,0.448
LOC107984988,-0.136,0.345,0.448
LOC107987135,-0.0643,0.345,0.448
FCF1 /// MAPK1IP1L,0.5112158,0.0737,0.44803
CAPN11,0.2667693,0.0737,0.4482
LOC283867,-0.3498815,0.0737,0.44826
LOC401554,-0.08526798,0.241,0.4484371
FKBP9 /// FKBP9L,-0.4364245,0.0739,0.44848
BAT2L2,-0.5131008,0.074,0.4485
LOC150005,0.04991645,0.242,0.4485524
SEPT14,0.04380635,0.242,0.4485725
MGC39372,-0.4086038,0.0741,0.44861
GSC2,0.04547779,0.242,0.4487684
IK,-0.07093317,0.242,0.4488408
ARHGEF38,-0.0657033,0.242,0.4488408
SLC22A13,0.04234543,0.242,0.4489807
RRN3,0.0547,0.346,0.449
LOC105373494,0.211,0.346,0.449
PCDHGB7,0.075,0.345,0.449
LOC105377632,0.135,0.346,0.449
LOC101927952,-0.194,0.346,0.449
LOC105371372,-0.177,0.346,0.449
H2AC21,-0.166,0.346,0.449
CA5BP1-CA5B,0.0673,0.346,0.449
SMIM10L2A,0.131,0.346,0.449
SNORD19B,0.148,0.346,0.449
FNTB,-0.0615,0.346,0.449
MITD1,-0.06836945,0.242,0.4492511
OR2J3,0.05564047,0.242,0.4492555
C10ORF71-AS1,0.04837412,0.242,0.4495993
LOC100129503,-0.2718694,0.0744,0.44961
LUZP2,0.0469711,0.243,0.4497116
LOC643201,0.04807882,0.243,0.4497116
AMY1A /// AMY1B /// AMY1C,0.4987831,0.0745,0.44977
NUS1 /// NUS1P3,-0.4231191,0.0746,0.44982
ABCC6 /// LOC100292715,0.466664,0.0746,0.44982
SYT6,0.0496204,0.243,0.4498681
MIR6773,0.172,0.346,0.45
LOC105379123,0.215,0.347,0.45
C4ORF43,-0.3888497,0.0747,0.45009
CHP,0.8646792,0.0747,0.45009
LOC728175 /// MGC24125,-0.2562791,0.0747,0.45009
MLNR,0.05453997,0.243,0.4501254
KRT222 /// SMARCE1,-0.2937953,0.0749,0.45029
C10ORF84,-0.3009175,0.0749,0.45029
LOC399940 /// LOC440041 /// LOC652859 /// SPRYD5 /// SPRYD5P,-0.2531056,0.0749,0.45029
FOXG1,-0.05629555,0.243,0.4503004
ZNF471,-0.2423278,0.075,0.45039
EN2,-0.374903,0.075,0.45039
C10ORF90,-0.04250318,0.243,0.4504784
VN1R4,0.07958482,0.243,0.4506261
RGP1,0.6179509,0.0753,0.45066
LCE3D,-0.3341594,0.0753,0.45066
KNCN,-0.2927147,0.0754,0.45066
TMEM49,0.3518883,0.0752,0.45066
LOC440173,-0.2780344,0.0752,0.45066
FLJ23867 /// QSOX1,-0.4080832,0.0752,0.45066
C9ORF57,-0.06801892,0.243,0.4507789
MAGEA5,0.08033047,0.244,0.4508863
RPGRIP1L,0.0757,0.347,0.451
COQ3,0.0808,0.348,0.451
LOC101929007,-0.21,0.348,0.451
LOC105371341,0.238,0.348,0.451
ZNF346,-0.3753347,0.0755,0.45109
PRR27,0.04430027,0.244,0.4511525
MST4,0.3532448,0.0756,0.45122
CARKD,0.9710301,0.0756,0.45125
ASPRV1,0.05739409,0.244,0.4513407
TTTY3,0.04548856,0.244,0.4514787
PLCH1-AS1,0.05264803,0.244,0.4515246
WT1,0.06361263,0.244,0.4515516
C15ORF56,-0.05370326,0.244,0.4515516
ATR,0.06807431,0.244,0.451624
NUDCD3,-0.3215493,0.0758,0.45164
FHAD1,-0.3292735,0.0758,0.45165
LOC100505515,0.04498838,0.244,0.4516899
TMEM194A,-0.352732,0.0759,0.45179
SPRR3,0.04898837,0.244,0.4518202
LOC107985875,-0.155,0.349,0.452
LOC107984901,0.27,0.349,0.452
GPR137C,0.122,0.348,0.452
KATNBL1P6,0.0923,0.349,0.452
ZSCAN29,0.034,0.349,0.452
ZSWIM3,-0.0673,0.349,0.452
LOC105375028,0.163,0.349,0.452
PCDHGA2,0.0913,0.349,0.452
MRS2P2,0.0969,0.348,0.452
TICRR,-0.172,0.349,0.452
JMJD5,0.356772,0.0762,0.45202
IGLJ3 /// IGLV3-19,-0.3150954,0.0761,0.45202
ANKRD36 /// ANKRD36B /// LOC400986,0.6294402,0.0761,0.45202
CDR1,-0.5198923,0.076,0.45202
SIP1,-0.3333742,0.0762,0.45202
EDN3,0.425366,0.0763,0.4522
GP9,0.06536685,0.245,0.4522243
SLC6A20,0.06161136,0.245,0.4523838
NARS,0.2986832,0.0763,0.45245
FLJ39632 /// LOC100287820,0.315659,0.0764,0.45258
FXYD4,0.04228631,0.245,0.4527747
OSTF1,-0.0584,0.35,0.453
ZDHHC11B,0.142,0.35,0.453
CNPY2-AS1,0.0688,0.349,0.453
FRG1-DT,0.166,0.349,0.453
FAM182B,0.195,0.35,0.453
TMEM169,0.104,0.349,0.453
CTAGE4,-0.0959,0.35,0.453
LOC101928383,0.12,0.35,0.453
LOC644936,0.399,0.35,0.453
PAX7,-0.4017307,0.0766,0.45311
CDRT15,0.03637259,0.246,0.4532298
TULP2,-0.4484264,0.0768,0.45334
NYX,0.3103183,0.0768,0.45334
GPR89A /// GPR89B,0.4221811,0.0769,0.45347
KBTBD10,-0.3016456,0.0769,0.45352
C12ORF23,0.5652212,0.0771,0.45366
CCDC123,-0.2870423,0.0772,0.45382
LOC100132247 /// LOC348162 /// LOC728888 /// NPIPL3,-0.3785802,0.0773,0.45382
SYT3,0.08871504,0.246,0.4538377
ISL2,-0.06185843,0.246,0.4538377
LINC00618,0.04892801,0.246,0.4538377
KCNAB3,0.0554372,0.246,0.4538377
TIPRL,-0.5295625,0.0773,0.45389
CSRP2BP /// PET117,0.2965162,0.0773,0.45389
LOC105374352,0.145,0.351,0.454
LOC105371099,-0.0775,0.351,0.454
TBC1D8-AS1,0.131,0.351,0.454
CTNNBIP1,-0.0833,0.351,0.454
LINC02860,-0.163,0.35,0.454
ENTREP1,-0.185,0.35,0.454
LOC729506,0.04500587,0.247,0.4541946
NUP85,-0.07322454,0.247,0.4544627
CDC20B,-0.2476375,0.0776,0.45447
DNAJB14 /// LOC646358,-0.4108213,0.0777,0.45447
ZNF77,0.2816445,0.0776,0.45447
FLJ25363,0.2596239,0.0776,0.45447
DDN,0.04224809,0.247,0.4546728
RGNEF,-0.3852195,0.0779,0.45497
LOC105376713,0.141,0.352,0.455
LOC107986976,0.208,0.351,0.455
LOC107984089,-0.193,0.352,0.455
GRAMD2A,0.145,0.352,0.455
MTA1-DT,0.159,0.352,0.455
CYP4F24P,-0.21,0.352,0.455
STX18-AS1,0.06777732,0.247,0.4552519
HSPA1A /// HSPA1B,-1.0877293,0.078,0.45545
C6ORF204,-0.3979948,0.0781,0.45589
WDR61,-0.0692593,0.248,0.4559758
LOC101928875,-0.256,0.353,0.456
FAM153A,0.268,0.352,0.456
LOC105373951,0.215,0.353,0.456
PTPN2,-0.6522845,0.0783,0.45611
GYPA,-0.3523081,0.0783,0.45611
WIF1,-0.2348365,0.0784,0.45611
PCDHGA1 /// PCDHGA10 /// PCDHGA11 /// PCDHGA12 /// PCDHGA2 /// PCDHGA3 /// PCDHGA4 /// PCDHGA5 /// PCDHGA6 /// PCDHGA7 /// PCDHGA8 /// PCDHGA9 /// PCDHGB1 /// PCDHGB2 /// PCDHGB3 /// PCDHGB4 /// PCDHGB5 /// PCDHGB6 /// PCDHGB7 /// PCDHGC3 /// PCDHGC4 /// PCDHGC5,-0.3908627,0.0783,0.45611
ANKRD36B /// FLJ40330,-0.4264492,0.0783,0.45611
TRIM48,-0.3461556,0.0783,0.45611
DDX39,-0.4294944,0.0783,0.45611
RNASE9,0.3259271,0.0784,0.45621
SFTA2,-0.11551461,0.248,0.456215
TEX101,-0.05917729,0.249,0.4565206
MRPS7,-0.11681017,0.249,0.4565386
TRMT12,0.08109324,0.249,0.4566715
KLHL38,0.04969203,0.249,0.4566986
TEX22,0.05302712,0.249,0.4567595
PPY,0.3588467,0.0787,0.45676
SOX14,-0.05435409,0.249,0.4568084
MGST3,-0.10784721,0.249,0.4568603
DSTNP2,-0.116,0.354,0.457
SNORD84,-0.13,0.353,0.457
OR52B6,0.187,0.353,0.457
BCL9,-0.0494,0.353,0.457
LINC03022,-0.125,0.353,0.457
LOC105369818,0.224,0.354,0.457
FAM238C,0.148,0.353,0.457
LOC105375404,0.106,0.354,0.457
IQCF5,-0.04109592,0.249,0.4573094
FBN3,-0.0736378,0.249,0.4574781
SDPR,-0.3042643,0.0791,0.45761
OVOS /// OVOS2,-0.4007793,0.0792,0.45765
JMY,0.10710893,0.25,0.457768
AGPHD1,0.4751822,0.0793,0.4578
PRMT5-DT,0.184,0.355,0.458
LOC105374062,0.18,0.354,0.458
MMS19,-0.0377,0.354,0.458
LINC01278,0.0604,0.355,0.458
TMEM44-AS1,0.0819,0.355,0.458
OPN1MW,0.0511273,0.25,0.4581142
C12ORF62,0.3508363,0.0794,0.45814
FOLR3,0.16972192,0.25,0.4582042
OR2A12,0.3330924,0.0795,0.45826
OR52A4,-0.2617357,0.0795,0.45826
LOC100170939 /// LOC653080 /// SMA4 /// SMA5,1.0853594,0.0796,0.45832
KCNK9,0.04432315,0.25,0.4583541
LOC101927450,-0.04049265,0.25,0.4583541
ARCN1,0.07843604,0.25,0.4583848
ZNF843,0.04282792,0.25,0.458428
C18ORF61,-0.05304522,0.251,0.458563
LOC101928532,0.04253893,0.251,0.458563
HIST1H4E,-0.349815,0.0798,0.45886
USP17L7,0.238,0.356,0.459
MMP21,0.143,0.356,0.459
TTC7B-AS1,-0.103,0.356,0.459
RPS14P3,-0.108,0.355,0.459
PRSS50,-0.183,0.355,0.459
SMARCC1,-0.0375,0.356,0.459
CCDC178,-0.05825874,0.251,0.459154
CEACAM6,-0.3439756,0.08,0.45932
DUSP5P1,-0.06472332,0.251,0.4593753
SNORA19,-0.4630804,0.0802,0.45989
FAM149A,0.0683,0.357,0.46
PTPMT1,0.0624,0.357,0.46
PP2D1,0.0702,0.357,0.46
SLC20A1-DT,0.15,0.357,0.46
LOC105370774,0.114,0.356,0.46
PXN-AS1,-0.103,0.356,0.46
LINC02210,0.0914,0.357,0.46
LOC102723427,-0.05279939,0.252,0.4601573
C1ORF144,0.266255,0.0804,0.46021
ADRBK2,-0.3265091,0.0805,0.46041
GALNT14,0.2845985,0.0806,0.46068
LOC389901 /// XRCC6,0.5216267,0.0807,0.46078
TRIM50,0.06190236,0.253,0.4608613
NOBOX,-0.06178732,0.253,0.4609582
SPATA33,-0.0954,0.358,0.461
BMS1P14,0.0877,0.358,0.461
LOC729080,0.137,0.357,0.461
KLHL40,0.04899495,0.253,0.4610788
KCTD9,-0.07595408,0.253,0.4612143
SYCP1,0.05327706,0.253,0.4612769
COLGALT2,-0.08520803,0.253,0.4612936
DYDC2,-0.2673103,0.0809,0.46131
KIAA1009,-0.2853318,0.081,0.46131
RPS24,-0.4046145,0.081,0.46131
HIST1H3C,-0.269894,0.081,0.46131
RBP3,-0.04396942,0.253,0.4613557
LHFPL4,0.05772244,0.253,0.4614208
FAM86A,0.3795298,0.0812,0.46165
KIAA0195,0.2623564,0.0813,0.46179
LOC645954 /// SVIL,0.5696776,0.0813,0.46189
CEMIP2,-0.075,0.359,0.462
MROH9,-0.238,0.358,0.462
LOC107985367,0.0693,0.359,0.462
LINC00957,-0.151,0.358,0.462
LOC285456,0.3173683,0.0814,0.462
ZNF137P,0.114,0.358,0.462
TLE1,-0.0658,0.358,0.462
NIPAL4-DT,-0.176,0.358,0.462
LOC105369161,-0.0986,0.358,0.462
LOC112267907,-0.161,0.358,0.462
LOC105376486,-0.101,0.359,0.462
LOC100294071 /// ZNF727 /// ZNF736,-0.4234734,0.0815,0.46211
C17ORF91,-0.2847564,0.0814,0.46211
C22ORF24,-0.3270874,0.0817,0.46224
TACR2,-0.2844748,0.0815,0.46224
LOC100132832 /// LOC441259 /// PMS2L1 /// PMS2L2 /// PMS2L3 /// PMS2L4 /// PMS2L5,0.3189505,0.0816,0.46224
CD3EAP,-0.4283853,0.0817,0.46235
RPL31P11,0.04660779,0.254,0.4624349
NHLRC4,-0.3731659,0.0818,0.4627
C10ORF72,-0.3084513,0.0819,0.46271
IARS,0.0581672,0.254,0.4627854
LOC101928596,0.05142021,0.254,0.4628294
CASC3,0.07980473,0.254,0.4628334
COMP,-0.10308163,0.254,0.4628367
TRS-AGA5-1,0.177,0.36,0.463
C3P1,0.107,0.36,0.463
TSPAN13,0.206,0.359,0.463
ABO,-0.249,0.36,0.463
LOC105375236,-0.196,0.359,0.463
ARSL,0.152,0.36,0.463
LOC101927366,-0.197,0.359,0.463
PLPP7,-0.06096857,0.255,0.4630758
SLC5A4,0.04168478,0.255,0.4632966
ZIC5,-0.2718358,0.082,0.46332
SLC24A5,-0.04838883,0.255,0.4633591
GRXCR1,-0.0471306,0.255,0.4634024
GCNT7,-0.3310722,0.0821,0.46368
PI16,-0.3656488,0.0822,0.46368
PYY,-0.4515501,0.0823,0.46368
FGFR1OP2,-0.2674392,0.0823,0.46371
KCNT1,-0.2237785,0.0823,0.46373
IFNA2,0.04072657,0.255,0.463796
C7ORF43,-0.4290619,0.0824,0.46381
NUDT11,0.04993845,0.255,0.463901
ACTL6A,-0.08818837,0.256,0.4639661
GEMIN4,0.09036438,0.256,0.4639661
SEZ6L,0.232,0.36,0.464
LOC112268172,-0.153,0.361,0.464
LOC107984429,0.143,0.361,0.464
ACTR3-AS1,0.158,0.36,0.464
LINC02984,-0.186,0.36,0.464
LOC401463,-0.05069199,0.256,0.464136
LOC284648,0.06100001,0.256,0.4641961
TRPC6,-0.3356848,0.0825,0.46423
AADACL3,0.03864572,0.256,0.4642623
SRRM4,0.05707691,0.256,0.4642881
MT3,-0.0815004,0.256,0.4643292
C3ORF10,0.5314531,0.0826,0.46439
TBC1D4,0.3900424,0.0826,0.46439
ODZ1,0.2607365,0.0827,0.46453
RRM1,0.09062639,0.256,0.4646189
SLC25A28,0.146906,0.256,0.4646189
LOC440248,0.3509894,0.0828,0.46463
HOXC12,0.4542191,0.0828,0.46463
FAM83E,0.06373051,0.256,0.4648596
KIAA1147,0.09889776,0.256,0.4649803
LOC100129534,-0.136,0.362,0.465
RRAGC,-0.071,0.362,0.465
LOC101927060,0.0542,0.362,0.465
PMCHL1,0.161,0.362,0.465
ZNF287,0.0933,0.361,0.465
LOC105377920,0.0747,0.362,0.465
LOC101927178,0.0554,0.361,0.465
SNX29P1,0.127,0.362,0.465
HOXA7,0.0596141,0.256,0.4650086
SH3GL3,0.04497764,0.256,0.465058
PRL,-0.3203714,0.083,0.46514
TKTL1,-0.05389597,0.257,0.4651881
SPINT4,0.05198346,0.257,0.4651881
LYRM2 /// ZC3H11A,-0.4529511,0.0831,0.46536
LOC101927196,0.05198714,0.257,0.4653659
LOC388946,-0.3041496,0.0833,0.46563
CFAP20,0.16334325,0.257,0.4657592
PRAMEF20 /// PRAMEF21,-0.371975,0.0835,0.46591
LOC107985423,0.171,0.362,0.466
MYRF-AS1,-0.164,0.363,0.466
SPDYE18,-0.132,0.362,0.466
POLR2K,0.0761,0.362,0.466
EEF1E1-BLOC1S5,0.0505,0.362,0.466
NMNAT1,-0.3158897,0.0836,0.46616
MINOS1,0.05229725,0.258,0.4663712
TSEN15,-0.08998896,0.258,0.4663712
C2ORF82,0.3145607,0.258,0.4666494
ZNF222,-0.05614006,0.258,0.4666766
SMC1B,-0.3377539,0.0837,0.46671
SYNGR4,-0.2844093,0.0838,0.46673
TMOD1,-0.0764,0.364,0.467
LOC105372639,0.193,0.363,0.467
DSP-AS1,0.124,0.364,0.467
LOC102723714,0.16,0.364,0.467
LINC01564,0.106,0.363,0.467
SLC26A3,0.227,0.364,0.467
SHANK2-AS3,-0.195,0.363,0.467
LOC105370108,-0.244,0.364,0.467
UNK,-0.04476965,0.258,0.4671539
SLC2A7,0.04349469,0.259,0.4672726
DEFB117,-0.03978472,0.259,0.4673071
B3GNT2,-0.10384941,0.259,0.4673071
OR5D16,0.05440971,0.259,0.4675316
CPA5,-0.06638051,0.259,0.467577
ASNA1,-0.04238345,0.259,0.4677766
GSX2,0.3868098,0.0841,0.4678
FAM154A,-0.3156072,0.0842,0.46794
LOC112267939,0.1,0.364,0.468
LOC101928344,-0.112,0.365,0.468
SLC1A3-AS1,-0.198,0.364,0.468
DNAH5,-0.223,0.364,0.468
LOC105370965,0.155,0.365,0.468
ANKRD19,-0.2631094,0.0843,0.46822
NXPE4,-0.04534472,0.259,0.4682878
SMIM24,-0.51736144,0.259,0.4683063
MYCBP,-0.06762281,0.26,0.4683166
LOC100128651,-0.05138509,0.26,0.4683495
APOBEC3A /// APOBEC3B,-0.3767879,0.0844,0.46843
ZFP161,-0.3536863,0.0844,0.46844
TSKU,-0.25990887,0.26,0.4686069
S100A7L2,-0.07637279,0.26,0.4687696
SPANXA1,0.05580041,0.26,0.4687696
C19ORF10,0.2918031,0.0846,0.46877
GSG2,0.04905197,0.26,0.4687715
OTOS,0.05145892,0.26,0.4689063
CHD1L,-0.0661,0.365,0.469
ARHGEF35-AS1,-0.106,0.365,0.469
NOTCH2NLR,0.066,0.365,0.469
LOC105371822,-0.294,0.365,0.469
ABCB6 /// ATG9A,0.3441605,0.0847,0.46914
ALS2CR12,-0.07504213,0.26,0.46929
LYPD8,0.07680187,0.26,0.4693143
PIWIL1,-0.05129547,0.261,0.4695172
OR4C11,0.03834225,0.261,0.4698518
KCNG1,-0.05850968,0.261,0.4698518
LOC101928417,0.04213261,0.261,0.4698969
ROPN1L,0.06952629,0.261,0.4699038
LOC105370152,0.155,0.366,0.47
LOC105369515,-0.18,0.367,0.47
UCK1,-0.0828,0.367,0.47
LOC105373943,0.115,0.367,0.47
UC.134,0.119,0.366,0.47
CBLL1,0.0508,0.366,0.47
MAGEC1,-0.2770714,0.0851,0.47009
ALOX12P2,0.09014803,0.261,0.4701149
COL6A4P2,0.04766412,0.261,0.4701149
WNT8B,0.0528411,0.261,0.4702435
LRRC4B,-0.05260696,0.261,0.4702658
FGF18,0.04476172,0.262,0.470325
HSD17B8,0.3254574,0.0853,0.47042
MAPRE2,0.4177465,0.0853,0.47042
MARS,-0.4326525,0.0854,0.47042
VEZF1,0.3505305,0.0854,0.47042
SERPINB10,-0.3073801,0.0854,0.47042
TERT,0.03972747,0.262,0.470533
C14ORF118,0.4040906,0.0855,0.47061
BAT2,0.4390934,0.0855,0.47063
GRPR,0.04779339,0.262,0.4706303
ENPP6,0.05637653,0.262,0.4706964
OR6A2,0.04776426,0.262,0.470838
CYP11B1,-0.05471403,0.262,0.470838
LINC00857,-0.13,0.367,0.471
SEMA6C,-0.128,0.367,0.471
IL17RD,0.04111886,0.262,0.4710876
BAGE /// BAGE2 /// BAGE3 /// BAGE4 /// BAGE5 /// MLL3,-0.3678076,0.0859,0.47114
KRTAP10-12,-0.2961803,0.0859,0.47122
KIAA0284,0.296897,0.086,0.47122
TRAPPC12,0.07877555,0.263,0.4714495
CT45A2,0.05494582,0.263,0.4717117
PKD2L2,0.2417577,0.0862,0.47174
ANKRD36 /// ANKRD36B /// FLJ40330 /// LOC400986 /// LOC400987,-0.4370812,0.0862,0.47174
ATP8B4,-0.18744399,0.263,0.4718695
LOC400743,0.06837793,0.263,0.4719777
PNLIPRP2,-0.05118398,0.263,0.4719777
DMRT3,-0.2835437,0.0863,0.47198
GRAMD4,-0.133,0.368,0.472
LOC105378776,-0.239,0.369,0.472
FRMPD2 /// FRMPD2L1 /// FRMPD2L2,-0.3585202,0.0864,0.47207
EPB49,-0.4174199,0.0864,0.47207
OR2G6,0.04188497,0.264,0.4723969
C13ORF33,-0.3415794,0.0865,0.47241
KIF5A,0.410578,0.0868,0.47257
POP4,-0.09024162,0.264,0.4726678
C22ORF13,0.4104071,0.0869,0.47275
ZNF716,0.05972696,0.264,0.4727835
REG3G,0.04872965,0.264,0.4728416
TWISTNB,0.4305621,0.0869,0.47288
GGT1 /// GGT2 /// GGT3P /// GGTLC1 /// GGTLC2 /// GGTLC3,0.499145,0.087,0.47296
TSPOAP1-AS1,-0.0548,0.369,0.473
SNORD59A,0.158,0.37,0.473
LOC100507346,-0.0952,0.37,0.473
WASHC5,0.0533,0.369,0.473
LOC107986707,0.107,0.369,0.473
LOC107984313,0.108,0.369,0.473
SEC16B,0.3698584,0.0871,0.47301
OR2T27,-0.3247421,0.0871,0.47305
SEPT7P2,0.06416449,0.264,0.4731219
TTC22,-0.04541573,0.264,0.4732832
DARS,0.09498622,0.265,0.4733176
INSM2,0.04511842,0.265,0.4733994
CHRFAM7A /// CHRNA7,-0.4021534,0.0873,0.47342
GIF,0.04446693,0.265,0.4734937
LOC100506289,0.04508437,0.265,0.4735187
ENDOV,0.09898025,0.265,0.4735187
PCMTD2,0.4399029,0.0873,0.47357
RAB9BP1,-0.0479903,0.265,0.4735944
LOC102724890,0.04082135,0.265,0.4736169
LOC105373552,-0.108,0.37,0.474
RD3L,-0.208,0.37,0.474
LINC02640,0.168,0.37,0.474
LOC107984736,0.143,0.37,0.474
LOC105370518,0.166,0.37,0.474
LOC101928107,0.05377252,0.265,0.474034
CCNJL,-0.2866897,0.0875,0.47408
BAALC-AS2,0.0380093,0.265,0.4742597
ZNF165,0.10660668,0.266,0.4744044
PARP4,0.2658941,0.0877,0.47444
LINC00358,0.05301212,0.266,0.4746292
BTN2A3,0.297831,0.0877,0.4747
SPINK2,-0.03860142,0.266,0.4749257
LOC729680///IL17D,0.05184227,0.266,0.4749916
LOC105370804,0.185,0.371,0.475
LINC02266,0.321,0.371,0.475
ZFP91-CNTF,0.0474,0.371,0.475
RAB6D,0.0834,0.371,0.475
MIR22HG,-0.112,0.371,0.475
SEMA3A,-0.185,0.371,0.475
EDIL3-DT,0.364,0.371,0.475
LASS3,0.2667494,0.0879,0.47501
PPP1R12B,-0.3559825,0.0879,0.47501
ZNF689,-0.3241266,0.0879,0.47501
CGA,-0.10356506,0.266,0.4750744
LOC100130071,-0.3074926,0.088,0.47521
DOCK5,-0.3702056,0.0881,0.47539
GATSL1 /// GATSL2,-0.2541272,0.0882,0.47565
LOC200030 /// NBPF10 /// NBPF11 /// NBPF16 /// NBPF8 /// NBPF9,0.9395981,0.0882,0.47565
LOC101929828,0.149,0.372,0.476
TMEM84,0.2651192,0.0883,0.47603
LOC154449,-0.04617553,0.267,0.4760479
HOXB9,-0.04246295,0.267,0.4761519
KRTAP5-10,0.05453185,0.267,0.4761519
BHLHA15,0.04612419,0.267,0.4761519
AGAP4,0.06085962,0.267,0.4761519
SQLE,0.3546361,0.0885,0.47626
CYHR1,-0.07588831,0.268,0.4763886
FAM160A1,-0.2980622,0.0886,0.47639
SLC25A32,-0.2980089,0.0885,0.47639
STKLD1,0.05584718,0.268,0.4763917
FRAT1,-0.06159256,0.268,0.4767158
NUDT10,-0.05666819,0.268,0.4767158
ALKBH1,-0.05402555,0.268,0.4769368
BRD3OS,-0.0589,0.373,0.477
MORN2,0.0762,0.373,0.477
LOC107987000,0.191,0.373,0.477
GUCA2A,-0.09745582,0.268,0.4770831
ERI1,0.04741386,0.268,0.4770831
CCDC55,-0.5035668,0.0889,0.47712
AQP5,0.07124462,0.269,0.4775558
TPO,-0.05218581,0.269,0.4776598
HNRNPCL1,-0.04702889,0.269,0.4777521
SULT1C3,0.0433039,0.269,0.4777632
DEC1,0.04798539,0.269,0.4777632
HIST1H4C,0.4432439,0.0891,0.47787
CDC37L1-DT,0.147,0.374,0.478
ESF1,0.0511,0.374,0.478
DTD1-AS1,-0.146,0.374,0.478
LOC107987399,-0.146,0.374,0.478
SYT2,0.11,0.374,0.478
LOC107987294,0.391,0.374,0.478
LOC112267944,-0.16,0.374,0.478
VDAC3,0.0545,0.374,0.478
TRMT9B,-0.0925,0.374,0.478
FLRT1,0.4058653,0.0894,0.47804
SLC25A2,0.05300716,0.269,0.4783111
TCAP,-0.2509046,0.0895,0.47832
TNP2,0.05055766,0.269,0.4783359
DRD3,0.0483847,0.269,0.4783458
ARL1,-0.3042141,0.0897,0.47853
BFAR,0.3784269,0.0897,0.47853
SURF1,-0.12375506,0.27,0.478809
TIMP4,-0.07453402,0.27,0.478809
LOC107984740,-0.156,0.375,0.479
ITGB1BP2,0.0986,0.375,0.479
LINC02915,-0.174,0.375,0.479
NTAQ1,0.0672,0.375,0.479
INS-IGF2,-0.06772948,0.27,0.4791654
OR2T6,-0.3535637,0.0901,0.47949
OR8H1,0.03820453,0.27,0.4795434
TAS2R41,-0.294789,0.0902,0.47958
ZNF767,-0.2806838,0.0902,0.47958
DEFB135,0.03651088,0.271,0.4796528
IDI2,0.0941,0.376,0.48
LOC101928105,0.175,0.375,0.48
LOC107985785,0.159,0.376,0.48
ANXA7,0.0638,0.376,0.48
FAM205A,0.179,0.376,0.48
C11ORF75,0.4953717,0.0905,0.48045
CCRL1,0.6144596,0.0906,0.48048
KLRAQ1,-0.4669181,0.0906,0.48048
CNTNAP3 /// CNTNAP3B,-0.4459633,0.0906,0.48048
C8ORF30A /// C8ORF30B,-0.3188837,0.0907,0.48048
TREML4,-0.3616734,0.0906,0.48048
C22ORF42,0.04572292,0.271,0.4806442
LOC105377725,0.142,0.377,0.481
YLPM1,0.0344,0.377,0.481
POLD2,-0.127,0.377,0.481
WDR27,0.0693,0.377,0.481
MIR6516,-0.144,0.377,0.481
ZNF454,-0.123,0.377,0.481
KIAA1656,-0.111,0.377,0.481
ZP1,-0.3341034,0.091,0.48108
RAB40B,0.4006128,0.091,0.48108
AWAT2,-0.2693907,0.0911,0.48119
CYP2A13,-0.0418181,0.272,0.4811916
ZNF461,-0.04775386,0.272,0.4812114
MSLN,0.13162495,0.272,0.4812437
KCNH1,0.05543097,0.272,0.4813116
FANK1,0.04002422,0.272,0.4813288
MARCH 2,-0.2849518,0.0911,0.48133
SCAND2,0.2468525,0.0912,0.48144
NKX2-2,-0.2981476,0.0913,0.48144
PLEKHF2,0.04902879,0.272,0.481593
C2ORF47,0.10691508,0.272,0.481593
OR2F1,-0.2593207,0.0916,0.48179
TSNAX-DISC1///DISC1///TSNAX,0.0429639,0.272,0.4818986
ZNF460-AS1,0.111,0.378,0.482
LOC107986332,0.185,0.378,0.482
FAM247D,-0.0935,0.378,0.482
POGK,-0.3971059,0.0917,0.48203
NCAPD3,0.2840105,0.0917,0.48203
AMAC1L3,-0.3163069,0.0918,0.48222
DEPDC6,-0.2765117,0.0918,0.48222
C13ORF31,-0.3884592,0.0918,0.48222
FAM10A4 /// FAM10A5 /// ST13,0.4173133,0.0918,0.48222
C1ORF83,-0.2660142,0.0919,0.48236
GPR151,0.4487954,0.0919,0.48242
DBX1,-0.3928955,0.092,0.48242
CCBL2,-0.3834455,0.092,0.48242
AARS,0.09086425,0.273,0.4824769
KRT26,0.03666021,0.273,0.4825531
LOC101928812,0.0480426,0.273,0.4826287
GRM2,0.07019563,0.273,0.4826287
CASP3,-0.10967263,0.273,0.4827144
TCEB2,-0.10420918,0.273,0.4828474
JPH4,0.04613727,0.273,0.4828474
TOMM7,-0.08827419,0.273,0.4828474
LOC112268446,-0.205,0.379,0.483
NPTN-IT1,0.0706,0.379,0.483
EXTL3,-0.0738,0.379,0.483
DNAJC9-AS1,0.0841,0.379,0.483
LINC01447,0.272,0.379,0.483
LINC00470,-0.187,0.379,0.483
MOBKL2A,-0.3782801,0.0923,0.48315
OR6C4,-0.3585882,0.0924,0.48361
EGF,0.05405316,0.274,0.4837162
NKX2-5,0.04451734,0.274,0.483728
ZBBX,-0.0572297,0.274,0.4837524
LOC643551,0.05031487,0.274,0.4838185
C22ORF9,-0.6151924,0.0926,0.48399
LOC728989,0.129,0.38,0.484
FAM110C,0.0826,0.38,0.484
CHMP1B2P,0.204,0.38,0.484
LOC107984974,0.0851,0.38,0.484
NKX6-2,0.0795,0.381,0.484
IGDCC4,-0.06725987,0.275,0.4841198
EID2,-0.07384152,0.275,0.4842072
WDR45L,0.3056429,0.0928,0.48447
YBX2,0.08767573,0.275,0.4845861
HHIPL2,-0.07298947,0.275,0.4845922
SNORA8 /// TAF1D,0.5304522,0.093,0.48481
DIO2,-0.2447435,0.093,0.48485
LINC01101,0.04873712,0.275,0.4848617
CEP78,-0.3387263,0.0931,0.48487
C5ORF25,0.2585366,0.0932,0.48489
SNORD56B,0.04008728,0.275,0.4849391
MIR5589,0.261,0.381,0.485
LOC441666,-0.129,0.381,0.485
MIR3661,-0.148,0.381,0.485
CCDC171,0.0858,0.381,0.485
RGS2-AS1,0.17,0.381,0.485
DMAC2,-0.0927,0.381,0.485
CYTL1,-0.05565747,0.276,0.4851394
ITGA2B,-0.2159419,0.0934,0.48533
HOXC13,-0.27434,0.0934,0.48537
NKX2-1,0.04483837,0.276,0.4858226
SULT2A1,0.23216887,0.276,0.4858636
CRYZL2P-SEC16B,0.0606,0.382,0.486
NENF,-0.0773,0.382,0.486
YPEL3-DT,-0.0958,0.382,0.486
LOC105377673,-0.181,0.382,0.486
ANKRD37,-0.109,0.382,0.486
KRTAP1-5,0.04454464,0.276,0.4860245
AFMID,-0.4607241,0.0936,0.48612
SERAC1,-0.2271967,0.0937,0.48624
KIAA1211,0.05853647,0.277,0.4862863
LOC105373031,0.0334763,0.277,0.4865734
KRT25,0.04456258,0.277,0.4866517
DNAJC25-GNG10,0.04690073,0.277,0.486716
WBSCR22,-0.06465621,0.277,0.4868025
CST1,0.20365821,0.277,0.4868741
LOC101928237,0.137,0.384,0.487
MARK1,-0.144,0.383,0.487
LINC02328,0.123,0.383,0.487
GSAP,0.09,0.383,0.487
SBNO1-AS1,-0.177,0.384,0.487
LOC105369372,0.165,0.383,0.487
GPR84-AS1,0.0915,0.384,0.487
UBOX5-AS1,-0.112,0.383,0.487
ABCB10,0.0543,0.383,0.487
PAX9,0.05739978,0.277,0.4871747
ACCSL,0.0535724,0.278,0.487662
C1ORF94,-0.2982218,0.0943,0.48767
NLRP4,-0.2809926,0.0943,0.48767
WARS,-0.4502813,0.0942,0.48767
ZNF673 /// ZNF674,-0.3677251,0.0943,0.48767
RPE65,-0.04703983,0.278,0.4876943
KRTAP12-3,-0.05852258,0.278,0.4878291
OTOP3,0.05274713,0.278,0.4879312
LIMS3-LOC440895,-0.0786,0.384,0.488
DLGAP1,0.23,0.384,0.488
LINGO2,0.273,0.384,0.488
LOC105371114,0.137,0.385,0.488
LOC105369403,0.131,0.384,0.488
RNF175,0.137,0.385,0.488
LOC105369611,0.224,0.384,0.488
MAGEB1,-0.0539613,0.278,0.4880947
FAM181A,0.03986125,0.279,0.4881145
GABRA1,0.04584831,0.279,0.4881246
SEL1L2,-0.2970496,0.0945,0.48813
C15ORF44,0.3271442,0.0947,0.48813
IQCD,0.3270072,0.0947,0.48813
LOC100132832,0.3848518,0.0946,0.48813
IFNB1,0.3188933,0.0946,0.48813
HTR3E,-0.3684234,0.0946,0.48813
HCG8,-0.4343507,0.0948,0.48838
ZNF57,-0.08003769,0.279,0.4884067
OR4F15,0.04342849,0.279,0.4884067
FLJ42280,-0.3365024,0.0951,0.48851
SLMO1,-0.2198071,0.0951,0.48851
CDH1,0.5738071,0.0951,0.48851
C8ORF80,0.2330088,0.0951,0.48851
LOC101927292,-0.04364278,0.279,0.4887335
FAM224A,0.05358822,0.279,0.488798
LINC01411,0.04553796,0.279,0.488798
SLC25A15,0.4569479,0.0953,0.48886
QARS,0.4710443,0.0953,0.48887
LOC105377310,0.139,0.385,0.489
LOC105373411,0.182,0.385,0.489
LOC102724965,0.0947,0.386,0.489
LIFR-AS1,0.133,0.385,0.489
KCNJ8,0.0931,0.385,0.489
LOC107984029,0.126,0.385,0.489
BEST2,-0.04870404,0.279,0.4890179
GAL3ST3,-0.2710158,0.0954,0.48914
MST1P9,0.4228433,0.0955,0.48925
KIAA1644,-0.3535083,0.0955,0.48925
NOP10,0.6094538,0.0957,0.48951
UNQ5830,-0.2940102,0.0958,0.48988
VSTM2L,-0.2784809,0.0958,0.48988
CRY2,0.0831,0.387,0.49
UTP4,0.047,0.386,0.49
XPC,0.0349,0.387,0.49
SPATC1L,-0.07814204,0.28,0.4900368
DAOA,-0.03944312,0.28,0.4902497
INS /// INS-IGF2,-0.3770269,0.096,0.49045
MMP8,-0.2513722,0.0961,0.49047
C1S /// EMG1,0.7096983,0.0961,0.49047
KIAA0895L,-0.04416823,0.281,0.4906156
DSC3,-0.05455253,0.281,0.4906543
RPLP0P2,0.06074907,0.281,0.4906543
SPATA31C2,-0.05356941,0.281,0.4909839
LOC107985211,0.257,0.387,0.491
LOC105374879,0.147,0.387,0.491
PMS2P9,0.0941,0.387,0.491
DPPA5,0.04588592,0.281,0.4912199
MRGPRX4,0.04359956,0.282,0.4914836
OR2M1P,0.04525483,0.282,0.4916728
SMAD5,0.05100716,0.282,0.4916741
TREML5P,-0.05052272,0.282,0.4916757
XKR8,0.05778509,0.282,0.4919624
RFPL4B,-0.04983868,0.282,0.4919636
LOC105373074,0.162,0.388,0.492
LOC107984311,-0.177,0.388,0.492
TRNL2,0.34,0.389,0.492
CNTN5,0.261,0.388,0.492
LOC105372250,0.168,0.388,0.492
CPLANE1,0.054,0.388,0.492
TMEM25,0.2639231,0.0967,0.49239
USP1,0.03618426,0.283,0.4926861
MBLAC1,-0.159,0.389,0.493
LOC102723381,0.111,0.39,0.493
LOC105376405,0.282,0.389,0.493
LOC105378150,-0.328,0.389,0.493
LOC107984393,-0.294,0.389,0.493
SH2D1B,-0.147,0.389,0.493
LINC02490,0.139,0.389,0.493
LINC01767,0.11,0.389,0.493
LOC284412,-0.205,0.389,0.493
GPR84,0.10355541,0.283,0.493015
CT45A6,0.0414013,0.284,0.4934891
TAC3,0.3724962,0.0972,0.4935
SPDYE1,0.06029047,0.284,0.4935916
LINC01118,0.04450801,0.284,0.4935952
CXORF49 /// CXORF49B,0.2974865,0.0973,0.49364
C8ORF42,0.4376454,0.0974,0.49372
LOC105375773,-0.04865054,0.284,0.4937517
H3P4,-0.135,0.39,0.494
CNTFR-AS1,0.203,0.39,0.494
LOC102725082,0.131,0.39,0.494
LOC105376922,0.259,0.391,0.494
SNORA32,-0.157,0.391,0.494
LINC00426,-0.122,0.391,0.494
LOC102724068,-0.315,0.39,0.494
LOC101927995,0.245,0.39,0.494
T,-0.2759991,0.0979,0.4945
CDRT15P1,-0.06066882,0.285,0.4945609
CDC27,-0.3981,0.0982,0.49474
SDIM1,-0.05535361,0.285,0.494944
OR2T5,0.05826824,0.285,0.4949784
LOC102723811,0.187,0.391,0.495
PDE11A-AS1,0.157,0.391,0.495
LOC107985544,0.0877,0.392,0.495
C6ORF64,-0.2680897,0.0982,0.495
RPL17-C18ORF32,0.0695,0.392,0.495
LINC01372,-0.11,0.392,0.495
ARIH1 /// MIR630,-0.4047924,0.0983,0.49504
ZEB1,-0.3980052,0.0983,0.49504
SSX7,0.04358641,0.285,0.4952298
TAAR9,0.04709494,0.285,0.4953462
NOTCH2 /// NOTCH2NL,0.4934889,0.0986,0.49575
C12ORF26,-0.2711869,0.0986,0.4958
SDR16C5,-0.268965,0.0987,0.4958
C22ORF33,-0.264777,0.0987,0.4958
LRP10 /// RAB13,0.8692585,0.0986,0.4958
NCSTN,-0.2790285,0.0987,0.4958
SERPINB2,0.11847888,0.286,0.4958317
FARS2,0.2433425,0.0989,0.49587
AAA1,0.2134645,0.0988,0.49587
MYST4,-0.3805959,0.0988,0.49587
SNX9-AS1,-0.109,0.392,0.496
SKA3,-0.193,0.392,0.496
LOC107985522,0.0924,0.392,0.496
C10ORF122,-0.3907375,0.0991,0.49616
ADC,-0.3661339,0.0991,0.49616
CABC1,0.3725431,0.0992,0.49616
NDUFB9,0.4782393,0.0993,0.49619
SFRS18,-0.3818488,0.0992,0.49619
LOC100129726,-0.3800658,0.0993,0.49634
MOBKL1B,-0.3896875,0.0995,0.4966
FAM66B /// FAM66E,-0.3144614,0.0995,0.49661
BRDT,0.04887265,0.287,0.4968714
LINC00570,0.04380907,0.287,0.4968812
EXOSC6,0.12636654,0.287,0.4968911
LOC107984437,0.193,0.393,0.497
LOC651337,-0.146,0.393,0.497
TALAM1,0.108,0.393,0.497
LOC105378967,0.124,0.393,0.497
LOC105374745,0.173,0.393,0.497
MALAT1,0.108,0.393,0.497
TPTEP1,0.04143811,0.287,0.4970203
TMEM182,0.04740984,0.287,0.4970483
OR6B3,0.04749596,0.287,0.4971747
HIST4H4,-0.2924369,0.0998,0.49743
EFNA5,0.04594617,0.287,0.4975106
NPTX2,-0.22174816,0.287,0.497551
ZNF286A /// ZNF286B,-0.300998,0.1,0.49768
KIR2DL1,0.3314891,0.1,0.49768
DEFB123,0.04732034,0.288,0.4977962
PCNXL2,-0.4427275,0.1,0.49788
SPRYD5,-0.3151967,0.1,0.49792
FAM104A,0.0367,0.395,0.498
STAG3L2,-0.0847,0.394,0.498
C8ORF88,-0.17,0.395,0.498
KDM5C,-0.473962,0.1,0.49804
KLKP1,0.04871328,0.288,0.4980576
CACNG6,-0.04110049,0.288,0.4980576
ZNF498,0.2779422,0.1,0.49809
LOC101927690,-0.04692666,0.288,0.4981012
DPEP3,0.09059208,0.288,0.4981012
BMT2,-0.03584882,0.288,0.4981396
PRAMEF34P,0.05123236,0.288,0.4982347
C8ORF74,0.05534148,0.288,0.4982347
KRTAP5-4,-0.04221573,0.288,0.4982347
LINC01037,0.04338714,0.288,0.4982652
TMEM178,0.3195461,0.1,0.49833
LOC105377716,0.04545125,0.288,0.4984331
GARS,-0.0921533,0.288,0.4984778
HIST2H2AB,-0.3125676,0.101,0.4986
ELAVL2,0.04074034,0.289,0.4986619
CCDC76,-0.4169136,0.101,0.49871
LOC105371809,0.04350307,0.289,0.4989434
HEXIM2-AS1,0.118,0.395,0.499
WDR45B,-0.0643,0.396,0.499
LOC105370114,0.186,0.395,0.499
ADGRA1,-0.04468311,0.289,0.4990923
NARG2,0.3351048,0.101,0.49912
PTPLAD1,0.8473465,0.101,0.49912
GTSF1,-0.06799535,0.289,0.4991418
FRMD6-AS2,0.04670063,0.289,0.4991768
CXCR2 /// CXCR2P1,-0.2677984,0.101,0.49937
FAT2,0.04973104,0.289,0.4994627
AHSP,-0.13339977,0.289,0.499538
ZC4H2,0.2482476,0.101,0.49984
UBE2A,-0.09161928,0.29,0.4999031
LCE5A,-0.3368772,0.101,0.49995
CMTM6,0.0754,0.396,0.5
COG2,-0.0381,0.397,0.5
LOC105375772,0.174,0.396,0.5
LOC101926994,0.131,0.396,0.5
LOC107985922,0.185,0.396,0.5
WAKMAR1,-0.244,0.396,0.5
GAGE6,-0.04650857,0.29,0.50006
LINC01028,-0.04730508,0.29,0.5001002
NDUFA8,0.08016084,0.29,0.5001061
TDRD7,-0.07792366,0.29,0.5001674
SRP14,-0.11027756,0.29,0.5004964
CDCP2,0.04442653,0.291,0.5007503
NUDT16P1,0.2732421,0.102,0.50094
C19ORF28,-0.3336988,0.102,0.50094
LOC105372484,0.157,0.398,0.501
SNORC,-0.114,0.397,0.501
AP1G2-AS1,-0.0696,0.398,0.501
LOC100132741,-0.142,0.397,0.501
GPR44,-0.2516449,0.102,0.50106
SEPTIN 9,-0.3235498,0.102,0.50106
PVRL1,-0.2836733,0.102,0.50106
SLC7A14,0.05616183,0.291,0.5010917
LELP1,0.044403,0.291,0.5011183
OR1F1,0.05291097,0.291,0.5011183
PGBD5,0.3811132,0.102,0.50113
OR5H14,0.2977486,0.102,0.50113
OR5T1,-0.4940906,0.102,0.50126
HRASLS2,-0.07357396,0.291,0.5013171
MAGEA10,0.04381114,0.291,0.5014639
GTF2H2C_2,0.05894996,0.291,0.5014853
NOVA1-AS1,-0.04280781,0.292,0.5019195
PLEKHS1,0.13017271,0.292,0.5019298
ACOT2,0.05670406,0.292,0.5019585
SPIDR,-0.046,0.398,0.502
NPPA-AS1,0.0709,0.398,0.502
CACNA1A,0.196,0.398,0.502
SSSCA1,-0.10270245,0.292,0.5020493
RNASE3,0.10973329,0.292,0.5020839
PKNOX2-AS1,0.03903576,0.292,0.5022084
SMR3B,0.04932229,0.292,0.5025114
GRM4,0.04414204,0.292,0.502666
NPBWR2,0.03899902,0.293,0.5027352
GALNT1,-0.4838833,0.102,0.50284
LOC107985591,0.189,0.399,0.503
SCARNA7,-0.0966,0.399,0.503
TNFRSF10A,-0.102,0.399,0.503
CYP3A7-CYP3A51P,-0.215,0.399,0.503
LOC105376159,0.172,0.399,0.503
TFF1,0.1840456,0.293,0.5031758
FSCB,0.04887178,0.293,0.5033399
LOC100294402 /// SIGIRR,0.3481388,0.103,0.50343
PLA2G4D,0.03891518,0.293,0.5036577
DHX15,0.0482,0.4,0.504
LOC101927898,-0.105,0.401,0.504
SPDYE14,0.0993,0.4,0.504
LOC107987166,-0.274,0.4,0.504
TMEM257,0.05412581,0.294,0.5042824
LINC01163,-0.06207444,0.294,0.5044052
GTF2H3,-0.06803288,0.294,0.5045458
LOC105375512,-0.04782772,0.294,0.5046481
C1ORF175 /// TTC4,0.3446105,0.103,0.50467
CCDC45,0.4814903,0.103,0.50471
ODF4,0.0625894,0.295,0.5047565
SMIM5,-0.126,0.402,0.505
SEM1,0.0767,0.401,0.505
NKX2-4,-0.04817098,0.295,0.5050168
RXFP4,-0.05013182,0.295,0.5051767
C14ORF68,0.4357313,0.103,0.50519
TRBV9,-0.3373974,0.104,0.5053
SAPS2,0.3018426,0.104,0.50533
KBTBD4 /// PTPMT1,-0.3501498,0.104,0.50535
RUVBL1-AS1,0.0462154,0.295,0.5055638
C5ORF42,-0.04989305,0.295,0.5057246
SNORD46,-0.15182514,0.295,0.5057379
HIST1H3B,-0.2961575,0.104,0.50581
SBDS /// SBDSP1,0.4324779,0.104,0.50584
BRSK2,-0.3880032,0.104,0.50584
ECEL1,0.3454476,0.104,0.50595
LINC01238,0.141,0.402,0.506
MFSD13B,0.13,0.402,0.506
LOC101927727,0.16,0.402,0.506
LIX1-AS1,0.156,0.402,0.506
GTF3C2-AS2,-0.0707,0.402,0.506
C17ORF76,0.4084387,0.104,0.50611
KIAA1045,-0.2308259,0.104,0.50623
C8ORF44 /// SGK3,0.2849272,0.104,0.50623
TP53AIP1,-0.3425512,0.104,0.50631
CDC73,-0.2749771,0.104,0.50642
SP9,-0.2955001,0.104,0.50647
KIAA1755,-0.3485123,0.104,0.50649
TBC1D26,0.0419264,0.296,0.5066578
LINC01568,0.03728942,0.296,0.5066578
CBWD1,-0.05340992,0.296,0.5067875
NBDY,-0.0583,0.403,0.507
CCR8,0.04511902,0.296,0.5071875
FABP7,0.257748,0.105,0.50725
ZPR1,-0.10959431,0.297,0.5072814
HBD,-0.25248557,0.297,0.5072814
CNTNAP3,-0.04679562,0.297,0.5073417
NCRNA00161,-0.3008766,0.105,0.50736
C1ORF190,-0.2953229,0.105,0.50736
FRAT2,0.12174326,0.297,0.5073663
EXOC2,-0.07909574,0.297,0.5073663
OR10X1,0.05682883,0.297,0.5073663
FAM101B,0.0685711,0.297,0.5073663
HCG22,0.03074583,0.297,0.5074191
SPR,0.1281973,0.297,0.5074895
LINC00604,0.05029249,0.297,0.5076628
GSTA3,0.3638192,0.105,0.5077
IPO11 /// LRRC70,-0.2848035,0.105,0.50775
SPTSSA,-0.22883067,0.297,0.5077634
REXO1L1,-0.3043219,0.105,0.50779
LTC4S /// MAML1,-0.2806532,0.105,0.50789
LOC105379170,-0.114,0.404,0.508
SNORA31B,-0.132,0.404,0.508
PANDAR,0.0922,0.404,0.508
KCNU1,0.2898638,0.105,0.50813
FLJ10357,-0.4109847,0.105,0.50819
CEP170 /// CEP170L,-0.2752442,0.105,0.50819
KIAA0430,-0.234277,0.105,0.50831
PFDN6,0.07981372,0.298,0.5083754
CXORF23,-0.04796235,0.298,0.5083961
TMEM261,-0.10106343,0.298,0.5088494
CST11,0.04029268,0.298,0.5089163
CDC26 /// FKBP15 /// YME1L1,0.360724,0.105,0.50895
LOC105378374,0.272,0.405,0.509
STIMATE,0.0657,0.406,0.509
CENPN-AS1,-0.0841,0.405,0.509
TIMM10B,0.0465,0.406,0.509
NDUFB1,0.102,0.405,0.509
MPP5,-0.4236652,0.106,0.50911
CD177,0.04949306,0.299,0.5091283
NDUFB2,0.7869355,0.106,0.50939
ATP6V1C2,-0.03632455,0.299,0.5093955
FZD9,-0.05513707,0.299,0.5094017
VWA5B2,0.05458192,0.299,0.5094209
OR8B4,0.04149478,0.299,0.5097671
MUC15,-0.2800365,0.106,0.50979
FLJ39061,0.3670921,0.106,0.50979
DLEU2 /// DLEU2L,-0.5810348,0.106,0.50979
GCFC1,0.4294617,0.106,0.50997
GAS5-AS1,0.055,0.407,0.51
MIR4697HG,-0.218,0.406,0.51
LOC105374029,-0.228,0.406,0.51
LOC105376301,0.128,0.406,0.51
CEP126,-0.139,0.406,0.51
ZKSCAN3,-0.0534,0.406,0.51
KIAA1683,0.18848367,0.299,0.5100156
LOC200030 /// NBPF10 /// NBPF14 /// NBPF15 /// NBPF16 /// NBPF8 /// NBPF9,1.009117,0.106,0.51007
PYDC2,-0.4300128,0.106,0.51023
CYTH1,0.08329842,0.3,0.5102685
HPVC1,0.283863,0.107,0.51045
TATDN2,-0.3354948,0.107,0.51045
LRRC37A6P,0.0601765,0.3,0.5104996
EIF2C3,-0.4045733,0.107,0.51065
OR1G1,0.04594383,0.3,0.5107695
RBM28,0.0763938,0.3,0.5108444
KLK6,-0.3253528,0.107,0.51095
DRAIC,0.115,0.407,0.511
GTF2F2,0.0471,0.407,0.511
TOMM22,0.07867688,0.301,0.5113354
C17ORF108,-0.3861784,0.107,0.51136
DLL3,0.04151969,0.301,0.5115094
TLL2,0.04007843,0.301,0.5117797
LINC01608,0.04117904,0.301,0.5117797
OR7C1,0.05791824,0.301,0.5117797
USMG5,0.8027563,0.107,0.51195
SPATA31A3,0.05084273,0.301,0.5119892
LOC107986714,0.101,0.408,0.512
USP27X-DT,-0.144,0.408,0.512
NARS1,-0.0522,0.408,0.512
LINC02700,0.188,0.408,0.512
PPP1R2P3,-0.04860695,0.301,0.5120752
HOXC9,0.07529317,0.301,0.5120752
TMEM195,0.5122601,0.108,0.51211
SNORD42A,-0.04559641,0.302,0.5121873
PRM2,0.04075494,0.302,0.5123034
CCBP2,0.3377271,0.108,0.51237
FAM36A,0.4534313,0.108,0.51237
APLF /// PROKR1,0.3069518,0.108,0.51237
KIAA0226,-0.3023413,0.108,0.5124
BMS1P2-AGAP9,0.107,0.409,0.513
SCARNA26B,0.108,0.409,0.513
LOC105377113,0.1,0.409,0.513
IRAG2,-0.0976,0.409,0.513
RLN3,0.0309328,0.302,0.5130563
C1ORF163,-0.3087895,0.108,0.51346
USP17L24,-0.0434448,0.303,0.5135755
LOC391322,-0.3969583,0.108,0.51362
KRTAP20-1,0.04934899,0.303,0.513704
SOX11,0.23602,0.108,0.51381
CDCA8,-0.117,0.411,0.514
FGD6,-0.0441,0.411,0.514
LINC01484,0.141,0.41,0.514
SEMA6A-AS1,0.0776,0.41,0.514
LOC100130207,-0.102,0.411,0.514
LOC107984390,-0.135,0.41,0.514
MAST4-AS1,0.0979,0.41,0.514
LEO1,0.0556,0.41,0.514
LOC105374555,0.121,0.41,0.514
MEIS1-AS2,-0.164,0.41,0.514
LINC02575,0.157,0.41,0.514
FAHD2CP,-0.0645,0.41,0.514
LOC102724857,0.111,0.41,0.514
SFRS13B,-0.3564706,0.109,0.51443
CLEC4D,0.05088603,0.304,0.5144465
GMCL1 /// GMCL1L,-0.194674,0.109,0.51457
FAM214A,0.17997562,0.304,0.5146746
GABRA3,0.27534,0.109,0.51469
LOC101929823,-0.0939,0.411,0.515
ELOVL4,-0.03953005,0.304,0.515169
CCNH,-0.09545064,0.304,0.5153704
NRIP2,-0.07338835,0.305,0.5155026
SF3B14,0.3370754,0.109,0.51561
SPATA31A7,0.04919536,0.305,0.5156188
CLCA2,-0.294883,0.109,0.51569
DEFB126,-0.2798114,0.109,0.51575
EIF2C2,-0.2938945,0.109,0.51581
DHRS4 /// DHRS4L2,0.2904084,0.109,0.51581
KCNJ1,0.04652642,0.305,0.5158842
ZNF862,0.347536,0.109,0.5159
C1QTNF4,-0.06133271,0.305,0.5159481
REC114,0.108,0.412,0.516
WNT2,-0.175,0.412,0.516
TP53TG1,-0.0949,0.412,0.516
SNORD116-20,0.141,0.412,0.516
DYM-AS1,0.149,0.413,0.516
LOC107985936,0.195,0.413,0.516
INSRR,-0.269369,0.11,0.51632
OR10S1,0.04323522,0.305,0.5163223
GPR78,-0.03484677,0.306,0.5169096
LOC101928466,0.0947,0.413,0.517
ADAMTSL4-AS1,-0.0954,0.413,0.517
PILRB,-0.0805,0.413,0.517
FAM111A-DT,0.0706,0.413,0.517
LOC105378345,0.173,0.414,0.517
METTL27,0.166,0.413,0.517
LOC107985678,0.0949,0.413,0.517
PTGDR2,-0.103,0.413,0.517
KLF14,0.0338374,0.306,0.5172693
FTSJD1,0.2681608,0.11,0.51727
CHL1,-0.04864918,0.306,0.5173504
C6ORF26 /// MSH5,-0.2607156,0.11,0.51736
GPR149,-0.05227075,0.307,0.5176005
ACTL7B,0.06813718,0.307,0.5176991
FAM26E,-0.2362492,0.11,0.51778
PRSSL1,-0.3129767,0.11,0.51778
CYB5D2,-0.2693285,0.111,0.51791
UTP6,0.4402562,0.11,0.51791
LOC107984865,0.0995,0.415,0.518
LOC107985627,0.166,0.414,0.518
MGAM2,-0.233,0.414,0.518
GUCY1B2,-0.36,0.415,0.518
MALT1-AS1,0.139,0.414,0.518
HTR7P1,0.0712,0.415,0.518
LOC105370359,0.185,0.415,0.518
ARHGAP42-AS1,0.0913,0.415,0.518
ANO3,-0.116,0.414,0.518
C14ORF135,-0.3664741,0.111,0.51805
ANGPTL5,0.05122821,0.307,0.5180593
NOG,0.04584986,0.307,0.5180858
FAM157B /// FAM157C,-0.2647832,0.111,0.51842
MC2R,0.05125393,0.308,0.5189133
CALY,-0.06348056,0.308,0.5189133
LOC105373480,0.04438397,0.308,0.5189361
MTSS1L,0.04408766,0.308,0.518985
SNORD29,0.129,0.416,0.519
MRM2,-0.0501,0.416,0.519
AHSA2P,0.0442,0.415,0.519
LOC105376805,0.117,0.415,0.519
SNORD89,0.105,0.416,0.519
LOC107984247,-0.0552,0.415,0.519
INTS13,0.0458,0.415,0.519
LOC105369393,0.172,0.416,0.519
LOC100303749,0.112,0.415,0.519
CATSPERB,-0.222,0.416,0.519
FAM123A,-0.2513189,0.111,0.51916
C10ORF79,-0.2554515,0.111,0.51919
KRT35,0.04741071,0.308,0.5193564
AFF1 /// MLL,-0.3934296,0.111,0.51937
C19ORF36,-0.3387016,0.111,0.51952
SCHR2Q13,0.4549396,0.112,0.51981
MTURN,-0.12855478,0.309,0.5198959
LOC105379094,0.0806,0.417,0.52
LOC107985309,0.148,0.416,0.52
MAP3K7CL,0.0696,0.417,0.52
AGAP12P,0.0932,0.416,0.52
PRKAG2-AS2,0.139,0.416,0.52
SLC25A5,0.0665,0.417,0.52
GOLGA6FP,-0.17,0.417,0.52
SST,0.04777651,0.309,0.5201313
CXORF22,-0.2638288,0.112,0.52022
DKKL1,-0.04621384,0.309,0.5203125
KIAA0406,0.290337,0.112,0.52049
GSTT2 /// GSTT2B,0.2785486,0.112,0.52049
UPK2,0.04512169,0.309,0.5204908
C2ORF69,-0.0453332,0.309,0.5205046
CTXN3,0.04525714,0.309,0.5205046
OR52N4,-0.03966586,0.309,0.5205046
DDI2 /// RSC1A1,0.4955281,0.112,0.52074
LOC105373185,-0.05368141,0.31,0.5208994
C22ORF31,0.04416288,0.31,0.5208994
MTL5,0.2875557,0.112,0.52093
C3ORF64,-0.3465733,0.112,0.52095
ISPD,-0.05572117,0.31,0.5209932
LOC107984043,0.106,0.418,0.521
C20ORF197,0.04475666,0.31,0.5211376
CIB4,0.04064202,0.31,0.5211376
NXF2B,0.04543342,0.31,0.5211593
LOC100292747,-0.2897744,0.112,0.52118
HEATR2,0.2606081,0.112,0.52123
C5ORF20,-0.304967,0.112,0.52123
SYT4,0.2914204,0.112,0.52126
FAM18B /// FAM18B2,0.2532257,0.112,0.52126
DYNLRB2,-0.09042018,0.31,0.521399
CCDC155,-0.04025459,0.31,0.5214111
CXORF40A /// CXORF40B,0.57337,0.113,0.52154
WFDC5,0.04778942,0.31,0.5215572
KIAA1609,0.2745788,0.113,0.5216
HES7,0.04939686,0.311,0.5218193
UNC13B,-0.08901928,0.311,0.5218458
DEFB112,0.2880542,0.113,0.52199
LINC02334,0.116,0.418,0.522
ZNF528-AS1,-0.116,0.418,0.522
LOC107984840,0.131,0.418,0.522
LOC107984588,0.125,0.418,0.522
SNORD168,-0.156,0.418,0.522
APMAP,-0.0651,0.418,0.522
LOC105373163,-0.183,0.419,0.522
DSTYK,-0.3396404,0.113,0.52209
NAT8L,0.3912908,0.113,0.52209
OR5A2,-0.05993035,0.311,0.52211
LOC100289169 /// LOC728734 /// LOC728741 /// LOC729602 /// NPIPL2,0.6056209,0.113,0.52212
MAK,-0.3393986,0.113,0.5222
TGIF2LX /// TGIF2LY,-0.3264994,0.113,0.52221
LOC100506016,0.03915958,0.311,0.5223094
RHD,0.3498531,0.113,0.52271
OR11H1,0.04874909,0.312,0.5228597
PGAP2,0.2943275,0.113,0.52286
C12ORF36,-0.3085978,0.113,0.52286
IFLTD1,-0.2891755,0.113,0.52286
FAM178A,-0.2708242,0.113,0.52286
FKBP1AP1,0.3994263,0.113,0.52286
PPP4R1L,0.04654401,0.312,0.5229471
LOC105374689,0.327,0.42,0.523
TNFRSF10D,-0.0935,0.419,0.523
RTL5,0.0857,0.419,0.523
SRP14-DT,0.0771,0.42,0.523
STN1,-0.0392,0.42,0.523
LINC01697,-0.137,0.419,0.523
LINC02363,0.112,0.42,0.523
SMG1-DT,0.153,0.42,0.523
MIR4657,0.093,0.42,0.523
C21ORF84,-0.2540954,0.113,0.52303
CELA2A,-0.2613758,0.113,0.52311
SPANXD,0.04770304,0.312,0.5232761
ATAD3A /// ATAD3B /// LOC732419,-0.3271465,0.114,0.52335
C3ORF19,-0.3979563,0.114,0.52335
TTTY8 /// TTTY8B,0.3069896,0.114,0.52372
LCE3D /// LCE3E,-0.3346469,0.114,0.5238
C16ORF88,0.2728918,0.114,0.52387
LOC101928658,0.109,0.421,0.524
PLCB1-IT1,0.131,0.421,0.524
LOC101928474,-0.229,0.421,0.524
RNVU1-6,0.149,0.421,0.524
KIAA1984,0.357354,0.114,0.52423
C2ORF28,0.2467601,0.114,0.52432
EPB42,-0.3750683,0.114,0.52432
DKK2,-0.3632823,0.114,0.52432
LINC00407,-0.04176473,0.313,0.5243892
RBMXL3,0.05076064,0.313,0.524672
RGMB-AS1,-0.153,0.422,0.525
TBX15,-0.139,0.421,0.525
LOC105372850,0.117,0.422,0.525
GPER,0.2457997,0.115,0.52527
LOC200030 /// NBPF11 /// NBPF15 /// NBPF16 /// NBPF8 /// NBPF9,-0.3607473,0.115,0.52538
CCKBR,-0.2425899,0.115,0.52538
SLC9C1,0.04353667,0.314,0.5253903
C3ORF70,-0.08400247,0.314,0.5254016
HBB /// HBD,1.171981,0.115,0.52543
ZBTB3,-0.0831849,0.314,0.5256515
KRTAP5-8,-0.2385406,0.115,0.52567
OR3A2,-0.3356116,0.115,0.52571
FUT7,-0.04539557,0.314,0.5257991
UGT2A1 /// UGT2A2,0.3036324,0.115,0.52598
RBM5-AS1,0.055,0.423,0.526
OR5AK4P,0.203,0.422,0.526
LOC107984312,0.124,0.423,0.526
LOC101929691,0.103,0.423,0.526
LINC00537,-0.147,0.423,0.526
C20ORF3,0.4358247,0.115,0.52603
C9ORF167,-0.2616834,0.116,0.52603
NKX2-3,0.2807339,0.116,0.52612
C5ORF41,-0.5880089,0.116,0.52644
SEPT3,-0.04025475,0.315,0.5264751
FLJ45340,-0.3052802,0.116,0.5265
SNORA30,0.544152,0.116,0.52671
MGC5590,0.3041708,0.116,0.52671
BEND6,-0.05121609,0.315,0.5267479
SPTB,-0.04936368,0.315,0.5267572
CBWD2 /// CBWD5,1.0000511,0.116,0.52689
TTTY17A,0.04115458,0.315,0.526906
STIM2,0.07167696,0.315,0.526906
JAZF1-AS1,-0.04081167,0.315,0.526906
LOC105374965,0.151,0.423,0.527
LOC107984347,-0.0556,0.424,0.527
LOC284009,0.146,0.423,0.527
HERC2P3,0.0541,0.423,0.527
OR5A1,0.05201625,0.316,0.5270016
B3GLCT,0.13084165,0.316,0.5270016
TM4SF19,0.03840505,0.316,0.5271549
TNNC2,-0.04620588,0.316,0.5274716
CDX1,0.04291629,0.316,0.5274853
MAS1L,0.04032636,0.316,0.5277678
FBXO22-AS1,-0.04258212,0.316,0.5277678
LOC100506731,0.05063885,0.316,0.5277678
TSR2,-0.3589716,0.117,0.52778
C12ORF4,-0.3331401,0.117,0.5278
DEFB134,0.04552429,0.317,0.5279914
LOC105370622,-0.131,0.425,0.528
TRNH,0.315,0.424,0.528
LTO1,-0.0588,0.424,0.528
DTX2P1-UPK3BP1-PMS2P11,-0.0774,0.425,0.528
LOC101928266,-0.135,0.425,0.528
MAG,0.03471706,0.317,0.5280324
GYLTL1B,-0.2431083,0.117,0.52838
SHPK,0.3850418,0.117,0.52853
BPIFB4,0.05153218,0.317,0.5287551
LOC105372835,-0.104,0.426,0.529
LOC105375840,0.222,0.426,0.529
LOC101927849,-0.05758908,0.318,0.5290029
C14ORF149,0.4548308,0.117,0.52912
LOC283713,-0.04627221,0.318,0.5291841
KRTAP19-3,-0.2051168,0.118,0.5295
GUSBP5,0.138,0.427,0.53
TRH-GTG1-8,-0.207,0.427,0.53
OR2Z1,0.2823001,0.118,0.5301
FOXD1,0.05483587,0.319,0.530127
BIRC7,0.0422225,0.319,0.5302781
LOC102724323,-0.04487855,0.319,0.5302925
ZNF114,-0.3157149,0.118,0.53051
CCDC12,-0.2690067,0.118,0.53051
GPR120,-0.2958691,0.118,0.53051
HAUS1,-0.06830308,0.319,0.5305281
LILRB3 /// LOC100291689,0.5885091,0.119,0.53064
C20ORF78,0.04345129,0.319,0.5306489
NGDN,0.10233026,0.32,0.5306975
BCL2L1-AS1,-0.112,0.428,0.531
LOC105375019,0.0867,0.428,0.531
LINC03060,0.157,0.428,0.531
FLJ39095,0.133,0.428,0.531
MGC16025,-0.122,0.428,0.531
SLC38A4-AS1,0.0798,0.427,0.531
ZDHHC2,0.0599,0.427,0.531
KCNIP1,-0.2208653,0.119,0.53124
HOXA11,0.2765543,0.119,0.53137
HIST1H1E,0.04032548,0.32,0.5316021
CCDC87,0.2873998,0.119,0.53184
ALS2CR4,0.2722421,0.119,0.53184
TAS2R39,0.03516266,0.321,0.531848
PCAT29,0.169,0.429,0.532
SMG8,0.0641,0.429,0.532
DBIL5P2,0.153,0.429,0.532
SLFNL1,0.143,0.429,0.532
LOC105377124,-0.125,0.429,0.532
PRKAR1A,-0.0542,0.429,0.532
TMEM247,0.03491813,0.321,0.5320223
LOC101928307,0.07695967,0.321,0.5320401
UNC5D,0.2647335,0.119,0.5321
SSX2,-0.04031067,0.321,0.5321324
FLJ46066,0.04732266,0.321,0.5322364
KIAA0495,0.3738704,0.119,0.53231
HOXB1,-0.05333958,0.321,0.5324477
LINC01015,0.04250012,0.321,0.5326061
JAK2,-0.3285281,0.119,0.53269
LOC107987052,-0.152,0.43,0.533
LOC105370117,0.148,0.43,0.533
LINC00852,0.0987,0.43,0.533
FANCD2OS,0.04883644,0.322,0.5330015
FAM108C1,0.4865239,0.12,0.53316
OR5L1,0.04075903,0.322,0.5333134
TUSC1,-0.3427701,0.12,0.53338
LOC100287808,-0.3257565,0.12,0.53338
EPHA6,0.03465459,0.322,0.5335506
HSP90AA5P,-0.2686773,0.12,0.53369
SFRS9,-0.3138448,0.12,0.53369
C1ORF157,-0.3008612,0.12,0.53369
SLC5A5,0.04177062,0.323,0.5337521
RBM16,-0.2978776,0.12,0.53378
LOC102724830,0.139,0.431,0.534
LOC101927790,0.126,0.431,0.534
LOC105376425,0.123,0.43,0.534
OR7E12P,-0.209,0.431,0.534
TXK,0.078,0.43,0.534
KIR2DS4,-0.04798044,0.323,0.5345015
IHH,-0.2647123,0.121,0.53461
CHRNB4,-0.370778,0.121,0.53482
PPM1H,0.09127517,0.324,0.5349085
PSMC2,0.0522,0.432,0.535
LOC105374318,-0.183,0.432,0.535
CHURC1-FNTB,-0.033,0.432,0.535
LOC107986008,0.116,0.432,0.535
LRRC37A,-0.05304001,0.324,0.5350777
SCGB1A1,0.03316814,0.324,0.5351052
CMAH,-0.328929,0.121,0.53519
C3ORF71,-0.2211029,0.121,0.53519
CLC,-0.22253483,0.324,0.5352677
C1ORF31,-0.3755125,0.121,0.53546
GNB3,-0.2734433,0.121,0.53561
FMO9P,0.04615555,0.325,0.5359063
RUNDC2B /// RUNDC2C,0.2773847,0.122,0.53597
HIST1H3G,-0.335947,0.122,0.53598
LINC00310,0.1,0.433,0.536
FHL5,0.288,0.433,0.536
EFCAB6-DT,0.163,0.433,0.536
GRAPL,-0.12,0.433,0.536
LOC112268038,0.137,0.434,0.536
KCNK4,-0.13009984,0.325,0.5360763
C1ORF130,0.2806054,0.122,0.53641
LINC01629,0.04410063,0.325,0.5364777
C1ORF110,-0.3227822,0.122,0.53657
TYRP1,0.04180119,0.325,0.5365922
LOC645700 /// ZNF815,-0.3854925,0.122,0.53675
ACY3,0.12498399,0.326,0.5368645
HOXC5,-0.3407609,0.122,0.53688
B3GALNT2,0.0857983,0.326,0.5369626
FAM9C,-0.04869083,0.326,0.5369626
C18ORF23,0.5008105,0.122,0.53698
VANGL1,-0.0537,0.434,0.537
RHOXF1-AS1,0.122,0.434,0.537
ND4L,-0.179,0.434,0.537
MIR3945HG,-0.173,0.435,0.537
SMIM38,0.152,0.434,0.537
LOC112268077,0.11,0.434,0.537
MRPL53,-0.0976,0.434,0.537
LOC107987164,0.155,0.434,0.537
ELF1,-0.0547,0.434,0.537
LOC105374724,-0.118,0.435,0.537
LOC105375217,-0.171,0.434,0.537
LOC105369147,0.112,0.435,0.537
C1ORF113,-0.371178,0.122,0.53702
ACTG2,0.38831849,0.326,0.5371984
TPD52L3,0.04155397,0.326,0.5375095
KRT17,0.3332119,0.122,0.53767
C18ORF1,-0.3447866,0.122,0.53779
NAPRT1,0.221893,0.123,0.53787
HLA-DRB1 /// HLA-DRB3 /// HLA-DRB4 /// HLA-DRB5,-0.5204092,0.123,0.53793
LOC105376067,0.123,0.435,0.538
LOC107985414,0.108,0.435,0.538
HDGFL1,-0.04104602,0.327,0.5380612
FABP12,0.04382545,0.327,0.5380887
LINC01182,-0.04357433,0.327,0.5380887
LOC100132062 /// LOC100133161 /// LOC100133331 /// LOC653340 /// LOC729737,-0.2721155,0.123,0.53817
VIPR1,0.19524596,0.328,0.5385973
SNAR-G1,-0.03998757,0.328,0.5386293
STYK1,0.2829495,0.123,0.53867
EIF4EBP3,0.04647232,0.328,0.538747
GPX5,0.05070057,0.328,0.538747
NXPH4,0.04227261,0.328,0.5388366
LOC105376110,-0.171,0.436,0.539
GET1,0.0583,0.436,0.539
ABCC5-AS1,-0.04474292,0.328,0.5390243
C16ORF57,-0.4321099,0.123,0.53922
ZSCAN4,0.04439897,0.329,0.5393537
FAM189A1,0.04384039,0.329,0.5395121
C1ORF66,-0.2376792,0.123,0.53952
SFRS12IP1,-0.2525952,0.123,0.53954
POLR3K,-0.2830638,0.123,0.53964
DHRS4 /// DHRS4L1 /// DHRS4L2,0.501521,0.123,0.53964
S1PR1,-0.13076013,0.329,0.5396772
ZPBP,-0.04059541,0.329,0.5396942
LOC101929470,0.04267924,0.329,0.5396942
TEKT4,0.04560513,0.329,0.539857
ESCO2,0.03743888,0.329,0.539857
SNORA40B,-0.166,0.437,0.54
CCDC109A,0.3005594,0.124,0.54005
FAM108A1 /// FAM108A4,-0.3605711,0.124,0.54006
C14ORF182,-0.3702721,0.124,0.54039
C1ORF126,0.2440056,0.124,0.54039
PDE12,-0.276291,0.124,0.54043
MOBKL3,0.2250984,0.124,0.54043
KCNA2,0.03932968,0.33,0.5404733
C20ORF114,-0.3887774,0.124,0.54082
LINC01326,-0.042505,0.33,0.54086
BARHL1,-0.03846918,0.33,0.5409585
LERFS,0.172,0.438,0.541
LOC102724594,-0.0454,0.438,0.541
NEAT1,0.137,0.438,0.541
LOC107984984,0.102,0.438,0.541
FAM153B,-0.3618206,0.125,0.54127
DDX53,-0.3225934,0.125,0.54129
GPRASP1,-0.37063,0.125,0.54167
ELAVL3,0.04940538,0.331,0.5416744
TXNRD3IT1,-0.233204,0.125,0.54168
KHDC1L,-0.2882692,0.125,0.54174
LOC105376598,0.132,0.439,0.542
ATP8,-0.194,0.439,0.542
SPDYE7P,-0.153,0.439,0.542
SND1-IT1,0.108,0.439,0.542
ZNF251,-0.04790839,0.331,0.5422073
ATP6V0D2,0.05062218,0.331,0.5422317
SAV1,0.5595872,0.125,0.54232
LEFTY2,-0.2954043,0.125,0.54234
ZIM3,-0.04517554,0.332,0.5426315
NIPA1,0.2503742,0.125,0.54275
CCDC64,-0.3655342,0.126,0.54296
KCNE1L,-0.3165573,0.126,0.54296
CACNG1,-0.4040081,0.126,0.54296
SNHG12 /// SNORA16A,-0.4756046,0.126,0.54298
SSB,0.0533,0.439,0.543
RAB6C-AS1,-0.13,0.44,0.543
POU5F1P4,-0.111,0.44,0.543
LOC105377504,-0.136,0.44,0.543
LOC100190986,0.0885,0.44,0.543
LOC101928473,0.17,0.44,0.543
C12ORF39,0.2139677,0.126,0.54303
PRR20A /// PRR20B /// PRR20C /// PRR20D /// PRR20E,-0.2404771,0.126,0.54322
XGY2,0.03871034,0.332,0.5432416
CCDC104,-0.3083518,0.126,0.54338
SFXN5,0.2811827,0.126,0.54338
LOC101929288,-0.04596682,0.333,0.5435505
ZNF548,0.06510483,0.333,0.5435948
NKX3-2,-0.2394092,0.126,0.5438
C21ORF67,-0.3106233,0.126,0.54382
ZNF219,-0.2832109,0.126,0.54382
HRK,0.04451719,0.333,0.5439028
TMEM133,-0.06415763,0.333,0.5439028
SNORA70B,0.3321054,0.127,0.54393
BOD1,-0.2905243,0.127,0.54393
TMEM160,0.09020874,0.333,0.5439595
ARHGAP26-AS1,-0.176,0.441,0.544
FLJ42627,-0.0819,0.441,0.544
SAP30L-AS1,-0.0939,0.441,0.544
TEX52,-0.163,0.441,0.544
PRKAG1,-0.3642017,0.127,0.544
DENND2B-AS1,0.132,0.441,0.544
PHB,0.31649,0.127,0.544
PCDH11X /// PCDH11Y,0.2660916,0.127,0.544
CST9L,-0.3132446,0.127,0.544
C20ORF12,-0.2820339,0.127,0.544
LARP1,0.0398,0.441,0.544
MIR181A2HG,0.113,0.441,0.544
RBM12B-AS1,0.0817,0.441,0.544
FOXI3,0.2642915,0.127,0.544
RAN,0.3235741,0.127,0.544
ZNF252P-AS1,0.105,0.441,0.544
WNT9A,0.04123322,0.333,0.544237
LOC101927549,0.03710787,0.334,0.5446826
ZNRF4,0.04332227,0.334,0.5447757
LOC101928775,-0.03832015,0.334,0.5449708
STXBP5L,0.04784173,0.334,0.5450836
OSTALPHA,-0.3922373,0.128,0.5451
PIPSL,-0.07783395,0.334,0.5452021
ZNF444,0.2355339,0.128,0.54542
CFAP58-AS1,0.04767427,0.334,0.545426
TRA@ /// TRD@,-0.2416821,0.128,0.54552
AQP8,-0.08003181,0.335,0.5455333
AMER2,-0.04809165,0.335,0.5457217
LOC105376874,0.161,0.443,0.546
ILF3-DT,0.0529,0.443,0.546
CFDP1,0.0431,0.443,0.546
PNO1,-0.0657,0.443,0.546
LOC102723507,-0.116,0.443,0.546
BPIL2,0.3123338,0.128,0.54617
OR2A4 /// OR2A7,-0.2895908,0.128,0.54617
GJD4,-0.2659202,0.128,0.54617
NPS,-0.249966,0.128,0.54617
STXBP4,-0.2776309,0.128,0.54618
NWD1,-0.2289068,0.128,0.54618
CCDC144A /// CCDC144B,0.3899787,0.129,0.54642
LILRP2,-0.291647,0.129,0.54642
UTP14A,-0.2916776,0.129,0.54642
ZNF587,-0.3235634,0.129,0.54654
LOC102723834,-0.05063343,0.336,0.5467021
CLCA4,0.03989307,0.336,0.5468585
TRNT,0.215,0.445,0.547
LOC105375337,0.124,0.444,0.547
LOC105369656,0.161,0.444,0.547
ATP5MGL,-0.153,0.444,0.547
C20ORF30,0.4042374,0.129,0.54706
MARCH8,-0.04842893,0.336,0.5470823
LOC339803,0.3054836,0.129,0.5471
XRCC4,-0.1857924,0.129,0.5471
COX7B2,0.05491363,0.336,0.5472075
C1ORF128,-0.2356286,0.13,0.54729
LINC01350,-0.04199681,0.336,0.5473062
HBCBP,0.04008189,0.337,0.5477354
ANKRD33,-0.3143393,0.13,0.54787
LOC107985687,0.117,0.446,0.548
C3ORF86P,-0.102,0.445,0.548
FBXO34,0.0358,0.445,0.548
CTCF,0.0292,0.445,0.548
ARF6,-0.0536,0.445,0.548
LOC105378228,-0.165,0.445,0.548
SLC26A5-AS1,0.135,0.445,0.548
KIAA1468,-0.3330342,0.13,0.54831
LOC101926975,0.0372293,0.338,0.5484899
NAP1L5,-0.3719048,0.13,0.5485
DNAJA1,0.3178255,0.13,0.5485
FAM58B,-0.2905339,0.13,0.54858
LOC105378068,-0.0399433,0.338,0.5488647
RAB40AL,0.04642705,0.338,0.5489179
LOC102724943,0.162,0.446,0.549
LOC115308161,0.109,0.446,0.549
SEC31A,0.0461,0.447,0.549
CTBP1-DT,-0.0617,0.446,0.549
BPIFB1,0.35941777,0.338,0.5491776
TSHB,0.05140945,0.338,0.5492242
MAP7D2,0.2506052,0.131,0.54924
ARHGAP8 /// PRR5 /// PRR5-ARHGAP8,-0.2961171,0.131,0.54934
NRAV,-0.05427892,0.339,0.5493874
MKRN1,-0.2940968,0.131,0.54959
PPAP2A,-0.3830876,0.131,0.54959
ZNF98,0.04222251,0.339,0.5496653
FCGR1B,-0.2836098,0.131,0.5497
STAT4,0.4922396,0.131,0.5497
C16ORF70,0.12160067,0.339,0.5497779
KRT12,0.04349232,0.339,0.5499123
OR51B6,0.04689133,0.339,0.5499437
C16ORF95,-0.0946,0.447,0.55
ETS1-AS1,0.136,0.447,0.55
GOLGA6D,0.136,0.447,0.55
LOC105371608,0.0979,0.447,0.55
POU2F3,0.03913395,0.339,0.5501145
ASCL4,0.3437005,0.132,0.55027
GLYATL2,0.04153358,0.34,0.5504943
S100A7A,0.2555422,0.132,0.55053
APOC1P1,0.8132193,0.132,0.55053
IGFL4,0.04824515,0.34,0.5508489
IGL@ /// LOC100287927,-0.2757965,0.132,0.55092
PCOTH,-0.2151051,0.132,0.55092
LOC105370973,0.185,0.449,0.551
LOC107987264,0.0754,0.448,0.551
LOC105379337,-0.123,0.448,0.551
GCOM1,0.0482,0.448,0.551
TARS1,0.0683,0.448,0.551
MIR133A1HG,0.0945,0.448,0.551
LOC104613533,0.04135344,0.341,0.5516439
SFRP2,-0.04755641,0.341,0.5517495
PRSS33,-0.2149879,0.132,0.55178
NSFL1C,0.3702229,0.132,0.55186
POLR3GL,0.0508,0.449,0.552
PCDHGA4,0.0915,0.449,0.552
LOC286059,0.158,0.449,0.552
LOC541473,-0.103,0.45,0.552
LOC105377496,0.114,0.449,0.552
ASMT,-0.102,0.449,0.552
FRG1JP,0.0863,0.449,0.552
CALCR,-0.335889,0.133,0.55206
DIMT1L,-0.2904443,0.133,0.55206
MEIS1-AS3,-0.03623967,0.342,0.5525061
C18ORF12,-0.04410551,0.342,0.5525074
PRR21,-0.05049583,0.342,0.5525074
NME1-NME2 /// NME2,0.4076687,0.133,0.55258
C12ORF41 /// SNORA2B,-0.3357356,0.133,0.55262
SNORD34,0.05980695,0.342,0.5527828
ERVV-1,0.04721834,0.342,0.5528125
ACRC,-0.05681349,0.342,0.5528404
C4A,0.0858,0.45,0.553
H3P6,-0.0556,0.451,0.553
C6ORF114,-0.2402354,0.133,0.55301
LOC728613 /// PDCD6,-0.2511727,0.133,0.55303
LOC101928278,-0.0372831,0.342,0.5530391
FOSL1,-0.728853,0.133,0.55305
CTNNA2,-0.2553389,0.133,0.55305
HYAL4,-0.2365851,0.133,0.55305
C3ORF23,0.3041834,0.133,0.55305
URAD,-0.03107207,0.342,0.5530823
DYNC1I1,-0.04465271,0.342,0.5531883
C11ORF93,-0.2681064,0.133,0.55323
TOPAZ1,0.02864449,0.342,0.5532677
LOC26172,-0.3705986,0.134,0.55337
GTF2A1L /// STON1-GTF2A1L,-0.2458077,0.134,0.55339
PALM2-AKAP2,0.05698648,0.343,0.5534046
SELENOPROTEIN 15,0.4064062,0.134,0.55395
LINC01695,-0.113,0.452,0.554
ZNF790-AS1,0.0874,0.452,0.554
C14ORF181,-0.2721833,0.134,0.55403
TRERNA1,0.02668985,0.343,0.5540463
KIAA1467,0.3633759,0.134,0.55414
NANOS3,-0.04601454,0.344,0.5542158
C18ORF55,0.5350366,0.134,0.55425
KIAA1199,-0.2839459,0.134,0.55425
LOC100128292,-0.3370363,0.134,0.55425
KRTAP5-2,-0.3773483,0.134,0.55428
LHX5,-0.04701565,0.344,0.5543711
LOC100128175,0.05885251,0.344,0.5544086
C3ORF56,0.04261345,0.344,0.5544158
SNTN,-0.05661855,0.344,0.5544158
UTP18,0.3662877,0.134,0.55447
LOC389199,0.0337501,0.344,0.5544862
EFCAB6-AS1,-0.03380414,0.344,0.5544862
NELL1,-0.2635616,0.134,0.5545
PPP1R15B,0.03994211,0.344,0.5545285
WNT6,-0.04873859,0.344,0.5545608
HIATL1,-0.2417255,0.134,0.55476
SEPT10,0.07303677,0.344,0.5547847
OR8G1,0.03379052,0.344,0.5548067
LYRM5,-0.11655217,0.344,0.5548067
MAPT,-0.0432864,0.344,0.5548067
WDR85,-0.3351569,0.135,0.55484
LOC149620,-0.356567,0.135,0.55484
MMD2,0.3158416,0.135,0.55484
MGC39584,-0.2688855,0.135,0.55484
ST6GALNAC5,-0.3012132,0.135,0.55487
MIR570,0.123,0.453,0.555
CORIN,0.0948,0.452,0.555
GHRL,-0.1,0.452,0.555
LOC105375022,0.152,0.452,0.555
LOC102724262,0.0763,0.452,0.555
LINC02889,0.143,0.452,0.555
IGFLR1,-0.103,0.452,0.555
C12ORF24,-0.2628614,0.135,0.55533
BCMO1,0.3986979,0.135,0.55535
LOC360030,-0.2504847,0.135,0.55535
C15ORF33,-0.3634464,0.135,0.55535
C14ORF166B,-0.3018393,0.135,0.55544
LOC105373553,0.04459321,0.345,0.5555956
MIR21 /// TMEM49,1.3924689,0.136,0.55573
LOC100216479 /// LOC440905,0.1766055,0.136,0.55573
ZFYVE21,0.08701536,0.345,0.5558611
LOC105376794,0.0985,0.454,0.556
TRNA,0.234,0.454,0.556
LINC00174,-0.102,0.454,0.556
LOC390940,-0.2453072,0.136,0.55618
TSN,0.2679953,0.136,0.55618
C15ORF17,-0.342165,0.136,0.55618
C18ORF62,0.2389371,0.136,0.55618
SUV420H1,0.2967646,0.136,0.55618
DEFB4A,-0.315234,0.137,0.55645
SLC25A41,0.03874444,0.346,0.5565441
ABCC8,-0.2289667,0.137,0.55662
CTRC,-0.3290877,0.137,0.55674
CYTSA,-0.2617057,0.137,0.55689
GALR3,0.3810083,0.137,0.55695
LOC101927513,0.144,0.455,0.557
CSNK2A3,0.0415,0.455,0.557
PRSS45P,0.146,0.454,0.557
LOC105377771,-0.0931,0.454,0.557
MFAP3,-0.2487609,0.137,0.55709
LOC728412 /// TSPY1 /// TSPY2 /// TSPY3 /// TSPY4,-0.2679613,0.137,0.55709
MT1JP /// MT1M /// MT1P3,0.6915356,0.137,0.55709
CLCNKA /// CLCNKB,-0.2078754,0.137,0.55728
ACTL10,-0.04295458,0.347,0.5577707
MTNR1A,0.05744114,0.347,0.5578613
C1ORF96,-0.242078,0.138,0.55794
KIAA0528,-0.2795127,0.138,0.55795
H2BC12,-0.106,0.456,0.558
LOC105379026,0.11,0.455,0.558
PPP1R26-AS1,0.0877,0.456,0.558
LOC105377675,-0.151,0.456,0.558
LOC105371483,-0.0901,0.455,0.558
GCSAML,0.04095302,0.347,0.5580208
ANKLE1,-0.03855138,0.348,0.5580888
SLC16A7,0.0906714,0.348,0.5580888
C17ORF62,-0.107187,0.348,0.5582593
ADAM10,0.2088465,0.138,0.55853
ADAM21 /// ADAM21P1,-0.2218805,0.138,0.55853
OR4S1,-0.0420022,0.348,0.5586174
TNFSF12-TNFSF13 /// TNFSF13,-0.2269812,0.138,0.55883
ANKRD34A,-0.2370788,0.139,0.55894
RBFOX1,0.0407209,0.349,0.5589575
NEURL,-0.2248285,0.139,0.55897
FLJ43950,-0.3039617,0.139,0.55899
LHFPL1,-0.2283771,0.139,0.55899
SCARNA16,-0.114,0.457,0.559
EML4-AS1,-0.115,0.457,0.559
CALHM5,-0.0862,0.456,0.559
L3MBTL,0.2323504,0.139,0.55949
CHIA,0.04338073,0.349,0.5595642
KBTBD13,0.2996398,0.139,0.55974
REEP2,-0.2625464,0.139,0.55974
RAPSN,-0.3293823,0.139,0.55974
PCYT1B,0.03711569,0.349,0.5597923
LOC105374257,0.169,0.458,0.56
WASHC1,-0.0676,0.457,0.56
LOC105378116,0.125,0.457,0.56
LOC107986424,0.105,0.458,0.56
MIR29C,0.114,0.458,0.56
WDR5B-DT,0.104,0.458,0.56
BTN2A3P,-0.0867,0.458,0.56
LOC101928119,-0.0975,0.458,0.56
ADGB,0.03808425,0.35,0.5601428
LGALS9B,0.04939346,0.35,0.5602698
LOC105376271,0.04484828,0.35,0.5604273
OR6C1,0.03917006,0.35,0.5604661
ART5,0.04580823,0.351,0.5609168
LOC105372480,0.0852,0.459,0.561
LOC102724720,0.14,0.459,0.561
PXYLP1,-0.0747,0.459,0.561
LOC84214,-0.187,0.459,0.561
ZNF814,-0.2086739,0.14,0.56104
LOC105370306,0.05118618,0.351,0.5610896
C21ORF82,-0.2327042,0.14,0.56131
ECH1 /// HNRNPL,0.3327117,0.14,0.56152
GABRR1,0.3476906,0.14,0.56166
C1ORF223,0.3024826,0.14,0.56166
ZNF570,-0.04802885,0.352,0.5617949
ANKRD5,0.3400319,0.14,0.56191
FOLR4,-0.2264126,0.14,0.56192
SNORA31,-0.0964,0.46,0.562
LOC107986135,-0.125,0.46,0.562
LOC107987115,0.178,0.459,0.562
GTF3C2-AS1,-0.0545,0.459,0.562
PRB3,0.157,0.46,0.562
RBMS3-AS1,-0.144,0.46,0.562
LINC02100,0.105,0.46,0.562
LOC112268227,-0.145,0.46,0.562
PRAMEF1 /// PRAMEF13 /// PRAMEF14 /// PRAMEF2,-0.2403506,0.141,0.56203
SGEF,0.2837496,0.14,0.56203
DKFZP761E198,-0.2668844,0.141,0.56206
U2AF1,0.06939795,0.352,0.5621036
DHRS4L2,0.17271781,0.352,0.56217
MADCAM1,-0.2452762,0.141,0.56274
INSL3,-0.04341418,0.352,0.5627565
PLA2G4E,0.3196027,0.141,0.5629
OLFM3,-0.3109508,0.141,0.5629
SLC39A12,-0.2411771,0.141,0.5629
CCDC151,-0.3118278,0.141,0.5629
MYBPHL,-0.214,0.46,0.563
LOC102723493,0.0787,0.46,0.563
LOC105370579,0.0801,0.461,0.563
TIFA,0.07277031,0.353,0.5630616
TRPM1,-0.2188729,0.141,0.5637
PSG2,0.3092233,0.141,0.5637
LOC115110,-0.05089109,0.353,0.563854
LOC100131128 /// TIMM8B,0.5110988,0.142,0.564
LOC100310756,0.085,0.461,0.564
LOC105372064,-0.0628,0.462,0.564
LOC102723872,0.136,0.462,0.564
LOC107987293,0.331,0.461,0.564
ZNF470-DT,0.0922,0.462,0.564
GPR6,-0.04416029,0.354,0.5640284
GRIK5,0.0446597,0.354,0.5640805
SUN3,-0.02659929,0.354,0.5640805
DEFB108B /// DEFB108P1 /// LOC100133128 /// LOC100290235,0.3012997,0.142,0.56409
LOC388882,0.05968115,0.354,0.5640911
C5ORF43,-0.2748003,0.142,0.56427
LOC105369691,-0.04053857,0.354,0.564272
PTTG1 /// PTTG3P,-0.3302021,0.142,0.56438
MSH2,0.2242053,0.142,0.56453
ACTL6B,0.03359474,0.354,0.5647632
LOC100131662,-0.03209627,0.355,0.5648398
PRSS21,-0.04595489,0.355,0.5649379
DLX3,-0.04533044,0.355,0.5649669
ZNF582-DT,0.0818,0.463,0.565
LOC105377509,0.135,0.463,0.565
LOC105373945,-0.184,0.462,0.565
SPDYC,-0.139,0.463,0.565
LINC02520,0.182,0.463,0.565
SNHG11,-0.0735,0.462,0.565
RFPL1,-0.136,0.463,0.565
PBX1-AS1,-0.126,0.463,0.565
PPIP5K1P1-CATSPER2,-0.05,0.463,0.565
SHOX,0.04942347,0.355,0.5651146
BTN1A1,0.03965959,0.355,0.5652946
CXCR7,-0.2689361,0.143,0.56559
PSG9,-0.2412184,0.143,0.56559
C1ORF103,-0.2162503,0.143,0.56559
MCART1,-0.2550967,0.143,0.56567
HOOK3,0.0352,0.464,0.566
SLC25A30,0.0562,0.464,0.566
LRRC70,-0.0889,0.464,0.566
GHSR,0.04217585,0.356,0.5660078
NAPSA,-0.12166233,0.356,0.566061
IZUMO4,0.03714843,0.356,0.5660654
C1ORF9,-0.2574241,0.143,0.56607
ALDH1A2,-0.0926891,0.356,0.5660942
SLC30A2,-0.13675312,0.356,0.5660942
DLAT,-0.2994222,0.143,0.5661
LCE6A,-0.04300386,0.356,0.5662237
LOC100506127,-0.056134,0.356,0.5662892
XPNPEP2,0.48908787,0.356,0.5662892
ZNF815,-0.2535724,0.143,0.56645
KIAA0652,0.3457472,0.143,0.56645
POLE4,-0.08172874,0.357,0.5666292
LOC101929538,0.05238401,0.357,0.5666894
CCDC142 /// MRPL53,0.2175915,0.143,0.56672
DIRC2,-0.1998438,0.143,0.56672
KIAA0247,0.332261,0.143,0.56688
LOC112267916,-0.162,0.465,0.567
ZNF425,-0.0746,0.465,0.567
IL36A,0.03633611,0.357,0.5670821
OR2G2,0.03712644,0.357,0.5670967
MDH1B,0.04150864,0.357,0.5672562
STAG3L1,0.3399667,0.144,0.56732
CIDEC,-0.3451675,0.144,0.5674
C6ORF58,0.03898228,0.358,0.5675592
DAPL1,-0.04170308,0.358,0.5675703
FUS,-0.4288714,0.144,0.56767
CA6,-0.2620257,0.144,0.56781
EFCAB1,0.05869642,0.358,0.5678307
BTBD16,-0.2462834,0.144,0.56799
LINC00189,0.137,0.466,0.568
LOC105372118,-0.0851,0.467,0.568
LOC105374709,-0.168,0.467,0.568
LINC02725,0.174,0.466,0.568
SPAG5,0.0517,0.466,0.568
LOC105370887,0.132,0.466,0.568
NIPSNAP2,0.043,0.466,0.568
CDRT15L2,0.03278107,0.358,0.5680068
RAG1AP1,-0.2463684,0.144,0.56814
FAM187B,0.03792482,0.359,0.5682638
HIST1H3D,0.0637857,0.359,0.5683713
CXCL14,0.3407175,0.145,0.5685
ASB17,0.03476399,0.359,0.5686246
RXRG,0.03940962,0.359,0.5686415
TP53TG3 /// TP53TG3B,0.2698507,0.145,0.56875
C20ORF177,0.287319,0.145,0.56877
RP9 /// RP9P,-0.244698,0.145,0.5689
LOC105377077,0.122,0.467,0.569
LOC101928451,0.0599,0.467,0.569
CCDC54,0.04043241,0.359,0.5690386
PSORS1C2,0.03821383,0.359,0.5690386
C15ORF51,0.2875034,0.145,0.56917
ANAPC4,-0.3349772,0.145,0.56929
POMZP3 /// ZP3,0.2456286,0.145,0.56937
RDBP,-0.301344,0.145,0.56937
TMEM5,0.07948048,0.36,0.5693875
GRK7,-0.2341956,0.146,0.56981
AZU1,-0.3177376,0.146,0.56981
C2ORF24,0.2403203,0.146,0.56987
LINC00839,-0.03614315,0.36,0.5699288
SEPT2,0.10105241,0.36,0.5699484
LINC02968,-0.163,0.468,0.57
PDCD6IPP2,-0.0763,0.469,0.57
LOC105371825,0.134,0.469,0.57
OR5AR1,0.3109556,0.146,0.57005
NMNAT2,-0.3103274,0.146,0.57011
FAM59A,-0.2870513,0.146,0.57028
BARX2,0.04912382,0.361,0.570312
MRPS28 /// TPD52,0.5243705,0.146,0.57039
LOC100288114,0.3254765,0.146,0.57123
MTHFSD,-0.05253598,0.362,0.5712846
SNORA46,0.3356933,0.147,0.57134
ADAD1,0.03849434,0.362,0.5714058
PROSAPIP1,-0.3675114,0.147,0.57145
TMEM75,-0.2589168,0.147,0.57145
LINC00554,-0.05156164,0.362,0.5714516
PIP4K2B,-0.2713217,0.147,0.57153
HIST1H2BF,-0.3128884,0.147,0.57164
STMN4,-0.3278105,0.147,0.57171
TTC29,-0.03232448,0.362,0.5718215
THRIL,-0.0487,0.47,0.572
LINC01537,0.107,0.47,0.572
LOC112268130,0.106,0.47,0.572
AIFM1,0.0521,0.47,0.572
GPR172B,-0.2363595,0.147,0.57221
ELMOD1,0.04649685,0.363,0.5722941
LOC653562 /// SLC6A10P /// SLC6A8,0.4196044,0.148,0.5723
TTC24,-0.348372,0.148,0.57232
PF4,0.03763352,0.363,0.5723283
MOBKL2B,-0.2775164,0.148,0.57234
KLHL36,0.09051757,0.363,0.5724467
OST4,0.5422783,0.148,0.57291
KLK8 /// KLK9,-0.2114911,0.148,0.57293
ARMC4,-0.2519009,0.148,0.57299
GTF2IP4,-0.0342,0.471,0.573
LOC102724881,0.105,0.471,0.573
LOC105371874,0.139,0.471,0.573
PSMD11,0.0384,0.471,0.573
LOC105369473,0.04310073,0.364,0.5730067
CERS1,0.03776933,0.364,0.5730204
KIR3DL1,-0.06754297,0.364,0.5730495
STAC2,0.04438171,0.364,0.5730962
KCND2,-0.3159816,0.148,0.5732
RNASEN,0.3158973,0.148,0.5735
AGPAT6,-0.3596749,0.149,0.57358
C16ORF45,0.2169918,0.149,0.5737
ZBTB7C,-0.2259726,0.149,0.57377
AMAC1,0.2312342,0.149,0.57377
C2ORF27A /// C2ORF27B,-0.2665573,0.149,0.57378
KRTAP10-8,0.2358196,0.149,0.57389
LOC107985850,-0.123,0.473,0.574
TAF1D,0.0577,0.472,0.574
SNORD108,0.105,0.472,0.574
LOC105371100,-0.094,0.472,0.574
SNORD87,0.123,0.472,0.574
TXNDC12-AS1,0.133,0.472,0.574
ALS2CR8,-0.2240797,0.149,0.57408
RNF20,-0.09322736,0.365,0.5741398
FDCSP,-0.05760458,0.365,0.5741398
LINC01107,0.03667376,0.365,0.5741398
CCDC147,-0.2710247,0.149,0.57414
NCRNA00175,0.3637763,0.149,0.57448
DLX2,0.04631091,0.365,0.574626
MSLNL,-0.3168253,0.149,0.57465
LOC107985090,0.138,0.473,0.575
MAPK8IP1P2,-0.278,0.473,0.575
MIR3614,0.0765,0.474,0.575
ACSF2,-0.0735,0.473,0.575
LINC01415,0.187,0.474,0.575
H3C6,-0.127,0.473,0.575
SLC25A4,0.062,0.473,0.575
ARHGAP40,0.05064867,0.366,0.5750191
C7ORF57,0.04168942,0.366,0.5753708
SCGB1D2,-0.3100947,0.15,0.57545
PLA2G10,0.09623298,0.366,0.575606
LOC105755953,-0.03527671,0.367,0.575645
TBC1D26 /// TBC1D28,0.2993291,0.15,0.57583
MOBKL1A,-0.3036236,0.15,0.57597
MAGEB18,-0.04138829,0.367,0.5759882
LINC00597,-0.0909,0.475,0.576
ATXN7L3-AS1,-0.0979,0.474,0.576
MED20,0.0357,0.474,0.576
LIMS1-AS1,-0.126,0.474,0.576
SRI-AS1,-0.0961,0.474,0.576
GSDME,0.0517,0.475,0.576
LOC105370989,0.173,0.475,0.576
SF3A1,-0.039,0.475,0.576
LOC112268073,0.113,0.474,0.576
FAM88B,0.0767,0.475,0.576
C2ORF70,-0.03840482,0.367,0.5760317
C10ORF4,0.3389258,0.15,0.57606
OR8K5,-0.04153701,0.367,0.5762804
IL1R2,-0.03752516,0.367,0.5763984
ST18,0.03829079,0.367,0.5764313
RSPH6A,-0.2144445,0.151,0.57676
PDZD3,-0.0503946,0.368,0.5768119
LOC100506422,-0.03994994,0.368,0.5769257
FAM32A,-0.0636,0.476,0.577
WDR52,0.2106822,0.151,0.57701
CAMP,0.16299691,0.368,0.5770684
EMX2OS,0.0453638,0.368,0.5771369
SPHKAP,-0.2350973,0.151,0.57746
BPI,-0.04877325,0.369,0.5776559
LOC105377628,-0.126,0.476,0.578
LOC107986608,0.182,0.477,0.578
MIR604,-0.147,0.477,0.578
FAM239C,-0.217,0.477,0.578
ADAMTS6,-0.0959,0.477,0.578
SLC16A1-AS1,-0.093,0.476,0.578
FHIT,0.0767622,0.369,0.5781204
LINC00634,0.04086388,0.369,0.5781405
OR2B6,0.03667197,0.369,0.5781551
PEBP4,-0.04841828,0.369,0.5781839
UBA6,0.2437666,0.151,0.57831
FAM96A,-0.14213816,0.369,0.5783693
SF4,0.2579345,0.152,0.5787
SNORA2A,-0.2029439,0.152,0.5787
C1QL2,-0.03555166,0.37,0.578911
WFDC6,0.04622818,0.37,0.578911
RRS1,0.15198443,0.37,0.578911
ARGFX,0.03265196,0.37,0.5789406
SELV,0.04226073,0.37,0.578947
SH2D7,-0.1878988,0.152,0.57898
PION,-0.2558106,0.152,0.57898
LOC105370297,0.169,0.478,0.579
BRWD1-AS2,-0.139,0.477,0.579
LOC105370614,0.0913,0.478,0.579
PRB4,0.16,0.478,0.579
LOC105374898,0.0881,0.478,0.579
WI2-2373I1.2,-0.04028789,0.37,0.5790283
MIF /// SLC2A11,0.35007,0.152,0.57909
PAFAH2,-0.10269032,0.37,0.5791212
DERL1,0.0734925,0.371,0.5792911
CYSRT1,-0.05430626,0.371,0.5793208
TSHZ1,0.3119797,0.152,0.57933
CLLU1,-0.2222704,0.152,0.57945
C9ORF144 /// C9ORF144B,0.2272488,0.152,0.57946
AICDA,0.288283,0.152,0.57946
TRIM77,-0.1879245,0.152,0.5797
SLC36A2,-0.5243141,0.153,0.57976
MGC45922,-0.3228406,0.153,0.57991
C14ORF73,0.3249545,0.153,0.57999
LOC102723791,0.103,0.479,0.58
LOC105375964,-0.111,0.479,0.58
ZNF99,-0.141,0.478,0.58
LOC100131497,0.04663793,0.371,0.5800086
TNMD,0.04916309,0.372,0.580543
COG8 /// PDF,0.3069895,0.153,0.58065
LOC107984526,-0.168,0.479,0.581
RASGRP3-AS1,0.0716,0.48,0.581
TTTY7,-0.03707752,0.372,0.581008
SPHAR,-0.0809876,0.372,0.5810255
VLDLR-AS1,0.02902315,0.372,0.581108
C17ORF28,0.3049248,0.154,0.58141
FTH1P3,-0.08237454,0.373,0.5815002
KIAA0182,0.2681455,0.154,0.58152
CTSL2,0.2157677,0.154,0.58185
HDGFRP2,-0.07212246,0.373,0.5818597
OPN5,0.03383893,0.373,0.5818602
LOC100506406,-0.03827846,0.373,0.5818913
SNORA62,0.06260701,0.373,0.581949
SNORD45A,-0.12,0.481,0.582
LOC107984243,0.134,0.481,0.582
LOC105371075,0.323,0.481,0.582
FLJ45513,0.101,0.481,0.582
GOLGA8O,0.0538,0.481,0.582
FAM160A2,0.3834113,0.154,0.58234
STGC3,-0.2865412,0.154,0.58234
HDX,0.2615906,0.154,0.58248
TCP10 /// TCP10L2,-0.2149008,0.154,0.58254
SLC18A3,0.3188346,0.155,0.58261
LRRC66,-0.2419804,0.155,0.58267
SSTR4,-0.03954313,0.374,0.5827107
LOC105370384,0.0609,0.482,0.583
LOC105373950,0.111,0.482,0.583
ERVH48-1,0.11,0.482,0.583
LDLRAD4,0.0527,0.482,0.583
PAPD5,0.07750165,0.374,0.5831875
HIST1H2AA,-0.3403634,0.155,0.58328
AMY1A /// AMY1B /// AMY1C /// AMY2A /// AMY2B,0.3630277,0.155,0.58328
LOC90110,-0.2336085,0.155,0.58328
NCCRP1,-0.3001696,0.155,0.58328
FAM115C,-0.376268,0.155,0.58328
C3ORF72,0.2231311,0.155,0.58328
ZFR2,-0.2397589,0.155,0.58351
KIAA1109,-0.4317313,0.155,0.58351
KIR3DL2 /// LOC727787,0.3061408,0.155,0.58351
CA10,-0.2175453,0.155,0.58351
TAS2R1,0.2685315,0.155,0.58351
LRRC71,0.04071941,0.375,0.5837779
ROD1,-0.4931397,0.156,0.58378
BTG4,0.2862798,0.156,0.58379
CACNA1F,-0.3237694,0.156,0.58379
EMR2,-0.2597549,0.156,0.58389
LY6G6D,0.3299948,0.156,0.58394
LINC02432,-0.205,0.483,0.584
LINC02983,-0.123,0.483,0.584
LOC101926935,-0.0903,0.483,0.584
LOC107987272,0.0717,0.483,0.584
LOC107986918,0.0916,0.483,0.584
LOC107984806,-0.135,0.483,0.584
SLC35E2B,-0.0544,0.483,0.584
OR8K1,0.03475328,0.375,0.5840338
IGLL5 /// IGLV1-36,-0.3184217,0.156,0.5842
SPACA7,-0.03694365,0.375,0.5843781
LOC105372826,0.131,0.484,0.585
ACTG1P17,0.104,0.484,0.585
LOC100506858,0.03212296,0.376,0.5850117
CCDC41,-0.2002883,0.157,0.58507
RNASE8,0.02785285,0.376,0.5853171
LOC101928807,0.03882913,0.377,0.5855482
KIAA1598,0.5536102,0.157,0.58559
KIAA1530,0.5692315,0.157,0.58584
CTNNA1 /// LRRTM2,0.4271639,0.157,0.58584
FAM156A /// FAM156B,-0.2750823,0.157,0.58584
SPANXC,0.03538935,0.377,0.5858514
PKP4,0.06667564,0.377,0.5858514
OR4M1 /// OR4M2,-0.2634999,0.157,0.58594
LUZP4,-0.0338876,0.378,0.5863802
RBMY2FP,0.03304567,0.378,0.5865258
C20ORF94,0.2375123,0.158,0.58657
MAGEA2,0.04409551,0.378,0.5866549
ADIG,-0.05304459,0.378,0.5868481
HIST1H3H,0.06833701,0.378,0.5869193
RLN2,-0.05281019,0.378,0.5869193
LOC105372019,-0.157,0.486,0.587
LOC112268196,0.0463,0.486,0.587
IDS2,0.0802,0.486,0.587
LOC105372300,0.119,0.486,0.587
LOC105377546,-0.172,0.486,0.587
LOC105370677,0.115,0.486,0.587
C2CD4D,-0.126,0.486,0.587
PNLIP,-0.03936261,0.379,0.5870195
NPHS2,-0.04074717,0.379,0.5870996
CENPBD1,-0.2529511,0.158,0.58729
SLC4A1,0.06688386,0.379,0.5873385
FLJ77644 /// TMEM106A,0.3679064,0.159,0.58742
C20ORF202,-0.2786951,0.159,0.58742
CNIH,0.3270678,0.159,0.58742
OR51T1,-0.05672521,0.379,0.5874494
C11ORF82,-0.2074617,0.159,0.5877
LOC100132658 /// NSA2,0.3892381,0.159,0.58773
LOC100133957,0.2153437,0.159,0.58773
GUSBP17,-0.0878,0.488,0.588
OR51G1,0.04916015,0.38,0.588113
KRTAP9-3,-0.2769252,0.16,0.58843
WBP5,-0.2203293,0.16,0.58843
NEUROD4,0.03599653,0.38,0.5884661
LEPREL1,-0.2307709,0.16,0.58899
LOC375190,-0.2823576,0.16,0.58899
LOC112268015,-0.108,0.489,0.589
LOC105373975,0.113,0.488,0.589
MAPKAPK5-AS1,0.0368,0.488,0.589
EOLA1-DT,0.0653,0.488,0.589
PRDX6-AS1,0.0799,0.489,0.589
KRT10-AS1,0.0603,0.489,0.589
LOC105375894,0.185,0.488,0.589
LOC105373255,-0.098,0.488,0.589
LOC114224,0.0875,0.488,0.589
SUGT1P4-STRA6LP-CCDC180,-0.0691,0.488,0.589
DKFZP451B082,-0.04595703,0.381,0.5890029
ZFP42,-0.1748224,0.16,0.58923
C6ORF127,-0.2425348,0.16,0.58923
GLRA4,-0.224201,0.161,0.58927
XRCC6BP1,-0.2426094,0.161,0.58929
TMPRSS11F,0.03177526,0.381,0.5893291
KIR2DL3,0.2343255,0.161,0.58934
PTCHD1,0.04658073,0.381,0.5894602
SILV,0.2600307,0.161,0.58958
DEFA3,0.3709043,0.381,0.589631
C16ORF80,0.2698724,0.161,0.58966
EIF2C1,0.3871378,0.161,0.58992
LOC105379382,0.085,0.489,0.59
LOC107986013,0.0898,0.489,0.59
LOC105376617,-0.166,0.489,0.59
CEP83,-0.0417,0.49,0.59
INHBA,-0.106,0.489,0.59
FAS-AS1,-0.095,0.489,0.59
SPOCK3,0.2201433,0.161,0.59003
MARCH 10,0.2279132,0.161,0.59003
RIMBP3 /// RIMBP3B /// RIMBP3C,0.2649023,0.162,0.59031
LAMB4,-0.2626876,0.162,0.59031
ZBTB32,0.03836325,0.382,0.5903574
SEPT8,-0.03874751,0.382,0.5903934
FAM153C,-0.1970344,0.162,0.59044
DAK,0.2638297,0.162,0.59046
HLA-DQB1 /// LOC100294318,-0.2730898,0.162,0.59046
HTATSF1,0.03254346,0.382,0.5905118
C17ORF53,-0.07950109,0.383,0.5907722
EXOC3-AS1,0.125,0.491,0.591
LOC105376025,0.114,0.49,0.591
ND5,-0.215,0.491,0.591
FBXO46,0.07356111,0.383,0.5910386
LOC102724849,-0.0459249,0.383,0.5910922
KRT13,-0.2856337,0.162,0.59112
DRP2,0.02578196,0.383,0.5913939
ADCY8,0.05407414,0.383,0.5914565
ZNF238,-0.2993646,0.162,0.59147
CNTN6,-0.2035297,0.163,0.59154
EFHC2,0.2390242,0.163,0.59162
DBC1,-0.396886,0.163,0.59193
OR5D13,-0.2603867,0.163,0.59193
C17ORF81,-0.3310178,0.163,0.59198
LOC100288866,-0.2425221,0.163,0.59198
ZNF223 /// ZNF284,-0.3286242,0.163,0.59198
SLC22A16,-0.2040001,0.163,0.59198
KCNH5,-0.2042217,0.163,0.59198
PRAMEF7 /// PRAMEF8,-0.3107022,0.163,0.59198
TRIM5,0.3638764,0.163,0.59198
LOC105370438,0.174,0.492,0.592
LOC105373608,0.0588,0.491,0.592
SRGAP2-AS1,-0.0739,0.492,0.592
LOC105373017,-0.116,0.492,0.592
ZFTA,0.0448,0.492,0.592
LOC105379193,0.0549,0.492,0.592
LOC101928369,-0.109,0.491,0.592
FAM45A /// FAM45B,0.3987054,0.164,0.59216
PDXDC1 /// PDXDC2,-0.2742717,0.164,0.59222
OR51S1,0.1855256,0.164,0.59227
LINC01213,-0.04913695,0.384,0.5923225
IRX1,0.04901724,0.384,0.5925374
CCDC189,-0.09241475,0.385,0.5925851
TFAMP1,0.03210589,0.385,0.5926425
BTC,0.085,0.493,0.593
LOC101927432,0.221,0.493,0.593
LOC105372887,-0.0982,0.493,0.593
MGC87042,0.2331195,0.164,0.59312
C10ORF140,-0.2638037,0.164,0.59312
FAM173A,-0.06874527,0.385,0.5931805
EXOC8,-0.3337025,0.164,0.59319
GPR89A /// GPR89B /// GPR89C,-0.479261,0.164,0.5933
C1ORF77,-0.3521367,0.164,0.5933
IGKC /// LOC652493,-0.3113651,0.164,0.5933
ATP13A5,0.04270218,0.385,0.593406
RPS23,0.4959778,0.164,0.59354
ELL3 /// SERINC4,0.4480793,0.165,0.59356
POLR2J2 /// POLR2J4,0.2271796,0.165,0.59396
RPS18P9,0.0481,0.494,0.594
ARIH2OS,0.114,0.493,0.594
CREM,-0.0858,0.494,0.594
ISM1-AS1,-0.134,0.494,0.594
LOC653269 /// LOC653781 /// POTEE /// POTEF,-0.2174265,0.165,0.594
LOC101928236,0.0639,0.494,0.594
TRNS2,0.271,0.493,0.594
MAPKAPK3,-0.0782,0.494,0.594
C14ORF176,-0.2759581,0.165,0.59408
ERAL1,-0.07239079,0.386,0.5941046
DNTT,0.04480343,0.386,0.594284
MIXL1,-0.03537596,0.386,0.5942951
LOC414300,0.04551729,0.387,0.5943681
C11ORF1,0.0374382,0.387,0.594524
RFC4,-0.07955745,0.387,0.594547
CRCT1,-0.0558043,0.387,0.5945643
C1ORF26,0.3211493,0.165,0.59464
CDSN,-0.2761777,0.165,0.59464
VWC2,-0.0387559,0.387,0.5947652
C7ORF30,0.5954296,0.165,0.59487
HNRNPUL2-BSCL2,-0.0515,0.495,0.595
TNS2-AS1,-0.091,0.495,0.595
NPIPA5,0.0496,0.495,0.595
NBAT1,-0.15,0.495,0.595
LOC105372964,-0.0936,0.495,0.595
SPAAR,-0.109,0.495,0.595
LOC728417,-0.3096406,0.166,0.59501
CNTD2,0.3099068,0.166,0.59501
LOC100130264,-0.03692707,0.388,0.5954034
MGC72080,-0.09080095,0.388,0.5954589
COX8C,-0.2182748,0.166,0.59553
DNM1P46,0.03647514,0.388,0.5956239
LOC100505920,-0.03705306,0.388,0.5956418
LINC00524,-0.04109396,0.388,0.595706
TCL1B,-0.05537856,0.389,0.5959057
CTB-49A3.2,-0.03180746,0.389,0.5959746
SAPS1,-0.2534344,0.166,0.59603
CSTF2,0.05051438,0.389,0.5961061
GADD45A,0.4391082,0.166,0.59615
GRTP1,0.3730597,0.166,0.59615
C21ORF90,-0.198668,0.166,0.59622
ZDHHC5,-0.2793057,0.167,0.5963
CHP2,0.0397361,0.389,0.5964957
TH1L,0.3863716,0.167,0.59657
SYCE1L,-0.2684824,0.167,0.59657
TWIST2,-0.04409722,0.39,0.5967561
FLJ37543,-0.2296524,0.167,0.59689
FAM101A,-0.1778979,0.167,0.59691
CCDC180,-0.072,0.497,0.597
LOC107984449,-0.121,0.497,0.597
LOC107986196,0.0512,0.497,0.597
LOC105373331,0.0742,0.497,0.597
CPA6,-0.2046508,0.167,0.59701
LCN10,0.04584001,0.39,0.5973427
KRTAP19-4,-0.2166128,0.168,0.59756
ALKBH2,0.2360104,0.168,0.59756
FAM57A,-0.2631432,0.168,0.59756
LHB,0.2675494,0.168,0.59756
UNC13A,0.2746603,0.168,0.59756
CACNG5,0.2587113,0.168,0.59778
KCNA7,-0.2708268,0.168,0.59778
SNORD158,0.178,0.498,0.598
LOC105377762,0.195,0.498,0.598
ARSH,0.03592406,0.391,0.5980326
C9ORF140,-0.2375047,0.168,0.59808
OR52E8,-0.04159498,0.391,0.5982291
CYLC2,0.04571726,0.391,0.5982291
C19ORF73,0.06201776,0.391,0.5982291
SMAD5OS,0.2443613,0.169,0.5983
FLJ10213,-0.1937969,0.169,0.5983
OR8B12,-0.1936204,0.169,0.59831
C6ORF118,0.03647849,0.392,0.5986271
TMPRSS11BNL,0.2381784,0.169,0.59865
SNHG7 /// SNORA43,0.3351955,0.169,0.59872
C3ORF16,0.1858477,0.169,0.59895
LOC107985871,-0.125,0.499,0.599
PCDHB13,0.0858,0.499,0.599
SCOC-AS1,0.111,0.499,0.599
USP32P3,-0.118,0.499,0.599
PARD6G-AS1,0.111,0.499,0.599
SNORD43,-0.09641496,0.392,0.5990286
C7ORF51,-0.1643436,0.169,0.59924
LOC100130768,-0.03937406,0.393,0.5992804
MGME1,-0.06871235,0.393,0.5997888
FAHD2A /// FAHD2B,0.3052332,0.17,0.59992
LOC102723922,0.113,0.499,0.6
LOC101927539,-0.106,0.5,0.6
CRTC3-AS1,0.0724,0.5,0.6
LOC105375026,0.117,0.5,0.6
LOC107987362,0.149,0.5,0.6
LYSMD1,-0.3477068,0.17,0.60018
AREG,0.03207388,0.394,0.6004359
HAP1,0.03653696,0.394,0.6004494
TAC4,-0.2084761,0.17,0.60051
CSAG2 /// CSAG3,-0.424797,0.171,0.60071
SPZ1,0.04613938,0.394,0.6008811
C2ORF54,0.03790237,0.394,0.6009032
LINC01410,0.112,0.501,0.601
LOC105375586,0.152,0.501,0.601
LPP-AS2,0.0592,0.501,0.601
LOC107986347,-0.099,0.501,0.601
OR5M1 /// OR5M10,0.2137854,0.171,0.60114
C9ORF86,-0.2155435,0.171,0.60116
FAM105B,0.3576684,0.171,0.60121
PCDHA1 /// PCDHA10 /// PCDHA11 /// PCDHA12 /// PCDHA13 /// PCDHA2 /// PCDHA3 /// PCDHA4 /// PCDHA5 /// PCDHA6 /// PCDHA7 /// PCDHA8 /// PCDHA9 /// PCDHAC1 /// PCDHAC2,-0.2591646,0.171,0.60148
DDX4,-0.2843768,0.171,0.60148
C17ORF39,-0.3011098,0.171,0.60148
ASB12,0.03589621,0.395,0.6015421
RUNDC3A,0.06920123,0.395,0.6016902
LOC105374235,0.258,0.503,0.602
PITHD1,-0.0405,0.502,0.602
LOC105369246,-0.128,0.502,0.602
ZNF876P,-0.0822,0.502,0.602
SKIC8,-0.0316,0.502,0.602
LOC105371630,-0.0864,0.502,0.602
LOC200030 /// NBPF11,0.9926651,0.171,0.60201
OR8A1,0.0352102,0.396,0.6020108
HSPC324,-0.07012465,0.396,0.6020935
NIFK,-0.10594749,0.396,0.6022305
CCDC75,-0.2228538,0.172,0.60228
C14ORF153,-0.2798655,0.172,0.60228
CLK2,0.469934,0.172,0.60228
PAX4,0.03934872,0.396,0.6023095
WDR69,-0.3087541,0.172,0.60241
PCDHGC4,-0.235539,0.172,0.60241
DYT3,-0.2611848,0.172,0.60241
WBSCR16,-0.2994851,0.172,0.60255
KIF1BP,-0.03647674,0.396,0.6026295
S100A2,-0.263982,0.172,0.60271
PANK2-AS1,-0.111,0.503,0.603
NEUROD1,-0.2110505,0.172,0.60301
NANOS2,0.029021,0.397,0.6035115
PGC,0.18400355,0.397,0.6035418
EFCAB4B,-0.2688436,0.173,0.60355
SLC25A20,0.15652475,0.397,0.6036359
LOC440434 /// NPEPPS /// TBC1D3F,-0.3841001,0.173,0.6039
ASAH2 /// ASAH2C,-0.2119321,0.173,0.6039
LINC00454,0.0373523,0.398,0.6039295
LOC105377223,-0.749,0.505,0.604
AKR7A2P1,0.136,0.505,0.604
TM7SF3,0.0448,0.504,0.604
LINC01270,0.0648,0.504,0.604
LOC642587,0.2453553,0.173,0.60449
KIAA1274,-0.2248805,0.174,0.60467
SMIM27,-0.0569,0.506,0.605
TBC1D3F,-0.0713,0.505,0.605
NCRNA00235,0.2799963,0.174,0.60501
FOXD4 /// FOXD4L1,0.2438797,0.174,0.60501
TSPYL1,0.5490645,0.174,0.60501
C4ORF7,-0.4368948,0.174,0.60501
TRIM54,-0.298036,0.174,0.60501
C16ORF92,0.03852864,0.399,0.6050833
SEPTIN 10,0.4873356,0.174,0.60519
OR51F1,0.03909974,0.399,0.6052677
TMEM66,0.7731268,0.175,0.60541
AHI1,0.3906379,0.174,0.60541
ATP4A,-0.2653031,0.175,0.60562
S100A7 /// S100A7A,-0.2126765,0.175,0.60568
KIAA0146,0.3622791,0.175,0.60568
CLEC2A,0.03698818,0.4,0.6057199
LOC100996654,0.0298596,0.4,0.6059204
LOC101928191,0.03653577,0.4,0.6059224
LOC102723557,0.03521497,0.4,0.6059337
TUSC7,0.02969002,0.4,0.6059979
DBIL5P,0.123,0.506,0.606
LOC105371102,0.138,0.506,0.606
SYP,-0.106,0.507,0.606
PDXP,0.1363941,0.4,0.6060566
FOSB,0.46126867,0.4,0.6060566
C8ORF73,-0.2121963,0.175,0.60631
C4ORF35,-0.1933634,0.175,0.60631
DEFB121,-0.2664209,0.175,0.60632
HOXD1,-0.03001225,0.4,0.6063878
ACTL8,0.05075484,0.4,0.6063878
OR51A2,-0.03999461,0.4,0.6063878
SPACA5B,0.03057497,0.401,0.6064406
C1ORF213,0.2394208,0.175,0.60647
LOC100286937 /// LOC100287164 /// RASA4,-0.4526348,0.175,0.60647
LACE1,-0.03701021,0.401,0.6065537
SEPTIN 12,0.2287631,0.176,0.60678
IL17C,0.04203912,0.401,0.6068305
CCR10,-0.2840466,0.176,0.60686
HNRPLL,0.161505,0.176,0.6069
C4ORF23,-0.2583783,0.176,0.60697
LOC101928940,0.172,0.507,0.607
IUR1,-0.159,0.507,0.607
ZNF732,0.104,0.507,0.607
LOC105374953,0.082,0.507,0.607
PPAP2C,-0.2923372,0.176,0.60703
FAM123B,0.2438906,0.176,0.60711
LPAR4,0.3272443,0.176,0.60717
PRSS45,-0.2378045,0.177,0.60736
CLPTM1L,0.5383061,0.177,0.60751
RFPL2 /// RFPL3,-0.3166929,0.177,0.60764
INO80B /// LOC729859 /// WBP1,0.2777036,0.177,0.60764
LINC01491,0.04297534,0.402,0.6077553
MIR3609,-0.0822,0.508,0.608
RAB11B-AS1,-0.0763,0.508,0.608
SEPT5,-0.04594407,0.403,0.6081592
TMEM189-UBE2V1,0.07882004,0.403,0.608233
ISLR2,-0.3279618,0.177,0.60833
SOCS1,-0.3979085,0.177,0.60833
DOCK3,0.03381942,0.403,0.6083578
KRT24,-0.2972271,0.177,0.60844
ARHGEF40,0.062745,0.403,0.6085786
CYP26C1,-0.03501884,0.403,0.6085864
LOC101927822,-0.03019732,0.403,0.6087479
GNG12-AS1,0.0491,0.51,0.609
LOC105379195,0.091,0.51,0.609
ITFG2-AS1,-0.0765,0.51,0.609
LOC105371963,0.0953,0.51,0.609
LOC105379839,0.081,0.51,0.609
LOC105376308,-0.0951,0.51,0.609
RPS6KA2,0.0417512,0.404,0.6090781
SMYD4,-0.06052668,0.404,0.6091527
GLT6D1,0.2816584,0.178,0.60929
ZNF285,-0.2904541,0.178,0.6093
ARHGEF35 /// ARHGEF5,0.3256493,0.178,0.60941
LINC01615,0.04064152,0.404,0.6094949
ERC2,0.03439904,0.405,0.6097255
CNGB3,0.03645477,0.405,0.6098806
PRSS1 /// PRSS2 /// TRY6,0.2329366,0.178,0.60989
SPANXD /// SPANXE,-0.3205417,0.178,0.60989
C2CD4C,-0.03603725,0.405,0.6099441
CFC1B,0.03563324,0.405,0.6099441
LOC105373087,0.184,0.511,0.61
BTG1-DT,-0.149,0.511,0.61
LOC107986000,0.105,0.51,0.61
LOC105375779,-0.112,0.511,0.61
LOC105375347,0.0889,0.511,0.61
PPP1R2P1,0.1740318,0.178,0.61003
FRMD1,0.2510706,0.178,0.61027
CXCL3,0.4071919,0.179,0.61033
LOC101927070,-0.0304202,0.405,0.6103942
C2ORF63,-0.235991,0.179,0.61044
DEFB114,-0.03317651,0.406,0.610824
P704P /// POTEG,0.1768801,0.179,0.61086
C1ORF93,0.2609518,0.179,0.61086
LOC51145,-0.2306959,0.179,0.61097
LOC105375560,-0.102,0.512,0.611
LRRC47,-0.0458,0.512,0.611
TASOR,0.0331,0.512,0.611
LOC102723342,-0.0887,0.512,0.611
LOC107984394,0.13,0.511,0.611
ATP5F1B,0.0539,0.512,0.611
KHDRBS2,0.166,0.512,0.611
IRX2,-0.04578412,0.406,0.6113535
H2AFB2,-0.04669947,0.406,0.6115108
BAG1,0.3276606,0.18,0.61156
GOLGA8A /// GOLGA8B /// LOC100292334,-0.2414912,0.18,0.61163
OR10R2,0.03212919,0.407,0.6117528
LOC102031319,0.03258536,0.407,0.6117528
RHAG,0.03525923,0.407,0.6117528
PTPRD-AS1,-0.02926713,0.407,0.6117773
GPR111,0.2489805,0.18,0.61187
LOC107984913,0.0857,0.513,0.612
LRRC75A,-0.0474,0.513,0.612
PMF1-BGLAP,-0.0541,0.513,0.612
ERVK3-1,-0.041,0.513,0.612
LOC105372214,0.123,0.512,0.612
C16ORF5,-0.2094414,0.18,0.61204
WBP11 /// WBP11P1,-0.2071059,0.18,0.6121
CIDEA,-0.35187161,0.407,0.6124328
H2AFB1 /// H2AFB2 /// H2AFB3,-0.3430088,0.18,0.61248
MARCH 6,0.6166574,0.18,0.61248
SERPINB3 /// SERPINB4,0.2317651,0.18,0.61273
LCE3A,-0.2800434,0.181,0.61274
LRP12,-0.2423033,0.181,0.61283
LINC00370,0.03346535,0.408,0.6128742
C4ORF26,-0.04413709,0.408,0.6128944
LOC105375469,0.107,0.514,0.613
LOC105369746,-0.137,0.514,0.613
PPIAL4H,-0.124,0.514,0.613
LOC107987175,-0.113,0.515,0.613
ZNF844,0.0596,0.514,0.613
ZNF503-AS2,-0.0951,0.514,0.613
FAM98A,0.0366,0.514,0.613
LOC105369225,-0.0828,0.514,0.613
MIR761,-0.0846,0.513,0.613
MSGN1,-0.03972839,0.408,0.6131148
C11ORF57,-0.07176607,0.408,0.6131148
IGK@ /// IGKC /// IGKV3-20 /// LOC100291682,-0.4237269,0.181,0.61312
TACO1,0.08052366,0.408,0.6132301
C11ORF86,-0.2303811,0.181,0.61328
CACUL1,-0.03891102,0.409,0.613459
LOC100134412 /// NHEDC1,-0.2607046,0.181,0.61352
TMEM189 /// TMEM189-UBE2V1 /// UBE2V1,0.4165597,0.181,0.61352
MCART2,-0.2898986,0.181,0.61352
C1ORF183,-0.2986564,0.181,0.61356
IZUMO1,0.03549604,0.409,0.6136679
KIAA0664,0.2521026,0.182,0.61374
CD200R1L,0.0335931,0.409,0.6137621
KIAA2018,0.1946347,0.182,0.61383
THOC3,-0.03787493,0.409,0.613974
MCTS1 /// PSIMCT-1,0.2709027,0.182,0.61398
TPTE2P5,0.0962,0.516,0.614
LINC01134,-0.143,0.515,0.614
LOC650226,0.249,0.515,0.614
IGKV2D-29,-0.208,0.515,0.614
TOB2P1,-0.105,0.515,0.614
LOC105373936,-0.164,0.515,0.614
LOC112267870,0.098,0.515,0.614
LOC100290115,-0.3281889,0.182,0.61402
LOC91316,-0.3225539,0.182,0.61418
KLF17,-0.03509697,0.409,0.6142543
TAS2R45,0.05259339,0.41,0.6145609
ATXN8OS,-0.03430893,0.41,0.6145705
RD3,-0.03511728,0.41,0.6145713
KRT38,0.2736553,0.182,0.61462
KTELC1,-0.3427336,0.183,0.61474
CHKB-CPT1B /// CPT1B,0.2884108,0.183,0.61474
SHISA7,0.3399103,0.183,0.61474
FRG2 /// FRG2B,-0.1740731,0.183,0.61474
METT5D1,-0.1828676,0.183,0.61474
KCNMB4,0.09214232,0.41,0.6147785
LINC00489,-0.05275335,0.41,0.6148655
KCNB1,0.12596016,0.41,0.6149627
SLC35D3,0.03677868,0.41,0.6149894
EMSLR,0.12,0.516,0.615
SNHG1,0.0446,0.516,0.615
TRIM59-IFT80,-0.0479,0.516,0.615
CEACAM16-AS1,-0.0917,0.516,0.615
LOC105375426,-0.156,0.516,0.615
LOC105375423,-0.0971,0.517,0.615
LOC107985193,0.0645,0.516,0.615
EIF3C,-0.0526,0.516,0.615
SPATA17,-0.04612616,0.41,0.6151195
PSG11,0.03317847,0.411,0.6151389
SLC6A5,0.04625959,0.411,0.6151618
LRRC37A2,0.03302602,0.411,0.6151962
VCX,-0.04872148,0.411,0.6154062
TMEM192 /// ZNF320,0.3276519,0.183,0.61543
UQCC,-0.2251051,0.183,0.61564
ZCCHC13,0.0439101,0.412,0.6158858
LOC105372564,0.0791,0.518,0.616
MIR6848,-0.0915,0.518,0.616
LOC105369722,0.124,0.517,0.616
ANKRD2,-0.2958961,0.184,0.61609
OLFM4,0.25805482,0.412,0.6161761
TEKT1,0.04338747,0.412,0.6164491
LOC101927059,-0.03095248,0.412,0.6164491
LOC100287931,0.2130145,0.184,0.6165
LCN10 /// LCN6,-0.2940579,0.184,0.6168
HOTAIR,0.03627157,0.413,0.6169355
DPY19L3-DT,0.111,0.519,0.617
DHCR24-DT,0.101,0.519,0.617
C11ORF61,0.2321639,0.184,0.61701
LPHN3,-0.2997277,0.184,0.61701
PAGE2,0.1886757,0.184,0.61701
CNR1,0.03689721,0.413,0.6170743
OR2T29 /// OR2T5,-0.2721153,0.185,0.61719
IL29,0.3007944,0.185,0.61753
NMU,0.2195905,0.185,0.61765
LOC105372310,-0.101,0.52,0.618
ADAMTS17,-0.0945,0.52,0.618
RBM44,-0.04371022,0.414,0.618013
GNRH2,-0.07905157,0.414,0.6181012
IL21,-0.2778389,0.185,0.61819
UHRF1BP1,0.03473723,0.414,0.6182038
IBSP,0.03749716,0.414,0.6182083
C5ORF28,0.2968167,0.185,0.61832
LOC727726 /// PARG,0.2589716,0.186,0.61841
ULBP1,-0.2466826,0.186,0.61871
KIAA1430,-0.3063162,0.186,0.6188
MCART6,0.2743404,0.186,0.6188
LOC729852,-0.2594945,0.186,0.61887
OR1C1,0.03415308,0.415,0.6189704
MIR4742,-0.107,0.521,0.619
LOC112268021,-0.0906,0.521,0.619
TRDN,-0.03615699,0.416,0.6193945
POTEB /// POTEC /// POTED,-0.2342266,0.187,0.61949
TMEM22,-0.2691803,0.187,0.61972
LRTM1,-0.03758755,0.416,0.619761
SNORD48,0.11488571,0.416,0.6197915
DKC1,-0.2083233,0.187,0.61985
LRRTM1,-0.3268111,0.187,0.61987
C15ORF63 /// SERF2,0.2819445,0.187,0.61987
FOXD2,0.299759,0.187,0.61987
DCAF12L2,0.3170559,0.187,0.61989
GLIS1,-0.2312021,0.187,0.61989
HIST1H2AI,-0.3017524,0.187,0.61989
DOPEY2,-0.07736925,0.416,0.6199126
FAM47A,-0.03331949,0.416,0.6201782
MTMR6,0.05234979,0.416,0.6201782
TFF2,0.34127914,0.417,0.6203447
ZNF479,-0.0389688,0.417,0.6206101
MARCH 7,-0.2212407,0.188,0.62062
CYP2W1,-0.04830038,0.417,0.6206343
ZNF397OS,-0.1980893,0.188,0.62066
VDAC2,0.04051439,0.417,0.6207314
CXORF48,0.1645059,0.188,0.62084
LOC149684,0.18,0.522,0.621
LOC105372801,0.138,0.523,0.621
AFP,0.102,0.523,0.621
LOC112268445,0.223,0.523,0.621
GMPS /// LOC728564,0.2908857,0.188,0.62101
C13ORF27,0.2488089,0.188,0.62114
PCOLCE,0.2631805,0.188,0.62118
SOX10,-0.346138,0.189,0.62141
C2ORF43,-0.219127,0.189,0.62158
MAP7D3,-0.2451716,0.189,0.62168
LOC100287428,-0.2834178,0.189,0.62168
FLJ36777,-0.2853268,0.189,0.62168
TMEM130,-0.2150276,0.189,0.62169
LOC101929622,-0.03019294,0.418,0.6218027
LOC107984336,-0.0976,0.524,0.622
LOC101928331,0.17,0.524,0.622
H3-7,-0.0745,0.523,0.622
RIPOR3-AS1,-0.146,0.523,0.622
GLB1L2,-0.113,0.524,0.622
LOC112268202,-0.111,0.524,0.622
PRSS44P,0.095,0.524,0.622
ERI3-IT1,-0.0899,0.524,0.622
TMEM60,0.06287004,0.419,0.6222583
BACH1 /// C21ORF41,-0.2984481,0.19,0.62252
NELF,-0.2481851,0.19,0.62252
TAF7L,0.10150646,0.419,0.6225638
MOSC1,0.3107883,0.19,0.62257
VWC2L,-0.02745804,0.419,0.6226047
CNPY1,0.1899979,0.19,0.62287
LOC643406,-0.2372371,0.19,0.62287
RNASE12,-0.2285793,0.19,0.62287
MAGEA1,-0.03846077,0.419,0.6229452
TAMM41,0.0643,0.525,0.623
LINC02930,0.11,0.524,0.623
TRNY,0.192,0.524,0.623
ALDH1L1-AS1,-0.0985,0.525,0.623
ADORA2B,0.0978,0.525,0.623
TSPEAR-AS1,0.167,0.525,0.623
LOC105371167,-0.124,0.526,0.623
TRA@,0.5670816,0.19,0.62301
SKCG-1,-0.1790898,0.19,0.62324
CCL1,0.2120037,0.191,0.62336
FLJ44606,-0.2686977,0.191,0.6234
PABPC4 /// SNORA55,0.2344673,0.191,0.6234
AQP12B,0.03488432,0.42,0.6235975
RTP1,0.03408352,0.42,0.6237748
LOC101927159,-0.04096078,0.42,0.6238485
AKR1B10 /// AKR1B15 /// LOC340888,-0.4432629,0.191,0.62399
LOC105377989,0.134,0.526,0.624
LOC105376244,-0.087,0.526,0.624
PTDSS1,0.046,0.526,0.624
LOC105379331,0.136,0.526,0.624
MORC2-AS1,0.057,0.526,0.624
MIR12127,-0.0804,0.526,0.624
UTP11,-0.0439,0.526,0.624
CDK7,0.0407,0.526,0.624
LOC441155 /// ZC3H11A,-0.3020579,0.191,0.62406
FAM18B2,-0.2282533,0.191,0.62418
TAS2R30 /// TAS2R45 /// TAS2R46,-0.2479686,0.191,0.62428
LOC338694,-0.02536752,0.421,0.6243271
C5ORF64,-0.03427785,0.421,0.6243471
HOXD4,-0.04774736,0.421,0.624398
CERS4,0.12530239,0.421,0.6244178
TMEM63C,-0.2578267,0.191,0.62446
OR1E1,0.03057634,0.422,0.6247658
ADIPOQ,-0.2166847,0.192,0.62481
C2ORF71,-0.04619009,0.422,0.6249595
TRIM61,0.280882,0.192,0.62497
LOC101060341,-0.0903,0.527,0.625
LOC105369309,0.0956,0.527,0.625
HERC2P2 /// HERC2P3,0.4401947,0.192,0.62507
KRTAP20-2,-0.0295946,0.422,0.6251222
SLC6A3,0.04347743,0.422,0.6251222
FAM195B,-0.228068,0.192,0.62516
MESDC1,-0.2741391,0.192,0.62543
C14ORF138,0.4803193,0.193,0.62553
CATR1,-0.1896067,0.193,0.62563
BRCAT107,0.02963707,0.423,0.625638
BOLA2 /// LOC440354 /// LOC595101,0.4333294,0.193,0.62576
C3ORF21,-0.4081819,0.193,0.62576
C7ORF60,0.2600565,0.193,0.62576
ANKRD53,-0.2808995,0.193,0.62576
FOXO3 /// FOXO3B,-0.3085513,0.193,0.62576
POM121 /// POM121C,0.3886738,0.193,0.62578
LOC100287010,-0.2566365,0.193,0.62578
C10ORF129,-0.3387068,0.193,0.62578
FABP1 /// PRDM10,0.705182,0.193,0.62597
OR2M7,-0.2186992,0.193,0.62597
BPIL3,0.2622735,0.193,0.62597
CCDC148,-0.0808,0.528,0.626
LOC112268231,0.111,0.528,0.626
LOC105371857,-0.127,0.528,0.626
URB1-AS1,-0.091,0.529,0.626
MAFA,-0.3190228,0.194,0.62622
C9ORF102,0.4299422,0.194,0.62622
C4ORF37,0.2097586,0.194,0.62639
LOC644794,-0.3229251,0.194,0.62639
RGS6,-0.2334762,0.194,0.62641
ICT1,0.2068177,0.194,0.62648
C2ORF90,-0.2104887,0.194,0.62656
DUOXA2,-0.3340308,0.194,0.62657
CYLC1,0.03202247,0.424,0.6266745
LOC105377443,0.03347083,0.424,0.6268386
LVRN,0.02994294,0.424,0.6268386
ANKRD58,-0.3004616,0.194,0.62694
LOC107986493,0.125,0.529,0.627
LOC105378726,-0.158,0.53,0.627
LOC107986097,0.115,0.529,0.627
MOS,-0.0400604,0.424,0.6270726
ALPPL2,0.05147983,0.424,0.6270964
C10ORF137,0.2383778,0.195,0.62711
WHSC2,-0.3145936,0.195,0.62711
LINC00560,0.02922983,0.424,0.6272178
WFDC11,-0.03553314,0.425,0.6273455
RGAG1,0.03264169,0.425,0.6274534
CXCL5 /// GLYR1,-0.1751288,0.195,0.62749
PTPN20A /// PTPN20B,0.1778266,0.195,0.62751
TKTL2,-0.03427087,0.425,0.6275379
TRGV5,-0.2483571,0.195,0.62757
PSORS1C1,-0.1873612,0.195,0.62773
C21ORF63,-0.2669579,0.195,0.62798
RAB33A,-0.2289198,0.195,0.62798
CTAG1A /// CTAG1B,-0.2812438,0.195,0.62798
TCL6,-0.2580155,0.195,0.62798
MYLPF,-0.03320845,0.425,0.6279967
LOC102723446,-0.135,0.53,0.628
LOC105377161,0.112,0.53,0.628
DNAAF8,-0.107,0.531,0.628
ITGA8,-0.156,0.53,0.628
LOC107984992,0.0685,0.531,0.628
MIR3198-2,-0.0745,0.53,0.628
CXORF26,0.2776686,0.195,0.6282
PCDHB1,0.03286216,0.425,0.6282572
LINC00371,-0.03452005,0.426,0.6282874
LOC100996345,0.0276358,0.426,0.6283096
KDM4D,-0.03654941,0.426,0.6283665
HCG14,0.03729955,0.426,0.6284511
FAM55B,0.2156951,0.196,0.62875
MDGA2,0.1817235,0.196,0.62876
AGAP5,0.3988003,0.196,0.62876
DAND5,-0.2284592,0.196,0.62876
HERC2P4 /// LOC100422737 /// SHISA9 /// SLC9A4,-0.2490879,0.196,0.62889
DBP,0.4335299,0.196,0.62889
MYO3A,-0.146,0.532,0.629
MIR1244-4,0.0543,0.531,0.629
LOC105372095,0.126,0.531,0.629
TNFSF18,-0.2624659,0.196,0.629
FAM63B,-0.03186377,0.427,0.6292686
HIST1H3I///HIST1H3E,-0.04975853,0.427,0.6293124
GON4L,0.4894001,0.196,0.6294
PCDHB6,-0.2205978,0.197,0.62956
LOC100128081,-0.1596453,0.197,0.62956
PI3,0.18851863,0.427,0.6296802
SNORD54,-0.03641285,0.427,0.6296802
ULBP2,0.3312611,0.197,0.62969
ERCC8-AS1,0.0965,0.532,0.63
LOC105376286,0.0768,0.532,0.63
ELF3-AS1,-0.0909,0.533,0.63
LOC105378941,-0.077,0.532,0.63
LOC107985002,0.0842,0.533,0.63
RIPPLY3,-0.04746132,0.428,0.6300967
THAP12,-0.06445394,0.428,0.6300967
HIST1H2AK,-0.2723553,0.197,0.63016
C1ORF27,0.2422005,0.197,0.63016
TP53TG3,-0.03854155,0.428,0.6302077
NUTM2F,-0.03724446,0.428,0.6302984
FAM82A2,0.3181963,0.197,0.63035
B3GALTL,-0.2504867,0.197,0.6307
CT47A1 /// CT47A10 /// CT47A11 /// CT47A2 /// CT47A3 /// CT47A4 /// CT47A5 /// CT47A6 /// CT47A7 /// CT47A8 /// CT47A9,-0.2670277,0.198,0.63072
FAM22F,-0.3335122,0.198,0.63079
LINC01594,0.02684652,0.428,0.6308082
LOC105371642,-0.127,0.534,0.631
SEMA5A-AS1,0.105,0.533,0.631
LOC107984268,-0.128,0.534,0.631
LOC105372797,0.071,0.534,0.631
RPS12 /// SNORA33,-0.2949775,0.198,0.63102
DEFB128,-0.1797333,0.198,0.63102
CMTM5,-0.2449428,0.198,0.63102
CRYGB,-0.2114948,0.198,0.63102
PTF1A,0.03335469,0.429,0.6310499
TMEM72,-0.2048287,0.198,0.63121
CXORF27,0.3102637,0.198,0.63123
RGMA,-0.2442603,0.198,0.63138
CYORF15A,-0.4477807,0.199,0.63149
LOC100505771,0.03359011,0.429,0.6315281
JUB,-0.2552875,0.199,0.63159
NPPA,0.2366026,0.199,0.63159
C7ORF63,0.1897338,0.199,0.63159
GPR148,-0.2218445,0.199,0.63159
NUPL1,0.2618118,0.199,0.63159
C3ORF45,-0.2915382,0.199,0.6317
LOC219347,-0.1776028,0.199,0.6317
OTOP2,0.03608693,0.429,0.631809
C22ORF40,0.3094601,0.199,0.63184
ZAN,0.227,0.535,0.632
TERF1P7,0.0664,0.534,0.632
DCTN1-AS1,0.112,0.535,0.632
HRSP12,0.4353106,0.199,0.63215
LOC100287841 /// ZNF44,-0.2249805,0.199,0.63221
LOC100291837 /// RPS21,0.5985157,0.2,0.63239
USP41,0.2208731,0.2,0.63239
ACCN1,-0.2152759,0.2,0.63239
KLK4,0.2865111,0.2,0.63239
LOC100192204,0.3281481,0.2,0.63241
SNORD97,0.3303038,0.2,0.63241
ATP5L2,0.2333125,0.2,0.63261
HEXDC,-0.04956083,0.431,0.6328766
TSPY1,-0.03178741,0.431,0.6328853
OR8G5,0.03780103,0.431,0.6328981
TXNL4A,0.0446,0.536,0.633
CBLL1-AS1,0.0968,0.536,0.633
TEKT4P2,0.0946,0.536,0.633
CGB7,0.03011455,0.431,0.6332653
IGLL3,-0.2359566,0.201,0.63339
LOC441242,-0.237884,0.201,0.63339
FOXD4L3,-0.05284783,0.431,0.6334076
RPL13AP17,0.03809586,0.431,0.6334408
LINC00362,-0.03101218,0.431,0.6335251
IGFL3,0.0508532,0.432,0.6336261
EMR1,0.2315134,0.201,0.63383
MSTO1 /// MSTO2P,0.7414582,0.201,0.63383
PLA2G2C,-0.2024038,0.201,0.63383
CSRP3,0.02680486,0.432,0.6338497
WDYHV1,-0.06920369,0.432,0.6338497
IZUMO2,0.03407479,0.432,0.6338657
C16ORF97,-0.03350602,0.432,0.6338657
SNORA4,0.0642,0.537,0.634
DGCR9,-0.116,0.537,0.634
LINC02487,-0.105,0.537,0.634
MYST3,0.2795245,0.201,0.63431
NT5C1A,-0.276349,0.201,0.63431
FAM155B,0.04364956,0.433,0.6344447
DPY19L2 /// DPY19L2P1,0.1799647,0.202,0.63446
C20ORF199,0.6706427,0.202,0.63446
KIAA0040,-0.6443714,0.202,0.63485
RG9MTD3,0.2968569,0.202,0.63485
CSAG2 /// CSAG3 /// LOC100130935,-0.2423442,0.202,0.63485
C2ORF92,0.0619,0.538,0.635
GP1BB,-0.2740631,0.203,0.63517
ESX1,0.1904324,0.203,0.63517
FAM3D,-0.2679794,0.203,0.63523
LOC729467,0.2794445,0.203,0.63523
NHEDC1,0.19963,0.203,0.63523
GNG4,-0.03509274,0.433,0.6353043
MRGPRD,-0.2193955,0.204,0.63538
CYBASC3,-0.2382773,0.203,0.63538
GOLGA8A /// GOLGA8B,0.2401338,0.203,0.63538
ZNF347,-0.2553469,0.203,0.63538
KRTAP10-10 /// KRTAP10-6,-0.2459042,0.203,0.63538
RAGE,-0.2455637,0.204,0.63547
TCP11,-0.1939237,0.204,0.63547
ERVFRD-1,-0.03689431,0.434,0.635646
TUSC5,0.03755216,0.434,0.635656
LOC645166 /// LOC654342 /// LOC729862 /// LSP1,-0.3164709,0.204,0.6357
DSCR9,-0.2617646,0.204,0.63596
C6ORF134,-0.2500972,0.204,0.63596
LOC105371754,-0.0797,0.539,0.636
LOC105375523,-0.116,0.539,0.636
LOC105370884,0.0807,0.538,0.636
LINC01412,-0.04390615,0.434,0.6360402
MRC1 /// MRC1L1,0.5092265,0.204,0.63613
RFFL,0.05888646,0.435,0.6362091
CCR3,0.03515788,0.435,0.6362916
PPAPDC1B,0.3378918,0.205,0.63645
KIAA1429,0.0449438,0.435,0.6365964
LOC105372672,-0.03131084,0.435,0.6366444
AQP12A,-0.17701177,0.435,0.6368915
C11ORF98,0.0429,0.541,0.637
LOC105371256,0.166,0.541,0.637
FAM86C2P,0.0664,0.54,0.637
C17ORF64,-0.03452837,0.436,0.6377746
HNRNPA0,-0.0363,0.541,0.638
LOC107985149,-0.0946,0.542,0.638
HSP90AB4P,-0.0676,0.541,0.638
LOC100134259,-0.2509398,0.206,0.63825
CCDC116,-0.2124744,0.206,0.63858
CISD3,-0.4278609,0.206,0.63868
C22ORF28,0.3862916,0.206,0.63886
ZNHIT2,0.2627886,0.207,0.63893
ZNF576,-0.2178066,0.207,0.63893
XPC-AS1,0.0693,0.543,0.639
LINC02702,-0.184,0.542,0.639
ATP5ME,-0.0691,0.542,0.639
LARGE2,-0.122,0.542,0.639
TEX26,-0.04728063,0.437,0.63918
TMEM20,0.1752888,0.207,0.63943
LOC101928298,0.0338504,0.438,0.6394716
C22ORF36,0.1871483,0.207,0.63952
DUX1,-0.3199572,0.207,0.63952
LOC727751 /// LOC727849 /// LOC80154,-0.2630691,0.207,0.63957
SNORD16,0.3979761,0.207,0.63957
LOC644656,0.0683,0.543,0.64
KIAA0090,-0.2589587,0.208,0.64
RPL37A-DT,0.105,0.544,0.64
ATP5MC1,-0.0773,0.543,0.64
DEFB103A /// DEFB103B,0.2995607,0.208,0.64
SLC22A14,-0.138,0.543,0.64
TENT5C,0.0626,0.543,0.64
ADRB3,-0.2804883,0.208,0.64057
RAD51L1,-0.2268855,0.208,0.64057
PRND,-0.03544111,0.439,0.6407101
ATP6V1G3,0.03399472,0.439,0.6407725
SRRM3,0.04853772,0.439,0.640786
OR2B3,-0.0294856,0.439,0.640786
LOC101927557,-0.03329316,0.439,0.640786
SNORA11,-0.163,0.545,0.641
KCTD4,0.0632,0.544,0.641
FAM135B,0.161,0.545,0.641
LOC101927272,-0.108,0.544,0.641
PSRC1,-0.138,0.544,0.641
LOC105371419,-0.135,0.544,0.641
ANGPTL7,-0.07,0.545,0.641
IQSEC3-AS1,0.0897,0.545,0.641
ARHGAP11A-DT,0.0656,0.545,0.641
LOC105369624,0.152,0.545,0.641
IDO2,0.3165102,0.209,0.64114
C2ORF86,-0.1560361,0.209,0.64129
OR4D5,-0.2018364,0.209,0.64129
MLLT10 /// PICALM,-0.2150025,0.209,0.64154
UCN,-0.03481405,0.44,0.6417122
NYAP2,-0.03284588,0.441,0.6419082
OR2A5,-0.2043504,0.21,0.64194
HOXB7,-0.1981539,0.21,0.64194
MIR3150BHG,0.102,0.546,0.642
CASP12,0.147,0.546,0.642
H2AC20,-0.0924,0.546,0.642
SCN10A,-0.2149623,0.21,0.64221
C16ORF55,0.1859364,0.21,0.64234
CTRL /// PSMB10,-0.2288845,0.21,0.64243
MGC13053,0.1538064,0.211,0.64248
TFAP2D,0.03086956,0.441,0.642484
NEUROG1,0.03154644,0.441,0.6425773
C19ORF61,-0.1828687,0.211,0.64258
C21ORF41,-0.290736,0.211,0.64262
LINC00354,-0.03693708,0.441,0.6426584
C10ORF2,-0.09215471,0.442,0.6428023
PABPC1L,-0.0629,0.547,0.643
LINC02004,0.133,0.547,0.643
LOC104054148,-0.117,0.547,0.643
FENDRR,0.0626,0.547,0.643
PIH1D2,-0.2367689,0.211,0.64306
PRB2,0.03334131,0.442,0.6431561
LOC149950,-0.1970299,0.211,0.64336
FKBP1A /// FKBP1C,0.2557492,0.211,0.64356
RPP40,0.07018356,0.442,0.6436745
TMEM95,-0.03224617,0.442,0.6437925
CHRNA10,-0.1956866,0.212,0.64392
ATP5MF-PTCD1,-0.0506,0.549,0.644
SNAI3-AS1,-0.112,0.549,0.644
HIST1H2BN,0.04190091,0.443,0.6440796
OR7G1,-0.1787045,0.212,0.64445
OR6K3,0.03037302,0.443,0.6444787
LOC100271836 /// LOC440354 /// LOC595101 /// LOC641298 /// SLC7A5P1 /// SLC7A5P2,0.2170978,0.212,0.64449
ANKRD23 /// ANKRD39,-0.2651976,0.213,0.64449
C11ORF94,-0.2054162,0.213,0.64449
FLJ44838,-0.2365769,0.213,0.64449
NCRNA00105,-0.2960795,0.213,0.64449
SERPINB5,-0.2255728,0.213,0.64489
MIR4453HG,0.0436,0.549,0.645
LOC105371026,-0.0644,0.55,0.645
LOC105378379,-0.174,0.55,0.645
LINC02288,0.123,0.55,0.645
LOC101928279,-0.124,0.55,0.645
BST1,0.062,0.549,0.645
YTHDF3-AS1,0.03513224,0.444,0.6453213
ZNF645,0.03009357,0.444,0.6453584
SNORD109B,0.04110052,0.445,0.6454986
POTEB,-0.2518161,0.214,0.6455
DEFB113,0.1849069,0.213,0.6455
ZFP91 /// ZFP91-CNTF,0.2745296,0.214,0.64596
GASAL1,-0.112,0.55,0.646
EID1,-0.0491,0.55,0.646
LOC107987147,0.0859,0.55,0.646
RETREG2,-0.0435,0.551,0.646
H19,-0.168,0.551,0.646
LINC01569,0.0819,0.551,0.646
TEX41,-0.131,0.551,0.646
CCDC163P,-0.246397,0.214,0.64614
MS4A13,0.2240617,0.214,0.64624
TMC1,0.03487586,0.446,0.6464234
HN1,-0.08495848,0.446,0.6465915
FAM72A /// FAM72B /// FAM72C /// FAM72D,0.1618128,0.215,0.64675
SEPTIN 11,0.3647978,0.215,0.64683
SAMD7,-0.04046502,0.446,0.6468365
BABAM2,-0.0404,0.552,0.647
HERPUD1,0.0424,0.552,0.647
MIR3605,-0.0708,0.552,0.647
LOC102725258,0.162,0.552,0.647
LOC105376875,-0.0854,0.552,0.647
BPY2B,-0.03680466,0.446,0.6470047
BRP44L,0.3346964,0.215,0.64704
DKK1,-0.03036388,0.447,0.6472175
BPIL1,-0.2629275,0.215,0.64733
C7ORF55,0.2029462,0.215,0.6474
PNPLA5,-0.03703267,0.447,0.6474868
LOC100132319,0.5645464,0.215,0.64752
LOC387693,-0.1594129,0.215,0.64753
EMC4,-0.05214831,0.447,0.647638
C10ORF32,0.3206984,0.215,0.64765
NXF2 /// NXF2B,-0.265068,0.215,0.64776
OSM,0.2272086,0.216,0.64799
TTLL13,-0.105,0.553,0.648
THBS4-AS1,0.0764,0.553,0.648
ARMS2,0.2355426,0.216,0.648
EFNA3,0.2497143,0.216,0.648
DNAH11,-0.221596,0.216,0.648
EIF3J-DT,0.0348,0.553,0.648
N6AMT2,0.1824064,0.216,0.64861
C10ORF92,-0.2048925,0.217,0.64896
C1ORF120,-0.3059161,0.217,0.64896
CLMP,0.0765,0.554,0.649
C10ORF120,0.03421551,0.449,0.6492702
IRX6,-0.1713426,0.217,0.64952
OR8S1,-0.2321187,0.218,0.64962
MGC24125,-0.2207207,0.218,0.64972
LINC01684,0.0847,0.555,0.65
E2F7,-0.131,0.555,0.65
STEAP3-AS1,-0.0597,0.555,0.65
LOC107984568,0.199,0.556,0.65
EYA2-AS1,-0.182,0.555,0.65
ACTL9,-0.03616645,0.45,0.6500243
NXNL1,0.2420734,0.218,0.65003
LOC105379239,0.03453656,0.45,0.6503684
LOC220930,0.1824618,0.218,0.65039
LCNL1,0.0455554,0.45,0.6504994
LRRC50,0.2493647,0.218,0.65051
FLJ42393,-0.2862631,0.218,0.6506
ARL5C,-0.2157092,0.219,0.65093
ABCB5,-0.2809572,0.219,0.65093
LOC105373836,0.0806,0.557,0.651
BOLA2-SMG1P6,0.0335,0.556,0.651
DHX9-AS1,0.0565,0.557,0.651
ADAD2,-0.3385051,0.219,0.65107
LOC101930081,0.02623603,0.451,0.6510749
C2ORF66,0.02799784,0.451,0.6512496
IL1F9,0.2109476,0.219,0.65126
CCL14 /// CCL14-CCL15 /// CCL15,0.3773992,0.219,0.65132
PPAPDC2,0.3127775,0.219,0.65144
LINC00385,0.03926256,0.451,0.6514546
DDX58,-0.3106919,0.219,0.6516
FAM23A,-0.1609252,0.219,0.65165
FLJ46321,-0.2195479,0.22,0.65165
GAL3ST2,-0.3083139,0.219,0.65165
LOC284749,0.3234187,0.22,0.65166
OR14J1,-0.2213322,0.22,0.65179
OR4N3P,-0.2085112,0.22,0.65179
C1ORF192,0.2116717,0.22,0.65181
FLJ38723,-0.225345,0.22,0.65181
VSX2,-0.2198598,0.22,0.65191
OR4K13,-0.0349998,0.452,0.6519714
LOC285847,0.161,0.558,0.652
PRLHR,0.03083787,0.452,0.6521241
GLUD1 /// GLUD2,0.3954743,0.22,0.65233
MC4R,0.03548306,0.452,0.6523952
TLX1NB,0.02964198,0.452,0.652465
TRAJ17,-0.3329703,0.221,0.65255
OR7E91P,-0.03254889,0.453,0.6526972
ELAVL1,0.05551947,0.453,0.6527286
GALNTL1,-0.1873438,0.221,0.6528
FAM239A,-0.129,0.558,0.653
PTX4,-0.03241497,0.453,0.653077
SDF2,-0.05843241,0.453,0.653077
C12ORF28,-0.27185,0.221,0.65312
ALDH3A1,-0.21828516,0.453,0.6531833
ACTC1,0.02791962,0.453,0.6531833
LOC101927907,0.03656397,0.453,0.6531833
TPM3P9,-0.06647135,0.454,0.6534197
XKR3,0.03851034,0.454,0.6535615
LOC285147,0.05210014,0.454,0.6536413
C1ORF174,-0.0352,0.559,0.654
ZNF300,-0.0671,0.559,0.654
SMU1,0.0291,0.559,0.654
LOC105379326,0.0724,0.559,0.654
FAM84A,0.0342033,0.455,0.654061
SAG,0.03432602,0.455,0.65408
LOC100130557,-0.1631246,0.222,0.65416
PCNXL3,-0.2968423,0.222,0.65416
NKAIN1,0.02575775,0.455,0.6543895
CSF2,-0.02798781,0.455,0.6545353
PPP1R36,-0.03609273,0.455,0.6545353
NEUROG2,0.03143647,0.456,0.6545871
C2ORF3,0.4265322,0.223,0.65476
DEFB110,-0.2495158,0.223,0.65487
LOC105375754,0.193,0.56,0.655
LOC107987228,-0.0649,0.56,0.655
GOLGA6EP,0.11,0.56,0.655
ACTMAP,-0.0478,0.56,0.655
LOC101930149,0.0985,0.56,0.655
LOC105374181,-0.0809,0.561,0.655
LOC107986998,0.0727,0.56,0.655
LINC01772,-0.0648,0.56,0.655
LOC107986086,-0.111,0.56,0.655
ALX4,0.107,0.56,0.655
LOC105376789,-0.0895,0.561,0.655
IL19,-0.03143711,0.456,0.6551995
C1ORF201,0.2279937,0.223,0.65523
CNIH3,-0.03911766,0.457,0.6555663
SFTA3,0.03471825,0.457,0.6555682
LOC101929122,-0.03132259,0.457,0.6555682
TMEM213,-0.1525537,0.224,0.6556
OR6X1,0.03129011,0.457,0.6556985
OR52B4,0.04030313,0.457,0.6558668
OR9H1P,-0.2188191,0.224,0.65596
R3HDML-AS1,0.105,0.561,0.656
KANSL3,0.0197,0.562,0.656
LINC00443,0.03072673,0.458,0.6566103
LOC101929413,0.02880517,0.458,0.6566339
LOH3CR2A,-0.1859265,0.225,0.65691
CRIP3,0.2575294,0.225,0.65691
LOC105370532,0.0876,0.562,0.657
PXDC1,-0.0705,0.563,0.657
LOC105374085,0.0619,0.563,0.657
SUZ12P1,0.0461,0.562,0.657
C10ORF119,-0.2931301,0.225,0.65728
RUNX1 /// SH3D19,-0.4224335,0.225,0.65728
LINC01551,0.02830596,0.459,0.6573541
LRRC52,0.03810288,0.459,0.657664
BVES-AS1,-0.03177317,0.459,0.6578473
TBC1D3 /// TBC1D3C /// TBC1D3F /// TBC1D3H,-0.2854004,0.226,0.65785
RAET1K /// ULBP1 /// ULBP3,-0.2190381,0.226,0.65785
MAPK4,0.05318959,0.46,0.6579751
ARHGAP5-AS1,0.0704,0.563,0.658
C17ORF78,-0.105,0.564,0.658
LOC105371486,-0.099,0.564,0.658
GOLGA6L17P,-0.0696,0.564,0.658
DDX50,-0.04263423,0.46,0.6581334
DEFB136,0.02671405,0.46,0.6581376
GCM2,-0.1762476,0.226,0.6582
TYR,0.03452996,0.46,0.6583246
TAAR2,-0.3524372,0.227,0.65835
TCERG1L,-0.03459118,0.46,0.6584123
LOC105372762,-0.02649649,0.461,0.6586145
TSPY8,0.03797477,0.461,0.658615
LINC01592,0.02991324,0.461,0.6586488
SPATA12,-0.2445743,0.227,0.65871
SLCO6A1,-0.2335487,0.227,0.65893
LGTN,-0.3205549,0.227,0.65893
GTF2H4 /// VARS2,0.3221222,0.227,0.65894
LOC105371654,0.088,0.565,0.659
EMC3,0.0372,0.565,0.659
LOC105370794,0.0982,0.565,0.659
LOC105374186,0.131,0.565,0.659
LOC105370902,-0.0661,0.564,0.659
OR1N2,-0.221493,0.228,0.65906
FA2H,0.2113311,0.228,0.65924
LOC105373876,0.03122192,0.461,0.659295
LOC101929579,0.03553481,0.461,0.6593116
KRTAP5-5,0.03823511,0.461,0.6593286
C9ORF131,-0.2438334,0.228,0.65939
AMH,0.02476914,0.462,0.6595551
LOC100288346,-0.2383382,0.228,0.6596
LINC01153,0.02868164,0.462,0.6599562
LOC105373020,-0.0883,0.566,0.66
TROAP,0.2426706,0.229,0.66008
LOC729020 /// RPE,-0.3518352,0.229,0.66022
GPR119,-0.04551658,0.463,0.6603321
LOC646513,-0.2750847,0.229,0.66039
FLJ36031,-0.3400175,0.229,0.66046
OR5AC2,-0.1826682,0.229,0.66081
LOC101928955,-0.06331976,0.463,0.6608665
LOC652797 /// PKM2,-0.2901989,0.229,0.66093
OR8U1 /// OR8U8,-0.16009,0.23,0.66093
REXO5,0.0458,0.567,0.661
LOC100126584,0.1,0.567,0.661
LOC107984191,-0.0855,0.567,0.661
NDUFAF6,-0.07202985,0.463,0.661054
LIN28B,-0.04807923,0.464,0.6613724
SPATA16,-0.1997493,0.23,0.66176
LINC02761,0.127,0.568,0.662
GATA6-AS1,0.0601,0.568,0.662
HSFX3,0.0612,0.568,0.662
IGLV5-52,0.0529,0.568,0.662
LOC100131496,0.0865,0.569,0.662
LOC101929882,-0.03470226,0.465,0.6621598
CSN1S2AP,0.04287253,0.465,0.662541
C16ORF93,0.17217,0.232,0.66298
LOC105375987,0.108,0.57,0.663
TMEM11-DT,0.0797,0.569,0.663
LOC105378862,-0.0978,0.569,0.663
LOC107984213,0.138,0.569,0.663
LOC728743,0.0599,0.569,0.663
LOC107986643,0.111,0.569,0.663
LINC02992,-0.102,0.57,0.663
LOC105376154,0.0862,0.57,0.663
ARC,-0.0364252,0.465,0.6630303
NAT10,0.2020339,0.232,0.66326
C21ORF125,-0.2762418,0.232,0.66326
LOC100268168,-0.1992453,0.232,0.66329
LOC102725068,-0.03499494,0.466,0.6635962
KIAA1875,-0.2533599,0.232,0.66374
POU3F3,0.03923105,0.467,0.6638156
ZNF542P,0.02995141,0.467,0.6638301
HOXA5,-0.12,0.57,0.664
CCDC23,0.2686449,0.232,0.66421
KIAA1539,-0.2298046,0.232,0.66421
PRPF4,-0.1763226,0.233,0.66423
C20ORF123,-0.2339757,0.233,0.66423
HECW2,-0.1831532,0.233,0.66446
CAPN14,-0.214866,0.233,0.66448
CDRT15P,0.2067483,0.233,0.66448
C2CD4A,0.03447797,0.468,0.664491
C1ORF88,-0.2177026,0.233,0.66461
INSL6,0.033224,0.468,0.6647849
OCEL1,0.0509,0.572,0.665
SH3PXD2A-AS1,0.0991,0.571,0.665
LOC105375924,0.133,0.572,0.665
GDNF-AS1,-0.162,0.571,0.665
GDPD4,-0.1972684,0.234,0.66502
POMZP3,-0.04208955,0.468,0.6652374
C2ORF84,-0.2128096,0.234,0.66572
VWA2,0.03246143,0.469,0.6657425
YSK4,-0.2616755,0.234,0.66577
EPRS,-0.1920811,0.234,0.66594
C13ORF36,-0.194036,0.235,0.66599
LOC105376512,-0.0909,0.572,0.666
LOC105372501,-0.154,0.572,0.666
TGIF2-RAB5IF,-0.0556,0.573,0.666
LINC02887,-0.0633,0.573,0.666
LOC105373211,-0.0864,0.573,0.666
LOC107986302,-0.0988,0.573,0.666
LOC105376026,0.065,0.573,0.666
C13ORF26,-0.1712697,0.235,0.66633
C19ORF71,-0.2832395,0.235,0.66637
DEFB127,0.1987474,0.236,0.6665
SMCHD1,-0.2118629,0.236,0.6665
FAM234B,0.04085747,0.47,0.6665902
C17ORF71,-0.20498,0.236,0.6667
RBM17,0.07031733,0.47,0.6667733
PCDHB17,0.1711123,0.236,0.66691
TSR1,-0.4050867,0.236,0.66693
PABPC4L,-0.0997,0.574,0.667
ACOXL,-0.0829,0.574,0.667
ITPR1-DT,0.0864,0.574,0.667
CDH3,-0.2133463,0.236,0.66717
HEATR7A,-0.2242236,0.236,0.66717
C10ORF118,-0.2487247,0.236,0.6672
GATS /// GATSL1 /// GATSL2,-0.1990402,0.236,0.66734
LIPI,0.03563546,0.471,0.6673599
MAGEA8,-0.02996893,0.471,0.6673599
ARL17A /// LOC100294341,-0.2651608,0.237,0.66759
SNORA42,-0.2336695,0.237,0.66759
CDK5R2,-0.0244924,0.471,0.6676838
STAG3L1 /// STAG3L3 /// TRIM73,0.2576365,0.237,0.66771
NEU2,-0.2059084,0.237,0.66771
LOC388242,-0.04038475,0.472,0.6679246
USP32P1,-0.171,0.575,0.668
SLC49A4,-0.0294,0.576,0.668
LOC107984655,0.0747,0.575,0.668
C1ORF107,0.2295805,0.237,0.66821
OR8H2,-0.02698691,0.472,0.6684432
FAM212B,0.03227409,0.473,0.6686568
AHRR,-0.2197579,0.238,0.66868
MARCH 9,-0.2832106,0.238,0.66868
BAT3,-0.2055536,0.238,0.66868
C11ORF76,-0.2817701,0.238,0.66876
C14ORF50,-0.2326427,0.238,0.66878
KRT14P /// KRT16 /// KRT16P2 /// KRT16P3,-0.1636502,0.238,0.66878
LOC105371224,-0.0457,0.577,0.669
LOC105370278,0.112,0.576,0.669
LOC107985705,-0.124,0.576,0.669
ZNF836,-0.0402,0.576,0.669
WFDC8,0.2621581,0.238,0.66909
OR10H1,0.1857361,0.238,0.6692
C20ORF117,-0.1946058,0.239,0.66929
C17ORF97,0.1084421,0.474,0.6696483
KRT73,-0.03660878,0.474,0.6698102
SNORD12B,-0.0919,0.577,0.67
CLDN23,0.0546,0.577,0.67
ZNF350-AS1,0.119,0.577,0.67
CTAGE3,0.1563618,0.239,0.67
LYAR,0.0442,0.578,0.67
SLC2A9-AS1,0.0909,0.577,0.67
SLC10A6,-0.125,0.577,0.67
FOXD4L3 /// FOXD4L6,-0.299558,0.239,0.67001
LOC148413,0.1764985,0.239,0.67002
SRPRA,-0.04029708,0.475,0.6703075
KRT6A /// KRT6B /// KRT6C,0.2029124,0.24,0.67033
FAM22F /// FAM22G,-0.3416704,0.24,0.67044
LOC441426,0.3130166,0.24,0.67059
GGT8P,0.03686039,0.475,0.6707105
C5ORF25 /// LOC202181,-0.2635533,0.24,0.67077
CZIB,0.0254,0.579,0.671
DDN-AS1,0.054,0.578,0.671
KCNE2,-0.2554825,0.241,0.67104
PPYR1,0.2509974,0.241,0.6711
C4ORF46 /// TOMM7,0.809646,0.241,0.6711
CCDC89,-0.03641211,0.476,0.671439
C2ORF81,-0.03020629,0.476,0.6716347
SP6,-0.2124177,0.242,0.67164
MGC27345,0.2162876,0.242,0.67164
C19ORF68,0.03534648,0.476,0.6716595
KCTD19,-0.2560724,0.242,0.67172
CTCFL /// HMGB1,-0.2490205,0.242,0.67172
GTSCR1,-0.1703993,0.242,0.67179
MAPK15,0.0449283,0.477,0.6719389
HOXC-AS1,0.03439342,0.477,0.6719389
LOC101929290,0.0688,0.58,0.672
LOC107986590,0.0954,0.58,0.672
LINC02997,0.111,0.58,0.672
PDPR2P,-0.0457,0.58,0.672
MFSD6L,-0.1631008,0.242,0.67207
SOX3,0.2814401,0.242,0.67207
KRTAP2-4,-0.1731217,0.243,0.67227
LOC389705,-0.2352321,0.243,0.67254
FAM108B1,0.2307818,0.243,0.67258
NPVF,-0.03642371,0.478,0.6728267
CALML3-AS1,0.136,0.581,0.673
IGKV1-13,-0.2,0.581,0.673
MIG7,0.109,0.581,0.673
TTLL8,0.2760477,0.244,0.67341
OOEP,0.2445749,0.244,0.67341
PPP1R3F,0.0519,0.583,0.674
POLR2J2,-0.0637,0.582,0.674
NPIPB13,-0.0625,0.582,0.674
LOC112267988,0.0607,0.582,0.674
LOC105373284,0.0924,0.583,0.674
PRPF38B,-0.2481725,0.245,0.67487
GPR115,-0.2263203,0.245,0.67494
ZNF695,-0.02844305,0.481,0.6749485
SNORD79,-0.0815,0.583,0.675
ABCF1-DT,-0.0871,0.584,0.675
LOC399491 /// NPIP,0.2625709,0.246,0.67523
KRT82,-0.1896568,0.246,0.67537
NKX6-1,-0.1870779,0.246,0.67537
LOC729020,-0.1969924,0.246,0.67537
MLF1IP,-0.1582001,0.246,0.67537
RIPPLY1,-0.2114291,0.246,0.67537
SERPINB13,0.2187597,0.246,0.67547
CT45A5 /// LOC100133581,-0.2229202,0.246,0.67547
FRG1 /// FRG1B /// LOC100134091 /// LOC100289068 /// LOC283788 /// LOC642236,-0.2663481,0.247,0.67547
C1ORF175,-0.2016669,0.247,0.67561
LOC441493,-0.2652278,0.247,0.67571
LOC280665,-0.1668179,0.247,0.67578
LOC101927043,0.03126601,0.482,0.6757913
SMYD1,0.03037193,0.482,0.6758345
LOC105372275,-0.0753,0.585,0.676
LRRC36,-0.135,0.584,0.676
AOC1,-0.2,0.585,0.676
LOC107984910,0.148,0.585,0.676
SNORD116-18,0.104,0.584,0.676
IGSF9B,-0.132,0.585,0.676
LINC00222,0.0889,0.584,0.676
IRAIN,0.03216956,0.482,0.6760141
LOC100133461,0.03088725,0.482,0.6760141
RAB22A,-0.1948776,0.248,0.67619
LOC100131373,-0.203694,0.248,0.67648
C20ORF166,-0.1776719,0.248,0.67654
HIST1H2BO,0.02502934,0.483,0.6768311
TRIML1,0.03911356,0.483,0.6768613
FRMD4A,-0.06913261,0.483,0.6768833
LOC107984361,0.102,0.586,0.677
LOC105372770,-0.088,0.586,0.677
CERNA1,0.0731,0.586,0.677
CNN3-DT,0.0596,0.586,0.677
TMEM221,-0.113,0.586,0.677
LINC01619,0.0673,0.586,0.677
LOC107987095,0.0815,0.585,0.677
LOC105375247,0.109,0.586,0.677
NOTO,0.2131797,0.248,0.67717
FTSJ2,-0.1717528,0.248,0.67717
CCDC37-AS1,0.02480473,0.484,0.6772664
SCARA5,0.1942064,0.249,0.67736
ROCK1 /// ROCK1P1,-0.3821291,0.249,0.67745
CDH17,-0.04091796,0.484,0.677747
OR10G7,-0.2396454,0.249,0.67777
SCHIP1,-0.1825305,0.249,0.67777
LOC105379477,0.0968,0.587,0.678
COL9A3,-0.118,0.587,0.678
B4GALT4-AS1,0.0482,0.587,0.678
PTCSC2,0.03559282,0.485,0.6780028
C11ORF83,-0.2762111,0.25,0.67836
C3ORF55,-0.2338372,0.25,0.67836
FAM40B,-0.198107,0.25,0.67841
SLC22A20,0.03039649,0.485,0.6784524
HIST2H3A /// HIST2H3C /// HIST2H3D,-0.2874562,0.25,0.6785
SPANXB1 /// SPANXB2 /// SPANXF1,-0.2441388,0.25,0.67855
FAM155A,0.03314283,0.485,0.6785727
KIAA1543,0.2211603,0.25,0.6789
LOC105377478,0.159,0.588,0.679
LOC100128361,-0.0535,0.588,0.679
FAM241A,-0.0508,0.588,0.679
SELS,0.2259002,0.25,0.67903
LINC01393,-0.02988833,0.486,0.6793993
ATPBD4,-0.1681803,0.251,0.67959
LOC641515,0.2075103,0.251,0.67959
PYY2,0.0259164,0.486,0.6798236
LOC101929285,-0.0757,0.589,0.68
LOC105376447,0.0787,0.589,0.68
LOC105374164,0.132,0.589,0.68
MAGEB2,-0.04503025,0.487,0.680098
OR13C2,0.03188167,0.487,0.6801486
FBXO17 /// SARS2,0.3432663,0.252,0.68015
KRT86,-0.2975356,0.252,0.68015
ZNF389,-0.1884118,0.252,0.6802
FAM194B,-0.2447051,0.252,0.6802
C13ORF15,-0.2996397,0.252,0.68022
LENEP,0.03096335,0.487,0.6802648
ACAD11 /// NPHP3,0.2205236,0.252,0.68032
CCDC90A,-0.2301631,0.252,0.68043
LOC389493,0.216057,0.252,0.68051
ZNF556,-0.1901799,0.253,0.6808
ZNF587B,0.0403,0.59,0.681
LOC105371371,-0.107,0.59,0.681
LRRIQ1,-0.282695,0.253,0.68109
TUBA3C,-0.0272608,0.488,0.6811892
C2ORF7,-0.231376,0.253,0.68154
GPR142,-0.1956983,0.253,0.68172
KIR2DS5,-0.03633727,0.489,0.6818473
MMP1,-0.04357382,0.489,0.6819494
TBC1D3,-0.0515,0.592,0.682
LINC01216,0.03811275,0.49,0.6821124
GSTTP1,0.03127338,0.49,0.6821124
WDR67,-0.2116149,0.254,0.68213
WFDC12,-0.03747278,0.49,0.6823071
MURC,0.02991874,0.49,0.6823577
LOC100130776,0.2143629,0.254,0.68246
C12ORF52,0.2958655,0.254,0.68246
HIST1H3J,0.03505339,0.491,0.6826493
H3F3A /// LOC440926,-0.3206152,0.254,0.68272
THRB-AS1,0.0702,0.593,0.683
LOC105379409,0.115,0.592,0.683
GPR101,0.02937376,0.491,0.6830364
C1ORF61,-0.02132783,0.491,0.6830364
CLEC18C,-0.0309647,0.491,0.6830364
OR4A47,-0.02996426,0.491,0.6830997
C12ORF68,-0.1993409,0.255,0.68319
HMHA1,-0.1738078,0.255,0.68321
C18ORF2,0.1848783,0.255,0.68322
RTBDN,0.03489645,0.492,0.6833113
ATP12A,0.03417833,0.492,0.6833424
C9ORF29,-0.2367412,0.255,0.68354
ZFX /// ZFY,-0.458562,0.255,0.68367
ZNF720,-0.2011184,0.255,0.68391
LOC105369464,-0.105,0.594,0.684
TMEM265,0.0485,0.594,0.684
LOC105374333,-0.0681,0.594,0.684
NCBP2AS2,0.0467,0.593,0.684
LOC105370753,-0.104,0.594,0.684
RAB17-DT,0.0773,0.593,0.684
SOCS6,0.0465,0.594,0.684
LOC101928384,0.0971,0.593,0.684
DPF1,-0.2113366,0.256,0.6843
KLRA1,-0.1872576,0.256,0.6843
ASTN1,-0.03455588,0.493,0.6843153
LOC29034,0.4259321,0.256,0.68449
SPG20,0.1791937,0.256,0.68472
FKSG43 /// FRMD8,0.3105888,0.256,0.68476
THOC4,-0.2442104,0.256,0.68476
C8ORF49,0.2809036,0.256,0.68476
IL1F5,0.1851766,0.256,0.6848
AQPEP,-0.1827389,0.256,0.6848
SPDYE16,-0.0838,0.594,0.685
LOC107986708,0.0982,0.594,0.685
LOC107985487,0.0797,0.595,0.685
LOC101928357,0.0956,0.595,0.685
SNORD4B,0.03099378,0.494,0.6851376
FAM115A,-0.2014213,0.257,0.68535
KLHDC7B,-0.1928587,0.257,0.6855
C22ORF34,-0.1876762,0.257,0.68555
PAEP,0.03119319,0.495,0.6857659
TAS2R9,0.03788328,0.495,0.685781
TDGF1 /// TDGF3,0.163352,0.258,0.68588
C16ORF91,-0.1673118,0.258,0.68595
LOC105378429,0.105,0.596,0.686
LOC107986361,-0.0621,0.596,0.686
LOC112268296,-0.0524,0.596,0.686
LOC105377295,0.123,0.596,0.686
RASSF10,0.232225,0.258,0.68606
C20ORF72,-0.4612058,0.258,0.68611
DNAJC5G,-0.1755902,0.258,0.68611
ADGRF4,-0.02272749,0.495,0.6861681
PAK6,-0.1961262,0.258,0.68645
KRT16,-0.03983077,0.495,0.6864843
LOC653501 /// ZNF658 /// ZNF658B,0.1864834,0.258,0.68659
OSR1,0.2105538,0.258,0.68664
NPY6R,0.4608431,0.259,0.68665
CUZD1,0.03148932,0.496,0.6866553
C21ORF89,0.1873242,0.259,0.68666
MC3R,0.03063769,0.496,0.6867584
C9ORF7,-0.2115706,0.259,0.68676
ANKRD30A,0.02828435,0.496,0.6868474
C10ORF91,0.03004488,0.496,0.686875
PGBD3///ERCC6,-0.02692533,0.496,0.6868801
C8ORF55,-0.2256424,0.259,0.68697
LOC105369677,0.14,0.597,0.687
ZNF649-AS1,0.0528,0.597,0.687
MIR555,-0.0673,0.597,0.687
WDR63,-0.02803746,0.497,0.6872657
C16ORF53,-0.1822644,0.26,0.68751
OR56A4,-0.1695744,0.26,0.6877
LOC100286906,-0.02741721,0.497,0.6877195
CATIP,-0.03347047,0.497,0.6878812
C6ORF97,0.2196783,0.26,0.68798
LOC103344931,0.0487,0.599,0.688
TPRG1-AS2,0.0763,0.598,0.688
LOC107986080,-0.0892,0.599,0.688
CARD17,0.3981079,0.26,0.68811
DBX2,0.0235055,0.498,0.6882876
MT1IP,0.2307893,0.261,0.68843
LOC101928443,0.03392561,0.498,0.688641
SH3D20,-0.1778268,0.261,0.6887
RHEBL1,-0.05151688,0.498,0.6887034
H3-3A,-0.0318,0.599,0.689
NT5C1B-RDH14,0.0322,0.6,0.689
TRC-GCA22-1,-0.121,0.6,0.689
SNORA86,-0.0611,0.599,0.689
LOC107985282,0.115,0.6,0.689
TSPAN14///NUP58,0.05305453,0.499,0.6892212
OR8G2,0.0341622,0.499,0.6894984
C6ORF15,0.2434995,0.262,0.68958
LOC101927053,-0.028068,0.5,0.6897354
OR1E1 /// OR1E2,0.2049991,0.262,0.68984
STX1B,0.02633628,0.5,0.689992
LOC105379549,0.201,0.6,0.69
FAM216B,0.03189426,0.5,0.6900738
CCDC172,0.03079548,0.5,0.6905208
DPYSL4,-0.1534053,0.262,0.69084
LOC107985595,-0.0547,0.602,0.691
SNORA80E,-0.155,0.602,0.691
LOC107984699,0.11,0.602,0.691
LINC00685,-0.0989,0.601,0.691
HID1-AS1,-0.103,0.602,0.691
RBM25-AS1,0.0587,0.602,0.691
LOC105374943,0.158,0.601,0.691
LINC01942,-0.0792,0.602,0.691
LRMDA,0.0403,0.602,0.691
LOC101928881,0.0595,0.602,0.691
CXCL13,-0.08090554,0.502,0.6915104
FAM216A,0.07253961,0.502,0.6915104
TMEM108-AS1,0.0252093,0.502,0.6915677
PHLPP2,-0.2408715,0.263,0.69159
LOC100506122,0.03074209,0.502,0.6917256
CLEC2L,-0.2051101,0.264,0.69176
PGCP,0.2117523,0.264,0.69176
ZNF582,0.2016153,0.264,0.69176
MYST1,-0.1696184,0.264,0.69183
BHLHB9,-0.1995754,0.264,0.6919
C10ORF113,0.02695405,0.502,0.6919941
GTF2IP7,0.0652,0.603,0.692
LOC100996442,-0.0551,0.603,0.692
GNAO1-AS1,0.0981,0.603,0.692
HTATSF1P2,0.0467,0.603,0.692
AKR1C1 /// AKR1C2,0.2545216,0.264,0.69216
CCDC36,-0.03303077,0.503,0.6925207
SCRT2,0.3218198,0.265,0.69287
LINC01533,0.02617194,0.503,0.6928956
GAGE10,0.211231,0.265,0.69294
C10ORF26,0.4162246,0.265,0.69294
ZFYVE20,-0.2615039,0.265,0.69294
LOC100505498,0.175,0.604,0.693
ZSCAN12P1,-0.0716,0.604,0.693
CRYGS,0.0583,0.603,0.693
LALBA,-0.03354751,0.504,0.6931077
ARHGAP36,-0.1737284,0.265,0.69328
PHLDA2,0.09471859,0.504,0.6934491
C9ORF95,0.2128812,0.266,0.69351
CHRNA9,0.03603065,0.504,0.6935241
FLJ11235,-0.255812,0.266,0.69367
CCDC135,-0.2378515,0.266,0.69384
LINC00933,-0.0775,0.605,0.694
CNTNAP3C,0.072,0.605,0.694
GZF1,-0.1742518,0.266,0.6944
FCRLB,0.0696443,0.505,0.6944723
GPR139,-0.02231484,0.505,0.6944723
LOC440040,-0.2231483,0.267,0.69493
MROH2A,0.113,0.606,0.695
PABPC4,0.028,0.607,0.695
MRM1,-0.0491,0.607,0.695
LOC101927603,0.109,0.606,0.695
THSD4-AS2,0.0768,0.606,0.695
SERPINB9P1,0.119,0.607,0.695
H1-8,0.0956,0.606,0.695
ZNF773,0.047,0.606,0.695
SLFNL1-AS1,0.0891,0.606,0.695
RLN1,0.02972112,0.506,0.6950848
C12ORF5,-0.160934,0.267,0.69558
C7ORF46,0.1970848,0.268,0.69578
SLC24A6,0.1713643,0.268,0.69587
BEAN1,0.085,0.607,0.696
LOC105373053,-0.114,0.608,0.696
LSP1P5,-0.0773,0.608,0.696
VASH1-AS1,0.0378,0.607,0.696
ZNF561-AS1,-0.0401,0.608,0.696
LOC107984705,0.203,0.608,0.696
CHST8,0.02944988,0.507,0.6961905
FAM171A2,0.2114008,0.268,0.69625
GPR114,-0.2456158,0.268,0.69638
HIAT1,0.1486047,0.268,0.69638
HRNBP3,-0.1825704,0.269,0.69642
KRTAP21-1 /// LOC647262 /// LOC731932,-0.1793732,0.268,0.69642
PROK1,0.02957611,0.508,0.6964755
C17ORF65,-0.2843986,0.269,0.69704
PROL1,-0.2203888,0.269,0.69715
TTC37,0.1957714,0.269,0.69729
CBWD6,-0.02670672,0.509,0.6973229
HARS,0.06110789,0.509,0.6974879
LOC100287515 /// ZNF26,-0.2029707,0.27,0.69772
LOC283435,0.02680177,0.51,0.6979553
CNFN,-0.2166388,0.27,0.69796
GOLGA8M,0.049,0.609,0.698
MACIR,-0.0698,0.61,0.698
LOC107987276,-0.066,0.61,0.698
LOC105371414,-0.0841,0.61,0.698
SCARNA4,0.109,0.609,0.698
LOC112267917,-0.0781,0.611,0.698
LOC107985568,-0.068,0.61,0.698
LOC107986028,0.186,0.61,0.698
SPRY4-IT1,0.0822,0.61,0.698
LOC112268195,0.0465,0.61,0.698
LOC642361,-0.0504,0.61,0.698
MANCR,-0.116,0.61,0.698
LOC105378329,0.0641,0.61,0.698
LOC105369999,0.12,0.61,0.698
LOC100287042,-0.2352282,0.27,0.69808
NFE4,-0.2134081,0.27,0.69808
HSFY1 /// HSFY2,0.2068037,0.27,0.69808
ABCC12,-0.1728397,0.27,0.69808
GOPC /// ROS1,-0.1622712,0.27,0.69808
ADAP1 /// COX19,-0.2431325,0.27,0.69823
LRP2,0.02704522,0.51,0.6982851
LINC01066,0.02944152,0.51,0.6983725
RNF180,-0.2327279,0.27,0.6984
LOC100128922,0.03190987,0.511,0.698831
MTERFD1,-0.232162,0.271,0.69899
UBE2E4P,-0.0404,0.611,0.699
LOC105375202,-0.13,0.612,0.699
H3-3B,-0.0385,0.612,0.699
SELENOH,0.0407,0.611,0.699
LOC105373058,-0.101,0.611,0.699
TCEAL6,-0.2016473,0.271,0.69902
KRTAP5-1,0.03501551,0.511,0.699042
LOC646813,0.2275461,0.271,0.69908
C1ORF86,0.1718084,0.271,0.69909
LOC222699,0.2260606,0.271,0.69936
PDE6H,-0.03441837,0.511,0.6994643
TMOD1 /// TSTD2,-0.3373935,0.272,0.69959
SEPX1,0.2847103,0.272,0.69966
KGFLP2,-0.1647442,0.272,0.69966
TCEB3C /// TCEB3CL,-0.26117,0.272,0.69966
PSORS1C3,0.1933518,0.272,0.69966
EN1,-0.02611065,0.512,0.6997761
PRPH,-0.0355108,0.512,0.6998377
LOC105370016,-0.02649184,0.512,0.6998391
LOC105375124,-0.122,0.612,0.7
ALOX12-AS1,-0.0739,0.612,0.7
C3ORF1,0.2725231,0.273,0.70014
LINC00445,-0.02827622,0.512,0.7001905
CCDC190,0.0324912,0.512,0.7002301
DEFB124,0.0282901,0.512,0.7002301
STX18,-0.04188459,0.512,0.7002578
AQP6,-0.2114523,0.273,0.70038
ZNF697,-0.2651662,0.274,0.70087
LOC105373881,0.0867,0.614,0.701
ZNF696,0.0381,0.614,0.701
LOC105369669,-0.0626,0.613,0.701
LINC01081,0.03195889,0.513,0.7010117
C3ORF34,-0.1945135,0.275,0.70146
FXC1,-0.2198296,0.275,0.70165
LOC729658,0.2183411,0.275,0.70166
HLA-DOB /// TAP2,-0.2643245,0.275,0.70183
FAM169BP,-0.137,0.615,0.702
JDP2-AS1,0.0468,0.615,0.702
SNORA40,-0.0632,0.614,0.702
DUT-AS1,0.101,0.615,0.702
PKHD1L1,0.156,0.614,0.702
LOC100294376 /// TECR,0.2864276,0.275,0.70201
KIAA1383,-0.1469311,0.275,0.70203
CSF3,-0.02382137,0.515,0.7020382
ALPI,0.2007313,0.276,0.70209
LOC652276,-0.2577983,0.276,0.70209
YTHDF2,0.2869749,0.276,0.70209
PATE3,-0.2003535,0.276,0.7021
OR10G4,-0.2182344,0.276,0.70212
CSH2,-0.03473372,0.515,0.7022103
TRYX3,0.2353569,0.276,0.70229
KIAA1751,-0.2126749,0.277,0.70256
PGR,0.1898613,0.277,0.70261
MBD3L5,-0.2668413,0.277,0.70264
C1ORF129,0.2368905,0.277,0.70284
FAM73A,0.190703,0.277,0.70284
MRGPRX2,0.02235186,0.516,0.7029878
KRTCAP2,0.0571,0.616,0.703
LOC105370970,0.0915,0.615,0.703
BEND3P3,0.071,0.616,0.703
MIDEAS-AS1,-0.0747,0.615,0.703
GAREM2,0.0572,0.616,0.703
LOC105378100,0.0749,0.616,0.703
C15ORF59,0.03147159,0.516,0.7030421
CDK11A /// CDK11B /// LOC100294398,-0.2582081,0.277,0.70328
KIAA1324,-0.2043577,0.277,0.70328
LOC284889,-0.2340272,0.278,0.70329
NCRNA00168,0.2043578,0.278,0.70335
LOC100129716,-0.2278459,0.278,0.70341
ZNF584,-0.1988588,0.278,0.70349
SPDYE2 /// SPDYE2L /// SPDYE6,-0.2847749,0.278,0.70349
ELOA3CP,-0.12,0.617,0.704
CFAP119,-0.0479,0.617,0.704
PPFIA4,-0.0991,0.617,0.704
PHKA2-AS1,0.0303,0.618,0.704
PRR34,0.03988923,0.517,0.7041173
MYL2,-0.02471015,0.517,0.7041173
NKX6-3,0.2559645,0.28,0.70486
SFRS2,0.3235226,0.28,0.70496
C12ORF48,0.1731108,0.28,0.70496
MBD3L2 /// MBD3L3 /// MBD3L4 /// MBD3L5,-0.2161727,0.28,0.70496
C7ORF27,-0.2538389,0.28,0.70496
LCMT1-AS2,-0.056,0.619,0.705
LOC105370783,0.14,0.618,0.705
TVP23C-CDRT4,0.04,0.618,0.705
AREL1,-0.0227,0.618,0.705
LOC107986061,0.0974,0.619,0.705
C16ORF75,-0.2396059,0.281,0.70552
PLA2G2F,0.02887391,0.519,0.7056956
LOC100292664 /// TBC1D26 /// TBC1D28,0.253121,0.281,0.7057
C9ORF5,0.3388337,0.281,0.70572
LOC100128905,0.02501732,0.519,0.7059777
SMG1P2,0.0363,0.62,0.706
LOC107986522,0.101,0.62,0.706
MINDY1,0.0345,0.619,0.706
ERO1A,0.0371,0.62,0.706
LOC112268153,0.123,0.619,0.706
LOC107984112,0.0812,0.619,0.706
MYCL1,0.2344628,0.281,0.70601
GJA8,0.03070055,0.52,0.7060488
TTTY4,-0.02292808,0.52,0.7063254
LOC727978,0.0907,0.621,0.707
GOLGA4-AS1,0.0366,0.62,0.707
PRR34-AS1,-0.0639,0.62,0.707
TSSC1,-0.2201489,0.282,0.70736
KRTAP4-5,-0.1690208,0.282,0.70764
OR10A6,0.1529641,0.283,0.7078
LOC100127951,-0.2554871,0.283,0.7078
NEDD8-MDP1,0.0286,0.622,0.708
APOL1 /// APOL2,0.4860756,0.283,0.70813
FNDC3B,-0.2979996,0.283,0.70821
REG1A,0.164353,0.283,0.70821
LPPR4,-0.1488698,0.284,0.70836
ELAVL4,0.1386889,0.284,0.70836
COPE /// HOMER3,-0.2450134,0.284,0.70844
SFRS7,-0.3264909,0.284,0.70844
FAM176A,0.2475525,0.284,0.70852
SPRR2F,-0.03642136,0.523,0.7086845
SEPTIN 1,-0.2644474,0.284,0.70897
FAM22D,0.2085873,0.284,0.70897
SRGAP3-AS3,0.106,0.623,0.709
C4ORF27,-0.1712019,0.285,0.70907
UTP14A /// UTP14C,0.1659626,0.285,0.70909
NEFM,-0.02819616,0.524,0.7092613
C3ORF36,-0.0281609,0.524,0.7092613
OLAH,0.02730286,0.524,0.7096097
LOC101928813,0.02593097,0.525,0.7099751
GABRG1,0.02709651,0.525,0.709996
LOC105375933,0.0872,0.623,0.71
LOC107985915,0.0689,0.623,0.71
LOC107986141,-0.117,0.624,0.71
LOC107985322,0.0827,0.625,0.71
TRNC,0.144,0.624,0.71
ZPLD2P,-0.0541,0.624,0.71
NDUFC2-KCTD14,-0.0665,0.624,0.71
ARHGEF2-AS2,-0.081,0.624,0.71
SLURP1,0.02111809,0.525,0.7104033
OR4K14,0.02647072,0.525,0.7104033
C12ORF34,-0.2458864,0.286,0.71046
OCM,0.2129036,0.286,0.71066
CDRT1 /// FBXW10,-0.2312458,0.286,0.71068
NCRNA00201,-0.304832,0.286,0.7108
HLA-DPB2,0.03066436,0.526,0.7109808
MCU,-0.035,0.625,0.711
BAZ1A-AS1,0.0462,0.625,0.711
C1ORF95,-0.2113625,0.286,0.71101
ADRA2C,-0.2406256,0.287,0.71104
RANBP17,0.02231035,0.526,0.7112446
DPPA3 /// STELLAR,-0.1648256,0.287,0.71175
DOM3Z,0.283157,0.287,0.71175
C2ORF34,-0.1829226,0.287,0.71175
C22ORF41,0.1670348,0.287,0.7118
SLC24A2,-0.0261262,0.527,0.7118505
C8ORF82,0.08674963,0.527,0.7118505
LOC105372273,-0.0785,0.627,0.712
LOC102724938,0.128,0.627,0.712
WHAMMP2,0.0394,0.626,0.712
LOC105369293,0.101,0.627,0.712
SNORD76,-0.0669,0.627,0.712
LOC105372697,0.117,0.627,0.712
FAM106B,-0.107,0.626,0.712
DLGAP1-AS5,-0.039437,0.527,0.7121422
LGALS12,-0.02860453,0.527,0.7121422
C17ORF48,-0.187243,0.288,0.71238
LOC100507464,0.02323265,0.528,0.7124021
LOC100293612,0.2199441,0.288,0.71262
C9ORF25,0.1921812,0.288,0.71262
LOC285501,0.2350022,0.288,0.71279
DEFB132,0.1645085,0.288,0.71288
OR4S2,0.02930666,0.529,0.7129728
LOC105378433,-0.101,0.627,0.713
LOC105376269,-0.102,0.628,0.713
TRNP,0.131,0.627,0.713
TMEM188,-0.1742893,0.289,0.71309
USP43,0.1750476,0.289,0.71309
PPIL5,-0.1711809,0.289,0.71317
C2ORF79,-0.2385581,0.289,0.71319
CHMP2B,-0.3505781,0.289,0.71353
MTERFD2,-0.1851306,0.29,0.71375
CKMT1A /// CKMT1B /// LOC100292542,-0.2190007,0.29,0.71375
TBC1D26 /// ZNF286A,0.1987813,0.29,0.71377
GPR27,0.03277014,0.53,0.7139457
TBX2-AS1,-0.0932,0.629,0.714
LOC105372065,-0.0656,0.629,0.714
SNORA14A,-0.0751,0.629,0.714
LOC107987107,0.0739,0.629,0.714
VNN3P,-0.088,0.629,0.714
IL31,-0.02915851,0.53,0.7140736
C11ORF92,-0.2371838,0.29,0.7142
BRSK1,-0.1919747,0.291,0.71423
TOP1 /// TOP1P1,-0.2014713,0.291,0.71423
CT45A1 /// CT45A2 /// CT45A3 /// CT45A4 /// CT45A5 /// CT45A6,0.1646029,0.291,0.71434
FAM179A,-0.03560871,0.53,0.7143746
TREML3P,0.02588954,0.53,0.7144957
PRAMEF19,-0.03607279,0.53,0.7144957
PRKX /// PRKY,-0.3035821,0.291,0.71478
LOC112268051,0.0664,0.629,0.715
AANAT,0.1936512,0.291,0.71507
LOC101927721,-0.03136698,0.531,0.7152159
GALNT13,0.2153016,0.292,0.71537
MFSD11,0.04937374,0.532,0.7157132
CSPG5,0.1701711,0.292,0.71583
SNHG6,0.0413,0.631,0.716
LOC100132249,0.113,0.631,0.716
SLC25A34,-0.1655814,0.293,0.71616
LSM14B,0.1772881,0.293,0.71657
LOC100216479,0.1978776,0.293,0.71658
OR10G3,-0.02672849,0.533,0.7168625
TTC5,-0.2170434,0.293,0.71687
FLJ44881,0.1925508,0.294,0.71697
KIR2DS1 /// KIR2DS2 /// KIR2DS4,-0.170006,0.294,0.71698
CCDC18-AS1,0.0493,0.632,0.717
LTB4R2,0.0505,0.632,0.717
LOC730668,-0.0947,0.632,0.717
LOC107985295,0.0933,0.632,0.717
EGFR-AS1,-0.0478,0.632,0.717
GLUD2,-0.0445,0.632,0.717
C20ORF144,0.03004458,0.534,0.7171698
LOC441239,0.1942078,0.294,0.71723
SAXO2,0.02572906,0.534,0.7173944
MIR4432HG,-0.022225,0.534,0.7174928
MAFA-AS1,0.0234651,0.534,0.7174928
REG1B,-0.2007871,0.294,0.7175
ARL17A /// ARL17B /// LOC100294341,-0.1663457,0.294,0.7175
ZNF488,-0.1964085,0.294,0.71755
LOC112543491,0.0834,0.634,0.718
FAM53B-AS1,-0.0725,0.633,0.718
LOC101928449,-0.02895091,0.535,0.7180207
CCDC94,-0.04769491,0.535,0.7181341
QTRTD1,-0.1812027,0.295,0.71829
SFTPA2,-0.2370323,0.295,0.71833
TMEM105,-0.07019607,0.536,0.7187993
C20ORF103,-0.1730773,0.296,0.7188
COL21A1,-0.1658046,0.296,0.7189
OR1L4 /// OR1L6,0.2034239,0.296,0.7189
FCRL4,0.153167,0.296,0.71897
LOC100129831,-0.2179116,0.296,0.71897
PRDM4-AS1,-0.0403,0.634,0.719
TTI2,-0.029,0.634,0.719
LINC01544,0.109,0.635,0.719
CD2BP2-DT,-0.0515,0.635,0.719
SNORD6,0.0886,0.634,0.719
FAM198A,0.04145031,0.536,0.7190369
SFRS15,-0.2746828,0.296,0.71906
KIAA0317,-0.1764671,0.296,0.71913
NSDHL,0.0934934,0.537,0.7194483
GYPA /// GYPB,0.224572,0.297,0.71953
C1ORF92,-0.183756,0.297,0.71966
ESPL1,0.04523497,0.537,0.7196995
FOXD4L1,0.2172268,0.297,0.71972
C20ORF112,-0.1618308,0.297,0.71972
C20ORF200,-0.1891908,0.297,0.71972
KCNF1,0.1615623,0.297,0.71975
MYL7,-0.2029575,0.297,0.71975
C17ORF55,-0.1630859,0.297,0.7198
PDE4DIPP7,-0.0752,0.636,0.72
PDE9A-AS1,0.0931,0.636,0.72
LOC102724474,0.0648,0.636,0.72
CRYBB2,-0.0843,0.636,0.72
LOC105369682,-0.101,0.636,0.72
LOC105377567,0.303,0.636,0.72
C7ORF13,-0.2013085,0.298,0.72005
TBP,0.2869028,0.298,0.72012
C8ORF41,0.2627224,0.298,0.72012
SYNPR,-0.02660583,0.539,0.7205236
DIRC1,-0.1711352,0.299,0.72086
KIAA1267 /// LOC100294337,0.2150046,0.299,0.72089
LOC339240,-0.2447049,0.299,0.72089
NTSR2,0.02391413,0.539,0.7209943
LOC105379827,-0.0861,0.637,0.721
LOC102724618,0.106,0.637,0.721
ZNF446,0.0862,0.636,0.721
LOC107986986,0.0789,0.637,0.721
SNORD30,0.04915848,0.539,0.7210217
SEPT9,-0.0853197,0.539,0.7212375
C14ORF177,0.185253,0.299,0.72131
LOC286178,0.0246257,0.54,0.7214415
LINC00251,-0.02353684,0.54,0.7215715
MYBPC2,-0.02958931,0.54,0.7217024
EMID2,0.1568788,0.3,0.72191
FAM210B,0.0464,0.639,0.722
LOC105377896,0.105,0.638,0.722
LOC100287329,-0.0787,0.638,0.722
SNORA53,0.0765,0.638,0.722
LOC145757,-0.1677149,0.301,0.72205
LDOC1L,0.2131029,0.301,0.7221
GPR98,0.1784349,0.301,0.72212
ARID3C,-0.04295386,0.541,0.7222325
CLECL1,-0.1683027,0.301,0.72252
CYP4F8,-0.221362,0.301,0.72252
LINC01170,0.03009012,0.541,0.7226543
LOC162632 /// LOC220594 /// USP32 /// USP6,0.4300263,0.301,0.72285
ROBLD3,0.2638054,0.302,0.72292
C11ORF9,0.2441247,0.302,0.72292
C2ORF64,-0.226082,0.302,0.72292
LRRC48,-0.1783333,0.302,0.72292
PRY /// PRY2,-0.1801625,0.302,0.723
JHDM1D,0.2543948,0.302,0.723
LOC102724780,0.081,0.639,0.723
TSPAN10,-0.04942709,0.542,0.7230942
GPR81,0.2139942,0.303,0.72327
FAM163B /// LOC643750,-0.2452024,0.303,0.72332
FLJ42289,0.1948767,0.304,0.72378
C12ORF77,-0.1764042,0.303,0.72378
C4ORF27 /// LOC389705,0.2176417,0.304,0.72378
SLC6A18,-0.1766342,0.303,0.72378
CYSLTR2,-0.4643275,0.303,0.72378
SLN,-0.1761043,0.304,0.72379
CXORF51,0.2319582,0.304,0.72379
LOC101927592,-0.02598064,0.543,0.7239255
NFRKB,0.0227,0.64,0.724
LOC105376704,-0.0592,0.64,0.724
UICLM,0.107,0.64,0.724
LINC02073,0.133,0.64,0.724
FAM99A,-0.0703,0.64,0.724
PRHOXNB,-0.1978096,0.305,0.72452
LOC100128751,-0.2305378,0.305,0.72468
DYDC1,-0.02680769,0.544,0.7248571
LOC100506321,0.0331,0.642,0.725
LOC107986674,-0.136,0.641,0.725
LOC107986853,0.055,0.642,0.725
LOC105374306,-0.0607,0.642,0.725
LOC100129203,-0.0664,0.641,0.725
GAS1RR,-0.102,0.641,0.725
MIR4712,-0.103,0.641,0.725
SNRPN /// SNURF,-0.2265459,0.305,0.72511
LOC646627,-0.1867165,0.306,0.72511
FAM153A /// FAM153B /// FAM153C,-0.1956719,0.306,0.72516
CTSL3,-0.1793069,0.306,0.72533
GAGE12B /// GAGE12C /// GAGE12D /// GAGE12E /// GAGE12F /// GAGE12G /// GAGE12H /// GAGE12I /// GAGE2A /// GAGE2B /// GAGE2C /// GAGE5 /// GAGE7,-0.1488846,0.306,0.72541
LBX1,0.03384361,0.545,0.7256051
GUSBP15,-0.0456,0.643,0.726
TTC34,-0.0836,0.642,0.726
LOC105376093,-0.104,0.642,0.726
LOC107986414,-0.104,0.643,0.726
ATAD3B /// LOC732419,-0.1804146,0.307,0.72617
DUOXA1,-0.1867952,0.307,0.72628
NDUFS3,0.2835039,0.307,0.72628
C6ORF155,0.1474849,0.307,0.72628
ASB18,-0.1627969,0.308,0.72647
C1ORF57,0.1813027,0.308,0.72647
C7ORF68,0.1493808,0.308,0.72663
CD300LD,0.2207458,0.308,0.72682
FAM30A /// KIAA0125,-0.1975137,0.308,0.72688
LINC00623,-0.0389,0.644,0.727
LOC107984580,-0.119,0.644,0.727
LOC101928092,-0.0654,0.643,0.727
POGLUT2,-0.0393,0.644,0.727
LOC653486 /// SCGB1C1,0.2237407,0.309,0.72732
HSPA6 /// HSPA7,-0.2071699,0.309,0.7274
FLJ16124,0.1801815,0.309,0.72763
THSD1 /// THSD1P1,-0.1560853,0.309,0.72766
C14ORF4,-0.2485289,0.309,0.72788
LOC102724852,-0.129,0.645,0.728
CLTRN,0.0543,0.646,0.728
FAM86EP,0.0459,0.645,0.728
LUZP6,-0.0348,0.646,0.728
GPR19,-0.0526,0.646,0.728
LINC01909,0.0506,0.646,0.728
LOC105377033,-0.094,0.645,0.728
SLC16A6,-0.0551,0.645,0.728
FAM55C,0.1466614,0.31,0.72827
OR52R1,0.02694638,0.548,0.7283481
SOX1,-0.02165165,0.549,0.7285795
LOC101929454,0.02741195,0.549,0.7285876
LOC105370855,0.0964,0.646,0.729
LOC105371361,0.0836,0.647,0.729
SLC5A4-AS1,-0.0954,0.647,0.729
TPTE2P1,0.0909,0.646,0.729
LOC105371022,-0.0936,0.647,0.729
CACNA1G-AS1,-0.0208809,0.549,0.7290254
MBD3L2,-0.02808861,0.549,0.7291991
LOC100133893,0.2514197,0.311,0.7292
ORC2L,-0.2244823,0.311,0.72939
HS6ST2-AS1,0.03017437,0.55,0.7296264
VCY1B,-0.02962472,0.55,0.7297882
LOC105378146,0.02044913,0.55,0.7298744
FER1L5,0.0732,0.648,0.73
LOC107984251,-0.043,0.648,0.73
LOC107985388,-0.065,0.648,0.73
GCC2-AS1,0.0453,0.647,0.73
KTI12,0.0367,0.648,0.73
LOC107985972,0.0932,0.648,0.73
ZNF677,-0.02771049,0.55,0.7300688
MARCH4,-0.02694764,0.551,0.7301556
MARCH3,-0.05382013,0.551,0.7301604
SLC7A4,0.0251766,0.551,0.7301885
HCG9,0.1902635,0.312,0.73024
C14ORF183,-0.2113415,0.312,0.73055
HIST1H2AM,0.03033216,0.551,0.7306564
OR8B8,0.02643976,0.552,0.7308862
AIRN,0.0601,0.649,0.731
GSEC,-0.1,0.649,0.731
LOC105374740,-0.118,0.649,0.731
RBFADN,-0.0838,0.649,0.731
LOC145678,-0.02582313,0.552,0.73104
OR9A2,-0.02944862,0.552,0.73104
VCX3B,-0.03397727,0.552,0.7312693
CHST6,-0.2093061,0.313,0.73133
LOC100288442 /// LOC339047,0.3594748,0.313,0.73133
MAGED4 /// MAGED4B,-0.1915704,0.314,0.73176
RPS2P32,0.1856807,0.314,0.73178
LOC105378751,0.145,0.65,0.732
LOC400541,-0.0566,0.651,0.732
LOC105369180,0.0476,0.651,0.732
LOC105373172,-0.0754,0.651,0.732
PTOV1-AS1,0.0393,0.65,0.732
LOC105379507,0.159,0.651,0.732
C11ORF88,0.02660877,0.553,0.7320779
TMEM121,-0.2127596,0.314,0.73233
CT45A1,-0.02615887,0.554,0.7325243
C2ORF56,-0.2429972,0.314,0.73272
WDR8,-0.1586313,0.315,0.73278
LOC404266,-0.1706082,0.315,0.7328
SPDYE11,0.0581,0.652,0.733
ALG1L9P,0.0559,0.652,0.733
POLR2I,-0.0751,0.651,0.733
TRNK,0.152,0.652,0.733
RAB41,-0.0576,0.652,0.733
LASS6,-0.1884245,0.315,0.73305
C6ORF167,0.1631799,0.315,0.73317
TNFRSF6B,-0.02818401,0.555,0.7333694
RBMXL2,0.158588,0.315,0.73338
PGAM5 /// PXMP2,0.1690684,0.315,0.73338
PTPN21,0.0402729,0.556,0.7338486
OBFC2B,-0.1879488,0.316,0.73386
KRTAP3-2 /// KRTAP3-3,-0.1776882,0.316,0.73386
INTS4 /// INTS4L1 /// INTS4L2,-0.1787626,0.316,0.73392
LINC00160,0.0279602,0.556,0.7339865
SVIL-AS1,0.0189,0.653,0.734
MIR548AR,-0.109,0.653,0.734
GH1,-0.1821669,0.316,0.73419
FAM188A,0.05058728,0.556,0.7342173
SNAR-A1,-0.13443083,0.556,0.7342173
C9ORF78,0.0350226,0.556,0.7343129
CKMT1A /// CKMT1B,0.1432104,0.316,0.73432
MUCL1,0.02489208,0.556,0.7343316
FAM25B /// FAM25C /// FAM25G,0.1598246,0.317,0.73442
FNDC7,0.2257951,0.317,0.73442
C15ORF23,0.1867701,0.317,0.73448
CAPN10 /// GPR35,0.2015043,0.317,0.73449
PIN1L,-0.2113735,0.317,0.73461
SUV420H2,-0.214051,0.317,0.73461
FAM128A,-0.1306669,0.317,0.73475
OR13C2 /// OR13C5,0.1406142,0.318,0.73495
LINC02078,-0.0986,0.654,0.735
C20ORF79,0.2052424,0.318,0.73501
LOC728622 /// SKP1,-0.1391219,0.318,0.73507
MGC23270,-0.2050744,0.318,0.73534
OR2T2 /// OR2T35,0.1591779,0.318,0.73537
C6ORF225,-0.1600885,0.318,0.73541
CXORF41,-0.1554188,0.319,0.73547
NT5C3L,-0.2040747,0.319,0.73548
LOC101060019,0.03260721,0.558,0.7356326
SMCP,-0.03391397,0.558,0.7357398
MIR621,-0.0605,0.655,0.736
LOC105372470,0.0684,0.656,0.736
LOC107984661,0.0281,0.655,0.736
BLOC1S1-RDH5,-0.0445,0.656,0.736
LOC107984399,-0.0879,0.655,0.736
FAM48B1,-0.1898353,0.32,0.73642
LOC57399,0.2034182,0.32,0.73642
ZUFSP,0.1380312,0.32,0.73642
GFY,-0.02046652,0.559,0.73651
LOC105376544,0.01831222,0.56,0.7367742
LOC101927651,-0.03137704,0.56,0.7369795
GLB1L3,-0.153698,0.32,0.73699
LOC100287367,-0.1442629,0.32,0.73699
LOC442381 /// LOC650293 /// MGC72080 /// OR7E125P /// OR7E87P,-0.1492118,0.32,0.73699
LOC105379506,0.157,0.656,0.737
MICOS10,-0.0371,0.657,0.737
LOC102724560,0.0596,0.657,0.737
LOC105372411,-0.0883,0.656,0.737
SNORA101B,0.0834,0.657,0.737
CYP7A1,-0.13,0.656,0.737
DUX4 /// LOC441056 /// LOC653543 /// LOC653544 /// LOC653545 /// LOC653548 /// LOC728410,-0.1839675,0.321,0.73713
OR8U8,0.02990845,0.56,0.7371615
C17ORF37,0.2245697,0.321,0.73719
PRRT4,0.2579749,0.321,0.73724
KRTAP4-9,-0.168637,0.321,0.73739
GCET2,-0.1754545,0.321,0.73739
KILLIN,-0.1788539,0.321,0.73739
C19ORF63,0.3624211,0.321,0.73745
MOBKL2C,-0.2215348,0.322,0.73772
C20ORF85,0.02460752,0.561,0.7378609
C8ORF38,0.2140557,0.322,0.73796
NCK1-DT,-0.0452,0.657,0.738
LOC107985009,-0.0661,0.658,0.738
LOC105371900,-0.0886,0.657,0.738
TRAF3IP2-AS1,-0.0408,0.658,0.738
CCDC134,0.035,0.658,0.738
CCDC144CP,-0.0878,0.657,0.738
LOC284788,-0.03742778,0.561,0.7381813
KRT85,0.150101,0.322,0.73819
B3GNT1,-0.1704401,0.322,0.73819
DEFB130,-0.1490957,0.322,0.73828
LOC100130916,-0.2516397,0.322,0.73836
ROPN1 /// ROPN1B,0.1453787,0.322,0.73855
KIR2DS3 /// KIR2DS5,0.176401,0.323,0.73868
OSTCL,-0.1917998,0.323,0.73875
PCDP1,-0.136608,0.323,0.7388
NBPF7,-0.1589834,0.323,0.73887
CXORF58,-0.1810611,0.323,0.73887
FAM55D,-0.1690891,0.323,0.73894
CCDC48,0.1652238,0.323,0.73894
LOC100287837///ARHGEF17,0.03031079,0.563,0.7389592
PTMAP11,0.0548,0.658,0.739
ITGA6-AS1,-0.0713,0.659,0.739
LOC100128317,0.135,0.658,0.739
CST4,0.02454583,0.563,0.7392674
OR5M9,0.02411835,0.563,0.7394219
HTN1,-0.03236436,0.564,0.739664
OR4X1,-0.1569813,0.324,0.7397
GRINL1A,0.2284535,0.324,0.7397
FLJ44653,0.227753,0.324,0.7397
LGALS7 /// LGALS7B,-0.2203609,0.324,0.7397
C10ORF71,-0.1659343,0.324,0.7397
AKR1B10 /// AKR1B15,0.1667287,0.324,0.73976
CCDC53,-0.1432175,0.324,0.73976
LOC107985523,0.048,0.66,0.74
PNMAL2,-0.1301014,0.325,0.74041
NSUN5 /// NSUN5P2,-0.2180583,0.325,0.74077
C19ORF44,-0.0327,0.661,0.741
GBA /// GBAP1,-0.2567523,0.326,0.74133
FAM110D,-0.11782053,0.566,0.7413407
LOC101927334,0.02549874,0.566,0.7413663
H2AFB3,-0.03320072,0.566,0.7415538
C18ORF19,-0.2714821,0.326,0.74158
ATP13A5 /// C10ORF54 /// HARS /// LOC100288418,0.1546748,0.327,0.74195
FRG1DP,0.0702,0.662,0.742
LOC107985230,0.0625,0.662,0.742
RAMP2-AS1,-0.0566,0.662,0.742
C19ORF40,0.1824844,0.327,0.74211
BMPR1A /// LOC283155,-0.2038448,0.327,0.74211
C9ORF21,-0.1639863,0.328,0.74235
HAPLN2,0.02196654,0.567,0.7423659
CEACAM5,-0.1887214,0.328,0.74259
C8ORF47,-0.1504217,0.328,0.74265
ITFG3,0.1329211,0.328,0.74269
HNRNPKP3,-0.02405414,0.568,0.7428191
OR11G2,-0.03017616,0.568,0.7429436
CDY1 /// CDY1B,-0.1981916,0.329,0.74297
DLGAP3,-0.1985451,0.329,0.74297
LINC02344,-0.0662,0.663,0.743
LOC107985923,0.0591,0.663,0.743
LOC107984573,-0.0771,0.663,0.743
C19ORF59,-0.1965743,0.329,0.74318
ADGRE1,0.05706219,0.569,0.7432125
MORC1,0.02326424,0.569,0.7432289
SIGLEC10 /// SIGLEC12,0.2026206,0.329,0.74342
CCDC108,-0.1763817,0.33,0.74351
ZFP112,0.1965573,0.33,0.74351
PHF16,-0.1641672,0.33,0.74351
SNORD55,-0.06938565,0.569,0.7435141
FRG2B,0.02339553,0.569,0.7435654
ZSCAN20,-0.2144195,0.33,0.74364
C1ORF123,-0.11647129,0.569,0.7436533
SFRS3,0.2603881,0.33,0.74387
CCL14-CCL15 /// CCL15,0.1549971,0.331,0.744
LOC105376426,0.0571,0.664,0.744
OLIG1,0.02304454,0.57,0.7440071
HOXA13,-0.1192993,0.331,0.74405
PPP1R2P9,-0.02272009,0.57,0.7440821
HTR3C,0.01890226,0.57,0.7441064
LOC100129637,-0.2339816,0.331,0.74431
LOC100287175,-0.1420632,0.331,0.74432
DDX11 /// LOC642846,0.1887675,0.331,0.74471
GUSBL1,0.2858942,0.331,0.74471
LOC107984387,0.0602,0.666,0.745
LOC112268444,0.0938,0.666,0.745
LOC105375513,0.053,0.665,0.745
FRG1,0.0266,0.666,0.745
EMILIN3,-0.0546,0.666,0.745
KIAA0240,-0.2433861,0.332,0.74508
BIRC8,-0.1749633,0.332,0.74508
C7ORF42,0.2145317,0.332,0.74508
CCT8L1 /// CCT8L2,0.18341,0.332,0.74508
OR6C65,0.01858055,0.572,0.7451776
LOC253724,0.1740704,0.332,0.74529
CADM1 /// LOC100132764,-0.1809333,0.332,0.74533
DBNDD2 /// SYS1 /// SYS1-DBNDD2,-0.1706976,0.332,0.74533
DNASE1L2,-0.02399125,0.572,0.745417
EVX2,-0.02990925,0.572,0.745417
LINC01493,-0.02861439,0.572,0.745417
TEX35,0.02143879,0.572,0.7454555
LOC440104,0.2260551,0.332,0.74547
ZCCHC16,0.2159917,0.332,0.7455
RCC1 /// SNHG3-RCC1,-0.154865,0.333,0.74575
HIST1H4K,-0.2886821,0.333,0.74575
LOC105377782,-0.227,0.667,0.746
TAF5L,0.0277,0.666,0.746
LOC392232,0.0755,0.666,0.746
FAM86B2-DT,0.0533,0.667,0.746
ASAP1-IT1,-0.0558,0.667,0.746
SILC1,0.211,0.667,0.746
LOC107986990,0.0925,0.666,0.746
SPTBN1-AS1,0.0507,0.666,0.746
SPDYE5,-0.0568,0.666,0.746
C1ORF58,-0.180289,0.333,0.74605
SIX1,0.1595144,0.333,0.74605
OLIG2,-0.02362129,0.573,0.746168
PRELID3B,-0.05569302,0.573,0.7461989
HOXB8,-0.02157156,0.573,0.7462426
PSG1 /// PSG8,0.201992,0.333,0.7464
LHFPL5,0.02269551,0.574,0.7465484
ANKRD20A1 /// ANKRD20A2 /// ANKRD20A3 /// ANKRD20A4,-0.2169414,0.334,0.74667
KIAA0947,-0.2209846,0.334,0.74684
LOC729678,-0.1640511,0.334,0.747
LOC105376830,0.0488,0.668,0.747
LOC101930091,0.0608,0.668,0.747
PAK7,-0.1936885,0.335,0.74766
LOC101928714,0.03941618,0.575,0.7477504
CRYBA4,-0.01671639,0.575,0.7477997
LINC01271,-0.0424,0.669,0.748
LOC107987098,-0.0816,0.67,0.748
CCDC99,-0.1383003,0.335,0.74804
MLL4,0.2239788,0.335,0.74806
C12ORF42,0.02091499,0.576,0.7481627
GOLGA6A /// GOLGA6B /// GOLGA6C /// LOC645752,-0.1485244,0.336,0.74842
SPATA45,-0.02573383,0.576,0.7485736
C20ORF181,0.02295704,0.577,0.7487709
C4ORF17,0.02372321,0.577,0.7488268
WHAMML1,-0.1980779,0.336,0.74889
MFSD14CP,-0.0273,0.671,0.749
LOC107984754,0.0596,0.67,0.749
LOC112268014,-0.073,0.67,0.749
TMEM14E,-0.3392981,0.337,0.74905
DAW1,-0.0217797,0.577,0.749087
PDILT,0.02319843,0.577,0.7492044
LOC285593,0.01880868,0.578,0.7492936
EFTUD1,0.2065267,0.337,0.74942
KIAA1024,0.02025603,0.578,0.7496666
LINC01395,0.02030422,0.578,0.7496998
LOC348120,-0.2115272,0.337,0.74972
LMTK3,-0.2502494,0.337,0.74973
GP1BB /// SEPT5,0.2200693,0.337,0.74973
FAM128A /// FAM128B,-0.1902962,0.338,0.74981
C7ORF70,0.2285662,0.338,0.74981
FAM91A1 /// FAM91A2,-0.2716111,0.338,0.74984
LINC01331,-0.0365022,0.579,0.7499504
MAGEA2 /// MAGEA2B,-0.1863351,0.338,0.74998
LOC101928563,0.161,0.671,0.75
LL0XNC01-250H12.3,-0.0699,0.672,0.75
SRSF12,0.0499,0.671,0.75
LOC107986948,0.0507,0.671,0.75
C19ORF75,-0.1946112,0.338,0.75006
C20ORF69,-0.1928386,0.338,0.75006
CXCL5,-0.03468814,0.579,0.7501171
GCC2 /// RGPD1 /// RGPD2 /// RGPD3 /// RGPD4 /// RGPD5 /// RGPD6 /// RGPD8,0.5604946,0.338,0.75016
LOC286238,0.1726787,0.338,0.75021
VGLL1,0.1376949,0.338,0.75021
C17ORF101,0.240029,0.339,0.75052
CYAT1 /// IGLV1-44 /// LOC100290557,-0.2766969,0.339,0.75058
ADORA2A /// CYTSA,0.1613662,0.339,0.75058
LOC100652911,0.01400771,0.58,0.7506218
SIX6,-0.1305665,0.339,0.7507
DNAJB13,-0.0968,0.673,0.751
PIRAT1,0.108,0.673,0.751
LOC100505874,0.168,0.673,0.751
OR5AP2,0.1828235,0.34,0.75111
ODZ3,0.1594182,0.34,0.75111
LOC401296,0.1573195,0.34,0.75111
KRTAP17-1,-0.1550327,0.34,0.75111
SPAG11A /// SPAG11B,-0.1591664,0.34,0.75118
EMC1-AS1,-0.0303,0.673,0.752
DPPA2P3,-0.119,0.673,0.752
ZNF815P,-0.0435,0.674,0.752
LOC105377889,0.0811,0.674,0.752
LOC150786 /// RAB6A /// RAB6C,0.255032,0.342,0.75233
ZNF181 /// ZNF302,-0.3786363,0.342,0.75233
EHD3,-0.2065292,0.342,0.75233
TTC3L,-0.2042214,0.342,0.75233
C6ORF168,-0.173227,0.342,0.75233
APOB48R,-0.218569,0.342,0.75235
OR5L1 /// OR5L2,-0.1547926,0.342,0.75236
LCE4A,-0.1613625,0.342,0.75236
NCRNA00176,-0.2526324,0.342,0.75238
DNAJC25-GNG10 /// GNG10,0.3886053,0.343,0.75244
HMP19,-0.1809814,0.343,0.75244
SNORD100,0.06465455,0.583,0.7527593
BLMH,-0.05955776,0.583,0.7527683
LOC102723313,0.042,0.675,0.753
SHFL,-0.0403,0.675,0.753
LOC145474,0.0539,0.675,0.753
LOC107985561,-0.0854,0.675,0.753
MS4A10,0.02171637,0.583,0.7530104
C12ORF35,0.2976816,0.344,0.75303
NCRNA00171,0.2270717,0.344,0.75337
PTPRN,-0.1317461,0.344,0.75348
TMEM180,-0.2339366,0.344,0.7535
LOC441178,0.1751694,0.345,0.75358
PVRL4,-0.1702827,0.344,0.75358
SNORD36C,-0.04910669,0.584,0.7536308
PRAC1,0.02401421,0.584,0.7537046
CCDC154,-0.1880733,0.345,0.75371
RTP5,0.03195667,0.584,0.7537595
SSMEM1,0.02912385,0.584,0.7538932
LOC100131131,-0.1707289,0.345,0.75399
KRTAP5-7,0.1621835,0.345,0.75399
LOC112267891,-0.0563,0.676,0.754
LOC101927385,-0.0628,0.677,0.754
LOC105376998,0.0983,0.676,0.754
LOC101927285,-0.02687096,0.584,0.7540307
KRTAP1-1,-0.2065423,0.345,0.75404
LOC101929646,-0.02805833,0.584,0.7540433
SERPINA13,-0.1415955,0.345,0.75424
POTEG,-0.1448579,0.346,0.75426
C18ORF34,0.1190867,0.346,0.75426
SRCRB4D,-0.1744437,0.346,0.75426
LOC100287413,0.181362,0.346,0.75426
CASP14,-0.1643812,0.346,0.75426
ARSI,0.1532098,0.346,0.75426
C10ORF99,0.02508938,0.585,0.754511
C6ORF195,0.150985,0.346,0.75459
HELT,-0.1825384,0.347,0.75491
C8ORF85,0.1694866,0.347,0.75493
SLC36A3,-0.02580215,0.586,0.754972
LOC101926956,-0.0715,0.678,0.755
TRIR,0.049,0.677,0.755
RAB5IF,-0.0416,0.677,0.755
LOC105372321,-0.0831,0.677,0.755
LRRC63,-0.0713,0.678,0.755
HSD3BP4,-0.0756,0.678,0.755
TULP1,0.03270125,0.586,0.7550077
LOC100129932,-0.1548227,0.347,0.75511
TTC18,-0.2027432,0.347,0.75511
WBSCR26,0.167836,0.347,0.75514
C9ORF31,-0.1514025,0.348,0.75524
C10ORF18,0.19939,0.348,0.75525
TCEAL3 /// TCEAL6,-0.2264069,0.348,0.75536
LINC01333,0.03013009,0.587,0.7556923
GNRHR2,-0.02716035,0.587,0.7558215
C2ORF55,0.1379174,0.348,0.75598
LINC02367,-0.116,0.678,0.756
LOC105374838,-0.0533,0.679,0.756
TMX1,-0.0307,0.679,0.756
MED14OS,0.0817,0.679,0.756
TYRO3P,0.0495,0.678,0.756
LOC105370991,0.21,0.679,0.756
MIR570HG,0.0601,0.678,0.756
LOC389102,-0.1475662,0.348,0.75605
LOC105376351,0.0253982,0.588,0.7564858
OR4N5,0.1643158,0.349,0.7565
MYT1,0.02065017,0.588,0.7567073
OVCH2,0.02520891,0.588,0.756751
KRTAP10-11,-0.0311302,0.588,0.7567618
OR5AK2,0.02524302,0.588,0.7567618
OR10AG1,-0.02468654,0.588,0.7567737
OR8D1,0.1924654,0.349,0.75679
TTTY20,0.01620626,0.588,0.7569549
OR6C70,0.02489156,0.588,0.7569549
PGLYRP4,0.01859632,0.588,0.7569549
LINC01169,0.0969,0.68,0.757
KRT5,-0.1570082,0.35,0.75705
GPR89B /// GPR89C,-0.3161318,0.35,0.75727
CD200R1 /// CD200R1L,-0.123301,0.351,0.7574
LOC389333,-0.230643,0.35,0.7574
C17ORF82,0.156165,0.351,0.7574
RNF216L /// XKR8,-0.1645373,0.351,0.7574
DCAF8L1,0.1830137,0.351,0.7574
C20ORF7,-0.1688799,0.351,0.75754
LOC100287144 /// LOC100287205 /// LOC100287238 /// LOC100287441 /// LOC100288520 /// USP17 /// USP17L2 /// USP17L5,-0.1441567,0.351,0.75769
G30,0.1859556,0.351,0.75772
HRNR,0.02882698,0.589,0.7579048
SPOCK1,0.1292529,0.352,0.75793
CHORDC1P4,0.0593,0.681,0.758
LOC105378314,0.121,0.681,0.758
RBP2,0.073,0.681,0.758
KRTAP22-2,-0.03163842,0.59,0.758267
METTL11A,0.1699153,0.352,0.75831
LOC402644,0.1642419,0.353,0.75836
FAM64A,-0.02044578,0.591,0.7585686
RNASE2,-0.1548023,0.353,0.75861
CDRT4 /// FAM18B2,0.2283316,0.353,0.75877
PRM1,0.02551172,0.591,0.7588273
LINC02709,0.0715,0.683,0.759
LOC105376829,0.0498,0.683,0.759
DCST1-AS1,-0.0532,0.682,0.759
FAM83H-AS1,-0.0605,0.682,0.759
LOC107984952,0.0443,0.683,0.759
LINC01303,-0.075,0.682,0.759
C6ORF211,0.1330679,0.353,0.75908
PLA2G16,-0.1716051,0.354,0.75933
CTAGE15,0.06889199,0.592,0.759455
RAET1G /// RAET1L /// ULBP2,-0.2169636,0.354,0.75978
C3ORF59,-0.1584728,0.354,0.75998
NPW,-0.1988422,0.354,0.75998
LOC107984551,-0.0706,0.684,0.76
SNORA8,-0.0616,0.684,0.76
LOC105379403,0.0603,0.684,0.76
LOC105374897,-0.0426,0.684,0.76
LOC105376035,-0.0726,0.684,0.76
DPH6-DT,0.0694,0.683,0.76
FOXD3,-0.02434385,0.593,0.7605457
LOC102723649,-0.0268873,0.593,0.7605457
P2RY11 /// PPAN /// PPAN-P2RY11,0.1700633,0.355,0.76062
HTA,0.2101294,0.355,0.76065
SAPS3,-0.1764786,0.355,0.76065
RNF160,-0.1595191,0.355,0.76065
LOC10431 /// TIMM23,0.3795689,0.355,0.76072
CLASP2,-0.1835304,0.355,0.76072
CPA2,0.1502113,0.355,0.76081
CILP2,-0.02592196,0.594,0.7608619
WNT5B,0.0504,0.685,0.761
LZTS3,-0.0488,0.685,0.761
PKD2L2-DT,-0.0704,0.685,0.761
GNAT3,0.1640604,0.356,0.76106
DSCR8,-0.196732,0.356,0.76107
C3ORF33,0.04502915,0.594,0.7611993
ZNF20 /// ZNF625,-0.1339197,0.356,0.76122
HLA-DRB3 /// HLA-DRB5 /// LOC100294036,-0.2394791,0.356,0.76134
GPR123,0.1867231,0.356,0.76136
FGF16,-0.02278328,0.595,0.7614971
SH2D4B,-0.03154847,0.595,0.761676
FABP5P3,-0.01915635,0.595,0.7617836
CSPG4P1Y,-0.02322028,0.595,0.7619201
UTP3,0.01950874,0.595,0.7619418
ADGRE4P,-0.0573,0.686,0.762
LOC101927613,-0.0789,0.687,0.762
ADGRF5-AS1,-0.0823,0.687,0.762
LOC105375798,-0.0744,0.686,0.762
PKD1P6-NPIPP1,0.0248,0.687,0.762
PABPC1L2A,-0.02070419,0.596,0.7620223
GCA,-0.178159,0.357,0.76217
CCT8 /// CCT8P1,0.3592276,0.357,0.7622
LOC101927310,0.02354331,0.596,0.7622727
CCT8L2,0.02797518,0.596,0.762301
LMNTD1,-0.0247866,0.596,0.762301
LOC645752,-0.02526415,0.596,0.7623555
OCM /// OCM2,-0.1578568,0.358,0.76238
POM121L8P,-0.14884,0.358,0.76252
BTBD17,-0.03282962,0.597,0.7626672
C2ORF65,0.1372995,0.358,0.76283
CCT6P1 /// CCT6P3 /// SNORA22,-0.1938358,0.359,0.76293
C9ORF11,-0.1510581,0.359,0.76297
EIF3L /// LOC340947,0.2171867,0.359,0.76297
LOC643446 /// RNPS1,0.2370457,0.359,0.76297
DMRTC1 /// DMRTC1B,-0.1998838,0.359,0.76297
TRC-GCA19-1,0.0765,0.688,0.763
RRN3P2,0.0219,0.688,0.763
LOC107985486,-0.0504,0.688,0.763
CDRT3,-0.0822,0.687,0.763
LOC101928371,0.0328,0.687,0.763
OCLM,-0.141833,0.359,0.76303
MGC42105,-0.1325572,0.359,0.76303
KIAA0564,0.2570581,0.36,0.76308
C6ORF124,-0.25699,0.36,0.76308
CTAGE4 /// CTAGE8 /// CTAGE9,0.1760719,0.36,0.76327
TEX38,0.02445995,0.597,0.7633413
KIR2DL1 /// KIR2DL2,-0.3728758,0.36,0.76355
KRT3,-0.02407508,0.598,0.7635561
C3ORF37,-0.163805,0.36,0.7636
LOC646851,0.1771942,0.36,0.7636
LOC100128818,-0.2148364,0.361,0.7637
FDXACB1,0.1798884,0.361,0.76378
MTERFD3,-0.2045886,0.361,0.76381
NPFFR1,0.2641458,0.361,0.76384
MS4A4E,-0.0443,0.69,0.764
LINC00907,0.108,0.69,0.764
TRNN,0.121,0.689,0.764
GIHCG,-0.0657,0.69,0.764
LOC112268062,0.0865,0.689,0.764
SNORA50,0.4542942,0.362,0.76422
HBA1 /// HBA2,-0.2302611,0.362,0.76429
CSNK2B /// LY6G5B,0.2462187,0.362,0.76449
C22ORF46,-0.1885079,0.362,0.7645
C19ORF21,0.1759319,0.363,0.76464
D4S234E /// FOXP1,-0.1873291,0.363,0.76464
C20ORF152,-0.178524,0.363,0.76472
GNGT1,-0.03157602,0.599,0.7647647
OR10H5,-0.02173676,0.6,0.7649365
M6PR,-0.0293,0.69,0.765
LOC105372631,0.0725,0.691,0.765
LOC105378552,0.0385,0.691,0.765
MBD3L1,-0.02017067,0.6,0.7650296
ERN2,-0.02709081,0.6,0.7651653
FAAP24,0.0322074,0.6,0.7652363
PRR19,0.02291176,0.6,0.7653475
TRIM56,-0.03858674,0.6,0.7654556
METTL12,-0.1959432,0.364,0.76555
KIF4A /// KIF4B,0.1485213,0.364,0.76568
KRT78,0.02847635,0.601,0.7657682
OBP2B,0.03733012,0.601,0.7657682
FAM66D,-0.2187466,0.364,0.76596
MIR10397,0.0402,0.692,0.766
LOC107985980,0.0596,0.692,0.766
TNNI1,-0.02212196,0.601,0.7660899
IGFBP2,0.20431744,0.601,0.766122
PSKH2,0.01773872,0.601,0.7662802
KIAA1919,0.2023563,0.364,0.7663
NYAP1,-0.02505832,0.602,0.7663049
VPREB1,-0.01926564,0.602,0.7663534
ZNF771,0.1333434,0.365,0.76639
NAT15,0.1455091,0.365,0.76639
KLHL30,-0.250384,0.365,0.76646
LOH12CR1,-0.1230623,0.365,0.76651
ZSCAN10,-0.2200206,0.365,0.76651
FFAR1,0.01862335,0.602,0.7666096
GLRA3,0.02173652,0.602,0.7666096
C9ORF103,0.2608683,0.365,0.76661
CEP110,-0.1348309,0.365,0.76666
COMMD4 /// LOC440292 /// LOC646670,0.218667,0.365,0.76666
CT47A7,-0.02088963,0.602,0.7666662
MIR325HG,0.02535351,0.602,0.76673
DFNB31,-0.2027175,0.366,0.76674
SCXA /// SCXB,-0.2323705,0.365,0.76674
C20ORF111,-0.1443063,0.366,0.76678
PADI6,0.02401443,0.603,0.7668735
MYO18A /// TIAF1,-0.1557904,0.366,0.76689
NSAP11,-0.1420311,0.366,0.7669
C1ORF212,0.1720037,0.366,0.76697
LINC01673,-0.0707,0.692,0.767
POGLUT3,0.0262,0.693,0.767
LYSET,-0.0284,0.692,0.767
LOC112268302,-0.067,0.693,0.767
EVX1,-0.02758623,0.603,0.7671491
C7ORF65,-0.1500165,0.366,0.76719
SFTA1P,-0.02855023,0.603,0.7674952
CCDC56,0.2715481,0.367,0.76767
PPP1R14C,0.1631906,0.367,0.76767
PISRT1,0.139893,0.367,0.7677
SKIV2L2,-0.03019644,0.604,0.7677699
RS1,0.02580837,0.604,0.7677925
LOC102724378,-0.0797,0.694,0.768
LOC107984023,0.0949,0.693,0.768
KCNQ1OT1,-0.0456,0.694,0.768
GLIDR,0.0337,0.694,0.768
LOC107987240,0.0559,0.694,0.768
LHCGR,0.138,0.694,0.768
AMZ2P1,-0.0341,0.693,0.768
DNAH17-AS1,0.02157971,0.604,0.7681595
OR13H1,-0.1685465,0.368,0.76821
C21ORF57,0.1733635,0.368,0.76825
GOLGA6L1 /// GOLGA6L6 /// LOC100132025,-0.164274,0.368,0.7684
LOC101929540,0.0374,0.695,0.769
UBL7-DT,-0.0344,0.695,0.769
LINC02352,0.0773,0.695,0.769
LOC107987261,-0.0471,0.695,0.769
LOC102724420,0.0643,0.695,0.769
LOC100288238,0.02279523,0.606,0.769242
KRTAP6-1,-0.1799999,0.369,0.76926
VIPR2,0.02664826,0.606,0.7693908
HTN3,0.02372784,0.606,0.7693908
UTP11L,0.2456854,0.369,0.76944
C3ORF75,0.130048,0.369,0.76944
OBFC2A,0.1086883,0.369,0.76944
NPPB,-0.02870397,0.606,0.7695709
NT5C3,0.2203382,0.37,0.76966
TRIM64,0.02231075,0.606,0.769703
LCE1D,0.01864066,0.607,0.7697718
KIR3DL2,-0.03400087,0.607,0.7697901
LOC105370205,-0.0611,0.697,0.77
HDDC3,-0.0338,0.696,0.77
MED8-AS1,-0.0443,0.696,0.77
LOC105377457,-0.0857,0.696,0.77
LOC101929719,0.0608,0.697,0.77
LOC101928215,-0.061,0.697,0.77
KRTAP19-2,-0.1772219,0.37,0.77025
LOC401387,-0.1284073,0.37,0.77025
BAI2,-0.1560012,0.37,0.77025
LOC100287576,-0.1517237,0.37,0.77025
C17ORF57,-0.1771987,0.371,0.7706
C17ORF61,0.2532242,0.371,0.77062
C3ORF67,0.1483594,0.371,0.7708
ARF4-AS1,0.0564,0.697,0.771
LOC107984751,0.0606,0.697,0.771
LOC107985147,0.0568,0.698,0.771
LOC100652777,0.0461,0.697,0.771
LOC102724120,-0.0591,0.698,0.771
LOC107984813,0.02377534,0.609,0.7710309
SERHL /// SERHL2,-0.2394906,0.371,0.77114
CAMK2N2,-0.0354305,0.609,0.7712986
OR52N1,-0.02077796,0.609,0.771346
ACP7,-0.0202858,0.61,0.7713471
GPR110,0.1740045,0.372,0.77168
FGF12-AS1,-0.0309269,0.61,0.7716947
SCGB1D4,0.02958692,0.61,0.7719483
MIR135A1,-0.0808,0.699,0.772
LOC107985462,0.068,0.699,0.772
ZBED3-AS1,0.0631,0.699,0.772
LOC105379508,0.135,0.699,0.772
MALRD1,-0.0889,0.699,0.772
SNORA24,-0.0546,0.699,0.772
IGK@ /// IGKC /// IGKV3D-11 /// IGKV3D-15 /// LOC440871,0.1407037,0.372,0.77213
SGK494,-0.1818092,0.373,0.77213
C11ORF90,-0.1597214,0.372,0.77213
C5ORF35,-0.1416123,0.373,0.77215
OR10A5,0.211362,0.373,0.77228
SPRR2A /// SPRR2F,-0.1883135,0.374,0.7727
LOC100130642,0.0248223,0.612,0.7727853
LOC105374546,0.02361264,0.612,0.7727876
LOC105372695,-0.0217582,0.612,0.7727994
LOC200726,0.02247103,0.612,0.7728144
LOC105375087,-0.0535,0.7,0.773
LOC105373591,0.113,0.701,0.773
LOC340512,0.0765,0.7,0.773
LOC105375846,0.0756,0.7,0.773
BAGE,0.1632026,0.374,0.77316
BTNL2,-0.1953314,0.374,0.77316
LOC100287896,-0.1144408,0.374,0.77317
ZNF534,0.1721541,0.374,0.77317
C16ORF82,-0.1662376,0.374,0.7733
LOC100131234,-0.1761252,0.375,0.7735
ITGB1BP3,0.2014512,0.375,0.7735
P2RY4,-0.01731198,0.613,0.773552
C5ORF53,0.1748501,0.375,0.7737
MATN3,-0.0272381,0.613,0.7737588
MARCH 5,0.1705221,0.375,0.7738
LOC101926915,-0.0753,0.702,0.774
LOC100506551,0.0391,0.701,0.774
NPIPA8,0.0248,0.702,0.774
LOC107986524,0.0434,0.701,0.774
ZNF503-AS1,-0.0519,0.701,0.774
LINC01347,-0.0358,0.701,0.774
FAM66C,-0.0653,0.702,0.774
LOC107985027,0.0703,0.702,0.774
C9ORF96,-0.1759666,0.376,0.77416
SLC9A10,0.1445502,0.376,0.77428
GPR97,0.1739119,0.376,0.77428
C9ORF109 /// C9ORF110,-0.1806629,0.377,0.77428
LOC100293124 /// PNPLA2,-0.1525647,0.377,0.77447
DRGX,-0.1846942,0.377,0.77447
IGH@,-0.1451318,0.377,0.77492
C1ORF151,0.3222088,0.378,0.77493
LOC649034 /// PGA3 /// PGA4 /// PGA5,0.1701102,0.378,0.77493
HTR5A,0.01996075,0.614,0.7749303
OR2A7,0.02655733,0.614,0.774952
HLX-AS1,0.0755,0.703,0.775
CCDC173,-0.03859996,0.614,0.7750107
CDH22,-0.1315045,0.378,0.77518
C20ORF71,-0.1507858,0.379,0.77533
LOC136157,0.1551131,0.379,0.77536
BBS5 /// KBTBD10,-0.2266319,0.379,0.77543
EIF3A,0.196991,0.379,0.77551
C11ORF40,-0.02453898,0.615,0.775555
C7ORF52,0.1237019,0.38,0.77583
DYNC2I1,0.0282,0.704,0.776
LOC105378771,0.1,0.704,0.776
MIR6757,0.061,0.704,0.776
LOC101927855,-0.0805,0.704,0.776
KLHL6-AS1,-0.0653,0.704,0.776
FGF7 /// KGFLP1 /// KGFLP2,-0.1248964,0.38,0.776
RAB39,0.1397741,0.38,0.77604
LOC494150,0.1861207,0.38,0.77604
AGPAT9,0.5397811,0.38,0.77614
LINC01132,0.04334334,0.616,0.7762199
MYBL2,-0.02301656,0.616,0.7762468
TBR1,0.2520919,0.381,0.77649
MORF4,-0.2223726,0.381,0.77649
DHH,-0.1596857,0.381,0.7766
LOC105376957,-0.0573,0.705,0.777
LOC112268050,0.0891,0.705,0.777
ZNF286B,-0.028,0.706,0.777
LOC105377395,0.074,0.706,0.777
C2ORF83,-0.1155195,0.381,0.7771
TRIM42,-0.02177796,0.618,0.7771375
ANKRD33B,-0.02007745,0.618,0.7771441
ARVP6125,-0.1448226,0.382,0.77725
C2CD4B,-0.1910074,0.382,0.77725
HES3,0.1539172,0.382,0.77725
C22ORF30 /// PISD,0.204788,0.382,0.77727
C9ORF89,-0.1376564,0.382,0.77731
SCG2,0.1284129,0.382,0.77731
PRSS22,-0.2032825,0.382,0.77732
H2BFXP,-0.02084416,0.618,0.7776471
UCN2,0.02191706,0.618,0.7778912
GABRA6,0.1769911,0.383,0.77793
CXORF66,-0.1620802,0.383,0.77793
LOC105370824,-0.0548,0.706,0.778
ZNF878,-0.0747,0.707,0.778
LOC105372308,0.0702,0.707,0.778
LOC107986800,-0.0546,0.707,0.778
C9ORF171,-0.2026687,0.383,0.77815
C10ORF112,-0.1648381,0.383,0.77815
KIAA1462,-0.1346485,0.383,0.77815
AGXT2L2,-0.2187068,0.384,0.77815
TMEM27,-0.12460438,0.619,0.7784485
LINC00867,-0.02478675,0.619,0.7786922
LOC105377247,0.02425264,0.619,0.7786922
SF3A3,0.05693882,0.619,0.778761
CCDC52,-0.1582128,0.384,0.77887
FAM205BP,0.083,0.708,0.779
LOC112268080,0.0591,0.708,0.779
ACSL3-AS1,-0.0566,0.707,0.779
LOC107986290,0.0451,0.708,0.779
SCARNA15,-0.01746066,0.62,0.7791273
NOL12 /// TRIOBP,0.2198958,0.385,0.77922
KRTAP3-3,-0.1418197,0.385,0.77922
C19ORF51,-0.1370041,0.385,0.77936
C1ORF222,0.1418842,0.385,0.77936
KLK9,0.024118,0.621,0.7793713
IMP5,-0.1992877,0.385,0.77951
OR51B2,-0.1073081,0.386,0.77951
LCN8,0.1725111,0.386,0.77951
CLLU1OS,-0.1586847,0.385,0.77951
LOC105374008,0.01822378,0.621,0.7795337
CCSER1,0.0411,0.71,0.78
CLDN10-AS1,-0.01679617,0.622,0.7802037
ITLN2,0.05643741,0.622,0.7803486
ST7-AS1,0.03886171,0.622,0.7803961
DEFB103A,0.0255646,0.622,0.7803961
TMEM167A,-0.03867305,0.623,0.7804939
GLI4 /// ZFP41,0.2167736,0.387,0.78059
APOA1BP,-0.2269613,0.387,0.78072
C11ORF48,0.2284788,0.387,0.78079
NACA2,-0.02086314,0.623,0.780818
LANCL2,-0.1605655,0.388,0.78082
IGF2AS,-0.1327439,0.387,0.78082
HLA-DQA1 /// HLA-DRA,0.135622,0.388,0.78082
C10ORF110,0.2392734,0.388,0.78082
C9ORF150,0.1526234,0.388,0.78082
PAPL,-0.1256765,0.388,0.78082
ZNF735,-0.1356035,0.388,0.78082
MORN5,0.1534134,0.388,0.78095
CDKN2BAS /// MTAP,-0.1696182,0.388,0.78095
LOC107986865,0.09,0.71,0.781
LINC00260,-0.068,0.71,0.781
C14ORF101,0.1385649,0.389,0.78123
MUC7,0.01917903,0.624,0.7814634
MTP18 /// SEC14L2,0.4174504,0.389,0.78162
OR6P1,-0.1533106,0.389,0.78178
PRAMEF13 /// PRAMEF14,0.1237205,0.389,0.78181
DEM1,0.1670578,0.39,0.78193
SCGB2B2,0.01880492,0.625,0.781932
LOC105370373,0.0779,0.712,0.782
PCAT18,0.086,0.711,0.782
KLC4-AS1,-0.0548,0.711,0.782
SNORD50A,-0.0562,0.712,0.782
LOC105374947,-0.044,0.711,0.782
C6ORF105,0.1874984,0.39,0.78202
LINC01049,0.01919583,0.625,0.7820985
MTUS2-AS1,0.02233517,0.625,0.7823629
FLJ41423,0.1407667,0.391,0.78275
C6ORF176,-0.1372005,0.391,0.78275
LOC338620,-0.0385559,0.626,0.782843
FAM196B,-0.1397061,0.391,0.78298
FAM48B1 /// FAM48B2,0.1484286,0.391,0.78298
TPBGL,0.02193845,0.626,0.7829843
EDC3,0.025,0.713,0.783
PLAAT3,0.0419,0.713,0.783
RNY3,-0.0746,0.713,0.783
LOC105372553,0.0507,0.712,0.783
LRATD1,0.0705,0.712,0.783
TRGV2,-0.0715,0.713,0.783
ZIM2,0.0362,0.712,0.783
TMEM139-AS1,0.0533,0.712,0.783
FAM96B,-0.02763219,0.626,0.7831055
SPRR4,0.01900735,0.626,0.7831907
CRNDE,-0.1567905,0.392,0.78326
GDF1 /// LASS1,-0.1674095,0.392,0.78333
LOC102467216,0.01749772,0.627,0.7833561
OR1I1,-0.02488441,0.627,0.7836612
LOC107986073,-0.0451,0.714,0.784
LOC105371709,0.0819,0.714,0.784
LOC105375231,-0.0686,0.713,0.784
LOC105370994,-0.0627,0.714,0.784
LOC107986234,0.112,0.714,0.784
LOC107985525,0.0436,0.714,0.784
LOC105376790,-0.01952833,0.628,0.7841969
LOC642947,-0.174068,0.393,0.78425
RFX8,0.1978703,0.393,0.78425
SLC6A7,-0.02662443,0.628,0.7845968
C20ORF20,0.1599466,0.394,0.7847
GKN2,-0.02154978,0.629,0.7848883
LOC105377394,0.0647,0.715,0.785
LOC107984635,0.0487,0.715,0.785
KANSL1-AS1,0.0811,0.715,0.785
ANKRD7,-0.1355694,0.394,0.785
LOC107985941,0.0551,0.715,0.785
LINC02767,-0.0694,0.716,0.785
KIAA1310,0.1670313,0.395,0.78548
KIR2DS1 /// KIR2DS2 /// KIR2DS4 /// KIR2DS5,-0.1408991,0.395,0.78548
HMHB1,-0.02350569,0.63,0.7855447
C9ORF144B,0.1643057,0.395,0.7856
C16ORF13,0.177738,0.395,0.78587
LOC107985567,0.0347,0.716,0.786
LOC107985404,-0.0477,0.716,0.786
KCNJ9,-0.02229783,0.631,0.7862656
GDF5,0.02028585,0.631,0.7865086
C14ORF80,-0.1630615,0.396,0.78664
NHP2L1 /// SIGMAR1,0.2829834,0.396,0.78664
LOC285857,-0.02031238,0.632,0.7868052
ZIC3,-0.02942817,0.632,0.786806
LOC101927534,-0.01587636,0.632,0.7868684
LOC101927057,-0.0454,0.718,0.787
LOC105371362,-0.0568,0.718,0.787
LOC349160,-0.0817,0.718,0.787
LOC107986669,0.0658,0.717,0.787
ZNF652-AS1,0.0523,0.718,0.787
TYMSOS,-0.12132629,0.632,0.7870731
C9ORF140 /// LOC729983,-0.1877051,0.397,0.78769
NKX2-8,-0.02694443,0.633,0.7877302
TDRD5,-0.02507147,0.633,0.7877956
SNORA13,-0.2156643,0.397,0.78786
LINC-PINT,-0.0386,0.719,0.788
LOC105373567,0.0742,0.719,0.788
FAM71C,-0.1828751,0.398,0.788
ADAM21P1,0.0783,0.719,0.788
LINC01354,-0.0608,0.719,0.788
OR2A25,0.01773296,0.634,0.7883369
CIRH1A,0.1568973,0.398,0.7884
MUTED,0.1184416,0.398,0.7884
ABCA11P /// ZNF721,0.1335289,0.398,0.7884
SNORA29,0.1468839,0.399,0.78865
LOC101927410,0.01892494,0.635,0.7887388
VN1R5,0.01591704,0.635,0.7889502
LOC105370178,-0.0725,0.72,0.789
LOC101929084,0.0264051,0.635,0.7891317
CLDN12 /// GTPBP10,-0.1833471,0.399,0.78919
C20ORF46,-0.1669708,0.399,0.78946
DNM1P35,0.1580298,0.4,0.78946
HILS1,-0.1188098,0.399,0.78946
SNORA5B /// TBRG4,-0.1930468,0.4,0.78955
LOC440337,-0.1672809,0.4,0.78988
LOC107986178,-0.0997,0.722,0.79
LOC105370689,0.0488,0.722,0.79
LINC01814,-0.0757,0.721,0.79
KIAA0020,-0.1743879,0.401,0.79032
C11ORF30,-0.1356868,0.401,0.79037
SLC45A3,0.1919358,0.401,0.79037
C21ORF118,-0.1515956,0.402,0.79049
SUCLG2-AS1,-0.03088749,0.637,0.7905609
LOC105373510,0.0398,0.722,0.791
LOC107985154,-0.0239,0.722,0.791
LOC105371922,0.0561,0.722,0.791
LOC105374382,0.0798,0.723,0.791
LOC105370365,0.0647,0.722,0.791
LOC107984292,-0.0535,0.722,0.791
LOC105370265,-0.0958,0.723,0.791
LOC105372630,0.0946,0.723,0.791
LINC02785,-0.0958,0.723,0.791
AHI1-DT,0.0596,0.723,0.791
UFSP1,0.02863359,0.638,0.7910496
LOC100131642,-0.1558066,0.403,0.79133
LOC440040 /// TRIM48 /// TRIM49L,-0.2110619,0.403,0.79137
C9ORF117,-0.1303702,0.404,0.79145
SEMG1,0.02483106,0.639,0.7914899
LY6G6E,0.01996264,0.639,0.7918835
MYH1,-0.14,0.725,0.792
LOC339047 /// NPIP,-0.1471628,0.404,0.79208
OR1L8,0.02234066,0.639,0.792193
SEPT12,-0.03280445,0.639,0.7922079
TTLL10,0.01603109,0.64,0.7923185
RBM46,0.1332591,0.405,0.79252
FAM160B1,0.3595526,0.405,0.79252
FAM71E2,-0.1856254,0.406,0.79271
PTPLA,-0.1041355,0.406,0.79279
SYT5,-0.01894535,0.641,0.7928665
ZNF600,0.1129801,0.406,0.79288
P2RX6P,-0.02328769,0.641,0.7929784
EFCAB12,0.0815,0.725,0.793
SKP1P2,-0.0506,0.726,0.793
LOC102724624,0.0702,0.725,0.793
LOC730234,-0.0688,0.725,0.793
LOC105376216,0.0586,0.725,0.793
BRINP3,-0.02717387,0.641,0.7930113
PCDHB18,-0.1426306,0.406,0.79318
PRAMEF2,-0.1480064,0.406,0.79325
LOC105747689,-0.01893953,0.642,0.7937611
XKR7,-0.02038159,0.642,0.7939308
LOC112268054,0.0829,0.726,0.794
LOC105378651,-0.0422,0.726,0.794
LINC01535,0.0706,0.727,0.794
LOC388796,-0.1917713,0.407,0.79401
LOC100506274,-0.02146733,0.642,0.7940658
C5ORF36,0.113836,0.407,0.7941
OR51A7,-0.0193039,0.643,0.7941028
OR2A1 /// OR2A42,0.1601901,0.408,0.79433
CBARP,0.02795569,0.643,0.7944455
GYPB,0.1985421,0.408,0.79446
LOC388813,-0.02146163,0.643,0.7944612
CCDC58,0.10056968,0.643,0.7945336
C7ORF28A /// C7ORF28B /// LOC100133775,0.2500698,0.409,0.79458
FAM113A,-0.1441061,0.409,0.79464
FANCB,-0.0509,0.728,0.795
ZNF788P,-0.0321,0.728,0.795
PL-5283,-0.2871501,0.409,0.7952
KIAA0913,0.1496966,0.409,0.79522
ALX1,0.01469943,0.644,0.7953489
SFTPA1 /// SFTPA2,0.1827324,0.41,0.79538
LOC100506159,-0.03266257,0.645,0.7955073
TRH,0.1759331,0.41,0.79555
C7ORF64,0.1369914,0.411,0.79555
WNT8A,-0.2194036,0.411,0.79555
C21ORF59 /// TCP10L,0.1204912,0.41,0.79555
TRAM1L1,-0.1585662,0.411,0.79555
C1ORF173,0.16671,0.412,0.79601
LINC00303,-0.0210645,0.645,0.7960661
LOC101929517,-0.01907551,0.645,0.796228
TENC1,-0.2019713,0.412,0.79626
GAGE1 /// GAGE12B /// GAGE12C /// GAGE12D /// GAGE12E /// GAGE12F /// GAGE12G /// GAGE12H /// GAGE12I /// GAGE12J /// GAGE13 /// GAGE2A /// GAGE2B /// GAGE2C /// GAGE2D /// GAGE2E /// GAGE4 /// GAGE5 /// GAGE6 /// GAGE7 /// GAGE8,-0.169378,0.412,0.79627
CA5B,-0.02720339,0.646,0.7963495
TTC35,0.1622539,0.413,0.79636
SNORD18B,0.01759979,0.646,0.7965736
SNORA76,0.1397184,0.413,0.79671
CREG2,0.02572651,0.646,0.7967641
TMEM85,-0.1352282,0.413,0.79695
LOC101929098,-0.0777,0.73,0.797
LOC105370773,0.053,0.73,0.797
LOC105376933,-0.058,0.73,0.797
SMPD4BP,-0.0327,0.729,0.797
SEMA6A-AS2,0.0498,0.73,0.797
LINC01487,0.02027379,0.646,0.7970417
LOC342346,0.1083443,0.414,0.79716
LOC105369860,-0.02700659,0.647,0.7971718
FAM131C,0.01762526,0.647,0.7975181
SFRS6,0.2435478,0.414,0.79767
QRFP,-0.02175263,0.648,0.7977314
RNF225,0.02367012,0.648,0.7977314
LOC100505609,-0.01682351,0.648,0.7977371
OXT,-0.14200661,0.648,0.7977371
RNASE11,0.02242291,0.648,0.7978399
LOC101928135,-0.02216895,0.648,0.7979993
DIP2A-IT1,0.0657,0.731,0.798
STAT4-AS1,0.0465,0.731,0.798
LOC105369310,0.082,0.732,0.798
C17ORF103,-0.1600856,0.415,0.79802
VHLL,0.117318,0.415,0.79802
SNORA56,0.1971071,0.415,0.79802
LOC100287651 /// RP1,0.1537895,0.415,0.79802
ZNF193,-0.1600251,0.415,0.79805
LOC105371335,0.02079011,0.648,0.7981769
C17ORF99,-0.1498954,0.416,0.79873
KRT71,-0.01613233,0.649,0.7987323
LOC107985787,0.0646,0.732,0.799
LINC02827,0.0876,0.733,0.799
LOC107986475,-0.117,0.733,0.799
LOC107985135,-0.0731,0.732,0.799
PEDS1-UBE2V1,0.0182,0.732,0.799
LINC00888,0.0375,0.732,0.799
CTAGE4 /// CTAGE6 /// CTAGE8 /// CTAGE9 /// LOC441294,0.214953,0.417,0.79915
NLRP10,-0.1405099,0.417,0.79917
CCR6 /// FGFR1OP,-0.1658565,0.417,0.79925
TCTEX1D1,0.1590454,0.417,0.79925
LOC100293287 /// LOC730110 /// ZNF492 /// ZNF98,0.1439876,0.418,0.79925
GUSBP1 /// LOC100049076 /// LOC100294451 /// LOC653080,0.1331609,0.418,0.79945
OR5I1,-0.1645792,0.418,0.79952
SULT4A1,-0.1732882,0.418,0.7997
KIAA0415,-0.1329069,0.418,0.79972
IGHA1 /// IGHG1 /// IGHG3 /// IGHM /// IGHV4-31 /// LOC652494,0.1503726,0.418,0.79972
GAGE1 /// GAGE13 /// GAGE2A /// GAGE2B /// GAGE2C /// GAGE2D /// GAGE2E /// GAGE8,0.1737361,0.418,0.79976
SLC38A8,-0.02723337,0.651,0.7999718
C4ORF42,-0.131927,0.419,0.79999
SNHG16,0.03,0.733,0.8
LINC00680-GUSBP4,-0.0266,0.734,0.8
LOC105373204,-0.075,0.734,0.8
CISH,0.0751,0.734,0.8
MEDAG,-0.0955,0.734,0.8
FREM2-AS1,-0.0855,0.733,0.8
EDNRB-AS1,-0.052,0.734,0.8
FLJ45445 /// LOC100133150 /// LOC100133161 /// LOC100292804,0.1609889,0.419,0.80013
LINC01023,0.01625777,0.651,0.8001624
FAM205C,-0.01850029,0.651,0.8001916
LOC100128264,-0.1739801,0.42,0.80054
CBY3,0.01621615,0.652,0.8006345
LINC00399,0.02040619,0.652,0.8006437
KIAA1841,0.01934178,0.652,0.8006673
FAM35A /// FAM35B /// FAM35B2,0.2933462,0.42,0.80078
KRTAP25-1,-0.1209597,0.42,0.80078
LOC348021,-0.1776078,0.42,0.80078
IGHA1 /// IGHV4-31 /// LOC100126583,0.118894,0.42,0.80078
C5ORF17,0.2580379,0.42,0.80091
LOC105377319,-0.0532,0.735,0.801
SARM1 /// TMEM199,-0.1995044,0.421,0.80114
LOC101928708,-0.01621378,0.653,0.8012399
OR5H15,0.02239378,0.654,0.8014223
DGKI,-0.1452287,0.422,0.80163
OR10G4 /// OR10G7 /// OR10G8,-0.1318634,0.422,0.80163
C17ORF104,0.1210744,0.422,0.80163
LOC642204,0.1388099,0.422,0.80163
LOC100130417,-0.01921356,0.654,0.801681
SAYSD1,-0.04095851,0.654,0.801681
LOC100127888,-0.1945554,0.422,0.80196
LOC112268269,-0.0416,0.737,0.802
ODC1-DT,0.0477,0.737,0.802
ODAD2,0.0783,0.737,0.802
LARS2-AS1,-0.0476,0.737,0.802
PROSER2-AS1,-0.0432,0.737,0.802
LOC105378911,-0.0706,0.737,0.802
LOC102724001,0.1,0.736,0.802
RUFY1-AS1,-0.0361,0.736,0.802
LINC01133,-0.0955,0.736,0.802
KLHL33,-0.1513676,0.423,0.80254
GLTSCR1L,0.03728852,0.655,0.8027433
C17ORF95,0.2034752,0.424,0.80283
LOC284100,-0.1682281,0.424,0.80297
LOC105374848,-0.125,0.738,0.803
LOC105372105,-0.0523,0.738,0.803
LOC107985263,-0.0287,0.738,0.803
EPPIN,0.02447292,0.656,0.8030537
LOC105377776,-0.02399771,0.656,0.8032463
C12ORF65,-0.1542726,0.425,0.80343
C3ORF26,0.1440693,0.426,0.8035
ABHD14A /// ACY1,-0.2618755,0.426,0.80372
MIR6778,0.0428,0.739,0.804
LOC100506514,0.0445,0.739,0.804
KDM4DL,-0.1297257,0.427,0.80456
EGLN1,0.03941963,0.658,0.8047076
LOC105371954,-0.0783,0.74,0.805
GUSBP14,-0.0295,0.739,0.805
SEPTIN11,0.0232,0.74,0.805
LOC105372764,0.0486,0.74,0.805
LOC105378075,0.0673,0.74,0.805
STRA8,0.02061009,0.659,0.8051623
FAM92A1 /// FAM92A2,-0.1612872,0.427,0.80522
LOC100134391,0.1374984,0.427,0.80523
KNL1,-0.0335226,0.659,0.8053625
ACR /// LOC645529,-0.1399488,0.428,0.80537
INO80C,0.1438138,0.428,0.8054
FAM119B,-0.1941679,0.428,0.8054
NCRNA00205,-0.1239292,0.428,0.8054
KRTAP4-1,-0.02033142,0.66,0.8055968
SYNM,-0.04536904,0.66,0.8056425
REST,-0.1199016,0.429,0.80585
ATP5MC3,0.0289,0.741,0.806
RXYLT1-AS1,0.0371,0.741,0.806
C12ORF73,-0.1640838,0.429,0.80609
OR10P1,0.1582973,0.43,0.80609
NCRNA00114,-0.1294585,0.429,0.80609
CST13P,0.01552801,0.66,0.8061869
LOC645954,-0.126769,0.43,0.80622
OR12D3,-0.1087206,0.43,0.80622
HOXA6,0.1531069,0.43,0.80622
SMEK2,0.1105831,0.431,0.80641
C3ORF51,-0.1625836,0.43,0.80641
C15ORF29,0.1873882,0.431,0.80666
CT47A1 /// CT47A10 /// CT47A11 /// CT47A2 /// CT47A3 /// CT47A4 /// CT47A5 /// CT47A6 /// CT47A7 /// CT47A8 /// CT47A9 /// CT47B1,-0.1794174,0.431,0.80672
C9ORF80,0.1621074,0.431,0.80672
LOC100506125,-0.02475156,0.661,0.8067249
LOC105376480,0.02069507,0.661,0.8067465
C22ORF43,-0.1248771,0.431,0.80677
LOC105369389,-0.0597,0.742,0.807
DEFB104A /// DEFB104B,-0.1468093,0.431,0.80707
C17ORF42,0.1130701,0.432,0.80733
FBLL1,-0.01870155,0.663,0.8074451
MUC2,0.01541623,0.663,0.8079444
C17ORF90,0.1333723,0.433,0.80799
C6ORF162,-0.1054517,0.433,0.80799
LINC00484,0.063,0.743,0.808
LINC01560,0.0332,0.743,0.808
KIFAP3 /// TFCP2,0.1210944,0.433,0.8083
SNORD13,-0.13149404,0.664,0.8083579
EIF4A2 /// SNORA63,-0.3144792,0.433,0.80838
HSP90B3P,-0.1163876,0.434,0.80877
CDY1 /// CDY1B /// CDY2A /// CDY2B,-0.1443816,0.434,0.80877
CCDC42B,-0.14932,0.434,0.80877
C19ORF2,0.1502734,0.434,0.80877
PNPLA1,0.01941674,0.665,0.8087947
C1ORF132,-0.05178353,0.665,0.8089607
IL1F7,-0.1670251,0.436,0.80994
SNORD143,-0.0604,0.746,0.81
LOC107986963,-0.0514,0.745,0.81
LOC102724625,0.0671,0.745,0.81
PRDM7 /// PRDM9,0.122386,0.436,0.81011
LOC107161159,0.01953356,0.667,0.8105887
LOC149837,0.1159163,0.437,0.81066
LOC105372881,-0.01754458,0.668,0.8106838
MYOD1,-0.02023458,0.668,0.8106838
S100B,0.01831643,0.668,0.8106981
TAS2R38,-0.02204711,0.668,0.8107245
LOC100288152,-0.1457046,0.437,0.81073
LOC650293,-0.1384027,0.437,0.81087
RPL32 /// RPL32P3 /// SNORA7A /// SNORA7B,-0.1742568,0.437,0.81089
SNORA22,-0.0567,0.747,0.811
LOC107984128,-0.0692,0.747,0.811
CLN8-AS1,0.0295,0.748,0.811
SEMA3F-AS1,0.0195,0.747,0.811
LOC107986343,0.0521,0.747,0.811
LOC105370878,0.119,0.747,0.811
IQCJ-SCHIP1,-0.0302,0.747,0.811
KRTAP4-4,0.0227713,0.668,0.811074
ZNF501,0.0178003,0.668,0.8111289
TSPY2,-0.01983687,0.669,0.8112719
FAM169B,0.10731045,0.669,0.8113117
EEF1A2 /// LOC100293909,-0.1897593,0.438,0.81156
KDELC2,-0.04138134,0.67,0.8118186
SNORA18,-0.0411,0.748,0.812
SNORA60,0.0796,0.748,0.812
LOC107985579,0.0692,0.749,0.812
LOC105369891,0.01608872,0.67,0.8121376
C1ORF230,0.157858,0.439,0.81215
KIAA1797,-0.1262504,0.439,0.81215
VAX2,0.01611974,0.67,0.8122067
C6ORF81,-0.1296734,0.439,0.81224
LOC100290676,0.1694928,0.439,0.81224
PKDREJ,-0.1441868,0.439,0.81244
HMGB4,-0.02241919,0.671,0.8124709
ZNF812,-0.1383935,0.44,0.81264
DZANK1,-0.02169665,0.671,0.8129636
LOC105370947,0.0395,0.75,0.813
LOC101927817,-0.0419,0.749,0.813
KBTBD5,0.1241619,0.44,0.81305
C3ORF42,-0.1457772,0.441,0.81335
MESP2,-0.01507983,0.672,0.8134642
LINC01526,0.01459168,0.672,0.8135233
ZNF541,-0.1793111,0.441,0.8137
FAM194A,-0.1284407,0.442,0.81373
C9ORF82,0.2326825,0.442,0.81373
ZNF167,-0.1145877,0.442,0.81373
C15ORF58,-0.1690855,0.442,0.81373
C16ORF68,-0.1530666,0.442,0.81373
SZRD1P1,-0.056,0.75,0.814
C19ORF67,-0.0612,0.75,0.814
LOC105372539,-0.0605,0.752,0.814
FAM106C,-0.079,0.752,0.814
LOC112268067,-0.0912,0.751,0.814
FAR2P2,-0.054,0.751,0.814
BMP8A /// BMP8B,-0.1715398,0.443,0.81439
LINC00363,0.01787745,0.674,0.8144966
PDCL2,-0.1334535,0.444,0.81453
LOC105377162,0.01525822,0.674,0.8145756
C6ORF130,0.1417445,0.444,0.81484
CXADR /// CXADRP2 /// CXADRP3 /// LOC100287357,-0.1274912,0.444,0.81484
LOC102723630,0.129,0.752,0.815
SLC12A2-DT,-0.0197,0.752,0.815
LOC107984059,-0.0505,0.752,0.815
DISC1-IT1,0.0544,0.753,0.815
METTL22,0.027,0.752,0.815
LOC112268222,-0.0161,0.752,0.815
LINC01616,-0.01703203,0.674,0.8150035
ISPD-AS1,0.01851012,0.675,0.8150567
USP26,0.03098111,0.675,0.8150874
DYTN,0.1547312,0.445,0.81512
GTF2I /// GTF2IP1,-0.1946849,0.445,0.81513
C5ORF60,0.1193357,0.445,0.81515
C6ORF57,0.1306744,0.445,0.81542
LOC101927058,-0.01795277,0.675,0.815463
C1ORF135,0.1202363,0.446,0.81559
LYPD3,0.1122635,0.446,0.81559
ZNF642,-0.1300961,0.446,0.81575
DAD1L,0.1596406,0.447,0.81594
OR7A5,-0.1330001,0.447,0.81594
LOC107984436,-0.0651,0.754,0.816
LOC105375208,-0.0514,0.754,0.816
LOC105375721,0.0397,0.754,0.816
IPO11-LRRC70,-0.023,0.754,0.816
MRPS18A,0.1297509,0.447,0.81606
HIST2H3A /// HIST2H3C,0.1917961,0.448,0.81644
ELOVL3,-0.1740497,0.448,0.81644
LOC643008,-0.1515488,0.448,0.81652
EVPLL /// LOC100132977,-0.1771652,0.448,0.81671
ZXDA /// ZXDB,0.2111152,0.448,0.81671
LINC01523,-0.01485897,0.677,0.816771
LOC101930307,-0.0369,0.755,0.817
LOC101929420,0.073,0.755,0.817
SNORD116-19,-0.0409,0.754,0.817
CCDC144BP,-0.0642,0.755,0.817
ZNF33A /// ZNF33B,-0.201079,0.45,0.81726
CFAP77,0.01806176,0.678,0.8173907
C7ORF69,-0.02195313,0.679,0.8176921
PPP1R12A-AS2,-0.0537,0.756,0.818
LOC105369595,0.0661,0.756,0.818
ELP1,-0.0156,0.757,0.818
LOC105370475,0.0661,0.756,0.818
LOC112268163,-0.0319,0.756,0.818
TEX13B,-0.01563084,0.679,0.8180966
TNAP,0.1499592,0.451,0.81835
F8A1 /// F8A2 /// F8A3,-0.253593,0.451,0.81854
C19ORF70,-0.03961826,0.68,0.818734
SLC16A8,-0.02182361,0.68,0.8188681
KRTAP10-7,0.02182228,0.68,0.8189013
LOC100130430,-0.1262393,0.452,0.81891
B4GAT1,0.0265,0.757,0.819
SAMD15,-0.0411,0.758,0.819
LOC101927950,0.0434,0.758,0.819
ST3GAL6-AS1,0.043,0.758,0.819
LOC107984659,0.0178,0.757,0.819
CDC42-AS1,0.0561,0.757,0.819
TPRX1,0.02135299,0.681,0.8190407
OR2C3,0.1219699,0.452,0.81916
LOC105378910,-0.01915844,0.681,0.8194086
PTCHD2,0.1481674,0.452,0.81946
TMEM48,0.1256893,0.452,0.81949
GABRR3,-0.01993598,0.681,0.8195726
C9ORF38,-0.1446741,0.453,0.8196
CRNN,0.1221831,0.453,0.8196
LOC100289533,0.134598,0.453,0.81964
LOC100287902,-0.1716634,0.453,0.81993
LOC107984397,0.0475,0.76,0.82
LOC105378289,0.0515,0.76,0.82
LOC105379016,0.0356,0.759,0.82
SPDYE17,-0.043,0.758,0.82
CAVIN4,0.0565,0.759,0.82
ECE1-AS1,0.0539,0.759,0.82
NUCB1-AS1,0.0371,0.759,0.82
C8ORF54,-0.180495,0.454,0.82002
FLJ14107,-0.1783052,0.454,0.82017
FLJ41455,0.05833914,0.682,0.820262
C11ORF35,-0.1392957,0.455,0.82028
LPPR5,0.0920723,0.455,0.82046
RP1-177G6.2,-0.1359472,0.455,0.82056
LSMD1,0.1173022,0.456,0.82074
C3ORF43,0.1089183,0.456,0.82074
PRMT8,-0.1151167,0.456,0.82074
BTNL8 /// LOC100288778 /// WASH1 /// WASH2P /// WASH3P /// WASH7P,0.1750442,0.456,0.82075
LCE1A /// LCE1E /// LCE1F,-0.1054373,0.456,0.82075
RSL1D1-DT,0.019,0.76,0.821
LOC107986058,0.077,0.76,0.821
LOC100422556,0.043,0.76,0.821
ZNF28 /// ZNF468,-0.100229,0.457,0.82101
ANKRD43,0.1177539,0.457,0.82101
PAPOLB,0.01749799,0.684,0.8211914
FLJ14186 /// LOC728728 /// LOC729218,-0.1321418,0.457,0.82127
MGC131512,0.1027175,0.457,0.82132
SBSN,0.01632327,0.684,0.8214166
SCGBL,-0.1578572,0.458,0.82151
C20ORF151,0.1573811,0.457,0.82151
TRIM73 /// TRIM74,0.1227674,0.458,0.82156
LRIT1,0.01667224,0.684,0.8216003
FAM71A,-0.02997892,0.684,0.8216003
LOC100289455,-0.1158313,0.458,0.82169
ZMYND17,-0.1747022,0.459,0.82179
LOC389602,0.129,0.761,0.822
CENATAC,-0.018,0.762,0.822
CFAP99,0.01700362,0.685,0.8222072
BMP6,-0.1284533,0.459,0.82224
FAM158A,0.1015635,0.459,0.82235
OR2T2,-0.1597759,0.459,0.82241
CRABP2,0.1509155,0.459,0.82241
LOC171220,-0.138077,0.46,0.8226
LOC105373089,0.0857,0.763,0.823
DPCR1,0.01792269,0.687,0.8232325
CHRM3-AS1,-0.01685992,0.687,0.8233393
C8ORF40,0.2418812,0.461,0.82349
VDAC1 /// VDAC1P1,0.3412747,0.461,0.82373
COPG,0.1814667,0.461,0.82373
FLJ35220,0.1412475,0.462,0.82373
HIST2H2BC,-0.2415596,0.461,0.82373
LOC100291953 /// TTLL11,-0.1428469,0.462,0.82398
LINC00513,-0.0429,0.763,0.824
LHX4-AS1,-0.0298,0.764,0.824
PRDM8-AS1,0.0811,0.764,0.824
ADPGK-AS1///ADPGK,-0.02163137,0.688,0.8244988
ERO1L,-0.150816,0.464,0.82454
C1ORF156,-0.1622776,0.464,0.82456
SPINT3,-0.1210843,0.464,0.82468
LRRC37A3 /// LRRC37A4,-0.1254401,0.464,0.82474
TM7SF4,-0.135796,0.465,0.82474
GPR25,0.1811291,0.465,0.82474
C15ORF42,-0.1326864,0.464,0.82474
OR5M1,0.1730187,0.464,0.82474
IL1F8,0.1255352,0.465,0.82488
C19ORF41,-0.1371222,0.465,0.82488
RAB40A /// RAB40AL,0.1065199,0.465,0.8249
PABIR3,0.0247,0.765,0.825
KCP,-0.1675257,0.466,0.82522
LOC84856,-0.1273877,0.466,0.82523
PSCA,-0.02011306,0.689,0.8253326
C1ORF86 /// LOC100128003,-0.1964696,0.466,0.82552
LOC643677,0.1272972,0.466,0.82557
FAM40A,-0.116751,0.466,0.82557
C17ORF96,-0.1893535,0.466,0.82557
C8ORF45,-0.1287707,0.467,0.82577
CARD16 /// CASP1,0.1668876,0.467,0.8258
C6ORF191,-0.1492948,0.467,0.82589
ILRUN-AS1,-0.0326,0.766,0.826
LOC102724682,-0.0303,0.766,0.826
FAM106A,0.066,0.767,0.826
VPS13A-AS1,-0.045,0.767,0.826
LOC105371115,-0.0484,0.766,0.826
LOC105372107,0.0459,0.766,0.826
LOC100192426,0.0544,0.766,0.826
C1ORF100,-0.1278307,0.467,0.82614
C3ORF54,-0.1603721,0.467,0.82614
AMTN,-0.0192049,0.691,0.8262977
C9ORF71,-0.1300188,0.468,0.82638
HUNK-AS1,-0.01942683,0.691,0.8264506
RIT2,0.01812986,0.691,0.8264963
ANAPC2 /// LOC650621,0.1559532,0.468,0.82657
LOC100287216,0.1915082,0.468,0.82657
TNNT1,0.1428827,0.469,0.82657
C7ORF16,-0.1897771,0.469,0.82682
HIST2H4A /// HIST2H4B,-0.1193352,0.469,0.82698
PRKAR2B-AS1,-0.0722,0.767,0.827
LOC400627,-0.0491,0.768,0.827
OR8G1 /// OR8G5,-0.1574349,0.469,0.827
RPL23AP87,-0.0309,0.768,0.827
LOC112268055,-0.0322,0.768,0.827
CGB8,-0.01831397,0.692,0.8271268
SPRR1A /// SPRR1B,-0.1589446,0.47,0.82747
SCGB2A1,0.1733348,0.47,0.82747
KLHL34,0.01700119,0.693,0.8275593
TBC1D3 /// TBC1D3B /// TBC1D3C /// TBC1D3F /// TBC1D3G /// TBC1D3H,-0.1225847,0.471,0.82759
PRAMEF16 /// PRAMEF17,-0.1280697,0.471,0.82772
PACSIN1,-0.1763417,0.471,0.82789
BUD13,0.0148,0.77,0.828
LOC101926889,-0.0552,0.769,0.828
LOC107986092,0.0523,0.77,0.828
LOC105376095,-0.0379,0.769,0.828
LOC101928855,-0.046,0.769,0.828
LOC105369842,-0.0572,0.77,0.828
MIR4307HG,0.0170653,0.694,0.8280382
LOC100288590,0.01518335,0.694,0.8281723
AZGP1P1 /// GJC3 /// LOC100128334,0.1237561,0.472,0.82831
LOC643332 /// RNASE2,-0.1009218,0.472,0.82845
INHA,-0.01913809,0.695,0.8284747
LINC01505,-0.01627976,0.695,0.8286053
LOC101928718///FAM212B-AS1,0.01776584,0.695,0.8286691
C4ORF22,0.01628498,0.695,0.8287099
RIBC2,-0.1240163,0.473,0.82875
HELB,0.0241,0.77,0.829
LMCD1-AS1,0.0438,0.77,0.829
PET112L,0.1283243,0.473,0.82906
C1ORF141,-0.1209936,0.474,0.82928
FAM133B /// LOC728640,-0.2302165,0.474,0.82949
NCF1 /// NCF1B /// NCF1C,0.1701512,0.474,0.82949
BRD7P3,-0.1192586,0.474,0.82949
LOC100294357 /// LOC442028,-0.1313624,0.474,0.8295
PLK1S1,0.1349647,0.475,0.82954
CACNG3,-0.01626254,0.696,0.8296312
MARCH 8,0.1209542,0.476,0.82982
C8ORF83,-0.1826655,0.475,0.82982
ERV3 /// ZNF117,-0.1817423,0.475,0.82982
LOC100287222,-0.1623835,0.476,0.82982
TRIM34 /// TRIM6-TRIM34,0.1128807,0.475,0.82982
PITRM1,0.0244,0.771,0.83
LOC105374254,0.0672,0.771,0.83
ZNF850,0.019,0.771,0.83
LMO7-AS1,0.0288,0.772,0.83
ADPGK-AS1,0.0344,0.772,0.83
LINC01186,0.02015922,0.697,0.8302501
TMPRSS11B,-0.1339526,0.477,0.83071
C6ORF182,0.0974117,0.477,0.83074
C22ORF30,-0.1864306,0.478,0.83076
A2LD1,-0.1132559,0.478,0.83076
DPH1 /// OVCA2,0.1271421,0.478,0.83076
LOC402377,0.1861577,0.478,0.83088
NUTM2E,-0.0296,0.772,0.831
LOC105372706,0.0565,0.773,0.831
DTNB-AS1,0.0337,0.772,0.831
CDKL3 /// PPP2CA,0.1516556,0.479,0.83138
VAT1L,-0.01393708,0.699,0.8314479
PSG1,-0.1254215,0.479,0.83152
LOC100287225,0.1155,0.479,0.83156
BHLHE23,-0.1854367,0.48,0.83185
LOC101927526,0.01702439,0.7,0.8319969
LOC107985143,0.0692,0.774,0.832
LGALS8-AS1,0.043,0.774,0.832
LOC105369194,0.0356,0.774,0.832
LOC107985911,0.0381,0.775,0.832
LOC344967,0.06,0.774,0.832
ANKRD20A5P,0.0528,0.775,0.832
LOC105371028,-0.0678,0.775,0.832
LOC105371382,0.0466,0.775,0.832
CFAP20DC,0.0318,0.774,0.832
SNORA59A,0.0307,0.775,0.832
KIR2DL5A /// KIR2DL5B,0.1167038,0.48,0.83205
LOC100292090,-0.1259761,0.481,0.83231
MAFIP,0.1375077,0.482,0.83246
CDRT15 /// CDRT15P,0.1714579,0.482,0.83253
ACBD3,-0.03363944,0.701,0.8326882
LCE2B,0.01403039,0.701,0.8327585
LOC105373335,0.0307,0.776,0.833
LOC101928334,-0.0426,0.776,0.833
LOC112267861,0.0396,0.776,0.833
LOC112268174,0.0289,0.776,0.833
MRTO4,0.1338417,0.484,0.83339
CCDC144A /// CCDC144B /// CCDC144C /// LOC100134159,0.1980903,0.484,0.83339
C1ORF55,-0.1142845,0.484,0.83339
C15ORF60,0.1258249,0.484,0.83339
MYOG,-0.1103395,0.483,0.83339
ATHL1,-0.1557635,0.483,0.83339
LOC100289314,-0.1449963,0.484,0.83343
KRT34,0.01374498,0.702,0.8336398
FAM128B,-0.1489452,0.485,0.83378
FAM38B,0.1114256,0.485,0.83386
NHSL1-AS1,0.0281,0.777,0.834
PIERCE2,0.0541,0.777,0.834
TRC-GCA20-1,0.0781,0.777,0.834
EXTL3-AS1,0.0605,0.778,0.834
LINC02035,0.0159,0.778,0.834
XKRY,-0.02171492,0.703,0.834007
ST8SIA2,-0.1610588,0.485,0.83413
FER1L6,0.1333218,0.486,0.83433
LOC100287934,-0.1301653,0.486,0.83433
LPAR3,-0.1260828,0.486,0.83447
C20ORF69 /// LOC100287060 /// LOC100287654 /// LOC100288169,-0.1455762,0.486,0.83463
CKLF /// CMTM1,-0.1125137,0.486,0.83463
KHDC1,0.0155552,0.704,0.834779
SQRDL,0.1540225,0.487,0.83487
THEM5,-0.0424,0.778,0.835
LOC105370372,0.0545,0.778,0.835
FAM227A,-0.0671,0.779,0.835
IQCJ-SCHIP1-AS1,-0.041,0.779,0.835
LINC00622,0.0428,0.779,0.835
LOC105369212,0.0419,0.778,0.835
CFAP97,-0.0188,0.779,0.835
C13ORF38,0.0996577,0.487,0.83545
C15ORF37,0.1335918,0.488,0.8356
LOC100506530,0.01629693,0.706,0.835952
WWOX-AS1,0.0407,0.781,0.836
LOC101927863,-0.047,0.78,0.836
LOC101930421,-0.0449,0.78,0.836
RRN3P3,-0.0191,0.781,0.836
INSIG1-DT,0.0559,0.78,0.836
FEV,-0.01917453,0.706,0.8362388
LOC101928778,0.0153901,0.706,0.8363493
GRIA1,-0.2019171,0.489,0.83656
CCDC103,0.01569354,0.707,0.8366047
LRRC10B,-0.02048382,0.707,0.8366438
LOC100128551 /// ZDHHC14,0.1254513,0.489,0.83672
SPIN2A /// SPIN2B,-0.1543344,0.489,0.83673
IFRD1,0.2362238,0.489,0.83675
LOC105377102,0.0202,0.782,0.837
MIR12122,0.0557,0.782,0.837
PPIAP30,0.0507,0.782,0.837
C1ORF89,-0.1353764,0.489,0.83706
DEFT1P,0.1177976,0.489,0.83706
LOC100293478 /// PLEKHM1 /// PLEKHM1P,-0.1821395,0.489,0.83706
LOR,0.0150977,0.708,0.8372058
PLAC1L,-0.1221578,0.49,0.8373
DDR2 /// LOC100131082,-0.1328597,0.491,0.83748
OR51A4,0.01741317,0.708,0.8374952
VCX /// VCX3A /// VCX3B,0.2017015,0.491,0.83766
DIRAS1,-0.1243037,0.491,0.83768
C16ORF79,-0.1013812,0.491,0.8378
BTF3 /// BTF3L2,0.2036198,0.492,0.8378
LOC100288332 /// LOC100288442 /// LOC729602 /// NPIP /// NPIPL3,0.3222616,0.491,0.8378
LOC112268268,0.05,0.783,0.838
HOTAIRM1,-0.0342,0.783,0.838
ELAPOR1,-0.0509,0.783,0.838
ATP6V0D1-DT,-0.0368,0.783,0.838
LOC105374270,-0.0513,0.783,0.838
SPDYE2B,0.0465,0.783,0.838
LOC105373116,0.076,0.783,0.838
MIR587,-0.0524,0.783,0.838
TRAPPC3L,-0.0533,0.784,0.838
SANBR,-0.0219,0.784,0.838
RPL41 /// RPL41P5,-0.1635305,0.493,0.83847
LOC100130051,-0.01648349,0.709,0.8384752
SYT14,0.01608657,0.71,0.8386411
LOC100128003,-0.1403574,0.493,0.8388
C18ORF56,-0.1651116,0.494,0.8388
KCNB2,-0.01844792,0.71,0.8388755
CDH10,0.019062,0.71,0.8388755
C4ORF52,0.1121414,0.494,0.83888
C19ORF47,0.0206,0.785,0.839
TAS2R16,0.01632396,0.711,0.8392971
HEPN1,0.1297242,0.495,0.83949
RTDR1,0.2314284,0.495,0.83976
C3ORF57,0.1376885,0.495,0.8399
C15ORF53,0.105888,0.495,0.83999
TARID,-0.0518,0.786,0.84
LOC105373037,-0.0419,0.786,0.84
LOC107986127,-0.0374,0.785,0.84
LOC401093,-0.1526657,0.496,0.84006
ST8SIA5,0.1289531,0.496,0.84015
ASFMR1,-0.1297297,0.497,0.84047
C4ORF31,0.1097165,0.497,0.84057
OR14C36,-0.0141007,0.713,0.8408274
LOC100129500,-0.1396618,0.498,0.8409
LOC100996549,0.01387153,0.714,0.8409928
LOC105373171,0.0533,0.787,0.841
BIRC6-AS2,0.0346,0.787,0.841
C2ORF67,-0.0999304,0.498,0.84108
CNBD1,0.1607563,0.498,0.84123
GALNTL5,-0.1059199,0.498,0.84134
BASE,-0.1074761,0.498,0.84134
LOC100293198,0.1420598,0.498,0.84136
KIAA0892,-0.3542282,0.498,0.84139
TAAR6,0.1310426,0.498,0.84139
LINC00307,-0.0122943,0.714,0.841464
KRT77,0.01557798,0.714,0.8414717
IFNA10,0.01589685,0.714,0.8414717
LOC105375875,0.01612308,0.715,0.8416883
C6ORF218,0.108108,0.499,0.84175
LOC101929034,0.01381977,0.715,0.8418395
REG1P,-0.141827,0.499,0.84185
POTEG /// POTEH,-0.1007503,0.499,0.84186
C1ORF177,0.1332059,0.5,0.84194
C21ORF59,0.1115285,0.5,0.84194
PLEKHA8P1,0.024,0.789,0.842
LINC01843,0.0391,0.788,0.842
C16ORF52,0.02617171,0.716,0.8424933
C9ORF45,0.1058445,0.501,0.84289
NMRK2,-0.01767028,0.717,0.8429929
MIPEPP3,0.0254,0.79,0.843
CYMP,-0.01436566,0.717,0.8430072
WNT7A,0.01737676,0.718,0.8434621
XACT,-0.01686083,0.718,0.8434639
KIAA1245 /// LOC200030 /// NBPF1 /// NBPF10 /// NBPF11 /// NBPF15 /// NBPF16 /// NBPF8 /// NBPF9,0.1922509,0.502,0.84352
PPP1R17,0.01631149,0.718,0.8438638
C11ORF20,0.1232916,0.502,0.84389
LOC107986022,0.0871,0.791,0.844
LOC105375260,0.0359,0.79,0.844
LOC105375239,0.0542,0.79,0.844
MIR27B,0.0457,0.79,0.844
CROCCP2,0.0312,0.791,0.844
LOC102467217,-0.102,0.791,0.844
LOC105374088,-0.0514,0.79,0.844
SNORA35,0.1278392,0.503,0.8443
DUX1 /// DUX3 /// DUX5,0.1434161,0.503,0.84444
SPANXN4,0.01722594,0.719,0.8444879
NUTM2A,-0.01402791,0.72,0.8446092
OR7E24,0.01685552,0.72,0.8446603
DQX1,0.01582003,0.72,0.8446884
SLC9A11,-0.0989569,0.505,0.84494
IFNA10 /// IFNA14 /// IFNA21 /// IFNA4 /// IFNA5 /// IFNA6 /// IFNA7,-0.1726001,0.505,0.84494
GLT25D1,0.1564376,0.505,0.84494
C2ORF89,-0.1052259,0.505,0.84494
HDHD1A,0.1647498,0.505,0.84494
PLEKHA8 /// PLEKHA9,0.1260401,0.505,0.84495
LINC00954,0.0399,0.792,0.845
NCBP3,0.00857,0.792,0.845
SNORA3A,0.0378,0.792,0.845
LOC107984258,0.0428,0.791,0.845
PMS2P4,-0.0272,0.792,0.845
LOC105378969,-0.0618,0.792,0.845
MIR646HG,-0.0552,0.792,0.845
C4ORF14,-0.1964319,0.506,0.845
C8ORF79,-0.1585861,0.506,0.84515
HOXD10,-0.1142661,0.506,0.84521
HSPB9,0.02112496,0.721,0.8454184
C10ORF27,0.1426588,0.506,0.84544
OVOS2,-0.0832752,0.506,0.84544
LOC150786,-0.0972985,0.507,0.84584
LOC112267956,-0.0765,0.793,0.846
LOC101928631,-0.0398,0.794,0.846
C5ORF34-AS1,0.0446,0.793,0.846
GARS1,-0.0198,0.793,0.846
H2BC1,0.0544,0.793,0.846
LOC100132288 /// MAFIP /// TEKT4P1,-0.2154226,0.508,0.84669
LEPRE1,0.1079873,0.508,0.84689
C2ORF57,-0.1483328,0.508,0.84692
LOC107985021,0.0329,0.794,0.847
LOC100996664,0.0277,0.794,0.847
SNORD58B,-0.0342,0.794,0.847
RTCD1,-0.1393952,0.509,0.84736
SLC35G4,0.01344423,0.724,0.8474911
ADRBK1,-0.1313701,0.509,0.84755
EXD1,-0.1041271,0.509,0.84755
ARNTL2,-0.1492692,0.509,0.84755
SLC4A11,0.1226677,0.51,0.84783
LOC644006 /// RNF4,-0.1371823,0.511,0.84787
HSP90AB5P,-0.1036891,0.511,0.84787
KIF18B,-0.1144331,0.51,0.84787
C17ORF70,0.1103443,0.511,0.84787
C3ORF62 /// USP4,-0.1611081,0.511,0.84787
CRAMP1L,0.0967724,0.511,0.84792
MIRLET7D,0.0635,0.796,0.848
HERC2P9,-0.0175,0.796,0.848
ZNF775-AS1,-0.0489,0.795,0.848
MINAR1,-0.0453,0.796,0.848
LOC101928663,-0.0572,0.795,0.848
LOC105376710,-0.0323,0.795,0.848
FLJ40448,-0.1332748,0.511,0.84822
LARGE,0.1066225,0.512,0.84872
GDF10,0.0104844,0.726,0.8488056
PRR24,-0.1530552,0.512,0.84886
RUNX2-AS1,0.0556,0.797,0.849
FAM100A,0.179759,0.513,0.84926
LOC283314,0.154909,0.514,0.84958
C1ORF65,-0.1769277,0.514,0.84966
DHFRL1,-0.1372243,0.514,0.84974
C9ORF9,0.132297,0.514,0.84983
FAM86B1 /// FAM86B2,-0.1834488,0.515,0.84999
KIR3DS1,-0.0923727,0.515,0.84999
PI4KA /// PI4KAP1 /// PI4KAP2,-0.3342982,0.515,0.84999
LOC100291232 /// PLEKHM1 /// PLEKHM1P,-0.1576147,0.514,0.84999
C6ORF54,0.1369342,0.515,0.84999
C10ORF114,0.1581304,0.514,0.84999
LOC105376839,-0.167,0.798,0.85
CACNG2-DT,-0.0476,0.799,0.85
LINC01128,0.0314,0.798,0.85
LOC102724908,-0.0805,0.798,0.85
HSFX2,0.0364,0.798,0.85
CAHM,0.0386,0.799,0.85
LOC107986825,-0.0713,0.799,0.85
LOC107984294,0.0422,0.798,0.85
LOC105372031,0.0558,0.798,0.85
BRICD5,0.01722286,0.729,0.8502605
LOC100129318,-0.1895204,0.516,0.85028
OR11H4,0.1273811,0.516,0.85028
SSPO,-0.1380512,0.517,0.85048
MGC9913,-0.105333,0.517,0.85048
LOC100288902 /// LOC441956,-0.0971945,0.517,0.85048
C10ORF131,-0.0841601,0.517,0.85048
OR5H1 /// OR5H15,0.0958766,0.517,0.85092
C21ORF99,-0.0836911,0.517,0.85094
LOC112268469,0.0178,0.8,0.851
LINC02519,-0.066,0.8,0.852
LOC102724227,0.0587,0.8,0.852
OR1M1,-0.1624626,0.519,0.85204
FATE1,0.1144739,0.519,0.85212
SS18 /// SSX4 /// SSX4B,0.1416497,0.519,0.85212
BSX,0.01499988,0.732,0.8521844
FAM23A /// FAM23B,0.1088008,0.52,0.85239
C16ORF71,-0.1251044,0.52,0.85242
LOC100133130 /// LOC727726 /// LOC728407 /// PARG,-0.108183,0.52,0.85242
RPL10 /// SNORA70 /// SNORA70G,0.1048507,0.521,0.85243
C7ORF66,0.0898186,0.52,0.85243
LINC00961,-0.01572456,0.732,0.8525118
C10ORF76,-0.01456598,0.732,0.8525118
GIYD1 /// GIYD2,0.1377855,0.521,0.85269
LOC100287313,-0.1016737,0.521,0.85269
LRRC33,-0.0859799,0.521,0.85274
LOC645354 /// PRAMEF1 /// PRAMEF13 /// PRAMEF14 /// PRAMEF2,-0.1282554,0.522,0.85285
LOC388387,-0.108285,0.522,0.85295
LOC105377498,0.0313,0.802,0.853
LOC105373142,-0.0496,0.803,0.853
ZFAS1,-0.0195,0.801,0.853
CSNK1A1P1,0.0445,0.802,0.853
PAX8-AS1,-0.0724,0.802,0.853
RPL35A /// ZNF391,0.3485635,0.522,0.8531
CES4,-0.1373336,0.522,0.85311
MCEMP1,-0.03459348,0.734,0.8532196
LOC100507468,-0.01319153,0.734,0.8534754
LPPR3,0.1622055,0.523,0.8536
TSGA14,-0.0970697,0.523,0.8536
LOC10431 /// TIMM23 /// TIMM23B,-0.1526923,0.524,0.85376
MGC4294,0.1488076,0.524,0.85376
OR6W1P,0.128501,0.524,0.85376
TSGA13,0.01410294,0.735,0.8538449
LOC112268258,0.0401,0.803,0.854
SHISA8,0.029,0.804,0.854
SMG7-AS1,0.0294,0.804,0.854
DNAAF10,0.0133,0.804,0.854
C4ORF21,0.0991298,0.524,0.85403
HSP90AB1 /// HSP90AB3P,-0.121352,0.525,0.85422
LOC100287887 /// RPL13A /// RPL13AP5,0.2093247,0.525,0.85439
C1ORF49,-0.1016572,0.525,0.85449
NR1D1 /// THRA,0.1193143,0.525,0.85454
PLAC1,-0.1347195,0.526,0.85482
NME1 /// NME1-NME2,0.1058041,0.526,0.8549
LOC100652758,0.0255,0.805,0.855
NPIPB12,-0.0282,0.805,0.855
OR2M2,-0.0116643,0.736,0.8550047
TMCO7,0.1079735,0.526,0.85505
MGC87042 /// STEAP1,0.1616222,0.527,0.85514
FLJ45340 /// LOC100132062 /// LOC728534,0.0985123,0.527,0.85531
SSX4 /// SSX4B,0.0899868,0.527,0.85537
LRRC37B /// LRRC37B2,0.1094514,0.528,0.85545
LOC440313,-0.1027354,0.527,0.85545
DISC1 /// TSNAX-DISC1,-0.1410848,0.528,0.85549
ANKRD56,-0.1500334,0.528,0.85556
LOC100128108,-0.1002058,0.528,0.85586
LOC105372759,0.0649,0.805,0.856
BABAM2-AS1,-0.0306,0.805,0.856
SDHAF4,-0.0181,0.806,0.856
LOC107984308,-0.0461,0.806,0.856
FLRT2-AS1,-0.0567,0.807,0.856
C4ORF50,-0.0718,0.806,0.856
LINC02037,0.025,0.806,0.856
SHANK2-AS1,-0.0424,0.806,0.856
LOC105378647,0.036,0.806,0.856
PRR35,-0.01209018,0.738,0.8561115
STAG3 /// STAG3L1 /// STAG3L2 /// STAG3L3,-0.1464855,0.529,0.85631
C7ORF34,-0.1330543,0.529,0.8565
FSTL5,0.02216329,0.738,0.8565281
LOC100132987,0.1298944,0.529,0.85661
OR52I1 /// OR52I2,0.1134994,0.53,0.85674
LOC440419,0.1081565,0.53,0.85679
LOC101929374,-0.01137045,0.739,0.8568042
ABHD11-AS1,-0.0108517,0.739,0.8568525
NBPF1 /// NBPF10,0.246083,0.531,0.85687
FAM82B,-0.1685195,0.531,0.85699
ZMIZ1-AS1,-0.0409,0.807,0.857
MIR100HG,-0.0245,0.808,0.857
LINC02453,-0.0495,0.808,0.857
LOC105375097,0.0609,0.807,0.857
DGCR11,0.0217,0.808,0.857
ZNF625-ZNF20,-0.0156,0.808,0.857
LOC729732,0.0368,0.807,0.857
ECRG4,0.0674,0.808,0.857
C4ORF41,0.1443293,0.531,0.85716
PROKR2,-0.01712131,0.739,0.8572108
C20ORF70,0.1077082,0.531,0.85724
KCNA4,-0.0816617,0.532,0.85738
LOC100289135,-0.1106864,0.532,0.85753
TEX19,-0.1098703,0.533,0.8577
TUBB4Q,-0.1415342,0.533,0.8577
C15ORF38,-0.1231512,0.532,0.8577
MAPKSP1,0.118364,0.532,0.8577
AKD1,-0.1111374,0.533,0.85771
FAM5C,0.0982236,0.533,0.85782
LOC441722 /// U2AF1,0.1663149,0.533,0.85782
C12ORF59,0.1220245,0.534,0.85789
MMP23A /// MMP23B,-0.1131938,0.533,0.85789
AGR3,-0.0875038,0.534,0.8579
LINC01614,-0.0509,0.809,0.858
RAD51L3-RFFL,-0.0177,0.809,0.858
DNAI7,-0.0444,0.81,0.858
SARS1,-0.0161,0.809,0.858
LOC101929028,0.0739,0.809,0.858
CREB3L2-AS1,-0.0449,0.809,0.858
EDDM13,0.0339,0.81,0.858
LOC107987108,0.0527,0.809,0.858
SDCBP2-AS1,0.0162,0.808,0.858
OR2AT4,0.01404253,0.741,0.8580819
SIGLECP3,0.089304,0.534,0.85816
C10ORF85,-0.1512821,0.534,0.85816
C1ORF152,-0.1994245,0.534,0.85816
MAGEA3 /// MAGEA6,-0.3197602,0.534,0.85816
C7ORF61,-0.1171912,0.535,0.85849
HERC2 /// HERC2P2 /// HERC2P3 /// LOC440248,-0.1325754,0.535,0.85849
YWHAQP8,-0.1512905,0.535,0.85849
RHBDL3,0.01719167,0.741,0.858512
PNCK,-0.07383043,0.741,0.8585852
RPS10P7,0.0215,0.811,0.859
OR11H1 /// OR11H12 /// OR11H2,0.101318,0.536,0.85916
ACCN3,-0.1240239,0.536,0.85925
OR2H1,0.1213128,0.537,0.85938
TWIST1,0.1502021,0.537,0.85938
LOC643797,0.0855181,0.537,0.85938
IRX4,0.01350926,0.743,0.8594669
INSL4,0.01528846,0.743,0.8596322
OR9G1,0.01574334,0.743,0.8596937
EFHA1,0.1768085,0.538,0.85978
LOC112268143,0.0318,0.812,0.86
EOLA2,0.0118,0.811,0.86
BOLA2 /// LOC595101,0.0762299,0.54,0.8606
IL2,0.01272292,0.744,0.8606896
ARHGEF7-AS1,0.01623817,0.744,0.8607247
ASAH2 /// ASAH2B /// ASAH2C,0.0969662,0.54,0.86073
C4ORF44,-0.1137026,0.54,0.86073
C20ORF132,-0.1040551,0.54,0.8608
PMS2P3,0.0171,0.813,0.861
LOC105369946,0.0417,0.813,0.861
LOC105374538,0.0438,0.813,0.861
C18ORF49,0.0958154,0.541,0.86102
NCRNA00085,-0.0876878,0.541,0.86107
CXORF56,0.1107294,0.541,0.86119
PAGE1,-0.121682,0.541,0.86119
LYZL1 /// LYZL2,-0.1551964,0.541,0.86119
T1560,-0.1010237,0.541,0.86119
C1ORF217,-0.0978452,0.542,0.86131
PITX1,0.02643951,0.745,0.8613107
FGF3,0.1644457,0.542,0.8614
LOC153328,0.1318326,0.542,0.86144
ERVFRDE1,-0.1179508,0.542,0.86146
TSRM,-0.01328139,0.746,0.8616218
OR6M1,-0.01511222,0.746,0.8617997
ZBTB11-AS1,-0.0164,0.815,0.862
ATP5MG,-0.0198,0.814,0.862
LOC105371017,-0.0434,0.815,0.862
MIR374C,-0.0382,0.814,0.862
LOC105373195,0.0293,0.814,0.862
PRICKLE2-AS2,-0.0403,0.814,0.862
VCY /// VCY1B,0.1580354,0.544,0.86245
OR5D14,-0.01454481,0.747,0.8625525
LOC102724623,-0.01588778,0.748,0.8627793
TUBB2C,-0.1050405,0.545,0.86278
OR5D18,-0.01258052,0.748,0.8628787
RPL10L,-0.02216076,0.748,0.8629394
MAPK8IP2,0.01379686,0.748,0.8629669
LOC102723331,0.0272,0.816,0.863
LOC107986153,0.0334,0.815,0.863
EIPR1,0.0226,0.816,0.863
BMS1P23,0.0187,0.815,0.863
LOC107986985,-0.0256,0.816,0.863
LOC107986369,0.0468,0.816,0.863
LOC112268438,-0.0397,0.815,0.863
SGOL2,-0.0933855,0.546,0.86316
TMEM149,0.1683875,0.546,0.86316
LINC00824,0.01635406,0.749,0.8633341
ALG1L2,-0.1146464,0.547,0.8634
AGBL5-AS1,-0.01405737,0.749,0.8636912
FKBP9L,-0.1979817,0.547,0.86374
PRIC285,0.1588311,0.547,0.86381
C8ORF31,-0.01349555,0.75,0.8638135
TDGF3,-0.0948178,0.548,0.86383
ANUBL1,0.1174169,0.548,0.86384
LOC101928988,-0.0353,0.817,0.864
LOC107986528,0.0494,0.817,0.864
LINC02656,-0.0378,0.816,0.864
HOXD13,0.1098432,0.549,0.86408
LOC105373460,-0.01143668,0.751,0.8644084
HSD17B6 /// RDH16,0.1527363,0.55,0.86472
LOC100506100,0.01337229,0.751,0.8648118
C1ORF187,0.1325509,0.551,0.86487
HHLA1,-0.1494017,0.551,0.86495
C1ORF228,0.106895,0.551,0.86496
RPH3AL-AS1,-0.033,0.819,0.865
CCDC194,0.0536,0.818,0.865
LOC105376844,-0.0311,0.819,0.865
LOC731075,0.0258,0.818,0.865
LOC105375659,-0.0409,0.818,0.865
POC1B-GALNT4,-0.0137,0.818,0.865
FKSG83,-0.0976099,0.551,0.86505
RFPL3,0.02743298,0.752,0.8653248
C5ORF48,-0.1017271,0.552,0.86545
OR4N2 /// OR4N3P,0.1025498,0.552,0.86548
C3ORF46,0.1127924,0.553,0.86575
RG9MTD1,-0.1211921,0.553,0.86575
C2ORF60,0.0915088,0.553,0.86575
LOC731602 /// METT11D1,-0.0989153,0.553,0.86575
ARL2 /// SNX15,-0.1402729,0.554,0.86593
MC5R,-0.0852881,0.554,0.86593
STRA13,-0.1351088,0.554,0.86593
LINC02515,-0.0995,0.82,0.866
LOC105375378,-0.0282,0.819,0.866
LOC107984847,0.0264,0.819,0.866
ANP32A-IT1,0.0332,0.821,0.866
H1-0,-0.0195,0.821,0.866
LOC107984120,-0.0425,0.82,0.866
FKBP14-AS1,-0.0437,0.819,0.866
LOC105369140,-0.0314,0.819,0.866
SNORD62B,0.0433,0.82,0.866
LOC101928592,0.0462,0.82,0.866
LOC100130927,-0.1155866,0.554,0.86607
KRTAP4-12,-0.1169008,0.554,0.86607
C21ORF56,0.0983788,0.554,0.86607
PATE1,-0.1380001,0.554,0.86607
SPINK8,0.01237323,0.753,0.8661646
YWHAQ /// YWHAQP8,-0.0875161,0.555,0.86635
ADCK4,-0.084227,0.555,0.86646
CBWD1 /// CBWD2 /// CBWD5 /// CBWD6,0.1411018,0.555,0.86664
LOC105375218,-0.01511463,0.754,0.8666505
CDX4,0.01427823,0.754,0.866669
XIRP1,0.02021587,0.754,0.8667567
LOC653786 /// OTOA,-0.1392844,0.555,0.86679
SNORD116-14,-0.0356,0.821,0.867
NUTM2A-AS1,-0.0197,0.821,0.867
LOC112268134,0.0509,0.821,0.867
SPECC1L-ADORA2A,-0.009,0.821,0.867
CAVIN2-AS1,-0.0422,0.822,0.867
PCDHB2 /// PCDHB3,0.1436124,0.557,0.86706
TICAM2 /// TMED7-TICAM2,-0.1146212,0.557,0.86709
LOC401934,0.1490263,0.557,0.86713
DNAJB6 /// TMEM135,-0.1396994,0.558,0.86741
OR13A1,-0.1262218,0.558,0.8676
MUTED /// TXNDC5,-0.2230775,0.558,0.8676
C9ORF46,0.1413837,0.558,0.8676
ISCA1 /// ISCA1P1,-0.2509848,0.558,0.86764
LOC105374727,0.0143925,0.756,0.8678154
LOC389033,0.01120618,0.756,0.8678748
ASAP2,-0.03236514,0.756,0.8679295
ACCN2,0.1044102,0.559,0.86793
TAS2R7,0.0721303,0.559,0.86798
LOC105377116,-0.0243,0.823,0.868
RNASEH1-DT,-0.0264,0.822,0.868
LOC112268088,-0.0337,0.823,0.868
CNTNAP3P2,-0.0327,0.823,0.868
LOC102724563,0.0216,0.823,0.868
MARCH 11,-0.0790353,0.559,0.86804
LOC283859,0.0952487,0.559,0.86806
ZNF828,-0.1318812,0.559,0.86807
ZDHHC21,0.01027509,0.757,0.8681007
LOC101927694,-0.01277725,0.757,0.8681949
OR10T2,-0.1074285,0.56,0.86832
C9ORF53,-0.105904,0.56,0.86848
HSFX1 /// HSFX2,-0.1272596,0.56,0.86848
DKFZP434I0714,0.01790095,0.757,0.8685249
LINC00520,0.01360629,0.757,0.8685269
LOC100288685,-0.1160334,0.561,0.86874
LOC100133286,0.1035894,0.561,0.86874
LOC162632 /// LOC220594 /// USP32,-0.1717359,0.561,0.86874
C1QTNF2,0.0987126,0.561,0.86885
IRGC,0.01422796,0.758,0.8688765
LINC01422,0.01269527,0.758,0.868948
LOC107985354,-0.0349,0.824,0.869
SPDYE10,0.0238,0.824,0.869
TCN1,0.1574744,0.562,0.86907
GALNTL4,-0.1123568,0.562,0.86931
LOC645359 /// PRAMEF11 /// PRAMEF15 /// PRAMEF23 /// PRAMEF25 /// PRAMEF4 /// PRAMEF5 /// PRAMEF6 /// PRAMEF9,-0.0949234,0.563,0.86956
BFSP2,0.01788136,0.759,0.8696502
CNGA4,0.01423255,0.759,0.8698953
INE1,-0.0266,0.826,0.87
LINC02814,0.0444,0.825,0.87
NQO2-AS1,-0.0498,0.825,0.87
ZNF594-DT,-0.023,0.825,0.87
CATSPERG,-0.0294,0.826,0.87
LOC284912,0.0689722,0.564,0.87001
TMEM190,0.01255028,0.76,0.8700875
LGALS7,-0.01859534,0.76,0.8701927
PRAMEF11 /// PRAMEF15 /// PRAMEF23 /// PRAMEF4 /// PRAMEF5 /// PRAMEF6 /// PRAMEF9,0.1215177,0.564,0.87036
GGNBP1,0.0937513,0.564,0.8704
LOC100288299 /// LOC399491 /// NPIP /// PKD1 /// PKD1P1,0.103289,0.564,0.8704
MIR1259 /// SNORD12B,0.0758727,0.564,0.87043
KRTAP4-8,-0.1007033,0.565,0.87079
NAT6,-0.02449879,0.761,0.8708251
LOC105376064,-0.01821098,0.761,0.8708251
HIST1H4J /// HIST1H4K,0.1308829,0.566,0.87088
LOC105371953,0.0454,0.827,0.871
CNO,-0.1040472,0.566,0.8711
NCRNA00158,-0.1120483,0.566,0.87126
C8ORFK29,0.1255677,0.566,0.87126
LOC100288142 /// NBPF1 /// NBPF10,0.0937716,0.567,0.8717
TRIM53 /// TRIM53B,-0.0921374,0.567,0.8717
ACTN3,0.01430925,0.763,0.8717439
C9ORF100,-0.1215959,0.569,0.87182
LOC199899,0.1089176,0.569,0.87182
SFRS2B,-0.0969322,0.568,0.87182
C13ORF23,0.1109392,0.569,0.87182
HBQ1,-0.1343668,0.568,0.87182
KRTAP19-8,0.0872553,0.568,0.87182
LOC285696,0.0790746,0.57,0.87198
FAM86C,-0.0927517,0.57,0.87202
LOC100132167 /// LOC100292301,0.063376,0.571,0.87244
KRTAP5-3,-0.01704763,0.764,0.872769
C9ORF106,-0.0218265,0.765,0.8728866
C12ORF41,0.1153297,0.571,0.87293
SNORD68,0.05183785,0.765,0.8729763
GP2,-0.08311165,0.765,0.8729815
LOC105379303,0.0414,0.829,0.873
LOC107984583,-0.0234,0.829,0.873
ZNF710-AS1,-0.0244,0.829,0.873
LINC01801,0.0411,0.829,0.873
LOC105371887,0.0169,0.829,0.873
ADCY6-DT,0.0437,0.828,0.873
LINC02384,0.051,0.828,0.873
FAM201A,-0.0469,0.828,0.873
OR7E37P,0.01521685,0.765,0.8730304
DISP3,-0.01297299,0.765,0.8730304
C6ORF165,-0.0796171,0.572,0.87322
GCNT3,-0.1147394,0.572,0.87322
SPDYE1 /// SPDYE3 /// SPDYE5 /// SPDYE6 /// SPDYE8P,-0.3536729,0.572,0.87322
BAT4,0.1156725,0.573,0.87359
LY6G5B,0.01528164,0.766,0.8737244
LOC101929894,0.0241,0.829,0.874
LOC105371761,0.0481,0.83,0.874
C3ORF22,-0.0411,0.83,0.874
POT1-AS1,0.0375,0.83,0.874
TMX2-CTNND1,-0.0106,0.831,0.874
ATP5E /// ATP5EP2,-0.0788066,0.574,0.87416
LOC642597,-0.0900791,0.574,0.87424
RAD21L1,-0.0780702,0.575,0.87443
AADACL4,-0.0805161,0.575,0.8746
LINC00672,-0.01604329,0.768,0.8748966
LOC100507277,0.01122112,0.768,0.8749019
NAGPA-AS1,-0.0344,0.832,0.875
SFRS4,0.2927872,0.576,0.87532
LOC284933,-0.01038029,0.769,0.8756562
GALNT4 /// POC1B,-0.1064317,0.577,0.87578
LOC440459 /// SLC16A6,0.1511765,0.577,0.87586
LOC107984118,0.0352,0.832,0.876
LOC107985588,-0.0371,0.832,0.876
H1-1,0.0314,0.833,0.876
LINC00205,-0.0183,0.832,0.876
LOC107984679,0.0402,0.832,0.876
LIM2,0.01327546,0.77,0.876164
DEFB106A /// DEFB106B,-0.1404806,0.579,0.87646
LOC388996 /// OTOP1,-0.0925172,0.579,0.87655
FLJ45340 /// LOC100128326 /// LOC100132062 /// LOC100133161 /// LOC100133331 /// LOC100133524 /// LOC653340 /// LOC728417 /// LOC729737 /// LOC731275,0.1258116,0.579,0.87657
ANKRD36 /// LOC400986,0.1329203,0.579,0.87659
LOC102723750,-0.0293,0.833,0.877
C4ORF46P3,-0.026,0.835,0.877
ANKRD18B,-0.0384,0.834,0.877
LOC105376433,-0.0426,0.834,0.877
NREP-AS1,-0.108,0.834,0.877
LOC107986031,-0.045,0.834,0.877
LOC102724521,-0.044,0.834,0.877
TMEM61,-0.0803952,0.58,0.87712
LOC100130268,-0.01164134,0.772,0.8771664
DLX6,0.0111905,0.772,0.8771664
EXTL1,0.01647287,0.772,0.877312
FLJ16126,-0.1276506,0.58,0.87732
FAM21A /// FAM21B /// FAM21C /// FAM21D,0.1808933,0.581,0.87737
PNMT,0.01127475,0.773,0.8774041
LINC01563,0.01410229,0.773,0.8775464
C12ORF61,0.1108321,0.581,0.87759
BTNL8 /// WASH3P,-0.0845578,0.581,0.8776
LOC100128108 /// LOC400464,0.0761115,0.581,0.87775
LOC102724804,-0.01500245,0.774,0.8779137
C14ORF148,-0.0910952,0.582,0.87798
PCDHGB1,-0.0227,0.835,0.878
RNU4ATAC,0.0334,0.836,0.878
LOC105369961,0.0322,0.835,0.878
LOC107985233,0.0384,0.836,0.878
PABPC4-AS1,-0.0123,0.836,0.878
CENPC1,-0.1625797,0.583,0.87844
OPRD1,-0.01420047,0.775,0.8785924
TMEM90B,-0.1418526,0.583,0.87867
LOC102724357,-0.01304524,0.775,0.8787154
RPRM,-0.01562738,0.775,0.8787418
ERICH6B,-0.00968145,0.775,0.8789042
C6ORF174 /// KIAA0408,0.1119889,0.584,0.87895
OR6B2 /// OR6B3,-0.0930499,0.584,0.87895
LOC107986940,0.0313,0.837,0.879
LOC102723862,0.0482,0.837,0.879
IFT122 /// LOC653712,-0.1056084,0.585,0.87924
OBP2A,0.01327864,0.776,0.8793848
TISP43,-0.01495428,0.776,0.87946
C15ORF24,-0.1386944,0.586,0.87988
TCF12-DT,0.0137,0.838,0.88
LOC107985769,0.0333,0.839,0.88
LINC03034,-0.034,0.838,0.88
SEPTIN 3,-0.1057192,0.586,0.88009
CAPN3 /// GANC,0.0901244,0.587,0.88021
LINC01276,0.01275331,0.778,0.8803345
BMP15,0.1067947,0.587,0.88035
LOC728323,-0.01482865,0.778,0.8803889
LOC284861 /// LOC729444 /// LOC729461,0.1158339,0.587,0.88044
ACN9,0.0867078,0.588,0.88044
C13ORF29,0.1046929,0.587,0.88044
NUTM2D,-0.0225,0.839,0.881
LOC107986603,0.0312,0.839,0.881
LINC02516,0.0353,0.839,0.881
LINC00960,0.0384,0.84,0.881
LOC105374639,-0.0353,0.84,0.881
LOC107984113,-0.0277,0.839,0.881
LOC112267942,-0.0251,0.839,0.881
FAM5B,-0.1015795,0.589,0.88126
OR6C75,0.00971115,0.78,0.8817177
LOC105371081,-0.032,0.841,0.882
LOC105369983,0.0555,0.84,0.882
CAPN10-DT,0.025,0.841,0.882
EMC3-AS1,0.0246,0.841,0.882
LOC102724023,0.0161,0.841,0.882
GPCRLTM7,0.0972853,0.59,0.88205
C16ORF63,-0.1055684,0.59,0.88208
CCDC64B,-0.1505877,0.59,0.88208
BZW1 /// BZW1L1,0.1262594,0.591,0.88231
GAGE2B,0.01546631,0.781,0.8823733
PYDC1,0.1334297,0.591,0.88244
DEFA6,-0.01334934,0.781,0.8825452
NCRNA00157,0.0711904,0.591,0.88262
OR7D2,-0.01680009,0.782,0.8828836
ZBTB8B,0.0731187,0.592,0.88299
C14ORF49,0.0940601,0.592,0.88299
UNC5C-AS1,-0.0381,0.842,0.883
MRPS9-AS1,-0.0195,0.843,0.883
LINC02802,-0.028,0.842,0.883
LOC107987044,0.0336,0.842,0.883
KRT15,-0.01210316,0.782,0.883118
LIMS1 /// LIMS3 /// LOC440895,-0.1081309,0.593,0.88346
C17ORF66,-0.0804466,0.593,0.88346
SPATA22 /// TRPV3,0.1055303,0.593,0.88354
NBPF22P /// NBPF4 /// NBPF6,-0.0936766,0.594,0.88374
GCC2 /// RGPD3 /// RGPD4 /// RGPD5 /// RGPD6 /// RGPD8,-0.1832243,0.594,0.88395
MIATNB,-0.0203,0.844,0.884
LOC102724587,-0.0286,0.844,0.884
HAR1A,-0.01125063,0.784,0.8840146
PS1TP4,-0.1099887,0.594,0.88407
CELA1,0.1136706,0.594,0.88416
RAG2,-0.0780321,0.595,0.88425
XCL1 /// XCL2,-0.1072446,0.595,0.88425
MSMP,-0.0849569,0.595,0.88428
LOC105377480,-0.00785928,0.784,0.8844045
DHDPSL,0.1650182,0.595,0.88449
LOC105379298,0.0123954,0.785,0.884569
C9ORF98,-0.1207856,0.596,0.8848
LOC729815,-0.1442493,0.596,0.88487
OR6N2,-0.00953872,0.785,0.8848999
CTRB1,-0.01143154,0.785,0.8849136
LOC727924 /// OR4N4,0.1300038,0.597,0.88493
LOC101928570,-0.0269,0.845,0.885
FAM86B2,-0.0252,0.845,0.885
LINC02964,0.0348,0.845,0.885
MIR924HG,-0.01151087,0.786,0.8850315
HAND1,-0.01021924,0.787,0.8857957
USP29,0.108301,0.599,0.88583
LOC112267895,-0.0484,0.846,0.886
GARIN1A,0.0259,0.847,0.886
LOC105372669,0.0303,0.846,0.886
LOC105372106,0.0286,0.846,0.886
LINC02937,0.0212,0.847,0.886
CCDC79,0.1006687,0.6,0.88635
TRIM75,-0.0980583,0.601,0.88661
C16ORF11,-0.0940915,0.601,0.88674
LOC401127 /// WDR5,0.1106641,0.601,0.88679
LOC107985529,-0.0436,0.848,0.887
LOC105375079,-0.0418,0.848,0.887
FLJ46875,-0.0177,0.848,0.887
FLJ45445,-0.1182105,0.602,0.8876
ARHGAP29-AS1,-0.0387,0.849,0.888
LOC107984546,0.0213,0.849,0.888
DEFB108B /// DEFB108P1 /// LOC100133128,0.0956002,0.604,0.88862
SMEK1,-0.081627,0.604,0.88863
OR1S1 /// OR1S2,-0.0793928,0.604,0.88863
CARD18,-0.01042225,0.792,0.8886874
EDRF1-AS1,0.0225,0.85,0.889
LOC105375183,0.0455,0.85,0.889
TSACC,0.0292,0.85,0.889
LOC107984011,-0.0265,0.85,0.889
NPIPB4,-0.0205,0.851,0.889
HIST1H2AL,0.095653,0.605,0.88904
DNAJC9 /// MRPS16,-0.1181795,0.605,0.88904
GDPD2,-0.01447521,0.792,0.8891579
C20ORF186,-0.1080675,0.605,0.88918
LINC01221,0.0118264,0.792,0.8892652
OR2F2,-0.01114879,0.793,0.8895832
C20ORF194 /// UBE2F,-0.1399719,0.606,0.88959
C21ORF40,-0.01252646,0.793,0.8897883
AKR1CL1,0.1095399,0.607,0.88983
C9ORF62,-0.0936074,0.607,0.88983
NEXN-AS1,0.0305,0.851,0.89
INE2,-0.0231,0.851,0.89
TIGD4,0.0332,0.852,0.89
LOC112268458,-0.0259,0.852,0.89
C17ORF89,-0.1858683,0.608,0.89006
MCM3APAS,0.0887406,0.608,0.89006
AIDA /// LOC646890,-0.104543,0.608,0.89034
C6ORF227,0.1183626,0.609,0.8904
IQCF6,0.01012537,0.794,0.8904362
TCEB3B,-0.01202448,0.795,0.890539
ARMCX6 /// LOC653354,-0.1032838,0.609,0.89055
KIR2DS2,0.01082044,0.795,0.8906721
LOC100133299,-0.1578025,0.61,0.89073
LOC107984329,0.0266,0.852,0.891
LOC101929270,-0.0254,0.853,0.891
LOC101927023,-0.035,0.853,0.891
LOC105378486,-0.0386,0.853,0.891
MID1IP1-AS1,-0.027,0.853,0.891
IFNA17,-0.0989487,0.61,0.89104
FAM125A,-0.1017162,0.611,0.8911
C10ORF78,0.0993259,0.611,0.89117
LOC105371307,0.01369735,0.796,0.8911719
C20ORF141 /// LOC100288797,0.0965058,0.611,0.89119
HCAR1,-0.01401385,0.797,0.8916451
LOC100288299 /// NPIP /// PKD1 /// PKD1P1,-0.1185093,0.612,0.89168
C9ORF128,-0.0726526,0.612,0.89173
LINC01310,0.01463003,0.797,0.8918536
C14ORF21,0.1113932,0.612,0.89192
LOC100287837,-0.0885333,0.613,0.89192
LOC107984026,0.0182,0.854,0.892
HECW2-AS1,-0.0295,0.853,0.892
OBSCN-AS1,-0.0304,0.854,0.892
ZNF767P,0.0128,0.854,0.892
UPF0639,-0.101726,0.613,0.89208
BPESC1,-0.0657971,0.613,0.89217
LOC153811,-0.01144286,0.798,0.8923491
C6ORF123,0.1200051,0.613,0.8924
STRC /// STRCP1,-0.1072046,0.614,0.8925
LOC100130453,-0.01050834,0.798,0.8925966
LINC00994,0.00976539,0.798,0.8926583
C13ORF16,0.0962668,0.614,0.89277
LOC105372489,-0.01074469,0.798,0.8928027
LOC101927088,0.0377,0.855,0.893
LOC105375262,-0.0362,0.855,0.893
DCD,-0.091224,0.615,0.89304
C14ORF174,0.089087,0.615,0.89306
LRRC30,-0.0846372,0.615,0.89316
ACSM4,-0.01054914,0.799,0.8932303
LOC157503,-0.0979673,0.616,0.89325
KAL1,0.0891918,0.616,0.89336
MANEA-AS1,0.0108643,0.8,0.8934546
C13ORF35,-0.0972217,0.616,0.89346
LOC105375297,0.00925783,0.8,0.8935324
RAET1L /// ULBP2,0.0666227,0.617,0.89363
GDEP,0.0967755,0.617,0.89363
C16ORF78,-0.1019513,0.617,0.8937
PABIR2,-0.0129,0.857,0.894
LOC105376272,0.0247,0.857,0.894
LOC112268274,-0.0325,0.857,0.894
LOC100131635,-0.0427,0.857,0.894
LOC101929107,0.0261,0.856,0.894
GPR199P,0.0208,0.856,0.894
SNORD49B,-0.0317,0.856,0.894
LOC105377971,0.0218,0.856,0.894
LINC02863,0.0198,0.856,0.894
LOC107986476,0.0233,0.856,0.894
TMEM151B,0.0972651,0.618,0.89405
LIMS3 /// LIMS3-LOC440895,0.124547,0.618,0.89414
KRTAP20-4,-0.0944889,0.619,0.89435
XAGE1A /// XAGE1B /// XAGE1C /// XAGE1D /// XAGE1E,-0.1195474,0.619,0.8945
FAM27L,0.0858668,0.62,0.89472
LOC105373802,0.0231,0.859,0.895
LOC105374353,0.0312,0.858,0.895
LOC112268177,-0.017,0.858,0.895
LOC101929908,0.0265,0.859,0.895
LINC02276,0.0575,0.859,0.895
BMAL1,0.0358,0.859,0.895
IL1F6,-0.0788606,0.62,0.89504
LINC01342,-0.01108353,0.803,0.8951469
C9ORF93,0.1029179,0.621,0.89521
LOC100291428,-0.0708265,0.621,0.8953
LINC01177,0.01158894,0.803,0.8955152
OR2T33,0.01097082,0.803,0.8955779
LOC100127955,0.00986734,0.803,0.8956626
LOC221710,0.0696319,0.623,0.89569
LOC100130354,-0.1284086,0.623,0.89595
MIR6864,0.0348,0.861,0.896
LOC107985013,0.0196,0.861,0.896
LOC102723696,0.0238,0.86,0.896
LOC105371532,0.0236,0.86,0.896
LOC107984016,0.0284,0.86,0.896
C19ORF56,0.086561,0.623,0.89606
MCHR2,0.01572261,0.805,0.8964478
LOC100128226,0.0979881,0.624,0.8965
C6ORF48 /// SNORD48,0.0928908,0.625,0.89668
ARHGAP11A /// ARHGAP11B,-0.093657,0.625,0.89668
LOC105370447,0.0113,0.861,0.897
RASD2,-0.01329253,0.806,0.897246
KRT2,0.01087932,0.806,0.8973465
HTR1D,-0.0641009,0.626,0.89756
C13ORF37,0.0884736,0.627,0.89769
AACSL,-0.0974078,0.627,0.8977
LINC01305,-0.01214919,0.807,0.8977919
LY6E-DT,0.0415,0.862,0.898
LOC105371531,0.0255,0.862,0.898
C9ORF135,-0.0685205,0.628,0.89827
TRAPPC2 /// TRAPPC2P1,0.0736434,0.629,0.89847
C3ORF27,-0.102793,0.629,0.89848
D21S2090E,-0.01025141,0.808,0.8986422
PRSS41,-0.1006532,0.629,0.89872
ITIH5L,-0.0766615,0.629,0.89896
LINC02935,-0.035,0.863,0.899
LOC105371856,-0.0262,0.863,0.899
LOC102723539,-0.0187,0.863,0.899
C17ORF68,-0.0856184,0.63,0.89903
PRAMEF12,-0.01203669,0.809,0.8993168
CABP2,0.0954275,0.63,0.89948
VGF,-0.0836111,0.631,0.89956
C13ORF30,0.0763446,0.631,0.89957
HIST1H3E,0.1161743,0.631,0.89974
SCARNA18,-0.0389,0.865,0.9
MYLK-AS1,-0.0151,0.865,0.9
FAM220CP,-0.0456,0.865,0.9
CECR6,0.075551,0.632,0.90018
LOC105375527,-0.01250918,0.811,0.9003732
LOC493754,0.0859723,0.632,0.90041
LOC100287144 /// LOC100287205 /// LOC100287238 /// LOC100287441 /// LOC100288520 /// USP17 /// USP17L1P /// USP17L2 /// USP17L3 /// USP17L4 /// USP17L6P /// USP17L8,0.0753294,0.632,0.90041
CYP4Z1 /// CYP4Z2P,0.0743094,0.633,0.90074
HSPC159,0.0841471,0.633,0.90074
NAT16,0.01131204,0.811,0.9008656
HECTD2-AS1,0.0367,0.866,0.901
LINC02166,-0.0245,0.866,0.901
SNORD148,0.0548,0.867,0.901
LOC105369380,-0.0239,0.866,0.901
GAFA2,-0.0954279,0.634,0.9012
LOC400657,-0.0691248,0.634,0.9012
NDUFA2,0.0767148,0.634,0.90122
AURKA /// AURKAPS1,0.0690415,0.635,0.90145
C20ORF165,-0.0950554,0.636,0.90172
MAGEA9 /// MAGEA9B,0.1027621,0.636,0.90172
C6ORF192,0.0866487,0.636,0.90172
TXNDC3,-0.0625311,0.636,0.90172
C1ORF211,0.0765804,0.637,0.90175
NPIPB11,0.019,0.867,0.902
SLC25A34-AS1,0.0301,0.868,0.902
UST-AS1,-0.0332,0.867,0.902
MMP20-AS1,0.0768,0.868,0.902
KARS1,0.0113,0.867,0.902
LOC112268027,0.0292,0.868,0.902
LOC105379028,-0.0374,0.868,0.902
LOC100288358,0.100002,0.638,0.90274
GPR113,-0.0801467,0.638,0.90294
LOC105371871,0.0239,0.869,0.903
LOC112268145,-0.0352,0.868,0.903
LOC107984567,0.0246,0.869,0.903
DSCR10,0.0973404,0.639,0.90303
LOC100133991,0.0804821,0.639,0.9033
IFNA1 /// IFNA13,-0.0978737,0.639,0.9033
PRKRIR,-0.1094469,0.639,0.9033
LINC01416,0.01021311,0.816,0.9035425
GPR144,-0.0981474,0.64,0.90359
GZMM,0.1047894,0.64,0.90359
UTS2D,-0.0928164,0.64,0.90377
LOC107985032,-0.034,0.87,0.904
NECTIN4,0.01097761,0.817,0.904238
LOC101929027,0.01127946,0.817,0.9043135
C5ORF32,-0.1370107,0.642,0.90447
MTMR9L,0.1190251,0.643,0.90451
MGC16075,-0.1054075,0.643,0.90458
KIAA1267,-0.1963168,0.644,0.90499
LOC284861 /// LOC642633 /// LOC653203 /// LOC727962 /// LOC729444 /// LOC729461,0.1599273,0.644,0.90499
KRTAP12-1 /// KRTAP12-2,0.1212984,0.644,0.90499
DAZ1 /// DAZ2 /// DAZ3 /// DAZ4,0.0616931,0.644,0.90502
MARCH 4,-0.0806173,0.645,0.90536
SNORA18 /// TAF1D,0.168966,0.645,0.90536
CTRB1 /// CTRB2,-0.0847676,0.646,0.9054
APOBEC1,0.00952086,0.819,0.9054255
IGKC /// LOC100291464,0.0934038,0.647,0.90574
APITD1 /// CORT,0.0821158,0.647,0.90586
C21ORF45,0.0755701,0.647,0.90587
LOC388948,0.0879202,0.647,0.90592
LOC105370068,-0.00861309,0.82,0.905958
LOC100133863 /// PDZK1 /// PDZK1P1,0.1220504,0.647,0.90597
LOC105370664,0.0275,0.872,0.906
LOC401127,0.0213,0.873,0.906
MINDY2,-0.0121,0.872,0.906
LOC107984643,-0.0114,0.872,0.906
LOC101928335,0.0294,0.872,0.906
LOC107987007,-0.0322,0.872,0.906
FOXP1-AS1,-0.0222,0.872,0.906
FAM21EP,-0.0148,0.872,0.906
LOC105377979,-0.0533,0.873,0.906
C14ORF43,-0.1440511,0.648,0.90624
LRRC16B,0.0834631,0.648,0.90624
TUBB8,0.0706893,0.648,0.90624
MAGEB16,0.0850185,0.648,0.90643
LOC100129110 /// MORN1,0.1104812,0.649,0.90665
C7ORF23,-0.100976,0.649,0.90665
LOC101928519,-0.00973987,0.821,0.9066523
C7ORF62,-0.00961844,0.821,0.9066523
ORC1L,-0.0870545,0.649,0.90669
RFPL1 /// RFPL2 /// RFPL3,-0.0641393,0.65,0.90691
OR2B11,-0.00625792,0.822,0.9069162
TBC1D3P2,-0.0976183,0.65,0.90697
LOC400661,-0.01049793,0.822,0.9069773
WTAPP1,-0.0378,0.874,0.907
LOC105377459,-0.0276,0.874,0.907
MIR1184-3,-0.0193,0.874,0.907
LOC101927044,0.0217,0.874,0.907
CCDC101,-0.0840562,0.65,0.90702
LINC01476,-0.00915482,0.822,0.9073641
PSMB11,-0.0829707,0.651,0.90763
NPSA,0.0911802,0.652,0.90768
BAI1,0.0958809,0.652,0.9077
ZNF673,0.1346829,0.652,0.90773
HYDIN /// HYDIN2,0.0708339,0.652,0.90774
LOC105376749,0.0183,0.875,0.908
LOC105378525,-0.0256,0.875,0.908
LOC100287098,-0.1095845,0.653,0.90805
OR8B2,-0.01088096,0.824,0.9084751
LOC100130932 /// SNRPG,0.1698854,0.654,0.90855
ELSPBP1,0.1167084,0.655,0.90857
ACCN4,0.1197095,0.655,0.90857
LOC100287301,-0.0733065,0.655,0.90861
PLUNC,0.0840915,0.655,0.90862
NCRNA00207,0.0777891,0.655,0.90862
LINC00297,0.0103285,0.825,0.9087858
IGHA1 /// IGHD /// IGHG1 /// IGHG2 /// IGHM /// IGHV4-31 /// LOC652494,0.1183509,0.656,0.90894
LOC107985156,-0.0315,0.876,0.909
ZNF765-ZNF761,-0.0098,0.876,0.909
LOC105370743,-0.0349,0.876,0.909
FLJ42969,-0.0089096,0.826,0.9091749
CDRT8,0.0093469,0.826,0.9092853
BAI3,0.0715605,0.658,0.90946
IFNA5,-0.0842189,0.659,0.90978
MTP18,0.0969427,0.659,0.90978
C5ORF55,-0.0684247,0.659,0.90983
LOC105373804,0.0273,0.877,0.91
ATP5MF,0.0167,0.877,0.91
CFAP92,-0.00978,0.877,0.91
MIR12114,0.0267,0.877,0.91
C14ORF126,0.1143393,0.66,0.91005
RRP7A /// RRP7B,-0.0974024,0.66,0.91005
NCRNA00110,-0.0944786,0.66,0.91005
CBWD1 /// CBWD2 /// CBWD3 /// CBWD5 /// CBWD6 /// CBWD7,-0.1069501,0.661,0.9103
C12ORF51,0.0964237,0.661,0.9103
PSG1 /// PSG2 /// PSG4 /// PSG5 /// PSG8 /// PSG9,-0.0842284,0.661,0.91031
C1QTNF9 /// C1QTNF9B /// SPATA13,-0.0789285,0.663,0.91097
CTXN2,0.0831102,0.663,0.91098
SLX1A-SULT1A3,-0.0137,0.878,0.911
LOC105370504,0.025,0.879,0.911
UBL4B,0.00848437,0.828,0.9110076
COL29A1,0.0950269,0.663,0.91103
MAGEB10,-0.0626343,0.664,0.91143
SNORA16B,-0.1031102,0.665,0.91152
GOLGA6A /// GOLGA6B /// GOLGA6C,0.1116303,0.665,0.91152
PMS2L5,-0.114331,0.666,0.9116
COPS7B,-0.0823654,0.666,0.91169
C6ORF138,-0.0737954,0.666,0.91169
LINC00112,0.00938662,0.83,0.9117528
TTTY23B,-0.00761213,0.83,0.9119405
RTEL1 /// TNFRSF6B,-0.0689092,0.667,0.91196
C9ORF130,-0.0922821,0.669,0.91261
CCDC111,0.068869,0.669,0.91261
EFCAB4A,0.1206836,0.668,0.91261
ANKRD20A5,-0.0801317,0.669,0.91266
C21ORF74,0.0774389,0.669,0.91266
APLN,-0.01393657,0.831,0.9127334
P704P /// POTEG /// POTEH,-0.0577401,0.67,0.91276
C20ORF108,0.0935596,0.67,0.91276
GATSL2,0.0811457,0.67,0.91293
COPRS,0.0121,0.881,0.913
CCNYL6,0.0211,0.88,0.913
LOC105373690,0.0248,0.881,0.913
LOC101928002,0.00949499,0.832,0.9132481
C17ORF98,-0.1034461,0.671,0.91325
C4ORF49,0.0634174,0.671,0.91328
SLC1A6,0.00975758,0.832,0.9134502
C17ORF59,0.0855032,0.673,0.91375
LOC730755,0.0781764,0.673,0.91381
LRRC37A4,-0.1031025,0.674,0.91387
ZNF323,0.0752593,0.674,0.91393
ABCA17P,0.00813237,0.833,0.9139758
MIR1184-2,0.0187,0.882,0.914
MYH13,-0.0516,0.882,0.914
SCAMP1-AS1,0.0133,0.882,0.914
SIRPG-AS1,-0.0411,0.882,0.914
LOC107984960,0.0261,0.883,0.914
C12ORF12,-0.0632835,0.674,0.91408
GPR77,0.089003,0.675,0.91416
IGHM /// LOC100289944,-0.1119461,0.675,0.91417
UTF1,-0.01002691,0.834,0.9143333
DPY30 /// MEMO1,-0.0692158,0.676,0.91434
C5ORF23,-0.0840819,0.676,0.91436
LOC100506937,-0.01095247,0.834,0.9143973
FAM19A1,-0.0697329,0.677,0.91485
SC65,-0.0775282,0.677,0.91485
LOC100132396 /// ZNF705A /// ZNF705D,0.0584811,0.677,0.91486
COA8,-0.00935,0.883,0.915
CCDC198,0.012,0.884,0.915
MPIG6B,0.0336,0.883,0.915
LOC105375433,-0.0229,0.884,0.915
LOC105377644,0.0221,0.884,0.915
LOC105376240,0.0271,0.883,0.915
SMANTIS,0.0181,0.884,0.915
LCA10,-0.0707347,0.677,0.91502
CCDC29,0.1296054,0.678,0.91514
BAGE2 /// BAGE3 /// BAGE4 /// BAGE5 /// MLL3,0.0747888,0.679,0.9155
GAGE1,0.0667563,0.679,0.9155
GTF2IRD2 /// GTF2IRD2B /// GTF2IRD2P1,-0.0754943,0.68,0.9155
NHEJ1 /// SLC23A3,0.0624936,0.68,0.9155
LOC729991-MEF2B /// MEF2B,-0.0696393,0.68,0.9155
LOC100131943,0.0896456,0.68,0.9155
LOC105371240,0.0291,0.885,0.916
VPS4A,-0.00885,0.885,0.916
CFAP54,-0.0271,0.886,0.916
LOC105375328,0.0281,0.886,0.916
PRMT10,-0.0568614,0.682,0.91615
FAM90A1 /// FAM90A10 /// FAM90A13 /// FAM90A15 /// FAM90A22 /// FAM90A23 /// FAM90A24P /// FAM90A25P /// FAM90A3 /// FAM90A5 /// FAM90A7 /// FAM90A8 /// FAM90A9 /// LOC100287045,0.0823892,0.682,0.91615
KIAA1239,0.0733047,0.682,0.91619
TINAG,-0.00970129,0.837,0.9163611
NHS-AS1,-0.0097189,0.837,0.9163911
OR8U1,0.00826671,0.838,0.9168258
LOC100288807 /// LOC442572 /// LOC729545 /// SPDYE1 /// SPDYE2 /// SPDYE2L /// SPDYE5 /// SPDYE6 /// SPDYE7P,-0.0916414,0.684,0.91685
RPL36A-HNRNPH2,-0.0111,0.887,0.917
ZNF812P,-0.0212,0.887,0.917
WASH5P,0.0141,0.887,0.917
CFAP46,0.0376,0.887,0.917
METTL11B,0.0636347,0.684,0.91703
VPRBP,-0.1007019,0.685,0.91719
OR52E6,-0.0089043,0.839,0.917207
LOC101928048,-0.0105396,0.839,0.9175372
ARMC3,-0.05907,0.686,0.91757
DUX5,0.01018726,0.839,0.9176844
LEPREL2,0.086176,0.687,0.91784
DDX11-AS1,-0.0237,0.887,0.918
LOC112268213,-0.0175,0.887,0.918
NANOG /// NANOGP1,0.0714156,0.688,0.91816
LOC440061 /// TRIM64 /// TRIM64B /// TRIM77,0.092531,0.688,0.91834
CFAP298,0.00633,0.89,0.919
LOC105373346,0.0351,0.889,0.919
LINC01389,0.0185,0.889,0.919
LOC105369976,0.0315,0.889,0.919
AGAP9,0.0188,0.889,0.919
LOC102724030,0.0393,0.89,0.919
LOC105375131,-0.0344,0.889,0.919
PSG1 /// PSG11 /// PSG6,-0.0708325,0.691,0.91908
LOC647979,0.0614267,0.691,0.91908
C9ORF129,-0.072066,0.691,0.91908
LOC100289585,-0.0947278,0.691,0.91912
KIR2DL5A /// KIR3DL3,0.0853868,0.692,0.91919
ABP1,0.0747443,0.692,0.91919
HAUS7 /// TREX2,-0.0918031,0.692,0.91927
LINC01340,-0.01123162,0.842,0.9193072
LOC101928406,0.00934817,0.842,0.9193072
ZNF816A,0.0573202,0.692,0.91936
SNORD42B,-0.00786063,0.843,0.9196412
C6ORF10,-0.00743002,0.843,0.9196412
SDR16C6,0.0692592,0.693,0.91967
FAM54A,0.0738075,0.693,0.91967
LOC100506885,0.00791991,0.843,0.9197152
ARL14,0.0606514,0.694,0.91994
FLJ43826,-0.05603,0.694,0.91994
LOC285986,0.082117,0.695,0.91994
ALDOAP2,0.0874613,0.695,0.91994
NBPF4,0.0585845,0.694,0.91994
LOC105377362,-0.0355,0.891,0.92
LOC107985892,0.0208,0.891,0.92
LOC102723512,-0.0193,0.891,0.92
C1QTNF5 /// MFRP,0.0735083,0.695,0.92001
TTTY9B,0.00820429,0.843,0.9200955
OR9G1 /// OR9G9,0.0743501,0.695,0.92014
ADGRF2,-0.0106944,0.843,0.92017
TCHHL1,-0.00874444,0.844,0.9201723
NHP2L1,-0.0908806,0.695,0.92029
LOC100130274,0.1207846,0.696,0.92067
C3ORF39,-0.0695085,0.697,0.92096
LOC100128398,-0.0153,0.892,0.921
NALF1,-0.0398,0.892,0.921
LURAP1L-AS1,0.0323,0.893,0.921
LOC100289561,-0.011,0.893,0.921
LOC107987224,-0.03,0.892,0.921
LOC105374139,-0.0302,0.892,0.921
LOC102724948,-0.027,0.892,0.921
C16ORF73,-0.0777403,0.697,0.92112
TMEM35,0.0897553,0.697,0.92112
LOC399491,-0.0977329,0.697,0.92112
OR2L3 /// OR2L8,0.0792444,0.697,0.92112
NS3BP,0.080154,0.698,0.92119
C6ORF26,0.0720362,0.699,0.92121
SEPT11,-0.02020059,0.845,0.9213347
C15ORF2,0.0872294,0.7,0.92142
MOP-1,-0.1593702,0.7,0.92142
C20ORF173,0.0854016,0.7,0.92142
ACRV1,-0.077916,0.7,0.92142
OR5K2,0.0582379,0.7,0.92143
ZNF643,0.066336,0.701,0.92178
FAM214B,0.01177965,0.847,0.9218073
C20ORF26,0.0786753,0.701,0.92185
TMEM244,-0.00915666,0.847,0.9219402
LOC105375896,0.0207,0.893,0.922
TUBBP5,0.0378,0.893,0.922
C14ORF184,-0.067899,0.702,0.92225
LOC100289574,-0.0586481,0.702,0.92232
LOC100293149 /// PPP1R3F,0.0604518,0.702,0.92232
LOC653712,-0.0572211,0.702,0.92232
OR2M1P /// OR2M2 /// OR2M3 /// OR2M5 /// OR2M7,-0.0996699,0.703,0.92248
LOC100288413,0.0658421,0.703,0.92248
C19ORF69,-0.0674866,0.704,0.92276
LOC157860,-0.00993745,0.849,0.9228844
RTL10,-0.0115,0.894,0.923
LOC107984781,0.0349,0.895,0.923
SOSTDC1,-0.0680365,0.704,0.92308
LOC150776 /// SMPD4,0.0743377,0.705,0.92319
LOC100287685,-0.0585959,0.705,0.92323
GRK5 /// LOC100131848,0.061168,0.705,0.9233
WDR16,-0.0650641,0.705,0.92339
WDR11-AS1,0.00903458,0.85,0.923815
BSPH1,-0.0598935,0.707,0.92389
ZNF286A,-0.00840378,0.85,0.9239887
SNRNP25,0.0128,0.896,0.924
MYLK-AS2,-0.0259,0.896,0.924
RETREG3,0.00873,0.897,0.924
ATP5F1E,0.0116,0.897,0.924
LINC01124,-0.019,0.896,0.924
LOC105373994,0.0155,0.896,0.924
ACTG1P20,0.0141,0.896,0.924
LOC105378313,0.0398,0.895,0.924
LOC100130539,0.0763367,0.707,0.92415
LOC402778,-0.0773973,0.709,0.92418
SLMO2,-0.0626316,0.708,0.92418
C1QTNF9 /// C1QTNF9B,-0.0654355,0.709,0.92424
KLK1,-0.0709201,0.71,0.92441
RANBP2 /// RGPD1 /// RGPD2 /// RGPD3 /// RGPD4 /// RGPD5 /// RGPD6 /// RGPD8,0.2053708,0.71,0.92451
SMCR7,-0.0500528,0.71,0.92458
HS3ST3A1 /// HS3ST3B1,-0.0809358,0.711,0.9248
PIKFYVE /// SMR3A /// SMR3B,-0.0473036,0.712,0.92489
OR2T34,0.0534301,0.712,0.92499
HIST2H2AA3 /// HIST2H2AA4,-0.0666173,0.712,0.92499
LOC107986514,0.0197,0.897,0.925
MIR1825,0.0127,0.898,0.925
C12ORF11,0.0637508,0.713,0.92521
KRTAP10-3,-0.0658508,0.713,0.92531
DEFA1 /// DEFA1B /// DEFA3,-0.0641446,0.713,0.92531
OK/SW-CL.58,0.0758987,0.713,0.92536
C18ORF26,0.0525502,0.714,0.92542
TMEM146,-0.0861775,0.714,0.92542
LOC644762 /// MFF,0.1742933,0.714,0.92546
OR8B2 /// OR8B3,0.0519601,0.715,0.9255
CDX2,-0.00942578,0.853,0.9256934
C20ORF54,-0.0712469,0.715,0.92571
FOXD4 /// FOXD4L1 /// FOXD4L3 /// FOXD4L6,-0.0652017,0.715,0.92583
S100A7,0.00954803,0.854,0.9259097
LINC00911,0.00980468,0.854,0.9259878
ANP32AP1,-0.01545241,0.854,0.9260136
CXORF30,0.0872087,0.717,0.92654
GOLGA2B,-0.0717245,0.717,0.92667
TECRL,0.0616943,0.717,0.92667
LOC339047,0.1084952,0.718,0.92693
LOC107986169,-0.0269,0.9,0.927
LOC107986698,-0.0178,0.9,0.927
LOC101929427,-0.0231,0.901,0.927
MGC31957 /// TNFRSF10C,-0.0711397,0.719,0.92729
PPAPDC3,0.0591176,0.719,0.92733
EEF1G /// TUT1,0.0682924,0.719,0.9274
LOC101928134,-0.00922844,0.857,0.9277976
C9ORF6,0.0974197,0.72,0.92784
TRIM43B,0.00897056,0.857,0.9278957
SMIM13,-0.01283403,0.857,0.9279981
CNTRL,-0.00728,0.902,0.928
SPEN-AS1,0.0119,0.902,0.928
LOC101929372,-0.0132,0.901,0.928
LOC105378626,-0.0159,0.902,0.928
KIR3DP1,-0.0840635,0.721,0.92839
IGHV7-81,-0.0822433,0.722,0.92849
CASC10,-0.01981857,0.858,0.9284944
DUXA,-0.00920684,0.858,0.928662
NTN3,0.0079449,0.859,0.9288261
LOC100129845,0.0775968,0.723,0.929
MIR3940,0.017,0.902,0.929
C19ORF42,0.0763115,0.724,0.92929
LOC647302 /// LSM3,-0.1251002,0.724,0.92929
LOC100131539 /// LOC100132396 /// ZNF705A /// ZNF705D /// ZNF705F,0.0422234,0.724,0.92941
UGT1A1 /// UGT1A10 /// UGT1A4 /// UGT1A6,0.0700656,0.725,0.92948
SSX8,-0.0665279,0.725,0.92959
LOC100130015,-0.0800051,0.726,0.92973
SPATA3,0.0647414,0.726,0.92973
UPK1A,-0.00754587,0.86,0.929782
CASC17,-0.01095467,0.86,0.9298184
OR10H1 /// OR10H2 /// OR10H5,0.0739366,0.726,0.92998
KIAA1737,-0.0690801,0.727,0.92998
ABTB3,0.0216,0.903,0.93
EFL1P1,-0.0116,0.904,0.93
LOC105371716,0.0116,0.904,0.93
PRSS43P,-0.0198,0.904,0.93
SLX1B-SULT1A4,-0.0107,0.904,0.93
TRBV10-2,0.0475812,0.727,0.93023
LINC01256,-0.00856757,0.861,0.9302845
UCN3,-0.00796385,0.861,0.9303331
LINC01119,0.00633135,0.862,0.9304342
DYNAP,-0.00845891,0.862,0.9307318
GATSL3 /// TBC1D10A,-0.0559791,0.728,0.93089
ZNF875,0.00602,0.905,0.931
SNORD80,-0.0192,0.906,0.931
LOC105372401,0.00656,0.905,0.931
HBBP1,-0.00717999,0.863,0.9310316
BPIFB2,0.00770823,0.864,0.9313664
BEAN,0.0495005,0.73,0.93147
RPL36AP33,0.081837,0.73,0.93155
PCDH9-AS3,-0.0096124,0.864,0.9316685
CCDC67,0.0469222,0.731,0.93191
TMEM90A,-0.0744881,0.732,0.93198
C3ORF25,-0.0739924,0.732,0.93198
FOXO3B,-0.00869,0.907,0.932
SNORD72,-0.0685331,0.732,0.93204
C9ORF79,0.0530951,0.733,0.93214
HSP90AA6P,0.079363,0.734,0.9325
C11ORF85,0.0642407,0.734,0.9325
PRAMEF18 /// PRAMEF19 /// PRAMEF22 /// PRAMEF3,0.0726947,0.734,0.93273
LOC100289409,-0.0718622,0.734,0.93274
LOC100130386,-0.0736748,0.734,0.93274
RBM14 /// RBM4,0.0670636,0.734,0.93278
SNORA59A /// SNORA59B,0.053415,0.734,0.93278
C6ORF146,-0.0524786,0.735,0.93294
KIF1C-AS1,-0.00991,0.908,0.933
LOC102724530,0.02,0.908,0.933
NGFRAP1,0.0868302,0.735,0.93309
COL22A1 /// LOC100293055,0.0500252,0.735,0.93313
LOC105373782,0.00714332,0.867,0.9332136
LOC101927851,0.01011709,0.867,0.9333083
FLJ34503,-0.0496569,0.736,0.93336
C14ORF162,-0.0524848,0.737,0.93362
C11ORF73,0.0480639,0.737,0.93382
C4ORF11,-0.051383,0.737,0.93382
LOC100287314,-0.0705894,0.738,0.93388
FLJ32063,-0.0774411,0.738,0.93397
C2ORF44,0.0621776,0.738,0.93397
LPHN1,0.0551253,0.738,0.93397
LOC102723409,-0.0164,0.909,0.934
AARS1,0.00829,0.909,0.934
TSPEAR-AS2,-0.0273,0.909,0.934
LOC102467213,-0.00794549,0.868,0.9340753
C6ORF223,-0.0668697,0.74,0.93429
C17ORF72,0.0598957,0.74,0.93439
GPR162 /// LEPREL2,-0.0962376,0.74,0.9345
C1ORF172,-0.0699306,0.741,0.93481
NCRNA00219,0.0835198,0.741,0.93481
LMLN-AS1,-0.0173,0.911,0.935
ANKRD61,0.0134,0.911,0.935
LIVAR,-0.0137,0.91,0.935
SNORA3B,-0.0178,0.91,0.935
LOC729558,0.011,0.91,0.935
LOC105374733,0.0268,0.91,0.935
NPCDR1,-0.0452118,0.742,0.93518
SPPL2C,0.01005154,0.872,0.9358481
ATP5E,0.0799037,0.744,0.936
FAM75A1 /// FAM75A2 /// FAM75A3 /// FAM75A4 /// FAM75A5 /// FAM75A6 /// FAM75A7,-0.0893606,0.744,0.936
VPS26C,-0.0076,0.913,0.936
FAM100B,-0.0698432,0.744,0.936
HSP90AB6P,-0.0443525,0.744,0.936
LOC112267859,0.0147,0.913,0.936
LOC283788,0.0159,0.911,0.936
INSYN2A,-0.0102,0.912,0.936
LOC105370772,-0.0166,0.912,0.936
LOC105375018,0.0138,0.912,0.936
ROR1-AS1,-0.0261,0.912,0.936
LOC105370573,0.0123,0.912,0.936
FAM116B,0.0565152,0.744,0.9361
LOC728554 /// THOC3,-0.0550786,0.745,0.93626
PENK,0.0719004,0.745,0.93654
SGK196,-0.0686638,0.745,0.93654
CCL4 /// CCL4L1 /// CCL4L2,-0.0577001,0.746,0.93661
IL6,-0.0591287,0.746,0.93679
SNORA78,-0.0924513,0.746,0.93686
MGC31957,0.0814533,0.747,0.93686
ZNF687-AS1,-0.0157,0.913,0.937
LOC107986558,-0.0222,0.913,0.937
LOC107984346,0.0186,0.913,0.937
SNORA50A,-0.0179,0.913,0.937
LOC647309,-0.0481569,0.747,0.93721
LOC645822 /// USP32 /// USP6,-0.0574758,0.747,0.93721
BET3L,-0.0500684,0.747,0.93728
SNORA3,-0.1225472,0.748,0.93735
BPTF /// LOC146880 /// PLEKHM1P,-0.1308012,0.748,0.93735
FLJ43860,-0.0696045,0.751,0.93798
LRRC37A /// LRRC37A2,0.1306879,0.75,0.93798
FAM48B2,0.0606639,0.751,0.93798
CSN1S2A,-0.0592286,0.751,0.93798
LOC442459,0.0616271,0.75,0.93798
C10ORF93,-0.0665681,0.749,0.93798
LOC105375743,0.0168,0.915,0.938
STEEP1,-0.00616,0.915,0.938
LOC101928556,0.012,0.915,0.938
LOC101929141,0.0239,0.914,0.938
LOC285141,0.0369308,0.752,0.93808
OR5B2,0.0597762,0.752,0.93809
MSL3L2,0.0437196,0.752,0.9383
LINC01601,0.00870166,0.876,0.9383948
WHAMML1 /// WHAMML2,0.0745335,0.753,0.93847
OR5AS1,-0.056905,0.753,0.93859
ACCN5,-0.0449399,0.753,0.93861
C1ORF14,-0.0646345,0.753,0.93864
LRRC67,0.0531693,0.753,0.93869
PRDM12,0.00758463,0.877,0.9389357
SNORD116-4,0.00666872,0.877,0.9389358
F8A2,0.0142,0.916,0.939
LINC02536,-0.026,0.917,0.939
HSP90AB2P,0.0689029,0.755,0.93913
GSTA5,0.04902778,0.878,0.9391442
LRRC16A,-0.0522106,0.756,0.93915
LOC401242,-0.0688336,0.756,0.93915
FOPNL,-0.00827413,0.878,0.9392841
GABRD,-0.00761796,0.878,0.9393687
LOC102724479,0.00666063,0.878,0.9394059
LINC01461,-0.00582264,0.878,0.9394108
C20ORF185,-0.04738,0.756,0.93948
FAM190A,0.0498074,0.756,0.93948
LOC401312,-0.00693448,0.879,0.9395151
CUZD1 /// FAM24B,-0.0533201,0.757,0.93959
KIR3DL3,-0.00851966,0.879,0.9396872
LASS4,0.0511191,0.758,0.93983
DEXI /// LOC100133165,0.0557426,0.758,0.93989
LOC105376572,0.0182,0.918,0.94
LOC100507547,-0.0154,0.918,0.94
LOC105370408,0.0582,0.917,0.94
C12ORF67,0.0413229,0.759,0.94019
PRAC2,0.00480664,0.881,0.9406627
CHORDC1 /// LOC727896,0.069545,0.76,0.9407
FAM75B,-0.0513681,0.76,0.9407
FAM176B,0.0878473,0.76,0.9407
SLMO2-ATP5E,-0.00869,0.919,0.941
POU5F1P5,-0.0132,0.92,0.941
LOC105374418,-0.0117,0.918,0.941
TIMM23B-AGAP6,-0.00622,0.919,0.941
LOC105377166,0.0209,0.919,0.941
ARPC1B /// LOC653888,-0.0683729,0.761,0.94116
CTD-2151A2.1,0.00708422,0.882,0.9411925
PQLC2L,-0.00665518,0.882,0.9413094
KIAA0649,0.0464788,0.761,0.94141
C1ORF70,-0.0706071,0.762,0.94157
BOP1 /// LOC727967,0.0580163,0.762,0.9417
PDE7B-AS1,0.0149,0.92,0.942
LOC101927745,0.0248,0.92,0.942
LOC107984282,-0.01039822,0.884,0.9420203
C14ORF179,0.0641945,0.763,0.9422
C10ORF11,-0.02093348,0.885,0.942816
UBTFL1,-0.0513308,0.765,0.94285
C14ORF147,0.0528056,0.765,0.94296
C7ORF72,-0.0633727,0.765,0.94299
TPI1P3,-0.0115,0.921,0.943
TYW1 /// TYW1B,-0.0534169,0.765,0.94302
TAS1R1,0.0420989,0.766,0.94315
C7ORF54,-0.051636,0.766,0.94315
ATF6B /// TNXB,0.0623949,0.766,0.94315
ISX,-0.0611325,0.767,0.94326
LINC02641,-0.0187,0.923,0.944
WFDC21P,-0.0174,0.923,0.944
GATD3,0.00849,0.922,0.944
LOC107985430,-0.0206,0.923,0.944
LOC112268066,-0.0305,0.923,0.944
FRG2C,0.0261,0.923,0.944
OR56B4,-0.00606898,0.888,0.944279
LL22NC03-75H12.2,-0.00616784,0.888,0.9443564
FABP5 /// FABP5L3,0.1269235,0.769,0.94446
KIAA1731,-0.051386,0.77,0.94454
CNTF /// ZFP91-CNTF,0.0470197,0.771,0.94478
C20ORF195,-0.0551986,0.771,0.9448
NCRNA00189,0.046829,0.771,0.94483
NCRNA00099,-0.0557324,0.771,0.9449
COBRA1,-0.056754,0.772,0.94491
VAC14-AS1,-0.0109,0.924,0.945
C21ORF94,0.0486733,0.773,0.94522
GAGE7,0.00648822,0.89,0.9452668
BPY2 /// BPY2B /// BPY2C,-0.0598258,0.773,0.94529
C6ORF170,0.0495653,0.774,0.94549
C2ORF39,-0.0647524,0.775,0.94553
LMNB1 /// PCIF1,0.0420147,0.774,0.94553
TRIM16 /// TRIM16L,-0.0608279,0.775,0.94569
LOC100291462,0.050478,0.776,0.94572
LOC150568,-0.0528223,0.776,0.9458
UNQ6975,-0.0389278,0.776,0.94594
SYT15-AS1,-0.0146,0.925,0.946
LOC105379413,0.0222,0.925,0.946
SLCO4A1-AS2,0.0127,0.925,0.946
LOC105375470,0.0273,0.925,0.946
LOC102725227,-0.0155,0.925,0.946
TRNV,-0.0298,0.926,0.946
LOC105371573,0.0183,0.925,0.946
PRSS56,0.00466303,0.891,0.9460243
C20ORF187,-0.00577151,0.892,0.9463797
LOC101929457,-0.00381422,0.892,0.9464032
LOC105372520,-0.00751431,0.892,0.9465205
C21ORF130,-0.0480849,0.779,0.9466
FAM21A /// FAM21B /// FAM21C,0.0563402,0.78,0.94667
C4ORF40,0.0332556,0.78,0.94667
C14ORF109,0.0394679,0.78,0.94667
UBE2CBP,-0.0549072,0.78,0.94688
SCAMPER,0.0566484,0.781,0.94695
SEPTIN 5,-0.0616962,0.781,0.94695
FAM72C,-0.0118,0.927,0.947
LOC107985743,-0.0198,0.927,0.947
LOC107985664,-0.021,0.928,0.947
LOC105373547,0.0143,0.927,0.947
LOC107984275,-0.0124,0.927,0.947
TIMM23B,-0.00517,0.926,0.947
LOC101928039,0.0185,0.927,0.947
C12ORF63,0.0404425,0.781,0.94707
LOC55908,0.043843,0.782,0.94746
OR10H1 /// OR10H5,0.0559866,0.782,0.94749
CPLX3 /// LMAN1L,-0.0510775,0.782,0.94751
TMEM111,0.0719534,0.784,0.94775
ANKRD20A4,0.00546348,0.895,0.9479466
TTTY7B,0.00432451,0.895,0.9479765
LINC00111,0.00591867,0.895,0.9479765
LOC107986188,0.0116,0.928,0.948
LOC105372659,-0.0185,0.928,0.948
CYP2U1-AS1,0.0131,0.928,0.948
CENPBD1P,-0.00604,0.928,0.948
BGLAP,-0.0506369,0.785,0.94813
LOC440917 /// YWHAE,-0.0603413,0.785,0.94819
DHX9 /// LOC646813,0.0469596,0.785,0.94819
LOC100134348 /// TBC1D3 /// TBC1D3B /// TBC1D3C /// TBC1D3F /// TBC1D3H /// TBC1D3P2,-0.0509738,0.785,0.94819
C6ORF70,0.0457299,0.785,0.94833
LOC102724152,0.00563888,0.896,0.948401
ZNF259,0.0595294,0.786,0.94851
LOC554223,0.0558277,0.786,0.94853
CCDC11,-0.0405924,0.787,0.94854
C1ORF86 /// LOC100287750,-0.0660436,0.786,0.94854
ERVV-2,0.00518414,0.897,0.9493348
GH1 /// GH2,0.0643431,0.79,0.94952
C5ORF47,-0.00661248,0.898,0.9495316
C9ORF37,0.0681539,0.79,0.94959
DDX19A /// DDX19B,0.073401,0.79,0.94969
SEC22B4P,0.00717,0.93,0.95
LOC107985007,0.0217,0.931,0.95
KRTAP9-2,0.0415238,0.791,0.95013
ELP1P,-0.0441985,0.792,0.95023
C6ORF221,0.0552445,0.793,0.95027
OK/SW-CL.36,0.1132042,0.793,0.95042
DES /// FAM48A,-0.0801434,0.794,0.95065
RBMY1B,-0.00430081,0.9,0.9507906
HIST1H4A,0.00568333,0.9,0.9507906
LOC100131315,0.00463412,0.9,0.9508849
LOC101930112,0.0107,0.932,0.951
MIR374B,-0.0135,0.932,0.951
LOC105372698,0.0164,0.932,0.951
DUS4L-BCAP29,0.00578,0.932,0.951
DEFB133,-0.0309973,0.796,0.95116
WSPAR,0.0076872,0.901,0.9513346
LOC439951,0.0613528,0.797,0.95182
C10ORF116,-0.0427295,0.797,0.95186
MPO,-0.00962763,0.902,0.951889
CCDC37,-0.0487874,0.797,0.95193
LOC112268086,0.0137,0.934,0.952
CFAP53,-0.0112,0.933,0.952
LOC112268415,0.00545,0.933,0.952
OR10D1P,-0.00461958,0.903,0.952222
LOC645961,0.0429279,0.799,0.95237
LOC101929759,-0.00781589,0.903,0.9524903
LINC01386,-0.00425487,0.903,0.9525979
MIR205HG,0.00438339,0.903,0.9526135
KIAA1210,-0.0404926,0.8,0.95264
MCCD1,0.00502187,0.904,0.9526412
MIR3663HG,0.00586414,0.904,0.9526412
EMR3,-0.0529429,0.8,0.9527
FAM115C /// LOC154761,0.0443692,0.801,0.95276
LOC112268070,0.0105,0.935,0.953
LOC105370850,0.0195,0.935,0.953
VPS35L,0.00352,0.935,0.953
LOC107985242,0.0137,0.935,0.953
MIR21,0.1147143,0.802,0.95323
LOC729862,-0.0512073,0.803,0.95332
CHCHD3 /// LOC646572,0.0573136,0.803,0.95332
IL28RA,0.063927,0.803,0.95332
RPL5 /// SNORA66,-0.0465653,0.803,0.95358
LOC284440,-0.0353548,0.804,0.95359
NBLA00301,0.0536458,0.805,0.95375
LOC102724711,0.0213,0.936,0.954
LOC101927879,-0.0225,0.936,0.954
LINC02939,0.00958,0.936,0.954
LOC105372782,0.0195,0.937,0.954
OR2A4,-0.0102,0.936,0.954
H2BC5,-0.00773,0.937,0.954
C15ORF26,0.0384848,0.806,0.95407
ELP2P,0.0440879,0.806,0.95407
SSX2 /// SSX2B,0.0428322,0.806,0.95407
LOC100289420 /// TBC1D22A,0.0493432,0.806,0.95409
GSTTP1 /// GSTTP2 /// LOC284890,0.0478996,0.806,0.95409
HYPM,-0.00478722,0.906,0.9541919
LOC286254,-0.01315399,0.906,0.9541919
LOC646498,0.0506588,0.809,0.95467
C19ORF20,-0.0512931,0.809,0.95467
C13ORF38 /// SOHLH2,-0.0412629,0.809,0.95467
VWA5B1,0.0494048,0.809,0.95467
NANOGP1,0.0395491,0.81,0.95475
LOC100287942,0.0437785,0.81,0.95481
LINC02398,-0.0157,0.938,0.955
MAB21L4,-0.0187,0.938,0.955
LOC100289811 /// PMS2 /// PMS2CL,0.0788609,0.81,0.95503
UNQ9370,-0.0370803,0.811,0.95544
LEUTX,-0.0403369,0.812,0.95557
PMS2L11,0.051619,0.812,0.95567
GPR112,-0.0427277,0.812,0.95572
LOC729860,-0.00620461,0.909,0.9557755
LOC107985851,0.0115,0.939,0.956
LOC388514,-0.0580035,0.814,0.95633
C15ORF21,-0.0287013,0.814,0.95635
TTC39A-AS1,0.00602758,0.91,0.9563809
CRABP1,0.00504025,0.91,0.9564277
LOC100506368,0.00651759,0.91,0.9564277
FAM228A,0.00458559,0.91,0.9564917
C17ORF56,0.0444081,0.815,0.95656
HEATR7B2,-0.0303864,0.815,0.95664
KRTAP20-3,-0.052472,0.815,0.95664
DEFB105A /// DEFB105B,0.043016,0.815,0.95664
FOXD4L2 /// FOXD4L4 /// FOXD4L5,-0.0425243,0.815,0.9567
AP1S2 /// LOC653653,0.049745,0.815,0.9567
EVPL,0.00524809,0.911,0.9568885
CES7,0.0404417,0.816,0.95697
LOC107986717,-0.0117,0.941,0.957
ZUP1,-0.00467,0.94,0.957
LOC107986068,-0.0188,0.941,0.957
LNCOC1,0.0157,0.941,0.957
TPRG1-AS1,0.009,0.941,0.957
LINC02818,0.0135,0.94,0.957
PET100,-0.00603,0.94,0.957
DUXB,-0.0135,0.941,0.957
PIGBOS1,0.00486,0.939,0.957
NBEAP1,-0.00439118,0.911,0.9570647
OR4F17 /// OR4F4 /// OR4F5,-0.036222,0.817,0.9571
C5ORF60 /// LOC100289470 /// LOC441120,0.059581,0.817,0.95714
TEX43,-0.00602419,0.912,0.9574229
CXORF1,-0.0389501,0.818,0.95768
FAM183B,0.0392046,0.818,0.95769
KRT28,0.038735,0.818,0.95782
C9ORF30,0.035208,0.818,0.95788
NFKBIL2,0.0478137,0.818,0.95792
LOC105376579,-0.0106,0.942,0.958
LOC105379443,0.0125,0.942,0.958
LINC00677,-0.00404618,0.913,0.9582982
LOC732160 /// NDUFA10,0.0436653,0.819,0.95837
C20ORF160,0.0477283,0.82,0.95862
BOLA2 /// BOLA2B /// LOC440354,-0.0459328,0.82,0.95871
SOX8,-0.0321591,0.82,0.95879
TNKS2-DT,-0.0182,0.944,0.959
GUSBP16,0.00657,0.943,0.959
LOC101928944,0.00489483,0.915,0.9593196
LOC100293342,-0.0380745,0.822,0.95939
GABRQ,-0.00399512,0.916,0.9594579
C9ORF4,-0.0589112,0.823,0.95956
C2ORF62,0.0423425,0.823,0.95959
C11ORF46,0.0399201,0.823,0.95982
SNORA80,0.0501745,0.824,0.9599
C10ORF108,-0.0657762,0.824,0.96005
AA06,-0.00460415,0.917,0.9600645
CHKB /// CHKB-CPT1B /// CPT1B,0.0845176,0.825,0.96017
C5ORF52,-0.0531072,0.825,0.96027
LOC100129717,-0.0402229,0.825,0.96046
CBWD1 /// CBWD3,0.0326409,0.826,0.96046
LOC654780,-0.046894,0.825,0.96046
NUTM1,0.00365634,0.918,0.9605202
MTCP1 /// MTCP1NB,0.0422939,0.827,0.96066
SBK2,0.0650384,0.827,0.96072
MTERF,-0.0418306,0.828,0.96099
LOC105370546,0.0102,0.946,0.961
LOC105373269,-0.00693,0.946,0.961
STX5-DT,-0.00665,0.946,0.961
STRCP1,-0.0108,0.945,0.961
LOC105372316,0.0172,0.945,0.961
LOC105376253,0.0167,0.945,0.961
CCDC153,-0.0368237,0.828,0.96106
LOC101928270,-0.00442769,0.919,0.9612128
FRG1 /// LOC100134091 /// LOC100289068 /// LOC642236,-0.0556454,0.829,0.96126
TTTY9A /// TTTY9B,0.0338143,0.83,0.96171
IK /// LOC644456,-0.0369826,0.831,0.96177
OR56A5,-0.0332004,0.831,0.96177
C20ORF106,0.0404739,0.831,0.9618
FAM57B,0.0350129,0.831,0.96184
LOC100289612,-0.0318662,0.832,0.96197
LOC105371734,-0.0117,0.947,0.962
LOC102724861,0.0122,0.947,0.962
KIAA1486,0.0368114,0.833,0.96217
C7ORF55 /// LUC7L2,-0.0385647,0.833,0.96224
C19ORF34,0.0350087,0.833,0.96224
LOC728613,-0.0418146,0.834,0.96241
LOC151121,-0.0396336,0.834,0.96241
CCDC162,0.0468243,0.834,0.96241
C6ORF126,-0.0350632,0.834,0.96241
PLEKHM1P,-0.0307658,0.834,0.96241
LRRC73,0.00512116,0.922,0.9626699
LOC100131060,0.0303529,0.836,0.96277
LOC100289755,-0.0349906,0.836,0.96277
C9ORF139,0.00532795,0.922,0.9628298
C20ORF203,-0.00359166,0.923,0.9629676
BACH1-IT2,-0.00892,0.948,0.963
LOC107986660,0.00985,0.948,0.963
LOC105372432,0.00877,0.949,0.963
LOC102723323,-0.0102,0.949,0.963
LOC105369781,0.011,0.949,0.963
ATP2B1-AS1,-0.00768,0.949,0.963
MISFA,-0.00473,0.949,0.963
FKSG2,-0.0331713,0.837,0.96314
C11ORF66,0.0460667,0.837,0.96314
C16ORF7,-0.03262,0.838,0.9633
ZNF826,-0.036482,0.838,0.9633
VSTM2B,-0.0328798,0.839,0.96338
AZI1,0.0381216,0.839,0.96339
FAM138A /// FAM138B /// FAM138C /// FAM138D /// FAM138F,-0.0331071,0.839,0.96352
LOC440563,-0.048889,0.839,0.96352
GBX2,-0.0297587,0.839,0.96352
C9ORF69,-0.0327452,0.84,0.96355
LOC642633 /// LOC729444 /// LOC729461,0.0536381,0.841,0.96371
CGB1 /// CGB2,0.0297665,0.84,0.96371
SEC1,0.0377181,0.841,0.96371
LOC100292920 /// MED18,0.0329478,0.841,0.96371
UBE2Q1-AS1,-0.00474,0.949,0.964
PRKXP1,-0.0132,0.95,0.964
SNORD151,-0.0115,0.95,0.964
CXORF49 /// CXORF49B /// LOC100129291,0.0330625,0.842,0.964
FLJ45079,-0.0379174,0.842,0.9641
MYH6 /// MYH7,-0.0531477,0.843,0.9641
LOC100294129 /// LOC100294254,-0.0320786,0.843,0.96412
OR1D4 /// OR1D5,0.0306713,0.843,0.96413
ROPN1,0.0595792,0.843,0.96417
NOMO1 /// NOMO2 /// NOMO3,0.0385897,0.843,0.96417
HSPC072,0.0334407,0.845,0.96455
LRDD,-0.0524132,0.845,0.96464
MRC1L1,0.0501098,0.845,0.96464
LINC00706,-0.0032901,0.926,0.964789
LOC100131822,0.0438078,0.846,0.96486
ZNF443 /// ZNF799,-0.0390617,0.846,0.96493
C21ORF70 /// LOC729535,-0.0374852,0.846,0.96493
GRRP1,-0.0329458,0.847,0.96498
LOC100132891,0.0379887,0.847,0.96498
LOC105374811,-0.0115,0.951,0.965
LOC112267876,-0.017,0.951,0.965
LOC107985153,0.0149,0.951,0.965
TNRC17,0.00947,0.951,0.965
TENT5A,-0.0066,0.952,0.965
LOC105373064,0.00874,0.951,0.965
C2ORF53,0.0435023,0.847,0.96501
C7ORF29,0.0284739,0.847,0.9651
SNORA84,0.0456673,0.848,0.96538
LOC100128554,0.0353627,0.849,0.96555
C1ORF185,0.00318406,0.928,0.9657413
CCDC19,0.0297517,0.849,0.96575
ODZ4,0.0334071,0.85,0.96576
TCF24,-0.00435742,0.928,0.965787
C16ORF48,0.0294222,0.85,0.96599
LINC01606,0.0395,0.953,0.966
LOC105374510,-0.0197,0.953,0.966
LOC101927788,0.00637,0.952,0.966
LOC400696,0.0317653,0.851,0.96613
C7ORF47,-0.0418088,0.851,0.96613
TRIM49D1,-0.00445779,0.929,0.9662203
C13ORF28,-0.0421896,0.851,0.96623
FAM22A /// FAM22B /// FAM22D /// FAM22E,-0.0393084,0.852,0.96623
MGC39545,-0.0322948,0.852,0.96624
XKRY /// XKRY2,-0.0353257,0.852,0.96625
LCE1F,0.00343574,0.929,0.9663736
RNF182,-0.0336541,0.853,0.96638
KPNA2 /// LOC146880 /// PLEKHM1P,0.1254769,0.853,0.96638
BCORL2,-0.0332266,0.854,0.96665
LOC100288162,0.0283411,0.854,0.96665
RGS21,-0.0291228,0.854,0.96665
LINC00606,-0.00407362,0.93,0.9666778
CFC1 /// CFC1B,-0.0301651,0.854,0.96677
SDHA /// SDHAP1 /// SDHAP2,0.0524192,0.854,0.96678
FLJ44082,0.0393051,0.854,0.96678
LINC00652,0.0037554,0.93,0.9667962
FAM70B,-0.0449422,0.855,0.96681
C21ORF87,-0.0269475,0.855,0.96685
FAM136B,-0.0352731,0.855,0.96699
AGAP1-IT1,-0.00974,0.954,0.967
LOC105370062,0.00927,0.954,0.967
LOC105371425,-0.0144,0.955,0.967
LOC105376991,0.00738,0.953,0.967
TUBA1B-AS1,-0.0104,0.954,0.967
LINGO3,0.0317913,0.856,0.96732
C12ORF53,-0.0378104,0.857,0.96757
C19ORF77,0.0517985,0.857,0.96757
C1ORF182,-0.0346337,0.857,0.96762
C6ORF94,-0.0315365,0.857,0.96763
PRR22,0.0411665,0.859,0.96798
JMJD1C-AS1,-0.00715,0.955,0.968
PRRT1B,0.0076,0.956,0.968
SYNDIG1L,0.00764,0.956,0.968
LOC105376340,0.00973,0.956,0.968
LOC112268455,0.0081,0.956,0.968
C1ORF68,-0.00473498,0.932,0.9680297
CORT,-0.00512007,0.933,0.9683236
LCE1C,0.0270745,0.861,0.96878
LOC100507140,-0.00348709,0.934,0.9688089
C9ORF169,0.0319441,0.862,0.96898
LOC105372323,0.0147,0.957,0.969
LOC105374651,-0.0115,0.957,0.969
LOC105372816,-0.011,0.957,0.969
LOC105375359,0.00816,0.956,0.969
POU2AF3,0.009,0.957,0.969
H2AFB2 /// H2AFB3,0.0301537,0.863,0.96901
LOC400590,-0.0357366,0.864,0.96937
COL6A4P1,-0.00324639,0.936,0.9694893
LOC100289169 /// LOC730153 /// NPIPL2,0.040374,0.866,0.96995
SNORA22C,-0.00948,0.958,0.97
LOC107985865,-0.0123,0.958,0.97
LINC00242,0.0067,0.958,0.97
LOC100288310,0.00344329,0.937,0.9700579
SPG20-AS1,-0.00368667,0.937,0.9700753
PPBPL2,-0.0344913,0.866,0.97025
LOC100289550,0.0375456,0.867,0.97034
NCL /// SNORA75,-0.0321105,0.868,0.97063
SSX6,-0.0251108,0.868,0.97063
PPY2,0.0361149,0.868,0.97063
EDNRB /// SFTPB,-0.0231054,0.869,0.97086
LOC112268433,0.0121,0.959,0.971
C11ORF51,0.0320787,0.869,0.97106
BOD1L,0.0243135,0.87,0.97117
SFRS16,-0.039834,0.871,0.97145
SNORA28,0.0361615,0.871,0.97163
SNAR-C3,0.00307237,0.941,0.9718071
TRIM43 /// TRIM43B,-0.0264792,0.872,0.9719
CGB7 /// NTF4,-0.0478993,0.872,0.97193
THSD4-AS1,-0.00921,0.961,0.972
LOC105371755,-0.00419,0.961,0.972
LOC105373047,-0.0131,0.961,0.972
LOC107986495,-0.00767,0.961,0.972
UBE2Q2P2,-0.0063,0.96,0.972
EGFL8 /// PPT2,0.0415154,0.872,0.97212
FLJ25996,-0.0264996,0.873,0.97243
C18ORF18,0.0275162,0.874,0.97276
HDAC10 /// MAPK12,-0.0289074,0.874,0.97281
C1ORF99,-0.0273701,0.874,0.97293
ARPM1,-0.0281715,0.875,0.97299
FLJ20518 /// FRG2 /// FRG2B /// FRG2C /// LOC651959,0.0187968,0.875,0.97299
RELA-DT,-0.00411,0.962,0.973
LOC107986029,-0.0125,0.963,0.973
LOC107984352,0.00834,0.963,0.973
LOC107985962,-0.0186,0.962,0.973
LOC105374808,-0.00902,0.962,0.973
MAPK8IP3-AS1,0.00835,0.962,0.973
C4ORF39,-0.0231234,0.876,0.97324
LOC644165,-0.0348263,0.877,0.97331
C1ORF227,0.0260398,0.878,0.97342
LOC105372068,-0.00309582,0.944,0.9737213
LOC642869 /// LOC646817 /// SET,0.046458,0.88,0.97389
LOC105373265,-0.00736,0.963,0.974
LOC105372407,0.00794,0.964,0.974
SULT1A3,0.00439,0.963,0.974
H2BC4,-0.00493,0.964,0.974
LOC105377106,-0.00803,0.964,0.974
LOC338797,-0.0255123,0.88,0.97405
C6ORF115,0.0339444,0.88,0.97405
LOC102724552,0.00324719,0.945,0.9741971
LOC100131217,0.0377168,0.881,0.97431
C9ORF119,0.0287517,0.881,0.97445
RNMTL1,0.0233589,0.882,0.97455
C17ORF85,0.0365883,0.882,0.97455
ANKH /// TSPAN3,-0.0422023,0.882,0.97455
OTOL1,0.00374268,0.946,0.974591
KIAA1409,-0.0350396,0.883,0.97461
LOC100128356,0.037823,0.884,0.97471
CALHM3,-0.0228936,0.884,0.97471
ZNF542,-0.0308772,0.884,0.97485
ACOT1 /// ACOT2,-0.0436029,0.885,0.975
LOC105370042,-0.00659,0.965,0.975
SLC6A1-AS1,0.00848,0.966,0.975
LOC107986004,0.0115,0.964,0.975
ORC6L,-0.0222569,0.885,0.975
KRT31,-0.0256082,0.885,0.975
SMN1 /// SMN2,0.0480848,0.886,0.97524
GAGE1 /// GAGE12B /// GAGE12C /// GAGE12D /// GAGE12E /// GAGE12F /// GAGE12G /// GAGE12H /// GAGE12I /// GAGE4 /// GAGE5 /// GAGE7,-0.0267401,0.887,0.97526
RHOXF2 /// RHOXF2B,0.0332095,0.887,0.97526
ANKRD36 /// ANKRD36B /// LOC100134365 /// LOC400986 /// LOC400987,0.0275227,0.887,0.97531
DPY19L2 /// DPY19L2P1 /// DPY19L2P2,-0.0243645,0.887,0.97571
IL20,-0.0217479,0.888,0.97576
LOC138412 /// SLC25A6,-0.0298585,0.888,0.97577
C1ORF150,-0.018518,0.889,0.97595
GPR109A /// GPR109B,0.0297167,0.889,0.97595
ZNF213-AS1,0.00447,0.966,0.976
VEGFD,0.00791,0.967,0.976
LINC02672,0.0299,0.966,0.976
GOLGA8Q,0.00392,0.966,0.976
LOC101929551,0.00250468,0.949,0.976025
RNF216L,0.0186653,0.89,0.97604
LOC642864,0.0282516,0.89,0.97607
MYADML2,0.0306077,0.891,0.97639
SGK494 /// SPAG5,-0.0244446,0.891,0.97639
SPANXE,-0.0249359,0.891,0.97639
ANKRD30B,-0.0165002,0.892,0.97642
LOC90925,-0.0212222,0.893,0.97642
LOC440905,0.0194863,0.893,0.97642
OR2T12 /// OR2T33 /// OR2T8,-0.0302508,0.892,0.97642
PRY,-0.00295988,0.951,0.9767042
LOC105371376,-0.00538,0.968,0.977
LOC105369416,0.00781,0.968,0.977
LOC107984578,-0.00855,0.968,0.977
DEFB104B,0.00266084,0.951,0.9770852
LOC100133770 /// VPS35,-0.0246015,0.895,0.97716
ERICH1 /// FLJ00290,0.0411832,0.895,0.97718
C8ORF17,-0.0254766,0.895,0.97718
LOC729317 /// VDAC2,-0.0253052,0.896,0.97721
ZNF833,0.0188228,0.896,0.97721
FLJ22536,-0.0206488,0.896,0.97721
LOC102467224,-0.00246221,0.952,0.9773154
ZMAT4,0.0258577,0.897,0.97739
LOC100288831,-0.0245119,0.897,0.97743
LOC100131434 /// LOC100272228,-0.0251726,0.898,0.97747
LOC152274,-0.00238962,0.952,0.9775113
TAKR,0.0199957,0.898,0.97759
LOC100130428,-0.0190795,0.898,0.97765
LOC440957,-0.0327518,0.898,0.97769
ZSCAN26,-0.00222,0.97,0.978
LOC101927259,-0.00621,0.969,0.978
LOC112268081,-0.00892,0.969,0.978
OR10A2 /// OR10A5,-0.0210427,0.899,0.97802
C15ORF55,0.028652,0.899,0.97802
DSCR6,0.0219033,0.899,0.97802
C4ORF48,0.0241192,0.902,0.97861
GCN1L1,-0.0181541,0.902,0.97861
C12ORF70,0.0239146,0.902,0.97862
SAA3P,0.0213822,0.903,0.97884
C14ORF104,0.0169228,0.903,0.97893
KRTAP21-1 /// LOC647262 /// LOC647264 /// LOC731932,0.0218628,0.903,0.97898
LOC105377932,-0.00643,0.97,0.979
HOTS,0.0104,0.97,0.979
LOC105370247,-0.00588,0.971,0.979
LOC105369373,0.00271,0.971,0.979
LOC105379283,-0.00568,0.97,0.979
LINC01335,0.00304134,0.956,0.9790701
AGAP4 /// AGAP7 /// AGAP8 /// LOC100294038,-0.0307635,0.905,0.97934
LOC100506675,-0.00275154,0.957,0.9797651
C2ORF80,-0.0174843,0.907,0.97995
RHBDL1,0.0328598,0.907,0.97997
CXORF59,-0.0195052,0.908,0.97997
TTTY6 /// TTTY6B,-0.025417,0.908,0.97997
LOC101929679,0.00189095,0.958,0.9799862
ZNF37BP,0.00305,0.971,0.98
LOC105373422,0.00505,0.971,0.98
LOC105373043,-0.00596,0.972,0.98
UFD1,-0.00206,0.972,0.98
KIFBP,0.00267,0.972,0.98
LOC107986007,0.00595,0.972,0.98
OR7E2P,-0.0072,0.972,0.98
HILPDA-AS1,0.00507,0.971,0.98
TDF,0.0220877,0.908,0.98003
TCEB3C,0.0021968,0.959,0.9802462
LINC00691,-0.00296822,0.959,0.9803122
FLJ41130,-0.00188125,0.959,0.9803122
LOC100128542,-0.0224953,0.91,0.98043
DYSFIP1,0.0315149,0.911,0.98066
GTF2IRD2 /// GTF2IRD2B,0.0217022,0.911,0.98068
FLJ33534,0.0281746,0.912,0.98077
SS18 /// SSX2,0.0265752,0.912,0.98077
FAM38A,-0.0206192,0.912,0.98077
PP2672,0.0217842,0.912,0.98077
LINC02604,-0.00596,0.974,0.981
LOC107984388,-0.00606,0.973,0.981
LOC107986189,0.00699,0.974,0.981
LOC105372717,-0.00443,0.973,0.981
XNDC1N,-0.00352,0.974,0.981
LOC105371064,0.00485,0.973,0.981
LOC105370972,0.0106,0.974,0.981
IGH@ /// IGHD /// IGHG1 /// IGHM /// LOC100289944,0.0325146,0.914,0.98138
LINC01264,-0.00207475,0.962,0.9815231
LOC100129827,-0.0185079,0.914,0.98154
MRPS17 /// ZNF713,0.0288607,0.915,0.98166
DEFB116,0.0205569,0.915,0.98171
BANP /// RRN3P2,-0.0409247,0.916,0.98179
NDNL2,0.0178015,0.916,0.98188
PRR10,-0.0204534,0.916,0.98188
MT1M /// MT1X /// MT2A,0.01887,0.917,0.98189
FAM71E1,0.00454366,0.962,0.9819536
LOC105372159,0.00738,0.975,0.982
MIR2117HG,-0.00657,0.975,0.982
GPM6A-DT,-0.00481,0.974,0.982
LOC105374557,-0.0125,0.975,0.982
LOC101927445,0.00446,0.976,0.982
KRTAP2-1,-0.0160943,0.917,0.98215
P704P,-0.0215521,0.918,0.98216
LOC100130522,-0.0206106,0.919,0.98253
SNORA15,0.0184145,0.92,0.98276
GAFA1,0.0202723,0.92,0.98282
FAM119A,0.0147244,0.92,0.98288
ATP5F1A,-0.00231,0.976,0.983
LOC107986470,0.00624,0.976,0.983
LOC107985201,0.00417,0.977,0.983
TRNE,0.00801,0.977,0.983
SNORD11,0.00547,0.976,0.983
LOC100130587,-0.0087,0.976,0.983
TBC1D3G,0.00276,0.976,0.983
PAGE3,-0.00180874,0.965,0.9831726
NBPF22P /// NBPF4,-0.0182324,0.922,0.9833
PABPC1P2,-0.0166368,0.922,0.9833
LOC100128185,-0.0192877,0.922,0.98338
LOC283999,-0.0209393,0.923,0.9837
LOC613126,-0.0246375,0.925,0.98377
SNHG11 /// SNORA60,0.0167351,0.925,0.98393
LOC282980,0.0210668,0.925,0.98394
RSPH14,0.00146751,0.967,0.983995
LOC105377291,-0.00262,0.977,0.984
LOC105370763,0.00665,0.977,0.984
LOC105376204,0.00634,0.978,0.984
SLC7A14-AS1,-0.00633,0.978,0.984
C14ORF139,-0.0226756,0.926,0.98402
LOC105372441,0.00185157,0.968,0.9842863
MGC34800,0.0126548,0.929,0.98456
CCBL1,-0.0202722,0.929,0.98473
LOC105376626,-0.00516,0.979,0.985
LOC105374458,-0.0052,0.979,0.985
OSTN-AS1,0.00547,0.979,0.985
LOC105378975,0.00456,0.979,0.985
CD99P1,0.00232,0.979,0.985
SLC66A3,0.0015,0.979,0.985
RPL23AP53,0.00198,0.979,0.985
CDKN2BAS,0.0164956,0.931,0.98514
NCRNA00204,-0.0179848,0.931,0.98543
C14ORF79,-0.0184501,0.931,0.98545
WIBG,-0.0190899,0.933,0.98562
FAM55A,0.012286,0.932,0.98562
SNAR-E,-0.00167057,0.971,0.9856701
LOC105373984,-0.00237034,0.971,0.9857127
LOC107984737,0.00461,0.98,0.986
CPNE8-AS1,-0.00274,0.981,0.986
LOC643923,-0.0148931,0.934,0.98601
OR8H2 /// OR8H3,-0.0119666,0.935,0.98632
FCGR3A /// FCGR3B,0.02624,0.935,0.98632
MGC50722,-0.0179884,0.935,0.98632
GAFA3,-0.0325788,0.936,0.98657
KIAA1024L,0.00126755,0.973,0.9868007
LOC653513 /// PDE4DIP,0.0178572,0.937,0.98684
TOB1-AS1,0.00313,0.982,0.987
LOC107987128,-0.00233,0.982,0.987
LOC101928977,-0.00096943,0.974,0.9872873
LINC00446,0.00122407,0.974,0.987448
C3ORF24,-0.014356,0.94,0.98758
CXORF61,0.0147361,0.94,0.98758
FAM22G,0.0144307,0.94,0.98764
LOC100286925,0.0179882,0.94,0.98774
JMJD7-PLA2G4B /// PLA2G4B,0.0131596,0.941,0.98781
CR1 /// CR1L,-0.0289648,0.941,0.98781
KRT14P,-0.0122548,0.942,0.98784
BAGE3,-0.00188303,0.975,0.9879426
LOC102723675,-0.00474,0.983,0.988
LINC03013,-0.0047,0.983,0.988
LOC107985203,0.00302,0.984,0.988
FLJ20518 /// FRG2C /// LOC651959,-0.0111864,0.943,0.988
SOHLH1,-0.0117078,0.943,0.98809
MGC45800,0.013487,0.943,0.98812
OR5K1 /// OR5K2,0.0085743,0.944,0.98841
FLJ41350,-0.0132478,0.944,0.98845
FRMPD3,-0.00123151,0.977,0.988472
C19ORF76,0.0169599,0.945,0.98853
LOC100289637,-0.013124,0.945,0.98855
C1ORF138,0.0122749,0.945,0.98855
DRC1,0.00128134,0.977,0.9885616
SLC35G3,-0.00158701,0.977,0.9885616
OR2D3,-0.0189244,0.947,0.98876
FLJ10661,0.0101769,0.946,0.98876
JMJD7 /// JMJD7-PLA2G4B,-0.0123307,0.947,0.98889
OBP2A /// OBP2B,-0.0160572,0.948,0.98892
LOC730441,-0.0116271,0.947,0.98892
LOC107985874,0.00242,0.985,0.989
GTF2IP13,0.00237,0.985,0.989
LOC105370993,0.00447,0.985,0.989
LINC00102,-0.00427,0.984,0.989
MRAP-AS1,-0.00319,0.984,0.989
LOC105373027,-0.00306,0.985,0.989
LOC388436,-0.00351,0.985,0.989
SHCBP1L,0.00111107,0.978,0.989119
LOC541472,-0.0099181,0.949,0.98924
LOC653479 /// MRPL45,-0.0157804,0.949,0.98928
CLCA1,0.00149567,0.978,0.9893036
C9ORF27,-0.0097644,0.95,0.98933
RRN3 /// RRN3P1 /// RRN3P2,-0.0194478,0.95,0.98933
ANKHD1-EIF4EBP3 /// EIF4EBP3,-0.0125464,0.95,0.98934
HS3ST4,0.0113139,0.95,0.98938
C19ORF46,0.0128328,0.95,0.98938
LOC645339,-0.0138524,0.951,0.98948
LOC100271702 /// LOC100288635,-0.0113515,0.951,0.9895
OTOP1,0.00098726,0.979,0.9895374
SMIM23,-0.00121734,0.979,0.9898724
SNORD133,0.00287,0.987,0.99
LOC105375361,0.00318,0.986,0.99
LOC105371566,-0.00331,0.986,0.99
LOC101929534,0.00386,0.986,0.99
LOC105378137,-0.00125485,0.979,0.9900017
OR4F16 /// OR4F21 /// OR4F29 /// OR4F3,0.0122445,0.953,0.99013
GPR128,0.0119584,0.954,0.99079
OPRPN,-0.00293569,0.981,0.9908452
LINC00322,0.00123817,0.981,0.9909193
LOC441869,0.0085422,0.956,0.99092
CNTF /// ZFP91 /// ZFP91-CNTF,0.011473,0.956,0.99092
ATP8B1-AS1,-0.00109,0.987,0.991
PMS2P1,0.000923,0.988,0.991
EPN2-IT1,0.00265,0.988,0.991
LOC101929347,-0.00279,0.987,0.991
LOC105372486,-0.00267,0.987,0.991
LOC105377134,-0.00437,0.987,0.991
LOC100128644,0.0080898,0.956,0.99102
C3ORF15,-0.0092978,0.956,0.99102
DOCK9-AS2,0.00153831,0.982,0.9913482
OR51A2 /// OR51A4,-0.0090357,0.959,0.99137
C21ORF37,-0.0078426,0.958,0.99137
ZNF322A,0.0131798,0.959,0.99137
C20ORF201,-0.0140669,0.957,0.99137
FAM116A,-0.015569,0.958,0.99137
C11ORF41,-0.0132992,0.958,0.99137
TMEM52B,0.00084257,0.983,0.99151
HSN2,-0.009558,0.96,0.99174
OR5T1 /// OR5T2 /// OR5T3,0.0088842,0.961,0.99175
LOC646517 /// WTAP,0.0127356,0.961,0.99175
C9ORF173,-0.0068731,0.962,0.99194
CABS1,-0.00114909,0.984,0.991946
DUS2L,-0.0083968,0.962,0.99196
C1ORF59,-0.0078517,0.963,0.99199
LOC107985358,0.00147,0.99,0.992
ND2,-0.00346,0.988,0.992
LYPLAL1-DT,0.0029,0.989,0.992
KAP2.1B /// KRTAP2-2,0.0084095,0.964,0.99207
EXOC3L,-0.0081154,0.964,0.99218
C1ORF84,-0.0072728,0.965,0.99223
BCR /// FLJ42953 /// LOC100287161,0.0164551,0.965,0.99254
LOC440563 /// LOC649330,-0.0116926,0.966,0.99289
ID2B,0.0063331,0.966,0.99289
LOC107985720,-0.00194,0.99,0.993
LOC105372956,0.00124,0.991,0.993
LOC107987374,0.00286,0.99,0.993
CRYM-AS1,0.00258,0.991,0.993
LINC02538,-0.00212,0.991,0.993
LOC105374368,-0.00189,0.99,0.993
LINC01341,0.00218,0.991,0.993
BTBD12,0.0074672,0.967,0.99304
IL28A /// IL28B,-0.0073741,0.968,0.99315
LOC100131541,0.0048908,0.968,0.99317
TIMM16,0.0086774,0.969,0.99325
TRIM49 /// TRIM49B,-0.0076654,0.97,0.99352
SAXO1,-0.00090912,0.987,0.9935369
LOC101926963,-0.00065335,0.988,0.9939603
LOC101928004,0.00298,0.991,0.994
DHDDS-AS1,0.00128,0.991,0.994
LOC105374297,-0.00226,0.991,0.994
LOC107986363,-0.000898,0.992,0.994
GRAPL-AS1,-0.00189,0.992,0.994
LOC100996643,0.00194,0.992,0.994
SALRNA2,-0.00206,0.992,0.994
LOC107986364,-0.00118,0.992,0.994
C10ORF68,-0.006272,0.973,0.99427
AMAC1L2,-0.0065815,0.972,0.99427
GBX1,0.0067482,0.972,0.99427
LOC100126582,-0.0053703,0.974,0.99457
LOC105374341,0.00123,0.993,0.995
TSSC2,0.00161,0.993,0.995
LOC101928351,-0.00122,0.993,0.995
LOC107986254,0.000638,0.994,0.995
WTH3DI,0.00060601,0.99,0.9951091
HEJ1,0.0049918,0.976,0.99524
DSERG1,-0.0038578,0.976,0.99524
PRAMEF18 /// PRAMEF19 /// PRAMEF3,-0.0063362,0.977,0.99527
OR7A10,0.00046636,0.991,0.9953509
KIAA0802,0.0046935,0.979,0.99548
LOC102723703,0.00050184,0.991,0.9956675
MAGOH-DT,0.00108,0.995,0.996
SCARNA1,-0.00127,0.995,0.996
SERPINA13P,-0.00044737,0.992,0.9960097
LOC101926892,-0.00037326,0.992,0.9961157
LPPR2,0.0053851,0.982,0.99613
BTBD19 /// PLK3,0.0040389,0.982,0.99615
ADGRG4,-0.00057104,0.992,0.9962648
PAGE2 /// PAGE2B,-0.0031808,0.984,0.99634
LOC100132215,-0.0043518,0.984,0.99651
GUCY2E,0.0036367,0.984,0.99666
LINC01613,-0.00035397,0.993,0.9966677
AQP12A /// AQP12B,0.0043943,0.985,0.99682
LOC101927055,-0.000819,0.997,0.997
CTAGE8,0.000515,0.996,0.997
MADD-AS1,0.000682,0.996,0.997
LOC102723842,0.00116,0.997,0.997
SNORA34,-0.0066023,0.986,0.99715
PPBPL1,-0.0029467,0.987,0.99733
C6ORF154,0.0024026,0.988,0.99752
LOC107984678,-0.00030503,0.995,0.9975478
C11ORF17 /// NUAK2,0.0025405,0.989,0.99767
IRGM,-0.0020713,0.989,0.99777
LOC100131174,0.00014854,0.996,0.9977768
LOC107985012,0.000456,0.998,0.998
LOC107985119,-0.000412,0.997,0.998
LOC100288447,0.0021064,0.992,0.99807
MGC15705,0.002722,0.992,0.99807
C19ORF26,-0.0021253,0.992,0.99814
SOLH,-0.0013935,0.992,0.99817
LOC100130238,-0.00015465,0.996,0.9981778
PRR23C,0.0014305,0.994,0.99854
LASS1,-0.0014836,0.994,0.99854
C9ORF125,-0.0012284,0.994,0.99854
C14ORF142,-0.0008409,0.995,0.99858
LOC338579,-0.0011918,0.995,0.99865
C1ORF204,-0.0009484,0.995,0.99872
MFF-DT,0.000117,0.999,0.999
LST-3TM12 /// SLCO1B3,0.0006178,0.996,0.99903
LOC101928358,-8.841e-05,0.998,0.9990481
ODF3,-0.0008683,0.997,0.9992
LINC01538,7.256e-05,0.999,0.9992956
LINC01034,5.044e-05,0.999,0.9993795
C17ORF88,0.0005163,0.998,0.99947
C19ORF30,-0.0003799,0.998,0.99947
C17ORF106 /// CDK3,0.0002491,0.999,0.99979
C3ORF47,4.71e-05,1.0,0.99993
