gene,logFC,p_value,adj_p_value
CBSL///CBS,1.18282164,1.0600000000000001e-56,1.2699999999999999e-52
ASPN,-2.87354942,1.37e-46,8.21e-43
SFRP2,-2.60960092,1.62e-45,6.459999999999999e-42
SUN2,0.82966871,8e-44,2.39e-40
GPX3///GPX3,1.41080964,1.09e-43,2.61e-40
PSD3,-1.07706565,6.46e-43,1.1e-39
MGAM,2.16041968,5.94e-43,1.1e-39
COL14A1,-2.06047864,6.749999999999999e-42,1.0099999999999999e-38
RPS6KA2,0.90790522,5.96e-41,7.91e-38
PLPPR4,-1.36622984,1.17e-40,1.39e-37
NECAB1,1.80468093,1.29e-40,1.4e-37
SSPN,-0.9908241,1.6599999999999999e-40,1.5300000000000002e-37
SLCO4A1,2.04902995,2.67e-40,2.28e-37
SYTL2,-1.10353269,5.299999999999999e-40,4.2200000000000006e-37
GALNT18,1.11366708,8.16e-40,6.1e-37
P2RY1,1.38505638,9.85e-40,6.92e-37
FNDC1,-1.62903685,1.16e-39,7.58e-37
HMCN1,-1.42244629,1.1999999999999999e-39,7.58e-37
LSS,0.92863077,4.36e-39,2.61e-36
KLHL13,-1.39818915,4.31e-38,2.45e-35
ADIPOR2,0.91647076,7.85e-38,4.27e-35
DCXR,0.78842754,1.8800000000000002e-37,9.78e-35
CDH3,-1.6543613,3.02e-37,1.51e-34
MAP3K6,0.90239938,3.2000000000000003e-37,1.5299999999999999e-34
CSF3R,1.44233323,3.66e-37,1.68e-34
MDK,-0.87458787,4.13e-37,1.83e-34
TNFRSF19,-1.08107809,9.56e-37,3.94e-34
IL1R2,2.74583777,9.420000000000001e-37,3.94e-34
ROBO1,-0.83810793,2.16e-36,8.59e-34
S100A12,2.01109249,2.25e-36,8.67e-34
ZMAT3,-0.75377968,2.91e-36,1.09e-33
IRS2,0.9401535,7.38e-36,2.67e-33
PTGFRN,-1.08845177,8.26e-36,2.9e-33
HAL,0.76493707,1.46e-35,5e-33
GLT1D1,1.12880436,1.6100000000000001e-35,5.34e-33
NLRP12,0.85347458,2.3100000000000001e-35,7.450000000000001e-33
ECHDC3,0.81486789,4.32e-35,1.36e-32
PDE7B,-1.17829101,4.54e-35,1.39e-32
GRASP,1.30432184,1e-34,2.99e-32
PTCHD4,-1.66317521,1.55e-34,4.5200000000000003e-32
LRRC17,-1.52447373,2.37e-34,6.730000000000001e-32
CD24,-2.12442621,3.95e-34,1.1e-31
CFH,-1.1591098,1.12e-33,3.03e-31
S100A9,1.39986223,1.92e-33,5.100000000000001e-31
GXYLT2,-1.28159566,1.9700000000000002e-33,5.12e-31
CRIP1,-0.96695309,4.47e-33,1.14e-30
IFNGR1,0.67812834,4.9600000000000004e-33,1.2099999999999999e-30
MPP3,0.88555927,4.9000000000000005e-33,1.2099999999999999e-30
TPPP3,-1.42149474,5.47e-33,1.3099999999999999e-30
THY1,-1.71080506,5.9e-33,1.3799999999999999e-30
IL18RAP,1.66850552,7.52e-33,1.73e-30
FASN,1.61349847,8.23e-33,1.8599999999999997e-30
ADRA1A,0.98821064,1.4700000000000002e-32,3.2499999999999996e-30
DIO2,-1.29318638,2.28e-32,4.96e-30
POLR3H,0.62251527,2.3400000000000003e-32,4.9899999999999994e-30
ADGRG3,1.13033954,3.09e-32,6.47e-30
SDR16C5,1.61664612,5.28e-32,1.0900000000000001e-29
PRTFDC1,-0.85393696,6.68e-32,1.35e-29
DCLK1,-1.44575817,7.920000000000001e-32,1.58e-29
BTNL8///BTNL3,0.74416891,8.120000000000001e-32,1.59e-29
ANTXR1,-0.83236075,9.67e-32,1.8300000000000002e-29
NPR1,1.21791952,9.53e-32,1.8300000000000002e-29
CNTN3,-1.19739617,1.09e-31,2.0400000000000002e-29
CXCL12,-0.98888326,1.37e-31,2.4800000000000002e-29
MXRA5,-1.2712757,1.35e-31,2.4800000000000002e-29
CXCL14,-1.20366247,1.42e-31,2.5000000000000002e-29
IL18R1///IL18R1,1.50221171,1.41e-31,2.5000000000000002e-29
MARC1,0.71995914,2e-31,3.47e-29
MMP7,-2.92959867,2.3800000000000003e-31,4.0600000000000003e-29
ECM2,-1.30535002,2.51e-31,4.23e-29
COL15A1,-1.3335039,3.7800000000000003e-31,6.28e-29
BCAT2,0.68610827,3.9400000000000004e-31,6.45e-29
ST6GALNAC3,0.97948648,4.2e-31,6.79e-29
MEFV,0.98839362,4.27e-31,6.800000000000001e-29
NAALADL2,-1.01581859,7.470000000000001e-31,1.17e-28
FZD5,0.77833392,9.72e-31,1.51e-28
S100A8,1.65218838,1.19e-30,1.83e-28
ITGA10,1.13019765,1.5399999999999998e-30,2.33e-28
CORO6,0.69710168,3.1199999999999998e-30,4.66e-28
F2RL3,1.26469339,3.47e-30,5.1199999999999995e-28
FPR1,1.45008713,3.8699999999999995e-30,5.58e-28
SESN3,-0.93747938,3.8699999999999995e-30,5.58e-28
C12ORF75,-1.09939216,4.23e-30,6.01e-28
PCDH7,-1.02276107,5.1e-30,7.17e-28
TSHZ2,-0.84717268,5.36e-30,7.44e-28
DNM2,0.5795241,5.92e-30,8.14e-28
DENND3,0.96458995,6.98e-30,9.37e-28
SNORA3A,4.2553773,2.88e-32,9.58e-28
ANK2,-1.01405958,1.0400000000000001e-29,1.3800000000000002e-27
EPHA3,-1.31473586,1.31e-29,1.7300000000000003e-27
ACSL1,1.17478056,1.41e-29,1.83e-27
KLHL4,-0.97085131,1.64e-29,2.0900000000000003e-27
STARD8,0.89579525,1.63e-29,2.0900000000000003e-27
ID1,1.21092787,1.9300000000000002e-29,2.43e-27
HSPA4L,-1.67233845,2.6e-29,3.2300000000000003e-27
ARG1,0.98179487,3.4200000000000003e-29,4.17e-27
CNOT8,0.59802697,3.41e-29,4.17e-27
TSPAN2,-0.90002684,4.05e-29,4.880000000000001e-27
SNORA71D,4.2414495,3.1100000000000003e-31,5.1800000000000005e-27
PLLP,1.09448403,5.110000000000001e-29,6.11e-27
LDLRAD4,-0.5794284,5.8e-29,6.860000000000001e-27
CHRM3,0.7647431,6e-29,7.030000000000001e-27
LAMP5,-1.07885151,6.47e-29,7.51e-27
PROK2,1.2924102,6.66e-29,7.650000000000001e-27
PAPSS2,1.12496487,7.160000000000001e-29,8.150000000000001e-27
COL1A1,-1.77332415,7.3e-29,8.23e-27
FGF14,-1.51832835,7.85e-29,8.77e-27
PNMT,0.83069392,1.11e-28,1.22e-26
SCARA3,-0.74492931,1.4e-28,1.54e-26
MMP16,-0.94133386,1.48e-28,1.6e-26
BTNL9,1.71953186,1.57e-28,1.69e-26
TM7SF3,-0.58788072,1.59e-28,1.7e-26
ENAH,-0.79818041,1.63e-28,1.72e-26
OLAH,0.91125619,1.83e-28,1.92e-26
FGR,0.91302931,2.58e-28,2.67e-26
NREP,-0.73438885,2.59e-28,2.67e-26
FMO5,1.58493273,2.83e-28,2.89e-26
GPR4,1.18569767,3.41e-28,3.46e-26
LRRN1,-1.37045432,3.98e-28,4e-26
SNX22,0.63889403,4.04e-28,4.02e-26
HIF3A,1.01198763,4.1e-28,4.05e-26
VSIG10,0.62964105,4.5e-28,4.4e-26
MMP25,0.71409981,4.58e-28,4.45e-26
PCYT2,0.66037076,4.6699999999999995e-28,4.5000000000000005e-26
ACVRL1,1.08757686,5.13e-28,4.87e-26
RASIP1,0.79646308,5.1e-28,4.87e-26
MCCC1,0.78634766,5.82e-28,5.48e-26
TTC3,-0.67399037,7.2e-28,6.72e-26
SNORD116-24,3.0607486,8.839999999999999e-30,7.36e-26
SEC14L1,0.6774348,8.07e-28,7.470000000000001e-26
MAN2A2,0.59342633,8.75e-28,8.04e-26
HYAL1,0.78917886,9.74e-28,8.88e-26
PRSS12,-1.68967793,1.1300000000000002e-27,1.02e-25
MFSD2A///MFSD2A,1.4049761,1.18e-27,1.05e-25
TRIM2,-1.05884092,1.2400000000000001e-27,1.09e-25
CSRNP3,-0.75137169,1.2900000000000002e-27,1.14e-25
PDGFRA,1.10916159,1.32e-27,1.15e-25
IP6K3,0.56552968,1.3700000000000001e-27,1.19e-25
SNORD41,4.3335705,1.8600000000000002e-29,1.24e-25
SCARNA4,4.1306173,2.66e-29,1.2599999999999999e-25
MGAM2,0.4643689,1.6900000000000003e-27,1.44e-25
FCN3,2.26333217,1.75e-27,1.48e-25
VSNL1,-0.95343261,2.0900000000000003e-27,1.76e-25
S1PR1,1.00537244,2.14e-27,1.79e-25
HPCAL1,0.80130996,2.5200000000000003e-27,2.09e-25
SNORA23,3.4479291,6.28e-29,2.17e-25
GOLM1,-1.16006006,2.6600000000000003e-27,2.1899999999999998e-25
EDA2R,-0.66767063,2.8300000000000004e-27,2.31e-25
TSPAN14,0.54815709,3.0900000000000003e-27,2.5199999999999998e-25
CHPT1,0.72466729,3.2000000000000003e-27,2.58e-25
NUDT16,0.62348804,3.44e-27,2.76e-25
CDH2,-1.27819726,3.47e-27,2.77e-25
LTBP1,-1.04178811,3.78e-27,2.99e-25
COL17A1,-1.23274177,4.0700000000000005e-27,3.2e-25
RHOBTB2,0.88216618,4.11e-27,3.21e-25
HPSE2,-1.22753715,4.5700000000000005e-27,3.55e-25
PISD,0.47944065,4.7e-27,3.6e-25
DSEL,0.80306338,4.6800000000000005e-27,3.6e-25
FAH,0.6253303,5.7900000000000005e-27,4.41e-25
CRTAC1,1.36154435,7.430000000000001e-27,5.62e-25
CCDC85A,0.74411076,7.55e-27,5.6799999999999995e-25
AASS,0.96279774,7.83e-27,5.85e-25
SNORD116-20,2.78791,2.12e-28,5.88e-25
CP,-2.75203735,7.980000000000001e-27,5.93e-25
SULF1,-1.41883411,8.800000000000001e-27,6.49e-25
CDCA7,-0.66510506,9.590000000000001e-27,7.03e-25
CA4,0.91861245,9.700000000000001e-27,7.07e-25
COL3A1,-1.61665883,1.1300000000000001e-26,8.19e-25
ITGA2B,0.7848969,1.21e-26,8.74e-25
CLEC4E,1.78165531,1.32e-26,9.48e-25
ENTPD1,-0.7102071,1.5500000000000002e-26,1.1e-24
OGN,-1.32181833,1.58e-26,1.12e-24
C10ORF54,0.55513284,1.72e-26,1.2099999999999999e-24
SULT1B1,1.24675164,1.7600000000000002e-26,1.23e-24
FAM105A,0.97680571,1.9500000000000002e-26,1.3499999999999999e-24
LEO1,-2.0823659,6.74e-28,1.5e-24
FAM3C,-2.2138968,6.45e-28,1.5e-24
IL13RA2,-1.54234253,2.2600000000000002e-26,1.56e-24
SPATA18,-2.08388772,2.4600000000000002e-26,1.69e-24
AFF3,1.29649956,2.59e-26,1.7699999999999998e-24
ZNF711,-0.70404121,2.8e-26,1.8999999999999998e-24
ITIH5,-0.87124582,3.24e-26,2.18e-24
CTH,0.91835629,3.3000000000000004e-26,2.21e-24
HNRNPH1,-2.1854836,1.3700000000000001e-27,2.39e-24
SBNO1,-2.4178873,1.2900000000000002e-27,2.39e-24
FLT1,1.07055679,3.7400000000000003e-26,2.5e-24
COMP,-1.11978804,3.86e-26,2.5599999999999997e-24
APOBEC3C,-0.64456448,4.08e-26,2.6899999999999997e-24
CTHRC1,-0.93218224,4.25e-26,2.7899999999999998e-24
SNORD116-14,2.6813959,1.7000000000000002e-27,2.8299999999999997e-24
CADPS,-0.5606956,4.79e-26,3.13e-24
ANKRD36BP2///ANKRD36C///ANKRD36///ANKRD36B,-1.0068693,5.01e-26,3.25e-24
TXNRD1,0.69579296,5.04e-26,3.25e-24
ENC1,-0.69927608,5.21e-26,3.34e-24
DUOX1,1.17806645,5.450000000000001e-26,3.48e-24
GLT8D2,-1.01716966,5.59e-26,3.5599999999999995e-24
IL4R,0.71009999,5.79e-26,3.66e-24
SNORD45A,2.5127891,2.7700000000000003e-27,4.01e-24
STX3,0.51635427,6.77e-26,4.26e-24
ATP5G1,3.0938286,3.1700000000000002e-27,4.4e-24
SLC27A3,0.83933204,7.21e-26,4.51e-24
PAMR1,-1.19549635,7.26e-26,4.52e-24
FAT1,-0.86800111,1e-25,6.21e-24
ARHGAP6,0.83043089,1.03e-25,6.35e-24
ZNF521,-1.01909139,1.14e-25,6.97e-24
UHMK1,-1.8478541,5.86e-27,7.5e-24
CRISPLD1,-1.25498863,1.27e-25,7.74e-24
AIG1,-0.55683074,1.3399999999999999e-25,8.119999999999999e-24
SLITRK6,-1.61416619,1.58e-25,9.509999999999999e-24
MFAP2,-0.79302904,1.6699999999999999e-25,1e-23
BLVRB,0.5145974,1.69e-25,1.0099999999999999e-23
C14ORF37,-0.51768365,1.77e-25,1.0499999999999999e-23
TACC2,0.92232451,1.86e-25,1.1e-23
PLCB4,-0.91887251,1.89e-25,1.1099999999999999e-23
TMEM120A,0.47634487,2.04e-25,1.19e-23
RNASE2,1.1424973,2.15e-25,1.2499999999999999e-23
PLXDC1,-0.70622824,2.21e-25,1.2799999999999999e-23
HHAT,-0.70290261,2.6e-25,1.4999999999999997e-23
SOX4,-0.61417865,2.61e-25,1.4999999999999997e-23
FADS1,0.95038871,2.98e-25,1.7099999999999998e-23
PYGL,0.62096898,3.11e-25,1.7699999999999998e-23
VTRNA1-1,5.6305359,1.9500000000000002e-26,1.9699999999999998e-23
PGS1,0.56569167,3.58e-25,2.0299999999999998e-23
HRH2,0.67177889,3.6499999999999998e-25,2.06e-23
ARMCX3,-2.2778814,2.2700000000000002e-26,2.0999999999999998e-23
RNU4ATAC,3.6947536,2.23e-26,2.0999999999999998e-23
EID1,-1.7205427,2.1600000000000002e-26,2.0999999999999998e-23
RASSF9,-1.13743867,4.01e-25,2.25e-23
WFDC12,0.72599289,4.33e-25,2.4199999999999998e-23
PDCD4,-2.8147645,2.69e-26,2.4199999999999998e-23
PDIA3P1///PDIA3,-1.9769364,2.9100000000000004e-26,2.5499999999999998e-23
FAM13C,-1.03870803,5.3699999999999995e-25,2.97e-23
TMEM248,1.460025,3.79e-26,3.24e-23
TCEA1,-1.7875364,3.9100000000000004e-26,3.2599999999999994e-23
HHLA2,-1.72697384,6.09e-25,3.35e-23
DDX50,-1.736665,4.61e-26,3.4099999999999995e-23
CERS2,0.49046531,6.6599999999999995e-25,3.6499999999999994e-23
MYRF,0.84083512,8.6e-25,4.6899999999999994e-23
CEP126,-1.43049982,9.46e-25,5.1399999999999997e-23
SNORD116-15,2.3323136,8.240000000000001e-26,5.49e-23
SLC1A5,0.55323616,1.04e-24,5.64e-23
TBXAS1,0.7161411,1.11e-24,5.969999999999999e-23
CXCR1,0.93686128,1.1399999999999999e-24,6.11e-23
GALNT13,0.89893692,1.16e-24,6.18e-23
GABARAP,1.7416636,9.62e-26,6.209999999999999e-23
PPP4R2,-2.1989227,1.05e-25,6.599999999999999e-23
BCL11A,-0.75553695,1.31e-24,6.969999999999999e-23
RAB1A,-1.7846664,1.27e-25,7.68e-23
PNN,-2.6092245,1.38e-25,8.079999999999999e-23
SNORA60,3.6232832,1.41e-25,8.099999999999999e-23
VGLL3,0.86167297,1.58e-24,8.35e-23
CNTROB,0.58592041,1.63e-24,8.569999999999999e-23
DUOXA1,0.78970051,1.71e-24,8.989999999999999e-23
CFHR1,-0.7545573,1.7599999999999998e-24,9.079999999999999e-23
MAGED4///MAGED4B,-0.52359185,1.75e-24,9.079999999999999e-23
CACNA2D3,0.61025947,1.7699999999999998e-24,9.099999999999999e-23
RNU4-1,3.5938341,1.89e-25,1.07e-22
B3GALNT2,-1.7233195,1.97e-25,1.1e-22
SLC18A2,-1.1217679,2.19e-24,1.1200000000000001e-22
CAP2,-1.00960313,2.21e-24,1.1200000000000001e-22
ITGB8,-1.15209376,2.2e-24,1.1200000000000001e-22
SNORD116-23,2.8536518,2.14e-25,1.17e-22
ASPA,-1.00047614,2.33e-24,1.18e-22
CEBPD,2.3537236,2.2e-25,1.18e-22
PRX,0.77897846,2.4e-24,1.21e-22
ENPP3,-0.80223984,2.5e-24,1.2500000000000001e-22
TSPAN11,-0.99057263,2.5499999999999998e-24,1.2800000000000001e-22
MS4A2,-1.44708414,2.77e-24,1.3800000000000001e-22
EWSR1,-1.5769755,2.61e-25,1.3800000000000001e-22
SNX4,-1.8407764,2.78e-25,1.42e-22
SNORA20,3.1439809,2.74e-25,1.42e-22
COL24A1,-0.50787189,2.88e-24,1.43e-22
FURIN,0.63097305,3.01e-24,1.49e-22
ASRGL1///ASRGL1,0.81229635,3.17e-24,1.56e-22
SREK1,-2.2826286,3.47e-25,1.75e-22
CAPN5,-0.46220901,3.6499999999999996e-24,1.79e-22
SNORD116-1,2.7629655,3.6499999999999998e-25,1.81e-22
HNRNPM,-1.68434,3.74e-25,1.83e-22
SLC22A15,0.73152251,4.27e-24,2.08e-22
GAB2,0.65776482,4.44e-24,2.16e-22
ZNF180,-1.4678614,4.57e-25,2.2e-22
SCARNA17,-1.9474773,4.7199999999999995e-25,2.25e-22
CCND2,-0.62307501,5.05e-24,2.44e-22
PXN,1.668315,5.24e-25,2.46e-22
VWA5A,-0.70535797,5.18e-24,2.5000000000000002e-22
CROT,-0.79595545,5.3399999999999996e-24,2.5600000000000003e-22
SASH1,0.84411733,5.42e-24,2.59e-22
PTPRB,1.22822038,5.54e-24,2.64e-22
DIRC2,1.6831023,6.13e-25,2.8e-22
FAM208A,-1.6803659,6.58e-25,2.92e-22
LOC100421561///FAM133CP///FAM133DP///FAM133B,-2.1088773,8.1e-25,3.5e-22
DZIP3,-1.38064903,7.899999999999999e-24,3.75e-22
FANCE,0.44099925,8.01e-24,3.79e-22
AGPS,-2.1076191,8.98e-25,3.8300000000000002e-22
TP63,-1.44721369,8.46e-24,3.98e-22
SLC35D1,-1.91738,1.06e-24,4.4e-22
PGM5P2///PGM5,-1.09040221,1.03e-23,4.83e-22
SHMT1,0.58753443,1.1199999999999999e-23,5.23e-22
HNRNPA3///HNRNPA3P1,-2.3865273,1.3399999999999999e-24,5.43e-22
LILRA5,0.75109732,1.1699999999999998e-23,5.46e-22
TP53INP1,-0.73432802,1.19e-23,5.53e-22
EPRS,-2.5943518,1.39e-24,5.59e-22
DNAJA2///DNAJA2,-1.932,1.51e-24,5.91e-22
GGNBP2,-1.7949818,1.56e-24,6.0400000000000005e-22
CCL13,-1.0705127,1.4599999999999998e-23,6.72e-22
CASKIN2,0.75638001,1.4599999999999998e-23,6.72e-22
CLDN5,0.57955638,1.48e-23,6.79e-22
MRPS18A,2.104705,1.92e-24,6.95e-22
EBP,0.58730172,1.55e-23,7.06e-22
SORT1,0.66340185,1.56e-23,7.06e-22
SEL1L3,-0.77425812,1.56e-23,7.06e-22
PMEPA1,-0.51166342,1.5899999999999998e-23,7.19e-22
ITLN2,1.02581152,1.7099999999999998e-23,7.68e-22
FRK,-0.83476735,1.81e-23,8.1e-22
DNAJC10,-2.38344,2.36e-24,8.37e-22
PANK2,-2.6305045,2.36e-24,8.37e-22
APLNR,-1.01217284,1.8999999999999998e-23,8.45e-22
AFF2,0.75077897,1.92e-23,8.52e-22
KLF12,-0.57510804,1.93e-23,8.52e-22
MFSD13A,0.58876364,1.9699999999999998e-23,8.7e-22
PDIA6,-2.2652482,2.58e-24,9.04e-22
TMF1,-2.8655714,2.64e-24,9.15e-22
HSD17B4,0.58201892,2.12e-23,9.31e-22
SH3BP5,0.58760253,2.13e-23,9.33e-22
DZIP1,-0.56178157,2.1799999999999999e-23,9.52e-22
NMNAT2,-0.60130698,2.3299999999999996e-23,1.0100000000000002e-21
DLL4,2.4536023,3.0799999999999997e-24,1.0300000000000001e-21
NDRG4,0.71007351,2.4199999999999998e-23,1.05e-21
USP33,-1.7837273,3.28e-24,1.07e-21
RNMT,-2.075665,3.42e-24,1.1e-21
ZNF827,-0.56242528,2.6599999999999997e-23,1.1400000000000001e-21
ITM2C,-0.7627657,2.6499999999999996e-23,1.1400000000000001e-21
MAPK10,-0.95369955,2.7799999999999996e-23,1.19e-21
MPHOSPH10,-2.5131605,3.87e-24,1.2300000000000002e-21
PITPNB,-2.1353864,3.9299999999999995e-24,1.24e-21
SLC33A1,-1.8093073,4.0599999999999995e-24,1.2600000000000002e-21
FXR1,-2.5962955,4.31e-24,1.3300000000000001e-21
TNS2,0.79717433,3.1299999999999994e-23,1.3300000000000001e-21
SSH2,0.76062939,3.1299999999999994e-23,1.3300000000000001e-21
SIGLEC10,0.88510347,3.4199999999999996e-23,1.4400000000000001e-21
FRMD6,-0.77594481,3.3999999999999995e-23,1.4400000000000001e-21
PHC2,0.45485963,3.75e-23,1.57e-21
RCAN2,-0.66621477,3.73e-23,1.57e-21
SYNPO2,-1.58025795,3.9099999999999994e-23,1.6300000000000001e-21
LRRC32,1.0055108,3.98e-23,1.65e-21
NUP107,-2.1466327,5.5099999999999995e-24,1.68e-21
USP47,-2.5896645,5.69e-24,1.72e-21
TM9SF3,-1.4681227,5.8799999999999995e-24,1.76e-21
CUBN,-0.69070536,4.27e-23,1.76e-21
LUC7L3,-2.7579945,6.56e-24,1.9300000000000003e-21
CRABP2,-0.80453179,5.1299999999999997e-23,2.1e-21
WDR49,-2.09746885,5.1199999999999996e-23,2.1e-21
ZNF483,-0.55872159,5.2399999999999996e-23,2.14e-21
FCER1A,-0.81508778,5.7e-23,2.32e-21
MRPS11,2.1053127,8.09e-24,2.3400000000000003e-21
ABCD3,-2.3462682,8.2e-24,2.35e-21
SLC25A37,0.5674871,5.83e-23,2.36e-21
ATP6V1C1,-1.9940727,8.39e-24,2.39e-21
HERC4,-1.8100695,8.809999999999999e-24,2.48e-21
HELLS,-2.2404218,9.11e-24,2.5300000000000003e-21
AGFG1,0.44386124,6.429999999999999e-23,2.6e-21
COL1A2///COL1A2,-2.5446464,9.7e-24,2.67e-21
SLC11A1,1.10728537,6.819999999999999e-23,2.7500000000000003e-21
GABARAPL1,2.0309377,1.0899999999999999e-23,2.95e-21
TP53BP1,-0.55251337,7.619999999999999e-23,3.0500000000000004e-21
TLR4,0.7103303,7.7e-23,3.0700000000000002e-21
NBPF25P///NBPF19///NBPF20///NBPF10///NBPF8///NBPF9///NBPF15///NBPF11///NBPF12///NBPF3///NBPF1///NBPF14,-1.7436864,1.19e-23,3.17e-21
FAM65B,0.91920724,8.249999999999999e-23,3.2800000000000003e-21
DEFA1B///DEFA3///DEFA1,1.97377742,8.339999999999999e-23,3.2900000000000002e-21
FAM167A,0.61449422,8.41e-23,3.3100000000000003e-21
FAM107A,0.84700349,8.559999999999999e-23,3.3500000000000002e-21
RPL36,1.7100959,1.2699999999999999e-23,3.36e-21
ATOH8,0.69390697,8.749999999999999e-23,3.4200000000000005e-21
HNRNPR,-1.7898218,1.32e-23,3.45e-21
GFOD1,0.77504996,9.069999999999999e-23,3.53e-21
TGFB3,-1.01667604,9.579999999999999e-23,3.72e-21
CYSLTR1,-0.96666194,9.879999999999999e-23,3.8100000000000004e-21
HOPX,0.79590083,9.889999999999999e-23,3.8100000000000004e-21
RRAS,2.9895586,1.47e-23,3.82e-21
COG6,-1.8329136,1.55e-23,3.9300000000000005e-21
PSMD8,1.6621432,1.56e-23,3.94e-21
SERPINI1,-0.76562733,1.04e-22,4.0000000000000004e-21
PLRG1,-2.1231532,1.61e-23,4.02e-21
NARS,-1.9679518,1.6499999999999998e-23,4.07e-21
FUT8,-0.58423776,1.07e-22,4.100000000000001e-21
CD163,1.34539428,1.08e-22,4.100000000000001e-21
ACSS2,0.77375883,1.08e-22,4.1200000000000005e-21
NRP2,-1.00402683,1.1e-22,4.16e-21
IL17RA,0.5481523,1.18e-22,4.45e-21
LSM12,1.76631,1.8399999999999998e-23,4.51e-21
FREM1,-0.81646492,1.2500000000000001e-22,4.72e-21
LOC441081,1.08637828,1.27e-22,4.78e-21
LUM,-0.94466129,1.3e-22,4.8800000000000004e-21
H2AFY2,-0.52354365,1.32e-22,4.920000000000001e-21
CFI,-1.9813777,2.0399999999999998e-23,4.95e-21
MID1IP1,0.60441828,1.35e-22,5.040000000000001e-21
ESF1,-2.6826645,2.13e-23,5.15e-21
SLC5A9,0.78189458,1.4e-22,5.2e-21
SNORA22,3.1565218,2.3099999999999999e-23,5.5000000000000005e-21
NOTCH4,0.95044363,1.49e-22,5.53e-21
LIN7A,0.57800041,1.52e-22,5.610000000000001e-21
AZIN1,-2.2745364,2.52e-23,5.920000000000001e-21
NPM1,-1.73624,2.6499999999999996e-23,6.180000000000001e-21
DLD,-2.2170695,2.7799999999999996e-23,6.28e-21
GMPR,2.0609,2.7599999999999995e-23,6.28e-21
GOLGB1,-2.3350418,2.7899999999999997e-23,6.28e-21
CSNK1A1,-2.0554764,2.81e-23,6.28e-21
UBE2V2,-1.4027905,2.81e-23,6.28e-21
NBEAL2,0.53048756,1.71e-22,6.290000000000001e-21
TBCA,-2.0648505,2.86e-23,6.34e-21
UBXN10,-1.30711061,1.73e-22,6.34e-21
IKZF2,-0.704058,1.74e-22,6.370000000000001e-21
HTATSF1,-2.2988095,2.8999999999999996e-23,6.41e-21
SMO,-0.4343507,1.76e-22,6.41e-21
SCN1A,1.13260766,1.76e-22,6.41e-21
INPP5K,0.62465969,1.9e-22,6.860000000000001e-21
SHE,0.63371285,1.92e-22,6.890000000000001e-21
FIBIN,1.15278488,1.91e-22,6.890000000000001e-21
TMEM261///TMEM261,2.1710014,3.1599999999999996e-23,6.92e-21
MAOA,0.87000154,1.95e-22,6.960000000000001e-21
RGCC,1.05597234,1.95e-22,6.960000000000001e-21
ANP32E,-1.8131405,3.24e-23,7.04e-21
GOLT1B,-2.231325,3.33e-23,7.13e-21
AFMID,0.44506812,2.05e-22,7.31e-21
ICAM2,2.8470523,3.47e-23,7.360000000000001e-21
KRT5,-2.55156716,2.12e-22,7.480000000000001e-21
FAM171B,-0.77041492,2.2400000000000002e-22,7.890000000000001e-21
ZNF385B,1.20323967,2.25e-22,7.92e-21
SNORA38B,3.2874877,3.8199999999999996e-23,8.050000000000001e-21
SEC23IP,-1.7525982,3.87e-23,8.100000000000001e-21
NUCB2,-2.4831364,4.1799999999999995e-23,8.600000000000001e-21
EIF4A2,-2.6194768,4.3299999999999996e-23,8.8e-21
FGFR1OP2,-1.7492914,4.3199999999999995e-23,8.8e-21
POLR2J3///POLR2J2///POLR2J4///POLR2J,1.8181505,4.52e-23,8.910000000000001e-21
TMEM179B,2.2460659,4.4299999999999994e-23,8.910000000000001e-21
IFT80,-2.6414527,4.4799999999999997e-23,8.910000000000001e-21
ENOPH1,-1.6504645,4.4399999999999995e-23,8.910000000000001e-21
CLDN1,-1.51826676,2.62e-22,9.190000000000001e-21
PCTP,0.54774456,2.63e-22,9.200000000000001e-21
ATL2,-2.5451382,4.7899999999999993e-23,9.380000000000001e-21
POLR2B,-2.4355673,4.8699999999999997e-23,9.430000000000001e-21
HNRNPA1P6///HNRNPA1P33///HNRNPA1P27///HNRNPA1P10///HNRNPA1L2///HNRNPA1,-2.0614873,4.9299999999999993e-23,9.44e-21
SLU7,-2.4345014,4.91e-23,9.44e-21
TEX9,-1.64927219,2.81e-22,9.810000000000001e-21
HMGCS1,1.17417226,2.91e-22,1.01e-20
GOPC,-1.8437045,5.47e-23,1.03e-20
MMP13,-1.68854995,3.12e-22,1.08e-20
TOP2B,-2.3602409,6.489999999999999e-23,1.21e-20
DDX42,-1.9706082,6.599999999999999e-23,1.22e-20
TDRD9,0.60610656,3.53e-22,1.22e-20
TVP23C-CDRT4///TVP23C///TVP23B,-1.49086,6.61e-23,1.22e-20
CLEC1B,0.60290092,3.68e-22,1.26e-20
SNORD13P3,3.3162395,6.96e-23,1.27e-20
TMEM53,1.9179964,7.05e-23,1.27e-20
ZNF436,-0.59632802,3.76e-22,1.29e-20
ETNK1,-1.81966,7.279999999999999e-23,1.3e-20
ACAT2,0.9165502,3.85e-22,1.31e-20
FBLN2,-0.80473423,3.92e-22,1.33e-20
HS2ST1,-1.3715123,7.44e-23,1.33e-20
FAM101B,0.63698592,3.99e-22,1.35e-20
LSM8,-1.4645245,7.769999999999999e-23,1.38e-20
GDI1,1.3289127,7.98e-23,1.4e-20
CTCFL///SP100///HMGB1,-1.6598064,7.949999999999999e-23,1.4e-20
KCNMB4,0.75373996,4.43e-22,1.5e-20
CCND3,2.067365,8.8e-23,1.51e-20
GLOD4,-1.5614782,9.209999999999999e-23,1.56e-20
GPX8,-1.03788954,4.76e-22,1.61e-20
TKT,0.63945686,4.82e-22,1.62e-20
CAAP1,-1.5555214,9.729999999999999e-23,1.64e-20
INSIG2,-2.2214464,9.879999999999999e-23,1.66e-20
MIB1,-1.9262464,9.93e-23,1.66e-20
ADAM12,-0.94935452,5.14e-22,1.72e-20
UBE2R2,1.2894968,1.06e-22,1.75e-20
ELMOD2,-1.92701,1.08e-22,1.77e-20
WWC3,0.52643906,5.35e-22,1.79e-20
NDUFA5,-2.1377677,1.11e-22,1.81e-20
ECRP///ECRP,0.8233654,5.5500000000000005e-22,1.84e-20
FGFR4,0.79191592,5.72e-22,1.89e-20
SNORD57,2.0192473,1.18e-22,1.9e-20
LOC102724093///GOLGA6L10///GOLGA6L4///GOLGA6L17P///GOLGA6L9///GOLGA6L5P,-2.1155627,1.19e-22,1.91e-20
TGIF2-C20ORF24///C20ORF24,1.9535618,1.21e-22,1.93e-20
KDM5B,-0.44678753,5.87e-22,1.94e-20
RAB5C,1.6519882,1.23e-22,1.95e-20
HINT2,2.57622,1.27e-22,2e-20
PCSK9,0.6379844,6.11e-22,2.01e-20
CDC42EP2,0.54168535,6.17e-22,2.02e-20
TNFRSF21,-0.72223197,6.160000000000001e-22,2.02e-20
CD1C,-1.16047115,6.31e-22,2.06e-20
TMEM2,1.07851554,6.58e-22,2.14e-20
ARRB1,2.0677459,1.42e-22,2.22e-20
DESI1,1.7368873,1.52e-22,2.37e-20
CCDC80,-1.68951806,7.44e-22,2.4e-20
ACPP,0.71502302,7.48e-22,2.41e-20
MRPL37,1.2480441,1.57e-22,2.44e-20
LOC102724093///GOLGA6L3///GOLGA6L10///GOLGA6L4///GOLGA6L17P///GOLGA6L9///GOLGA6L5P,-1.9582309,1.6700000000000001e-22,2.56e-20
TMEM204,0.75774569,8.1500000000000005e-22,2.62e-20
CREBZF,-1.4027595,1.72e-22,2.62e-20
SNHG1///SNORD29,2.4342836,1.75e-22,2.64e-20
TAF15,-1.8667055,1.87e-22,2.82e-20
GPIHBP1,0.80521811,8.8e-22,2.82e-20
XPO1,-1.63824,1.88e-22,2.82e-20
CDK5RAP3,-1.9713255,1.95e-22,2.9e-20
NEDD9,0.82461892,9.21e-22,2.94e-20
PVR,0.61169568,9.24e-22,2.94e-20
RSF1,-2.2295795,1.99e-22,2.94e-20
ATF4,0.49524463,9.26e-22,2.94e-20
BEST1,0.50295764,9.56e-22,3.03e-20
SERPINF2,0.63997202,9.83e-22,3.11e-20
INMT-FAM188B///INMT,1.31188851,1.0100000000000002e-21,3.19e-20
PREX1,0.90568106,1.1200000000000002e-21,3.5e-20
MTHFR,0.44644948,1.1100000000000001e-21,3.5e-20
TMEM245,0.50464423,1.1400000000000001e-21,3.57e-20
MRPL1,-1.7273159,2.49e-22,3.6e-20
MKNK2,0.53885817,1.18e-21,3.69e-20
TMEM97,0.63251869,1.21e-21,3.76e-20
FAM65A,1.6854486,2.63e-22,3.78e-20
GNPAT,-1.67047,2.71e-22,3.87e-20
TMEM100,1.90452698,1.2800000000000001e-21,3.98e-20
AKT1,1.6698614,2.83e-22,4.01e-20
MYO10,0.57673915,1.3300000000000001e-21,4.11e-20
EGFL7,0.57370903,1.3400000000000002e-21,4.15e-20
CCNB1IP1,0.43902041,1.3600000000000001e-21,4.2e-20
FERMT1,-0.90489147,1.46e-21,4.47e-20
NPC1,0.66511026,1.4800000000000002e-21,4.5e-20
ATRX,-2.5017109,3.4e-22,4.72e-20
NFYB,-2.1489768,3.42e-22,4.73e-20
PRPF40A,-2.1228523,3.46e-22,4.76e-20
FAM172A,-1.4946127,3.5e-22,4.79e-20
TUBB1,0.80653209,1.6100000000000001e-21,4.89e-20
ATP1A1,0.51091731,1.6400000000000002e-21,4.97e-20
CMAS,-1.2216595,3.71e-22,5.07e-20
GEM,-1.23767686,1.8000000000000003e-21,5.45e-20
LARS,-2.1465159,4.03e-22,5.48e-20
DPYSL3,-0.73901498,1.8400000000000002e-21,5.53e-20
HYAL2,0.61413001,1.8400000000000002e-21,5.53e-20
IL6R,0.51820798,1.85e-21,5.55e-20
CFAP69,-1.18988088,1.8700000000000002e-21,5.6e-20
TRAM1,-1.6056318,4.17e-22,5.63e-20
CACYBP,-1.5338759,4.17e-22,5.63e-20
NDST1,1.6041555,4.22e-22,5.67e-20
PEBP1,1.9924241,4.24e-22,5.67e-20
CALCOCO2,0.51910321,2.0000000000000002e-21,5.98e-20
FDPS,0.61838235,2.0300000000000002e-21,6.04e-20
MSANTD4,-2.3000055,4.56e-22,6.05e-20
IRAK3,0.88596851,2.08e-21,6.16e-20
RHBDL2,-0.72301475,2.08e-21,6.16e-20
DDX3X,-2.2177655,4.76e-22,6.29e-20
C12ORF10,1.4805391,4.93e-22,6.48e-20
NMD3,-2.2471727,5.18e-22,6.74e-20
SNCAIP,-0.64128309,2.32e-21,6.87e-20
C5AR2,0.55948995,2.38e-21,7.03e-20
NFE2,0.52659324,2.57e-21,7.58e-20
FES,0.449561,2.6200000000000003e-21,7.68e-20
ZNF841,-2.7300855,6.01e-22,7.75e-20
SNORD116-22///SNORD116-21///SNORD116-20///SNORD116-18///SNORD116-17///SNORD116-16///SNORD116-15///SNORD116-14///SNORD116-19///SNRPN,1.6681955,6.1000000000000005e-22,7.78e-20
USP48,-1.7151845,6.0700000000000005e-22,7.78e-20
ESAM,0.83394798,2.7100000000000004e-21,7.95e-20
USP32,0.45206441,2.7700000000000004e-21,8.09e-20
GCC2,-2.5733786,6.45e-22,8.17e-20
OPA1,-2.2476577,6.64e-22,8.37e-20
LILRA1,0.83477397,2.9000000000000004e-21,8.44e-20
TBC1D8B,-2.1887673,6.740000000000001e-22,8.47e-20
MAFG,0.46115892,2.9300000000000004e-21,8.52e-20
SRSF4,-1.5636627,6.86e-22,8.56e-20
INF2,1.5109045,6.87e-22,8.56e-20
TGFBR3,0.81025058,2.9900000000000004e-21,8.68e-20
TRAPPC6B,-1.5785141,7.03e-22,8.73e-20
C14ORF1,1.9718955,7.38e-22,9.1e-20
KLF15,0.73536418,3.2e-21,9.27e-20
FADS3,0.6200253,3.2100000000000004e-21,9.27e-20
TFPI,0.67694485,3.2600000000000002e-21,9.4e-20
TARBP1,-1.4524814,7.8e-22,9.51e-20
ARMC1,-1.4922418,7.750000000000001e-22,9.51e-20
EPAS1,0.85378269,3.3500000000000002e-21,9.61e-20
NOP10,2.0012118,8.06e-22,9.8e-20
RSL24D1,-1.6058009,8.22e-22,9.96e-20
NHS,-0.56484728,3.4800000000000006e-21,9.97e-20
SYF2,-1.83466,8.32e-22,1e-19
TUBG2,1.3858595,8.38e-22,1.01e-19
C1QTNF3-AMACR///C1QTNF3,-0.91258741,3.59e-21,1.03e-19
TRIM39-RPP21///RPP21,2.2870391,8.62e-22,1.03e-19
TRAPPC8,-1.9390859,8.95e-22,1.05e-19
RB1CC1,-2.0786655,8.91e-22,1.05e-19
MEA1,1.9180436,8.87e-22,1.05e-19
PHF14,-1.7127327,9.03e-22,1.06e-19
LRRC8A,0.54857336,3.8000000000000005e-21,1.08e-19
GATA2,0.88061933,3.9300000000000005e-21,1.12e-19
TAX1BP1,-2.0464686,9.58e-22,1.12e-19
GSTA4,0.64314875,3.9900000000000005e-21,1.13e-19
C11ORF80,-0.55045666,4.1200000000000005e-21,1.16e-19
SHANK3,0.67446301,4.08e-21,1.16e-19
TYW3,-1.8594791,1.02e-21,1.18e-19
RABGGTB,-1.7490636,1.0300000000000001e-21,1.2e-19
TNFAIP1,1.6744823,1.07e-21,1.24e-19
SUCLA2,-1.6940909,1.0900000000000001e-21,1.24e-19
RNF219,-2.17994,1.08e-21,1.24e-19
ADSS,-1.6542609,1.0900000000000001e-21,1.24e-19
PSMG2,1.3583791,1.0900000000000001e-21,1.25e-19
HDC,-1.11322005,4.46e-21,1.26e-19
RNF182,0.78338298,4.52e-21,1.27e-19
PGD,0.70516679,4.670000000000001e-21,1.31e-19
PPFIA2,-0.6860599,4.66e-21,1.31e-19
UNC13D,0.58259426,4.72e-21,1.32e-19
TIMP4,0.92155603,4.7400000000000006e-21,1.32e-19
TMX3,-1.8270305,1.1700000000000001e-21,1.33e-19
CCDC97,1.2729059,1.18e-21,1.34e-19
USP53,0.85424581,4.920000000000001e-21,1.37e-19
SEMA3C,-0.7417897,5.01e-21,1.39e-19
ZNF224,-1.8360873,1.2600000000000002e-21,1.41e-19
SLTM,-2.0696236,1.2600000000000002e-21,1.41e-19
SNORD13,3.2258864,1.3100000000000002e-21,1.45e-19
SERPIND1,-1.25310548,5.420000000000001e-21,1.5e-19
TAL1///TAL1,0.59911823,5.540000000000001e-21,1.53e-19
ANKH,-0.44474713,5.66e-21,1.56e-19
NIM1K,0.48055047,5.8100000000000006e-21,1.6e-19
RSRC1,-1.7495714,1.5000000000000001e-21,1.66e-19
CCDC186,-2.5774673,1.52e-21,1.68e-19
OR7E37P///OR7E35P///MGC72080///DAPL1///OR7E47P///OR7E12P///OR7E14P,1.4901264,1.5800000000000001e-21,1.72e-19
ADAMTS8,0.70582312,6.2600000000000005e-21,1.72e-19
RPE,-1.6174382,1.5800000000000001e-21,1.72e-19
MTIF2,-1.8315218,1.6400000000000002e-21,1.78e-19
ARF5,1.6689759,1.73e-21,1.87e-19
ORMDL2,2.1129473,1.7400000000000003e-21,1.87e-19
CTR9,-2.4100123,1.76e-21,1.88e-19
MTRR,0.53925624,6.910000000000001e-21,1.89e-19
OR7E37P///MGC72080///DAPL1///OR7E12P,1.4059545,1.8000000000000003e-21,1.9e-19
CRTC3,1.4685973,1.8100000000000002e-21,1.91e-19
NEMF,-1.6738318,1.8400000000000002e-21,1.94e-19
STAG1,-1.9460055,1.86e-21,1.96e-19
OR7E37P///MGC72080///OR7E5P///DAPL1///OR7E24///OR7E47P///OR7E12P///OR7E14P,1.4799691,1.94e-21,2.03e-19
FBXL2,-0.69027153,7.480000000000001e-21,2.04e-19
RAD21,-1.9003159,1.9600000000000003e-21,2.04e-19
MALSU1,1.4268127,1.95e-21,2.04e-19
PKDCC,0.65105663,7.56e-21,2.05e-19
NDUFAF3,2.3624273,1.98e-21,2.05e-19
TARS,-2.4626359,2.2e-21,2.27e-19
GNAI3,-1.5735045,2.2100000000000003e-21,2.28e-19
CWC27,-1.6426236,2.32e-21,2.37e-19
RECQL,-1.9380632,2.35e-21,2.38e-19
BTC,-0.54071007,8.83e-21,2.39e-19
UBE2D4,1.1766877,2.36e-21,2.39e-19
TRUB1,-1.5544305,2.41e-21,2.43e-19
PRPF39,-1.8820486,2.45e-21,2.46e-19
YTHDC1,-1.6889582,2.4600000000000003e-21,2.46e-19
RGS5,-0.94752986,9.21e-21,2.49e-19
SLC3A2,0.48278183,9.23e-21,2.49e-19
WFS1,1.9139218,2.5600000000000003e-21,2.54e-19
MXRA7,1.9061841,2.6500000000000003e-21,2.63e-19
SNORD21,-1.8765077,2.6600000000000002e-21,2.63e-19
RNF20,-1.7480555,2.8000000000000004e-21,2.74e-19
ZNF420,-1.8196245,2.8000000000000004e-21,2.74e-19
TSPAN3,-1.4167045,2.86e-21,2.78e-19
USP1,-1.6331182,2.8700000000000003e-21,2.79e-19
IARS2,-1.8525636,2.9000000000000004e-21,2.8e-19
FLJ30064,0.79764396,1.04e-20,2.81e-19
ZNF322,-2.2096677,2.9400000000000003e-21,2.84e-19
NDRG1,0.46576306,1.11e-20,2.96e-19
SRSF10,-1.6312855,3.0700000000000002e-21,2.96e-19
PADI4,0.59856003,1.12e-20,2.98e-19
NKD1,0.69869839,1.12e-20,2.98e-19
ITCH,-1.1805714,3.1600000000000003e-21,3.03e-19
UBXN4,-1.8841573,3.2e-21,3.06e-19
CDC40,-1.6880709,3.2900000000000002e-21,3.12e-19
BRD4,1.0476427,3.2800000000000003e-21,3.12e-19
COL4A3BP,-1.7020482,3.3e-21,3.12e-19
SFRP4,-1.42136303,1.19e-20,3.15e-19
MAP1A,-1.00237567,1.19e-20,3.15e-19
ABCC5,-0.70063296,1.21e-20,3.19e-19
THUMPD1,-1.7710923,3.3800000000000003e-21,3.19e-19
OR7E37P///OR7E35P///MGC72080///OR7E5P///DAPL1///OR7E24///OR7E47P///OR7E12P///OR7E14P,1.5206023,3.4300000000000004e-21,3.22e-19
UBE2L3,1.2162168,3.4300000000000004e-21,3.22e-19
LRPPRC,-2.1738614,3.47e-21,3.24e-19
PLOD2,-2.1282464,3.5500000000000005e-21,3.29e-19
SMAD6,1.30330969,1.25e-20,3.29e-19
GCA,0.76934582,1.27e-20,3.35e-19
VPS41,-2.2984118,3.63e-21,3.36e-19
CLPX,-1.7627609,3.6700000000000006e-21,3.38e-19
SUGT1,-1.5366705,3.7e-21,3.4e-19
GTF3C3,-1.9620259,3.8100000000000004e-21,3.5e-19
OR7E37P///OR7E35P///MGC72080///DAPL1///OR7E24///OR7E47P///OR7E12P///OR7E14P,1.5298741,3.850000000000001e-21,3.52e-19
OR7E37P///MGC72080///DAPL1///OR7E47P,1.4263786,3.9300000000000005e-21,3.56e-19
CEP290,-2.3399014,3.9300000000000005e-21,3.56e-19
ABI1,-1.2286077,3.94e-21,3.56e-19
EXOC5,-1.7933755,3.9e-21,3.56e-19
BRK1,1.7802559,3.9800000000000006e-21,3.6e-19
PRKDC,-2.0138923,4.0600000000000004e-21,3.64e-19
C1ORF210,0.54456306,1.39e-20,3.64e-19
FKBP1A,1.6786673,4.14e-21,3.71e-19
DPCR1,0.8568254,1.44e-20,3.78e-19
UGT1A3///UGT1A1///UGT1A4///UGT1A9///UGT1A5///UGT1A6///UGT1A7///UGT1A8///UGT1A10,-1.23737356,1.46e-20,3.81e-19
UCKL1,1.1423464,4.420000000000001e-21,3.94e-19
OXCT1,-1.5393464,4.540000000000001e-21,4.03e-19
CRTC2,1.5322155,4.790000000000001e-21,4.21e-19
CLCN3,-1.8914514,4.850000000000001e-21,4.25e-19
UBE3A,-1.5243786,5.52e-21,4.76e-19
SEC62,-1.61214,5.58e-21,4.79e-19
RNF6,-1.9483568,5.59e-21,4.79e-19
SMC6,-2.15959,5.66e-21,4.83e-19
ATRAID,1.8765264,5.72e-21,4.87e-19
PRUNE2,-1.11801858,1.87e-20,4.87e-19
NEK11,-1.29260035,1.88e-20,4.9e-19
TET1,-0.71698615,1.9e-20,4.93e-19
CEP97,-0.64579187,1.9e-20,4.93e-19
STARD13,0.66719899,1.91e-20,4.93e-19
IL1RL1,1.58054994,1.96e-20,5.06e-19
KIF1C,0.49060995,1.97e-20,5.06e-19
SLED1,0.90596527,1.97e-20,5.06e-19
TMEM168,-1.7366641,6.0100000000000005e-21,5.1e-19
CLK4,-1.8157114,6.050000000000001e-21,5.13e-19
ASCC3,-2.2848005,6.100000000000001e-21,5.14e-19
SKIV2L2,-2.1637809,6.27e-21,5.26e-19
GLUL,0.4529096,2.05e-20,5.26e-19
FAR1,-1.8479518,6.3900000000000004e-21,5.33e-19
TLR2,0.97219928,2.12e-20,5.43e-19
CRLF3,-1.3000859,6.59e-21,5.49e-19
LGR4,-0.75711555,2.19e-20,5.6e-19
TOX2,0.51831706,2.2e-20,5.6e-19
FAP,-1.36593403,2.24e-20,5.7e-19
MOXD1,-0.88789385,2.27e-20,5.73e-19
HLTF,-0.5736663,2.26e-20,5.73e-19
MATN3,0.92433882,2.29e-20,5.78e-19
SUPT16H,-2.109385,7.010000000000001e-21,5.81e-19
ST6GALNAC6,1.4128282,7.050000000000001e-21,5.82e-19
MVD,0.52535918,2.37e-20,5.97e-19
SIX4,-1.11329934,2.38e-20,6e-19
ZNF770,-1.7894959,7.5e-21,6.15e-19
HNRNPU,-1.7933773,7.600000000000001e-21,6.22e-19
HIST1H1E,2.3137127,7.64e-21,6.23e-19
SSR1,-1.4574191,7.790000000000001e-21,6.34e-19
CARHSP1,0.43127365,2.53e-20,6.35e-19
EIF1AX,-1.76245,7.910000000000001e-21,6.42e-19
TIMP3,0.59456327,2.57e-20,6.45e-19
KTN1,-2.4325468,7.99e-21,6.47e-19
GBA2,0.45525316,2.62e-20,6.55e-19
RAB17,0.57474843,2.72e-20,6.78e-19
RNVU1-17///RNU1-1///RNU1-2///RNU1-3///RNVU1-7///RNVU1-18///RNU1-4,3.0471445,8.54e-21,6.89e-19
GNAL,-0.88734299,2.79e-20,6.94e-19
UBE2A,1.1607832,8.71e-21,7e-19
VIPR1,1.70087082,2.83e-20,7.04e-19
C6ORF62,-1.5955577,8.9e-21,7.14e-19
PI4K2B,-1.7996182,9.13e-21,7.3e-19
UBA6,-1.5364305,9.14e-21,7.3e-19
HIST1H2BK,1.9908191,9.35e-21,7.45e-19
TAF7,-1.638515,9.410000000000001e-21,7.48e-19
RHOG,1.5205386,9.600000000000001e-21,7.61e-19
GGT2///GGTLC2///GGT3P///GGT1,0.63390791,3.08e-20,7.63e-19
JCHAIN,-1.34238042,3.15e-20,7.8e-19
ADM,1.24333645,3.17e-20,7.82e-19
PEF1,1.8552227,9.910000000000001e-21,7.84e-19
PEX5,0.43486948,3.22e-20,7.93e-19
FBXO28,-1.2938232,1.02e-20,8.01e-19
STXBP3,-1.5398373,1.05e-20,8.14e-19
BRINP3,-0.86549704,3.34e-20,8.21e-19
PCNX2,-0.4935771,3.36e-20,8.26e-19
APPBP2,-1.6680255,1.07e-20,8.31e-19
TFAM,-1.6202432,1.09e-20,8.47e-19
OR7E37P///MGC72080///OR7E5P///DAPL1///OR7E47P///OR7E12P///OR7E14P,1.3475145,1.12e-20,8.63e-19
MSH2,-1.7233555,1.13e-20,8.65e-19
PFN2,-1.05771946,3.63e-20,8.88e-19
MAN1A2,-1.4121627,1.17e-20,8.94e-19
GDPD3,2.3780314,1.17e-20,8.94e-19
SMARCA5,-1.8859545,1.18e-20,8.96e-19
ERH,1.7773636,1.19e-20,8.98e-19
VRK1,-1.7484318,1.19e-20,8.98e-19
ZC3H13,-1.9585414,1.2e-20,9.08e-19
IDH3G,1.5986368,1.21e-20,9.11e-19
MACC1,-0.96401712,3.74e-20,9.15e-19
TMEM14C,1.7018127,1.24e-20,9.29e-19
HNRNPA1P6///HNRNPA1P10///HNRNPA1L2///HNRNPA1,-1.6798436,1.26e-20,9.4e-19
EIF5B,-2.2558018,1.27e-20,9.51e-19
ZNF260,-0.55591864,3.9e-20,9.52e-19
PGM2L1,-0.91138701,3.99e-20,9.71e-19
PHF2,1.2530564,1.32e-20,9.74e-19
TMEM167A,-1.7417432,1.31e-20,9.74e-19
COMMD3-BMI1///BMI1///COMMD3-BMI1///BMI1,-1.4028273,1.32e-20,9.74e-19
BUB3,-1.4785109,1.32e-20,9.78e-19
TBL1XR1,-1.4554082,1.33e-20,9.78e-19
DMD,-0.89686018,4.04e-20,9.81e-19
TBC1D32,-0.64869986,4.1e-20,9.94e-19
GNA11,1.7799959,1.39e-20,1.01e-18
RPL36A-HNRNPH2///HNRNPH2,-1.5868864,1.37e-20,1.01e-18
CCDC82,-1.9718986,1.4e-20,1.02e-18
SMC2,-2.0884627,1.42e-20,1.03e-18
NNT,-1.5355336,1.43e-20,1.04e-18
FKBP3,-1.4113818,1.45e-20,1.05e-18
C5ORF42,-0.66071921,4.4e-20,1.07e-18
BZW1,-2.0274445,1.48e-20,1.07e-18
CSRNP1,1.16278384,4.47e-20,1.08e-18
POLA1,-1.6701527,1.51e-20,1.09e-18
BLOC1S1-RDH5///BLOC1S1,1.8615214,1.53e-20,1.1e-18
CTAGE5,-1.3055736,1.55e-20,1.11e-18
APOBEC3D,-0.60574191,4.67e-20,1.12e-18
SELPLG,2.7786595,1.58e-20,1.13e-18
PTPRM,0.63301663,4.9e-20,1.18e-18
CCDC130,1.2060259,1.7e-20,1.21e-18
GTPBP4,-1.8402191,1.7e-20,1.21e-18
IL15RA,0.5023561,5.13e-20,1.23e-18
PRKACB,-0.56112795,5.19e-20,1.24e-18
MRPL40,1.5589218,1.75e-20,1.24e-18
COX5B,3.0701264,1.79e-20,1.27e-18
XRCC1,1.3596768,1.82e-20,1.29e-18
SPRYD4,1.3104755,1.83e-20,1.29e-18
TRIM23,-1.7675023,1.85e-20,1.3e-18
FAM173B,-1.5954814,1.87e-20,1.31e-18
TRIP11,-2.0914118,1.98e-20,1.37e-18
SF3B5,1.8949532,2e-20,1.38e-18
DTHD1,-2.16723853,5.79e-20,1.38e-18
SETDB2,-1.8719964,2.05e-20,1.4e-18
SNORA7B,2.2437864,2.08e-20,1.42e-18
CKS1B,1.3910273,2.09e-20,1.42e-18
MAPK14,0.42221874,5.99e-20,1.43e-18
METAP2,-1.5299686,2.18e-20,1.48e-18
BRMS1L,-2.0693173,2.21e-20,1.5e-18
MRPL3,-1.2092873,2.31e-20,1.56e-18
HAUS3,-1.6882814,2.33e-20,1.57e-18
CPSF2,-1.6316286,2.32e-20,1.57e-18
BNIP2,-1.5806827,2.34e-20,1.57e-18
NEDD1,-1.7985673,2.34e-20,1.57e-18
IL5RA,-1.47294725,6.75e-20,1.61e-18
DNAJC3,-1.9596445,2.43e-20,1.63e-18
IZUMO1,0.44675708,6.95e-20,1.65e-18
UBA5,-1.65731,2.47e-20,1.65e-18
FBXO11,-1.8611186,2.48e-20,1.65e-18
ACBD5,-1.5258255,2.53e-20,1.69e-18
SMC3,-2.0504368,2.57e-20,1.71e-18
RNPEPL1,1.3439486,2.62e-20,1.73e-18
MAMLD1,0.49776505,7.43e-20,1.75e-18
NCF4,0.68016625,7.44e-20,1.75e-18
PRKAR1A,-1.0905182,2.72e-20,1.79e-18
LZIC,-1.34499,2.73e-20,1.8e-18
COPB2,-2.2273982,2.78e-20,1.82e-18
RCN1,-1.4602773,2.84e-20,1.85e-18
CWF19L2,-2.0709382,2.83e-20,1.85e-18
DEK,-1.9246105,2.86e-20,1.86e-18
VPS4B,-1.6111295,2.95e-20,1.91e-18
SKI,1.4526209,2.97e-20,1.92e-18
FAM188A,-1.1105005,3.15e-20,2.04e-18
ATP6V1D,-2.05328,3.19e-20,2.05e-18
XRCC5,-1.69812,3.2e-20,2.06e-18
SCYL1,1.2093223,3.22e-20,2.06e-18
XYLT1,0.46327806,8.89e-20,2.09e-18
INPP5A,0.44111289,8.93e-20,2.1e-18
ARFIP1,-1.5079214,3.28e-20,2.1e-18
ACTG2,-1.35468891,9.05e-20,2.12e-18
VPS13C,-2.17567,3.36e-20,2.14e-18
AIM1,-2.2336882,3.36e-20,2.14e-18
MLX,1.23787,3.4e-20,2.16e-18
RNF150,-0.63201311,9.23e-20,2.16e-18
PPP2R2B,-0.41141333,9.34e-20,2.18e-18
RNU1-1///RNU1-2///RNU1-3///RNVU1-7///RNVU1-18///RNU1-4,3.1949414,3.59e-20,2.26e-18
ATR,-1.8905314,3.63e-20,2.27e-18
CSTF3,-1.5541795,3.62e-20,2.27e-18
PFN1P2,1.8819968,3.68e-20,2.3e-18
LAMTOR1,1.7708768,3.82e-20,2.38e-18
PAFAH1B1,-1.4302009,3.87e-20,2.4e-18
GIT1,1.32313,3.87e-20,2.4e-18
RBM34,-1.44915,3.94e-20,2.43e-18
PPP3CB,-1.0141645,3.92e-20,2.43e-18
SNORD74,2.6401468,3.99e-20,2.46e-18
EHD2,1.6017927,4e-20,2.46e-18
AP5B1,0.48670847,1.06e-19,2.47e-18
CC2D2A,-0.99117099,1.07e-19,2.48e-18
OVOS///OVOS2,-1.04500013,1.11e-19,2.56e-18
SLFN13,-1.00550079,1.11e-19,2.57e-18
DDX1,-2.2387673,4.29e-20,2.62e-18
CARMIL1,0.55148964,1.16e-19,2.69e-18
DNAH6,-1.84524957,1.18e-19,2.72e-18
SNORA14A,2.5285845,4.47e-20,2.73e-18
RRP9,0.50798537,1.19e-19,2.73e-18
ARF3,1.1187318,4.51e-20,2.75e-18
CNBP,-1.1684209,4.61e-20,2.8e-18
TMEM56-RWDD3///RWDD3,-1.4816732,4.63e-20,2.8e-18
MRPL17,1.5560536,4.68e-20,2.81e-18
MFN1,-1.8857095,4.65e-20,2.81e-18
CAND1,-1.7683709,4.66e-20,2.81e-18
CTSK,-1.13267115,1.24e-19,2.85e-18
SNRPA,1.6372277,4.77e-20,2.86e-18
RPL6P27///RPL6,-1.0385727,4.88e-20,2.91e-18
PTPRG,0.68402237,1.28e-19,2.94e-18
SRSF5,-1.4485909,4.97e-20,2.97e-18
FAM69A,-0.63550301,1.34e-19,3.05e-18
ALDH18A1,-1.999555,5.13e-20,3.06e-18
SDE2,0.55519925,1.34e-19,3.06e-18
STARD3NL,0.54183259,1.35e-19,3.07e-18
RAD50,-2.3113414,5.23e-20,3.1e-18
CWC22,-2.0198586,5.24e-20,3.1e-18
PHTF1,-1.5344632,5.23e-20,3.1e-18
JRKL,-1.7722882,5.33e-20,3.15e-18
SNORD116-6,3.1793391,5.46e-20,3.22e-18
ABCD2,-0.9136979,1.43e-19,3.26e-18
ATXN7L1,1.6659686,5.63e-20,3.31e-18
KIAA1191,1.3687823,5.8e-20,3.4e-18
TMEM50A,1.3301664,5.82e-20,3.41e-18
PLA2R1,-0.6410115,1.52e-19,3.45e-18
UBE2Q1,1.0120418,5.97e-20,3.49e-18
MT1M,1.87141493,1.54e-19,3.49e-18
USP9X,-1.7312173,6.03e-20,3.51e-18
NAP1L1,-1.6079782,6.06e-20,3.53e-18
TPST2,1.4870341,6.13e-20,3.56e-18
FXYD6-FXYD2///FXYD6,1.9719105,6.21e-20,3.6e-18
LEF1,-0.60509608,1.6e-19,3.6e-18
BMS1,-1.90698,6.31e-20,3.65e-18
RBAK,-1.986355,6.32e-20,3.65e-18
SREBF1,0.49651362,1.63e-19,3.67e-18
RCHY1,-1.7210641,6.43e-20,3.7e-18
UTP6,-1.6801236,6.4e-20,3.7e-18
FYTTD1,-1.5037382,6.49e-20,3.73e-18
CLNS1A,0.8391727,6.56e-20,3.76e-18
AGGF1,-1.1929814,6.54e-20,3.76e-18
TFE3,0.47963067,1.7e-19,3.84e-18
MAP1LC3B2///MAP1LC3B,1.3065164,6.72e-20,3.84e-18
SPTSSA,0.66060682,1.71e-19,3.85e-18
MIA3,-1.6276036,6.82e-20,3.88e-18
TRERF1,-0.75308187,1.79e-19,4e-18
MOB1A,-1.41536,7.14e-20,4.04e-18
CACNB3,-0.44468325,1.8e-19,4.04e-18
KDM5A,-1.9576636,7.2e-20,4.07e-18
ZNF808,-1.5768155,7.27e-20,4.09e-18
HYI,1.5466109,7.28e-20,4.09e-18
RRBP1,-1.4476882,7.25e-20,4.09e-18
CDS2,0.9647614,7.47e-20,4.19e-18
CCDC47,-1.7319486,7.58e-20,4.24e-18
CCDC146,-1.85708746,1.9e-19,4.24e-18
FTO,-0.51349142,1.94e-19,4.33e-18
TMEM98,-0.43430547,1.96e-19,4.36e-18
POMP,1.6647873,7.83e-20,4.38e-18
NOTCH1,0.48256853,2e-19,4.42e-18
NHEJ1,0.40651591,1.99e-19,4.42e-18
DGKD,0.5630822,2e-19,4.42e-18
RBM39,-1.40675,8.11e-20,4.53e-18
NAA35,-1.3150473,8.19e-20,4.56e-18
HNRNPUL1,1.0493373,8.4e-20,4.66e-18
WLS,-0.49005351,2.18e-19,4.82e-18
RANBP2,-2.00366,8.91e-20,4.92e-18
STX11,2.4449,9.15e-20,5.04e-18
TASP1,-1.2771432,9.27e-20,5.09e-18
AKT2,1.3837764,9.47e-20,5.2e-18
ZNF790,-1.6453414,9.68e-20,5.3e-18
SUMF2,1.8241164,9.71e-20,5.31e-18
MOCS1,0.49272497,2.43e-19,5.35e-18
TSN,-1.2476705,9.92e-20,5.4e-18
PCED1A,1.04319,1e-19,5.44e-18
SUSD4,-0.70268098,2.48e-19,5.45e-18
N4BP2,-1.9006505,1.01e-19,5.48e-18
HBS1L,-1.5345359,1.02e-19,5.51e-18
MPV17,1.6219877,1.03e-19,5.55e-18
SCFV///IGLJ3///IGHM///IGHG1///IGHD///C14ORF99///IGHV3-48///IGHV3-69-1,-1.3968588,2.55e-19,5.6e-18
PROM2,-0.88463764,2.56e-19,5.61e-18
PRPF38B,-1.3917909,1.05e-19,5.63e-18
MRPL28,1.7065564,1.05e-19,5.63e-18
OTUB1,1.3966718,1.08e-19,5.81e-18
METTL5,-1.3931995,1.09e-19,5.84e-18
COPB1,-1.7859745,1.12e-19,5.98e-18
FHL2,-0.63821436,2.77e-19,6.04e-18
CCDC191,-1.01372678,2.78e-19,6.05e-18
SNORA37,1.8111605,1.16e-19,6.2e-18
SNORA16A///SNHG12,2.9304586,1.2e-19,6.35e-18
MAGT1,-1.5453014,1.2e-19,6.39e-18
NCL,-2.2357345,1.26e-19,6.65e-18
VPS54,-1.5247614,1.27e-19,6.69e-18
CDC34,1.9281814,1.27e-19,6.7e-18
FAM89A,0.52105866,3.09e-19,6.73e-18
CPXM2,-0.83133914,3.11e-19,6.76e-18
CDH13,0.99259677,3.17e-19,6.87e-18
TUBG1,1.3544586,1.31e-19,6.9e-18
LSM14A,-1.4459645,1.34e-19,7.01e-18
TMEM141,1.7463718,1.39e-19,7.24e-18
CCDC170,-1.52883788,3.42e-19,7.41e-18
F8A3///F8A2///F8A1,1.4908527,1.44e-19,7.47e-18
RAB1B,1.3483414,1.44e-19,7.49e-18
MRVI1,-0.82052649,3.53e-19,7.62e-18
HECTD1,-1.8863464,1.47e-19,7.65e-18
IGHM///IGHV3-48///IGHV3-69-1,-1.48341729,3.59e-19,7.73e-18
PARP12,1.3753882,1.49e-19,7.73e-18
SNORD68///RPL13,2.6611986,1.5e-19,7.75e-18
VPS13A,-2.1011682,1.51e-19,7.82e-18
TDO2,-1.71142377,3.63e-19,7.82e-18
ZNF23,-1.2960805,1.52e-19,7.83e-18
USP34,-1.6488064,1.54e-19,7.93e-18
RIN2,0.43228898,3.69e-19,7.93e-18
LBR,-1.6512523,1.56e-19,8.02e-18
RNF168,-1.1094818,1.57e-19,8.04e-18
RAB18,-1.6059036,1.59e-19,8.13e-18
MRPS10,-1.32859,1.6e-19,8.18e-18
HIST2H2BD///HIST2H2BC///HIST2H2BE,1.63949,1.62e-19,8.24e-18
CRTAP,1.1222427,1.63e-19,8.26e-18
SART3,-1.50471,1.68e-19,8.48e-18
CAMK1D,-0.67929174,3.96e-19,8.49e-18
UFL1,-1.65711,1.7e-19,8.55e-18
HCLS1,0.7483149,4e-19,8.57e-18
FAXDC2,2.14937,1.72e-19,8.67e-18
ZFYVE16,-1.6763464,1.74e-19,8.76e-18
CPA3,-1.3115094,4.13e-19,8.82e-18
HYDIN2///HYDIN,-1.82620494,4.19e-19,8.94e-18
MPPED2,-0.56274046,4.22e-19,8.98e-18
NEK1,-1.7836773,1.8e-19,9.03e-18
PEBP4,1.52698554,4.29e-19,9.12e-18
ADAM9,-1.5089055,1.84e-19,9.19e-18
ANKRD26,-1.9467,1.85e-19,9.22e-18
CHI3L2,1.36577181,4.36e-19,9.26e-18
TBC1D23,-1.2998795,1.88e-19,9.36e-18
DDX46,-1.5685464,1.9e-19,9.47e-18
NDRG3,1.2866609,1.91e-19,9.49e-18
DYX1C1-CCPG1///CCPG1,-1.6405491,1.93e-19,9.58e-18
ZNF638,-1.7003859,1.95e-19,9.64e-18
AGL,-2.3422605,1.97e-19,9.72e-18
ZNF28,-1.9566155,2.02e-19,9.96e-18
MPHOSPH6,-2.0426145,2.03e-19,1e-17
CHMP2B,-1.4259477,2.06e-19,1.01e-17
GYPC,2.0239105,2.09e-19,1.02e-17
HEBP1,1.7201641,2.17e-19,1.06e-17
PJA2,-1.7396564,2.27e-19,1.11e-17
ABCA3,1.59254246,5.35e-19,1.13e-17
HIGD1B,2.8511855,2.36e-19,1.15e-17
CCDC88A,-2.281715,2.37e-19,1.15e-17
SAFB,-1.1383818,2.37e-19,1.15e-17
MRPS21,1.1922486,2.4e-19,1.16e-17
CALU,-2.0124277,2.39e-19,1.16e-17
NAB1,-0.44135304,5.53e-19,1.17e-17
TPR,-2.1236268,2.44e-19,1.18e-17
C1ORF198,2.2586945,2.52e-19,1.22e-17
MEGF9,0.71583624,5.83e-19,1.23e-17
ATP2C1,-1.8124968,2.59e-19,1.24e-17
MYOCD,-1.1795273,5.86e-19,1.24e-17
NDEL1,0.46148864,5.92e-19,1.25e-17
ZNF587B///ZNF814,-2.1277691,2.62e-19,1.26e-17
ZC3H11A,-1.9482536,2.65e-19,1.27e-17
MFAP1,-1.4031209,2.67e-19,1.28e-17
ACVR2A,-1.7626768,2.68e-19,1.28e-17
TTC37,-2.3958595,2.69e-19,1.28e-17
IGKC,-1.18760196,6.17e-19,1.3e-17
SCFV///IGLJ3///IGHV3-23///IGHV4-31///IGHM///IGHG2///IGHG1///IGHA1///SCFV///C14ORF99///IGK///IGKV3-20///IGHV3-23///IGHV3-30///IGHV3-48///IGHV3-75///IGHV3-69-1///IGHV3OR16-7,-1.36681667,6.27e-19,1.31e-17
RBCK1,1.3877527,2.78e-19,1.32e-17
CD28,-0.67113891,6.37e-19,1.33e-17
NPEPPS,-1.2166691,2.83e-19,1.34e-17
IGLJ3///IGHV3-23///IGHV4-31///IGHM///IGHG1///IGHA1///SCFV///C14ORF99///IGK///IGKV3-20///IGHV3-23///IGHV3-48///IGHV3-69-1///IGHV3OR16-7,-1.35880802,6.46e-19,1.35e-17
ACOT13,1.25117,2.9e-19,1.37e-17
RPL18A,1.722965,2.94e-19,1.39e-17
TSNAX-DISC1///TSNAX,-1.4778845,2.95e-19,1.39e-17
SYN2,0.50407106,6.85e-19,1.43e-17
ISY1-RAB43///ISY1,-1.3393691,3.07e-19,1.44e-17
CBX7,1.5936786,3.07e-19,1.44e-17
C1S,-1.48105,3.07e-19,1.44e-17
KCNN3,-0.64552654,6.94e-19,1.45e-17
SNORA71C,1.3634882,3.16e-19,1.48e-17
FAM150A,-0.64879792,7.21e-19,1.5e-17
SH2D3C,1.8527873,3.2e-19,1.5e-17
ITPK1,1.1550818,3.29e-19,1.53e-17
RGS22,-1.48786476,7.4e-19,1.54e-17
RIF1,-1.6967045,3.34e-19,1.55e-17
SLCO2A1,1.14128413,7.51e-19,1.55e-17
PUS7L,-2.0917918,3.37e-19,1.56e-17
LOC102723407///IGHV4-31///IGHM///IGHD///IGHA2///LOC102723407///SKAP2///IGHA2///IGHA1///IGH,-1.89259055,7.55e-19,1.56e-17
CDHR3,-2.33972523,7.6e-19,1.57e-17
INSIG1,0.66624852,7.62e-19,1.57e-17
ALDH1A3,-0.83635418,7.69e-19,1.58e-17
AAGAB,-1.4305659,3.41e-19,1.58e-17
MAPK6,-1.727915,3.43e-19,1.58e-17
MCM6,-1.5764823,3.51e-19,1.62e-17
LMAN2,2.1912986,3.53e-19,1.63e-17
RABEP1,-1.5021859,3.58e-19,1.65e-17
XPA,-1.1057318,3.58e-19,1.65e-17
SOX13,1.1557468,3.62e-19,1.66e-17
SNORD32B,1.41724,3.64e-19,1.67e-17
PRPF4B,-2.1055009,3.69e-19,1.69e-17
ANKRD36,-1.678395,3.71e-19,1.69e-17
RBM12B,-1.6410386,3.72e-19,1.7e-17
ATP6V1F,2.2271236,3.77e-19,1.71e-17
GPALPP1,-1.0001918,3.81e-19,1.72e-17
PNPT1,-1.9148391,3.79e-19,1.72e-17
SRGAP3///RAF1,-0.8286661,8.5e-19,1.74e-17
FAM216B,-2.34248164,8.58e-19,1.76e-17
POSTN,-1.57060251,8.67e-19,1.77e-17
PTCD2,-1.551105,4.02e-19,1.82e-17
URGCP-MRPS24///MRPS24,2.0333759,4.03e-19,1.82e-17
MAD2L1BP,1.8500645,4.06e-19,1.83e-17
POM121C///POM121,1.6670777,4.09e-19,1.84e-17
ALDH6A1,0.63099091,9.01e-19,1.84e-17
FAM169A,-0.57357505,9.04e-19,1.84e-17
CTNNBIP1,0.39816787,9.14e-19,1.86e-17
DLG2,-0.81903143,9.16e-19,1.86e-17
USP16,-1.6813636,4.14e-19,1.86e-17
PPP1CC,-1.1049182,4.14e-19,1.86e-17
POLD4,1.3216677,4.21e-19,1.88e-17
ALOX12,0.40815253,9.27e-19,1.88e-17
SOD1,-1.0981664,4.21e-19,1.88e-17
GSK3A,1.3789086,4.39e-19,1.96e-17
TMED4,1.6606973,4.43e-19,1.97e-17
CLTC,-2.00161,4.46e-19,1.98e-17
RBMS2,1.7951277,4.45e-19,1.98e-17
USP7,-1.6537882,4.67e-19,2.06e-17
MIER1,-1.4184141,4.65e-19,2.06e-17
ALG6,-1.332165,4.64e-19,2.06e-17
SLC39A8,1.31767847,1.03e-18,2.07e-17
NELL2,-1.40707211,1.03e-18,2.07e-17
MAU2,0.8777532,4.76e-19,2.1e-17
ITGB4,-0.88878708,1.06e-18,2.13e-17
MROH1,1.1688268,4.86e-19,2.14e-17
SCFV///IGHM///SCFV///IGHV3-30,-1.26355792,1.07e-18,2.15e-17
MRE11A,-1.6791173,4.98e-19,2.19e-17
ZNF331,0.59309151,1.09e-18,2.19e-17
ATL3,-1.5202891,5.09e-19,2.23e-17
WAPL,-1.4228995,5.16e-19,2.26e-17
STX7,-1.2445573,5.21e-19,2.27e-17
SLC4A1AP,-1.4452645,5.25e-19,2.28e-17
PBLD,-0.39870663,1.16e-18,2.32e-17
AGTPBP1,0.56239341,1.18e-18,2.35e-17
PDCD10,-1.4735482,5.43e-19,2.36e-17
SLC46A2,1.5311905,5.47e-19,2.37e-17
FZD3,-0.82514359,1.19e-18,2.38e-17
R3HCC1L,-1.7018718,5.52e-19,2.39e-17
CUL5,-1.5159541,5.52e-19,2.39e-17
WDR70,-1.07621,5.55e-19,2.4e-17
BRWD1,-1.4894582,5.6e-19,2.41e-17
PTS,-1.2088982,5.61e-19,2.42e-17
C11ORF58,-1.2967591,5.65e-19,2.43e-17
VWF,0.80510831,1.23e-18,2.46e-17
SNORD116-28,-1.8003323,5.76e-19,2.47e-17
DGAT2,0.51040177,1.24e-18,2.47e-17
SCARNA13///SNHG10,2.6151423,5.91e-19,2.53e-17
AAED1,1.6006809,5.97e-19,2.55e-17
HIBCH,-1.6849023,6.04e-19,2.58e-17
SMG9,1.0482327,6.05e-19,2.58e-17
IVNS1ABP,-2.5181027,6.09e-19,2.59e-17
GOLGA4,-1.9469886,6.14e-19,2.61e-17
FUT1,0.46928682,1.32e-18,2.62e-17
COL4A5,-0.55187142,1.32e-18,2.62e-17
MAT2B,-1.3174464,6.22e-19,2.63e-17
KLHL8,-1.6914091,6.23e-19,2.63e-17
RBM41,-1.676155,6.21e-19,2.63e-17
JAM2,1.3875923,6.29e-19,2.66e-17
MRFAP1,-1.4404845,6.29e-19,2.66e-17
ADIRF,2.1734,6.39e-19,2.69e-17
DOCK9,0.66325104,1.36e-18,2.69e-17
FAM46C,-0.6958251,1.37e-18,2.69e-17
AGPAT5,-1.433305,6.4e-19,2.7e-17
WDR35,-2.2578473,6.44e-19,2.71e-17
MYOF,-0.52581348,1.42e-18,2.79e-17
ZNF616,-1.8401514,6.64e-19,2.79e-17
XPC,-1.3965005,6.85e-19,2.87e-17
SPRY4,1.05826267,1.47e-18,2.89e-17
CNTRL,-1.7211114,6.9e-19,2.89e-17
ZSWIM1,1.3049059,7.03e-19,2.94e-17
SLC39A10,-1.8253495,7.07e-19,2.95e-17
RRM2B,-1.8327123,7.19e-19,2.99e-17
SLC25A6,1.9021391,7.32e-19,3.04e-17
BIVM-ERCC5///ERCC5,-1.8814023,7.33e-19,3.04e-17
NXN,1.2847782,7.41e-19,3.07e-17
PCM1,-2.0874868,7.49e-19,3.1e-17
ID2,1.9616736,7.49e-19,3.1e-17
DAPK2,0.79246875,1.62e-18,3.18e-17
PBX2///PBX2P1,1.2372777,7.8e-19,3.22e-17
RPL23AP7///RPL23A,1.3200636,7.9e-19,3.25e-17
LIMS2,1.1586805,7.92e-19,3.26e-17
PPP3R1,-0.9730409,8e-19,3.28e-17
PPP4R3A,-1.1403255,8.06e-19,3.3e-17
RAB7A,1.9861741,8.11e-19,3.32e-17
SLC35A3,-1.7316264,8.16e-19,3.33e-17
HCFC1,1.0220609,8.13e-19,3.33e-17
PABPC1,-1.0436545,8.26e-19,3.37e-17
ABCC8,0.59361656,1.73e-18,3.38e-17
PLA2G16,0.5783943,1.73e-18,3.38e-17
MARC2///MARC2,0.48169771,1.75e-18,3.42e-17
MED4,-1.4568627,8.47e-19,3.45e-17
FMO1,-0.80256265,1.77e-18,3.46e-17
IDS,0.9097182,8.55e-19,3.48e-17
ZSCAN29,-1.2237355,8.69e-19,3.53e-17
AKAP9,-2.2213086,8.76e-19,3.55e-17
WISP2,0.5023144,1.85e-18,3.6e-17
ROCK1,-2.067765,8.92e-19,3.61e-17
C2ORF27B///C2ORF27A,-0.53526835,1.89e-18,3.68e-17
CNPPD1,1.6388636,9.44e-19,3.79e-17
ATP6V1H,-1.1660527,9.54e-19,3.82e-17
DUSP7,2.0692609,9.52e-19,3.82e-17
RABGEF1,-1.3544332,9.53e-19,3.82e-17
TMEM182,-0.38947134,1.97e-18,3.83e-17
ACADM,-1.2729268,9.62e-19,3.84e-17
SNW1,-1.613435,9.65e-19,3.85e-17
CLIC6,-1.31795875,1.99e-18,3.85e-17
SNAP25,-0.59469353,2.04e-18,3.94e-17
TMEM170A,1.3097423,1e-18,4e-17
SH2B3,1.0487609,1.01e-18,4.01e-17
TRIM37,-1.1339345,1.01e-18,4.01e-17
ECHDC1,-1.7306386,1.01e-18,4.02e-17
HSPA13,-2.2021373,1.02e-18,4.04e-17
DHX15,-1.79374,1.03e-18,4.08e-17
IWS1,-1.5367105,1.04e-18,4.12e-17
CLK4///CLK4,-1.6430659,1.06e-18,4.17e-17
ARHGAP31,0.70277393,2.16e-18,4.18e-17
SNORD32A,2.4322718,1.09e-18,4.27e-17
TMEM87B,-1.2810191,1.09e-18,4.27e-17
SNORD34,1.7843577,1.09e-18,4.28e-17
YIPF4,-1.1930132,1.11e-18,4.35e-17
SLMO2-ATP5E///PRELID3B,-1.7377777,1.12e-18,4.36e-17
TARDBP,-1.1660364,1.12e-18,4.39e-17
IGHA1///SCFV///C14ORF99///IGHV3-48///IGHV3-69-1,-1.19431202,2.31e-18,4.44e-17
ARNTL2,-1.6829045,1.15e-18,4.47e-17
SNORD116-4///SNRPN,2.2137727,1.18e-18,4.58e-17
DEDD,1.0669377,1.19e-18,4.62e-17
CCDC171,-0.61323609,2.43e-18,4.68e-17
LINC01140,-0.87752134,2.44e-18,4.69e-17
FGFRL1,0.9235491,1.21e-18,4.7e-17
CKAP2,-1.7817386,1.25e-18,4.85e-17
GLRX3,-1.1665377,1.26e-18,4.86e-17
FAM114A2,-1.3024877,1.27e-18,4.91e-17
LINC00312,1.17821319,2.61e-18,4.99e-17
NGLY1,-1.4358682,1.29e-18,4.99e-17
KLHL7,-1.1317368,1.31e-18,5.04e-17
ZNF407,-1.36296,1.35e-18,5.18e-17
C9ORF64,-1.2631973,1.35e-18,5.2e-17
LDB1,1.520735,1.36e-18,5.21e-17
LTV1,-1.7271159,1.37e-18,5.26e-17
GRSF1,-1.0188455,1.4e-18,5.36e-17
MNS1,-1.47724089,2.83e-18,5.4e-17
ITPR2,-2.0646491,1.44e-18,5.49e-17
ZNF761,-1.8078705,1.45e-18,5.51e-17
MYO1F,0.67442659,2.89e-18,5.51e-17
YRDC,0.54278162,2.9e-18,5.53e-17
PEA15,1.4768468,1.46e-18,5.54e-17
TMA16,-1.5090327,1.47e-18,5.59e-17
RPL23A,1.2596273,1.48e-18,5.61e-17
DFNA5,-0.8700446,2.97e-18,5.62e-17
CFP,0.52580368,2.96e-18,5.62e-17
GBE1,-1.770655,1.49e-18,5.63e-17
PNPLA2,1.3315277,1.49e-18,5.63e-17
SDAD1,-2.0623959,1.49e-18,5.64e-17
SNORD116-9///SNORD116-8///SNORD116-6///SNORD116-3,1.906575,1.5e-18,5.67e-17
CFHR2,-0.49310347,3e-18,5.68e-17
SNORD104,3.1885082,1.52e-18,5.72e-17
DCUN1D1,-1.7879709,1.52e-18,5.73e-17
GALNT1,-1.7851586,1.56e-18,5.88e-17
DNM1L,-1.5482141,1.6e-18,6.01e-17
FER,-1.7567786,1.61e-18,6.04e-17
BMP4,-0.67107866,3.25e-18,6.11e-17
MTMR14,0.42952542,3.24e-18,6.11e-17
TRIM29,-1.2767168,3.23e-18,6.11e-17
MTF2,-1.5165491,1.64e-18,6.16e-17
PECAM1,1.20104958,3.3e-18,6.18e-17
TMEM45A,-1.37845851,3.41e-18,6.38e-17
PLA2G1B,3.6288232,1.74e-18,6.5e-17
CCBE1,0.79794117,3.54e-18,6.61e-17
ZNF283,-1.4952773,1.8e-18,6.7e-17
KIF3A,-1.9735314,1.81e-18,6.73e-17
APAF1,-1.3401973,1.81e-18,6.73e-17
LMBRD2,-1.3504695,1.82e-18,6.74e-17
ZNF780B,-2.2816864,1.82e-18,6.74e-17
STRN3,-1.2327659,1.81e-18,6.74e-17
SMARCAD1,-1.597535,1.83e-18,6.78e-17
XRCC4,-1.4415332,1.85e-18,6.83e-17
ZNF845,-2.5216673,1.88e-18,6.92e-17
POM121C///POM121///PMS2P3,0.9748705,1.88e-18,6.94e-17
FAM150B,0.98999507,3.73e-18,6.96e-17
KMT5B,-1.584205,1.89e-18,6.97e-17
DGUOK,1.2214223,1.91e-18,7.03e-17
MED6,-1.2681445,1.92e-18,7.04e-17
BTBD2,1.5337159,1.92e-18,7.04e-17
NBEA,-0.96243884,3.79e-18,7.05e-17
SEMA3F,0.44964031,3.81e-18,7.09e-17
SPATA17,-1.5560808,3.83e-18,7.1e-17
MICU2,-1.2874482,1.94e-18,7.11e-17
PDP2,0.48232588,3.91e-18,7.25e-17
NHLRC3,-1.0910691,1.98e-18,7.25e-17
CST3,1.6258318,2e-18,7.33e-17
PPIP5K2,-1.7773436,2.01e-18,7.34e-17
ANKRD36BP2///ANKRD36///ANKRD36B,-0.80624283,3.97e-18,7.35e-17
MAPRE1,-1.6333873,2.03e-18,7.39e-17
AKR1B1,1.3665564,2.03e-18,7.39e-17
CDK16,1.2650318,2.06e-18,7.49e-17
ZNF10,-1.9380095,2.06e-18,7.5e-17
FAM46B,0.57924774,4.09e-18,7.55e-17
HS6ST2,-0.53607788,4.13e-18,7.62e-17
NAP1L3,-0.65563976,4.14e-18,7.62e-17
GPR146,2.1482341,2.15e-18,7.78e-17
LARP7///ZGRF1///LARP7,-1.5311009,2.16e-18,7.79e-17
SIGLEC5,0.68903658,4.26e-18,7.83e-17
ZDHHC8,1.0453082,2.17e-18,7.84e-17
OSBPL6,-0.94470656,4.29e-18,7.86e-17
KIAA1841,-0.72448184,4.28e-18,7.86e-17
RSBN1L,-1.2767486,2.19e-18,7.89e-17
TIAL1,-0.9445214,2.2e-18,7.93e-17
PIGN,-1.3692327,2.22e-18,7.97e-17
PEX11B,1.4293282,2.22e-18,7.99e-17
PBRM1,-1.7584641,2.23e-18,8e-17
KCTD13,1.1498591,2.25e-18,8.07e-17
WDR82,-0.9999145,2.26e-18,8.07e-17
VPS8///VPS8,-1.5672682,2.29e-18,8.16e-17
OSBPL3,-0.70662896,4.48e-18,8.18e-17
TFCP2,-1.0373182,2.3e-18,8.2e-17
COL6A3,-1.0107487,4.53e-18,8.26e-17
MTCH1,1.2762745,2.37e-18,8.43e-17
VNN2,1.20592438,4.65e-18,8.46e-17
IK,-1.9857523,2.39e-18,8.47e-17
MMAB,1.1538523,2.43e-18,8.61e-17
ANKRD36///ANKRD36B,-0.72899838,4.77e-18,8.65e-17
PSMC5,0.39089857,4.76e-18,8.65e-17
RBPJ,-1.5025882,2.45e-18,8.66e-17
RPRD1A,-1.2638268,2.45e-18,8.66e-17
FAM89B,1.5778868,2.46e-18,8.67e-17
FDPSP2///FDPS,0.44639264,4.82e-18,8.73e-17
MYB///MYB,-1.10175693,4.84e-18,8.76e-17
SIGMAR1,1.6303677,2.49e-18,8.77e-17
ANKMY2,-0.528154,4.92e-18,8.89e-17
PEX10,1.2202473,2.53e-18,8.9e-17
GNG11,2.7654659,2.54e-18,8.92e-17
CCNB1,-1.6680936,2.56e-18,8.97e-17
RILPL2,0.44251219,5.03e-18,9.08e-17
SLMAP,-1.6075027,2.61e-18,9.14e-17
EFHC2,-1.29904612,5.23e-18,9.42e-17
ACAP2,-1.5613427,2.71e-18,9.46e-17
SIPA1L3,1.2941668,2.71e-18,9.47e-17
INTS8,-1.3108595,2.73e-18,9.52e-17
CXCR2,0.9952089,5.29e-18,9.52e-17
WDHD1,-1.5816627,2.78e-18,9.69e-17
FAM83D,-1.22698103,5.49e-18,9.87e-17
HSP90B1,-1.7238082,2.85e-18,9.92e-17
GNB2,1.2903573,2.85e-18,9.92e-17
TMEM115,1.4335745,2.86e-18,9.93e-17
CAPS2,-1.09901413,5.56e-18,9.97e-17
TSPAN1,-1.96351804,5.64e-18,1.01e-16
ROBO2,-1.22342006,5.7e-18,1.02e-16
ZNHIT6,-1.7514586,2.93e-18,1.02e-16
WNT7A,1.5507141,3e-18,1.04e-16
POM121C///POMZP3///POM121,1.1673632,3e-18,1.04e-16
CECR2,0.69515711,5.81e-18,1.04e-16
EPB41L5,0.71006458,5.86e-18,1.04e-16
PSMD14,-1.6100645,3.05e-18,1.05e-16
KRAS,-1.524995,3.1e-18,1.07e-16
ITGB1,-1.47784,3.15e-18,1.08e-16
FOXK2,0.8109923,3.2e-18,1.1e-16
ZNF592,0.934575,3.2e-18,1.1e-16
MLLT6,0.8951032,3.25e-18,1.11e-16
SERPINI2,-1.15128594,6.32e-18,1.12e-16
FAM65C,0.43913861,6.3e-18,1.12e-16
EXOC1,-1.7529709,3.36e-18,1.15e-16
CCDC112,-1.4877491,3.38e-18,1.15e-16
FASTKD2,-1.7527518,3.37e-18,1.15e-16
FANCM,-1.7346445,3.37e-18,1.15e-16
RNU4-2,3.7332127,3.42e-18,1.16e-16
FGFR1OP,-0.47241401,6.57e-18,1.16e-16
ANKRD10,-1.0111895,3.41e-18,1.16e-16
EIF3E,-1.2959709,3.4e-18,1.16e-16
CLEC4D,1.00555069,6.55e-18,1.16e-16
HNRNPUL2-BSCL2///HNRNPUL2,-1.1766509,3.4e-18,1.16e-16
ERAL1,1.2774841,3.47e-18,1.17e-16
SELM///SELM,2.2038541,3.46e-18,1.17e-16
C2CD2L,0.9416705,3.46e-18,1.17e-16
MORF4L2,-1.4971459,3.45e-18,1.17e-16
U2SURP,-1.6477964,3.51e-18,1.18e-16
TPP2,-1.66946,3.57e-18,1.2e-16
SOAT1,-1.1836195,3.55e-18,1.2e-16
FCAR,0.59239983,7.04e-18,1.24e-16
UCHL5,-1.2132045,3.73e-18,1.25e-16
FAM162B,1.5112091,3.74e-18,1.25e-16
WHSC1L1,-1.5202159,3.77e-18,1.26e-16
AHCTF1P1///AHCTF1,-1.8757395,3.77e-18,1.26e-16
DYNLL2,1.2433277,3.82e-18,1.28e-16
THOC1,-1.4638632,3.84e-18,1.28e-16
DYNC2H1,-3.0723155,3.87e-18,1.29e-16
NUP160,-1.1728091,3.89e-18,1.29e-16
HDAC9,-0.44578726,7.4e-18,1.3e-16
PHACTR3,0.40874631,7.39e-18,1.3e-16
CEBPZ,-1.6074595,3.94e-18,1.31e-16
ROCK2,-2.0221755,3.95e-18,1.31e-16
PIGS,1.2308955,3.96e-18,1.31e-16
BANF1,-0.9663305,3.93e-18,1.31e-16
LIN37,0.9808541,3.97e-18,1.31e-16
LOC728613///PDCD6,1.02747,3.98e-18,1.32e-16
NT5E,-0.83153726,7.55e-18,1.33e-16
CD300E,0.86270341,7.63e-18,1.34e-16
ST20,1.9990482,4.12e-18,1.36e-16
AP2A1,0.9771995,4.14e-18,1.36e-16
DNASE1L1,1.0290364,4.13e-18,1.36e-16
RAB23,-0.58705639,7.8e-18,1.37e-16
DEXI,1.8630118,4.19e-18,1.38e-16
SELT,1.1596773,4.24e-18,1.39e-16
SETX,-1.6995195,4.25e-18,1.39e-16
CBLL1,1.3939323,4.22e-18,1.39e-16
PLN,-1.13134159,8.05e-18,1.41e-16
IGK///IGKC,-1.68571102,8.06e-18,1.41e-16
NCAPG2,-1.4262609,4.38e-18,1.43e-16
GNAO1,-0.41560536,8.18e-18,1.43e-16
CYB5R3,1.3700764,4.38e-18,1.43e-16
CHD2,-1.528275,4.5e-18,1.46e-16
ACTR6,-1.5327836,4.47e-18,1.46e-16
SMARCC1,-0.8899477,4.53e-18,1.47e-16
DNAJC7,-1.1824023,4.53e-18,1.47e-16
GUSBP11,1.1431705,4.64e-18,1.5e-16
SOX2,-1.52456576,8.68e-18,1.51e-16
THOC6,1.4282495,4.66e-18,1.51e-16
ZFAND2B,1.0256186,4.66e-18,1.51e-16
GTF2I,-1.4563832,4.7e-18,1.52e-16
WDR48,-1.7822495,4.71e-18,1.52e-16
NADK2,-1.3798105,4.76e-18,1.54e-16
CHRM2,0.61258372,8.88e-18,1.54e-16
MPHOSPH8,-1.3133055,4.81e-18,1.55e-16
TMEM14A,-0.45494729,8.97e-18,1.56e-16
PPP4R3B,-1.2487332,4.87e-18,1.57e-16
GEN1,-2.1102564,4.88e-18,1.57e-16
SDHB,1.1812155,4.93e-18,1.58e-16
SLAMF7,-1.36189941,9.09e-18,1.58e-16
DAG1,1.1026195,5.11e-18,1.64e-16
TOMM70,-1.7159191,5.2e-18,1.66e-16
FBXL3,-1.3487564,5.27e-18,1.68e-16
VSIG2,1.689525,5.28e-18,1.68e-16
ARHGAP26,0.5724094,9.73e-18,1.68e-16
DARS,-1.4159773,5.31e-18,1.69e-16
NONO,-0.9282545,5.33e-18,1.7e-16
PARP11,-1.2685864,5.36e-18,1.7e-16
HERPUD2,1.0236336,5.44e-18,1.73e-16
SPOP,-1.2656005,5.48e-18,1.74e-16
LOC105375355///UPK3B,1.9820332,5.48e-18,1.74e-16
DNPEP,0.38953509,1.02e-17,1.76e-16
PFKFB3,0.68061673,1.02e-17,1.76e-16
NPHP3-ACAD11///ACAD11,-1.5615977,5.64e-18,1.78e-16
SHB,1.4110632,5.62e-18,1.78e-16
BCHE,-0.92307352,1.04e-17,1.8e-16
SLCO1A2,0.63017262,1.05e-17,1.81e-16
SENP5,-1.6146695,5.77e-18,1.82e-16
PIK3CA,-1.5406105,5.81e-18,1.83e-16
BIRC2,-1.5414027,5.79e-18,1.83e-16
RPGRIP1L,-1.11256908,1.08e-17,1.85e-16
EMC2,-1.46583,5.9e-18,1.86e-16
BTAF1,-1.9468064,5.98e-18,1.88e-16
TNKS2,-1.5149982,6.01e-18,1.89e-16
NET1,-0.52225971,1.12e-17,1.91e-16
NCAM1,-0.60145342,1.12e-17,1.91e-16
DES,-1.24179238,1.13e-17,1.94e-16
NELFE,0.9920414,6.24e-18,1.95e-16
TCTN1,-0.64634654,1.15e-17,1.96e-16
MZT2A,1.7461223,6.3e-18,1.97e-16
ZRANB2,-1.5366091,6.37e-18,1.99e-16
CBR4,-1.5254145,6.4e-18,1.99e-16
NIT2,1.0614886,6.42e-18,2e-16
CDC14B,-0.48923899,1.19e-17,2.03e-16
GPN1,-1.1266809,6.51e-18,2.03e-16
HDAC7,0.8662077,6.55e-18,2.03e-16
BCAS2,-1.1375159,6.66e-18,2.06e-16
ESCO1,-1.3705373,6.63e-18,2.06e-16
ZNF776,-1.3297859,6.68e-18,2.07e-16
SLC35F5,-0.9940682,6.72e-18,2.08e-16
CCDC14,-1.7179455,6.77e-18,2.09e-16
BLOC1S6,-1.1329745,6.93e-18,2.14e-16
GFM2,-1.6559391,6.97e-18,2.14e-16
PRRX1,-0.85492184,1.26e-17,2.14e-16
CDK2AP1,1.3840291,6.95e-18,2.14e-16
CLSTN1,-0.39608496,1.26e-17,2.14e-16
CBWD6///CBWD3///CBWD5///CBWD2///CBWD1///CBWD6///CBWD3///CBWD5///CBWD1,-1.4275091,7.08e-18,2.17e-16
MGRN1,0.8552191,7.14e-18,2.19e-16
ZNF271P,-1.8710373,7.18e-18,2.2e-16
AP5M1,-1.3246823,7.28e-18,2.23e-16
PSMD7,-1.1592364,7.65e-18,2.33e-16
NAA50,-1.3727673,7.64e-18,2.33e-16
CBX3,-0.8365164,8.19e-18,2.49e-16
GPRIN2,0.56074084,1.48e-17,2.51e-16
IBTK,-1.5940441,8.32e-18,2.52e-16
PLA2G15,1.5582482,8.32e-18,2.52e-16
IGIP,-1.6568764,8.36e-18,2.53e-16
UPF2,-1.4538855,8.42e-18,2.55e-16
ELOVL1,1.9161832,8.47e-18,2.56e-16
CCT6A,-1.7609377,8.51e-18,2.57e-16
PSMC6,-1.4203614,8.57e-18,2.58e-16
PSMB6,2.0756386,8.54e-18,2.58e-16
HIGD2A,2.2254368,8.63e-18,2.6e-16
MAVS,0.7450868,8.75e-18,2.63e-16
UHRF1BP1L,-1.3436068,8.74e-18,2.63e-16
LOC646358///DNAJB14,-1.9756714,8.73e-18,2.63e-16
SKIL,-1.5380218,8.85e-18,2.65e-16
IL32,2.0251741,8.88e-18,2.66e-16
CNOT10,-1.2002273,8.94e-18,2.68e-16
HSPA4,-1.35071,9e-18,2.69e-16
NME7,-1.7108518,9.06e-18,2.7e-16
CEP152,-1.7583177,9.1e-18,2.71e-16
RGS13,-0.97611831,1.61e-17,2.71e-16
C1D,-1.4173127,9.07e-18,2.71e-16
B4GALT7,1.2386232,9.32e-18,2.77e-16
ZBTB16,1.41639488,1.66e-17,2.79e-16
GNAI2,1.0014455,9.46e-18,2.8e-16
OTUD7B,0.45073261,1.67e-17,2.82e-16
MAP1LC3A,1.1695832,9.59e-18,2.84e-16
PHF6,-1.596165,9.57e-18,2.84e-16
ACTR2,-1.3572055,9.72e-18,2.87e-16
GUF1///GUF1,-1.3305055,9.78e-18,2.89e-16
LUZP6///MTPN,0.9704018,9.84e-18,2.9e-16
MIR99AHG,-0.66509851,1.73e-17,2.91e-16
SLC4A7,-1.8511086,9.91e-18,2.92e-16
RELA,1.1609068,1e-17,2.95e-16
MAP3K11,1.3859782,1e-17,2.95e-16
GPSM3,0.41758049,1.77e-17,2.98e-16
SELO,1.0892141,1.02e-17,2.99e-16
RHOF,1.8283327,1.02e-17,3e-16
REPS2,0.54835609,1.79e-17,3e-16
PALMD,-0.62285917,1.79e-17,3e-16
C19ORF53,0.9154991,1.03e-17,3.01e-16
NUDT9,-1.2914664,1.03e-17,3.02e-16
IL33,-0.91696562,1.8e-17,3.02e-16
COX6A1,1.9750082,1.04e-17,3.05e-16
EIF3A,-2.0085827,1.05e-17,3.06e-16
RNF19A,-1.6894318,1.06e-17,3.08e-16
TROVE2,-1.5420914,1.06e-17,3.1e-16
SNORD116-9///SNORD116-8///SNORD116-7///SNORD116-5///SNORD116-3,1.7352868,1.06e-17,3.1e-16
NUCKS1,-1.0026845,1.06e-17,3.1e-16
BBS2,-0.41687521,1.86e-17,3.1e-16
PPP6C,0.7704941,1.1e-17,3.2e-16
ATP8B4,-1.5231073,1.1e-17,3.2e-16
BAZ1B,-1.2776114,1.1e-17,3.2e-16
SYNJ2BP-COX16///COX16,1.7479809,1.1e-17,3.2e-16
SCFV///IGLJ3///IGHM///IGHA1///SCFV///C14ORF99///IGK///IGKV3-20///IGHV3-23///IGHV3-30///IGHV3-48///IGHV3-69-1,-1.3458653,1.93e-17,3.21e-16
CACNB1,1.1145864,1.11e-17,3.21e-16
UCK1,1.1954886,1.12e-17,3.23e-16
OAT,-1.4110782,1.12e-17,3.23e-16
RHBDF1,1.4853273,1.14e-17,3.29e-16
BIRC6,-1.4933555,1.14e-17,3.29e-16
PARG,-1.7362423,1.14e-17,3.29e-16
DDX18,-1.8135136,1.15e-17,3.31e-16
GALNT7,-1.7017859,1.15e-17,3.31e-16
ADRA1B,0.41852098,2.01e-17,3.34e-16
ALG13,-1.2393495,1.17e-17,3.35e-16
UBA3,-1.4105905,1.17e-17,3.36e-16
PIAS2,-1.2394859,1.18e-17,3.38e-16
RPL27A,0.59529059,2.07e-17,3.44e-16
TTC8,-0.4460045,2.07e-17,3.44e-16
GIMAP1-GIMAP5///GIMAP5,0.75087401,2.08e-17,3.45e-16
ZNF302,-1.7670327,1.21e-17,3.46e-16
TSPO,1.6862741,1.22e-17,3.48e-16
LILRB3,0.714947,2.1e-17,3.48e-16
PIP5K1C,0.9679059,1.22e-17,3.48e-16
LILRA2,0.63615003,2.12e-17,3.51e-16
DXO,1.1026486,1.23e-17,3.51e-16
ATAD1,-1.3469768,1.24e-17,3.52e-16
CACNG4,1.7213477,1.24e-17,3.54e-16
DNAH7,-1.5929518,2.14e-17,3.54e-16
NECAB3,1.13705,1.25e-17,3.55e-16
NFXL1,-1.3099668,1.26e-17,3.58e-16
GCLC,-1.945905,1.26e-17,3.59e-16
ZFAND1,-1.1742505,1.26e-17,3.59e-16
TNC,-1.40301982,2.19e-17,3.61e-16
RBM25,-1.5308223,1.28e-17,3.64e-16
EIF4G3,-1.2521086,1.29e-17,3.66e-16
CFAP54,-1.6937361,2.23e-17,3.67e-16
MTMR6,-1.4030509,1.32e-17,3.74e-16
DHX36,-1.7336791,1.33e-17,3.75e-16
ATP11C,-1.5474477,1.34e-17,3.78e-16
ATAD2,-1.665545,1.34e-17,3.78e-16
TBCE,0.41867106,2.32e-17,3.82e-16
NR1H2,0.37104819,2.33e-17,3.83e-16
ZNF330,-1.8439932,1.37e-17,3.85e-16
SNORD78,-2.3243668,1.37e-17,3.86e-16
HSDL1,-1.0418268,1.39e-17,3.9e-16
FAM120AOS,0.6929245,1.4e-17,3.92e-16
CKAP5,-1.8295959,1.41e-17,3.93e-16
UGP2,-1.6004091,1.41e-17,3.94e-16
RAMP2,2.657435,1.41e-17,3.95e-16
NUP37,-1.3750414,1.43e-17,3.98e-16
TMEM255B,0.43842513,2.43e-17,3.99e-16
LRP2,1.34456636,2.51e-17,4.1e-16
PRKCH,0.42197403,2.5e-17,4.1e-16
TIA1,-0.48784848,2.52e-17,4.12e-16
C11ORF63,-0.55775371,2.54e-17,4.14e-16
MYD88,1.6194723,1.51e-17,4.18e-16
SPAG6,-2.17657201,2.57e-17,4.19e-16
PPM1B,-1.3266291,1.52e-17,4.21e-16
DNAJC15,1.5261123,1.54e-17,4.26e-16
TRIM36,-0.49100139,2.63e-17,4.27e-16
BCLAF1,-2.0940491,1.54e-17,4.28e-16
LAMB1,0.72412315,2.64e-17,4.28e-16
HDAC2,-1.3501845,1.58e-17,4.37e-16
FAM117B,1.0158673,1.63e-17,4.49e-16
RXRA,1.1386373,1.63e-17,4.5e-16
LRP12,-1.246835,1.65e-17,4.54e-16
SNORA27,-1.3137914,1.67e-17,4.59e-16
PRMT3,-1.0820214,1.68e-17,4.61e-16
CD81,1.2639091,1.68e-17,4.62e-16
ZDHHC17,-1.1108805,1.69e-17,4.63e-16
MT1F,3.0773286,1.72e-17,4.71e-16
CDON,-0.76892498,2.9e-17,4.71e-16
TMEM223,1.5768609,1.75e-17,4.78e-16
HPGDS,-1.01058573,2.98e-17,4.82e-16
FOXF1,0.63319912,2.98e-17,4.82e-16
SHOC2,-1.3942182,1.78e-17,4.87e-16
ZFC3H1,-1.6988114,1.81e-17,4.92e-16
THG1L,-1.1097636,1.81e-17,4.94e-16
ZBTB1,-1.8154059,1.81e-17,4.94e-16
CIAO1,0.8792082,1.83e-17,4.99e-16
TMA7,1.8337755,1.85e-17,5.04e-16
CASZ1,1.2743068,1.86e-17,5.05e-16
ITGAV,-1.6598955,1.87e-17,5.08e-16
DENR,-1.2859955,1.9e-17,5.15e-16
PFN1,1.5645114,1.9e-17,5.15e-16
FKBP5///LOC285847///FKBP5,1.3434174,3.19e-17,5.15e-16
PDLIM5,-1.45127,1.92e-17,5.19e-16
PSMF1,0.8015559,1.92e-17,5.2e-16
DYNC1I2,-1.4914755,1.93e-17,5.21e-16
UQCC2,1.8976114,1.94e-17,5.23e-16
LTN1,-1.3527023,1.94e-17,5.24e-16
FUBP1,-1.1866755,1.95e-17,5.26e-16
RPL22,-1.7642973,1.95e-17,5.26e-16
C12ORF49,1.5629959,1.97e-17,5.29e-16
YME1L1,-1.4168236,1.97e-17,5.29e-16
FIGNL1,-1.8690141,1.97e-17,5.3e-16
TMEM160,1.527915,1.98e-17,5.31e-16
TMPRSS4,-1.46192966,3.3e-17,5.32e-16
OTUD3,-1.2796227,2e-17,5.35e-16
SYAP1,-1.2241336,2.01e-17,5.39e-16
DYSF,0.63124139,3.35e-17,5.39e-16
VAMP2,1.6056732,2.03e-17,5.42e-16
RAD17,-1.5053536,2.05e-17,5.47e-16
MYCBP2,-1.8716423,2.05e-17,5.48e-16
TRIP12,-1.8301,2.06e-17,5.49e-16
CCDC92,1.5766805,2.09e-17,5.55e-16
NCBP2,-1.4472595,2.08e-17,5.55e-16
ACTR3,-1.4155355,2.09e-17,5.56e-16
ZNF701,-2.1476132,2.11e-17,5.6e-16
LRRIQ1,-1.87940165,3.52e-17,5.65e-16
ZMYM1,-1.413105,2.13e-17,5.66e-16
DYNC1LI2,-1.2973541,2.14e-17,5.68e-16
NDUFS1,-1.4468773,2.15e-17,5.71e-16
PURA,0.9337573,2.18e-17,5.76e-16
ABCA11P,-1.4926764,2.2e-17,5.81e-16
JDP2,0.42698867,3.63e-17,5.82e-16
MRI1,1.6075295,2.22e-17,5.87e-16
CEP128,-0.62058951,3.67e-17,5.88e-16
ODF2L,-2.1365845,2.24e-17,5.91e-16
CHEK1,-1.4116764,2.24e-17,5.92e-16
TBC1D19,-0.50360281,3.72e-17,5.96e-16
GTF2H3,-1.3137223,2.27e-17,5.99e-16
PRKD2,1.0661227,2.32e-17,6.1e-16
NOP58,-1.63944,2.35e-17,6.17e-16
MAD2L1,-1.4214805,2.35e-17,6.17e-16
PNRC2,-1.4476227,2.37e-17,6.19e-16
OSBPL8,-1.6518032,2.37e-17,6.19e-16
PXMP2,1.6702586,2.37e-17,6.19e-16
RNF220,1.0794759,2.39e-17,6.23e-16
ARHGDIA,1.0882795,2.43e-17,6.33e-16
EXOSC4,1.4706591,2.44e-17,6.35e-16
RHOQ,-1.2149705,2.44e-17,6.35e-16
PRKCE,0.5384735,3.98e-17,6.36e-16
LY75-CD302///LY75,-2.1422014,2.46e-17,6.39e-16
ARHGAP12,-1.4338209,2.47e-17,6.4e-16
CCT2,-1.4123973,2.48e-17,6.43e-16
ME2,-1.2780736,2.49e-17,6.45e-16
DPYD,0.43229973,4.07e-17,6.49e-16
RNGTT,-1.0454482,2.56e-17,6.62e-16
ST5,-0.41092104,4.19e-17,6.68e-16
GAB1,0.9904636,2.61e-17,6.74e-16
ZNF451,-1.5205709,2.61e-17,6.74e-16
NECTIN2,1.3835473,2.63e-17,6.77e-16
RARA///BCOR,1.5025941,2.65e-17,6.84e-16
KATNAL1,-1.3719436,2.67e-17,6.86e-16
PARVB,1.05109,2.67e-17,6.87e-16
BAZ2B,-1.6002223,2.68e-17,6.89e-16
KIR3DL2///KIR3DL1///KIR2DL4///KIR2DL3///KIR2DL2///KIR2DL1///KIR3DL2///KIR3DL1,0.48591464,4.35e-17,6.93e-16
MYNN,-1.31749,2.71e-17,6.96e-16
ZCCHC6,-1.8602,2.72e-17,6.98e-16
PHACTR1,0.59204763,4.5e-17,7.14e-16
RGL2,1.3267414,2.81e-17,7.18e-16
PPIL4,-1.3585182,2.8e-17,7.18e-16
TMEM150A,0.39865901,4.56e-17,7.21e-16
ADGRA3,-1.3584077,2.83e-17,7.23e-16
C1QC,1.8560909,2.85e-17,7.26e-16
CSNK1G2,1.1905636,2.88e-17,7.33e-16
BACE2,-0.65447289,4.72e-17,7.45e-16
SLC35F2,-0.51896097,4.72e-17,7.45e-16
C1GALT1C1,-1.3900909,2.94e-17,7.49e-16
ARID4A,-1.8260505,2.97e-17,7.55e-16
PTPRN2,-0.40542884,4.83e-17,7.61e-16
TMEM127,0.7806773,3e-17,7.63e-16
FBXL12,1.3263805,3e-17,7.63e-16
ATM,-1.7061005,3.03e-17,7.69e-16
LOC102724984///LOC728138///KIAA2013,1.2136114,3.04e-17,7.7e-16
USP40,-1.05289,3.04e-17,7.7e-16
ATP6V0E1,1.4701818,3.11e-17,7.86e-16
HAUS2,1.3995727,3.14e-17,7.91e-16
DDX5,-1.4625436,3.14e-17,7.91e-16
MXD1,0.74891521,5.06e-17,7.96e-16
PRR16,0.39351446,5.1e-17,8.02e-16
KCNK3,1.7870918,3.19e-17,8.05e-16
EFHC1,-1.17311162,5.17e-17,8.11e-16
HMGN3,-0.46404232,5.21e-17,8.17e-16
ENG,1.6983564,3.25e-17,8.18e-16
ZNF813,-1.4795959,3.28e-17,8.24e-16
MYL12B,1.2644,3.29e-17,8.26e-16
ATP6AP1,1.4722045,3.3e-17,8.28e-16
WDR36,-1.7720895,3.31e-17,8.31e-16
FAM179B,-0.64402579,5.33e-17,8.33e-16
CS,0.8325386,3.36e-17,8.43e-16
STX12,0.60021803,5.43e-17,8.46e-16
EFCAB7,-0.63170978,5.42e-17,8.46e-16
OARD1,-1.3660109,3.39e-17,8.5e-16
IGHV3-48///IGHV3-69-1///IGHV3OR16-7,-1.33183484,5.46e-17,8.5e-16
CDC42BPA,-1.7335009,3.42e-17,8.55e-16
PEMT,2.0339645,3.42e-17,8.55e-16
ALYREF,1.36743,3.43e-17,8.56e-16
CMTM3,1.5596841,3.43e-17,8.56e-16
RPL39P5///ZNF525///RPL39,1.39954,3.46e-17,8.61e-16
LDAH,-1.3451809,3.45e-17,8.61e-16
VPS50,-1.3524845,3.46e-17,8.61e-16
DHCR7,0.86942356,5.6e-17,8.71e-16
ZNF112,-1.45469,3.55e-17,8.79e-16
PCK2,1.1110659,3.55e-17,8.8e-16
CYGB,1.3132509,3.56e-17,8.81e-16
PGM5,-0.81643284,5.7e-17,8.84e-16
SMARCA1,-1.92566,3.6e-17,8.9e-16
PILRA,1.4213073,3.62e-17,8.95e-16
MS4A15,1.22315327,5.78e-17,8.96e-16
TOP2A,-1.7760323,3.69e-17,9.12e-16
WDR78,-1.67089965,5.92e-17,9.16e-16
SCFV///IGLJ3///IGHV3-23///IGHV3-41///IGHV4-31///IGHM///IGHG2///IGHG1///IGHA1///IGH///C14ORF99///IGK///IGKV3-20///IGHV3-23///IGHV3-48///IGHV3-75///IGHV3-69-1///IGHV3OR16-7,-1.45112194,5.93e-17,9.17e-16
NSUN3,-1.1334718,3.73e-17,9.2e-16
PNKP,0.918425,3.74e-17,9.21e-16
UBE2Q2,-0.95873,3.75e-17,9.23e-16
IMPAD1,-1.1030141,3.75e-17,9.25e-16
SEMA3A,-1.8846545,3.77e-17,9.29e-16
PIKFYVE,-1.4655291,3.81e-17,9.35e-16
SNRPA1,-1.5840814,3.8e-17,9.35e-16
DVL3,0.9860132,3.9e-17,9.56e-16
MARCH5,-0.9470055,3.92e-17,9.6e-16
LAMC3,0.73075977,6.25e-17,9.65e-16
MT1E,0.74800753,6.3e-17,9.71e-16
TTC39B,-1.6134132,3.97e-17,9.71e-16
PARP3,1.0704523,3.99e-17,9.75e-16
C7ORF25,-1.2459273,4.05e-17,9.88e-16
ATP2B1,-1.6071905,4.05e-17,9.88e-16
ARMC2,-1.01808141,6.52e-17,1e-15
ZMYND11,-1.6302986,4.14e-17,1.01e-15
GPR89A///GPR89B,-1.2538691,4.24e-17,1.03e-15
B3GNT2,-1.1871714,4.26e-17,1.04e-15
TMEM116,1.3481359,4.38e-17,1.06e-15
TOPORS,-1.5686495,4.39e-17,1.06e-15
SLC36A4,-1.5422023,4.4e-17,1.07e-15
PRDX3,-1.2434864,4.48e-17,1.08e-15
ZNF83,-1.8811427,4.49e-17,1.09e-15
NDUFB10,1.1294382,4.56e-17,1.1e-15
MYH11,-1.14350297,7.16e-17,1.1e-15
DCAKD,1.2609041,4.58e-17,1.1e-15
MGP,-0.64403523,7.21e-17,1.11e-15
ZNF385D,-1.18058885,7.23e-17,1.11e-15
THBS4,-0.66861054,7.4e-17,1.13e-15
RAB1C,1.5103677,4.76e-17,1.14e-15
PHF20L1,-1.4068682,4.76e-17,1.14e-15
SSB,-1.4525845,4.72e-17,1.14e-15
RAP1GDS1,-1.3566073,4.71e-17,1.14e-15
ATP6V1A,-1.4556695,4.85e-17,1.16e-15
CD27,-0.89870095,7.59e-17,1.16e-15
TEAD4,0.43386284,7.69e-17,1.17e-15
DNAJC25-GNG10///GNG10,1.3357577,4.94e-17,1.18e-15
WDR63,-1.4395593,7.88e-17,1.2e-15
AMFR,0.8747436,5.07e-17,1.21e-15
CLCN4,0.53086531,8.04e-17,1.22e-15
ERMARD,-1.2354073,5.16e-17,1.23e-15
SUSD2,2.5457841,5.19e-17,1.24e-15
HIST1H4C,2.0681705,5.19e-17,1.24e-15
RNU2-1,2.29785,5.25e-17,1.25e-15
SYNJ2,-0.50871674,8.25e-17,1.25e-15
COG2,-1.417185,5.23e-17,1.25e-15
IREB2,-1.5373555,5.35e-17,1.27e-15
WDR12,-1.6247591,5.42e-17,1.28e-15
TWF1,-1.1931264,5.4e-17,1.28e-15
WDR77,-0.9803882,5.5e-17,1.3e-15
WDPCP,-0.55478558,8.62e-17,1.31e-15
HEATR3,-1.0423755,5.52e-17,1.31e-15
CFAP43,-2.2088831,8.75e-17,1.32e-15
AP4E1,-1.1471432,5.6e-17,1.32e-15
TIGD2,-1.6110977,5.65e-17,1.33e-15
ATG2B,-1.7261486,5.62e-17,1.33e-15
LCOR,-0.8640641,5.66e-17,1.33e-15
FAM214A,-1.4808532,5.63e-17,1.33e-15
TMX1,-0.9080841,5.69e-17,1.34e-15
SCARNA12,1.8026845,5.72e-17,1.34e-15
DHX9,-1.62066,5.75e-17,1.35e-15
TFB1M,-1.1439264,5.81e-17,1.36e-15
FTSJ3,-1.2194695,5.78e-17,1.36e-15
HSP90AA1,-2.4678282,5.87e-17,1.37e-15
ZNF594,-1.7959927,5.84e-17,1.37e-15
SLN,-1.29378808,9.18e-17,1.39e-15
CTNND2,1.1163368,5.93e-17,1.39e-15
HGSNAT,0.8418236,5.94e-17,1.39e-15
GSTA1,-1.72207449,9.24e-17,1.39e-15
SLC19A3,1.00092858,9.21e-17,1.39e-15
ETAA1,-1.4556032,5.99e-17,1.4e-15
NCKAP1,-1.2176164,5.97e-17,1.4e-15
DAGLB,0.42702179,9.29e-17,1.4e-15
GALE,0.42584959,9.35e-17,1.41e-15
ABI3,1.0747159,6.18e-17,1.44e-15
PLEKHM2,1.0563068,6.17e-17,1.44e-15
TTC39C,-0.48188143,9.57e-17,1.44e-15
SIX1,-1.15717526,9.7e-17,1.45e-15
ABCB6,0.43555913,9.65e-17,1.45e-15
CLEC14A,0.73306722,9.68e-17,1.45e-15
RENBP,0.49458796,9.65e-17,1.45e-15
FPR2,1.14462941,9.78e-17,1.46e-15
PTH1R,0.42884461,9.8e-17,1.46e-15
MSRB1,0.43046187,9.77e-17,1.46e-15
MORC3,-1.2824191,6.35e-17,1.48e-15
WDR26,-1.0956736,6.38e-17,1.48e-15
RASGRP4,0.45707549,1e-16,1.49e-15
ITGA9,-0.51493923,1.01e-16,1.49e-15
INTS2,-1.3514686,6.49e-17,1.5e-15
HINT3,-1.22413,6.54e-17,1.51e-15
ACBD6,-0.979805,6.66e-17,1.54e-15
SYT15,0.67627522,1.04e-16,1.54e-15
COX8A,2.17265,6.74e-17,1.56e-15
IFNAR1,-1.4249436,6.77e-17,1.56e-15
NUP205,-1.3593309,6.8e-17,1.57e-15
PRKAA1,-1.2026436,6.79e-17,1.57e-15
MRPS9,-1.1016832,6.83e-17,1.57e-15
GRAMD1A,1.0950573,6.84e-17,1.58e-15
HACL1,-1.1577995,6.92e-17,1.59e-15
XCL1,2.1390814,6.97e-17,1.6e-15
CUL4A,-1.1408973,6.98e-17,1.6e-15
TPGS2,1.0485682,6.95e-17,1.6e-15
LMTK2,0.47871752,1.09e-16,1.62e-15
SNRPB,1.9679495,7.07e-17,1.62e-15
LIX1L,0.9583668,7.23e-17,1.65e-15
ANKRD36B,-2.0633605,7.2e-17,1.65e-15
SMARCD1,0.9273714,7.26e-17,1.66e-15
SEC22B,-1.0583991,7.28e-17,1.66e-15
CEP162,-1.999935,7.33e-17,1.67e-15
CIR1,-1.54531,7.52e-17,1.71e-15
AASDHPPT,-1.1106745,7.56e-17,1.72e-15
P3H2,1.1552857,1.16e-16,1.72e-15
STK25,1.1041959,7.71e-17,1.76e-15
FGF7P3///FGF7P6///FGF7,-2.2155368,7.92e-17,1.79e-15
RNF187,0.9582645,7.92e-17,1.79e-15
GRINA,1.2292045,7.96e-17,1.8e-15
PPIG,-1.4593491,7.96e-17,1.8e-15
ZFP36,2.0331082,8.05e-17,1.82e-15
MAPK3,1.4844564,8.13e-17,1.83e-15
MANBAL,1.4948227,8.1e-17,1.83e-15
PPP1R1B,1.0042214,8.11e-17,1.83e-15
HTRA1,-0.44807059,1.24e-16,1.84e-15
PTGDS,-0.57052632,1.26e-16,1.86e-15
CEP57L1,-1.6324009,8.34e-17,1.87e-15
CD63,-1.0032455,8.39e-17,1.88e-15
TNFSF12-TNFSF13///TNFSF12///TNFSF13,1.0982041,8.42e-17,1.89e-15
C20ORF85,-1.85071165,1.28e-16,1.89e-15
SSX2IP,-1.5352295,8.53e-17,1.91e-15
SENP6,-1.3082782,8.66e-17,1.94e-15
ASB6,1.0716268,8.7e-17,1.94e-15
PDGFC,-1.3234605,8.83e-17,1.97e-15
SNHG1///SNORD31,-1.4380386,8.94e-17,1.99e-15
SNORA52,1.5766509,8.94e-17,1.99e-15
SACM1L,-1.6515186,8.96e-17,2e-15
RAB20,1.2732645,9e-17,2e-15
SHROOM1,0.8271995,8.97e-17,2e-15
CAV1,2.3627982,8.99e-17,2e-15
ZMIZ1,1.14385,9.26e-17,2.05e-15
TGFBR1,-1.3531168,9.23e-17,2.05e-15
SEPN1,1.200215,9.35e-17,2.06e-15
STRBP,-2.2585241,9.3e-17,2.06e-15
SEC63,-1.2156455,9.3e-17,2.06e-15
FSTL3,0.62388144,1.41e-16,2.08e-15
WBSCR17,0.60942383,1.43e-16,2.1e-15
PGM2,-1.1668409,9.55e-17,2.11e-15
OXA1L,0.9297177,9.63e-17,2.12e-15
SSBP1,-1.153625,9.73e-17,2.14e-15
KIAA0368,-1.5900941,9.79e-17,2.15e-15
SLC18B1,-1.5235941,9.78e-17,2.15e-15
ABHD14A,1.7455664,9.86e-17,2.16e-15
PHAX,-1.4457614,9.93e-17,2.17e-15
SEC14L4,0.83777399,1.48e-16,2.17e-15
CEACAM4,0.41164964,1.48e-16,2.17e-15
CHIC2///CHIC2,1.5464659,9.93e-17,2.17e-15
STXBP6,0.99244016,1.49e-16,2.18e-15
LRRN4,1.01600997,1.49e-16,2.18e-15
LDHB,-1.25063,1e-16,2.2e-15
PHIP,-1.7600614,1.02e-16,2.23e-15
RNVU1-1,2.1168155,1.03e-16,2.25e-15
UBR5,-1.6443441,1.03e-16,2.25e-15
CCDC34,-0.53778896,1.55e-16,2.26e-15
WEE1,-0.68619347,1.56e-16,2.26e-15
SLC25A28,1.0016705,1.04e-16,2.26e-15
MORF4L1,-0.8327955,1.04e-16,2.27e-15
FRA10AC1,-1.6737714,1.05e-16,2.28e-15
TP53I11,0.9088718,1.05e-16,2.28e-15
ZFAND2A,0.51997948,1.58e-16,2.3e-15
GUCY1A3,-0.54116429,1.59e-16,2.3e-15
SNORD116-9///SNORD116-7///SNORD116-5///SNORD116-3,1.8527955,1.07e-16,2.31e-15
PPP2R5E,-0.8584441,1.08e-16,2.33e-15
REXO2,-1.18198,1.08e-16,2.33e-15
CCNK,1.1533155,1.08e-16,2.34e-15
CUL4B,-1.2957791,1.09e-16,2.34e-15
FAM83B,-0.90643902,1.63e-16,2.36e-15
TMEM232,-1.90777977,1.65e-16,2.39e-15
ISM1,-0.7015479,1.66e-16,2.41e-15
AATK,0.40597404,1.68e-16,2.42e-15
MS4A8,-2.29110632,1.68e-16,2.42e-15
PDLIM2,1.2737914,1.12e-16,2.42e-15
SLC39A4,0.9727232,1.12e-16,2.42e-15
CYLD,-1.5697132,1.12e-16,2.42e-15
LONP1,0.3905612,1.67e-16,2.42e-15
MPI,1.0201964,1.13e-16,2.43e-15
SLFN12,-1.62791,1.14e-16,2.44e-15
SFTA2,1.00191858,1.71e-16,2.46e-15
PGGT1B,-1.5706886,1.15e-16,2.47e-15
SLC41A1,0.9702668,1.16e-16,2.48e-15
NCSTN,0.89319,1.16e-16,2.49e-15
HIST2H2BF///HIST2H2BA,1.4950841,1.16e-16,2.49e-15
CCNA2,-0.53906581,1.73e-16,2.49e-15
BDP1,-1.5552727,1.17e-16,2.51e-15
TYMS,-0.84935932,1.75e-16,2.51e-15
CLIP4,-1.5803136,1.19e-16,2.54e-15
RAB22A,-0.7879764,1.19e-16,2.54e-15
C11ORF71,1.3258341,1.2e-16,2.56e-15
SPG20,-1.7690305,1.23e-16,2.62e-15
FASTKD1,-1.6162268,1.23e-16,2.62e-15
KPNB1,-1.6081077,1.23e-16,2.62e-15
PIGT,0.8872495,1.24e-16,2.64e-15
C1ORF27,-1.2136973,1.24e-16,2.64e-15
EFNB1,0.48086453,1.84e-16,2.65e-15
SIRT1,-1.0016632,1.25e-16,2.65e-15
C21ORF91,-1.29546,1.25e-16,2.65e-15
NCDN,0.8813686,1.25e-16,2.66e-15
MED29,0.887375,1.27e-16,2.7e-15
MTSS1,0.47491531,1.89e-16,2.71e-15
DHX30,0.8147418,1.28e-16,2.72e-15
FLOT2,0.39644809,1.91e-16,2.73e-15
CEBPG,0.38026291,1.93e-16,2.76e-15
IGHM///IGHG1///IGHD///IGHA2///IGHA1///IGHA2///IGHA1///IGH,-1.22439854,1.93e-16,2.76e-15
PNMA1,-1.1073455,1.32e-16,2.79e-15
MARK1,-0.60448246,1.96e-16,2.79e-15
OAZ1,1.5696455,1.33e-16,2.81e-15
PKD1P6-NPIPP1///NPIPA8///NPIPA7///NPIPA5///NPIPB5///NPIPB6///NPIPA2///NPIPA3///NPIPB4///PKD1P1///PDXDC2P///NPIPB3///NPIPA1///NPIPB5///NPIPB4///NPIPB3,0.9437891,1.33e-16,2.81e-15
TBX3,0.82173211,1.99e-16,2.83e-15
KDM4C,-1.2410959,1.36e-16,2.86e-15
ALKBH8,-1.4532573,1.36e-16,2.87e-15
CHD3,-0.37247168,2.02e-16,2.87e-15
NFATC2///NFATC2,-0.68757495,2.04e-16,2.89e-15
LHFP,1.71786,1.38e-16,2.9e-15
HBP1,-1.4900105,1.38e-16,2.9e-15
ROMO1,1.7526223,1.38e-16,2.91e-15
GATA6,1.2002055,1.39e-16,2.91e-15
CLEC2D,-1.8605923,1.39e-16,2.93e-15
IFI27L2,1.2822973,1.43e-16,3e-15
PDIK1L,-1.0442059,1.44e-16,3.01e-15
MYADM,1.4385573,1.44e-16,3.03e-15
RAPGEF4,0.62571445,2.15e-16,3.04e-15
VPS36,-1.1444736,1.47e-16,3.07e-15
TECR,1.4567155,1.48e-16,3.08e-15
KIAA1033,-1.3277168,1.48e-16,3.09e-15
HNRNPA2B1,-1.4946855,1.49e-16,3.12e-15
KNTC1,-1.6652241,1.51e-16,3.14e-15
AFG3L2,-0.9951386,1.51e-16,3.15e-15
TCP1,-1.3957609,1.52e-16,3.15e-15
CEP44,-1.6399636,1.52e-16,3.16e-15
GSKIP,-1.2981732,1.52e-16,3.16e-15
MT1JP,1.15341514,2.23e-16,3.16e-15
CEP135,-1.3178595,1.53e-16,3.17e-15
BEND5,-0.40620042,2.25e-16,3.18e-15
MED17,-1.2298677,1.54e-16,3.19e-15
EI24,0.86161,1.55e-16,3.23e-15
FGF13,-0.46476751,2.32e-16,3.27e-15
KNOP1,-1.2571895,1.59e-16,3.29e-15
MRPL36,1.4965905,1.59e-16,3.3e-15
RASA1,-1.2986923,1.6e-16,3.31e-15
ST6GALNAC1,-1.12595109,2.35e-16,3.31e-15
RNF26,1.4907086,1.61e-16,3.33e-15
PMM1,0.43609703,2.41e-16,3.38e-15
LOC100131826,-2.0757455,1.63e-16,3.38e-15
CEP63,-1.2961032,1.64e-16,3.39e-15
MATR3,-1.2234655,1.64e-16,3.39e-15
LAMA3,0.8331781,2.42e-16,3.4e-15
ZMAT2,-1.1278677,1.68e-16,3.46e-15
STRN4,1.0880627,1.7e-16,3.5e-15
PYROXD1,-1.78957,1.71e-16,3.51e-15
HNRNPK,-0.9269591,1.71e-16,3.51e-15
ADGRE2,0.6685575,2.53e-16,3.54e-15
FAM69B,1.2455568,1.73e-16,3.55e-15
IPO8,-1.578785,1.76e-16,3.58e-15
SNORD116-26,2.2860364,1.75e-16,3.58e-15
C15ORF38-AP3S2///ARPIN,0.8370368,1.76e-16,3.58e-15
ARRDC1-AS1,1.2356345,1.75e-16,3.58e-15
CASP8AP2,-1.0663195,1.78e-16,3.61e-15
ZNF852,-1.1353509,1.77e-16,3.61e-15
GK5,-1.0139764,1.79e-16,3.63e-15
STARD3,1.3426168,1.79e-16,3.63e-15
PACS1,1.0637095,1.79e-16,3.63e-15
PDGFA,1.6509405,1.79e-16,3.63e-15
LRP10,1.3085318,1.79e-16,3.64e-15
USO1,-1.5125609,1.8e-16,3.65e-15
SLC35B3,-1.1965636,1.8e-16,3.65e-15
ECT2,-1.7903282,1.83e-16,3.7e-15
PRR13,0.8638318,1.84e-16,3.73e-15
GABBR1,1.0736791,1.85e-16,3.74e-15
CAMTA2,0.8285636,1.87e-16,3.79e-15
NKD2///NKD2,0.9971609,1.88e-16,3.81e-15
TAF10,1.1197014,1.9e-16,3.84e-15
MLLT1,1.1008618,1.91e-16,3.85e-15
TWSG1,-0.95232,1.92e-16,3.87e-15
LY96,2.2425795,1.94e-16,3.89e-15
KRT15,-1.49702646,2.78e-16,3.89e-15
LRRC4C,-0.45511815,2.78e-16,3.89e-15
WDR11,-1.3891173,1.94e-16,3.9e-15
SNTN,-2.30401619,2.8e-16,3.91e-15
FNDC3A,-1.3886191,1.95e-16,3.91e-15
AMPD1,-1.2816543,2.82e-16,3.93e-15
ZNF518A,-1.6683868,1.96e-16,3.94e-15
CLUHP3,0.8970541,1.97e-16,3.95e-15
GPATCH2,-1.0982455,1.98e-16,3.96e-15
C2ORF40,-0.70099234,2.85e-16,3.97e-15
PAQR7,-0.44438764,2.88e-16,4e-15
CBLN4,-0.85410013,2.89e-16,4.01e-15
DNAH12,-1.68521305,2.9e-16,4.02e-15
C14ORF28,-1.5635636,2.04e-16,4.08e-15
SAXO2,-1.82716239,2.94e-16,4.08e-15
BNIP3,0.54734948,2.96e-16,4.1e-15
KL,0.61331519,2.97e-16,4.11e-15
PCIF1,1.1077168,2.06e-16,4.12e-15
PITPNM2,0.48026469,3.03e-16,4.18e-15
PPP1R11,1.3312591,2.11e-16,4.2e-15
PDHA1,-0.9688668,2.1e-16,4.2e-15
TALDO1,0.5100424,3.04e-16,4.2e-15
GREM1,-0.89250736,3.05e-16,4.2e-15
BICC1,-0.73787161,3.08e-16,4.24e-15
NELFB,1.2701377,2.14e-16,4.25e-15
FAM91A1,-1.3170114,2.14e-16,4.26e-15
MINOS1-NBL1///NBL1,-0.40166731,3.14e-16,4.32e-15
RPS6KB1,-1.1443436,2.18e-16,4.33e-15
CHD9,-1.5430082,2.18e-16,4.33e-15
USP8,-1.488135,2.22e-16,4.4e-15
RBFOX2,-0.37046898,3.2e-16,4.4e-15
CCDC85C,1.0090273,2.24e-16,4.43e-15
SLC35F6,1.038945,2.24e-16,4.43e-15
ERO1B,-0.9176636,2.24e-16,4.43e-15
HDDC3,1.0724155,2.26e-16,4.47e-15
SMIM19,1.0631191,2.26e-16,4.48e-15
PROSER2,0.9361082,2.28e-16,4.5e-15
UPF3B,-1.2025595,2.29e-16,4.51e-15
MRGBP,1.0370805,2.3e-16,4.53e-15
ZNF124,-1.1574573,2.3e-16,4.54e-15
HOOK3,-1.3101786,2.31e-16,4.54e-15
IDI1,0.46076832,3.32e-16,4.55e-15
PTBP1,1.1384673,2.31e-16,4.55e-15
SNORA24,1.7870177,2.32e-16,4.56e-15
ADAMTS15,0.61302289,3.35e-16,4.59e-15
IMPA1,-1.5380223,2.33e-16,4.59e-15
ABHD17A,1.6004277,2.34e-16,4.6e-15
PGAM4///PGAM1,1.1391141,2.36e-16,4.63e-15
EDEM3,-1.4321482,2.37e-16,4.64e-15
RUSC1-AS1,0.946825,2.38e-16,4.66e-15
LDOC1,-0.40850555,3.43e-16,4.7e-15
STXBP5,-1.1581018,2.41e-16,4.71e-15
MRPS2,1.1118073,2.43e-16,4.75e-15
FLNC,-0.79690923,3.48e-16,4.76e-15
ZNF143,-1.1869173,2.44e-16,4.76e-15
HAGH,1.1664845,2.45e-16,4.78e-15
PPP1R21,-1.0857764,2.46e-16,4.78e-15
RNASEK-C17ORF49///C17ORF49,1.5034932,2.47e-16,4.8e-15
RALGPS2,-0.93450711,3.51e-16,4.8e-15
CD200R1,-0.74409767,3.54e-16,4.82e-15
ZNF252P,-1.82317,2.49e-16,4.83e-15
SNORD59B,-1.2754273,2.5e-16,4.85e-15
TTC14,-1.4391305,2.53e-16,4.9e-15
INTS10,-1.2313277,2.53e-16,4.9e-15
CLCN6,0.44038272,3.61e-16,4.92e-15
SESTD1,0.42076395,3.64e-16,4.96e-15
SPATS2L,-0.42337405,3.66e-16,4.97e-15
TMEM106C,0.52469901,3.7e-16,5.02e-15
RANBP6,-1.4091268,2.59e-16,5.02e-15
STK4,-1.2570277,2.6e-16,5.04e-15
JUND,1.5740859,2.63e-16,5.09e-15
KRT17,-0.99076832,3.84e-16,5.2e-15
ERCC6L2,-1.3989186,2.7e-16,5.2e-15
GAPVD1,-1.3517259,2.7e-16,5.21e-15
CUTC,-1.1872559,2.72e-16,5.23e-15
FKBP1B,0.8772182,2.72e-16,5.23e-15
SRP54,-1.1309514,2.71e-16,5.23e-15
CPSF6,-0.9823077,2.73e-16,5.25e-15
FAM76B,-0.9746164,2.75e-16,5.28e-15
ARHGAP42,-1.5922045,2.76e-16,5.3e-15
RXFP1,1.08553459,3.95e-16,5.34e-15
TAPBP,1.0345341,2.83e-16,5.44e-15
AKAP10,-0.8837436,2.84e-16,5.45e-15
MRPL34,1.4804,2.87e-16,5.51e-15
GJA4,0.49032015,4.11e-16,5.55e-15
PORCN,1.1490895,2.94e-16,5.63e-15
MELK,-1.3787227,2.99e-16,5.71e-15
HSPA9,-1.7501118,3e-16,5.73e-15
FLT3,0.63661253,4.28e-16,5.76e-15
PS1TP4///SLC35F5,-1.1901841,3.04e-16,5.8e-15
CENPK,-0.69869773,4.34e-16,5.82e-15
ALDH3A1,-0.88926893,4.32e-16,5.82e-15
PAPSS1,-1.2952464,3.05e-16,5.82e-15
ZBBX,-2.30232656,4.33e-16,5.82e-15
NIPBL,-1.6624677,3.06e-16,5.84e-15
TTF1,-1.4090205,3.08e-16,5.86e-15
UPF3A,-1.0841009,3.08e-16,5.87e-15
CREB3,1.1277568,3.11e-16,5.92e-15
ZSWIM8,0.8673695,3.12e-16,5.92e-15
LST1,1.7529118,3.12e-16,5.92e-15
LCA5,-0.65673977,4.44e-16,5.95e-15
RHNO1,0.9242282,3.17e-16,5.99e-15
WRN,-1.2401318,3.16e-16,5.99e-15
FANK1,-1.44928136,4.51e-16,6.04e-15
SPG21,0.7114823,3.2e-16,6.04e-15
TMEM9B,1.2628864,3.2e-16,6.05e-15
BROX,-1.2600641,3.2e-16,6.05e-15
U2AF2,0.9976218,3.21e-16,6.06e-15
SCG5,-0.43687491,4.54e-16,6.07e-15
DPP7,1.4467273,3.23e-16,6.09e-15
CEBPB,1.5658609,3.24e-16,6.1e-15
RAP1B,-1.1069491,3.25e-16,6.12e-15
LRP4,1.4317695,3.32e-16,6.25e-15
SHROOM2,0.9135918,3.34e-16,6.29e-15
PLA2G4F,1.19664395,4.7e-16,6.29e-15
LMCD1,0.66385997,4.77e-16,6.36e-15
ATP5SL,0.39677411,4.78e-16,6.37e-15
DENND4B,0.7837968,3.41e-16,6.41e-15
GABPA,-1.7841273,3.41e-16,6.41e-15
HPN,1.1515382,3.49e-16,6.54e-15
CNP,0.8890991,3.51e-16,6.57e-15
SRSF1,-0.9908636,3.51e-16,6.57e-15
CAPZA2,-1.21921,3.52e-16,6.58e-15
PTPN11,-1.3674391,3.57e-16,6.66e-15
SMCR8,0.8828218,3.56e-16,6.66e-15
ATXN7L3B,-0.9255423,3.56e-16,6.66e-15
TMEM147,2.4508032,3.58e-16,6.67e-15
HNRNPH3,-1.3444614,3.6e-16,6.72e-15
DMWD,0.8169786,3.6e-16,6.72e-15
VCAM1,-1.47585872,5.1e-16,6.78e-15
TPM4,-1.17527,3.67e-16,6.83e-15
SIRPB2,0.56802668,5.18e-16,6.87e-15
ZFP62,-1.6208309,3.7e-16,6.88e-15
PTBP2,-1.2017986,3.75e-16,6.97e-15
GPR157,1.0980686,3.81e-16,7.07e-15
AASDH,-1.1913973,3.82e-16,7.09e-15
HIPK2,0.44135186,5.36e-16,7.11e-15
GNL2,-1.7173823,3.88e-16,7.2e-15
RPL41,1.6530132,3.91e-16,7.24e-15
ZGRF1,-1.1094095,3.94e-16,7.29e-15
PPP1R13L,0.9979536,4.04e-16,7.46e-15
MYO1E,-1.2711105,4.09e-16,7.55e-15
TNPO2,0.8483836,4.15e-16,7.65e-15
WIZ,0.8373027,4.16e-16,7.67e-15
EVI5,-1.3073705,4.18e-16,7.69e-15
SLC43A1,0.41597802,5.82e-16,7.7e-15
CD274,1.1730069,5.84e-16,7.71e-15
MAFK,0.36595183,5.86e-16,7.73e-15
ZNF267,-1.8240745,4.2e-16,7.73e-15
ACADL,1.16754789,5.87e-16,7.74e-15
NAP1L4,-0.8949082,4.29e-16,7.89e-15
PGP,1.2378523,4.3e-16,7.89e-15
RNF149,0.54800672,6.02e-16,7.92e-15
ZNF780A,-1.6316214,4.32e-16,7.94e-15
PLPP2,-1.01014593,6.1e-16,8.02e-15
DHX57,-1.2619373,4.4e-16,8.05e-15
SLC39A13,1.3998391,4.42e-16,8.07e-15
CCT8,-1.1688491,4.41e-16,8.07e-15
VKORC1,1.2469159,4.43e-16,8.09e-15
SACS,-1.5962945,4.46e-16,8.14e-15
ALOX5AP,2.1277095,4.5e-16,8.21e-15
SNORD82,1.8266595,4.51e-16,8.21e-15
EDNRB,0.87290825,6.26e-16,8.22e-15
PABPC4,-0.7723345,4.52e-16,8.22e-15
PCNP,-1.0994291,4.54e-16,8.26e-15
NUPR1,1.3726755,4.58e-16,8.33e-15
CLN6,1.3949914,4.58e-16,8.33e-15
SRPK2,-1.4350164,4.61e-16,8.37e-15
PDLIM1,0.9988959,4.63e-16,8.42e-15
NUTF2,0.9637677,4.7e-16,8.53e-15
ZNF273,-0.70526463,6.51e-16,8.54e-15
SLC8A1,-1.3993691,4.78e-16,8.66e-15
PPP1CB,-1.1361864,4.8e-16,8.69e-15
POLDIP2,1.0158345,4.8e-16,8.7e-15
NACC1,1.0126955,4.81e-16,8.7e-15
ZNF512,-1.2246759,4.81e-16,8.7e-15
FAM213A,-1.4618736,4.8e-16,8.7e-15
PUM3,-2.0981795,4.9e-16,8.85e-15
MDN1,-1.3120432,4.93e-16,8.91e-15
GLS,-1.3178891,4.93e-16,8.91e-15
CLDN16,-0.91545576,6.87e-16,8.99e-15
TMEM41B,0.47535431,6.88e-16,9e-15
MTSS1L,1.2685105,5.02e-16,9.04e-15
DST,-1.8689409,5.02e-16,9.04e-15
STARD10,1.5232714,5.02e-16,9.04e-15
CRBN,-1.2654141,5.05e-16,9.09e-15
DDX6,-0.9741364,5.05e-16,9.09e-15
MIF4GD,0.9500555,5.05e-16,9.09e-15
SHISA5,0.9566991,5.07e-16,9.12e-15
PNISR,-1.8093691,5.1e-16,9.16e-15
ZNF384,0.7607277,5.11e-16,9.17e-15
PWP1,-1.4201545,5.12e-16,9.18e-15
PIGQ,1.3103268,5.12e-16,9.18e-15
H3F3B,0.37149228,7.08e-16,9.24e-15
WDR89,-1.0257332,5.27e-16,9.43e-15
CHUK,-1.4302577,5.3e-16,9.47e-15
PIM3,0.45403549,7.26e-16,9.47e-15
S100A13,0.9705505,5.39e-16,9.62e-15
FAM102A,1.0849868,5.41e-16,9.66e-15
CHD8,-1.3141541,5.42e-16,9.67e-15
C19ORF66,1.0383591,5.44e-16,9.69e-15
ILK,0.9972282,5.44e-16,9.69e-15
OLFM2,1.6944355,5.5e-16,9.79e-15
CYB5R2,1.2480614,5.53e-16,9.84e-15
TAOK1,-1.5328695,5.53e-16,9.84e-15
GPSM2,-1.7381905,5.55e-16,9.86e-15
JAK2,-1.5839723,5.55e-16,9.87e-15
GBGT1///GBGT1,0.44844466,7.59e-16,9.89e-15
DOCK7,-1.212205,5.59e-16,9.92e-15
ZNF667-AS1,1.6189227,5.61e-16,9.95e-15
SUCO,-1.2031691,5.63e-16,9.98e-15
UCHL3,-1.0546305,5.69e-16,1.01e-14
MDH1,-1.3032295,5.73e-16,1.01e-14
DMTF1,-1.4870436,5.72e-16,1.01e-14
CHD1,-2.0622082,5.76e-16,1.02e-14
MYL12B///MYL12A,0.9223686,5.81e-16,1.02e-14
TBK1,-1.3176618,5.87e-16,1.03e-14
ADAMTSL1,-0.77142484,7.94e-16,1.03e-14
NCBP3,-1.0416059,5.82e-16,1.03e-14
ARHGEF26,0.81989301,7.91e-16,1.03e-14
ACSL3,-1.5306255,5.86e-16,1.03e-14
SCN7A,0.96347855,7.97e-16,1.03e-14
UXT,1.9756536,5.9e-16,1.04e-14
SERPINA3,1.23286375,8.2e-16,1.06e-14
TMEM67,-1.18111056,8.32e-16,1.07e-14
CERS5,1.0558468,6.11e-16,1.07e-14
ARHGEF1,0.37658468,8.27e-16,1.07e-14
BBS1,1.0188273,6.17e-16,1.08e-14
CNN1,-0.85892712,8.34e-16,1.08e-14
ALDH1L1,0.3793088,8.57e-16,1.1e-14
HTR2A,-0.61240527,8.64e-16,1.11e-14
LOC389765///KIF27,-1.9401432,6.38e-16,1.11e-14
BLVRA,-1.2777591,6.32e-16,1.11e-14
KIF5B///KIF5B,-1.4940373,6.35e-16,1.11e-14
TRIM59,-0.4801949,8.63e-16,1.11e-14
XRN2,-1.4555155,6.5e-16,1.13e-14
HHIP,1.38139442,8.86e-16,1.14e-14
KLF9,0.76367588,8.9e-16,1.14e-14
NDUFA12,1.139385,6.61e-16,1.15e-14
RMI1,-1.3325036,6.74e-16,1.18e-14
SMARCE1,-1.0826073,6.76e-16,1.18e-14
ARHGAP11A,-2.0436873,6.84e-16,1.19e-14
PKD1P6-NPIPP1///NPIPA8///NPIPA7///NPIPA5///NPIPB5///NPIPB6///NPIPA2///NPIPA3///NPIPB4///PKD1P1///PDXDC2P///PKD1P2///NPIPB3///NPIPA1///PKD1///NPIPB5///NPIPB4///NPIPB3,0.8225505,6.81e-16,1.19e-14
ANGPTL4,2.3235682,6.93e-16,1.2e-14
UTP3,-1.6629405,6.97e-16,1.21e-14
CARD19,1.2051323,7.01e-16,1.22e-14
PMP22,1.0379091,7e-16,1.22e-14
PKD1P6-NPIPP1///NPIPA8///NPIPA7///NPIPB9///NPIPA5///NPIPB5///NPIPB6///NPIPA2///NPIPA3///NPIPB4///PKD1P1///PDXDC2P///NPIPB3///NPIPA1///NPIPB5///NPIPB4///NPIPB3,0.8939273,7.01e-16,1.22e-14
MRPS15,0.49577244,9.56e-16,1.23e-14
USP28,-0.45539609,9.68e-16,1.24e-14
TLN1,0.37858023,9.8e-16,1.25e-14
PAM,-0.38330172,9.94e-16,1.27e-14
RAPGEF5,0.90323761,9.95e-16,1.27e-14
ERICH3,-1.7224139,9.99e-16,1.27e-14
CNOT6,-0.9928559,7.42e-16,1.28e-14
NIPSNAP3B,-0.49887191,1.03e-15,1.3e-14
CAMK2N1,1.5121245,7.51e-16,1.3e-14
INTS6L,-0.41494661,1.03e-15,1.31e-14
TMEM38A,0.41977659,1.03e-15,1.31e-14
HNRNPDL,-0.998,7.66e-16,1.32e-14
CD163L1,-0.70593971,1.04e-15,1.32e-14
DUSP10,-0.53245892,1.05e-15,1.33e-14
HMGN4,0.8831723,7.75e-16,1.34e-14
RNVU1-15,1.5166277,7.81e-16,1.34e-14
MEN1,0.8111132,7.76e-16,1.34e-14
CDC5L,-1.4265145,7.82e-16,1.35e-14
PRUNE1,1.1476882,7.91e-16,1.36e-14
ZBTB6,-0.9651241,7.95e-16,1.37e-14
C1QB,1.8793668,8.06e-16,1.38e-14
HECTD3,0.8926064,8.07e-16,1.39e-14
MIOS,-1.2805745,8.14e-16,1.39e-14
CLK1,-1.3180845,8.11e-16,1.39e-14
FAM227A,-1.2952945,1.11e-15,1.4e-14
HTRA2,1.1406532,8.2e-16,1.4e-14
PPP2CA,-0.9894873,8.19e-16,1.4e-14
LMF1,1.1645995,8.26e-16,1.41e-14
NMUR1,1.3488973,8.28e-16,1.42e-14
RNF144B,0.53441249,1.14e-15,1.44e-14
SLC45A3///SLC45A3,-0.36382182,1.14e-15,1.44e-14
SPTLC1,-1.3208573,8.45e-16,1.45e-14
HIST2H4B,1.9626109,8.5e-16,1.45e-14
HIST2H4A,1.9626109,8.5e-16,1.45e-14
MAP6,-0.7428793,1.15e-15,1.45e-14
CLN8,1.2297286,8.6e-16,1.47e-14
TMEM104,1.1085586,8.62e-16,1.47e-14
NRDC,-1.3096405,8.7e-16,1.48e-14
MRPS14,0.7966786,8.75e-16,1.49e-14
LOC100996333///ADGRA3,-1.1151832,8.78e-16,1.49e-14
MED15,0.8588009,8.78e-16,1.49e-14
CACNA1H,0.40024909,1.18e-15,1.49e-14
ZW10,-1.2082245,8.78e-16,1.49e-14
SDHAF3,0.8667868,8.83e-16,1.5e-14
BPIFB1,-3.36174815,1.19e-15,1.5e-14
PCGF6,0.8836595,8.93e-16,1.51e-14
POLM,0.8359423,8.94e-16,1.52e-14
CHST9,-1.45305389,1.21e-15,1.52e-14
MDM2,-1.2493418,9e-16,1.52e-14
NSRP1,-1.7207009,9.03e-16,1.53e-14
SNORD14C,2.0397109,9.03e-16,1.53e-14
MON2,-1.2157795,9.18e-16,1.55e-14
NDUFS7,1.2998859,9.21e-16,1.55e-14
HSPB1,1.6029045,9.18e-16,1.55e-14
MARK3,-0.8591714,9.14e-16,1.55e-14
HIST1H4E,1.7302777,9.21e-16,1.55e-14
NSMCE2,-1.0887027,9.22e-16,1.56e-14
UGGT1,-1.3460141,9.27e-16,1.56e-14
SHPRH,-1.5043945,9.37e-16,1.58e-14
ARFGEF2,-1.4002668,9.4e-16,1.58e-14
ELF4,0.9484723,9.44e-16,1.59e-14
PAK1,-1.1797855,9.45e-16,1.59e-14
LAMC1,0.51001546,1.28e-15,1.6e-14
SEMA3D,-1.05243823,1.28e-15,1.6e-14
STXBP4,-1.1861455,9.56e-16,1.6e-14
TRMT11,-1.0650023,9.5e-16,1.6e-14
YTHDC2,-1.0501127,9.67e-16,1.62e-14
JKAMP,-1.00541,9.75e-16,1.63e-14
ANGEL2,-1.1218941,9.75e-16,1.63e-14
UNC5B,1.1529159,9.78e-16,1.64e-14
HYDIN,-1.51243761,1.31e-15,1.64e-14
MCOLN1,1.1805155,9.89e-16,1.65e-14
BCL2L15,-1.4147745,9.84e-16,1.65e-14
PFKFB2,0.71840408,1.32e-15,1.65e-14
DDR2,-2.0202773,9.96e-16,1.66e-14
NDUFS5///SNORA70///RPL10///DNASE1L1,1.2523941,9.91e-16,1.66e-14
IL2RB,1.6904532,9.92e-16,1.66e-14
MMS22L,-1.2993823,1.01e-15,1.68e-14
THRA,1.2801691,1.01e-15,1.68e-14
RPAP3,-1.5683877,1.01e-15,1.68e-14
SOX5,-0.47782024,1.34e-15,1.68e-14
FOCAD,-1.2651327,1.01e-15,1.68e-14
RCN2,-1.2474409,1.02e-15,1.7e-14
KLHL2,0.43193354,1.38e-15,1.71e-14
LOC100129434,0.48259002,1.38e-15,1.71e-14
SYTL4,0.46119339,1.38e-15,1.71e-14
FBL,1.1784827,1.05e-15,1.74e-14
NUTF2///MT1L,0.6827261,1.41e-15,1.75e-14
EFEMP2,1.6068914,1.06e-15,1.76e-14
ZDHHC24,1.1022609,1.06e-15,1.76e-14
KIAA0040,0.5176587,1.42e-15,1.77e-14
PTPN23,0.6899832,1.08e-15,1.79e-14
HIST2H3D///HIST2H3A///HIST2H3C,1.2748445,1.08e-15,1.79e-14
PWAR6,-2.0863073,1.08e-15,1.79e-14
DAP3,-0.7784432,1.1e-15,1.82e-14
ZNF646,0.5993777,1.1e-15,1.83e-14
PRSS8,2.1391477,1.11e-15,1.84e-14
BCL3,1.8884009,1.12e-15,1.85e-14
SBDS,0.45500542,1.51e-15,1.87e-14
TYROBP,1.9170427,1.13e-15,1.87e-14
PLAGL2,1.0257173,1.15e-15,1.89e-14
ATP5A1,-1.2759936,1.15e-15,1.89e-14
ZNF160,-1.3277568,1.15e-15,1.89e-14
CENPF,-0.61552493,1.52e-15,1.89e-14
KCNRG///TRIM13,-1.14079041,1.53e-15,1.9e-14
IER3,1.9981968,1.15e-15,1.9e-14
SCFD1,-1.1398068,1.17e-15,1.91e-14
MAP3K5,-1.0504041,1.16e-15,1.91e-14
PER1,0.93515647,1.54e-15,1.91e-14
DOC2B,1.2948464,1.16e-15,1.91e-14
CEP350,-1.4192559,1.16e-15,1.91e-14
SLC7A7,0.70961434,1.54e-15,1.91e-14
CNNM4,1.0797714,1.17e-15,1.92e-14
ATG5,-0.8135523,1.18e-15,1.94e-14
GPAA1,1.5488709,1.18e-15,1.94e-14
PIN1,1.0601045,1.2e-15,1.96e-14
PSIP1,-1.2767882,1.2e-15,1.96e-14
RIOK3,-1.3314664,1.21e-15,1.97e-14
LOC642947,1.2289545,1.21e-15,1.97e-14
BBS5,-0.68848126,1.61e-15,1.98e-14
PSMA4,-1.0910677,1.21e-15,1.98e-14
NDRG2,1.5468091,1.22e-15,1.99e-14
PHTF2,-0.42635156,1.62e-15,2e-14
SLC25A5,0.38021059,1.62e-15,2e-14
OSBPL2,-0.7249277,1.23e-15,2.01e-14
ATN1,1.1409055,1.24e-15,2.02e-14
EPN2,0.9096409,1.24e-15,2.02e-14
ARID4B,-1.2470532,1.25e-15,2.04e-14
PQLC3,0.8734482,1.26e-15,2.05e-14
KIF13B,-1.0766641,1.26e-15,2.05e-14
ZNF33A,-1.3743468,1.27e-15,2.06e-14
NSF,-1.7133086,1.28e-15,2.07e-14
ZDHHC13,-0.69257537,1.69e-15,2.08e-14
CCDC125,-0.63043964,1.69e-15,2.08e-14
NAA60,0.8545314,1.29e-15,2.09e-14
KIFAP3,-1.04049,1.3e-15,2.1e-14
DOK4,1.5562932,1.3e-15,2.1e-14
COL5A2,-1.8825305,1.3e-15,2.1e-14
RFX1,0.6818823,1.31e-15,2.11e-14
USP30,0.9232341,1.3e-15,2.11e-14
HLA-DMA,1.6573577,1.33e-15,2.14e-14
RSRC2,-1.1480627,1.33e-15,2.15e-14
CDC37L1,-1.4212659,1.34e-15,2.16e-14
SPI1,1.4228086,1.35e-15,2.17e-14
PALD1,0.48664032,1.8e-15,2.21e-14
TRAPPC11,-1.3088586,1.38e-15,2.22e-14
GGA3,0.7780814,1.39e-15,2.24e-14
ANAPC4,-1.183565,1.39e-15,2.24e-14
ADGRD1,0.69948349,1.82e-15,2.24e-14
EPHX1,1.2349791,1.4e-15,2.25e-14
CISH,1.27298,1.41e-15,2.26e-14
VPS33A,-0.8547882,1.42e-15,2.27e-14
DNAJC21,-1.6228327,1.42e-15,2.27e-14
ITPRIP,0.51617009,1.87e-15,2.29e-14
ZRANB1,-1.2368359,1.44e-15,2.31e-14
MKLN1,-1.5246782,1.44e-15,2.31e-14
ADRA1D,0.8859205,1.44e-15,2.31e-14
NBN,-1.4249182,1.46e-15,2.33e-14
CAMK1,0.9596918,1.46e-15,2.33e-14
SNRPG,-1.2287132,1.46e-15,2.33e-14
TIMM21,-1.1704264,1.46e-15,2.33e-14
UFC1,1.7693841,1.46e-15,2.33e-14
STT3B,-1.2949945,1.47e-15,2.35e-14
PIEZO1,1.0427832,1.49e-15,2.37e-14
ZNRF2,-0.8563259,1.49e-15,2.37e-14
ZNF559-ZNF177///ZNF559,-1.4125282,1.49e-15,2.37e-14
TRIOBP,0.7022741,1.5e-15,2.38e-14
RNASEK-C17ORF49///RNASEK,1.1365545,1.5e-15,2.39e-14
PRKCDBP,1.1985245,1.51e-15,2.39e-14
MPHOSPH9,-1.2733445,1.51e-15,2.39e-14
ZNF146,-1.4520641,1.52e-15,2.41e-14
FLCN,0.8809891,1.52e-15,2.42e-14
FUOM,1.0386286,1.53e-15,2.43e-14
MTDH,-0.8679382,1.54e-15,2.44e-14
ALG8,0.8604659,1.55e-15,2.45e-14
GRIA3,-0.38005713,2.01e-15,2.45e-14
MGAT3,1.2697777,1.55e-15,2.46e-14
LMNB1,-1.3337191,1.56e-15,2.47e-14
LILRB2,0.67781082,2.03e-15,2.48e-14
RIOK2,-1.5438686,1.58e-15,2.51e-14
IFT81,-0.77442956,2.07e-15,2.52e-14
OXR1,-1.612665,1.6e-15,2.53e-14
ACOX2,-0.3590212,2.09e-15,2.55e-14
NFKBIA,0.74339707,2.1e-15,2.55e-14
CCDC25,-1.3656964,1.62e-15,2.55e-14
BGN,1.6897859,1.64e-15,2.59e-14
TPRA1,1.18799,1.66e-15,2.61e-14
TRPM7,-1.1381514,1.67e-15,2.62e-14
ZNF350,-1.3736373,1.68e-15,2.64e-14
PRKD1,0.51426325,2.17e-15,2.64e-14
DZIP1L,-0.62468497,2.18e-15,2.64e-14
RPS13,2.4922714,1.68e-15,2.64e-14
ARL2-SNX15///ARL2,1.7556773,1.68e-15,2.64e-14
ELK3,-0.37096842,2.18e-15,2.64e-14
MGC24103,-1.5698609,1.7e-15,2.67e-14
HIVEP1,-0.50202747,2.21e-15,2.68e-14
MPDZ,-1.76151,1.72e-15,2.69e-14
PTMA///PTMA,0.7377773,1.72e-15,2.69e-14
SUCLG2,-1.2243618,1.72e-15,2.7e-14
KIAA0556,-0.46620692,2.23e-15,2.7e-14
BIRC3,-2.5476009,1.72e-15,2.7e-14
WTH3DI///RAB6C///RAB6A,0.6516095,1.76e-15,2.74e-14
PPIC,-0.51213004,2.28e-15,2.75e-14
CSDE1,-1.4320091,1.78e-15,2.78e-14
ATG4A,-1.3369586,1.81e-15,2.82e-14
HIBADH,-0.37093408,2.35e-15,2.84e-14
DOK5,-0.53853235,2.36e-15,2.85e-14
HOOK1,-2.08037,1.83e-15,2.86e-14
CTCFL,-1.0690445,1.84e-15,2.87e-14
FBXO7,0.8776109,1.85e-15,2.88e-14
SLC25A38,1.0455459,1.87e-15,2.91e-14
CYC1,0.3899253,2.42e-15,2.91e-14
SLC9A1,1.2900045,1.89e-15,2.94e-14
MIEN1,1.21843,1.89e-15,2.94e-14
TMEM91,1.0385018,1.91e-15,2.98e-14
PFKFB4,0.37226585,2.49e-15,3e-14
RNF126,1.1598418,1.95e-15,3.03e-14
SPAG17,-1.66616369,2.52e-15,3.03e-14
METTL26,0.9082627,1.95e-15,3.03e-14
F3,0.6730621,2.54e-15,3.04e-14
RASSF5,0.9985805,1.97e-15,3.05e-14
AAR2,0.9010995,1.97e-15,3.05e-14
PCNA,-1.1428477,1.98e-15,3.06e-14
SORCS2,-0.50278019,2.55e-15,3.06e-14
CCDC159,1.0131255,1.97e-15,3.06e-14
NUP133,-1.1163786,1.99e-15,3.08e-14
AARS,0.39365667,2.58e-15,3.09e-14
SF3B2,-0.8277045,2.01e-15,3.1e-14
ZBTB38,-1.743605,2.01e-15,3.11e-14
TTC39A,0.49781721,2.62e-15,3.13e-14
EEA1,-1.7429859,2.03e-15,3.14e-14
ZNF573,-1.1443295,2.03e-15,3.14e-14
RIOK1,-1.6164245,2.08e-15,3.2e-14
ZFP92,1.0905341,2.07e-15,3.2e-14
ZNF81,-0.9371823,2.07e-15,3.2e-14
CLDN2,-0.63579055,2.7e-15,3.22e-14
TRIM14,0.9225695,2.1e-15,3.24e-14
ZNF706,-1.0612259,2.1e-15,3.24e-14
CFAP126,-1.60682361,2.73e-15,3.25e-14
TRPS1,-0.43996654,2.75e-15,3.27e-14
NOL8,-1.4840791,2.13e-15,3.28e-14
SERTM1,1.5194073,2.14e-15,3.3e-14
CCDC30,-0.99168198,2.77e-15,3.3e-14
SAMD4B,0.7819836,2.16e-15,3.32e-14
ST8SIA6,1.9460186,2.16e-15,3.33e-14
F10,1.1777045,2.19e-15,3.36e-14
HMGN5,-1.46098,2.19e-15,3.37e-14
POLR2K,1.0781741,2.23e-15,3.41e-14
SSRP1,-0.9162382,2.23e-15,3.41e-14
KIF2A,-1.2765277,2.22e-15,3.41e-14
C6ORF132,1.3776373,2.26e-15,3.46e-14
DNAJB4,-1.6591145,2.28e-15,3.48e-14
CD1E,-0.83053502,2.93e-15,3.49e-14
ALG11///UTP14C,-1.6108705,2.29e-15,3.5e-14
MTMR11,-0.35712517,2.96e-15,3.52e-14
ADAMTS6,-1.3304945,2.31e-15,3.53e-14
PCNX4,-1.2311082,2.33e-15,3.55e-14
MTHFD1,-1.2419573,2.34e-15,3.56e-14
ASUN,-1.3886559,2.34e-15,3.56e-14
NXPE3,-1.6383736,2.34e-15,3.56e-14
YWHAQP8,0.8264055,2.35e-15,3.57e-14
NASP,-1.1892032,2.34e-15,3.57e-14
AFTPH,-1.1078136,2.34e-15,3.57e-14
UBL7,0.916935,2.35e-15,3.58e-14
PLEKHA3,-1.0478336,2.39e-15,3.63e-14
NAP1L2,-1.8812359,2.39e-15,3.63e-14
FBN1,-2.3309555,2.41e-15,3.66e-14
SNORD116-25,1.9695068,2.42e-15,3.66e-14
LRRC75A,0.911115,2.42e-15,3.66e-14
JMJD8,1.4393359,2.42e-15,3.67e-14
PIK3CB,-1.2600127,2.43e-15,3.68e-14
ATP1B2,-0.51101789,3.11e-15,3.69e-14
ANKRD13C,-1.0101995,2.45e-15,3.7e-14
KANK3,1.0268668,2.46e-15,3.71e-14
FAM63A,0.9827686,2.45e-15,3.71e-14
CEP120,-1.1947864,2.47e-15,3.73e-14
TIE1,1.3725845,2.47e-15,3.73e-14
SECTM1,1.5044705,2.48e-15,3.74e-14
WBP4,-1.3802427,2.48e-15,3.74e-14
FAM81B,-1.47641071,3.16e-15,3.74e-14
LRRC75B,0.9262723,2.49e-15,3.75e-14
SUZ12P1,0.8781727,2.49e-15,3.75e-14
CEP89,-0.37495639,3.17e-15,3.75e-14
CASP3,-1.4550191,2.49e-15,3.75e-14
SIGLEC9,0.64950286,3.17e-15,3.75e-14
LAMA2,-2.0530327,2.52e-15,3.79e-14
PHKB,-1.2565236,2.53e-15,3.8e-14
GAK,0.6530859,2.55e-15,3.82e-14
FAM177A1,-1.6409964,2.56e-15,3.84e-14
BAAT,-0.73780561,3.26e-15,3.84e-14
ZNF415,-0.41058713,3.26e-15,3.84e-14
CDK7,-0.9427482,2.57e-15,3.85e-14
CASD1,-1.2811532,2.58e-15,3.86e-14
BRD7,-1.0803855,2.6e-15,3.89e-14
EFR3A,-0.9798445,2.61e-15,3.9e-14
CDC42SE2,-1.0593573,2.61e-15,3.9e-14
KIF11,-1.5472436,2.61e-15,3.9e-14
ABCA5,-1.7611559,2.61e-15,3.9e-14
MRPL21,1.5433482,2.63e-15,3.92e-14
FAN1,-1.1452886,2.63e-15,3.92e-14
LGI2,-0.67476181,3.34e-15,3.93e-14
SPRY2,0.48169878,3.34e-15,3.93e-14
TNS1,1.2151709,2.63e-15,3.93e-14
DDTL///LOC391322///DDT,1.3508891,2.64e-15,3.93e-14
SYNCRIP,-1.0056709,2.65e-15,3.94e-14
MAST3,0.8922045,2.67e-15,3.96e-14
SPTY2D1,-1.190635,2.66e-15,3.96e-14
TMEM258,2.3315645,2.69e-15,3.99e-14
SYNE2,-1.9482832,2.71e-15,4.01e-14
CCNG1,0.965575,2.7e-15,4.01e-14
DDX55,-1.0801982,2.72e-15,4.03e-14
UBLCP1,-1.2152368,2.72e-15,4.03e-14
FBXO16,-0.49390678,3.43e-15,4.03e-14
TSPAN6,-0.786927,3.44e-15,4.04e-14
RCL1,0.34763934,3.46e-15,4.05e-14
C1ORF194,-2.06959196,3.46e-15,4.05e-14
HAUS6,-1.5973777,2.75e-15,4.08e-14
ZFP30,-1.0446923,2.78e-15,4.12e-14
ARL2BP,1.0290323,2.8e-15,4.13e-14
CCT4,-1.0977073,2.79e-15,4.13e-14
ZNF137P,-1.5571277,2.79e-15,4.13e-14
APOBEC3B,-0.63615141,3.54e-15,4.14e-14
ATP8B5P,0.43496236,3.55e-15,4.15e-14
GATM,-0.71863404,3.57e-15,4.16e-14
R3HCC1,0.9748855,2.81e-15,4.16e-14
TFEB,0.8664682,2.83e-15,4.17e-14
MTRF1L,-0.979815,2.83e-15,4.17e-14
CARNMT1,-0.9731032,2.84e-15,4.18e-14
ACE,1.0679659,2.85e-15,4.2e-14
NPHP1,-0.95043021,3.61e-15,4.21e-14
PTCD3,-1.1385523,2.86e-15,4.21e-14
MTBP,-1.2105227,2.87e-15,4.22e-14
BCL7B,1.1052759,2.87e-15,4.22e-14
UEVLD,-1.1643209,2.88e-15,4.24e-14
MBOAT1,-0.51209905,3.65e-15,4.25e-14
CENPV,1.0315932,2.9e-15,4.25e-14
BMPR1A,-1.3007986,2.94e-15,4.31e-14
PADI2,0.43106331,3.7e-15,4.31e-14
FRS3,1.0164409,2.93e-15,4.31e-14
EFCAB1,-2.06369175,3.75e-15,4.35e-14
CNTN1,-0.80794902,3.75e-15,4.36e-14
NUDCD1,-1.5366636,2.98e-15,4.37e-14
ZC3H8,-1.1782055,3e-15,4.39e-14
LOC100288778///WASH1///WASH7P///WASH2P///WASH3P,1.1440818,3e-15,4.39e-14
KIAA1524,-1.4076659,3.04e-15,4.44e-14
KIAA0825,-1.5994995,3.03e-15,4.44e-14
VEGFA,1.5194682,3.04e-15,4.45e-14
AMBRA1,0.6564364,3.05e-15,4.46e-14
CPNE2,1.4073627,3.05e-15,4.46e-14
CMPK2,1.1241414,3.07e-15,4.48e-14
P2RX2,0.8170391,3.09e-15,4.5e-14
EMD,1.5633945,3.11e-15,4.54e-14
GTPBP2,0.7137827,3.12e-15,4.55e-14
TAOK2,0.8120445,3.13e-15,4.56e-14
ARRDC2,0.7718601,3.96e-15,4.59e-14
TMEM110-MUSTN1///TMEM110,0.7921886,3.22e-15,4.68e-14
AGER,1.47576729,4.05e-15,4.69e-14
LINC00472,1.783505,3.24e-15,4.71e-14
ATP5EP2,1.5332705,3.25e-15,4.73e-14
NIN,-1.268585,3.26e-15,4.73e-14
CDH19,0.52168446,4.09e-15,4.73e-14
PDLIM3,-0.80334789,4.09e-15,4.74e-14
TUBA4A,1.0138923,3.36e-15,4.87e-14
BVES,1.4189009,3.36e-15,4.87e-14
NAPG,-1.4907664,3.36e-15,4.88e-14
FAM98A,-1.4959209,3.37e-15,4.89e-14
RPS6KC1,-1.1644191,3.38e-15,4.9e-14
P4HA1///P4HA1,-1.5317527,3.43e-15,4.96e-14
CAMK2A,0.7557291,3.43e-15,4.96e-14
IGSF8,0.8826523,3.44e-15,4.97e-14
DUSP8,1.117325,3.44e-15,4.97e-14
LRRC25,0.55239433,4.33e-15,5e-14
HIST1H2BH///HIST1H2BH,1.47202,3.48e-15,5.03e-14
GHR,0.5403173,4.37e-15,5.04e-14
UBE2Q2P2///LOC727751///GOLGA2P7///GOLGA2P10,-1.3913955,3.51e-15,5.06e-14
RIC1,-1.4838732,3.52e-15,5.07e-14
PUSL1,0.9806514,3.54e-15,5.09e-14
STK26,-1.3388064,3.54e-15,5.09e-14
RNF8,-0.9365755,3.53e-15,5.09e-14
TMEM106A,0.929085,3.55e-15,5.11e-14
VSIG1,-1.77206513,4.46e-15,5.13e-14
SLC16A7,-1.5087582,3.57e-15,5.14e-14
C18ORF25,-1.2342973,3.58e-15,5.14e-14
MRS2,-1.0684973,3.58e-15,5.14e-14
MDM1,-1.4169786,3.61e-15,5.17e-14
IARS,-1.6163091,3.6e-15,5.17e-14
NME4,1.2051355,3.62e-15,5.18e-14
BRCA1,-1.2227855,3.63e-15,5.2e-14
MAPK4,1.20259,3.63e-15,5.2e-14
PDE5A,-0.8174604,4.53e-15,5.21e-14
ARFGEF1,-1.1704218,3.65e-15,5.22e-14
AUP1,1.1834805,3.68e-15,5.26e-14
ZNF721,-1.8858018,3.71e-15,5.3e-14
ZBTB41,-1.4901682,3.71e-15,5.3e-14
NPLOC4,0.7450964,3.73e-15,5.32e-14
SMC4,-1.9264564,3.73e-15,5.32e-14
CD2AP,-1.3615432,3.78e-15,5.38e-14
PKN2,-1.2467032,3.78e-15,5.38e-14
CRNKL1,-1.0018105,3.8e-15,5.41e-14
NRG3,1.3527895,3.83e-15,5.45e-14
ZNF468,-1.2326805,3.84e-15,5.47e-14
SAFB2,-1.0261823,3.87e-15,5.5e-14
KIF1BP,-1.2765118,3.88e-15,5.51e-14
DHRS7B,1.0483482,3.91e-15,5.55e-14
POM121C///POMZP3///POM121///ZP3,0.8588845,3.95e-15,5.6e-14
PPID,-1.4425827,3.97e-15,5.63e-14
ZDHHC1,1.1342036,3.97e-15,5.63e-14
ANAPC13,-0.9589741,3.97e-15,5.63e-14
SULT1A2,1.8279741,3.99e-15,5.66e-14
CMC2,1.2104764,4e-15,5.67e-14
ORC2,-0.9853414,4.02e-15,5.69e-14
NUDT12,-1.7647132,4.07e-15,5.76e-14
TOB2P1,0.7652527,4.1e-15,5.79e-14
SESN1,-1.2091009,4.1e-15,5.79e-14
NPAT,-1.2915623,4.1e-15,5.8e-14
ZNF316,0.8687682,4.13e-15,5.83e-14
SNORD35A,1.9453223,4.14e-15,5.84e-14
PSMC4,0.9983255,4.15e-15,5.85e-14
PKIG,1.1723341,4.23e-15,5.95e-14
SAP30L,0.6987091,4.23e-15,5.95e-14
CDK5RAP2,-1.3285691,4.25e-15,5.98e-14
TPRN,0.9262086,4.27e-15,6.01e-14
TTF2,-1.17887,4.31e-15,6.05e-14
STC2,0.57552154,5.29e-15,6.06e-14
WDR92,-0.48058089,5.29e-15,6.06e-14
RABGAP1,-1.1515118,4.35e-15,6.1e-14
MYO15B,1.19939,4.34e-15,6.1e-14
SEMA5A,1.6029136,4.36e-15,6.12e-14
EFR3B,1.0193582,4.36e-15,6.12e-14
VEZT,-1.4594432,4.38e-15,6.14e-14
BOD1L1,-1.6951486,4.39e-15,6.15e-14
ZFPL1,1.0560327,4.4e-15,6.16e-14
DNM1,-0.45014963,5.41e-15,6.19e-14
ST6GAL1,-0.59679262,5.43e-15,6.21e-14
PLEKHA5,-0.56325889,5.48e-15,6.26e-14
ATMIN,0.7540068,4.47e-15,6.26e-14
HERC2,-0.8056791,4.48e-15,6.26e-14
SLCO4C1,1.31083376,5.49e-15,6.27e-14
SLC48A1,1.0261509,4.5e-15,6.3e-14
ELF1,-1.3203745,4.51e-15,6.3e-14
PGAP2,1.6289132,4.54e-15,6.33e-14
SENP7,-1.3955905,4.56e-15,6.36e-14
ADAT2,-1.2302164,4.58e-15,6.39e-14
TMEM231,-0.95762024,5.62e-15,6.4e-14
DUSP22,0.7237505,4.6e-15,6.4e-14
S100PBP,-0.7527855,4.6e-15,6.4e-14
RAB27A,-1.474945,4.6e-15,6.4e-14
CLASP2,-1.2240677,4.6e-15,6.4e-14
RANBP10,0.8452614,4.62e-15,6.42e-14
RNF34,-0.9286714,4.64e-15,6.45e-14
TGDS,-0.9005591,4.66e-15,6.47e-14
FBXO9,-0.8096777,4.67e-15,6.48e-14
RSPRY1,-1.1023709,4.7e-15,6.51e-14
PIR-FIGF///PIR,0.51131972,5.75e-15,6.54e-14
DOCK6,1.2837836,4.77e-15,6.61e-14
ST6GALNAC5,1.6400659,4.8e-15,6.65e-14
SNORD116-27,1.6993182,4.84e-15,6.7e-14
NAA15,-1.6530923,4.87e-15,6.73e-14
BRWD3,-1.1200164,4.86e-15,6.73e-14
KIAA1429,-1.1390695,4.87e-15,6.73e-14
TDP2,-1.1605555,4.88e-15,6.75e-14
EEFSEC,0.8190241,4.91e-15,6.77e-14
TLE3,0.9443364,4.94e-15,6.81e-14
DNAJC13,-1.6719432,4.94e-15,6.82e-14
FZD4,0.56744415,5.99e-15,6.82e-14
CR1,0.91296966,6.03e-15,6.84e-14
ADAM22,-0.47635624,6.03e-15,6.84e-14
KDR,0.61160034,6.04e-15,6.85e-14
CLPTM1,0.8766423,4.97e-15,6.85e-14
TXNL4A,1.4152668,4.98e-15,6.86e-14
CACTIN,0.7623845,4.99e-15,6.87e-14
DSC3,-1.71908743,6.11e-15,6.92e-14
ZNF644,-1.09147,5.03e-15,6.92e-14
ZNF700,-1.4224268,5.11e-15,7.02e-14
MTM1,-1.4213632,5.11e-15,7.02e-14
LNX2,0.50069771,6.21e-15,7.03e-14
ASNSD1,-1.1023141,5.13e-15,7.05e-14
CADPS2,-1.4046577,5.15e-15,7.07e-14
CCDC124,0.9468877,5.17e-15,7.09e-14
UBXN1,0.8696205,5.2e-15,7.13e-14
TADA1,-0.9562082,5.24e-15,7.18e-14
UBE2Q2P2,-1.4290909,5.25e-15,7.18e-14
PIEZO2,-0.91673847,6.39e-15,7.22e-14
ZNF417,-0.8323427,5.29e-15,7.24e-14
PHF1,1.0542645,5.3e-15,7.25e-14
SERBP1,-1.4842777,5.31e-15,7.26e-14
INPP5F,-0.8680236,5.32e-15,7.27e-14
MARK4,0.9113809,5.33e-15,7.28e-14
PRPF18,-1.2545609,5.34e-15,7.29e-14
MMP1,-2.34921917,6.5e-15,7.34e-14
GTPBP1,0.7321882,5.4e-15,7.37e-14
CFAP52,-1.45765267,6.56e-15,7.4e-14
ATAD2B,-0.9267159,5.47e-15,7.46e-14
PPWD1,-1.3419905,5.48e-15,7.46e-14
ERGIC1,0.7806977,5.53e-15,7.53e-14
TEX261,0.9337645,5.58e-15,7.59e-14
MYLIP,0.39556784,6.76e-15,7.6e-14
HEY1,0.74427385,6.78e-15,7.62e-14
CETN3,-1.5965668,5.61e-15,7.63e-14
SPARCL1,-1.7856164,5.61e-15,7.63e-14
HSD17B14,0.57211861,6.82e-15,7.65e-14
FBLN7,0.8157145,5.67e-15,7.7e-14
C1QTNF2,1.1375536,5.71e-15,7.75e-14
ATP6V0E2,0.8268318,5.71e-15,7.75e-14
S100A3,2.223955,5.74e-15,7.79e-14
PRPF31,0.7713691,5.76e-15,7.81e-14
FBXO45,-1.0237582,5.77e-15,7.82e-14
MECP2,0.7144359,5.8e-15,7.85e-14
MALAT1,-1.1716045,5.82e-15,7.88e-14
CFAP206,-1.5352016,7.1e-15,7.95e-14
SMAD7,0.53885331,7.1e-15,7.95e-14
AP1M1,1.0028241,5.88e-15,7.96e-14
L3MBTL3,-1.4798823,5.89e-15,7.97e-14
MAN2B2,0.9048427,5.9e-15,7.98e-14
CEP57,-1.3359527,5.93e-15,8.01e-14
KIAA0141,0.74908,5.93e-15,8.01e-14
ADCY4,1.5163786,5.96e-15,8.04e-14
DNAH14,-1.5830132,5.97e-15,8.06e-14
IFRD1,0.40616183,7.23e-15,8.09e-14
PKD1P6-NPIPP1///NPIPA8///NPIPA7///NPIPA5///NPIPB5///NPIPA2///NPIPA3///NPIPB4///PKD1P1///PDXDC2P///PKD1P2///NPIPB3///NPIPA1///PKD1///NPIPB5///NPIPB4///NPIPB3,0.7891282,6e-15,8.09e-14
DPH5,-1.1698118,6.01e-15,8.1e-14
GPM6A,2.2841655,6.05e-15,8.15e-14
ZNF461,-0.9984795,6.07e-15,8.17e-14
CENPC,-1.3705441,6.1e-15,8.2e-14
SNORD46,1.31614,6.1e-15,8.2e-14
RPS6KA1,0.41519461,7.41e-15,8.29e-14
HEPH,-1.52942,6.21e-15,8.34e-14
MFSD1,-0.7898455,6.21e-15,8.34e-14
STRA13,0.9434636,6.22e-15,8.35e-14
ARRB2,0.51460941,7.49e-15,8.36e-14
SPRED2,1.2235464,6.25e-15,8.38e-14
ZER1,0.8850173,6.27e-15,8.4e-14
HEBP2,1.0956918,6.31e-15,8.45e-14
INPP4B,-0.63977116,7.58e-15,8.46e-14
DNALI1,-1.00267581,7.62e-15,8.49e-14
SGCD,-0.6853474,7.63e-15,8.5e-14
RBM8A,-0.972655,6.36e-15,8.51e-14
CARS,-1.0253477,6.39e-15,8.54e-14
SQRDL,0.52961382,7.7e-15,8.56e-14
TOPBP1,-1.3878195,6.44e-15,8.61e-14
CNOT6L,-1.2814623,6.46e-15,8.63e-14
PSMG4,0.7063573,6.49e-15,8.67e-14
SLC25A12,-1.1897618,6.51e-15,8.69e-14
SYS1-DBNDD2///SYS1,1.0177445,6.51e-15,8.69e-14
MAGED1,-0.40240286,7.84e-15,8.7e-14
UBIAD1,0.7702082,6.55e-15,8.73e-14
TXN2,1.1431745,6.58e-15,8.77e-14
LOC400927-CSNK1E///CSNK1E,0.8504664,6.58e-15,8.77e-14
NSMF,0.941105,6.58e-15,8.77e-14
FAM174B,1.1712009,6.62e-15,8.8e-14
CD207,-0.62737394,7.93e-15,8.8e-14
FH,-1.1219577,6.63e-15,8.82e-14
LSM3,1.74219,6.65e-15,8.85e-14
CHCHD10,1.0378827,6.65e-15,8.85e-14
LARP1B,-1.1538695,6.67e-15,8.85e-14
C11ORF24,1.1654655,6.71e-15,8.91e-14
SNAI1,0.7013621,8.05e-15,8.92e-14
ZNF607,-0.50905449,8.12e-15,8.99e-14
PQLC2L,0.65170628,8.16e-15,9.03e-14
ALS2,-1.1208627,6.84e-15,9.07e-14
DNAJC12,-0.69723149,8.26e-15,9.14e-14
KLHDC3,1.3044473,6.91e-15,9.16e-14
MAP4K4,-1.0888777,6.95e-15,9.2e-14
PLEKHS1,-1.93215368,8.36e-15,9.23e-14
DUSP19,-0.62445368,8.39e-15,9.25e-14
LPCAT3,0.50948995,8.47e-15,9.33e-14
NEIL1,1.0114359,7.05e-15,9.34e-14
RSPH1,-1.48313167,8.58e-15,9.44e-14
NDUFC2-KCTD14///KCTD14,0.38099315,8.61e-15,9.47e-14
GPR108,1.0321814,7.17e-15,9.48e-14
RRNAD1,1.0203168,7.17e-15,9.48e-14
CDADC1,-1.092175,7.24e-15,9.57e-14
NFASC,-0.52131595,8.76e-15,9.62e-14
THADA,-1.3086723,7.29e-15,9.63e-14
BMS1P4///BMS1P6///BMS1P5///AGAP11///BMS1///AGAP11,-1.2813995,7.31e-15,9.65e-14
LSM6,0.9872318,7.32e-15,9.66e-14
STAG2,-1.3236423,7.32e-15,9.66e-14
GNG5,1.0734255,7.35e-15,9.68e-14
RTCA,-0.7958418,7.4e-15,9.75e-14
ZNF793,-0.3460965,8.89e-15,9.75e-14
FTH1P5,1.0730536,7.42e-15,9.77e-14
GDF10///GDF10,1.2333345,7.46e-15,9.81e-14
TCERG1,-0.8721955,7.55e-15,9.92e-14
ZNF440,-1.9046195,7.62e-15,1e-13
BOC,-0.62252574,9.23e-15,1.01e-13
POF1B,-0.79596667,9.21e-15,1.01e-13
SNX12,1.0435973,7.75e-15,1.01e-13
SENP2,-0.6740114,7.73e-15,1.01e-13
DYNLT3,-0.90698,7.69e-15,1.01e-13
RAPGEF6,-1.2900873,7.78e-15,1.02e-13
ADIPOR1,1.1526718,7.78e-15,1.02e-13
LMNB2,0.8736336,7.84e-15,1.02e-13
VCAN,-2.1909255,7.94e-15,1.03e-13
POGLUT1,-1.2514418,7.9e-15,1.03e-13
CD52,2.2674045,7.92e-15,1.03e-13
PDE6D///PDE6D,1.0781823,7.87e-15,1.03e-13
SCGB1A1,-2.06532823,9.41e-15,1.03e-13
CSNK1G3,-0.8651314,8.02e-15,1.04e-13
ZBTB7A,0.8438823,7.95e-15,1.04e-13
IFI27,2.0639623,8.01e-15,1.04e-13
NINJ1,1.2683132,8.11e-15,1.05e-13
PDE1A,-0.68857936,9.6e-15,1.05e-13
SFXN1,-0.9567973,8.06e-15,1.05e-13
RBM26,-0.8664827,8.04e-15,1.05e-13
MAPK7,0.7916095,8.06e-15,1.05e-13
RAD51AP1,-1.5655482,8.16e-15,1.06e-13
SMIM15,-1.0327805,8.26e-15,1.07e-13
YARS,0.45328445,9.76e-15,1.07e-13
VWDE,-0.45788328,9.77e-15,1.07e-13
ALDH7A1,-1.3536373,8.35e-15,1.08e-13
H6PD,0.9850168,8.45e-15,1.09e-13
KIAA1468,-1.2329673,8.42e-15,1.09e-13
EIF2AK2,-1.6523577,8.54e-15,1.1e-13
ZNF587///ZNF587B///ZNF587,-1.0219486,8.52e-15,1.1e-13
MYO1C,1.0591527,8.57e-15,1.11e-13
ZNF836,-1.4772991,8.59e-15,1.11e-13
SHKBP1,0.3496248,1.02e-14,1.12e-13
HSBP1,-1.0706295,8.64e-15,1.12e-13
SMAGP,1.1242095,8.7e-15,1.12e-13
DERL3,-0.78451902,1.04e-14,1.13e-13
KIN,-1.3792132,8.75e-15,1.13e-13
SPATS2,-0.53173527,1.05e-14,1.14e-13
TESPA1,-0.62861782,1.04e-14,1.14e-13
CTIF,1.0054982,8.84e-15,1.14e-13
TMCO6,0.9072227,8.9e-15,1.15e-13
PHKG2,0.9124536,9.05e-15,1.16e-13
FBRS,0.9283786,9.04e-15,1.16e-13
CDKN2A,-0.40137183,1.08e-14,1.18e-13
RARS,-1.1645823,9.19e-15,1.18e-13
KLHL28,-0.8899564,9.21e-15,1.18e-13
TLCD1,0.37628352,1.1e-14,1.19e-13
ETFDH,-1.3737945,9.26e-15,1.19e-13
OLFML2A,0.8802305,9.28e-15,1.19e-13
TIGD7,-1.0069295,9.23e-15,1.19e-13
THRAP3,-1.1377786,9.22e-15,1.19e-13
DLAT,-0.7231127,9.29e-15,1.19e-13
HIST1H4L,1.5395391,9.39e-15,1.2e-13
KCNIP1,1.42787,9.38e-15,1.2e-13
SSR2,1.09105,9.39e-15,1.2e-13
PLCD3,0.8515423,9.33e-15,1.2e-13
KLHDC8B,1.2119227,9.56e-15,1.22e-13
AQP5,-0.72421541,1.14e-14,1.23e-13
CIZ1,0.6808105,9.65e-15,1.23e-13
C19ORF60,0.9840382,9.62e-15,1.23e-13
GNG12,-0.3974267,1.14e-14,1.23e-13
RIDA,0.57537566,1.13e-14,1.23e-13
HSD11B1,0.5274931,1.15e-14,1.24e-13
GPM6B,0.5159032,1.15e-14,1.24e-13
CD33,1.2587264,9.67e-15,1.24e-13
ARL8A,1.0961641,9.7e-15,1.24e-13
DHPS,1.1501814,9.76e-15,1.25e-13
ERBIN,-0.9494532,9.78e-15,1.25e-13
CCDC28A,-1.0311182,9.81e-15,1.25e-13
ZFX,-1.1623577,9.76e-15,1.25e-13
CCDC113,-1.3936058,1.16e-14,1.25e-13
AP3B1,-0.9254909,9.87e-15,1.26e-13
FMR1,-1.00455,9.95e-15,1.27e-13
C6ORF136,0.91965,1.01e-14,1.28e-13
SRF,1.1636973,1.01e-14,1.28e-13
TBC1D20///TBC1D20,0.78774,1.02e-14,1.29e-13
PDS5B,-1.2717414,1.01e-14,1.29e-13
QRICH1,0.8243968,1.02e-14,1.29e-13
ABCC6P2///ABCC6P1///ABCC6,0.7515995,1.02e-14,1.3e-13
GPATCH4,0.6710414,1.02e-14,1.3e-13
ZNF326,-1.1777473,1.02e-14,1.3e-13
C18ORF8,0.366398,1.21e-14,1.3e-13
GTF2E1,-1.0287755,1.02e-14,1.3e-13
SPEF2,-1.08981604,1.22e-14,1.31e-13
SRPX,0.72868256,1.21e-14,1.31e-13
KIAA1586,-1.3050023,1.03e-14,1.31e-13
CD151,2.0654223,1.04e-14,1.31e-13
PKNOX2,1.2676759,1.04e-14,1.31e-13
ZNF131,-1.1093027,1.03e-14,1.31e-13
SOCS5,-1.15851,1.05e-14,1.32e-13
ARMC3,-1.76485148,1.23e-14,1.32e-13
SDC3,1.1137945,1.06e-14,1.33e-13
PSMA2///PSMA2,0.9868977,1.06e-14,1.33e-13
PHYHD1,1.3060245,1.05e-14,1.33e-13
ICA1L,-0.5523009,1.25e-14,1.34e-13
MME,1.04253776,1.25e-14,1.34e-13
GPER1,1.3499682,1.06e-14,1.34e-13
PDPN,0.45824332,1.26e-14,1.35e-13
RIN3,0.7762091,1.07e-14,1.35e-13
TRNT1,-1.507365,1.08e-14,1.36e-13
PHF3,-1.7385555,1.09e-14,1.37e-13
MLST8,0.8859086,1.1e-14,1.38e-13
CDK18,0.8197886,1.09e-14,1.38e-13
PRKAB1,1.1272382,1.09e-14,1.38e-13
RDX,-1.506405,1.1e-14,1.38e-13
IL17RD,-0.39690365,1.29e-14,1.38e-13
RGS7BP,-0.72532016,1.3e-14,1.39e-13
PARL,-0.8579373,1.1e-14,1.39e-13
SSH3,1.036025,1.1e-14,1.39e-13
CCL18,-1.20803147,1.3e-14,1.39e-13
UBD,-0.84538503,1.31e-14,1.4e-13
DDA1,0.7834255,1.13e-14,1.42e-13
CEP170B,0.6809382,1.14e-14,1.43e-13
RPAP1,0.6830973,1.15e-14,1.44e-13
ZNF134,-0.8908659,1.15e-14,1.44e-13
SART1,-0.8180864,1.17e-14,1.46e-13
DYRK2,0.5765832,1.18e-14,1.47e-13
FAM149B1,-1.1709945,1.19e-14,1.48e-13
EIF3K,1.5167977,1.18e-14,1.48e-13
DIS3L,-1.3656118,1.18e-14,1.48e-13
GGTLC1,1.6008636,1.19e-14,1.49e-13
TULP3,0.9708314,1.21e-14,1.5e-13
C22ORF46,-1.213345,1.2e-14,1.5e-13
NEK10,-1.45993248,1.41e-14,1.5e-13
ANKRD50,-1.6783909,1.2e-14,1.5e-13
ZFAND6,-0.9751155,1.21e-14,1.51e-13
GRAP,1.7329464,1.21e-14,1.51e-13
GATSL3,0.44357074,1.44e-14,1.53e-13
LTBR,1.0256586,1.23e-14,1.53e-13
GDPD5,0.8879536,1.23e-14,1.53e-13
RNF138,-1.0464705,1.25e-14,1.55e-13
ZNF799,-1.3666168,1.25e-14,1.56e-13
ADAP1,1.0392841,1.25e-14,1.56e-13
SNX33,0.9822105,1.27e-14,1.57e-13
PSMD1,-1.4939373,1.27e-14,1.58e-13
PGM3,-1.8769159,1.28e-14,1.58e-13
SNX13,-1.311215,1.29e-14,1.59e-13
MBTD1,-0.8307577,1.28e-14,1.59e-13
CITED2,1.5922945,1.29e-14,1.59e-13
G3BP2,-0.9101645,1.28e-14,1.59e-13
RPS14,1.7278586,1.29e-14,1.6e-13
PPIB,1.1123491,1.29e-14,1.6e-13
DNAH11,-1.53160345,1.52e-14,1.61e-13
SNORA70F,-1.3099968,1.3e-14,1.61e-13
MIER3,-1.1905823,1.31e-14,1.62e-13
VPS13B,-1.4666286,1.31e-14,1.62e-13
HSPD1,-1.5283177,1.31e-14,1.62e-13
ANO2,0.64216974,1.54e-14,1.63e-13
AKAP6,-0.7405897,1.54e-14,1.63e-13
RNASEL,-1.4747782,1.32e-14,1.63e-13
RNF181,0.9287668,1.32e-14,1.63e-13
LINC00909,-1.2066873,1.33e-14,1.64e-13
MIS18BP1,-1.4666914,1.33e-14,1.64e-13
URI1,-0.7699341,1.34e-14,1.65e-13
POLH,-0.37183235,1.57e-14,1.66e-13
CTCF,-0.7937327,1.35e-14,1.67e-13
ANLN,-1.5123382,1.36e-14,1.68e-13
TOMM22,1.3893605,1.37e-14,1.68e-13
NFE2L2,-1.0445445,1.37e-14,1.68e-13
PGAM5,0.9482041,1.36e-14,1.68e-13
NDUFC2-KCTD14///NDUFC2,1.3089695,1.37e-14,1.68e-13
PARP2,-0.8696559,1.38e-14,1.69e-13
BBS9,-0.54605464,1.6e-14,1.69e-13
SEL1L,-1.7995427,1.4e-14,1.71e-13
SCAPER,-1.4719941,1.41e-14,1.73e-13
DNAH9,-1.59934893,1.64e-14,1.73e-13
ATP2A2,-1.1161545,1.42e-14,1.73e-13
RBL1,-1.091475,1.43e-14,1.75e-13
SGSH,1.0402409,1.43e-14,1.75e-13
MECOM,-1.6992268,1.43e-14,1.75e-13
FBLN5,0.57142386,1.66e-14,1.75e-13
ATG4D,0.8781486,1.44e-14,1.76e-13
AOC3,0.56113476,1.67e-14,1.76e-13
SPAG16,-0.68608844,1.68e-14,1.77e-13
PSAT1,-1.6017186,1.47e-14,1.8e-13
KAT5,0.9528514,1.47e-14,1.8e-13
HIC1,0.9148773,1.48e-14,1.81e-13
ABHD11,1.0735445,1.49e-14,1.82e-13
FOXJ2,0.8147041,1.49e-14,1.82e-13
PFDN6,0.948105,1.49e-14,1.82e-13
MLF2,0.9757491,1.5e-14,1.83e-13
HOXA6,1.2759445,1.5e-14,1.83e-13
SMC1A,-1.1388686,1.5e-14,1.83e-13
DNAH10,-1.72214029,1.76e-14,1.85e-13
SMCO4,1.2205645,1.52e-14,1.85e-13
VMAC,0.8250691,1.54e-14,1.87e-13
GSTM5,2.0729291,1.54e-14,1.87e-13
SNORA50A,1.2841518,1.55e-14,1.88e-13
PSMC1,-1.1680464,1.55e-14,1.88e-13
CCL19,-3.520365,4.62e-17,1.89e-13
KXD1,0.8872641,1.57e-14,1.9e-13
ANAPC15,0.9260668,1.57e-14,1.9e-13
MTERF1///MTERF1,-1.0930209,1.6e-14,1.94e-13
STXBP1,1.2596291,1.6e-14,1.94e-13
TAF13,-1.4900591,1.62e-14,1.96e-13
C20ORF96,-0.72305115,1.86e-14,1.96e-13
TMTC3,-1.1297745,1.62e-14,1.96e-13
KIF23,-1.4743827,1.63e-14,1.98e-13
ZNF474,-0.85411835,1.88e-14,1.98e-13
RAB3GAP1,-1.2044509,1.65e-14,1.99e-13
CENPJ,-1.576945,1.66e-14,2.01e-13
FAM3A,0.8865677,1.66e-14,2.01e-13
LRIG3///LRIG3,-1.6038986,1.67e-14,2.02e-13
SLC27A2,-1.65295925,1.93e-14,2.03e-13
SNORD12C,0.74799493,1.95e-14,2.04e-13
EXOC4,-1.2096805,1.69e-14,2.04e-13
RTKN,0.8922768,1.7e-14,2.05e-13
PROM1,-2.15991941,1.95e-14,2.05e-13
WDR74,0.36398551,1.95e-14,2.05e-13
ZNF470,-1.319785,1.71e-14,2.07e-13
FAM207A,0.8162505,1.72e-14,2.07e-13
COX5A,0.7919577,1.73e-14,2.08e-13
ZNF226,-1.116355,1.73e-14,2.08e-13
CPEB4,-1.2679045,1.73e-14,2.08e-13
USPL1,-1.4436627,1.75e-14,2.1e-13
ZNF443,-1.7426932,1.75e-14,2.1e-13
CPSF3,-1.0245364,1.75e-14,2.1e-13
OFD1,-1.19404,1.75e-14,2.11e-13
SFPQ,-0.8710791,1.77e-14,2.13e-13
PKD2,-0.9805605,1.78e-14,2.14e-13
GMCL1,-0.6766445,1.78e-14,2.14e-13
C19ORF47,1.0418614,1.79e-14,2.15e-13
TCTEX1D2,-0.77724149,2.07e-14,2.16e-13
ZNF761///ZNF525///ZNF845///ZNF765,-1.74857,1.83e-14,2.19e-13
DAP,0.8928332,1.83e-14,2.19e-13
CCL23,0.51970393,2.11e-14,2.2e-13
DAB2IP,0.8558914,1.84e-14,2.2e-13
CLPP,1.0608182,1.85e-14,2.21e-13
HSPA2,0.49631368,2.13e-14,2.22e-13
DNTTIP1,0.8471327,1.86e-14,2.22e-13
CLU,-0.45316754,2.14e-14,2.23e-13
KIF3B,-0.8542505,1.86e-14,2.23e-13
ZNF181,-0.8573073,1.87e-14,2.24e-13
CFAP53,-1.57118952,2.16e-14,2.25e-13
NR2F6,1.1575527,1.89e-14,2.25e-13
PRC1,-1.0584645,1.89e-14,2.25e-13
NOL7,-0.7414436,1.89e-14,2.26e-13
PRR14,0.8113145,1.9e-14,2.27e-13
CAPN7,-1.28656,1.9e-14,2.27e-13
PCCA,-0.9664214,1.91e-14,2.27e-13
ENPP5,-0.5527065,2.18e-14,2.27e-13
RASSF3,1.135065,1.92e-14,2.28e-13
MED16,0.8943055,1.92e-14,2.28e-13
IKZF4,1.0275014,1.94e-14,2.3e-13
PLEKHA8P1,-0.9066686,1.94e-14,2.3e-13
ARL13B,-1.3494941,1.96e-14,2.32e-13
FRMD5,-0.35316807,2.23e-14,2.32e-13
CASC1,-1.28516437,2.24e-14,2.33e-13
ADI1,1.1459191,1.96e-14,2.33e-13
CHL1,-2.2936977,1.98e-14,2.34e-13
CPAMD8,1.0725041,1.98e-14,2.35e-13
RNVU1-6,1.4715214,2e-14,2.36e-13
DSE,0.38011964,2.28e-14,2.36e-13
ARMC4,-1.49394695,2.27e-14,2.36e-13
KAT2A,0.8859105,2.01e-14,2.37e-13
SLC4A11,-0.77538976,2.29e-14,2.37e-13
B4GALT4,-1.0150182,2.02e-14,2.39e-13
SLC38A6,-0.9512391,2.05e-14,2.42e-13
MANBA,-1.0531495,2.06e-14,2.43e-13
DLG1,-1.0402782,2.06e-14,2.43e-13
ITGA4,-1.9289191,2.06e-14,2.43e-13
ARMC8,-1.3740445,2.08e-14,2.45e-13
CFAP47,-1.78265398,2.38e-14,2.46e-13
GLMP,1.4045164,2.09e-14,2.46e-13
LENG8,0.7326245,2.09e-14,2.46e-13
WNT10A,-2.4650625,7.8e-17,2.46e-13
MKKS,-1.2004877,2.09e-14,2.46e-13
DROSHA,-0.9924386,2.11e-14,2.48e-13
METTL4,-0.907495,2.12e-14,2.49e-13
TMEM175,1.0281332,2.12e-14,2.5e-13
FAM117A,0.9544518,2.13e-14,2.51e-13
ARHGAP27,0.80299,2.14e-14,2.51e-13
TIMM22///TIMM22,1.0958914,2.15e-14,2.52e-13
SLC25A1,1.1630186,2.15e-14,2.52e-13
PCDH18,-0.82365909,2.45e-14,2.53e-13
SMIM8,-1.2564332,2.16e-14,2.54e-13
CTF1,0.852795,2.17e-14,2.54e-13
IDUA,1.04418,2.17e-14,2.54e-13
CUL3,-1.0588855,2.17e-14,2.54e-13
TMEM129,1.093145,2.18e-14,2.55e-13
DBN1,-0.39595761,2.48e-14,2.56e-13
TOR4A,0.8606995,2.2e-14,2.57e-13
RBM18,-1.0655109,2.2e-14,2.57e-13
MOK,-0.75052365,2.51e-14,2.58e-13
ECE1,0.8897509,2.22e-14,2.59e-13
RARS2,-0.9283423,2.21e-14,2.59e-13
SLC22A17,0.9461791,2.22e-14,2.6e-13
DEDD2,1.2074055,2.25e-14,2.63e-13
SNORA71A,1.4814805,2.26e-14,2.64e-13
G2E3,-1.2945468,2.28e-14,2.65e-13
EFTUD1P1///EFL1,-1.4747732,2.27e-14,2.65e-13
ZFP91-CNTF///ZFP91///CNTF,-0.6763541,2.28e-14,2.66e-13
MGST3///MGST3,1.7974059,2.29e-14,2.66e-13
FN3K,1.1027759,2.29e-14,2.67e-13
KLHL5,-1.1741895,2.31e-14,2.68e-13
AMIGO3,0.7806582,2.32e-14,2.69e-13
DGAT1,1.1313009,2.33e-14,2.71e-13
ZNF362,1.2848286,2.35e-14,2.72e-13
TARBP2,0.6659455,2.35e-14,2.73e-13
MERTK,-1.6261832,2.36e-14,2.74e-13
TMEM125,0.69783299,2.67e-14,2.75e-13
TADA3,0.8781855,2.38e-14,2.76e-13
CYP3A5,0.85730795,2.71e-14,2.79e-13
CENPL,-1.0512232,2.42e-14,2.8e-13
MKRN1,-1.0955936,2.41e-14,2.8e-13
GART,-1.2598641,2.43e-14,2.81e-13
EFCAB11,-0.4674366,2.73e-14,2.81e-13
TMEM165,-0.8092055,2.44e-14,2.82e-13
POLR1C,-1.39823,2.44e-14,2.82e-13
STRADB,1.2438745,2.44e-14,2.83e-13
DIS3,-1.5947136,2.46e-14,2.84e-13
ZNF45,-1.1434514,2.47e-14,2.86e-13
TCIRG1,1.1519132,2.5e-14,2.89e-13
PCNX3,1.0488005,2.53e-14,2.92e-13
EYA2,-0.61820615,2.85e-14,2.93e-13
TICAM1,1.0265423,2.56e-14,2.95e-13
KIF21A,-0.96047091,2.88e-14,2.96e-13
SLC35A4,0.35508473,2.9e-14,2.97e-13
STK33,-1.20239631,2.9e-14,2.97e-13
PIGA,0.66784649,2.91e-14,2.98e-13
ANKS1A,0.36768119,2.92e-14,2.98e-13
ABCA2,0.7241173,2.59e-14,2.99e-13
PLEKHG7,-1.08150874,2.94e-14,3e-13
MRPS34,1.0267041,2.61e-14,3.01e-13
FAM20C,1.0679677,2.62e-14,3.02e-13
AGRN,-0.42308391,2.98e-14,3.03e-13
MAP4K2,1.2279495,2.63e-14,3.03e-13
BRMS1,0.35480533,2.99e-14,3.04e-13
ATP6V0C,0.9070136,2.65e-14,3.05e-13
SPECC1L-ADORA2A///ADORA2A,0.8803732,2.67e-14,3.07e-13
SNORA5A,1.3704559,2.69e-14,3.09e-13
VPS28,1.4681518,2.69e-14,3.09e-13
THUMPD3,-1.2110582,2.71e-14,3.11e-13
PIP5K1B,0.67992804,3.05e-14,3.11e-13
GOLPH3L,-0.47128729,3.05e-14,3.11e-13
CEACAM21,0.9129841,2.74e-14,3.14e-13
CNR1,0.61412144,3.11e-14,3.16e-13
CCL21,2.1132709,2.75e-14,3.16e-13
ZNF14,-1.3714814,2.75e-14,3.16e-13
KIF20B,-1.5508923,2.76e-14,3.17e-13
NCK1,-1.068355,2.77e-14,3.18e-13
MCFD2,0.39910744,3.16e-14,3.21e-13
RRM1,-1.3850855,2.81e-14,3.21e-13
SMG1P3///SMG1P1///SMG1P5///SMG1,-1.1812364,2.82e-14,3.23e-13
CCDC89,-0.41051838,3.19e-14,3.23e-13
RABGGTA,0.9752286,2.84e-14,3.24e-13
SMCHD1,-1.6610532,2.86e-14,3.26e-13
SOCS6,-1.3687841,2.86e-14,3.26e-13
IQCA1,-0.90134529,3.24e-14,3.28e-13
PRIM2,-0.8247768,2.88e-14,3.28e-13
EGFL6,-0.76652675,3.26e-14,3.29e-13
SERHL2///SERHL,0.826575,2.88e-14,3.29e-13
ABCE1,-1.5410341,2.88e-14,3.29e-13
MYSM1,-1.2804836,2.89e-14,3.3e-13
VWA8,-0.9947441,2.92e-14,3.33e-13
NDUFB11,1.4585486,2.92e-14,3.33e-13
MTRF1,-1.0345486,2.94e-14,3.34e-13
IFT88,-1.6836827,2.96e-14,3.37e-13
ELP3,-1.0030209,3e-14,3.41e-13
GRIA1,1.12025767,3.38e-14,3.41e-13
ARL14EP,-0.37657105,3.42e-14,3.45e-13
TMEM14B,1.0754545,3.04e-14,3.46e-13
DOT1L,0.9568559,3.05e-14,3.47e-13
TBC1D10A,0.9213605,3.07e-14,3.48e-13
KLRG2,0.36899016,3.45e-14,3.48e-13
LILRA3,0.73942409,3.5e-14,3.52e-13
TRAPPC13,-1.1963368,3.11e-14,3.53e-13
ADD3,-1.3971873,3.12e-14,3.54e-13
MGC70870,-0.61435768,3.53e-14,3.54e-13
STK39,-0.9148895,3.13e-14,3.55e-13
C11ORF88,-1.53216283,3.54e-14,3.56e-13
ACADSB,-1.6252859,3.14e-14,3.56e-13
TMEM117,-0.39696674,3.55e-14,3.57e-13
NDUFA6,1.3069177,3.16e-14,3.58e-13
PARP1,-1.0962291,3.18e-14,3.6e-13
SEC31A,-0.8926991,3.18e-14,3.6e-13
MSH6,-1.2054041,3.2e-14,3.62e-13
GTF2H5,0.9722759,3.21e-14,3.63e-13
TGS1,-0.9917341,3.21e-14,3.63e-13
HIST1H4D,1.5735364,3.21e-14,3.63e-13
POMT2,0.6857382,3.21e-14,3.63e-13
BTBD6,1.2893386,3.23e-14,3.65e-13
PTPRS,0.46532001,3.64e-14,3.65e-13
ZNF664-FAM101A///ZNF664,-0.7190073,3.26e-14,3.67e-13
TPP1,0.7993036,3.25e-14,3.67e-13
CYP24A1,-1.53054235,3.67e-14,3.68e-13
PEX3,-1.0394264,3.27e-14,3.68e-13
DDB2,-0.38221535,3.68e-14,3.68e-13
CEP78,-1.0423455,3.29e-14,3.71e-13
PDE3A,-0.77866705,3.74e-14,3.74e-13
MRPL53,1.4300777,3.34e-14,3.76e-13
ZWILCH,-0.9724505,3.36e-14,3.77e-13
UBE2S,0.9062032,3.35e-14,3.77e-13
NDUFAF7,-1.0653568,3.37e-14,3.78e-13
ENKUR,-1.78146103,3.79e-14,3.78e-13
NCLN,0.7987014,3.4e-14,3.81e-13
SEH1L,0.42801549,3.87e-14,3.86e-13
YDJC,1.0790559,3.45e-14,3.87e-13
MIR224///GABRE,-1.9172732,3.45e-14,3.87e-13
TBC1D15,-1.184395,3.49e-14,3.92e-13
PLIN2,0.70352758,3.98e-14,3.97e-13
PRKCZ,0.50490757,4e-14,3.98e-13
ROBO4,0.73041358,3.99e-14,3.98e-13
TDRD10,0.41878205,4.02e-14,4e-13
CRIP2,-0.40913725,4.04e-14,4.01e-13
MLXIP,0.7367373,3.59e-14,4.02e-13
DBR1,-0.8013627,3.62e-14,4.05e-13
CANT1,0.8258427,3.66e-14,4.08e-13
MGME1///MGME1,-1.2388241,3.67e-14,4.1e-13
INTU,-0.52205473,4.14e-14,4.11e-13
GTF2A2,1.6095073,3.69e-14,4.12e-13
LOC100289656///DEXI,1.2181136,3.71e-14,4.14e-13
RWDD2A,-1.0135782,3.72e-14,4.15e-13
ACTL6A,-0.9488382,3.76e-14,4.19e-13
COG3,-0.8539195,3.75e-14,4.19e-13
ZNF136,-1.1767245,3.75e-14,4.19e-13
SNORD96A,0.51224789,4.23e-14,4.19e-13
PRTG,0.58618477,4.24e-14,4.2e-13
USMG5,2.1043286,3.78e-14,4.21e-13
SMG1,-1.4024127,3.86e-14,4.3e-13
APOBEC3F,-0.4930259,4.37e-14,4.32e-13
RPL5,-0.8681273,3.88e-14,4.32e-13
BNC2,-0.54814621,4.37e-14,4.33e-13
NME5,-1.14875385,4.4e-14,4.35e-13
PICK1,0.9273341,3.92e-14,4.36e-13
XRN1,-1.4014873,3.94e-14,4.37e-13
TMEM222,1.3228818,3.96e-14,4.39e-13
ATP23,0.9203955,3.98e-14,4.42e-13
UGGT2,-1.2222605,4.01e-14,4.45e-13
NCK2,0.9475855,4.03e-14,4.46e-13
SLC15A4,0.5990795,4.03e-14,4.46e-13
DMXL1,-1.1697809,4.04e-14,4.47e-13
HNRNPL,0.5208841,4.05e-14,4.48e-13
TAF1A,-1.2806173,4.05e-14,4.48e-13
ZDHHC3,1.2103164,4.05e-14,4.48e-13
ATG14,-0.9796059,4.06e-14,4.49e-13
ATF7IP,-0.37275247,4.55e-14,4.49e-13
CARM1,0.8326032,4.08e-14,4.51e-13
PAN3,-0.8904382,4.08e-14,4.51e-13
FGF7,-2.4301355,4.09e-14,4.52e-13
LTBP2,-0.72371299,4.59e-14,4.52e-13
CLDN7,1.6463327,4.1e-14,4.53e-13
VRK2,-1.1372786,4.1e-14,4.53e-13
SCARF2,0.9095859,4.13e-14,4.55e-13
TMEM140,1.5453791,4.13e-14,4.55e-13
EPHB4,0.39704113,4.62e-14,4.55e-13
EZH2,-0.8655241,4.16e-14,4.58e-13
EVI5L,0.6543523,4.2e-14,4.62e-13
AKR1C3,0.57599792,4.69e-14,4.62e-13
TMEM256-PLSCR3///TMEM256///TNK1,1.6167236,4.2e-14,4.63e-13
PACRG,-1.15217987,4.73e-14,4.64e-13
HSP90AA2P,-1.809425,4.24e-14,4.67e-13
EIF3B,0.37804917,4.76e-14,4.67e-13
HK2,0.63688867,4.78e-14,4.68e-13
POLK,-1.5421973,4.27e-14,4.7e-13
TXNDC15,-0.581835,4.3e-14,4.73e-13
ATG9A,0.69403,4.31e-14,4.74e-13
GFRA1,-0.81832284,4.84e-14,4.74e-13
LOC100506242,-0.9139618,4.33e-14,4.76e-13
CKS2,1.99824,4.38e-14,4.81e-13
GPR87,-0.88748838,4.93e-14,4.82e-13
NAPRT,1.0469409,4.39e-14,4.82e-13
IQUB,-1.38057575,4.94e-14,4.83e-13
YLPM1,-0.8175109,4.4e-14,4.83e-13
PNPLA8,-1.5564127,4.41e-14,4.83e-13
FTH1P3,0.9196968,4.42e-14,4.84e-13
UACA,-1.6681073,4.43e-14,4.85e-13
NUF2,-1.3969255,4.43e-14,4.85e-13
PTOV1,0.8862241,4.42e-14,4.85e-13
TDP1,-0.37395119,4.98e-14,4.86e-13
CTBP1-AS2,0.9395336,4.49e-14,4.91e-13
SCAMP5,-0.3792534,5.04e-14,4.92e-13
ZMPSTE24,-0.8807777,4.5e-14,4.92e-13
SUB1,-1.0209386,4.51e-14,4.93e-13
UBR1,-1.1971477,4.52e-14,4.93e-13
WWTR1,0.7458555,4.51e-14,4.93e-13
1060P11.3///KIR2DS2///KIR3DL3///KIR2DL5A///KIR3DS1///KIR3DL2///KIR3DL1///KIR2DS5///KIR2DS4///KIR2DS3///KIR2DS1///KIR2DL3///KIR2DL2///KIR2DL1///KIR3DS1///KIR3DL2///KIR3DL1///KIR2DS5///KIR2DS3///KIR2DL1,0.54265434,5.08e-14,4.95e-13
SYNE1,-1.5793873,4.55e-14,4.97e-13
TSR1,-1.2310691,4.57e-14,4.99e-13
MTAP,-0.876535,4.57e-14,4.99e-13
THAP4,0.6868764,4.6e-14,5.01e-13
DAPK3,0.9033582,4.62e-14,5.04e-13
CCDC18,-1.2972873,4.62e-14,5.04e-13
SRSF6,-0.9733582,4.63e-14,5.04e-13
TOLLIP,0.9225409,4.62e-14,5.04e-13
MITD1,-0.8335855,4.65e-14,5.06e-13
LOC100049716,1.5640268,4.68e-14,5.09e-13
CDR2L,0.9197173,4.71e-14,5.12e-13
DARS2,-0.9958145,4.73e-14,5.14e-13
ZNF439,-1.0168055,4.74e-14,5.15e-13
NAMPT,0.98473006,5.29e-14,5.16e-13
ZMAT5,0.8963041,4.76e-14,5.17e-13
TIMM8B,1.1871164,4.78e-14,5.19e-13
SMAD9,1.0266509,4.78e-14,5.19e-13
HSF2,-0.9361491,4.81e-14,5.22e-13
RLIM,-1.2728727,4.83e-14,5.23e-13
DDX27,-0.9125409,4.84e-14,5.25e-13
VTRNA1-3,1.5234227,4.88e-14,5.29e-13
CEP295,-1.3657045,4.89e-14,5.3e-13
LRRC49,-0.75866744,5.46e-14,5.32e-13
TRAF5,-1.3437982,4.93e-14,5.34e-13
IQCG,-1.04602625,5.49e-14,5.34e-13
FAM45A///FAM45BP,-1.0653805,4.94e-14,5.35e-13
ARHGAP45,0.36545806,5.51e-14,5.36e-13
CDC42EP4,0.38171146,5.53e-14,5.37e-13
THEM6,1.0596495,4.98e-14,5.39e-13
ICE2,-1.0838923,4.99e-14,5.4e-13
SIRPD,0.52456355,5.57e-14,5.41e-13
APH1B,-0.7521614,5.03e-14,5.43e-13
TRAPPC1,1.1099686,5.02e-14,5.43e-13
BCL9L,0.7940832,5.05e-14,5.46e-13
CFLAR,0.39596883,5.63e-14,5.46e-13
ASNS,-0.9214041,5.07e-14,5.47e-13
MTX1,0.7666332,5.1e-14,5.51e-13
SLC4A8,-0.64067847,5.69e-14,5.51e-13
ZNF761///ZNF525///ZNF320///ZNF813///ZNF845///ZNF765///ZNF83///ZNF701///ZNF28,-0.8029091,5.11e-14,5.52e-13
PYCARD,1.3973159,5.18e-14,5.59e-13
LINC00921,0.7921859,5.2e-14,5.61e-13
STX16-NPEPL1///NPEPL1,0.9014586,5.23e-14,5.63e-13
ACY1,1.105355,5.24e-14,5.64e-13
CLUAP1,-0.65892749,5.82e-14,5.64e-13
EIF2A,-1.1496314,5.25e-14,5.66e-13
BCAR1,1.0819409,5.25e-14,5.66e-13
POLR2M,-1.0423555,5.27e-14,5.67e-13
ZNF593,0.9643477,5.29e-14,5.68e-13
NAPA,0.33873062,5.87e-14,5.68e-13
SCARNA7,-0.8811482,5.32e-14,5.71e-13
C16ORF70,0.7416714,5.32e-14,5.72e-13
RNF114,0.7412009,5.35e-14,5.74e-13
RAD51B,-0.40519175,5.96e-14,5.75e-13
KIAA0232,-1.3342314,5.37e-14,5.76e-13
GFM1,-1.2365014,5.39e-14,5.78e-13
TSPYL2,0.55512165,6e-14,5.79e-13
CMTM8,0.42017528,6.13e-14,5.91e-13
CCP110,-2.0198523,5.55e-14,5.95e-13
GABARAPL3,0.9819695,5.57e-14,5.96e-13
WDR75,-1.3333314,5.56e-14,5.96e-13
GNA15,1.1805695,5.6e-14,5.99e-13
CALD1,-1.6918173,5.6e-14,5.99e-13
MORC4,0.7178864,5.61e-14,6e-13
GNL3,-1.6588195,5.62e-14,6.02e-13
TMX4,-0.79205,5.64e-14,6.03e-13
CST6,1.0633586,5.66e-14,6.05e-13
EFNA1,0.45738111,6.31e-14,6.07e-13
EFCAB10,-1.39753069,6.35e-14,6.1e-13
FLRT2,-0.6358613,6.37e-14,6.12e-13
ABHD13,0.6877932,5.73e-14,6.12e-13
DNAJA4,-1.04362279,6.38e-14,6.12e-13
PTPN12,0.38457812,6.38e-14,6.12e-13
MYO6,-1.4268845,5.74e-14,6.12e-13
TBC1D24,0.9439941,5.73e-14,6.12e-13
PEAR1,1.1430477,5.73e-14,6.12e-13
BOK,1.0197341,5.76e-14,6.14e-13
COX4I1,1.1084555,5.75e-14,6.14e-13
GFPT1,-1.1700709,5.83e-14,6.21e-13
SNAPIN,1.1218905,5.84e-14,6.22e-13
SLC43A3///PRG2,1.2405636,5.92e-14,6.3e-13
ALDH1L2,-2.1417045,5.92e-14,6.3e-13
ELOVL6,0.52397794,6.6e-14,6.32e-13
HSPH1,-2.2596073,5.95e-14,6.34e-13
SNORA29,-1.6947045,5.97e-14,6.35e-13
TTC25,-1.390573,6.65e-14,6.36e-13
CEP95,-0.8332077,5.99e-14,6.37e-13
HDAC1,-0.9418495,6e-14,6.38e-13
IKBKG,0.9507482,6e-14,6.38e-13
SLC12A9,0.9699573,6e-14,6.38e-13
MCM8,-1.1979436,6.01e-14,6.38e-13
CALML4,-0.47326708,6.69e-14,6.39e-13
MAP2K1,0.39873233,6.78e-14,6.48e-13
ZDBF2,-1.6383041,6.12e-14,6.49e-13
SNX6,-0.8668109,6.12e-14,6.49e-13
FAM127A,0.9150605,6.12e-14,6.49e-13
PAXBP1,-1.1282486,6.18e-14,6.54e-13
PKD1P6-NPIPP1///NPIPA8///NPIPA7///NPIPA5///NPIPA2///NPIPA3///PKD1P1///PKD1P2///NPIPA1///PKD1,0.8021082,6.17e-14,6.54e-13
MED26,0.8251914,6.17e-14,6.54e-13
WDR3,-1.6511455,6.19e-14,6.55e-13
VPS4A,0.7902055,6.19e-14,6.55e-13
CD1A,-0.67646597,6.9e-14,6.57e-13
MPO,0.56330795,6.89e-14,6.57e-13
REXO1,0.7371141,6.22e-14,6.58e-13
PLS1,-1.7182832,6.34e-14,6.7e-13
TMEM243,1.2557077,6.38e-14,6.74e-13
SIGIRR,1.2873036,6.4e-14,6.76e-13
CYP39A1,-0.55700378,7.14e-14,6.8e-13
CRYAB,0.63765321,7.16e-14,6.81e-13
POLG2,-0.8539477,6.47e-14,6.83e-13
APC,-1.2755436,6.47e-14,6.83e-13
ABHD10,-0.8732636,6.48e-14,6.83e-13
DERL1,0.9236782,6.49e-14,6.85e-13
ZNF320,-1.3102341,6.5e-14,6.85e-13
ADNP,-0.9176173,6.6e-14,6.96e-13
PCMTD1,-0.9857982,6.6e-14,6.96e-13
ZNF585B,-1.0682786,6.62e-14,6.97e-13
KATNAL2,-0.60084458,7.33e-14,6.97e-13
UTP20,-1.5380668,6.63e-14,6.98e-13
TRIM22,-1.4473705,6.63e-14,6.98e-13
RBM6,-0.9190145,6.67e-14,7.01e-13
GLG1,-1.0585973,6.8e-14,7.14e-13
THAP11,0.9260823,6.8e-14,7.14e-13
1060P11.3///KIR2DS2///KIR2DL5B///KIR3DL3///KIR2DL5A///KIR3DS1///KIR3DL2///KIR3DL1///KIR2DS5///KIR2DS4///KIR2DS3///KIR2DS1///KIR2DL4///KIR2DL3///KIR2DL2///KIR2DL1///KIR3DS1///KIR3DL2///KIR3DL1///KIR2DS5///KIR2DS3///KIR2DL1,0.62200544,7.56e-14,7.17e-13
ADGB,-1.37479187,7.55e-14,7.17e-13
ZNF17,-0.8855005,6.85e-14,7.2e-13
THBS1,1.16263442,7.61e-14,7.21e-13
SLF2,-1.0444409,6.91e-14,7.24e-13
FAM160B2,0.7110518,6.97e-14,7.3e-13
SLC38A11,-1.4259291,6.99e-14,7.32e-13
ID3,0.5677277,7.75e-14,7.33e-13
LARS2,-0.8991773,7.03e-14,7.36e-13
SRSF8,0.7155905,7.06e-14,7.39e-13
STOML3,-1.70262195,7.84e-14,7.41e-13
ZSCAN12,-0.9891445,7.09e-14,7.41e-13
POLR2H,1.6140477,7.12e-14,7.44e-13
UTRN,-1.4573755,7.12e-14,7.44e-13
ADAM10,-1.1150727,7.17e-14,7.49e-13
SLC25A11,1.2286841,7.19e-14,7.51e-13
TYW1,-0.6989909,7.25e-14,7.56e-13
CD177,0.62977861,8.06e-14,7.61e-13
VWA3B,-1.42927698,8.09e-14,7.64e-13
IGHV3-69-1///IGHV3OR16-7,-1.46813544,8.14e-14,7.67e-13
ADGRF5,0.57745431,8.14e-14,7.67e-13
FUT11,0.8537645,7.38e-14,7.69e-13
LACC1,-1.2154495,7.38e-14,7.69e-13
LYAR,-1.5281105,7.37e-14,7.69e-13
VPS45,-1.0948582,7.38e-14,7.69e-13
CACNA2D1,-1.2642923,7.46e-14,7.76e-13
SSSCA1,1.0223145,7.45e-14,7.76e-13
ELP5,0.8891568,7.46e-14,7.76e-13
ACBD3,-0.8521536,7.48e-14,7.78e-13
MICAL1,0.7967173,7.52e-14,7.81e-13
METRNL,1.1355032,7.51e-14,7.81e-13
NEK5,-1.29302293,8.33e-14,7.85e-13
RN7SK///LINC01517,0.6140682,7.62e-14,7.91e-13
SLC12A4///LCAT,0.7746586,7.61e-14,7.91e-13
DYNLL1,-0.5114634,8.45e-14,7.95e-13
LRRC46,-1.67715086,8.49e-14,7.98e-13
NCBP2-AS2,1.1574295,7.69e-14,7.98e-13
TGM2,1.3318364,7.69e-14,7.98e-13
S100A2,-0.77572172,8.55e-14,8.03e-13
ADRM1,1.1749441,7.76e-14,8.05e-13
KCTD12,0.8386223,7.77e-14,8.06e-13
PZP,-0.90414006,8.62e-14,8.09e-13
KIAA0753,-1.1317714,7.8e-14,8.09e-13
LOC100130876,-1.7076591,7.82e-14,8.1e-13
THBS2,-0.89167026,8.64e-14,8.1e-13
RUFY1,-0.71189,7.84e-14,8.12e-13
MYL3,0.7598891,7.87e-14,8.15e-13
CARS2,0.8496791,7.89e-14,8.17e-13
PPP1R37,0.7720218,8.1e-14,8.36e-13
FAM102B,-1.4460845,8.16e-14,8.42e-13
GABARAPL2,1.2059459,8.18e-14,8.44e-13
MAP2,0.76147892,9.02e-14,8.44e-13
HK3,0.70916362,9.02e-14,8.44e-13
HSPB11,-0.46972718,9.01e-14,8.44e-13
SUSD6,0.7910636,8.22e-14,8.47e-13
PREPL,-1.2189882,8.29e-14,8.54e-13
DNAAF1,-1.77333416,9.17e-14,8.57e-13
NQO2,1.1119582,8.33e-14,8.58e-13
RALGAPA2,0.42218649,9.3e-14,8.68e-13
RCOR1,0.42238761,9.32e-14,8.69e-13
ERO1A,-0.9562809,8.44e-14,8.69e-13
PYGO2,0.9304714,8.44e-14,8.69e-13
TRMT10A,-1.1337609,8.48e-14,8.72e-13
CDK8///ADRA1B,-0.8935964,8.52e-14,8.76e-13
TIGIT,-0.53640081,9.44e-14,8.79e-13
LOC692247,1.2756236,8.62e-14,8.85e-13
PSKH1,0.7771718,8.62e-14,8.85e-13
PRPS1,-0.973265,8.62e-14,8.85e-13
CAPS,-1.24253897,9.53e-14,8.87e-13
FPGT-TNNI3K///FPGT,-1.2183023,8.73e-14,8.96e-13
EMP3,1.6205327,8.78e-14,9e-13
RAB35,0.9307673,8.77e-14,9e-13
CHN1,-1.1615191,8.82e-14,9.04e-13
ENSA,0.9546627,8.84e-14,9.06e-13
SHC2,0.932675,9.01e-14,9.23e-13
COQ7,-0.8504755,9.01e-14,9.23e-13
BMP5///BMP5,-0.82453843,9.98e-14,9.27e-13
AP5S1,0.9103218,9.06e-14,9.28e-13
VSIG4,0.89669186,1e-13,9.32e-13
POT1,-1.0295391,9.12e-14,9.34e-13
DDX21,-2.1952327,9.18e-14,9.39e-13
SLA,0.78806368,1.01e-13,9.41e-13
EPN1,0.8203591,9.29e-14,9.49e-13
USP15,-1.3513259,9.34e-14,9.54e-13
MT1P3,0.54974511,1.03e-13,9.55e-13
ATP6V1G1,0.7599459,9.48e-14,9.68e-13
TYW5,-0.9328586,9.51e-14,9.71e-13
CYSTM1,1.1563377,9.53e-14,9.73e-13
RFXAP,-0.9226073,9.54e-14,9.73e-13
DCAF8,-0.6589,9.55e-14,9.74e-13
FOXJ3,0.8434918,9.62e-14,9.8e-13
IGFBP7,1.4452291,9.62e-14,9.8e-13
AGTR1,0.61820932,1.06e-13,9.82e-13
RPL15,0.8881682,9.68e-14,9.86e-13
WBP2,1.0192259,9.74e-14,9.92e-13
WDR44,-0.9720545,9.78e-14,9.96e-13
ANKRD39,0.7347959,9.83e-14,1e-12
C2ORF69,-0.7769495,9.84e-14,1e-12
PARPBP,-0.8719473,9.89e-14,1.01e-12
LRRC40,-1.14149,9.91e-14,1.01e-12
ATP11B,-1.352025,9.95e-14,1.01e-12
IFI6,2.4094205,9.91e-14,1.01e-12
MCF2L,0.42286169,1.11e-13,1.02e-12
CDH5,1.9075077,1e-13,1.02e-12
ORC4,-0.8838091,1e-13,1.02e-12
FAM111A,-1.3985732,1.02e-13,1.03e-12
UBE2F-SCLY///UBE2F,-0.7544409,1.03e-13,1.04e-12
SMC5,-1.3777082,1.03e-13,1.04e-12
ZNF324,0.9065009,1.02e-13,1.04e-12
CRYM,-0.41014227,1.14e-13,1.05e-12
PSME1,1.0913045,1.03e-13,1.05e-12
SLCO5A1,-0.37274986,1.13e-13,1.05e-12
MICAL3,-0.44854456,1.15e-13,1.06e-12
ARHGAP17,0.7788673,1.05e-13,1.06e-12
TRIM44,-0.8079268,1.05e-13,1.06e-12
ZCCHC11,-1.1183932,1.06e-13,1.07e-12
CTSE,-0.89924996,1.16e-13,1.07e-12
COL28A1,-0.55022638,1.16e-13,1.07e-12
AEBP2,-0.7538068,1.07e-13,1.08e-12
CNTLN,-1.3264518,1.08e-13,1.09e-12
PRDX6,0.7479475,5.32e-16,1.09e-12
RMND1,-0.9827364,1.09e-13,1.1e-12
TNPO1,-1.18486,1.09e-13,1.1e-12
PML,0.7392068,1.1e-13,1.11e-12
NRIP1,-1.3734464,1.1e-13,1.11e-12
CAPSL,-1.28539151,1.22e-13,1.12e-12
CDC25B,0.46771889,1.23e-13,1.12e-12
PSMD10,0.8795659,1.12e-13,1.13e-12
MED25,0.7674641,1.12e-13,1.13e-12
THSD7B,-0.42541282,1.23e-13,1.13e-12
EPG5,-1.1032459,1.12e-13,1.13e-12
ABHD4,0.725585,1.12e-13,1.13e-12
GRIK4,0.8908818,1.13e-13,1.14e-12
HIPK3,-1.4004509,1.14e-13,1.14e-12
TLR1,-1.7647082,1.15e-13,1.16e-12
B3GNT8,0.9559677,1.16e-13,1.16e-12
MICA,1.58228,1.15e-13,1.16e-12
SOD3,1.1088709,1.15e-13,1.16e-12
METTL24,-0.54902438,1.28e-13,1.17e-12
UBE2E1,0.7700923,1.17e-13,1.17e-12
IPO11,-1.3283491,1.18e-13,1.18e-12
POU6F1,0.7123091,1.17e-13,1.18e-12
PSTPIP2,-1.3241055,1.2e-13,1.2e-12
PPP1R15A,1.3117827,1.2e-13,1.2e-12
RCAN3,-0.54437734,1.31e-13,1.2e-12
AFAP1L1,0.46766454,1.31e-13,1.2e-12
TMEM259,1.0351573,1.21e-13,1.21e-12
ZNF507,-1.2557359,1.21e-13,1.21e-12
SNAP29,0.9986473,1.21e-13,1.21e-12
ST7,0.38872155,1.34e-13,1.22e-12
CEP83,-0.59061479,1.33e-13,1.22e-12
TIMM50,0.7233509,1.22e-13,1.22e-12
EDARADD,-0.36141357,1.35e-13,1.23e-12
KRR1,-1.1821164,1.23e-13,1.23e-12
ARHGAP5,-1.1401486,1.23e-13,1.23e-12
RFX5,-0.37116255,1.35e-13,1.23e-12
C5ORF56,0.7484295,1.24e-13,1.24e-12
PRRC2B,0.7358836,1.26e-13,1.25e-12
TRIP10,0.8757509,1.25e-13,1.25e-12
ARF6,0.9050664,1.25e-13,1.25e-12
SHCBP1,-1.0448486,1.25e-13,1.25e-12
POR,0.39817693,1.38e-13,1.25e-12
SNRNP25,0.9086686,1.27e-13,1.27e-12
ARPC1B,1.5068918,1.28e-13,1.27e-12
COX7A1,1.1694823,1.29e-13,1.28e-12
COL5A1,-0.57794756,1.41e-13,1.28e-12
NAIP,0.59681118,1.43e-13,1.29e-12
POLR3B,-1.1447277,1.3e-13,1.29e-12
HEATR1,-1.6236523,1.3e-13,1.29e-12
C9ORF135,-1.42271823,1.43e-13,1.3e-12
RASGRP2,0.44119492,1.44e-13,1.3e-12
C19ORF33,1.0758336,1.31e-13,1.3e-12
NDUFS4,1.07974,1.31e-13,1.3e-12
PRPF4,-1.1547241,1.31e-13,1.3e-12
UBE2Z,0.8008114,1.31e-13,1.3e-12
HEATR5A,-0.8936932,1.31e-13,1.3e-12
CHD4,-1.1376968,1.32e-13,1.31e-12
PXDC1,1.4633123,1.33e-13,1.32e-12
ZFP36L2,1.1287214,1.34e-13,1.32e-12
CFAP44,-2.3414791,1.33e-13,1.32e-12
DPM2,0.9531041,1.34e-13,1.32e-12
EIF3F,0.8707159,1.33e-13,1.32e-12
SPDL1,-1.2921177,1.33e-13,1.32e-12
ATPAF2,0.8871964,1.35e-13,1.33e-12
DIP2B,-0.9235459,1.34e-13,1.33e-12
EXOSC9,-0.9870832,1.36e-13,1.34e-12
POLR2C,0.35780699,1.49e-13,1.34e-12
CCDC77,-0.8317573,1.35e-13,1.34e-12
BAIAP2,1.1970527,1.36e-13,1.34e-12
PAGR1,-0.7767968,1.37e-13,1.36e-12
GRHL1,-0.82835925,1.51e-13,1.36e-12
MALT1,-1.002415,1.39e-13,1.37e-12
MAP2K6,-1.1725764,1.41e-13,1.39e-12
GORASP2,0.6508091,1.41e-13,1.39e-12
ORAI3,1.0830018,1.4e-13,1.39e-12
TAF6,0.6893009,1.41e-13,1.39e-12
ETS2,0.44835374,1.54e-13,1.39e-12
TMEM199///TMEM199,0.9425855,1.41e-13,1.39e-12
THUMPD2,-1.0590514,1.42e-13,1.4e-12
FANCI,-1.2325091,1.43e-13,1.4e-12
NINJ2,0.988285,1.42e-13,1.4e-12
TIGAR,-1.44841,1.43e-13,1.41e-12
SLC26A9,0.89264572,1.57e-13,1.42e-12
CFAP70,-1.22200002,1.59e-13,1.43e-12
PRELP,0.70281907,1.59e-13,1.43e-12
RHOA,0.5299273,1.47e-13,1.44e-12
EPHA4,-1.31075,1.46e-13,1.44e-12
ADAM15,1.0098664,1.46e-13,1.44e-12
IDH1,-1.2010391,1.48e-13,1.45e-12
ZBED5,-0.8372977,1.5e-13,1.47e-12
PNKD,0.8042732,1.5e-13,1.47e-12
RNF207,-0.36235337,1.64e-13,1.48e-12
PPP1R14A,0.51777945,1.65e-13,1.48e-12
DTYMK,0.833315,1.51e-13,1.48e-12
RSPO1,0.8566168,1.52e-13,1.49e-12
SIVA1,0.9146964,1.52e-13,1.49e-12
PFDN1,0.947965,1.53e-13,1.5e-12
RALBP1,-1.0098323,1.54e-13,1.5e-12
KCNIP3,0.837315,1.54e-13,1.5e-12
TUBGCP5,-0.8995223,1.53e-13,1.5e-12
FDFT1///FDFT1,0.40610083,1.67e-13,1.5e-12
EPHX2,-0.50695178,1.68e-13,1.5e-12
CASQ2,-1.00336907,1.66e-13,1.5e-12
FBXO34,-1.2954259,1.54e-13,1.5e-12
TMEM133,-0.48728885,1.68e-13,1.51e-12
FBXO8,0.7275936,1.55e-13,1.52e-12
MFSD5,1.4653509,1.55e-13,1.52e-12
ATP9A,-0.48001452,1.71e-13,1.53e-12
RPGR,-1.6621486,1.57e-13,1.53e-12
RPL31,1.3419864,1.57e-13,1.53e-12
SETD1A,0.6434114,1.56e-13,1.53e-12
IL34,0.9964927,1.58e-13,1.54e-12
WNT5A,-0.52573518,1.71e-13,1.54e-12
CHCHD7,0.42295304,1.73e-13,1.55e-12
PAK3,-0.40664221,1.74e-13,1.56e-12
KLHL12,-0.6967591,1.6e-13,1.56e-12
FAM110A,0.8110359,1.61e-13,1.57e-12
DRC3,-1.47838742,1.76e-13,1.57e-12
HMGXB4,-1.0100164,1.61e-13,1.57e-12
CASP12,1.5213714,1.62e-13,1.58e-12
SLC1A1,0.91656771,1.77e-13,1.58e-12
SLF1,-1.1234459,1.63e-13,1.59e-12
H2AFX,0.8612545,1.63e-13,1.59e-12
RFX3,-0.7292046,1.78e-13,1.59e-12
ZBTB43,-0.9194464,1.64e-13,1.6e-12
SLC44A4,-1.0747789,1.8e-13,1.6e-12
NSUN6,-1.1615655,1.65e-13,1.6e-12
QKI,0.40508192,1.79e-13,1.6e-12
PDZD2,0.66531598,1.8e-13,1.6e-12
SDHC,1.3921668,1.66e-13,1.61e-12
HSPA5,-1.0936009,1.66e-13,1.61e-12
ELP2,-1.1518064,1.67e-13,1.62e-12
CHERP,0.6658818,1.67e-13,1.62e-12
TOR1AIP2,-1.2054691,1.69e-13,1.63e-12
TNNT2,0.44164579,1.84e-13,1.63e-12
ING3,-0.9210805,1.68e-13,1.63e-12
PPP6R3,-0.9937682,1.71e-13,1.65e-12
POLR3GL,-0.8636277,1.71e-13,1.65e-12
SAAL1,-0.872905,1.71e-13,1.65e-12
NEU1,0.41809745,1.87e-13,1.66e-12
C12ORF45,-0.9377736,1.72e-13,1.67e-12
GSE1,0.5828259,1.73e-13,1.67e-12
SHC4,-0.35551092,1.9e-13,1.68e-12
REV3L,-1.2128455,1.75e-13,1.69e-12
SNORD83B,0.9350336,1.76e-13,1.7e-12
SEPSECS,-0.9585068,1.76e-13,1.7e-12
CFAP57,-1.31857224,1.93e-13,1.71e-12
SMAD2,-0.9473314,1.79e-13,1.72e-12
THAP7,0.9711595,1.78e-13,1.72e-12
SPOPL,-1.1573573,1.78e-13,1.72e-12
PPP1R14C,-0.75987962,1.97e-13,1.74e-12
LINC01000///LINC00266-1,0.7796395,1.8e-13,1.74e-12
ICE1,-1.2105386,1.8e-13,1.74e-12
PRR15L,1.6046159,1.8e-13,1.74e-12
CD93,1.1271095,1.82e-13,1.75e-12
TTK,-1.2077527,1.81e-13,1.75e-12
SGCA,1.3961027,1.83e-13,1.76e-12
CDKL5,0.45681937,1.99e-13,1.76e-12
HERC1,-1.1710005,1.83e-13,1.76e-12
MSMO1,0.89555109,2e-13,1.76e-12
FCHO2,-1.1496382,1.83e-13,1.76e-12
TSGA10///TSGA10,-1.12570301,2.01e-13,1.77e-12
ATG16L2,0.35613778,2e-13,1.77e-12
RINT1,-0.8024691,1.85e-13,1.77e-12
C15ORF61,1.3693395,1.85e-13,1.77e-12
RAB2B,0.7584277,1.84e-13,1.77e-12
RSPH4A,-1.6346187,2e-13,1.77e-12
TMEM189-UBE2V1///TMEM189///UBE2V1,0.9097168,1.85e-13,1.78e-12
EVL,0.85211,1.87e-13,1.79e-12
MDH1B,-1.44124213,2.05e-13,1.8e-12
CYP2S1,-0.43486107,2.05e-13,1.8e-12
KDM1A,-0.7632636,1.87e-13,1.8e-12
PPFIBP1///ALK,0.51330508,2.06e-13,1.8e-12
ACADS,1.0379291,1.91e-13,1.83e-12
HSP90B2P,-0.8912164,1.9e-13,1.83e-12
ADAMTS14,-0.39101242,2.09e-13,1.83e-12
LOC255308,-1.2418868,1.91e-13,1.83e-12
ARMC7,1.0610518,1.93e-13,1.85e-12
TNXB///ATF6B,0.8080736,1.95e-13,1.86e-12
TEK,0.86376687,2.13e-13,1.87e-12
GSTK1,0.7260491,1.96e-13,1.87e-12
MAP3K7,-0.8478905,1.96e-13,1.87e-12
NELFA,0.7609555,1.96e-13,1.87e-12
TRIP13,-0.43253626,2.15e-13,1.88e-12
C6,-1.46683573,2.15e-13,1.88e-12
KLF11,0.9807768,1.98e-13,1.89e-12
THOC2,-1.5638032,1.97e-13,1.89e-12
DDX10,-1.3992964,1.99e-13,1.9e-12
TEKT1,-1.5222934,2.24e-13,1.95e-12
NOVA1,-0.37395443,2.23e-13,1.95e-12
CERKL,-1.09796051,2.23e-13,1.95e-12
USP24,-1.1574936,2.04e-13,1.95e-12
LZTS2,0.9064868,2.04e-13,1.95e-12
SNORA8///TAF1D,0.9749614,2.05e-13,1.95e-12
RAPGEF1,-1.1876264,2.06e-13,1.96e-12
N6AMT1,-0.41851225,2.25e-13,1.96e-12
OPTN,-0.7747814,2.08e-13,1.98e-12
TMEM242,-0.8203218,2.08e-13,1.98e-12
FFAR2,0.66658889,2.28e-13,1.99e-12
SPATA5,-1.1038,2.1e-13,2e-12
IL7,-0.47101953,2.32e-13,2.01e-12
ACOT8,0.860705,2.12e-13,2.01e-12
SLC43A2,0.8599914,2.11e-13,2.01e-12
ASPM,-1.3361132,2.12e-13,2.01e-12
REEP1,-0.39651038,2.31e-13,2.01e-12
TFAP2A,-0.5602364,2.32e-13,2.02e-12
DCAF13,-0.7674205,2.13e-13,2.02e-12
LRRC63,-0.47370078,2.34e-13,2.03e-12
TANGO2,0.9034573,2.14e-13,2.03e-12
LTBP3,-0.37048326,2.37e-13,2.05e-12
MPV17L2,0.9647941,2.17e-13,2.05e-12
ARFGAP1,0.6706109,2.16e-13,2.05e-12
MYOM1,-0.56655961,2.4e-13,2.07e-12
INTS1,0.7181791,2.18e-13,2.07e-12
FAM222B,0.79458,2.18e-13,2.07e-12
OMA1,-1.3132582,2.2e-13,2.08e-12
ALMS1,-1.4119686,2.2e-13,2.08e-12
GPCPD1,-1.1068345,2.22e-13,2.1e-12
E2F4,0.9325318,2.24e-13,2.12e-12
DOCK5,0.47344976,2.46e-13,2.12e-12
ECEL1P2,0.3500142,2.45e-13,2.12e-12
ATP5G2,1.0570064,2.25e-13,2.12e-12
IL2RG,1.6006205,2.25e-13,2.13e-12
RPL22L1,-1.0064795,2.26e-13,2.13e-12
SETD7,-1.1817614,2.26e-13,2.13e-12
PLA2G5,1.4746036,2.28e-13,2.15e-12
KIR2DS2///KIR2DL5B///KIR3DL3///KIR2DL5A///KIR3DS1///KIR3DL2///KIR3DL1///KIR2DS5///KIR2DS4///KIR2DS1///KIR2DL4///KIR2DL3///KIR2DL2///KIR2DL1///KIR3DS1///KIR3DL2///KIR3DL1///KIR2DS5///KIR2DS3///KIR2DL1,0.5376989,2.5e-13,2.15e-12
TCAF2P1///TCAF2,0.40512589,2.5e-13,2.15e-12
CEP41///CEP41,-0.51110224,2.5e-13,2.15e-12
FAM220A,0.6733095,2.27e-13,2.15e-12
XAB2,0.9648973,2.29e-13,2.16e-12
ENO4,-0.75883569,2.52e-13,2.16e-12
NRBP1,0.6755823,2.3e-13,2.17e-12
MT1B,0.46600082,2.53e-13,2.18e-12
SUPT4H1,0.8667109,2.31e-13,2.18e-12
TCEAL4,-1.176495,2.31e-13,2.18e-12
PCGF3,0.6449709,2.33e-13,2.2e-12
GPS1,0.9882041,2.35e-13,2.21e-12
ANKRD9,0.8387814,2.36e-13,2.22e-12
SMARCB1,0.6617955,2.35e-13,2.22e-12
AGBL2,-1.16914728,2.59e-13,2.23e-12
TRANK1,-0.48606192,2.6e-13,2.23e-12
VWA3A,-1.09859102,2.61e-13,2.24e-12
NUP50,-0.9786509,2.38e-13,2.24e-12
MRPL51///SPTLC1,1.4389191,2.38e-13,2.24e-12
SGTA,0.8550832,2.38e-13,2.24e-12
TMIGD3///ADORA3///TMIGD3///ADORA3,0.57054266,2.62e-13,2.25e-12
RPL21P28///RPL21P19///RPL21,-0.9523282,2.4e-13,2.25e-12
MUC20,-0.81062761,2.63e-13,2.26e-12
KLRG1,-0.75224555,2.65e-13,2.27e-12
CEP192,-1.3281873,2.43e-13,2.28e-12
MRPL9,0.6154041,2.44e-13,2.29e-12
INPP1,0.4291347,2.7e-13,2.31e-12
VPS26A,-1.1003968,2.48e-13,2.33e-12
ANKRD18B,-0.98350786,2.74e-13,2.34e-12
PARVA,0.8633868,2.51e-13,2.35e-12
SS18,-0.794495,2.52e-13,2.36e-12
TUFT1,0.45038722,2.77e-13,2.37e-12
RPP38,0.9412291,2.53e-13,2.37e-12
FIZ1,0.7015345,2.54e-13,2.38e-12
LIMD2,0.7123445,2.54e-13,2.38e-12
CCDC138,-1.6363036,2.54e-13,2.38e-12
RBM28,-0.9306409,2.55e-13,2.39e-12
C1ORF132///MIR29B2,-1.8711445,2.55e-13,2.39e-12
RNVU1-17,0.7622823,2.55e-13,2.39e-12
RNF38,0.8711373,2.58e-13,2.41e-12
TMEM177,0.8465168,2.58e-13,2.41e-12
RP1,-1.43614326,2.86e-13,2.44e-12
CTDSP1,0.8973336,2.62e-13,2.44e-12
KIF16B,-1.32742,2.62e-13,2.45e-12
SLC35A1,-1.24715,2.62e-13,2.45e-12
TMEM65,-0.8646759,2.64e-13,2.46e-12
TTC28,0.9509109,2.65e-13,2.47e-12
STK40,0.9038345,2.66e-13,2.48e-12
NID1,0.72361725,2.92e-13,2.48e-12
SREK1IP1,-1.0647382,2.66e-13,2.48e-12
MROH9,-1.23780215,2.94e-13,2.5e-12
FN1,-0.45075165,2.94e-13,2.5e-12
TMEM25,0.982375,2.7e-13,2.52e-12
LLGL2,0.43449227,2.98e-13,2.53e-12
TOB2,0.7514873,2.74e-13,2.55e-12
PM20D2,-0.46261232,3e-13,2.55e-12
CDC26///FKBP15,-0.8534832,2.75e-13,2.56e-12
SARAF,-0.6501091,2.77e-13,2.57e-12
DCDC1,-1.10079088,3.03e-13,2.57e-12
EIF4B,-1.0453945,2.77e-13,2.57e-12
EFNB2,0.69088423,3.04e-13,2.58e-12
PPAT,-1.2225059,2.78e-13,2.58e-12
PSME2,1.1429668,2.78e-13,2.58e-12
QDPR,0.39397769,3.05e-13,2.58e-12
TMTC1,0.73381697,3.05e-13,2.58e-12
ZNF615,-1.3208573,2.78e-13,2.59e-12
BAZ2A,0.7672632,2.78e-13,2.59e-12
RNH1,0.42192814,3.07e-13,2.59e-12
C6ORF118,-1.3439036,3.07e-13,2.59e-12
PAPOLA,-0.9470118,2.79e-13,2.59e-12
SNORD113-3,-2.5128091,2.81e-13,2.6e-12
SLC35E1,0.7234568,2.8e-13,2.6e-12
SYS1-DBNDD2///DBNDD2,0.9596523,2.8e-13,2.6e-12
MFSD14B///MFSD14C,0.5710214,2.81e-13,2.6e-12
KLF16,0.9557514,2.81e-13,2.6e-12
PLCD1,0.7646409,2.82e-13,2.61e-12
GRAPL///GRAP,1.5607732,2.81e-13,2.61e-12
RAB30,-0.5745417,3.09e-13,2.61e-12
EBLN2,-1.0378518,2.83e-13,2.62e-12
COX6B1,1.4733132,2.83e-13,2.62e-12
ATG2A,0.6475036,2.82e-13,2.62e-12
RPS6KA3,-1.2568791,2.83e-13,2.62e-12
CRAT,0.8540886,2.84e-13,2.63e-12
SOX7,0.7861145,2.88e-13,2.66e-12
UBR2,-1.0748245,2.89e-13,2.67e-12
KRIT1,-1.0252718,2.9e-13,2.68e-12
SLC25A16,0.3574624,3.17e-13,2.68e-12
CPNE4,-0.35751754,3.19e-13,2.69e-12
NBEAL1,-1.14931,2.92e-13,2.7e-12
GTPBP6,0.34712744,3.23e-13,2.71e-12
C10ORF107,-1.39425925,3.23e-13,2.71e-12
RNF135,0.8547273,2.94e-13,2.72e-12
RFWD2,-0.6834936,2.95e-13,2.72e-12
PDGFB,1.1438941,2.97e-13,2.74e-12
ST20-MTHFS///MTHFS,0.37466614,3.29e-13,2.76e-12
TMEM256-PLSCR3///PLSCR3,1.2089255,3e-13,2.77e-12
TSEN54,0.8507959,3.02e-13,2.78e-12
RIT1,-0.9824191,3.03e-13,2.8e-12
ADGRL2,0.71711969,3.35e-13,2.8e-12
EDN1,2.409205,3.06e-13,2.82e-12
ARL4A,-1.1255873,3.07e-13,2.83e-12
KITLG,-1.4129791,3.09e-13,2.84e-12
COG5,-0.9185095,3.09e-13,2.84e-12
HIST1H2AC,1.4905873,3.08e-13,2.84e-12
PRMT9,-1.5071723,3.08e-13,2.84e-12
CCDC173,-1.36317821,3.43e-13,2.87e-12
DOPEY1,-1.2272045,3.17e-13,2.91e-12
SNORA54,1.3359118,3.2e-13,2.94e-12
BMS1P20,-1.0289577,3.2e-13,2.94e-12
RAPGEF2,-1.0801305,3.21e-13,2.94e-12
SLC16A13///JOSD1,0.44382315,3.52e-13,2.94e-12
NCAPG,-1.3526255,3.21e-13,2.95e-12
HDAC3,0.5701173,3.22e-13,2.96e-12
STK19,1.0056891,3.23e-13,2.96e-12
ANKRD52,0.6290836,3.24e-13,2.97e-12
RPP25,0.8069341,3.24e-13,2.97e-12
KDELC1,-1.3927255,3.25e-13,2.98e-12
VLDLR,-1.1720518,3.25e-13,2.98e-12
NCKIPSD,0.7274823,3.26e-13,2.99e-12
SLAIN1,1.3061668,3.26e-13,2.99e-12
PPP2R5B,0.788565,3.29e-13,3.01e-12
CFAP61,-1.29798147,3.61e-13,3.02e-12
CTSW,1.6562027,3.3e-13,3.02e-12
DRC1,-1.36364412,3.61e-13,3.02e-12
ABHD16A,0.8453755,3.32e-13,3.04e-12
GRPEL1,0.36635686,3.66e-13,3.05e-12
LMAN1,-1.1423345,3.33e-13,3.05e-12
FKBP2,-1.0024564,3.33e-13,3.05e-12
COPS5,-0.6640909,3.4e-13,3.11e-12
EPS15L1,0.5913805,3.43e-13,3.14e-12
VPS26B,0.581205,3.47e-13,3.17e-12
ADRB1,1.3715186,3.47e-13,3.17e-12
COPS2,-1.1059314,3.55e-13,3.24e-12
VTCN1,-1.01088766,3.93e-13,3.27e-12
MYEF2,-1.2760464,3.59e-13,3.28e-12
PPP1R12A,-1.2882259,3.6e-13,3.28e-12
SHQ1,-0.9106441,3.61e-13,3.29e-12
SSBP2,-0.42121202,3.95e-13,3.29e-12
FTL,0.9033955,3.61e-13,3.29e-12
GDAP1,-0.8883564,3.63e-13,3.3e-12
ERAP1,-1.0306541,3.62e-13,3.3e-12
ADD1,-0.7320273,3.62e-13,3.3e-12
PSPC1,-0.8448427,3.65e-13,3.32e-12
AKR1C1,-1.6293277,3.66e-13,3.33e-12
TBC1D2,1.3823377,3.68e-13,3.34e-12
CD200,-0.51989823,4.05e-13,3.36e-12
SLC30A9,-1.1427168,3.7e-13,3.36e-12
PUM2,-1.1522964,3.72e-13,3.37e-12
MMADHC,-1.0246623,3.72e-13,3.38e-12
TBRG4,0.8196795,3.77e-13,3.42e-12
TCF7L1,0.8689495,3.79e-13,3.44e-12
IQSEC1,0.8285177,3.79e-13,3.44e-12
SRC,0.5851355,3.83e-13,3.47e-12
IRAK4,-0.9732841,3.91e-13,3.54e-12
CBX4,0.8140305,3.91e-13,3.54e-12
FBRSL1,0.6830709,3.91e-13,3.54e-12
AES,1.0093677,3.93e-13,3.56e-12
SVEP1///SVEP1,0.96192552,4.32e-13,3.59e-12
LRRC6,-1.04904439,4.35e-13,3.61e-12
COG1,0.7012627,3.99e-13,3.61e-12
LOC101060386///SMG1P3///SMG1P1///SMG1P5///SMG1P2///SMG1,-0.9817518,4.01e-13,3.62e-12
CCR8,-0.477463,4.38e-13,3.63e-12
LRMP,-1.2794705,4.02e-13,3.64e-12
SERTAD4,-0.46872313,4.47e-13,3.7e-12
ADAM20P1,-1.2991136,4.11e-13,3.71e-12
ARID1A,0.6988755,4.11e-13,3.71e-12
LXN,-0.75159075,4.49e-13,3.72e-12
SUZ12,-1.01827,4.13e-13,3.73e-12
RPL10///SNORA70///RPL10///DNASE1L1,0.8150182,4.16e-13,3.76e-12
REST,-0.8236105,4.16e-13,3.76e-12
CLEC16A,0.7246009,4.16e-13,3.76e-12
CAMTA1,0.6874264,4.16e-13,3.76e-12
RABGAP1L,-1.1600382,4.18e-13,3.77e-12
MAN2A1,-0.8322541,4.19e-13,3.78e-12
MFNG,0.51284809,4.59e-13,3.8e-12
ENO1,0.4203265,4.59e-13,3.8e-12
CLCC1,-0.8974645,4.21e-13,3.8e-12
ZC4H2,0.9380291,4.23e-13,3.81e-12
NSDHL,0.35314836,4.61e-13,3.81e-12
MAP3K2,-1.0253973,4.24e-13,3.82e-12
EFCAB6,-0.85891219,4.64e-13,3.83e-12
WWC2,0.67011478,4.71e-13,3.88e-12
KLHL41,-0.39603458,4.73e-13,3.89e-12
RRAS2,0.5865777,4.33e-13,3.9e-12
DDX60L,-1.785405,4.33e-13,3.9e-12
MOB3A,0.8845573,4.37e-13,3.92e-12
C15ORF41,-0.36742964,4.79e-13,3.93e-12
ZKSCAN1,-1.00637,4.37e-13,3.93e-12
SLC6A10PB///SLC6A10P///SLC6A8,0.8555918,4.37e-13,3.93e-12
ANAPC1P1///ANAPC1,-1.1326018,4.39e-13,3.94e-12
IL18BP,0.6722214,4.41e-13,3.96e-12
RPF2,-1.3119132,4.45e-13,3.99e-12
PLD1,-0.44544098,4.87e-13,4e-12
IFT74,-1.5541332,4.46e-13,4e-12
WBP11P1,0.6481091,4.46e-13,4e-12
KCNK15,0.7645186,4.51e-13,4.04e-12
LGALSL///LGALSL,1.6539677,4.51e-13,4.04e-12
ESRRG,-0.41681312,4.96e-13,4.07e-12
SLIT2,0.79620608,4.99e-13,4.09e-12
C6ORF223,0.39868623,5e-13,4.09e-12
FAT2,-0.99360054,5.02e-13,4.11e-12
PIBF1,-1.2011468,4.66e-13,4.17e-12
ITGA11,-0.48248841,5.1e-13,4.17e-12
VASP,0.6812718,4.67e-13,4.17e-12
TM9SF4,0.6051418,4.67e-13,4.18e-12
NABP2,0.8498673,4.7e-13,4.2e-12
NRBP2,0.8615764,4.74e-13,4.23e-12
FMO4,-0.48688813,5.19e-13,4.24e-12
XPR1,-1.0114014,4.75e-13,4.24e-12
PDE3B,-1.2815155,4.75e-13,4.24e-12
SLC19A1,0.9424209,4.77e-13,4.25e-12
ST8SIA4,-1.6545673,4.77e-13,4.25e-12
RAB15,1.0670905,4.78e-13,4.26e-12
ZNF600,-0.8758895,4.82e-13,4.29e-12
COPS8,-0.6605041,4.82e-13,4.3e-12
HLA-DOB,-0.72399724,5.32e-13,4.34e-12
RAP1GAP2,0.6764723,4.88e-13,4.34e-12
SNORA33///SNORD101,-1.7130836,4.88e-13,4.34e-12
ALPK1,-1.0948045,4.88e-13,4.34e-12
RAI14,-1.3146627,4.9e-13,4.36e-12
RNU11,1.3224023,4.9e-13,4.36e-12
LAMP1,0.7768264,4.94e-13,4.38e-12
ERI2,-1.1048027,4.93e-13,4.38e-12
C2CD5,-1.1642586,4.94e-13,4.39e-12
SPOCK2,2.3726259,4.99e-13,4.42e-12
SEC22C,0.9293759,5.03e-13,4.46e-12
GPR155,-0.48915899,5.48e-13,4.47e-12
GLB1,0.7824591,5.09e-13,4.52e-12
ARHGEF10,0.63249285,5.6e-13,4.56e-12
MBP,0.5853668,5.16e-13,4.58e-12
TSPAN4,1.3682809,5.2e-13,4.61e-12
MGC57346,1.6556705,5.23e-13,4.63e-12
SSFA2,0.3833203,5.71e-13,4.65e-12
TPPP,0.8876236,5.26e-13,4.66e-12
VWA9,-0.7554686,5.28e-13,4.67e-12
NSG1,-0.33552879,5.76e-13,4.69e-12
DPY19L2P2,-1.06047328,5.78e-13,4.7e-12
CXORF40B,0.9546018,5.35e-13,4.72e-12
G6PD,0.37717947,5.81e-13,4.72e-12
MFSD3,0.866055,5.36e-13,4.73e-12
YTHDF3,-0.9133323,5.37e-13,4.74e-12
BBX,-1.4062441,5.39e-13,4.75e-12
GLMN,-0.9103891,5.4e-13,4.76e-12
POGZ,0.6708868,5.44e-13,4.8e-12
SCGB3A1,-1.39869195,5.95e-13,4.83e-12
MOV10,0.7557291,5.47e-13,4.83e-12
KCNMA1,-0.62630691,5.98e-13,4.85e-12
FLJ16734,0.9954386,5.54e-13,4.89e-12
PCBP4,1.0384532,5.57e-13,4.91e-12
ACTN4,0.7912591,5.58e-13,4.91e-12
GALK1,0.8500645,5.57e-13,4.91e-12
EIF2S3,-0.9876745,5.59e-13,4.92e-12
GPANK1,0.6242986,5.58e-13,4.92e-12
RGS18,0.75378459,6.08e-13,4.93e-12
DNAH3,-1.49265115,6.1e-13,4.94e-12
SCAF1,0.6557427,5.61e-13,4.94e-12
SNX14,-0.877475,5.65e-13,4.97e-12
PLEKHM1P1///PLEKHM1,0.6386236,5.69e-13,5e-12
MYOZ1,2.3076286,5.69e-13,5.01e-12
CRYBG3,-1.3293459,5.71e-13,5.02e-12
OSCAR,0.7210745,5.71e-13,5.02e-12
IQGAP2,-1.5157755,5.71e-13,5.02e-12
ABCA12,-0.51347602,6.22e-13,5.03e-12
MAP3K19,-1.18461093,6.22e-13,5.03e-12
LINC01123///LINC01106,-1.5247918,5.77e-13,5.06e-12
PCDH20,-0.57837016,6.25e-13,5.06e-12
SLC50A1,1.0842877,5.79e-13,5.07e-12
TAS2R31,-1.6665582,5.78e-13,5.07e-12
CLIC1,1.1947805,5.8e-13,5.08e-12
GOLIM4,-1.2723277,5.85e-13,5.12e-12
CERCAM,-0.43030314,6.34e-13,5.12e-12
ZNF702P,-1.3537723,5.84e-13,5.12e-12
TADA2B,0.7491355,5.85e-13,5.12e-12
TSPAN17,0.8816436,5.87e-13,5.13e-12
AP3M1,-0.8187205,5.88e-13,5.14e-12
TMOD3,-0.9348705,5.88e-13,5.14e-12
KIAA1324L,0.79180851,6.39e-13,5.15e-12
TJAP1,0.6074214,5.92e-13,5.17e-12
NVL,-0.7643968,5.91e-13,5.17e-12
TMEM178A,1.2265373,5.94e-13,5.19e-12
ASB8,0.9641923,5.94e-13,5.19e-12
NOC3L,-1.6705386,5.95e-13,5.19e-12
DPF2,0.6193141,5.94e-13,5.19e-12
UTP14A,-1.224175,5.98e-13,5.22e-12
ZNF117,-1.4437905,6.01e-13,5.24e-12
MAX,0.74919,6.03e-13,5.25e-12
LLPH,-0.6886041,6.07e-13,5.29e-12
SERPINB5,-1.08300585,6.56e-13,5.29e-12
RSPH10B2///RSPH10B,-1.65042047,6.58e-13,5.3e-12
BLM,-0.8276168,6.09e-13,5.3e-12
NXF3,1.7896145,6.11e-13,5.32e-12
IKZF5,-1.0272582,6.11e-13,5.32e-12
ZNF568,-0.9338241,6.14e-13,5.34e-12
GALT,0.6890818,6.16e-13,5.36e-12
TAF1B,-1.0794768,6.2e-13,5.39e-12
IGFBP2,-0.54126588,6.72e-13,5.41e-12
CAPRIN1,-0.9282027,6.23e-13,5.42e-12
MBD6,0.690215,6.25e-13,5.43e-12
MAN1C1,-0.36963944,6.82e-13,5.48e-12
CETN2,-0.70633582,6.89e-13,5.54e-12
SNRNP48,-0.9383205,6.41e-13,5.56e-12
RASSF6,-0.74464376,7.03e-13,5.64e-12
FGD4,0.46109963,7.06e-13,5.65e-12
TTBK2,-0.5568364,6.52e-13,5.65e-12
TGFB1I1,1.1611568,6.52e-13,5.65e-12
FILIP1L,-0.33630703,7.06e-13,5.65e-12
KCNN4,-0.37811364,7.12e-13,5.7e-12
HIST1H2AL///HIST1H2AL,0.9632514,6.58e-13,5.7e-12
EIF2AK3,-1.3352059,6.63e-13,5.74e-12
AKAP11,-1.2376686,6.63e-13,5.74e-12
ABCB1,-1.7501786,6.69e-13,5.79e-12
ZCCHC9,-0.7896245,6.69e-13,5.79e-12
KMT2D,0.6504618,6.72e-13,5.8e-12
ANO9,0.8107091,6.73e-13,5.81e-12
DNAI1,-1.33538996,7.29e-13,5.83e-12
LOC102724428///SIK1,0.88011642,7.31e-13,5.84e-12
GALNT16,-0.41646838,7.33e-13,5.86e-12
VCPIP1,-0.7178845,6.79e-13,5.86e-12
HEMK1,0.6137214,6.79e-13,5.86e-12
FSD1L,-0.57218393,7.38e-13,5.88e-12
PAX9,-0.79781863,7.41e-13,5.91e-12
ZNF513,0.6633723,6.86e-13,5.92e-12
SPSB3,0.8635309,6.89e-13,5.95e-12
POLR1D,0.7816295,6.91e-13,5.96e-12
HIST2H2BE,0.48352523,7.53e-13,5.99e-12
TMEM109,1.0714264,6.94e-13,5.99e-12
C7ORF26,0.7272086,6.96e-13,6e-12
PIFO,-1.15341082,7.55e-13,6.01e-12
RPL23AP53,-1.2916805,7e-13,6.03e-12
L3HYPDH,0.6696932,7e-13,6.03e-12
NPDC1,0.7556127,7.04e-13,6.06e-12
DMTN,0.9565309,7.09e-13,6.1e-12
HIST1H3D///HIST1H2AD,1.4816668,7.1e-13,6.11e-12
PLXNA1,0.8083723,7.12e-13,6.12e-12
RAI1,0.7903873,7.14e-13,6.14e-12
MGAT5,-0.9057941,7.16e-13,6.15e-12
ZNF558,-1.1443318,7.19e-13,6.17e-12
AIFM1,-0.9935105,7.28e-13,6.26e-12
GPN2,0.8212873,7.29e-13,6.26e-12
TMEM236,0.33038979,7.89e-13,6.27e-12
PPP1R12B,-0.44107143,7.92e-13,6.29e-12
RAB9B,-0.36283723,7.91e-13,6.29e-12
LRRC41,0.8073227,7.41e-13,6.36e-12
ZNF713,-0.50197913,8.04e-13,6.38e-12
RBP4,2.4391223,7.5e-13,6.43e-12
SLC44A2,0.9866045,7.51e-13,6.44e-12
NPIPB9///NPIPB5///NPIPB6///PDXDC2P///NPIPB3,0.8325905,7.53e-13,6.46e-12
PLA2G7,-2.2248132,7.55e-13,6.47e-12
ZNF510,-1.1356282,7.58e-13,6.49e-12
CHD6,-1.2477109,7.57e-13,6.49e-12
RAB11B,0.7826327,7.66e-13,6.55e-12
RGP1,0.6637091,7.7e-13,6.58e-12
SCAF11,-1.2006245,7.77e-13,6.64e-12
EXOSC3,-0.8265673,7.77e-13,6.64e-12
SND1,-0.9439232,7.79e-13,6.65e-12
ANGPTL2,-0.50752769,8.43e-13,6.68e-12
TMX2,0.9989109,7.89e-13,6.74e-12
PET117///KAT14,-0.8798905,7.9e-13,6.75e-12
TGFB2,-0.65730721,8.53e-13,6.76e-12
WASF2,0.9090641,7.96e-13,6.79e-12
RFC1,-1.5386714,7.99e-13,6.81e-12
HIST1H2BE,0.8984159,8.01e-13,6.83e-12
C7ORF55-LUC7L2///LUC7L2,-0.5061086,8.1e-13,6.9e-12
MRPS26,0.5962068,8.11e-13,6.91e-12
UNC13B,0.58717523,8.77e-13,6.94e-12
CPEB2,-0.9554045,8.17e-13,6.96e-12
CNTFR,1.1469314,8.22e-13,6.99e-12
TTC38,0.6588573,8.35e-13,7.1e-12
ZZZ3,-1.1172977,8.41e-13,7.15e-12
TTC21B,-1.7342405,8.42e-13,7.16e-12
RBL2,-1.1460936,8.42e-13,7.16e-12
CAMSAP3,0.33253687,9.1e-13,7.2e-12
REEP5,0.6738468,8.49e-13,7.21e-12
NOA1,0.6286505,8.48e-13,7.21e-12
SSR3,-0.8660264,8.56e-13,7.27e-12
GOLGA6L3///GOLGA6L10///GOLGA6L4///GOLGA6L17P///GOLGA6L9///GOLGA6L5P,-1.1979868,8.59e-13,7.29e-12
RORC,1.1406441,8.61e-13,7.3e-12
AMY2B///AMY2A///AMY1C///AMY1B///AMY1A,-2.1052082,8.65e-13,7.34e-12
FKBP8,1.00586,8.7e-13,7.38e-12
CHMP1B,-0.9801577,8.73e-13,7.4e-12
MUC5B,-1.63868644,9.44e-13,7.47e-12
SPTBN2,-0.41189821,9.47e-13,7.48e-12
GAS5///SNORD80,1.7111773,8.87e-13,7.5e-12
HIVEP3,0.8552127,8.86e-13,7.5e-12
RGL3,0.8961577,8.88e-13,7.51e-12
ZNF300,-1.1744636,8.9e-13,7.53e-12
FRYL,-1.3274586,8.92e-13,7.54e-12
INCA1,0.5869305,8.93e-13,7.55e-12
TIRAP,0.7713209,9.06e-13,7.65e-12
UBALD1,1.1947605,9.09e-13,7.68e-12
GLTSCR1,0.6841027,9.14e-13,7.72e-12
BATF2,0.9393459,9.15e-13,7.72e-12
SIGLEC6,-0.52779799,9.87e-13,7.79e-12
NAA25,-0.9496495,9.28e-13,7.83e-12
EIF1B,0.35508846,9.94e-13,7.83e-12
CKMT1A///CKMT1B///CKMT1A///CKMT1B,-0.93143809,1.01e-12,7.92e-12
LRRFIP1,-1.5727327,9.43e-13,7.95e-12
PI15,-2.6448223,9.45e-13,7.97e-12
MT4,0.36792975,1.01e-12,7.98e-12
ORM1,1.11742082,1.02e-12,7.99e-12
NFAM1,0.8484859,9.53e-13,8.03e-12
NAA38,1.0385132,9.57e-13,8.06e-12
AKR7A2,0.8125514,9.64e-13,8.11e-12
PLXND1,1.1103905,9.64e-13,8.11e-12
RUSC2,0.7868168,9.65e-13,8.12e-12
ESYT3,0.72223266,1.04e-12,8.15e-12
EFL1,-1.1619109,9.72e-13,8.17e-12
SLCO3A1///SLCO3A1,0.8581873,9.78e-13,8.22e-12
CDC42BPG,0.6681686,9.81e-13,8.24e-12
FAM129A,-1.42271,9.83e-13,8.25e-12
MAATS1,-1.10976216,1.05e-12,8.26e-12
SNORD6///TAF1D,1.5755014,9.86e-13,8.27e-12
RPS5,1.4954268,9.91e-13,8.32e-12
CLIP1,-1.1388755,9.92e-13,8.32e-12
EXOC2,-0.8657905,9.93e-13,8.33e-12
VPS35,-1.0867218,9.99e-13,8.37e-12
PPP6R1,0.6690736,1e-12,8.41e-12
SERPING1,1.0829773,1e-12,8.41e-12
C5ORF38,0.9478414,1.01e-12,8.45e-12
SIRT3,0.6419068,1.02e-12,8.52e-12
FZD6,-1.0669464,1.02e-12,8.54e-12
HOXA4,1.4740364,1.02e-12,8.55e-12
CLMP,-1.2159259,1.02e-12,8.56e-12
KMT5A,0.8442255,1.03e-12,8.6e-12
C8ORF34,-0.73177247,1.1e-12,8.61e-12
MESDC1,0.6786191,1.03e-12,8.61e-12
NUFIP2,-1.1169559,1.03e-12,8.62e-12
ZNF658B///ZNF658,-1.149295,1.03e-12,8.63e-12
HMOX1,0.76122591,1.1e-12,8.64e-12
B4GALT5,1.0937568,1.04e-12,8.67e-12
MCTP2,-0.9510305,1.04e-12,8.72e-12
MRPL24,-0.8492432,1.05e-12,8.72e-12
GGTA1P,-0.58497682,1.12e-12,8.75e-12
TUSC2,0.9106264,1.05e-12,8.78e-12
ATP13A3,-1.2733918,1.05e-12,8.79e-12
PRKAA2,-0.65582352,1.13e-12,8.81e-12
CAPN13,-1.31100314,1.13e-12,8.85e-12
PPP1R35,0.7804959,1.06e-12,8.86e-12
NUP155,-0.8473409,1.07e-12,8.88e-12
SNHG3///SNORA73A,1.3995359,1.07e-12,8.89e-12
RPL8,1.2689545,1.07e-12,8.9e-12
ZDHHC6,-0.7894491,1.07e-12,8.9e-12
SCARF1,0.7059723,1.07e-12,8.91e-12
RGPD2///RGPD6///RGPD8///RGPD3///RGPD1///RGPD4///RGPD5///RANBP2,-1.1098464,1.07e-12,8.91e-12
C12ORF74,-0.65659998,1.14e-12,8.91e-12
SNORA15,-0.9170523,1.07e-12,8.93e-12
RAP1GAP,1.3333486,1.08e-12,8.95e-12
C1ORF87,-1.27473923,1.15e-12,8.96e-12
PLA1A,0.88810846,1.15e-12,8.99e-12
AGTRAP///BRAF,0.36205968,1.16e-12,9.01e-12
FKTN,-1.110965,1.09e-12,9.03e-12
ZNF441,-1.2388509,1.09e-12,9.04e-12
B3GALT4,0.8175645,1.09e-12,9.07e-12
TTC1,-0.8772477,1.1e-12,9.14e-12
MGC72080,0.7124532,1.12e-12,9.24e-12
FAM127B,0.9578791,1.12e-12,9.26e-12
STK24,0.4893014,1.13e-12,9.33e-12
CTSF,0.8743277,1.13e-12,9.36e-12
KLF4,0.90094391,1.21e-12,9.43e-12
PRKRA,-0.7724659,1.14e-12,9.45e-12
DNAJB14,-0.9451073,1.14e-12,9.45e-12
PTGR1,-1.3125345,1.14e-12,9.46e-12
MT1X,1.12418292,1.23e-12,9.52e-12
AP1AR,-0.99093,1.16e-12,9.57e-12
CHURC1-FNTB///FNTB,0.8256136,1.16e-12,9.61e-12
SLC9A3R2,0.56545997,1.24e-12,9.62e-12
LDHD,0.8760336,1.17e-12,9.63e-12
MYZAP///GCOM1,0.82529947,1.24e-12,9.64e-12
DOCK11,-1.4461873,1.17e-12,9.65e-12
E2F8,-0.34271934,1.26e-12,9.72e-12
SULT1C4,1.7164895,1.18e-12,9.72e-12
EHD1,1.1506514,1.19e-12,9.79e-12
AGPAT2,0.38723566,1.27e-12,9.8e-12
CFAP46,-0.77335201,1.27e-12,9.8e-12
DENND2C,-1.3691714,1.19e-12,9.84e-12
AKR7A2P1,0.6451636,1.19e-12,9.84e-12
DCDC5,-0.95760923,1.27e-12,9.85e-12
ERCC4,-0.9441236,1.2e-12,9.85e-12
ELMSAN1,0.33825402,1.29e-12,9.96e-12
BAP1,0.6644105,1.22e-12,1e-11
METTL14,-1.0259132,1.22e-12,1e-11
TAB2,-0.9810573,1.22e-12,1.01e-11
ZNF672,0.6000736,1.22e-12,1.01e-11
VANGL1,-0.34566166,1.31e-12,1.01e-11
RACK1,0.8926727,1.24e-12,1.02e-11
NBPF3,-0.8669073,1.25e-12,1.02e-11
LOC107987020///LINC00537///LOC107987020,1.2961486,1.24e-12,1.02e-11
HNF4G,-0.53696781,1.33e-12,1.02e-11
FCF1,-0.8537945,1.24e-12,1.02e-11
DHX32,-0.9913618,1.25e-12,1.03e-11
ZXDC,0.5511959,1.26e-12,1.04e-11
ZNF225,-0.8008445,1.26e-12,1.04e-11
LRRC34,-0.61706696,1.35e-12,1.04e-11
SOCS4,-1.0861873,1.28e-12,1.05e-11
TFF3,1.1711914,1.28e-12,1.05e-11
HSPC324,1.0239927,1.28e-12,1.05e-11
SNORA10,1.3699882,1.28e-12,1.05e-11
EIF2B3,-0.9387468,1.28e-12,1.05e-11
PLOD3,0.38053557,1.36e-12,1.05e-11
TNKS,-1.0559773,1.28e-12,1.05e-11
CPSF4,0.8844459,1.3e-12,1.06e-11
EDC4,0.6831045,1.29e-12,1.06e-11
FNIP1,-1.0547927,1.31e-12,1.07e-11
ARID5B,-1.24737,1.3e-12,1.07e-11
FOLR1,1.8617355,1.31e-12,1.07e-11
SH3GL2,0.7039191,1.31e-12,1.07e-11
DHX38,-0.62551,1.33e-12,1.08e-11
THBS3,-0.46312021,1.41e-12,1.08e-11
IFITM1,1.9680064,1.34e-12,1.09e-11
ADCK5,0.637915,1.34e-12,1.09e-11
BRIP1,-0.45374383,1.42e-12,1.09e-11
ROR1,0.40933717,1.42e-12,1.09e-11
TTLL5,-0.39982639,1.42e-12,1.09e-11
NRDE2,-0.774995,1.34e-12,1.09e-11
GGT2///GGT8P///GGTLC2///GGT3P///GGT1,1.0121995,1.34e-12,1.09e-11
FSTL1,-1.2793627,1.33e-12,1.09e-11
MRPL4,0.7428868,1.36e-12,1.1e-11
HECW2,1.15330937,1.44e-12,1.1e-11
GPAT4,-0.9473623,1.35e-12,1.1e-11
ETHE1,1.4577636,1.37e-12,1.11e-11
CCDC84,0.7522064,1.37e-12,1.11e-11
UBL5,1.3707305,1.37e-12,1.11e-11
CCT5,-1.2934218,1.37e-12,1.11e-11
CCDC39,-1.12234561,1.45e-12,1.11e-11
C16ORF58,0.734735,1.36e-12,1.11e-11
ADH5///ADH5,-0.8670064,1.37e-12,1.12e-11
TMCO3,-0.6386964,1.37e-12,1.12e-11
ANO1,1.2550564,1.39e-12,1.12e-11
CCNJL,0.7843091,1.38e-12,1.12e-11
SNORD20,-2.1894423,1.39e-12,1.13e-11
BRI3BP,0.7120377,1.4e-12,1.13e-11
CMIP,0.7163632,1.4e-12,1.13e-11
CIITA,0.7627364,1.4e-12,1.13e-11
CCDC117,-0.6421341,1.39e-12,1.13e-11
GADD45A,-1.7393282,1.41e-12,1.14e-11
MTERF3,-0.9168509,1.41e-12,1.14e-11
RPLP0,1.5839391,1.41e-12,1.14e-11
SLC2A8,0.8504186,1.43e-12,1.15e-11
CFAP157,-1.21875043,1.51e-12,1.15e-11
C2,0.7195136,1.51e-12,1.15e-11
BBOF1,-1.00634284,1.52e-12,1.16e-11
HDAC10,0.6795486,1.45e-12,1.17e-11
GPATCH11,-0.8840859,1.45e-12,1.17e-11
PUDP,0.9504773,1.45e-12,1.17e-11
FHOD1,0.41218495,1.55e-12,1.18e-11
FNBP1L,-1.5704186,1.47e-12,1.19e-11
G3BP1,-1.00562,1.49e-12,1.2e-11
TMEM191B///TMEM191C///TMEM191A,0.9032559,1.49e-12,1.2e-11
CTSS,-1.2954109,1.5e-12,1.21e-11
MSL3,-0.9271745,1.51e-12,1.21e-11
SLC4A5,-0.73694116,1.6e-12,1.22e-11
FABP5P3///FABP5,0.47586784,1.61e-12,1.23e-11
VWA7,-0.40258221,1.62e-12,1.23e-11
ABCC3,-0.52609494,1.62e-12,1.23e-11
RUNX3,1.059185,1.53e-12,1.23e-11
NKTR,-1.3301636,1.53e-12,1.23e-11
ANKRD40,0.6786127,1.54e-12,1.24e-11
LOC150776///SMPD4,0.7027009,1.54e-12,1.24e-11
COLCA1,-0.59303271,1.63e-12,1.24e-11
RAB40C,0.7267845,1.56e-12,1.25e-11
FGD6,-1.5290177,1.56e-12,1.25e-11
PTK7,-0.31119903,1.66e-12,1.26e-11
FAM35A,-0.9204282,1.57e-12,1.26e-11
CC2D1B,0.6271695,1.6e-12,1.28e-11
TCEA2,1.0066627,1.61e-12,1.29e-11
PMPCB,-0.9297091,1.62e-12,1.3e-11
GORAB,-0.8933273,1.62e-12,1.3e-11
PRKCSH,0.6456918,1.63e-12,1.3e-11
MMP23A///MMP23B,0.8834945,1.63e-12,1.31e-11
HGF,-1.4034718,1.64e-12,1.31e-11
CCND1,-0.47102788,1.74e-12,1.32e-11
PREP,-0.7658318,1.65e-12,1.32e-11
SLC39A6,-0.8792077,1.66e-12,1.33e-11
JMJD1C,-1.3289041,1.67e-12,1.34e-11
NRGN,0.37266892,1.77e-12,1.34e-11
ZNF670,-1.4993782,1.69e-12,1.35e-11
RPL13AP20,1.1437841,1.69e-12,1.35e-11
LRTOMT,-0.62660765,1.78e-12,1.35e-11
CTSA,0.7008,1.68e-12,1.35e-11
SNORA68,1.9719991,1.71e-12,1.36e-11
RNF121,-0.6222982,1.7e-12,1.36e-11
SNORA33,-1.5278305,1.7e-12,1.36e-11
UQCRHL///UQCRH///UQCRHL///GNA13,-0.8964559,1.71e-12,1.36e-11
MRPL14,0.40527625,1.79e-12,1.36e-11
SPA17,-1.02132588,1.79e-12,1.36e-11
TAS2R13,-1.3778882,1.72e-12,1.37e-11
PPM1F,0.35661081,1.82e-12,1.38e-11
IGF1,-1.9659032,1.74e-12,1.39e-11
POC1B-GALNT4///GALNT4,-0.8309795,1.75e-12,1.4e-11
SF3B1,-1.1389555,1.77e-12,1.41e-11
SERAC1,-0.9322473,1.78e-12,1.42e-11
SEMA3B,1.1333732,1.78e-12,1.42e-11
RAB5B,0.8487714,1.79e-12,1.42e-11
DNAJC4,0.7236964,1.78e-12,1.42e-11
VBP1,-1.0083232,1.79e-12,1.42e-11
ZNF699,-1.06171,1.78e-12,1.42e-11
C1ORF54,-0.39732083,1.87e-12,1.42e-11
TMBIM1,0.9288591,1.79e-12,1.43e-11
FGD2,0.53334227,1.89e-12,1.43e-11
HIST1H4J///HIST1H4K///HIST1H4J///HIST1H4K,1.1500373,1.8e-12,1.43e-11
KLHL26,0.615835,1.81e-12,1.44e-11
PTPRT,-0.9532358,1.91e-12,1.44e-11
STXBP2,0.41384713,1.91e-12,1.44e-11
SH3BP1,0.6278536,1.82e-12,1.44e-11
ADARB2,0.6872009,1.83e-12,1.45e-11
PPARD,0.8866559,1.83e-12,1.45e-11
ZMIZ2,0.6181527,1.82e-12,1.45e-11
FAM214B,0.7644232,1.84e-12,1.46e-11
SEPT7,-0.8818041,1.84e-12,1.46e-11
TAF11,-0.5414827,1.85e-12,1.46e-11
SGPL1,-0.9905782,1.84e-12,1.46e-11
HCFC2,-1.0677636,1.86e-12,1.47e-11
SUMO4///SUMO2,0.9008695,1.85e-12,1.47e-11
ARHGEF17,0.7191109,1.87e-12,1.48e-11
DPP6,1.1826341,1.88e-12,1.49e-11
RPS25,1.6520673,1.9e-12,1.5e-11
UQCC1,-0.5665723,1.9e-12,1.5e-11
FANCD2,-0.8069068,1.9e-12,1.5e-11
TOMM5///FBXO10///TOMM5,0.8422273,1.91e-12,1.5e-11
RXRB,0.7528859,1.9e-12,1.5e-11
MIRLET7BHG,0.7184305,1.91e-12,1.5e-11
ZNF142,0.7083159,1.93e-12,1.52e-11
MINK1,0.7462009,1.93e-12,1.52e-11
CCDC81,-0.99053263,2.02e-12,1.52e-11
ACTA2,-0.62693249,2.03e-12,1.52e-11
MLPH,0.59676666,2.03e-12,1.52e-11
ANKFN1,-0.89051079,2.02e-12,1.52e-11
ACAT1,0.37773249,2.03e-12,1.52e-11
MFSD7,0.7793586,1.94e-12,1.53e-11
STOX1,-1.13322637,2.04e-12,1.53e-11
ARAP3,0.9296227,1.96e-12,1.54e-11
LTBP4,0.9918055,1.95e-12,1.54e-11
PSMD12,-0.8764232,1.96e-12,1.54e-11
DNAJC2,-1.049565,1.96e-12,1.54e-11
NDUFB9,1.1560336,1.96e-12,1.54e-11
RAB24,0.9381845,1.97e-12,1.55e-11
PIGZ,0.9018732,1.98e-12,1.55e-11
FNDC5,0.754235,1.98e-12,1.56e-11
NAA10,0.7719441,1.99e-12,1.56e-11
FHAD1,-0.90539189,2.09e-12,1.57e-11
PIK3C3,-1.0073318,2e-12,1.57e-11
PACS2,0.6645436,2.01e-12,1.58e-11
EDRF1,-1.0218395,2.03e-12,1.59e-11
SNORD4A,1.4825255,2.02e-12,1.59e-11
EPS15,-1.1212864,2.04e-12,1.6e-11
TMEM37,1.4297536,2.03e-12,1.6e-11
MARCH10,-0.77903803,2.14e-12,1.6e-11
FHOD3,-0.53757635,2.16e-12,1.61e-11
ARHGAP1,0.8874336,2.07e-12,1.62e-11
ZNF286B///ZNF286A,-0.896995,2.06e-12,1.62e-11
PCNX1,-1.1880591,2.06e-12,1.62e-11
CCDC60,-1.09820543,2.16e-12,1.62e-11
TYRP1,-0.54675531,2.16e-12,1.62e-11
HIST1H2BK///H2BFS///HIST1H2BO///HIST1H2BD,1.1081214,2.08e-12,1.63e-11
BAGE2,-0.8908773,2.09e-12,1.64e-11
HCCS,-0.75846,2.1e-12,1.64e-11
VILL,-0.36206596,2.2e-12,1.64e-11
GOLGA2,-0.6359318,2.11e-12,1.65e-11
GTF2IRD1,0.34157361,2.22e-12,1.65e-11
GGH,-1.3265218,2.11e-12,1.65e-11
GAMT,0.8001536,2.13e-12,1.66e-11
PIK3R5,0.432119,2.22e-12,1.66e-11
MYO5A,-1.3107914,2.13e-12,1.66e-11
UCP2,1.2627091,2.14e-12,1.67e-11
USP35,0.7350145,2.14e-12,1.67e-11
CD109,-1.2786786,2.14e-12,1.67e-11
PKN1,0.34736353,2.24e-12,1.67e-11
CBS,0.9318575,1.55e-14,1.67e-11
LAX1,-0.69353042,2.24e-12,1.67e-11
SYK,-0.9250859,2.16e-12,1.68e-11
LEFTY2,0.8394305,2.17e-12,1.69e-11
MEF2B///BORCS8///BORCS8-MEF2B,0.6987482,2.17e-12,1.69e-11
BID,0.6504277,2.17e-12,1.69e-11
TMEM212,-1.73915039,2.27e-12,1.69e-11
SNRNP200,-0.9709314,2.19e-12,1.71e-11
AKAP13,0.38435178,2.3e-12,1.71e-11
TMEM138,0.7422341,2.21e-12,1.72e-11
ZNF75D,-1.0574841,2.21e-12,1.72e-11
RIMKLA,0.36346615,2.32e-12,1.72e-11
EXOSC6,0.7767836,2.22e-12,1.73e-11
ST6GALNAC4,0.9451432,2.24e-12,1.74e-11
RYBP,0.35661606,2.34e-12,1.74e-11
NOL4L,0.8108355,2.24e-12,1.74e-11
SRBD1,-1.1387127,2.23e-12,1.74e-11
PTDSS2,0.6994082,2.23e-12,1.74e-11
SEC24C,-0.5904359,2.25e-12,1.75e-11
PIN1P1,0.6178968,2.25e-12,1.75e-11
ADRB2,0.35070281,2.37e-12,1.76e-11
CD34,1.4804382,2.27e-12,1.76e-11
PSMC3IP,-0.846945,2.29e-12,1.77e-11
HLA-DPB1,1.7599155,2.27e-12,1.77e-11
ITGA5,0.59799637,2.39e-12,1.77e-11
GLUD2///GLUD1,-0.8518555,2.29e-12,1.78e-11
OSTM1,-0.6815886,2.31e-12,1.79e-11
PLCG2,0.84475,2.31e-12,1.79e-11
ARHGEF4,0.8199114,2.34e-12,1.81e-11
PUS10,-1.4023305,2.33e-12,1.81e-11
BRF1,0.5810255,2.35e-12,1.82e-11
OSGIN2,0.38724893,2.46e-12,1.82e-11
MVB12B,1.0619355,2.35e-12,1.82e-11
EIF2S1,-1.3118323,2.36e-12,1.83e-11
HDAC5,0.5790582,2.39e-12,1.84e-11
LDLR,0.69456609,2.5e-12,1.85e-11
AGR3,-0.90413702,2.5e-12,1.85e-11
BAGE4,-0.9783923,2.4e-12,1.85e-11
SNX16,-1.3135518,2.4e-12,1.85e-11
MIS18A,-0.7540705,2.4e-12,1.86e-11
C3ORF67,-0.54080566,2.51e-12,1.86e-11
LETM1,0.30887405,2.51e-12,1.86e-11
SNORD44,-1.3065682,2.44e-12,1.88e-11
TRPV4,-0.6014845,2.54e-12,1.88e-11
TMEM255A,1.3253236,2.46e-12,1.89e-11
POP7,0.9405268,2.45e-12,1.89e-11
BPTF,-0.8966636,2.44e-12,1.89e-11
SRD5A2,-0.97823286,2.56e-12,1.89e-11
CD68,1.2655705,2.46e-12,1.9e-11
MSH3,-0.9800436,2.47e-12,1.9e-11
SGO2,-0.8098586,2.47e-12,1.9e-11
UFM1,-0.8714109,2.47e-12,1.91e-11
PCBD1,1.1722318,2.48e-12,1.91e-11
NOTUM,0.7571155,2.49e-12,1.92e-11
SPP1,-3.9608964,2.5e-12,1.92e-11
CPSF3L,0.7837814,2.51e-12,1.93e-11
TOE1,0.7535455,2.54e-12,1.95e-11
SUMO1,-0.8242468,2.55e-12,1.96e-11
THEMIS2,0.58210188,2.68e-12,1.97e-11
CSPG4P5,1.0580895,2.58e-12,1.98e-11
SREBF2,0.7039877,2.59e-12,1.99e-11
RHOC,1.1683618,2.61e-12,2e-11
RASSF1,0.8345945,2.62e-12,2.01e-11
CEP250,-0.6555705,2.64e-12,2.02e-11
BORCS7-ASMT///BORCS7,-1.1179036,2.63e-12,2.02e-11
ERGIC2,-0.8816727,2.64e-12,2.02e-11
TBC1D14,-0.6624173,2.65e-12,2.03e-11
GBA,0.9137514,2.64e-12,2.03e-11
SLC35B2,0.9969718,2.67e-12,2.05e-11
MT2A,0.95170441,2.81e-12,2.07e-11
REP15,0.47458506,2.81e-12,2.07e-11
UBE4B,-0.7951605,2.71e-12,2.07e-11
VGLL4,0.7595423,2.7e-12,2.07e-11
METTL15,-1.1224068,2.72e-12,2.08e-11
RUNX2,-0.46048378,2.84e-12,2.09e-11
MTMR9LP,0.6736545,2.74e-12,2.1e-11
MEOX1,-0.55866546,2.87e-12,2.11e-11
HSP90AB1,-0.9827973,2.77e-12,2.11e-11
CLSPN///CLSPN,-1.1960132,2.78e-12,2.12e-11
ZNF366,0.46627775,2.88e-12,2.12e-11
SNORD102,-1.5547373,2.79e-12,2.13e-11
CNOT9,0.5594768,2.79e-12,2.13e-11
MNT,0.5705759,2.81e-12,2.14e-11
MAML1///LTC4S,0.7325618,2.82e-12,2.15e-11
NFIC,0.8961141,2.84e-12,2.16e-11
PXMP4,1.4302891,2.83e-12,2.16e-11
SLC37A3,-0.7930568,2.85e-12,2.17e-11
SPTLC2,-0.9361186,2.85e-12,2.17e-11
SNTB1,0.34593827,2.96e-12,2.17e-11
FGA,1.22353018,2.95e-12,2.17e-11
TRPC3,0.53246506,2.97e-12,2.18e-11
TMUB1,0.817435,2.86e-12,2.18e-11
MPP5,-1.2597309,2.87e-12,2.18e-11
KPNA1,-0.9628059,2.88e-12,2.19e-11
CCM2L,0.8281305,2.88e-12,2.19e-11
LOC105379526///PTGER4P2-CDK2AP2P2,0.646645,2.89e-12,2.2e-11
CCDC74B///CCDC74A,-0.74077241,3.01e-12,2.21e-11
GJD3,0.7096659,2.91e-12,2.21e-11
PCNT,-0.5781791,2.92e-12,2.22e-11
ATP13A2,0.8105005,2.92e-12,2.22e-11
SMPD4,0.6770786,2.93e-12,2.22e-11
HIST1H4F,1.2805082,2.92e-12,2.22e-11
GDI2,-0.9778673,2.95e-12,2.24e-11
MIER2,0.3157013,3.06e-12,2.24e-11
HIF1AN,-0.7396032,2.99e-12,2.27e-11
AGRP,1.0071336,2.99e-12,2.27e-11
ARMCX4,-1.06792,3.02e-12,2.29e-11
WDR43,-1.4000936,3.03e-12,2.3e-11
MAP2K7,0.8217077,3.04e-12,2.3e-11
COMMD6,1.4528173,3.06e-12,2.31e-11
SNORD114-2,-2.9112168,3.06e-12,2.31e-11
NUPL2,-0.6801609,3.05e-12,2.31e-11
FERMT2,0.42739135,3.16e-12,2.31e-11
DNTTIP2,-1.4247827,3.08e-12,2.33e-11
SYNPO,0.6713332,3.1e-12,2.34e-11
KANK4,0.6757682,3.12e-12,2.36e-11
MAOB,-0.53441255,3.24e-12,2.37e-11
MIS12,-1.1892727,3.16e-12,2.39e-11
MGLL,0.9112073,3.17e-12,2.39e-11
FBXO27,0.7129223,3.19e-12,2.41e-11
SNORD116-13,1.7748245,3.23e-12,2.43e-11
USB1,0.7115864,3.23e-12,2.43e-11
SNORD1B,-1.3259514,3.23e-12,2.44e-11
EFCC1,0.8387995,3.25e-12,2.45e-11
TMEM107,-0.42482709,3.37e-12,2.46e-11
ZNF91,-1.4729136,3.33e-12,2.5e-11
NDUFA2,1.7955309,3.34e-12,2.51e-11
ZNF709,-1.3588123,3.33e-12,2.51e-11
ELK4,0.5728382,3.35e-12,2.52e-11
GOLGA8R///GOLGA8O///GOLGA8N///GOLGA8IP,-1.0895082,3.38e-12,2.54e-11
CDK2AP2,1.0186027,3.38e-12,2.54e-11
SERF1B///SERF1A,1.3021264,3.38e-12,2.54e-11
FAM216A,0.8388605,3.39e-12,2.54e-11
BRPF1,0.8279359,3.39e-12,2.55e-11
ARRDC1,0.8862277,3.4e-12,2.55e-11
SDK2,-0.32702092,3.5e-12,2.56e-11
ZBTB34,-0.9250264,3.43e-12,2.57e-11
CNPY4,-0.3443868,3.53e-12,2.58e-11
TEX264,0.6639977,3.44e-12,2.58e-11
BAG5,-0.8408582,3.44e-12,2.58e-11
CGGBP1,-0.7677623,3.48e-12,2.61e-11
MUT,0.345857,3.6e-12,2.62e-11
DNAJC24,-0.9281909,3.49e-12,2.62e-11
RPL18,1.0515636,3.51e-12,2.63e-11
RUNDC3B,-0.60351855,3.62e-12,2.64e-11
PARP9,-1.5702223,3.53e-12,2.64e-11
LRRC8D,-0.974875,3.54e-12,2.65e-11
SEMA6A,0.83665833,3.64e-12,2.65e-11
WDR73,-0.7903818,3.57e-12,2.67e-11
LIPT2,0.8662455,3.59e-12,2.69e-11
FAM98B,-0.999085,3.61e-12,2.7e-11
CYP27A1,1.3232141,3.62e-12,2.71e-11
MAPKAP1,-0.6431986,3.62e-12,2.71e-11
MRPL43,1.0413527,3.64e-12,2.72e-11
KRI1,-0.6412673,3.65e-12,2.72e-11
MIR22HG,0.49046207,3.74e-12,2.72e-11
EIF4G2,-0.9444045,3.65e-12,2.72e-11
MT1DP,0.60084179,3.75e-12,2.73e-11
SYDE1,1.0777064,3.66e-12,2.73e-11
CHURC1-FNTB///CHURC1,-0.8385073,3.66e-12,2.73e-11
RCBTB2,-0.9100768,3.67e-12,2.74e-11
YIPF2,0.8809832,3.69e-12,2.75e-11
CDK4,1.1945559,3.71e-12,2.77e-11
ZNF248,-1.01654,3.72e-12,2.77e-11
CDC23,-0.8681636,3.71e-12,2.77e-11
PTGIR,0.9676105,3.74e-12,2.79e-11
TTN,1.13010604,3.85e-12,2.8e-11
CTSO,-0.36200368,3.87e-12,2.8e-11
XXYLT1,0.5748482,3.79e-12,2.82e-11
TPT1-AS1,0.6679427,3.79e-12,2.82e-11
RPL7L1,-0.9527536,3.82e-12,2.84e-11
MIPEP,-1.1893368,3.82e-12,2.84e-11
SNORD15B,1.1850859,3.82e-12,2.84e-11
NT5DC1,-0.9990591,3.87e-12,2.88e-11
CR1L,0.3843858,4.01e-12,2.91e-11
FAM183A,-1.22687055,4.03e-12,2.92e-11
TBCB,1.033565,3.96e-12,2.94e-11
INTS7,-1.0057209,3.96e-12,2.94e-11
AMIGO1,0.7077032,3.98e-12,2.95e-11
CD8A,1.2943045,3.97e-12,2.95e-11
BORA,-0.8805864,3.98e-12,2.95e-11
TBC1D5,-0.7984714,3.98e-12,2.95e-11
IP6K1,0.5774995,3.99e-12,2.96e-11
SLC25A43,0.7006655,3.99e-12,2.96e-11
DOCK1,-0.9930336,4.01e-12,2.97e-11
FZD1,0.751595,4.01e-12,2.97e-11
ABCD1,0.8721977,4.02e-12,2.98e-11
KIR2DS2///KIR2DL5B///KIR3DL3///KIR2DL5A///KIR3DS1///KIR3DL2///KIR3DL1///KIR2DS5///KIR2DS4///KIR2DS3///KIR2DS1///KIR2DL4///KIR2DL3///KIR2DL2///KIR2DL1///KIR3DS1///KIR3DL2///KIR3DL1///KIR2DS5///KIR2DS3///KIR2DL1,1.0119359,4.05e-12,3e-11
MTND2P28,0.67405173,4.14e-12,3e-11
PLAGL1,0.7629005,4.08e-12,3.02e-11
CNRIP1,0.7556323,4.07e-12,3.02e-11
NFX1,-1.0015586,4.11e-12,3.04e-11
SNORD105,1.3998241,4.11e-12,3.04e-11
NBAS,-0.9228045,4.12e-12,3.05e-11
MGEA5,-0.8597886,4.15e-12,3.07e-11
PPP4R1,-1.0086505,4.16e-12,3.07e-11
C15ORF39,0.6207886,4.16e-12,3.07e-11
CAB39,-0.8000818,4.21e-12,3.11e-11
NUP62CL,-0.46633723,4.32e-12,3.13e-11
TMEM30B,1.0202773,4.24e-12,3.13e-11
DDT,0.43283301,4.32e-12,3.13e-11
SLC25A13,-0.8037677,4.23e-12,3.13e-11
CKB,1.2067823,4.26e-12,3.14e-11
ADAM23,-0.55105812,4.34e-12,3.14e-11
TBX4,1.2862986,4.26e-12,3.14e-11
ZNF566,-1.1480191,4.26e-12,3.14e-11
TRMT1L,-0.43243604,4.37e-12,3.15e-11
ARPC4-TTLL3///ARPC4,0.8813223,4.29e-12,3.16e-11
KLHL35,0.6656136,4.28e-12,3.16e-11
ADAM28,-0.89670752,4.37e-12,3.16e-11
BHLHB9///BHLHB9,-0.31309084,4.41e-12,3.18e-11
STK10,0.3965801,4.43e-12,3.19e-11
INPP5E,0.7605836,4.33e-12,3.19e-11
POLR2L,1.2785018,4.35e-12,3.2e-11
DPP9,0.7396132,4.35e-12,3.21e-11
CHD7,-0.9527268,4.38e-12,3.22e-11
GIMAP8,0.54870327,4.5e-12,3.24e-11
SPRYD7,0.35182544,4.51e-12,3.24e-11
SLC30A5,-0.6131209,4.41e-12,3.25e-11
ANKRD54,0.6649414,4.44e-12,3.27e-11
SLC12A2,-1.1054986,4.46e-12,3.28e-11
CABLES2,0.6843486,4.48e-12,3.29e-11
TNS3,0.38848576,4.59e-12,3.29e-11
NCOA4,-1.1000682,4.48e-12,3.29e-11
CLN5,0.6695914,4.5e-12,3.3e-11
MIDN,1.0978827,4.49e-12,3.3e-11
PBDC1,-1.0805814,4.49e-12,3.3e-11
GIPC2,-0.53230522,4.6e-12,3.3e-11
NDUFA7,0.97259,4.52e-12,3.32e-11
MCM4,-0.48788028,4.66e-12,3.34e-11
ACR,0.39807649,4.69e-12,3.36e-11
RAMP2-AS1,0.8769636,4.59e-12,3.36e-11
BRINP1,0.56457637,4.7e-12,3.36e-11
SLC51B,1.1955182,4.58e-12,3.36e-11
CLHC1,-1.7923541,4.57e-12,3.36e-11
GLIPR2,1.2212955,4.58e-12,3.36e-11
PCF11,-1.0253559,4.6e-12,3.37e-11
ZNF197,-0.9139914,4.68e-12,3.42e-11
DKC1,-1.1554014,4.67e-12,3.42e-11
SLC1A3,-1.5909318,4.68e-12,3.42e-11
RPUSD3,0.8641914,4.67e-12,3.42e-11
TRAPPC5,0.9145291,4.69e-12,3.43e-11
ERVK11-1///GSTM2,1.09862,4.7e-12,3.44e-11
PIM2,-0.79096923,4.83e-12,3.45e-11
XPOT,-0.8516814,4.71e-12,3.45e-11
C3ORF36,0.54402169,4.82e-12,3.45e-11
TEX10,-0.9812936,4.74e-12,3.47e-11
SKAP2,-1.0418441,4.75e-12,3.47e-11
MFSD10,1.0390777,4.78e-12,3.49e-11
AMD1,-1.2719432,4.78e-12,3.49e-11
NATD1,0.7535891,4.78e-12,3.49e-11
TPX2,-0.9770259,4.83e-12,3.52e-11
BCAT1,-1.8281532,4.83e-12,3.52e-11
POU2F3,0.5965282,4.83e-12,3.53e-11
ZNF227,-0.7631645,4.85e-12,3.54e-11
EPS8L2,0.8834473,4.85e-12,3.54e-11
RS1,1.3738525,4.1e-14,3.58e-11
HIST2H2AB///HIST2H2AB,1.2735582,4.91e-12,3.58e-11
ZFP82,-1.1785159,4.93e-12,3.59e-11
DMXL2,-1.1499305,4.93e-12,3.59e-11
CD4,-0.49762937,5.11e-12,3.64e-11
GAS2L1,0.6901182,5.02e-12,3.65e-11
FBXO32,-1.5268159,5.01e-12,3.65e-11
RPS10-NUDT3///RPS10,1.3540295,5.05e-12,3.67e-11
PKD1P6-NPIPP1///NPIPA8///NPIPA7///NPIPA5///NPIPB5///NPIPA2///NPIPA3///NPIPB4///PKD1P1///PDXDC2P///NPIPB3///NPIPA1///NPIPB5///NPIPB4///NPIPB3,0.6633132,5.04e-12,3.67e-11
TWIST1,-0.30015481,5.14e-12,3.67e-11
EPOR,0.9629468,5.05e-12,3.67e-11
WDR66,-1.14529517,5.17e-12,3.68e-11
TMSB10,1.5142191,5.08e-12,3.69e-11
MAP3K8,0.47895457,5.19e-12,3.69e-11
CDK14,-0.37400447,5.2e-12,3.7e-11
TSTD2,-0.9357068,5.13e-12,3.72e-11
ARMCX1,-0.9464564,5.14e-12,3.73e-11
HNRNPA1,-1.3236336,5.25e-12,3.8e-11
BFAR,0.44464642,5.37e-12,3.81e-11
FKBP10,1.1587409,5.26e-12,3.81e-11
AXIN1,0.614895,5.32e-12,3.85e-11
KDF1,0.7053445,5.33e-12,3.85e-11
PATL1,0.6318373,5.33e-12,3.85e-11
GBP6,-0.75663278,5.44e-12,3.86e-11
KATNBL1P6///KATNBL1,-0.6966227,5.35e-12,3.87e-11
SPACA9,-0.59547843,5.47e-12,3.88e-11
BCL2L2-PABPN1///PABPN1,0.6142959,5.39e-12,3.89e-11
ORAI1,0.8895136,5.38e-12,3.89e-11
FOXRED1,0.8589327,5.42e-12,3.91e-11
TPSB2///TPSD1///TPSAB1,1.598235,5.45e-12,3.94e-11
GPR75-ASB3///ASB3,-0.8459827,5.47e-12,3.95e-11
BLID,-1.1202759,5.48e-12,3.96e-11
RPS6KA6,-0.58053829,5.64e-12,3.99e-11
MIR205HG///MIR205///MIR205HG,-0.67679279,5.65e-12,4e-11
MGA,-0.9986655,5.6e-12,4.04e-11
ACVR1,-0.5983132,5.62e-12,4.05e-11
C11ORF70,-1.10117421,5.72e-12,4.05e-11
FZD8,1.1919541,5.68e-12,4.1e-11
PDK2,1.1090364,5.72e-12,4.12e-11
AOX1,-2.1038932,5.75e-12,4.14e-11
METAP1,-0.8850864,5.77e-12,4.15e-11
GGTLC2,0.34649657,5.88e-12,4.15e-11
CUEDC1,0.7389445,5.78e-12,4.16e-11
XPO6,0.32788625,5.92e-12,4.17e-11
ZMYND10,-0.90310062,5.93e-12,4.17e-11
F11,0.85852571,5.93e-12,4.17e-11
TREM2,1.40554,5.81e-12,4.18e-11
MAK16,-1.3259955,5.82e-12,4.18e-11
GGT7,0.7280086,5.87e-12,4.22e-11
PLK4,-1.0575609,5.89e-12,4.23e-11
MYCBPAP,-0.59295368,6.05e-12,4.25e-11
CSNK2A2,0.6087336,5.93e-12,4.26e-11
PROS1,-1.5299318,5.95e-12,4.27e-11
TNFRSF1A,0.8558323,6e-12,4.31e-11
AVPI1,1.3756973,6.03e-12,4.33e-11
MSI2,-0.61409108,6.17e-12,4.33e-11
SLX1B-SULT1A4///SLX1A-SULT1A3///SLX1A///SULT1A4///SLX1B///SULT1A3///SULT1A1///SULT1A2,0.8560655,6.03e-12,4.33e-11
NKIRAS2,0.7529114,6.05e-12,4.34e-11
HLA-C///HLA-B///HLA-B,0.7756091,6.09e-12,4.36e-11
KIF6,-0.66129921,6.23e-12,4.37e-11
LRP5L,0.6952509,6.12e-12,4.39e-11
DOK1,0.7678195,6.17e-12,4.42e-11
PTGES3L-AARSD1///PTGES3L///AARSD1,-0.6315573,6.21e-12,4.45e-11
CALHM2,0.6239095,6.25e-12,4.47e-11
CYP51A1,0.57634904,6.37e-12,4.47e-11
PSMD3,0.7043673,6.25e-12,4.47e-11
USP22,0.5876332,6.28e-12,4.5e-11
MORN5,-1.15804548,6.5e-12,4.55e-11
ZNF518B,-1.0317659,6.35e-12,4.55e-11
MRPS31,-0.6777545,6.37e-12,4.56e-11
KMT2B,0.5223318,6.38e-12,4.57e-11
SNAP47,0.6536264,6.42e-12,4.59e-11
PRR12,0.7181791,6.43e-12,4.59e-11
TRAF3,-0.83461,5.5e-14,4.6e-11
ZNF496///ZNF496,0.5227036,6.49e-12,4.63e-11
CORO1A,1.4075773,6.5e-12,4.64e-11
BCKDHA,0.9751445,6.5e-12,4.64e-11
PIK3C2B,0.9456891,6.53e-12,4.65e-11
IKBKAP,-1.1352368,6.52e-12,4.65e-11
ARL2-SNX15///SNX15,0.7826141,6.55e-12,4.67e-11
SSNA1,1.0929455,6.56e-12,4.68e-11
PLXNA4,-0.48817348,6.74e-12,4.72e-11
SNHG1///SNORD26,-1.1296855,6.65e-12,4.73e-11
C10ORF12,-1.0778227,6.66e-12,4.74e-11
APLP1,0.647145,6.66e-12,4.74e-11
C2ORF68,0.6053832,6.72e-12,4.78e-11
ZNF574,0.5932068,6.72e-12,4.78e-11
MEGF6,0.7002159,6.74e-12,4.8e-11
E2F6,-0.9840655,6.75e-12,4.8e-11
IPO5,-1.1362832,6.77e-12,4.81e-11
DLEU2,-0.6280459,6.88e-12,4.81e-11
APBB3,0.9229823,6.8e-12,4.83e-11
CXCL16,1.0015091,6.8e-12,4.83e-11
TFRC,-1.6459214,6.8e-12,4.84e-11
C7ORF57,-0.8703392,6.94e-12,4.85e-11
MRPL20,1.2819686,6.84e-12,4.86e-11
SLC25A19,0.9331305,6.88e-12,4.88e-11
HID1,0.9897082,6.92e-12,4.9e-11
LYPLAL1,-1.0482068,6.92e-12,4.9e-11
ZYX,0.8740382,6.9e-12,4.9e-11
MED21,0.8111127,6.94e-12,4.92e-11
DOCK10,-1.5346418,7.03e-12,4.98e-11
LONRF3,0.6469261,7.17e-12,5.01e-11
SNORA61///SNHG12,1.4209836,7.11e-12,5.04e-11
ATAD5,-1.07961,7.17e-12,5.07e-11
SMARCA2,-0.9114114,7.17e-12,5.07e-11
ASB12,0.6120664,7.17e-12,5.07e-11
CCDC148,-0.65372433,7.35e-12,5.13e-11
MAP3K4,-1.04737,7.28e-12,5.14e-11
PLEKHB2,-1.0159195,7.27e-12,5.14e-11
ALPP,1.20789,6.27e-14,5.14e-11
SLC35B1,0.8942209,7.32e-12,5.17e-11
EFHB,-1.31019314,7.41e-12,5.17e-11
CFDP1,-0.6649482,7.33e-12,5.18e-11
SRPX2,0.68474671,7.44e-12,5.18e-11
NF1,-1.1149109,7.36e-12,5.19e-11
LENG9,0.6906132,7.35e-12,5.19e-11
SLMO2-ATP5E///ATP5E,1.0230418,7.35e-12,5.19e-11
PLCL2,-0.9648555,7.35e-12,5.19e-11
MBD4,-0.7980777,7.37e-12,5.2e-11
CAND2,0.5569118,7.37e-12,5.2e-11
ZNF654,-1.2697005,7.38e-12,5.2e-11
ADGRE5,1.0798132,7.43e-12,5.23e-11
ANKHD1-EIF4EBP3///ANKHD1///EIF4EBP3///ANKHD1-EIF4EBP3///ANKHD1///EIF4EBP3,-0.7817818,7.44e-12,5.24e-11
CYB5R4,-0.6961132,7.45e-12,5.24e-11
HSD17B10,0.35108341,7.54e-12,5.25e-11
SPOCK3,-0.82727227,7.55e-12,5.25e-11
AHNAK2,-0.66937155,7.59e-12,5.27e-11
MGC72080///OR7E5P///DAPL1///OR7E14P,0.7380014,7.49e-12,5.27e-11
TEN1-CDK3///TEN1,0.7628655,7.54e-12,5.3e-11
EPT1,-0.9299568,7.54e-12,5.3e-11
CTSD,0.9492455,7.56e-12,5.32e-11
NUBPL,-0.8124864,7.58e-12,5.33e-11
SNHG1///SNORD22,-0.9915459,7.59e-12,5.33e-11
TBC1D25,0.6633895,7.6e-12,5.34e-11
USP12,-0.8820368,7.62e-12,5.35e-11
POP4,0.9766445,7.65e-12,5.37e-11
ZNF605,-0.8442127,7.65e-12,5.37e-11
AP1S3,-0.31985546,7.74e-12,5.38e-11
TMEM161A,1.0005459,7.68e-12,5.39e-11
EDNRA,-0.56119621,7.79e-12,5.41e-11
HNRNPLL,-0.6842668,7.75e-12,5.44e-11
SNORA4///EIF4A2,-1.0427964,7.76e-12,5.44e-11
PARD3,-0.7961441,7.76e-12,5.44e-11
STX17,-0.9718045,7.8e-12,5.47e-11
RADIL,0.7352545,7.84e-12,5.49e-11
LY6G5B,0.8957,7.85e-12,5.5e-11
RBM17,-0.7994064,7.86e-12,5.5e-11
FOXB1,0.8238759,7.89e-12,5.53e-11
RALB,-0.8057241,7.93e-12,5.55e-11
HLA-C///HLA-B///HLA-C///HLA-B,0.7107591,7.93e-12,5.55e-11
EML4///ALK,-1.1113591,7.97e-12,5.57e-11
UBTD1,0.7881132,8.09e-12,5.65e-11
SNORD77,-2.0572114,8.12e-12,5.67e-11
LOC554223,0.8482945,8.11e-12,5.67e-11
COIL,-1.0829959,8.13e-12,5.68e-11
C4ORF22,-0.90036662,8.2e-12,5.68e-11
ZNF292,-1.3246509,8.17e-12,5.7e-11
ASCC2,0.7827159,8.17e-12,5.7e-11
ANKEF1,-1.0861123,8.17e-12,5.7e-11
SEPW1,-0.32035853,8.25e-12,5.71e-11
GCHFR,0.8338755,8.21e-12,5.72e-11
PCP4L1,0.7078091,8.22e-12,5.73e-11
C19ORF54,0.7879286,8.21e-12,5.73e-11
CASP5,0.69261365,8.31e-12,5.74e-11
TMEM246,0.8544014,8.26e-12,5.76e-11
ETV5,1.5181114,8.39e-12,5.84e-11
ZFAND5,-1.1066545,8.38e-12,5.84e-11
ZNF148,-0.9764459,8.43e-12,5.87e-11
GTF2H2C_2///GTF2H2C///GTF2H2B///GTF2H2,-1.0871427,8.48e-12,5.9e-11
VAT1,0.9206659,8.47e-12,5.9e-11
ZNF846,-1.1690073,8.5e-12,5.91e-11
ORMDL1,-0.5781086,8.5e-12,5.91e-11
CYCS,-0.9150877,8.55e-12,5.94e-11
RNF103-CHMP3///CHMP3,-0.7969564,8.57e-12,5.96e-11
EBAG9,0.6790318,8.63e-12,6e-11
FBXL7,0.6762909,8.63e-12,6e-11
IRF9,1.0534568,8.65e-12,6.01e-11
SIDT1,-0.58780212,8.72e-12,6.03e-11
CASC4,-0.6356164,8.68e-12,6.03e-11
STK32A,-0.47252397,8.74e-12,6.04e-11
GLIS2,0.7355264,8.76e-12,6.08e-11
TMEM184B,0.7674218,8.84e-12,6.13e-11
FMOD,1.1440941,8.84e-12,6.13e-11
AUTS2,0.6357355,8.84e-12,6.13e-11
HLA-F///HLA-B,0.9336277,8.86e-12,6.14e-11
GRAMD2,1.4288395,8.87e-12,6.15e-11
STARD4,0.62455119,8.94e-12,6.17e-11
KCNMB2,-0.40317193,8.95e-12,6.17e-11
MGST1,1.25243,8.91e-12,6.17e-11
METTL23,0.8009332,8.96e-12,6.21e-11
ZBTB8OS,0.827275,8.97e-12,6.21e-11
DLG3,-0.8191377,8.96e-12,6.21e-11
USP13,0.49671707,9.03e-12,6.23e-11
ZNF486,-0.43646245,9.05e-12,6.23e-11
RAD54B,-0.33221567,9.04e-12,6.23e-11
IFI35,1.1661936,9.01e-12,6.24e-11
ZDHHC12,0.9783314,9.05e-12,6.26e-11
MAP3K15,0.8928536,9.04e-12,6.26e-11
FAM208B,-1.3785514,9.07e-12,6.27e-11
ZBTB4,0.8593914,9.12e-12,6.31e-11
UPRT,-0.6740386,9.13e-12,6.32e-11
IQGAP1,-1.1908036,9.14e-12,6.32e-11
LDLRAD1,-0.95427302,9.19e-12,6.33e-11
RNF11,-0.6914168,9.17e-12,6.34e-11
NICN1,0.6716805,9.21e-12,6.36e-11
ZNF669,-0.5868814,9.23e-12,6.38e-11
ZNRF3,0.8312559,9.28e-12,6.41e-11
CST7,1.1305823,9.28e-12,6.41e-11
SLC29A1,0.8198423,9.31e-12,6.42e-11
ABHD5,0.39387925,9.35e-12,6.43e-11
ADARB1,0.49943964,9.38e-12,6.44e-11
UBR3,-1.0430336,9.33e-12,6.44e-11
CXORF57,-1.2162564,9.47e-12,6.53e-11
SORBS3,0.6957673,9.48e-12,6.53e-11
DTWD2,-0.34563764,9.56e-12,6.57e-11
GARNL3,-0.33200601,9.59e-12,6.58e-11
CTAGE8///CTAGE4///CTAGE11P///CTAGE9///CTAGE15///CTAGE6,-1.3596959,9.57e-12,6.59e-11
OSGIN1,0.5322118,9.63e-12,6.63e-11
PTHLH,-0.30827466,9.68e-12,6.64e-11
CCL5,1.6986755,9.66e-12,6.65e-11
CUL2,-0.9312595,9.73e-12,6.69e-11
CPD,-1.1854027,9.75e-12,6.7e-11
NAB2,0.70871,9.75e-12,6.7e-11
TRIM47,0.7376691,9.78e-12,6.72e-11
TTYH2,0.8340645,9.78e-12,6.72e-11
TRIT1,-1.0036618,9.82e-12,6.74e-11
OCEL1,0.7181523,9.83e-12,6.75e-11
GUCD1,0.872305,9.84e-12,6.76e-11
ZNF219,0.7587414,9.86e-12,6.77e-11
C9ORF24,-0.80551634,9.9e-12,6.79e-11
TRMT112,1.1938645,9.92e-12,6.81e-11
HLA-H///HLA-F///HLA-E///HLA-B///HLA-A///HLA-A,0.41146672,1e-11,6.86e-11
GATAD2B,0.758905,1e-11,6.87e-11
CFL1,0.7966409,1e-11,6.88e-11
PLXNA3,0.6305082,1.01e-11,6.92e-11
LRP5,0.8733605,1.01e-11,6.95e-11
SNORA80E,1.6195614,1.01e-11,6.95e-11
CCDC114,-0.74301847,1.02e-11,6.95e-11
FLJ42258,0.6128768,1.02e-11,6.95e-11
ATF7IP2,-0.45533005,1.02e-11,7e-11
RET,-0.9455775,9.74e-14,7.01e-11
TMEM87A,0.36195627,1.03e-11,7.05e-11
DRG2,0.6125818,1.03e-11,7.06e-11
RGS9BP,0.7488764,1.03e-11,7.07e-11
PMS2,-0.7316345,1.04e-11,7.13e-11
GGT2///GGT8P///GGTLC1///GGTLC2///GGT3P///GGT1,0.887875,1.05e-11,7.17e-11
GSTM4,1.1660418,1.05e-11,7.17e-11
WDR19,-1.4499755,1.05e-11,7.18e-11
STAP1,-0.57025797,1.06e-11,7.2e-11
GLDN,1.06293014,1.06e-11,7.2e-11
UBE2I,0.5195523,1.06e-11,7.23e-11
ARID5A,1.3683368,1.06e-11,7.24e-11
CXORF40A,0.5606527,1.06e-11,7.25e-11
DSCR3,0.34570569,1.06e-11,7.25e-11
ZNF76,0.6140095,1.07e-11,7.3e-11
TNN,-0.48755803,1.08e-11,7.33e-11
STAB1,0.53717812,1.08e-11,7.34e-11
MTTP,-0.31697067,1.08e-11,7.35e-11
UPP1,0.40069352,1.08e-11,7.36e-11
RNF212,0.7827473,1.08e-11,7.4e-11
SLC2A4RG,0.7492186,1.09e-11,7.41e-11
IL17RE,0.9455891,1.09e-11,7.44e-11
PDE4A,0.6520168,1.09e-11,7.45e-11
CCNL1,-1.2569255,1.1e-11,7.49e-11
RTTN,-0.8919045,1.1e-11,7.5e-11
GRK5,0.58020769,1.11e-11,7.51e-11
NAA30,-0.6931645,1.1e-11,7.52e-11
REV1,-0.9960014,1.11e-11,7.54e-11
ADGRA2,1.0339405,1.11e-11,7.54e-11
ZC3H12C,-1.0802991,1.11e-11,7.56e-11
FABP6,-0.73515542,1.12e-11,7.57e-11
UBE2NL,0.6742205,1.11e-11,7.58e-11
ORAI2,1.1312573,1.12e-11,7.64e-11
PARN,-0.8118341,1.13e-11,7.66e-11
ANXA5,-0.7220818,1.13e-11,7.71e-11
PQLC1,0.74792,1.15e-11,7.82e-11
DPH3,-0.9617482,1.15e-11,7.84e-11
HMGCR,0.57219125,1.16e-11,7.85e-11
FBXO6,0.6771018,1.15e-11,7.85e-11
FGL1,0.36629374,1.16e-11,7.86e-11
ZKSCAN5,-0.7079186,1.16e-11,7.88e-11
ST3GAL3,0.6076373,1.16e-11,7.89e-11
GTF3C5,0.5633223,1.16e-11,7.9e-11
ADPGK,0.32601005,1.17e-11,7.91e-11
ADCY2,-0.34950089,1.17e-11,7.92e-11
H1F0,1.0116286,1.17e-11,7.92e-11
ZNF678,-1.0287341,1.17e-11,7.92e-11
PPP3CA,-0.80328,1.18e-11,7.98e-11
LOC554206,0.7719945,1.18e-11,8e-11
PIGK,-0.7690345,1.18e-11,8.01e-11
TPMT,-1.0013341,1.18e-11,8.02e-11
PRMT8,-0.43375421,1.19e-11,8.04e-11
ARPC2,0.6859364,1.19e-11,8.05e-11
NPR3,0.87891071,1.2e-11,8.09e-11
C11ORF84,0.5739705,1.19e-11,8.09e-11
SCAMP2,0.9009236,1.19e-11,8.09e-11
CSPG4,0.47558728,1.2e-11,8.11e-11
PNPLA4,0.9414023,1.2e-11,8.13e-11
ENOX2,-0.8911123,1.2e-11,8.14e-11
FAM47E-STBD1///FAM47E,-0.88691727,1.21e-11,8.15e-11
PPP2R5A,0.41692242,1.22e-11,8.19e-11
ARC,0.7669195,1.21e-11,8.22e-11
PIH1D2,-1.13350123,1.22e-11,8.23e-11
TTLL9,-0.83813892,1.23e-11,8.25e-11
POLL,0.5917845,1.22e-11,8.26e-11
NPRL2,0.71409,1.22e-11,8.26e-11
GATA5,0.6090636,1.22e-11,8.26e-11
HENMT1,-0.8103927,1.22e-11,8.26e-11
SERPINF1///SERPINF1,-0.60393446,1.24e-11,8.3e-11
LOC202181,-0.8443345,1.23e-11,8.33e-11
EXTL2,-0.8952005,1.23e-11,8.34e-11
ZUFSP,-0.9450609,1.24e-11,8.35e-11
CASK,-0.8893941,1.24e-11,8.35e-11
IGF1R,-0.9480405,1.24e-11,8.35e-11
TMEM150B,0.8506591,1.24e-11,8.39e-11
RNASE8,0.5795827,1.25e-11,8.44e-11
CENPE,-1.0884532,1.25e-11,8.44e-11
HMGCS2,1.9180636,1.25e-11,8.46e-11
ANAPC1P1///LOC285074///ANAPC1,-0.8145636,1.26e-11,8.48e-11
YY1AP1,0.6047359,1.26e-11,8.49e-11
PLA2G4A,-1.1163827,1.26e-11,8.49e-11
EMP2,1.7519318,1.26e-11,8.52e-11
LRGUK,-0.86183018,1.27e-11,8.52e-11
DNASE2,0.8915491,1.28e-11,8.6e-11
SRGAP2D///SRGAP2C///SRGAP2B///SRGAP2,0.30233305,1.29e-11,8.63e-11
ANKRD45,-0.77988003,1.29e-11,8.63e-11
NOP9,-0.6483832,1.28e-11,8.63e-11
RWDD1,0.6270505,1.28e-11,8.64e-11
CCNC,-0.750685,1.29e-11,8.65e-11
GNLY,1.6548936,1.29e-11,8.68e-11
BTBD1,-0.5950318,1.29e-11,8.68e-11
TRIB3,0.5852305,1.3e-11,8.74e-11
SLC26A2,0.35622935,1.31e-11,8.77e-11
STEAP2,-0.61775686,1.31e-11,8.78e-11
DNAH2,-0.93928088,1.31e-11,8.78e-11
ZNF71,0.5079223,1.32e-11,8.89e-11
PCBD2,-0.6188527,1.32e-11,8.89e-11
IL7R,1.07935234,1.33e-11,8.9e-11
MRPS36,1.2117055,1.33e-11,8.95e-11
LOC100506730,1.0641732,1.33e-11,8.95e-11
HERC3,0.43211671,1.35e-11,8.98e-11
APPL1,-0.7929727,1.34e-11,8.99e-11
PCDH1,0.34538066,1.35e-11,9.01e-11
MAL2,1.0374409,1.35e-11,9.04e-11
LYST,-1.1494391,1.35e-11,9.05e-11
CHTF8,0.8561777,1.35e-11,9.06e-11
TSPAN15,1.3604582,1.35e-11,9.07e-11
RIBC2,-0.70333867,1.36e-11,9.08e-11
SLC22A23,-0.47677577,1.37e-11,9.1e-11
BHMT2,-0.7789745,1.36e-11,9.11e-11
BCL6B,1.1357414,1.36e-11,9.12e-11
RAB7B,-1.6993425,1.36e-13,9.13e-11
UBE2MP1,-1.0821473,1.36e-11,9.13e-11
ISYNA1,-0.35388644,1.38e-11,9.18e-11
OASL,1.1789486,1.38e-11,9.21e-11
SLC16A4,-0.42710444,1.39e-11,9.25e-11
CX3CL1,1.2105623,1.4e-11,9.36e-11
TJP2,0.31399998,1.42e-11,9.44e-11
SLC16A1,-1.174445,1.42e-11,9.47e-11
HNRNPCL3///HNRNPCL2///HNRNPCL1///HNRNPC,-0.6033,1.42e-11,9.48e-11
HDAC11,0.7563114,1.42e-11,9.52e-11
MAP1S,0.7257627,1.43e-11,9.55e-11
ZNF84,-0.8771114,1.44e-11,9.63e-11
SCRN1,-0.9287505,1.44e-11,9.63e-11
LMF2,1.0037495,1.44e-11,9.63e-11
MRPL42,-1.0164409,1.44e-11,9.63e-11
SIGLEC14,0.44021075,1.45e-11,9.65e-11
HUS1B,-0.5713841,1.45e-11,9.7e-11
CASC2,-0.48832607,1.48e-11,9.78e-11
THNSL1,-0.39841779,1.48e-11,9.79e-11
LILRA6,0.7524236,1.48e-11,9.87e-11
C1QTNF5///MFRP,1.0824314,1.48e-11,9.87e-11
DLGAP1-AS1,-0.38834848,1.5e-11,9.9e-11
MYO16,-0.41584584,1.5e-11,9.94e-11
DHCR24,0.52040953,1.52e-11,1e-10
DAPP1,-0.54193272,1.54e-11,1.01e-10
PCDHB14,-0.61831424,1.53e-11,1.01e-10
C6ORF106,0.6201159,1.52e-11,1.01e-10
RASL12,0.78898,1.52e-11,1.01e-10
UBA7,0.9235064,1.51e-11,1.01e-10
ZNF655,-0.5804282,1.51e-11,1.01e-10
ATXN2L,0.5473636,1.52e-11,1.01e-10
ADGRL1,0.8219214,1.53e-11,1.02e-10
PDIA4,-0.7668027,1.53e-11,1.02e-10
SYNJ1,-0.9120332,1.53e-11,1.02e-10
PI4KAP1///PI4KAP2///HIC2///PI4KA,0.7107405,1.53e-11,1.02e-10
ZNRD1,1.4337427,1.54e-11,1.02e-10
ULK4,-0.62870897,1.56e-11,1.03e-10
SON,-1.0646982,1.55e-11,1.03e-10
LYL1,0.5885836,1.57e-11,1.04e-10
PRRC2A,0.6574736,1.57e-11,1.04e-10
CDKL2,0.632392,1.58e-11,1.04e-10
PEX1,-0.8250964,1.56e-11,1.04e-10
CXORF23,-1.1529205,1.57e-11,1.04e-10
SLK,-1.2562523,1.59e-11,1.05e-10
GCNT4,-0.48272643,1.6e-11,1.06e-10
ARF1,0.7671273,1.6e-11,1.06e-10
FAM227B,-0.44906908,1.63e-11,1.07e-10
TMEM254,1.1393441,1.62e-11,1.08e-10
TUBB6,0.8734177,1.62e-11,1.08e-10
RGS9,1.5887341,1.62e-11,1.08e-10
TMEM198B///TMEM198B,0.6875318,1.63e-11,1.08e-10
LRRC27,-0.34682158,1.64e-11,1.08e-10
MLF1,-0.68959015,1.64e-11,1.08e-10
ARAP2,-1.2133691,1.65e-11,1.09e-10
KIAA2013,0.7431877,1.65e-11,1.09e-10
RAB3A,0.9178273,1.64e-11,1.09e-10
HMBS,0.8890032,1.64e-11,1.09e-10
EIF5,-1.0056805,1.67e-11,1.1e-10
ZNF501,-0.8067114,1.66e-11,1.1e-10
TCF20,-0.5721145,1.66e-11,1.1e-10
SH3YL1,-0.7777755,1.67e-11,1.1e-10
LY75-CD302///CD302,0.49448048,1.68e-11,1.1e-10
TNFRSF12A,1.7289145,1.66e-11,1.1e-10
UQCR10,1.2937245,1.68e-11,1.11e-10
REEP3,-1.2195064,1.67e-11,1.11e-10
EED,-0.6652032,1.7e-11,1.12e-10
TMEM201,0.5582323,1.69e-11,1.12e-10
HNF1B,1.3241236,1.69e-11,1.12e-10
RAMP3,1.2917123,1.7e-11,1.12e-10
TIPRL,-0.6129659,1.7e-11,1.12e-10
FAM167B,1.2400618,1.69e-11,1.12e-10
ACRBP,0.5868877,1.69e-11,1.12e-10
EIF1AD,0.7800091,1.71e-11,1.13e-10
LZTFL1,-0.46259723,1.73e-11,1.13e-10
FXYD3,1.6218736,1.71e-11,1.13e-10
IGSF3,0.7797305,1.73e-11,1.14e-10
LONP2,-0.7264809,1.73e-11,1.14e-10
CD3D,1.386985,1.72e-11,1.14e-10
HSPA12B,0.8003232,1.73e-11,1.14e-10
CD300C,0.9097132,1.75e-11,1.15e-10
MINOS1,-0.9247836,1.75e-11,1.15e-10
FCER1G,1.3679036,1.74e-11,1.15e-10
VAMP5,0.8404773,1.75e-11,1.15e-10
ZNF334,-1.1964323,1.76e-11,1.16e-10
RALGDS,0.9973395,1.77e-11,1.16e-10
HELZ,-0.9496159,1.78e-11,1.17e-10
NCBP1,-0.8049595,1.78e-11,1.17e-10
UIMC1,-0.6664273,1.78e-11,1.17e-10
ARL6IP4,0.65516,1.8e-11,1.18e-10
NUPR2,0.6239764,1.8e-11,1.18e-10
PSMC2,-0.8308095,1.79e-11,1.18e-10
SF3A2,0.6226368,1.79e-11,1.18e-10
DTD2,0.9398655,1.81e-11,1.19e-10
ELOF1,0.7443168,1.81e-11,1.19e-10
KDM3A,-1.0741591,1.81e-11,1.19e-10
CHCHD5,0.7645864,1.8e-11,1.19e-10
CTDSP2,0.4880364,1.81e-11,1.19e-10
DLEC1,-1.09708264,1.84e-11,1.2e-10
EEF1AKMT1,-0.953925,1.83e-11,1.2e-10
PKN3,0.35877521,1.84e-11,1.2e-10
FRMPD2,-0.99587635,1.84e-11,1.2e-10
PSMG3,0.9996741,1.84e-11,1.2e-10
SAMD5,0.45450951,1.86e-11,1.21e-10
ERN2,-0.76881364,1.85e-11,1.21e-10
THSD4,-0.46978914,1.88e-11,1.22e-10
FAIM,-1.0603664,1.85e-11,1.22e-10
METTL21B,0.6089327,1.87e-11,1.22e-10
FHDC1,0.68936185,1.87e-11,1.22e-10
RBP2,1.1347218,1.87e-11,1.23e-10
GSTP1///GSTP1,1.4651086,1.87e-11,1.23e-10
C5ORF51,-0.7358091,1.89e-11,1.24e-10
LRRC70,-1.1673564,1.89e-11,1.24e-10
HAS2,-1.20632047,1.9e-11,1.24e-10
FLT4,1.0484868,1.89e-11,1.24e-10
TTC27,-0.8513386,1.9e-11,1.25e-10
SVBP,1.4103555,1.91e-11,1.25e-10
RGS19,0.7032936,1.91e-11,1.25e-10
NOS3,0.6927427,1.91e-11,1.25e-10
WDR18,0.9495605,1.91e-11,1.25e-10
GNG7,1.0095955,1.92e-11,1.26e-10
HLA-DPA1,0.8431909,1.93e-11,1.26e-10
NSD1,-0.830885,1.95e-11,1.27e-10
ZNF106,-1.3774936,1.95e-11,1.28e-10
CDH26,-0.7129032,1.98e-11,1.29e-10
RBMX2,-0.6651836,1.98e-11,1.29e-10
FAM111B,-1.3832427,1.98e-11,1.29e-10
NAE1,-0.7942982,1.97e-11,1.29e-10
TRMT2A,0.6379468,2e-11,1.3e-10
GAL3ST4,-0.32030056,2e-11,1.3e-10
LIFR,0.67615099,2.01e-11,1.3e-10
HSD17B6,1.00812112,2.01e-11,1.3e-10
ZFP36L1,0.8441609,2.01e-11,1.31e-10
LOC728554///THOC3,-1.1701741,2.03e-11,1.32e-10
RAET1G,0.5164205,2.03e-11,1.32e-10
FBXO36,-0.54322105,2.03e-11,1.32e-10
FXYD1,1.2135518,2.03e-11,1.32e-10
TRIM5,-0.9481391,2.02e-11,1.32e-10
SLC38A2,-1.0045818,2.02e-11,1.32e-10
SDCCAG8,-0.9370859,2.04e-11,1.33e-10
BOLA2-SMG1P6///SMG1P3///SMG1P1///SMG1P5///BOLA2///SMG1P2///SMG1,-0.9044636,2.04e-11,1.33e-10
ZNF12,-0.9300227,2.07e-11,1.35e-10
CACNA2D2,1.01735183,2.08e-11,1.35e-10
TMEM80,1.0406905,2.07e-11,1.35e-10
PAPOLG,-0.8960991,2.08e-11,1.35e-10
ALKBH5,0.7258168,2.08e-11,1.36e-10
VNN1,0.85868436,2.13e-11,1.38e-10
SCNN1A,0.53575202,2.15e-11,1.39e-10
CSPG5,0.49517602,2.14e-11,1.39e-10
ZNF625-ZNF20,-1.1024768,2.16e-11,1.4e-10
CFAP36,-1.0596991,2.16e-11,1.4e-10
SELENBP1,1.4434609,2.16e-11,1.4e-10
ABCA13,-1.35016117,2.16e-11,1.4e-10
NFKBID,0.7525927,2.15e-11,1.4e-10
NRN1,1.5146241,2.17e-11,1.41e-10
TMEM60,0.9993182,2.18e-11,1.42e-10
CEP72,0.4386373,2.18e-11,1.42e-10
SLC6A4,2.00603701,2.21e-11,1.42e-10
DYX1C1-CCPG1///DYX1C1,-0.58193262,2.19e-11,1.42e-10
PLXNB2,-0.3265512,2.2e-11,1.42e-10
LMNTD1,-0.82111082,2.22e-11,1.43e-10
CCDC53,0.9577932,2.21e-11,1.43e-10
SGSM1,0.7788668,2.21e-11,1.43e-10
ZNF551,-0.7620023,2.22e-11,1.44e-10
PDLIM4,-0.35306796,2.24e-11,1.44e-10
PHOSPHO2-KLHL23///PHOSPHO2///KLHL23,-0.9381573,2.23e-11,1.45e-10
FAM200B,-1.0218545,2.23e-11,1.45e-10
ARHGAP44,1.045055,2.23e-11,1.45e-10
CFHR3,-0.36709399,2.26e-11,1.45e-10
RNF44,0.6833736,2.27e-11,1.47e-10
EYA1,-0.94861836,2.28e-11,1.47e-10
C9ORF142,0.9652805,2.29e-11,1.48e-10
HSF4,0.6177023,2.28e-11,1.48e-10
LINC01560,-0.8178382,2.29e-11,1.48e-10
NMNAT3,0.68556,2.29e-11,1.48e-10
AP2B1,-0.8449255,2.32e-11,1.5e-10
ZFR,-0.88718,2.32e-11,1.5e-10
PMF1-BGLAP///BGLAP,0.5898855,2.32e-11,1.5e-10
DHX40,-0.7916764,2.35e-11,1.51e-10
TSPAN18,1.3950786,2.34e-11,1.51e-10
SEC11A///SEC11A,-0.6707564,2.33e-11,1.51e-10
AAMDC,1.0197682,2.34e-11,1.51e-10
CTAGE8///CTAGE4///CTAGE11P///CTAGE9///CTAGE15///CTAGE6///CTAGE1///CTAGE5,-1.1666836,2.35e-11,1.52e-10
CCDC86,0.7877709,2.36e-11,1.52e-10
CSF1,0.8823427,2.35e-11,1.52e-10
ARRDC4,-1.1470755,2.38e-11,1.53e-10
VKORC1L1,-0.7519141,2.37e-11,1.53e-10
ELL,0.7319177,2.37e-11,1.53e-10
DGCR14,0.5161373,2.37e-11,1.53e-10
NDE1,0.72319,2.37e-11,1.53e-10
WHAMMP1///WHAMMP2///WHAMMP3///WHAMM,-0.5990418,2.37e-11,1.53e-10
KCNQ1,0.7148164,2.39e-11,1.54e-10
WDR41,-0.6647777,2.4e-11,1.54e-10
ANKRD20A8P///ANKRD20A4///ANKRD20A2///ANKRD20A3///ANKRD20A5P///ANKRD20A1,-1.5501314,2.39e-11,1.54e-10
SNX21,0.63998,2.4e-11,1.55e-10
LYRM2///ZC3H11A,-1.3339005,2.41e-11,1.55e-10
SNORD8,-1.13943,2.43e-11,1.56e-10
LOC100499484///CCDC180///LOC100499484-C9ORF174,-0.53930355,2.42e-11,1.56e-10
IMMP2L,-0.928235,2.42e-11,1.56e-10
ELFN1,0.9539136,2.43e-11,1.56e-10
ANKRD17,-0.8949995,2.43e-11,1.56e-10
PDRG1,0.8230895,2.45e-11,1.57e-10
BRIX1,-0.9794682,2.47e-11,1.58e-10
S1PR4,0.7108986,2.46e-11,1.58e-10
LOC285812,1.2665875,2.83e-13,1.59e-10
DIXDC1,-0.44708191,2.47e-11,1.59e-10
POMGNT2,0.8917432,2.47e-11,1.59e-10
BRPF3,0.5471486,2.49e-11,1.6e-10
C9ORF172,0.784765,2.49e-11,1.6e-10
TMEM8A,0.9146436,2.52e-11,1.61e-10
R3HDM2,0.5826795,2.51e-11,1.61e-10
DNPH1,1.2945177,2.53e-11,1.62e-10
APOBEC3A_B///APOBEC3A,0.47104079,2.53e-11,1.63e-10
SNORD56///NOP56,-0.9754809,2.56e-11,1.64e-10
TMED10P1,0.6443714,2.56e-11,1.64e-10
FAM83H,0.6788945,2.56e-11,1.64e-10
SAMM50,0.8707177,2.58e-11,1.65e-10
EXOC7,0.7076668,2.59e-11,1.65e-10
RTN4IP1,-0.9672532,2.58e-11,1.65e-10
PRR14L,-0.8191359,2.6e-11,1.66e-10
NFKBIB,0.7930777,2.59e-11,1.66e-10
MYO7B,0.6381673,2.6e-11,1.67e-10
ZNF215,-2.2326309,2.61e-11,1.67e-10
ANXA3,0.87266396,2.6e-11,1.67e-10
CD300LF,0.9699686,2.63e-11,1.68e-10
METTL2B,-0.7362141,2.64e-11,1.69e-10
ZBED3,0.6559914,2.64e-11,1.69e-10
MIRLET7F1,-1.5520209,2.66e-11,1.7e-10
RING1,0.7638018,2.67e-11,1.7e-10
ZNF718///ZNF595,-1.1368455,2.68e-11,1.71e-10
KCNA3,-0.5757313,2.71e-11,1.73e-10
LRRC23,-0.86038501,2.7e-11,1.73e-10
SCN4B,0.9979945,2.72e-11,1.73e-10
CEP68,-0.40218998,2.72e-11,1.74e-10
B3GALNT1,0.57354708,2.73e-11,1.74e-10
NCOA3,0.33498163,2.74e-11,1.75e-10
HIST1H3A,1.2421405,2.75e-11,1.75e-10
UBR7,-0.865925,2.75e-11,1.75e-10
CEP112,-0.9538568,2.75e-11,1.75e-10
JOSD2,0.7365536,2.74e-11,1.75e-10
ZNF546,-1.1565105,2.75e-11,1.75e-10
KIF4A,-0.4190664,2.76e-11,1.76e-10
BCAS1,-0.76065834,2.75e-11,1.76e-10
TNFRSF1B,0.9285105,2.77e-11,1.76e-10
CHKB-CPT1B///CPT1B///CHKB,0.7033059,2.76e-11,1.76e-10
POLR3F,-0.7178541,2.78e-11,1.77e-10
PDGFRL,-0.75002652,2.78e-11,1.77e-10
RAB36,-0.57461707,2.79e-11,1.77e-10
THAP6,-0.7332877,2.78e-11,1.77e-10
KIDINS220,-1.2814818,2.79e-11,1.77e-10
MTUS1,-1.1870432,2.8e-11,1.78e-10
LGALS1,1.4126405,2.8e-11,1.78e-10
TMEM94,0.6418586,2.82e-11,1.79e-10
GNAZ,0.7736605,2.84e-11,1.8e-10
GEMIN6,-0.6836605,2.84e-11,1.8e-10
NT5DC2,0.9496932,2.86e-11,1.81e-10
LOC107987457///PPP1R18,0.7398882,2.86e-11,1.81e-10
ZNF662,-0.5375818,2.86e-11,1.82e-10
PKD1P6-NPIPP1///NPIPA8///NPIPA7///NPIPA5///NPIPA2///NPIPA3///PKD1P1///NPIPA1,0.7004259,2.88e-11,1.83e-10
HOXA7,0.9030005,2.89e-11,1.83e-10
WASF3,0.3837675,2.89e-11,1.84e-10
TEX2,0.30440967,2.91e-11,1.85e-10
CDK2,0.79559,2.91e-11,1.85e-10
TBCK,-0.35796718,2.92e-11,1.86e-10
ZNF503,0.9860855,2.94e-11,1.86e-10
TAPBPL,1.1004977,2.94e-11,1.86e-10
SLC25A33,0.39945881,2.94e-11,1.87e-10
ZNF287,-0.7484009,2.96e-11,1.88e-10
NUDT4P1///NUDT4P2///NUDT4,-0.33433738,2.96e-11,1.88e-10
METTL22,0.6059977,2.97e-11,1.88e-10
ZC3H6,-1.0983568,2.96e-11,1.88e-10
TBC1D31,-0.7938864,2.97e-11,1.88e-10
SLC10A3,0.6829727,2.99e-11,1.89e-10
ZNF175,-1.076515,3e-11,1.9e-10
WDR47,-0.7645905,3.01e-11,1.9e-10
P4HTM,-0.36352735,3.01e-11,1.91e-10
ZNF404,-1.0566032,3.04e-11,1.92e-10
C17ORF75,-0.9026991,3.04e-11,1.92e-10
ZBED8,-0.53767883,3.04e-11,1.93e-10
ZNF214,-0.53534154,3.07e-11,1.95e-10
HIST1H1C,1.1546905,3.08e-11,1.95e-10
PPP1R16A,0.6698432,3.11e-11,1.96e-10
CCAR1,-0.7053255,3.12e-11,1.97e-10
ALS2CL,0.7740014,3.11e-11,1.97e-10
APBA3,0.6781123,3.14e-11,1.98e-10
LYPD5,0.73201,3.15e-11,1.99e-10
PARP8,-0.9818373,3.15e-11,1.99e-10
SLC19A2,0.77997756,3.15e-11,1.99e-10
IGF2R,0.31488319,3.14e-11,1.99e-10
RNF145,-0.8487495,3.16e-11,1.99e-10
TAF1C,0.776195,3.17e-11,2e-10
RNU5A-1,1.8613041,3.2e-11,2.01e-10
C1ORF43///C1ORF43,0.31911605,3.18e-11,2.01e-10
KIAA1804,0.42357277,3.19e-11,2.02e-10
LARP4,-1.1317386,3.21e-11,2.02e-10
ZNF844,-1.2990423,3.22e-11,2.03e-10
PPIL6,-1.04456792,3.21e-11,2.03e-10
KDM3B,-0.7826918,3.23e-11,2.03e-10
CHMP2A,0.8020041,3.25e-11,2.04e-10
NPHP3-ACAD11///NPHP3,-0.7601627,3.29e-11,2.07e-10
NDUFA3,1.2443432,3.29e-11,2.07e-10
RUNX1,-1.0281375,3.85e-13,2.07e-10
MOB2,0.5427705,3.34e-11,2.1e-10
NLK,0.7537682,3.36e-11,2.11e-10
SOCS7,0.5038155,3.37e-11,2.11e-10
SMYD5,0.6250686,3.37e-11,2.12e-10
SIDT2,0.94854,3.38e-11,2.12e-10
ADAL,-0.9084214,3.38e-11,2.12e-10
COPE,1.0869223,3.39e-11,2.13e-10
TTC29,-0.94313167,3.38e-11,2.13e-10
MEGF8,-0.6849782,3.4e-11,2.13e-10
TRIB1,1.3210341,3.44e-11,2.15e-10
DLGAP5,-1.2596291,3.42e-11,2.15e-10
TRAF3IP1,-1.1980591,3.42e-11,2.15e-10
CYP2J2,-0.75610604,3.42e-11,2.15e-10
HLA-C///HLA-B///HLA-A///HLA-B///HLA-A,0.7176045,3.44e-11,2.16e-10
LFNG,1.0997718,3.45e-11,2.16e-10
PEX26,0.4872932,3.44e-11,2.16e-10
ARCN1,-0.785135,3.46e-11,2.17e-10
UBL3,-0.7607973,3.47e-11,2.17e-10
MTMR4,0.32791569,3.46e-11,2.18e-10
COX4I2,1.0547914,3.5e-11,2.19e-10
ITGB5,0.7738455,3.52e-11,2.2e-10
SLC2A3,0.63421777,3.52e-11,2.21e-10
GMFB,-1.060985,3.53e-11,2.21e-10
ITGA3,1.0856641,3.54e-11,2.22e-10
MXD4,0.99949,3.55e-11,2.22e-10
ITPR1,-1.1667536,3.55e-11,2.22e-10
ANOS1,1.451625,3.57e-11,2.23e-10
IQCK,-0.53863224,3.56e-11,2.24e-10
BCKDHB,-0.6966586,3.6e-11,2.25e-10
CFAP45,-0.91014746,3.61e-11,2.27e-10
C1ORF56,0.72692,3.66e-11,2.28e-10
PLCL1,-1.1168732,3.65e-11,2.28e-10
DPM3,0.7926023,3.67e-11,2.29e-10
CNN2,0.31856187,3.67e-11,2.3e-10
RAB11FIP1,0.43613991,3.66e-11,2.3e-10
PLD3,0.8896391,3.69e-11,2.3e-10
RN7SL2///RN7SL1,0.6673227,3.72e-11,2.32e-10
KBTBD2,-0.8320177,3.72e-11,2.32e-10
KLHL20,-0.7804623,3.74e-11,2.33e-10
DYNLRB2,-0.71424087,3.71e-11,2.33e-10
CREG1,0.6594677,3.76e-11,2.34e-10
PLCH2,-0.34035495,3.76e-11,2.35e-10
CLCA2,-1.20730204,3.76e-11,2.35e-10
HN1L,-0.50007181,3.75e-11,2.35e-10
OGFR,0.30849244,3.76e-11,2.35e-10
PYROXD2,-0.38021573,3.78e-11,2.36e-10
CNST,-0.9643723,3.82e-11,2.38e-10
DGKA,-0.41308598,3.8e-11,2.38e-10
TCEAL1,-0.9684064,3.84e-11,2.39e-10
CCL22,-0.57515355,3.84e-11,2.4e-10
ZNF627///ZNF627,-0.9392241,3.86e-11,2.4e-10
TXNRD2,0.6577714,3.88e-11,2.41e-10
CAST,-0.87523,3.9e-11,2.42e-10
TMEM234,0.7749441,3.89e-11,2.42e-10
UBXN2B,-1.0836118,3.91e-11,2.43e-10
ADAMTS2,0.47189165,3.92e-11,2.44e-10
PIDD1,0.6022868,3.95e-11,2.45e-10
KIAA1109,-1.2363123,3.95e-11,2.46e-10
CFAP65,-0.65850529,3.95e-11,2.46e-10
NPIPB9///NPIPB5///NPIPB6///PDXDC2P///NPIPB3///NPIPB5///NPIPB4///NPIPB3,0.7700923,3.96e-11,2.46e-10
FLJ11710,-0.9490255,3.98e-11,2.47e-10
MIR4435-2HG///LINC00152,1.248965,3.97e-11,2.47e-10
TDG,-0.9037882,3.99e-11,2.48e-10
PARK2,0.645135,3.99e-11,2.48e-10
ZNF221,-1.0249895,4.01e-11,2.49e-10
SNORD43,0.44013092,4.04e-11,2.51e-10
RFTN2,-0.67392404,4.04e-11,2.51e-10
PPP4R4,0.63427422,4.05e-11,2.51e-10
B3GNT7,0.8579364,4.07e-11,2.52e-10
DHX29,-1.11603,4.06e-11,2.52e-10
HCAR1,-0.73256494,4.06e-11,2.52e-10
FBXW7,-1.2678623,4.09e-11,2.53e-10
PAF1,-0.3845659,4.08e-11,2.53e-10
FLYWCH2,0.7000941,4.1e-11,2.54e-10
PRICKLE3,0.5625723,4.12e-11,2.55e-10
ATE1,-0.7219977,4.14e-11,2.56e-10
PLD2,0.6502632,4.14e-11,2.56e-10
RASGRP1,-0.69338497,4.14e-11,2.56e-10
LAMA5,0.32517788,4.13e-11,2.56e-10
ALOX15,-1.37558337,4.12e-11,2.56e-10
BRI3,1.0603864,4.15e-11,2.56e-10
QSER1,-0.9672068,4.13e-11,2.56e-10
BCO2,-0.61121397,4.14e-11,2.57e-10
NCMAP,0.6477568,4.17e-11,2.58e-10
ERC1,-0.8306868,4.2e-11,2.59e-10
TINAGL1,0.35970713,4.2e-11,2.6e-10
USP36,0.31268405,4.2e-11,2.6e-10
HSD3B7,0.7138841,4.21e-11,2.6e-10
ZNF189,-0.9247091,4.22e-11,2.61e-10
HEYL,0.43500028,4.22e-11,2.61e-10
ABO,0.9326545,4.25e-11,2.62e-10
YWHAG,0.7060964,4.25e-11,2.62e-10
TP73,-0.44378907,4.24e-11,2.62e-10
GPN3,0.40724972,4.27e-11,2.64e-10
LINC00656,0.7125468,4.27e-11,2.64e-10
ANAPC1,-0.955735,4.29e-11,2.65e-10
AK8,-0.67005218,4.31e-11,2.66e-10
FAM13B,-0.7909123,4.34e-11,2.67e-10
TOR2A,0.6661436,4.33e-11,2.67e-10
TBC1D17,0.667195,4.33e-11,2.67e-10
NAGK,0.8953623,4.34e-11,2.67e-10
TESK1,0.6633841,4.34e-11,2.68e-10
C14ORF119,0.9050977,4.36e-11,2.69e-10
NKIRAS1,-0.7312527,4.39e-11,2.7e-10
MEG3,-0.58878114,4.37e-11,2.7e-10
PLEKHA8,-0.6970614,4.39e-11,2.7e-10
FGD3,0.6608777,4.41e-11,2.71e-10
ZNF107,-0.7603973,4.4e-11,2.71e-10
RASGRP3,-0.58606818,4.39e-11,2.71e-10
TPD52L2,0.61299,4.44e-11,2.73e-10
KCNMB1,-0.49914116,4.44e-11,2.74e-10
EDEM2,0.7913495,4.45e-11,2.74e-10
ZNF860,-0.94058,4.47e-11,2.74e-10
SPATA7,-0.39193737,4.49e-11,2.76e-10
GPR174,-0.84277597,4.48e-11,2.76e-10
JAG2,0.6890236,4.54e-11,2.78e-10
RYR3,-0.32921606,4.51e-11,2.78e-10
SLC39A7,-0.7829045,4.53e-11,2.78e-10
GAL3ST1,0.6642245,4.57e-11,2.8e-10
KIF18A,-1.0612818,4.62e-11,2.83e-10
CYTH1,0.4877777,4.61e-11,2.83e-10
NES,0.52919644,4.64e-11,2.85e-10
CNOT3,0.5113377,4.7e-11,2.88e-10
ZSWIM3,0.6873341,4.72e-11,2.89e-10
DDX39A,0.32913793,4.69e-11,2.89e-10
SETD1B,0.4972214,4.73e-11,2.89e-10
ACTB,0.4788773,4.72e-11,2.89e-10
RNASE3,0.43336389,4.73e-11,2.91e-10
SV2B,-0.41442454,4.75e-11,2.92e-10
ADH7,-1.05962522,4.77e-11,2.92e-10
SMIM10L2B,0.6719641,4.77e-11,2.92e-10
DCP2,-0.6338527,4.78e-11,2.92e-10
FBXO30,-0.7699809,4.77e-11,2.92e-10
AHSA1,-0.8780632,4.77e-11,2.92e-10
DNAJB13,-0.6068699,4.75e-11,2.92e-10
AIMP2///EIF2AK1,0.31855549,4.78e-11,2.93e-10
GIPC3,0.89878,4.81e-11,2.94e-10
GALNT3,-1.2908205,4.81e-11,2.94e-10
DYRK1B,0.6484986,4.85e-11,2.96e-10
CTPS1,0.48336658,4.84e-11,2.96e-10
TPCN1,0.7441686,4.87e-11,2.98e-10
DCBLD2,-0.8019073,4.89e-11,2.98e-10
CYP27C1,-0.29485065,4.92e-11,3.01e-10
MCTP1,-1.2659445,4.95e-11,3.02e-10
LOC100132686,-1.3283268,4.95e-11,3.02e-10
NFYC,0.4719877,4.96e-11,3.03e-10
TTC22,0.6440432,4.98e-11,3.03e-10
SCGB2B2,0.802625,4.96e-11,3.03e-10
DPP8,-0.8361532,5.01e-11,3.05e-10
CD58,0.7282627,5.03e-11,3.06e-10
PODXL,1.0619109,5.02e-11,3.06e-10
XIAP,-0.6854018,5.02e-11,3.06e-10
RNASEH2C,0.9415191,5.06e-11,3.08e-10
SYCP2L,0.32796566,5.04e-11,3.08e-10
PALM,0.5914859,5.07e-11,3.08e-10
SCCPDH,-0.39528453,5.04e-11,3.08e-10
HECTD2,-0.39145124,5.05e-11,3.08e-10
URB1,-1.0777459,5.08e-11,3.09e-10
OBSCN,0.4498873,5.1e-11,3.1e-10
MINA,-0.8541695,5.13e-11,3.12e-10
BCL2L1,0.37329977,5.14e-11,3.14e-10
SULF2,-0.51182834,5.16e-11,3.14e-10
FMN1,0.60423816,5.16e-11,3.14e-10
UBE2W,-1.2183477,5.21e-11,3.17e-10
PTK2,-0.5870373,5.21e-11,3.17e-10
CTTN,-0.8218341,5.22e-11,3.17e-10
PSMB5,0.390449,5.24e-11,3.19e-10
NFIB,-0.40270627,5.24e-11,3.19e-10
TTC9,-0.35789028,5.28e-11,3.21e-10
ZNF720,-0.6106909,5.29e-11,3.21e-10
LINC00839,0.6164286,5.33e-11,3.24e-10
SELK,0.8333077,5.33e-11,3.24e-10
TTC26,-0.791751,5.32e-11,3.24e-10
PIR-FIGF///FIGF,1.2699059,5.34e-11,3.25e-10
MCM9,-0.7637805,5.39e-11,3.27e-10
ASH1L,-0.8959655,5.41e-11,3.28e-10
CD1D,0.556405,5.42e-11,3.28e-10
IQCH,-0.57374177,5.46e-11,3.31e-10
C3ORF70,-0.36825744,5.46e-11,3.31e-10
THAP9,-0.8502295,5.46e-11,3.31e-10
KIAA0101,-1.2662918,5.46e-11,3.31e-10
KLF7,0.9811145,5.47e-11,3.31e-10
TSGA13///COPG2,-0.6464891,5.48e-11,3.32e-10
TMEM156,-0.72148171,5.49e-11,3.33e-10
ADAMTS16,-0.4575079,5.5e-11,3.33e-10
TEKT2,-0.98023594,5.52e-11,3.35e-10
LPL,0.7899801,5.54e-11,3.36e-10
SNORD116-29,1.0414123,5.55e-11,3.36e-10
CLSTN3,-0.35346834,5.56e-11,3.36e-10
UBE2E2,1.1169868,5.58e-11,3.37e-10
LRBA,-1.1788577,5.59e-11,3.38e-10
CPE,-0.72755826,5.61e-11,3.39e-10
AQP1///AQP1,0.47735512,5.64e-11,3.4e-10
HS6ST1,1.0639073,5.64e-11,3.41e-10
DHODH,0.33351741,5.65e-11,3.41e-10
KNL1,-0.8765809,5.64e-11,3.41e-10
CCDC3,-0.52511355,5.67e-11,3.42e-10
CA5B,-0.35299061,5.67e-11,3.42e-10
FAM13A,-1.1605786,5.67e-11,3.43e-10
PIGM,0.6887591,5.68e-11,3.43e-10
TEX12,-0.843945,5.68e-11,3.43e-10
IFT43,-0.38702208,5.7e-11,3.43e-10
GGT6,-0.39659212,5.7e-11,3.43e-10
SH3GLB1,-0.7661427,5.73e-11,3.46e-10
E2F3,-0.8713255,5.76e-11,3.47e-10
TST,1.3282577,5.74e-11,3.47e-10
ATP6V0D1,1.0635341,5.75e-11,3.47e-10
SBNO2,0.44030238,5.77e-11,3.47e-10
HLA-DOA,1.0912068,5.75e-11,3.47e-10
ZNF33B,-1.2160264,5.81e-11,3.5e-10
ALOX15B,0.95586255,5.83e-11,3.5e-10
RPH3AL,0.5544845,5.8e-11,3.5e-10
AMDHD2,0.6121382,5.8e-11,3.5e-10
FKBP14,-0.9381273,5.83e-11,3.51e-10
CDKAL1,-0.6452814,5.86e-11,3.53e-10
CHST10,0.7949959,5.86e-11,3.53e-10
PPP2R2A,-0.6582777,5.87e-11,3.53e-10
RIMBP3,0.6400118,5.88e-11,3.54e-10
IDE,-0.8967745,5.95e-11,3.58e-10
SMDT1,1.1707045,5.95e-11,3.58e-10
ZBTB11-AS1,0.6408559,5.98e-11,3.59e-10
USHBP1,0.5816236,5.97e-11,3.59e-10
ADAM17,-1.0960709,5.99e-11,3.6e-10
CNNM3,0.8101727,6e-11,3.6e-10
LMO4,-0.7958055,6.01e-11,3.61e-10
STX16-NPEPL1///STX16,-0.534015,6.02e-11,3.61e-10
BAGE3,-0.8229955,6.02e-11,3.62e-10
PCYOX1L,0.4958236,6.05e-11,3.63e-10
HMGB3,-0.5337367,6.07e-11,3.64e-10
HLX,0.38060981,6.08e-11,3.64e-10
PYCRL///PYCRL,0.6231414,6.06e-11,3.64e-10
FFAR4,1.9711459,6.06e-11,3.64e-10
STIL,-0.36819188,6.07e-11,3.64e-10
MET,-1.6954232,6.06e-11,3.64e-10
LOC729737///LINC01002,0.41548855,6.1e-11,3.66e-10
DMRTA1,0.5820377,6.12e-11,3.67e-10
RAC2,1.0923759,6.15e-11,3.68e-10
ITPRIPL2,0.36884832,6.16e-11,3.69e-10
TNNC1,1.7682536,6.2e-11,3.71e-10
C9ORF72,-1.1392255,6.23e-11,3.73e-10
EGFLAM,-0.3924377,6.24e-11,3.73e-10
ARPC1A,-0.4821945,6.24e-11,3.74e-10
GSTT2B///GSTT2,1.2537859,6.26e-11,3.75e-10
PLAA,-0.5922955,6.27e-11,3.75e-10
ATG101,0.33747574,6.28e-11,3.76e-10
NOVA2,0.6203627,6.3e-11,3.77e-10
UNK,0.6272255,6.31e-11,3.78e-10
ZNF816,-1.0425655,6.31e-11,3.78e-10
HMMR,-0.8847732,6.32e-11,3.78e-10
PCGF5,-0.8417314,6.35e-11,3.79e-10
ERP44,-0.5667695,6.37e-11,3.8e-10
MAPKAPK3,0.8329082,6.37e-11,3.8e-10
HOXB2,1.086755,6.38e-11,3.81e-10
FAM135A,-1.0073759,6.42e-11,3.83e-10
AFF4,-1.0380009,6.41e-11,3.83e-10
PTK2B,0.3049919,6.45e-11,3.85e-10
KRT14,-0.47989978,6.46e-11,3.86e-10
KIAA1324,-1.2424746,6.48e-11,3.87e-10
GARS,-0.9108405,6.53e-11,3.89e-10
KIAA0196,-1.0138714,6.53e-11,3.89e-10
DDX54,0.4958782,6.52e-11,3.89e-10
TET3,0.31739458,6.53e-11,3.89e-10
LAMP3,0.8428449,6.57e-11,3.91e-10
MMP24,0.7909155,6.57e-11,3.91e-10
GPC1,0.6656909,6.58e-11,3.92e-10
CLEC3B,1.1044464,6.58e-11,3.92e-10
MYLK,-0.9641045,6.58e-11,3.92e-10
C14ORF2///C14ORF2,1.2105955,6.61e-11,3.94e-10
TMEM68,-0.3954099,6.62e-11,3.95e-10
MMAA,-0.7845109,6.66e-11,3.96e-10
ZNF154,-0.49416198,6.69e-11,3.98e-10
LOC401472,0.66347,6.69e-11,3.98e-10
BMP2K,-0.3636111,6.71e-11,3.99e-10
DNAI2,-0.80892492,6.72e-11,4e-10
ZNF337,-0.62438,6.73e-11,4e-10
TACR3,0.9082045,6.74e-11,4.01e-10
PTCRA///SMARCD2,0.6653214,6.75e-11,4.01e-10
MYO5C,-1.3085277,6.77e-11,4.02e-10
RBSN,-0.8432891,6.77e-11,4.02e-10
PANK1,-0.56179,6.8e-11,4.04e-10
ASNA1,0.7805614,6.85e-11,4.07e-10
FAM43A,1.1181509,6.86e-11,4.07e-10
QPRT,0.6717909,6.88e-11,4.08e-10
REPS1,0.5900018,6.86e-11,4.08e-10
GOLGA3,-0.563405,6.88e-11,4.08e-10
HIP1,0.9913686,6.88e-11,4.08e-10
NOSTRIN,0.67474337,6.9e-11,4.09e-10
SNORD116-11,1.1404923,6.9e-11,4.1e-10
ZNF346,0.507965,6.93e-11,4.11e-10
SCD,0.96277434,6.94e-11,4.11e-10
ZC3H15,-0.8668295,6.94e-11,4.12e-10
JMJD4,0.606375,6.94e-11,4.12e-10
KDM4B,0.5564686,6.96e-11,4.13e-10
RAB5A,-0.6327709,6.96e-11,4.13e-10
SLC35B4,-0.7280023,6.97e-11,4.13e-10
DSG2,-1.5193409,7.01e-11,4.15e-10
ENDOD1,-1.0776659,7.01e-11,4.15e-10
TRMT10B,-0.8158282,7.02e-11,4.15e-10
PSME4,-1.0755318,7e-11,4.15e-10
DYNLRB1,0.6281205,7.05e-11,4.17e-10
SHARPIN,0.7490573,7.06e-11,4.18e-10
LDB2,1.1590995,7.09e-11,4.19e-10
SEPT6,-0.41311595,7.11e-11,4.21e-10
ECI1,0.8228705,7.16e-11,4.23e-10
SNX9,-0.9030864,7.18e-11,4.24e-10
VTA1,-0.8128605,7.21e-11,4.26e-10
SLC16A14,-0.41299704,7.22e-11,4.27e-10
CREB3L1,0.994345,7.22e-11,4.27e-10
CERS4,1.1285305,7.25e-11,4.29e-10
NT5C2///NT5C2,-0.8256477,7.29e-11,4.3e-10
ADGRF1,-2.0000277,7.28e-11,4.3e-10
SLC4A4,-0.61729579,7.32e-11,4.33e-10
SNORD36B,1.4896782,7.35e-11,4.34e-10
POLR2E,0.9262305,7.38e-11,4.35e-10
COMT,0.9667632,7.4e-11,4.36e-10
RFC3,-0.8319682,7.4e-11,4.36e-10
NAGS,0.6482645,7.48e-11,4.41e-10
DENND4C,-0.9838395,7.5e-11,4.42e-10
LOC102724238///LOC100126582///FGF7P3///LOC403323///FGF7P6///FGF7,-0.74091,7.56e-11,4.45e-10
EHBP1,-1.0449691,7.55e-11,4.45e-10
PPHLN1,-0.614215,7.57e-11,4.46e-10
DTNBP1,-0.4927345,7.57e-11,4.46e-10
DAGLA,0.7628932,7.59e-11,4.47e-10
DCLRE1A,-0.9942814,7.59e-11,4.47e-10
SNHG17,0.40741084,7.57e-11,4.47e-10
SLC22A18,0.6994568,7.62e-11,4.49e-10
CCT6B,-0.7050841,7.66e-11,4.51e-10
LRRC43,-0.56577868,7.64e-11,4.51e-10
ATF5,0.5977036,7.68e-11,4.52e-10
UBE2V1,0.5699773,7.7e-11,4.52e-10
ZKSCAN2,-0.677485,7.69e-11,4.52e-10
DCUN1D2,-0.6954327,7.69e-11,4.52e-10
NUDT21,-0.7107145,7.7e-11,4.53e-10
MDH2,0.6405536,7.78e-11,4.57e-10
TRIM8,0.7654545,7.8e-11,4.58e-10
RASD1,0.72496208,7.76e-11,4.58e-10
TNS4,-0.69527649,7.82e-11,4.61e-10
ZNF277,-0.9012318,7.85e-11,4.61e-10
S100A16,1.2248164,7.87e-11,4.62e-10
CCSER1,-0.34809264,7.88e-11,4.64e-10
PTPRCAP,1.04239,7.92e-11,4.65e-10
SERINC1,-0.8710182,7.99e-11,4.69e-10
LOC100996747///RPS26P11///RPS26///PDPK1,0.9037986,8.05e-11,4.72e-10
MYO9A,-1.1371164,8.09e-11,4.74e-10
MIEF2,0.57214,8.1e-11,4.75e-10
HTATIP2,0.34350615,8.1e-11,4.76e-10
TWISTNB,-0.9954145,8.14e-11,4.77e-10
PARP14,-1.3291345,8.14e-11,4.77e-10
FAS,-0.38520158,8.14e-11,4.78e-10
CCDC40,-0.56483513,8.15e-11,4.79e-10
CCDC17,-1.03415496,8.18e-11,4.8e-10
BPI,0.41990257,8.18e-11,4.8e-10
MAN2C1,0.7749382,8.21e-11,4.81e-10
FIGNL2,0.7901809,8.24e-11,4.83e-10
UPK3BL///POLR2J3///POLR2J2///POLR2J4///POLR2J,0.8203273,8.25e-11,4.83e-10
RABL2A///RABL2B,-0.58892509,8.3e-11,4.87e-10
HACD3,-0.8941632,8.35e-11,4.89e-10
SNORA41,1.1683409,8.38e-11,4.91e-10
DCP1B,0.7695109,8.43e-11,4.93e-10
SRPK1,-0.91986,8.42e-11,4.93e-10
IMMT,-0.6932109,8.45e-11,4.94e-10
RAB11FIP5,0.5531591,8.46e-11,4.95e-10
CCL11///CCL11,-0.59692116,8.5e-11,4.97e-10
ITPKC,0.69608979,8.5e-11,4.97e-10
EPB41L1,0.5555814,8.53e-11,4.99e-10
NWD1,-0.89553453,8.56e-11,5.01e-10
NUDT16L1,0.587235,8.57e-11,5.01e-10
IRF2BP2,0.7231877,8.67e-11,5.06e-10
FSIP1,-0.4543594,8.67e-11,5.07e-10
ESRP2,0.9643477,8.68e-11,5.07e-10
CNNM2,-0.34231143,8.72e-11,5.09e-10
HTR2B,-0.31867762,8.79e-11,5.12e-10
ADCY9,0.7287286,8.88e-11,5.18e-10
SLC31A2,0.51704979,8.96e-11,5.22e-10
PROCR,0.71334,9e-11,5.25e-10
KLC1,-0.5017818,9.03e-11,5.26e-10
BBS4,-1.091185,9.06e-11,5.28e-10
SYVN1,0.8486495,9.06e-11,5.28e-10
EFCAB12,-0.82992974,9.11e-11,5.3e-10
NMB,0.7115064,9.13e-11,5.31e-10
STMN3,0.6110486,9.14e-11,5.32e-10
POLQ,-0.7468482,9.18e-11,5.34e-10
BARD1,-0.7746668,9.2e-11,5.35e-10
PYURF///PIGY,0.8958441,9.26e-11,5.39e-10
CYP4X1,-0.85242436,9.46e-11,5.48e-10
ZCRB1,-0.6632918,9.45e-11,5.49e-10
GPT2,-0.7981614,9.45e-11,5.49e-10
RPL21P44,0.36325283,9.53e-11,5.51e-10
ZNF254,-1.1391973,9.52e-11,5.53e-10
C6ORF25,0.33009544,9.58e-11,5.54e-10
QPCT,-1.1567691,9.54e-11,5.54e-10
CCDC144CP///CCDC144NL///CCDC144B///CCDC144A,-2.0245855,9.55e-11,5.55e-10
FANCL,-0.8205832,9.57e-11,5.56e-10
MRPL49,0.99712,9.62e-11,5.58e-10
ZFP1,-0.8934541,9.62e-11,5.58e-10
FAM92B,-0.6667583,9.68e-11,5.59e-10
RANBP1,-0.7925227,9.75e-11,5.65e-10
SNORA2B,-1.0412682,9.76e-11,5.66e-10
SWAP70,-0.8434855,9.8e-11,5.68e-10
GAA,0.8591836,9.84e-11,5.69e-10
SCAMP1,-0.6876709,9.82e-11,5.69e-10
TRIM56,0.4628173,9.83e-11,5.69e-10
ATPAF1,-0.6027955,9.84e-11,5.7e-10
ERVFRD-1,0.7382332,9.91e-11,5.73e-10
ISY1-RAB43///RAB43,0.3391173,9.94e-11,5.74e-10
SNRK,0.30792235,9.94e-11,5.74e-10
FAM126B,-0.8714564,9.96e-11,5.76e-10
C10ORF11,0.7489182,9.97e-11,5.77e-10
VPS13D,-1.0231209,1e-10,5.78e-10
BLNK,-0.45529547,1e-10,5.79e-10
CSNK2A3///CSNK2A1,-0.5890627,1e-10,5.79e-10
API5,-0.9702955,1e-10,5.8e-10
MIR664B///SNORA36A///DKC1,2.2481995,1e-10,5.81e-10
ARHGAP18,-1.048035,1.01e-10,5.83e-10
MPND,0.6395355,1.01e-10,5.84e-10
LAPTM4A,0.5004636,1.01e-10,5.85e-10
EFNA4,0.9817259,1.02e-10,5.89e-10
MTMR3,-0.7666164,1.02e-10,5.91e-10
TCEB3,0.34365848,1.03e-10,5.91e-10
P4HA3,-0.38475341,1.03e-10,5.93e-10
AKTIP,-0.824095,1.03e-10,5.96e-10
KIF15,-0.7812023,1.03e-10,5.96e-10
MRPS18B///MRPS18B,0.7823482,1.04e-10,5.97e-10
BAHD1,0.6187132,1.04e-10,5.97e-10
CLMN,-0.57428355,1.04e-10,5.97e-10
SPG11,-0.9243132,1.04e-10,5.97e-10
ABCB7,-0.8563355,1.04e-10,6e-10
VWA2,-0.39150468,1.05e-10,6.03e-10
CAMSAP2,-1.0981195,1.05e-10,6.04e-10
ZC3H4,0.6503736,1.05e-10,6.04e-10
SYNE4,0.6913082,1.05e-10,6.06e-10
NOS2,0.8387855,1.06e-10,6.12e-10
LGI3,1.61458,1.07e-10,6.14e-10
TEAD3,0.5002032,1.07e-10,6.14e-10
CFB,-1.7995491,1.07e-10,6.15e-10
ZMYND12,-0.74918026,1.07e-10,6.17e-10
CSRP1,0.8112864,1.08e-10,6.19e-10
CSF3,1.3265395,1.08e-10,6.19e-10
PJA1,-0.5643036,1.08e-10,6.19e-10
PDZD8,-0.7586041,1.08e-10,6.22e-10
SCYL2,-0.8955536,1.09e-10,6.26e-10
CYTH2,0.7539645,1.1e-10,6.29e-10
VCPKMT,-0.7725995,1.09e-10,6.29e-10
LUZP2,-0.37389844,1.1e-10,6.32e-10
DPRX,0.8989691,1.1e-10,6.32e-10
PPP2R3B,0.6160159,1.1e-10,6.33e-10
LOC100131541,-1.2574073,1.11e-10,6.35e-10
C11ORF68,0.8508391,1.11e-10,6.37e-10
PATZ1,0.6871127,1.11e-10,6.39e-10
TOM1L2,0.7083927,1.12e-10,6.4e-10
RCE1,0.7365582,1.12e-10,6.41e-10
PARGP1,-1.0916932,1.12e-10,6.43e-10
MORN3,-0.45492289,1.12e-10,6.44e-10
RAB33A,0.7787618,1.13e-10,6.44e-10
SOS1,-0.33408769,1.13e-10,6.46e-10
DLGAP4,0.4959927,1.13e-10,6.49e-10
CAPN6,-0.30290958,1.13e-10,6.49e-10
ZNF569,-0.6211027,1.14e-10,6.5e-10
MIR4697HG,-0.68190278,1.14e-10,6.52e-10
TAS2R14,-1.0420786,1.14e-10,6.53e-10
RAB3GAP2,-0.9907055,1.15e-10,6.56e-10
RABEPK,0.5688655,1.15e-10,6.56e-10
SAR1B,-0.8935368,1.15e-10,6.56e-10
SNORA46,-0.9614691,1.15e-10,6.57e-10
TWF2,0.814735,1.15e-10,6.57e-10
SPICE1,-1.0164173,1.15e-10,6.58e-10
IGFBP5,-1.0213727,1.15e-10,6.59e-10
DSP,-2.0688682,1.15e-10,6.59e-10
COQ8A,0.7745205,1.16e-10,6.6e-10
LOXL1,-0.43802653,1.16e-10,6.62e-10
ZCCHC7,-0.5894359,1.16e-10,6.62e-10
PHACTR4,0.8631277,1.17e-10,6.66e-10
SCD5,0.8986473,1.17e-10,6.66e-10
HEATR5B,-1.039395,1.17e-10,6.69e-10
OCIAD2,-0.45641152,1.17e-10,6.7e-10
MMP2,-0.52555844,1.18e-10,6.71e-10
KCNH2,0.6143945,1.18e-10,6.71e-10
RPL35,0.9388773,1.18e-10,6.73e-10
EHBP1L1///SIPA1,0.61912,1.18e-10,6.74e-10
RAB11FIP2,-0.8447205,1.19e-10,6.76e-10
TMEM167B,0.6199295,1.19e-10,6.76e-10
CD300A,0.46106277,1.19e-10,6.76e-10
PFDN2,0.5623345,1.19e-10,6.76e-10
FMNL2,0.3905079,1.19e-10,6.79e-10
RPLP2,1.5090132,1.19e-10,6.79e-10
KCNK17,0.46534001,1.2e-10,6.82e-10
IGSF9B,-0.35601091,1.2e-10,6.83e-10
SNHG1///SNORD25,-1.3561014,1.21e-10,6.87e-10
CORO1B///PTPRCAP,0.8696391,1.21e-10,6.88e-10
CCDC141,1.01715724,1.21e-10,6.89e-10
TEKT3,-0.49881409,1.21e-10,6.91e-10
CWF19L1,-0.7371977,1.22e-10,6.94e-10
SSTR1,0.3148688,1.22e-10,6.95e-10
CREB1,-0.7034486,1.23e-10,6.97e-10
CDC6,-1.0175318,1.23e-10,6.99e-10
APH1A,0.30282418,1.23e-10,7e-10
GSTA3,-0.7823773,1.24e-10,7.06e-10
MUC4,-1.12091664,1.25e-10,7.09e-10
TNF,0.7401223,1.26e-10,7.13e-10
UPK3BL///POLR2J3///POLR2J2///POLR2J4,1.0074064,1.26e-10,7.13e-10
TAS2R20,-1.2117691,1.26e-10,7.14e-10
SCARB1,0.731365,1.26e-10,7.17e-10
COPS9///COPS9,0.7879373,1.27e-10,7.18e-10
GID4,0.4905268,1.27e-10,7.19e-10
FAM219A,0.6904114,1.27e-10,7.21e-10
OXLD1,0.6549405,1.28e-10,7.22e-10
NFKBIL1,0.5428095,1.27e-10,7.22e-10
NPTN,0.4803714,1.28e-10,7.23e-10
RAB43,0.6704682,1.28e-10,7.24e-10
TMEM130,1.73227,1.28e-10,7.25e-10
ZBTB17,0.4857055,1.28e-10,7.25e-10
HOXA2,1.3539518,1.28e-10,7.26e-10
PCCB,-0.6707959,1.29e-10,7.28e-10
BRD8,-0.6762841,1.29e-10,7.28e-10
IRF7,0.7198091,1.29e-10,7.28e-10
CIDEB,0.7765286,1.29e-10,7.28e-10
ASPH,-0.8495632,1.29e-10,7.31e-10
SLC9C2,-0.61801125,1.29e-10,7.33e-10
KCNJ16,-0.862461,1.29e-10,7.34e-10
TARP,1.578495,1.3e-10,7.34e-10
CHST1,0.8032905,1.3e-10,7.36e-10
NAA16,-0.8299623,1.3e-10,7.36e-10
CBFA2T3,0.5565486,1.31e-10,7.37e-10
NTN1,-0.32258445,1.3e-10,7.37e-10
SHC1,0.6163391,1.31e-10,7.41e-10
TAS2R19,-1.2112623,1.32e-10,7.43e-10
CLDN15,0.6691291,1.32e-10,7.46e-10
DGCR2,0.6587164,1.33e-10,7.48e-10
SLITRK2,0.7236386,1.33e-10,7.52e-10
ATXN3///ATXN8///ATXN3,-0.7789532,1.34e-10,7.53e-10
SMIM12,0.7226823,1.34e-10,7.54e-10
TMSB4Y///TMSB4XP6///TMSB4XP2///TMSB4XP1///TMSB4X,0.5129545,1.35e-10,7.6e-10
TCEB1,1.0288955,1.35e-10,7.62e-10
SDC1,-0.31444424,1.35e-10,7.63e-10
MT1A,0.93208308,1.36e-10,7.68e-10
CEACAM19,0.6160364,1.37e-10,7.7e-10
MT1IP,0.56979628,1.37e-10,7.74e-10
ATP9B,-0.5834036,1.38e-10,7.76e-10
RSRP1,-1.1469786,1.4e-10,7.84e-10
FAM199X,-0.4652805,1.4e-10,7.84e-10
NANP,-0.5758464,1.4e-10,7.86e-10
RND3,-1.1265623,1.41e-10,7.9e-10
CCDC65,-0.94211118,1.4e-10,7.9e-10
SYNGR2,0.9918214,1.41e-10,7.9e-10
AHI1,-1.0877745,1.41e-10,7.93e-10
MKX,-0.46432461,1.41e-10,7.94e-10
HPSE,0.35073429,1.41e-10,7.98e-10
DCBLD1,-0.800515,1.42e-10,7.99e-10
TPT1,0.52277238,1.42e-10,8.03e-10
PYY,0.6567377,1.44e-10,8.05e-10
ACKR2,0.6127327,1.45e-10,8.11e-10
KRTAP1-4,0.7304459,1.45e-10,8.12e-10
PCGF1,0.6125782,1.45e-10,8.13e-10
PRIMPOL,-0.8115586,1.45e-10,8.14e-10
SLX4IP,-0.38172467,1.45e-10,8.17e-10
PLCB1,-0.46477768,1.45e-10,8.17e-10
FBXL8,0.4794291,1.47e-10,8.23e-10
FGFR3,1.0300255,1.48e-10,8.27e-10
C15ORF38-AP3S2///AP3S2,0.643905,1.48e-10,8.29e-10
ISLR,1.32894,1.48e-10,8.3e-10
ENTPD4,-0.7722909,1.49e-10,8.32e-10
GPR153,0.5867077,1.49e-10,8.34e-10
AKT1S1,0.6557691,1.49e-10,8.35e-10
LOC646903,-0.8989645,1.49e-10,8.35e-10
CD74///ROS1,-0.32375284,1.49e-10,8.38e-10
PPP1R32,-0.55250247,1.49e-10,8.4e-10
CHID1,0.9317786,1.5e-10,8.42e-10
NAT6///HYAL3,0.5640345,1.52e-10,8.49e-10
C6ORF226,0.8206055,1.52e-10,8.49e-10
FAM151B,-0.8151477,1.52e-10,8.51e-10
SLC11A2,-0.7223168,1.52e-10,8.52e-10
ATAD3A,0.5401082,1.53e-10,8.53e-10
OSBPL5,0.6845714,1.53e-10,8.54e-10
MOSPD1,-0.7328868,1.53e-10,8.55e-10
TBC1D10C,0.7941964,1.54e-10,8.58e-10
PMS2P9///PMS2P7///PMS2P6///DTX2P1-UPK3BP1-PMS2P11///LOC441259///PMS2///PMS2P3///PMS2P5///PMS2P2///PMS2P1///PMS2P6///PMS2P3///PMS2P2///PMS2P1,-0.37801145,1.53e-10,8.61e-10
SNX17,0.7540955,1.55e-10,8.66e-10
LOC646813,-1.0349014,1.55e-10,8.67e-10
SEMA4G,0.7268873,1.56e-10,8.69e-10
TMEM33,0.5642495,1.56e-10,8.69e-10
RAP1A,-0.7488682,1.57e-10,8.73e-10
PENK,-0.53463986,1.56e-10,8.75e-10
NRG4,-0.66665867,1.58e-10,8.86e-10
POLD2,0.8303609,1.59e-10,8.89e-10
SAP130,0.5784473,1.61e-10,8.95e-10
ZFHX3,0.5520573,1.61e-10,8.96e-10
RPTOR,0.5243541,1.61e-10,8.99e-10
CAV3,0.6579841,1.62e-10,9e-10
ITGA6,-1.1779255,1.62e-10,9.04e-10
TTC30B,-0.67992968,1.62e-10,9.09e-10
PRMT2,-0.8455927,1.64e-10,9.14e-10
NFATC2IP,0.4475486,1.65e-10,9.17e-10
NUP58,0.33989291,1.64e-10,9.19e-10
KLK10,1.043415,1.65e-10,9.19e-10
ZNF660,-0.9833332,1.66e-10,9.21e-10
JAGN1,0.31478509,1.65e-10,9.26e-10
ENHO,0.57659,1.67e-10,9.29e-10
HPS6,0.6546814,1.69e-10,9.4e-10
IL17RC,0.6325318,1.7e-10,9.45e-10
GFRA2,1.2492018,1.71e-10,9.48e-10
RTFDC1,-0.5171436,1.71e-10,9.48e-10
BRICD5,0.4408659,1.71e-10,9.5e-10
APOBEC4,-0.75882486,1.7e-10,9.53e-10
PLEK2,-0.26266303,1.7e-10,9.53e-10
ME1,-1.0919364,1.72e-10,9.54e-10
RNASEH1,-0.6758668,1.72e-10,9.54e-10
PLAC9,0.9075827,1.73e-10,9.61e-10
RHOT1,-0.6916509,1.74e-10,9.63e-10
RPL23AP64,0.6505509,1.74e-10,9.64e-10
CCR6,-0.8072445,1.74e-10,9.64e-10
BBS12,-1.0195736,1.74e-10,9.64e-10
KLHL32,-0.66179529,1.73e-10,9.69e-10
RAB2A,-0.5967909,1.75e-10,9.7e-10
NFIX,0.873775,1.76e-10,9.75e-10
FLOT1,0.32077183,1.75e-10,9.76e-10
EIF2B4,0.6367768,1.77e-10,9.78e-10
DUSP11,0.5395027,1.78e-10,9.86e-10
DNAAF3,-0.63975438,1.78e-10,9.94e-10
HSPB2-C11ORF52///C11ORF52,0.7837882,1.8e-10,9.94e-10
ZNF688,0.6516491,1.8e-10,9.97e-10
CCDC71,0.5979623,1.81e-10,9.98e-10
ABCC4,0.39599011,1.79e-10,1e-09
PPP4C,0.29000267,1.8e-10,1e-09
UTP15,-1.1505327,1.82e-10,1.01e-09
APOBEC2,0.7026418,1.83e-10,1.01e-09
LINC00315,0.6010382,1.84e-10,1.01e-09
DIAPH2,-1.1666705,1.86e-10,1.02e-09
SNORA49,1.6638855,1.85e-10,1.02e-09
FAM187A///CCDC103,-0.71260648,1.83e-10,1.02e-09
APRT,0.9262195,1.85e-10,1.02e-09
UGT2B17///UGT2B15,-0.46522049,1.85e-10,1.03e-09
MAP9,-0.36789714,1.85e-10,1.03e-09
PPP2R2D,0.5587973,1.87e-10,1.03e-09
CHMP6,0.7486964,1.87e-10,1.03e-09
JMJD1C-AS1,0.6005655,1.88e-10,1.03e-09
APBB1,0.7297595,1.89e-10,1.04e-09
C7ORF31,0.8171059,1.9e-10,1.04e-09
ICAM5,0.63836,1.9e-10,1.05e-09
SERP1,0.5352673,1.91e-10,1.05e-09
ZNF204P,-1.6439982,1.92e-10,1.05e-09
CCDC85B,0.670725,1.91e-10,1.05e-09
IGFBPL1,-0.36069262,1.9e-10,1.05e-09
MYCT1,0.50059898,1.89e-10,1.05e-09
HIST1H3F,0.8022191,1.92e-10,1.05e-09
HIST1H2BC,1.2120055,1.91e-10,1.05e-09
SND1-IT1,-0.8771514,1.91e-10,1.05e-09
NEXN,-1.66043,1.91e-10,1.05e-09
KAZN,0.5637418,1.93e-10,1.06e-09
ATAD3C///ATAD3B///ATAD3A,0.5319882,1.95e-10,1.07e-09
FGFR2,-0.55874946,1.93e-10,1.07e-09
ERI1,-0.8806736,1.97e-10,1.08e-09
MPP6,-1.0301273,1.97e-10,1.08e-09
NHSL1,0.9907614,1.96e-10,1.08e-09
HECTD4,-1.0597736,1.97e-10,1.08e-09
ZNF217,-1.0773855,1.99e-10,1.09e-09
PELI3,0.5623568,2e-10,1.1e-09
CDPF1,0.8707759,2e-10,1.1e-09
TMEM144,-0.9326409,2e-10,1.1e-09
EEF2K,0.7807923,2.03e-10,1.11e-09
RIMS3,0.4955282,2.03e-10,1.11e-09
CTU2,0.5155291,2.02e-10,1.11e-09
LMLN,-0.42518852,1.99e-10,1.11e-09
MIR147A,0.7358123,2.04e-10,1.12e-09
SLC25A14,-0.71418,2.04e-10,1.12e-09
EIF2AK4,-1.1741814,2.05e-10,1.12e-09
BIN1,0.5893441,2.05e-10,1.12e-09
ANKRD16,0.5965232,2.06e-10,1.13e-09
MCTS1,-0.6266882,2.07e-10,1.13e-09
FAM184A,-1.5062991,2.07e-10,1.13e-09
MRPL16,0.6001141,2.07e-10,1.13e-09
MATN2,-1.2581827,2.07e-10,1.13e-09
PLEKHA4,-1.26356,3.04e-12,1.13e-09
IFT172,-0.63583673,2.03e-10,1.13e-09
MTERF2,-0.8699359,2.09e-10,1.14e-09
GYG1,-0.8128227,2.09e-10,1.14e-09
ATP10D,-1.1540868,2.09e-10,1.14e-09
TET2,-1.11075,2.08e-10,1.14e-09
GLB1L3,-0.47187457,2.05e-10,1.14e-09
NAALADL1,0.6138245,2.09e-10,1.14e-09
TMEM131,-0.30754029,2.08e-10,1.15e-09
ESM1,0.87311243,2.08e-10,1.15e-09
TTC36,0.6569577,2.1e-10,1.15e-09
MRPL11,0.6772873,2.12e-10,1.15e-09
RBM14,-0.5937577,2.11e-10,1.15e-09
ZNF781,-1.0433414,2.1e-10,1.15e-09
BTBD7,-0.6291891,2.12e-10,1.16e-09
FMN2,-0.36232391,2.09e-10,1.16e-09
CDC42EP1,0.8663041,2.13e-10,1.16e-09
FOXK1,0.5572445,2.14e-10,1.16e-09
ST13P4///ST13P5///ST13,-0.6134282,2.13e-10,1.16e-09
LOC100287290,-1.3969077,2.12e-10,1.16e-09
RNASE4///ANG,0.9673655,2.14e-10,1.17e-09
ABR,0.6243914,2.16e-10,1.17e-09
PPARGC1B,0.4828391,2.15e-10,1.17e-09
SH2D3A,0.6551773,2.15e-10,1.17e-09
GLB1L2,-0.62322033,2.13e-10,1.18e-09
LRRC37A2///LRRC37A6P///LRRC37A3///LRRC37A4P///LRRC37A,-0.53952717,2.13e-10,1.18e-09
TMED10,0.5173682,2.18e-10,1.18e-09
RPL10,1.2696459,2.19e-10,1.19e-09
RP2,-0.8713305,2.22e-10,1.21e-09
ISCA1,0.6824891,2.22e-10,1.21e-09
BPNT1,-0.6621209,2.25e-10,1.22e-09
ZNF740,-0.6070377,2.24e-10,1.22e-09
GTPBP3,0.5512618,2.27e-10,1.23e-09
AGFG2,0.5855436,2.26e-10,1.23e-09
PRR15,-0.59269786,2.23e-10,1.23e-09
RUSC1,0.6146505,2.28e-10,1.24e-09
SAT2,0.5998177,2.29e-10,1.24e-09
RPL30///RPL30,1.0665636,2.31e-10,1.25e-09
PTER,-1.0770295,2.3e-10,1.25e-09
TNRC18,0.6196445,2.33e-10,1.26e-09
DOK3,0.8065191,2.32e-10,1.26e-09
PIR,1.36969,3.56e-12,1.26e-09
NAIF1,0.5833918,2.35e-10,1.27e-09
MRPL41,0.7534473,2.35e-10,1.27e-09
RPL17-C18ORF32///C18ORF32,0.5803286,2.35e-10,1.27e-09
SLC16A9,-0.38222614,2.31e-10,1.27e-09
PCGF2,0.7425427,2.35e-10,1.27e-09
ZP1,0.5061014,2.37e-10,1.28e-09
FGF18,1.1391564,2.38e-10,1.29e-09
ZC3H3,0.4764686,2.4e-10,1.3e-09
NPIPB9///NPIPB5///NPIPB6///NPIPB3,0.8802318,2.41e-10,1.3e-09
C1ORF122,0.8903755,2.41e-10,1.3e-09
FBXW5,0.8446741,2.43e-10,1.31e-09
C16ORF89,1.1944182,2.43e-10,1.31e-09
C19ORF48,0.5525673,2.42e-10,1.31e-09
APOBEC3G,1.0947595,2.44e-10,1.32e-09
C12ORF4,-0.9454764,2.45e-10,1.32e-09
LCORL,-0.59192,2.45e-10,1.32e-09
PSME3,0.30838768,2.4e-10,1.32e-09
CCL4L1///CCL4L2///CCL4///CCL4L1,1.2228523,2.44e-10,1.32e-09
TRIM71,0.5619909,2.46e-10,1.33e-09
WEE2-AS1,-0.33650432,2.41e-10,1.33e-09
SPTAN1,-0.9269495,2.47e-10,1.33e-09
RAB4B-EGLN2///EGLN2,0.6757159,2.47e-10,1.33e-09
CCDC22,0.5139718,2.49e-10,1.34e-09
DHX58,0.9473255,2.5e-10,1.34e-09
DCTN2,0.6328009,2.49e-10,1.34e-09
SMPD1,0.30866874,2.47e-10,1.36e-09
TNFSF9,0.6254214,2.54e-10,1.37e-09
USE1,0.29102442,2.5e-10,1.38e-09
PRKD3,-0.7847782,2.57e-10,1.38e-09
FBXL14,0.47907,2.56e-10,1.38e-09
GPBP1,-0.6567391,2.56e-10,1.38e-09
DCAF6,-0.7013982,2.56e-10,1.38e-09
DEPTOR,-1.3634318,2.56e-10,1.38e-09
C20ORF196,0.536125,2.56e-10,1.38e-09
PSMD11,-0.4901632,2.58e-10,1.39e-09
SAMHD1,-0.9465573,2.6e-10,1.4e-09
AMOTL2,0.38488379,2.57e-10,1.41e-09
RGS16,1.2245064,2.63e-10,1.41e-09
PHB,0.8135455,2.62e-10,1.41e-09
FLJ34503,1.5140768,2.64e-10,1.42e-09
IFFO1,0.5332627,2.65e-10,1.42e-09
FLI1,0.35988645,2.59e-10,1.42e-09
WAS,0.30762656,2.59e-10,1.42e-09
PRELID1,0.7120014,2.66e-10,1.43e-09
UQCR11,0.788625,2.69e-10,1.44e-09
NUDT14,0.8946605,2.68e-10,1.44e-09
PTPN13,-1.3854136,2.68e-10,1.44e-09
PQLC2,0.6372859,2.71e-10,1.45e-09
SLC25A40,0.5104009,2.7e-10,1.45e-09
ZNF266,-0.9148423,2.7e-10,1.45e-09
CCDC167,0.8246836,2.72e-10,1.45e-09
AP4B1,-0.7834864,2.71e-10,1.45e-09
SHISA4,0.652225,2.73e-10,1.46e-09
NR0B2,1.1263645,2.74e-10,1.46e-09
FGGY,-0.5151055,2.74e-10,1.47e-09
THBD,1.1069827,2.75e-10,1.47e-09
G0S2,1.5043859,2.75e-10,1.47e-09
LOC100133331///LOC100132217///LOC100132062///LOC729737///LOC729218///LINC01000///LOC401357///LINC01061///LINC01002///LINC00999///LINC00265///LOC100132062///LINC01347///LINC01000,0.43866817,2.69e-10,1.47e-09
RBBP4,-0.4648255,2.78e-10,1.49e-09
GOLPH3,0.3422218,2.79e-10,1.49e-09
CAPN15,0.5321386,2.82e-10,1.51e-09
TSEN15,0.6310627,2.82e-10,1.51e-09
AKAP12,0.50394419,2.75e-10,1.51e-09
PHLPP2,0.8502991,2.84e-10,1.51e-09
C17ORF80,-0.7092941,2.84e-10,1.52e-09
HSDL2,-1.1630295,2.87e-10,1.53e-09
BRCA2,-1.1520155,2.87e-10,1.53e-09
SDR39U1,0.7478873,2.87e-10,1.53e-09
BMP1,0.87506283,2.82e-10,1.54e-09
SLIT3,1.0056786,2.89e-10,1.54e-09
MTA1,0.6717927,2.88e-10,1.54e-09
FOXRED2,0.80851,2.9e-10,1.55e-09
PPM1J,-0.564885,4.64e-12,1.55e-09
C9ORF3,-0.6199391,2.94e-10,1.56e-09
ZNF641,0.9040582,2.92e-10,1.56e-09
SLC5A6,0.39345649,2.84e-10,1.56e-09
RPPH1,1.578715,2.93e-10,1.56e-09
IPP,-0.7509291,2.97e-10,1.58e-09
ACKR4,0.8622759,2.96e-10,1.58e-09
WBP11,0.5996255,2.98e-10,1.58e-09
CDH6,-0.58127261,2.92e-10,1.59e-09
HN1,0.6629118,2.99e-10,1.59e-09
OGG1,0.61724,3.01e-10,1.6e-09
JUNB,1.2583959,3.02e-10,1.6e-09
LDOC1L,0.4957418,3.02e-10,1.61e-09
USP32P2///USP32P1,-1.4379686,3.03e-10,1.61e-09
MAK,-0.87756376,2.95e-10,1.61e-09
TNFRSF14,0.6914182,3.03e-10,1.61e-09
SETD4,-0.774735,3.06e-10,1.62e-09
POLR2F,0.8547073,3.08e-10,1.63e-09
PYGB,0.5388864,3.07e-10,1.63e-09
USP38,-0.8172382,3.12e-10,1.65e-09
ADAMTSL2,0.7753105,3.11e-10,1.65e-09
ADAMTSL4-AS1,0.44333931,3.02e-10,1.65e-09
AKR1E2,0.7985073,3.12e-10,1.65e-09
TMPPE,0.5398409,3.11e-10,1.65e-09
SEPT2,-0.8653318,3.14e-10,1.67e-09
NFIA,-0.4417732,3.07e-10,1.67e-09
MVP,0.33457844,3.11e-10,1.69e-09
BCL9,0.7592332,3.2e-10,1.69e-09
UNCX,0.6784455,3.2e-10,1.69e-09
SDPR,0.48505039,3.12e-10,1.7e-09
GLCE,-0.9073873,3.22e-10,1.71e-09
NMI,-0.9137059,3.24e-10,1.71e-09
VDAC2,0.28048658,3.14e-10,1.71e-09
EVC,-0.33465755,3.15e-10,1.71e-09
ST8SIA1,-0.46345876,3.14e-10,1.71e-09
ZNF37A,-0.8735923,3.27e-10,1.73e-09
TRAM2,0.8677355,3.29e-10,1.74e-09
ZDHHC14,0.8009727,3.32e-10,1.75e-09
GDF15,-0.73598573,3.22e-10,1.75e-09
CD247,0.9009555,3.31e-10,1.75e-09
SLC25A18,0.583225,5.52e-12,1.75e-09
FAM58DP///FAM58A,0.6713664,3.32e-10,1.75e-09
HPCA,0.860485,5.48e-12,1.75e-09
IGSF21,0.7975645,3.32e-10,1.76e-09
GALM,-0.33578891,3.25e-10,1.76e-09
GRB10,0.36748148,3.25e-10,1.77e-09
GPRC5C,0.7774668,3.36e-10,1.77e-09
CTNNB1,-0.8274273,3.34e-10,1.77e-09
PTPRC,-1.402425,3.38e-10,1.78e-09
TSC2,0.4813509,3.38e-10,1.78e-09
CFAP73,-0.61738437,3.29e-10,1.79e-09
SPRR2G,0.7058145,3.42e-10,1.8e-09
IQSEC3,0.6037041,3.4e-10,1.8e-09
PGBD3///ERCC6,-0.9776464,3.4e-10,1.8e-09
SAMD8,-0.6421423,3.41e-10,1.8e-09
LOC100131496,0.6155268,3.43e-10,1.81e-09
TMEM47,0.7822432,3.43e-10,1.81e-09
GFOD2,0.6636409,3.45e-10,1.82e-09
SMAP2,0.50106059,3.36e-10,1.82e-09
LOC105369230///HLA-DRB6///HLA-DRB5///HLA-DRB4///HLA-DRB3///HLA-DRB1///LOC105369230///HLA-DRB5///HLA-DRB4///HLA-DRB3///HLA-DRB1///HLA-DQB1,1.1373364,3.46e-10,1.82e-09
NRM,1.2108395,3.46e-10,1.82e-09
KHK,0.6140314,3.48e-10,1.83e-09
KSR1,0.8204445,3.48e-10,1.83e-09
PLEKHJ1,0.7759195,3.47e-10,1.83e-09
C1ORF106,-0.32664087,3.39e-10,1.84e-09
ARHGEF12,-0.9263886,3.52e-10,1.85e-09
ZNF184,-0.30375322,3.43e-10,1.85e-09
RAB32,0.5998791,3.51e-10,1.85e-09
MMP28,0.9360882,3.54e-10,1.86e-09
RASGRF1,1.01183,3.53e-10,1.86e-09
DAW1,-1.20084378,3.44e-10,1.86e-09
EFHD1,0.6981455,3.58e-10,1.88e-09
CSE1L,-0.70635,3.58e-10,1.88e-09
RBP5,-0.45484307,3.48e-10,1.88e-09
SCUBE3,-0.35316307,3.47e-10,1.88e-09
ERLEC1,-0.6611677,3.59e-10,1.89e-09
SCMH1,0.6091386,3.6e-10,1.89e-09
DALRD3,0.7496245,3.61e-10,1.9e-09
IL18R1,1.10828,6.11e-12,1.9e-09
SPNS2,0.8690023,3.63e-10,1.9e-09
ULK1,0.5638032,3.65e-10,1.91e-09
SERTAD3,0.7369564,3.63e-10,1.91e-09
HIST1H2AG,0.6623705,3.64e-10,1.91e-09
CHST6,-0.76383426,3.55e-10,1.92e-09
C1ORF228,-0.45350736,3.56e-10,1.92e-09
MIR200B,0.6237027,3.66e-10,1.92e-09
C4ORF3,-0.5936823,3.66e-10,1.92e-09
ATP5L2,0.7509982,3.68e-10,1.93e-09
SEMA5B,0.65431,3.69e-10,1.93e-09
HELB,-0.9223459,3.71e-10,1.94e-09
WDFY1///FAF2,-0.7152786,3.71e-10,1.94e-09
ZNF524,0.5775968,3.7e-10,1.94e-09
BTRC,-0.6242273,3.7e-10,1.94e-09
TMEM38B,-0.7803677,3.72e-10,1.95e-09
FAAP100,0.6013009,3.74e-10,1.96e-09
WDR53,-0.7596977,3.77e-10,1.97e-09
ESD,-0.6078555,3.76e-10,1.97e-09
NLRC4,0.78624232,3.65e-10,1.97e-09
SNORD24///RPL7A,1.1801586,3.76e-10,1.97e-09
E2F1,0.64461,3.78e-10,1.98e-09
EIF3G,0.7669464,3.78e-10,1.98e-09
RNF185-AS1,0.8230127,3.79e-10,1.98e-09
HLA-H///HLA-G///HLA-A///HLA-A,0.5567364,3.79e-10,1.98e-09
SGF29,0.29815206,3.71e-10,2e-09
GPSM1,0.5613195,3.82e-10,2e-09
GMDS,-0.31510114,3.73e-10,2.01e-09
ARL11,0.7266914,3.86e-10,2.02e-09
ZBTB39,0.5047045,3.87e-10,2.02e-09
RPS6KA5,-0.4091313,3.77e-10,2.03e-09
GAFA2,0.6377886,3.89e-10,2.03e-09
PTPN21,0.9163914,3.88e-10,2.03e-09
NDUFA4L2,0.5782423,3.89e-10,2.03e-09
KIF21B,0.5982918,3.91e-10,2.04e-09
FAM160A2,0.4406923,3.91e-10,2.04e-09
DGKG,0.447905,3.8e-10,2.04e-09
LINC00965///LINC00965,-0.9427845,3.9e-10,2.04e-09
ZFP37,-0.29062395,3.82e-10,2.05e-09
CSRP2,0.8782623,3.95e-10,2.06e-09
ZAK,-1.0760627,3.94e-10,2.06e-09
WDR38,-0.87099739,3.85e-10,2.07e-09
ST20-AS1,0.6596818,3.97e-10,2.07e-09
HSF1,0.4914664,3.97e-10,2.07e-09
TSPAN7,0.43906939,3.87e-10,2.08e-09
B9D1,-0.33542696,3.88e-10,2.08e-09
SPN,1.1748432,3.99e-10,2.08e-09
RNASE1,0.8163227,4e-10,2.08e-09
CD37,1.1282259,3.98e-10,2.08e-09
ANKRD22,-1.8312382,3.99e-10,2.08e-09
ARHGAP21,-0.9368709,4.02e-10,2.09e-09
NSUN2,-0.8793764,4.01e-10,2.09e-09
GOLGA1,-0.6365595,4.04e-10,2.1e-09
ZDHHC4,0.6636223,4.03e-10,2.1e-09
PTPN2,-0.9122841,4.03e-10,2.1e-09
MKNK1,0.31406373,3.91e-10,2.1e-09
C1ORF158,-0.87882927,3.94e-10,2.11e-09
MIRLET7C,-1.4001218,4.05e-10,2.11e-09
NCS1,-0.41968973,3.93e-10,2.11e-09
NUMBL,0.4463423,4.06e-10,2.12e-09
CTBP1,0.5532164,4.08e-10,2.12e-09
CCDC93,-0.9079614,4.1e-10,2.13e-09
LOC100509780,-0.9157832,4.1e-10,2.13e-09
PRSS16,0.6388059,4.08e-10,2.13e-09
CD38,-0.60915301,3.97e-10,2.13e-09
GGA1,0.6612314,4.09e-10,2.13e-09
HIST1H3H,0.98687,4.09e-10,2.13e-09
DRC7,-0.69793833,4e-10,2.14e-09
GPD2,-1.0947182,4.12e-10,2.14e-09
PRAF2,1.0714782,4.14e-10,2.15e-09
KIAA0586,-0.8093091,4.14e-10,2.15e-09
ZNF622,0.33140522,4.05e-10,2.16e-09
ATF7,0.5809277,4.15e-10,2.16e-09
ILF3-AS1,1.1075236,4.17e-10,2.16e-09
USP37,-0.7479673,4.15e-10,2.16e-09
TRIO,-0.7786064,4.2e-10,2.18e-09
HSP90AB4P,-0.6698723,4.19e-10,2.18e-09
NBR2///NBR2,0.8153009,4.2e-10,2.18e-09
TRMT44,0.6648964,4.19e-10,2.18e-09
GIGYF2,-0.7320805,4.19e-10,2.18e-09
DERA,-0.6063736,4.22e-10,2.19e-09
OTUD6B,-0.7325591,4.23e-10,2.19e-09
TMEM135///CCDC174,-0.7286586,4.24e-10,2.2e-09
ANKRD13D,0.5248059,4.26e-10,2.21e-09
KIAA0430,-0.9508341,4.26e-10,2.21e-09
TRIM3,0.4728259,4.26e-10,2.21e-09
STAMBPL1,-0.39721137,4.15e-10,2.22e-09
KLF5,0.8552941,4.3e-10,2.22e-09
MFAP4,1.1601555,4.31e-10,2.23e-09
WNT3A,0.693425,4.34e-10,2.25e-09
PIK3C2A,0.35042357,4.21e-10,2.25e-09
SAMD11,-1.475305,7.51e-12,2.25e-09
TCTE1,-0.50460355,4.21e-10,2.25e-09
OLFML3,0.9260436,4.36e-10,2.26e-09
C11ORF74,-0.49729658,4.28e-10,2.28e-09
AK9,-0.54222091,4.29e-10,2.29e-09
RASGEF1A,0.4975423,4.44e-10,2.29e-09
HEATR9,0.5810405,4.43e-10,2.29e-09
GNB1,0.4845591,4.46e-10,2.3e-09
TMEM11,0.6820495,4.45e-10,2.3e-09
ZNF687,0.6375441,4.45e-10,2.3e-09
KCNT2,-1.1117959,4.48e-10,2.31e-09
SPIN4,0.7838359,4.47e-10,2.31e-09
FOXS1,0.6274305,4.48e-10,2.31e-09
WFDC1,0.7045759,4.47e-10,2.31e-09
CCDC177,0.5843,4.48e-10,2.31e-09
IMPACT,-0.6831241,4.53e-10,2.34e-09
SRSF11,-0.7005918,4.55e-10,2.35e-09
LRPAP1,1.0944695,4.57e-10,2.35e-09
EEF1E1-BLOC1S5///BLOC1S5-TXNDC5///TXNDC5///BLOC1S5,-0.40668651,4.4e-10,2.35e-09
ZNF382,-0.44488612,4.41e-10,2.35e-09
CNIH4,0.31253339,4.44e-10,2.36e-09
FEZ2,-0.6002141,4.57e-10,2.36e-09
TRIM10,0.5753659,4.59e-10,2.36e-09
GCLM,-1.2077368,4.58e-10,2.36e-09
TSEN34,0.7993695,4.64e-10,2.39e-09
SEMA4F,0.4999545,4.63e-10,2.39e-09
SLC25A45,0.7184291,4.67e-10,2.4e-09
C2CD3,-0.34457237,4.51e-10,2.4e-09
PKP2,-1.4964332,4.69e-10,2.41e-09
RPS26P11///RPS26,0.9979886,4.75e-10,2.44e-09
CXCL13,-1.10801095,4.59e-10,2.44e-09
IRX1,0.6853023,4.76e-10,2.45e-09
TRIM62,0.4555495,4.76e-10,2.45e-09
IRAK1BP1,-0.38190677,4.61e-10,2.45e-09
CENPW,-0.945725,4.78e-10,2.46e-09
SCIMP,1.0018364,4.83e-10,2.48e-09
CTNS,0.5658877,4.83e-10,2.48e-09
DHRS9,-0.63719881,4.66e-10,2.48e-09
TUBA8,0.5235441,4.86e-10,2.5e-09
LHPP,0.4813277,4.87e-10,2.5e-09
ASB2,-0.36391364,4.74e-10,2.51e-09
PPP1R9A,-1.0521659,4.89e-10,2.51e-09
ADAMTS1,-1.4142364,4.88e-10,2.51e-09
CTNNBL1,-0.6484786,4.9e-10,2.52e-09
RGN,0.5543258,4.75e-10,2.52e-09
NAPEPLD,-0.5086711,4.78e-10,2.53e-09
AKIRIN2,0.34515251,4.77e-10,2.53e-09
LRRC37A2///LRRC37A3///LRRC37A,1.022835,4.93e-10,2.53e-09
TIMM17A,-0.7921955,4.95e-10,2.54e-09
SPINT1,1.0793909,4.94e-10,2.54e-09
PIK3R3,0.49909605,4.8e-10,2.54e-09
MIR181A2,-0.43625052,4.82e-10,2.55e-09
ATRN,-0.742,4.98e-10,2.55e-09
MRM1,0.5016691,4.97e-10,2.55e-09
TTC5,-0.6999259,4.97e-10,2.55e-09
ZNF746,0.4507873,5.01e-10,2.57e-09
ATP8B1,-0.9915664,5.06e-10,2.59e-09
EFS,0.4931932,5.06e-10,2.6e-09
POLD3,-0.8037768,5.1e-10,2.61e-09
LRRC36,1.2774695,5.09e-10,2.61e-09
GALNT15,0.93495266,5.01e-10,2.65e-09
C17ORF53,0.5033573,5.17e-10,2.65e-09
GALC,-0.6356591,5.19e-10,2.66e-09
LOC100128922,-1.1081932,5.19e-10,2.66e-09
ZNF431,-0.7674005,5.19e-10,2.66e-09
YWHAZ,-0.5106364,5.19e-10,2.66e-09
GMEB2,0.4399341,5.21e-10,2.67e-09
IQSEC2,0.5741959,5.22e-10,2.67e-09
MORN2,-0.74970442,5.07e-10,2.68e-09
NXPH3,0.7174055,5.23e-10,2.68e-09
CYP17A1,0.6113309,5.24e-10,2.68e-09
NIPAL2,-0.30586617,5.07e-10,2.68e-09
NOD2,0.34865633,5.1e-10,2.69e-09
KLHL29,0.5981059,5.26e-10,2.69e-09
TNXB///TNXA,0.8253859,5.26e-10,2.69e-09
SLFN14,0.28169312,5.11e-10,2.7e-09
SLA2,0.7833368,5.31e-10,2.71e-09
CD79A,-0.77140493,5.15e-10,2.72e-09
HLA-H///HLA-G///HLA-C///HLA-A///HLA-A,0.56905,5.33e-10,2.72e-09
FOXJ1,-0.79355877,5.18e-10,2.73e-09
BAGE5,-0.7386168,5.35e-10,2.73e-09
CCNY,0.6228386,5.35e-10,2.73e-09
MPL,0.5960745,5.33e-10,2.73e-09
KCNC4,0.5815805,5.36e-10,2.73e-09
LIMA1,-0.9497132,5.36e-10,2.73e-09
GULP1,-0.38410631,5.2e-10,2.74e-09
ORC3,-0.8566268,5.38e-10,2.75e-09
ZNF205,0.5491664,5.39e-10,2.75e-09
ASTN2,-0.2911304,5.22e-10,2.75e-09
TARSL2,-0.5426132,5.43e-10,2.77e-09
CYTIP,-1.318,5.44e-10,2.77e-09
EDF1,1.0086282,5.42e-10,2.77e-09
COPS7A,0.6822355,5.43e-10,2.77e-09
SENP3-EIF4A1///EIF4A1,0.3611152,5.29e-10,2.78e-09
CDK10,0.6812136,5.45e-10,2.78e-09
PSD4,0.5872409,5.48e-10,2.79e-09
SDSL,0.586475,5.5e-10,2.8e-09
ICMT,0.5241309,5.5e-10,2.8e-09
BRCC3,-0.95297,5.49e-10,2.8e-09
MAP3K14,0.6109682,5.55e-10,2.82e-09
MAP1LC3B,0.5953823,5.55e-10,2.82e-09
SNORD64///PWAR5,-1.0275164,5.58e-10,2.84e-09
CDK19,-0.6703364,5.61e-10,2.85e-09
HACD4,-0.36072375,5.43e-10,2.86e-09
YIPF3,1.0197291,5.65e-10,2.87e-09
CD300LG,0.816995,1e-11,2.87e-09
TMEM88,0.41734817,5.46e-10,2.87e-09
MALL,0.9831718,5.64e-10,2.87e-09
TMEM176B,-0.38667221,5.46e-10,2.87e-09
LRRCC1,-1.017995,5.67e-10,2.88e-09
ZNF625-ZNF20///ZNF20,-0.7974786,5.67e-10,2.88e-09
TBR1,0.5895768,5.71e-10,2.9e-09
NOM1,-0.6346,5.71e-10,2.9e-09
C1ORF131,-0.6546986,5.74e-10,2.91e-09
FAM35DP///FAM35BP///FAM35A,-0.920305,5.73e-10,2.91e-09
ZNF208,-0.5807032,5.73e-10,2.91e-09
ERRFI1,0.61490436,5.55e-10,2.91e-09
CNGA4,-0.7421877,5.56e-10,2.92e-09
LBH,1.2361709,5.75e-10,2.92e-09
LOC441204,0.7721436,5.75e-10,2.92e-09
GATAD2A,0.55913,5.75e-10,2.92e-09
IRF2BPL,0.8006932,5.77e-10,2.93e-09
MCM3AP,-0.4705005,5.77e-10,2.93e-09
FKBP5,2.605185,1.03e-11,2.94e-09
ZFP41,0.4157836,5.82e-10,2.95e-09
RPS20,0.7965227,5.88e-10,2.98e-09
ASPSCR1,0.5594777,5.93e-10,3e-09
SLC35C2,0.6571768,5.92e-10,3e-09
RBM43,-0.3981335,5.74e-10,3.01e-09
SLC41A3,0.6294505,5.94e-10,3.01e-09
CYP2R1,-0.881565,5.96e-10,3.02e-09
COL18A1,-0.31085065,5.77e-10,3.02e-09
MARS,0.32531437,5.78e-10,3.03e-09
AP3M2,-0.9775955,6.01e-10,3.04e-09
HIST1H3I,1.2516323,6.03e-10,3.05e-09
TTLL1,0.6791118,6.03e-10,3.05e-09
C4ORF36,0.6248777,6.02e-10,3.05e-09
LOC728196///MIR34C,-0.80341066,5.82e-10,3.05e-09
ITSN1,-0.8288632,6.11e-10,3.09e-09
TRADD,-0.455955,1.1e-11,3.09e-09
TRAPPC12,0.4920309,6.13e-10,3.1e-09
TESC,0.6348314,6.18e-10,3.12e-09
TIMM10,0.8377541,6.18e-10,3.12e-09
SNORD33,1.0083591,6.22e-10,3.14e-09
FEZ1,1.034965,6.24e-10,3.15e-09
GSTCD,-0.7072723,6.24e-10,3.15e-09
EIF4A3,0.36818316,6.04e-10,3.16e-09
SGK223,0.652845,6.27e-10,3.16e-09
PSENEN,1.8863255,6.29e-10,3.17e-09
DDX52,-0.8234095,6.3e-10,3.17e-09
FAM134A///FAM134A,0.5294782,6.28e-10,3.17e-09
NCOR2,0.5915527,6.31e-10,3.18e-09
HIF1A,-1.2216055,6.31e-10,3.18e-09
KIF26B,-0.40785883,6.09e-10,3.18e-09
POMC,0.6781814,6.33e-10,3.19e-09
NIPA2,-0.4982205,6.33e-10,3.19e-09
ACACA,0.39543749,6.11e-10,3.19e-09
ANKRD28,-1.4954686,6.33e-10,3.19e-09
FAM229B,-0.43739709,6.13e-10,3.2e-09
NOS1,1.0784223,6.36e-10,3.2e-09
MAN2B1,0.8444395,6.38e-10,3.21e-09
ANKIB1,-0.8213473,6.37e-10,3.21e-09
MDGA1,0.9801914,6.38e-10,3.21e-09
ETFA,-0.4796618,6.38e-10,3.21e-09
ANGPTL8,0.5514841,6.4e-10,3.22e-09
THOC7,-0.7826832,6.42e-10,3.23e-09
BCL6,0.43585718,6.22e-10,3.24e-09
EIF3J,-0.8015877,6.47e-10,3.25e-09
CNPY3,0.5435936,6.46e-10,3.25e-09
NEK4,-0.6680582,6.46e-10,3.25e-09
TCEAL9,-0.9663636,6.48e-10,3.26e-09
AQR,-0.8051032,6.52e-10,3.28e-09
UNC5B-AS1,-2.141305,1.18e-11,3.28e-09
F2RL2,-0.47049231,6.33e-10,3.3e-09
ATF1,0.5785782,6.59e-10,3.31e-09
LOC102724562///MST1L///MST1P2///MST1,0.7925223,6.62e-10,3.32e-09
CISD2,-0.6113555,6.64e-10,3.33e-09
CCDC120,0.5410745,6.66e-10,3.34e-09
SNORD30,-0.8401914,6.69e-10,3.35e-09
SMAD1,-0.35676832,6.45e-10,3.36e-09
ATP8A1,0.49023988,6.48e-10,3.37e-09
PKP3,0.56799,6.71e-10,3.37e-09
CNOT7,-0.69975,6.73e-10,3.38e-09
HSPA12A,-0.29657312,6.54e-10,3.4e-09
CCRL2///CCRL2,1.0688305,6.78e-10,3.4e-09
NAT14,0.6126095,6.8e-10,3.41e-09
KIR2DS2///KIR3DL3///KIR3DS1///KIR3DL2///KIR3DL1///KIR2DS4///KIR2DS1///KIR2DL3///KIR2DL2///KIR2DL1///KIR3DS1///KIR3DL2///KIR3DL1,0.69550267,6.55e-10,3.41e-09
AGTR2,0.97250232,6.61e-10,3.43e-09
CMKLR1,0.8622055,6.84e-10,3.43e-09
MED13,-0.7486782,6.89e-10,3.45e-09
PFKP,-0.42796125,6.65e-10,3.45e-09
SERPINB8,0.41566557,6.63e-10,3.45e-09
PRR5-ARHGAP8///PRR5///ARHGAP8,0.5622423,6.91e-10,3.46e-09
GPR17,0.6374564,6.95e-10,3.47e-09
MXD3,0.5455282,6.94e-10,3.47e-09
SYCP2,-1.0226009,6.97e-10,3.48e-09
LTA,0.5936895,7.01e-10,3.5e-09
RPS19,1.2809277,7.02e-10,3.51e-09
RASA2,-0.8389032,7.05e-10,3.52e-09
TMEM8B,0.5604895,7.04e-10,3.52e-09
SC5D,0.40103425,6.8e-10,3.53e-09
DUSP1,0.82535854,6.84e-10,3.54e-09
LOC100130428,-1.0971814,7.11e-10,3.55e-09
DEAF1,0.5527227,7.13e-10,3.56e-09
ID2B,0.5843,7.15e-10,3.57e-09
MRC1,-1.6863309,7.2e-10,3.59e-09
MSL2,0.5094409,7.23e-10,3.61e-09
KDM8,0.5068864,7.25e-10,3.62e-09
DKK3,0.30816362,7.01e-10,3.63e-09
STC1,1.7606236,7.31e-10,3.64e-09
G6PC3,0.9378741,7.31e-10,3.64e-09
BMPR1B,-0.88637808,7.07e-10,3.65e-09
ZNF347,-0.9639895,7.32e-10,3.65e-09
GOLT1A,0.6895314,7.35e-10,3.66e-09
TBC1D22B,0.6061164,7.34e-10,3.66e-09
FYN,0.36844377,7.08e-10,3.66e-09
PTGES3,-0.7219164,7.36e-10,3.67e-09
EML3,0.5709586,7.37e-10,3.67e-09
RNF103,-0.4375995,7.39e-10,3.68e-09
SLC7A11,0.86746444,7.13e-10,3.68e-09
OXER1,0.7044264,7.43e-10,3.7e-09
TXLNB,-0.47787691,7.17e-10,3.7e-09
DHRS11,0.6909441,7.45e-10,3.71e-09
DHFR2,-0.6402914,7.46e-10,3.71e-09
STIM2,-0.5054273,7.46e-10,3.71e-09
RAB3IL1,0.4953395,7.48e-10,3.72e-09
ZDHHC21,-0.8482918,7.5e-10,3.73e-09
IL11RA,0.7293659,7.53e-10,3.74e-09
BOLA2-SMG1P6///LOC101060386///SMG1P3///SMG1P1///SMG1P5///BOLA2///SMG1P2///SMG1,-0.6691636,7.56e-10,3.75e-09
HERC5,-0.8721282,7.55e-10,3.75e-09
CYP1A2,0.6131627,7.59e-10,3.77e-09
ADCK2,0.6750777,7.71e-10,3.82e-09
TRIM35,0.4770214,7.71e-10,3.83e-09
CSF2,0.5390518,7.76e-10,3.85e-09
ASB14///LOC105377102,-0.68926651,7.46e-10,3.85e-09
FAM114A1,-0.7137455,7.77e-10,3.85e-09
RILPL1,0.6680418,7.78e-10,3.86e-09
PTRF,0.9836982,7.8e-10,3.86e-09
AKAP14,-0.60676514,7.49e-10,3.86e-09
ZSCAN22,0.5242891,7.83e-10,3.88e-09
C12ORF57///C12ORF57,1.091135,7.82e-10,3.88e-09
BLZF1,-0.9767232,7.83e-10,3.88e-09
SMIM7,0.8127655,7.83e-10,3.88e-09
SEC24D,-0.8048864,7.83e-10,3.88e-09
TMPO,-0.5899536,7.83e-10,3.88e-09
PSMD6,-1.0222936,7.85e-10,3.89e-09
SUGCT,-0.6737959,7.88e-10,3.9e-09
SPATA2L,0.6048077,7.88e-10,3.9e-09
WNT9A,0.682945,7.99e-10,3.95e-09
YAF2,-0.6542191,8e-10,3.96e-09
NUDT17,0.5364791,8.02e-10,3.97e-09
SPATS1,-0.73550653,7.73e-10,3.98e-09
PTRH2,0.7707205,8.05e-10,3.98e-09
KIFC3,0.5449141,8.07e-10,3.99e-09
GMFG,0.495184,7.77e-10,4e-09
PDPK1,0.6787323,8.14e-10,4.02e-09
MRPS22,-0.6273609,8.21e-10,4.06e-09
FLVCR2,0.60080888,7.91e-10,4.07e-09
ZSWIM5,0.5880768,8.27e-10,4.08e-09
PARP16,0.7627514,8.27e-10,4.08e-09
ATP6V1B1,0.6055305,8.28e-10,4.09e-09
HERC2P9///HERC2P2///HERC2P3///HERC2,-0.9900118,8.28e-10,4.09e-09
NDST2,0.5833555,8.29e-10,4.09e-09
FLYWCH1,0.4974109,8.29e-10,4.09e-09
LPGAT1,-0.5785568,8.29e-10,4.09e-09
TBXA2R,0.7663655,8.32e-10,4.1e-09
PINK1-AS,0.6133555,8.35e-10,4.11e-09
GGPS1,-0.5982009,8.36e-10,4.12e-09
ITFG1,-0.8404032,8.36e-10,4.12e-09
ZNF418,-0.6950391,8.36e-10,4.12e-09
CDHR4,-0.88825122,8.04e-10,4.13e-09
DUSP3,0.6764486,8.44e-10,4.16e-09
RAPH1,0.42285589,8.12e-10,4.17e-09
MITF,-0.29330315,8.15e-10,4.18e-09
TSKU,0.668285,8.52e-10,4.2e-09
ZNF280D,-0.7958368,8.57e-10,4.22e-09
ITGAL,1.1444209,8.57e-10,4.22e-09
RNF31,0.5649932,8.58e-10,4.23e-09
CREB5,1.1345436,8.6e-10,4.23e-09
CCR7,-2.9389025,1.59e-11,4.24e-09
LOC100130713,1.2869627,8.65e-10,4.25e-09
C2ORF49,-0.5951032,8.65e-10,4.26e-09
POLR3K,0.6554286,8.67e-10,4.27e-09
NACA,-0.63064,8.68e-10,4.27e-09
CDK6,-0.33009857,8.33e-10,4.27e-09
RSL1D1,-0.8524986,8.7e-10,4.28e-09
SHMT2,0.40600385,8.37e-10,4.29e-09
GAR1,-0.5215741,8.74e-10,4.3e-09
TUBB,0.4989773,8.78e-10,4.31e-09
ZMYM2,-0.7064927,8.8e-10,4.32e-09
ERVH-4,0.7218005,8.89e-10,4.36e-09
FSCN1,0.8721677,8.88e-10,4.36e-09
PTPRK,-0.8722586,8.9e-10,4.36e-09
LRRC4B,0.7886791,8.91e-10,4.37e-09
C14ORF169,0.5181468,8.93e-10,4.38e-09
TNPO3,-0.7174118,8.95e-10,4.39e-09
HAS3,0.6680927,8.98e-10,4.4e-09
PIGU///PIGU,0.6666368,8.99e-10,4.41e-09
TRIM38,-1.0333614,9e-10,4.41e-09
CAPNS2,-0.6770927,9.01e-10,4.42e-09
MAP2K3,0.3293138,8.63e-10,4.42e-09
RHBDD2,0.9023682,9.01e-10,4.42e-09
SOX17,0.8079255,9.07e-10,4.44e-09
DNA2,-0.8524336,9.09e-10,4.45e-09
CCDC190,-1.01512366,8.69e-10,4.45e-09
UHRF2,-0.5691945,9.11e-10,4.46e-09
GNPTAB,-0.8448136,9.16e-10,4.48e-09
FBXL18,0.5503555,9.16e-10,4.48e-09
SNORD113-4,-0.74727678,8.76e-10,4.49e-09
PFKM,-0.6252086,9.23e-10,4.51e-09
DNER,-0.84272393,8.84e-10,4.52e-09
UBQLN4,0.5109232,9.34e-10,4.56e-09
GPX7,0.8206295,9.33e-10,4.56e-09
WNT7B,0.6809886,9.33e-10,4.56e-09
TMEM208,0.34393792,8.97e-10,4.58e-09
ABHD14B,0.6767305,9.4e-10,4.59e-09
MBLAC2,-0.5435436,9.41e-10,4.6e-09
ENTPD3,-0.39458856,9.03e-10,4.61e-09
TFCP2L1,0.66383533,9.11e-10,4.65e-09
AJUBA,0.9318323,9.56e-10,4.66e-09
THAP12,-0.8168014,9.6e-10,4.68e-09
LINC00165,1.072675,1.84e-11,4.69e-09
RAB3C,-0.35084385,9.21e-10,4.7e-09
CCK,1.5697175,1.86e-11,4.71e-09
CSPP1,-1.1325714,9.7e-10,4.73e-09
COLGALT1,0.6723795,9.72e-10,4.74e-09
GALNT6,-0.45805668,9.3e-10,4.75e-09
NIPSNAP1,0.5950632,9.76e-10,4.76e-09
SUGP1,-0.3679359,9.81e-10,4.78e-09
BPHL,0.6557582,9.83e-10,4.79e-09
BTBD9,-0.7502064,9.88e-10,4.81e-09
PTPN6,0.7169509,9.93e-10,4.83e-09
CLUH,0.5853309,1e-09,4.87e-09
TRAPPC6A,0.6556873,1e-09,4.88e-09
TMEM72,0.6327268,1.01e-09,4.91e-09
JADE1,-0.8660268,1.01e-09,4.92e-09
SH2D1B,1.3763282,1.01e-09,4.93e-09
NEPRO,-0.5354659,1.01e-09,4.93e-09
CD5L,1.2295464,1.01e-09,4.93e-09
ZSCAN18,0.5602927,1.02e-09,4.97e-09
HNRNPCL1///HNRNPC,-0.5872377,1.03e-09,4.98e-09
QARS,0.9062395,1.03e-09,4.98e-09
FKBP7,-0.28724049,9.78e-10,4.99e-09
BAALC,0.7225864,1.03e-09,5.01e-09
TCTN2,-0.68413291,9.87e-10,5.03e-09
FBXL13,-0.60881558,9.89e-10,5.04e-09
TMEM239,0.4846914,1.05e-09,5.07e-09
ENDOV,0.4354855,1.05e-09,5.08e-09
SCLT1,-0.8583609,1.05e-09,5.08e-09
MARCH8,0.7519514,1.05e-09,5.1e-09
HSD17B7P2,-1.0441518,1.06e-09,5.15e-09
LAIR2,0.6222932,1.06e-09,5.16e-09
BSDC1,0.5465968,1.07e-09,5.16e-09
DNAJB5,0.7435564,1.07e-09,5.18e-09
B3GNT4,0.4875168,1.07e-09,5.19e-09
RALGAPB,-0.7196468,1.07e-09,5.19e-09
TERC,0.8376014,1.07e-09,5.2e-09
ZNF562,-0.7549141,1.08e-09,5.21e-09
MIGA1,-0.6620605,1.08e-09,5.21e-09
PRCC,0.5649745,1.08e-09,5.23e-09
CTTNBP2,-1.0924882,1.08e-09,5.23e-09
SNORD4B,1.4548777,1.08e-09,5.23e-09
TSPY26P,0.6588618,1.08e-09,5.24e-09
PLK2,-0.54788097,1.04e-09,5.27e-09
CORO2B,0.8526836,1.09e-09,5.28e-09
TLK1,-0.668245,1.1e-09,5.31e-09
ABCG1,0.42952316,1.05e-09,5.32e-09
MMP12,-0.81697733,1.05e-09,5.34e-09
C1ORF189,-0.91044841,1.05e-09,5.35e-09
HIST1H2AK,0.8338955,1.11e-09,5.35e-09
GJB2,-0.30931001,1.05e-09,5.35e-09
LOC400867,0.6942418,1.11e-09,5.35e-09
SNX7,-0.9107091,1.11e-09,5.36e-09
SYNC,-0.8131686,1.11e-09,5.36e-09
TIMELESS,-0.5468914,1.11e-09,5.37e-09
TPI1,0.8340745,1.12e-09,5.41e-09
MGAT4A,0.37899419,1.07e-09,5.41e-09
DPAGT1,0.6449727,1.12e-09,5.43e-09
RPL17-C18ORF32///RPL17,-0.7817682,1.13e-09,5.46e-09
PTPN5,0.7130114,1.13e-09,5.46e-09
ATP6AP1L,0.63398742,1.08e-09,5.46e-09
P2RY2,0.8453209,1.14e-09,5.48e-09
SYNGR1,0.6585518,1.14e-09,5.49e-09
RSU1,0.5939782,1.14e-09,5.49e-09
CCDC13,-0.39136664,1.08e-09,5.5e-09
HBEGF,0.92740853,1.09e-09,5.51e-09
NSUN5,0.5797305,1.14e-09,5.51e-09
GABPB2,-0.32454319,1.09e-09,5.51e-09
TKFC,0.6151282,1.15e-09,5.52e-09
NUCB1,0.6276305,1.15e-09,5.54e-09
ZBTB5,-0.6000536,1.15e-09,5.55e-09
ZNF100,-1.0002418,1.15e-09,5.55e-09
RASSF8,0.29811205,1.1e-09,5.55e-09
SNORD59A,0.31641984,1.1e-09,5.57e-09
NDUFV2,0.5906782,1.16e-09,5.58e-09
SLC45A4,0.75956,1.16e-09,5.59e-09
PSMD4,-0.5907409,1.16e-09,5.6e-09
SYPL2,0.5777945,1.17e-09,5.62e-09
ASB16-AS1,0.7611814,1.17e-09,5.64e-09
HPS5,-0.8465941,1.17e-09,5.64e-09
DPY19L4,-0.6370468,1.17e-09,5.64e-09
CPB2,1.37803257,1.12e-09,5.65e-09
SVIL,-0.41267916,1.12e-09,5.65e-09
DVL1,0.5093682,1.18e-09,5.66e-09
GLO1,0.5711014,1.18e-09,5.66e-09
SRP72,-1.000135,1.18e-09,5.67e-09
FRAT1,0.28736247,1.12e-09,5.67e-09
ALG3,0.7608377,1.18e-09,5.68e-09
RIIAD1,-0.42102766,1.13e-09,5.7e-09
CHRM1,1.0089777,1.19e-09,5.71e-09
ZNF135,0.5758664,1.19e-09,5.71e-09
POU2AF1,-0.51121621,1.13e-09,5.72e-09
RAD18,-0.4678636,1.19e-09,5.72e-09
PTMS,0.7391518,1.2e-09,5.78e-09
NCR1,0.8648759,1.21e-09,5.8e-09
NXT1,0.5504123,1.22e-09,5.86e-09
PLA2G3,0.5689864,1.22e-09,5.87e-09
CFAP74,-0.70329547,1.16e-09,5.88e-09
ORM2,0.54933061,1.17e-09,5.91e-09
C9ORF47///S1PR3,-0.31549196,1.17e-09,5.92e-09
LAT2,0.32082301,1.18e-09,5.93e-09
ARMCX5-GPRASP2///GPRASP2,-0.6513082,1.24e-09,5.95e-09
P2RY10,-0.4797513,1.18e-09,5.97e-09
PLS3,-1.0072236,1.25e-09,5.99e-09
TCF7,0.5803259,1.25e-09,5.99e-09
FZD2,0.7547159,1.26e-09,6.02e-09
GALNT5///GALNT5,-1.7049536,1.26e-09,6.02e-09
LINC00597,-1.2011159,1.26e-09,6.04e-09
ALDH3B1,1.0540164,1.26e-09,6.04e-09
NLGN4X,0.48201457,1.2e-09,6.06e-09
RBM24,-0.44576852,1.21e-09,6.07e-09
ZNF26,-0.9269473,1.27e-09,6.07e-09
ARID1B,0.5626636,1.27e-09,6.08e-09
HARBI1,-0.6053232,1.28e-09,6.1e-09
XKR8,0.5934609,1.28e-09,6.14e-09
TAF3,0.3982223,1.29e-09,6.15e-09
HLA-J///HLA-H///HLA-B///HLA-A///HLA-A,0.52255,1.29e-09,6.16e-09
ANKDD1B,-0.47940443,1.22e-09,6.16e-09
NUDT16P1,0.6656964,1.3e-09,6.21e-09
SLC25A39,0.7565068,1.3e-09,6.23e-09
MDM4,-0.5056464,1.31e-09,6.24e-09
HLA-H///HLA-B///HLA-A///HLA-B///HLA-A,0.6036727,1.31e-09,6.24e-09
JUP,0.840245,1.31e-09,6.24e-09
CHDH,0.5889291,1.31e-09,6.25e-09
MANSC1,0.8391664,1.31e-09,6.25e-09
HELZ2,0.5625395,1.31e-09,6.26e-09
PSMA6,0.34761644,1.25e-09,6.26e-09
C8ORF4,-1.1269355,1.31e-09,6.27e-09
RRN3,-0.925555,1.32e-09,6.29e-09
ZNF879,-0.6585091,1.32e-09,6.29e-09
MTR,-0.8453727,1.32e-09,6.3e-09
RHBDF2,0.38655782,1.26e-09,6.3e-09
CLCF1,0.6764782,1.32e-09,6.32e-09
ERCC2,0.6869873,1.33e-09,6.32e-09
IFT27,-0.43770398,1.26e-09,6.33e-09
RPL41///RPL41,0.8028318,1.33e-09,6.34e-09
ALPL,0.73678799,1.26e-09,6.34e-09
SEMA4A,1.0126136,1.34e-09,6.37e-09
ROPN1L,-1.24318148,1.27e-09,6.38e-09
GDPGP1,0.6842414,1.34e-09,6.4e-09
ANKRD42,-0.50737069,1.28e-09,6.41e-09
CLDN8,-1.05351482,1.28e-09,6.43e-09
NR6A1,0.4764555,1.36e-09,6.46e-09
SLC35C1,0.7860532,1.36e-09,6.46e-09
MGAT4B,0.6961664,1.36e-09,6.46e-09
RHEB,0.30716502,1.29e-09,6.47e-09
CHST3,0.5095659,1.36e-09,6.47e-09
FOXC2,0.56405,1.37e-09,6.52e-09
SNAPC2,0.547905,1.37e-09,6.54e-09
IGBP1,-0.9480414,1.38e-09,6.56e-09
BAG2,-0.35885948,1.32e-09,6.59e-09
KCTD19,0.5043373,1.39e-09,6.59e-09
PSPH,-0.2906853,1.33e-09,6.63e-09
ABHD15,0.4734086,1.4e-09,6.64e-09
CPTP,0.6673832,1.4e-09,6.66e-09
KLHL11,-0.47236,1.41e-09,6.7e-09
SOBP,-0.29280002,1.34e-09,6.7e-09
TBRG1,0.4981868,1.42e-09,6.72e-09
ZBTB10,-0.3746259,1.42e-09,6.73e-09
ADPRH,0.8496359,1.42e-09,6.75e-09
CHD1L,-0.8925541,1.42e-09,6.75e-09
TTC7A,0.5233114,1.43e-09,6.77e-09
SRGAP2,0.33246391,1.36e-09,6.78e-09
TUBB2A,0.5747982,1.43e-09,6.79e-09
ZC3H14,-0.6662295,1.43e-09,6.79e-09
LDLRAP1,0.7889268,1.43e-09,6.8e-09
PODNL1,-0.28482179,1.37e-09,6.81e-09
RSPO4,0.6302291,1.44e-09,6.83e-09
DGCR8,-0.5785432,1.44e-09,6.84e-09
MAP2K4,-0.6230759,1.45e-09,6.87e-09
KLF6,0.46873299,1.38e-09,6.88e-09
PARD6B,0.3389499,1.38e-09,6.9e-09
TRIL,-0.31838783,1.39e-09,6.92e-09
SH2B2,0.5435068,1.48e-09,7.01e-09
DENND1C,0.6398973,1.48e-09,7.02e-09
LRCH4,0.5128855,1.49e-09,7.04e-09
TLR8,0.51183079,1.42e-09,7.05e-09
IFIH1,-1.0949245,1.49e-09,7.05e-09
RBBP5,-0.7059814,1.49e-09,7.06e-09
AKIP1,0.9121691,1.5e-09,7.07e-09
KDELC2,-0.6814295,1.49e-09,7.07e-09
KIAA1211,-0.30008802,1.42e-09,7.08e-09
DENND1B,-0.9450145,1.5e-09,7.09e-09
ATL1,-0.6279618,1.5e-09,7.1e-09
FAM198B,-1.2058836,1.5e-09,7.11e-09
SLC35E3,0.28295924,1.43e-09,7.12e-09
LASP1,0.5854491,1.51e-09,7.12e-09
MRFAP1L1,-0.847005,1.51e-09,7.13e-09
TMEM108,1.0360764,1.52e-09,7.18e-09
FOXP4,0.6658945,1.52e-09,7.18e-09
ATP12A,-0.73368312,1.45e-09,7.19e-09
ATG16L1,-0.6165559,1.52e-09,7.19e-09
LSM4,0.5473241,1.53e-09,7.22e-09
TGIF2,0.6136732,1.53e-09,7.23e-09
MBD1,-0.4533436,1.53e-09,7.24e-09
C11ORF1,0.9437241,1.54e-09,7.26e-09
BOLA2-SMG1P6///LOC101060386///SMG1P3///SMG1P1///SMG1P5///BOLA2///SMG1P2///SLC7A5P2///SMG1,-0.6910318,1.55e-09,7.29e-09
ZDHHC16,0.7498795,1.55e-09,7.33e-09
SNED1,-0.37970874,1.48e-09,7.34e-09
FGFBP2,1.376365,1.56e-09,7.34e-09
C1ORF229,0.6069009,1.56e-09,7.35e-09
PHKA1,-0.8173636,1.56e-09,7.35e-09
CEACAM1,0.8271245,1.58e-09,7.42e-09
MT1HL1,1.006485,1.58e-09,7.46e-09
UQCRQ,0.8395959,1.59e-09,7.48e-09
FBXO5,-0.7488727,1.59e-09,7.49e-09
RPA4,-0.853955,1.6e-09,7.51e-09
SERF2-C15ORF63///SERF2,0.553045,1.6e-09,7.51e-09
C2ORF54,0.7472323,1.59e-09,7.51e-09
ZNF805,-0.7034868,1.6e-09,7.55e-09
MLXIPL,0.75563,1.61e-09,7.56e-09
SPTBN1,0.3442907,1.52e-09,7.56e-09
WFDC5,1.0203975,3.26e-11,7.59e-09
FBXO38,-0.88544,1.62e-09,7.6e-09
TTC30A,-0.50073577,1.53e-09,7.6e-09
ABCB8,0.6085259,1.62e-09,7.62e-09
ZDHHC11,-0.53388468,1.54e-09,7.63e-09
DLL1,0.7615755,1.63e-09,7.65e-09
WDR54,-0.5169597,1.55e-09,7.65e-09
SSH1,0.91084,1.64e-09,7.69e-09
KDM6B,1.0378764,1.64e-09,7.72e-09
IPO7,-0.8649805,1.64e-09,7.72e-09
RPS18P9,0.6187936,1.66e-09,7.78e-09
KCTD7,0.7036368,1.66e-09,7.79e-09
SPATA4,-0.49847401,1.58e-09,7.79e-09
FRZB,-0.61234484,1.58e-09,7.81e-09
CRACR2A,-0.6931282,1.67e-09,7.84e-09
ZNF25,-0.8311691,1.68e-09,7.87e-09
GHDC,0.4901345,1.68e-09,7.88e-09
CCDC102B,-1.5672218,1.68e-09,7.89e-09
DUSP26,0.7552736,1.68e-09,7.89e-09
TAOK3,-0.9638695,1.68e-09,7.89e-09
COA7,-0.8006982,1.69e-09,7.91e-09
BTN2A3P,-0.7116591,1.69e-09,7.91e-09
CEP70,-1.1571673,1.69e-09,7.95e-09
LOC101929469,0.8904814,1.7e-09,7.98e-09
ZNF737///ZNF737,-0.55571649,1.62e-09,7.98e-09
PODXL2,0.5005786,1.71e-09,8e-09
ANXA4,-0.30401077,1.62e-09,8.01e-09
LOC388022,-0.9399005,1.72e-09,8.04e-09
GOLGA8R///GOLGA8O///GOLGA8M///GOLGA8K///GOLGA8T///GOLGA8J///GOLGA8S///GOLGA8N///GOLGA8EP,-0.6458982,1.72e-09,8.07e-09
ENPP4,-0.750815,1.72e-09,8.07e-09
ZMYM6,-0.5291373,1.73e-09,8.09e-09
ZNF212,-0.5062745,1.74e-09,8.14e-09
ZNF649,-0.8702573,1.74e-09,8.15e-09
ATXN7L3,0.5531277,1.74e-09,8.15e-09
KLHL36,0.4798077,1.76e-09,8.21e-09
FXYD5,0.6980845,1.76e-09,8.22e-09
OTUD1,0.8205841,1.76e-09,8.24e-09
ABCC13,0.6556875,3.7e-11,8.26e-09
SUV39H2,-0.6605168,1.78e-09,8.3e-09
MAGOHB,-0.6507364,1.78e-09,8.32e-09
FARP1,0.6399373,1.79e-09,8.35e-09
RBPMS,0.60482,1.79e-09,8.36e-09
ZSCAN23,-0.33627135,1.7e-09,8.38e-09
TATDN1,-0.7756036,1.8e-09,8.38e-09
MINPP1,-0.6002114,1.8e-09,8.38e-09
FAM109B,0.5813255,1.8e-09,8.38e-09
SNAI3,0.7445341,1.8e-09,8.39e-09
TJP1,0.34833718,1.7e-09,8.39e-09
PPIP5K1,-0.29487109,1.7e-09,8.39e-09
UBL4A,0.5108914,1.82e-09,8.46e-09
ATXN2,0.5312859,1.82e-09,8.47e-09
ANKRD1,1.59159794,1.73e-09,8.49e-09
ZNF138,-0.36097677,1.72e-09,8.49e-09
SOX18,0.6428832,1.82e-09,8.5e-09
MT1H,0.44479879,1.74e-09,8.54e-09
KCNK6,0.5470459,1.84e-09,8.56e-09
TAP1,0.8992,1.84e-09,8.59e-09
MIR155///MIR155HG,-0.55632289,1.76e-09,8.64e-09
ZFPM1,0.5333559,1.86e-09,8.65e-09
TSTD1///F11R,0.7787936,1.86e-09,8.65e-09
PUM1///PUM1,-0.6260809,1.87e-09,8.7e-09
SLC4A2,0.6447236,1.88e-09,8.74e-09
BCCIP,-0.7459232,1.88e-09,8.74e-09
CAP1,-0.7258591,1.89e-09,8.78e-09
QRSL1,-0.8078959,1.89e-09,8.79e-09
SCGB3A2,-1.22493599,1.8e-09,8.81e-09
CD320,0.6225632,1.92e-09,8.91e-09
CHEK2,-0.755315,4.1e-11,8.94e-09
GSTO2,0.6195418,1.93e-09,8.95e-09
ACSL4,-1.3314714,1.93e-09,8.96e-09
ABCC9,-1.1996132,1.95e-09,9.04e-09
C5AR1,0.9132486,1.96e-09,9.07e-09
DDHD1,-0.7409555,1.96e-09,9.1e-09
GTF2F2,-0.7682936,1.96e-09,9.11e-09
RPL4,-0.6868227,1.97e-09,9.13e-09
RMDN3,0.6601541,1.98e-09,9.19e-09
BANK1,-1.1390682,1.98e-09,9.19e-09
TFDP2,-0.38016616,1.88e-09,9.21e-09
ZFP14,-0.8779609,2e-09,9.25e-09
COX7A2,1.1035691,2e-09,9.26e-09
AFAP1L2,-0.29832559,1.9e-09,9.31e-09
REXO1L1P,0.6389259,2.01e-09,9.32e-09
SRP68,-0.6949209,2.02e-09,9.34e-09
DUS2,0.4968905,2.02e-09,9.34e-09
DAD1,1.1688591,2.02e-09,9.36e-09
PLPP5,-0.32251335,1.91e-09,9.37e-09
SLC37A4,0.5875968,2.03e-09,9.39e-09
FRMPD2B///FRMPD2,-0.67755942,1.92e-09,9.4e-09
TRABD,0.5134732,2.04e-09,9.41e-09
CLOCK,-0.8359564,2.04e-09,9.43e-09
LINC00575,0.5259595,2.04e-09,9.45e-09
MEF2C,-0.40225787,1.93e-09,9.45e-09
FZR1,0.4741873,2.05e-09,9.45e-09
RMND5B,0.47415,2.05e-09,9.48e-09
RPS4X,-0.4719182,2.06e-09,9.49e-09
B3GNT9,0.7579218,2.06e-09,9.53e-09
DPH2,0.693935,2.07e-09,9.55e-09
FOLR3,0.6210891,2.08e-09,9.6e-09
SHPK,0.5689782,2.09e-09,9.63e-09
RNF122,1.2829514,2.09e-09,9.63e-09
CITED4,0.66506,2.09e-09,9.64e-09
C7ORF50,0.6476586,2.09e-09,9.64e-09
RTN4RL1,0.6768036,2.1e-09,9.68e-09
CELSR3,0.46191,2.1e-09,9.68e-09
SPCS1,0.7732805,2.1e-09,9.7e-09
TRPC1,-0.40841343,2e-09,9.77e-09
RERE,0.5722468,2.13e-09,9.8e-09
PLEKHD1,0.6103995,2.13e-09,9.81e-09
SEC11C,-0.8198,2.14e-09,9.83e-09
AK7,-1.08331904,2.01e-09,9.84e-09
CASQ1,-0.29804191,2.02e-09,9.86e-09
UBE2L6,0.6035936,2.15e-09,9.87e-09
RNF128,1.2608182,2.15e-09,9.88e-09
C21ORF59///C21ORF59,-1.0440805,2.16e-09,9.94e-09
PPP2CB,0.27820961,2.04e-09,9.96e-09
STRAP,-0.6695336,2.17e-09,9.96e-09
PCYT1B,-0.42745297,2.05e-09,9.99e-09
TRNP1,0.5462732,2.19e-09,1e-08
DEPDC1B,-0.6137336,2.18e-09,1e-08
MEX3A,-1.41717,4.64e-11,1e-08
SORD,-0.51128444,2.05e-09,1e-08
BIN2,0.48721676,2.08e-09,1.01e-08
CWH43,-1.0061516,2.07e-09,1.01e-08
BLOC1S2,-0.6834291,2.2e-09,1.01e-08
RPL38,1.1751455,2.22e-09,1.02e-08
TBC1D13,0.6568618,2.22e-09,1.02e-08
FBN3,0.7697386,2.23e-09,1.02e-08
TCF21,0.552986,2.11e-09,1.03e-08
UGCG,-1.0244759,2.23e-09,1.03e-08
YPEL1,0.652775,2.25e-09,1.03e-08
C2ORF61,0.6248845,2.25e-09,1.03e-08
RPS2P32,0.5012341,2.23e-09,1.03e-08
GPR171,-1.2744809,2.23e-09,1.03e-08
MTX3,-0.6907536,2.28e-09,1.04e-08
DCK,-0.6760345,2.26e-09,1.04e-08
SIRT6,0.5734214,2.28e-09,1.04e-08
DYNC1H1,-0.8315709,2.27e-09,1.04e-08
C21ORF2,0.5017,2.28e-09,1.04e-08
KIAA1551,-1.0450464,2.28e-09,1.04e-08
CORO7-PAM16///CORO7,0.5913718,2.26e-09,1.04e-08
BACE1,0.7182059,2.28e-09,1.04e-08
MED12,0.5177718,2.26e-09,1.04e-08
RASGRF2,-0.46123972,2.14e-09,1.04e-08
PIP,-1.14626771,2.15e-09,1.04e-08
HAT1,-0.6126791,2.3e-09,1.05e-08
NEBL,1.066115,4.97e-11,1.05e-08
EIF3H,-0.5148605,2.3e-09,1.05e-08
PDE7A,-0.9035905,2.3e-09,1.05e-08
ACTR8,-0.91674,2.32e-09,1.06e-08
GNAT1,0.5827414,2.32e-09,1.06e-08
ATXN7,0.5754555,2.32e-09,1.06e-08
WDR37,-0.5278118,2.31e-09,1.06e-08
ST3GAL2,0.7534668,2.35e-09,1.07e-08
CHSY3,-0.34871981,2.21e-09,1.07e-08
ZNF43,-0.37737758,2.2e-09,1.07e-08
CBFB,-0.5093223,2.33e-09,1.07e-08
PLPPR2,0.548985,2.35e-09,1.07e-08
HDLBP,-0.7828064,2.35e-09,1.07e-08
RPIA,-0.6023077,2.35e-09,1.07e-08
EHHADH,-0.9804195,2.37e-09,1.08e-08
C7ORF43,0.5055527,2.37e-09,1.08e-08
LEMD3,-0.5175973,2.36e-09,1.08e-08
NIPA1,-0.6374823,2.37e-09,1.08e-08
CARD6,0.30662661,2.24e-09,1.08e-08
MLH3,-0.8657455,2.38e-09,1.09e-08
ZNF438///ZNF438,0.31511695,2.25e-09,1.09e-08
CHST5,-0.41273755,2.25e-09,1.09e-08
AMOT,-0.31730512,2.25e-09,1.09e-08
SDHD,1.0694877,2.4e-09,1.1e-08
TMC7,1.0874059,2.4e-09,1.1e-08
EXOSC1,0.6323382,2.41e-09,1.1e-08
NCOR1,-0.7117391,2.41e-09,1.1e-08
CREB3L2,-0.37862465,2.3e-09,1.11e-08
GCK,0.5498477,2.42e-09,1.11e-08
TREML1,0.5036959,2.45e-09,1.12e-08
CCDC69,0.30913967,2.31e-09,1.12e-08
SFTPD,0.76539733,2.32e-09,1.12e-08
OSTF1,0.30015688,2.31e-09,1.12e-08
SIGLEC8,0.5647645,2.46e-09,1.12e-08
DAAM1,-0.9458455,2.47e-09,1.12e-08
CEBPA,0.8859627,2.47e-09,1.13e-08
ODAM,1.4584975,5.5e-11,1.13e-08
FSCN2,0.675095,2.49e-09,1.13e-08
TAF6L,0.5959368,2.48e-09,1.13e-08
KRTCAP2,1.0079759,2.51e-09,1.14e-08
SYNDIG1L,0.6198845,2.51e-09,1.14e-08
KDM4A,-0.5983732,2.51e-09,1.14e-08
TRPC2,0.6609595,2.52e-09,1.15e-08
TUBBP5///TUBB8///TUBB8P7,0.6052182,2.53e-09,1.15e-08
ULBP1,0.39960166,2.39e-09,1.15e-08
BCL2L2,0.61333,5.66e-11,1.15e-08
MBTPS1,-0.61095,2.52e-09,1.15e-08
DDAH2,0.7588982,2.54e-09,1.16e-08
GPX3,2.2756575,5.75e-11,1.16e-08
1060P11.3///KIR2DS2///KIR2DL5B///KIR3DL3///KIR2DL5A///KIR3DS1///KIR3DL2///KIR3DL1///KIR2DS5///KIR2DS4///KIR2DS3///KIR2DS1///KIR2DL3///KIR2DL2///KIR2DL1///KIR3DS1///KIR3DL2///KIR3DL1///KIR2DS5///KIR2DS3///KIR2DL1,0.6375991,2.55e-09,1.16e-08
BCL7C,0.5263177,2.57e-09,1.17e-08
TRMT61A,0.4418495,2.57e-09,1.17e-08
FIS1,0.6977859,2.57e-09,1.17e-08
OXT,0.5871864,2.59e-09,1.17e-08
CNKSR1,0.7038173,2.58e-09,1.17e-08
GXYLT1,-0.58438,2.59e-09,1.17e-08
PIM1,1.2191005,2.59e-09,1.17e-08
BCL11B,-1.3430275,5.83e-11,1.17e-08
RFX2,-0.56997047,2.42e-09,1.17e-08
CDK5,0.6914623,2.61e-09,1.18e-08
NOB1,0.9040532,2.6e-09,1.18e-08
PLEKHA2,0.6257464,2.6e-09,1.18e-08
USP45,-0.6938355,2.6e-09,1.18e-08
TAF9B,0.5980805,2.62e-09,1.19e-08
SCAP,0.4691359,2.66e-09,1.2e-08
CUL1,-0.6788341,2.66e-09,1.2e-08
LAMTOR2,0.6360873,2.66e-09,1.2e-08
APOBR,0.34656381,2.5e-09,1.2e-08
KIR2DS2///KIR2DL5B///KIR3DL3///KIR2DL5A///KIR3DS1///KIR3DL2///KIR3DL1///KIR2DS5///KIR2DS4///KIR2DS3///KIR2DS1///KIR2DL3///KIR2DL2///KIR2DL1///KIR3DS1///KIR3DL2///KIR3DL1///KIR2DS5///KIR2DS3///KIR2DL1,0.37115495,2.51e-09,1.21e-08
RAB10,-0.47108,2.68e-09,1.21e-08
FTH1,0.29151037,2.51e-09,1.21e-08
LOC729173,0.6023086,2.68e-09,1.21e-08
PAPPA-AS1,-0.8363164,2.67e-09,1.21e-08
ERCC8,-0.7097714,2.67e-09,1.21e-08
ACOXL,0.73591275,2.54e-09,1.22e-08
ST3GAL4,0.7354673,2.71e-09,1.22e-08
PIGP,0.6988036,2.69e-09,1.22e-08
MEIS3///MEIS3P1,0.5804945,2.7e-09,1.22e-08
FOXF2,0.8233277,2.72e-09,1.23e-08
CEP19,-0.4060078,2.58e-09,1.24e-08
SLC16A6,0.55395985,2.58e-09,1.24e-08
BCAS3,-0.27890125,2.58e-09,1.24e-08
LOC101060405///RRN3P3///RRN3P1///RRN3P2///RRN3,-0.4948491,2.75e-09,1.24e-08
ATOX1,0.5831595,2.74e-09,1.24e-08
RIN1,0.4833677,2.76e-09,1.25e-08
TMED7-TICAM2///TICAM2///TMED7,-0.413825,2.77e-09,1.25e-08
SPOCK1,0.43905125,2.6e-09,1.25e-08
RABIF,0.5519045,2.77e-09,1.25e-08
CCR10,0.6101759,2.81e-09,1.26e-08
NDNF,-0.5425164,2.63e-09,1.26e-08
SLC44A1,-0.6873673,2.8e-09,1.26e-08
SUFU,0.5521764,2.8e-09,1.26e-08
HNRNPF,-0.7200109,2.82e-09,1.27e-08
EXOC6,-0.8775445,2.82e-09,1.27e-08
RHOD,0.7024486,2.85e-09,1.28e-08
OR5P2,1.6180477,2.84e-09,1.28e-08
PPP2R1B,-0.4733595,2.83e-09,1.28e-08
LAMA4,-1.0807336,2.88e-09,1.29e-08
RNF167,0.6338227,2.87e-09,1.29e-08
AGAP3,0.5060182,2.87e-09,1.29e-08
IHH,0.6508995,2.89e-09,1.3e-08
MFAP3,-0.9138027,2.88e-09,1.3e-08
JAK1,-0.9874764,2.89e-09,1.3e-08
MAN1A1,-0.7794614,2.89e-09,1.3e-08
COLGALT2,0.40133136,2.74e-09,1.31e-08
MAPK13,0.31192733,2.74e-09,1.31e-08
NAT8B,0.4774191,2.91e-09,1.31e-08
TRA2B,-0.5564586,2.9e-09,1.31e-08
C2ORF69///C2ORF47,0.5100055,2.93e-09,1.32e-08
DCN,-0.7994909,2.93e-09,1.32e-08
AK1,0.8675318,2.93e-09,1.32e-08
RUFY2,-0.6738055,2.95e-09,1.32e-08
USP44,0.36412162,2.76e-09,1.32e-08
ATP1B3,0.50361177,2.77e-09,1.33e-08
C2ORF73,-0.52035222,2.81e-09,1.34e-08
NDUFV3,0.5218441,2.99e-09,1.34e-08
ICAM1,1.6422855,2.99e-09,1.34e-08
SGK1,0.51986031,2.81e-09,1.34e-08
TDRD6,-0.7223282,3.01e-09,1.35e-08
PPIAL4C///PPIAL4A///PPIAL4G///PPIA,-0.3643286,3.01e-09,1.35e-08
ZC3H7A,-0.8622441,3.02e-09,1.35e-08
KCTD3,-0.9607955,3.04e-09,1.36e-08
C3ORF18,0.5099573,3.05e-09,1.37e-08
TMEM164,0.48418477,2.91e-09,1.38e-08
PTPN20,-0.64727516,2.91e-09,1.38e-08
TIGD5,0.6073095,3.08e-09,1.38e-08
MAP1B,-1.2268632,3.07e-09,1.38e-08
TMC6,0.5752577,3.09e-09,1.38e-08
MPDU1,1.0282064,3.09e-09,1.38e-08
SERP2,0.6446186,3.1e-09,1.39e-08
SLC7A4,0.4958686,3.1e-09,1.39e-08
APOO,0.9884832,3.12e-09,1.39e-08
FBXO15,-0.74907932,2.93e-09,1.39e-08
EXOG,-0.6647827,3.1e-09,1.39e-08
UMPS,-0.8372082,3.13e-09,1.4e-08
MIR103A2,-1.0754873,3.13e-09,1.4e-08
PPA2///PPA2,0.455105,3.16e-09,1.41e-08
FAM20B,-0.5306132,3.16e-09,1.41e-08
DHRS7,-0.6553932,3.16e-09,1.41e-08
GSPT1,-0.7241064,3.16e-09,1.41e-08
SPNS3,-0.6819225,7.35e-11,1.41e-08
RIC8B,-0.571455,3.18e-09,1.42e-08
EAF1,0.30963391,2.99e-09,1.42e-08
KIAA1456,-0.9366264,3.2e-09,1.43e-08
LGR6,-0.3117842,3.02e-09,1.43e-08
FCRL5,-0.76781916,3.01e-09,1.43e-08
C1ORF162,0.61369648,3.01e-09,1.43e-08
CBX2,0.5235932,3.21e-09,1.43e-08
PGBD2,-0.7298623,3.22e-09,1.44e-08
ASCC1,-0.5590509,3.22e-09,1.44e-08
IRAK2,0.42265388,3.05e-09,1.44e-08
SUOX,0.6560909,3.24e-09,1.45e-08
C8ORF58,0.48574,3.25e-09,1.45e-08
CFAP58,-0.61595126,3.06e-09,1.45e-08
MSANTD3-TMEFF1///MSANTD3,-0.5234591,3.26e-09,1.46e-08
USP32P2///USP32P1///USP32///USP6,-0.9366082,3.28e-09,1.46e-08
NME9,-0.63512517,3.11e-09,1.47e-08
IFT22,-0.42574088,3.1e-09,1.47e-08
ZNF90,-0.43754802,3.1e-09,1.47e-08
SLC10A4,0.5512059,3.29e-09,1.47e-08
LRRC20,0.5398259,3.31e-09,1.47e-08
FAM234A,0.4949236,3.31e-09,1.48e-08
HPF1,-0.7142345,3.33e-09,1.48e-08
ZDHHC9,0.8332595,3.33e-09,1.48e-08
GYG2,-0.29947941,3.12e-09,1.48e-08
GCDH,0.482745,7.85e-11,1.48e-08
IFT57,-1.1946986,3.33e-09,1.49e-08
BSN,0.4519823,3.34e-09,1.49e-08
KIF20A,-0.34567962,3.15e-09,1.49e-08
EXOC3L1,0.29164332,3.18e-09,1.5e-08
RSPH9,-0.50420611,3.19e-09,1.5e-08
GAS6-AS1///GAS6-AS1,-0.34351197,3.18e-09,1.5e-08
TRIM11,0.4124868,3.39e-09,1.51e-08
JPX,-1.1239459,3.39e-09,1.51e-08
ARPC5L,0.31775547,3.21e-09,1.51e-08
ZNF19,-0.8968677,3.41e-09,1.52e-08
TMEM39B,0.6846573,3.42e-09,1.52e-08
RSPH3,-0.40082951,3.22e-09,1.52e-08
GNAI1,-0.9303568,3.43e-09,1.53e-08
ZNF665,-0.803235,3.43e-09,1.53e-08
TRAJ17///TRAV12-2,-0.30581521,3.24e-09,1.53e-08
SNORA31///TPT1,-0.7391,3.46e-09,1.54e-08
APOH,0.49686597,3.26e-09,1.54e-08
PMS2P9///PMS2P7///PMS2P6///DTX2P1-UPK3BP1-PMS2P11///LOC441259///PMS2///PMS2P3///PMS2P5///PMS2P4///PMS2P2///PMS2P1///PMS2P6///PMS2P3///PMS2P2///PMS2P1,-0.33904487,3.27e-09,1.54e-08
TRIM41,0.5939355,3.47e-09,1.55e-08
ANKRD18A,-0.53965387,3.29e-09,1.55e-08
HINT1,0.8619995,3.5e-09,1.56e-08
CDH23,0.826475,3.52e-09,1.56e-08
FBXO17,0.5216691,3.5e-09,1.56e-08
ZFP90,-0.7812577,3.52e-09,1.56e-08
SKA2,-0.9488682,3.52e-09,1.57e-08
PRMT1,0.7890418,3.53e-09,1.57e-08
MAP4K5,-0.5759014,3.56e-09,1.58e-08
ALPK3,0.66201,3.55e-09,1.58e-08
CHORDC1,-1.2617995,3.61e-09,1.6e-08
PGC,1.30742729,3.43e-09,1.61e-08
DCUN1D5,-0.6294205,3.63e-09,1.61e-08
FCN1,0.41001426,3.42e-09,1.61e-08
SNORA44///SNHG12,0.5623714,3.63e-09,1.61e-08
GRK2,0.5620182,3.66e-09,1.62e-08
HRCT1,0.9606923,3.65e-09,1.62e-08
VIL1,0.51734,3.69e-09,1.63e-08
SLC35A5,-0.5865095,3.69e-09,1.63e-08
RYR1,0.4086459,3.69e-09,1.63e-08
CCDC24,-0.31443074,3.49e-09,1.64e-08
ZC2HC1A,-0.36986032,3.49e-09,1.64e-08
AZIN2,-0.76081,8.96e-11,1.65e-08
TLR6,-1.1243923,3.73e-09,1.65e-08
ZNF761///ZNF525///ZNF320///ZNF813///ZNF845///ZNF765///ZNF468///ZNF83///ZNF701///ZNF28,-0.4436441,3.75e-09,1.66e-08
LINC00337,0.5991377,3.75e-09,1.66e-08
USP2,-0.40155932,3.57e-09,1.67e-08
DBT,-0.7857491,3.77e-09,1.67e-08
GSTM2P1,0.59505,3.81e-09,1.68e-08
KCNC3,0.5503573,3.79e-09,1.68e-08
HLA-H///HLA-C///HLA-B///HLA-A///HLA-A,0.6220045,3.81e-09,1.68e-08
MISP3,0.6792318,3.85e-09,1.7e-08
CLN3,0.7596291,3.84e-09,1.7e-08
WRAP73,0.37155,3.85e-09,1.7e-08
ZDHHC18///ZDHHC18,0.7100477,3.85e-09,1.7e-08
YBX3,0.34720105,3.62e-09,1.7e-08
C1QTNF1,0.9767909,3.89e-09,1.71e-08
CHM,-0.669665,3.88e-09,1.71e-08
LTB,-2.3211425,9.64e-11,1.73e-08
CRTC1,0.5220418,3.93e-09,1.73e-08
AGK,-0.7146605,3.93e-09,1.73e-08
KCTD16,0.8404473,3.92e-09,1.73e-08
FAAP20,0.4455723,3.93e-09,1.73e-08
NR2F1,0.7331109,3.92e-09,1.73e-08
RAB21,-0.7262795,3.95e-09,1.74e-08
RBBP8,-0.8923436,3.95e-09,1.74e-08
HSPB6,1.1857723,3.96e-09,1.74e-08
SLC25A26,-0.4317514,3.96e-09,1.74e-08
STRN,-0.8043559,3.97e-09,1.75e-08
DCLRE1B,0.5837132,4.01e-09,1.76e-08
SPATA2,0.4978473,4.01e-09,1.76e-08
NUDT22///NUDT22,0.6121414,4e-09,1.76e-08
WDR4,0.37010264,3.77e-09,1.76e-08
RABL6,0.4618582,4e-09,1.76e-08
PRKCD,0.28629889,3.78e-09,1.77e-08
CCNYL1,0.31436066,3.8e-09,1.78e-08
CCL2///CCL2,2.1791973,4.05e-09,1.78e-08
VASN,0.7918541,4.05e-09,1.78e-08
LINC00665,0.8087777,4.06e-09,1.78e-08
RPL17,-0.8817495,4.04e-09,1.78e-08
AKAP8L,0.5382914,4.07e-09,1.79e-08
TPTEP1,0.8644445,4.09e-09,1.8e-08
HOXB4,0.5425086,4.1e-09,1.8e-08
KLF13,0.9200525,1.02e-10,1.81e-08
FAAH2,-0.4369497,3.89e-09,1.81e-08
FUT2,-0.46446617,3.87e-09,1.81e-08
PCDH12,1.0271195,4.12e-09,1.81e-08
IMPDH1,0.4637836,4.14e-09,1.82e-08
TVP23A,0.5756759,4.14e-09,1.82e-08
RMND5A,-0.7789432,4.15e-09,1.82e-08
TCN2,0.42029296,3.93e-09,1.83e-08
FGF12,1.13521,1.05e-10,1.84e-08
FMO6P,-0.62355377,3.98e-09,1.85e-08
FRMD3,0.31530386,3.97e-09,1.85e-08
FBXO4,-0.5196868,4.23e-09,1.85e-08
GDF7,0.5387736,4.23e-09,1.85e-08
SNORD73A///RPS3A,-0.8215155,4.22e-09,1.85e-08
SETD2,-0.6582268,4.23e-09,1.86e-08
PPP1R7,0.5144277,4.26e-09,1.87e-08
ZNF85,-0.5642977,4.28e-09,1.88e-08
ZNF493,-0.91623,4.29e-09,1.88e-08
C11ORF49,-0.29059032,4.04e-09,1.88e-08
F5,-1.4258564,4.31e-09,1.89e-08
FCGRT,0.7933777,4.35e-09,1.9e-08
MYPOP,0.55648,4.34e-09,1.9e-08
PCDH10,0.6006968,4.33e-09,1.9e-08
CLEC5A,-1.2768873,4.37e-09,1.91e-08
PPM1A,-0.5268541,4.37e-09,1.91e-08
TTC32,-0.6491491,4.36e-09,1.91e-08
SNORD1A,-1.2677832,4.36e-09,1.91e-08
KIF24,-0.37237272,4.13e-09,1.92e-08
SNORD42A,1.2829536,4.38e-09,1.92e-08
HNRNPD,-0.4598545,4.42e-09,1.93e-08
HMOX2,0.8667777,4.43e-09,1.94e-08
ATP6V1G2-DDX39B///ATP6V1G2,0.5116059,4.44e-09,1.94e-08
H3F3C,0.8613145,4.43e-09,1.94e-08
RPS2,0.31318255,4.18e-09,1.94e-08
SPRTN,-0.6043036,4.47e-09,1.95e-08
MKI67,-0.9184955,4.49e-09,1.96e-08
MICALL1,0.5280259,4.47e-09,1.96e-08
IDNK,0.4309177,4.5e-09,1.97e-08
FANCF///FANCF,-0.40329476,4.26e-09,1.98e-08
PKP4,-0.33198463,4.26e-09,1.98e-08
ACSF2,0.7265932,4.56e-09,1.99e-08
PTGR2,-0.9248668,4.55e-09,1.99e-08
MTO1,-0.6451623,4.56e-09,1.99e-08
CHRNB1,-0.30896838,4.28e-09,1.99e-08
HSPA14,-0.6154918,4.57e-09,2e-08
MPP7,-0.9786732,4.57e-09,2e-08
APLF,-0.30902229,4.34e-09,2.01e-08
ZNF324B,0.4939791,4.61e-09,2.01e-08
CHRAC1,0.6183018,4.6e-09,2.01e-08
DMKN,0.63346,4.59e-09,2.01e-08
SNRPB2,0.5719859,4.61e-09,2.01e-08
STOML2,0.8241782,4.61e-09,2.01e-08
DCHS1,0.8564182,4.63e-09,2.02e-08
TCEAL2,-0.723705,4.63e-09,2.02e-08
SYNM,-0.8576986,4.66e-09,2.03e-08
ABCC10,0.438795,4.67e-09,2.04e-08
HSPC102,0.36403364,4.4e-09,2.04e-08
DIO3,0.33393177,4.4e-09,2.04e-08
ARHGEF15,0.6983636,4.68e-09,2.04e-08
NSMCE1,0.7044345,4.71e-09,2.05e-08
INSC,0.5601477,4.7e-09,2.05e-08
ITGB7,-0.49757585,4.42e-09,2.05e-08
GSDMC,-0.33685346,4.47e-09,2.07e-08
TTC21A,-0.59744039,4.5e-09,2.08e-08
SMOC2,-0.59795106,4.53e-09,2.09e-08
SAMD15,-0.63731049,4.53e-09,2.09e-08
RAB3D,0.5519064,4.8e-09,2.09e-08
LARGE1,0.5146341,4.8e-09,2.09e-08
SYN3,0.4489618,4.8e-09,2.09e-08
ANKRD11,0.5792923,4.79e-09,2.09e-08
PAQR6,0.4666145,4.83e-09,2.1e-08
SAMD10,0.5290505,4.82e-09,2.1e-08
FITM2,0.30515573,4.57e-09,2.11e-08
CADM4,0.5194332,4.84e-09,2.11e-08
NDUFB8,0.9106123,4.85e-09,2.11e-08
SPAG9,-0.864165,4.85e-09,2.11e-08
MCU,-0.28003581,4.58e-09,2.11e-08
FAM109A,0.48713,4.85e-09,2.11e-08
CPED1,-0.48850648,4.58e-09,2.11e-08
PHOX2A,0.5041205,4.87e-09,2.12e-08
KYNU,-1.0765405,4.87e-09,2.12e-08
APMAP,0.28696532,4.61e-09,2.13e-08
WDR25,0.4245323,4.9e-09,2.13e-08
C16ORF71,-0.3596029,4.63e-09,2.13e-08
LYRM2,-0.681835,4.9e-09,2.13e-08
SLC25A25,0.47524365,4.64e-09,2.14e-08
HMG20B,0.7195373,4.96e-09,2.15e-08
HEXIM2,0.5689495,4.94e-09,2.15e-08
KRT6C///KRT6B///KRT6A///KRT5,-0.94564744,4.67e-09,2.15e-08
TMEM19,-0.6389659,4.95e-09,2.15e-08
TMCC2,0.5992536,4.94e-09,2.15e-08
SH3RF3,0.5877732,4.95e-09,2.15e-08
GRAMD3,-0.51020914,4.69e-09,2.16e-08
COL21A1,-0.44895192,4.73e-09,2.17e-08
PKHD1L1,0.78098402,4.72e-09,2.17e-08
LRRC75A-AS1,1.6696491,5.05e-09,2.19e-08
SEMA3G,0.8712064,5.05e-09,2.19e-08
ELOVL7,-1.0690177,5.04e-09,2.19e-08
ZNF689,0.3845536,5.04e-09,2.19e-08
PSMB2,0.65725,5.05e-09,2.19e-08
PRKCQ,0.43230378,4.76e-09,2.19e-08
KIAA2012,-0.74706365,4.76e-09,2.19e-08
KRTAP10-9,0.8018141,5.08e-09,2.2e-08
APBB1IP,0.41543228,4.79e-09,2.2e-08
ISG20L2,0.5021355,5.09e-09,2.2e-08
KIT,-1.2471818,5.09e-09,2.21e-08
RGS3,0.4864959,5.1e-09,2.21e-08
C11ORF16,-0.55489538,4.86e-09,2.23e-08
STX5,0.42623,5.14e-09,2.23e-08
MT1G,0.74154441,4.88e-09,2.24e-08
ATP6AP2,-0.4360636,5.2e-09,2.25e-08
UCP3,0.3541309,5.19e-09,2.25e-08
NNAT,0.63762,5.21e-09,2.25e-08
AQP9,0.83801696,4.93e-09,2.26e-08
SOCS1,0.8281864,5.22e-09,2.26e-08
HEXDC,0.4669491,5.25e-09,2.27e-08
CDC16,-0.553055,5.26e-09,2.28e-08
FAIM2,-0.49561278,5e-09,2.29e-08
ZBTB7C,-0.32016217,5.01e-09,2.3e-08
CMC1,-0.5193455,5.37e-09,2.32e-08
LRCH2,-1.2622659,5.39e-09,2.33e-08
SCART1,0.4113459,5.43e-09,2.34e-08
LOC101929950///LOC440434///NPEPPS,-0.4603541,5.42e-09,2.34e-08
EPS8,-0.9607845,5.42e-09,2.34e-08
CES1,0.40348032,5.14e-09,2.35e-08
PMS2P1,-0.30896131,5.15e-09,2.35e-08
PAQR5,0.520134,5.13e-09,2.35e-08
SLC25A24,-0.7339877,5.49e-09,2.37e-08
LGSN,-0.69199855,5.21e-09,2.38e-08
SUMO1P3,1.1069877,5.52e-09,2.38e-08
MIB2,0.5084473,5.52e-09,2.38e-08
AXL,0.710175,5.53e-09,2.38e-08
TUBA4B,-0.47391435,5.23e-09,2.39e-08
ACP2,0.7425309,5.54e-09,2.39e-08
ZNF70,0.5203741,5.57e-09,2.4e-08
C10ORF67,1.2995427,5.57e-09,2.4e-08
OSR2,-0.41941474,5.28e-09,2.41e-08
CCDC90B,-0.7085041,5.58e-09,2.41e-08
CARMN///MIR145,1.7444527,5.64e-09,2.43e-08
GHITM,0.26083393,5.36e-09,2.45e-08
ALDH1B1,-0.30598541,5.38e-09,2.45e-08
CAMK2G,0.5984218,5.7e-09,2.45e-08
SEPT4,0.38157464,5.36e-09,2.45e-08
UPB1,0.5657595,5.72e-09,2.46e-08
KIF27,-1.1033895,5.78e-09,2.48e-08
CDH11,-0.40442252,5.44e-09,2.48e-08
SFTPB,0.34269899,5.46e-09,2.49e-08
UBXN2A,-0.5797014,5.8e-09,2.49e-08
DBH,0.4420773,5.82e-09,2.5e-08
SYNDIG1,-1.4877325,1.49e-10,2.51e-08
C1QTNF7,-0.54491629,5.52e-09,2.51e-08
ETV7,0.5079182,5.91e-09,2.54e-08
KIAA1683,1.082465,5.91e-09,2.54e-08
PPL,0.36456745,5.59e-09,2.54e-08
TMEM119,0.9744009,5.94e-09,2.55e-08
FARS2,0.5844477,5.93e-09,2.55e-08
LOC388282,0.7160927,5.93e-09,2.55e-08
KREMEN1,0.572185,5.97e-09,2.56e-08
CAMK4,-0.47530402,5.65e-09,2.57e-08
DPT,-0.54410879,5.69e-09,2.58e-08
NADK,0.4563682,6.01e-09,2.58e-08
LRRC61,0.7246586,6.01e-09,2.58e-08
DYM,0.4912077,6.04e-09,2.59e-08
CHRNA10,0.4621695,6.06e-09,2.6e-08
GPC4,-0.7129045,6.08e-09,2.61e-08
SF3B4,0.6154895,6.09e-09,2.61e-08
IRF4,-0.6233384,5.77e-09,2.62e-08
TUBA1B,0.6114436,6.19e-09,2.65e-08
LINS1,-0.6115714,6.18e-09,2.65e-08
ZNF788,-0.6893705,6.18e-09,2.65e-08
TTC31,0.4594968,6.22e-09,2.66e-08
KIAA1107,-1.0544559,6.2e-09,2.66e-08
COL10A1,-0.33966321,5.88e-09,2.67e-08
KPNA5,-0.34053527,5.91e-09,2.68e-08
TMEM51,0.5881309,6.25e-09,2.68e-08
HOXD1,0.5283673,6.26e-09,2.68e-08
ZNF471,-0.7239023,6.25e-09,2.68e-08
ARL6,-1.0557418,6.29e-09,2.69e-08
KLHDC9,0.6432982,6.28e-09,2.69e-08
BTG3,-0.7483323,6.28e-09,2.69e-08
ADSL,0.29491463,5.96e-09,2.7e-08
ALDOAP2,0.5976777,6.31e-09,2.7e-08
IMPA2,0.29313557,5.98e-09,2.71e-08
PCDHB13,-0.4543598,5.98e-09,2.71e-08
EIF4EBP1,0.4931332,6.33e-09,2.71e-08
CHP1,0.6801682,6.39e-09,2.73e-08
HIST1H2BF,1.4836605,6.41e-09,2.74e-08
TAGLN2,0.8371177,6.42e-09,2.74e-08
SCAMP3,0.4769332,6.4e-09,2.74e-08
SERPINE2,-1.3449823,6.43e-09,2.74e-08
MFSD9,-0.4354591,6.42e-09,2.74e-08
HAUS1,0.758025,6.45e-09,2.75e-08
CACNA1F,0.4221432,6.44e-09,2.75e-08
TBKBP1,0.50415,6.48e-09,2.76e-08
EMC4///EMC4,0.9022527,6.48e-09,2.76e-08
EPC2,-0.6549695,6.48e-09,2.76e-08
MYZAP,1.731435,1.65e-10,2.76e-08
PPRC1,0.42115813,6.1e-09,2.76e-08
SSU72,0.28084752,6.09e-09,2.76e-08
YES1,0.27288003,6.12e-09,2.76e-08
SHH,0.7537309,6.46e-09,2.76e-08
IFT46,-0.44783776,6.13e-09,2.77e-08
ZBTB9,0.42400497,6.14e-09,2.77e-08
HIST1H3B,0.9201777,6.55e-09,2.79e-08
GOLGA8M///GOLGA8K///GOLGA8T///GOLGA8J///GOLGA8IP,-0.7974705,6.53e-09,2.79e-08
RBKS,-0.36209235,6.17e-09,2.79e-08
PIH1D3,-0.6570135,6.18e-09,2.79e-08
FOXB2,0.5175073,6.59e-09,2.81e-08
ACER2,-0.27397717,6.23e-09,2.81e-08
SLC37A1,0.6148968,6.58e-09,2.81e-08
SDHAP3///SDHAP2///SDHAP1///SDHA,-0.7555105,6.63e-09,2.82e-08
CYBB,-1.0912355,6.69e-09,2.85e-08
PDCL,-0.6577109,6.7e-09,2.85e-08
C15ORF48,-2.550795,1.72e-10,2.86e-08
LRRC58,0.6043677,6.74e-09,2.87e-08
C5ORF34,-0.6605673,6.74e-09,2.87e-08
UNC5C,-0.35714396,6.37e-09,2.87e-08
UVRAG,-0.6445227,6.73e-09,2.87e-08
PTX3,1.19632782,6.39e-09,2.88e-08
NAPSB,1.0674605,6.84e-09,2.91e-08
ATP7A,-0.7785264,6.83e-09,2.91e-08
MIR24-1///C9ORF3,-0.8781627,6.86e-09,2.92e-08
SCARNA6,1.1884545,6.89e-09,2.93e-08
AIM2,-1.8915773,6.89e-09,2.93e-08
PDE1B,0.9360905,6.9e-09,2.93e-08
TERF1,-0.7054377,6.94e-09,2.95e-08
REN,0.5925091,6.93e-09,2.95e-08
ING2,-0.8073632,6.98e-09,2.96e-08
TSSK3,0.5619145,6.96e-09,2.96e-08
KIAA0408,1.5171675,1.8e-10,2.98e-08
ARHGAP10,-0.9784968,7.02e-09,2.98e-08
VWA1,0.6156709,7.06e-09,2.99e-08
RAN,-0.5488491,7.05e-09,2.99e-08
GFER,0.5179641,7.07e-09,3e-08
OR2V2,0.5370077,7.06e-09,3e-08
POMGNT1,0.5067141,7.1e-09,3.01e-08
POU3F3,0.6360864,7.12e-09,3.02e-08
CACNA1S,0.6324309,7.15e-09,3.03e-08
C11ORF57,-0.6469468,7.15e-09,3.03e-08
CDK11B,-0.6081527,7.17e-09,3.04e-08
ZFP2,-0.6955014,7.21e-09,3.05e-08
FAM189A2,1.3990614,7.2e-09,3.05e-08
HCN4,0.4490018,7.23e-09,3.06e-08
LOC100996747///RPS26,1.1244409,7.24e-09,3.07e-08
M1AP,0.4756009,7.3e-09,3.09e-08
PDK4,0.88571137,6.88e-09,3.09e-08
ISOC2,0.5721714,7.33e-09,3.1e-08
SH3GLB2,0.5900668,7.32e-09,3.1e-08
COQ10A,0.6143209,7.36e-09,3.11e-08
SCN4A,0.5141009,7.35e-09,3.11e-08
NEDD8-MDP1///NEDD8,0.32547757,6.95e-09,3.12e-08
SULT1A1,0.94936,7.39e-09,3.12e-08
DDX60,-1.00652,7.39e-09,3.12e-08
CPXM1,-0.59264876,6.98e-09,3.13e-08
RPP25L,0.6273186,7.43e-09,3.14e-08
KCNK16,0.4725209,7.43e-09,3.14e-08
NOC4L///NOC4L,0.5598623,7.46e-09,3.15e-08
SPTBN5,0.4070064,7.46e-09,3.15e-08
NPTXR,0.5009668,7.45e-09,3.15e-08
CHRNA2,0.5344123,7.47e-09,3.15e-08
ANP32C,-0.44886,7.48e-09,3.16e-08
RAB9A,0.4796855,7.49e-09,3.16e-08
RAP2A,-0.8632609,7.5e-09,3.17e-08
ACSM3,0.64528928,7.07e-09,3.17e-08
RELT,0.5304936,7.51e-09,3.17e-08
ZSCAN20,-0.5636595,7.52e-09,3.17e-08
KPRP,0.3704491,7.5e-09,3.17e-08
ELK1,0.5542086,7.61e-09,3.21e-08
PAQR4,0.4966755,7.61e-09,3.21e-08
ARHGAP29,0.50663163,7.15e-09,3.21e-08
AKR1C2,0.61115846,7.17e-09,3.22e-08
DICER1,-0.9746577,7.67e-09,3.23e-08
LARP6,0.8079795,7.74e-09,3.26e-08
ZNF730///ZNF728///ZNF676///ZNF430///ZNF208///ZNF99///ZNF85///ZNF43,-0.6668,7.76e-09,3.27e-08
SOWAHD,0.4874282,7.8e-09,3.28e-08
CAMKK2,0.5115327,7.8e-09,3.28e-08
PPP2R3A,-0.9031541,7.81e-09,3.29e-08
MMRN2,0.886555,7.82e-09,3.29e-08
PURB,-0.4754264,7.82e-09,3.29e-08
FAM189A1,0.5509259,7.86e-09,3.3e-08
SYNPO2L,0.6182059,7.85e-09,3.3e-08
DDX59,-0.5944955,7.85e-09,3.3e-08
MCEE,-0.6488259,7.86e-09,3.3e-08
ZNF358,0.7431232,7.88e-09,3.31e-08
DGCR6,0.7911109,7.88e-09,3.31e-08
TOMM40,0.29130069,7.41e-09,3.32e-08
HDX,-0.7391577,7.91e-09,3.32e-08
OR10G4,0.5556177,7.91e-09,3.32e-08
UBE3C,-0.4458891,7.94e-09,3.33e-08
SCGB2A1,-0.28473551,7.43e-09,3.33e-08
ROGDI,0.7241932,7.94e-09,3.33e-08
ARMT1,-0.91576,7.95e-09,3.34e-08
MGAT1,0.29458368,7.47e-09,3.34e-08
ABHD17C,0.5209982,8e-09,3.36e-08
ANO4,-0.28538377,7.52e-09,3.36e-08
RPS28,1.8041255,8.03e-09,3.37e-08
CCL28,1.0139791,8.05e-09,3.38e-08
PBK,-0.9074645,8.07e-09,3.39e-08
DUS3L,0.6020686,8.12e-09,3.41e-08
ZBTB45,0.5187564,8.15e-09,3.42e-08
NEK9,-0.6919468,8.22e-09,3.45e-08
DBNL,0.2577636,7.72e-09,3.45e-08
CCNT2,-0.7609623,8.26e-09,3.46e-08
FAM49B,-0.5773736,8.26e-09,3.46e-08
CARD11,-0.28639303,7.79e-09,3.48e-08
CFL2,0.28748347,7.83e-09,3.49e-08
CTDSPL,0.6930745,8.34e-09,3.49e-08
ALKBH7,0.6124686,8.32e-09,3.49e-08
KIAA1549,0.9801875,2.21e-10,3.52e-08
LOC100130744,0.4713455,8.41e-09,3.52e-08
AGA,-0.6374832,8.43e-09,3.53e-08
MSTN,-0.5752245,8.44e-09,3.54e-08
UNC5A,0.4993986,8.46e-09,3.54e-08
ZNF682,-1.0830109,8.45e-09,3.54e-08
IMP4,0.27732548,7.97e-09,3.56e-08
JMY,-0.7429805,8.5e-09,3.56e-08
EIF4H,0.5298786,8.53e-09,3.57e-08
ITGA2,-0.6731345,8.02e-09,3.58e-08
LCA5L,-0.50632557,8.06e-09,3.59e-08
ABCC6,0.5735259,8.57e-09,3.59e-08
PRDM11,0.472935,8.62e-09,3.6e-08
CIB2,0.7643173,8.6e-09,3.6e-08
ABI3BP,1.0745395,8.63e-09,3.61e-08
MIIP,0.5201336,8.64e-09,3.61e-08
CD3G,-0.56593517,8.11e-09,3.61e-08
METTL2A,-0.6211641,8.64e-09,3.61e-08
NLRC5,0.659805,8.62e-09,3.61e-08
TIMM10B,0.4380791,8.65e-09,3.61e-08
SLC46A1,0.5946627,8.62e-09,3.61e-08
QTRT2,-0.8192832,8.63e-09,3.61e-08
FAM161A,-0.40608172,8.14e-09,3.62e-08
GTF3A,-0.5482186,8.7e-09,3.63e-08
GOLGA8R///GOLGA8O///GOLGA8N,-0.9083045,8.72e-09,3.64e-08
ZNF570,-0.6251727,8.72e-09,3.64e-08
AIMP1,-0.6444127,8.75e-09,3.65e-08
MPV17L,0.6763423,8.73e-09,3.65e-08
PRDX1,0.7078423,8.78e-09,3.66e-08
NLRX1,0.4035173,8.77e-09,3.66e-08
FTHL17,0.6675982,8.77e-09,3.66e-08
TCAIM,-0.5640932,8.8e-09,3.67e-08
ZDHHC7,0.3901141,8.83e-09,3.68e-08
KIAA1161,-0.27135703,8.28e-09,3.68e-08
HIST1H3J,0.6711777,8.86e-09,3.69e-08
HSP90AB3P,-0.9351082,8.86e-09,3.69e-08
ANKRD36BP1,0.8270445,8.87e-09,3.7e-08
FIG4,-0.7629082,8.88e-09,3.7e-08
TARP///TRGC2,1.2170264,8.87e-09,3.7e-08
CEP55,-0.4143785,8.35e-09,3.71e-08
TTC6,-0.51562808,8.38e-09,3.72e-08
SFMBT1,-0.592985,8.99e-09,3.74e-08
MAML3,0.7082436,9e-09,3.75e-08
MTMR2,-0.7922223,9.07e-09,3.77e-08
ZNF738,-0.27776769,8.51e-09,3.77e-08
OR5P1P,1.0507186,9.11e-09,3.79e-08
NIF3L1,0.4596486,9.13e-09,3.79e-08
SRXN1,0.31096127,8.6e-09,3.81e-08
CCDC94,0.488905,9.23e-09,3.83e-08
HSP90AA4P,-0.8840714,9.21e-09,3.83e-08
DUOX2,0.6796927,9.23e-09,3.83e-08
RAI2,0.573645,9.23e-09,3.83e-08
PPP1R13B,0.6966968,9.21e-09,3.83e-08
TRIM68,-0.31814031,8.69e-09,3.85e-08
LOC100287896,-0.36817939,8.7e-09,3.85e-08
STK38,-0.28076396,8.74e-09,3.87e-08
CIDECP,0.4430459,9.32e-09,3.87e-08
TNFAIP8L1,0.8583291,9.32e-09,3.87e-08
PRRT2,0.513035,9.32e-09,3.87e-08
SNTB2,0.5996009,9.38e-09,3.89e-08
LMBRD1,-0.5014964,9.38e-09,3.89e-08
RPL34,0.9697727,9.37e-09,3.89e-08
HCG27,0.4624259,9.37e-09,3.89e-08
HCK,0.59490073,8.78e-09,3.89e-08
SP2,0.6630645,9.37e-09,3.89e-08
SLC2A6,0.6078314,9.41e-09,3.9e-08
PTAFR,0.4998723,9.44e-09,3.91e-08
IER5L,0.5709836,9.46e-09,3.92e-08
C1ORF132///MIR29C,-1.3206618,9.47e-09,3.92e-08
JAM3,0.38850479,8.92e-09,3.95e-08
MZB1,-0.51276676,8.92e-09,3.95e-08
FARSA,0.5451091,9.59e-09,3.97e-08
FAM81A,-0.34661805,9e-09,3.98e-08
KCTD5,0.5753523,9.6e-09,3.98e-08
EPCAM,-1.0911495,9.6e-09,3.98e-08
MIR148B,-1.1907777,9.61e-09,3.98e-08
UBN1,-0.458695,9.63e-09,3.98e-08
CHST11,0.7506745,9.7e-09,4.01e-08
LOC146880,0.4460973,9.72e-09,4.02e-08
GINS1,-0.31297351,9.11e-09,4.02e-08
TEC,-0.8090591,9.79e-09,4.05e-08
BAIAP2L2,0.4813595,9.8e-09,4.05e-08
TIMM44,0.4636227,9.82e-09,4.06e-08
CLTB,0.6432886,9.85e-09,4.07e-08
GPD1L,0.41787246,9.24e-09,4.08e-08
RPS6KA4,0.4979682,9.87e-09,4.08e-08
UBALD2,0.6826341,9.9e-09,4.09e-08
UBA2,0.4513559,9.89e-09,4.09e-08
AEN,0.5119418,9.94e-09,4.1e-08
FAT4,-0.41218882,9.32e-09,4.11e-08
KIZ,-0.6796141,9.96e-09,4.11e-08
SERINC3,0.4759364,1e-08,4.13e-08
DUX4,0.6744709,1e-08,4.13e-08
RNASEK-C17ORF49///RNASEK///C17ORF49,0.6912041,1e-08,4.13e-08
TSPAN33,0.7256277,1e-08,4.13e-08
ANO5,-0.39791674,9.38e-09,4.14e-08
DSTNP2,0.30727928,9.41e-09,4.15e-08
TUBB4A,0.6107618,1.01e-08,4.16e-08
SLIT1,0.4519968,1.01e-08,4.17e-08
IFITM2,0.8450005,1.01e-08,4.18e-08
TRIM52,-0.5157282,1.02e-08,4.19e-08
C1ORF112,-0.27715204,9.54e-09,4.2e-08
TRBV5-4,-1.822045,2.78e-10,4.21e-08
LIMD1,0.6676377,1.03e-08,4.23e-08
DEFB108B,0.5592432,1.03e-08,4.24e-08
PPM1H,-0.27279557,9.66e-09,4.25e-08
SIGLEC1,0.74011,1.03e-08,4.26e-08
CHTF18,0.4451486,1.03e-08,4.26e-08
CNTNAP3B///CNTNAP3P2///CNTNAP3,-1.1983955,1.04e-08,4.27e-08
GRIN2A,-0.32969313,9.74e-09,4.28e-08
PPDPF,1.0748773,1.05e-08,4.31e-08
AIFM3,0.4287555,1.05e-08,4.32e-08
CGN,0.92559,2.94e-10,4.33e-08
DZANK1,-0.48433016,9.84e-09,4.33e-08
RNF141,-0.6774159,1.05e-08,4.33e-08
GPR68,0.4302405,1.06e-08,4.35e-08
CYP3A7-CYP3A51P///CYP3A7,0.54982085,9.91e-09,4.35e-08
ARHGAP39,-0.2851946,9.93e-09,4.36e-08
GADD45G,0.36122281,1e-08,4.41e-08
ZNF155,-0.6837745,1.08e-08,4.42e-08
RNF133,-1.1293005,1.08e-08,4.44e-08
CYP2F1,-0.87358305,1.01e-08,4.45e-08
PRLH,0.5976573,1.08e-08,4.46e-08
STK38L,-0.7077227,1.09e-08,4.46e-08
SRFBP1,-0.8951986,1.09e-08,4.47e-08
MOGS,0.6305505,1.09e-08,4.48e-08
EDA,0.8879725,3.07e-10,4.48e-08
IRX6,0.730535,1.1e-08,4.52e-08
LACE1,-0.5681282,1.1e-08,4.52e-08
EPDR1,0.4371175,3.12e-10,4.53e-08
ZSWIM4,0.565165,1.11e-08,4.54e-08
RAB11FIP3,0.3774282,1.11e-08,4.54e-08
MIR98,-0.5669355,1.12e-08,4.58e-08
WDR60,-0.8200773,1.12e-08,4.61e-08
PAQR3,-0.5111032,1.12e-08,4.61e-08
PPP1R36,-0.5380546,1.05e-08,4.62e-08
ESRRB,0.5588386,1.13e-08,4.63e-08
MAL,0.37850373,1.06e-08,4.64e-08
CSNK2A1,0.8820575,3.22e-10,4.64e-08
ZNF398,0.5001395,1.14e-08,4.65e-08
ZNF782,-0.5914573,1.13e-08,4.65e-08
FAM107B,-0.5306914,1.13e-08,4.65e-08
SLBP,0.3449445,1.13e-08,4.65e-08
APCDD1,0.8112036,1.14e-08,4.65e-08
MYH9,0.29562315,1.07e-08,4.68e-08
SLC29A3,-0.24858105,1.07e-08,4.68e-08
LRRC18,-0.44283017,1.07e-08,4.7e-08
ACRC,-0.7383327,1.15e-08,4.7e-08
ZNF611,-0.7006064,1.15e-08,4.7e-08
PLPP7,0.5465841,1.15e-08,4.7e-08
PSMA5,-0.8077577,1.15e-08,4.7e-08
CCNA1,-0.65627912,1.08e-08,4.71e-08
BICD1,-0.7815064,1.15e-08,4.72e-08
GMNN,-0.9304832,1.15e-08,4.72e-08
GPRC5A,1.1275427,1.15e-08,4.72e-08
TMEM106B,-0.28633633,1.08e-08,4.75e-08
TTC12,-0.41913257,1.08e-08,4.75e-08
KLF3,0.5730368,1.16e-08,4.75e-08
SLFNL1,0.5217327,1.16e-08,4.75e-08
TLE2,0.6243618,1.17e-08,4.76e-08
SLC13A2,1.0078859,1.17e-08,4.78e-08
E4F1,0.4314836,1.17e-08,4.78e-08
FAM63B,-0.5903286,1.17e-08,4.78e-08
KIAA0391,-0.5351873,1.18e-08,4.81e-08
TOM1,0.4605395,1.18e-08,4.81e-08
LINGO3,0.4904745,1.18e-08,4.81e-08
OSER1,-0.7438623,1.18e-08,4.82e-08
ZBTB42,0.6384936,1.18e-08,4.82e-08
NFATC1,0.7621186,1.18e-08,4.82e-08
CFD,1.197715,1.18e-08,4.82e-08
C9ORF116,-0.5173004,1.1e-08,4.82e-08
PYM1,0.4729691,1.18e-08,4.83e-08
KRTAP2-3///KRTAP2-2///KRTAP2-4///KRTAP2-1,0.57471,1.19e-08,4.84e-08
ACOX3,0.4586123,1.19e-08,4.87e-08
LGI4,0.40654531,1.12e-08,4.88e-08
CHIAP2,1.9827127,1.2e-08,4.88e-08
SLC28A3,-0.51883868,1.12e-08,4.89e-08
C1RL,0.5858045,1.2e-08,4.9e-08
WSB2,0.5750055,1.21e-08,4.92e-08
MSRA,0.5148245,1.21e-08,4.92e-08
VPS72,0.6390277,1.22e-08,4.96e-08
ZNF469,-1.7958925,3.5e-10,5e-08
BBOX1,-0.37165565,1.14e-08,5e-08
PPP1R42,-0.62708973,1.15e-08,5.01e-08
CD40,0.5647891,1.23e-08,5.01e-08
UBBP4,0.7640682,1.23e-08,5.02e-08
AGR2,-1.7707173,1.23e-08,5.02e-08
DNAJA3,0.4055468,1.25e-08,5.1e-08
BST2,1.070275,1.25e-08,5.1e-08
ME3,0.538245,1.26e-08,5.11e-08
SLC6A14,1.08909473,1.18e-08,5.15e-08
CDC27,-0.8358259,1.27e-08,5.16e-08
TCEAL8,-0.6822323,1.28e-08,5.18e-08
CTSV,-0.5760709,1.28e-08,5.2e-08
CLCN7,0.28417901,1.2e-08,5.24e-08
CSF2RB,0.8760205,1.3e-08,5.3e-08
IGFBP4,-0.35126863,1.22e-08,5.31e-08
TMEM192,-0.5364032,1.31e-08,5.32e-08
CNTD1,-0.44394153,1.23e-08,5.35e-08
SLC35D2,0.29191282,1.24e-08,5.37e-08
NDUFS6,-0.6499282,1.33e-08,5.39e-08
YTHDF1,0.4167345,1.33e-08,5.39e-08
GADD45B,0.54453852,1.24e-08,5.4e-08
TMEM267,-0.7198036,1.33e-08,5.4e-08
CCT3,-0.6422123,1.34e-08,5.42e-08
RRM2,-1.0288223,1.34e-08,5.42e-08
FGL2,-1.2167082,1.34e-08,5.42e-08
FAM170B,0.4784218,1.34e-08,5.42e-08
ICA1,-0.7455227,1.35e-08,5.46e-08
ZPR1,0.35760287,1.26e-08,5.46e-08
HCG8,0.7438582,1.35e-08,5.47e-08
HMGB2,-0.7597691,1.36e-08,5.51e-08
CDC42EP5,0.5758859,1.36e-08,5.52e-08
WDFY3,-0.8511477,1.37e-08,5.53e-08
COL26A1,0.5487755,1.37e-08,5.53e-08
RPS6KB2,0.565655,1.37e-08,5.53e-08
RPS3A,-0.6756136,1.37e-08,5.53e-08
SH3BP2,0.2659186,1.28e-08,5.54e-08
ZFYVE27,0.3839264,1.37e-08,5.55e-08
CD7,0.6302618,1.38e-08,5.6e-08
BOLA3,0.662265,1.38e-08,5.6e-08
PRKAB2,0.5590227,1.39e-08,5.62e-08
CFAP100,-0.478509,1.3e-08,5.64e-08
MEX3C,0.3612414,1.4e-08,5.65e-08
ITGBL1,-0.58827031,1.31e-08,5.69e-08
AFAP1,-0.29342934,1.32e-08,5.7e-08
CPT2,0.26319484,1.32e-08,5.71e-08
PLBD2,0.6868818,1.42e-08,5.73e-08
BCL2L2-PABPN1///BCL2L2,-0.5290895,1.42e-08,5.73e-08
PPP1R10,0.6140223,1.42e-08,5.74e-08
IRX2,0.6790418,1.42e-08,5.75e-08
MIF///MIF-AS1///MIF,1.1325945,1.43e-08,5.79e-08
SH2D2A,0.7381523,1.44e-08,5.82e-08
RPUSD4,-0.5092218,1.44e-08,5.82e-08
COPA,-0.7406645,1.45e-08,5.83e-08
PALB2,-0.6844595,1.45e-08,5.83e-08
GLI1,-1.593375,4.34e-10,5.83e-08
RASA4B///RASA4CP///POLR2J4///RASA4,0.672865,1.46e-08,5.88e-08
KCNG3,0.62766,1.46e-08,5.88e-08
KIF17,0.4884905,1.46e-08,5.89e-08
VPS25,0.9637191,1.46e-08,5.89e-08
OPHN1,0.37789417,1.37e-08,5.9e-08
LOC400464,0.4712264,1.46e-08,5.9e-08
ANKRD29,1.363415,1.47e-08,5.92e-08
HOXA-AS2,1.1087777,1.47e-08,5.92e-08
SCN1B,0.4806159,1.47e-08,5.92e-08
STYK1,-0.7284641,1.47e-08,5.94e-08
MAD2L2,0.5822768,1.48e-08,5.95e-08
GATC,0.4212982,1.48e-08,5.96e-08
SNHG1///SNORD27,-0.9823659,1.5e-08,6.01e-08
KRT8,-0.56061261,1.39e-08,6.01e-08
TNFSF13B,-0.58735511,1.4e-08,6.03e-08
PCDHGA1///PCDHGA2///PCDHGA3///PCDHGA4///PCDHGA5///PCDHGA6///PCDHGA7///PCDHGA9///PCDHGA10///PCDHGA11///PCDHGB1///PCDHGB2///PCDHGB3///PCDHGB5///PCDHGB6///PCDHGB7///PCDHGC4///PCDHGC5///PCDHGA12///PCDHGA8///PCDHGB4///PCDHGC3,0.4743964,1.5e-08,6.04e-08
HADH,-0.6625373,1.52e-08,6.09e-08
TVP23C,-0.40047212,1.42e-08,6.1e-08
FKBP1A-SDCBP2///SDCBP2,0.41957,1.52e-08,6.11e-08
TMEM219,0.5142659,1.53e-08,6.13e-08
SEMA4C,0.7360959,1.53e-08,6.13e-08
AQP3,-0.50780094,1.43e-08,6.14e-08
BTD,0.4816118,1.53e-08,6.15e-08
UBE2T,-0.32781587,1.43e-08,6.15e-08
EFTUD2,0.28066751,1.43e-08,6.17e-08
SOX15,0.5022845,1.54e-08,6.17e-08
POLD1,0.5815541,1.54e-08,6.19e-08
NPC1L1,0.5209555,1.54e-08,6.2e-08
NFKBIE,-1.2077475,4.71e-10,6.21e-08
LRRC15,-0.37855025,1.44e-08,6.21e-08
PPP2R1A,0.6776795,1.55e-08,6.22e-08
TNP2,0.6650782,1.56e-08,6.27e-08
NOXA1,0.5151923,1.56e-08,6.27e-08
FEM1C,-0.6732727,1.56e-08,6.27e-08
NMRAL1P1,0.25723273,1.46e-08,6.28e-08
PLEKHM1,0.31188376,1.46e-08,6.29e-08
EXO1,-0.6826732,1.57e-08,6.3e-08
PHLDB3,-0.9294675,4.89e-10,6.34e-08
HIST2H2AC,0.9887291,1.59e-08,6.36e-08
MAF1,0.5964714,1.59e-08,6.37e-08
KLK13,-0.29795397,1.49e-08,6.39e-08
OLFM1,0.5280173,1.6e-08,6.4e-08
PDXP,0.5248736,1.61e-08,6.45e-08
LINC00982,0.5574068,1.62e-08,6.47e-08
RBM15,-0.4436641,1.62e-08,6.49e-08
GADL1,-0.37570398,1.52e-08,6.51e-08
ZNF614,-0.8132923,1.63e-08,6.53e-08
NHLRC2///NHLRC2,-0.7024809,1.64e-08,6.57e-08
HINFP,0.5416191,1.64e-08,6.57e-08
MYL4,0.657675,1.65e-08,6.58e-08
TSPAN5,-0.31569347,1.54e-08,6.6e-08
EXTL3,-0.4846136,1.65e-08,6.61e-08
IL13,0.75282,1.66e-08,6.62e-08
NKX2-6,0.5013295,1.66e-08,6.63e-08
ZMYM4,-0.5545036,1.66e-08,6.65e-08
FAM136A,-0.4273877,1.68e-08,6.71e-08
MRPL52,0.5012941,1.69e-08,6.75e-08
LILRA4,0.5179814,1.69e-08,6.75e-08
CHST14,0.5257468,1.69e-08,6.75e-08
TOMM34,-0.29945692,1.58e-08,6.76e-08
DDX17,-0.49265,1.7e-08,6.76e-08
FAM84A,0.57316,1.72e-08,6.86e-08
KANSL1,0.3862673,1.72e-08,6.86e-08
LOC400499,0.2969303,1.61e-08,6.88e-08
RDH11,-0.5892741,1.73e-08,6.9e-08
CLCN5,0.29910557,1.61e-08,6.91e-08
SCN2B,-0.29616488,1.61e-08,6.91e-08
MYH7B,0.4830505,1.74e-08,6.92e-08
PCSK7,0.4532086,1.75e-08,6.95e-08
INSM1,0.5200259,1.75e-08,6.98e-08
COCH,-0.26085177,1.63e-08,6.99e-08
MLLT3,-0.36024087,1.64e-08,7.02e-08
BTG4,-0.35467121,1.65e-08,7.04e-08
BUB1B,-0.31189649,1.65e-08,7.04e-08
SNORD117,0.6057427,1.77e-08,7.06e-08
BEAN1,0.4673568,1.78e-08,7.08e-08
LRRC28,0.499515,1.78e-08,7.1e-08
ZNF454,0.4896355,1.79e-08,7.1e-08
COX19///ADAP1,-0.4509641,1.8e-08,7.15e-08
ZNF423,-0.26570415,1.68e-08,7.18e-08
EPHA1,0.5597714,1.8e-08,7.18e-08
LOC93622,0.25726308,1.69e-08,7.2e-08
LOC100129345,0.4679905,1.82e-08,7.22e-08
RNF185,0.6325827,1.82e-08,7.22e-08
CFAP77,-0.48000276,1.7e-08,7.23e-08
RYR2,-1.05999,1.82e-08,7.24e-08
ANTXR2,-0.6764814,1.82e-08,7.24e-08
CD69,-1.21789,1.83e-08,7.29e-08
INMT-FAM188B///FAM188B,0.9177695,1.83e-08,7.29e-08
TRMT12,-0.7772527,1.83e-08,7.29e-08
RBM3,0.32241024,1.71e-08,7.29e-08
ARHGAP11B,-0.9629377,1.84e-08,7.3e-08
TMEM187,0.6252609,1.84e-08,7.3e-08
ANKRD12,-0.8425059,1.84e-08,7.31e-08
LSP1,0.7210305,1.84e-08,7.32e-08
RNF166,0.5001764,1.85e-08,7.32e-08
ITGA7,-0.9474223,1.84e-08,7.32e-08
TMEM205,0.9061786,1.85e-08,7.33e-08
NRROS,0.59311,1.85e-08,7.33e-08
SOX3,0.5487655,1.85e-08,7.34e-08
C4ORF48,-1.1080725,5.87e-10,7.34e-08
METTL25,-0.26744193,1.72e-08,7.34e-08
DACH1,0.47443622,1.73e-08,7.35e-08
SF3A3,-0.6179136,1.85e-08,7.35e-08
ORMDL3,-0.4952555,1.86e-08,7.36e-08
HIST1H2BG,0.9214786,1.86e-08,7.36e-08
DNAJC8,-0.605875,1.86e-08,7.39e-08
MAST2,0.3944282,1.87e-08,7.39e-08
CXCR3,0.6926345,1.87e-08,7.4e-08
IZUMO4,0.4379777,1.87e-08,7.41e-08
LHX9,0.6618095,1.88e-08,7.44e-08
ADCY8,0.7074859,1.88e-08,7.46e-08
CMTM6,-0.4833918,1.89e-08,7.47e-08
SCN3A,-1.1241305,1.89e-08,7.48e-08
TMEM120B,0.557065,1.89e-08,7.48e-08
C10ORF10,1.3337691,1.9e-08,7.53e-08
KCNS1,0.5640275,6.08e-10,7.55e-08
NAA40,-0.30438299,1.78e-08,7.58e-08
RGS11,0.4967845,1.92e-08,7.59e-08
TRMT5,-0.6933786,1.92e-08,7.6e-08
KLHDC2,-0.6120759,1.92e-08,7.61e-08
FMO3,-0.59844734,1.79e-08,7.62e-08
MFSD11,0.4701114,1.93e-08,7.63e-08
ARFGAP3,-0.7776864,1.93e-08,7.64e-08
FLJ42022///CLK3,0.3754055,1.94e-08,7.67e-08
LPIN1,-0.7596109,1.94e-08,7.68e-08
SASH3,0.6036623,1.94e-08,7.68e-08
WDR31,-0.40984138,1.81e-08,7.69e-08
ARSJ,-0.38805294,1.81e-08,7.69e-08
KIF14,-0.8110609,1.95e-08,7.7e-08
ADAMTS17,0.5437009,1.95e-08,7.7e-08
LOC645513///SEPT7P2///SEPT7P9,-0.508865,1.96e-08,7.74e-08
COX6B2,0.4986627,1.96e-08,7.74e-08
LOC81691,-0.6008109,1.96e-08,7.75e-08
EIF4EBP2,0.5144273,1.96e-08,7.76e-08
ABHD8,0.5620764,1.97e-08,7.77e-08
DYDC2,-0.44851174,1.83e-08,7.79e-08
SAMD14,0.5387023,1.98e-08,7.83e-08
FCGR2A,0.9807814,1.99e-08,7.86e-08
SNHG17///SNORA71B,0.9009818,1.99e-08,7.86e-08
LMBR1L,0.5343918,1.99e-08,7.86e-08
WARS,0.9284905,2.01e-08,7.91e-08
CNOT1,-0.7945236,2.01e-08,7.92e-08
COMMD5,0.3955959,2.01e-08,7.92e-08
PTPRJ,0.34479378,1.88e-08,7.98e-08
KCTD1,-0.35225726,1.88e-08,7.98e-08
EMB,-0.7202705,2.03e-08,8e-08
LRIG2,-0.5523968,2.03e-08,8e-08
GP9,0.4396314,2.04e-08,8.04e-08
ZC3H18,0.3957923,2.04e-08,8.04e-08
SETD6,0.3803505,2.05e-08,8.08e-08
VPS37C,0.4691827,2.05e-08,8.08e-08
IGLL5,-2.7623725,6.62e-10,8.08e-08
SPHK1,0.9115618,2.06e-08,8.1e-08
ACE2,1.232865,6.69e-10,8.14e-08
PDSS1,0.37830584,1.93e-08,8.18e-08
EID3,0.32839083,1.93e-08,8.19e-08
TMSB4XP2,0.43969,2.09e-08,8.24e-08
LRRC3,0.5241064,2.1e-08,8.25e-08
SPRY1,-0.30763439,1.95e-08,8.26e-08
FAM103A1,0.36181534,1.95e-08,8.26e-08
LOC100505502///LOC646700///LOC392364,0.4762482,2.1e-08,8.27e-08
RMRP,1.5373686,2.1e-08,8.28e-08
CTNNA1,-0.8081573,2.11e-08,8.28e-08
NCR3,0.6354523,2.11e-08,8.3e-08
CERK,0.5055705,2.11e-08,8.3e-08
DEPDC1,-0.8860482,2.12e-08,8.35e-08
GPX1,1.1772818,2.12e-08,8.35e-08
C9ORF131,0.49567412,1.98e-08,8.37e-08
CRIPT,-0.7263177,2.13e-08,8.37e-08
DNAJC16,-0.6612241,2.13e-08,8.38e-08
SESN2,0.57205,2.13e-08,8.38e-08
NKAPP1,-0.32796997,1.99e-08,8.41e-08
GIMAP6,0.47618893,1.99e-08,8.42e-08
OGFOD2,0.5569555,2.15e-08,8.42e-08
PSMD13,0.27963643,1.99e-08,8.43e-08
LKAAEAR1,0.5153468,2.15e-08,8.44e-08
POTEF///POTEJ///POTEM///POTEE///POTEKP,0.3972273,2.15e-08,8.44e-08
MTFR1L,0.4217195,2.15e-08,8.45e-08
FHL1,1.0423364,2.16e-08,8.46e-08
APOC1,1.4021918,2.16e-08,8.46e-08
ASIC3,0.4639827,2.16e-08,8.48e-08
GEMIN7,0.6482395,2.17e-08,8.49e-08
NDC1,-0.4463077,2.18e-08,8.53e-08
GNG2,-0.34103566,2.03e-08,8.57e-08
METTL7A,1.1400925,7.15e-10,8.57e-08
SP6,0.5625618,2.19e-08,8.58e-08
HERC2P4///HERC2P9///HERC2P2///HERC2P3///HERC2,-0.8436909,2.2e-08,8.64e-08
TOX4,0.4692868,2.21e-08,8.67e-08
TNFRSF10A,-0.61494,2.22e-08,8.68e-08
CKAP4,0.4702386,2.22e-08,8.69e-08
FAM160B1,-0.6216105,2.22e-08,8.69e-08
LLPH///LLPH-AS1///LLPH,-0.6324605,2.23e-08,8.71e-08
HNMT,-0.31098046,2.06e-08,8.71e-08
CDAN1,0.3784255,2.23e-08,8.74e-08
LOC100129884///LOC100129884,0.29782957,2.07e-08,8.74e-08
NCAPD3,-0.625585,2.23e-08,8.75e-08
LOC102724229,0.9889282,2.24e-08,8.76e-08
LOC105375355///PMS2P9///PMS2P7///PMS2P6///DTX2P1-UPK3BP1-PMS2P11///LOC441259///DTX2///PMS2///PMS2P3///PMS2P5///PMS2P4///PMS2P2///PMS2P1///PMS2P6///PMS2P3///PMS2P2///PMS2P1,-0.36330969,2.09e-08,8.8e-08
ITM2A,1.0163877,2.26e-08,8.82e-08
XRCC6,-0.6834505,2.26e-08,8.83e-08
IGLV6-57,-2.32031,7.41e-10,8.83e-08
RILP,0.6269836,2.26e-08,8.84e-08
TP53BP2,0.28127637,2.1e-08,8.84e-08
PARP4,-0.8275282,2.26e-08,8.85e-08
NUP43,-0.5784209,2.27e-08,8.88e-08
ANGPTL7,0.6278736,2.28e-08,8.9e-08
PPM1K///PPM1K,-0.65665,2.28e-08,8.9e-08
TRIP4,-0.5959995,2.29e-08,8.95e-08
KIF18B,0.5192191,2.29e-08,8.96e-08
EPB42,0.4702845,2.3e-08,9e-08
RPL13AP5///RPL13AP3///RPL13AP20///RPL13A,0.4846045,2.32e-08,9.04e-08
ZNF354C,-0.4803541,2.32e-08,9.04e-08
FAHD2B///FAHD2A,0.4125541,2.32e-08,9.07e-08
MOSPD3,0.5937927,2.33e-08,9.07e-08
SSC5D,0.5047477,2.34e-08,9.13e-08
SNORD83A,0.28691579,2.17e-08,9.14e-08
ZNF547///TRAPPC2B,-0.5814559,2.35e-08,9.15e-08
PPM1N,0.5857345,2.35e-08,9.15e-08
ECM1,-0.28923153,2.18e-08,9.18e-08
DEUP1,-0.4059853,2.18e-08,9.18e-08
HSPB8,1.00128,2.36e-08,9.19e-08
ERVK3-1,0.4906605,2.36e-08,9.21e-08
LOC100128653,0.5030559,2.38e-08,9.26e-08
DDX24,-0.6750609,2.38e-08,9.26e-08
NR3C1,-0.5905827,2.38e-08,9.26e-08
TMTC4,-0.5139641,2.38e-08,9.26e-08
TM6SF2,0.4734605,2.38e-08,9.26e-08
AVL9,-0.4494805,2.38e-08,9.27e-08
SECISBP2L,0.7049175,7.91e-10,9.35e-08
TRIM4,0.6392825,7.95e-10,9.37e-08
SKAP1,-0.39875245,2.23e-08,9.38e-08
SHISA3,1.4242782,2.42e-08,9.44e-08
ZNF319,0.5484595,2.43e-08,9.44e-08
CARD8,-0.5649682,2.43e-08,9.45e-08
SRI,0.8367391,2.44e-08,9.5e-08
RNPEP,0.5318232,2.45e-08,9.53e-08
KIR2DS2///KIR3DL3///KIR2DL5A///KIR3DS1///KIR3DL2///KIR3DL1///KIR2DS4///KIR2DS1///KIR2DL3///KIR2DL2///KIR2DL1///KIR3DS1///KIR3DL2///KIR3DL1///KIR2DS5///KIR2DS3,0.5777377,2.46e-08,9.56e-08
SYT8,-0.44917978,2.28e-08,9.58e-08
SLC25A27,-0.51228336,2.28e-08,9.58e-08
RTKN2,2.4155191,2.46e-08,9.58e-08
ARNTL,0.64961865,2.28e-08,9.59e-08
CERS6,-0.7324368,2.47e-08,9.59e-08
KIF12,0.4419205,2.47e-08,9.59e-08
NLRC3,0.5193895,2.47e-08,9.6e-08
PHGDH,0.49985218,2.29e-08,9.6e-08
LINC01128,0.28120252,2.29e-08,9.61e-08
PTPRU,0.75356,2.48e-08,9.64e-08
PHF20,-0.8025518,2.49e-08,9.67e-08
NDC80,-0.29732454,2.31e-08,9.69e-08
ERLIN2,-0.5077277,2.49e-08,9.69e-08
OPRL1,0.4305818,2.51e-08,9.75e-08
MGAT5B,0.4676305,2.51e-08,9.75e-08
RBBP6,-0.6353868,2.52e-08,9.77e-08
C1ORF21,0.699865,8.35e-10,9.79e-08
MED7,-0.4892868,2.53e-08,9.83e-08
TTLL11,0.3612441,2.54e-08,9.84e-08
LOC100128175,0.860315,2.55e-08,9.89e-08
HRAS,0.5182305,2.56e-08,9.93e-08
NSMAF,-0.6101741,2.59e-08,1e-07
BDKRB2,-2.7457575,8.61e-10,1e-07
PLEKHG4,0.4729173,2.58e-08,1e-07
VSIG10L,0.4070345,2.61e-08,1.01e-07
RIMBP3B///RIMBP3C///RIMBP3,0.3414091,2.63e-08,1.02e-07
CA2,1.6486814,2.62e-08,1.02e-07
PROC,0.4679005,2.64e-08,1.02e-07
LPAR5,0.5117755,2.62e-08,1.02e-07
TBX2,0.7290432,2.62e-08,1.02e-07
RASAL3,0.6878082,2.66e-08,1.03e-07
EXT2,0.5190836,2.67e-08,1.03e-07
RPL41P5///RPL41///RPL41,0.6299,2.66e-08,1.03e-07
LINC01088,0.780295,9.05e-10,1.04e-07
WRB,-0.266496,2.49e-08,1.04e-07
NAP1L5,-0.5765027,2.7e-08,1.04e-07
TRIM74///TRIM73///TRIM50,0.432645,2.72e-08,1.05e-07
PHF21B,0.4684745,2.71e-08,1.05e-07
TXNL1,0.4315895,2.7e-08,1.05e-07
C1ORF115,0.9108425,9.18e-10,1.05e-07
PNPLA3,0.6120364,2.72e-08,1.05e-07
MAFA,0.5304745,2.73e-08,1.06e-07
PON2,0.3698747,2.52e-08,1.06e-07
KRTAP1-5///KRTAP1-1///KRTAP1-3///KRTAP1-3,0.4285818,2.75e-08,1.06e-07
SLC6A16,0.7313518,2.74e-08,1.06e-07
PLGLA///PLGLB1///PLGLB2///PLG,-0.7350545,2.73e-08,1.06e-07
NME3,0.7597268,2.77e-08,1.07e-07
FAXC,-0.3437142,2.55e-08,1.07e-07
ZNRF4,0.5002982,2.78e-08,1.07e-07
FAM96B,0.9092914,2.79e-08,1.08e-07
ZNF724,-0.27210583,2.59e-08,1.08e-07
TSLP,0.7167677,2.8e-08,1.08e-07
DNLZ///CARD9,0.5606123,2.8e-08,1.08e-07
ST3GAL1,0.7201327,2.83e-08,1.09e-07
C22ORF34,0.34512369,2.61e-08,1.09e-07
THAP5,-0.5920868,2.85e-08,1.1e-07
LARP1,0.4087623,2.89e-08,1.11e-07
FABP4,3.2476127,2.89e-08,1.11e-07
HLA-DQA2///HLA-DQA1,0.98203,2.88e-08,1.11e-07
LRP8,0.35325013,2.65e-08,1.11e-07
LOXL4,-0.32763868,2.66e-08,1.11e-07
LRP11,-0.26471379,2.67e-08,1.11e-07
CASS4,0.46123724,2.69e-08,1.12e-07
GDA,-0.33644873,2.68e-08,1.12e-07
SIRPG,0.5558441,2.9e-08,1.12e-07
GPBAR1,0.5156805,2.9e-08,1.12e-07
KCNN1,0.4706118,2.9e-08,1.12e-07
RFNG,0.5641845,2.92e-08,1.12e-07
C15ORF62,0.4357709,2.93e-08,1.13e-07
ATP5J2-PTCD1///PTCD1,0.3935395,2.94e-08,1.13e-07
PIGF,-0.8217605,2.94e-08,1.13e-07
LYNX1,0.6352245,2.94e-08,1.13e-07
REXO4,-0.4807109,2.96e-08,1.14e-07
PPP3CC,-0.5013709,2.97e-08,1.14e-07
ATP6V1E2,-0.4696436,2.95e-08,1.14e-07
LINC01116,-0.865265,1.01e-09,1.14e-07
SPHAR///RAB4A,-0.2828984,2.75e-08,1.14e-07
STPG1,-0.40375242,2.73e-08,1.14e-07
ZBTB2,0.4506841,2.98e-08,1.15e-07
DGKH,-0.8195355,2.98e-08,1.15e-07
BHLHE22,-0.26279272,2.76e-08,1.15e-07
CYP4F3,0.33397245,2.79e-08,1.16e-07
TSPYL4,-0.26173424,2.83e-08,1.17e-07
HPS1,0.4353709,3.05e-08,1.17e-07
CDR2,-0.5890864,3.04e-08,1.17e-07
ZNF623,-0.6858445,3.05e-08,1.17e-07
SRSF7,-0.7384095,3.05e-08,1.17e-07
MICU1,-0.4680577,3.05e-08,1.17e-07
ACTR1A,0.512045,3.08e-08,1.18e-07
LPCAT4,0.5024214,3.06e-08,1.18e-07
SLC31A1,0.8521173,3.07e-08,1.18e-07
MMP10,-0.82375639,2.86e-08,1.19e-07
GZMK,-0.78549422,2.86e-08,1.19e-07
TRAK1,-0.26818664,2.87e-08,1.19e-07
TRABD2A,0.4944855,3.11e-08,1.19e-07
PAX7,0.5420868,3.09e-08,1.19e-07
IFITM3,1.2100577,3.11e-08,1.19e-07
GKN2,2.2852482,3.09e-08,1.19e-07
PDE6B,0.42841,3.14e-08,1.2e-07
ZNF572,-0.7148132,3.11e-08,1.2e-07
PAG1,0.43915308,2.9e-08,1.2e-07
CCDC115,0.7835795,3.11e-08,1.2e-07
RPS27L,-0.28762414,2.89e-08,1.2e-07
CDK9,0.4532095,3.17e-08,1.21e-07
INTS4P2///INTS4P1///INTS4,-0.5666809,3.17e-08,1.21e-07
CASP7,-0.6415618,3.16e-08,1.21e-07
NDUFS8,0.6026959,3.17e-08,1.21e-07
ST6GAL2,-0.2887972,2.95e-08,1.22e-07
ZFP3,-0.31087089,2.94e-08,1.22e-07
ACER3,0.7848695,3.18e-08,1.22e-07
ZNF837,0.4814545,3.18e-08,1.22e-07
MED22,0.523015,3.18e-08,1.22e-07
C2CD4B,0.5826505,3.2e-08,1.22e-07
ALDH1A1,-1.2050855,3.22e-08,1.23e-07
SPHK2,0.4472759,3.21e-08,1.23e-07
MURC,-0.4669709,3.23e-08,1.23e-07
ZBTB20,0.6824486,3.21e-08,1.23e-07
SIGLEC7,0.5196845,3.22e-08,1.23e-07
TMEM52,0.4839441,3.22e-08,1.23e-07
CTGF,0.60632148,2.97e-08,1.23e-07
MFSD2A,1.344485,1.13e-09,1.23e-07
IRF2,0.6289823,3.25e-08,1.24e-07
SPAG1,-0.52599243,3e-08,1.24e-07
SIGLEC11,0.26324231,3.01e-08,1.24e-07
ZNF630,-0.3082434,3.01e-08,1.24e-07
KPNA7,-0.39032808,2.99e-08,1.24e-07
B3GNT5,-1.0879064,3.27e-08,1.25e-07
CCDC116,0.4443245,3.27e-08,1.25e-07
OXSR1,-0.6185177,3.28e-08,1.25e-07
MCMBP,-0.5808482,3.31e-08,1.26e-07
PSMA7,0.27481302,3.05e-08,1.26e-07
BAZ1A,-0.8675105,3.3e-08,1.26e-07
NYNRIN,0.6892173,3.33e-08,1.27e-07
GABRP,-0.65724246,3.08e-08,1.27e-07
DIEXF,-0.6845555,3.33e-08,1.27e-07
GSTA2,-0.91205461,3.07e-08,1.27e-07
MSN,0.32177189,3.09e-08,1.27e-07
PIGO,0.495195,3.35e-08,1.28e-07
ASCL3,0.4336786,3.41e-08,1.3e-07
CRLF1,-0.35600659,3.16e-08,1.3e-07
PDE4DIP,-0.9260605,3.43e-08,1.31e-07
ZNF230,-0.6658068,3.43e-08,1.31e-07
RAB4B-EGLN2///MIA-RAB4B///RAB4B,0.5284527,3.46e-08,1.32e-07
SPATA6L,-0.51127955,3.23e-08,1.33e-07
GPR135,-0.34794594,3.26e-08,1.34e-07
GRAMD1C,-0.59724487,3.26e-08,1.34e-07
HSD3B1,0.4296541,3.52e-08,1.34e-07
AKAP7,-0.6911827,3.54e-08,1.35e-07
SNORD114-3,1.7570618,3.55e-08,1.35e-07
KLHL6,-0.9598745,3.54e-08,1.35e-07
NACC2,0.54217,3.56e-08,1.35e-07
GPC3,1.104855,3.56e-08,1.35e-07
ADAMTSL4,0.7199223,3.55e-08,1.35e-07
GAB3,0.30604933,3.31e-08,1.36e-07
VGLL1,1.1200123,3.59e-08,1.36e-07
LOC647115,0.5470695,3.56e-08,1.36e-07
RPL21P28///RPL21P19///RPL21P44///RPL21,-0.6859191,3.61e-08,1.37e-07
ZNF304,-0.6746605,3.59e-08,1.37e-07
FAM212B,0.28819506,3.37e-08,1.38e-07
MUC3B///MUC3A,0.4863095,3.65e-08,1.39e-07
MMP15,0.6305386,3.67e-08,1.39e-07
CRYZL1,-0.4674727,3.69e-08,1.4e-07
KHSRP,0.5078641,3.68e-08,1.4e-07
C10ORF76,0.4432377,3.69e-08,1.4e-07
ENO2,0.5858709,3.69e-08,1.4e-07
PGLS,0.8694455,3.69e-08,1.4e-07
EIF2AK1,-0.567035,3.68e-08,1.4e-07
C16ORF95,0.4492482,3.67e-08,1.4e-07
MEX3D,0.5467886,3.7e-08,1.4e-07
NAT8L,0.5391105,3.68e-08,1.4e-07
FGD5,0.41350357,3.42e-08,1.4e-07
TTC23L///TTC23L,-0.51973159,3.42e-08,1.4e-07
WNT11,0.6146532,3.72e-08,1.41e-07
HLA-J///HLA-H///HLA-A///HLA-A,0.4185864,3.71e-08,1.41e-07
SNORD45B,1.04045,3.7e-08,1.41e-07
MOSPD2,-0.9110459,3.71e-08,1.41e-07
GTDC1,-0.5401441,3.74e-08,1.42e-07
R3HDM1,-0.5580991,3.73e-08,1.42e-07
CFAP161,-0.45555874,3.47e-08,1.42e-07
MAP2K2,0.4787768,3.73e-08,1.42e-07
PAIP1,-0.4455468,3.74e-08,1.42e-07
TRDMT1,-0.590185,3.78e-08,1.43e-07
LZTS1-AS1,0.6136014,3.76e-08,1.43e-07
POU2F1,0.6019805,3.78e-08,1.43e-07
C8ORF37,-0.44321232,3.5e-08,1.43e-07
PACSIN3,0.4582073,3.77e-08,1.43e-07
MUC16,-1.00070352,3.53e-08,1.44e-07
ZNF784,0.4961523,3.8e-08,1.44e-07
RNF125,0.82953,3.81e-08,1.44e-07
CYS1,0.54859,3.81e-08,1.44e-07
TUBB3///MC1R,0.5087941,3.79e-08,1.44e-07
CASP6,-0.5992168,3.83e-08,1.45e-07
CXCL10,2.1373536,3.82e-08,1.45e-07
BAX,0.4907391,3.84e-08,1.45e-07
DGCR6L,0.7277214,3.84e-08,1.45e-07
SLCO2B1,0.7826464,3.83e-08,1.45e-07
RBM10,0.4149014,3.83e-08,1.45e-07
DSG3,-0.70602132,3.54e-08,1.45e-07
GZMM,0.5122695,3.87e-08,1.46e-07
GDF5,0.7151827,3.85e-08,1.46e-07
PLEKHG2,0.6894005,3.86e-08,1.46e-07
SAMD9,-1.2551323,3.86e-08,1.46e-07
VARS,0.5039527,3.85e-08,1.46e-07
MBNL2,-0.6793936,3.88e-08,1.47e-07
SNORD116-6///SNORD116-2,0.5953064,3.93e-08,1.48e-07
APOBEC3H,-0.26974118,3.64e-08,1.48e-07
EHD3,0.7397268,3.91e-08,1.48e-07
ARID3B,0.4752018,3.93e-08,1.48e-07
SNORD60,1.0754386,3.93e-08,1.49e-07
SLC12A7,0.5927445,3.93e-08,1.49e-07
LPXN,0.7771877,3.94e-08,1.49e-07
CDK1,-0.43156857,3.66e-08,1.49e-07
HMBOX1,0.28685228,3.66e-08,1.49e-07
NKX2-4,0.5855764,3.98e-08,1.5e-07
SMU1,-0.5694418,3.98e-08,1.5e-07
ITSN2,0.27858163,3.68e-08,1.5e-07
PYGO1,-0.26280473,3.69e-08,1.5e-07
SCRT1,0.3484205,3.97e-08,1.5e-07
RPL23AP87///RPL23AP82///RPL23AP7,-0.53703,4.01e-08,1.51e-07
DNAL1,-0.43969837,3.73e-08,1.52e-07
HSD11B2,0.6543273,4.05e-08,1.52e-07
ZGPAT///LIME1,0.4165936,4.05e-08,1.52e-07
LOC102724229///RASA4B///RASA4CP///POLR2J4///RASA4,0.611235,4.04e-08,1.52e-07
KPNA4,-0.7435223,4.02e-08,1.52e-07
SLC16A12,0.47909295,3.74e-08,1.52e-07
SCARNA9,-0.86062,4.06e-08,1.53e-07
TPH1,-0.9407445,4.05e-08,1.53e-07
YJEFN3,0.36362,4.08e-08,1.53e-07
ABCA8,-1.2644636,4.07e-08,1.53e-07
FRMD8,0.5070759,4.05e-08,1.53e-07
ZNF606,-0.6212536,4.05e-08,1.53e-07
TENM3,-0.41005231,3.79e-08,1.54e-07
ACOX1,-0.5231959,4.11e-08,1.55e-07
SEZ6L2,0.6058964,4.12e-08,1.55e-07
FOXD4L5///FOXD4L6///FOXD4L3///FOXD4L1///FOXD4,0.3934459,4.13e-08,1.55e-07
SPX,0.8360955,4.14e-08,1.56e-07
SLC25A23,0.5518868,4.14e-08,1.56e-07
SNORA5C,0.5682855,4.16e-08,1.57e-07
PALM2-AKAP2///PALM2///AKAP2,0.29870677,3.89e-08,1.58e-07
RIMKLB,-0.78167,4.2e-08,1.58e-07
HACD2///HACD2,0.4311895,4.22e-08,1.58e-07
CXXC5,-0.8244575,1.54e-09,1.59e-07
LNPEP,-0.57594,4.23e-08,1.59e-07
PGPEP1,0.46987,4.22e-08,1.59e-07
SLC39A9,-0.7516441,4.23e-08,1.59e-07
DAO,0.7413545,4.25e-08,1.6e-07
ZBED2,0.8178973,4.27e-08,1.6e-07
ZNF629,0.4033973,4.26e-08,1.6e-07
TMEM176A,-0.47094222,3.95e-08,1.6e-07
DNAH5,-1.09358799,3.93e-08,1.6e-07
MANEAL,0.556185,4.29e-08,1.61e-07
BCAM,0.8147368,4.29e-08,1.61e-07
GAN,-0.6787909,4.28e-08,1.61e-07
ARHGAP4,0.2965476,4.03e-08,1.63e-07
MLKL,0.34809327,4.03e-08,1.63e-07
CCDC181,-0.44664057,4.02e-08,1.63e-07
CASP2,0.3439123,4.35e-08,1.63e-07
SIX5,0.4629777,4.38e-08,1.64e-07
SERPINB13,-0.69365802,4.04e-08,1.64e-07
BCL2A1,1.133955,4.36e-08,1.64e-07
SIGLEC17P,0.9323373,4.36e-08,1.64e-07
TAMM41,0.4738568,4.36e-08,1.64e-07
AVP,0.4381182,4.39e-08,1.64e-07
FAM50B,0.5489155,4.41e-08,1.65e-07
PIAS3,-0.28879185,4.08e-08,1.65e-07
BEX1,0.5539682,4.41e-08,1.65e-07
PRR36,0.5462718,4.42e-08,1.66e-07
SOD2,0.5339538,4.12e-08,1.67e-07
IGF2BP2,0.32382816,4.13e-08,1.67e-07
NAA20,-0.5030673,4.47e-08,1.67e-07
LINC01597///FAM27B,0.6791473,4.49e-08,1.68e-07
MAPK15,-0.43361802,4.14e-08,1.68e-07
CNDP2,0.32215817,4.15e-08,1.68e-07
EVPL,0.4929632,4.51e-08,1.69e-07
KCTD11///ACAP1,0.4713168,4.51e-08,1.69e-07
ALPPL2,0.26399152,4.2e-08,1.69e-07
NCOA2,-0.6053091,4.51e-08,1.69e-07
CLEC1A,0.40025607,4.18e-08,1.69e-07
NUP54,-0.5924395,4.53e-08,1.69e-07
NQO1,1.084915,1.68e-09,1.7e-07
GBP3,-1.4255664,4.53e-08,1.7e-07
GCNT1,-0.6630709,4.53e-08,1.7e-07
TMEM126A,0.32245102,4.21e-08,1.7e-07
CDC7,-0.7815805,4.57e-08,1.71e-07
INTS5,0.5609891,4.57e-08,1.71e-07
CBR3,0.4849895,4.59e-08,1.72e-07
C16ORF54,0.6573855,4.62e-08,1.72e-07
UPF1,0.3378805,4.61e-08,1.72e-07
XG,-0.35663972,4.26e-08,1.72e-07
C18ORF21,0.5253141,4.6e-08,1.72e-07
SORL1,-0.7468995,4.61e-08,1.72e-07
GON4L,-0.5598459,4.6e-08,1.72e-07
CYHR1,0.57175,4.64e-08,1.73e-07
UPK1A-AS1,0.6025591,4.65e-08,1.73e-07
PDS5A,-0.587535,4.65e-08,1.73e-07
AOC2,0.4197,4.65e-08,1.74e-07
MTHFD2,-1.2535541,4.66e-08,1.74e-07
NTNG2,0.48164,4.67e-08,1.74e-07
ZCCHC8,-0.4586232,4.7e-08,1.75e-07
EPHB2,-0.25835042,4.36e-08,1.76e-07
KIF26A,0.44372,4.73e-08,1.76e-07
TOMM6///PRICKLE4,0.6508605,4.73e-08,1.76e-07
VTRNA1-2,0.6941227,4.76e-08,1.77e-07
FAM134C,0.5524159,4.75e-08,1.77e-07
PIK3CD,0.25196345,4.4e-08,1.77e-07
TXNIP,-0.5539045,4.79e-08,1.78e-07
MYH6,0.4445032,4.79e-08,1.78e-07
INO80D,0.5266845,4.78e-08,1.78e-07
TMEM134,0.4577636,4.77e-08,1.78e-07
PHF12,0.5092114,4.8e-08,1.79e-07
ZFAND4,-0.5503068,4.81e-08,1.79e-07
TAF1D,-0.7039032,4.81e-08,1.79e-07
RICTOR,-0.8062395,4.81e-08,1.79e-07
CTDNEP1,0.5462555,4.83e-08,1.8e-07
ZRSR2,-0.5685459,4.84e-08,1.8e-07
COX11,-0.3896236,4.83e-08,1.8e-07
ZNRD1ASP,-0.31455793,4.49e-08,1.8e-07
LPAR3,-0.47060954,4.47e-08,1.8e-07
ZNF587,-0.4685348,4.49e-08,1.8e-07
DPCD///DPCD,-0.43728985,4.5e-08,1.81e-07
ZNF680,-0.32392296,4.51e-08,1.81e-07
PCDHB12,-0.44076176,4.51e-08,1.81e-07
CAT,0.9998314,4.86e-08,1.81e-07
KIF22,0.4539109,4.88e-08,1.81e-07
AMZ1,0.4771545,4.9e-08,1.82e-07
LYSMD3,-0.6879691,4.92e-08,1.83e-07
IQCB1,-0.8610159,4.91e-08,1.83e-07
YWHAQ,0.3771091,4.91e-08,1.83e-07
HILPDA,1.1932673,4.92e-08,1.83e-07
CHST13,0.5200359,4.92e-08,1.83e-07
H2AFV,-0.3651836,4.96e-08,1.84e-07
ATP6V0B,0.39695437,4.62e-08,1.85e-07
LOC440570,0.4949,4.98e-08,1.85e-07
NLN,-0.684625,4.99e-08,1.85e-07
SCAND1,0.5360686,4.99e-08,1.85e-07
PTPRE,0.28067674,4.6e-08,1.85e-07
DBF4,-0.88557,5.02e-08,1.86e-07
RP9,-0.441015,5.01e-08,1.86e-07
LGMN,-0.32559205,4.65e-08,1.87e-07
SNORA40///TAF1D,0.6876059,5.04e-08,1.87e-07
WIPF2,0.5321914,5.04e-08,1.87e-07
OGFOD1,-0.6709073,5.09e-08,1.88e-07
GUSB,-0.5179777,5.07e-08,1.88e-07
PLOD1,0.6261295,5.14e-08,1.9e-07
CYP46A1,0.4431886,5.15e-08,1.91e-07
SIK3,0.4374905,5.17e-08,1.91e-07
KCNAB2,0.36894555,4.77e-08,1.91e-07
DPP10,-0.27605744,4.78e-08,1.91e-07
MPST,0.8236375,1.93e-09,1.92e-07
RRAGB,-0.5892691,5.22e-08,1.93e-07
RIBC1,-0.46926335,4.85e-08,1.94e-07
MED19,0.3703377,5.27e-08,1.95e-07
PSMD2,0.28382754,4.88e-08,1.95e-07
ALS2CR12,-0.88174919,4.89e-08,1.96e-07
BMPER,0.41082448,4.89e-08,1.96e-07
VPS51,0.8632391,5.29e-08,1.96e-07
MIR196A2,0.7142491,5.32e-08,1.97e-07
THTPA,0.5465855,5.34e-08,1.97e-07
FAM159A,0.6223623,5.32e-08,1.97e-07
STEAP3,-0.35419465,4.92e-08,1.97e-07
NKX3-1,0.5445982,5.36e-08,1.98e-07
CSF2RA,0.37504787,4.97e-08,1.98e-07
TCF7L2,0.6299714,5.35e-08,1.98e-07
BOLA2-SMG1P6///LOC101060386///SMG1P3///BOLA2B///SMG1P1///SMG1P5///BOLA2///SMG1P2///SMG1,-0.5313364,5.38e-08,1.99e-07
C1QTNF4,0.5692573,5.39e-08,1.99e-07
TTLL6,-0.46148148,4.99e-08,1.99e-07
PBX3,0.5363291,5.41e-08,2e-07
TPBG,-0.9573525,2.01e-09,2e-07
SPAG5,-0.4997473,5.42e-08,2e-07
KLK7,-0.3213767,5.04e-08,2.01e-07
DNAJB11,-0.6045809,5.46e-08,2.02e-07
SCN9A,-1.0174468,5.48e-08,2.02e-07
B4GALT3,0.6561268,5.5e-08,2.03e-07
UNC119B,-0.8662168,5.49e-08,2.03e-07
ZNF625-ZNF20///ZNF625,-0.6221968,5.51e-08,2.03e-07
BCORL1,0.4375232,5.55e-08,2.05e-07
FAM86C2P,0.4893695,5.55e-08,2.05e-07
IGLV1-44,-2.4208525,2.1e-09,2.06e-07
ETV6///INO80D,0.5325823,5.61e-08,2.07e-07
QPCTL,0.5961677,5.62e-08,2.07e-07
RPSAP58,0.7747223,5.66e-08,2.08e-07
KIAA1522,0.5589714,5.66e-08,2.08e-07
COMTD1,0.58944,2.13e-09,2.08e-07
XYLT2,0.4775159,5.64e-08,2.08e-07
SP140,-0.9409691,5.66e-08,2.09e-07
RRN3P1///RRN3P2///RRN3,-0.4989209,5.7e-08,2.1e-07
OR2T33///OR2T8///OR2T12,0.3895673,5.69e-08,2.1e-07
CHML,-0.859345,5.72e-08,2.11e-07
CRIPAK,0.46888882,5.31e-08,2.11e-07
ZNF667,-0.5680827,5.72e-08,2.11e-07
PCDHB18P,-0.36684613,5.3e-08,2.11e-07
AGAP5///AGAP9///AGAP12P///AGAP6///AGAP11///AGAP4,-0.4996577,5.75e-08,2.12e-07
STAU2,-0.5599945,5.75e-08,2.12e-07
TTLL10,-0.38466721,5.32e-08,2.12e-07
GPR143,0.5388623,5.79e-08,2.13e-07
KCTD9,-0.5903973,5.85e-08,2.15e-07
LHFPL3,0.5488555,5.84e-08,2.15e-07
CLIC3,0.9640718,5.84e-08,2.15e-07
SMARCD3,0.336985,5.89e-08,2.16e-07
CXORF36,0.9843136,5.91e-08,2.17e-07
HUS1,0.4224664,5.92e-08,2.18e-07
ST6GALNAC2,1.2916923,5.93e-08,2.18e-07
RPS27///RPS27,0.7373636,5.95e-08,2.19e-07
TMEM183B///TMEM183A,0.2843291,5.98e-08,2.19e-07
LLGL1,0.4172055,5.96e-08,2.19e-07
NFIL3,0.59022305,5.52e-08,2.19e-07
LOC100129534,0.6222773,6e-08,2.2e-07
CCDC189,-0.55502787,5.57e-08,2.21e-07
TAF1,-0.6005359,6.01e-08,2.21e-07
ADRA2C,0.5533114,6.03e-08,2.21e-07
APOLD1,0.52398273,5.6e-08,2.22e-07
SNX20,0.4820509,6.06e-08,2.22e-07
C3ORF35,0.7015605,6.06e-08,2.22e-07
GPR152,0.4824955,6.08e-08,2.23e-07
TRAPPC9,0.4732173,6.07e-08,2.23e-07
CLASP1,-0.5974445,6.09e-08,2.23e-07
C11ORF98///LBHD1,-0.5294336,6.07e-08,2.23e-07
ZNF639,-0.5182259,6.12e-08,2.24e-07
KCTD18,-0.4420423,6.1e-08,2.24e-07
RUNDC3A,0.4344441,6.15e-08,2.25e-07
PRR5L,-0.31532701,5.69e-08,2.25e-07
C16ORF62,-0.5103914,6.18e-08,2.26e-07
NEK8,0.3616577,6.2e-08,2.27e-07
STK31,-0.6183573,6.22e-08,2.28e-07
LRFN3,0.3890395,6.23e-08,2.28e-07
WDR93,-0.59218938,5.76e-08,2.28e-07
SEC23A,-0.6546568,6.23e-08,2.28e-07
MYADML2,0.4125068,6.27e-08,2.29e-07
C20ORF144///C20ORF144,0.6172236,6.26e-08,2.29e-07
EPHB6,0.4582345,6.25e-08,2.29e-07
TSPAN31///TSPAN31,0.3755536,6.25e-08,2.29e-07
NCAPH2,0.4313886,6.24e-08,2.29e-07
LYRM1,0.5073118,6.29e-08,2.3e-07
CACNG1,0.4825409,6.29e-08,2.3e-07
FAM21A///FAM21C,-0.6512386,6.32e-08,2.31e-07
CRISPLD2,0.59428669,5.83e-08,2.31e-07
PSMD9,0.5497805,6.34e-08,2.32e-07
MAP3K3,0.4441305,6.33e-08,2.32e-07
TTC17,-0.6710182,6.35e-08,2.32e-07
TNNT1,0.5539564,6.38e-08,2.33e-07
PCMT1,0.5267041,6.37e-08,2.33e-07
MROH7-TTC4///TTC4,-0.5336623,6.38e-08,2.33e-07
NRK,-0.36580158,5.93e-08,2.35e-07
SLC41A2,-0.8677555,6.5e-08,2.37e-07
GTF2A1,-0.4099632,6.5e-08,2.37e-07
REM1,-0.25447092,6.04e-08,2.39e-07
DCUN1D4,0.5200645,6.56e-08,2.39e-07
LOC100289580,0.4695727,6.58e-08,2.4e-07
CPVL,-0.7241877,6.57e-08,2.4e-07
SLC25A21,-0.5301882,6.57e-08,2.4e-07
SRCAP,0.3738127,6.56e-08,2.4e-07
TNK2,0.417895,6.61e-08,2.41e-07
KHDRBS3,0.25114199,6.1e-08,2.41e-07
GNMT,0.598925,2.55e-09,2.42e-07
LCN2,-0.86473163,6.13e-08,2.42e-07
ZFP28,-0.5489068,6.72e-08,2.45e-07
NUB1,-0.7714532,6.71e-08,2.45e-07
CSDC2,0.5823841,6.73e-08,2.45e-07
MRPL19,-0.4564709,6.76e-08,2.46e-07
SF3A1,0.3111918,6.79e-08,2.47e-07
PRAM1,0.4905477,6.78e-08,2.47e-07
DYNC2LI1,-0.31429607,6.27e-08,2.48e-07
RNU5B-1,1.1413005,6.8e-08,2.48e-07
ERF,0.5059264,6.83e-08,2.48e-07
SERINC2,-0.34640848,6.28e-08,2.48e-07
PKIA,0.5457395,6.82e-08,2.48e-07
TRIM6-TRIM34///TRIM6///TRIM34,-0.5795645,6.81e-08,2.48e-07
GNPTG,0.5801682,6.8e-08,2.48e-07
UNKL,0.4332682,6.84e-08,2.49e-07
LOC100129395,0.4638882,6.88e-08,2.5e-07
ZNF540,-0.6591582,6.86e-08,2.5e-07
RNU6-501P,0.29875628,6.35e-08,2.5e-07
PNPLA6,0.674315,6.88e-08,2.5e-07
FAM126A,-0.8131755,6.87e-08,2.5e-07
GALR2,0.5338536,6.86e-08,2.5e-07
SLC16A11,0.5779495,6.89e-08,2.5e-07
FUCA2,-0.4528359,6.88e-08,2.5e-07
AGAP1,0.3485977,6.91e-08,2.51e-07
TGFBI,-0.39444585,6.37e-08,2.51e-07
IL1RAP,-1.1882559,6.91e-08,2.51e-07
TLCD2,0.4464941,6.91e-08,2.51e-07
ZNF397,-0.6084527,6.94e-08,2.52e-07
ADRA2A,-1.4224,2.69e-09,2.53e-07
ZNF772,-0.35492323,6.45e-08,2.54e-07
NGRN,-0.5978464,7e-08,2.54e-07
PRPF19,0.4850727,7.01e-08,2.55e-07
PAAF1,-0.5339577,7.01e-08,2.55e-07
SNX3,0.4462891,7.04e-08,2.56e-07
LINC01530,0.4815968,7.07e-08,2.57e-07
CUEDC2,0.6398882,7.08e-08,2.57e-07
EFNA3,0.4433232,7.1e-08,2.58e-07
SMIM5,0.600525,7.12e-08,2.58e-07
ZNF282,0.3816686,7.13e-08,2.59e-07
SEPP1,0.8703955,7.13e-08,2.59e-07
VSTM1,0.288617,6.59e-08,2.59e-07
BTLA,-0.8756555,7.14e-08,2.59e-07
ATIC,-0.6426395,7.13e-08,2.59e-07
TMEM263,-0.4950059,7.13e-08,2.59e-07
C19ORF35,0.4608136,7.18e-08,2.6e-07
UBA52,0.6072064,7.17e-08,2.6e-07
WFDC2,-0.5732265,6.64e-08,2.61e-07
CHRNB2,0.5267641,7.19e-08,2.61e-07
FOXO3B///FOXO3,0.31204355,6.64e-08,2.61e-07
NT5C3B,0.5134473,7.2e-08,2.61e-07
AMZ2P1,-0.40049143,6.67e-08,2.62e-07
TMEM63B,0.8237927,7.25e-08,2.63e-07
OR5P3,1.1774286,7.26e-08,2.63e-07
TRAF2,0.3840868,7.3e-08,2.64e-07
SULT2B1,0.9107482,7.28e-08,2.64e-07
NAXE///NAXE,0.5829691,7.3e-08,2.64e-07
SIRPA,0.5347395,7.29e-08,2.64e-07
HOXC13,0.4122141,7.33e-08,2.65e-07
SIRPB1,1.1860386,7.32e-08,2.65e-07
AZI2,-0.6856741,7.35e-08,2.66e-07
RPL35A,0.6658409,7.35e-08,2.66e-07
NR1D2,-1.3762036,7.37e-08,2.67e-07
LEKR1,-0.4404061,6.84e-08,2.69e-07
ICAM3,0.9636482,7.43e-08,2.69e-07
KLRD1,0.5117578,6.87e-08,2.7e-07
ZNF575,0.5191909,7.49e-08,2.71e-07
PDZK1IP1,1.0251977,7.5e-08,2.71e-07
PAIP2B///VPS36,-0.9364505,7.53e-08,2.72e-07
NUAK2,0.6428655,7.52e-08,2.72e-07
BAIAP3,-0.43891268,6.95e-08,2.73e-07
MYT1,0.4286168,7.6e-08,2.74e-07
VCP,-0.7740355,7.57e-08,2.74e-07
GHRL,0.5073323,7.58e-08,2.74e-07
TMEM161B,0.4123605,7.63e-08,2.75e-07
OLFM4,0.53014217,7.03e-08,2.76e-07
METTL16,-0.4753164,7.68e-08,2.77e-07
TMPRSS9///TMPRSS9,0.4383595,7.73e-08,2.79e-07
ZNF596,-0.6447627,7.81e-08,2.82e-07
SLC9A5,0.3900877,7.84e-08,2.83e-07
ATP8B3,0.4772509,7.87e-08,2.84e-07
KIR2DL5B///KIR2DL5A,0.4759345,7.9e-08,2.85e-07
SNHG21///SCARNA15///SNHG21,-1.2234073,7.93e-08,2.86e-07
OGFOD3,0.4356786,7.97e-08,2.87e-07
CLASRP,0.3103018,7.98e-08,2.87e-07
MEGF11,0.5061673,8e-08,2.88e-07
COX10,0.3443977,7.99e-08,2.88e-07
SNORA59A///SNORA59B,0.5327923,8.01e-08,2.89e-07
SLC46A3///SLC46A3,-0.28642373,7.38e-08,2.89e-07
MFSD14A,-0.5682073,8.05e-08,2.9e-07
BAD,0.5268255,8.06e-08,2.9e-07
PTTG1,-0.4629232,8.08e-08,2.91e-07
CLSPN,-0.5272627,8.18e-08,2.94e-07
SCX,0.5234209,8.21e-08,2.95e-07
VAMP8,0.9851318,8.22e-08,2.96e-07
PRSS3P2///PRSS2///PRSS3P2///PRSS2,-0.83649812,7.55e-08,2.96e-07
BMP2,0.53298912,7.56e-08,2.96e-07
PYGM,-0.3464271,7.55e-08,2.96e-07
C11ORF96,0.57894179,7.54e-08,2.96e-07
NAT1,-0.32239572,7.6e-08,2.98e-07
LURAP1L,0.6408359,8.3e-08,2.98e-07
ZNF598,0.4398895,8.28e-08,2.98e-07
LOC100133315,0.6112068,8.29e-08,2.98e-07
SLAIN2,0.4457177,8.3e-08,2.99e-07
NAALAD2,-0.30914127,7.7e-08,3.01e-07
ZNF329,-0.4639705,8.37e-08,3.01e-07
PSMA3,0.38917886,7.73e-08,3.02e-07
SIN3B,0.3994614,8.39e-08,3.02e-07
MYBPH,0.4766509,8.5e-08,3.05e-07
RBM48,-0.7007559,8.49e-08,3.05e-07
NANOS1,0.4567705,8.5e-08,3.05e-07
YIF1A,0.7930786,8.49e-08,3.05e-07
RBX1,1.0992364,8.48e-08,3.05e-07
IL17RB,0.37996719,7.8e-08,3.05e-07
UPK1A,0.4645991,8.53e-08,3.06e-07
CACHD1,-0.46311962,7.84e-08,3.06e-07
RHOV,-0.36144107,7.85e-08,3.07e-07
ATP6V1B2,0.27923509,7.9e-08,3.08e-07
GATB,-0.4508286,8.56e-08,3.08e-07
SLC6A20,0.8959755,8.6e-08,3.09e-07
DNAL4,0.7598841,8.68e-08,3.11e-07
SIAH1,-0.5192359,8.66e-08,3.11e-07
USF1,0.26710928,7.97e-08,3.11e-07
OSGEP,-0.6410218,8.71e-08,3.12e-07
ZC3H7B,0.930155,3.39e-09,3.13e-07
PPT2-EGFL8///EGFL8///PPT2,0.5842155,8.72e-08,3.13e-07
FBXL4,-0.4942445,8.73e-08,3.13e-07
CSGALNACT2,-0.5903823,8.76e-08,3.14e-07
ADGRV1,-1.1468423,8.8e-08,3.15e-07
EMID1,0.5237536,8.8e-08,3.15e-07
PRR3,0.4810232,8.79e-08,3.15e-07
COL20A1,0.4429555,8.79e-08,3.15e-07
BIVM-ERCC5///BIVM,-0.5530245,8.8e-08,3.15e-07
FOXA2,0.6304336,8.78e-08,3.15e-07
ZNF284///ZNF222,-0.5846391,8.82e-08,3.16e-07
GET4,0.4224545,8.85e-08,3.17e-07
LSM2,0.5719377,8.87e-08,3.18e-07
TDRD7,-0.5724523,8.87e-08,3.18e-07
NOL3,0.806155,3.52e-09,3.21e-07
APOL2,-0.6847459,8.96e-08,3.21e-07
EXOC3L2,0.5177414,8.98e-08,3.21e-07
IGLL5///CYAT1///IGLV3-21,-2.9722375,3.49e-09,3.21e-07
GIMAP7,-0.692645,9.02e-08,3.22e-07
SGCG,1.1038959,8.99e-08,3.22e-07
GIPR,-0.35595256,8.28e-08,3.23e-07
GAS6,0.7177245,9.07e-08,3.24e-07
SGCB,-0.6564236,9.05e-08,3.24e-07
SGTB,-0.5836532,9.05e-08,3.24e-07
MRPL55,0.4201664,9.06e-08,3.24e-07
STON1-GTF2A1L///STON1///GTF2A1L,0.4944112,8.35e-08,3.25e-07
ZNF429,-0.36189647,8.38e-08,3.26e-07
BARX2,-0.31504673,8.37e-08,3.26e-07
H3F3AP4///H3F3A,0.4655727,9.19e-08,3.28e-07
ARHGEF37,0.6657005,9.17e-08,3.28e-07
FBF1,0.3706914,9.18e-08,3.28e-07
WFIKKN1,0.5000855,9.18e-08,3.28e-07
STAT1,-1.0810745,9.21e-08,3.29e-07
PLEKHO1,0.5853173,9.21e-08,3.29e-07
BMX,0.32588365,8.45e-08,3.29e-07
COQ2,0.4424886,9.22e-08,3.29e-07
GRK3,-0.34119538,8.51e-08,3.31e-07
BOP1,0.5479573,9.28e-08,3.31e-07
KLF2,0.36457602,8.54e-08,3.32e-07
IGFLR1,0.6256309,9.3e-08,3.32e-07
DACT2,0.6770445,9.31e-08,3.32e-07
LRRC71,-0.45372806,8.58e-08,3.33e-07
TFEC,-1.0383395,9.35e-08,3.33e-07
CDH24,0.4379136,9.33e-08,3.33e-07
SLC38A4,-0.506395,9.4e-08,3.35e-07
VSTM2L,-0.38067196,8.71e-08,3.38e-07
FAM71E2,0.4280986,9.47e-08,3.38e-07
PDHB,-0.504225,9.52e-08,3.39e-07
TBC1D7-LOC100130357///TBC1D7,-0.4012445,9.56e-08,3.4e-07
IKBKB,-0.5318986,9.58e-08,3.41e-07
GBAS,0.4545805,9.59e-08,3.41e-07
ALOX5,1.0819509,9.57e-08,3.41e-07
PINK1,0.26638987,8.77e-08,3.41e-07
FAM43B,-1.3876,3.8e-09,3.42e-07
FAM50A,0.27734601,8.84e-08,3.43e-07
SCPEP1,-0.7733782,9.67e-08,3.44e-07
SIM2,0.4589495,9.66e-08,3.44e-07
DHRS12,0.4330609,9.68e-08,3.44e-07
S1PR5,0.4653341,9.65e-08,3.44e-07
CLINT1,-0.6157323,9.69e-08,3.45e-07
GUCA2A,0.5182759,9.71e-08,3.45e-07
EGLN3,0.7444032,9.73e-08,3.46e-07
PPCS,-0.3806705,9.73e-08,3.46e-07
ZNF653,0.3689318,9.77e-08,3.47e-07
FAM83A,-0.28165229,8.98e-08,3.48e-07
C10ORF82,0.3948264,9.83e-08,3.49e-07
SPOUT1,0.3910873,9.81e-08,3.49e-07
GAL3ST2,0.4967605,9.87e-08,3.5e-07
SLC17A3,0.5092559,9.87e-08,3.5e-07
ZFP28///ZNF229,-0.6892791,9.88e-08,3.51e-07
PAX2,0.4544068,9.88e-08,3.51e-07
SEPT8,0.451495,9.89e-08,3.51e-07
HS1BP3,0.4292714,9.91e-08,3.52e-07
FAM189B,0.4988673,9.91e-08,3.52e-07
CSPG4P5///CSPG4P1Y,0.5105709,9.93e-08,3.52e-07
FAM127C,0.5546609,9.95e-08,3.53e-07
WWC1,0.33938164,9.11e-08,3.53e-07
SEC61B,0.8823027,9.94e-08,3.53e-07
FAM129B,0.27346948,9.15e-08,3.54e-07
CNPY2,0.5231341,9.99e-08,3.54e-07
L2HGDH,-0.4431186,9.97e-08,3.54e-07
FBP2,0.5539877,1e-07,3.54e-07
BTBD8,-0.8135841,1e-07,3.55e-07
KAZN///KAZN,0.484175,1e-07,3.55e-07
GZMH,0.7092845,1.01e-07,3.56e-07
SHANK2,0.8067609,1.01e-07,3.57e-07
TBX5,1.0835405,1.01e-07,3.57e-07
FAM215A,0.4985682,1.01e-07,3.57e-07
HIRIP3,0.23504566,9.21e-08,3.57e-07
EMC3,0.26002808,9.25e-08,3.58e-07
NFE2L1,0.4491114,1.01e-07,3.58e-07
OTUD6A,0.4908286,1.02e-07,3.59e-07
TCTEX1D1,-0.59949527,9.28e-08,3.59e-07
LOC441268,-0.6018445,1.02e-07,3.6e-07
PERP,-0.38739219,9.32e-08,3.61e-07
ABCA11P///ZNF141,-0.9268791,1.02e-07,3.61e-07
ENTPD7,-0.6446305,1.03e-07,3.63e-07
LINC01127,1.023545,4.1e-09,3.63e-07
XKR9,-1.0532364,1.03e-07,3.63e-07
SLC9A9,-0.8353855,1.03e-07,3.63e-07
P2RX6,0.4869627,1.03e-07,3.64e-07
KCNMB3,-0.6186532,1.03e-07,3.64e-07
LGALS9,0.8336364,1.03e-07,3.65e-07
ZBTB24,-0.5924127,1.03e-07,3.65e-07
DIO3OS,0.5253991,1.04e-07,3.68e-07
HMGN1,-0.3897875,4.19e-09,3.69e-07
C1ORF141,-0.67025248,9.57e-08,3.7e-07
MUC12,0.5265936,1.05e-07,3.7e-07
IGFALS,0.448215,1.05e-07,3.7e-07
CCDC78,-0.33021652,9.64e-08,3.72e-07
KCNJ5,-0.36057927,9.68e-08,3.73e-07
MICB,0.5877141,1.06e-07,3.73e-07
CDH15,0.4885177,1.06e-07,3.74e-07
KIAA0922,-0.6156536,1.07e-07,3.76e-07
PIK3R1,0.35724616,9.75e-08,3.76e-07
DYDC1,-0.44320441,9.78e-08,3.77e-07
UBN2,-0.4725495,1.07e-07,3.78e-07
POLR2I,0.7092941,1.08e-07,3.79e-07
PNPLA7,0.4478241,1.07e-07,3.79e-07
ZCCHC2,0.2586599,9.86e-08,3.8e-07
POLB,-0.28020314,9.86e-08,3.8e-07
SLC29A2,0.408715,1.08e-07,3.82e-07
LGALS4,0.6121373,1.08e-07,3.82e-07
DOCK4,0.31958085,9.98e-08,3.84e-07
MSMB,-1.44994073,1e-07,3.86e-07
MAPK8IP2,0.3892205,1.1e-07,3.86e-07
CAPN12,0.4193805,1.1e-07,3.86e-07
ZNF704,0.707105,1.1e-07,3.87e-07
CHIC1,-0.4407227,1.1e-07,3.87e-07
MBTPS2///MBTPS2,-0.496975,1.1e-07,3.87e-07
ZBTB26,-0.5080132,1.1e-07,3.87e-07
GREM2,-0.39278994,1.01e-07,3.89e-07
RNF123,0.4104464,1.11e-07,3.89e-07
RGS10,-0.3906436,1.1e-07,3.89e-07
RSPH6A,0.4335636,1.11e-07,3.89e-07
TAF4,0.3509614,1.11e-07,3.89e-07
FUT3,0.39246718,1.02e-07,3.91e-07
ERCC1,0.5085809,1.11e-07,3.92e-07
ADAMTS10,0.5246282,1.11e-07,3.92e-07
ZKSCAN3,-0.28721113,1.02e-07,3.92e-07
KISS1R,0.4708145,1.12e-07,3.93e-07
TAPT1-AS1,0.3886364,1.12e-07,3.93e-07
KIF9,-0.46822599,1.03e-07,3.94e-07
CELF6,0.3837295,1.12e-07,3.94e-07
NRSN2,0.6612286,1.12e-07,3.94e-07
MRPL35,-0.7524168,1.12e-07,3.95e-07
SLC25A34,0.46522,1.12e-07,3.95e-07
VAV3,-0.7655059,1.12e-07,3.95e-07
SYT17,0.7061445,1.14e-07,4e-07
HEY2,-0.41054867,1.05e-07,4.01e-07
PRKAR2B,-1.2039864,1.14e-07,4.01e-07
VWA5B1,0.4324582,1.15e-07,4.03e-07
ASPG,0.5792955,1.15e-07,4.04e-07
FLT3LG,0.5960127,1.15e-07,4.04e-07
FAHD2A,0.4872395,1.15e-07,4.04e-07
TMEM241,0.4269673,1.15e-07,4.04e-07
ADPRHL1,0.4455927,1.15e-07,4.05e-07
BACH1,-0.7889691,1.15e-07,4.05e-07
TLX3,0.433485,1.16e-07,4.06e-07
HPR,0.71249598,1.06e-07,4.06e-07
RAB27B,-1.1896141,1.16e-07,4.06e-07
ONECUT1,0.4324036,1.16e-07,4.06e-07
MIR330,0.4622118,1.16e-07,4.08e-07
CCNB2,-0.41603501,1.07e-07,4.09e-07
MYL12A,0.22434267,1.07e-07,4.1e-07
PDZD7,0.4368509,1.17e-07,4.11e-07
MARCH7,-0.6782845,1.18e-07,4.13e-07
ABCA10,-1.3417645,1.18e-07,4.14e-07
PANX3,0.4357955,1.18e-07,4.14e-07
HS3ST3A1,-0.27301474,1.08e-07,4.15e-07
ARNT2,-0.31353795,1.08e-07,4.15e-07
HIST1H2BM,-0.51580394,1.09e-07,4.16e-07
SNAPC1,-0.6111845,1.19e-07,4.17e-07
PTGER1,0.5408836,1.19e-07,4.17e-07
RAPSN,0.4884018,1.19e-07,4.17e-07
NMRAL1,0.6814173,1.19e-07,4.17e-07
ERMP1,-0.6942523,1.19e-07,4.17e-07
SLC7A2,-0.9110695,1.2e-07,4.19e-07
INPP5J,0.3885636,1.2e-07,4.19e-07
SCML1,-0.7775032,1.2e-07,4.19e-07
LAT,0.6500514,1.2e-07,4.2e-07
SNORA70G,-0.5416586,1.2e-07,4.2e-07
NEMP2,-0.5497064,1.2e-07,4.21e-07
SPATA13,0.30461138,1.1e-07,4.21e-07
ZNF830,-0.7037732,1.2e-07,4.21e-07
CREBRF,-0.6833923,1.2e-07,4.21e-07
PAFAH1B3,0.5766518,1.21e-07,4.24e-07
HTR1F,-0.27506004,1.11e-07,4.25e-07
ARID2,-0.6137459,1.22e-07,4.28e-07
METTL9///METTL9,0.2821445,1.22e-07,4.28e-07
PTPRD,-0.39523155,1.12e-07,4.28e-07
IGLJ3,-3.3690825,5.07e-09,4.3e-07
CAMK2D,-0.6402945,1.24e-07,4.32e-07
TRIP6,0.5514741,1.24e-07,4.33e-07
WDR7,-0.5729841,1.24e-07,4.33e-07
LMNA,0.9591795,1.24e-07,4.34e-07
BEND3,0.5461655,1.25e-07,4.35e-07
GRID1,0.4747791,1.25e-07,4.36e-07
CXCL17,0.9203845,1.25e-07,4.36e-07
CPSF4L,0.7746932,1.26e-07,4.38e-07
RAPGEF3,0.25521147,1.15e-07,4.39e-07
SLC25A42,0.5224986,1.26e-07,4.4e-07
C6ORF141,-0.23276577,1.15e-07,4.4e-07
CDK15,-0.30911566,1.16e-07,4.42e-07
GMPPA,0.5780927,1.27e-07,4.43e-07
SNX29P2,0.5955586,1.27e-07,4.44e-07
PDGFD,-1.3643127,1.28e-07,4.45e-07
LOC100287166,0.6596227,1.28e-07,4.45e-07
GRK1,0.6532409,1.28e-07,4.46e-07
TBL3,0.5586882,1.28e-07,4.47e-07
TRAPPC3,0.5114814,1.29e-07,4.48e-07
MDFI,0.4768473,1.29e-07,4.5e-07
PRSS27,0.4586327,1.29e-07,4.5e-07
SNORD79,-1.0463977,1.29e-07,4.5e-07
PABPC3,-0.3967114,1.3e-07,4.52e-07
ELF3,1.3417041,1.3e-07,4.52e-07
BAG3,0.6314195,1.3e-07,4.53e-07
DIRAS2,0.4407368,1.31e-07,4.56e-07
ATP1A3,0.8696525,5.47e-09,4.59e-07
C8ORF31,0.4495945,1.32e-07,4.6e-07
ATG7,-0.45398,1.33e-07,4.61e-07
FOXA1,0.9453245,1.33e-07,4.61e-07
RARRES3///RARRES3,0.8675164,1.33e-07,4.62e-07
NRTN///NRTN,0.4905127,1.33e-07,4.62e-07
ADCY1,0.5587186,1.34e-07,4.64e-07
SIGLEC16,0.8885859,1.34e-07,4.66e-07
PP13439,-0.5176559,1.34e-07,4.66e-07
CRADD,0.4137641,1.34e-07,4.66e-07
CDCP1,-0.34363582,1.23e-07,4.67e-07
PRSS53,0.3588673,1.35e-07,4.68e-07
LYVE1,0.78192501,1.23e-07,4.68e-07
LDLRAD2,0.3821036,1.35e-07,4.69e-07
SLC22A31,0.7102577,1.36e-07,4.71e-07
PAK4,0.4447023,1.36e-07,4.71e-07
PTN,-0.54086002,1.24e-07,4.72e-07
ZNF24,-0.696855,1.36e-07,4.72e-07
FAM122C,0.6008959,1.36e-07,4.72e-07
CALM2,-0.27581476,1.25e-07,4.76e-07
SEMA6B,0.37095746,1.26e-07,4.78e-07
PDZRN3,-0.33175915,1.26e-07,4.79e-07
GOLGA8R///GOLGA8DP///GOLGA8CP///GOLGA8O///GOLGA8M///GOLGA8K///GOLGA8T///GOLGA8J///GOLGA8S///GOLGA8N///GOLGA8EP///GOLGA8IP,-0.4807886,1.38e-07,4.8e-07
ANKRD20A21P///ANKRD20A8P///ANKRD20A4///ANKRD20A2///ANKRD20A3///ANKRD20A5P///ANKRD20A1,-0.7792873,1.39e-07,4.82e-07
ERCC6L,-0.4770209,1.39e-07,4.83e-07
SERHL2,0.6404682,1.4e-07,4.85e-07
NUTM2B///NUTM2D///NUTM2A///NUTM2G///NUTM2F,0.3325605,1.4e-07,4.85e-07
PLCXD1,0.31992048,1.28e-07,4.85e-07
KBTBD13,0.5404186,1.4e-07,4.86e-07
ELAVL3,0.4050305,1.4e-07,4.86e-07
BHLHA15,0.5157582,1.41e-07,4.87e-07
AMH,0.4014132,1.41e-07,4.87e-07
RPS15,1.0204905,1.41e-07,4.88e-07
SNORA19,-0.7401195,1.41e-07,4.89e-07
FBXL5,-0.6656409,1.42e-07,4.9e-07
MARCH3,1.05735,1.42e-07,4.9e-07
KLHL21,0.5417791,1.42e-07,4.91e-07
PATJ,-0.8697482,1.43e-07,4.94e-07
FCRL6,0.8198809,1.43e-07,4.95e-07
ZNF335,0.3336732,1.43e-07,4.95e-07
HSP90AA5P,-0.6527164,1.44e-07,4.96e-07
CD244,0.37266323,1.31e-07,4.96e-07
PRDM6,-0.37880767,1.31e-07,4.96e-07
MRPL50,0.543795,1.44e-07,4.97e-07
C16ORF46,-0.26297016,1.32e-07,4.98e-07
SNCA,0.5835205,1.45e-07,5e-07
HARS2,-0.5739505,1.45e-07,5.02e-07
LINC01558,-0.24878344,1.33e-07,5.05e-07
DKFZP779L1853,0.7061423,1.47e-07,5.07e-07
METRN,0.5062391,1.47e-07,5.09e-07
KCNH6,0.4802114,1.47e-07,5.09e-07
OCLN///LOC647859,0.46954855,1.35e-07,5.1e-07
POU4F2,0.3961732,1.48e-07,5.1e-07
TNFRSF9,-0.4557566,1.35e-07,5.1e-07
TYSND1,0.4393655,1.48e-07,5.11e-07
WDTC1,0.5018564,1.48e-07,5.11e-07
NT5C,0.5031359,1.49e-07,5.13e-07
LOC442028,0.5276409,1.49e-07,5.13e-07
C12ORF29,-0.4941341,1.49e-07,5.14e-07
RNF180,-0.5886859,1.49e-07,5.15e-07
LOC100630923///PRKRIP1,0.3920168,1.49e-07,5.15e-07
FOSL2,0.46941235,1.37e-07,5.16e-07
LOC100131506,0.5031845,1.5e-07,5.16e-07
PPFIA1,-0.6973305,1.5e-07,5.17e-07
ISG20,0.28487148,1.37e-07,5.17e-07
OR1G1,0.5241082,1.5e-07,5.18e-07
STEAP1,-1.960915,6.43e-09,5.18e-07
PPIA,-0.4247705,1.51e-07,5.22e-07
IPO4,0.5947659,1.52e-07,5.22e-07
PGR,-0.33815389,1.39e-07,5.24e-07
GABRR2,0.27865661,1.39e-07,5.24e-07
PLXNC1,-0.9497218,1.52e-07,5.25e-07
CDC73,-0.4329373,1.53e-07,5.26e-07
FXYD7,0.4662777,1.53e-07,5.26e-07
ZMAT1,-0.41756075,1.4e-07,5.27e-07
NDUFA4,-0.9037259,1.53e-07,5.28e-07
ZKSCAN8,-0.6705977,1.54e-07,5.29e-07
MANF,-0.4894014,1.54e-07,5.3e-07
OBFC1,-0.5928509,1.54e-07,5.32e-07
ANO8,0.3652814,1.54e-07,5.32e-07
SLC5A3,-0.7427241,1.55e-07,5.33e-07
CYP1A1,0.59055015,1.42e-07,5.35e-07
SRP54-AS1,0.7061475,6.71e-09,5.35e-07
LOC101928953,0.5743986,1.56e-07,5.36e-07
SERTAD2,-0.5463275,6.74e-09,5.37e-07
LOC100129112,0.4921409,1.56e-07,5.37e-07
ZNF511-PRAP1///ZNF511,0.4270164,1.57e-07,5.4e-07
TMEM237,-0.25595838,1.44e-07,5.41e-07
FAM171A2,0.5719991,1.58e-07,5.42e-07
ZCCHC17,-0.5354555,1.58e-07,5.42e-07
RBM15B,0.3628855,1.58e-07,5.42e-07
NEDD4,0.33379233,1.45e-07,5.44e-07
TPSD1,-0.31118138,1.46e-07,5.47e-07
PPP4R1L,-0.5463923,1.6e-07,5.49e-07
ARID3A,0.4500573,1.6e-07,5.49e-07
RHOXF1,0.4564555,1.6e-07,5.49e-07
SUMO3,0.4843995,1.6e-07,5.49e-07
SPACA6,0.4266155,1.6e-07,5.49e-07
WNK3,-0.8918518,1.61e-07,5.52e-07
IRS1,0.5086564,1.62e-07,5.55e-07
SNX30,0.43441308,1.49e-07,5.58e-07
OPLAH,0.611905,7.07e-09,5.59e-07
NUP210P1,0.4476305,1.64e-07,5.62e-07
SERPINB3,-1.18368178,1.5e-07,5.62e-07
ZAP70,0.6182714,1.64e-07,5.64e-07
GYPA,0.5774964,1.64e-07,5.64e-07
ZNF93,-0.25924882,1.5e-07,5.64e-07
GLRX,0.47715539,1.51e-07,5.65e-07
DPY19L2P1,-0.45852676,1.51e-07,5.66e-07
HLA-DQB2///HLA-DQB1,1.02648,1.65e-07,5.67e-07
ZRSR1///SRP19,-0.4996145,1.66e-07,5.68e-07
SLC39A1,0.6867523,1.66e-07,5.69e-07
ZNF732,-0.396965,1.67e-07,5.71e-07
TBC1D8,-0.6800014,1.67e-07,5.71e-07
RXRG,0.8844555,1.68e-07,5.74e-07
CDKN1B,0.6099114,1.67e-07,5.74e-07
ODF3L1,0.6949014,1.68e-07,5.74e-07
ADGRB1,0.4362182,1.68e-07,5.75e-07
AGBL5,0.4992932,1.68e-07,5.76e-07
HSP90AA6P,-1.1030332,1.68e-07,5.77e-07
IL6ST,-0.8014291,1.69e-07,5.78e-07
C14ORF132,0.4599418,1.69e-07,5.78e-07
HSPB2-C11ORF52///HSPB2,0.4826745,1.7e-07,5.8e-07
CYP4F22,0.4662423,1.7e-07,5.81e-07
IGHG4,-1.564315,7.44e-09,5.81e-07
WDFY3-AS2,0.5130486,1.7e-07,5.81e-07
MCAM,0.9762145,1.7e-07,5.83e-07
LOC441666,-0.6611914,1.71e-07,5.84e-07
RAB37,0.4847377,1.71e-07,5.84e-07
ILDR1,-0.27438932,1.57e-07,5.86e-07
GGCT,-0.5400755,1.72e-07,5.89e-07
CELF4,0.4506073,1.72e-07,5.89e-07
ZRANB3,-0.6143223,1.72e-07,5.89e-07
AHR,-0.5013364,1.72e-07,5.89e-07
NLGN4Y,-0.59643296,1.58e-07,5.91e-07
MACF1,-0.8395236,1.73e-07,5.92e-07
SNORD115-32,-0.43342174,1.59e-07,5.94e-07
CARF,-0.28871121,1.59e-07,5.94e-07
SNORD45C,-0.7235205,1.75e-07,5.98e-07
RNU12,0.9512655,1.75e-07,5.98e-07
DTX1,0.5040077,1.75e-07,5.99e-07
EIF3M,-0.5714309,1.75e-07,5.99e-07
FOXC1,0.4016245,1.76e-07,6.01e-07
TBCC,0.4637045,1.76e-07,6.02e-07
NOL10,-0.6286359,1.77e-07,6.03e-07
PRKACG,0.4087932,1.77e-07,6.03e-07
ZSCAN26,-0.25290124,1.62e-07,6.05e-07
FBLL1,0.4398041,1.78e-07,6.06e-07
ZNF564,-0.6173368,1.78e-07,6.07e-07
TPI1P2,0.4352864,1.78e-07,6.07e-07
MSH5-SAPCD1///SAPCD1,0.39106,1.79e-07,6.09e-07
RFC2,0.58882,1.79e-07,6.09e-07
SAP30,0.4534873,1.8e-07,6.13e-07
VTI1A,-0.4103795,1.8e-07,6.13e-07
LINC00417,-0.43198821,1.64e-07,6.13e-07
PLGLA///LPAL2///PLGLB1///PLGLB2///PLG,-0.8841382,1.8e-07,6.14e-07
ZNF774,0.4457409,1.81e-07,6.15e-07
LRWD1,0.5351114,1.81e-07,6.16e-07
KLRA1P,-0.32054489,1.65e-07,6.16e-07
COG7,-0.4789209,1.81e-07,6.16e-07
CYTH3,0.5346782,1.81e-07,6.17e-07
CXCL6,-0.66992898,1.65e-07,6.17e-07
SSBP3,0.5893227,1.82e-07,6.2e-07
PPIL2,0.3581323,1.82e-07,6.2e-07
ANKRD24,0.3075759,1.82e-07,6.21e-07
TTBK1,0.4469482,1.84e-07,6.26e-07
KIAA0100,-0.7185718,1.84e-07,6.27e-07
CCDC91,-0.5334968,1.85e-07,6.31e-07
MAP1LC3C,0.7180418,1.86e-07,6.32e-07
DACT3,0.4387364,1.86e-07,6.33e-07
WDR24,0.4469191,1.86e-07,6.34e-07
CIC,0.3823014,1.87e-07,6.35e-07
OTUD4,-0.7030927,1.88e-07,6.37e-07
WDR17,-1.0595045,1.87e-07,6.37e-07
RALGAPA1,-0.5967323,1.87e-07,6.37e-07
DLGAP1,0.4709945,1.88e-07,6.37e-07
CNFN,0.4295077,1.88e-07,6.39e-07
FBXO48,-0.5728095,1.88e-07,6.39e-07
HSD17B12,-0.4765286,1.88e-07,6.39e-07
MYBPC3,0.4559291,1.9e-07,6.44e-07
C8ORF82,0.4771795,1.9e-07,6.45e-07
ADAMTS3,-0.6646768,1.9e-07,6.45e-07
TSPAN32,0.4888223,1.9e-07,6.46e-07
MIR15A,-0.72555162,1.74e-07,6.49e-07
ZNF253,-0.8471859,1.91e-07,6.49e-07
SELP,-0.49904753,1.75e-07,6.51e-07
FAM131C,0.4957205,1.92e-07,6.52e-07
HDHD3,0.6485168,1.93e-07,6.55e-07
SF3B6,0.7663045,1.93e-07,6.56e-07
NRL,0.4802232,1.94e-07,6.57e-07
ANXA7,-0.4228914,1.94e-07,6.57e-07
MAPK9,-0.4208441,1.94e-07,6.57e-07
SLC26A1,0.4379991,1.94e-07,6.58e-07
LRRC37A11P,0.4349305,1.94e-07,6.59e-07
TBC1D9B,0.5140036,1.95e-07,6.6e-07
THAP5P1,-0.9195936,1.95e-07,6.61e-07
SPATA21,0.4356809,1.95e-07,6.61e-07
LOC100130370,0.4117618,1.95e-07,6.61e-07
STARD9,0.7070455,1.96e-07,6.62e-07
PTGES,-0.28203007,1.79e-07,6.66e-07
SERPINA2,0.6045791,1.97e-07,6.67e-07
BCL2L13,0.5237,8.88e-09,6.74e-07
ECSIT,0.4204109,2.01e-07,6.8e-07
MIR29A,0.29022131,1.83e-07,6.81e-07
LOC101927181,0.4900368,2.02e-07,6.82e-07
RAVER2,-0.33892629,1.84e-07,6.83e-07
DAPL1,0.3703159,2.03e-07,6.86e-07
SYT11,0.5788609,2.04e-07,6.88e-07
LETMD1,0.4839927,2.04e-07,6.89e-07
TRAF7,0.5056764,2.05e-07,6.91e-07
RUFY3,-0.672715,2.06e-07,6.95e-07
AATK-AS1,0.4496118,2.06e-07,6.97e-07
NT5C1B-RDH14///NT5C1B,0.3967964,2.07e-07,6.99e-07
BCAS4,0.4776382,2.07e-07,6.99e-07
SIKE1,-0.4048332,2.07e-07,7e-07
PTPMT1,0.4227891,2.07e-07,7e-07
PDK1,-1.314255,2.07e-07,7e-07
HAAO,0.4431855,2.08e-07,7.02e-07
HHLA3,0.6708495,2.08e-07,7.03e-07
EGFR,0.609745,9.4e-09,7.03e-07
EML5,-0.7411445,2.08e-07,7.03e-07
KLHL22,0.3651305,2.09e-07,7.04e-07
DFFB,0.3309514,2.09e-07,7.05e-07
SALL3,0.438045,2.09e-07,7.05e-07
WDYHV1,-0.5244823,2.09e-07,7.05e-07
OPTC,0.4990873,2.09e-07,7.06e-07
SNORD50B,-0.9556982,2.1e-07,7.07e-07
CCL26,0.8770625,9.5e-09,7.08e-07
PLA2G12B,0.31914184,1.91e-07,7.1e-07
PLEKHM3,0.35388176,1.91e-07,7.1e-07
MRC2,0.6451155,2.11e-07,7.1e-07
MKRN2,-0.4880741,2.11e-07,7.1e-07
SLC25A22,0.4232759,2.11e-07,7.12e-07
SCARB2,-0.5107145,2.11e-07,7.12e-07
GJD2,0.4823882,2.12e-07,7.13e-07
TRBC1,-0.24341982,1.92e-07,7.14e-07
CMYA5,-0.7017895,2.13e-07,7.17e-07
SHOX,0.3980368,2.13e-07,7.18e-07
PEPD,0.7520636,2.13e-07,7.18e-07
PCDHB2,-0.3092192,1.94e-07,7.2e-07
UTF1,0.4911709,2.14e-07,7.21e-07
FAM163B,0.4816927,2.15e-07,7.23e-07
MSGN1,0.3994991,2.15e-07,7.23e-07
SERF2-C15ORF63///HYPK,-0.4612791,2.15e-07,7.24e-07
TUBB4B,1.2660859,2.15e-07,7.25e-07
PTPRZ1,-0.86936786,1.96e-07,7.26e-07
FMNL1,0.5764955,2.16e-07,7.27e-07
TCEB2,0.6808905,2.17e-07,7.3e-07
SOX11,0.420845,2.18e-07,7.32e-07
HABP2,-0.41992149,1.98e-07,7.33e-07
PI4KAP1///PI4KAP2///PI4KA,0.4688959,2.18e-07,7.33e-07
MGAT2,-0.638865,2.19e-07,7.35e-07
ZNF529,-0.5154614,2.19e-07,7.35e-07
FZD7,-0.7540023,2.2e-07,7.38e-07
IFNGR2,0.4215236,2.2e-07,7.38e-07
SKOR2,0.5218791,2.2e-07,7.39e-07
CES1P1,0.30647677,1.99e-07,7.4e-07
SPAG8,-0.40816509,2.02e-07,7.47e-07
ZP3,0.58735,2.23e-07,7.48e-07
TMEM92,0.5443205,2.25e-07,7.53e-07
GRIK2,-0.25372849,2.04e-07,7.54e-07
AHDC1,0.4186641,2.26e-07,7.57e-07
FITM1,0.47516,2.26e-07,7.57e-07
ZCWPW2,-0.6335441,2.26e-07,7.59e-07
B3GALT6,0.4475864,2.27e-07,7.6e-07
PITHD1,0.67633,2.27e-07,7.61e-07
DPY19L2,-0.36523283,2.07e-07,7.66e-07
TIMP2,0.6093682,2.29e-07,7.67e-07
PLCB3,0.3485132,2.29e-07,7.67e-07
MPP2,0.3695041,2.29e-07,7.67e-07
C9ORF163,0.5063414,2.3e-07,7.69e-07
KCNJ8,0.6436132,2.31e-07,7.74e-07
BAK1,0.6797832,2.32e-07,7.75e-07
FA2H,0.3992732,2.32e-07,7.75e-07
CCDC126,-0.5294118,2.32e-07,7.76e-07
ZNF676,-1.3426295,2.33e-07,7.79e-07
LONRF2,-0.8777391,2.35e-07,7.85e-07
SEMA7A,0.7084395,2.35e-07,7.85e-07
SLC38A9,-0.27527829,2.12e-07,7.85e-07
PARVG,0.34036575,2.13e-07,7.86e-07
CETP,0.5814709,2.35e-07,7.87e-07
TAF2,-0.6095086,2.36e-07,7.88e-07
IL10,0.36478142,2.14e-07,7.91e-07
FNDC3B,-0.6218955,2.38e-07,7.94e-07
LRRC74B,-0.55109977,2.16e-07,7.98e-07
C2ORF81,-0.34692698,2.16e-07,7.99e-07
SLC29A4,0.5423618,2.4e-07,8e-07
POLI,-0.53506,2.4e-07,8e-07
IDH2,0.5819355,2.4e-07,8.01e-07
OXGR1,0.5280309,2.4e-07,8.02e-07
PTPA,-0.5713577,2.4e-07,8.03e-07
GYS1,0.4546327,2.4e-07,8.03e-07
CYP1B1,-1.5063373,2.41e-07,8.04e-07
NALCN,-0.36165006,2.18e-07,8.04e-07
FLJ46838,0.4235332,2.41e-07,8.05e-07
CLDN34,0.8145705,2.41e-07,8.05e-07
RIPPLY3,0.77436,1.11e-08,8.07e-07
DNAJC22,-0.7937325,1.12e-08,8.09e-07
KRTAP15-1,0.6084518,2.44e-07,8.13e-07
ZBTB22,0.4955859,2.45e-07,8.17e-07
ARMCX6,0.4709532,2.47e-07,8.23e-07
BTNL8,1.55116,1.15e-08,8.27e-07
IL1RN,-0.57868751,2.24e-07,8.27e-07
MED23,-0.6436,2.49e-07,8.31e-07
ECE2,0.4154255,2.5e-07,8.32e-07
TREH,0.5107986,2.5e-07,8.32e-07
CHPF,0.6336291,2.5e-07,8.33e-07
ACOT2,0.35483496,2.26e-07,8.34e-07
NEU4,0.4066836,2.51e-07,8.37e-07
SEC61G,-0.9171786,2.51e-07,8.37e-07
TNFRSF4,0.5119932,2.52e-07,8.39e-07
TTC9C,0.43074,2.53e-07,8.42e-07
LAMP2,-0.4635773,2.54e-07,8.45e-07
RBMS1,0.4849791,2.55e-07,8.47e-07
ZNF710,0.4181764,2.54e-07,8.47e-07
TMSB4XP6///TMSB4XP2///TMSB4XP1///TMSB4X,0.3849545,2.55e-07,8.49e-07
TMEM163,0.5320427,2.31e-07,8.51e-07
ZNF519,-0.6730414,2.56e-07,8.53e-07
TRIM16L///TRIM16,0.7282209,2.57e-07,8.54e-07
ZXDB,0.4052145,2.57e-07,8.55e-07
AVPR2,0.4836186,2.58e-07,8.57e-07
MIR494,-0.5942468,2.58e-07,8.58e-07
MARCH2,0.5450641,2.59e-07,8.6e-07
TTC3P1,-0.5851225,1.21e-08,8.61e-07
LGALS2,-3.39334,1.21e-08,8.61e-07
B3GNT3,-0.32824362,2.34e-07,8.62e-07
COL8A2,-1.05032,1.22e-08,8.65e-07
NARFL,0.324305,2.61e-07,8.67e-07
LRRC29,0.3841664,2.62e-07,8.69e-07
POU3F2,0.4817955,2.61e-07,8.69e-07
DNAH17,0.5857768,2.61e-07,8.69e-07
GAP43,-0.28022266,2.36e-07,8.7e-07
LPEQ6126,0.3971795,2.63e-07,8.73e-07
RANGRF,0.4550041,2.65e-07,8.79e-07
HOMER2,-0.33268435,2.4e-07,8.81e-07
BRAP,-0.3833859,2.66e-07,8.82e-07
GATA3,0.7357968,2.66e-07,8.82e-07
ZNF835,0.4720682,2.66e-07,8.82e-07
RNF186,0.4647309,2.66e-07,8.83e-07
SFXN2,0.25930684,2.4e-07,8.83e-07
FERMT3,0.39556987,2.4e-07,8.83e-07
LPCAT1,1.0103082,2.66e-07,8.83e-07
ANGPT4,0.4867159,2.66e-07,8.84e-07
ATG12,-0.5078527,2.67e-07,8.87e-07
LRP6,-0.6996136,2.69e-07,8.9e-07
KIAA1147,0.5946118,2.68e-07,8.9e-07
SNHG12///SNORA16A///SNORA61///SNORA44///SNHG12,0.31679399,2.43e-07,8.9e-07
RAE1,-0.4435445,2.7e-07,8.95e-07
TXNDC12,0.3800645,2.7e-07,8.96e-07
TBC1D30,0.29555399,2.44e-07,8.96e-07
DNM3,0.30663922,2.44e-07,8.96e-07
USP46,-0.552395,2.71e-07,8.97e-07
LELP1,0.4219668,2.71e-07,8.98e-07
ZNF383,-0.5094268,2.72e-07,9e-07
LOC107984282,0.518095,1.28e-08,9.04e-07
ZNF692///ZNF692,0.4829273,2.73e-07,9.05e-07
RRP15,-0.9675923,2.75e-07,9.11e-07
SQLE,-0.9037618,2.76e-07,9.13e-07
PER2,-0.46120358,2.49e-07,9.13e-07
ADAM20,-0.4836136,2.76e-07,9.14e-07
MAPK11,0.4155564,2.76e-07,9.14e-07
SLC9A3R1,-0.29160091,2.5e-07,9.18e-07
SLC20A1,0.33697173,2.51e-07,9.2e-07
S100A14,0.39286445,2.52e-07,9.22e-07
FBXW9,0.5355755,2.79e-07,9.24e-07
EXD3,0.3870668,2.8e-07,9.25e-07
TEN1-CDK3///CDK3,0.3714932,2.8e-07,9.25e-07
CFC1B///CFC1,0.5429945,2.81e-07,9.27e-07
TMEM54,0.7819068,2.81e-07,9.27e-07
DCP1A,0.5211118,2.82e-07,9.32e-07
CAMK2B,0.5017209,2.82e-07,9.33e-07
CYP3A4,1.5326925,1.33e-08,9.35e-07
ZBTB11,-0.6626791,2.83e-07,9.36e-07
TYRO3,0.28726184,2.57e-07,9.41e-07
LOC645010,0.5234905,2.86e-07,9.44e-07
RASAL1,0.4257777,2.87e-07,9.47e-07
ZNF296///ZNF296,0.4176186,2.89e-07,9.52e-07
LINC00174,0.5303164,2.89e-07,9.52e-07
GMIP,0.26419994,2.6e-07,9.52e-07
NKX3-2,0.4669736,2.89e-07,9.53e-07
NCKAP5L,0.3770268,2.89e-07,9.53e-07
H2AFB1///H2AFB2///H2AFB3,0.3749077,2.9e-07,9.57e-07
RNU5E-1,1.8761727,2.91e-07,9.6e-07
OSBP2,0.3973795,2.92e-07,9.63e-07
AK4,-0.7550277,2.95e-07,9.72e-07
HDGF,0.47427,2.96e-07,9.74e-07
TTLL12,0.4833114,2.96e-07,9.75e-07
LOC100130417,-0.528225,1.41e-08,9.76e-07
HCN3,0.4123364,2.97e-07,9.79e-07
MSANTD3-TMEFF1///TMEFF1,-0.6571564,2.97e-07,9.79e-07
ARPP21,0.3370632,2.98e-07,9.82e-07
PBX4,0.4564105,2.98e-07,9.82e-07
AMMECR1,0.5300475,1.42e-08,9.83e-07
METTL18,-0.5063055,2.99e-07,9.84e-07
FBN2,-0.730315,2.99e-07,9.84e-07
C2ORF57,0.4503582,3e-07,9.85e-07
HLA-H///HLA-C///HLA-B///HLA-A///HLA-B///HLA-A,0.3792227,3e-07,9.86e-07
CSGALNACT1,-0.8278677,3.02e-07,9.92e-07
PFKL,0.5683055,3.02e-07,9.93e-07
LHX6,0.4797214,3.02e-07,9.93e-07
VSTM2B,0.4745341,3.03e-07,9.95e-07
CHRM4,0.5583323,3.03e-07,9.96e-07
LY6G5C,0.3208327,3.03e-07,9.97e-07
FRAS1,-0.52247075,2.74e-07,9.98e-07
POLR3D,0.4036741,3.04e-07,9.99e-07
CACFD1,0.5167027,3.04e-07,9.99e-07
CABP4,0.4948977,3.05e-07,1e-06
AMT///AMT,0.4578759,3.05e-07,1e-06
B4GAT1,0.7055468,3.04e-07,1e-06
PVRIG,0.4984527,3.05e-07,1e-06
C9ORF16,0.5095545,3.07e-07,1.01e-06
TSPEAR-AS2,0.4725591,3.09e-07,1.01e-06
CLCN2,0.3163545,3.09e-07,1.01e-06
FBXO18,-0.6074759,3.08e-07,1.01e-06
EPHB3,0.5687845,3.07e-07,1.01e-06
ARL6IP5,-0.30584434,2.79e-07,1.01e-06
PLIN5,1.0904725,1.47e-08,1.01e-06
STAG3L5P-PVRIG2P-PILRB///PILRB,0.5025959,3.08e-07,1.01e-06
ADAMTS19,-0.4725568,3.1e-07,1.02e-06
OTX2,0.4611,3.12e-07,1.02e-06
FOXO3,0.535645,3.15e-07,1.03e-06
CRSP8P///MED27,0.5554773,3.15e-07,1.03e-06
CPEB3,-0.5545541,3.13e-07,1.03e-06
ELF2,-0.4582982,3.15e-07,1.03e-06
CAMK2N2,0.4331468,3.13e-07,1.03e-06
RAB38,-0.28476045,2.86e-07,1.04e-06
TRAFD1,0.4837532,3.16e-07,1.04e-06
DOLPP1,0.5679205,3.17e-07,1.04e-06
DBNDD1,0.3962791,3.22e-07,1.05e-06
WDR34,0.6136055,3.2e-07,1.05e-06
SNX29P1///SNX29P2///SNX29,-0.5182073,3.22e-07,1.05e-06
SH3GL1,0.5008459,3.19e-07,1.05e-06
ADAMTS7,0.48402,3.2e-07,1.05e-06
PLAG1,0.30724815,2.88e-07,1.05e-06
RNF215,0.4346223,3.2e-07,1.05e-06
SCRT2,0.4145314,3.2e-07,1.05e-06
HR,-0.5035275,1.54e-08,1.05e-06
ETNK2,0.4292491,3.24e-07,1.06e-06
CDCA7L,-0.7819905,3.25e-07,1.06e-06
DNASE1L2,0.434725,3.23e-07,1.06e-06
GLB1L,-0.4329584,2.91e-07,1.06e-06
TMEM139,0.36043784,2.92e-07,1.06e-06
TES,-0.7184123,3.27e-07,1.07e-06
DDR1,-0.34593642,2.95e-07,1.07e-06
MYOG,0.4635055,3.28e-07,1.07e-06
FAM234B,0.512255,3.27e-07,1.07e-06
FIBP,0.4523045,3.26e-07,1.07e-06
ACD,0.4855127,3.31e-07,1.08e-06
ETS1,-0.6470418,3.34e-07,1.09e-06
FER1L6,-0.34192628,2.99e-07,1.09e-06
SLC25A15,0.2840655,3e-07,1.09e-06
GRPEL2,0.6422359,3.32e-07,1.09e-06
CENPI,-0.6775241,3.32e-07,1.09e-06
RPL19,0.4879086,3.34e-07,1.09e-06
PHF7,0.409895,3.37e-07,1.1e-06
FAM57A,0.4727364,3.38e-07,1.1e-06
PLXNA2,0.63712,1.63e-08,1.1e-06
EEPD1///EEPD1,0.5782859,3.41e-07,1.11e-06
TACR2,0.5080995,3.39e-07,1.11e-06
IGDCC3,0.3919086,3.41e-07,1.11e-06
PLEKHG5,0.4029705,3.41e-07,1.11e-06
NDUFB4,1.0403309,3.41e-07,1.11e-06
KAT6A,-0.7457577,3.44e-07,1.12e-06
ARHGAP15,-1.07171,1.67e-08,1.12e-06
DEGS1,0.4597436,3.43e-07,1.12e-06
GTSF1,0.8095977,3.42e-07,1.12e-06
PELI1,-1.0314655,3.45e-07,1.12e-06
ZFYVE28,0.3650836,3.45e-07,1.12e-06
B4GALT2,0.5006359,3.43e-07,1.12e-06
OSTC,0.6372773,3.48e-07,1.13e-06
PHC1,0.4067218,3.48e-07,1.13e-06
MTFR2,-0.6749041,3.48e-07,1.13e-06
CLEC4F,-0.29030927,3.11e-07,1.13e-06
LOC105375092,0.42281,3.5e-07,1.14e-06
SNORD28,-0.9486809,3.5e-07,1.14e-06
NDUFAF1,-0.7869327,3.5e-07,1.14e-06
STAM2,-0.5940614,3.51e-07,1.14e-06
INTS12,-0.6063923,3.52e-07,1.14e-06
NRG2,0.3559977,3.5e-07,1.14e-06
LRG1,0.5552186,3.52e-07,1.15e-06
PTEN,0.4957975,1.73e-08,1.15e-06
CD46,-0.4931273,3.54e-07,1.15e-06
LPIN3,0.3845905,3.57e-07,1.16e-06
LOC400707,0.5948055,3.58e-07,1.16e-06
EBF4,0.4525514,3.58e-07,1.16e-06
FBXW4P1,0.3926386,3.57e-07,1.16e-06
ITK,-1.0549845,3.58e-07,1.16e-06
MMP8,0.72090325,3.21e-07,1.16e-06
C16ORF45,-0.27399334,3.23e-07,1.17e-06
METTL13,-0.56727,3.6e-07,1.17e-06
STAG3L4,0.4967509,3.6e-07,1.17e-06
RACGAP1,-0.5538691,3.6e-07,1.17e-06
LOC100996724///PDE4DIP,-0.4003864,3.6e-07,1.17e-06
SNN,0.4541982,3.61e-07,1.17e-06
C17ORF82,0.3769541,3.6e-07,1.17e-06
ESCO2,-0.6613009,3.59e-07,1.17e-06
FOXN2,-0.5602255,3.63e-07,1.18e-06
FAM219B,0.4290859,3.64e-07,1.18e-06
NDUFAF4,0.27359502,3.27e-07,1.18e-06
RMDN1,-0.5359555,3.68e-07,1.19e-06
TIPIN,-0.5719855,3.67e-07,1.19e-06
RUNX1T1,-0.42233386,3.33e-07,1.2e-06
ZBTB46,0.4272936,3.69e-07,1.2e-06
ATP1A2,-0.51745941,3.33e-07,1.2e-06
TSC22D3,0.47399729,3.33e-07,1.2e-06
ADAT1,-0.700015,3.74e-07,1.21e-06
MEF2D,0.4997109,3.78e-07,1.22e-06
PDCD11,-0.7113368,3.78e-07,1.22e-06
PM20D1,0.5815814,3.76e-07,1.22e-06
ABTB1,0.5071625,1.86e-08,1.22e-06
LRRC3DN,0.4219777,3.77e-07,1.22e-06
CCNB3,0.485625,1.86e-08,1.22e-06
KIF19,-0.28265213,3.4e-07,1.23e-06
CLPTM1L,0.24305417,3.4e-07,1.23e-06
LSG1,-0.6533673,3.8e-07,1.23e-06
RPL23AP5///RPL23AP82///RPL23AP7,0.9367423,3.79e-07,1.23e-06
TPM3P9,-0.4491845,3.81e-07,1.23e-06
MAP3K7CL,0.4524236,3.79e-07,1.23e-06
AKR7L,0.5306668,3.87e-07,1.25e-06
LOC643406///LINC00654,0.5502082,3.91e-07,1.26e-06
CCL3L3///CCL3L1///CCL3,0.6006632,3.91e-07,1.26e-06
GLE1,-0.4018495,3.91e-07,1.26e-06
DEFA4,0.28053785,3.5e-07,1.26e-06
DLEU2L,-0.25852326,3.54e-07,1.27e-06
TKTL1,0.4740309,3.94e-07,1.27e-06
TNFSF10,0.9843005,3.94e-07,1.27e-06
TMEM173,0.5880568,3.91e-07,1.27e-06
CECR6,0.4983718,3.97e-07,1.28e-06
DOK2,0.8270873,3.98e-07,1.28e-06
EXOC8,-0.4459609,3.97e-07,1.28e-06
VAMP1,0.5844768,3.95e-07,1.28e-06
TMEM154,-0.34216495,3.58e-07,1.29e-06
ATP1A4,0.69362,2e-08,1.29e-06
SNORA67,0.33875361,3.62e-07,1.3e-06
C10ORF99,0.3864623,4.03e-07,1.3e-06
CD44,0.5050273,4.01e-07,1.3e-06
BTN2A1,-0.4793455,4.06e-07,1.31e-06
CPSF1,0.5365527,4.05e-07,1.31e-06
ZNF432,-0.5855936,4.11e-07,1.32e-06
FAM218A,0.44074,4.08e-07,1.32e-06
EMCN,1.1810741,4.11e-07,1.32e-06
CDK11A,0.28735269,3.7e-07,1.33e-06
GBX2,0.5361377,4.11e-07,1.33e-06
HSD17B7P2///HSD17B7,0.32413865,3.7e-07,1.33e-06
C1ORF186,-0.37781758,3.71e-07,1.33e-06
SRD5A1,0.47015,4.16e-07,1.34e-06
LOC100505501,0.3932982,4.15e-07,1.34e-06
CRY2,0.53674,4.18e-07,1.35e-06
LOC729040,0.4855932,4.17e-07,1.35e-06
IRF3,0.4714836,4.19e-07,1.35e-06
BET1L,0.5563486,4.2e-07,1.35e-06
MXRA8,0.6854605,4.22e-07,1.36e-06
CTBP2,0.3373214,4.21e-07,1.36e-06
KRT10,0.3685355,4.23e-07,1.36e-06
SFTPA2///SFTPA1///SFTPA2///SFTPA1,0.60755,4.22e-07,1.36e-06
HFE,-0.5096632,4.23e-07,1.36e-06
OR2W3///TRIM58,0.3929068,4.25e-07,1.37e-06
KCNK9,0.5222923,4.26e-07,1.37e-06
TPD52///TPD52,-0.689065,4.27e-07,1.37e-06
UTP11,-0.6274709,4.25e-07,1.37e-06
FAM131A,0.4076023,4.25e-07,1.37e-06
ZNF764,0.3784764,4.26e-07,1.37e-06
DRD1,-0.25179248,3.84e-07,1.37e-06
IKZF3,-0.41926787,3.84e-07,1.37e-06
IL22RA1,0.453995,4.29e-07,1.38e-06
CCIN,0.6214823,4.28e-07,1.38e-06
CNOT4,0.4504227,4.3e-07,1.38e-06
MTA3,-0.23462135,3.88e-07,1.39e-06
GOLGA8O///GOLGA8M///GOLGA8K///GOLGA8T///GOLGA8J///GOLGA8N///GOLGA8IP///ULK4P1///CHRFAM7A,-0.4837741,4.32e-07,1.39e-06
YEATS4,-0.4885986,4.33e-07,1.39e-06
P2RX5-TAX1BP3///TAX1BP3,0.8385468,4.33e-07,1.39e-06
NLGN3,0.4256391,4.32e-07,1.39e-06
LOC107987020///LOC107987020,0.6796782,4.32e-07,1.39e-06
RSPO3,-1.2805523,4.35e-07,1.4e-06
PLAUR,0.9422364,4.36e-07,1.4e-06
C4B_2///C4B///C4A,-1.0660868,4.4e-07,1.41e-06
C1QA,0.41872158,3.94e-07,1.41e-06
CADM2,0.8813486,4.41e-07,1.41e-06
THAP8,0.4798177,4.42e-07,1.42e-06
CTTNBP2NL,-0.5954555,4.42e-07,1.42e-06
CLDN18,0.91244123,3.97e-07,1.42e-06
PARD6A,0.5236309,4.47e-07,1.43e-06
ACP6,0.519645,4.45e-07,1.43e-06
INMT,1.4261375,2.25e-08,1.43e-06
DCTN3,0.7461505,4.46e-07,1.43e-06
NOP14,0.26795834,4.03e-07,1.44e-06
INPPL1,0.4290259,4.48e-07,1.44e-06
PAICS,-0.5526541,4.48e-07,1.44e-06
LINC00680-GUSBP4///LOC100133050///GUSBP9///GUSBP1///GUSBP3///GUSBP2///SMA5///SMA4///GUSBP3///SMA5///SMA4,0.6745914,4.5e-07,1.44e-06
BAGE,-0.5324191,4.52e-07,1.45e-06
MCL1,-0.5760864,4.52e-07,1.45e-06
SURF4,0.4849295,4.55e-07,1.46e-06
KDSR,-0.402625,4.56e-07,1.46e-06
C1ORF159,0.3224941,4.57e-07,1.46e-06
KRTAP3-3,0.375985,4.57e-07,1.46e-06
C15ORF56,0.3777395,4.55e-07,1.46e-06
LARP4B,-0.4958791,4.56e-07,1.46e-06
LOC407835,0.5180455,4.6e-07,1.47e-06
CRHR2,0.4061468,4.6e-07,1.47e-06
CHI3L1,-1.57505,2.31e-08,1.47e-06
GTF2H1,-0.6186368,4.62e-07,1.48e-06
CMTM2,0.4655118,4.65e-07,1.48e-06
MAP7D1,0.3510368,4.65e-07,1.48e-06
CLDN9,0.3904445,4.63e-07,1.48e-06
TP53INP2,0.5109736,4.63e-07,1.48e-06
PTCH2,1.2702123,4.67e-07,1.49e-06
NPM3,0.4055845,4.68e-07,1.49e-06
HLA-L,0.5038682,4.65e-07,1.49e-06
ZNF30,-0.6590614,4.68e-07,1.49e-06
MMS19,0.4352225,2.36e-08,1.49e-06
NEK7,-0.5572036,4.67e-07,1.49e-06
TM7SF2,0.25083821,4.2e-07,1.5e-06
IPCEF1///CNKSR3,-0.7151995,4.69e-07,1.5e-06
EPHA10,0.357595,4.7e-07,1.5e-06
AHSA2,-0.5614427,4.72e-07,1.51e-06
MIPOL1,-0.625255,4.78e-07,1.52e-06
MARC2,0.6842225,2.41e-08,1.52e-06
KCNG2,0.4602309,4.76e-07,1.52e-06
HACD1,0.26678699,4.33e-07,1.54e-06
SLC6A6,-0.5699864,4.83e-07,1.54e-06
TAZ,0.4580386,4.83e-07,1.54e-06
F13A1,-1.1844791,4.87e-07,1.55e-06
ASAH1,-0.5326045,4.88e-07,1.55e-06
ZBTB9///SYNGAP1,0.3073809,4.87e-07,1.55e-06
PLA2G2F,0.4604859,4.88e-07,1.55e-06
PLXNB3,0.460295,4.87e-07,1.55e-06
FPGS,0.4343182,4.91e-07,1.56e-06
GP1BA,0.5810155,4.9e-07,1.56e-06
PRRX2,-1.3130025,2.51e-08,1.57e-06
FLJ37201,-0.7310845,4.95e-07,1.57e-06
NOLC1,-0.7363968,4.94e-07,1.57e-06
XPNPEP1,-0.5693545,4.93e-07,1.57e-06
SLC30A3,0.4223468,4.97e-07,1.58e-06
ADAM33,0.4069695,4.98e-07,1.58e-06
TTC33,-0.3816909,5.01e-07,1.59e-06
CCDC149,-0.4467577,5e-07,1.59e-06
KRT6A,-0.61683786,4.5e-07,1.6e-06
ARHGAP5-AS1,0.5525191,5.05e-07,1.6e-06
NARR///RAB34,0.6510073,5.03e-07,1.6e-06
SCN3B,0.4022564,5.03e-07,1.6e-06
TGM6,0.4013909,5.07e-07,1.61e-06
TBP,0.3190864,5.07e-07,1.61e-06
EDEM1,0.2852313,4.52e-07,1.61e-06
TSNAXIP1,-0.30844852,4.57e-07,1.62e-06
NFS1,0.2794664,5.11e-07,1.62e-06
GBAP1,0.5114982,5.11e-07,1.62e-06
TMEM52B,0.4949409,5.14e-07,1.63e-06
HADHA,-0.740425,5.15e-07,1.63e-06
FOLR2,-0.41344914,4.59e-07,1.63e-06
SQSTM1,0.4810577,5.16e-07,1.64e-06
NNMT,0.47431407,4.62e-07,1.64e-06
BCAR3,0.3339123,5.18e-07,1.64e-06
MAP3K1,-0.6694473,5.17e-07,1.64e-06
PRSS3,0.4847618,5.17e-07,1.64e-06
USP39,0.5705673,5.19e-07,1.65e-06
NUAK1,0.44451519,4.66e-07,1.65e-06
CEP170,-0.7498682,5.21e-07,1.65e-06
GRIN2C,0.4133355,5.25e-07,1.66e-06
ASPRV1,0.465075,5.25e-07,1.66e-06
NFATC4,-0.25857491,4.69e-07,1.66e-06
TBC1D12,-0.3607495,5.24e-07,1.66e-06
PCDHB10,-0.3860537,4.72e-07,1.67e-06
PAFAH2,-0.4445136,5.26e-07,1.67e-06
RBM4B,0.4377195,5.26e-07,1.67e-06
NTNG1,1.0118573,5.29e-07,1.67e-06
SLC8A2,0.4168627,5.26e-07,1.67e-06
IL12RB1,0.495,5.29e-07,1.68e-06
FOXD3,0.4706305,5.29e-07,1.68e-06
THSD7A,-0.7964614,5.3e-07,1.68e-06
DNAH1,-0.35742707,4.75e-07,1.68e-06
RASSF7,0.4686859,5.32e-07,1.68e-06
HSPA1L,0.5025941,5.3e-07,1.68e-06
MS4A1,-0.8574173,4.76e-07,1.69e-06
PITPNM3,0.4166109,5.34e-07,1.69e-06
GORASP1,0.4510791,5.36e-07,1.7e-06
ARL17B///ARL17A///NBR2///NBR2,0.8642345,5.42e-07,1.71e-06
CELSR1,-0.44645512,4.83e-07,1.71e-06
STARD5,-0.33735431,4.82e-07,1.71e-06
LCE1E,0.5668841,5.41e-07,1.71e-06
DDX20,-0.5220177,5.43e-07,1.72e-06
AARD,0.8645964,5.44e-07,1.72e-06
PLET1,0.4437205,5.45e-07,1.72e-06
NAPB,-0.4877414,5.44e-07,1.72e-06
PRDM16,0.4588114,5.45e-07,1.72e-06
APOM,0.3569936,5.47e-07,1.73e-06
PSMD5,-0.6838109,5.46e-07,1.73e-06
IL17D,0.4266664,5.46e-07,1.73e-06
KIAA0930,0.5025809,5.51e-07,1.74e-06
COL4A3,0.7580068,5.51e-07,1.74e-06
C1ORF168,-0.70013205,4.94e-07,1.74e-06
PLEKHF1,0.4842095,5.5e-07,1.74e-06
SP1,-0.4890455,5.55e-07,1.75e-06
TF,-0.43172092,4.95e-07,1.75e-06
TLR10,-0.8409959,5.55e-07,1.75e-06
NISCH,0.6030425,2.83e-08,1.75e-06
ZNF446,0.36828,5.57e-07,1.76e-06
RNPC3,-0.4460314,5.57e-07,1.76e-06
DNAJB3,0.3697291,5.56e-07,1.76e-06
DHX8,-0.6282768,5.65e-07,1.78e-06
LOC400590,0.6950141,5.64e-07,1.78e-06
GRB2,0.22597573,5.08e-07,1.79e-06
ADA,0.5140327,5.68e-07,1.79e-06
KRTAP9-6///KRTAP9-7///KRTAP9-4///KRTAP9-8///KRTAP9-3///KRTAP9-2///KRTAP9-9,0.3781791,5.69e-07,1.79e-06
HORMAD1,-0.54416197,5.08e-07,1.79e-06
DSCAML1,0.4363364,5.72e-07,1.8e-06
SLC1A4,-0.31674632,5.11e-07,1.8e-06
WNT2B,0.27043376,5.1e-07,1.8e-06
DUSP14,-0.31469093,5.09e-07,1.8e-06
ARL1,-0.29755377,5.11e-07,1.8e-06
SARS,-0.5645182,5.71e-07,1.8e-06
SEC23B,-0.6431991,5.76e-07,1.81e-06
UBE2B,-0.3261023,5.75e-07,1.81e-06
COA1,0.5092845,5.74e-07,1.81e-06
OCSTAMP,0.4506823,5.74e-07,1.81e-06
GPKOW,0.3675918,5.76e-07,1.81e-06
ADD2,-0.27671975,5.17e-07,1.82e-06
FDPSP2,0.6117625,2.98e-08,1.82e-06
TMEM51-AS1,0.3366823,5.79e-07,1.82e-06
LAIR1,0.36216293,5.21e-07,1.83e-06
PDE10A,-0.32155317,5.21e-07,1.83e-06
EVX1,0.4672959,5.84e-07,1.84e-06
SH2D4B,0.4912614,5.85e-07,1.84e-06
PTGS1,0.4616532,5.84e-07,1.84e-06
HSD17B13,-1.15932857,5.27e-07,1.85e-06
IGHM,-1.3059125,3.05e-08,1.85e-06
TRA2A,-0.44417618,5.27e-07,1.85e-06
SRSF3,-0.5162855,5.89e-07,1.85e-06
A1BG,0.3852582,5.9e-07,1.86e-06
FDXR,0.3701836,5.92e-07,1.86e-06
VAT1L,-0.37374726,5.3e-07,1.86e-06
VDR,0.30708889,5.31e-07,1.86e-06
BMP7,-0.6671825,3.07e-08,1.86e-06
GOLGA8M///GOLGA8K///GOLGA8T///GOLGA8J///GOLGA8IP///ULK4P1///CHRFAM7A,-0.5052323,5.9e-07,1.86e-06
MZF1,0.3613309,5.91e-07,1.86e-06
RND1,0.87474837,5.33e-07,1.87e-06
UBE2F-SCLY///SCLY,0.3992109,5.95e-07,1.87e-06
OSBPL10,0.3640514,5.96e-07,1.87e-06
PDE9A,0.3982773,5.96e-07,1.87e-06
MIR622///KRT18,-0.9270009,6e-07,1.88e-06
IGF2-AS,0.4248641,5.98e-07,1.88e-06
LOC401433,0.4960141,6.05e-07,1.9e-06
HPRT1,-0.6668086,6.05e-07,1.9e-06
AURKC,0.3551236,6.04e-07,1.9e-06
POLR3C,-0.5075505,6.07e-07,1.9e-06
PTCRA,0.4109336,6.06e-07,1.9e-06
EFCAB13,-0.32427029,5.42e-07,1.9e-06
SLC22A3,0.51364969,5.42e-07,1.9e-06
CMPK1,-0.3909941,6.07e-07,1.91e-06
NHSL2,0.5027514,6.08e-07,1.91e-06
APOA1,0.4295345,6.09e-07,1.91e-06
SOCS3,0.70154823,5.44e-07,1.91e-06
DBX1,0.4386332,6.17e-07,1.93e-06
SPECC1L-ADORA2A///SPECC1L,-0.5996868,6.19e-07,1.94e-06
MSLN,1.46723,6.22e-07,1.95e-06
SNORA70///RPL10,0.4295364,6.25e-07,1.96e-06
HNRNPA1L2,-0.6779882,6.26e-07,1.96e-06
BRSK2,0.4634945,6.28e-07,1.96e-06
BATF3,0.5513364,6.27e-07,1.96e-06
ABCA1,0.36280362,5.59e-07,1.96e-06
FAM168A,0.3610232,6.28e-07,1.97e-06
TONSL,0.3357968,6.32e-07,1.98e-06
L3MBTL2,-0.372385,6.33e-07,1.98e-06
PCBP2,0.527555,3.31e-08,1.98e-06
CLIC5,1.21633,6.34e-07,1.98e-06
FAM25G///FAM25BP///BMS1P4///AGAP5///FAM25C///FAM25A///AGAP9///AGAP12P///AGAP6///AGAP11///AGAP4///AGAP11,-0.3635591,6.32e-07,1.98e-06
GAST,0.4739418,6.35e-07,1.98e-06
PHKG1,0.4149977,6.34e-07,1.98e-06
PDDC1,0.5810295,6.35e-07,1.99e-06
PWWP2B,0.3736864,6.36e-07,1.99e-06
MAPRE3,0.8209973,6.41e-07,2e-06
DTX3,-0.26647586,5.74e-07,2.01e-06
CCDC68,0.58609209,5.74e-07,2.01e-06
IGDCC4,-1.304785,3.4e-08,2.02e-06
TBC1D21,0.4317423,6.47e-07,2.02e-06
DLEU1,-0.6156345,6.45e-07,2.02e-06
DUOXA2,0.4214473,6.48e-07,2.02e-06
SNORA6,0.34895235,5.8e-07,2.03e-06
CTSH,1.1509232,6.49e-07,2.03e-06
AADAT,0.6521227,6.49e-07,2.03e-06
NOP2,0.27676345,5.81e-07,2.03e-06
LOC101930169///PRAMEF15///PRAMEF6///PRAMEF11///PRAMEF4///PRAMEF9///PRAMEF5,0.3116277,6.51e-07,2.03e-06
SNORD114-26,1.3187932,6.54e-07,2.04e-06
TMSB15A,0.97625,6.55e-07,2.04e-06
CDYL,-0.2879664,6.55e-07,2.04e-06
SLC9A8,0.3883927,6.56e-07,2.05e-06
MAPKAPK5,0.3687386,6.62e-07,2.06e-06
FADS6,0.4480305,6.6e-07,2.06e-06
UBA1,0.4397864,6.63e-07,2.07e-06
PHF10,-0.3795173,6.66e-07,2.07e-06
PRF1,0.49729814,5.93e-07,2.07e-06
SDF2,0.23927551,5.93e-07,2.07e-06
MAMDC4,0.4293327,6.69e-07,2.08e-06
TSPAN9,0.6420868,6.68e-07,2.08e-06
HIST1H2BB,0.6709514,6.69e-07,2.08e-06
TMEM216,0.4639745,6.69e-07,2.08e-06
SEC24B,-0.4583745,6.68e-07,2.08e-06
IGLL1,-2.8409475,3.52e-08,2.08e-06
DBI,0.33360978,5.99e-07,2.09e-06
ACTN3,0.4929382,6.72e-07,2.09e-06
MYOD1,0.4727232,6.72e-07,2.09e-06
LINC01165,0.7041723,6.74e-07,2.1e-06
XCL2,1.0516309,6.75e-07,2.1e-06
RAB3IP,-0.6180073,6.74e-07,2.1e-06
ZFHX2,0.5041314,6.73e-07,2.1e-06
VWCE,-1.3584075,3.57e-08,2.1e-06
C1ORF116,1.2148132,6.84e-07,2.12e-06
TACR1,-0.51073218,6.06e-07,2.12e-06
DPH7///DPH7,0.3490191,6.8e-07,2.12e-06
DNASE1,0.3812827,6.81e-07,2.12e-06
MC3R,0.4382577,6.87e-07,2.13e-06
HOMER3,-0.78147,3.64e-08,2.13e-06
F12,-0.82045,3.65e-08,2.13e-06
KRT81,0.5033623,6.86e-07,2.13e-06
NLRP3,-1.0061427,6.9e-07,2.14e-06
SIPA1L2,-0.4848368,6.91e-07,2.14e-06
MIR100HG,-1.123105,3.66e-08,2.14e-06
P2RY6,-1.08455,3.69e-08,2.15e-06
ALDH9A1,-0.4957123,6.91e-07,2.15e-06
MIR7-2,0.4258586,6.92e-07,2.15e-06
ZG16B,0.5744991,6.91e-07,2.15e-06
DENND5B,-0.9176141,6.97e-07,2.16e-06
MCCC2,-0.4002705,6.94e-07,2.16e-06
SLC35E4,0.3970127,6.99e-07,2.17e-06
LINC00310,0.5645068,7.03e-07,2.18e-06
COX7C,0.9306273,7.06e-07,2.19e-06
ADPRHL2,0.5483532,7.08e-07,2.2e-06
AP1S1,0.5525291,7.09e-07,2.2e-06
LOC644936,0.3727336,7.14e-07,2.21e-06
CD59,0.544135,3.81e-08,2.21e-06
YPEL4,0.3799236,7.15e-07,2.22e-06
UQCRC1,0.23957031,6.35e-07,2.22e-06
EFHD2,0.556505,7.18e-07,2.22e-06
OVOL1,0.3635873,7.18e-07,2.22e-06
GPR35,0.3386614,7.15e-07,2.22e-06
SH3PXD2B,0.44056479,6.35e-07,2.22e-06
KRTAP9-6///KRTAP9-7///KRTAP9-1///KRTAP9-4///KRTAP9-8///KRTAP9-3///KRTAP9-2///KRTAP9-9,0.3514877,7.2e-07,2.23e-06
KRTAP4-7///KRTAP4-9///KRTAP4-8///KRTAP4-11///KRTAP4-2///KRTAP4-5///KRTAP4-4///KRTAP4-12///KRTAP4-6///KRTAP4-7,0.4412886,7.18e-07,2.23e-06
GJD4,0.3519732,7.25e-07,2.25e-06
LTK,0.6695695,7.25e-07,2.25e-06
FDX1L,0.3989345,7.27e-07,2.25e-06
KCNT1,0.4212973,7.28e-07,2.25e-06
C17ORF97,-0.47925303,6.45e-07,2.25e-06
ANGPTL5,-0.26727887,6.5e-07,2.26e-06
NTAN1,0.586045,7.29e-07,2.26e-06
NEURL1,0.4794168,7.31e-07,2.26e-06
TSC22D2,0.531235,7.32e-07,2.27e-06
TMCC3,0.3342955,6.54e-07,2.27e-06
LINC00482,0.4407173,7.37e-07,2.28e-06
C14ORF178,0.4647559,7.36e-07,2.28e-06
LUC7L,-0.3765023,7.37e-07,2.28e-06
DEF8,0.4337655,7.41e-07,2.29e-06
SPINK4,0.3673427,7.39e-07,2.29e-06
PGAP3,0.4772259,7.4e-07,2.29e-06
CALHM3,0.451025,7.41e-07,2.29e-06
SORCS3,0.4081273,7.43e-07,2.3e-06
IGK///IGKV3-20///IGHV3-23,-2.4755775,4.04e-08,2.31e-06
GIF,0.3830332,7.48e-07,2.31e-06
LIG4,-0.4846586,7.52e-07,2.32e-06
FOXO4,0.24593334,6.67e-07,2.32e-06
MGC27345,-0.4719077,7.51e-07,2.32e-06
PIP4K2A,-0.5133627,7.54e-07,2.33e-06
LRIF1,-0.6314582,7.56e-07,2.33e-06
AAK1,0.4125205,7.56e-07,2.33e-06
MCRIP1,0.4548873,7.55e-07,2.33e-06
APBB2,0.5796236,7.55e-07,2.33e-06
NUDT5,0.5785595,7.54e-07,2.33e-06
CRIM1,0.2852894,6.7e-07,2.33e-06
SNX27,0.62956,4.13e-08,2.34e-06
SLC16A2,-0.25952198,6.73e-07,2.34e-06
LINC01000///LINC00266-1///PCMTD2,0.4573095,7.59e-07,2.34e-06
DKFZP434K028,0.4510723,7.58e-07,2.34e-06
FMO2,-0.9393482,7.57e-07,2.34e-06
CIB4,0.48153,7.66e-07,2.36e-06
EMILIN3,0.3571082,7.66e-07,2.36e-06
HGH1,0.4124386,7.64e-07,2.36e-06
RBPMS2,0.4636609,7.71e-07,2.37e-06
CD3E,0.9342145,7.68e-07,2.37e-06
ZIC2,0.4258632,7.73e-07,2.38e-06
ALMS1P1,-0.8148082,7.75e-07,2.39e-06
GFI1B,0.3802891,7.78e-07,2.4e-06
GOLGA8DP///GOLGA8CP///GOLGA8B///GOLGA8A,-0.8473859,7.81e-07,2.4e-06
ARL10,0.3265332,7.82e-07,2.41e-06
EMC1,-0.5206814,7.81e-07,2.41e-06
RPS11,0.4472364,7.85e-07,2.42e-06
C19ORF24,0.4152541,7.86e-07,2.42e-06
SORBS2,-0.71583,7.88e-07,2.42e-06
STK32C,0.4420455,7.84e-07,2.42e-06
GPRASP1,-0.5590059,7.91e-07,2.43e-06
OGT,-0.7369718,7.94e-07,2.44e-06
TUBB3,-1.595735,4.32e-08,2.44e-06
ZNF527,-0.3982936,7.96e-07,2.45e-06
DCLK2,-0.25909546,7.05e-07,2.45e-06
NUP214,0.395005,7.98e-07,2.45e-06
C8ORF46,0.6722225,4.34e-08,2.45e-06
IL3RA,0.52470799,7.11e-07,2.46e-06
POU2F2,0.4086073,8e-07,2.46e-06
EBI3,0.5943759,8.01e-07,2.46e-06
NTN5,0.4735814,8.04e-07,2.47e-06
LOC102725104///LOC101059935///ANKRD20A8P,-0.9056773,8.03e-07,2.47e-06
OR2AG1,0.5282114,8.02e-07,2.47e-06
A4GNT,0.3918286,8.07e-07,2.48e-06
SNX2,-0.62131,8.1e-07,2.49e-06
SPP2,0.4363173,8.09e-07,2.49e-06
TNIP2,0.24243352,7.23e-07,2.5e-06
RGL4,0.3845023,8.13e-07,2.5e-06
FCRLB,0.4301609,8.19e-07,2.51e-06
SF3B3,-0.5040109,8.18e-07,2.51e-06
GABRD,0.4312636,8.21e-07,2.52e-06
WARS2,-0.5113559,8.19e-07,2.52e-06
ALPI///ALPI,0.39606,8.21e-07,2.52e-06
LSMEM1,-0.7495436,8.21e-07,2.52e-06
MICU3,-0.33078798,7.29e-07,2.53e-06
SPANXN4,0.4051518,8.26e-07,2.53e-06
GOLGA8R///GOLGA8DP///GOLGA8F///GOLGA8CP///GOLGA8O///GOLGA8M///GOLGA8K///GOLGA8T///GOLGA8J///GOLGA8S///GOLGA8N///GOLGA8EP///GOLGA8G,-0.4048677,8.26e-07,2.53e-06
COX7A2L,0.5142882,8.26e-07,2.53e-06
C1QTNF9B-AS1,0.8134245,8.28e-07,2.54e-06
ADGRG2,0.7506868,8.29e-07,2.54e-06
C17ORF74,0.4537782,8.29e-07,2.54e-06
PRKCA,0.5890218,8.3e-07,2.54e-06
BARX1,0.4662341,8.3e-07,2.54e-06
CDA,0.6771564,8.29e-07,2.54e-06
UROD,0.6702995,8.33e-07,2.55e-06
OR10A7,0.3987545,8.38e-07,2.57e-06
LOC153684,-0.32963389,7.49e-07,2.59e-06
ATG13,0.3478732,8.53e-07,2.61e-06
RGS4,-0.43150447,7.54e-07,2.61e-06
KRT7,0.985805,8.54e-07,2.61e-06
LOC339059,0.3794123,8.55e-07,2.62e-06
MACROD1,0.36267,8.55e-07,2.62e-06
GSG1L,0.45323,8.55e-07,2.62e-06
DDX56,0.4926595,8.59e-07,2.63e-06
PIGW,0.42181774,7.6e-07,2.63e-06
TVP23C-CDRT4///CDRT4,-0.73777,8.64e-07,2.64e-06
PRIM1,-0.5715332,8.63e-07,2.64e-06
HAX1,0.24485589,7.66e-07,2.65e-06
NOL12,0.4341445,8.68e-07,2.65e-06
MIRLET7A1,-0.6812191,8.65e-07,2.65e-06
KRTAP10-8,0.4946041,8.78e-07,2.68e-06
ZNF234,-0.5799955,8.82e-07,2.69e-06
SLAMF1,-1.2894725,4.87e-08,2.7e-06
KIF25,0.391555,8.83e-07,2.7e-06
PROSER1,0.3871023,8.87e-07,2.71e-06
SCO1,-0.3895086,8.86e-07,2.71e-06
GPR180,-0.4740514,8.93e-07,2.72e-06
KLRB1,1.034135,8.94e-07,2.73e-06
C19ORF73,0.5578014,8.95e-07,2.73e-06
PRELID2,-0.432545,9e-07,2.74e-06
ASCL2,0.5103636,8.96e-07,2.74e-06
EXD2,-0.521635,8.99e-07,2.74e-06
DCAF4L2,0.3498995,8.96e-07,2.74e-06
SWT1,-0.5515209,8.98e-07,2.74e-06
SLC25A36,-0.4559491,9.01e-07,2.75e-06
EPM2AIP1,-0.60883,9.03e-07,2.75e-06
NAT8,0.4077377,9.05e-07,2.76e-06
KIF13A,-0.6800605,9.1e-07,2.77e-06
C2CD4A,0.4352173,9.1e-07,2.77e-06
TMEM63A,0.4257786,9.13e-07,2.78e-06
NPR2,0.3938209,9.17e-07,2.79e-06
ACOT1,0.6194695,9.2e-07,2.8e-06
RERG,-0.44682762,8.14e-07,2.8e-06
BOD1,0.3865341,9.19e-07,2.8e-06
OSR1,0.6813059,9.19e-07,2.8e-06
LOC100507191,0.45336,9.2e-07,2.8e-06
KRTAP5-6,0.3943091,9.22e-07,2.81e-06
SPSB4,0.3959086,9.25e-07,2.81e-06
SAMSN1,-1.207255,9.23e-07,2.81e-06
TRIAP1,-0.4094559,9.22e-07,2.81e-06
ECI2,-0.5750723,9.32e-07,2.83e-06
FAM177B,-0.918755,9.31e-07,2.83e-06
ITPRIPL1,-0.550685,5.16e-08,2.84e-06
ATRIP///TREX1,0.2945482,9.36e-07,2.84e-06
LRRIQ3,-0.25655,8.25e-07,2.84e-06
MED31,0.5402014,9.39e-07,2.85e-06
HTR3D,0.4575618,9.39e-07,2.85e-06
ADAM11,0.4385718,9.4e-07,2.86e-06
N4BP3,0.3900064,9.41e-07,2.86e-06
LOC100132005,0.5295459,9.44e-07,2.87e-06
BORCS8,0.3966925,5.22e-08,2.87e-06
CDKN1A,0.9467073,9.44e-07,2.87e-06
KRTAP24-1,0.45741,9.49e-07,2.88e-06
AKR7A3,0.4848418,9.48e-07,2.88e-06
HSD17B8,0.4627705,9.53e-07,2.89e-06
RBM11,0.5928127,9.53e-07,2.89e-06
ZNF430,-0.4689345,9.51e-07,2.89e-06
SBF1,0.4077586,9.53e-07,2.89e-06
TRIM33,-0.4154873,9.56e-07,2.9e-06
TCTA,0.633735,5.3e-08,2.9e-06
COLEC11,-2.0706525,5.3e-08,2.9e-06
CSTB,0.4555,9.59e-07,2.91e-06
SMPD3,-0.26939142,8.5e-07,2.92e-06
DECR2,0.4464368,9.62e-07,2.92e-06
SLC25A32,0.24297136,8.51e-07,2.93e-06
MPC2,0.4947477,9.68e-07,2.93e-06
BBS7,-0.24645513,8.53e-07,2.93e-06
DFFA,0.4285305,9.7e-07,2.94e-06
DNAJB2,0.4111859,9.73e-07,2.95e-06
GOT2,0.4160491,9.75e-07,2.96e-06
SCNN1D,0.39376,9.78e-07,2.96e-06
M6PR,-0.3959636,9.8e-07,2.97e-06
FAM134B,-0.8613018,9.89e-07,2.99e-06
C3ORF58,-0.3913682,9.91e-07,3e-06
MID1,-0.36268502,8.76e-07,3.01e-06
FAM13A-AS1,0.6882575,5.58e-08,3.01e-06
MESP2,0.4227082,9.99e-07,3.02e-06
ATP4A,0.4003668,9.98e-07,3.02e-06
LEFTY1,0.4001336,1e-06,3.03e-06
ZIK1,-0.4167636,1e-06,3.03e-06
FSTL4,0.6575605,1e-06,3.03e-06
FOXQ1,0.6819705,1e-06,3.04e-06
SLC45A1,0.4388927,1.01e-06,3.05e-06
ADHFE1,0.7471523,1.01e-06,3.05e-06
SLC38A1,-0.6559568,1.01e-06,3.06e-06
SLIRP,1.0023636,1.01e-06,3.06e-06
TMEM82,0.4496077,1.02e-06,3.07e-06
KDM7A,-0.7450345,1.02e-06,3.07e-06
CYP11A1,0.4192709,1.02e-06,3.07e-06
MATK,0.3900523,1.01e-06,3.07e-06
LAMTOR5,0.5686991,1.03e-06,3.1e-06
DTNA,-0.32135751,9.07e-07,3.11e-06
EIF2B1,-0.4093814,1.03e-06,3.12e-06
LCT,0.4264768,1.03e-06,3.12e-06
IAH1,0.3273814,1.03e-06,3.12e-06
VPS9D1,0.3936082,1.04e-06,3.12e-06
D2HGDH,0.4643445,1.03e-06,3.12e-06
CCDC8,0.4445441,1.04e-06,3.13e-06
LOC100128775,0.5374732,1.04e-06,3.13e-06
UAP1L1,0.24532069,9.13e-07,3.13e-06
MUC17,0.2999582,1.04e-06,3.15e-06
STOX2,-0.23522982,9.2e-07,3.15e-06
TMC5,-0.54689172,9.19e-07,3.15e-06
SERPINE1,1.05529982,9.2e-07,3.15e-06
EPB41L2,-0.7963718,1.05e-06,3.16e-06
TREX2,0.3683077,1.05e-06,3.16e-06
SSTR4,0.5626195,1.05e-06,3.16e-06
TMC4,-0.36899857,9.26e-07,3.17e-06
NUSAP1,-0.35209312,9.28e-07,3.17e-06
SNX19,-0.4776177,1.06e-06,3.19e-06
GNB4,-0.4744473,1.06e-06,3.2e-06
DACT1,-0.31720747,9.39e-07,3.21e-06
TYMP,0.6333091,1.07e-06,3.21e-06
GSC,-0.647235,6.08e-08,3.24e-06
STARD7,0.5386975,6.08e-08,3.24e-06
IL17F,0.4906991,1.08e-06,3.25e-06
URM1,0.5772427,1.08e-06,3.25e-06
C14ORF166,-0.4957795,1.08e-06,3.26e-06
EDN2,0.5100559,1.08e-06,3.26e-06
OR1C1,0.3863518,1.09e-06,3.27e-06
PCSK1N,-0.810245,6.17e-08,3.28e-06
PTGER4,0.5528464,1.09e-06,3.29e-06
C4ORF46///TOMM7,0.5544614,1.09e-06,3.29e-06
TUBE1,-0.4943964,1.1e-06,3.3e-06
ALCAM,-0.7859155,1.1e-06,3.3e-06
MOGAT3,0.3930873,1.1e-06,3.3e-06
KPTN,0.3999205,1.1e-06,3.3e-06
FYB,-1.0324641,1.1e-06,3.3e-06
LAMTOR4,0.6699277,1.1e-06,3.31e-06
LOC100131170,1.47041,6.26e-08,3.31e-06
GCGR,0.3933291,1.11e-06,3.33e-06
ERP27,-0.44764709,9.79e-07,3.34e-06
PITPNM1,-0.2703048,9.79e-07,3.34e-06
LRP1B,0.4447225,6.35e-08,3.35e-06
NUGGC,-0.27171409,9.86e-07,3.36e-06
VAC14,0.4419273,1.12e-06,3.36e-06
DEPDC7,-0.82723,6.39e-08,3.36e-06
CASP9,0.4919982,1.12e-06,3.36e-06
MIR503HG,0.4725464,1.12e-06,3.36e-06
C12ORF43,0.3239209,1.12e-06,3.36e-06
POPDC2///COX17,0.25354012,9.89e-07,3.37e-06
FAM118A,-0.37835745,9.92e-07,3.38e-06
OR6C4,0.4292105,1.12e-06,3.38e-06
PLCG1,0.5532205,1.13e-06,3.39e-06
CD55,0.3350998,9.97e-07,3.4e-06
PRR27,0.3617195,1.14e-06,3.42e-06
NKX2-1,0.8606632,1.14e-06,3.43e-06
IFNLR1,0.4044436,1.14e-06,3.43e-06
SPNS1,0.5311205,1.14e-06,3.43e-06
BASP1,0.5377773,1.15e-06,3.44e-06
C16ORF86,0.4542245,1.15e-06,3.45e-06
USP10,-0.4846091,1.15e-06,3.45e-06
TCEANC2,-0.4390505,1.15e-06,3.45e-06
PADI6,0.3891014,1.15e-06,3.46e-06
AHNAK,0.984895,6.63e-08,3.46e-06
PRSS55,0.3559945,1.16e-06,3.47e-06
KRTAP4-2,0.4611291,1.16e-06,3.49e-06
RDH12,0.4007745,1.17e-06,3.5e-06
FGF1,-0.21991124,1.03e-06,3.5e-06
GCH1,0.43106194,1.03e-06,3.52e-06
C2ORF50,-0.25902007,1.03e-06,3.52e-06
STAG3L5P-PVRIG2P-PILRB///STAG3L2///STAG3L3///STAG3L1,0.3716241,1.18e-06,3.52e-06
DNAAF2,-0.26755648,1.04e-06,3.53e-06
SH2D1A,-0.83324,1.18e-06,3.53e-06
SPATC1,0.3858809,1.18e-06,3.55e-06
KRT79,0.3954686,1.19e-06,3.55e-06
FAM72A///FAM72D///FAM72B,-0.8596495,1.19e-06,3.55e-06
RUNDC1,-0.3540691,1.18e-06,3.55e-06
PLCH1,-1.12954,1.19e-06,3.55e-06
GATA2-AS1,1.021805,6.83e-08,3.55e-06
FAM175B,-0.6116109,1.19e-06,3.57e-06
MND1,-0.7762614,1.19e-06,3.57e-06
ZNF609,0.3971314,1.2e-06,3.58e-06
NEUROG1,0.4635827,1.2e-06,3.59e-06
NKPD1,0.4976323,1.2e-06,3.59e-06
ZNF354B,-0.6218586,1.2e-06,3.59e-06
SNORA1///TAF1D,-0.8292,1.21e-06,3.61e-06
LRRN3,1.3823995,1.21e-06,3.61e-06
ZNF552,-0.8105086,1.21e-06,3.62e-06
DTX4,-0.29247457,1.07e-06,3.62e-06
NECTIN1,-1.0173075,7e-08,3.63e-06
GRIPAP1,-0.3643786,1.22e-06,3.63e-06
NAF1,0.4912077,1.22e-06,3.63e-06
SLC24A4,0.4471209,1.22e-06,3.64e-06
PRPSAP1,0.5606318,1.22e-06,3.65e-06
DTX3L,-0.7332532,1.22e-06,3.65e-06
SCN5A,0.4508477,1.23e-06,3.66e-06
ACHE,0.4249168,1.23e-06,3.66e-06
PPT2-EGFL8///AGPAT1,0.5937291,1.22e-06,3.66e-06
GGA2,0.5926245,1.23e-06,3.66e-06
SIRT5,-0.3832982,1.23e-06,3.67e-06
TNFRSF8,0.3593291,1.23e-06,3.67e-06
ASGR2,0.4215186,1.24e-06,3.68e-06
LOC100996732///LOC654342///LOC645166///LSP1,0.6204355,1.23e-06,3.68e-06
EMC10,0.4775309,1.23e-06,3.68e-06
MYL9,0.6475786,1.23e-06,3.68e-06
CINP,0.3745859,1.24e-06,3.69e-06
ALDOA,0.4248032,1.24e-06,3.69e-06
ORC6,-0.4845564,1.24e-06,3.7e-06
LOC101929601///REXO1L2P///REXO1L1P,0.52579784,1.09e-06,3.7e-06
SMARCD2,0.483,7.24e-08,3.71e-06
EPX,0.4261186,1.24e-06,3.71e-06
GNRHR2,0.4425455,1.25e-06,3.72e-06
POLR1B,-0.6554814,1.25e-06,3.72e-06
HHIPL1,0.4956277,1.25e-06,3.72e-06
CHCHD6,0.4548005,1.25e-06,3.72e-06
RHBG,0.4149664,1.25e-06,3.73e-06
LOC100128288,0.594645,1.25e-06,3.73e-06
LOC101928697,0.5424536,1.25e-06,3.73e-06
MACROD2,0.50846899,1.1e-06,3.73e-06
SNORD55,0.7811091,1.25e-06,3.74e-06
FAM180A,0.9166295,1.26e-06,3.75e-06
IGHA1,-2.364125,7.35e-08,3.76e-06
ACLY,0.23796251,1.11e-06,3.76e-06
NHP2,0.5867523,1.26e-06,3.76e-06
CDH22,0.4125841,1.27e-06,3.78e-06
GNRH2,0.4473223,1.28e-06,3.81e-06
AAMP,0.4913418,1.29e-06,3.83e-06
ARPC4-TTLL3///TTLL3,0.4180691,1.29e-06,3.83e-06
METTL17,0.3416841,1.29e-06,3.83e-06
GATS,-0.29236453,1.13e-06,3.83e-06
KLHL30,0.4553559,1.29e-06,3.84e-06
TSEN2,-0.4732986,1.29e-06,3.84e-06
SEPT9,-0.4468675,7.52e-08,3.84e-06
PCP4,-0.29956403,1.14e-06,3.84e-06
HTR1D,0.4727877,1.29e-06,3.84e-06
NR2C2AP,0.4701118,1.3e-06,3.86e-06
SPATA20,-0.27616427,1.15e-06,3.87e-06
FCGR2B,-0.41613408,1.15e-06,3.87e-06
KRT18,-0.8394564,1.3e-06,3.87e-06
IDH3A,-0.4604236,1.31e-06,3.88e-06
SEPT5-GP1BB///GP1BB,0.5267305,1.31e-06,3.89e-06
NUFIP1,-0.55828,1.31e-06,3.89e-06
GLI2,0.4574245,1.31e-06,3.89e-06
CARD10,0.3975823,1.31e-06,3.9e-06
TCAP,1.1339625,7.71e-08,3.9e-06
BEND4,0.4200395,1.32e-06,3.91e-06
FAM19A5,0.4178845,1.32e-06,3.92e-06
HTRA3,0.6514568,1.32e-06,3.93e-06
JPH1,0.3316512,1.17e-06,3.94e-06
ANAPC11,0.62408,1.33e-06,3.96e-06
AGBL1,1.2809377,1.34e-06,3.96e-06
PBX1,-0.31469416,1.18e-06,3.97e-06
APPL2,-0.4724886,1.34e-06,3.97e-06
RIPPLY1,0.3997595,1.34e-06,3.99e-06
PRDM8,0.4215636,1.34e-06,3.99e-06
DPP10-AS1,-0.8706875,7.95e-08,3.99e-06
WFDC10B,0.4536055,1.35e-06,4e-06
FTH1P18,0.3766109,1.35e-06,4e-06
EZR///ROS1,-0.8631536,1.35e-06,4.01e-06
AP2A2,0.3068245,1.36e-06,4.03e-06
ZNF487,-0.37826146,1.2e-06,4.04e-06
PRND,0.5821832,1.37e-06,4.05e-06
SLC6A9,0.5247873,1.37e-06,4.05e-06
RNASE6,-0.6375855,1.37e-06,4.05e-06
NECTIN4,-0.30991378,1.21e-06,4.06e-06
RNVU1-8,0.4942745,1.37e-06,4.06e-06
SULT1A4,0.9414325,8.11e-08,4.06e-06
GTF2H4,0.5216118,1.38e-06,4.07e-06
RPAIN,0.5421168,1.38e-06,4.08e-06
RC3H2,-0.5292855,1.38e-06,4.08e-06
LOC102724760///IGHV1OR15-1,-1.79553,8.22e-08,4.09e-06
SLC5A1,0.9584086,1.38e-06,4.09e-06
TRAPPC10,0.4247345,1.38e-06,4.1e-06
LOC100127955,0.4760155,1.39e-06,4.1e-06
ZNF433,-0.5281923,1.39e-06,4.11e-06
ZNF571,-0.5481586,1.39e-06,4.11e-06
PIK3CG,-1.1143877,1.39e-06,4.12e-06
RINL,0.3362027,1.4e-06,4.14e-06
SP5,0.4805868,1.4e-06,4.14e-06
IGLL3P///IGLL1,-0.22603365,1.24e-06,4.16e-06
FAM57B,0.4631973,1.41e-06,4.17e-06
TMEM56-RWDD3///TMEM56,-0.614075,1.41e-06,4.17e-06
SHF,0.4355491,1.41e-06,4.17e-06
FAM204A,-0.6304745,1.42e-06,4.18e-06
EPC1///ASXL2,-0.4433691,1.42e-06,4.19e-06
MYCN,0.4849541,1.42e-06,4.2e-06
SLURP1,0.3425241,1.42e-06,4.21e-06
SNORD115-34,-0.4691591,1.43e-06,4.22e-06
ISG15,0.4761759,1.43e-06,4.22e-06
EVI2B,0.7571282,1.44e-06,4.24e-06
C8ORF44-SGK3///SGK3,-0.4417036,1.44e-06,4.24e-06
ADAMTSL5,0.3866577,1.44e-06,4.25e-06
ZNF671,-0.5206795,1.44e-06,4.26e-06
DISP1,0.59517758,1.27e-06,4.27e-06
SLC35A2,0.4690395,1.45e-06,4.27e-06
RNVU1-19,1.6955414,1.45e-06,4.28e-06
REM2,0.3845823,1.45e-06,4.28e-06
WRAP53,0.4560664,1.45e-06,4.29e-06
RAF1,0.3567675,8.74e-08,4.29e-06
OR7G3,0.3905723,1.45e-06,4.29e-06
GPR45,0.50425,1.46e-06,4.3e-06
RPL3L,0.4865336,1.46e-06,4.3e-06
TAS2R45,-1.2794582,1.46e-06,4.3e-06
HACE1,-0.475485,1.46e-06,4.3e-06
PRR7,0.4581018,1.46e-06,4.31e-06
KCNK2,-0.6728609,1.47e-06,4.32e-06
WNT1,0.4067145,1.47e-06,4.33e-06
S100A4,0.37432123,1.3e-06,4.35e-06
TBX1,0.4058577,1.48e-06,4.35e-06
HBB,2.3823018,1.48e-06,4.36e-06
TMEM185B,0.4934236,1.48e-06,4.37e-06
CRYGC,0.4516655,1.49e-06,4.38e-06
PPA1,0.30865138,1.31e-06,4.39e-06
TREML3P,0.22463971,1.31e-06,4.39e-06
CTDP1,0.3025232,1.49e-06,4.4e-06
PCMTD2,-0.4453255,1.5e-06,4.41e-06
NCF1C///NCF1B///NCF1,0.41109198,1.32e-06,4.41e-06
IL23A,-0.8918525,9.08e-08,4.44e-06
NTS,-0.7153555,1.32e-06,4.44e-06
GRIK3,0.4757991,1.51e-06,4.44e-06
CLEC7A,0.47495054,1.32e-06,4.44e-06
TAL1,0.95302,9.11e-08,4.45e-06
POPDC3,0.8009627,1.52e-06,4.46e-06
TMPRSS13,0.5039973,1.52e-06,4.47e-06
TNNI1,0.4873309,1.52e-06,4.47e-06
SPCS3,-0.6439882,1.52e-06,4.47e-06
GBP2,-0.7670018,1.52e-06,4.48e-06
DNAJC17,0.3755786,1.54e-06,4.52e-06
CFAP221,-0.60871079,1.35e-06,4.53e-06
CCL24,-0.55818606,1.35e-06,4.54e-06
SLC26A11,0.4482841,1.55e-06,4.55e-06
TRAP1,0.4858236,1.55e-06,4.55e-06
STAB2,-0.40716531,1.36e-06,4.55e-06
ZNF567,-0.6550391,1.55e-06,4.56e-06
NEK2,-0.2951092,1.36e-06,4.56e-06
ENTPD5,-0.4979205,1.55e-06,4.56e-06
HIVEP2,-0.39993342,1.37e-06,4.57e-06
LOC646471,0.4215041,1.56e-06,4.59e-06
KRT38,0.4772573,1.56e-06,4.59e-06
FAM174A,-0.33721497,1.38e-06,4.6e-06
CXXC4,-0.26674318,1.38e-06,4.61e-06
B3GAT3,0.7501332,1.57e-06,4.62e-06
SOX8,0.4336977,1.58e-06,4.63e-06
EML6,-0.6168464,1.58e-06,4.64e-06
PMS2P9///PMS2P7///PMS2P6///DTX2P1-UPK3BP1-PMS2P11///LOC441259///PMS2P3///PMS2P5///PMS2P4///PMS2P2///PMS2P1///PMS2P6///PMS2P3///PMS2P2///PMS2P1,-0.34138972,1.39e-06,4.64e-06
MYO1B,-0.8909645,1.58e-06,4.65e-06
TEPSIN,0.3174723,1.59e-06,4.67e-06
NKX2-1-AS1,0.4427509,1.59e-06,4.67e-06
SNORD75,-1.2076409,1.59e-06,4.67e-06
METTL10,-0.396515,1.6e-06,4.68e-06
SASS6,-0.5099273,1.6e-06,4.69e-06
HOXD3,0.4154891,1.6e-06,4.69e-06
ESRP1///RAF1,-0.8619973,1.61e-06,4.71e-06
MCRIP2,0.3666659,1.61e-06,4.71e-06
NKG7,1.0950668,1.61e-06,4.73e-06
CIRBP-AS1,0.4128764,1.61e-06,4.73e-06
SYTL3,-0.6749791,1.62e-06,4.74e-06
LINC01270,0.30282126,1.42e-06,4.74e-06
ZNF35,-0.6856114,1.62e-06,4.74e-06
FAF1,-0.3566932,1.62e-06,4.75e-06
MCPH1,-0.4322341,1.62e-06,4.76e-06
LBX1,0.4747405,1.63e-06,4.78e-06
LRRN4CL,-0.29716005,1.44e-06,4.78e-06
NFE2L3,-0.73363,1e-07,4.79e-06
IRF6,-0.56185682,1.45e-06,4.82e-06
GSN,-0.22207996,1.45e-06,4.83e-06
FLJ37453,0.4395768,1.65e-06,4.83e-06
HEG1,0.8038573,1.65e-06,4.83e-06
MTG1,0.3557095,1.65e-06,4.84e-06
CYP2D6,0.2997077,1.65e-06,4.84e-06
HNF1A-AS1,-0.32258368,1.46e-06,4.85e-06
KIAA1549L,0.4353505,1.66e-06,4.85e-06
SMPDL3A,-0.5949191,1.66e-06,4.85e-06
ZNF462,-0.28976345,1.46e-06,4.86e-06
ZNF579,0.3845873,1.66e-06,4.86e-06
PANX2,0.4845805,1.67e-06,4.88e-06
NFATC3,0.4567577,1.67e-06,4.89e-06
RHOB,0.35909229,1.47e-06,4.89e-06
UVSSA,0.23556503,1.48e-06,4.9e-06
DHRS1,-0.24267165,1.48e-06,4.91e-06
N4BP2L2,-0.3671014,1.68e-06,4.91e-06
PHLDA1,-0.6675582,1.68e-06,4.92e-06
APOOL,-0.4659391,1.68e-06,4.93e-06
ISM2,0.3973723,1.69e-06,4.94e-06
TNFRSF17,-0.40826922,1.5e-06,4.97e-06
POLG,-0.2931714,1.7e-06,4.97e-06
PID1,0.27273069,1.5e-06,4.97e-06
ITGAD,0.3867577,1.7e-06,4.97e-06
AATBC,0.4284245,1.71e-06,4.99e-06
ANP32B,-0.4595336,1.71e-06,5e-06
MGC32805,0.39128375,1.51e-06,5e-06
MRPS28///TPD52,-0.6368009,1.72e-06,5.01e-06
CDRT15P2///CDRT15///CDRT15P1,0.3562791,1.72e-06,5.02e-06
CCDC7,-0.5451177,1.72e-06,5.02e-06
TRPC6,-1.0342136,1.72e-06,5.03e-06
HOXB-AS3,0.4500177,1.73e-06,5.04e-06
PTPN4,-0.4222564,1.73e-06,5.05e-06
FLJ41327,0.410125,1.73e-06,5.05e-06
LRP3,0.4105505,1.74e-06,5.06e-06
COPS7B,0.3223809,1.73e-06,5.06e-06
DHFR,-0.5949655,1.73e-06,5.06e-06
FLJ44635,0.3162605,1.73e-06,5.06e-06
NR2C1,0.348905,1.08e-07,5.08e-06
VAV2,0.4628877,1.74e-06,5.09e-06
FRY,-0.27402191,1.55e-06,5.13e-06
ZDHHC2,0.5949775,1.09e-07,5.13e-06
DTWD1,-0.5990727,1.76e-06,5.14e-06
ZMYND19,0.3446977,1.76e-06,5.14e-06
SALL2,0.3965123,1.77e-06,5.15e-06
LAP3,-0.5671823,1.77e-06,5.15e-06
LOC102725117///ARHGEF34P///ARHGEF35///ARHGEF5,0.7193027,1.77e-06,5.15e-06
DUSP23,0.5216673,1.77e-06,5.15e-06
VNN3,-1.4060564,1.77e-06,5.16e-06
RNF43,-0.31836112,1.56e-06,5.16e-06
CELSR2,-0.23512088,1.56e-06,5.17e-06
TRMT6,0.22521644,1.56e-06,5.17e-06
CD70,-1.1080575,1.12e-07,5.22e-06
SLC32A1,0.4233573,1.79e-06,5.22e-06
FBXW2,-0.4370564,1.8e-06,5.24e-06
PDSS2,-0.4262764,1.81e-06,5.26e-06
SCN2A,-0.5608591,1.81e-06,5.26e-06
NPNT,1.0311,1.81e-06,5.26e-06
CD5,0.7718277,1.81e-06,5.26e-06
ELMO1,0.27085795,1.59e-06,5.26e-06
BEX4,0.5276009,1.81e-06,5.26e-06
FAM45BP,-0.4255541,1.81e-06,5.26e-06
RPA1,-0.352555,1.81e-06,5.28e-06
HOXC10,0.3389405,1.82e-06,5.28e-06
HCN1,0.4580745,1.81e-06,5.28e-06
ARL5A,-0.4283391,1.81e-06,5.28e-06
NAPSA,1.4247886,1.81e-06,5.28e-06
BMP3///BMP3,-0.45757598,1.6e-06,5.29e-06
LOC441179,0.4673936,1.83e-06,5.31e-06
WWC2-AS2,0.4866232,1.83e-06,5.31e-06
TMEM41A,0.5810082,1.83e-06,5.32e-06
NPFFR1,0.4439664,1.83e-06,5.32e-06
MIR31HG,-0.29315039,1.61e-06,5.33e-06
TRHDE,0.48596448,1.61e-06,5.33e-06
PUS7,-0.6985123,1.84e-06,5.33e-06
C12ORF54,0.3788791,1.84e-06,5.33e-06
DRD4,0.4766795,1.84e-06,5.34e-06
NUP210,-0.26937426,1.62e-06,5.36e-06
LMAN1L,0.3600105,1.85e-06,5.37e-06
SLC5A4,0.7577014,1.85e-06,5.38e-06
KDELR3,-0.39249127,1.63e-06,5.38e-06
RAC3,0.4991641,1.86e-06,5.39e-06
RASL10A,0.4284064,1.86e-06,5.4e-06
GFRA3,0.7660732,1.86e-06,5.4e-06
SEL1L2,0.3936391,1.86e-06,5.41e-06
WDR5B,-0.5148741,1.87e-06,5.42e-06
RNFT1,-0.5759832,1.87e-06,5.43e-06
CD2,-0.54153731,1.65e-06,5.43e-06
RPLP1,0.6222955,1.87e-06,5.44e-06
NDUFB7,0.4069014,1.87e-06,5.44e-06
HCFC1R1///PHRF1,0.4225082,1.88e-06,5.45e-06
C1QTNF8,0.4031941,1.88e-06,5.45e-06
RBM33,-0.4306236,1.88e-06,5.46e-06
GATSL2///GATS,0.48402,1.88e-06,5.46e-06
CUL9,0.3096155,1.9e-06,5.5e-06
LOC102725104///ANKRD20A21P///LOC101059935///ANKRD20A12P///ANKRD20A8P///ANKRD20A4///ANKRD20A2///ANKRD20A3///ANKRD20A5P///ANKRD20A1,-0.8231768,1.9e-06,5.52e-06
FAM153C///FAM153A///FAM153B,-0.9040268,1.91e-06,5.53e-06
SEPT1,-0.37985654,1.68e-06,5.54e-06
ARHGEF2,0.5655473,1.91e-06,5.54e-06
NUDT7,-0.33226727,1.68e-06,5.54e-06
WNT3,0.4174718,1.91e-06,5.54e-06
CYP3A7,2.2403525,1.2e-07,5.54e-06
CYB5A,0.8691068,1.91e-06,5.54e-06
LINC00328,0.9035436,1.92e-06,5.55e-06
RECK,0.30555682,1.69e-06,5.56e-06
STPG3,0.3794968,1.92e-06,5.57e-06
ZNF684,-0.4413655,1.94e-06,5.62e-06
KRTAP20-4///SPATA31C2,0.3924077,1.94e-06,5.62e-06
HPS4,-0.3726582,1.94e-06,5.62e-06
EIF4ENIF1,-0.2581918,1.94e-06,5.62e-06
CATSPERG,0.3103695,1.94e-06,5.63e-06
MGC20647,0.4231609,1.95e-06,5.64e-06
ANXA1,-0.25955787,1.72e-06,5.66e-06
TUBB8,0.6103118,1.95e-06,5.66e-06
TFDP1,0.4096923,1.96e-06,5.68e-06
DESI2,0.4968614,1.96e-06,5.68e-06
LYSMD4,0.609445,1.24e-07,5.68e-06
NT5DC3,-0.6575659,1.97e-06,5.7e-06
ATXN1,-0.35507,1.25e-07,5.72e-06
KIAA1462,0.8082177,1.99e-06,5.74e-06
AJAP1,0.6618623,1.99e-06,5.76e-06
PRSS36,0.3772668,2e-06,5.78e-06
TMEM159///TMEM159,-0.33161208,1.76e-06,5.78e-06
TAF4B,-0.6255727,2e-06,5.78e-06
ABI2,0.4163118,2e-06,5.79e-06
NPTX1,0.4980905,2e-06,5.79e-06
NAGA,-0.4391173,2e-06,5.79e-06
EAF2,-0.32807805,1.77e-06,5.8e-06
VGLL2,0.3998682,2.01e-06,5.81e-06
KRTAP10-2,0.4475673,2.01e-06,5.81e-06
GFRA4,0.4138718,2.01e-06,5.82e-06
OR3A2,0.3426223,2.01e-06,5.82e-06
OSBPL7,0.40686,2.01e-06,5.82e-06
GALK2,-0.4911482,2.02e-06,5.83e-06
SEPT11,-0.6776909,2.02e-06,5.83e-06
PLD4,0.4230323,2.03e-06,5.85e-06
GPR27,0.4283177,2.03e-06,5.85e-06
KIAA1671,-0.27557165,1.79e-06,5.86e-06
CRMP1,0.5022186,2.03e-06,5.87e-06
GPR161,-0.344435,2.04e-06,5.89e-06
LOC643441,0.9145475,1.3e-07,5.9e-06
PLXNB1,0.4664473,2.05e-06,5.9e-06
DISP3,0.3941436,2.05e-06,5.91e-06
SGIP1,0.6249982,2.05e-06,5.92e-06
RAB11FIP4,-0.687275,1.32e-07,5.95e-06
UBE2H,-0.3045409,2.06e-06,5.95e-06
POLR2G,0.6049214,2.07e-06,5.96e-06
CACNG6,-0.30785392,1.82e-06,5.96e-06
IGK,-2.22558,1.33e-07,5.98e-06
OPA3,0.3067405,2.08e-06,5.98e-06
RARRES1,-0.9712236,2.07e-06,5.98e-06
YIF1B,0.5803736,2.08e-06,5.99e-06
FAM8A1,0.3492027,2.08e-06,5.99e-06
CDCA2,-0.4614805,2.08e-06,5.99e-06
RNF214,-0.4187573,2.08e-06,6e-06
FUNDC2,0.5266359,2.08e-06,6e-06
ZMYND8,-0.5398277,2.08e-06,6e-06
CDX2,0.4277441,2.1e-06,6.05e-06
LANCL1,-0.22370021,1.85e-06,6.05e-06
FAM179A,-0.39726793,1.85e-06,6.05e-06
PLTP,-0.47560859,1.85e-06,6.07e-06
EIF3I,0.26609067,1.86e-06,6.08e-06
CEMIP,-1.81108,1.36e-07,6.09e-06
VPS37D,0.4248882,2.12e-06,6.1e-06
MESP1,0.4773823,2.12e-06,6.12e-06
ZNF34,0.37005,2.13e-06,6.12e-06
FUNDC1,-0.3945309,2.13e-06,6.14e-06
DPY30,-0.24848713,1.88e-06,6.15e-06
PLK3,0.36671961,1.88e-06,6.15e-06
SLC1A2,-0.20996751,1.88e-06,6.15e-06
B3GNT6,0.391825,2.14e-06,6.16e-06
TMEM203,-0.4385209,2.14e-06,6.17e-06
HOGA1,0.3871764,2.15e-06,6.2e-06
FLAD1,0.3580632,2.16e-06,6.21e-06
RNF170,-0.3455832,2.16e-06,6.21e-06
ZFP69B,-0.4945995,2.16e-06,6.21e-06
LOC100132356,0.6032836,2.16e-06,6.22e-06
DGKZ,0.3702182,2.16e-06,6.22e-06
GOLGA5,-0.52532,2.17e-06,6.23e-06
NPCDR1,-0.4185018,2.17e-06,6.24e-06
TRMT13,-0.4906341,2.17e-06,6.24e-06
C20ORF27,0.3837268,2.17e-06,6.25e-06
COBLL1,0.381825,1.42e-07,6.27e-06
SIX6,0.382645,2.18e-06,6.28e-06
NRARP,0.444995,2.19e-06,6.29e-06
TLL2,-0.5265125,1.43e-07,6.3e-06
METTL21A,0.3580141,2.19e-06,6.3e-06
ZNF717,0.5726032,2.19e-06,6.3e-06
FAM188B,0.526955,1.43e-07,6.3e-06
ACSM5,0.55676,1.43e-07,6.3e-06
ALOX12P2,-0.27328654,1.93e-06,6.3e-06
COL6A2,-0.25562455,1.93e-06,6.3e-06
MYO1D,-0.4994214,2.2e-06,6.31e-06
FCHO1,0.3813873,2.2e-06,6.31e-06
FFAR1,0.4512095,2.2e-06,6.32e-06
FAM53B,0.4308041,2.2e-06,6.33e-06
RGR,0.3669236,2.21e-06,6.35e-06
AHSP,0.4562773,2.22e-06,6.37e-06
RPS17,0.8919545,2.24e-06,6.41e-06
LOC439951,0.4010918,2.23e-06,6.41e-06
HTR1E,0.4152932,2.23e-06,6.41e-06
PAQR8,-0.21984653,1.97e-06,6.42e-06
FASLG,0.3809286,2.24e-06,6.42e-06
CLDN19,0.5508582,2.24e-06,6.43e-06
S100A10,0.46105,2.24e-06,6.43e-06
ITGA8,-0.9075832,2.25e-06,6.44e-06
GNE,-0.5129018,2.25e-06,6.45e-06
OSCP1,-0.46575362,1.98e-06,6.45e-06
SATB1,-0.5319027,2.25e-06,6.46e-06
KRT86///KRT85///KRT83///KRT81,0.3123132,2.26e-06,6.47e-06
ZNF626,-0.27518621,1.99e-06,6.47e-06
TSC22D4,0.3664141,2.26e-06,6.48e-06
FOXN3,0.4383432,2.26e-06,6.48e-06
CCDC59,-0.7276291,2.27e-06,6.5e-06
OR1K1,0.3458014,2.27e-06,6.5e-06
MAP6D1,0.2925568,2.27e-06,6.5e-06
RGS1,-1.3353814,2.27e-06,6.51e-06
PRDM5,-0.4468473,2.27e-06,6.51e-06
PTPN18,0.4172795,2.27e-06,6.51e-06
ATF2,-0.41958,2.28e-06,6.52e-06
KCNS3,0.7652645,2.28e-06,6.53e-06
SLC25A3,0.389745,1.5e-07,6.54e-06
ZNF865,0.7263186,2.3e-06,6.57e-06
LATS1,-0.3752473,2.3e-06,6.58e-06
DISP2,0.3697814,2.3e-06,6.59e-06
VMO1,0.7712655,2.3e-06,6.59e-06
PCDH19,-0.4603355,2.31e-06,6.6e-06
ADORA2A-AS1,0.4717595,2.32e-06,6.62e-06
ESYT2,0.4175573,2.32e-06,6.63e-06
ZBTB47,0.2581677,2.33e-06,6.65e-06
FRG1JP///LOC283788,-0.6738409,2.33e-06,6.65e-06
ALG2,-0.3640605,2.33e-06,6.66e-06
SNORD103B///SNORD103A,0.4277809,2.33e-06,6.67e-06
CACNG5,0.3341086,2.34e-06,6.67e-06
ZNF41,-0.3703045,2.34e-06,6.67e-06
CYP4V2,0.5572818,2.34e-06,6.68e-06
MAGEH1,0.4055445,2.34e-06,6.68e-06
OBSL1,0.3804855,2.35e-06,6.71e-06
CXCL2,1.1837932,2.35e-06,6.71e-06
TUBB2B,-0.981195,1.55e-07,6.72e-06
TMEM158,-1.29026,1.55e-07,6.73e-06
CD8B,0.4775986,2.36e-06,6.74e-06
RPL7A,-0.5771032,2.37e-06,6.75e-06
BORCS6,0.4069491,2.37e-06,6.75e-06
PTX4,0.3444968,2.37e-06,6.76e-06
ULK3,0.3471536,2.37e-06,6.76e-06
BLOC1S3,0.4804309,2.37e-06,6.76e-06
CCDC33,-0.30474763,2.08e-06,6.76e-06
TINCR///TINCR,0.4974145,2.37e-06,6.77e-06
ARSG,0.3330518,2.38e-06,6.78e-06
TMEM57,-0.3796714,2.38e-06,6.79e-06
NSUN7,-0.6282662,2.09e-06,6.8e-06
SCRN3,-0.25145836,2.09e-06,6.8e-06
GGN,0.3838995,2.39e-06,6.81e-06
CLTA,0.4043382,2.39e-06,6.82e-06
NANOS3,0.4643705,2.41e-06,6.86e-06
RWDD2B,0.4411673,2.41e-06,6.86e-06
KLHL24,-0.6541173,2.41e-06,6.86e-06
AFDN,-0.7259255,2.41e-06,6.87e-06
RANGAP1,0.3676768,2.41e-06,6.87e-06
SLC25A46,-0.3383914,2.42e-06,6.89e-06
CA12,0.46473773,2.13e-06,6.91e-06
BARHL1,0.3619064,2.43e-06,6.93e-06
CYP2B6,1.069495,2.43e-06,6.93e-06
ZNF345,-0.6833786,2.43e-06,6.93e-06
P2RX1,0.6248518,2.44e-06,6.94e-06
STRA6,-0.22414543,2.14e-06,6.95e-06
CYB5D2,0.4456095,2.46e-06,7e-06
UBQLN2,0.2933905,2.46e-06,7.01e-06
TBL2,0.3469841,2.47e-06,7.02e-06
STX10,0.5674182,2.47e-06,7.02e-06
COX17,0.3664425,1.64e-07,7.04e-06
DPYSL2,0.6565773,2.47e-06,7.04e-06
DLX6,0.3821436,2.48e-06,7.06e-06
DNASE1L3,1.4422291,2.49e-06,7.07e-06
C1ORF145,0.4926414,2.49e-06,7.08e-06
LINC01547,0.3854305,2.5e-06,7.09e-06
THAP3,0.4816573,2.5e-06,7.09e-06
NLGN1,-0.9122968,2.49e-06,7.09e-06
SYMPK,0.3046791,2.5e-06,7.1e-06
MDP1///CHMP4A,-0.3043741,2.5e-06,7.11e-06
PRTN3,0.25171351,2.19e-06,7.12e-06
SEMA4B,0.5044868,2.51e-06,7.12e-06
MSL3P1,-0.9376009,2.51e-06,7.12e-06
THSD1,0.5945027,2.51e-06,7.13e-06
HNRNPUL2-BSCL2///BSCL2,0.6179718,2.51e-06,7.13e-06
BEX3,0.6033275,1.66e-07,7.13e-06
PSORS1C3,1.1167532,2.52e-06,7.14e-06
CYP26C1,0.4201682,2.52e-06,7.15e-06
ECH1,0.6275727,2.52e-06,7.16e-06
RPRD1B,-0.2884473,2.54e-06,7.21e-06
TRAF3IP2,0.3732018,2.54e-06,7.21e-06
LOXL2,-0.31817665,2.23e-06,7.24e-06
TOX,0.5670945,2.56e-06,7.26e-06
ERAP2,-1.9004986,2.56e-06,7.26e-06
SUCNR1,-0.9698791,2.56e-06,7.27e-06
DNAJB8,0.441945,2.56e-06,7.27e-06
TRAM1L1,-0.4427991,2.57e-06,7.29e-06
C4ORF33,-0.4745291,2.58e-06,7.31e-06
LAG3,-1.1601375,1.71e-07,7.31e-06
GPR37L1,0.433945,2.59e-06,7.34e-06
MIR138-2,0.3462741,2.59e-06,7.34e-06
HIKESHI,0.472845,2.6e-06,7.36e-06
CCDC127,-0.4050832,2.6e-06,7.36e-06
PVALB,0.5840355,2.6e-06,7.36e-06
SSPO,0.3396541,2.6e-06,7.36e-06
AUH,-0.3438418,2.62e-06,7.41e-06
TMPRSS12,0.3660155,2.61e-06,7.41e-06
TXK,0.36428686,2.29e-06,7.41e-06
F2RL1,-0.4369755,2.62e-06,7.42e-06
BEND7,0.5259227,2.62e-06,7.43e-06
DSCC1,-0.4941527,2.63e-06,7.43e-06
PKD1,0.3838968,2.63e-06,7.44e-06
ORC5,-0.4141895,2.63e-06,7.44e-06
HCN2,0.4873491,2.63e-06,7.44e-06
LOC646214,-0.7231018,2.64e-06,7.45e-06
SLC25A35,0.3588627,2.64e-06,7.46e-06
UGT8,-0.7312859,2.65e-06,7.48e-06
CTRL,0.4007664,2.66e-06,7.53e-06
ZBTB8B///ZBTB8A,0.3710145,2.66e-06,7.53e-06
TMEM30A,-0.4187155,2.66e-06,7.53e-06
PIK3AP1,0.43534251,2.34e-06,7.54e-06
GCNT3,-0.27672376,2.34e-06,7.55e-06
RAB8B,0.22869668,2.34e-06,7.56e-06
ZNF563,-0.5193032,2.68e-06,7.57e-06
VTN,0.3710864,2.68e-06,7.57e-06
GRIK5,0.3222441,2.69e-06,7.6e-06
ZNF467///ZNF467,0.4353795,2.7e-06,7.63e-06
RBAK-RBAKDN///RBAKDN,0.4159905,2.71e-06,7.64e-06
PANK4,0.30283,2.7e-06,7.64e-06
ZCWPW1,-0.3865318,2.71e-06,7.65e-06
TXLNG,-0.6025523,2.71e-06,7.65e-06
TINCR,1.449765,1.82e-07,7.72e-06
FAM30A,-0.38700261,2.4e-06,7.72e-06
CELA2A,0.5032095,2.74e-06,7.74e-06
PDCL3,-0.4351918,2.75e-06,7.77e-06
ASB13,0.3965541,2.76e-06,7.79e-06
FAM90A2P///FAM90A10P///FAM90A7P///FAM90A25P///FAM90A1,0.3000045,2.8e-06,7.88e-06
KMT2E,-0.4749682,2.8e-06,7.88e-06
NOTCH3,-0.31749651,2.46e-06,7.91e-06
SRMS,0.4309023,2.81e-06,7.91e-06
SERPINH1,0.7277705,2.81e-06,7.93e-06
ASTE1,-0.5295232,2.82e-06,7.94e-06
NEURL4,0.2823568,2.82e-06,7.96e-06
ANGEL1,0.3067745,2.83e-06,7.97e-06
KCND1,0.3267305,2.84e-06,8e-06
PCDHB7,-0.29795493,2.48e-06,8e-06
GPR88,0.4150205,2.85e-06,8.02e-06
SLC6A3,0.3599505,2.86e-06,8.05e-06
CASC15,-1.0066425,1.92e-07,8.05e-06
MPP1,0.35389097,2.5e-06,8.06e-06
SLC39A3,0.4218936,2.88e-06,8.1e-06
HACD2,0.38906,1.94e-07,8.1e-06
MYBPHL,0.4632545,2.89e-06,8.12e-06
IL17REL,0.427975,2.89e-06,8.12e-06
DLG4,0.4628195,2.89e-06,8.13e-06
ZNF414,0.4128682,2.9e-06,8.15e-06
CR2,-0.70776378,2.54e-06,8.16e-06
CCDC183,0.3442705,2.9e-06,8.17e-06
FAM156B///FAM156A,-0.4124205,2.91e-06,8.18e-06
RELB,-1.35869,1.96e-07,8.18e-06
CDSN,0.3400109,2.91e-06,8.19e-06
SPATA6,-0.32201408,2.55e-06,8.2e-06
TLR7,-0.47964236,2.55e-06,8.2e-06
C15ORF59,0.4871082,2.93e-06,8.24e-06
TREM1,1.205315,2.94e-06,8.26e-06
LTA4H,-0.6642209,2.94e-06,8.27e-06
LZTR1,0.3820277,2.95e-06,8.29e-06
COL6A1,-0.33153129,2.58e-06,8.29e-06
NAGLU,0.3706427,2.96e-06,8.33e-06
SBSN,0.461075,2.97e-06,8.34e-06
SLITRK3,-0.42386556,2.6e-06,8.35e-06
ZNF182,-0.4366418,2.98e-06,8.38e-06
SHISA9,0.4470636,2.99e-06,8.39e-06
SLC22A4,-0.68252722,2.62e-06,8.4e-06
C2ORF27A,-1.0750475,2.03e-07,8.41e-06
AGO2,0.24293877,2.63e-06,8.44e-06
HIST2H2AA4///HIST2H2AB///HIST2H2AC///HIST2H2AA3,0.7426377,3.01e-06,8.44e-06
ATP5J2,0.5774559,3.02e-06,8.47e-06
LOC613206,0.3653768,3.04e-06,8.52e-06
OPN1MW2///OPN1LW///OPN1MW,0.3931782,3.06e-06,8.57e-06
TCF3,0.3768,3.06e-06,8.59e-06
ATAT1,0.3430968,3.07e-06,8.61e-06
PPIE,-0.3668532,3.07e-06,8.61e-06
UBAC1,0.4302027,3.07e-06,8.61e-06
CPA6,-0.25831277,2.69e-06,8.63e-06
CD302,0.8736225,2.09e-07,8.63e-06
IER3IP1,-0.5105632,3.09e-06,8.66e-06
CYBRD1,0.6464325,2.11e-07,8.67e-06
TAAR5,0.43706,3.1e-06,8.69e-06
ELOVL2,-0.9298473,3.1e-06,8.69e-06
PEX14,0.3651986,3.11e-06,8.72e-06
TXNDC9,-0.6221027,3.11e-06,8.72e-06
LOC100128816,-0.40891955,2.72e-06,8.73e-06
YIPF5,-0.4765173,3.13e-06,8.76e-06
KIAA1654,0.4253732,3.13e-06,8.78e-06
APTX,-0.3699132,3.14e-06,8.78e-06
ZNF543,0.4097464,3.14e-06,8.81e-06
WDFY2,-0.3939764,3.15e-06,8.81e-06
SLC10A7,0.3704768,3.16e-06,8.84e-06
EMC7,0.3380886,3.16e-06,8.84e-06
EXOC6B,-0.4986595,3.16e-06,8.84e-06
LGR5,0.657195,3.16e-06,8.84e-06
MATN1-AS1,0.4042573,3.16e-06,8.85e-06
PLEKHH3,0.3541373,3.16e-06,8.85e-06
MAPK8,-0.4438268,3.17e-06,8.86e-06
IZUMO1R,0.4394991,3.18e-06,8.88e-06
SNRPE,-0.7493709,3.18e-06,8.91e-06
ZNF444,0.3969923,3.18e-06,8.91e-06
LINC00319,0.40305,3.19e-06,8.93e-06
VSX2,0.34836,3.21e-06,8.96e-06
RNY1,-0.36156167,2.8e-06,8.96e-06
LPAR6,-0.5092882,3.21e-06,8.97e-06
FAM87B///FAM87A,0.4026195,3.21e-06,8.98e-06
PTPRF,0.55087,3.21e-06,8.99e-06
PRB4,0.3970359,3.22e-06,9.01e-06
SDC4///ROS1,0.6937936,3.23e-06,9.04e-06
HTR7P1,0.3498627,3.24e-06,9.06e-06
MAPK12,0.3706436,3.25e-06,9.07e-06
GNAQ,0.3710025,2.21e-07,9.07e-06
OR2D2,-0.7371832,3.25e-06,9.08e-06
TTC13,-0.4625277,3.25e-06,9.09e-06
TIMM17B,0.5006618,3.26e-06,9.09e-06
ERBB2,0.6059727,3.26e-06,9.1e-06
TMEM198B,0.5839625,2.23e-07,9.12e-06
B4GALT6,0.6088118,3.27e-06,9.12e-06
ZNF484,-0.4509836,3.27e-06,9.12e-06
GGT2,0.9548825,2.23e-07,9.12e-06
ALX3,0.4838177,3.27e-06,9.14e-06
LINC01296,0.4832909,3.28e-06,9.15e-06
ALG12,0.4193095,3.28e-06,9.15e-06
PHLDA2,0.5214,3.28e-06,9.16e-06
KCNQ4,0.3713455,3.29e-06,9.17e-06
TNFRSF18,-0.807145,2.26e-07,9.19e-06
SNX24,0.6621475,2.26e-07,9.19e-06
NOSIP,0.4702636,3.3e-06,9.21e-06
CD47,-0.4472636,3.3e-06,9.21e-06
AP3D1,0.3524123,3.3e-06,9.21e-06
CNTN4,-0.7113577,3.3e-06,9.21e-06
ZNF792,0.4389723,3.31e-06,9.24e-06
MIR210,0.49908,3.32e-06,9.26e-06
DOK7,0.3946164,3.33e-06,9.3e-06
MORN1,0.4365895,3.34e-06,9.32e-06
SEC14L3,-0.38170032,2.93e-06,9.34e-06
LY9,-0.30174688,2.93e-06,9.34e-06
VMP1,-1.4779875,2.31e-07,9.34e-06
IBA57,0.3448025,2.31e-07,9.35e-06
CCDC134,0.4835482,3.36e-06,9.35e-06
ALOXE3,0.3600864,3.36e-06,9.37e-06
ACADVL,0.4249386,3.37e-06,9.39e-06
KBTBD8,-0.5628695,3.39e-06,9.44e-06
DPEP2,0.489695,3.39e-06,9.45e-06
IL4I1///NUP62,0.3782377,3.4e-06,9.46e-06
DDN,0.3440123,3.4e-06,9.46e-06
NACAD,0.3135659,3.4e-06,9.47e-06
RASEF,-0.8290768,3.41e-06,9.49e-06
PCDHB1,-0.30526006,2.99e-06,9.51e-06
C6ORF1,0.4229773,3.43e-06,9.53e-06
APEX2,0.3298191,3.42e-06,9.53e-06
RPL13AP3,0.4230086,3.43e-06,9.55e-06
LRRC1,-0.6435086,3.44e-06,9.57e-06
CARMIL3,0.3921577,3.44e-06,9.57e-06
C22ORF15,-0.28527067,3.02e-06,9.61e-06
KIRREL2,0.4377636,3.46e-06,9.61e-06
PRPH,0.4686459,3.46e-06,9.63e-06
FANCG,0.3699636,3.47e-06,9.65e-06
DHX34,0.3227795,3.48e-06,9.67e-06
CYB561D2,0.5458073,3.48e-06,9.68e-06
BDNF,0.21921774,3.06e-06,9.74e-06
ARHGEF7,-0.3761545,3.51e-06,9.75e-06
RB1,-0.4868568,3.52e-06,9.77e-06
DLC1,0.31855911,3.07e-06,9.77e-06
TNRC6B,-0.4432327,3.53e-06,9.8e-06
LINC01003,0.6893575,2.47e-07,9.88e-06
USP4,-0.43928,3.56e-06,9.88e-06
POT1-AS1,-0.4576814,3.56e-06,9.89e-06
GCNT2,0.3089622,3.11e-06,9.89e-06
USP27X-AS1,0.6277255,3.57e-06,9.9e-06
ICOS,-0.39653221,3.13e-06,9.94e-06
MUC1,0.7181027,3.59e-06,9.97e-06
CACNA1D,0.727215,2.51e-07,9.98e-06
FNDC4,-1.05944,2.5e-07,9.98e-06
TMEM99,-0.26284546,3.15e-06,9.99e-06
MGC57346-CRHR1///CRHR1,0.3191032,3.62e-06,1e-05
SPR,0.5035759,3.62e-06,1e-05
ZNF284,-0.5592591,3.66e-06,1.01e-05
AIF1L,0.5691641,3.66e-06,1.01e-05
ANKRD31,-0.4632995,3.65e-06,1.01e-05
STYX,-0.32826,3.66e-06,1.01e-05
UFD1L,-0.4221523,3.65e-06,1.01e-05
ELMOD1,-0.28445132,3.18e-06,1.01e-05
RPL32,0.4310473,3.67e-06,1.02e-05
ARHGEF25,0.5909695,3.69e-06,1.02e-05
VANGL2,0.5596582,3.67e-06,1.02e-05
LINC00670,-0.21746573,3.21e-06,1.02e-05
LOC100128398,0.4101941,3.69e-06,1.02e-05
LRRC37B,0.5769973,3.69e-06,1.02e-05
MKS1,-0.31037895,3.24e-06,1.02e-05
AP3S1,0.3922814,3.73e-06,1.03e-05
CUTA,0.6192018,3.73e-06,1.03e-05
GRHPR,0.5501845,3.74e-06,1.03e-05
SOCS2,0.7764673,3.71e-06,1.03e-05
TMIGD3,0.9925125,2.58e-07,1.03e-05
MTIF3,-0.4697741,3.72e-06,1.03e-05
LOC100507103,0.8678,2.59e-07,1.03e-05
GTF2F1,0.3697609,3.78e-06,1.04e-05
HELQ,-0.4398627,3.76e-06,1.04e-05
AFF1,0.4655375,2.64e-07,1.04e-05
DGKQ,0.3577064,3.81e-06,1.05e-05
RNF213,-0.6940864,3.79e-06,1.05e-05
OVCH2,0.29753096,3.31e-06,1.05e-05
TACSTD2,0.8957459,3.8e-06,1.05e-05
AGAP2,0.3599432,3.83e-06,1.06e-05
RNF157,0.5047591,3.85e-06,1.06e-05
CNNM1,0.4896609,3.84e-06,1.06e-05
GGT3P,0.8819225,2.68e-07,1.06e-05
MBNL1,-0.4499591,3.84e-06,1.06e-05
NTPCR,0.5060923,3.84e-06,1.06e-05
BAIAP2L1,-0.38518733,3.36e-06,1.06e-05
RHPN2,-0.3725552,3.37e-06,1.06e-05
PFN3,0.4859045,3.86e-06,1.07e-05
NIPAL3,-0.5729477,3.88e-06,1.07e-05
SLITRK5,0.38273,3.87e-06,1.07e-05
KIF1B,-0.3983355,3.87e-06,1.07e-05
PPOX,-0.26378282,3.4e-06,1.07e-05
ITGB2,0.37735456,3.41e-06,1.07e-05
IQCD,-0.3002307,3.37e-06,1.07e-05
HRASLS5,0.24482377,3.44e-06,1.08e-05
CORO1C,-0.6240864,3.91e-06,1.08e-05
HTR3C,0.8430059,3.93e-06,1.08e-05
DDX49,0.3843959,3.9e-06,1.08e-05
INSL3,0.4877609,3.92e-06,1.08e-05
PKD2L1,0.4794477,3.92e-06,1.08e-05
FLG2,0.4431373,3.91e-06,1.08e-05
HLA-DMB,0.6591555,3.89e-06,1.08e-05
STAG3L5P-PVRIG2P-PILRB///STAG3L2///STAG3L3///STAG3L1///STAG3,0.3524864,3.94e-06,1.09e-05
SURF1,0.3432605,3.97e-06,1.09e-05
PASK,-0.23137583,3.5e-06,1.1e-05
CST5,0.8363127,4e-06,1.1e-05
MIOX,0.4197891,3.97e-06,1.1e-05
HIST3H3,0.4271641,4.04e-06,1.11e-05
ULBP2,0.58433,4.02e-06,1.11e-05
RFX4,0.4482077,4.03e-06,1.11e-05
PLPP3,0.5192,4.08e-06,1.12e-05
SLFN12L,-0.35992214,3.54e-06,1.12e-05
ACSBG1,-0.25640632,3.59e-06,1.13e-05
ZNF557,-0.5671727,4.1e-06,1.13e-05
CPSF7,0.2753755,4.1e-06,1.13e-05
ABHD12,0.3014305,4.1e-06,1.13e-05
AGBL4,-0.28896707,3.59e-06,1.13e-05
FLRT1,0.3483432,4.09e-06,1.13e-05
COTL1,0.5257309,4.1e-06,1.13e-05
NETO2,0.8081432,4.09e-06,1.13e-05
GPATCH8,-0.3553832,4.15e-06,1.14e-05
C16ORF59,0.3303405,4.12e-06,1.14e-05
AVPR1A,-0.40860897,3.61e-06,1.14e-05
TMEM151B,0.3728268,4.15e-06,1.14e-05
UMOD,0.3780118,4.12e-06,1.14e-05
FLRT3,0.32169733,3.61e-06,1.14e-05
SNORD96B,-0.5947959,4.16e-06,1.15e-05
NR2E3,0.2902982,4.2e-06,1.15e-05
UFSP2,-0.4766541,4.18e-06,1.15e-05
KLC3,0.2886873,4.17e-06,1.15e-05
STEAP4,-0.43199256,3.71e-06,1.16e-05
TMEM5///TMEM5,-0.3131518,4.23e-06,1.16e-05
PAOX,0.3465032,4.21e-06,1.16e-05
PANX1,0.29523789,3.7e-06,1.16e-05
OR5A1,0.4322068,4.23e-06,1.16e-05
EGR2,-0.47332134,3.69e-06,1.16e-05
TKTL2,0.4595832,4.23e-06,1.16e-05
KLC2,0.3012155,4.22e-06,1.16e-05
CCDC151,-0.27765379,3.68e-06,1.16e-05
GNA13///GNA13,0.23027634,3.71e-06,1.16e-05
ARHGAP9,0.25140015,3.68e-06,1.16e-05
PRDX4,-0.6893914,4.27e-06,1.17e-05
COMMD9,0.5389573,4.28e-06,1.17e-05
SNORD15A,0.6972486,4.26e-06,1.17e-05
DDIT4,0.61191455,3.73e-06,1.17e-05
SERTAD1,0.33408049,3.77e-06,1.18e-05
SBK1,0.4002564,4.31e-06,1.18e-05
CCDC102A,0.34576,4.3e-06,1.18e-05
NPRL3,0.3481345,4.3e-06,1.18e-05
PMEL,0.3408859,4.31e-06,1.18e-05
BSG,0.4936845,4.3e-06,1.18e-05
CD8B///CD8B,0.7358127,4.32e-06,1.18e-05
VSIG8,0.3692945,4.35e-06,1.19e-05
RGS14,0.33405,4.35e-06,1.19e-05
VIP,0.40927,3.1e-07,1.19e-05
RTEL1-TNFRSF6B///RTEL1///TNFRSF6B,0.3392582,4.35e-06,1.19e-05
NCKAP5,1.2770641,4.32e-06,1.19e-05
TBC1D1,-0.4334109,4.33e-06,1.19e-05
LZTS1,0.3547509,4.36e-06,1.2e-05
LOC101930169///PRAMEF15///PRAMEF20///PRAMEF6///PRAMEF11///PRAMEF4///PRAMEF9///PRAMEF5,0.33930165,3.82e-06,1.2e-05
LYPD6B,-0.33417503,3.83e-06,1.2e-05
ENGASE,0.3927155,4.39e-06,1.2e-05
SHISA2,0.6334455,4.38e-06,1.2e-05
MTERF4,-0.4507995,4.37e-06,1.2e-05
KCNV2,0.3399295,4.36e-06,1.2e-05
TIMM13,0.23481724,3.85e-06,1.2e-05
SNORA14B,0.6588495,4.42e-06,1.21e-05
TSKS,0.3547586,4.41e-06,1.21e-05
KIAA1211L,-0.30908407,3.87e-06,1.21e-05
ENTPD2,0.3767055,4.41e-06,1.21e-05
IGHV3-30,-2.5893475,3.19e-07,1.22e-05
TRAK2,0.21799378,3.89e-06,1.22e-05
C10ORF113,0.32752847,3.91e-06,1.22e-05
RELL2,0.3646059,4.46e-06,1.22e-05
CECR5,0.3838127,4.46e-06,1.22e-05
TENM1,-0.4825055,4.44e-06,1.22e-05
CGNL1,-0.8201136,4.45e-06,1.22e-05
AZGP1,0.52455855,3.88e-06,1.22e-05
BST1,0.27214105,3.94e-06,1.23e-05
TINF2,0.4211,4.51e-06,1.23e-05
MBOAT7,0.4625782,4.51e-06,1.23e-05
ARIH2OS,0.5313014,4.51e-06,1.23e-05
PCED1B,0.50448,4.5e-06,1.23e-05
CSNK1G2-AS1,0.3913205,4.5e-06,1.23e-05
OXNAD1,-0.3411582,4.5e-06,1.23e-05
RFK,-0.6740125,3.23e-07,1.23e-05
MRPS12,0.22121439,3.94e-06,1.23e-05
TNFRSF10D,0.29559271,3.97e-06,1.24e-05
GTF2B,-0.4527586,4.53e-06,1.24e-05
TRAF4,0.4288968,4.54e-06,1.24e-05
ZNF385C,0.3953327,4.55e-06,1.24e-05
SEL1L2///GPR37,-0.24569307,4e-06,1.25e-05
SNORA60///SNHG11///SNORA60///SNHG11,0.3720273,4.56e-06,1.25e-05
FAM104A,-0.2938773,4.58e-06,1.25e-05
CBARP,0.4157986,4.56e-06,1.25e-05
DEFB1,0.6458705,4.59e-06,1.25e-05
TDRD1,-0.4612432,4.59e-06,1.25e-05
EFCAB2,-0.41393464,3.99e-06,1.25e-05
ST7L,-0.3301409,4.62e-06,1.26e-05
PRKAR1B,0.5214623,4.62e-06,1.26e-05
FAM90A1,0.3377105,4.6e-06,1.26e-05
IL27RA,0.3885023,4.6e-06,1.26e-05
MMRN1,-1.3800955,4.6e-06,1.26e-05
DHRSX///ZBED1,0.2469659,4.6e-06,1.26e-05
CTSL,-0.7989864,4.62e-06,1.26e-05
SZT2,0.2737618,4.65e-06,1.27e-05
APOA2,0.3860286,4.7e-06,1.28e-05
TM4SF4,0.16671593,4.11e-06,1.28e-05
GLIPR1L1,-0.3322741,4.72e-06,1.29e-05
MIR23B///C9ORF3,-0.7034609,4.73e-06,1.29e-05
HAPLN3,0.596465,4.72e-06,1.29e-05
ARPP19,-0.3377995,4.75e-06,1.3e-05
NCOA5,-0.4118259,4.75e-06,1.3e-05
GJA3,0.4300491,4.78e-06,1.3e-05
WASIR2,0.391915,4.77e-06,1.3e-05
LIMCH1,1.1559,3.44e-07,1.3e-05
CST2,-0.31511292,4.17e-06,1.3e-05
HIPK4,0.3439682,4.76e-06,1.3e-05
ZEB1,-0.6243168,4.78e-06,1.3e-05
MVB12A,0.488525,4.79e-06,1.31e-05
GLTP,0.5036891,4.81e-06,1.31e-05
UQCRFS1,0.4013964,4.79e-06,1.31e-05
RPUSD2,0.3392427,4.8e-06,1.31e-05
AMPD2,0.21607063,4.2e-06,1.31e-05
ALS2CR11,0.6219109,4.82e-06,1.31e-05
PIK3R2,-0.2178489,4.21e-06,1.31e-05
SPEF1,-0.28131689,4.22e-06,1.31e-05
CD6,-1.395785,3.51e-07,1.32e-05
FUNDC2P2,0.3706309,4.85e-06,1.32e-05
CTRC,0.3227509,4.84e-06,1.32e-05
REL,-0.7133668,4.87e-06,1.32e-05
C14ORF80,0.3450373,4.88e-06,1.33e-05
GABRQ,0.282985,4.89e-06,1.33e-05
FRMPD1,0.3638968,4.9e-06,1.33e-05
RARG///RARG,0.5473382,4.9e-06,1.33e-05
PSMB11,0.4136886,4.95e-06,1.34e-05
CLGN,-0.970325,4.92e-06,1.34e-05
DDB1,-0.4726264,4.91e-06,1.34e-05
COQ10B,-0.5457009,4.93e-06,1.34e-05
SSBP4,-0.56645,3.58e-07,1.34e-05
HGFAC,0.3478509,4.93e-06,1.34e-05
POC5,-0.4288945,4.97e-06,1.35e-05
TCTN3,0.38968,4.99e-06,1.35e-05
C6ORF203,-0.5730314,5e-06,1.36e-05
LONRF1,-0.6654927,5.01e-06,1.36e-05
ABCB9,0.2763491,4.99e-06,1.36e-05
SLC15A3,0.7284527,5.01e-06,1.36e-05
GPHB5,0.3884045,5e-06,1.36e-05
MIR195///LOC284112,0.3574445,5.02e-06,1.36e-05
PRPF8,0.28594,3.67e-07,1.37e-05
ING4,0.4341973,5.06e-06,1.37e-05
PLEKHG3,0.4133605,5.06e-06,1.37e-05
LYN,0.30034051,4.42e-06,1.37e-05
GRN,0.6807773,5.06e-06,1.37e-05
NT5M,0.3991464,5.08e-06,1.38e-05
STK17A,-0.489025,5.07e-06,1.38e-05
DNMBP,-0.26873191,4.45e-06,1.38e-05
ZNF233,-0.4252755,5.11e-06,1.38e-05
PROX1,-0.30263952,4.48e-06,1.39e-05
SCO2,0.3908055,5.11e-06,1.39e-05
PACSIN1,0.3660536,5.11e-06,1.39e-05
KARS,-0.5941345,5.11e-06,1.39e-05
COPZ1,0.4042159,5.13e-06,1.39e-05
PHLDB1,0.5165086,5.13e-06,1.39e-05
ROBO3,0.3791505,5.14e-06,1.39e-05
GDAP2,-0.5682673,5.14e-06,1.39e-05
SDR42E1,-0.6378986,5.17e-06,1.4e-05
LGALS8,-0.5915632,5.16e-06,1.4e-05
ZYG11B,-0.4825405,5.16e-06,1.4e-05
BMPR2,0.34488413,4.51e-06,1.4e-05
C1QBP,0.2827624,4.53e-06,1.4e-05
PTPN7,-0.9278525,3.79e-07,1.4e-05
ASIC1,-1.1157725,3.79e-07,1.4e-05
KNDC1,0.5377418,5.2e-06,1.41e-05
NCOA1,-0.5624732,5.23e-06,1.41e-05
UGDH,-0.7293218,5.21e-06,1.41e-05
C22ORF24,0.4019177,5.21e-06,1.41e-05
SEMA6C,0.3182332,5.23e-06,1.41e-05
YIPF6,-0.4150905,5.27e-06,1.42e-05
C2ORF76,0.5210041,5.26e-06,1.42e-05
TMEM229A,-1.2995075,3.85e-07,1.42e-05
LYPD1,-1.8689175,3.85e-07,1.42e-05
SECISBP2,-0.5168182,5.31e-06,1.43e-05
LOC399851,0.4424941,5.3e-06,1.43e-05
ZNF385A,-0.4293725,3.9e-07,1.43e-05
PPIL3,-0.25293682,4.62e-06,1.43e-05
PICSAR,0.59948,3.94e-07,1.44e-05
ZFAT,0.3875409,5.34e-06,1.44e-05
UBAP2L,0.3140068,5.35e-06,1.44e-05
TEKT4,0.3995155,5.34e-06,1.44e-05
HIST1H2BL,0.5586991,5.36e-06,1.45e-05
MT3,0.4069291,5.37e-06,1.45e-05
SLC22A6,0.3714932,5.42e-06,1.46e-05
PRH1-PRR4///PRR4,0.4982845,5.42e-06,1.46e-05
ZNF140,-0.4659036,5.4e-06,1.46e-05
SNORD116-16,0.7320668,5.42e-06,1.46e-05
PHB2,0.3833382,5.41e-06,1.46e-05
SP140L,-0.4656909,5.43e-06,1.46e-05
TIMMDC1,0.5641314,5.41e-06,1.46e-05
KIAA0319,-0.34688351,4.72e-06,1.46e-05
PLAU,-1.39273,4.03e-07,1.47e-05
PTPN14,0.5531159,5.5e-06,1.48e-05
RNF115,0.4899105,5.48e-06,1.48e-05
KRTAP4-7///KRTAP4-9///KRTAP4-8///KRTAP4-11///KRTAP4-5///KRTAP4-4///KRTAP4-12///KRTAP4-6///KRTAP4-7,0.41952,5.5e-06,1.48e-05
SNORD53,0.5656109,5.51e-06,1.49e-05
MICALL2,-0.72155,4.07e-07,1.49e-05
LOC100294362,0.3964341,5.52e-06,1.49e-05
SH3D19,0.7255075,4.11e-07,1.5e-05
CLEC18B///CLEC18A///CLEC18C,0.3205323,5.57e-06,1.5e-05
CYB5D1,-0.3850986,4.85e-06,1.5e-05
WDSUB1,0.5199225,4.13e-07,1.5e-05
SERPINA4,0.4555809,5.56e-06,1.5e-05
NOL11,-0.4759155,5.57e-06,1.5e-05
ADCYAP1R1,0.4737364,5.61e-06,1.51e-05
KAT2B,-0.58226,5.61e-06,1.51e-05
PAPPA,-0.48358921,4.88e-06,1.51e-05
FFAR3,0.4375273,5.62e-06,1.51e-05
BTK,-0.7740109,5.6e-06,1.51e-05
ZMYND15,0.3896659,5.59e-06,1.51e-05
SLC22A12,0.3713791,5.6e-06,1.51e-05
FP248,0.4841959,5.63e-06,1.52e-05
SLC12A3,0.3950605,5.65e-06,1.52e-05
GAPDH,0.3445318,5.65e-06,1.52e-05
SLC45A3,-1.207005,4.19e-07,1.52e-05
VRK3,0.3799477,5.63e-06,1.52e-05
ATP1B1,-0.25465654,4.93e-06,1.52e-05
CX3CR1,1.2506814,5.64e-06,1.52e-05
MMACHC,0.4107359,5.63e-06,1.52e-05
KCTD2,0.3006982,5.7e-06,1.53e-05
CDKN2D,0.65273,4.25e-07,1.53e-05
FLJ45950,-0.9429432,5.69e-06,1.53e-05
ZMYM5,0.4059145,5.68e-06,1.53e-05
TSGA10IP,0.3555518,5.68e-06,1.53e-05
ASL,0.5793275,4.24e-07,1.53e-05
NDFIP1,0.469515,4.25e-07,1.53e-05
NUBP1,-0.4559841,5.74e-06,1.54e-05
GRM2,0.4039705,5.74e-06,1.54e-05
MAGEA1,0.3427509,5.75e-06,1.54e-05
ESR2,-0.22268344,4.98e-06,1.54e-05
MRPS17,0.3236941,5.74e-06,1.54e-05
AWAT1,0.4320064,5.71e-06,1.54e-05
IGHV3-48///IGHV3-69-1,-2.1913625,4.27e-07,1.54e-05
PHF19,0.36718,5.75e-06,1.55e-05
MCRS1,0.4586459,5.78e-06,1.55e-05
GPR137,0.3909255,5.8e-06,1.56e-05
SLC6A13,0.4317609,5.79e-06,1.56e-05
NDUFB5,-0.21630715,5.07e-06,1.56e-05
MAMSTR,0.4160791,5.84e-06,1.57e-05
LOC100131131,0.64321956,5.1e-06,1.57e-05
GABRE,0.5573918,5.86e-06,1.57e-05
LOC100127951,0.5215277,5.86e-06,1.57e-05
CSTF2,-0.3769695,5.87e-06,1.58e-05
PPFIBP1,0.6925625,4.41e-07,1.58e-05
TCF19,-0.23482543,5.14e-06,1.58e-05
RSPH14,-0.34457775,5.14e-06,1.58e-05
GRM7,-0.26917763,5.11e-06,1.58e-05
SCARA5,-0.41043165,5.13e-06,1.58e-05
TMEM121,0.3691618,5.88e-06,1.58e-05
TGFBR2,0.5817675,4.44e-07,1.58e-05
PLA2G2E,0.3602814,5.92e-06,1.59e-05
UHRF1BP1,0.21277258,5.18e-06,1.59e-05
SLC6A18,0.3712323,5.94e-06,1.59e-05
TC2N,-0.5887723,5.98e-06,1.6e-05
OR8S1,0.3764577,5.95e-06,1.6e-05
MTX2,-0.4032955,6e-06,1.61e-05
AMHR2,0.3162859,6.02e-06,1.61e-05
CPLX3,0.4412905,6.02e-06,1.61e-05
OR10Z1,0.413255,5.99e-06,1.61e-05
MNX1,0.369005,6.05e-06,1.62e-05
KLKP1,0.3382855,6.06e-06,1.62e-05
KCNC1,0.3439036,6.05e-06,1.62e-05
DEFA3,3.2576475,4.56e-07,1.62e-05
AHCY,0.22702549,5.28e-06,1.62e-05
GPR156,-0.22819004,5.26e-06,1.62e-05
CTLA4,-0.40542163,5.26e-06,1.62e-05
ZNF628,0.36807,6.1e-06,1.63e-05
DGKK,0.5207291,6.08e-06,1.63e-05
SIT1,-0.27105065,5.31e-06,1.63e-05
REEP4,0.22683057,5.3e-06,1.63e-05
HBA2///HBA1,1.6928518,6.14e-06,1.64e-05
TEDDM1,0.4098214,6.12e-06,1.64e-05
LOC90246,0.6035575,4.67e-07,1.64e-05
LINC00116,0.533925,6.12e-06,1.64e-05
SNAPC5,-0.2771995,6.14e-06,1.64e-05
XPNPEP3,-0.4126405,6.13e-06,1.64e-05
CBLN2,0.3633132,6.16e-06,1.65e-05
AMN,0.4057786,6.18e-06,1.65e-05
CCNH,-0.7688995,6.17e-06,1.65e-05
SCARNA22,0.3147577,6.18e-06,1.65e-05
SBSPON,-0.31297641,5.41e-06,1.66e-05
NOV,-0.40855439,5.41e-06,1.66e-05
PLEKHG1///PLEKHG1,-0.5998118,6.23e-06,1.66e-05
GPATCH1,-0.3991345,6.19e-06,1.66e-05
IER2,0.27879348,5.43e-06,1.67e-05
SNORD81,0.42924448,5.46e-06,1.67e-05
POLR2A,0.3157264,6.25e-06,1.67e-05
GAS8,-0.30539833,5.45e-06,1.67e-05
PDZD4,-0.21813299,5.48e-06,1.68e-05
IGSF9,-1.226495,4.82e-07,1.68e-05
SPACA4,0.3962991,6.33e-06,1.69e-05
APP,-0.5107727,6.33e-06,1.69e-05
TMEM14EP,-0.5224836,6.38e-06,1.7e-05
CYSRT1,0.3148259,6.38e-06,1.7e-05
HMX3,0.4514005,6.39e-06,1.7e-05
MYT1L,0.3004427,6.42e-06,1.71e-05
TMEM17,-0.23170128,5.59e-06,1.71e-05
TTLL3,-2.0419975,4.93e-07,1.71e-05
ASB5,-0.23076024,5.63e-06,1.72e-05
TMC8,0.4751255,6.44e-06,1.72e-05
RBM27,-0.4539473,6.45e-06,1.72e-05
ESX1,0.4257064,6.48e-06,1.73e-05
GH1,0.4090536,6.48e-06,1.73e-05
SLC6A7,0.3549318,6.54e-06,1.74e-05
CYP2C18,-0.31522331,5.7e-06,1.74e-05
CHRDL2,-2.4196225,5.04e-07,1.74e-05
ADGRF4,-0.4077205,6.56e-06,1.75e-05
LCE3B,0.3706627,6.57e-06,1.75e-05
ADAMTS4,0.86596639,5.71e-06,1.75e-05
AP1S2,-0.4926214,6.58e-06,1.75e-05
PSAPL1,0.3677995,6.62e-06,1.76e-05
TM6SF1,0.34167323,5.76e-06,1.76e-05
SCNN1B,1.0421395,6.62e-06,1.76e-05
ZNF618,0.4438109,6.63e-06,1.77e-05
LOC100133091,0.3747423,6.67e-06,1.78e-05
USP31,0.21680535,5.84e-06,1.78e-05
ZCCHC13,0.3079323,6.72e-06,1.79e-05
GPA33,1.053805,6.71e-06,1.79e-05
WHAMM,0.2520245,6.77e-06,1.8e-05
TIAM1,-0.6563464,6.76e-06,1.8e-05
INE1,-0.4390436,6.78e-06,1.8e-05
AGO1,0.3620073,6.78e-06,1.8e-05
PCAT6,-0.464895,5.29e-07,1.81e-05
MFSD4B,-0.4573809,6.83e-06,1.81e-05
PCYOX1,0.5767282,6.83e-06,1.81e-05
PTBP3,-0.3488555,6.84e-06,1.82e-05
ADGRE1,0.61571181,5.98e-06,1.82e-05
NRN1L,0.3951405,6.85e-06,1.82e-05
SERPINA1,0.6751318,6.87e-06,1.82e-05
TCL1A,0.4376309,6.84e-06,1.82e-05
FLJ32154,0.4380391,6.9e-06,1.83e-05
AMZ2,0.2867177,6.89e-06,1.83e-05
NPAS3,0.3400491,6.91e-06,1.84e-05
DUS4L,-0.2982405,6.99e-06,1.85e-05
ZNF98///ZNF492///ZNF85,-0.3396605,6.98e-06,1.85e-05
DMBX1,0.4183536,6.95e-06,1.85e-05
TCF25,-0.3541309,7e-06,1.86e-05
IL9R,0.3626368,7.03e-06,1.87e-05
ABCA6,-0.9507391,7.05e-06,1.87e-05
CPNE6,0.343185,7.03e-06,1.87e-05
ANKLE1,0.4153655,7.07e-06,1.87e-05
MSRB3,-0.6096291,7.06e-06,1.87e-05
P2RX4,0.4272282,7.03e-06,1.87e-05
TMEM126B,0.25533871,6.19e-06,1.88e-05
USP54,0.73135,5.54e-07,1.88e-05
TCEA3,0.480045,7.12e-06,1.89e-05
TPM1,-0.6135809,7.13e-06,1.89e-05
SUDS3,-0.4306645,7.13e-06,1.89e-05
NAXD,0.3647905,7.17e-06,1.9e-05
COG4,-0.5545,7.17e-06,1.9e-05
RNF41,0.3658245,7.19e-06,1.9e-05
MREG,-0.5695105,7.16e-06,1.9e-05
TECPR2,0.54893,5.67e-07,1.91e-05
PARD6G,0.4162345,7.2e-06,1.91e-05
DCD,0.3521409,7.21e-06,1.91e-05
USP29,0.4450191,7.2e-06,1.91e-05
RAB26,0.3368423,7.2e-06,1.91e-05
RNF126P1,0.3658009,7.24e-06,1.91e-05
TAF5,-0.3574741,7.23e-06,1.91e-05
HIC2,0.3341727,7.25e-06,1.92e-05
RAVER1,0.3142659,7.27e-06,1.92e-05
ZHX3,0.22296645,6.31e-06,1.92e-05
NDUFB6,0.6842368,7.32e-06,1.93e-05
SYT7,0.3639123,7.31e-06,1.93e-05
MTFP1,0.3807468,7.31e-06,1.93e-05
SSC4D,0.3646845,7.28e-06,1.93e-05
CENPM,0.3673714,7.32e-06,1.93e-05
PALLD,-0.23307022,6.36e-06,1.93e-05
VEGFC,0.23555506,6.38e-06,1.94e-05
SLC14A1,0.6534575,5.77e-07,1.94e-05
MAN1B1,0.3414214,7.33e-06,1.94e-05
ACCSL,0.4622732,7.34e-06,1.94e-05
RARRES2,0.6920273,7.33e-06,1.94e-05
GPD1,1.0830318,7.37e-06,1.95e-05
KSR2,0.3332836,7.4e-06,1.95e-05
HDGFL1,0.3399541,7.44e-06,1.96e-05
VPS52,0.3313375,5.86e-07,1.96e-05
OCRL,-0.4791064,7.42e-06,1.96e-05
RAD9A,0.4105877,7.46e-06,1.97e-05
CENPU,-0.7397482,7.45e-06,1.97e-05
LOC101928068,0.4464791,7.46e-06,1.97e-05
MCM10,-0.3778795,7.45e-06,1.97e-05
MASP1,-0.27314114,6.5e-06,1.97e-05
RAB6B,0.2582095,7.52e-06,1.98e-05
ELL2,-0.9611268,7.52e-06,1.98e-05
CDYL2,0.4023518,7.59e-06,2e-05
DMPK,0.3756545,7.57e-06,2e-05
RPRD2,0.3702477,7.6e-06,2e-05
PSMB10,0.5547786,7.58e-06,2e-05
SLC23A2,0.3503823,7.58e-06,2e-05
ARFGAP2,-0.2745986,7.63e-06,2.01e-05
PHYKPL,0.2798595,7.63e-06,2.01e-05
LOC401320,-0.5540814,7.61e-06,2.01e-05
SKOR1,0.4137359,7.61e-06,2.01e-05
DRAM2///DRAM2,-0.22035792,6.62e-06,2.01e-05
DCC,0.8816718,7.62e-06,2.01e-05
LSM10,0.4740905,7.65e-06,2.01e-05
ACPT,0.3480432,7.65e-06,2.02e-05
RNF208,0.3451873,7.68e-06,2.02e-05
CLDN10,-0.46575023,6.68e-06,2.03e-05
CAPN10///GPR35,0.2397441,7.71e-06,2.03e-05
CXORF21,-0.32458308,6.73e-06,2.04e-05
PI3,0.40590491,6.77e-06,2.05e-05
THOC5,0.20888393,6.75e-06,2.05e-05
LRRC39,-0.5403273,7.79e-06,2.05e-05
FANCB,-0.4138468,7.83e-06,2.06e-05
FAM78A,0.5478155,7.84e-06,2.06e-05
FAM122A///FAM122A,-0.458205,7.84e-06,2.06e-05
COMMD7,0.3858868,7.86e-06,2.07e-05
SNORA35,0.3780886,7.86e-06,2.07e-05
C3ORF38,-0.3979373,7.9e-06,2.08e-05
VCL,0.29235759,6.88e-06,2.08e-05
AP1G2,0.3874841,7.95e-06,2.09e-05
FGF9,-0.7087341,7.94e-06,2.09e-05
MARCH6,-0.3737836,8.01e-06,2.1e-05
MYL5,0.3044114,8.01e-06,2.1e-05
ARX,0.4066809,8.01e-06,2.1e-05
CA5BP1///CA5BP1,0.4421695,7.99e-06,2.1e-05
PHLDA3,0.3941641,8.03e-06,2.11e-05
RDH13,0.3700282,8.04e-06,2.11e-05
TNNC2,0.2838755,8.05e-06,2.11e-05
WDR83,0.2908327,8.06e-06,2.12e-05
NOXO1,0.9210625,6.39e-07,2.12e-05
CNN3,0.21517444,7.04e-06,2.13e-05
PRRG3,0.3741695,8.12e-06,2.13e-05
SNORA56///DKC1,-0.5778373,8.16e-06,2.14e-05
GPR182,0.4086623,8.2e-06,2.15e-05
DCAF7,0.3071605,8.2e-06,2.15e-05
EXT1,0.4740114,8.22e-06,2.16e-05
FPGT-TNNI3K///TNNI3K,-0.23423494,7.2e-06,2.17e-05
FETUB,0.3670505,8.28e-06,2.17e-05
TMEM62,0.3093482,8.28e-06,2.17e-05
DUSP28,0.3507577,8.3e-06,2.18e-05
CSAG4///MAGEA12,0.3812659,8.35e-06,2.19e-05
PRCP,-0.23968234,7.28e-06,2.19e-05
DDIT3,0.28106473,7.26e-06,2.19e-05
FLJ35934,0.3806573,8.38e-06,2.19e-05
PNPO,0.3697291,8.39e-06,2.2e-05
CAPRIN2,-0.4529041,8.42e-06,2.2e-05
TWIST2,0.3790295,8.4e-06,2.2e-05
VWC2L,-0.35536051,7.33e-06,2.21e-05
GNG3,0.3373605,8.49e-06,2.22e-05
PKD1L1,0.3057614,8.48e-06,2.22e-05
SURF2,0.4196168,8.46e-06,2.22e-05
ZDHHC23,-0.24311998,7.4e-06,2.23e-05
KRT20,0.3280618,8.54e-06,2.24e-05
ZNF880,-0.3433191,8.56e-06,2.24e-05
THAP10,0.4111514,8.55e-06,2.24e-05
PPP1R26,0.48104,6.92e-07,2.26e-05
LINC01124,0.4016686,8.64e-06,2.26e-05
GABPB1,-0.5566164,8.66e-06,2.26e-05
SPATA31E1,0.4194777,8.67e-06,2.27e-05
BFSP1,0.4239141,8.7e-06,2.27e-05
HBG2///HBG1,0.6036032,8.67e-06,2.27e-05
TSSK4,0.4067577,8.73e-06,2.28e-05
COMMD3-BMI1///COMMD3,-0.21752186,7.62e-06,2.29e-05
LINC01089,0.4626518,8.77e-06,2.29e-05
ARHGEF16,0.2993259,8.78e-06,2.29e-05
SPSB2,0.85597,7.03e-07,2.29e-05
PP12719,0.5125782,8.75e-06,2.29e-05
TPTE2P3,0.5427864,8.82e-06,2.3e-05
SLX4,0.2419509,8.81e-06,2.3e-05
FEN1,-0.3393473,8.8e-06,2.3e-05
HIST3H2A,-0.21957058,7.66e-06,2.31e-05
AIP,0.20739214,7.69e-06,2.31e-05
ARAP1,0.20932533,7.68e-06,2.31e-05
LY86-AS1,0.4336723,8.85e-06,2.31e-05
CLIC4,-0.3987727,8.84e-06,2.31e-05
LRP2BP,-0.36909862,7.72e-06,2.32e-05
PGBD5,0.48348,8.9e-06,2.32e-05
SLC34A3,0.37201,8.88e-06,2.32e-05
NMRK1,-0.6119614,8.9e-06,2.32e-05
OSBPL9,0.4712125,7.15e-07,2.32e-05
BHLHE40,0.6253859,8.91e-06,2.33e-05
KLF14,0.3618486,8.95e-06,2.33e-05
CRYBB1,0.3342141,8.91e-06,2.33e-05
IRX4,0.3596886,8.92e-06,2.33e-05
GAS1,0.5143136,8.97e-06,2.34e-05
C3AR1,0.38051261,7.79e-06,2.34e-05
CMTM5,0.3989064,9.03e-06,2.35e-05
ATP6V0A4,-0.26330608,7.82e-06,2.35e-05
SNX25,0.46273857,7.83e-06,2.35e-05
LIMS4///LIMS3-LOC440895///LIMS3///LIMS1,-0.4348691,9.01e-06,2.35e-05
DCANP1,-1.17669,7.3e-07,2.36e-05
C10ORF131,-0.8317364,9.08e-06,2.37e-05
DMRT3,0.3776659,9.14e-06,2.38e-05
KRTAP9-6///KRTAP9-4///KRTAP9-8///KRTAP9-3///KRTAP9-2///KRTAP9-9,0.3228905,9.16e-06,2.39e-05
C17ORF51,-0.3855959,9.16e-06,2.39e-05
MBD5,-0.4223905,9.19e-06,2.39e-05
KCNH8,-0.5100214,9.17e-06,2.39e-05
ABCB4,-0.450375,9.18e-06,2.39e-05
ZNF92,-0.3707282,9.17e-06,2.39e-05
TMEFF2,0.4134945,9.19e-06,2.39e-05
OAS3,0.8296095,9.15e-06,2.39e-05
CELA2B,0.4857264,9.23e-06,2.4e-05
GNPDA2,-0.500235,9.23e-06,2.4e-05
LINC00487,0.4278664,9.2e-06,2.4e-05
LOC101927770,0.374425,9.27e-06,2.41e-05
DUSP15,0.3673168,9.24e-06,2.41e-05
BPIFA1,-1.54559971,8.07e-06,2.42e-05
RNF14,-0.4511864,9.3e-06,2.42e-05
HIRA,-0.3776345,9.34e-06,2.43e-05
SAV1,-0.4137245,9.32e-06,2.43e-05
EOMES,0.4338777,9.33e-06,2.43e-05
FAM222A,0.3313664,9.38e-06,2.44e-05
FBXO22,-0.490835,9.37e-06,2.44e-05
XBP1,-0.26989536,8.14e-06,2.44e-05
C1ORF147,0.4559827,9.38e-06,2.44e-05
SLC35G2,0.3062641,9.42e-06,2.45e-05
METTL8,-0.3304345,9.41e-06,2.45e-05
RAD9B,-0.5141814,9.45e-06,2.46e-05
ZNF597,0.6350077,9.46e-06,2.46e-05
MFF,0.3282295,9.46e-06,2.46e-05
GOLGA8R///GOLGA8O///GOLGA8M///GOLGA8K///GOLGA8T///GOLGA8J///GOLGA8N///GOLGA8IP,-0.4203391,9.48e-06,2.46e-05
OR10H5,0.3933705,9.51e-06,2.47e-05
EEF1G,0.3445864,9.51e-06,2.47e-05
GSK3B,0.415415,7.69e-07,2.47e-05
ATP6V0E2-AS1,-0.62567,7.73e-07,2.48e-05
MLLT10,0.4936475,7.73e-07,2.48e-05
CCDC153,-0.32655644,8.28e-06,2.48e-05
HIST1H2AM,0.5609423,9.58e-06,2.49e-05
KDELR2,0.2996964,9.64e-06,2.5e-05
ODF3B,-0.35457576,8.35e-06,2.5e-05
MIR21,-0.57273859,8.36e-06,2.5e-05
TAP2,0.33345827,8.36e-06,2.5e-05
IGKV1-5,-2.5713725,7.81e-07,2.5e-05
HTR1A,0.4344295,9.62e-06,2.5e-05
TAS2R10,-0.5347964,9.63e-06,2.5e-05
YPEL3,0.5584286,9.69e-06,2.51e-05
TNR,0.9138973,9.68e-06,2.51e-05
HSPE1-MOB4///MOB4,-0.4296309,9.69e-06,2.51e-05
PLEKHF2,-0.5270573,9.66e-06,2.51e-05
HIST3H2BB,-0.21004139,8.39e-06,2.51e-05
SNX32,0.3750518,9.71e-06,2.52e-05
SAA1,0.59353849,8.46e-06,2.52e-05
FGD1,0.3589955,9.71e-06,2.52e-05
UBE2DNL,0.38752,9.7e-06,2.52e-05
TMEM18,0.4381591,9.77e-06,2.53e-05
CYP4Z1,0.5816636,9.76e-06,2.53e-05
ZFR2,0.3694018,9.78e-06,2.53e-05
RNF4,0.3083995,9.75e-06,2.53e-05
ETF1,0.23434303,8.46e-06,2.53e-05
FANCC,0.23445047,8.49e-06,2.53e-05
CREBBP,0.336325,9.79e-06,2.54e-05
SCYL3,-0.4655959,9.83e-06,2.55e-05
HOXC11,0.3879232,9.83e-06,2.55e-05
TSPYL1,-0.5172082,9.83e-06,2.55e-05
KCTD14,0.6087075,8.04e-07,2.56e-05
A2M,-0.4989364,9.89e-06,2.56e-05
PRR21,0.3821364,9.94e-06,2.57e-05
CDR1,0.7822745,9.93e-06,2.57e-05
MFGE8,0.25064315,8.67e-06,2.58e-05
SH3RF2,0.4369695,9.96e-06,2.58e-05
LOXHD1,0.3653445,9.94e-06,2.58e-05
ZC3HAV1,-0.5483655,9.98e-06,2.58e-05
LHX2,0.3587732,9.97e-06,2.58e-05
BUB1,-0.6613005,9.94e-06,2.58e-05
ASAH2B///ASAH2,-0.28536256,8.72e-06,2.6e-05
SNORD36A///SNORD36C///RPL7A,0.5812318,1e-05,2.6e-05
ROR2,-0.916745,8.19e-07,2.6e-05
DRAXIN,0.4315282,1e-05,2.6e-05
COL11A2,0.43559,1e-05,2.6e-05
SYP,0.34389,1.01e-05,2.61e-05
YAE1D1,0.4047827,1.01e-05,2.61e-05
ZHX1-C8ORF76///C8ORF76,0.3058723,1.01e-05,2.61e-05
DPY19L2P4,-0.6087614,1.01e-05,2.61e-05
FOXR2,0.3965555,1.01e-05,2.61e-05
TLR9,0.3644545,1.01e-05,2.61e-05
GK3P///GK,-0.85392,1.01e-05,2.61e-05
PCDHB17P,0.4253077,1.01e-05,2.61e-05
ARL4D,0.7264136,1.02e-05,2.62e-05
LOC100506557,0.4152895,1.01e-05,2.62e-05
ESR1,-0.21759053,8.78e-06,2.62e-05
TPK1,0.23653972,8.81e-06,2.62e-05
RRP1,0.3070377,1.02e-05,2.63e-05
KDM2A,0.2534473,1.02e-05,2.63e-05
ANKRD20A12P,0.5802075,8.31e-07,2.63e-05
PDE12,-0.5317245,1.02e-05,2.64e-05
HHEX,-0.6406141,1.02e-05,2.64e-05
SELV,0.2707909,1.02e-05,2.64e-05
EPHA8,0.3715691,1.02e-05,2.64e-05
SCT,0.3488827,1.03e-05,2.65e-05
HRH1,-1.056165,8.4e-07,2.66e-05
ADGRL3,-0.47494306,8.95e-06,2.66e-05
SELM,-0.6564075,8.46e-07,2.67e-05
WSCD1,0.3445082,1.04e-05,2.67e-05
KLF10,0.27669852,9.02e-06,2.68e-05
DHH,0.3905218,1.04e-05,2.68e-05
RTN4R,0.4670818,1.04e-05,2.68e-05
KNCN,0.3206459,1.04e-05,2.69e-05
HOXA3,0.4541841,1.04e-05,2.69e-05
DAXX,0.338525,1.05e-05,2.7e-05
XYLB,0.2826345,1.05e-05,2.7e-05
TRPM2,0.20741011,9.1e-06,2.7e-05
LOC100101478///TMSB15B,-0.23837254,9.09e-06,2.7e-05
CYP2D7,0.3907195,1.05e-05,2.7e-05
CCDC42,0.3619468,1.05e-05,2.7e-05
BHLHE41,-0.36725316,9.11e-06,2.71e-05
DMRTB1,0.3718545,1.05e-05,2.71e-05
EPB41,-0.6208882,1.05e-05,2.72e-05
GZF1,-0.4715486,1.06e-05,2.72e-05
TTI1,-0.3796055,1.06e-05,2.73e-05
CNGA2,0.4225941,1.06e-05,2.74e-05
ADAMTS5,-0.8701305,1.07e-05,2.74e-05
ZNF22,-0.42131,1.06e-05,2.74e-05
CENPT,0.3137105,1.06e-05,2.74e-05
HCG4,0.4007136,1.07e-05,2.75e-05
CBL,0.21543919,9.28e-06,2.75e-05
SNX8,0.3232127,1.07e-05,2.76e-05
CUL7,0.3927845,1.07e-05,2.76e-05
LINC00518,0.4224114,1.08e-05,2.77e-05
KCNE4,-0.4613652,9.32e-06,2.77e-05
KCNE5,0.3894732,1.08e-05,2.77e-05
MYH10,-0.40073927,9.39e-06,2.78e-05
CRISP2,-0.34753624,9.37e-06,2.78e-05
TMEM249///FBXL6,0.4558073,1.09e-05,2.79e-05
CMTR2,-0.3964059,1.09e-05,2.79e-05
ATP5S,0.3879236,1.09e-05,2.8e-05
RORB,-0.4012927,1.09e-05,2.81e-05
TNFRSF10B,-0.24631636,9.47e-06,2.81e-05
PTK6,0.3339091,1.1e-05,2.82e-05
GPX4,0.3648909,1.1e-05,2.82e-05
LY6G6C,0.3590282,1.1e-05,2.83e-05
SLC27A4,0.3520177,1.1e-05,2.84e-05
EFNA5,-0.30914379,9.58e-06,2.84e-05
CABYR,-1.0881225,9.16e-07,2.84e-05
DRG1,0.3707123,1.11e-05,2.84e-05
IGSF11,0.312665,9.23e-07,2.85e-05
CD36,0.56800834,9.63e-06,2.85e-05
GLIPR1,-0.29224543,9.63e-06,2.85e-05
SIM1,0.3190268,1.12e-05,2.86e-05
MYO9B,0.36228,1.11e-05,2.86e-05
DSCR9,0.4029036,1.12e-05,2.86e-05
GUCY1B3,-0.5426309,1.11e-05,2.86e-05
BCOR///BCOR,0.4794459,1.12e-05,2.87e-05
ZNF410,-0.4769305,1.12e-05,2.88e-05
FAM58A,0.24526317,9.73e-06,2.88e-05
RNU5F-1,0.9045,1.13e-05,2.89e-05
TMPRSS6,0.3978295,1.13e-05,2.89e-05
CSTF2T,-0.3666464,1.13e-05,2.89e-05
PRSS33,0.3074091,1.13e-05,2.9e-05
HSD17B3,0.3336927,1.13e-05,2.9e-05
GLTSCR1L,0.3631464,1.13e-05,2.91e-05
CCR2,-0.8641423,1.14e-05,2.91e-05
TMCO1,0.4330636,1.14e-05,2.91e-05
ESPNL,0.3329,1.14e-05,2.91e-05
KLK11,0.9993464,1.14e-05,2.92e-05
PUS3,-0.6207445,1.14e-05,2.92e-05
LCK,-1.276865,9.54e-07,2.93e-05
CSTA,0.5630268,1.14e-05,2.93e-05
PTPRO,-0.6611445,1.14e-05,2.93e-05
TGM1,0.30476534,9.92e-06,2.93e-05
SHBG,0.3481014,1.15e-05,2.94e-05
MYH14,0.4299809,1.15e-05,2.94e-05
SLC5A5,-0.37291987,9.98e-06,2.95e-05
SPIRE1,0.28090586,9.97e-06,2.95e-05
TMEM110-MUSTN1///MUSTN1,-0.25709102,1e-05,2.95e-05
TUBA1A,-0.26459855,1e-05,2.95e-05
ARHGEF19,0.3028664,1.15e-05,2.95e-05
SCP2,-0.5294814,1.15e-05,2.95e-05
TRMO,-0.3500077,1.16e-05,2.96e-05
ATP5I,0.5500695,1.16e-05,2.96e-05
LRRK1,-0.21776498,1e-05,2.96e-05
SNORA70E,-0.21085398,1e-05,2.96e-05
KCTD21-AS1,0.3403668,1.16e-05,2.97e-05
GYPE,0.6688782,1.17e-05,2.98e-05
METTL1,0.7824241,1.17e-05,2.98e-05
FAM106CP///FAM106A,0.5921091,1.17e-05,2.99e-05
YWHAH,0.334505,1.17e-05,2.99e-05
HYKK,0.4084541,1.17e-05,2.99e-05
SDC2,-0.23662611,1.01e-05,2.99e-05
LOC541467,0.3874382,1.17e-05,3e-05
MLC1,0.3569173,1.18e-05,3.01e-05
PRM3,0.4493818,1.18e-05,3.02e-05
ODF3L2,0.3689486,1.18e-05,3.02e-05
DIAPH1,-0.4622941,1.19e-05,3.03e-05
H2AFZ,0.24207725,1.03e-05,3.03e-05
HYOU1,-0.47132,1.19e-05,3.05e-05
CHD5,0.3677777,1.19e-05,3.05e-05
STAU1,0.3071564,1.19e-05,3.05e-05
ANKRD20A11P,-0.31728308,1.04e-05,3.05e-05
EPS8L3,0.3475395,1.19e-05,3.05e-05
CACNA1C,-0.32475219,1.04e-05,3.06e-05
ZIC5,0.3219159,1.2e-05,3.06e-05
BRAT1,0.3179386,1.2e-05,3.07e-05
KRTAP3-1,0.288905,1.2e-05,3.07e-05
ARSI,0.4765414,1.21e-05,3.08e-05
CCNG2,-0.3697527,1.2e-05,3.08e-05
CASP4,-0.6027959,1.21e-05,3.09e-05
SLC6A8,0.5319005,1.21e-05,3.09e-05
PDCD1,-1.1344575,1.02e-06,3.1e-05
ADORA3,1.1827525,1.01e-06,3.1e-05
NENF,0.5327423,1.22e-05,3.12e-05
RWDD4,0.4003164,1.22e-05,3.12e-05
PLK1,-0.23487989,1.06e-05,3.12e-05
MAFF,0.27020472,1.06e-05,3.13e-05
TSSC1,0.3926,1.23e-05,3.13e-05
GINS4,-0.3114159,1.23e-05,3.13e-05
MTA2,0.2848277,1.23e-05,3.13e-05
DCAF15,0.478345,1.23e-05,3.13e-05
ZFP69,-0.3534568,1.23e-05,3.14e-05
GLCCI1,-0.34961666,1.07e-05,3.14e-05
C8ORF74,0.3724082,1.24e-05,3.15e-05
LINC00905,0.3826636,1.23e-05,3.15e-05
PPIAP30///PPIAL4C///PPIAL4A///PPIAL4G///PPIA,-0.3126455,1.24e-05,3.15e-05
BTNL3,0.4579525,1.04e-06,3.16e-05
HAMP,0.34565,1.24e-05,3.16e-05
CASKIN1,0.3232523,1.25e-05,3.18e-05
RCSD1,0.26665288,1.09e-05,3.19e-05
CTDSPL2,-0.32169,1.05e-06,3.19e-05
FAM21C,0.560255,1.05e-06,3.19e-05
AIDA,-0.4344955,1.25e-05,3.19e-05
NGB,0.3777709,1.27e-05,3.22e-05
TUSC3,-0.28708697,1.1e-05,3.23e-05
SLC25A29,0.4534991,1.27e-05,3.24e-05
C9ORF106,0.4344405,1.28e-05,3.25e-05
B3GLCT,-0.4570795,1.28e-05,3.25e-05
XK,0.3780055,1.28e-05,3.25e-05
EFNB3,-0.80776,1.08e-06,3.25e-05
PHF5A,0.4440168,1.28e-05,3.26e-05
TCP11X2///NXF2B///NXF2///NXF5///NXF2B///NXF2,-0.25927877,1.11e-05,3.26e-05
ACY3,0.4230973,1.28e-05,3.27e-05
DMRTC1B///DMRTC1,0.4217014,1.28e-05,3.27e-05
USP21,0.4559895,1.29e-05,3.28e-05
BOLA1,0.4405986,1.29e-05,3.28e-05
CLDND2,0.3823768,1.29e-05,3.28e-05
LOC100132217///LOC729737///LOC729218///LINC01000///LOC401357///LINC01061///LINC01002///LINC00999///LINC00265///LOC100132062///LINC01347///LINC01000,0.2801563,1.12e-05,3.29e-05
RPL37A,0.4827109,1.29e-05,3.29e-05
GOLGA2P6///MTPAP,-0.3396436,1.29e-05,3.29e-05
QSOX1,0.6608305,1.3e-05,3.3e-05
NFKB2,0.6410227,1.3e-05,3.3e-05
HIPK1,-0.22302398,1.13e-05,3.32e-05
GPR173,0.3689082,1.31e-05,3.32e-05
GOLGA2P5,-0.4740636,1.31e-05,3.33e-05
GRM1,0.3032791,1.32e-05,3.34e-05
MARCH11,0.21341066,1.14e-05,3.34e-05
SPRNP1,0.429975,1.31e-05,3.34e-05
SLC6A1,-0.26786018,1.14e-05,3.35e-05
MED24,0.3265755,1.32e-05,3.35e-05
PRKAG2,0.455275,1.12e-06,3.35e-05
TMEM44,0.8322325,1.11e-06,3.35e-05
FAM120B,-0.4502914,1.33e-05,3.36e-05
PACRGL,-0.22364512,1.15e-05,3.37e-05
MRPS25,-0.5063473,1.33e-05,3.37e-05
STUB1,0.30521,1.13e-06,3.38e-05
MAP3K13,-0.6680791,1.33e-05,3.38e-05
DCLRE1C,-0.4191786,1.33e-05,3.38e-05
CXCL9,1.3432164,1.33e-05,3.39e-05
SLC39A5,0.4042841,1.34e-05,3.4e-05
RHOU,0.23990786,1.16e-05,3.4e-05
PGGHG,0.37440985,1.16e-05,3.41e-05
VHL,0.4078441,1.34e-05,3.41e-05
HP,1.30715859,1.17e-05,3.41e-05
INS-IGF2///INS///IGF2,0.3289545,1.35e-05,3.42e-05
ADORA1,0.3835209,1.35e-05,3.42e-05
PGAM2,0.386535,1.35e-05,3.42e-05
NMT2,-0.5111236,1.35e-05,3.43e-05
DPYS,-0.32753023,1.17e-05,3.43e-05
HES2,-0.9481925,1.16e-06,3.44e-05
NGDN,0.22250743,1.18e-05,3.44e-05
TOX3,-0.29761175,1.18e-05,3.44e-05
RHOH,-1.12052,1.16e-06,3.44e-05
FAM120A,-0.3170986,1.36e-05,3.44e-05
LINC00951,0.3887264,1.36e-05,3.45e-05
ZNF485,-0.4104523,1.36e-05,3.45e-05
FDCSP,-0.31827604,1.19e-05,3.46e-05
CD164L2,-0.27635604,1.19e-05,3.47e-05
GPRIN1,0.3770132,1.37e-05,3.48e-05
ARGLU1,-0.3799655,1.37e-05,3.48e-05
PPP1R2,-0.2789527,1.38e-05,3.49e-05
SLC44A3,0.6550064,1.38e-05,3.49e-05
STYXL1,-0.26804986,1.2e-05,3.5e-05
MIR92A2,-0.2935868,1.39e-05,3.51e-05
TMEM221,0.4123577,1.39e-05,3.51e-05
TRIB2,0.2313143,1.21e-05,3.53e-05
KBTBD7,-0.4305055,1.4e-05,3.53e-05
C1ORF105,0.3059073,1.4e-05,3.53e-05
GTF3C2,0.2378577,1.4e-05,3.53e-05
PARP6,0.3621175,1.2e-06,3.53e-05
MAP3K10,0.3247205,1.4e-05,3.53e-05
POGK,0.450825,1.2e-06,3.53e-05
FAM21A,0.50171,1.2e-06,3.54e-05
ST8SIA5,0.3106332,1.4e-05,3.54e-05
ASB11,0.3770295,1.4e-05,3.55e-05
CLK2,0.2695382,1.4e-05,3.55e-05
PPP1R16B,0.5151732,1.41e-05,3.57e-05
CREM,-0.46801,1.41e-05,3.57e-05
IL1R1,-0.60866,1.41e-05,3.57e-05
LRRC10,0.3716014,1.42e-05,3.58e-05
PHEX,0.9353825,1.22e-06,3.59e-05
ANKRD61,0.4322045,1.42e-05,3.59e-05
TMEM200B,0.2645645,1.42e-05,3.59e-05
POTEF///POTEM///POTEE///POTEKP,0.3092086,1.42e-05,3.59e-05
FAM173A,0.4019627,1.43e-05,3.61e-05
DHRS2,0.3681432,1.43e-05,3.61e-05
ZNF500,0.3967818,1.43e-05,3.62e-05
WNT4,0.4266473,1.43e-05,3.62e-05
MARCO,-1.0528055,1.43e-05,3.62e-05
CCNB3///BCOR,0.4419723,1.44e-05,3.63e-05
MROH6,0.4746418,1.44e-05,3.63e-05
CBX5,-0.3386105,1.44e-05,3.64e-05
NT5C3A,-0.4879455,1.44e-05,3.64e-05
TIMM23,0.4217041,1.44e-05,3.64e-05
TSNAX-DISC1///DISC1,-0.3166636,1.44e-05,3.64e-05
RBP1,-0.23062002,1.25e-05,3.64e-05
PMS2P9///PMS2P7///PMS2P6///DTX2P1-UPK3BP1-PMS2P11///LOC441259///PMS2///PMS2P3///PMS2P5///PMS2P4///PMS2P1///PMS2P6///PMS2P3///PMS2P2///PMS2P1,-0.26895554,1.26e-05,3.65e-05
CPOX,-0.2849009,1.45e-05,3.65e-05
TBX21,0.3842505,1.45e-05,3.66e-05
KIF2B,0.3539559,1.46e-05,3.67e-05
SNAI2,0.8097623,1.46e-05,3.67e-05
GPR63,0.4493005,1.45e-05,3.67e-05
TEAD2,0.4059845,1.46e-05,3.68e-05
FNIP2,0.22263201,1.27e-05,3.69e-05
PCDH11Y,0.3966075,1.27e-06,3.7e-05
TBC1D20,0.5009875,1.27e-06,3.71e-05
UBASH3A,-0.90869,1.27e-06,3.71e-05
GS52,0.3859845,1.47e-05,3.71e-05
LOC102725072///POM121L10P///POM121L8P///POM121L1P,0.3958827,1.47e-05,3.71e-05
C10ORF25,0.3954427,1.48e-05,3.73e-05
TMEM229B,0.66194,1.48e-05,3.73e-05
FAM110D,0.3007623,1.48e-05,3.73e-05
ANAPC10,0.21164074,1.29e-05,3.74e-05
ZNRF1,0.3686977,1.49e-05,3.74e-05
SRRM3,-0.4975675,1.29e-06,3.74e-05
KIF2C,-0.3285886,1.49e-05,3.75e-05
KIAA0355,0.22359909,1.29e-05,3.75e-05
TBC1D4,0.24219614,1.29e-05,3.76e-05
PAX8,0.3848032,1.49e-05,3.76e-05
CYP2W1,0.3605118,1.51e-05,3.79e-05
LMNTD2,0.3431432,1.51e-05,3.8e-05
CAPNS1,0.3994175,1.31e-06,3.8e-05
UBTD2,-0.3140182,1.51e-05,3.81e-05
TGFBRAP1,0.3950973,1.52e-05,3.82e-05
SYT16,-0.3977345,1.52e-05,3.82e-05
SYDE2,0.739735,1.32e-06,3.82e-05
PTRH1,0.3464914,1.53e-05,3.84e-05
DECR1,-0.3648427,1.53e-05,3.85e-05
SETD3,0.39275,1.53e-05,3.85e-05
LOC102723968,0.4159977,1.54e-05,3.86e-05
FCRLA,-0.41158087,1.33e-05,3.86e-05
C1QTNF3-AMACR///AMACR,-0.20545458,1.34e-05,3.87e-05
ZNF318,-0.3051545,1.54e-05,3.87e-05
CPZ,-1.5819025,1.35e-06,3.88e-05
OCLN,0.816515,1.35e-06,3.89e-05
SOSTDC1,1.8730009,1.56e-05,3.9e-05
KRT83,0.3551805,1.55e-05,3.9e-05
OAS1,0.6916259,1.55e-05,3.9e-05
C14ORF180,0.3591827,1.55e-05,3.9e-05
ST14,-0.30125012,1.35e-05,3.91e-05
CEACAM3,0.4299968,1.56e-05,3.91e-05
SPATA25,0.4647836,1.56e-05,3.91e-05
PAX4,0.292225,1.56e-05,3.91e-05
SPATC1L,0.3611668,1.56e-05,3.91e-05
SERINC4,0.3332314,1.57e-05,3.93e-05
LINC00479,0.3420877,1.57e-05,3.93e-05
VAMP3,0.47652,1.38e-06,3.94e-05
HLA-DRA///HLA-DQA1,0.4600864,1.57e-05,3.95e-05
KLHL3,-0.35940673,1.37e-05,3.95e-05
TAS2R60,0.495865,1.58e-05,3.95e-05
PRPF3,-0.3138768,1.58e-05,3.96e-05
CELF5,0.3877391,1.59e-05,3.99e-05
GATA1,0.3457727,1.6e-05,4e-05
RTN4,-0.3373341,1.6e-05,4e-05
RCOR2,0.3785668,1.6e-05,4e-05
REPIN1,0.4104859,1.6e-05,4.01e-05
ASPHD2,-0.610035,1.4e-06,4.01e-05
LOC100132099,-0.4035077,1.61e-05,4.03e-05
FGFR1,0.5143527,1.61e-05,4.04e-05
ZNF185,0.3896014,1.61e-05,4.04e-05
CDO1,0.34693158,1.4e-05,4.05e-05
CEP164,-0.27302,1.62e-05,4.06e-05
IFRD2,0.4304664,1.62e-05,4.06e-05
SLC34A1,0.3413268,1.62e-05,4.06e-05
KRTAP4-5,0.22609917,1.41e-05,4.08e-05
CES5A,0.353615,1.63e-05,4.09e-05
LATS2,0.3686623,1.64e-05,4.09e-05
AGVR6190,0.397855,1.64e-05,4.1e-05
TBC1D9,-0.4878227,1.64e-05,4.1e-05
DEFB109P1B///DEFB109P1,0.5079336,1.64e-05,4.1e-05
SLC15A2,-0.8922055,1.64e-05,4.1e-05
NCR3LG1,0.29943397,1.42e-05,4.1e-05
DIABLO,0.3213109,1.64e-05,4.1e-05
NAV3,-0.8939055,1.65e-05,4.11e-05
LY6H,0.3784818,1.65e-05,4.11e-05
RAET1L,0.4159055,1.65e-05,4.11e-05
PEAK1,0.591975,1.45e-06,4.13e-05
DDIT4L,-0.25946446,1.44e-05,4.14e-05
PAK2,-0.5321109,1.66e-05,4.15e-05
SCOC-AS1,0.4170195,1.66e-05,4.15e-05
LOC100506990,-0.58943019,1.44e-05,4.15e-05
CELA3B,0.3429618,1.67e-05,4.17e-05
CCL25,0.3148541,1.67e-05,4.17e-05
TM4SF19-TCTEX1D2///TM4SF19,-0.9931559,1.68e-05,4.18e-05
PPM1L,0.20810755,1.46e-05,4.19e-05
DPYSL4,0.3703818,1.68e-05,4.19e-05
ONECUT2,0.3884191,1.69e-05,4.2e-05
AIM1L,0.3616532,1.69e-05,4.2e-05
C3P1,0.4092886,1.68e-05,4.2e-05
EBF3,-0.23691231,1.46e-05,4.2e-05
KIAA0895,-0.24110537,1.46e-05,4.2e-05
MMP17,0.322495,1.69e-05,4.21e-05
CLC,0.8789186,1.69e-05,4.21e-05
ZNF664-FAM101A///FAM101A,0.3900341,1.69e-05,4.22e-05
FAM86EP,0.3413627,1.7e-05,4.23e-05
TMEM89,0.3439209,1.71e-05,4.25e-05
TESK2,0.3920641,1.71e-05,4.25e-05
MRGPRX2,0.5161436,1.7e-05,4.25e-05
OR6K3,0.4164564,1.71e-05,4.26e-05
LY6D,0.3587986,1.71e-05,4.26e-05
ZSCAN16,-0.4887195,1.71e-05,4.26e-05
WTIP,0.3916059,1.71e-05,4.27e-05
CTPS2,-0.3308405,1.72e-05,4.27e-05
GDNF,0.408785,1.71e-05,4.27e-05
NAV1,0.5056705,1.72e-05,4.28e-05
AKAP17A///ASMT,0.3288091,1.72e-05,4.28e-05
SENP3-EIF4A1///SENP3,0.3323886,1.72e-05,4.29e-05
POLR3A,-0.4713695,1.73e-05,4.3e-05
ITGB3BP,-0.6088995,1.73e-05,4.3e-05
GZMA,0.87682,1.73e-05,4.3e-05
SNORD94,0.5629341,1.74e-05,4.32e-05
KIF1A,0.367525,1.74e-05,4.32e-05
BCAP29,0.21637201,1.51e-05,4.34e-05
SOX1,0.3046164,1.75e-05,4.35e-05
COL9A2,-0.328255,1.54e-06,4.35e-05
LOC79999,0.3545882,1.75e-05,4.36e-05
DEFB123,0.3157177,1.76e-05,4.37e-05
UTP4,0.27544577,1.52e-05,4.37e-05
ANKRD13B,0.3153668,1.76e-05,4.37e-05
SSTR5,0.364545,1.76e-05,4.37e-05
FTCD,0.3163582,1.76e-05,4.38e-05
ZNF480,-0.3967282,1.76e-05,4.38e-05
PITPNC1,0.6809514,1.76e-05,4.38e-05
PLAC8,1.0129941,1.77e-05,4.39e-05
IGHMBP2,0.27358,1.77e-05,4.4e-05
MAP10,-0.3025832,1.78e-05,4.42e-05
OSM,0.4643,1.78e-05,4.42e-05
SLC26A6,0.3076486,1.78e-05,4.42e-05
GNB5,-0.2366282,1.78e-05,4.42e-05
TTC41P,-0.8353641,1.78e-05,4.43e-05
MAGIX,0.4311368,1.79e-05,4.43e-05
HEATR4,0.4459491,1.78e-05,4.43e-05
PMF1-BGLAP///PMF1,0.5146055,1.78e-05,4.43e-05
PCDHB3,-0.30618795,1.55e-05,4.44e-05
STX6,-0.3399459,1.8e-05,4.46e-05
LOC440313,0.4642041,1.8e-05,4.46e-05
CD180,-0.8826782,1.8e-05,4.46e-05
GSR,-0.3078727,1.81e-05,4.48e-05
CD248,-0.36812787,1.56e-05,4.49e-05
LRRC24,0.4341564,1.81e-05,4.49e-05
CATSPERB,-1.1066414,1.81e-05,4.49e-05
LINC01356,0.5023468,1.82e-05,4.5e-05
LINC00910,0.4416114,1.82e-05,4.5e-05
TOM1L1,-0.5981759,1.82e-05,4.5e-05
CLDN3,-0.28165797,1.57e-05,4.51e-05
MRPL2,-0.4946055,1.82e-05,4.51e-05
FXR2,0.2425086,1.82e-05,4.51e-05
JOSD1,0.23115218,1.57e-05,4.52e-05
CXCR4,-0.8565518,1.83e-05,4.53e-05
HAUS7///TREX2,0.2668914,1.83e-05,4.53e-05
WNK1,0.481935,1.62e-06,4.54e-05
GPNMB,-0.6975118,1.83e-05,4.54e-05
LRRC52,0.3366645,1.83e-05,4.54e-05
CPN2,0.5249823,1.83e-05,4.54e-05
CERS1///GDF1///CERS1///GDF1,0.2987586,1.84e-05,4.55e-05
PAX1,0.4093723,1.85e-05,4.58e-05
FOXG1,0.3265418,1.85e-05,4.59e-05
PLP1,-0.23490539,1.6e-05,4.6e-05
ZXDA,0.5134982,1.86e-05,4.6e-05
FAM178B,0.3250327,1.87e-05,4.62e-05
TM2D3,-0.2989232,1.87e-05,4.62e-05
CCAR2,0.2962832,1.87e-05,4.64e-05
GFAP,0.4039495,1.88e-05,4.64e-05
SLC12A5,0.3646814,1.87e-05,4.64e-05
MRRF,-0.4696573,1.88e-05,4.64e-05
SNORA70B,-0.4906814,1.88e-05,4.64e-05
RTP4,-0.2637309,1.63e-05,4.67e-05
CDIPT,0.6908,1.89e-05,4.67e-05
IL21R,0.4610936,1.89e-05,4.68e-05
TRIM15,0.3655177,1.89e-05,4.68e-05
SPSB1,0.8879905,1.9e-05,4.7e-05
OR2AT4,0.3297186,1.9e-05,4.7e-05
FAM200A,-0.4572968,1.9e-05,4.7e-05
RANBP9,-0.3331159,1.91e-05,4.71e-05
FAM193A,0.3392736,1.91e-05,4.73e-05
HIST1H4I,0.4093505,1.91e-05,4.73e-05
POLE2,0.5167568,1.92e-05,4.74e-05
HNRNPA3P1,-0.534255,1.92e-05,4.74e-05
RBM5,-0.404985,1.92e-05,4.74e-05
PDCL2,0.3905491,1.93e-05,4.75e-05
SOAT2,0.3203459,1.92e-05,4.75e-05
LOC400446,0.3704495,1.92e-05,4.75e-05
TGFB1,0.5149336,1.93e-05,4.76e-05
MCCD1,0.3670432,1.93e-05,4.77e-05
IST1,-0.4716836,1.94e-05,4.77e-05
TTC7B,0.4996918,1.94e-05,4.77e-05
RAD51L3-RFFL///RFFL,0.4081205,1.94e-05,4.78e-05
CYP4B1,1.07926,1.94e-05,4.79e-05
ARHGAP22,-0.934315,1.73e-06,4.8e-05
A3GALT2,0.4381314,1.96e-05,4.83e-05
LAD1,0.4416595,1.96e-05,4.83e-05
CGB2///CGB1///CGB8///CGB7///CGB5///LHB///CGB3///CGB7,0.2630714,1.96e-05,4.83e-05
MC1R,0.3016309,1.96e-05,4.83e-05
ITGAM,0.34577505,1.69e-05,4.84e-05
COPZ2,-0.24887097,1.69e-05,4.84e-05
N4BP1,0.49845,1.76e-06,4.87e-05
SMOC1,-0.2301376,1.7e-05,4.87e-05
TEX19,0.4590709,1.98e-05,4.88e-05
BMP8B,0.4051373,1.98e-05,4.88e-05
SH3BGRL2,0.4529225,1.77e-06,4.9e-05
TECPR1,0.6020875,1.77e-06,4.9e-05
HPGD,0.79902138,1.71e-05,4.9e-05
LINC00476,0.3152482,1.99e-05,4.9e-05
SCAF4,0.2864391,1.99e-05,4.9e-05
CHRNA5,-0.5760273,2e-05,4.91e-05
AP1G1,-0.4042532,2e-05,4.92e-05
CCDC140,0.35411,2e-05,4.92e-05
MRGPRE,0.3692573,2.01e-05,4.94e-05
CCNE2,-0.5570441,2.01e-05,4.94e-05
TMEM155,-0.818355,1.79e-06,4.94e-05
SYT5,0.3569132,2.01e-05,4.95e-05
EBPL,0.4814591,2.01e-05,4.95e-05
KRTAP19-2,0.3460555,2.01e-05,4.95e-05
CYP2B7P,1.0498359,2.01e-05,4.95e-05
AKT3,0.28917656,1.73e-05,4.96e-05
CCR4,-0.40547406,1.73e-05,4.96e-05
IDO2,0.4807195,2.02e-05,4.97e-05
PRKX,0.27977,2.02e-05,4.97e-05
OR10H3,0.3832859,2.03e-05,4.98e-05
TSPAN8,-0.68302285,1.74e-05,4.98e-05
NEDD4L,1.1535425,1.81e-06,4.98e-05
NUDT18,0.3343909,2.03e-05,4.99e-05
LOC642696,0.4469286,2.03e-05,4.99e-05
OR56B4,0.4501759,2.03e-05,4.99e-05
FZD9,0.40162,2.03e-05,5e-05
RPN2,-0.4797155,2.04e-05,5.02e-05
CPLX1,0.3719686,2.05e-05,5.03e-05
UQCRH,-0.4139095,2.05e-05,5.03e-05
C19ORF67,0.3281809,2.05e-05,5.04e-05
HES7,0.3187218,2.06e-05,5.05e-05
FXYD4,0.7742425,1.84e-06,5.05e-05
ZNF718,-0.6502159,2.06e-05,5.05e-05
GALP,0.36464,2.06e-05,5.05e-05
RIMS4,0.2825105,2.06e-05,5.05e-05
TXLNA,-0.3863073,2.06e-05,5.06e-05
SLC44A5,-0.47033565,1.77e-05,5.06e-05
SPRR1A,-2.097225,1.85e-06,5.06e-05
KRTAP9-1,0.4331,2.07e-05,5.09e-05
BRD7P3,-0.460225,2.08e-05,5.1e-05
HOXD11,0.3482705,2.08e-05,5.1e-05
GNG8,0.363435,2.08e-05,5.11e-05
CHRNE,0.3824227,2.09e-05,5.12e-05
ATP2C2,0.34142881,1.8e-05,5.13e-05
SRGAP1,-0.6525841,2.09e-05,5.13e-05
TAF8,0.3228168,2.1e-05,5.15e-05
OTOA,0.3496686,2.1e-05,5.15e-05
TRO,-0.962325,1.9e-06,5.16e-05
TRMT61B,-0.5207232,2.1e-05,5.16e-05
MPPE1,0.4142823,2.11e-05,5.17e-05
TMEM260,-0.344885,2.11e-05,5.17e-05
DENND4A,-0.5153859,2.12e-05,5.19e-05
FAM49A,0.23537613,1.82e-05,5.19e-05
TUBBP5,0.4160186,2.12e-05,5.19e-05
CCDC122,-0.5437677,2.12e-05,5.19e-05
CCDC43,-0.4753173,2.12e-05,5.19e-05
ASIP,0.3457127,2.12e-05,5.2e-05
NHLH1,0.3835005,2.13e-05,5.22e-05
PDZD11,0.4151309,2.13e-05,5.22e-05
MMP11,-2.436065,1.93e-06,5.22e-05
MFSD2B,0.6369136,2.13e-05,5.23e-05
PRR5,-0.397135,1.95e-06,5.25e-05
NDOR1,0.3553955,2.14e-05,5.25e-05
GBA3,0.511385,1.96e-06,5.27e-05
CYP4F2,0.3858664,2.15e-05,5.27e-05
CDV3,0.4095168,2.15e-05,5.27e-05
TSNARE1,0.3428482,2.15e-05,5.27e-05
NOD1,0.37505,2.15e-05,5.27e-05
CCL8,-0.61268645,1.85e-05,5.27e-05
IPO9,-0.4506527,2.16e-05,5.28e-05
RTP2,0.3368659,2.16e-05,5.29e-05
OAF,-0.787285,1.97e-06,5.3e-05
SAE1,-0.2515209,2.17e-05,5.31e-05
SLC30A1,-0.33305358,1.87e-05,5.34e-05
DOCK2,-0.7252423,2.19e-05,5.35e-05
SEPT10,0.49305,1.99e-06,5.35e-05
NRXN3,-0.26676672,1.89e-05,5.37e-05
MOCS2,-0.4991,2.2e-05,5.39e-05
CORIN,-0.44518482,1.9e-05,5.4e-05
ZNF555,-0.4673695,2.21e-05,5.41e-05
CYP26B1,0.4983477,2.22e-05,5.42e-05
LINC00578,-1.383315,2.03e-06,5.43e-05
MTHFD1L,-0.44957,2.04e-06,5.43e-05
LOC100129449,0.3826505,2.22e-05,5.43e-05
PRDM13,0.3312,2.22e-05,5.43e-05
C8ORF86,0.3684586,2.23e-05,5.46e-05
BTF3P11,0.3156623,2.24e-05,5.47e-05
NUDT8,0.4021068,2.24e-05,5.47e-05
VAMP4,0.4671818,2.25e-05,5.49e-05
SOWAHA,0.3435923,2.26e-05,5.52e-05
KCTD20,-0.4163036,2.26e-05,5.53e-05
H2AFJ,0.315095,2.08e-06,5.53e-05
MFHAS1,0.4377791,2.27e-05,5.54e-05
MIR101-2,-0.8935541,2.27e-05,5.55e-05
EDN3,0.3537441,2.27e-05,5.55e-05
LSM7,0.4627295,2.27e-05,5.55e-05
C1ORF43,0.428575,2.1e-06,5.56e-05
AR,-0.24411347,1.96e-05,5.56e-05
LY6E,0.7534982,2.28e-05,5.57e-05
CD160,0.4995382,2.29e-05,5.58e-05
HAND1,0.4143682,2.29e-05,5.59e-05
LOC388242,-0.7526325,2.12e-06,5.59e-05
KMT5C,0.2871932,2.3e-05,5.6e-05
CHADL,0.3290891,2.29e-05,5.6e-05
SSX2B///SSX4B///SSX8///SSX7///SSX6///SSX3///SSX4///SSX5///SSX2///SSX1///SSX2B///SSX2,0.2610586,2.3e-05,5.61e-05
GRM8,0.3575864,2.3e-05,5.61e-05
SMYD2,-0.25846158,1.98e-05,5.61e-05
SPTBN4,0.3155227,2.3e-05,5.62e-05
APOA4,0.2985891,2.31e-05,5.62e-05
SEPT5-GP1BB///SEPT5///GP1BB,0.34252,2.31e-05,5.63e-05
HADHB,-0.5442841,2.31e-05,5.63e-05
SP100,-0.5588209,2.31e-05,5.64e-05
MAGED4B,-0.8200125,2.14e-06,5.64e-05
RBBP9,0.3755005,2.32e-05,5.65e-05
TDRG1,0.4043136,2.32e-05,5.66e-05
DDX58,-0.6940977,2.33e-05,5.68e-05
DEF6,-0.695075,2.15e-06,5.68e-05
LCP1,-0.7983764,2.33e-05,5.68e-05
OR4D5,0.3179159,2.33e-05,5.68e-05
NR5A1,0.3424341,2.33e-05,5.68e-05
STK35,0.3882041,2.34e-05,5.69e-05
SDCBP,-0.4258909,2.34e-05,5.7e-05
FHIT,0.3251641,2.35e-05,5.71e-05
XIRP1,0.3758145,2.35e-05,5.72e-05
ALDH3A2,-0.5437755,2.35e-05,5.72e-05
LCN10,0.3285236,2.35e-05,5.74e-05
NRXN2,-0.8179225,2.19e-06,5.76e-05
C2ORF70,0.3434927,2.37e-05,5.77e-05
KRTAP26-1,0.4443236,2.37e-05,5.78e-05
WSB1,-0.4978591,2.37e-05,5.78e-05
UAP1,-0.8263591,2.37e-05,5.78e-05
MMEL1,0.3527032,2.38e-05,5.79e-05
C6ORF52,-0.24947837,2.04e-05,5.8e-05
DIRAS3,-0.9121125,2.21e-06,5.8e-05
CCSER2,-0.4394823,2.38e-05,5.8e-05
PKIB,-0.4808127,2.39e-05,5.81e-05
GGT5,-0.7086182,2.39e-05,5.82e-05
CCR5,-1.5909175,2.22e-06,5.82e-05
XPO4,-0.541335,2.4e-05,5.84e-05
ACBD7,-0.22905231,2.06e-05,5.84e-05
EIF5A2,-0.48451,2.24e-06,5.86e-05
CHIA,0.9887009,2.41e-05,5.87e-05
FBXO3,-0.3453836,2.41e-05,5.87e-05
TBX19,0.3355159,2.42e-05,5.87e-05
MBLAC1,0.3060586,2.42e-05,5.88e-05
DCAF1,-0.39294,2.42e-05,5.88e-05
BAHCC1,0.3667282,2.42e-05,5.89e-05
PPP1R2P9,0.4250623,2.42e-05,5.89e-05
CASP10,-0.4659141,2.43e-05,5.91e-05
SLCO1B3,-1.2979455,2.44e-05,5.92e-05
SLC13A5,0.3250277,2.43e-05,5.92e-05
POC1B,-0.21942264,2.09e-05,5.92e-05
IGKV2-24,-1.8194325,2.27e-06,5.92e-05
LRRC38,0.3694736,2.44e-05,5.93e-05
RPL13AP5,0.3891864,2.45e-05,5.94e-05
KRT37,0.3302541,2.45e-05,5.95e-05
KRTAP11-1,0.3752977,2.46e-05,5.96e-05
SNORA58,-0.4250477,2.46e-05,5.98e-05
KIFC2,0.3072495,2.46e-05,5.98e-05
CPNE5,-1.619255,2.3e-06,5.98e-05
CLEC6A,0.9078636,2.46e-05,5.98e-05
GRIN1,0.3723314,2.46e-05,5.98e-05
LRRC26,0.3740382,2.46e-05,5.98e-05
EMC8///EMC8,0.3527614,2.47e-05,5.99e-05
FSCN3,0.3476823,2.47e-05,5.99e-05
LRRC59,0.2864673,2.12e-05,6e-05
WDR72,0.22776445,2.12e-05,6.01e-05
C4B,-1.1796475,2.31e-06,6.01e-05
UBASH3B,0.39006396,2.13e-05,6.02e-05
SNORD52,-0.5761905,2.48e-05,6.02e-05
DPPA3,0.3450923,2.49e-05,6.04e-05
MORC2,-0.3745909,2.49e-05,6.04e-05
KLHL17,0.3314627,2.49e-05,6.04e-05
TMEM86A,0.386185,2.5e-05,6.06e-05
SMPD2,-0.37939312,2.14e-05,6.06e-05
OSBP,-0.2926623,2.5e-05,6.07e-05
TRAF1,-0.28220711,2.15e-05,6.07e-05
ANK1,-0.60887,2.34e-06,6.07e-05
PSG6,0.4292632,2.5e-05,6.08e-05
PTGES2,0.3416041,2.51e-05,6.09e-05
SCRN2,0.3827077,2.51e-05,6.09e-05
FAM87A,0.3641591,2.51e-05,6.09e-05
MYL7,0.3678809,2.52e-05,6.1e-05
SH2B1,0.3698182,2.52e-05,6.1e-05
NPPC,0.4357127,2.52e-05,6.11e-05
ZC3H12A,0.31137974,2.16e-05,6.11e-05
LIN28A,0.4037473,2.52e-05,6.12e-05
FGG,1.0942957,2.17e-05,6.12e-05
SALL4,-0.6977325,2.36e-06,6.13e-05
TMEM190,-0.26550386,2.17e-05,6.13e-05
KCTD17,0.2790968,2.53e-05,6.14e-05
SSBP3-AS1,0.3883482,2.55e-05,6.17e-05
HES5,0.3522055,2.54e-05,6.17e-05
HOXB3,-0.24346089,2.19e-05,6.18e-05
MVK,0.3959373,2.55e-05,6.19e-05
CLIC2,0.36601534,2.2e-05,6.19e-05
KRTAP27-1,0.4026009,2.55e-05,6.19e-05
IFFO2,0.3442082,2.56e-05,6.2e-05
GNPNAT1,-0.4893055,2.56e-05,6.21e-05
OR1M1,0.4228364,2.57e-05,6.21e-05
GAL3ST3,0.3954914,2.57e-05,6.22e-05
IL4I1,-2.2198325,2.4e-06,6.22e-05
STIM1,0.3326373,2.58e-05,6.24e-05
SAA2,-2.2770886,2.58e-05,6.24e-05
OR5A2,0.4002855,2.59e-05,6.26e-05
CD84,-0.6947841,2.6e-05,6.28e-05
CD22,0.6719186,2.61e-05,6.3e-05
GGNBP1,0.2786441,2.62e-05,6.33e-05
PAPD7,0.3281995,2.62e-05,6.34e-05
LOC729080///GCSH,-0.3799309,2.62e-05,6.34e-05
KCND3,-0.30348741,2.25e-05,6.35e-05
NSMCE3,0.2756745,2.63e-05,6.36e-05
GSDMD,0.4894327,2.64e-05,6.38e-05
ARAF,0.3895641,2.65e-05,6.41e-05
ERLIN1,-0.4309891,2.65e-05,6.41e-05
DR1,0.2333414,2.65e-05,6.41e-05
ATG3,0.20585507,2.29e-05,6.44e-05
DMRTC2,0.3716936,2.68e-05,6.46e-05
KRT23,-0.52470468,2.3e-05,6.48e-05
TCEAL7,0.3468286,2.68e-05,6.48e-05
KCNK1,-0.5571623,2.68e-05,6.48e-05
TELO2,0.3774686,2.69e-05,6.49e-05
MED28,0.3674245,2.69e-05,6.49e-05
TREML4,0.24264255,2.31e-05,6.49e-05
ARHGAP23,0.4415841,2.69e-05,6.49e-05
DNAJA1,-0.4673573,2.7e-05,6.51e-05
MAGOH,-0.5032632,2.7e-05,6.51e-05
SLC7A6OS,-0.3548645,2.7e-05,6.51e-05
ZNF449,-0.5274355,2.69e-05,6.51e-05
LIPE,0.4581218,2.7e-05,6.52e-05
ANKRD2,0.385805,2.53e-06,6.52e-05
PAEP,0.3356105,2.71e-05,6.53e-05
ARL4C,-0.3684323,2.71e-05,6.53e-05
MTNR1B,0.3482873,2.71e-05,6.54e-05
DNAJC11,-0.3147259,2.71e-05,6.54e-05
PLCB2,0.3867664,2.71e-05,6.54e-05
CYP27B1,0.3789473,2.71e-05,6.55e-05
LOC401357,0.3731391,2.73e-05,6.57e-05
HBM,0.3597482,2.73e-05,6.57e-05
PGM1,0.3570527,2.73e-05,6.57e-05
APC2,0.3610836,2.73e-05,6.57e-05
SLC4A3,0.3432373,2.72e-05,6.57e-05
NDUFS3,0.5738791,2.72e-05,6.57e-05
TAL2,0.3323136,2.73e-05,6.58e-05
PSORS1C2///PSORS1C1///CDSN,0.3048786,2.73e-05,6.58e-05
EXOSC2,0.464785,2.73e-05,6.58e-05
ERV3-1,-0.30292609,2.35e-05,6.59e-05
OSTCP1,0.4235559,2.74e-05,6.59e-05
GAS2L2,-0.27012398,2.34e-05,6.59e-05
ZBTB32,-1.41213,2.58e-06,6.64e-05
TLE6,0.3309536,2.76e-05,6.64e-05
ZNF683,0.3391141,2.76e-05,6.65e-05
SPDEF,-0.22441158,2.37e-05,6.66e-05
CC2D1A,0.2750345,2.77e-05,6.66e-05
LCE3E,0.3408523,2.77e-05,6.67e-05
KIAA0513,0.3802114,2.77e-05,6.67e-05
NCAPH,-0.25258423,2.38e-05,6.67e-05
THEMIS,-0.46971723,2.37e-05,6.67e-05
EEF1D,-0.4069482,2.77e-05,6.67e-05
CACNB2,-0.4579805,2.78e-05,6.68e-05
C19ORF44,0.2371682,2.78e-05,6.69e-05
NME2,0.7348564,2.78e-05,6.69e-05
CCDC57,0.71434,2.62e-06,6.72e-05
KRT26,0.3053668,2.8e-05,6.72e-05
MMP14,-0.4741186,2.8e-05,6.73e-05
KRT73,0.3816386,2.8e-05,6.73e-05
SH3GL3,0.375005,2.8e-05,6.73e-05
ZNF506,-0.20913208,2.4e-05,6.73e-05
RCVRN,0.434655,2.8e-05,6.74e-05
MARK2,0.3863318,2.8e-05,6.74e-05
CDT1,0.307595,2.81e-05,6.76e-05
ALKBH4,0.3539836,2.81e-05,6.76e-05
CACNA1A,0.2935564,2.82e-05,6.77e-05
PSMB9,0.6362236,2.82e-05,6.78e-05
SUSD3,-0.88431,2.65e-06,6.78e-05
TAGLN,-0.7302509,2.82e-05,6.78e-05
CLIP3,0.3774491,2.83e-05,6.79e-05
LILRB5,0.4496577,2.83e-05,6.8e-05
SLC25A47,0.3076873,2.83e-05,6.8e-05
OR2V1,0.3744259,2.83e-05,6.8e-05
SLC6A19,0.3176323,2.83e-05,6.81e-05
SLC12A4,0.3994595,2.84e-05,6.82e-05
GPR18,0.4011423,2.84e-05,6.82e-05
MBD3,0.4107709,2.85e-05,6.84e-05
ZNF550,-0.21514808,2.44e-05,6.85e-05
SARM1,0.2794691,2.85e-05,6.85e-05
GAS5///SNORD47,0.6227864,2.86e-05,6.86e-05
APOF,0.3613159,2.86e-05,6.86e-05
CD9,-0.20524206,2.45e-05,6.86e-05
ALDOC,0.2613665,2.45e-05,6.87e-05
SNX18,0.4097609,2.87e-05,6.89e-05
WISP1,0.39740631,2.46e-05,6.9e-05
C1ORF167,0.3315264,2.89e-05,6.92e-05
KLRC1,0.26763892,2.47e-05,6.94e-05
GDPD1,-0.25149683,2.48e-05,6.94e-05
R3HDML,0.3008623,2.9e-05,6.94e-05
ILDR2,0.4638036,2.9e-05,6.96e-05
PRSS2///PRSS3P2///PRSS2,-0.40415546,2.49e-05,6.97e-05
HAUS5,0.3292173,2.92e-05,6.99e-05
PRM2,0.2805727,2.92e-05,6.99e-05
PPIH,-0.3893868,2.91e-05,6.99e-05
SPCS2///SPCS2,-0.3685464,2.92e-05,6.99e-05
PROKR2,0.3793109,2.92e-05,6.99e-05
RBBP8NL,0.3389473,2.93e-05,7.01e-05
MAST4,0.2463741,2.93e-05,7.01e-05
KCNQ3,0.32189285,2.51e-05,7.02e-05
RXFP4,0.36767,2.93e-05,7.02e-05
PARP10,0.2887173,2.93e-05,7.02e-05
RNA28S5///RNA18S5///RNA5-8S5,-0.1622818,2.94e-05,7.05e-05
CEP85,-0.3512405,2.95e-05,7.06e-05
FOLH1B///FOLH1,-0.61772,2.95e-05,7.06e-05
NPC2,0.7083455,2.96e-05,7.07e-05
CD276,0.4096373,2.97e-05,7.1e-05
LRRC37A2///LRRC37A6P///LRRC37A3///LRRC37A4P///LRRC37A///LRRC37A2,-0.25120189,2.55e-05,7.12e-05
IVD,0.21104346,2.54e-05,7.12e-05
MAT2A,0.22839988,2.55e-05,7.13e-05
MYO15A,0.2955741,2.99e-05,7.16e-05
YKT6,0.19891968,2.57e-05,7.19e-05
TTC23,-0.4300541,3.01e-05,7.2e-05
SF1,0.2631068,3.01e-05,7.2e-05
FAM181B,0.3822882,3.01e-05,7.2e-05
CYR61,0.62812262,2.58e-05,7.21e-05
LUZP1,-0.4117636,3.03e-05,7.25e-05
ZNF512B,0.2289795,3.04e-05,7.26e-05
ERVH-6,0.6340259,3.04e-05,7.26e-05
CH17-360D5.1///NPY4R,-0.38538134,2.6e-05,7.26e-05
OR10T2,0.3581264,3.04e-05,7.26e-05
TNRC18///TNRC18,0.3658441,3.05e-05,7.27e-05
WNT2,0.8935836,3.05e-05,7.27e-05
BCAP31,0.5648255,3.04e-05,7.27e-05
GAB4,0.3327695,3.05e-05,7.29e-05
EIF3CL///EIF3C,-0.4277109,3.06e-05,7.3e-05
LMBR1,-0.3949055,3.06e-05,7.31e-05
INO80E,0.2640832,3.06e-05,7.31e-05
MNAT1,-0.20834194,2.62e-05,7.32e-05
ANXA9,0.3004023,3.07e-05,7.33e-05
PRSS3P2,-0.7287641,3.08e-05,7.34e-05
HSPA8,-0.5421727,3.08e-05,7.35e-05
QRFP,0.3760755,3.08e-05,7.36e-05
MUC2,0.2965909,3.08e-05,7.36e-05
TPSG1,0.3125505,3.09e-05,7.37e-05
FAM90A10P///FAM90A7P///FAM90A25P///FAM90A1,0.39847809,2.65e-05,7.4e-05
DBP,-0.31743615,2.66e-05,7.41e-05
C7,-0.8031445,3.11e-05,7.41e-05
CCT7,-0.3858495,3.11e-05,7.41e-05
SCIN,-0.7704355,3.12e-05,7.44e-05
ITPKB,0.3420364,3.12e-05,7.44e-05
PCDHB6,-0.6516673,3.12e-05,7.44e-05
KEAP1,0.3541925,2.95e-06,7.46e-05
PRPF8///PRPF8,0.3441,3.13e-05,7.47e-05
ROCK1P1,0.3714444,2.7e-05,7.51e-05
LYPLA2,0.4499827,3.15e-05,7.51e-05
VPS37A,-0.3521695,3.16e-05,7.52e-05
MSRB2,0.3578359,3.16e-05,7.53e-05
CD164,-0.2896091,3.16e-05,7.53e-05
C19ORF71,0.3367159,3.16e-05,7.53e-05
SNORD114-6,-1.4201318,3.17e-05,7.54e-05
CALR,0.2956545,3.17e-05,7.54e-05
ACOT11,0.424735,3.17e-05,7.54e-05
TRPM6,-0.4294123,3.2e-05,7.61e-05
NMS,0.4085132,3.2e-05,7.62e-05
GOLGA8O///GOLGA8M///GOLGA8K///GOLGA8T///GOLGA8J///GOLGA8N///GOLGA8IP,-0.3484005,3.21e-05,7.64e-05
CCDC87,0.3906759,3.22e-05,7.65e-05
PRSS30P,0.3107264,3.22e-05,7.66e-05
DTL,-0.36176842,2.75e-05,7.66e-05
FRS2,-0.4487014,3.23e-05,7.68e-05
PP12613,0.3666514,3.23e-05,7.69e-05
RPL13,-0.7039664,3.24e-05,7.69e-05
IRX5,0.4397936,3.25e-05,7.72e-05
GRB7,0.512745,3.25e-05,7.73e-05
ZNF823,-0.4145727,3.26e-05,7.74e-05
DLK1,0.3430068,3.27e-05,7.76e-05
RTP3,0.3365741,3.27e-05,7.76e-05
CDCA8,0.3064705,3.28e-05,7.79e-05
EPB41L4A,-0.4783214,3.28e-05,7.79e-05
URB2,0.24255177,2.81e-05,7.8e-05
ZNF766,-0.3054691,3.29e-05,7.81e-05
MRPS7,0.3624155,3.3e-05,7.84e-05
ADGRG1,0.65837,3.31e-05,7.85e-05
HSD11B1L,0.3537568,3.31e-05,7.85e-05
LOC100129484,0.4067673,3.31e-05,7.85e-05
ZNF320///RPS27///RGS4///RPS27,0.5135682,3.32e-05,7.87e-05
TCF12,0.4375436,3.32e-05,7.87e-05
HS3ST1,-0.24705331,2.84e-05,7.88e-05
LRRC47,0.3504545,3.34e-05,7.93e-05
SMIM11A,0.3755077,3.34e-05,7.93e-05
PARD3B,-0.4181318,3.35e-05,7.94e-05
EEF1A2,0.3011664,3.35e-05,7.95e-05
HBCBP,0.4021664,3.35e-05,7.95e-05
HKDC1,0.28784043,2.88e-05,7.99e-05
DPEP3,0.3021486,3.37e-05,7.99e-05
FLJ13224,0.3259659,3.37e-05,8e-05
LOC440173,0.5011459,3.37e-05,8e-05
LPCAT2,-0.4217941,3.38e-05,8.01e-05
OR6X1,0.34616,3.39e-05,8.03e-05
FAM187B,0.4382905,3.39e-05,8.04e-05
KLRF1,1.1188441,3.39e-05,8.04e-05
POP1,-0.5766059,3.39e-05,8.04e-05
LINC01551,0.3924932,3.4e-05,8.05e-05
HCRT,0.3659932,3.4e-05,8.06e-05
PDE4C,0.2886755,3.4e-05,8.06e-05
RPS10-NUDT3///NUDT3,0.2592295,3.4e-05,8.07e-05
PLA2G4B///JMJD7///JMJD7-PLA2G4B,0.3334236,3.41e-05,8.08e-05
OSMR,-0.7627473,3.42e-05,8.11e-05
MBD2,-0.2897336,3.42e-05,8.11e-05
KIAA1755,-0.7150325,3.25e-06,8.11e-05
RRAD,-0.34601715,2.93e-05,8.12e-05
CLCA4,-0.31762301,2.93e-05,8.12e-05
ZKSCAN4,-0.3399732,3.44e-05,8.14e-05
NLRP4,0.299155,3.44e-05,8.15e-05
GALR3,0.3902982,3.45e-05,8.16e-05
TNFSF15,-0.34795923,2.95e-05,8.18e-05
IL17B,0.3206323,3.46e-05,8.19e-05
PTGFR,-0.6419818,3.46e-05,8.19e-05
VASH1,0.4441105,3.46e-05,8.2e-05
LOC730101,-0.4178275,3.3e-06,8.2e-05
KLF3-AS1,-0.32302984,2.97e-05,8.22e-05
LMX1B,0.3583923,3.49e-05,8.25e-05
TMOD1,0.650565,3.49e-05,8.25e-05
H1FX,0.23660395,2.98e-05,8.26e-05
RBFOX3,0.2878614,3.5e-05,8.28e-05
ACTN1,0.450825,3.5e-05,8.28e-05
DPPA3P2,0.5280077,3.5e-05,8.28e-05
PNLIPRP1,0.35686,3.5e-05,8.28e-05
ST8SIA3,0.3078509,3.51e-05,8.3e-05
GPR3,0.3933759,3.52e-05,8.32e-05
EPHA7,-0.28872369,3.02e-05,8.35e-05
ARSH,0.4185082,3.54e-05,8.36e-05
IFNAR2,-0.24521159,3.03e-05,8.38e-05
DYNC1LI1,0.19700591,3.04e-05,8.4e-05
PHF21A,0.4239023,3.56e-05,8.41e-05
SLC23A1,-0.34872165,3.05e-05,8.44e-05
FBXW4,0.31743,3.57e-05,8.44e-05
SYT3,0.3939159,3.57e-05,8.44e-05
TFAP4,0.340505,3.57e-05,8.45e-05
CHIT1,-0.84956836,3.07e-05,8.48e-05
VAPB,0.2809536,3.6e-05,8.51e-05
PPM1G,-0.2627836,3.6e-05,8.51e-05
GAD2,0.2922741,3.6e-05,8.51e-05
SYT12,-0.8780275,3.44e-06,8.53e-05
ADAMTS13,0.311445,3.61e-05,8.53e-05
ACAN,-1.3508375,3.45e-06,8.53e-05
NCF2,0.43368512,3.1e-05,8.56e-05
L3MBTL4,0.20789756,3.11e-05,8.58e-05
LRRTM4,-0.32887089,3.12e-05,8.61e-05
CCS,0.3630418,3.66e-05,8.63e-05
ZDHHC20,-0.2856695,3.66e-05,8.64e-05
BCS1L,0.5000709,3.66e-05,8.64e-05
DNHD1,0.26263718,3.14e-05,8.65e-05
LY6G6D,0.3969145,3.67e-05,8.66e-05
CCL2,-2.5212675,3.54e-06,8.69e-05
CECR1,-0.33691897,3.17e-05,8.73e-05
USH1G,0.3947991,3.7e-05,8.73e-05
CCDC106,0.3053105,3.71e-05,8.74e-05
RNF24,0.3691582,3.71e-05,8.74e-05
KCTD11,-0.502055,3.57e-06,8.75e-05
CDK12,-0.3985586,3.72e-05,8.76e-05
C9ORF66,0.4121036,3.73e-05,8.78e-05
H1FNT,0.3370114,3.72e-05,8.78e-05
PPP1R3C,-0.37287945,3.18e-05,8.78e-05
UPK2,0.3567755,3.74e-05,8.81e-05
HDAC8,0.28441,3.61e-06,8.83e-05
TH,0.3121745,3.75e-05,8.83e-05
PPM1D,0.4939875,3.62e-06,8.84e-05
PIGX,0.3529523,3.76e-05,8.85e-05
CLCNKB,0.3990795,3.76e-05,8.85e-05
MDC1,0.3126205,3.77e-05,8.88e-05
CYP21A2,-0.45549,3.64e-06,8.88e-05
HIST1H2BD,0.31081001,3.23e-05,8.89e-05
NKX6-3,0.3193291,3.79e-05,8.92e-05
ZNF165,-0.5518436,3.8e-05,8.95e-05
PXDN,0.6409773,3.8e-05,8.95e-05
MARCKSL1,-0.42922,3.68e-06,8.96e-05
LOC100129940,0.3630659,3.82e-05,8.98e-05
PLEKHO2,0.3925832,3.82e-05,8.99e-05
HRH3,0.2933482,3.83e-05,9.01e-05
MS4A5,0.3611964,3.85e-05,9.05e-05
KLHDC7B,-0.8826825,3.72e-06,9.06e-05
RASSF2,0.4949064,3.86e-05,9.07e-05
TTPA,0.5424664,3.86e-05,9.07e-05
TOR1B,-0.3495377,3.86e-05,9.08e-05
LCN15,0.3048264,3.87e-05,9.1e-05
TRIM25,0.3369773,3.87e-05,9.11e-05
PRKG1,-0.60144,3.88e-05,9.12e-05
GBGT1,0.4323075,3.76e-06,9.12e-05
EZH1,0.5853125,3.77e-06,9.13e-05
EARS2,0.2570405,3.9e-05,9.16e-05
ZNF276,0.2440418,3.91e-05,9.18e-05
C17ORF99,0.37156,3.91e-05,9.19e-05
HIST1H3H///HIST1H2AI,0.4291123,3.94e-05,9.24e-05
OR3A3,0.4428273,3.94e-05,9.25e-05
CCDC154,0.3360673,3.95e-05,9.27e-05
KRTAP12-3,0.3464255,3.95e-05,9.27e-05
HNF4A,0.2903509,3.96e-05,9.29e-05
PTTG2,-0.6750032,3.96e-05,9.3e-05
CYP20A1,-0.2740686,3.97e-05,9.31e-05
NKX2-5,0.3261818,3.97e-05,9.31e-05
RPS27A,0.5290368,3.97e-05,9.32e-05
GPT,0.3082423,3.98e-05,9.34e-05
ACVR2B,-0.32458,3.98e-05,9.35e-05
SYNJ2BP-COX16///SYNJ2BP,0.4406818,3.99e-05,9.35e-05
SPEG,-0.20846884,3.41e-05,9.36e-05
ZNF559-ZNF177///ZNF177,-0.21951269,3.41e-05,9.36e-05
RPL10A,0.4530695,4.03e-05,9.44e-05
KANK1,-0.4643141,4.02e-05,9.44e-05
CD96,-1.131325,3.91e-06,9.44e-05
C15ORF52,0.6456025,3.91e-06,9.44e-05
MFAP3L,0.4346527,4.04e-05,9.46e-05
SPRR1B,-0.21888374,3.45e-05,9.47e-05
DOC2A,-0.25559571,3.46e-05,9.48e-05
NR2E1,0.3369741,4.04e-05,9.48e-05
CRB2,0.3044986,4.05e-05,9.5e-05
ACIN1,-0.3381909,4.06e-05,9.5e-05
CDK5R2,0.3502014,4.06e-05,9.51e-05
FLJ44385,0.3103259,4.06e-05,9.51e-05
CSNK2B,0.3288136,4.06e-05,9.51e-05
LOC102723701,0.3443932,4.07e-05,9.53e-05
INTS3,0.3784395,4.08e-05,9.55e-05
RAB12,0.2965959,4.08e-05,9.55e-05
MSX2P1,0.4518227,4.08e-05,9.55e-05
MKRN9P,-0.3647359,4.11e-05,9.62e-05
ZNF75A,0.20487389,3.52e-05,9.64e-05
CNTN2,0.2813418,4.12e-05,9.65e-05
ALKBH6,0.3204341,4.13e-05,9.65e-05
ZNF514,-0.6007714,4.13e-05,9.67e-05
RASA4B///RASA4CP///RASA4,0.4828777,4.14e-05,9.67e-05
LOXL3,0.30485,4.14e-05,9.68e-05
NPL,0.41421968,3.54e-05,9.7e-05
KRTAP23-1,0.383015,4.15e-05,9.71e-05
TMED2,0.4001682,4.16e-05,9.73e-05
AQP6,0.3249764,4.16e-05,9.73e-05
COA6,0.2016616,3.56e-05,9.74e-05
SPATA9,-0.4644859,4.17e-05,9.75e-05
GALNT12,-0.25667881,3.57e-05,9.75e-05
LYSMD2,0.3514805,4.18e-05,9.76e-05
LINC00574,0.3325627,4.2e-05,9.81e-05
GPR83,0.3357741,4.2e-05,9.82e-05
ADGRF3,0.4068423,4.21e-05,9.83e-05
SLC2A5,-1.458185,4.13e-06,9.88e-05
SERPINA13P,0.3920532,4.23e-05,9.88e-05
SMPX,-0.306865,4.24e-05,9.89e-05
ZNF564///ZNF490,-0.24658369,3.62e-05,9.9e-05
ZFPM2,-0.29434714,3.63e-05,9.92e-05
ACMSD,0.3523464,4.25e-05,9.92e-05
AMMECR1L,0.22980407,3.65e-05,9.96e-05
HMGN2,-0.3767773,4.28e-05,9.98e-05
SPINK5,-0.8106214,4.27e-05,9.98e-05
MCOLN3,0.7378636,4.29e-05,0.0001
ZNF502,-0.5532314,4.3e-05,0.0001
RCC1///SNHG3///RCC1,-0.3814832,4.29e-05,0.0001
KDM1B,-0.4319327,4.35e-05,0.000101
SDR9C7,0.3493309,4.38e-05,0.000102
XCR1,0.4569214,4.37e-05,0.000102
EMC9,0.3436045,4.38e-05,0.000102
NDUFV1,0.3967782,4.35e-05,0.000102
C17ORF78,0.3078332,4.37e-05,0.000102
MED12L,-0.27753,4.37e-05,0.000102
KHDRBS1,-0.2035027,4.37e-05,0.000102
HEXA,0.3661141,4.38e-05,0.000102
EPPK1,0.4288077,4.38e-05,0.000102
LRRIQ4,0.3683632,4.36e-05,0.000102
CELA3A,0.3737564,4.38e-05,0.000102
HS3ST3B1,0.251805,4.28e-06,0.000102
RBM38,0.4300882,4.41e-05,0.000103
CCL1,0.3314991,4.42e-05,0.000103
UNC93B1,0.5822964,4.4e-05,0.000103
HTT,0.6251525,4.35e-06,0.000103
DHX35,-0.3800905,4.42e-05,0.000103
XPO7,-0.4882459,4.48e-05,0.000104
TLX1,0.4388641,4.47e-05,0.000104
HGS,0.2510386,4.47e-05,0.000104
BTN3A2,-0.6841864,4.48e-05,0.000104
TTLL4,0.3492932,4.46e-05,0.000104
DEFB125,0.3535095,4.47e-05,0.000104
ZZEF1,-0.38238,4.46e-05,0.000104
TFIP11,-0.4490641,4.49e-05,0.000104
FLJ37786,0.3135759,4.47e-05,0.000104
MST1,0.4367073,4.53e-05,0.000105
VPS11,0.4298618,4.5e-05,0.000105
GPAM,0.36019151,3.84e-05,0.000105
TERT,0.3593282,4.54e-05,0.000105
CWC15,0.4520859,4.51e-05,0.000105
MNDA,0.41190547,3.86e-05,0.000105
PEX19,-0.3139468,4.52e-05,0.000105
FAM46A,-0.4019091,4.58e-05,0.000106
SOX21,-0.22087895,3.9e-05,0.000106
MFRP,0.3194875,4.51e-06,0.000106
PRRG4,0.3330825,4.5e-06,0.000106
LENEP,0.3272709,4.59e-05,0.000106
CACNG2,0.3828909,4.59e-05,0.000106
SLC25A44,0.5731864,4.59e-05,0.000106
C14ORF39,-0.7691695,4.55e-05,0.000106
LGALS3BP,0.6717586,4.55e-05,0.000106
SRPK3,0.3507805,4.56e-05,0.000106
FSIP2,-0.5848732,4.59e-05,0.000106
EIF2S2,-0.4327705,4.58e-05,0.000106
SRM,0.4488709,4.59e-05,0.000106
UBE2O,0.2453241,4.61e-05,0.000107
MEIS1,-0.4989982,4.62e-05,0.000107
SGSM2,0.3090459,4.6e-05,0.000107
PTMA,0.3713091,4.64e-05,0.000107
NPY,0.400315,4.62e-05,0.000107
C17ORF64,0.4335055,4.6e-05,0.000107
ERGIC3,-0.42739,4.64e-05,0.000108
LRRC3B,0.3314091,4.68e-05,0.000108
AMN1,-0.374715,4.66e-05,0.000108
C5ORF45,0.350865,4.67e-05,0.000108
TAS2R46,-0.9101873,4.67e-05,0.000108
RASSF10,0.3928173,4.66e-05,0.000108
PCDHB5,-0.31461588,3.96e-05,0.000108
FAM98C,0.4095336,4.7e-05,0.000109
HOXD4,0.3114286,4.72e-05,0.000109
HIST1H4J,-0.82859,4.68e-06,0.000109
C8B,0.6621705,4.73e-05,0.000109
TMEM69,0.3008695,4.71e-05,0.000109
LYZ,0.6459636,4.72e-05,0.000109
RPL23AP32,1.6583875,4.65e-06,0.000109
MIR99A,-0.35874184,4.02e-05,0.000109
CYFIP2,-0.20233113,4.04e-05,0.00011
NARF,0.29049,4.75e-05,0.00011
PLP2,0.5718895,4.75e-05,0.00011
ERC2,-0.5376425,4.75e-06,0.000111
TCHP,-0.2805395,4.79e-05,0.000111
ADAMTS18,-0.20364479,4.08e-05,0.000111
KIAA2026,-0.4697773,4.79e-05,0.000111
ARIH1,-0.3602532,4.79e-05,0.000111
RALA,0.30856059,4.08e-05,0.000111
FRG1BP,-0.3219141,4.82e-05,0.000111
DOCK3,-0.4930375,4.85e-06,0.000112
SLC27A1,0.3259209,4.86e-05,0.000112
FAM25G///FAM25BP///FAM25C///FAM25A///AGAP11,0.2935755,4.86e-05,0.000112
ACER1,0.3830427,4.85e-05,0.000112
CACNG7,0.3191364,4.85e-05,0.000112
OLIG1,0.3075332,4.86e-05,0.000112
DAZAP1,0.2497109,4.86e-05,0.000112
EPGN,0.33351639,4.11e-05,0.000112
HCST,-0.79821,4.85e-06,0.000112
MFSD12,0.3798841,4.89e-05,0.000113
SLC22A8,0.3625709,4.91e-05,0.000113
FER1L4,-0.34641833,4.17e-05,0.000113
SMAD5,-0.3261918,4.89e-05,0.000113
KRT33A,0.3698055,4.95e-05,0.000114
SPEM1,0.3772205,4.96e-05,0.000114
KCNH4,0.3229186,4.94e-05,0.000114
ANGPTL6,0.3898436,4.94e-05,0.000114
MRPL13,0.3264482,4.96e-05,0.000114
POU3F1,0.3793914,5e-05,0.000115
TCEB3CL2///TCEB3CL///TCEB3C///TCEB3B,0.3280127,4.97e-05,0.000115
OAS2,0.6937318,4.97e-05,0.000115
TXN,-0.4971341,4.97e-05,0.000115
MARVELD3,-0.3089868,5e-05,0.000115
MYOM2,-0.228161,4.26e-05,0.000115
LINC00467,0.3250414,5.04e-05,0.000116
SNRNP35,-0.2892568,5.04e-05,0.000116
MYDGF,0.21241868,4.28e-05,0.000116
SPDYE1,0.6293875,5.06e-06,0.000116
RETSAT,0.6128325,5.02e-06,0.000116
TRPV2,0.28985093,4.28e-05,0.000116
KRTAP5-7,0.2860227,5.02e-05,0.000116
ZNF44,-0.3453068,5.08e-05,0.000117
LRRC55,-1.25156,5.09e-06,0.000117
CYP4A22,0.4440105,5.06e-05,0.000117
ABL2,-0.5381486,5.08e-05,0.000117
SNORD109B///SNORD109A,-0.43067211,4.37e-05,0.000118
C5ORF60,0.3994559,5.13e-05,0.000118
RGS8,0.2839377,5.11e-05,0.000118
SAMD1,0.2969336,5.11e-05,0.000118
CENPQ,-0.3945373,5.11e-05,0.000118
UBXN7-AS1,0.3992564,5.14e-05,0.000118
MRAP2,-0.22433388,4.41e-05,0.000119
CLCNKA,0.3956455,5.17e-05,0.000119
HDAC6,0.31745,5.21e-06,0.000119
CDC20B,-0.38451247,4.42e-05,0.000119
IFITM5,0.3614645,5.17e-05,0.000119
KIAA2022,-0.4384564,5.18e-05,0.000119
DUX4///DUX1///DUX5,0.3073627,5.16e-05,0.000119
CAV2///LOC105375463///CAV2,0.27777882,4.44e-05,0.00012
SLC12A6,-0.3705045,5.2e-05,0.00012
PRLR,0.6490482,5.21e-05,0.00012
GATA3-AS1,0.3912695,5.2e-05,0.00012
SLC17A5,0.2677355,5.23e-05,0.00012
KISS1,0.33239,5.22e-05,0.00012
C11ORF54,0.4468225,5.24e-06,0.00012
TTTY5///TTTY5,0.2434577,5.29e-05,0.000121
DNAAF5,0.3096268,5.29e-05,0.000121
CPNE8,-0.4615827,5.27e-05,0.000121
MIR142,0.8468309,5.27e-05,0.000121
WFDC6,-0.3739345,4.49e-05,0.000121
MCUB,-0.4469873,5.28e-05,0.000121
KIAA1143,-0.3020141,5.26e-05,0.000121
LOC642648,0.3851323,5.26e-05,0.000121
ARMCX5-GPRASP2///ARMCX5,-0.4063377,5.3e-05,0.000122
NLE1,0.2615727,5.31e-05,0.000122
DBF4B,0.3719291,5.33e-05,0.000122
CCNE1,-0.3319082,5.31e-05,0.000122
FOXL2,0.3532323,5.36e-05,0.000123
FUK,0.2578868,5.36e-05,0.000123
MAPT,0.3555032,5.37e-05,0.000123
H19///RPS12,0.55137884,4.56e-05,0.000123
KCNG4,0.3426982,5.38e-05,0.000123
FBXL20,0.3721927,5.37e-05,0.000123
GABBR2,-0.31883883,4.57e-05,0.000123
GP6,0.3351168,5.43e-05,0.000124
GRPR,0.3334841,5.39e-05,0.000124
KCNK4,0.3095341,5.42e-05,0.000124
KNG1,0.3002964,5.42e-05,0.000124
COG8///PDF,0.218495,5.41e-05,0.000124
BHLHE23,0.3565055,5.42e-05,0.000124
NOBOX,0.3402182,5.39e-05,0.000124
PRR19,0.3877155,5.43e-05,0.000124
OSBPL1A,0.5504275,5.48e-06,0.000124
LRRK2,0.66127766,4.63e-05,0.000124
XAGE2,-0.22582651,4.62e-05,0.000124
HSPE1,0.4663427,5.44e-05,0.000125
WTAP,0.4414486,5.47e-05,0.000125
CYFIP1,-0.4574205,5.45e-05,0.000125
GPC6,-0.35777192,4.64e-05,0.000125
PTTG1IP,0.3610545,5.44e-05,0.000125
ARF4,-0.2930909,5.47e-05,0.000125
PCYT1A,-0.3141273,5.46e-05,0.000125
SUGP2,-0.2504155,5.44e-05,0.000125
CFHR4,-0.5361686,5.44e-05,0.000125
GPR65,0.6485091,5.47e-05,0.000125
CDH7,0.3011873,5.49e-05,0.000126
TPRKB,-0.5632086,5.49e-05,0.000126
ODF4,0.3203523,5.51e-05,0.000126
IL2RA,-0.33850912,4.67e-05,0.000126
CMA1,-0.25534233,4.71e-05,0.000126
EYA4,-0.38367803,4.71e-05,0.000126
HIST1H3G,-0.20910573,4.68e-05,0.000126
TPPP2,0.2875425,5.66e-06,0.000127
DAND5,0.4106314,5.55e-05,0.000127
NOP16,0.24188081,4.73e-05,0.000127
UGT2B4,0.7372275,5.63e-06,0.000127
PNOC,-1.66131,5.65e-06,0.000127
SCML2,-0.3202859,5.55e-05,0.000127
ASXL2///ASXL2,-0.4004991,5.61e-05,0.000128
FBXL16,0.3850282,5.58e-05,0.000128
ACO2,0.3693514,5.61e-05,0.000128
PLA2G2A,-1.5170068,5.61e-05,0.000128
LEPROTL1,0.3053195,5.64e-05,0.000129
MUC13,-0.42421418,4.83e-05,0.000129
PKMYT1,0.3364577,5.62e-05,0.000129
ZNF818P,-0.4632255,5.66e-05,0.000129
PHOSPHO1,0.4171559,5.67e-05,0.00013
GBX1,0.4024768,5.7e-05,0.00013
HHIP-AS1,0.4297475,5.83e-06,0.00013
GPHN,-0.3262105,5.72e-05,0.000131
PPP1R3E///HOMEZ,0.3431068,5.75e-05,0.000131
OR4K17,0.2861005,5.75e-05,0.000131
CDKL1,0.42209,5.9e-06,0.000131
TIMM9,0.3539609,5.78e-05,0.000132
VSX1,0.301635,5.78e-05,0.000132
CCDC150,-0.2293314,5.78e-05,0.000132
MEI1,-1.4189475,5.92e-06,0.000132
LRRC42,0.2530623,5.84e-05,0.000133
OR52I1,0.4460323,5.81e-05,0.000133
AK2,-0.4152941,5.84e-05,0.000133
SEBOX,0.3679232,5.82e-05,0.000133
EIF2B2,0.330135,6e-06,0.000133
CPS1,-0.5829705,5.81e-05,0.000133
TSSK2,0.3664391,5.8e-05,0.000133
SUMF1,-0.3061873,5.81e-05,0.000133
CTU1,0.4353764,5.85e-05,0.000133
LOC375196,0.3805741,5.85e-05,0.000134
TTTY13///TTTY13,0.4062177,5.87e-05,0.000134
CCDC157,0.3451332,5.86e-05,0.000134
FMR1NB,0.3011845,5.87e-05,0.000134
TAS1R1,0.38346,5.87e-05,0.000134
CTAGE3P,-0.4542132,5.9e-05,0.000134
OSTN,-0.19129753,5.03e-05,0.000135
RNU6ATAC,0.4320745,5.93e-05,0.000135
LOC494127,0.3770018,5.93e-05,0.000135
PGRMC1,0.3477318,5.92e-05,0.000135
FAM71A,0.3359359,5.91e-05,0.000135
MSL1,0.3267077,5.95e-05,0.000135
AMBP,0.3389982,5.99e-05,0.000136
SMTNL2,0.3460191,5.96e-05,0.000136
FOXN4,0.3341745,5.96e-05,0.000136
HSD17B11,-0.6126968,5.97e-05,0.000136
SYTL1,-0.76189,6.18e-06,0.000136
GSTM1,1.4891468,6.02e-05,0.000137
FMC1,0.490325,6.22e-06,0.000137
ZNF491,-0.325815,6.01e-05,0.000137
NAA11,0.4755936,6.03e-05,0.000137
FGFBP1,-0.8032341,6.06e-05,0.000138
PGPEP1L,0.3667709,6.07e-05,0.000138
SPRED1,-0.22603629,5.15e-05,0.000138
BTN2A2,-0.3172645,6.06e-05,0.000138
RNPC3///AMY2B,-0.5724982,6.06e-05,0.000138
PCDH9,0.26745338,5.15e-05,0.000138
FSHB,0.3257923,6.1e-05,0.000139
PAPD4,-0.2799532,6.11e-05,0.000139
SLC30A10,0.3533577,6.11e-05,0.000139
ADGRA1,0.3096664,6.12e-05,0.000139
TIGD3,-0.332845,6.32e-06,0.000139
MS4A3,0.20808976,5.2e-05,0.000139
ACSBG2,0.2653541,6.14e-05,0.00014
SLC36A1,0.22057564,5.23e-05,0.00014
ACTN2,0.4025364,6.16e-05,0.00014
PLEKHA6,-0.21264628,5.23e-05,0.00014
CD53,0.29467361,5.22e-05,0.00014
MIRLET7I,-0.3600723,6.17e-05,0.00014
NKAP,-0.3292505,6.15e-05,0.00014
TEFM,-0.4400077,6.14e-05,0.00014
MIR27B///C9ORF3,-0.50691957,5.26e-05,0.00014
MAPKAPK2,0.3955473,6.2e-05,0.000141
TRPC5,0.3139918,6.19e-05,0.000141
AMELX,0.3721686,6.19e-05,0.000141
SPC25,-0.4231155,6.22e-05,0.000141
SUV39H1,0.2811645,6.22e-05,0.000141
CAMSAP1,-0.19126035,5.33e-05,0.000142
MSH5-SAPCD1///MSH5,0.2867136,6.24e-05,0.000142
ITIH2,0.5673623,6.27e-05,0.000142
PRRC1,-0.3269786,6.24e-05,0.000142
BPGM,-0.4069864,6.26e-05,0.000142
NCR2,0.3704436,6.25e-05,0.000142
ASXL1,0.3109436,6.28e-05,0.000143
RNLS,0.3366232,6.31e-05,0.000143
TRY2P,0.3078045,6.31e-05,0.000143
CTSG,-2.228195,6.5e-06,0.000143
SARDH,0.3272455,6.3e-05,0.000143
INSM2,0.3446695,6.29e-05,0.000143
SNORD7,-0.6023132,6.32e-05,0.000143
S100Z,-0.4594732,6.3e-05,0.000143
ARMC5,0.2961427,6.3e-05,0.000143
C10ORF62,0.3775982,6.33e-05,0.000144
TBX6,0.3010555,6.34e-05,0.000144
TCF23,0.3200818,6.36e-05,0.000144
SETD5,-0.3622718,6.36e-05,0.000144
ZFP41///GLI4,0.3161141,6.35e-05,0.000144
ELAVL1,0.3066873,6.42e-05,0.000145
OR13J1,0.4309982,6.41e-05,0.000145
WDR81,0.2821109,6.4e-05,0.000145
MIR125A,0.3345205,6.42e-05,0.000145
HSH2D,-0.933895,6.63e-06,0.000145
SNX10,-0.7549609,6.44e-05,0.000146
PRMT6,-0.3623486,6.43e-05,0.000146
ZNF395,0.3384477,6.47e-05,0.000146
LCAL1,0.6351809,6.46e-05,0.000146
PLPPR5,0.7239945,6.45e-05,0.000146
KIRREL,0.41532,6.52e-05,0.000147
MPC1,0.3659225,6.72e-06,0.000147
CPQ,0.4021109,6.48e-05,0.000147
LINC01512,0.4055927,6.56e-05,0.000148
ANXA11,0.2582182,6.53e-05,0.000148
ISLR2///ISLR2,0.3363409,6.53e-05,0.000148
TNFRSF25,0.2865264,6.55e-05,0.000148
MOCOS,-0.4505695,6.52e-05,0.000148
NEXN-AS1,0.3247341,6.52e-05,0.000148
MARVELD1,0.4509709,6.56e-05,0.000148
SLC38A3,0.3652886,6.6e-05,0.000149
DSC2,0.29026236,5.6e-05,0.000149
EIF1AY,-2.8236941,6.58e-05,0.000149
C9ORF84,-0.6584586,6.59e-05,0.000149
ZNF211,-0.21225917,5.62e-05,0.000149
CLEC10A,0.49388,6.63e-05,0.00015
RNF111,-0.2958627,6.62e-05,0.00015
SSR4P1,0.2848605,6.63e-05,0.00015
OR1A1,0.3836845,6.63e-05,0.00015
ALDH3B2,-0.23651409,5.63e-05,0.00015
ZAN,0.2863691,6.65e-05,0.00015
ILF2,0.3731155,6.64e-05,0.00015
C9ORF139,0.3665841,6.65e-05,0.00015
GFI1,-0.837175,6.89e-06,0.00015
KCNN2,0.5578214,6.7e-05,0.000151
MAP3K14-AS1,0.2915245,6.69e-05,0.000151
UBB,0.5118273,6.67e-05,0.000151
C5,-0.9424909,6.7e-05,0.000151
SWI5,0.3386568,6.68e-05,0.000151
VASH2,-0.4992975,6.94e-06,0.000151
EVA1C,0.48268,6.76e-05,0.000152
VIM,0.3356773,6.75e-05,0.000152
TMPRSS2///LOC285847///FKBP5,0.8105405,6.77e-05,0.000153
LOC646029///LOC646029,0.3393991,6.79e-05,0.000153
MAP7D3,-0.5999227,6.78e-05,0.000153
HABP4,-0.3235345,6.8e-05,0.000153
ZNF280C,-0.2025274,5.76e-05,0.000153
EIF5AL1///EIF5A,0.20959793,5.75e-05,0.000153
ZBP1,-0.27365279,5.81e-05,0.000154
DOLK,0.3709882,6.84e-05,0.000154
SRRM4,0.2986773,6.85e-05,0.000154
MXI1,0.3001395,6.84e-05,0.000154
SPAST,-0.2891427,6.88e-05,0.000155
CCDC142,0.3632009,6.86e-05,0.000155
FAM32A,0.3810709,6.85e-05,0.000155
AGO3,-0.337935,6.89e-05,0.000155
C1ORF101,-0.3956645,6.9e-05,0.000156
KRT16,0.3036195,6.96e-05,0.000157
C10ORF90,0.3665909,6.98e-05,0.000157
FARP2,0.3391882,7.04e-05,0.000159
CRKL,0.2264109,7.08e-05,0.000159
KRTAP10-3,0.3848332,7.05e-05,0.000159
LOC401286,0.3219227,7.09e-05,0.000159
TAGAP,-0.29914091,6e-05,0.000159
TP53TG5,0.351865,7.06e-05,0.000159
SSTR2,-0.3768845,7.09e-05,0.00016
GLOD5,0.4038077,7.09e-05,0.00016
ATP2B2,0.3333355,7.13e-05,0.00016
MED9,0.3090764,7.11e-05,0.00016
LOX,-0.6371391,7.17e-05,0.000161
BCL2L14,-0.73121,7.51e-06,0.000161
VPS37B,0.1845116,6.08e-05,0.000161
OR1F2P,0.26902479,6.07e-05,0.000161
PSPN///PSPN,0.3799141,7.22e-05,0.000162
MGC45922,0.3442459,7.2e-05,0.000162
NAG18,0.373185,7.19e-05,0.000162
AEBP1,-0.7989775,7.55e-06,0.000162
OTOGL,-0.5867991,7.2e-05,0.000162
LOC100131860,0.5090891,7.21e-05,0.000162
ATP13A1,0.2899309,7.27e-05,0.000163
MIXL1,-0.20336784,6.17e-05,0.000163
CASC3,0.3568525,7.66e-06,0.000164
LYPD3,-1.0006025,7.68e-06,0.000164
GRIP1,-0.4496164,7.31e-05,0.000164
MIR28,-0.5857677,7.32e-05,0.000164
ADGRG5,0.3771205,7.37e-05,0.000165
RUVBL1///RUVBL1,-0.6279523,7.35e-05,0.000165
SP8,0.3394909,7.38e-05,0.000166
KRTAP5-2,0.34587588,6.29e-05,0.000166
MEF2A,0.4497225,7.79e-06,0.000166
MYO3B,-0.3648882,7.41e-05,0.000166
LOC101927827,0.3674025,7.85e-06,0.000167
LOC494141,-0.2999541,7.47e-05,0.000167
CDCA4,0.3098659,7.44e-05,0.000167
NR2C2,0.3524945,7.42e-05,0.000167
LOC100131195,0.3610377,7.42e-05,0.000167
GLP1R,0.2900836,7.46e-05,0.000167
KBTBD3,-0.5287591,7.47e-05,0.000167
TMEM8C,0.3365173,7.49e-05,0.000168
ARSK,0.2822325,7.97e-06,0.000169
OPN4,0.3531645,7.52e-05,0.000169
IGHV5-78,-0.2276002,6.41e-05,0.000169
LINC00299,0.4911591,7.6e-05,0.00017
SPANXN3,-0.3707132,7.57e-05,0.00017
TEX30,-0.4171023,7.59e-05,0.00017
AQP12B///AQP12A,0.2924309,7.59e-05,0.00017
SPATA31D1///SPATA31D3///SPATA31D4///SPATA31D5P,0.2235886,7.65e-05,0.000171
LAMB2,0.4751736,7.64e-05,0.000171
SNORD115-24///SNORD115-44///SNORD115-43///SNORD115-42///SNORD115-41///SNORD115-40///SNORD115-39///SNORD115-38///SNORD115-36///SNORD115-34///SNORD115-30///SNORD115-29///SNORD115-26///SNORD115-25///SNORD115-22///SNORD115-21///SNORD115-20///SNORD115-19///SNORD115-18///SNORD115-17///SNORD115-16///SNORD115-15///SNORD115-14///SNORD115-13///SNORD115-12///SNORD115-11///SNORD115-10///SNORD115-9///SNORD115-8///SNORD115-7///SNORD115-6///SNORD115-5///SNORD115-4///SNORD115-3///SNORD115-1///SNRPN,-0.68805126,6.47e-05,0.000171
WDR27,-0.25620831,6.5e-05,0.000171
MYC,0.46478743,6.48e-05,0.000171
EIF4E3,-0.3536355,7.64e-05,0.000171
TRIM58,0.5005925,8.14e-06,0.000172
AGPAT3,0.2777055,7.71e-05,0.000172
LOC162137,0.32584,7.67e-05,0.000172
ESPN,-0.24430102,6.54e-05,0.000172
SERPINF1,-0.94647,8.25e-06,0.000173
TM2D2,-0.3056045,7.75e-05,0.000173
BORCS5,0.3037541,7.74e-05,0.000173
MAPKAPK5-AS1,0.4349875,8.32e-06,0.000174
GRIN2D,0.3416518,7.79e-05,0.000174
RBPMS-AS1,0.501415,8.28e-06,0.000174
SLC16A3,0.24070474,6.63e-05,0.000174
TRIM65,0.2700577,7.78e-05,0.000174
ORAOV1,-0.2526527,7.77e-05,0.000174
CACNA1B,0.2800132,7.8e-05,0.000174
ANXA2,-0.3864955,7.78e-05,0.000174
RNF112,0.3437177,7.78e-05,0.000174
ADH5,0.506145,8.36e-06,0.000175
ASXL2,-0.28579,8.35e-06,0.000175
WIF1,1.3618409,7.81e-05,0.000175
RTCB,-0.4500982,7.89e-05,0.000176
GPR20,0.2982559,7.88e-05,0.000176
PRDM2,0.44496,8.44e-06,0.000176
FAT3,-0.2919341,6.75e-05,0.000177
ABLIM3,0.2146968,6.74e-05,0.000177
FAM3B,-0.33686979,6.73e-05,0.000177
CLEC4G,0.3760127,7.94e-05,0.000177
PRAMEF8,0.2810273,7.92e-05,0.000177
SLC1A6,0.2734527,7.91e-05,0.000177
MYLK2,0.3127123,7.9e-05,0.000177
GLYCTK,0.2485136,7.9e-05,0.000177
ZNF202,-0.3008805,7.96e-05,0.000178
CALM1,-0.2697491,8e-05,0.000178
ASPHD1,0.2797859,8e-05,0.000178
NLRP14,-0.6082509,7.99e-05,0.000178
LOC102723655///TP53TG3B///TP53TG3D///TP53TG3C///TP53TG3,0.37327,7.99e-05,0.000178
MYL1,0.6378677,7.97e-05,0.000178
CRYGS///CRYGS,-0.455925,8.04e-05,0.000179
OLR1,1.3152391,8.05e-05,0.000179
OPRD1,0.4008318,8.01e-05,0.000179
QRICH2,0.3905241,8.05e-05,0.000179
DENND2A,-0.24068148,6.87e-05,0.00018
LITAF,-0.8156925,8.69e-06,0.00018
SERF1B,0.5177125,8.65e-06,0.00018
CELF1,-0.2677255,8.14e-05,0.000181
RNF113B,0.3528509,8.13e-05,0.000181
RRP12,0.23535952,6.9e-05,0.000181
MIR423,-0.3047495,8.1e-05,0.000181
FATE1,0.2821823,8.16e-05,0.000182
S1PR2,0.2689118,8.19e-05,0.000182
SLC25A4,0.4542664,8.17e-05,0.000182
NAT16,0.3107236,8.18e-05,0.000182
ELMO3,0.2715455,8.2e-05,0.000182
TNFSF14,-0.9964475,8.83e-06,0.000182
ZNF235,-0.3658118,8.21e-05,0.000183
RPL13AP17,-0.47388976,6.98e-05,0.000183
ARL3,-0.4065568,8.23e-05,0.000183
RHBDL1,0.2727355,8.23e-05,0.000183
SPTB,0.2313918,8.23e-05,0.000183
PRSS21,0.3892273,8.2e-05,0.000183
C2ORF71,0.2852555,8.22e-05,0.000183
BAG6,0.25023,8.84e-06,0.000183
NCOA6,0.2799764,8.28e-05,0.000184
ANAPC2,0.2833964,8.27e-05,0.000184
LRRC45,0.3034641,8.27e-05,0.000184
NTRK3,0.6383625,8.98e-06,0.000185
C6ORF48///SVIL,0.5761655,8.32e-05,0.000185
MPC1L,0.3800936,8.38e-05,0.000186
C11ORF87,0.3908941,8.39e-05,0.000186
MED14,-0.3142168,8.36e-05,0.000186
CALCRL,0.47044345,7.12e-05,0.000186
OPN1LW,0.23442262,7.14e-05,0.000186
RALYL,0.32803,8.44e-05,0.000187
EXTL1,0.3332295,8.42e-05,0.000187
PITX1,0.3832477,8.4e-05,0.000187
DLGAP3,0.3058573,8.44e-05,0.000187
LHB,0.4076641,8.4e-05,0.000187
PRG2,0.3249159,8.44e-05,0.000188
SMUG1,0.3787527,8.47e-05,0.000188
ACOT6,0.2737777,8.45e-05,0.000188
ZSCAN4,-0.4840895,8.5e-05,0.000189
SS18L1,0.2291064,8.52e-05,0.000189
LIN54,-0.2541132,8.56e-05,0.00019
MADCAM1,0.3357191,8.56e-05,0.00019
WIPI2,0.30983,9.28e-06,0.00019
RRAGC,0.20653807,7.29e-05,0.00019
LY75,-0.7718525,9.34e-06,0.000191
LHFPL3-AS2,3.3779595,2.45e-08,0.000191
TRIM32,-0.3427155,8.6e-05,0.000191
TRHDE-AS1,0.3283486,8.61e-05,0.000191
ARFIP2,0.2931473,8.61e-05,0.000191
LOC645769,0.4383368,8.6e-05,0.000191
USP32P1,-1.2192091,8.67e-05,0.000192
SPHKAP,0.4934859,8.67e-05,0.000192
SVOPL,-0.8437825,9.45e-06,0.000192
SFRP1,-0.53516099,7.37e-05,0.000192
CCL11,-1.666255,9.44e-06,0.000192
ZNF767P,0.3387891,8.72e-05,0.000193
GPR148,0.3985359,8.73e-05,0.000193
SNORD38A,0.28455875,7.39e-05,0.000193
VMA21,0.2174627,8.72e-05,0.000193
ADH1B,0.99107,9.57e-06,0.000194
BFSP2,-0.701955,9.54e-06,0.000194
ANXA6,0.5530364,8.78e-05,0.000194
KANSL1L,-0.4586664,8.83e-05,0.000195
GINM1,0.3353809,8.82e-05,0.000195
SLC5A2,0.3694145,8.82e-05,0.000195
LTF,-2.0040382,8.79e-05,0.000195
MCUR1,0.3821975,9.63e-06,0.000195
SLC9A6,-0.2834564,8.87e-05,0.000196
PI4K2A,0.2957645,8.85e-05,0.000196
FUCA1,-0.26918683,7.54e-05,0.000196
RPL24,0.19694814,7.51e-05,0.000196
LOC441242,0.2312882,8.89e-05,0.000197
ZFYVE9,0.28508,9.71e-06,0.000197
PKM,-0.3637145,8.97e-05,0.000198
MIR218-1,0.8723573,8.94e-05,0.000198
CHRNA3,0.2638541,8.93e-05,0.000198
TRPM5,0.4052073,8.95e-05,0.000198
COBL,0.492995,9.02e-05,0.000199
DGKI,-0.2768482,9e-05,0.000199
LOC100101478,-0.656385,9.85e-06,0.000199
BATF,-1.18372,9.84e-06,0.000199
NT5C1A,0.3245218,9.01e-05,0.000199
CAV2,0.730705,9.88e-06,0.000199
ERVMER34-1,0.3126564,9.05e-05,0.0002
CREG2,0.2769241,9.03e-05,0.0002
STK17B,-0.4420036,9.03e-05,0.0002
HKR1///HKR1,-0.19428411,7.7e-05,0.0002
KIF3C,0.3088032,9.06e-05,0.0002
LGALS12,0.4195409,9.06e-05,0.0002
CD48,-1.189135,9.93e-06,0.0002
MEIS2,0.4143895,9.1e-05,0.000201
ANO3,-0.7166595,9.09e-05,0.000201
ZHX2,0.3712186,9.1e-05,0.000201
SYT2,0.3096936,9.16e-05,0.000202
MYADML,0.30921,9.17e-05,0.000202
OR6V1,0.3762486,9.16e-05,0.000202
ZDHHC8P1,0.3401659,9.13e-05,0.000202
OR52N4,0.6487432,9.19e-05,0.000203
TSPAN13,0.7818675,1.01e-05,0.000203
XKR4,0.2918986,9.19e-05,0.000203
SLC25A51,-0.4037195,9.19e-05,0.000203
CHAT,0.3138032,9.25e-05,0.000204
ARFGEF3,0.2963575,1.02e-05,0.000204
LCP2,0.29429604,7.9e-05,0.000205
CEP131,0.2354755,9.29e-05,0.000205
ADAT3///SCAMP4,0.3034459,9.31e-05,0.000205
TMEM135,-0.3520941,9.3e-05,0.000205
FHL5,-0.9086436,9.31e-05,0.000205
WDR13,0.420455,1.03e-05,0.000206
C15ORF53,0.3512868,9.35e-05,0.000206
FAM169B,0.3206027,9.35e-05,0.000206
QTRT1,0.3054968,9.39e-05,0.000207
REEP2,-1.073555,1.03e-05,0.000207
FKRP,0.2741805,9.4e-05,0.000207
KIAA0895L,0.2977773,9.38e-05,0.000207
BCL2L12,0.3638695,9.41e-05,0.000208
TMTC2,-0.5125655,9.43e-05,0.000208
EIF6,0.5575773,9.42e-05,0.000208
HILS1,0.2934645,9.41e-05,0.000208
SLC38A5,0.27697927,8.05e-05,0.000209
OR6A2,-0.5834036,9.5e-05,0.000209
MS4A4A,0.4916036,9.52e-05,0.00021
CYP2A7P1,0.3917205,9.59e-05,0.000211
ANKRD62,-0.4309159,9.59e-05,0.000211
PRR32,0.4360595,9.6e-05,0.000212
BDKRB1,-1.9411675,1.06e-05,0.000212
DPP3,0.3868441,9.61e-05,0.000212
FAM3D,-0.35324969,8.17e-05,0.000212
EGF,0.30700815,8.2e-05,0.000212
ZSCAN5B///ZSCAN5A,0.19683021,8.2e-05,0.000212
CALML5,0.3139486,9.62e-05,0.000212
PPP1R14B///LIMK2,0.2845964,9.67e-05,0.000213
ADAM6,0.2665991,9.69e-05,0.000213
SIRT2,0.3883109,9.65e-05,0.000213
GALR1,0.3204677,9.65e-05,0.000213
VPS39,0.331595,1.07e-05,0.000213
ERMN,-0.5371005,9.69e-05,0.000213
ZAR1,0.2657232,9.7e-05,0.000214
RPL13P5,0.6377675,1.07e-05,0.000214
RPL23,-0.3863923,9.71e-05,0.000214
SNORA9///SNHG15,0.6007932,9.74e-05,0.000214
USP20,0.2545277,9.71e-05,0.000214
TIGD1,0.2760923,9.76e-05,0.000215
LOC151760,0.3813241,9.78e-05,0.000215
SDHA,0.4392425,1.08e-05,0.000216
C2ORF48,0.2567677,9.8e-05,0.000216
LURAP1,-0.21605522,8.34e-05,0.000216
PLA2G6,0.3443927,9.8e-05,0.000216
ADGRB3,0.6887675,1.08e-05,0.000216
TCF24,0.3450209,9.83e-05,0.000216
RNF32,-0.22618315,8.45e-05,0.000218
NCAN,0.3227373,9.97e-05,0.000219
PRPF6,-0.3856623,9.97e-05,0.000219
EN2,0.2772405,9.95e-05,0.000219
GEMIN5,0.5437,1.11e-05,0.00022
SLC6A12,0.3241586,0.0001,0.00022
OCR1,-0.35177088,8.58e-05,0.000221
SCG2,-0.3398673,0.0001,0.000221
RNF222,0.2849909,0.0001,0.000221
GANC///CAPN3,0.29545081,8.55e-05,0.000221
PEX6,0.3228205,0.000101,0.000222
MST1R,0.4199336,0.000101,0.000222
ARMC10,-0.2609941,0.000101,0.000222
F11R,0.4771,1.13e-05,0.000223
PCSK6,0.3761055,0.000102,0.000223
FAM212A,0.5080573,0.000101,0.000223
ERVFC1-1,0.4381709,0.000102,0.000223
NRBF2,0.19845171,8.65e-05,0.000223
GUCA1B,0.3072241,0.000102,0.000224
ABTB2,0.3827986,0.000102,0.000224
CD3EAP,0.2713273,0.000102,0.000224
CACNA2D4,0.32861,0.000103,0.000225
WFDC13,0.3298309,0.000103,0.000226
MYL10,0.2966927,0.000103,0.000226
MAPK8IP3,0.2207759,0.000103,0.000226
NADSYN1,0.2870523,0.000103,0.000226
GCM2,0.3660855,0.000104,0.000227
ENKD1,0.3543714,0.000103,0.000227
ZNF354A,-0.4702909,0.000104,0.000227
LOC100128310,0.3388232,0.000103,0.000227
DEFT1P2///DEFT1P,0.21456173,8.84e-05,0.000227
EIF1,0.2130955,0.000103,0.000227
C19ORF45,0.3189095,0.000103,0.000227
F8,0.59302819,8.85e-05,0.000228
HBZ,0.5546823,0.000104,0.000228
CHST7,0.3285068,0.000104,0.000228
KLK8,0.3106127,0.000104,0.000228
MIR130A,0.4046818,0.000104,0.000228
CKMT2,0.3773082,0.000104,0.000228
HIP1R,0.6164025,1.16e-05,0.000228
SRSF9,-0.27864,0.000104,0.000228
FNDC9,0.2888595,0.000104,0.000228
MUC19,0.2984314,0.000104,0.000228
SERINC5,0.2838014,0.000104,0.000229
IRF5,0.3116409,0.000105,0.000229
SNAPC3,0.2989618,0.000105,0.000229
PNMA2,-0.3799868,0.000105,0.000229
PCOLCE,0.499085,0.000104,0.000229
ALK///KIF5B///ALK,0.2896773,0.000105,0.00023
RBFA,0.2793955,0.000105,0.00023
STAT4,-0.9012875,1.17e-05,0.00023
FRG1,-0.326915,0.000105,0.00023
DMGDH,-0.3626291,0.000105,0.00023
LOC151121,0.3156764,0.000105,0.00023
AMPD3,-0.79564,1.18e-05,0.000231
FENDRR,1.48264,1.18e-05,0.000231
TMED3,0.3916995,0.000106,0.000231
RNASE10,0.4461964,0.000106,0.000231
SLCO4A1-AS1,0.3089468,0.000106,0.000232
LOC389199,0.3599468,0.000106,0.000232
HPCAL4,0.3682509,0.000106,0.000232
PPAN-P2RY11///PPAN///P2RY11,0.2048718,0.000106,0.000232
CCDC88C,-0.26050895,9.07e-05,0.000233
SUMO4,-0.3873714,0.000106,0.000233
MAP4K1,0.4171955,0.000107,0.000234
MIRLET7A2,0.4921932,0.000107,0.000234
MAGEB10,0.3181786,0.000107,0.000234
DONSON,-0.36735,1.2e-05,0.000234
ATXN10,0.2581891,0.000108,0.000235
CHRNG,0.3024795,0.000107,0.000235
PLPPR3,0.3632218,0.000108,0.000235
SEPT3,0.4761864,0.000108,0.000236
SLC5A11,0.286595,0.000108,0.000236
BEGAIN,0.2884427,0.000109,0.000237
ZNF488,0.2748077,0.000109,0.000238
MAGEB6,0.2795864,0.000109,0.000238
EOGT,-0.3782118,0.000109,0.000238
KHDRBS2,0.9378282,0.000109,0.000238
GCSHP3///LOC729080///LOC641746///GCSH,-0.3476409,0.00011,0.000239
APEX1,0.3011455,0.00011,0.000239
GIMAP1,1.3574425,1.23e-05,0.000239
ASGR1,0.2971345,0.00011,0.00024
TFPI2,-1.3606475,1.23e-05,0.00024
IGBP1P1,-0.5645782,0.00011,0.000241
SSUH2,-0.914005,1.24e-05,0.000241
DDHD2,-0.302725,0.000111,0.000241
RBM42,0.2763659,0.000111,0.000242
NUDT2,0.3420373,0.000111,0.000242
C1QTNF3,-0.8848925,1.25e-05,0.000242
ZNF503-AS1,0.69409,1.24e-05,0.000242
DDX3Y,-3.2706314,0.000111,0.000242
RPS14P3,0.4148223,0.000111,0.000243
ZBTB8A,0.49435,1.25e-05,0.000243
ATP13A4,0.601595,1.26e-05,0.000243
INVS,0.3741225,1.25e-05,0.000243
ANXA2P2,-0.3705545,0.000112,0.000243
SLC28A1,0.2920595,0.000112,0.000243
BRD3,0.2400227,0.000112,0.000244
HIST1H4K,-0.728025,1.26e-05,0.000244
HNRNPAB,0.1840955,9.52e-05,0.000244
GLYATL2,-0.20411552,9.6e-05,0.000246
GIMAP4,0.27793268,9.59e-05,0.000246
TOP3B,0.2670141,0.000113,0.000246
SHC3,0.6879686,0.000113,0.000246
CLEC4A,-0.5452905,0.000113,0.000246
MAGEA10-MAGEA5///MAGEA5,0.314115,0.000113,0.000246
KRT8P41,0.2590855,0.000114,0.000247
KTN1-AS1,0.2688391,0.000113,0.000247
FDFT1,0.5940275,1.28e-05,0.000247
GCC1,-0.299915,0.000114,0.000248
C16ORF74,-0.85874,1.29e-05,0.000248
DPM1,0.3919995,0.000114,0.000248
LOC100287869,0.19505249,9.73e-05,0.000249
YY1,0.1862741,0.000115,0.00025
RPN1,-0.3738391,0.000115,0.00025
FAAH,0.4194073,0.000115,0.00025
PAWR,-0.18501256,9.8e-05,0.000251
GBP5,-1.1009855,0.000115,0.000251
SYCN,0.3069459,0.000115,0.000251
OAZ3,0.2758073,0.000115,0.000251
CC2D2B,-0.6080064,0.000116,0.000252
KCNK12,0.3941655,0.000116,0.000253
MED20,-0.2939023,0.000117,0.000253
SPARC,0.4475273,0.000117,0.000253
GPC5,-0.41186597,9.87e-05,0.000253
TBX10,0.3103882,0.000117,0.000254
ERG,0.25275914,9.92e-05,0.000254
POU6F2,0.3718564,0.000117,0.000254
DENND6B,0.2870064,0.000117,0.000255
PLA2G4D,0.3735505,0.000117,0.000255
PAX5,-0.27142345,9.96e-05,0.000255
LRFN5,-0.19883371,0.0001,0.000256
PIRT,0.3246982,0.000118,0.000256
C1ORF140,0.4194482,0.000118,0.000256
HSPB7,0.4958727,0.000119,0.000257
NDUFAF6,-0.3175245,0.000118,0.000257
GRM4,0.2796523,0.000118,0.000257
LINC01126,0.3958427,0.000119,0.000258
LGALS9C///LGALS9B///LGALS9,0.3891995,0.000119,0.000258
ANKRD33B,0.3339732,0.000119,0.000258
ZMYM3,0.3488168,0.000119,0.000258
PTGDR2,0.3047705,0.000119,0.000258
GAGE10///GAGE12D///GAGE8///GAGE12F///GAGE2A///GAGE12H///GAGE12E///GAGE12B///GAGE12C///GAGE2D///GAGE12J///GAGE12G///GAGE13///GAGE2B///GAGE2E///GAGE12I///GAGE7///GAGE6///GAGE5///GAGE4///GAGE3///GAGE2C///GAGE1,0.3711007,0.000102,0.000259
BRD2,0.2722359,0.000119,0.000259
KRTAP10-10,0.3558995,0.000119,0.000259
UNG,0.4393118,0.000119,0.000259
RPL39,-0.2444775,1.36e-05,0.00026
BPIFB4,0.2859255,0.00012,0.00026
MAPK1IP1L,0.29292,0.00012,0.00026
SLC7A8,0.27936033,0.000102,0.000261
ICAM4,0.8628023,0.000121,0.000261
HES4,0.3345318,0.00012,0.000261
HSPB9,0.3357886,0.000121,0.000262
LINC00998,-0.3637964,0.000121,0.000262
FAM230B,0.6480141,0.000121,0.000262
OR5C1,0.2886168,0.000121,0.000262
CRK,0.5773625,1.37e-05,0.000262
LSM14B,0.2084786,0.000121,0.000262
ARHGDIG,0.3112495,0.000121,0.000263
OTP,0.2669295,0.000122,0.000263
FAM131B,0.2861568,0.000121,0.000263
ZBTB44,-0.3691755,0.000122,0.000264
TPM3///ROS1,-0.4746109,0.000122,0.000264
EIF4E1B,0.2768886,0.000123,0.000265
COQ4///COQ4,0.40339,0.000122,0.000265
PTPN22,-0.7749575,1.39e-05,0.000265
CACNA1G,0.2360886,0.000122,0.000265
AP5Z1///AP5Z1,0.2811823,0.000123,0.000266
CD19,-1.920075,1.4e-05,0.000267
HDGFRP3,-0.20907231,0.000105,0.000268
SH3BGRL3,0.3493641,0.000124,0.000268
LGALS17A,0.3476564,0.000124,0.000268
C6ORF163,-0.4568064,0.000124,0.000268
RAB34,-0.4105175,1.41e-05,0.000268
PIK3R6,0.3252791,0.000124,0.000269
GPRC5D,0.3571309,0.000124,0.000269
PRRG2,0.28335,0.000124,0.000269
LOC554174,0.2926964,0.000125,0.000271
PAQR9,0.2936395,0.000126,0.000272
TMLHE,-0.3439714,0.000126,0.000272
CWC25,-0.2594518,0.000126,0.000272
FGF22///FGF22,0.3321814,0.000126,0.000272
PSD,0.2667659,0.000126,0.000272
LOC339803,0.5024818,0.000126,0.000273
KRTAP4-1,0.3671773,0.000126,0.000273
PLCXD3,0.26963105,0.000107,0.000273
TMEM74B,0.470095,0.000127,0.000273
MIRLET7E,0.3617159,0.000126,0.000273
AURKA,-0.2369545,0.000108,0.000274
CCL3,0.5685095,0.000127,0.000274
IFIT2,-0.8731586,0.000127,0.000274
ACSS3,-0.7625114,0.000127,0.000274
FAM124A,0.3874468,0.000127,0.000274
SHANK1,0.3011332,0.000127,0.000274
OR52B4,0.33123,0.000128,0.000275
MARVELD2,0.478735,1.47e-05,0.000276
DKFZP564C152,0.7496775,1.47e-05,0.000276
MUL1,0.3581427,0.000128,0.000276
IL25,0.2828318,0.000128,0.000277
PP14571,0.40486,0.000129,0.000278
SMG6,0.2644314,0.000129,0.000278
PLPPR1,0.7204227,0.000129,0.000278
CCDC66,-0.3749495,0.000129,0.000279
FAM181A,0.3012773,0.000129,0.000279
OR10G3,0.3780114,0.000129,0.000279
NXNL1,0.266735,0.00013,0.00028
FLJ10038,0.4833675,1.5e-05,0.000281
NUMA1,-0.3540314,0.00013,0.000281
TRIM40,0.3771095,0.000131,0.000281
STMN4,0.3127555,0.00013,0.000281
C17ORF96,0.4050536,0.00013,0.000281
USP17L15///USP17L20///USP17L3///USP17L4///USP17L8///USP17L9P///USP17L6P///USP17L2,0.64512844,0.000111,0.000282
CEMP1,0.4278609,0.000131,0.000282
TNFSF4,-0.3304745,0.000131,0.000282
CEACAM20,0.3225418,0.000131,0.000282
LY6K,0.3541491,0.000131,0.000283
B4GALNT1,0.2766464,0.000131,0.000283
PPP6R2,0.2805755,0.000132,0.000283
HLA-DPB2,0.3836645,0.000132,0.000283
RPS10P7,0.352795,0.000132,0.000284
SRGAP2C,0.64416,1.51e-05,0.000284
C22ORF42,0.3730891,0.000132,0.000285
SNORA33///RPS12,0.19698708,0.000113,0.000286
PDZRN4,-0.24238086,0.000113,0.000286
LOC101059935///ANKRD20A8P,-0.6536518,0.000133,0.000286
C1ORF50,0.2445882,0.000134,0.000288
CCNJ,0.2865927,0.000134,0.000288
LOC100133331,0.3839125,1.54e-05,0.000288
NRCAM,-0.6883791,0.000134,0.000288
SNORA3B,0.24803874,0.000114,0.000289
KRT85,0.3929977,0.000135,0.00029
NLRP6,0.28768,0.000135,0.00029
PIAS1,0.4403577,0.000135,0.00029
OLIG2,0.3540277,0.000135,0.00029
DSTYK,-0.3240509,0.000135,0.000291
LAMTOR3,-0.3388405,0.000136,0.000291
COL12A1,-0.6211759,0.000136,0.000292
TANC1,0.20530761,0.000115,0.000292
ARHGAP30,0.24698356,0.000115,0.000292
CDKN2B,0.4412459,0.000136,0.000292
NELL1,-0.25791566,0.000116,0.000293
ERN1,0.23620512,0.000116,0.000293
SLC16A8,0.2807432,0.000137,0.000293
SLC35F1,0.3150777,0.000136,0.000293
ZNF831,-1.07412,1.58e-05,0.000294
ATP1B4,0.2966264,0.000137,0.000294
ZNF517,0.3089036,0.000137,0.000294
ASCL1,0.3773614,0.000138,0.000296
FLJ42627,0.4929809,0.000138,0.000296
PSD2,0.3077814,0.000138,0.000296
AGO4,0.324185,1.6e-05,0.000297
HS3ST6,-0.20238494,0.000117,0.000297
KRT78,0.2761373,0.000139,0.000298
GFPT2,0.55991967,0.000118,0.000298
SPIB,-0.99482,1.61e-05,0.000299
FAHD1,0.4003245,0.00014,0.0003
FLJ36840,-0.38604108,0.000119,0.0003
TXNDC5,-0.8312425,1.62e-05,0.000301
PSMA8,-0.254845,0.000141,0.000301
PELP1,0.2403336,0.00014,0.000301
GIGYF1,0.2835677,0.000141,0.000301
DLL3,0.3298991,0.000141,0.000302
LRRC14,0.3040655,0.000141,0.000303
SEMA6D,0.7122086,0.000141,0.000303
RIMS1,-0.31074354,0.00012,0.000303
GMPS,-0.3816041,0.000142,0.000303
PAX3,0.2440732,0.000142,0.000304
PHF23,0.3116864,0.000142,0.000304
RAB11A,0.3529825,1.64e-05,0.000304
OR10X1,-0.2574109,0.000142,0.000305
MIR139,0.3839236,0.000142,0.000305
SLC35F6///CENPA,0.3121295,0.000142,0.000305
SGO1,-0.4431955,0.000142,0.000305
CHRND,0.3301695,0.000142,0.000305
LRRN2,-0.8025925,1.65e-05,0.000305
IFIT1,-0.31280985,0.000121,0.000306
DCTPP1,0.5016286,0.000143,0.000306
LINC00504,0.2767855,0.000143,0.000307
NEK3,0.5796675,1.67e-05,0.000308
GAPDHS,0.3496005,0.000144,0.000309
CCDC96,-0.25153072,0.000123,0.00031
RTN3,-0.2734318,0.000145,0.00031
RAD23A,0.40673,1.68e-05,0.00031
LCE1A,0.2775823,0.000145,0.000311
DPH3P1,0.28491,0.000145,0.000311
IFI27L1,0.3195477,0.000145,0.000311
ARHGAP24,0.2836475,1.69e-05,0.000311
ANXA2P3,0.3303927,0.000145,0.000311
WDR83OS,0.6296486,0.000146,0.000312
TUB,0.2701914,0.000146,0.000312
GHRH,0.2679823,0.000147,0.000313
CT47A12///CT47A1///CT47A2///CT47A3///CT47A4///CT47A5///CT47A6///CT47A8///CT47A9///CT47A10///CT47A7///CT47B1///CT47A11,0.2610277,0.000146,0.000313
CDC37,0.3078223,0.000147,0.000313
CYSLTR2,-0.19812266,0.000125,0.000314
WDR6,0.4062227,0.000147,0.000314
WASL,0.2065064,0.000147,0.000314
LDLRAD3,0.20253786,0.000125,0.000315
GLIS1,-0.6268,1.72e-05,0.000316
FOXI1,0.3488691,0.000148,0.000316
TMC2,0.2634877,0.000148,0.000316
MRPL38,0.3467475,1.72e-05,0.000316
ZNF663P,-0.4043145,0.000148,0.000316
DDI2///RSC1A1,-0.3667768,0.000148,0.000317
SLC25A2,0.1838383,0.000126,0.000318
TCFL5,0.2931009,0.000149,0.000318
FAM20A,0.2746094,0.000128,0.000321
UQCRC2,-0.3455927,0.000151,0.000322
LINC00200,0.3184527,0.000151,0.000322
ARMCX2,-0.2841191,0.000151,0.000322
PTGIS,0.6540736,0.000151,0.000323
OR10G7///OR10G4///OR10G9///OR10G8,0.23474258,0.000129,0.000323
MEOX2,-0.38334737,0.000129,0.000324
IQCC,0.2968182,0.000152,0.000325
VEPH1,1.5522275,1.79e-05,0.000325
C15ORF57,0.4421236,0.000153,0.000326
REG4,0.3052005,0.000154,0.000328
EIF2B5,-0.3600932,0.000155,0.000329
HMX1,0.2483605,0.000154,0.000329
PDIA5,0.3402418,0.000154,0.000329
SIMC1,0.41659,1.81e-05,0.000329
IL36A,0.3293286,0.000155,0.00033
DLX4,0.3090432,0.000155,0.00033
TMEM184A,-0.9619025,1.82e-05,0.00033
HIGD1A,-0.2977936,0.000155,0.00033
MOCS3,-0.3427991,0.000155,0.000331
RETN,0.2893782,0.000156,0.000332
PRPS2,-0.3067675,1.84e-05,0.000333
DEGS2,-0.21308869,0.000133,0.000333
TXNL4B,0.355955,0.000157,0.000334
AGPAT4,-0.17871098,0.000133,0.000334
GPATCH2L,-0.3504814,0.000157,0.000334
SH2D4A,0.21872945,0.000134,0.000334
MOB3C,0.3469541,0.000157,0.000334
MS4A10,0.4219714,0.000157,0.000335
LINC00052,0.2887327,0.000158,0.000336
TP53TG1,0.3694105,0.000158,0.000337
MIR191,0.2070732,0.000158,0.000337
S100P,0.4424941,0.000159,0.000338
JSRP1,-1.62657,1.89e-05,0.00034
PIP4K2B,0.2816105,0.00016,0.00034
DOK6,0.5127514,0.00016,0.000341
CRYBB2,0.290795,0.00016,0.000341
ASH2L,-0.2617659,0.00016,0.000341
CAPN3,0.6415125,1.89e-05,0.000341
ARHGEF18,0.2814391,0.00016,0.000341
CENPVL2///CENPVL1,0.3655505,0.00016,0.000341
FNBP1,-0.3321536,0.000161,0.000342
PPP1R1C,0.5011182,0.000161,0.000342
LOC374890,0.2690675,1.9e-05,0.000343
ZSCAN30,-0.3920505,0.000163,0.000345
EPB41L4A-AS1,0.18613208,0.000138,0.000345
PADI1,0.2552945,0.000163,0.000346
ATOH1,0.3449973,0.000163,0.000346
WNT8B,0.2544773,0.000163,0.000347
LRTM1,0.4025809,0.000163,0.000347
POU4F3,0.3107445,0.000164,0.000347
TSPAN16,0.2511905,0.000163,0.000347
ZAR1L,0.2715809,0.000163,0.000347
PI16,0.8683395,0.000163,0.000347
ZFP64,0.2780814,0.000164,0.000348
LOC100996634,-0.26066577,0.00014,0.000349
LINC00176,0.3127041,0.000166,0.000351
UMODL1-AS1,0.2894398,0.000141,0.000351
SLITRK1,0.3548486,0.000165,0.000351
VPS53,0.2732395,0.000166,0.000351
MIR128-1,-0.3188145,0.000166,0.000351
C4ORF46,-0.30334804,0.000141,0.000351
SLC35G4///SLC35G6///SLC35G3///SLC35G5,0.2728186,0.000166,0.000352
PNLIPRP3,-0.6261986,0.000167,0.000353
ILKAP,0.2035225,1.98e-05,0.000353
STH,0.3821732,0.000167,0.000354
C19ORF57,0.3312455,0.000167,0.000354
IFI16,-0.6585725,1.98e-05,0.000354
NLRP7,-0.5642525,1.98e-05,0.000354
MRM2,-0.3360064,0.000167,0.000355
MIR154,0.18364187,0.000142,0.000355
LOC403323,0.221355,1.99e-05,0.000355
NLGN2,-0.4726075,1.99e-05,0.000356
MRPS33,-0.3302668,0.000168,0.000356
RNA45S5///RNA28S5,-0.1468227,0.000169,0.000357
FAM27B,0.35613,0.000169,0.000357
ZNRF3-AS1,0.3510541,0.000168,0.000357
CCL4,0.7543223,0.000168,0.000357
TMEM268,0.2948318,0.000168,0.000357
SEZ6,0.29013,0.000169,0.000357
ANKRD33,0.3010695,0.000169,0.000357
SIPA1,0.4221825,2e-05,0.000357
RHOBTB3,-0.4547741,0.000169,0.000358
SLC12A8,0.17351166,0.000144,0.000359
LPIN2,0.20096363,0.000144,0.000359
PPP2R3C,0.21048591,0.000144,0.000359
CATSPER1,0.278565,0.000169,0.000359
DHTKD1,0.401195,2.01e-05,0.000359
GLRX5,0.21329652,0.000145,0.00036
MIR155HG,-0.6283075,2.02e-05,0.00036
BCR,0.5106325,2.04e-05,0.000362
SHROOM4,0.6157225,2.04e-05,0.000362
TLL1,-0.32722199,0.000145,0.000362
UTP23,-0.3512432,0.000172,0.000363
GRIN3B,0.3214091,0.000171,0.000363
TPO,0.48606,2.04e-05,0.000363
FREM3,0.5396982,0.000171,0.000363
RNF25,0.2926909,0.000172,0.000364
UBTF,-0.265715,2.06e-05,0.000365
TNXB,-0.6254475,2.06e-05,0.000365
SNHG11,0.359845,2.07e-05,0.000366
ADAMTSL3,0.36443614,0.000147,0.000366
MX2,-0.86321,2.07e-05,0.000366
MRPL23,0.46754,0.000173,0.000366
SPDYE7P,0.24982492,0.000147,0.000366
BECN1,-0.371525,0.000173,0.000366
S100A1,0.3987991,0.000173,0.000366
GNB3,0.314805,0.000173,0.000366
LIPT1,0.2851736,0.000173,0.000367
ZBTB48,0.25335,0.000174,0.000367
LOC102723566,0.2581814,0.000174,0.000368
SPINK1,-2.11393,2.08e-05,0.000368
BCKDK,0.3791541,0.000175,0.000369
PRR35,0.3040245,0.000174,0.000369
PTRHD1,0.4854132,0.000176,0.000372
MEST,0.5491745,0.000176,0.000372
RYK,0.2256282,0.000177,0.000373
SMAD3,-0.4563375,2.13e-05,0.000374
CCDC6,0.2978814,0.000178,0.000376
PIK3R4,0.351655,2.15e-05,0.000377
ZNF829,-0.2482859,0.000179,0.000377
SLC38A8,0.2824845,0.000179,0.000377
MMP21,0.2872795,0.000179,0.000377
MCHR1,0.3035618,0.000179,0.000378
POLR1E,0.20487185,0.000152,0.000379
ZNF408,0.3011045,0.00018,0.00038
C22ORF29///GNB1L,0.2756373,0.00018,0.00038
ASRGL1,1.0202675,2.17e-05,0.00038
DHRS3,0.5503427,0.00018,0.00038
TRUB2///TRUB2,0.3995714,0.00018,0.00038
PNO1///PNO1,0.26857379,0.000153,0.00038
GPAT3,0.26383101,0.000154,0.000381
PRSS57,0.3495236,0.000181,0.000381
PAM16,0.26676,2.17e-05,0.000381
MRPS6///SLC5A3,-0.3861682,0.00018,0.000381
C8ORF17,0.2844895,0.000181,0.000382
ANG,0.634245,2.19e-05,0.000383
USP9Y,-2.5173077,0.000181,0.000383
RGS17,-0.38663,2.19e-05,0.000383
SLC36A2,0.2699445,0.000181,0.000383
OTOP2,0.3521736,0.000182,0.000384
MON1A,0.2575809,0.000182,0.000384
IPMK,0.3533864,0.000182,0.000384
RGS7,0.2493859,0.000182,0.000385
LOC100129503,0.3538482,0.000183,0.000386
C17ORF58,0.2693573,0.000183,0.000386
LOC143188///VTI1A,0.31804776,0.000156,0.000386
SOGA3///KIAA0408,0.34206248,0.000156,0.000386
LHFPL1,-0.363125,0.000184,0.000387
BACH2,0.21384104,0.000156,0.000387
UTP18,0.22383065,0.000156,0.000387
CYB561,0.5090118,0.000184,0.000388
DET1,-0.5740855,0.000184,0.000388
RPL36AL,-0.5212323,0.000184,0.000388
CNTN6,0.73309,2.23e-05,0.000388
PPP1R3B,-0.5965125,2.23e-05,0.000388
SH2D7,0.3403045,0.000185,0.00039
KRTAP5-10,0.25221389,0.000158,0.00039
SMG8,0.18872909,0.000157,0.00039
TEAD1,0.3249505,0.000185,0.00039
LOC100506699,1.0325225,2.25e-05,0.00039
NFAT5,-0.3327005,0.000186,0.000391
CHST8,0.2359795,0.000186,0.000391
SLC22A9,0.2773845,0.000186,0.000391
TCP10L2///TCP10,0.2510623,0.000186,0.000392
MUC7,0.2829059,0.000187,0.000393
CLDN23,0.3216514,0.000187,0.000393
RASD2,-0.19129115,0.000159,0.000393
LINC01620,0.3687541,0.000187,0.000393
ZNF613,-0.3258832,0.000187,0.000394
SLC35E2,0.3761614,0.000187,0.000394
GSTTP2///GSTTP1,0.3224136,0.000187,0.000394
INHBE,0.3497527,0.000187,0.000394
IPPK,0.2789127,0.000188,0.000395
ALDH2,0.4363009,0.000188,0.000395
GPR25,0.362915,0.000188,0.000395
SCARNA11,0.2513259,0.000189,0.000396
CMTM7,-0.53269,2.29e-05,0.000396
WHRN,0.3721777,0.000189,0.000398
PRAMEF20,0.30557,0.000189,0.000398
PIANP,0.3105105,0.00019,0.000399
CDKN2C,-0.2396,0.00019,0.000399
DLEU7,0.3422245,0.00019,0.000399
FOSL1,0.4707795,0.00019,0.0004
NSFL1C,-0.2210782,0.00019,0.0004
RNF152,0.25920379,0.000162,0.000401
KIAA1614,0.2720277,0.000191,0.000401
RPRML,0.3442482,0.000192,0.000402
INPP5D,-0.20474296,0.000163,0.000402
NEK6,-0.75171,2.33e-05,0.000402
WWP2,0.2618045,0.000192,0.000403
RUFY4,0.3096182,0.000192,0.000403
CALHM1,0.2869323,0.000192,0.000403
ZNF674,-0.442935,0.000192,0.000403
TANC2,0.27609999,0.000163,0.000403
RPL10L,0.3503941,0.000193,0.000405
GPR26,0.3311109,0.000193,0.000406
PRAMEF15///PRAMEF20,0.321175,0.000194,0.000407
EGLN2,0.5054075,2.37e-05,0.000407
TTYH1,0.3212214,0.000195,0.000408
TMOD4,0.3276018,0.000195,0.000409
GRAMD4,0.292605,0.000195,0.000409
HMGA1,0.3715432,0.000195,0.000409
MIR140,-0.3887527,0.000196,0.00041
CDC123,-0.2796195,0.000196,0.00041
NTSR2,0.3075423,0.000196,0.000411
LOC101060524///DRD5P2,-0.5126475,2.39e-05,0.000411
OR52W1,0.3645223,0.000196,0.000411
SLC7A14,0.2950755,0.000197,0.000412
ASB16,0.2424436,0.000197,0.000412
PGLYRP2,0.3299091,0.000197,0.000412
TPD52L1,-0.19384643,0.000168,0.000414
FAM166A,0.4164305,0.000198,0.000414
C9ORF152,0.7682791,0.000198,0.000414
FLJ90680,0.3167959,0.000197,0.000414
LOC401557,0.30042,0.000198,0.000415
DNAJC19,-0.3636259,0.000198,0.000415
LMO2,0.2561473,0.000199,0.000417
ZNF791,-0.3879368,0.0002,0.000418
MFSD6,0.4232875,2.45e-05,0.000418
KRTAP5-11,0.3227841,0.0002,0.000418
CD1B,-0.4852225,2.45e-05,0.000418
TOP1,-0.5007905,0.0002,0.000418
STOM,0.2933455,0.0002,0.000419
GNGT2,0.3591855,0.0002,0.000419
G6PC2,0.4096723,0.000201,0.00042
GPR158,0.39035,0.000201,0.000421
C16ORF82,0.25855,0.000202,0.000421
OGDH,0.46092,2.48e-05,0.000422
CYP4F8,0.3398277,0.000202,0.000423
MIRLET7D,-0.3919109,0.000202,0.000423
LOC102724507///LOC100509620///AQP7P1///AQP7,0.30653247,0.000172,0.000424
HMP19,0.2470618,0.000203,0.000424
IGFL2,-0.17557876,0.000173,0.000426
TFAP2C,-0.5686914,0.000204,0.000426
MAGEF1,0.2357123,0.000205,0.000427
MAGEA8,0.3946668,0.000205,0.000428
MOP-1,0.6658105,0.000205,0.000428
MRGPRG-AS1,0.3865032,0.000205,0.000428
FCRL3,-0.27774483,0.000174,0.000429
CATSPER2,-0.5487336,0.000206,0.000429
ARSE,0.6485482,0.000206,0.000429
LOC729603,0.21479616,0.000175,0.00043
ZNF530,-0.2635632,0.000206,0.00043
UBE2G1,0.2420868,0.000206,0.00043
DAOA,0.3095632,0.000207,0.000431
SOHLH1,0.3404741,0.000206,0.000431
EBF1///PDGFRB,-0.6759682,0.000207,0.000432
ACKR1,0.78931,0.000207,0.000432
ZNF285,-0.4074964,0.000207,0.000432
SLC2A10,0.3641432,0.000207,0.000433
LOC100132731///KIAA1257,-0.19380694,0.000176,0.000433
MSX2,0.3946368,0.000207,0.000433
SNORA65,0.5135123,0.000208,0.000434
TNFAIP8,-0.48014,2.56e-05,0.000434
CARD14,0.2720709,0.000209,0.000435
CCDC15,-0.4301814,0.000209,0.000436
LOC100509814,0.17815538,0.000178,0.000436
UTS2R,0.3360236,0.00021,0.000437
AFP,0.3228341,0.00021,0.000438
GLUD2,-0.4548355,0.00021,0.000438
LCN6,1.0661,2.59e-05,0.000438
SNORD115-42///SNORD115-40///SNORD115-21///SNORD115-6,-0.3411323,0.000211,0.000439
ANKRD35,-0.2908464,0.00021,0.000439
EEF1A1///EEF1A1,-0.5063045,0.000211,0.00044
CFTR,-1.0004627,0.000211,0.00044
PBXIP1,-0.4403425,2.61e-05,0.00044
SULT1C2,-0.33538814,0.00018,0.000441
MLH1,-0.311355,0.000213,0.000444
TSPAN10,0.3119041,0.000213,0.000444
LIPA,-0.4961164,0.000214,0.000446
ZNF675,-0.2063794,0.000182,0.000447
LOC101930169///PRAMEF15///PRAMEF6///PRAMEF11///PRAMEF4///PRAMEF18///PRAMEF10///PRAMEF9///PRAMEF5,0.228303,0.000183,0.000447
RPA3,-0.19395234,0.000183,0.000449
LMX1A,0.3213127,0.000216,0.00045
KCNB2,0.35449,0.000217,0.00045
LOC100129888///NIF3L1,-0.5029323,0.000217,0.000451
SPIRE2,0.3250077,0.000217,0.000452
WBP1L,0.2457364,0.000218,0.000453
TAF1L,-0.2852091,0.000218,0.000453
LINC00216,-0.3309582,0.000218,0.000453
OR1D4///OR1D5///OR1D2,0.3136514,0.000218,0.000453
MSX1,0.320535,0.000218,0.000453
LAPTM5,0.26929989,0.000186,0.000454
NMUR2,0.8207391,0.000219,0.000454
GAS7,-0.2885477,0.000218,0.000454
SETDB1,-0.2748536,0.000219,0.000454
LOC152048,0.3128436,0.000218,0.000454
FLJ38576,0.2722709,0.00022,0.000456
FEZF2,0.3714741,0.00022,0.000456
CT83,0.4172427,0.00022,0.000456
JPH4,0.2989905,0.000222,0.00046
LOC101928370,0.62339,2.76e-05,0.000461
UBE4A,-0.5320627,0.000223,0.000462
LBP,0.3189357,0.00019,0.000463
STX18,-0.3060682,0.000223,0.000463
LOC729970,0.307275,2.77e-05,0.000463
TRAT1,-0.8929175,2.78e-05,0.000464
HRASLS,-0.4680275,2.78e-05,0.000464
DNMT3A,-0.3843525,2.78e-05,0.000464
PCSK1,-0.8578159,0.000224,0.000464
HRK,-0.2136921,0.000191,0.000465
MRPS18B,0.3511075,2.8e-05,0.000466
GKAP1,-0.3879709,0.000224,0.000466
C7ORF13,0.3676345,0.000226,0.000468
MYLK3,-0.21498998,0.000192,0.000468
MIR181C,0.3009705,0.000226,0.000468
CDCP2,0.3197541,0.000227,0.00047
TIPARP,-0.6637995,0.000227,0.000471
CD14,0.28848208,0.000193,0.000471
ALG1,0.3114186,0.000227,0.000471
KRTAP19-6,0.3142273,0.000228,0.000472
CTRB2///CTRB1,0.3208164,0.000228,0.000472
PHF11,-0.3015218,0.000228,0.000472
RPSAP36///RPSAP19///RPSAP9///RPSAP58///RPSAP15///RPSA,0.18729749,0.000194,0.000472
SYNGR4,0.3338705,0.000228,0.000473
EEF1E1-BLOC1S5///EEF1E1,0.4427782,0.000229,0.000473
MGC16025,-1.2741375,2.86e-05,0.000474
ZNF707,0.3186845,0.000229,0.000474
RP1L1,0.3043605,0.000229,0.000475
TIMM23B///TIMM23,0.2875209,0.000229,0.000475
TNFSF11,-0.445315,2.87e-05,0.000476
HNF1A,0.336895,0.00023,0.000476
CATSPER3,-0.3091141,0.000231,0.000478
TMEM210,0.4025045,0.000231,0.000478
TPRX1,0.4791923,0.000231,0.000478
DEFB136,0.3168523,0.000231,0.000479
LINC00969,0.6808014,0.000232,0.000479
TAS2R5,0.3110095,0.000232,0.00048
TNFAIP8L3,-0.3046968,0.000233,0.000481
ITGB3,-0.9408025,2.91e-05,0.000482
NRAS,-0.3113027,0.000233,0.000482
CSAG2///CSAG4///CSAG3///CSAG1,0.3579455,0.000233,0.000482
PDE6A,0.2868964,0.000233,0.000482
ZNF749,-0.7097695,0.000233,0.000482
LOC388882,0.3260314,0.000234,0.000483
EME2,0.2769091,0.000235,0.000485
RPS15A,0.513,0.000235,0.000486
BTF3L4,-0.2572286,0.000236,0.000487
GSDMB,-0.22040312,0.0002,0.000487
ALG5///ALG5,-0.3777805,0.000236,0.000487
TTTY7B///TTTY7,0.2677891,0.000236,0.000489
CRYZ,-0.6018873,0.000237,0.00049
ATG9B,0.2597223,0.000238,0.000491
ABHD2,-0.19205478,0.000203,0.000493
MRPL58,0.336245,0.000239,0.000493
SELL,0.41378167,0.000203,0.000493
SLC25A30,-0.4476973,0.000239,0.000494
CILP,-0.8076455,0.000239,0.000494
NDUFA9,0.3691427,0.000239,0.000494
ANP32AP1///ANP32C///ANP32A,-0.3029036,0.000239,0.000494
PREX2,-0.5659495,0.00024,0.000495
KRTAP10-1,0.33766,0.00024,0.000496
ELP6,0.3092891,0.000241,0.000497
TRAF3IP3,-1.14578,3.03e-05,0.000497
ALDH1A2,-0.4113232,0.000241,0.000497
PCDHB4,-0.39346014,0.000205,0.000498
MIR30C2,-0.5929336,0.000242,0.000498
GINS2,0.3274982,0.000242,0.000499
ATP6V1E1,0.23134113,0.000205,0.000499
ATP8B2,-0.5376,3.06e-05,0.000502
LAMC2,-0.33684078,0.000207,0.000502
FTH1P5///FTH1P3///FTH1,0.20075,0.000244,0.000503
MAGEB17,0.2864155,0.000244,0.000504
ADSSL1,0.3197636,0.000246,0.000508
ADAM8,0.18785014,0.00021,0.000509
KIRREL3-AS3,0.2652273,0.000247,0.000509
CH25H,0.9650686,0.000247,0.00051
CLEC11A,-0.6432525,3.13e-05,0.00051
RSBN1,-0.2541314,0.000248,0.00051
TUBGCP4,0.2920945,0.000249,0.000512
GP5,0.3725295,0.000249,0.000513
BICDL2,0.3234055,0.00025,0.000514
TUSC5,0.3424905,0.00025,0.000514
BRD1,0.2190186,0.00025,0.000515
GPR176,-0.20644,3.17e-05,0.000515
CDRT1///FBXW10,-0.27341071,0.000214,0.000518
DDX43,-0.74453,0.000251,0.000518
KCTD21,0.30917,0.000252,0.000518
KPNA2,-0.4658282,0.000252,0.00052
QRFPR,0.8134255,0.000253,0.000521
SFT2D1,0.2104313,0.000215,0.000521
SPRYD3,0.3550955,0.000253,0.000521
LOC100134317///LOC284412,0.3107791,0.000254,0.000522
PARP15,-0.5573782,0.000254,0.000523
TOR3A,-0.482445,3.23e-05,0.000523
MAGI3,0.593665,3.24e-05,0.000525
LRCOL1,1.24252,3.24e-05,0.000525
LOC101929122,-0.4872625,3.25e-05,0.000525
MLN,0.2040045,0.000256,0.000526
C10ORF55,0.2818877,0.000256,0.000527
COL9A1,0.2758823,0.000257,0.000529
ZNF703,0.28903,0.000257,0.000529
UQCRB,-0.4133627,0.000257,0.000529
LGALS14,0.2795045,0.000258,0.00053
UPK3A,0.3380836,0.000258,0.00053
DDX19A,-0.2241636,0.000258,0.000531
CRB3,0.3281191,0.000258,0.000531
MUS81,0.2289877,0.000258,0.000531
HFM1,-0.5744318,0.000258,0.000531
BTBD3,-0.4155041,0.000259,0.000532
ADH1C,-0.3919186,0.000259,0.000532
CFAP20,0.37566,0.000259,0.000532
PAK1IP1,-0.5085541,0.00026,0.000533
SPPL2C,0.3001691,0.000259,0.000533
SLC5A10,0.3178505,0.00026,0.000534
ABCA7,0.2644664,0.00026,0.000534
SOWAHC,0.23099778,0.000221,0.000535
DNMT3B,0.2861495,0.00026,0.000535
ADH4,-0.4474664,0.000261,0.000536
TPRXL,0.3310164,0.000261,0.000536
MIR211,0.3053536,0.000262,0.000537
KRT36,0.2893359,0.000262,0.000537
SLC22A20,0.2475127,0.000261,0.000537
C2ORF42,-0.3326241,0.000262,0.000538
IGFBP1,0.2973845,0.000262,0.000539
C11ORF86,0.2436523,0.000262,0.000539
RRAGD,0.23650403,0.000224,0.00054
FMO9P,0.2833205,0.000264,0.000541
DDX11L9///DDX11L5///DDX11L1///DDX11L10///DDX11L16///DDX11L2///DDX11L5,0.3904473,0.000263,0.000541
MAP7,-0.439765,0.000263,0.000541
MORN4,0.3678736,0.000264,0.000542
ZNF862,0.2687232,0.000264,0.000542
ACTR1B,0.2813659,0.000265,0.000543
PTP4A3,0.5379809,0.000265,0.000544
GLRA4,0.2925191,0.000266,0.000544
CST9L,0.38949,0.000266,0.000545
ACTR3C,-0.4115555,0.000266,0.000545
BPIFB3,0.2912168,0.000266,0.000545
TRH,0.3591745,0.000266,0.000546
TACC1,0.19039308,0.000226,0.000546
SERPINB4,-0.23857957,0.000227,0.000547
OR51S1,0.2674486,0.000267,0.000547
MRPL45,0.3010541,0.000267,0.000548
IGFN1,0.3039245,0.000268,0.000548
PRR26,0.2303345,0.000268,0.000549
STRA8,0.2886041,0.000268,0.000549
ZNF528,-0.23646937,0.000228,0.00055
ADAT3,0.3098736,0.000268,0.00055
APLN,0.9584877,0.000268,0.00055
GPAT2,0.3091386,0.000268,0.00055
SLC22A2,0.3375464,0.000269,0.000551
NECAP1,0.18135961,0.000229,0.000552
DUSP16,0.19342193,0.000229,0.000552
ATP2A1,0.2928964,0.00027,0.000553
PRODH2,0.3227282,0.00027,0.000553
TXLNGY,-2.3880618,0.00027,0.000553
SVEP1,0.77483,3.46e-05,0.000555
PPP1R17,0.320975,0.000271,0.000555
CD300LD,0.3369973,0.000272,0.000557
IL13RA1,-0.2492491,0.000272,0.000557
FBXO41,-0.4264975,3.47e-05,0.000557
PPM1M,0.17674167,0.000232,0.000558
RANBP17,-0.6592582,0.000273,0.000558
FASTKD5///UBOX5,0.2355218,0.000273,0.000559
PNPLA1,0.2603559,0.000274,0.00056
BTBD11,-0.4653225,3.49e-05,0.00056
ARHGEF40,0.3703482,0.000275,0.000561
STK36,-0.28694377,0.000234,0.000562
BCL2,-0.5910975,3.52e-05,0.000562
MYL6B,-0.40055,3.52e-05,0.000562
HMGCLL1,-0.2352898,0.000235,0.000564
CLDN4,0.7705014,0.000277,0.000566
TRPM3,0.329265,3.56e-05,0.000566
RITA1,0.3287459,0.000277,0.000566
FGF17,0.3448991,0.000277,0.000566
OGDHL,0.2733077,0.000278,0.000568
TCEANC,-0.4028309,0.000278,0.000568
CCDC28B,0.2492395,0.000278,0.000568
ANKRD27,0.393815,3.58e-05,0.000569
DGKB,-0.3442086,0.000279,0.000569
MRGPRX4,0.20176997,0.000237,0.000569
ESPL1,0.2500236,0.000279,0.00057
USF2,0.2782191,0.00028,0.000573
ANKFY1,-0.4354895,0.000281,0.000573
EIF4G1,-0.28063,0.000281,0.000573
BNIP3L,0.3312864,0.000282,0.000575
ZNF492,-0.19397054,0.00024,0.000575
CADM1,0.6724555,0.000283,0.000576
KRTAP4-4,0.3631759,0.000282,0.000576
C6ORF222,0.2492427,0.000283,0.000577
GCAT,0.3404295,0.000283,0.000577
PRR20E///PRR20D///PRR20C///PRR20B///PRR20A,0.2254714,0.000284,0.000578
RPS21,0.19005008,0.000242,0.00058
MRPS23,0.18844768,0.000242,0.000581
HSPG2,0.4165573,0.000285,0.000581
UBFD1,0.2625023,0.000286,0.000582
GRAP2,-0.2657149,0.000243,0.000582
NPVF,0.3171505,0.000286,0.000582
IQCJ-SCHIP1///SCHIP1,0.2939718,0.000286,0.000583
HSF5,0.2527964,0.000287,0.000584
OGFRP1,0.32558,0.000288,0.000586
CATSPERD,0.3077309,0.000288,0.000586
CLEC4M,0.6795955,0.000289,0.000589
SERPINB6,0.36427,3.73e-05,0.000589
DSTN,0.5543375,3.74e-05,0.00059
OTUD7A,0.289325,0.00029,0.00059
LOC254028,0.3046386,0.000291,0.000591
NXPH1,0.3295255,0.000291,0.000592
BTN3A1,-0.27477438,0.000247,0.000592
ZCCHC18,-0.3359295,0.000291,0.000592
LOC100131373,0.2526364,0.000292,0.000593
TRAM2-AS1,0.33311,3.78e-05,0.000596
LOC400576,0.3053468,0.000293,0.000596
KIF25-AS1,0.2699545,0.000293,0.000596
CHRNA1,0.3208891,0.000294,0.000598
C1ORF216,0.2683995,0.000294,0.000598
BMP8B///BMP8B,0.18069222,0.00025,0.000599
PCDH8,0.2693468,0.000296,0.000601
LOC102724238///LOC554249///GLIDR,0.3851936,0.000296,0.000601
XAF1,-0.29063145,0.000252,0.000602
PRODH,0.775665,3.83e-05,0.000602
MAFB,0.18361769,0.000252,0.000603
FCMR,-0.458155,3.85e-05,0.000604
LPO,0.2976286,0.000298,0.000605
ANP32A,-0.3560141,0.0003,0.000608
KANSL3,0.27001,0.000299,0.000608
OR6N1,0.3525023,0.0003,0.000609
JUN,0.5668541,0.0003,0.00061
MYO1G,0.4959695,0.000301,0.00061
NRG1,-0.29109537,0.000256,0.00061
POLE3,0.2421345,0.000301,0.000611
UNC80,0.2013177,0.000301,0.000611
WDR90,0.2877623,0.000301,0.000611
LIME1,-0.40526,3.9e-05,0.000612
PDK3,0.3539291,0.000302,0.000612
C9ORF50,0.2733386,0.000302,0.000613
TSPOAP1-AS1,-0.4113875,3.92e-05,0.000614
ABCA4,-0.6694725,3.93e-05,0.000616
CXCL11,0.7857741,0.000305,0.000618
F2R,0.5485518,0.000305,0.000618
ANKRD53,0.3045564,0.000305,0.000618
ANGPTL1,0.3201175,3.96e-05,0.000618
RAMP1,-1.167465,3.95e-05,0.000618
TMSB4Y,-0.22671605,0.000259,0.000618
C11ORF21,0.2638714,0.000305,0.000619
CALY,0.3417555,0.000305,0.000619
GVINP1,-0.8126555,0.000306,0.00062
C17ORF62,0.3016327,0.000306,0.000621
DSN1,0.3372741,0.000306,0.000621
ENOSF1,0.20565499,0.00026,0.000621
CLVS1,0.2211936,0.000308,0.000623
SERPINB11,-0.40952142,0.000261,0.000623
NPHS2,0.3066259,0.000308,0.000624
KRT35,0.2947623,0.000309,0.000625
ARHGEF28,-0.25478616,0.000262,0.000625
MARCH9,0.2986559,0.00031,0.000627
SCAI,0.768795,4.02e-05,0.000627
PPME1,-0.18220591,0.000264,0.000627
CTNND1,0.30555,4.03e-05,0.000627
FXYD6-FXYD2///FXYD2,0.3075136,0.00031,0.000627
DAOA-AS1,0.2775427,0.00031,0.000627
CTSB,-0.2954136,0.00031,0.000628
PLCXD2,0.3017777,0.000311,0.000629
PPP2R5D,0.2662818,0.000312,0.000631
LINC00892,-1.3173,4.08e-05,0.000632
GPR160,-0.4728877,0.000312,0.000632
ITIH3,0.3068386,0.000313,0.000634
TUBA3FP,-0.21860951,0.000267,0.000635
RASL11A,0.3992177,0.000315,0.000636
SPOCD1,-1.1482825,4.12e-05,0.000638
PDYN,0.3183495,0.000317,0.000641
ABHD12B,-0.31819509,0.000269,0.000641
FCGR1CP///FCGR1B///FCGR1A,0.49223518,0.00027,0.000643
STT3A,-0.3435545,0.000318,0.000644
NINL,-0.225255,0.000319,0.000644
NIPAL4,0.3063673,0.000319,0.000645
TTC16,-0.18953164,0.000272,0.000645
ALDH5A1,-0.20556328,0.000272,0.000645
SSTR5-AS1,-0.3974659,0.00032,0.000647
CD72,0.2633259,0.00032,0.000647
TACO1,0.2801282,0.000321,0.000649
OR10J3,0.3138259,0.000321,0.000649
PXK,0.3501,4.22e-05,0.00065
NOTCH2,-0.3628055,0.000324,0.000653
TMEM266,-0.3442218,0.000324,0.000654
RECQL5,-0.2236014,0.000324,0.000655
TRIM16L,0.4981625,4.27e-05,0.000655
DNMT3L,0.3083927,0.000324,0.000655
CSAG2///CSAG3///CSAG1,0.3511664,0.000325,0.000656
UBE2J2,0.2848832,0.000325,0.000656
DCAF10,-0.2472668,0.000325,0.000656
NCKAP1L,-0.6002786,0.000326,0.000657
RRP36,0.1845155,0.000277,0.000657
MAP3K12,0.3230845,0.000327,0.000659
KAT6B,-0.4209005,0.000328,0.000661
OR2L8,0.21541463,0.000279,0.000662
FRMD4B,-0.5115836,0.000329,0.000664
PDZD3,0.3076886,0.00033,0.000665
LINC01164,0.2477395,0.00033,0.000666
ACCS,0.5978975,4.35e-05,0.000666
OR10S1,0.4034305,0.000331,0.000668
CAPZA3,0.21522307,0.000283,0.000671
MLLT11,0.5941618,0.000333,0.000672
SLC23A3,0.2615914,0.000333,0.000672
CD101,0.41744851,0.000284,0.000673
FAM47C,0.2933623,0.000335,0.000674
KRTAP5-9,0.17448916,0.000285,0.000674
MON1B,0.2448977,0.000334,0.000674
LHX3,0.2722027,0.000334,0.000674
PHF13,0.2144395,0.000337,0.000679
SNORD5///TAF1D,-0.29472436,0.000288,0.00068
RHO,0.3303373,0.000338,0.000681
LHFPL4,0.3521009,0.000338,0.000681
MB21D2,0.53173,0.000339,0.000682
JPH3,0.3345695,0.000339,0.000683
HTR3B,0.2537164,0.00034,0.000684
SLC47A1,0.5917568,0.00034,0.000684
ISY1,0.51961,4.52e-05,0.000687
MIR202HG///MIR202,-0.3164073,0.000341,0.000687
FRG2C///FRG2EP///FRG2///FRG2B,0.18236249,0.000291,0.000688
PTPRN,0.2759532,0.000343,0.000689
TMEM218,-0.3426905,0.000342,0.000689
IFI44L,-0.56872513,0.000292,0.00069
CYP8B1,0.3711345,0.000343,0.00069
ZNF681,-0.4387118,0.000343,0.000691
SLC6A11,0.2354205,0.000343,0.000691
LOR,0.2998268,0.000344,0.000693
ABCF3,-0.371295,0.000345,0.000693
DISC1,-0.4625475,4.58e-05,0.000694
OLFML1,-0.40620189,0.000295,0.000695
SRD5A3,0.5282545,0.000346,0.000696
FAM134A,0.257,4.59e-05,0.000696
DEFB129,0.3370118,0.000346,0.000696
FGF10,-0.7133455,0.000347,0.000697
HCAR3,-0.8633841,0.000347,0.000697
NUDT11,-0.3793873,0.000346,0.000697
PRKCB,0.23129348,0.000297,0.000699
GPR132,0.4844377,0.000348,0.0007
SKCG-1,0.3471891,0.000348,0.0007
SNRPD1,-0.4124123,0.000349,0.000701
LINC00526,0.2994618,0.000349,0.000701
UBXN6,0.2739909,0.000349,0.000701
NPAP1,0.2714482,0.000349,0.000702
PRR11,-0.21516098,0.000299,0.000703
CALM3///CALM3,0.28396,0.000351,0.000704
NAT10,0.18486316,0.0003,0.000705
ELSPBP1,0.264165,0.000351,0.000706
MACROD2-IT1,-0.3086132,0.000352,0.000706
C5ORF15,-0.2983075,4.71e-05,0.000708
MIR105-2///MIR105-1,0.2834186,0.000353,0.000709
OR2L5,0.3404359,0.000355,0.000712
ASAP3,0.2295936,0.000355,0.000712
P3H3,-0.727255,4.75e-05,0.000713
PPP1R27,0.2988982,0.000355,0.000713
TM4SF5,0.3002709,0.000356,0.000714
ASB18,0.2695555,0.000357,0.000716
TCTEX1D4,-0.17440201,0.000305,0.000717
MKL1///RBM15///MKL1,0.2158241,0.000358,0.000718
ITPKA,0.2859345,0.000358,0.000718
ZACN///EXOC7,0.3045436,0.000361,0.000723
HSPA6,0.24875311,0.000308,0.000723
ITIH1,-0.3224025,4.82e-05,0.000724
CPNE9,0.2440191,0.000361,0.000725
SNORA16B,0.31300689,0.00031,0.000727
SNAI3-AS1,0.3577536,0.000362,0.000727
PROK1,0.3265009,0.000363,0.000728
ZC3H12D,0.3006814,0.000364,0.00073
ADTRP,0.6595536,0.000364,0.000731
GCSAM,-0.3327575,4.88e-05,0.000731
UGT1A6,-1.91642,4.88e-05,0.000731
SPEN,0.40441,4.92e-05,0.000736
ZFAND3,0.2769641,0.000367,0.000736
LHX1,0.2887059,0.000368,0.000737
MPRIP,0.2832259,0.000368,0.000738
OR1F1,0.33269,0.000368,0.000738
SHISA7,0.3398436,0.000369,0.000739
MTURN,-0.3992873,0.000369,0.000739
GABRB2,0.23292051,0.000316,0.00074
PHYH,0.3258555,0.000369,0.00074
SNX11,0.2545895,0.00037,0.00074
OR8D2,0.2831705,0.00037,0.000741
DEFB124,-0.20382287,0.000316,0.000741
MZT2B,0.3073986,0.000371,0.000743
NAT9,-0.3474036,0.000372,0.000744
ADCYAP1,-0.28587768,0.000318,0.000744
NSL1,-0.16866458,0.000318,0.000745
HM13,0.332345,0.000373,0.000747
LINC01082,1.563765,5.01e-05,0.000747
GSAP,-0.62951,0.000374,0.000748
PELO,0.3704675,5.03e-05,0.000749
CPO,-0.3194418,0.000375,0.00075
OR52L1,0.3296695,0.000375,0.000751
SH3BP5L,0.2150868,0.000376,0.000752
SLC25A5-AS1,0.3026386,0.000377,0.000753
MBNL3,0.36405,0.000376,0.000753
XKR5,0.3180668,0.000378,0.000755
PRY2///PRY,0.2919868,0.000378,0.000756
ANKRD36BP2,-1.1429325,5.1e-05,0.000757
ZNF37BP,-0.3447027,0.000379,0.000757
CDK20,0.3057886,0.000379,0.000757
CBLN3,0.3256786,0.000379,0.000758
TNIK,-0.5436327,0.000379,0.000758
LYRM7,-0.16706898,0.000324,0.000758
ANKAR,-0.3806036,0.00038,0.000759
ERVK13-1,-0.4204214,0.00038,0.00076
KBTBD11,0.2760277,0.000381,0.000761
EML2,-0.3309791,0.000382,0.000762
USP3,0.2337468,0.000383,0.000764
ARL5C,0.3062214,0.000383,0.000765
SAA3P,-0.3980486,0.000383,0.000765
IL27,0.16947124,0.000328,0.000766
LOC101060524///DRD5P2///DRD5,0.2821318,0.000385,0.000769
HUWE1,0.2156575,5.19e-05,0.00077
PYCR1,0.3349105,0.000387,0.000773
SALL1,0.2703959,0.000388,0.000773
FREM2,0.40923535,0.000331,0.000773
CES3,0.3614759,0.000388,0.000774
RCOR3,-0.344145,0.000388,0.000774
ZNF7,-0.2410605,0.00039,0.000777
CDH4,0.2676627,0.00039,0.000778
PRAMEF17///PRAMEF10,0.21555051,0.000334,0.00078
NEGR1,-0.7514945,0.000392,0.000781
BIN3,-0.3392018,0.000392,0.000781
ANGPT2,-0.907125,0.000393,0.000782
MEDAG,-2.0983475,5.31e-05,0.000783
TXNDC16,0.3307,5.3e-05,0.000783
SOWAHB,-0.25210914,0.000336,0.000784
LOC100128988,0.3182423,0.000393,0.000784
EBNA1BP2,-0.4132295,0.000394,0.000785
DNASE2B,0.4835405,0.000395,0.000786
SCEL,0.56549467,0.000339,0.000789
PDX1,0.2897936,0.000396,0.00079
JAKMIP2,-0.5565223,0.000397,0.000791
LINGO4,0.2768082,0.000397,0.000791
ZNF396,-0.4660086,0.000398,0.000793
LIF,-1.3595175,5.4e-05,0.000793
TMEM101,0.4066705,0.000399,0.000794
LINC01465,0.2640741,0.000399,0.000794
APLP2,0.488445,5.42e-05,0.000795
C19ORF25,0.2390977,0.000399,0.000795
STK32B,-0.3545675,5.45e-05,0.000798
IL17C,0.2596191,0.000401,0.000799
TSC1,0.48742,5.48e-05,0.0008
UCN3,0.2906777,0.000403,0.000801
LOC1720///DHFR,-0.6055164,0.000403,0.000803
GTF3C4,-0.2936636,0.000404,0.000804
TMEM55B,0.2978582,0.000405,0.000806
HOXD10,0.3540518,0.000406,0.000808
ST13P5,-0.2469273,0.000406,0.000808
LINC00304,0.2995823,0.000407,0.000809
TMEM200A,-0.83668,5.54e-05,0.000809
ACTG1P17,0.2633695,0.000407,0.00081
TLK2,-0.2197009,0.00041,0.000814
LOC100133920,-0.559435,5.59e-05,0.000814
SARS2,0.2770345,0.000409,0.000814
PRNP,-0.387515,5.59e-05,0.000815
CCDC137,0.2047523,0.000411,0.000817
LOC100288884,0.52074243,0.000352,0.00082
KLK14,0.2561082,0.000415,0.000824
OTOG,0.2581036,0.000415,0.000825
KRTAP10-7,0.3074795,0.000415,0.000825
JTB,0.3195864,0.000416,0.000826
C20ORF181,0.2662864,0.000416,0.000826
OCA2,0.2714536,0.000417,0.000828
LINC01556,0.3035241,0.000417,0.000828
ABHD6///ABHD6,0.20082011,0.000357,0.00083
SFTPC,0.47925978,0.000358,0.000831
AQP2,0.3049782,0.000419,0.000831
DUS1L,0.2969205,0.000419,0.000832
GOLGA8R///GOLGA8O///GOLGA8M///GOLGA8K///GOLGA8T///GOLGA8J///GOLGA8S///GOLGA8N,-0.20305702,0.000359,0.000834
MAPK8IP1,0.3613391,0.00042,0.000834
TUBA1C,0.5080991,0.00042,0.000834
CCDC105,0.2847173,0.000421,0.000835
LOC100996455,0.2908345,0.000422,0.000838
AKAP3,-0.3308464,0.000425,0.000843
ZNF624,-0.3720918,0.000426,0.000844
PREB,0.323515,0.000426,0.000845
POFUT2,0.2099136,0.000426,0.000845
MR1,-0.21045288,0.000364,0.000845
KRT71,0.3263273,0.000428,0.000849
CEP76,-0.3243464,0.000429,0.000849
LOC401296,0.3024359,0.000429,0.00085
DGKE,-0.3934491,0.000429,0.00085
MYO18B,0.2687736,0.000429,0.000851
AMER3,0.3082918,0.00043,0.000853
TMED9,-0.549685,5.92e-05,0.000854
LINC01405,0.2948832,0.000431,0.000854
DCUN1D3,0.22557257,0.000368,0.000854
OR4Q3,0.3494886,0.000431,0.000854
GPR137B,-0.665395,5.94e-05,0.000857
DDAH1,0.3802759,0.000434,0.000858
SRGAP2C///SRGAP2B///SRGAP2,-0.3703109,0.000433,0.000858
MIR192,0.2535082,0.000434,0.000858
PRR23B,0.2378614,0.000434,0.000859
IRF1,0.6090468,0.000434,0.000859
ARSA,0.39418,0.000435,0.000861
AIRE,0.2472636,0.000436,0.000863
COL7A1,-0.89082,6.03e-05,0.000866
DUSP4,-0.18199982,0.000374,0.000866
TAPT1,0.3687275,6.05e-05,0.000868
PDIA2,0.2620668,0.000439,0.000868
MAML2///MAML2,0.3463877,0.000439,0.000868
FOXR1,0.2491368,0.000439,0.000869
RAET1E,-0.5352295,0.000442,0.000874
IGKV1D-8,-1.2990725,6.11e-05,0.000874
RHCG,0.3112591,0.000444,0.000878
PGK1,0.17412382,0.000381,0.00088
LMOD1,-0.35204945,0.000381,0.000881
OR7E19P,0.3259336,0.000446,0.000881
LAGE3,-0.2260625,6.18e-05,0.000882
GML,-0.3802064,0.000446,0.000882
HMX2,0.3436723,0.000446,0.000882
UNC119,0.3091223,0.000447,0.000883
OR10C1,0.3150386,0.000447,0.000883
TSPEAR,0.2327382,0.000447,0.000883
SSR4,-0.22111634,0.000382,0.000883
NR1H4,0.3200182,0.000448,0.000884
MCEMP1,0.48423755,0.000382,0.000884
ZSCAN10,0.26871,0.00045,0.000889
SKP1,-0.3459464,0.00045,0.000889
C11ORF44,0.29161,0.000451,0.00089
KCNJ9,0.2659986,0.000452,0.000892
ABCG4,0.2815664,0.000452,0.000892
SLC1A7,0.2557395,0.000453,0.000894
CHRD,-0.52646,6.3e-05,0.000897
ATRNL1,-0.4941495,0.000456,0.000899
PLXDC2,0.3860955,0.000456,0.000899
CTSC,0.3167,0.000456,0.0009
SLC4A1,0.3226986,0.000457,0.000901
C22ORF23,-0.20318526,0.00039,0.000902
LOC100130872,0.16770687,0.000393,0.000906
PLSCR1,0.24965762,0.000393,0.000906
OXTR,-0.2168032,0.000393,0.000906
PRM1,0.2879314,0.00046,0.000907
RASL10B,0.2894595,0.000461,0.000908
SDHAP1,0.2713,6.4e-05,0.000909
LOC100129476,0.2693236,0.000462,0.00091
HIST2H4B///HIST2H4A,-0.6049214,0.000462,0.00091
CYP3A43,0.2109491,0.000462,0.00091
PPBPP2,0.2950595,0.000462,0.000911
SNRPF,-0.5529732,0.000462,0.000911
FIBCD1,0.2639382,0.000463,0.000912
C19ORF18,0.3513473,0.000464,0.000914
HMGN2P46,-0.18513127,0.000397,0.000914
ZNF48,0.2266045,0.000465,0.000915
GRIK1,0.2965595,0.000464,0.000915
FLG,0.3286868,0.000466,0.000918
EHF,-0.42654618,0.000398,0.000918
MAP4,0.2734877,0.000468,0.000921
PRSS23,-0.6828568,0.000468,0.000921
URAD,0.3553936,0.000471,0.000927
DHDH,0.2697032,0.000472,0.000928
RAB28,0.2853768,0.000473,0.00093
RAD51L3-RFFL///RAD51D,0.2013491,0.000473,0.000931
SERPINB9,0.5417305,0.000474,0.000931
OR52N1,-0.6863473,0.000474,0.000933
TAAR9,0.3404005,0.000475,0.000933
FAM90A27P,0.3143782,0.000475,0.000934
LOC286359,0.4251477,0.000475,0.000934
CMTR1,-0.2290045,0.000476,0.000935
APOL3,0.4498732,0.000476,0.000935
CTSL3P,0.255085,0.000476,0.000935
SHD,0.27587,0.000476,0.000936
ASB3,0.44842,6.62e-05,0.000936
TRAPPC2L,0.3732755,0.000477,0.000937
CCDC71L,0.25699743,0.000408,0.000938
KREMEN2,0.3396436,0.00048,0.000942
VTI1B,0.2953677,0.00048,0.000942
MMP3,-1.1217325,6.71e-05,0.000945
TSSC4,0.2335973,0.000482,0.000946
CRIP3///CRIP3,0.29519,0.000482,0.000947
CANX,-0.3437591,0.000483,0.000948
OR13G1,0.3203423,0.000483,0.000948
POLR2J,0.2677727,0.000484,0.00095
LCE2A,0.3439168,0.000485,0.000952
MRPL48,0.2634314,0.000486,0.000954
ACACB,0.4658975,6.79e-05,0.000955
OR9Q2,0.32639,0.000487,0.000955
GOLGA6C///LOC645752///GOLGA6A///GOLGA6B,0.16441313,0.000415,0.000955
TYR,0.2933368,0.000487,0.000955
XKRX,-0.6228386,0.000488,0.000957
PRR22,0.252095,0.000488,0.000957
PHLDB2,-0.5656509,0.00049,0.00096
CCNL2,-0.2044386,0.000492,0.000964
ANO7,0.2535355,0.000492,0.000965
SCUBE2,-0.24287402,0.00042,0.000965
SH3BGRL,0.2696545,0.000492,0.000965
GNPDA1,0.19182813,0.000421,0.000967
C16ORF91,0.2400223,0.000493,0.000967
B4GALNT3,0.3962182,0.000494,0.000968
UBE2D1,-0.4122505,0.000494,0.000969
KRTAP5-5,0.25942363,0.000423,0.000971
MAEA,0.2763568,0.000495,0.000971
LRRC57,0.2473518,0.000496,0.000972
C11ORF72,0.2484582,0.000496,0.000972
NTN4,-0.4110764,0.000498,0.000976
SSMEM1,0.2651145,0.000499,0.000977
IMPG1,0.2545905,0.0005,0.000978
BEX5,0.4545668,0.000501,0.00098
ZNF577,-0.3413295,0.000501,0.00098
GAS2L3,-0.6180509,0.0005,0.00098
TMEM211,0.2845168,0.000501,0.00098
TAF12,0.2844841,0.000501,0.000981
POM121L2,0.3118491,0.000503,0.000984
SFR1,0.3830645,0.000503,0.000984
SNORD42B///CEP164,0.28023667,0.000431,0.000988
ARHGAP33,0.2501814,0.000505,0.000988
KLHL25,-0.63518,7.06e-05,0.000988
PIF1,-0.600225,7.06e-05,0.000988
AQP10,0.16601006,0.000431,0.000989
FOXP3,0.2536805,0.000507,0.000991
NR5A2,0.28318908,0.000432,0.000991
PSORS1C1,0.5215141,0.000507,0.000991
PLA2G12AP1///PLA2G12A,0.2235423,0.000507,0.000992
MYO7A,0.2299882,0.00051,0.000997
TCEAL6///TCEAL2///TCEAL3,0.1696871,0.000435,0.000998
UGT2A3,0.12033046,0.000435,0.000998
RNF157-AS1,-0.979775,7.18e-05,0.001
NTSR1,0.3372132,0.000513,0.001
FBXO33,-0.2973486,0.000513,0.001
SCGB1D2,0.21455,0.000511,0.001
KCTD8,0.2971141,0.000516,0.00101
HIST1H4H,0.4147309,0.00052,0.00101
DNAJB1,0.5194959,0.000519,0.00101
MEMO1,-0.220345,0.000514,0.00101
MIR29B1,-0.5842868,0.000516,0.00101
PMAIP1,-0.62251,7.27e-05,0.00101
HSD17B1,0.3439659,0.000515,0.00101
NDUFA10,0.4128825,7.24e-05,0.00101
FAM84B,0.18546731,0.000444,0.00102
OTOF,0.2512105,0.000522,0.00102
MIR455,0.2922686,0.000524,0.00102
CD209,-0.8179825,7.34e-05,0.00102
AKAP8,0.17297,0.000523,0.00102
CNTNAP1,-0.20794618,0.000447,0.00102
SNORD115-23///PWAR4,0.5884468,0.000522,0.00102
RPUSD1,0.3140577,0.000524,0.00102
MYO1A,0.2659777,0.000525,0.00102
RSG1,0.297665,0.000525,0.00102
GSTO1,0.23465757,0.000448,0.00102
UCHL1,-0.24849545,0.000453,0.00103
CCDC169-SOHLH2///CCDC169,-0.2217986,0.000526,0.00103
RECQL4,0.2879814,0.000527,0.00103
SNORD63,-0.5017591,0.000531,0.00103
KRTCAP3,0.3472623,0.00053,0.00103
KDM2B,0.2174832,0.000526,0.00103
USH2A,0.1829509,0.00053,0.00103
ETV1,0.63373,7.41e-05,0.00103
EMC3-AS1,0.2846005,0.00053,0.00103
HTR6,0.3183595,0.000528,0.00103
SYCE1,0.2509664,0.000535,0.00104
SSTR3,0.2546645,0.000532,0.00104
CLNK,-0.3692355,0.000535,0.00104
KLHL34,-0.275635,7.5e-05,0.00104
MARCKS,-0.22824208,0.000453,0.00104
OR8B8,0.19865369,0.000458,0.00104
TFF1,0.285535,0.000533,0.00104
LGALS7,-2.5993125,7.62e-05,0.00105
ADRB3,0.3195191,0.000541,0.00105
KRT33B,0.3736377,0.000538,0.00105
SSX2B///SSX4B///SSX9///SSX8///SSX7///SSX6///SSX3///SSX4///SSX5///SSX2///SSX1///SSX2B///SSX2,0.16595905,0.000458,0.00105
ACOT4,0.3031823,0.00054,0.00105
GALNS,0.2568445,0.000537,0.00105
ZNF876P,-0.3884227,0.000542,0.00105
LOC400968,0.25892906,0.000461,0.00105
A4GALT,0.3598568,0.000541,0.00105
PURG,-0.2246686,0.000537,0.00105
ZSCAN5B,0.4670218,0.000543,0.00106
CTSZ,-0.21200983,0.000466,0.00106
FSD1,0.2855645,0.000547,0.00106
TAS2R8,-0.3034977,0.000547,0.00106
SLC2A7,0.3060877,0.000551,0.00107
HSBP1L1,0.4687725,7.78e-05,0.00107
NPBWR1,0.3144923,0.000552,0.00107
LRRC4,-0.23375768,0.000472,0.00107
ZNF121,-0.2669477,0.000551,0.00107
OR6N2,0.3734523,0.000549,0.00107
RPL36AP40,-0.3082577,0.000551,0.00107
HIST1H3I///HIST1H3E,-0.17949257,0.000476,0.00108
APOL1,0.2779209,0.000473,0.00108
NTMT1,0.3042682,0.000557,0.00108
FLJ16171,0.5989868,0.000557,0.00108
PPFIA3,0.2839386,0.000554,0.00108
CTXN3,0.21219,0.000554,0.00108
ATP5D,0.2359925,7.87e-05,0.00108
HOXA13,0.2317695,0.000555,0.00108
RIPK4,-0.25277411,0.000475,0.00108
FCGR3B///FCGR3A,0.6433764,0.000563,0.00109
SCFD2,-0.3975895,0.000561,0.00109
FUZ,-0.17611552,0.000477,0.00109
USP19,0.2142864,0.000561,0.00109
PRMT5,0.1805581,0.000477,0.00109
ANO10,-0.2748532,0.00056,0.00109
SPACA3,0.2470514,0.000559,0.00109
PON3,0.8159195,0.00056,0.00109
NOXRED1,-0.2958827,0.000565,0.0011
XPO5,-0.4032291,0.000566,0.0011
KIAA0226L,-0.9529,8.04e-05,0.0011
TP53RK,-0.333485,8.05e-05,0.0011
LOC400692,0.3035291,0.000567,0.0011
DRD2,0.2885614,0.000564,0.0011
IDI2,0.3224968,0.000564,0.0011
SNORA57,0.4418936,0.000568,0.0011
APOC4-APOC2///APOC2,0.4236145,0.000568,0.0011
SMCO3,0.19758272,0.000483,0.0011
MGARP,-0.25338363,0.000486,0.0011
CHAC1,0.4074559,0.000566,0.0011
SLC9A7,-0.20256504,0.000485,0.0011
SRRM2,0.1945178,0.000483,0.0011
CYP11B1,0.3405041,0.000574,0.00111
NEUROG2,0.27997,0.000573,0.00111
SIGLEC12,0.5582677,0.000572,0.00111
PLEKHG4B,0.2878805,0.000571,0.00111
SBK2,0.299515,0.000571,0.00111
NUP93,-0.3475382,0.000572,0.00111
LINC01011,0.2770282,0.000575,0.00111
LCE1C,0.3710009,0.000577,0.00112
STX19,-0.18328015,0.000493,0.00112
HAUS8,-0.2010555,0.000575,0.00112
RGMA,0.2895309,0.000576,0.00112
C10ORF91,0.2981568,0.000579,0.00112
CNTD2,0.2328932,0.000576,0.00112
SOGA3,0.2890525,8.31e-05,0.00113
LHFPL5,0.2552982,0.000582,0.00113
ZBTB7B,0.2102723,0.000585,0.00113
DPP4,-1.1371836,0.000583,0.00113
CA3,-0.7961168,0.000585,0.00113
SLC35D3,0.20164,0.000584,0.00113
OR4C13,0.3170555,0.000583,0.00113
TXNDC2,0.17461972,0.000498,0.00113
ARHGEF10L,0.1947577,0.000586,0.00113
GSN-AS1,0.3690609,0.000582,0.00113
ACAP1,-0.6905625,8.44e-05,0.00114
SNHG8,-0.7999025,8.42e-05,0.00114
LOC401554,0.2318523,0.000587,0.00114
NDUFA8,0.4738973,0.000587,0.00114
SMIM24,0.3738768,0.000592,0.00114
FBLN1,-0.26427099,0.000504,0.00114
COMMD4///COMMD4,0.3809232,0.000592,0.00114
STMN1,0.2664468,0.000591,0.00114
MEAF6,0.3495732,0.000589,0.00114
LDB3,-0.20182987,0.000503,0.00114
FAM231A///FAM231D///LOC388692,0.212575,0.000592,0.00114
ZNF541,0.2593941,0.000594,0.00115
NKX2-3,0.2247723,0.000597,0.00115
IL9,0.2885382,0.000594,0.00115
LOC100287792,0.3051909,0.000594,0.00115
IL15,-0.3003691,0.000603,0.00116
GMPR2,-0.3383259,0.000598,0.00116
PPT1,-0.4841045,0.000602,0.00116
PLEKHB1,0.5576605,0.000605,0.00117
PRR23C,0.3337282,0.000606,0.00117
PLSCR2,-0.2974845,0.000605,0.00117
LILRB1,0.30520982,0.000518,0.00117
PDLIM7,-0.20290361,0.000517,0.00117
CXORF56,0.18363536,0.000524,0.00118
XKR6,0.4838575,8.77e-05,0.00118
PPIAL4A,0.4004175,8.79e-05,0.00118
SIL1,-0.3964725,8.74e-05,0.00118
GZMB,0.4887368,0.000611,0.00118
BDH2,-0.4337727,0.000612,0.00118
STGC3,0.4719436,0.000611,0.00118
PROSER3,0.2263005,0.000613,0.00118
C2ORF80,0.2509168,0.000612,0.00118
ADH1A,0.24529071,0.000525,0.00119
CELF3,0.3083986,0.000616,0.00119
AFG3L1P,0.1540464,0.000614,0.00119
PRDM12,0.2531982,0.000617,0.00119
ADAM21,0.3951132,0.000622,0.0012
CBLC,0.2990709,0.00062,0.0012
WBSCR22,0.3268332,0.000624,0.0012
WDR86,0.2749355,0.000621,0.0012
LOC100130924,0.18371253,0.000534,0.0012
NUDT13,-0.2887186,0.000621,0.0012
CXCR6,-1.19353,8.97e-05,0.0012
MYBPC2,-0.7788375,8.94e-05,0.0012
HBQ1,0.3112836,0.000629,0.00121
LOC101928291,0.513455,9.04e-05,0.00121
OR6B1,0.3018427,0.000629,0.00121
FAM53A,0.2495123,0.000629,0.00121
UNC5CL,0.2475514,0.000628,0.00121
PEX2,-0.277425,0.000629,0.00121
SPON2,0.4693718,0.000634,0.00122
KIR2DS2///KIR3DL3///KIR2DL5A///KIR3DS1///KIR3DL1///KIR2DL3///KIR2DL2///KIR3DL2///KIR3DL1///KIR2DS5///KIR2DS3,0.4169827,0.000631,0.00122
RNF148,0.18515047,0.00054,0.00122
PLEKHN1,-0.8619325,9.12e-05,0.00122
GJA9-MYCBP///MYCBP,0.2989373,0.000631,0.00122
AKAP2,0.67905,9.16e-05,0.00122
HSPB3,-0.17611585,0.000545,0.00122
P4HB,0.2530773,0.000632,0.00122
MROH8,0.2902673,0.000634,0.00122
GEMIN8,-0.20675405,0.000543,0.00122
C3,-0.63655,9.16e-05,0.00122
ABCG8,0.2763305,0.000638,0.00123
LOC100132147///LOC440570,0.31805043,0.000547,0.00123
ZSCAN31,-0.20524783,0.000548,0.00123
SNORA80B,0.3434232,0.000641,0.00123
GCFC2,-0.3090577,0.000638,0.00123
CEP104,-0.1926705,0.000639,0.00123
CCDC136,-0.31243,9.32e-05,0.00124
MTFMT,0.211845,0.000647,0.00124
GRIP2,0.2264423,0.000644,0.00124
ERVH48-1,0.3009877,0.000646,0.00124
VHLL,0.2664114,0.000646,0.00124
CDKN1C,0.2771564,0.000646,0.00124
HK1,-0.2640645,0.000644,0.00124
C4ORF19,0.4667286,0.000644,0.00124
LYRM4,-0.321605,9.39e-05,0.00125
RGMB,0.2652923,0.000648,0.00125
LINC00615,0.333415,0.000649,0.00125
KRTAP5-8,0.2714377,0.000652,0.00125
DCX,0.2351459,0.000652,0.00125
PMFBP1,-0.2616041,0.00065,0.00125
MCOLN2,0.27675278,0.000557,0.00125
MPEG1,0.35921846,0.000559,0.00125
KCNAB3,0.2476809,0.000656,0.00126
ATP6V0D2,-0.7808705,0.000654,0.00126
TMEM251,0.2240545,0.000653,0.00126
ZNF821,0.2355564,0.000653,0.00126
LRRC2,0.4180955,0.000655,0.00126
LOC105370792,0.3331641,0.000656,0.00126
NHLRC1,0.3201068,0.000656,0.00126
GRID2,0.3408141,0.000658,0.00126
PABPC1L,0.1988391,0.000658,0.00126
TNIP3,-1.026915,9.49e-05,0.00126
SPATA31C2///SPATA31C1,0.259025,0.00066,0.00127
MRPL57,-0.2497068,0.000659,0.00127
DCTN4,-0.3394632,0.00066,0.00127
C1R,0.20266049,0.000566,0.00127
FAM159B,-0.17119483,0.000568,0.00127
TOR1A,-0.2479555,0.000664,0.00128
SSX6,0.3019655,0.000666,0.00128
PEX13///PEX13,-0.2257732,0.000667,0.00128
SLC25A10,0.2893723,0.000666,0.00128
BTG1,0.516505,9.64e-05,0.00128
LINC00029,0.2434009,0.00067,0.00128
NSMCE4A,0.2395173,0.000667,0.00128
IL11,-1.366315,9.7e-05,0.00128
DSCR4,0.2740145,0.00067,0.00129
ARRDC3,-0.5020409,0.000672,0.00129
GJB3,0.272315,0.000675,0.00129
PLSCR4,-0.3991136,0.000673,0.00129
POM121L9P,0.16915847,0.000575,0.00129
GYPB,0.5141777,0.000681,0.0013
RGAG4,0.1972991,0.000676,0.0013
TMEM220,0.479575,9.84e-05,0.0013
CUX1,0.3647425,9.85e-05,0.0013
KRTAP10-4,0.3664568,0.000676,0.0013
ADCY10P1,-0.619275,0.000678,0.0013
CALCA,0.3154041,0.000679,0.0013
TRPA1,-0.15922953,0.00058,0.0013
TMEM43,0.35601,9.97e-05,0.00131
PHYHIP,-0.8137925,9.95e-05,0.00131
PGBD3,-0.252025,0.0001,0.00131
AOC1,0.2595068,0.000688,0.00132
CASP1,-0.4864864,0.000688,0.00132
FAM71E1,0.2675764,0.000692,0.00132
PCDHB15,0.4361691,0.000689,0.00132
STX1A,-0.64476,0.000101,0.00132
SNHG18,0.44415,0.0001,0.00132
KCND2,-0.53219,0.000101,0.00133
RGL1,-0.4107473,0.000692,0.00133
B3GAT2,0.2384664,0.000693,0.00133
ZNF576,0.2501745,0.000693,0.00133
UQCRBP1,-0.28807,0.000694,0.00133
RNF139,-0.2716527,0.000696,0.00133
POLN,-0.2258336,0.000699,0.00134
DDX51,0.2024559,0.000698,0.00134
ACP1,-0.297,0.0007,0.00134
OTULIN,-0.2224705,0.000699,0.00134
ARMC6,0.3146495,0.000699,0.00134
RNASE13,0.2822923,0.000701,0.00134
EXOSC5,0.2761945,0.000701,0.00134
SKIV2L,0.2673818,0.000699,0.00134
SEC24A,-0.391985,0.000103,0.00134
SNORD115-24///SNORD115-44///SNORD115-43///SNORD115-42///SNORD115-41///SNORD115-40///SNORD115-39///SNORD115-38///SNORD115-36///SNORD115-34///SNORD115-30///SNORD115-29///SNORD115-26///SNORD115-22///SNORD115-21///SNORD115-16///SNORD115-15///SNORD115-14///SNORD115-13///SNORD115-12///SNORD115-11///SNORD115-10///SNORD115-9///SNORD115-8///SNORD115-6///SNORD115-5///SNORD115-4///SNORD115-1///SNRPN,-0.45501004,0.0006,0.00134
LOC100130691,-0.18240519,0.000599,0.00134
SMR3A,0.2625545,0.000706,0.00135
ZNF775,0.2910018,0.000705,0.00135
CCDC63,0.3013214,0.000709,0.00135
SNORA69,-0.3972077,0.000706,0.00135
CAB39L,0.594005,0.000103,0.00135
TPRG1-AS1,0.279785,0.000103,0.00135
SAMD12,-0.28002599,0.000606,0.00135
CASC10,-0.6938675,0.000104,0.00136
XAGE3,0.3020323,0.000709,0.00136
PCSK4,0.31571,0.000711,0.00136
DPYSL5,0.2836291,0.000713,0.00136
RIPK1,-0.4054082,0.000711,0.00136
LOC100101148///LOC541473///FKBP6,-0.2376845,0.000608,0.00136
HBD,0.5125714,0.000712,0.00136
RGS2,0.39501001,0.000608,0.00136
RAB13,-0.2977327,0.000715,0.00136
MATN1,0.2699295,0.00072,0.00137
LINC00898,0.3535073,0.00072,0.00137
RASL11B///RASL11B,0.4623745,0.000721,0.00137
MYBL1,-0.26772526,0.000616,0.00137
FKBP11,-1.0653425,0.000105,0.00137
CARNS1,0.2436959,0.000718,0.00137
LOC102725104///ANKRD20A8P,-0.5742027,0.000726,0.00138
PRR18,0.3769745,0.000721,0.00138
ANAPC5,-0.3528336,0.000726,0.00138
BAIAP2-AS1,0.2157086,0.000724,0.00138
HEXA-AS1,-0.20476457,0.000618,0.00138
NR1D1,0.30208075,0.00062,0.00138
MIR100,-0.5546605,0.000726,0.00138
SPERT,0.2740877,0.000721,0.00138
HMGB3P1,-0.29202,0.000728,0.00139
PLB1,0.2039827,0.000728,0.00139
LOC647983,0.18702869,0.000622,0.00139
BYSL,0.23012329,0.000626,0.00139
TIMM8A,0.20851472,0.000624,0.00139
F2,0.2487509,0.000737,0.0014
OR2T27,0.4177059,0.000737,0.0014
KCNH3,-0.17299644,0.000629,0.0014
FCRL2,-0.23475525,0.000627,0.0014
CCDC185,0.2496945,0.000734,0.0014
NEMP1,-0.3313509,0.000734,0.0014
ADGRE3,0.649595,0.000737,0.0014
PGLYRP1,0.2836632,0.000741,0.00141
MIP,0.2707923,0.000742,0.00141
PIP5K1A,0.2928491,0.000742,0.00141
EHD4,0.3611514,0.000741,0.00141
OR10A4,0.3279445,0.00074,0.00141
SCRG1,-1.83415,0.000109,0.00141
NCAM2,-0.7474705,0.000749,0.00142
PCSK2,-0.9641986,0.000745,0.00142
IL22,0.3066582,0.000748,0.00142
OCLM,-0.4996264,0.000748,0.00142
KCNJ4,0.2789777,0.000747,0.00142
OR52B3P,0.2753364,0.000747,0.00142
TTTY10,-0.9361573,0.000746,0.00142
UBR4,0.3224875,0.000111,0.00143
THPO,0.2474432,0.000752,0.00143
MAPKBP1,-0.1870655,0.000752,0.00143
CXORF65,0.4621055,0.000755,0.00143
DNAJC27,-0.3328709,0.00075,0.00143
SNORD14E,-3.6651681,9.29e-07,0.00143
ITGB6///ITGB6,-0.37178877,0.000641,0.00143
GPX2,-0.24502983,0.000643,0.00143
AKR1B10,-3.3369691,1.02e-06,0.00143
SAA4,-4.234644,1.06e-06,0.00143
GAS2L1P2,0.42311,0.000112,0.00144
BANF2,0.3537132,0.000756,0.00144
MYH16,0.2362609,0.000758,0.00144
HHLA1,0.2507195,0.000757,0.00144
BEST4,-0.17937691,0.000649,0.00144
PA2G4,0.17026612,0.000646,0.00144
PRSS58,0.3178386,0.000765,0.00145
UNC5D,0.237815,0.000762,0.00145
LCTL,0.3122664,0.000761,0.00145
GAGE12D///GAGE8///GAGE12F///GAGE2A///GAGE12H///GAGE12E///GAGE12B///GAGE12C///GAGE2D///GAGE12J///GAGE12G///GAGE13///GAGE2B///GAGE2E///GAGE6///GAGE5///GAGE4///GAGE2C///GAGE1,0.3636582,0.000763,0.00145
SCARNA10,0.6612377,0.000763,0.00145
C8ORF48,0.2646264,0.000762,0.00145
ABCF2,0.21691012,0.000654,0.00145
PLA2G4E,0.20721218,0.000653,0.00145
ZNF438,0.380625,0.000113,0.00145
SRD5A3-AS1,0.3852775,0.000113,0.00145
ZNF257,-0.2316773,0.000768,0.00146
MN1,0.2952023,0.000771,0.00146
CACUL1,0.2262086,0.000769,0.00146
ABCC1,0.2417218,0.000767,0.00146
FIGF,1.5504925,0.000114,0.00146
CAMP,0.2745641,0.00077,0.00146
ARL5B,0.2807491,0.000768,0.00146
LRRC74A,0.290025,0.000773,0.00147
OR4L1,0.3175418,0.000774,0.00147
KIAA1644,-0.3345675,0.000114,0.00147
RNF40,0.223695,0.000776,0.00147
AGXT,0.2848845,0.000773,0.00147
FRMD1,0.2350305,0.000778,0.00147
MEX3B,-0.67109,0.000115,0.00147
MROH5,0.2836755,0.00078,0.00148
RMDN2,-0.4736264,0.000781,0.00148
FTSJ1,0.2515041,0.000781,0.00148
CTAG1A///CTAG2///CTAG1B,0.2731155,0.000782,0.00148
GIMAP1-GIMAP5///GIMAP1,0.26158439,0.000667,0.00148
FTMT,0.2699718,0.000787,0.00149
USP5,-0.2608527,0.000785,0.00149
C10ORF71,0.2634223,0.000787,0.00149
SPATA32,0.2727823,0.000786,0.00149
MIA2,-0.3554405,0.000785,0.00149
P2RY4,0.3187564,0.000787,0.00149
GPC2,-0.3489925,0.000116,0.00149
GJC3,0.16490861,0.000671,0.00149
LOC102724652///CRYAA,0.2718882,0.000791,0.0015
TPTE2P5///SUGT1P3,-0.18270483,0.000677,0.0015
VSTM4,0.3136759,0.000791,0.0015
LHX4,0.209055,0.000794,0.0015
C3ORF56,0.2405459,0.0008,0.00151
NYX,0.3016255,0.000796,0.00151
MAGEA6///MAGEA3,0.263705,0.000806,0.00152
PRSS2,-1.6932575,0.000119,0.00152
PRMT7,-0.2695614,0.000802,0.00152
SNORA51,0.3037841,0.000801,0.00152
ZNF526,0.1867045,0.000811,0.00153
RABAC1,0.2830525,0.00012,0.00153
KRT84,0.2632091,0.000811,0.00153
KRTAP13-3,0.3184018,0.000809,0.00153
MYH7,0.4369009,0.000811,0.00153
ADAR,-0.3998241,0.000812,0.00153
ATP6V1G3,0.2115773,0.000809,0.00153
LINC00602,0.2857227,0.000817,0.00154
SPRR2F,0.2894618,0.000823,0.00155
LINC01366,0.2984855,0.000819,0.00155
OR51V1,0.3144891,0.000824,0.00155
SPDYE16///SPDYE2B///SPDYE6///SPDYE8P///SPDYE2///SPDYE3///SPDYE7P///SPDYE1,0.1868918,0.000819,0.00155
C1ORF53,0.2597455,0.000821,0.00155
SAA2///SAA1,-0.5957895,0.000824,0.00155
FAM186B,0.2541605,0.000822,0.00155
APEH,0.2907482,0.000822,0.00155
POLDIP3,0.1902559,0.000821,0.00155
C9ORF62,0.2867155,0.000819,0.00155
SLC16A5,0.4161186,0.000821,0.00155
TCAF1,-0.3924123,0.000823,0.00155
KIF5C,-0.3645682,0.000828,0.00156
RAB42,-0.39885,0.000826,0.00156
DOHH,0.2223318,0.00083,0.00156
NOC2L,-0.3612714,0.000825,0.00156
PDE6H,0.2352882,0.000829,0.00156
CBLB,-0.18945884,0.000707,0.00156
C2ORF83,0.16788761,0.000704,0.00156
OR3A1,0.15903482,0.000707,0.00156
MCM3,-0.4031527,0.000831,0.00157
RBMXL1///RBMX,-0.21944,0.000831,0.00157
UBXN8,0.355415,0.000834,0.00157
HIST1H4A,0.3688814,0.000835,0.00157
SNRPC,0.2580605,0.000834,0.00157
KRBA2,-0.2842023,0.000837,0.00158
RTN4RL2,0.2947936,0.000838,0.00158
DDX23,-0.32844,0.00084,0.00158
RAD1,-0.2660445,0.000841,0.00158
OR7C2,0.2910605,0.000841,0.00158
CXADRP3,0.399495,0.000125,0.00158
FOPNL,0.16226182,0.000716,0.00158
ATP11A,0.31141875,0.000717,0.00158
ACTRT3,-0.2115441,0.000842,0.00159
LOC100291105,0.2304195,0.000845,0.00159
BLMH,-0.2590477,0.000845,0.00159
DIRAS1,-0.4275875,0.000127,0.0016
RAX,0.2354073,0.00085,0.0016
EIF4E2,0.3230736,0.000848,0.0016
MSANTD2,-0.2614273,0.00085,0.0016
LAMB4,0.2808245,0.00085,0.0016
LRRC7,0.2950659,0.00085,0.0016
TRIM67,0.2634545,0.000847,0.0016
KCNA10,0.2900814,0.000856,0.00161
NPPA,0.2866768,0.000859,0.00161
OR51D1,0.3002982,0.000859,0.00161
LIMK1,0.3133805,0.000857,0.00161
SRGN,-0.3601864,0.000855,0.00161
FOXO1,0.54923,0.000128,0.00161
GPR141,0.27285688,0.000731,0.00161
ISL2,0.3102086,0.00086,0.00162
EPO,0.3137323,0.000864,0.00162
SLC22A10,0.3562445,0.000862,0.00162
ANKRD20A5P,1.0363125,0.000129,0.00162
ACAD9,0.3264275,0.000129,0.00162
TRABD2B,-0.7149275,0.000129,0.00162
NR4A1,0.50393134,0.000735,0.00162
EPPIN-WFDC6///EPPIN,-0.21972749,0.000733,0.00162
GDF3,-0.50923,0.00013,0.00163
LGALSL,0.73903,0.00013,0.00163
INHBB///INHBB,-0.18528904,0.000741,0.00163
ALDH16A1,0.2877086,0.00087,0.00163
TSPAN12,0.27329009,0.000741,0.00163
HOXD8,0.3474027,0.000868,0.00163
MIR212,0.2558936,0.000866,0.00163
MAB21L1,0.3205114,0.000875,0.00164
PODN,0.5123895,0.000873,0.00164
PDE6G,0.2821455,0.000877,0.00165
WDR62,0.2101959,0.000881,0.00165
LSMEM2,0.313225,0.000878,0.00165
PF4V1,0.2556177,0.000878,0.00165
LRFN2,0.2565068,0.000881,0.00165
GPR179,0.2586432,0.000877,0.00165
ZFY,-1.5515677,0.000882,0.00165
ZNF708,-0.3112827,0.000882,0.00166
DNMT1,0.1958168,0.000885,0.00166
LOC440300,0.2158959,0.000883,0.00166
GUSBP5,0.2579855,0.000891,0.00167
EXOSC8,-0.2907373,0.00089,0.00167
LDHA,0.19741976,0.00076,0.00167
C8G,0.2784186,0.00089,0.00167
NCCRP1,-0.16741645,0.000758,0.00167
GAGE10///GAGE12D///GAGE8///GAGE12F///GAGE2A///GAGE12H///GAGE12E///GAGE12C///GAGE12J///GAGE12G///GAGE13///GAGE2E///GAGE6///GAGE2C,0.57319349,0.00076,0.00167
SNORD115-42///SNORD115-15///SNORD115-6,-0.3431414,0.000889,0.00167
GLI3,0.4161123,0.000897,0.00168
DTX2,-0.2469275,0.000135,0.00168
GABRA1,0.2498855,0.000895,0.00168
CA1,0.5464986,0.000896,0.00168
HOXB5,0.3233545,0.000902,0.00169
MRPL44,-0.2993032,0.0009,0.00169
LIN7B,0.223075,0.0009,0.00169
LGALS7B///LGALS7,-0.22630421,0.000768,0.00169
VLDLR-AS1,0.2517382,0.000907,0.0017
ASPDH,0.2747105,0.000916,0.00171
ATP5B,-0.2358773,0.000911,0.00171
OTOP1,0.295205,0.000915,0.00171
CTRB2,0.307355,0.000138,0.00171
PHACTR2,0.3856375,0.000138,0.00172
LCN8,0.3916964,0.000922,0.00172
MEPCE,0.2601727,0.000921,0.00172
ZNF586,-0.3138936,0.000918,0.00172
RALY,0.3477127,0.000926,0.00173
TMIE,0.2836455,0.000922,0.00173
CTBS,-0.2619405,0.000927,0.00173
LGALS16,0.21777083,0.000794,0.00174
SCTR,0.27446214,0.000795,0.00174
FAM162A,-0.2664525,0.000141,0.00174
GAREM2,0.255695,0.000928,0.00174
FECH,-0.2462982,0.000933,0.00174
BARHL2,0.2631927,0.000931,0.00174
ERMAP,0.1939968,0.000931,0.00174
NTRK1,-0.46997,0.000141,0.00175
C1ORF111,0.2431659,0.000936,0.00175
TDRD3,-0.178233,0.0008,0.00175
MIR7-3,0.2617841,0.000939,0.00175
MFSD8,-0.23406,0.000942,0.00176
PPIF,0.21572239,0.000801,0.00176
SYCP3,0.3907855,0.000942,0.00176
CNIH3,-0.16474122,0.000805,0.00176
CACNG8,0.2878641,0.000939,0.00176
ZNF697,0.2261295,0.000941,0.00176
BHLHA9,0.4070314,0.00094,0.00176
AHCYL1,0.29968,0.000144,0.00177
TRIM42,0.2923323,0.000947,0.00177
LOC105372881,0.84903,0.000143,0.00177
EVC2,-0.2234614,0.000946,0.00177
HCRTR1,0.2155327,0.000951,0.00178
ZNF783///LOC155060,0.1971914,0.000953,0.00178
NEO1,0.3609591,0.000951,0.00178
DNM3OS///MIR199A2,-0.21906092,0.000813,0.00178
MYLPF,0.2988505,0.000956,0.00178
LRSAM1,0.2307114,0.000954,0.00178
KRT24,0.2346327,0.000952,0.00178
NLRP9,0.2713282,0.000951,0.00178
OR5D16,0.2675009,0.000952,0.00178
TCN1,-0.6360891,0.000956,0.00178
NGFR,-0.540315,0.000145,0.00178
TYMSOS,-2.2300515,1.98e-06,0.001787
ARHGEF38,-0.7263132,0.000957,0.00179
ODF2,-0.2774032,0.000957,0.00179
PHC3,-0.5489959,0.000957,0.00179
JMJD6,0.3024377,0.000958,0.00179
OTOS,0.3273923,0.000961,0.00179
MIR125B2,-0.3102945,0.000962,0.00179
CABP7,0.2517809,0.000962,0.00179
POU5F1P4,0.3247564,0.00096,0.00179
SPRR3,0.3352236,0.000958,0.00179
TMBIM6,0.3604525,0.000146,0.00179
OR1N1,0.3179245,0.00096,0.00179
RPS19BP1,0.249595,0.000146,0.0018
KLHL40,0.2697323,0.000963,0.0018
OR7G2,0.2399364,0.000971,0.00181
MYO3A,-0.4349686,0.00097,0.00181
EP300,0.26975,0.000147,0.00181
EXPH5,-0.30384066,0.000828,0.00181
FAM209A,0.16039914,0.000831,0.00181
PPM1K,0.31100057,0.000827,0.00181
FAM201B,0.3574936,0.000974,0.00182
KMO,0.36327955,0.000835,0.00182
CCDC182,0.2927114,0.000979,0.00182
ITPR3,0.45236,0.000975,0.00182
KRT6C,-3.9950261,2.11e-06,0.001822
MRO,-1.9068948,2.09e-06,0.001822
ALPK2,-0.5564825,0.00015,0.00183
LOC100128035,0.3232282,0.000985,0.00183
FLJ43879,0.2480332,0.000981,0.00183
OR51Q1,0.2917568,0.000988,0.00184
NEAT1,0.9311075,0.00015,0.00184
KRT6B,-0.24501933,0.000845,0.00184
ARG2,0.24912741,0.000845,0.00184
ZNF786,-0.15907433,0.000844,0.00184
FRAT2,0.2732673,0.000991,0.00185
MAGEE2,0.2659127,0.000999,0.00186
DNAJB6,-0.2186841,0.001,0.00186
SPTA1,0.1843905,0.001,0.00186
TMEM136///TMEM136,-0.378965,0.001,0.00186
ZCCHC16,0.2472459,0.001,0.00186
SH2D5,0.2796723,0.000997,0.00186
CYP19A1,0.17358181,0.000854,0.00186
ALDOB,0.2339727,0.001,0.00186
CSNK1G1,-0.2590427,0.001,0.00186
ADGRL4,-0.5584955,0.001,0.00186
AURKAIP1,0.3049655,0.001,0.00186
BMP6///BMP6,0.4235895,0.000998,0.00186
MIR492///KRT19P2,0.504125,0.000999,0.00186
RNASEH2B,-0.2819245,0.001,0.00187
MAGI1,0.259575,0.000154,0.00187
LOC100507460,-0.862985,0.000153,0.00187
PDCD7,-0.1756923,0.00101,0.00188
SLC20A2,-0.2715982,0.00101,0.00188
VIPAS39,-0.3913414,0.00101,0.00188
IL36G,0.2465745,0.00101,0.00188
GJB7,-0.18381795,0.00087,0.00189
FOXI2,0.2727441,0.00101,0.00189
SRRT,0.2181355,0.00102,0.00189
RPL29,-0.2493682,0.00101,0.00189
COL16A1,-0.7933425,0.000156,0.00189
ACSM6,0.2703877,0.00102,0.0019
CPNE3,0.3373118,0.00102,0.0019
FKBPL,0.2588441,0.00103,0.00191
FAM175A,-0.16709126,0.000879,0.00191
CDH1,-0.22003828,0.000877,0.00191
AMDHD1,0.3764125,0.000158,0.00191
PHRF1///PHRF1,0.1753182,0.00104,0.00192
CA8,-0.3951095,0.00103,0.00192
USP25,-0.3552505,0.00103,0.00192
MFSD14B,-0.2373645,0.00104,0.00192
EVX2,0.3120991,0.00104,0.00192
BOD1L2,0.1953282,0.00104,0.00193
SCARNA1,0.4086695,0.00104,0.00193
GPR34,0.4610464,0.00105,0.00194
CTC1,0.156666,0.000891,0.00194
PSMB3,0.22008819,0.000892,0.00194
TCP11L2,-0.22865942,0.000892,0.00194
TSSK6,0.2760714,0.00105,0.00194
SLC2A1,-1.00148,0.000162,0.00194
ZNF785,0.2136505,0.00105,0.00195
ANKRD26P1,0.2691982,0.00105,0.00195
GUK1,0.3269859,0.00106,0.00196
LOC440792,0.6425625,0.000164,0.00196
IFNE,-0.6970859,0.00106,0.00196
CIAPIN1,0.3228918,0.00107,0.00197
UGT2B11///UGT2B17///UGT2B15///UGT2B10///UGT2B7,-0.4763884,0.000909,0.00197
MAPK1,0.29251,0.000166,0.00198
GALNT2,0.17854805,0.000912,0.00198
FUT10,-0.32112,0.00107,0.00198
C1ORF64,0.2492768,0.00107,0.00198
TREML2,0.3067318,0.00107,0.00199
INHBC,0.2812895,0.00107,0.00199
CIART,0.22864096,0.000915,0.00199
SNORD115-48,-0.3644741,0.00107,0.00199
IFNB1,0.2811809,0.00108,0.00199
LOC100130433,0.2644255,0.00107,0.00199
PYDC1,0.2467986,0.00107,0.00199
CHPF2,0.2502286,0.00107,0.00199
CCL17,0.2313486,0.00108,0.002
UROS,0.2827691,0.00108,0.002
AXDND1,-0.5688623,0.00108,0.002
PROSC,0.3401925,0.000169,0.00201
PTPRH,0.3468095,0.00108,0.00201
TCF4,0.3729941,0.00109,0.00201
NDUFAF5,-0.2756268,0.00108,0.00201
PPFIA4,0.2443495,0.00109,0.00201
KYAT1,0.245035,0.000169,0.00201
ITGAX,0.30528618,0.000932,0.00202
HES3,0.2669523,0.00109,0.00202
LRRC14B,0.2713895,0.00109,0.00202
LGALS7B,-2.2909325,0.000169,0.00202
MOAP1,0.2226723,0.00109,0.00202
MIR135A1,-0.3073205,0.0011,0.00203
GPR107,0.2178595,0.0011,0.00203
PRSS38,0.1883314,0.0011,0.00203
ASIC4,0.2361005,0.0011,0.00203
CEACAM5,-0.56077976,0.000938,0.00203
HBE1,0.3306073,0.0011,0.00204
TMEM247,0.3214591,0.0011,0.00204
GLIS3,-0.4395355,0.0011,0.00204
SLC34A2///SLC34A2,0.3734864,0.0011,0.00204
ZC2HC1C,-0.17930786,0.000945,0.00205
UCK2,-0.592385,0.000173,0.00205
LOC285074///RMND5A///ANAPC1,-0.2753427,0.00111,0.00205
CA6,0.2697159,0.00111,0.00205
MAFG-AS1,-0.3901675,0.000174,0.00206
OR1L8,0.2644041,0.00112,0.00206
NDUFB3,0.3761709,0.00112,0.00206
AMOTL1,0.16288262,0.00095,0.00206
ATP10B,-0.14455546,0.00096,0.00208
MTG2,-0.2121091,0.00112,0.00208
IRX3,0.6480114,0.00113,0.00209
LYRM5,0.2793232,0.00114,0.00209
CENPH,0.2619259,0.00114,0.0021
NCOA7,-0.4265268,0.00114,0.0021
TMEM64,0.357945,0.000178,0.0021
FAM86DP///FAM86B2///FAM86FP///FAM86C2P///EEF2KMT///FAM86B1///FAM86C1,0.2930964,0.00114,0.0021
FAM129C,0.3235018,0.00114,0.0021
USP42,0.2338495,0.00114,0.0021
ALAS1///ALAS1,0.18009052,0.000971,0.0021
DIAPH2-AS1,0.3224355,0.00114,0.0021
PPP1R3D,0.2033873,0.00114,0.0021
USP11,0.2520482,0.00115,0.00211
ETFBKMT,0.2147075,0.00018,0.00211
APOD,0.41198344,0.000978,0.00211
NOX3,0.2204795,0.00114,0.00211
GGCX,0.1866948,0.000975,0.00211
TENM4,-0.2432525,0.00018,0.00212
DDIAS,-0.3388668,0.00115,0.00212
FBXO40,0.2760114,0.00115,0.00212
UBE2E4P///UBE2E3,0.2679641,0.00115,0.00212
TMEM39A,0.17391737,0.00098,0.00212
LMO7,-0.61617,0.00115,0.00212
ZNF763,-0.3692677,0.00115,0.00212
KAZALD1,-0.670575,0.00018,0.00212
AWAT2,0.4271709,0.00116,0.00213
LIAS,-0.15481625,0.000985,0.00213
CPM,1.091535,0.000181,0.00213
LINC00341,0.175501,0.000992,0.00214
VSTM2A,0.2803455,0.00116,0.00214
TRPC4AP,0.2141759,0.00117,0.00215
SNORD115-4,-0.2799709,0.00117,0.00215
TBC1D29,0.2445632,0.00117,0.00215
OR1I1,0.2759686,0.00117,0.00216
CHST15,-0.4984325,0.000184,0.00216
NRTN,0.46119,0.000185,0.00216
MBIP,0.21129856,0.001,0.00216
LOC101060256,-0.3012482,0.00117,0.00216
CDC20,0.2145164,0.00118,0.00217
COL11A1,-0.377775,0.00118,0.00217
CAD,-0.2304891,0.00118,0.00217
TMEM186,-0.2732536,0.00118,0.00217
CDC42BPB,0.2970964,0.00118,0.00217
RHBDD3,0.2417673,0.00118,0.00217
PIGC,-0.3013032,0.00119,0.00218
ZCCHC4,-0.2252168,0.00118,0.00218
SNTG2,-0.3826741,0.00119,0.00218
CXCR5,-0.9719525,0.000187,0.00218
TNNT3,0.2484295,0.00119,0.00218
POM121L4P,0.3139323,0.00119,0.00218
LRRTM2,0.3218514,0.00119,0.00219
NPAS1,0.2418214,0.00119,0.00219
ART5,0.3449491,0.0012,0.0022
PPY2P,0.27887,0.0012,0.0022
LOC441268///LINC00937,0.2982691,0.0012,0.0022
KLK5,0.3966159,0.0012,0.0022
TGM7,0.2342895,0.0012,0.0022
TRIM46,0.2022986,0.0012,0.0022
PLAT,0.616445,0.0012,0.0022
MESDC2,-0.2746614,0.0012,0.0022
ZSWIM6,0.15750616,0.00103,0.00221
CPPED1,-0.3411745,0.0012,0.00221
IGF2BP2-AS1,0.2806068,0.00121,0.00221
GM2A,-0.23186938,0.00103,0.00221
HOXB8,0.2859109,0.0012,0.00221
IDO1,1.2441418,0.00121,0.00222
SERPINB1,0.22325589,0.00103,0.00222
ASMTL,0.2497118,0.00121,0.00223
APTR,0.44392,0.000193,0.00224
DAAM2,0.591095,0.000193,0.00224
PTDSS1,0.17417279,0.00104,0.00224
KRTAP10-12///KRTAP10-3///KRTAP10-2///KRTAP10-11///KRTAP10-1///KRTAP10-9///KRTAP10-7///KRTAP10-6///KRTAP10-4///KRTAP10-10,0.16248333,0.00104,0.00224
ABAT,0.16422259,0.00104,0.00224
GSX1,0.2823227,0.00122,0.00224
THEM5,0.263835,0.00122,0.00224
DNAJC25-GNG10///DNAJC25,-0.2133882,0.00122,0.00225
SLC24A3,-0.1692724,0.00105,0.00225
HFE2,0.2939486,0.00123,0.00226
SHTN1,0.22096153,0.00105,0.00226
DLG5,-0.511785,0.000196,0.00226
LY6G6E,0.3287641,0.00124,0.00227
RNF2,0.2085818,0.00124,0.00227
IFNL3,0.2825582,0.00124,0.00227
ENPP7,0.2914336,0.00124,0.00227
UBL4B,0.2595868,0.00124,0.00227
MILR1///MILR1,-0.3398314,0.00124,0.00227
SLC26A4,-1.1502305,0.00125,0.00228
C20ORF141,0.2603791,0.00124,0.00228
NEUROD4,0.2392045,0.00125,0.00229
LOC400870,0.264255,0.00125,0.00229
ACTC1,-0.18467768,0.00107,0.00229
VPS16///PTPRA,0.1950082,0.00125,0.00229
RNF216,-0.2019432,0.00125,0.00229
ANGPT1,-0.7088327,0.00125,0.00229
MRPS31P5,-0.2632068,0.00126,0.0023
SRSF12,-0.3667525,0.000199,0.0023
SRP9,-0.2262532,0.00126,0.0023
CPNE7,0.2332009,0.00126,0.0023
MSI1,0.2605464,0.00126,0.00231
UPK3B,0.5611275,0.0002,0.00231
CMSS1,0.4506645,0.00126,0.00231
SBF2,-0.4028145,0.00127,0.00232
PRAMEF18,0.3125445,0.00127,0.00232
HSP90AB2P,-0.2932136,0.00127,0.00232
MRGPRF,-0.82692,0.000202,0.00232
SLC35F3,-0.5612625,0.000201,0.00232
INO80C,-0.2651409,0.00127,0.00232
TRPC4,-0.6410986,0.00127,0.00232
MRPS24,0.1921975,0.000203,0.00233
SPRN,0.2300818,0.00128,0.00233
IL6,0.78887424,0.00109,0.00233
SH3PXD2A,0.3016691,0.00128,0.00234
BRINP2,0.3481505,0.00128,0.00234
OSBPL11,-0.4401109,0.00128,0.00234
ZNF460,-0.3805355,0.00128,0.00234
ZNF341,0.232975,0.00128,0.00234
WDR87,0.2570127,0.00129,0.00235
TMEM61,0.2394482,0.00128,0.00235
AGTRAP,0.4257075,0.000205,0.00235
TAS2R50,-0.26897084,0.0011,0.00235
FCN2,0.3111468,0.00128,0.00235
RNF144A,0.17448258,0.0011,0.00236
PPY,0.27531,0.00129,0.00236
DRP2,0.2671591,0.00129,0.00236
PQBP1,0.18773,0.000205,0.00236
LCE4A,0.2432714,0.0013,0.00237
ZNF652,-0.2332059,0.00131,0.00238
CD82,0.4105159,0.00131,0.00239
KIRREL3,-0.36307,0.000209,0.00239
H2BFM,0.2493305,0.00131,0.00239
OBP2B,0.2873441,0.00132,0.0024
FCGR2C///FCGR2B,0.3845059,0.00132,0.0024
C1ORF68,0.218695,0.00132,0.00241
COL4A4,0.15893055,0.00113,0.00241
FAM225B,-0.613115,0.000211,0.00241
MPLKIP,0.3853682,0.00132,0.00241
LHCGR,-0.5011682,0.00133,0.00242
ABHD1,0.2831609,0.00133,0.00242
PRR25,0.22765,0.00133,0.00242
TRIM69///TRIM69,0.2564182,0.00133,0.00242
SEMA3E,0.3456125,0.000213,0.00243
SYN1,0.2016259,0.00133,0.00243
DDC,0.2288386,0.00134,0.00243
SPIDR,-0.2123382,0.00134,0.00244
ODF1,0.2136982,0.00134,0.00244
ZNF239,-0.3114423,0.00134,0.00244
LINGO1,0.2694141,0.00134,0.00245
OVOL2,0.3702095,0.00134,0.00245
KLHDC1,-0.22837819,0.00115,0.00245
GDF10,0.9717525,0.000215,0.00245
MYH2,0.4146082,0.00135,0.00245
HCP5,0.4442741,0.00135,0.00246
PLIN3,-0.3316875,0.000216,0.00246
CGA,0.2643609,0.00136,0.00247
PTGDR,0.4529455,0.00136,0.00247
SLC7A5,-0.482805,0.000218,0.00247
C3ORF80,0.3226682,0.00136,0.00248
FAM198A,-0.22373329,0.00116,0.00248
RAC1,0.15697973,0.00116,0.00248
OC90,0.2267691,0.00137,0.00249
TAS2R41,0.17517172,0.00118,0.0025
ZNF525,-0.23345,0.00022,0.0025
AHSG,0.221155,0.00138,0.00251
TRIM54,0.2186123,0.00138,0.00252
GOT1L1,0.3049868,0.00139,0.00252
C11ORF42,0.2621195,0.00139,0.00253
HIST2H2BF///HIST2H2BA///HIST2H2BE,0.504155,0.00139,0.00253
IFT122,-0.4268227,0.00139,0.00253
PPP1CA,0.2634695,0.00139,0.00253
NBL1,-0.60921,0.000223,0.00253
ATP2B2-IT2,-1.191885,0.000223,0.00253
PELO///ITGA1,0.26827042,0.0012,0.00254
LOC344967///ACOT7,-0.18419616,0.00119,0.00254
EHBP1L1,-0.368485,0.000225,0.00254
TMEM145,0.2697209,0.0014,0.00255
TTYH3,-0.4188525,0.000226,0.00255
PLPP1,-0.15992062,0.0012,0.00255
RNF151,0.251795,0.0014,0.00255
TMEM169,0.1952477,0.00141,0.00256
RUVBL2,-0.4284941,0.00141,0.00256
CPLX2,0.2204191,0.00141,0.00256
ANKRD37,-0.20297763,0.0012,0.00256
EDDM3B,0.2606123,0.00141,0.00256
CSNK1D,0.1996768,0.00142,0.00257
ZG16,0.2602727,0.00142,0.00257
DUSP21,0.2340132,0.00142,0.00257
SPATA31D5P,0.2586832,0.00141,0.00257
ERI3,0.24983,0.00142,0.00258
ARTN,0.2413177,0.00142,0.00258
PHKA2,0.2958425,0.000229,0.00258
HIST1H2AE,-2.2212861,4.05e-06,0.00259
ACSS1,0.45905,0.00023,0.00259
BNC1,-0.6625225,0.000231,0.00259
ZSCAN2,0.1952223,0.00143,0.00259
SATB2-AS1,0.2440195,0.00142,0.00259
EPN3,0.2591014,0.00143,0.00259
RRP1B,-0.27574,0.00143,0.00259
HGC6.3,-0.423675,0.000229,0.00259
CHAD,0.3528445,0.00143,0.0026
GLP2R,-0.5826845,0.00143,0.0026
SGMS1,0.357365,0.000232,0.00261
CNBD2,0.24131,0.00144,0.00261
PRPS1L1,-0.306175,0.000232,0.00261
FIGLA,0.2866218,0.00144,0.00261
HIST1H3D,-3.1008907,4.56e-06,0.002619
SPPL2B,0.3055568,0.00144,0.00262
H2BFWT,0.2991214,0.00144,0.00262
RCBTB1,-0.3054341,0.00144,0.00262
PSTPIP1,0.2193009,0.00144,0.00262
OR6Q1,0.3190955,0.00145,0.00262
GPR84,0.18152898,0.00123,0.00262
STMN2,-0.5877525,0.000234,0.00262
TSHZ3,-0.631075,0.000234,0.00263
MSH4,0.1712425,0.000235,0.00263
CRYBB3,0.2356318,0.00145,0.00263
TOMM20L,0.293415,0.00145,0.00263
LRFN4,0.2207532,0.00145,0.00263
OR2A14,0.2493305,0.00145,0.00263
FGB,0.2482664,0.00146,0.00264
OR1A2,0.2563127,0.00146,0.00264
SPDYE4,0.2883577,0.00146,0.00264
LOC729866,0.2547718,0.00146,0.00265
LOC100287934///LOC100287497,-0.2760495,0.00147,0.00266
COMMD1,0.4033155,0.00147,0.00266
KPNA3,-0.3400873,0.00147,0.00266
PRICKLE1,0.5446095,0.00147,0.00266
ZNF542P,-0.2657573,0.00147,0.00266
ABCG5,0.2425218,0.00147,0.00267
SUPT20H,-0.32552,0.00147,0.00267
USP43,-0.17953634,0.00126,0.00267
TSPYL6,0.2768632,0.00147,0.00267
HLA-DRB1///HLA-DQB1,1.5365227,0.00147,0.00267
BNIP1,0.2143259,0.00148,0.00268
CCL15-CCL14///CCL15///CCL14,0.7085423,0.00148,0.00268
TMEM70,-0.3477627,0.00149,0.00269
PPP2R2C,0.2089973,0.00149,0.00269
LRRC73,0.2980882,0.00148,0.00269
TM2D1,0.2400577,0.00149,0.00269
TTLL7,-0.4609755,0.00149,0.0027
PLEKHA1,0.427515,0.000243,0.0027
GUSBP1,0.50876,0.000244,0.00271
MPG,0.28893,0.000243,0.00271
KIF7,-0.3385025,0.000244,0.00271
CLDND1,0.2222555,0.0015,0.00271
KLHL14,-0.2847873,0.0015,0.00271
KLK15,0.2574727,0.0015,0.00272
DKFZP779M0652,0.2504068,0.00151,0.00274
C1QTNF6,0.2631391,0.00152,0.00274
GPR139,0.2872064,0.00152,0.00275
MED27,-0.3129623,0.00152,0.00275
ERBB3,0.5122555,0.00152,0.00275
LOC102724985///PDXDC1,-0.2481764,0.00153,0.00276
LOC100287728///ZNF75D///ZNF75D,0.3996514,0.00153,0.00277
MIR223,0.27221185,0.00131,0.00278
STX2,0.2685232,0.00154,0.00278
LOC643549,0.2731664,0.00155,0.0028
CCDC70,0.2617995,0.00155,0.0028
PMPCA,-0.2756814,0.00156,0.00282
DEFB118,0.22143,0.00156,0.00282
GDF11,-0.4323875,0.000256,0.00282
OR5F2P,0.3796764,0.00156,0.00282
GPR142,0.2433959,0.00156,0.00282
ENTPD8,0.2650936,0.00157,0.00283
HERC6,-0.25950482,0.00134,0.00283
LCMT1,0.2586355,0.00158,0.00284
KALRN,0.4892025,0.000258,0.00284
PRKCG,0.2510136,0.00157,0.00284
HOXB13,0.3016423,0.00157,0.00284
RANBP3,0.2233182,0.00157,0.00284
IKBIP,-0.2663995,0.00158,0.00285
ERVK-19///ERVK-9///ERVK-6///ERVK-4,-0.2410218,0.00158,0.00285
BET1,-0.16987889,0.00136,0.00286
AKNAD1,0.2228777,0.00159,0.00287
NXPE4,-0.2990325,0.000261,0.00287
EPHX3,0.3792282,0.00159,0.00287
CABP2,0.2578891,0.00159,0.00287
CD99,0.3281575,0.000262,0.00288
KRT4,-0.35490829,0.00136,0.00288
BEX2,0.5579,0.000263,0.00289
LAMA1,-0.4835275,0.000264,0.00289
EML1,0.5763475,0.000264,0.00289
PSMC3,0.37048,0.000263,0.00289
HOOK2,0.16353376,0.00137,0.0029
CACNB4,0.15302556,0.00138,0.00291
CENPP,-0.479915,0.000268,0.00293
FLJ46365,0.2116986,0.00163,0.00293
LPA,0.2980355,0.00162,0.00293
TPTE2P6,-0.4567986,0.00163,0.00293
CALCOCO1,0.30047,0.000269,0.00294
CD79B,-0.7056625,0.00027,0.00295
DNAJC30,0.3299732,0.00164,0.00295
NGEF,-0.9051275,0.000271,0.00295
MIRLET7B///MIRLET7BHG,0.2431386,0.00165,0.00296
GOSR1,-0.2410632,0.00164,0.00296
LIN52,0.245775,0.00165,0.00296
CARTPT,0.2539973,0.00164,0.00296
HMGXB3,0.2249877,0.00165,0.00297
C16ORF87,-0.284915,0.000273,0.00297
TLE4,0.15711842,0.00141,0.00297
STPG2,-0.3197932,0.00165,0.00297
AGMAT,0.2548523,0.00165,0.00297
LIPN,0.28512858,0.00141,0.00298
ENPEP,-0.7960586,0.00166,0.00298
CEP295NL,0.2729686,0.00166,0.00298
FLJ44477,0.3011623,0.00166,0.00299
RIC8A,0.4135525,0.000275,0.00299
VOPP1,0.31628,0.00167,0.003
SEC16B,-0.2323559,0.00167,0.003
OR2A42///OR2A1///OR2A14,0.3682191,0.00167,0.00301
KMT2A,-0.3157523,0.00168,0.00301
CATIP,-0.15674228,0.00143,0.00301
PSCA,-0.17561504,0.00143,0.00301
ELFN2,0.2084818,0.00168,0.00301
TMEM95,0.2424777,0.00167,0.00301
SYNGR3,0.2475264,0.00168,0.00302
PHYHIPL,-0.2329886,0.00168,0.00302
KANSL2,-0.2452368,0.00168,0.00302
CLUL1,0.2303605,0.00169,0.00303
CCDC58,-0.2608209,0.00169,0.00303
DBIL5P2,-0.2467459,0.00169,0.00303
PRSS35,0.3034727,0.00169,0.00304
CCL16,0.4133345,0.0017,0.00304
TAS2R9,-0.3754809,0.00169,0.00304
SPIN1,-0.263215,0.000281,0.00304
LOC100128239,-0.2671175,0.00028,0.00304
MKL2,0.5639425,0.000281,0.00304
UNC93A,0.2609295,0.0017,0.00305
FGF11,0.2819632,0.0017,0.00305
GPR52,-0.20783613,0.00145,0.00305
MIR382,0.27649545,0.00145,0.00305
JADE3,-0.2721264,0.0017,0.00306
RAB29,0.2674155,0.00171,0.00307
GPRC5B,0.3518195,0.00171,0.00307
WBP1,-0.326535,0.000284,0.00307
CCDC107,0.2146941,0.00172,0.00308
PGA4///PGA3///PGA5,0.14316107,0.00147,0.00308
CSRP3,0.2483736,0.00173,0.00309
NDUFC2,0.1933375,0.000288,0.0031
AXIN2,0.35057,0.000288,0.0031
ACTL7B,0.3026686,0.00173,0.0031
EFNA2,-0.346615,0.000288,0.0031
PPP1R9B,0.17488357,0.00148,0.00311
LRRC9,-0.367055,0.00174,0.00311
FAM153A,0.46327,0.000291,0.00312
C19ORF12,0.2110345,0.00174,0.00312
SLC25A17,0.1994009,0.00174,0.00312
ARHGEF34P///OR2A7///OR2A25///OR2A4,0.6629223,0.00175,0.00313
ALG10B///ALG10,-0.2555686,0.00175,0.00313
IMPDH2,0.16520858,0.00149,0.00313
ARHGEF39,0.217775,0.00175,0.00313
CDS1,-0.5021809,0.00175,0.00314
KLHDC8A,-0.441215,0.000293,0.00314
CST1,-0.31439014,0.0015,0.00314
DRAM1,0.4641486,0.00176,0.00315
MIRLET7A3///MIRLET7BHG,0.3228141,0.00176,0.00315
SLC10A6,-0.3750418,0.00176,0.00315
MTPN,0.346475,0.000293,0.00315
PHPT1,0.3188073,0.00176,0.00316
HEMGN,0.2778164,0.00177,0.00316
OLFML2B,-0.24804567,0.00151,0.00316
CALML3,-0.4587,0.000294,0.00316
C6ORF47,0.2015414,0.00177,0.00317
SNIP1,-0.16992,0.00177,0.00317
ZNF8,0.1881223,0.00177,0.00317
OR5G5P,-0.6554264,0.00177,0.00317
SFTPA1,2.6280962,6.67e-06,0.003178
DUSP13,0.2675555,0.00178,0.00318
TBX5-AS1,0.83452,0.000297,0.00318
FBXL15,0.2372027,0.00178,0.00319
PNRC1,0.2492682,0.00179,0.00319
TMSB15B,-0.4736575,0.000298,0.00319
AP1B1,0.15438296,0.00152,0.00319
COL4A2,0.28297213,0.00153,0.00319
CEACAM16,0.2499259,0.00179,0.0032
WIPI1,0.15092071,0.00153,0.0032
VPREB3,0.2705441,0.00179,0.0032
NYAP1,0.2348223,0.00179,0.0032
CCR3,-0.4949875,0.000299,0.0032
FLJ42393,0.2406567,0.00154,0.00321
FAM183BP,0.368955,0.0018,0.00321
CBY1,0.3041636,0.0018,0.00321
BTG2,0.4659677,0.0018,0.00321
GH2///GH1///CSHL1///CSH2///CSH1,0.1961932,0.0018,0.00322
GIMAP5,0.7565,0.000302,0.00322
LINC00523,0.2406168,0.0018,0.00322
NUP35,-0.25342,0.000301,0.00322
ECRP,0.211285,0.000301,0.00322
DUXAP8,-1.5669995,6.91e-06,0.003223
ASAP1,0.16753842,0.00155,0.00323
GAPT,-0.4849441,0.00181,0.00324
CPEB1,-0.465885,0.000304,0.00324
TTI2,-0.2760636,0.00182,0.00325
KRTAP21-2,0.2237891,0.00182,0.00325
CDNF,-0.16197515,0.00156,0.00325
MIR190A,-0.22431,0.00182,0.00325
KLRC4-KLRK1///KLRC4,-0.815895,0.00182,0.00325
PNMA5,-0.3356375,0.000304,0.00325
OR14C36,0.3836786,0.00182,0.00325
GPR101,0.2122795,0.00183,0.00326
PPIL1,-0.2197227,0.00183,0.00326
RHOJ,-0.21912472,0.00156,0.00326
P2RY14,-0.29351062,0.00156,0.00326
OR4D10,0.2798127,0.00183,0.00326
LINC00205,0.2434036,0.00183,0.00326
ADAM19,-0.7064875,0.000306,0.00326
SLC52A1,-0.6393325,0.000306,0.00326
GLYAT,0.166015,0.000306,0.00326
MIR600HG,-0.24449616,0.00157,0.00327
PRO2012,-0.27456804,0.00157,0.00327
FANCD2OS,0.2736632,0.00183,0.00327
LARGE2,0.2424777,0.00184,0.00327
MIR181B2,-0.3510823,0.00183,0.00327
CADM3,0.3797491,0.00183,0.00327
RBP7,0.25722351,0.00158,0.00328
CD40LG,-0.22269357,0.00158,0.00328
LRIG1,-0.22063261,0.00157,0.00328
GLTPD2,0.3096355,0.00185,0.00329
FBXO44,0.1853914,0.00185,0.0033
SEZ6L,0.1975168,0.00185,0.0033
JARID2,-0.2447495,0.00185,0.0033
ELANE,0.17638584,0.00159,0.0033
ESRRA,0.2775159,0.00186,0.00332
LINC00844,0.6538475,0.000313,0.00332
FAM27E3,-1.8741224,7.35e-06,0.003322
UBAP2,0.30806,0.000314,0.00333
ING5,0.503905,0.000315,0.00334
TVP23C-CDRT4,-0.434125,0.000315,0.00334
HIST1H1B,-0.27156537,0.00161,0.00335
NKAPL,-0.2226882,0.00188,0.00335
TAS1R3,0.2702405,0.00188,0.00335
SDCCAG3,0.1657945,0.00188,0.00336
TIFAB///DCANP1,0.2262527,0.00189,0.00336
RAB31,0.3068455,0.00188,0.00336
IRF2BP1,0.2717136,0.00189,0.00337
T,0.2011745,0.00189,0.00337
HAPLN4,0.2971127,0.00189,0.00337
DNAJB9,-0.5768325,0.000319,0.00338
SPINT2,0.5149755,0.0019,0.00338
LOC389834,-0.7758214,0.0019,0.00339
ZNF765,0.526725,0.000321,0.00339
CT45A8///CT45A9///CT45A10///CT45A7///CT45A2///CT45A1///CT45A6///CT45A5///CT45A3///CT45A8,0.7984173,0.00191,0.00339
DDC-AS1,0.2632505,0.00191,0.00339
NFATC2,-0.98144,0.000322,0.0034
POM121L1P,0.2991175,0.000321,0.0034
S100A11,0.2987227,0.00191,0.0034
RPS18P9///RPS18,0.3234182,0.00191,0.0034
C14ORF79,-0.17406864,0.00164,0.0034
LOC441239,0.2419932,0.00191,0.0034
ALX1,-0.36289,0.000322,0.0034
SETSIP///SET,-0.2403641,0.00191,0.00341
PTGS2,-1.35263,0.000323,0.00341
KAT8,0.287015,0.000324,0.00341
LOC728283,0.3378668,0.00192,0.00342
MRPL54,0.2229205,0.00192,0.00342
ERICH2,0.88275,0.000324,0.00342
ANKRD34A,0.2615673,0.00193,0.00343
ATG4C,-0.1835904,0.00165,0.00343
KLK4,0.2806914,0.00193,0.00343
ANKMY1,0.2886641,0.00193,0.00343
FUT6,0.274825,0.00194,0.00345
SLC25A41,0.2416441,0.00194,0.00345
RBM12,-0.2313875,0.000328,0.00345
OR10P1,0.17559354,0.00167,0.00346
LRRTM1,-0.2545775,0.00033,0.00346
CCNO,-0.18233607,0.00167,0.00346
EEF1B2,0.2744664,0.00195,0.00346
LCE1F,0.2329505,0.00195,0.00347
DIAPH3,-0.4259545,0.00196,0.00347
SNORA55,0.3069423,0.00196,0.00348
PRSS22,-0.72375,0.000333,0.00349
H1FOO,0.2401877,0.00196,0.00349
SMIM2,0.2333082,0.00196,0.00349
DPF1,0.2166818,0.00197,0.00349
MIR128-2,-0.3277636,0.00197,0.0035
TIAM2,-0.2017377,0.00197,0.0035
MELTF,0.2196323,0.00197,0.0035
SPATA8,0.2968555,0.00197,0.0035
C12ORF40,0.3391418,0.00198,0.00351
LOC100129406,0.6732075,0.000335,0.00351
SLC39A14,0.30078975,0.0017,0.00351
RPL36A-HNRNPH2///RPL36A,-0.18301308,0.0017,0.00351
NTF3,0.3032609,0.00198,0.00351
TRAF6,-0.2868141,0.00198,0.00351
MAGEA4,0.2524309,0.00199,0.00352
EREG,-0.8187068,0.00198,0.00352
FADD,0.2759882,0.00199,0.00352
MFI2-AS1,-0.48425,0.000337,0.00353
RRS1,0.24405115,0.00171,0.00354
PACSIN2,0.4094425,0.000339,0.00354
SNU13,0.252955,0.00034,0.00354
PRAMEF34P///PRAMEF36P///PRAMEF17///PRAMEF10///PRAMEF2,0.15994862,0.00172,0.00355
GAL,0.2574936,0.002,0.00355
BLK,-0.4841282,0.00201,0.00356
WIPF1,0.3369459,0.00201,0.00357
DPF3,-0.469585,0.000343,0.00357
KIF5A,0.2063868,0.00201,0.00357
MIR487A,-0.5401427,0.00201,0.00357
LOC652276,0.298865,0.00203,0.00359
GABRG2,0.2139168,0.00203,0.0036
GLTSCR2,0.30347,0.00203,0.0036
PNMA3,-0.6970425,0.000347,0.00361
TMEM132A,0.2483068,0.00204,0.00361
COA5,-0.2408,0.00204,0.00361
ZNF668,0.2465982,0.00204,0.00362
PNP,0.24699197,0.00176,0.00362
UNC45B,0.2125414,0.00204,0.00362
OR2B11,0.2803664,0.00205,0.00363
MAG,0.2699491,0.00205,0.00363
FAM223A///FAM223B,0.2191282,0.00205,0.00363
PROKR1///PROKR1,0.2312214,0.00205,0.00363
CAMKV,0.2690305,0.00206,0.00364
FZD10,0.2466586,0.00206,0.00364
FRMPD3,-0.1863025,0.000352,0.00364
MIR34B,-0.1925967,0.00176,0.00364
EMBP1,-0.4981975,0.000353,0.00365
LINC00680-GUSBP4///LOC100133050///GUSBP9///GUSBP1///GUSBP3///LOC653080///GUSBP2///GUSBP11///SMA5///SMA4///GUSB///GUSBP3///SMA5///SMA4,-0.22647592,0.00177,0.00365
FAM86B3P,0.3124191,0.00207,0.00365
C10ORF2,-0.3270209,0.00206,0.00365
LCN12,0.2331268,0.00207,0.00366
MIR516B2,-0.3528295,0.00207,0.00366
AOAH,0.32105309,0.00178,0.00367
MSTO2P///MSTO1,0.16659147,0.00178,0.00367
JMJD7,0.37324,0.000356,0.00368
COL27A1,0.2034477,0.00208,0.00368
RHCE,0.2076259,0.00208,0.00368
HIST2H2AA4,-1.7565596,9e-06,0.003683
MSANTD1,0.2861805,0.00208,0.00369
AHRR///PDCD6,0.1956564,0.00209,0.00369
ARL2,0.31515,0.000358,0.00369
KIAA0754,0.749925,0.000359,0.0037
TIMD4,-0.23331233,0.0018,0.0037
ATP2A3,-0.19054532,0.0018,0.0037
ARID3C,0.2455718,0.00209,0.0037
BABAM1,0.198595,0.00036,0.00371
C12ORF56,0.2071664,0.0021,0.00371
RPL36A,-0.314335,0.000362,0.00371
ALKBH2,0.2434618,0.0021,0.00371
FAM19A4,0.2754941,0.0021,0.00371
HSF2BP,-0.1869564,0.00211,0.00372
TNP1,0.2479305,0.0021,0.00372
OR4D1,0.16914662,0.00181,0.00373
C3ORF14,-0.5274925,0.000366,0.00375
RHPN1,0.208095,0.00213,0.00375
CHMP7,-0.2905941,0.00212,0.00375
MIR193A,-0.3239464,0.00212,0.00375
IL24,0.3005136,0.00213,0.00376
LINC00599,-0.2086675,0.000367,0.00376
SIAE,1.6793055,9.38e-06,0.003769
DBET///DUX4///DUX1///DUX3///DUX5,0.2192777,0.00214,0.00377
USP18,-0.20052925,0.00183,0.00377
TFAP2E,0.2794159,0.00214,0.00378
DCAF11,0.31824,0.00037,0.00378
KRTAP6-2,0.3190005,0.00214,0.00378
SMS,-0.2770682,0.00214,0.00378
KRT31,0.25581,0.00214,0.00378
SETD9,-0.5513625,0.000371,0.00379
ZNF232,0.4133577,0.00215,0.00379
ELOVL3,0.31379,0.000372,0.0038
SPANXA2///SPANXC///SPANXD///SPANXA1,0.2234959,0.00216,0.0038
EMILIN1,0.20756622,0.00185,0.0038
UMODL1,0.2592291,0.00216,0.00381
JAK3,-0.8322825,0.000375,0.00382
EGR3,-1.7688725,0.000375,0.00382
FER1L5,0.2575527,0.00217,0.00382
HOXA11,0.2380786,0.00217,0.00383
FLJ44896,0.2126788,0.00187,0.00383
WRNIP1,0.2484175,0.000376,0.00383
NCALD,-0.18605595,0.00187,0.00384
COMMD10,-0.240835,0.00218,0.00384
KRTAP5-4,0.17459416,0.00188,0.00385
PRRT1,0.1962859,0.00218,0.00385
SIX2,0.2415145,0.00219,0.00386
TRIM28,0.2294068,0.00219,0.00386
HPS3,-0.3639268,0.00219,0.00386
LY86,0.5065941,0.00219,0.00386
OR2L13,0.2983064,0.0022,0.00387
USF3,-0.339215,0.00219,0.00387
TFR2,0.2770945,0.0022,0.00387
IGSF6,0.4479723,0.00219,0.00387
GHSR,0.3014386,0.0022,0.00387
TP53AIP1,-0.1569148,0.00189,0.00387
MAP3K9,0.2405259,0.0022,0.00387
C4BPB,-0.5593636,0.0022,0.00388
KRT3,0.2763468,0.0022,0.00388
ZSCAN1,0.2378709,0.0022,0.00388
TCF15,0.2236432,0.0022,0.00388
SNORD115-24///SNORD115-44///SNORD115-43///SNORD115-42///SNORD115-41///SNORD115-40///SNORD115-39///SNORD115-38///SNORD115-36///SNORD115-34///SNORD115-30///SNORD115-29///SNORD115-26///SNORD115-22///SNORD115-21///SNORD115-20///SNORD115-16///SNORD115-15///SNORD115-14///SNORD115-13///SNORD115-12///SNORD115-11///SNORD115-10///SNORD115-9///SNORD115-8///SNORD115-6///SNORD115-5///SNORD115-4///SNORD115-1///SNRPN,-0.39271752,0.00189,0.00388
FPR3,-0.35883859,0.0019,0.00388
HIST1H2AJ,-0.1763376,0.00189,0.00388
OR2AE1,0.18547539,0.00189,0.00388
SNORD116-22,0.3988036,0.00221,0.00389
ITGAE,0.4040886,0.00221,0.00389
ILVBL,0.2558027,0.00221,0.00389
SNORA64///RPS2,0.47937,0.00222,0.0039
PPP1R1A,0.3159686,0.00222,0.0039
PPP1R3A,0.2368132,0.00221,0.0039
PRAMEF14///PRAMEF34P///PRAMEF36P///PRAMEF2///PRAMEF1,0.14302737,0.00191,0.0039
MINOS1P1,0.3943125,0.000385,0.0039
MEIG1,-0.6031091,0.00222,0.00391
CDKN3,-0.15227243,0.00191,0.00391
NTHL1,0.4003625,0.000385,0.00391
RAP2B,-0.440035,0.000385,0.00391
SIK2,0.3090445,0.00223,0.00392
RELL1,-0.4244225,0.000387,0.00392
LINC01101,0.2541391,0.00223,0.00392
C18ORF54,-0.3818855,0.00224,0.00393
NKAIN1,0.2659245,0.00224,0.00393
FLJ25758,0.3011718,0.00224,0.00394
USP41///USP18,-0.21341951,0.00193,0.00394
TEX101,0.2318041,0.00225,0.00395
LIPM,0.2413941,0.00225,0.00395
ATP5F1,-0.2157041,0.00225,0.00395
PAPPA2,-0.16577625,0.00194,0.00396
ETV6,-0.2666325,0.000391,0.00396
GLA,0.3473423,0.00225,0.00396
RAB40AL,0.1861825,0.000393,0.00397
NRAP,0.2236318,0.00227,0.00399
TMEM9,0.2519341,0.00227,0.00399
SYBU,0.9917775,0.000397,0.004
OR10AD1,0.2910073,0.00228,0.004
GCG,0.2422655,0.00229,0.00401
NMRK2,0.2347141,0.00228,0.00401
MTHFS,0.4902475,0.0004,0.00402
SCGB2A2,0.2536909,0.00229,0.00402
PIPOX,0.2115109,0.00229,0.00403
CT55,0.2020536,0.0023,0.00403
ARMC12,0.2153082,0.0023,0.00403
MYO18A,-0.26821,0.000401,0.00403
SEC61A1,0.14814911,0.00197,0.00403
ST8SIA2,0.2469836,0.0023,0.00404
FAM9B,0.2884177,0.0023,0.00404
MAGEC2,-0.3624325,0.000402,0.00404
ARHGEF26-AS1,0.5585275,0.000404,0.00405
RNF7,0.2334632,0.00231,0.00405
ESPNP,0.2789027,0.00231,0.00406
GPR150,0.3295327,0.00232,0.00407
DDRGK1,-0.2296768,0.00232,0.00407
MIR2682///MIR137HG,0.15883068,0.002,0.00408
NEFL,0.2717723,0.00232,0.00408
MGMT,0.2632627,0.00233,0.00408
COL4A1,-0.5099773,0.00233,0.00409
STAP2,-0.51299,0.000409,0.0041
NUDT4,-0.409755,0.000411,0.00411
SETBP1,-0.19151346,0.00201,0.00411
LINC01105///LINC01105,0.3467032,0.00235,0.00412
PLD6,0.1761,0.00235,0.00412
SPACA5B///SPACA5,0.2290218,0.00235,0.00412
LAMB3,-0.23165238,0.00202,0.00412
SLC16A10,0.32098435,0.00202,0.00412
SERPINA10,0.2727564,0.00235,0.00412
CYP2C8,-0.4275923,0.00236,0.00413
IFNK,-0.2404382,0.00236,0.00413
FNDC8,0.2144236,0.00237,0.00415
HTR2C,0.2721482,0.00237,0.00416
CCDC61,0.2504359,0.00238,0.00416
LOC157740,0.3525241,0.00238,0.00417
LOC644083,0.2970855,0.00238,0.00417
CDK5RAP1,0.2319925,0.000418,0.00417
PMS1,-0.2127645,0.00238,0.00417
MIR150,0.2906823,0.00238,0.00417
CSN3,0.1990523,0.00239,0.00418
SMIM20,-0.2922491,0.00239,0.00418
SOS2,0.2513,0.000421,0.00419
MRGPRX3,0.3199745,0.0024,0.00419
DMBT1P1,0.2806473,0.0024,0.0042
KCNS2,-0.2680868,0.0024,0.0042
DCAF17,-0.29912,0.000423,0.00421
PCDHGB1,-0.17916,0.000424,0.00422
CNDP1,0.2340114,0.00241,0.00422
TMEM262,0.2790136,0.00242,0.00422
SLC17A7,0.2373405,0.00241,0.00422
AICDA,0.2056791,0.00242,0.00423
AARS2,0.1974109,0.00242,0.00423
TRMT10C,-0.3401414,0.00242,0.00423
CIB1,-0.18051445,0.00208,0.00423
YAP1,0.3865475,0.000427,0.00424
FBXO2,0.2465423,0.00243,0.00424
MRGPRG,0.2511223,0.00243,0.00424
RDH8,0.2226032,0.00243,0.00425
IFNL1,0.2882241,0.00243,0.00425
PC,-0.2440359,0.00244,0.00426
DHDDS,-0.2156664,0.00244,0.00426
ABHD6,0.54876,0.000432,0.00427
UTY,-2.2350545,0.00244,0.00427
DNAJC14,0.1886875,0.000433,0.00428
NBPF6///NBPF4,-0.1924236,0.00245,0.00428
KLF1,0.2477486,0.00245,0.00429
LOC338797,0.2745841,0.00246,0.0043
AQP8,0.1994268,0.00246,0.0043
LOC100130507,0.2291909,0.00246,0.0043
CNKSR3///CNKSR3,-0.4491536,0.00246,0.0043
ZNF814,-0.3810636,0.00247,0.00431
CATSPER4,0.2469532,0.00247,0.00431
AMBN,0.2327818,0.00247,0.00431
HAGLR,0.7250925,0.000438,0.00432
SRPRB,-0.33955,0.00247,0.00432
NOS1AP,0.1705091,0.00248,0.00432
ARHGAP35,-0.2790191,0.00247,0.00432
SPAG4,-0.957875,0.00044,0.00433
CHST2,0.3487436,0.00248,0.00433
ARHGAP20,-0.460085,0.000439,0.00433
JAML,0.33156327,0.00213,0.00433
GRHL3,-0.305215,0.000439,0.00433
TGFA,-0.2135809,0.00249,0.00434
PROP1,0.2090445,0.00249,0.00434
GRP,-0.23260034,0.00215,0.00435
HTRA4,-0.4400264,0.00249,0.00435
SIRT7,-0.2164291,0.0025,0.00435
TBPL2,0.2814141,0.0025,0.00436
UGT2B10,-0.4287055,0.0025,0.00436
FJX1,-1.003565,0.000443,0.00436
DENND1A,0.2153518,0.0025,0.00437
ENY2,0.2210836,0.00251,0.00437
ACOT7,0.2302582,0.00251,0.00437
OTOP3,0.2260882,0.0025,0.00437
KRT17P5,0.2656941,0.00251,0.00438
PKLR,0.2199882,0.00251,0.00438
LOC105377021,0.3172432,0.00251,0.00438
RHOT2,0.2680091,0.00252,0.00439
IL17A,0.2356473,0.00252,0.00439
LCE1B,0.3265923,0.00252,0.00439
SLC14A2,0.28549,0.00252,0.00439
LIMD1-AS1,-0.3930905,0.00252,0.00439
PXDNL,0.2351477,0.00252,0.00439
DAZAP2,0.2725727,0.00252,0.0044
SPANXN5,0.2953409,0.00252,0.0044
PALM3,0.16697891,0.00217,0.00441
MIR4435-2HG,-0.8743225,0.000449,0.00441
C17ORF50,0.2274723,0.00255,0.00443
PKD1L2,0.2292282,0.00254,0.00443
MIR134,0.3064523,0.00255,0.00443
UCN,0.2680905,0.00254,0.00443
WNT10B,0.3076505,0.00255,0.00444
RNF175,-0.3112275,0.000453,0.00444
SLAMF9,-0.2945,0.000453,0.00444
PNMA6A,0.3098968,0.00255,0.00445
PRH1-PRR4///PRH1,0.2960318,0.00255,0.00445
OR4S2,0.2349645,0.00256,0.00446
DSCR10,0.2426945,0.00257,0.00447
CNTNAP2,0.276465,0.00257,0.00447
IGFBP6///C12ORF57,0.24475354,0.00221,0.00447
TM4SF19,-2.5078015,1.19e-05,0.004478
TM4SF18,-0.32392836,0.00221,0.00448
TSR2,0.29599,0.00046,0.00449
ZDHHC22,0.2658868,0.00259,0.0045
STAG3,-0.8180025,0.000461,0.0045
LLPH-AS1///LLPH,0.2936341,0.00259,0.00451
GPAT2P2,0.2940836,0.0026,0.00452
CEACAM6,-0.5969318,0.0026,0.00452
ZNF195,-0.2333145,0.0026,0.00453
HOXB6,0.3271277,0.0026,0.00453
MYL6,0.3431909,0.00262,0.00455
SLC6A10P,-0.2979975,0.000467,0.00455
KRTAP4-3,0.27403,0.00262,0.00455
KRTAP10-11,0.2508627,0.00262,0.00455
DDOST,0.2639618,0.00264,0.00459
TEX40,-0.6320075,0.000472,0.00459
PFN4,-0.2953432,0.00264,0.00459
VWC2,0.2558818,0.00265,0.0046
CENPBD1,-0.2513777,0.00265,0.0046
GPR31,0.2637159,0.00265,0.00461
ELAC1,-0.3000709,0.00266,0.00461
NEURL2,0.14361554,0.00229,0.00462
PRAC1,-0.2241655,0.00266,0.00462
UBE3B,0.21604,0.000476,0.00462
SNORA21,-0.5304064,0.00267,0.00463
NPBWR2,0.260155,0.00266,0.00463
PCP2,0.1811741,0.00267,0.00464
SMA4,0.6713925,0.000479,0.00464
CRAMP1,0.1381536,0.00268,0.00464
ELMO2,0.14947315,0.00231,0.00466
FABP12,0.2581727,0.00269,0.00466
OR6C65,0.2293973,0.00269,0.00466
ZNF101,-0.4365475,0.000482,0.00466
FLJ42102,0.2158586,0.0027,0.00468
RNASE7,0.2730695,0.0027,0.00468
KCNE2,0.2595573,0.0027,0.00468
BSND,0.2263482,0.0027,0.00469
OPN3,0.21981254,0.00233,0.0047
LRRC31,0.23261,0.000489,0.00471
CBFA2T2,0.2109832,0.00272,0.00472
ANKRD65,-0.612705,0.000491,0.00472
RNF10,-0.1411932,0.00272,0.00472
MMP26,0.280915,0.00273,0.00473
C5ORF30,0.3414725,0.000492,0.00473
RSAD1,0.2040364,0.00273,0.00474
DCAF12L1,0.271275,0.00274,0.00475
NFKB1,-0.3626059,0.00274,0.00475
CXCL1,-0.39927192,0.00236,0.00476
DCDC2,-0.4600332,0.00275,0.00477
TIGD4,-0.3505445,0.00275,0.00477
TTPAL,-0.3456586,0.00275,0.00477
OR56A3,0.2346477,0.00276,0.00478
PRSS1,-0.3370175,0.0005,0.00479
RGSL1,0.2411459,0.00277,0.00479
ABRACL,-0.3753632,0.00276,0.00479
SRP19,0.3103423,0.00277,0.0048
ATP5C1,0.1697464,0.00277,0.0048
CPT1C,0.2549095,0.00277,0.0048
TAF5L,0.2384409,0.00278,0.00481
SGCE,0.416335,0.000502,0.00481
DNTT,0.2256718,0.00278,0.00482
DIS3L2,-0.2256714,0.00278,0.00482
INCENP,0.1928868,0.00279,0.00483
TACC3,-0.2540173,0.00279,0.00483
SERTAD4-AS1,-0.82955,0.000507,0.00484
LIPG,0.40240082,0.00241,0.00484
THAP1,0.2387795,0.0028,0.00484
SLC30A2,-0.2973125,0.000508,0.00485
IL1A,0.8150736,0.0028,0.00485
KRCC1,-0.17417298,0.00241,0.00485
P2RY8,-0.795785,0.000508,0.00485
PCDHGB4,0.2631277,0.00281,0.00487
MIR221,0.29944688,0.00242,0.00487
LINC01587,0.2718132,0.00283,0.00489
GJB4,0.2066977,0.00283,0.00489
IL36B,0.2525145,0.00283,0.00489
STAT6,0.1797095,0.00284,0.0049
CD83,0.3556355,0.00284,0.00491
LOC100131756,0.3016891,0.00284,0.00491
RELN,-0.36009,0.000515,0.00491
S100B,-0.8322275,0.000515,0.00491
CEP41,-0.22325,0.000514,0.00491
HIST1H2BO,0.2819845,0.00284,0.00491
FAM27B///FAM27C,-0.14466187,0.00245,0.00491
MYOZ3,-0.6440075,0.000517,0.00492
SCUBE1,0.4543836,0.00285,0.00492
IGFBP3,0.4167327,0.00285,0.00493
ADK,-0.3377432,0.00286,0.00493
PRKXP1,-0.6113955,0.00286,0.00494
REC8,-0.1915928,0.00246,0.00494
PDCD2,0.2710475,0.00052,0.00495
FLJ33534,0.2575595,0.00288,0.00497
NPAS4,0.2542855,0.00288,0.00497
ANKRA2,-0.21604701,0.00248,0.00497
NPW,0.2995068,0.00289,0.00498
ZIM2///PEG3,-0.2121418,0.00288,0.00498
CREBL2,-0.2071936,0.00289,0.00499
KRT19,-0.29823132,0.00249,0.00499
MIR181A1,-0.4254855,0.00289,0.00499
PCLO,0.2103975,0.000527,0.005
MATN4,0.1998977,0.0029,0.00501
PICALM,-0.2422409,0.0029,0.00501
PYHIN1,-0.22169508,0.00251,0.00502
MFN2,0.3375,0.000531,0.00502
C10ORF35,0.2473345,0.00291,0.00502
ERICH1,0.3838459,0.00291,0.00502
ZDHHC19,0.2079909,0.00292,0.00503
SHANK2-AS3,0.2084641,0.00292,0.00503
HSD17B2,0.19057325,0.00251,0.00504
LOC280665,-0.3120659,0.00292,0.00504
LRFN1,0.1481434,0.00252,0.00506
ZNF583,-0.3523241,0.00294,0.00507
ZCCHC10,-0.2297175,0.000537,0.00507
EMILIN2,0.16645427,0.00253,0.00507
LOC100130071,0.2431868,0.00294,0.00507
NT5DC4,0.2218032,0.00294,0.00507
FAM71B,0.2433791,0.00295,0.00508
MAGEB16,0.251185,0.00295,0.00509
FARSB,-0.33179,0.00295,0.00509
MCF2L2,-0.2252373,0.00296,0.0051
HSP90B3P,-0.4681273,0.00296,0.0051
NUMB,0.2918725,0.000543,0.00511
OR6F1,0.2564036,0.00297,0.00511
LCN1,0.2729727,0.00296,0.00511
H2AFY,0.34434,0.000543,0.00511
COX6A2,0.2303523,0.00297,0.00511
TMPRSS11A,0.2556682,0.00297,0.00512
CBR1,0.4659175,0.000545,0.00512
OR7E91P,0.1963427,0.00297,0.00512
ELOVL4,-0.2256832,0.00298,0.00514
NOL4,0.2459909,0.00299,0.00514
OVCA2///DPH1,0.2172886,0.00298,0.00514
PCBP1,0.26584,0.000548,0.00514
KLHL31,0.2610905,0.00299,0.00516
KRT39,0.1815327,0.003,0.00516
POLR3E,0.1687664,0.003,0.00516
TEX33,0.2342132,0.003,0.00516
RPS3,0.2518225,0.000551,0.00517
RAB6A,0.2540975,0.000551,0.00517
AVIL,-0.3549705,0.003,0.00517
FLJ44674,0.2110782,0.00301,0.00518
PLEKHG6,0.2219768,0.00302,0.00519
TLN2,-0.3619555,0.00301,0.00519
TTC28-AS1,0.2088627,0.00302,0.0052
MC4R,-0.6093664,0.00303,0.00521
MAGEA2B///MAGEA12///MAGEA2,0.2262832,0.00303,0.00521
SHOX2,-0.2213227,0.00304,0.00522
FLJ30679,0.2498377,0.00304,0.00522
ENPP6,0.2273945,0.00304,0.00523
TMEM171,-0.2337725,0.000559,0.00523
VARS2,0.2344868,0.00304,0.00523
TSPYL5,0.2466945,0.00304,0.00523
MLEC,-0.3266175,0.000558,0.00523
PECR,0.3222425,0.000561,0.00524
ANXA2P1,-0.2965245,0.00305,0.00524
CPA2,0.3033309,0.00305,0.00525
AK6///TAF9,-0.2882005,0.00306,0.00525
NCAPD2,-0.3160055,0.00305,0.00525
EVA1B,0.3030927,0.00306,0.00525
DYRK4,0.2264627,0.00306,0.00526
GRM6,0.2161818,0.00307,0.00526
GRM3,0.2396205,0.00306,0.00526
C6ORF89,-0.2215323,0.00306,0.00526
BBC3,0.3013823,0.00307,0.00527
PDC,0.2440395,0.00307,0.00527
FGF7P3,-0.353075,0.000564,0.00527
EEPD1,0.3459225,0.000567,0.00529
WNK4,0.232235,0.00308,0.00529
AIF1,0.3517164,0.00309,0.0053
KRT82,0.2492241,0.00309,0.00531
OSGEPL1,-0.3056691,0.0031,0.00532
CCDC175,-0.5529609,0.0031,0.00532
C6ORF48,0.36407,0.000571,0.00532
TRAV12-2,-0.201335,0.000571,0.00532
TFB2M,-0.327695,0.000572,0.00532
ZNF800,0.24417,0.0031,0.00532
LOC90768,0.2883718,0.00311,0.00533
FAM71F1,0.2230068,0.00311,0.00533
SFI1,0.2011482,0.00312,0.00534
NECAP2,0.209245,0.00312,0.00535
VPS33B,-0.233615,0.00312,0.00535
ZBED4,-0.2698964,0.00312,0.00535
CHCHD3,0.2947873,0.00312,0.00535
SYCE2,0.2747945,0.00312,0.00535
ZNF778,-0.1813664,0.00313,0.00536
MYOZ2,-0.2481786,0.00313,0.00537
FLJ31713,0.2618714,0.00314,0.00538
ZNF445,-0.2744005,0.00314,0.00539
KRT74,0.2827736,0.00314,0.00539
HOXB9,0.2511009,0.00315,0.0054
PKP1,-0.22841403,0.00272,0.00543
OR51B4,0.2630086,0.00317,0.00543
AMER2,0.2174464,0.00317,0.00543
SRCIN1,0.2316173,0.00318,0.00544
LOC100287221,-0.3172975,0.000588,0.00544
FGF16,0.2896591,0.00318,0.00544
KIFC1,-0.16273815,0.00272,0.00544
LINC00334,0.2064486,0.00318,0.00544
INIP,-0.1861991,0.00319,0.00546
SGK2,0.1902427,0.0032,0.00547
TRIM21,0.287,0.0032,0.00548
ABCC12,0.2331423,0.0032,0.00548
TNFRSF13B,-0.1492192,0.00275,0.00549
LYPD4,0.2374032,0.00321,0.00549
TATDN2,-0.1806018,0.00321,0.00549
LINC00152,-0.85268,0.000595,0.00549
ST13P4,-0.2880241,0.00322,0.00551
TSHZ1,0.2292695,0.00322,0.00551
DANT2,0.2501459,0.00322,0.00551
DIDO1,-0.2264986,0.00324,0.00553
KLHL38,0.2233477,0.00323,0.00553
BUB1B-PAK6///PAK6,0.2439864,0.00324,0.00554
CXADR,0.441325,0.000603,0.00555
DEPDC5,0.1970395,0.00325,0.00555
LOC100130156,0.1797564,0.00326,0.00556
NAGPA,0.2199855,0.00325,0.00556
LOC100129648,0.2726109,0.00326,0.00556
FGF7P6,-0.851365,0.000606,0.00557
HEXIM1,-0.2535995,0.00326,0.00557
ZNF747,0.2060964,0.00326,0.00557
NKX2-8,0.2385627,0.00326,0.00557
PART1,0.31591,0.00327,0.00559
HIST1H4G,0.2230982,0.00327,0.00559
ZNF826P,-0.16744057,0.00281,0.0056
AQP4-AS1,-0.5298873,0.00328,0.0056
CNGB1,0.2130209,0.00329,0.00561
NEURL3,0.1940109,0.00328,0.00561
ALLC,0.2166586,0.00329,0.00561
COL1A2,-1.05881,0.00061,0.00561
BCRP2///BCR,0.1888491,0.00329,0.00562
GJA5,0.6335336,0.00329,0.00562
PIP4K2C,0.2605123,0.00329,0.00562
MGC27382,0.18911,0.000612,0.00562
LOC57399,-0.8137445,0.0033,0.00563
NSAP11,0.1944786,0.00331,0.00564
AACS,0.30372,0.000615,0.00564
CCL7,-0.19047636,0.00284,0.00565
FAM180B,0.2193209,0.00331,0.00565
LINC00303,0.223275,0.00332,0.00566
C20ORF166-AS1,0.2318155,0.00332,0.00566
SUCLG1,0.2504532,0.00331,0.00566
MIR27A,0.6007477,0.00332,0.00566
ERICH5,-0.2473023,0.00332,0.00566
KCNB1,0.510375,0.000619,0.00566
SLC12A1,0.1518475,0.00062,0.00567
TMEM26,0.17908824,0.00285,0.00567
C4BPA,2.5448574,1.89e-05,0.005686
LEMD2,0.1262045,0.00334,0.00569
SNX1,0.32671,0.000624,0.0057
TMEM252,0.2275727,0.00335,0.0057
LINC00525,0.2598741,0.00334,0.0057
AKNA,0.2306409,0.00335,0.00571
GLRA2,0.2251086,0.00335,0.00571
RMI2,-0.60887,0.000627,0.00572
LIMS3-LOC440895,-0.58545,0.000626,0.00572
LINC00326,-0.16107025,0.00288,0.00573
SDHAP2,0.7338575,0.00063,0.00574
ETV3,0.2332359,0.00337,0.00574
CLEC2A,0.2323136,0.00337,0.00574
KRTAP19-8,-0.1887186,0.00337,0.00574
RCC2,-0.2974275,0.000631,0.00575
RPAP2,-0.2282336,0.00339,0.00578
LOC151174,0.2776227,0.00339,0.00578
TADA2A,0.13570722,0.00291,0.00579
MUM1L1,-0.3784177,0.0034,0.00579
OR52K2,0.2223632,0.0034,0.00579
FAM226B///FAM226A,-0.2284441,0.0034,0.00579
PRKRIP1,-0.2016425,0.000637,0.0058
C5ORF63,-0.19340897,0.00293,0.0058
PCDH15,-0.25498241,0.00293,0.0058
KHDC1,-0.4049125,0.000638,0.00581
CXXC1,0.2033173,0.00342,0.00581
CRHBP,0.3206259,0.00341,0.00581
LCE3D,0.2310291,0.00342,0.00581
PRRC2C,-0.2922545,0.00342,0.00581
SENP3,0.300515,0.000641,0.00583
DSCAM,0.2101255,0.00344,0.00584
ABLIM1,0.14477599,0.00296,0.00586
GNG4,-0.14275994,0.00296,0.00586
AADAC,-0.51999449,0.00296,0.00587
LOC390705,-0.4645,0.000646,0.00587
OR2F2,0.261095,0.00345,0.00587
LINC01615,-2.4070873,2.04e-05,0.005876
HS3ST2,-1.9559329,2.05e-05,0.005876
RPL12,0.3199086,0.00346,0.00588
CD209///CLEC4M,-0.22472631,0.00298,0.0059
EYA3,0.2567814,0.00347,0.0059
ATCAY,0.2687509,0.00348,0.00591
GOLGA8R///GOLGA8DP///GOLGA8F///GOLGA8CP///GOLGA8O///GOLGA8M///GOLGA8K///GOLGA8J///GOLGA8S///GOLGA8N///GOLGA8EP///GOLGA8G,-0.161445,0.00348,0.00592
NR1I3,0.2453559,0.00349,0.00593
INSRR,0.2670573,0.0035,0.00594
SNORA2A,0.3022882,0.0035,0.00594
RNF39,0.3555445,0.0035,0.00594
LOC101928697///MZT2A,0.2308186,0.0035,0.00594
IL37,0.255165,0.0035,0.00595
ALPI,-0.3468825,0.00066,0.00596
E2F5,-0.2246936,0.00302,0.00597
FAM155B,0.2222982,0.00353,0.00598
TNK1///TNK1,0.1981064,0.00354,0.006
CGREF1,-0.689705,0.000666,0.006
ERAS,0.2220077,0.00354,0.006
PER3,-0.45762812,0.00304,0.006
NFKBIZ,0.24173946,0.00303,0.006
OR10G2,0.15143491,0.00303,0.006
PRAMEF12,0.2067436,0.00354,0.006
RAB39B,-0.2641373,0.00354,0.00601
NXPH4,0.2536005,0.00354,0.00601
RIMS2,-0.5833675,0.000668,0.00602
RGAG1,0.2349795,0.00355,0.00602
TP53I3,0.6662,0.000668,0.00602
SLC30A4,-0.2824445,0.00356,0.00603
SCGB1C2///SCGB1C1,0.2226082,0.00356,0.00604
LOC284023,0.2191532,0.00357,0.00605
RPH3A,0.2327341,0.00358,0.00607
MIR129-2,0.2375168,0.00358,0.00607
ANP32A-IT1,0.21134293,0.00307,0.00607
TBCD,0.1825023,0.00359,0.00608
EML4,-0.6013075,0.000677,0.00608
ACTA2-AS1,-0.18568415,0.00309,0.00609
TFPT,0.224345,0.00359,0.00609
INPP5B,0.22368,0.00068,0.0061
LIN7C,-0.2819823,0.0036,0.0061
NOL9,0.1824059,0.0036,0.0061
C2ORF88,0.2184391,0.0036,0.00611
LOC554207,0.2810836,0.00361,0.00611
TDRKH,-0.3067168,0.00362,0.00613
CACNG3,0.2697505,0.00362,0.00613
LOC646976,-0.2844625,0.000686,0.00614
IL1B,1.1587259,0.00363,0.00615
GPR151,0.2736745,0.00364,0.00617
LOC286272,0.3631375,0.00069,0.00617
HIST1H2AD,-1.6924451,2.33e-05,0.006171
LINC01296///DUXAP10///DUXAP8,-2.4418694,2.35e-05,0.006172
FCGR3A,0.36304045,0.00314,0.00618
NIFK,-0.3490575,0.000691,0.00618
JADE2,0.20063,0.00365,0.00618
TLR3,0.20570394,0.00314,0.00618
NMT1,0.356745,0.000693,0.00619
ACTR3B,-0.2008432,0.00365,0.00619
PAXIP1,-0.2790141,0.00367,0.0062
MYF6,0.2436909,0.00367,0.0062
LINC00667,0.245435,0.000695,0.0062
LEF1-AS1,-0.218045,0.000695,0.0062
LOC387720,0.3069882,0.00367,0.00621
GNA14,-0.24556544,0.00315,0.00621
COLQ,0.1884145,0.00367,0.00622
CACNA1I,0.2256095,0.00368,0.00623
MIR153-2,-0.2468995,0.00369,0.00623
OR8B3///OR8B2,0.2335714,0.00368,0.00623
B3GALT2,0.29132,0.0007,0.00624
BPIFB6,0.2551927,0.0037,0.00625
DEFA5,0.28674,0.0037,0.00626
PMM2,-0.3066918,0.0037,0.00626
ACSM2B///ACSM2A,0.2387218,0.0037,0.00626
RAB3B,-0.405235,0.000704,0.00627
OR2T3///OR2T34,0.2556223,0.00372,0.00628
MOBP,0.2102182,0.00371,0.00628
CHRDL1,0.4219223,0.00372,0.00628
C1ORF74,0.2728895,0.00372,0.00629
RPS6KL1,0.2214864,0.00372,0.00629
FOXL1,-0.262455,0.000709,0.0063
DNAJC9,0.1633595,0.00373,0.0063
CKLF-CMTM1///CMTM1///CKLF///RHOQ///CMTM1///CKLF,0.1729586,0.00373,0.0063
TRRAP,-0.2631314,0.00373,0.0063
IL3,0.1956027,0.00373,0.0063
NARS2,0.3586075,0.000711,0.00631
BLCAP,0.2509695,0.00374,0.00632
OR12D2,0.2505191,0.00375,0.00633
TCL6,0.2403664,0.00375,0.00633
TRPM8,0.1981523,0.00376,0.00635
ABCF1,-0.2490673,0.00376,0.00635
GOLGA8DP///GOLGA8F///GOLGA8CP///GOLGA8S///GOLGA8N///GOLGA8EP///GOLGA8G,-0.1675082,0.00376,0.00635
SLC35E2B,0.2295668,0.00377,0.00636
MS4A6A,-0.3779527,0.00377,0.00636
SNORA70D,-0.2249345,0.00377,0.00637
CES2,0.1645932,0.00377,0.00637
RNVU1-4,0.3089968,0.00378,0.00637
MAZ,0.2250795,0.00378,0.00638
FAM122B,-0.1588891,0.00378,0.00638
STS,-0.3351825,0.000721,0.00639
CRCT1,0.2539845,0.00379,0.00639
DNAJC5B,-0.3263741,0.00379,0.0064
DUX4///DUX1///DUX3///DUX5,0.2013573,0.0038,0.00641
PRORY,0.2460241,0.00382,0.00644
DEFB132,0.2187282,0.00382,0.00644
GOT1,0.15939436,0.00328,0.00645
LSM5,-0.17036401,0.00328,0.00645
AAAS,0.2491664,0.00383,0.00646
SH2D6,0.2069573,0.00384,0.00647
DRGX,0.2223273,0.00384,0.00647
ECD,0.2728755,0.00384,0.00647
DNM3OS///MIR214,-0.20114289,0.00331,0.0065
CRACR2B,0.2605586,0.00386,0.0065
DEFB113,0.2287582,0.00386,0.0065
CHAMP1,0.2581945,0.00386,0.0065
SEP15,0.2981627,0.00388,0.00654
COMMD8,-0.2455959,0.00389,0.00654
LOC643355,-0.558885,0.000744,0.00656
PFDN5,-0.2275975,0.00075,0.0066
GOLGA8R///GOLGA8DP///GOLGA8F///GOLGA8CP///GOLGA8O///GOLGA8M///GOLGA8K///GOLGA8J///GOLGA8S///GOLGA8N///GOLGA8B///GOLGA8EP///GOLGA8G///GOLGA8A,-0.1615873,0.00392,0.0066
ARHGAP28,-0.5365,0.00393,0.00661
MMGT1,0.1931295,0.00393,0.00661
CHGB,0.2320682,0.00394,0.00663
OR7E18P,0.2144232,0.00394,0.00663
RPL34-AS1,-0.4977223,0.00395,0.00664
TAC4,0.1936023,0.00395,0.00664
SNORA70C,0.2102941,0.00395,0.00664
PTPDC1,0.42628,0.000758,0.00665
OR10D3,0.2631982,0.00395,0.00665
P2RY12,0.3296925,0.00076,0.00666
GREB1,-0.3283645,0.00396,0.00666
SPPL3///SPPL3,0.2664282,0.00396,0.00666
EMX1,0.2388027,0.00396,0.00666
ACRV1,0.2656655,0.00397,0.00667
ADAD2,0.2244159,0.00397,0.00667
RBM23,0.2367605,0.00397,0.00668
LINC00471,-0.2679014,0.00397,0.00668
LEPR,0.267525,0.000764,0.00669
DCLK3,0.2322982,0.00399,0.0067
C19ORF52,0.2369077,0.00399,0.00671
MRGPRD,0.3362568,0.00399,0.00671
DACH2,-0.23631,0.000768,0.00672
YBEY,0.2283545,0.004,0.00673
PPP1R15B,0.16408535,0.00344,0.00673
ZNF200,-0.1989132,0.00401,0.00674
NUP88,-0.2793886,0.00403,0.00676
RFPL4A,0.13883052,0.00346,0.00676
SNRPD2P2,0.1880091,0.00403,0.00676
RFPL2,0.14415404,0.00347,0.00677
CENPBD1P1,0.2250636,0.00405,0.0068
CKM,0.3630168,0.00405,0.0068
DMC1,-0.234965,0.00406,0.00681
TNFAIP2,0.3913173,0.00406,0.00681
LOC100130916,0.2461659,0.00407,0.00682
RDH10,0.4794255,0.00406,0.00682
FRRS1,-0.3359286,0.00407,0.00682
LINC00302,0.2766386,0.00407,0.00682
IL26,-0.2381768,0.00407,0.00683
TMEM217,-0.4080025,0.000784,0.00684
ZNF621,-0.2532641,0.00408,0.00684
SULT4A1,0.2418282,0.00408,0.00684
PMVK,-0.2593727,0.00407,0.00684
FCAMR,0.2248705,0.00408,0.00684
NPSR1,0.2246486,0.00409,0.00686
LINGO2,0.2567095,0.00409,0.00686
MLYCD,0.345015,0.000787,0.00686
C9ORF85,-0.1778418,0.00352,0.00687
DNAJC5,0.1800323,0.0041,0.00688
FBLIM1,-0.67604,0.00079,0.00688
NDN,0.2874586,0.00411,0.00689
HOXA1,0.2217877,0.00411,0.00689
MRPL33///MRPL33,0.2992491,0.00411,0.0069
SUPT20HL1///SUPT20HL2,-0.4921427,0.00413,0.00692
C20ORF203,0.3867168,0.00414,0.00693
KDM5D,-1.6515832,0.00414,0.00694
SNAP91,0.2234336,0.00414,0.00694
MIR331,-0.3360577,0.00415,0.00695
IGHA2///IGHA1///IGH,-1.9145325,0.000808,0.00701
TMEM50B,-0.2615723,0.00419,0.00701
SLC2A12,0.2442525,0.00081,0.00702
ZNF57,0.2746,0.000812,0.00703
SYT6,0.2566236,0.00421,0.00705
SAA2-SAA4///SAA4,-0.7440682,0.00421,0.00705
CHRNA7,0.330595,0.000817,0.00706
OR9G4,0.1711641,0.00422,0.00707
ZNF274,0.1894236,0.00423,0.00708
TRIM64C///TRIM64B///TRIM64EP,0.15471324,0.00364,0.00709
SERPINA9,0.3139023,0.00424,0.0071
TAB3,0.2531445,0.00424,0.0071
LOC102724788///PRODH,0.23196101,0.00365,0.00711
FAM26E,-0.23173202,0.00366,0.00712
HMCN2,0.2093591,0.00426,0.00712
IGFL3,0.222965,0.00426,0.00712
MANEA,-0.4132891,0.00425,0.00712
TMEM143,0.1848218,0.00426,0.00713
CERKL///NEUROD1,0.2686436,0.00427,0.00714
PPM1E,-0.31311,0.00427,0.00714
LIPC,-0.3286375,0.000831,0.00715
ZNF853,-0.383935,0.000836,0.00719
GHRHR,0.2588573,0.00431,0.0072
ALKBH1,0.2859573,0.00432,0.00722
PAN2,0.34259,0.000843,0.00723
LRRC72,-0.190855,0.000843,0.00724
SEPT7P2,0.261665,0.000844,0.00724
RGS6,0.3899182,0.00436,0.00727
WIPF3,-0.14150035,0.00374,0.00727
LOC648987,-0.17499683,0.00375,0.00729
PRDM15,0.1719055,0.00438,0.00731
HNRNPCL1,0.2328691,0.00438,0.00731
PLEKHA7,0.4590025,0.000856,0.00732
GNRHR,0.2676891,0.00439,0.00732
DNM1P46///DNM1P46,-0.4905482,0.0044,0.00734
LCNL1,0.2272745,0.0044,0.00734
UBC,-0.2067864,0.0044,0.00734
PDCD1LG2,0.4969764,0.0044,0.00735
LINC00661,0.2420473,0.00441,0.00736
ARHGAP32,-0.3805823,0.00442,0.00737
SIGLECL1,0.24694,0.00442,0.00738
SOX14,0.2165223,0.00443,0.00738
DNAJB12,0.1728923,0.00442,0.00738
NOCT,0.3804659,0.00443,0.00739
RTF1,-0.2643232,0.00443,0.00739
MTCL1,-0.418955,0.000866,0.00739
CCDC155,0.2613518,0.00444,0.0074
IL12A,0.2947436,0.00446,0.00742
PABPC4L,-0.4568275,0.000872,0.00743
GNS,-0.2561982,0.00446,0.00743
GUCY2D,0.2116941,0.00447,0.00744
FUS,-0.2147845,0.00447,0.00745
POP5,-0.4135727,0.00448,0.00746
RNF13,-0.20139,0.00448,0.00746
LOC105375800,0.2396964,0.00448,0.00746
TMEM79,-0.50719,0.000875,0.00746
ACSM2A,0.3653986,0.00449,0.00747
ZNHIT2,0.2520873,0.00448,0.00747
SPTLC3,-0.3930875,0.000881,0.00749
ZNF534,0.2257277,0.0045,0.00749
SLC6A17,0.2719432,0.00451,0.0075
TP53,-0.13507077,0.00387,0.00751
HRG,0.25747,0.000885,0.00752
LANCL3,-0.2661818,0.00452,0.00752
CABLES1,0.3791145,0.00453,0.00753
RPL13A,-0.22274,0.000888,0.00754
RPL13AP6,0.2060645,0.00453,0.00754
SLC9B2,-0.19886483,0.00389,0.00755
SST,0.2788982,0.00454,0.00755
DNM1P35,0.2414005,0.00453,0.00755
OR4D9///OR4D10///OR4D11,0.3584232,0.00454,0.00756
CCEPR,-0.6210875,0.000893,0.00757
SPIN3,0.1825668,0.00455,0.00757
DCST1,0.2304023,0.00455,0.00757
OR5AR1,0.21621,0.00456,0.00758
PLG,-0.1446439,0.00391,0.00758
MIR23A,0.5301655,0.00456,0.00758
ERVW-1,0.3108368,0.00456,0.00758
MAGEB5,0.2214305,0.00456,0.00758
HECA,-0.1984164,0.00456,0.00758
NSUN5P2///NSUN5P1///NSUN5,0.2186977,0.00456,0.00758
UGT2B28,-0.312565,0.00456,0.00758
PLA2G4C,0.44164,0.00456,0.00759
TMEM151A,0.2283086,0.00457,0.00759
C5ORF47,0.2113286,0.00457,0.0076
FAM74A6///FAM74A4///FAM74A1,0.2498777,0.00457,0.0076
DKFZP434E1119,0.2913564,0.00458,0.0076
CEBPA-AS1,0.32516,0.000899,0.00762
AADACL2,-0.19185138,0.00394,0.00763
SFTA3,0.735585,0.000902,0.00764
OR8A1,0.2537664,0.0046,0.00764
CSAG1,0.3425809,0.0046,0.00764
MIR1-1HG,0.1976145,0.0046,0.00765
FAM53C,0.238725,0.00461,0.00766
C7ORF66,0.2594682,0.00461,0.00766
ZMAT4,0.2435055,0.00463,0.00769
ATP6V1G2-DDX39B///DDX39B,0.1583727,0.00463,0.00769
CALML6,0.2511991,0.00464,0.0077
ENTHD1,-0.261115,0.000913,0.0077
DMAP1,0.27223,0.000914,0.00771
ANKK1,0.2005668,0.00466,0.00773
RIC3,-0.3920386,0.00466,0.00773
TGIF1,0.3294945,0.00467,0.00774
GUSBP3///SMA4,0.64778,0.000918,0.00774
FAM213B,0.29721,0.00092,0.00775
CISD1,-0.3795025,0.00092,0.00775
ALOX12B,0.2131877,0.00468,0.00776
C4ORF26,0.1753059,0.00468,0.00776
SVIP,0.2816795,0.00468,0.00777
CABIN1,-0.2336173,0.00468,0.00777
LOC100034248///FLJ25758,0.16615269,0.00402,0.00778
LINC00652,0.5714514,0.00469,0.00778
CDKN2A-AS1,0.13939636,0.00403,0.00779
SNORD115-43///SNORD115-39///SNORD115-36///SNORD115-29///SNORD115-26///SNORD115-25///SNORD115-22///SNORD115-20///SNORD115-19///SNORD115-18///SNORD115-17///SNORD115-12///SNORD115-11///SNORD115-9///SNORD115-7///SNORD115-5///SNORD115-3///SNRPN,-0.3171273,0.0047,0.00779
FCHSD2,0.15155984,0.00403,0.0078
PLEKHH1,0.2845377,0.00471,0.00781
ACO1,0.16217436,0.00404,0.00781
ZNF311,-0.2446795,0.00472,0.00782
SAYSD1,-0.2267823,0.00472,0.00783
GUCY1B2,-0.18459274,0.00406,0.00783
PDXK,0.2246359,0.00473,0.00785
INHBB,-1.2505125,0.000935,0.00785
MRPL10,0.246905,0.000935,0.00786
HDAC4,0.1708082,0.00474,0.00786
MAGEB3,0.2197964,0.00474,0.00786
DNAJC6,0.1917468,0.00475,0.00787
BSPRY,0.14576954,0.00408,0.00788
PPARG,0.5776114,0.00476,0.00789
FAM71D,0.1992359,0.00476,0.00789
DEFA6,0.1375025,0.000943,0.00791
ALG9,-0.1990964,0.00477,0.00791
AQP11,0.2424582,0.00478,0.00792
OR9A4,0.2358064,0.00478,0.00792
AUNIP,0.269745,0.00479,0.00794
GPS2,0.1430436,0.0048,0.00794
LRRC8E,-0.3787725,0.000948,0.00794
C7ORF61,0.1875491,0.0048,0.00794
FUT7,0.2334209,0.0048,0.00795
FILIP1,-0.4653973,0.00481,0.00796
KCNQ1DN,0.2328414,0.00482,0.00798
RAB44,0.203895,0.00482,0.00798
ZNF80,-0.336815,0.000955,0.00798
MRPS35,-0.2840814,0.00482,0.00798
SNORD115-40,-0.2619118,0.00483,0.00799
LACTB,0.15158768,0.00416,0.00801
CLLU1,-0.2703836,0.00484,0.00801
MIR196A1,0.2264645,0.00485,0.00802
ERFE///HMGA1,0.2090914,0.00485,0.00802
LOC100133131,0.1965718,0.00486,0.00803
MORC4///MORC4,0.3355168,0.00486,0.00803
HERPUD1,-0.3090591,0.00486,0.00804
DRAP1,-0.218035,0.000965,0.00805
TTLL2,0.2279141,0.00488,0.00806
ZP2,0.2148868,0.00487,0.00806
SFMBT2,-0.3395191,0.00487,0.00806
NME6,0.2398745,0.00488,0.00807
FXYD6,0.5844875,0.000968,0.00807
RFXANK,0.2033125,0.000967,0.00807
IGF2BP1,0.2246264,0.00489,0.00808
ZBTB33,-0.2692275,0.000976,0.00812
ZNF236,0.290755,0.000976,0.00812
LCLAT1,0.2530414,0.00492,0.00813
DMRTA2,0.2182609,0.00492,0.00813
SLC46A3,-0.203955,0.000979,0.00814
GATA6-AS1,0.324295,0.000979,0.00814
FOXE1,-0.22861,0.000981,0.00815
IFITM10,-0.3308025,0.000984,0.00817
MTCH2,-0.2473645,0.00497,0.0082
LOC100129455,0.2227173,0.00496,0.0082
OK/SW-CL.36,0.2312664,0.00496,0.0082
NUP188,-0.2426295,0.00497,0.00821
VCX3B///VCY1B///VCX3A///VCX2///VCX///VCY,0.1893032,0.00499,0.00824
TEPP,0.2587341,0.005,0.00825
SPDYC,0.2625436,0.005,0.00825
RFC4,-0.2277841,0.00501,0.00826
PPP1R14B,-0.3477275,0.000998,0.00826
C8ORF44-SGK3///C8ORF44,-0.22241734,0.0043,0.00827
MBD3L3///MBD3L4///MBD3L5///MBD3L2,0.1852782,0.00502,0.00828
C3ORF49,0.2234645,0.00503,0.0083
ZNF789///ATP5J2-PTCD1///PTCD1,0.1320945,0.00504,0.00831
SERPINC1,0.2290332,0.00504,0.00831
MLNR,0.2293441,0.00505,0.00832
CHAF1B,-0.21744,0.00505,0.00833
POU5F1P4///POU5F1P3///POU5F1B///POU5F1,0.2574427,0.00506,0.00834
CD226,-0.479845,0.00507,0.00835
RPP14,0.2331859,0.00507,0.00836
LOC100419840///ZNF497,0.2025686,0.00507,0.00837
GJA1,0.21988212,0.00435,0.00837
SLC24A5,0.2169423,0.00508,0.00838
LOC100131763,0.1970841,0.00508,0.00838
RNASET2,0.2540623,0.00508,0.00838
INTS9,-0.2362614,0.00509,0.00839
FBXO24,0.2124773,0.00509,0.00839
TAS2R3,-0.3360423,0.0051,0.0084
AKAP5,-0.15988705,0.00437,0.0084
ZADH2,0.28256,0.00102,0.00841
EHMT1-IT1,0.3696841,0.00511,0.00842
WDR88,0.2025264,0.00511,0.00843
RNF217,-0.3527741,0.00511,0.00843
BRF2,0.2679686,0.00511,0.00843
SAXO1,0.2484332,0.00512,0.00843
HS6ST3,-0.4264175,0.00102,0.00845
OR4X2,0.2439518,0.00513,0.00845
PRDM14,0.2149905,0.00514,0.00846
EYS,0.2518,0.00514,0.00846
AMIGO2,-0.3972032,0.00515,0.00847
KHDC1L///KHDC1,0.2077368,0.00514,0.00847
RNF146,-0.2278827,0.00514,0.00847
SFN,-0.76578,0.00103,0.00848
HTR7,0.1874218,0.00516,0.00849
MIR16-1,-0.3459973,0.00516,0.00849
C4ORF45,0.2378105,0.00516,0.0085
GATAD1,-0.1414627,0.00517,0.00851
MTFR1,-0.2050182,0.00518,0.00852
STKLD1,0.26195,0.00519,0.00854
ITGB1BP1,-0.2520123,0.0052,0.00856
APOPT1,0.2258173,0.0052,0.00856
GUCA2B,0.2194455,0.0052,0.00856
SMG7,0.2301386,0.00522,0.00859
MLIP,-0.3432877,0.00523,0.0086
LINC01133,-0.8128225,0.00105,0.00862
CDC42EP3,0.1990986,0.00524,0.00862
SCARNA9L,-0.3414732,0.00525,0.00863
MIR130B,0.2571541,0.00525,0.00863
AIPL1,0.2495291,0.00526,0.00864
EEF1A1,-0.3492925,0.00106,0.00866
KNSTRN,-0.4505864,0.00527,0.00866
C7ORF49,0.2153277,0.00527,0.00866
N4BP2L1,-0.2993941,0.00527,0.00866
EMP1,0.28134486,0.00453,0.00869
SH3BGR,-0.6172075,0.00106,0.00869
TNFAIP8L2-SCNM1///SCNM1,0.2515195,0.00529,0.00869
PAX6,0.2174891,0.00529,0.00869
ECEL1,0.2492091,0.0053,0.00871
HELT,0.2353423,0.0053,0.00871
SH3RF1,0.2225877,0.0053,0.00871
SHISA6,0.223615,0.00531,0.00872
FOXH1,0.2244514,0.00532,0.00873
SLC13A4,0.2299359,0.00532,0.00873
NUDT10,-0.1933786,0.00533,0.00875
OR2A9P,0.5484,0.00107,0.00877
TNFRSF13C,0.2144768,0.00535,0.00878
MIR222,0.4982382,0.00535,0.00878
EVA1A,1.6092101,4.09e-05,0.008782
LCE2D,0.3133668,0.00536,0.00879
PRSS37,0.2125223,0.00536,0.0088
DQX1,-2.3973773,4.12e-05,0.008807
PRKAG3,0.2212173,0.00538,0.00882
EPHX4,0.2207909,0.00538,0.00882
ZC3HC1,0.1774832,0.00539,0.00884
IGFL1,0.2197459,0.0054,0.00886
LOC100507387,0.66018,0.00109,0.00887
B3GNTL1,-0.2873125,0.00109,0.00887
MIR200C,0.15293391,0.00465,0.0089
BTN3A3,-0.22111178,0.00465,0.00891
MIR103A1,-0.3589391,0.00543,0.00891
SNX29,-0.2652773,0.00543,0.00891
CHST12,0.2481964,0.00544,0.00892
SPACA7,0.2425695,0.00544,0.00892
ZBTB14,-0.2055977,0.00544,0.00893
HOXA10-HOXA9///HOXA9,0.2023109,0.00545,0.00894
OR2L2,0.2631105,0.00547,0.00896
CES4A,-0.26101554,0.00469,0.00898
MAGEL2,-0.479485,0.00111,0.009
DKK4,0.1992055,0.00549,0.009
FAM110C,-0.6011625,0.00111,0.00902
DUSP5,-1.40551,0.00112,0.00902
FAM124B,0.3321136,0.00552,0.00904
HIST1H2BN///HIST1H2AK,0.2364459,0.00552,0.00904
ZDHHC15,0.2842205,0.00552,0.00904
OTOR,0.2182795,0.00552,0.00904
KEL,0.2053323,0.00552,0.00904
CHMP4B,0.1801309,0.00552,0.00904
PDCD6IP,0.3020175,0.00112,0.00905
TBX22,0.2642536,0.00552,0.00905
KRTAP17-1,0.2035182,0.00554,0.00907
CAHM,0.49688,0.00113,0.0091
KIAA0087,0.2605382,0.00556,0.0091
MRPL46,0.2276473,0.00556,0.00911
TNFRSF11B,-1.44947,0.00113,0.00912
SMCP,0.1795641,0.00558,0.00913
DIMT1,-0.2154686,0.00558,0.00913
NPFF,0.18563912,0.00478,0.00914
IL20RB,-0.6048625,0.00113,0.00914
KCNQ1OT1,-2.3641837,4.45e-05,0.009147
PIN4,-0.2678668,0.00559,0.00915
MIR132,0.2415036,0.0056,0.00915
SIAH3,0.2385132,0.00559,0.00915
SNORD115-2,-0.2254682,0.0056,0.00915
GK3P,0.17275626,0.00481,0.00918
GTF2E2,-0.2131382,0.00562,0.00919
ZNF549,-0.2000527,0.00562,0.0092
ENOX1,-0.2251773,0.00564,0.00921
NOX1,0.1959725,0.00114,0.00922
NMNAT1,-0.2027086,0.00564,0.00922
CALCB,0.2902673,0.00566,0.00924
C8ORF22,-0.1930625,0.00115,0.00925
GNAT2,0.1575945,0.00566,0.00925
EMC4,0.3675575,0.00115,0.00928
ZNF816-ZNF321P///ZNF321P,-0.3456491,0.00568,0.00928
SENP1,0.2337327,0.00569,0.00929
CLDN14,-0.619665,0.00116,0.00929
FDX1,-0.1985355,0.0057,0.0093
TNFSF8,0.3723559,0.00571,0.00932
CLEC17A,0.2183941,0.00571,0.00932
ATF6,-0.2836045,0.00571,0.00933
LAYN,0.1976386,0.00572,0.00935
HIST2H2BD,0.15212288,0.0049,0.00935
MAD1L1,0.140245,0.00573,0.00935
FKBP4,0.2350468,0.00573,0.00936
NTRK1///NTRK1,0.1984709,0.00573,0.00936
CELP,0.235345,0.00574,0.00937
MIR339,0.2756686,0.00575,0.00938
OR8D4,0.2246764,0.00577,0.00941
RBM12B-AS1,0.207905,0.00118,0.00943
OR8K3,0.2442314,0.00578,0.00943
FAM76A,0.4090375,0.00118,0.00944
FAM138E///FAM138D///FAM138C///FAM138B///FAM138A///FAM138F,0.3202768,0.00579,0.00944
CPN1,0.2256455,0.00579,0.00945
SERF1A,0.4945275,0.00118,0.00947
SGPP1,0.2110732,0.00582,0.00949
ZCCHC14,0.2107618,0.00582,0.00949
TFF2,0.2331632,0.00583,0.0095
TCEB3B,0.2484705,0.00583,0.0095
COL19A1,-0.18453,0.00584,0.00952
FCGBP,-0.5870623,0.00585,0.00953
KRT80,0.2684323,0.00586,0.00955
KCNA4,0.2973559,0.00586,0.00955
LOC728024,-0.2578632,0.00586,0.00955
WISP3,0.2204714,0.00586,0.00955
PAFAH1B2,0.1712645,0.00586,0.00955
CHCHD1,0.3733855,0.00587,0.00956
CLECL1,-0.2576623,0.00587,0.00956
ST18,-0.2406595,0.00588,0.00957
GOLGA7,0.15488,0.00588,0.00958
LRCH1,0.13685057,0.00503,0.00958
MRPS5,0.2258975,0.0012,0.00959
MTOR,0.2324375,0.0012,0.00959
KRTAP13-4,0.2454968,0.0059,0.0096
OR4C13///OR4C46,0.2163023,0.0059,0.00961
SNCG,0.2151532,0.00591,0.00961
KDM4D,0.19482,0.0059,0.00961
RDH14,-0.20448,0.00121,0.00962
ARSD,0.3113677,0.00591,0.00962
ASMTL-AS1,0.1921586,0.00591,0.00962
KTI12///TXNDC12,0.2623877,0.00593,0.00965
NEFM,-0.35427,0.00121,0.00965
ENAM,0.3090159,0.00595,0.00967
SPC24,0.2697964,0.00596,0.00969
ITGB1BP2,-0.646235,0.00122,0.0097
RANBP3L,0.3038725,0.00122,0.0097
PSMA1,0.2263777,0.00599,0.00974
HCAR2,-0.5312218,0.00599,0.00974
FAM160A1,0.4334636,0.006,0.00975
TUT1,0.1961064,0.00599,0.00975
CKAP2L,-0.23276,0.006,0.00976
ZNF839,-0.2006895,0.00601,0.00977
MARCH4,0.1875477,0.00601,0.00977
ADGRG6,0.55879,0.00123,0.00978
CA7,0.2247391,0.00602,0.00979
CAPZA1,-0.258965,0.00124,0.00979
TBCCD1,-0.2060218,0.00604,0.00981
SDS,-1.2954375,0.00124,0.00981
ARL8B,0.291855,0.00124,0.00982
R3HDM4,0.2524955,0.00605,0.00983
CASP8,-0.2258218,0.00607,0.00986
B4GALNT2,0.2085475,0.00125,0.00987
UNC13A,0.191165,0.00608,0.00988
GPX5,0.2635273,0.00609,0.00989
KRT34,0.2247568,0.0061,0.0099
C15ORF40,0.2567077,0.0061,0.0099
TNKS1BP1,0.2976675,0.00126,0.00991
CSNK1A1L,-0.2659275,0.00126,0.00992
APOC4-APOC2///APOC4,0.1582668,0.00611,0.00992
DCTN6,0.2442736,0.00611,0.00993
PRDX5,0.4414255,0.00612,0.00994
OR52M1,0.3092018,0.00612,0.00994
ZBTB21,0.19666285,0.00524,0.00996
DOCK8,0.20279805,0.00524,0.00996
SLC39A11,-0.4725675,0.00127,0.00998
LOC401410,0.2556536,0.00615,0.00998
HSPA1A,-2.2478604,5.27e-05,0.00999
SUMO1P1,0.2420982,0.00615,0.00999
FBXO46,0.2555559,0.00616,0.01
LOC401040,0.2119105,0.00617,0.01
MSC,-0.20598195,0.00533,0.0101
MISP,-0.17750428,0.0053,0.0101
LRP1,0.2665409,0.0062,0.0101
RPS4Y1,-1.8635977,0.00623,0.0101
ZNF141,-0.3101825,0.00128,0.0101
LOC283701,0.3961775,0.00128,0.0101
GPR39,0.1577025,0.00129,0.0101
TAS2R38,0.2134005,0.00625,0.0101
KCP,0.2062536,0.00625,0.0101
CRYBB2P1,0.2359332,0.0062,0.0101
SLC13A3,0.1560159,0.00621,0.0101
UBE2D2,0.1717755,0.00623,0.0101
OR11L1,0.1889582,0.00627,0.0102
NOL6,0.15845014,0.00536,0.0102
GDF5OS,0.22685,0.0063,0.0102
ATP5H,0.2096625,0.00131,0.0102
PTGER4P2-CDK2AP2P2,0.29408,0.00129,0.0102
SKA3,-0.149944,0.0054,0.0102
SMIM14,-0.14968623,0.00539,0.0102
GDF6,-0.40654,0.0013,0.0102
SLC35G5,0.34719,0.0013,0.0102
SNORD62B///SNORD62A,-0.2247745,0.00635,0.0103
LIM2,0.1956764,0.00638,0.0103
KLK9,0.2192464,0.00639,0.0103
TSTA3,-0.36233,0.00131,0.0103
BIK,-0.8270525,0.00132,0.0103
NR2F2,-0.14643111,0.00547,0.0103
C1GALT1,0.17925627,0.00541,0.0103
LOC286161,0.3982725,0.00132,0.0103
WDR97,0.2050455,0.00638,0.0103
SCRIB,0.1508395,0.00634,0.0103
L3MBTL1,0.2266964,0.00638,0.0103
ADAMDEC1,-0.6712227,0.0064,0.0104
DPY19L3,-0.23032,0.00644,0.0104
AIFM2,-0.1800573,0.00644,0.0104
TDGF1P3,0.2707545,0.00641,0.0104
ACTA1,0.3470636,0.00644,0.0104
E2F7,-0.2985155,0.00641,0.0104
LOC730098///CCL27,0.1881527,0.0064,0.0104
HLA-DRB5,1.3936686,0.00643,0.0104
PLBD1,0.25673661,0.00552,0.0104
BMF,-0.4879725,0.00133,0.0104
TBC1D16,0.4051125,0.00134,0.0104
DAPK1,0.49639,0.00133,0.0104
FOSB,3.7894043,5.63e-05,0.010459
C12ORF65,0.1565341,0.0065,0.0105
ZNF768,-0.1924155,0.00647,0.0105
IMP3,0.1336629,0.00554,0.0105
ADCY5,-0.20337212,0.00558,0.0105
TIFA,-0.50477,0.00135,0.0105
C6ORF15,0.2688855,0.0065,0.0105
DDX19B,0.1662236,0.0065,0.0105
LINC00313,0.1592018,0.00649,0.0105
CDH10,0.3457125,0.00134,0.0105
TSR3,0.21826,0.00135,0.0105
FGD5-AS1,0.2729375,0.00135,0.0105
OR3A4P,0.1400928,0.00561,0.0106
SLC2A13,0.2452225,0.00137,0.0106
CILP2,0.1968073,0.00657,0.0106
LCE3A,0.2178577,0.00657,0.0106
REEP6,0.1839341,0.00653,0.0106
SLC27A5,0.2132245,0.00659,0.0106
BRWD1-IT2,0.2283709,0.00659,0.0106
MIR26A2,-0.3073536,0.00653,0.0106
PCOLCE2,0.32480058,0.00568,0.0107
LOC100133050,0.5777825,0.00137,0.0107
SLCO1B7,-0.4924014,0.00663,0.0107
NUP85,0.2588182,0.00661,0.0107
ASTL,0.2313036,0.0066,0.0107
LOC440461,0.2381486,0.00666,0.0107
HSFX1///HSFX2,0.1621291,0.00662,0.0107
OR1D5,0.2762418,0.00663,0.0107
SYT1,0.2866832,0.00668,0.0108
FAM74A3,-0.2703675,0.0014,0.0108
FAM135B,0.1723673,0.00667,0.0108
LOC100129034,-0.36234,0.00139,0.0108
RHBDL3,0.2512418,0.00667,0.0108
LOC727751///GOLGA2P3Y///GOLGA2P7///GOLGA2P2Y///GOLGA2P10,0.3997409,0.00672,0.0108
THYN1,0.1833136,0.00667,0.0108
LAPTM4B,0.2925645,0.00668,0.0108
PEX16,0.2214123,0.0067,0.0108
SPATA33,0.1531827,0.00666,0.0108
LINC00521,0.2047595,0.00669,0.0108
SFXN4,-0.274685,0.00142,0.0109
CNIH1,-0.27287,0.00141,0.0109
DGCR11,0.2915923,0.00674,0.0109
SPECC1,-0.3763425,0.00142,0.0109
CFAP97,-0.2799841,0.00678,0.0109
PGK2,0.2207627,0.00677,0.0109
PRIMA1,0.2702805,0.00678,0.0109
CDKN2AIP,-0.2766332,0.00679,0.0109
MTMR8,-0.2872759,0.00675,0.0109
BSX,0.1822009,0.00676,0.0109
PP2672,0.2692341,0.00681,0.011
LYG2,0.1995395,0.00685,0.011
LOC107133515///LRRC37BP1///LRRC37B,-0.2579305,0.0068,0.011
CBX1,-0.3732325,0.00143,0.011
CNKSR3,-0.65561,0.00143,0.011
P3H1,0.2097645,0.00684,0.011
FGF4,0.2219891,0.00681,0.011
NEU2,0.2775614,0.00686,0.011
ST7-AS1,1.5874182,6.22e-05,0.011083
DAB2,-1.1741471,6.23e-05,0.011083
LOC100652999,0.25837,0.00145,0.0111
KDM5C,0.2415168,0.0069,0.0111
CYB561A3,0.2926627,0.00691,0.0111
MUC21,-0.39420971,0.00587,0.0111
ZNF300P1,-0.4929173,0.00689,0.0111
FICD,0.3217655,0.00688,0.0111
CDKL4,-0.4741982,0.00691,0.0111
GRAMD1B,0.15243033,0.00588,0.0111
ZWINT,-0.14018929,0.00589,0.0111
PCDHB11,-0.18151177,0.00592,0.0111
DKK2,0.5674573,0.00693,0.0111
LOC100130857,0.1502728,0.00593,0.0111
TJP3,-0.21361598,0.00593,0.0111
IFNG,-0.31596617,0.0059,0.0111
STK11IP,0.1772527,0.00688,0.0111
ACP7,0.266665,0.00698,0.0112
NODAL,0.2207018,0.00697,0.0112
LOC100506271,0.2295727,0.00696,0.0112
FAR2P1,0.2659286,0.00696,0.0112
PRR23A///PRR23B,0.2857873,0.00695,0.0112
FYCO1,-0.2521323,0.00694,0.0112
SFXN3,0.1619691,0.00698,0.0112
ARMC9,0.56709,0.00146,0.0112
ZNF286A,-1.0687826,6.56e-05,0.011299
RRN3P2,-1.8365898,6.56e-05,0.011299
DUSP2,-0.81145,0.00148,0.0113
KRTAP6-1,0.1847764,0.00705,0.0113
OR4X1,0.1816118,0.00705,0.0113
SPPL2A,-0.2180573,0.00704,0.0113
TMEM71,-0.430515,0.00701,0.0113
LCA10,0.2150795,0.00705,0.0113
FLJ35700,0.37538,0.00149,0.0113
GPHA2,-0.15238176,0.00605,0.0113
WHSC1,0.20174,0.00148,0.0113
RPP40,-0.401145,0.00148,0.0113
LINC01013,-0.8748425,0.0015,0.0114
SDF2L1,-0.4345525,0.0015,0.0114
RPS7,0.14411816,0.0061,0.0114
HTR5A,0.235965,0.00711,0.0114
GCRG224,0.2270468,0.00713,0.0114
CRY1,-0.3866541,0.00709,0.0114
SNTA1,0.1818268,0.0071,0.0114
OR51I1,-0.1968209,0.00716,0.0115
NPPB,0.2023982,0.00715,0.0115
PDCD2L,-0.1821159,0.00717,0.0115
CCDC184,0.1948459,0.00717,0.0115
ZFYVE1,-0.1770123,0.00716,0.0115
CYTH4,-0.54026,0.0015,0.0115
DUSP5P1,-0.3421591,0.00717,0.0115
DPEP1,-2.5435275,6.96e-05,0.011555
CCDC121,-0.14181384,0.00618,0.0116
FOXA3,-0.356085,0.00152,0.0116
ZFP91,0.1986775,0.00154,0.0116
XKR7,0.2261809,0.0072,0.0116
CCZ1B///CCZ1,0.134105,0.00726,0.0116
OR7D2,0.2608709,0.00725,0.0116
TCHHL1,0.2318836,0.00725,0.0116
MIR125B1,-0.3144414,0.00723,0.0116
MED13L,0.1725025,0.00153,0.0116
NBPF6///NBPF22P///NBPF4,-0.1398832,0.00721,0.0116
CPA1,0.2517918,0.00723,0.0116
POM121L8P,-1.7281781,7.13e-05,0.011622
PRELID3A,0.1827845,0.00727,0.0117
LOC283588,-0.16247632,0.00628,0.0117
ANKRD7,-0.2044173,0.00727,0.0117
CA9,0.2397955,0.00731,0.0117
KCNA7,0.234335,0.00727,0.0117
HESX1,-0.2099395,0.0073,0.0117
OR2K2,0.2721491,0.0073,0.0117
CHAF1A,-0.1636727,0.00729,0.0117
TAC3,0.17583,0.0074,0.0118
C1ORF35,0.17234,0.00735,0.0118
FAM46D,0.170185,0.00733,0.0118
PASD1,0.2157655,0.00738,0.0118
COPS4,-0.2701782,0.00738,0.0118
POLR1A///POLR1A,-0.2728255,0.0074,0.0118
ARL15,-0.15148697,0.00632,0.0118
MIR375,0.2930291,0.00733,0.0118
SIPA1L1,-0.193705,0.00157,0.0119
FUT4,0.191805,0.00744,0.0119
C5ORF22,-0.2580209,0.00741,0.0119
PRPSAP2,-0.1871386,0.00745,0.0119
LOC646513,0.2019868,0.00751,0.012
KRT16P2,-1.3607725,0.00159,0.012
MDFIC,0.1913209,0.00748,0.012
PDE6C,0.2686359,0.00749,0.012
TTC19,0.2405425,0.00159,0.012
SAR1A,0.2614195,0.00751,0.012
HSPB2,0.55446,0.00159,0.012
OR4C3,0.2357914,0.0075,0.012
ZSCAN9,-0.209085,0.00747,0.012
PI4KB,0.228865,0.0016,0.012
OK/SW-CL.58,-0.1940336,0.00753,0.012
C14ORF93,-0.1836336,0.00751,0.012
SLC10A1,0.2129764,0.00753,0.012
PELI2,-0.1756641,0.00748,0.012
MAS1L///MAS1L,0.5144464,0.0075,0.012
LOC100294145,0.198685,0.00161,0.0121
PRAMEF18///PRAMEF10,0.13232711,0.00649,0.0121
DTNB,0.2162486,0.0076,0.0121
AVPR1B,0.21733,0.00755,0.0121
FAM132A,0.2434986,0.00756,0.0121
LYPD6,0.1818118,0.0076,0.0121
TAS1R2,0.2278086,0.00758,0.0121
EMG1,0.1853064,0.0076,0.0121
LRRC37A6P,0.24761,0.00756,0.0121
CLEC4GP1,0.2292818,0.00766,0.0122
ADAMTS9,-0.7004141,0.00761,0.0122
PKI55,-0.3178573,0.00763,0.0122
TOP1MT,0.1685645,0.00763,0.0122
TMEM128,0.2274768,0.00762,0.0122
ZEB2,-0.15532364,0.00659,0.0122
CHSY1,-0.796295,0.00165,0.0123
ARHGDIB,-0.14840143,0.00662,0.0123
CRISP3,-0.29072885,0.00661,0.0123
TPM2,-0.3801577,0.00772,0.0123
CHGA,0.2159255,0.00771,0.0123
JAG1,-0.2659755,0.00768,0.0123
CORO7-PAM16///PAM16,0.1691777,0.0077,0.0123
KIR2DS2,0.3298325,0.00165,0.0124
NDUFS2,0.365415,0.00166,0.0124
PIGV,0.396705,0.00166,0.0124
C16ORF52,0.2897025,0.00165,0.0124
FIP1L1,-0.1615809,0.00775,0.0124
CHKA,0.13431872,0.00671,0.0124
ZNF581,0.1931741,0.0078,0.0124
SNORD115-3,-0.2738977,0.00775,0.0124
OR4D6,0.201125,0.00775,0.0124
NACAP1,-0.1601786,0.00782,0.0125
ODC1,-0.3300736,0.00782,0.0125
PABPC5,0.2081677,0.00787,0.0125
EGR1,-1.46569,0.00167,0.0125
FAM205BP///FAM205A,0.2057395,0.00784,0.0125
LOC100128840,-0.21707,0.00782,0.0125
ARHGAP40,-0.2644405,0.00783,0.0125
NDUFAF2,-0.1688855,0.00781,0.0125
RAD54L,-2.0502339,8.63e-05,0.012573
C21ORF62-AS1,-0.13251789,0.0068,0.0126
SUPT6H,0.2856975,0.0017,0.0126
STON2,0.18069,0.00169,0.0126
WFDC10A,0.1860359,0.00789,0.0126
UBE2D3,-0.1636409,0.00793,0.0126
CREB3L3,0.2215423,0.00793,0.0126
DENND6A,0.224945,0.0017,0.0127
SLCO1B1,-0.2105382,0.00797,0.0127
NMU,-0.2692923,0.008,0.0127
LINC00167,0.1991445,0.00801,0.0127
TEX13B,0.2059245,0.00797,0.0127
WDR33,-0.1943473,0.00798,0.0127
INSL4,0.1726955,0.00795,0.0127
KLK3,0.206015,0.00798,0.0127
CCKBR,0.1799,0.00799,0.0127
PLCD4,-0.2261368,0.008,0.0127
DEFB135,0.258125,0.00796,0.0127
LYG1,0.1471418,0.00807,0.0128
CSN1S1,0.2458859,0.00804,0.0128
TTTY2B///TTTY2///TTTY2,0.2041495,0.00805,0.0128
ADAM29,0.2355064,0.00807,0.0128
IFT20,-0.2075095,0.00803,0.0128
CHODL,-0.3446425,0.00173,0.0128
ZNF787,0.1804468,0.00803,0.0128
MS4A6E,-2.5980154,9.15e-05,0.012889
C5ORF64,0.1686982,0.0081,0.0129
MIR199A1,0.3484345,0.00809,0.0129
SH3D21,0.2077255,0.00811,0.0129
PLCE1,0.5546925,0.00175,0.0129
RPL23AP87,-0.220955,0.00175,0.0129
MAGEA11,0.2495645,0.00809,0.0129
CRYGN,0.2121014,0.0081,0.0129
CDH16,0.1876745,0.00813,0.0129
MYH13,0.1930645,0.0082,0.013
LOC283788,0.47514,0.00177,0.013
FGFBP3,0.1789464,0.00821,0.013
LINC00083,0.2323041,0.00816,0.013
ANKRD34C,0.2348245,0.0082,0.013
CAPN2,0.3354675,0.00178,0.0131
LINC00999,0.2175068,0.00825,0.0131
LINC00207,0.1872173,0.00822,0.0131
GIMAP2,0.335755,0.00827,0.0131
PDE2A,0.3693741,0.00828,0.0131
FGF19,0.1799364,0.00828,0.0131
PPP1R12C,0.2050686,0.00826,0.0131
SIGLEC15,0.2679686,0.00828,0.0131
KLRC3,0.21514055,0.00712,0.0131
SNORD51,0.1305175,0.0071,0.0131
TSPOAP1,0.1736214,0.00827,0.0131
TNFSF18,-0.3580745,0.00827,0.0131
ZNF843,0.1760177,0.00827,0.0131
LINC00842,0.2441525,0.0018,0.0132
LOC729680,0.7965825,0.00179,0.0132
ACKR3,0.3139745,0.00829,0.0132
CDC25C,-0.1843023,0.00832,0.0132
GCSAML,0.3362518,0.00835,0.0132
HAGHL,-0.550875,0.00179,0.0132
ERBB4,-0.3582455,0.00835,0.0132
COX15,0.3317275,0.0018,0.0132
KCNIP2,0.2611068,0.0083,0.0132
SPDYA,-0.6412923,0.00831,0.0132
ACTL6B,0.2054173,0.00842,0.0133
ART4,0.469615,0.00181,0.0133
TRIM6,-0.4983925,0.00181,0.0133
KRTAP8-1,0.2388559,0.00838,0.0133
TFAP2B,0.2369273,0.00837,0.0133
NKAIN4,0.2150364,0.00837,0.0133
GTSE1,-0.1706241,0.00841,0.0133
UBE2Q2P1,-0.18358382,0.00723,0.0133
MIA,-2.2272432,9.89e-05,0.013383
DGAT2L6,0.1752732,0.00847,0.0134
FAM221A,-0.16082541,0.00728,0.0134
OR5I1,0.14608,0.00183,0.0134
SDCBP2,0.49684,0.00183,0.0134
MAGI2,-0.15486071,0.00726,0.0134
FGF20,0.1712536,0.00846,0.0134
TNIP1,-0.2006286,0.00845,0.0134
OR52N2,0.1962368,0.00849,0.0134
WFDC9,0.2132077,0.00856,0.0135
GRHL2,-0.5026436,0.0085,0.0135
TEKT5,0.2584168,0.00852,0.0135
URB1-AS1,0.2735018,0.00852,0.0135
ARHGAP19,0.261225,0.00185,0.0135
PRAMEF2,0.22825,0.00852,0.0135
NYAP2,0.1982868,0.0085,0.0135
SPRY3,0.203675,0.00184,0.0135
LSM11,-1.4128001,0.000101,0.013531
FAM27E2,-1.7552127,0.000103,0.013583
COL8A1,-1.4201928,0.000103,0.013595
LOC441178,0.2532605,0.00861,0.0136
TMPRSS5///TMPRSS5,0.2016168,0.00861,0.0136
CYP2E1,0.1913559,0.0086,0.0136
NHLRC2,0.3383225,0.00186,0.0136
SPATA41,0.13922417,0.00737,0.0136
FAM47A,0.2383045,0.00863,0.0136
IQCF1,0.2327355,0.00859,0.0136
C9ORF78,-0.2247564,0.00862,0.0136
ARIH2,-0.1918418,0.00861,0.0136
S100A6,0.3982125,0.00187,0.0136
LMO7DN,-0.17416229,0.00737,0.0136
RHPN1-AS1,0.2145827,0.00869,0.0137
OR52H1,-0.2580259,0.00863,0.0137
ULK2,0.2118275,0.00188,0.0137
NBR1,-0.13669748,0.0075,0.0138
PRSS48,0.2279191,0.00871,0.0138
SPRR2A,0.3113864,0.00872,0.0138
OR5L1,0.25481,0.00875,0.0138
BANP,0.1792832,0.00871,0.0138
OR5M3,0.3436791,0.00871,0.0138
LEPROT///LEPR,-0.1862268,0.00873,0.0138
CCT8L2,0.1980418,0.00873,0.0138
ARL14,-0.2580725,0.0019,0.0138
PIGG,-0.1698523,0.00879,0.0139
LOC100134822///LINC00266-1///PCMTD2,0.2836491,0.00882,0.0139
SLC25A20,0.2558518,0.0088,0.0139
KCNJ11,0.2199268,0.00879,0.0139
HP1BP3,0.1586768,0.00878,0.0139
TRIM45,-0.3936775,0.00192,0.0139
CNOT2,0.2723525,0.00191,0.0139
TMEM183B,0.2009075,0.00192,0.0139
LOC619427,-0.168305,0.00191,0.0139
LOC107985946,0.2269323,0.00884,0.014
LINC00852,0.1767905,0.00888,0.014
CHAC2,0.2538855,0.00888,0.014
DENND5A,0.13302861,0.00765,0.014
FBXL22,-0.14906133,0.0076,0.014
DPH6,-0.16828641,0.00765,0.014
LINC01290///EMP2,1.8758884,0.000111,0.014084
TMEM183A,0.44838,0.00195,0.0141
LINC01588,-0.2873075,0.00196,0.0141
TUBGCP3,-0.2305536,0.00891,0.0141
C10ORF88,-0.2189632,0.00893,0.0141
LGALS8-AS1,0.2185836,0.00896,0.0141
OR51E1,0.2419527,0.00892,0.0141
SIRT4,0.4084525,0.00196,0.0141
CHMP3,0.305375,0.00195,0.0141
CENPA,-2.354652,0.000113,0.014162
SEC61A2,-1.3720646,0.000114,0.014177
LOC101928751,0.2378509,0.00903,0.0142
MAB21L2,0.1914632,0.009,0.0142
SAG,0.20311,0.00899,0.0142
LHX5,0.2265314,0.00905,0.0143
CYP4A11,0.13781692,0.00779,0.0143
RABEP2,-0.1936825,0.00199,0.0143
FAM168B,0.1633041,0.00917,0.0144
SUN5,0.208815,0.00916,0.0144
ZNF544,-0.182035,0.002,0.0144
RAB40B,0.2099127,0.00916,0.0144
CCDC27,0.2326045,0.00917,0.0144
CCER1,0.2462277,0.00915,0.0144
OR9Q1,0.2216423,0.00918,0.0144
FUT8-AS1,-0.37326,0.002,0.0144
FAM27C,-1.359338,0.00012,0.01448
TRIM66,-0.1914509,0.0092,0.0145
LOC439938,-0.2644068,0.00922,0.0145
APOC3,0.1806609,0.0092,0.0145
DKK1,0.6526895,0.00919,0.0145
TRAPPC4,0.14985968,0.00792,0.0145
HOXB7,-0.1230332,0.0079,0.0145
LBX2,-0.170625,0.00203,0.0145
BOLA2B,-0.27972,0.00205,0.0146
AGXT2,0.1925627,0.00927,0.0146
PDE4B,-1.051765,0.00205,0.0146
BMI1,-0.3056675,0.00205,0.0146
CRX,0.1687127,0.00931,0.0146
FAM231B///FAM231A,-0.2567159,0.00926,0.0146
COMMD4,0.281885,0.00204,0.0146
TRAPPC2,-0.2443086,0.00928,0.0146
TM4SF1,1.4309338,0.000123,0.014638
ANKHD1-EIF4EBP3,0.2806225,0.00207,0.0147
SDK1,0.1947268,0.00931,0.0147
MMP20,0.2099759,0.00932,0.0147
CLEC19A,0.215575,0.00936,0.0147
WDR1,-0.1852273,0.00934,0.0147
TMEM209,0.2266632,0.00935,0.0147
HMGCL,-0.3088782,0.00936,0.0147
SPECC1L,0.3173875,0.00206,0.0147
YWHAE,0.192745,0.00208,0.0148
C7ORF69,-0.2333527,0.00941,0.0148
FLJ37035,0.2151505,0.00944,0.0148
MLANA,0.1856114,0.0094,0.0148
MAP2K5,0.2517,0.00209,0.0148
VAV1,0.15511061,0.00816,0.0149
SERPINB9P1,-0.28843888,0.00819,0.0149
NFRKB,-0.1782545,0.00948,0.0149
VWA5B2,0.1939005,0.0095,0.0149
SLC36A3,0.1785605,0.00955,0.015
SLAMF8,0.3347909,0.00957,0.015
CBLN1,0.2552155,0.00957,0.015
WASH1,-0.2724468,0.00955,0.015
SNORD115-37,-0.2998223,0.00956,0.015
HDHD2,-0.2214527,0.00954,0.015
ANKS4B,0.2299936,0.00961,0.0151
POLR3G,-0.2930036,0.00959,0.0151
AQP4,0.30697224,0.0083,0.0151
TEX26,-0.18100089,0.00832,0.0151
LOC105379426,0.96522,0.00212,0.0151
CAPN11,0.2386323,0.00965,0.0151
LRRTM3,0.2370923,0.0096,0.0151
LOC100288181,-0.20687,0.00215,0.0152
SMA5,0.507465,0.00214,0.0152
ANKRD30BP2,-0.787935,0.00215,0.0152
SNORD56B,0.21187165,0.00836,0.0152
ZNRF2P1,0.3044855,0.00968,0.0152
SPIN2A,0.2227536,0.00971,0.0152
HPDL,0.2036291,0.00969,0.0152
F7,0.2139314,0.00971,0.0152
FAM71F2,0.2110341,0.00967,0.0152
AADACL3,0.2122409,0.00971,0.0152
SLC4A9,0.2185386,0.00976,0.0153
KRTAP21-1,0.297625,0.00973,0.0153
ROS1///LRIG3///SLC34A2///ROS1,-0.6612159,0.00975,0.0153
NRSN1,0.2197091,0.00984,0.0154
LOC101927051,0.2086364,0.0098,0.0154
BGLAP,-0.2686425,0.0022,0.0155
PAK5,0.1719391,0.00987,0.0155
GBP1P1///GBP3///GBP1,-0.4927055,0.0099,0.0155
GSC2,0.2396559,0.00989,0.0155
PINLYP,0.2148045,0.0099,0.0155
SLC39A2,0.2299232,0.00991,0.0155
NTM,-0.36691077,0.00851,0.0155
POU4F1,0.21336,0.00995,0.0156
WSCD2,-0.174205,0.00221,0.0156
GOLGA8DP///GOLGA8F///GOLGA8CP///GOLGA8S///GOLGA8N///GOLGA8B///GOLGA8EP///GOLGA8G///GOLGA8A,-0.1397405,0.00997,0.0156
MFAP5,-0.51371813,0.00861,0.0156
HS3ST4,0.2146005,0.00993,0.0156
TRIM7,0.5395375,0.00221,0.0156
LNX1,0.3388725,0.00222,0.0156
DERL2,-0.2243575,0.00222,0.0156
IP6K2,0.5059,0.00222,0.0156
PIP5KL1,0.1641375,0.00223,0.0156
ALK,-1.556443,0.000136,0.015657
EPB41L3,0.15800059,0.00863,0.0157
PCDHAC2,0.182355,0.00225,0.0157
TP53I13,-0.2200625,0.00224,0.0157
ATP6V0A2,-0.2625,0.00223,0.0157
DLX2,0.1442186,0.01,0.0157
HECW1,-0.2151782,0.01,0.0157
POM121L12,0.2137786,0.0101,0.0157
LINC00115,0.1714914,0.01,0.0157
EEF2KMT,0.1733218,0.01,0.0157
PCDHA10,-0.3268741,0.01,0.0157
FLJ36000,0.12653285,0.00868,0.0158
SLC5A8,0.40595502,0.00869,0.0158
SPAG5-AS1,-0.2923975,0.00225,0.0158
CRYBA2,0.2099723,0.0101,0.0158
KCNE3,0.13935287,0.0087,0.0158
CYTL1,-0.740645,0.00225,0.0158
UBQLN1,0.1632914,0.0101,0.0158
IL20RA,0.6197291,0.0101,0.0158
P3H4,-1.549667,0.000143,0.01589
TMEM240,-0.4099725,0.00228,0.0159
KIAA0319L,0.287285,0.00227,0.0159
MAGEC3,0.1989945,0.0102,0.0159
ARPC3,-0.1868273,0.0102,0.0159
ABHD16B,0.2151132,0.0102,0.0159
FRG2C,0.3057777,0.0102,0.0159
FAM185A,0.1757777,0.0102,0.0159
STX4,-0.1830086,0.0102,0.0159
TICRR,-2.3370459,0.000146,0.015962
WNT5B,-0.5201325,0.00229,0.016
HEXB,0.13155114,0.00886,0.016
SAMD3,-0.17683888,0.00882,0.016
SAT1,-0.2337864,0.0103,0.0161
TMEM196,0.2214105,0.0103,0.0161
MIR186,-0.3601686,0.0103,0.0161
MC5R,0.2281441,0.0103,0.0161
FGF8,0.2200345,0.0103,0.0161
SNORD72///RPL37,-0.21727,0.0103,0.0161
POU5F2,0.1433127,0.0103,0.0161
HAR1A,-0.25974,0.00233,0.0162
C5ORF52,0.2285095,0.0104,0.0162
CXORF67,0.2374014,0.0104,0.0162
ATG4B,-0.1393791,0.0103,0.0162
MOGAT2,0.1890823,0.0104,0.0162
DUSP27,-0.6655225,0.00233,0.0162
ST3GAL5,0.4370525,0.00233,0.0162
UCA1,0.23741,0.0104,0.0163
CCDC178,-0.2774732,0.0104,0.0163
TRIM24,0.3314325,0.00236,0.0163
MPZL1,-0.4178625,0.00236,0.0163
RPL39L,-0.3036825,0.00238,0.0164
TMEM42,0.2313832,0.0105,0.0164
LEXM,0.1961695,0.0105,0.0164
SAMD4A,0.3639818,0.0105,0.0164
AMTN,-0.19285522,0.00909,0.0164
USP14,-0.1727641,0.0105,0.0164
FBXL19,-0.21135,0.00237,0.0164
TCERG1L,-0.2981975,0.00239,0.0164
CIT,0.87797,0.00238,0.0164
OLA1,-0.1936232,0.0106,0.0165
MYF5,0.1960068,0.0106,0.0165
PPEF2,0.2039845,0.0106,0.0165
NKRF,-0.2549173,0.0105,0.0165
ZNF251,-0.2129323,0.0106,0.0165
SOX12,-0.24211,0.00239,0.0165
PITPNA,0.165765,0.0107,0.0166
ZSCAN32,-0.1662682,0.0107,0.0166
LINC01567,0.2138591,0.0107,0.0166
SOX6,-0.2921132,0.0106,0.0166
MIR148A,-0.2535105,0.0107,0.0166
FGF3,0.2242041,0.0107,0.0166
NANS,-0.2409705,0.0106,0.0166
HIST1H2BJ,-1.6589972,0.000156,0.016645
LOC220729,0.4998625,0.00244,0.0167
TEX38,0.1949836,0.0107,0.0167
HAO2,0.1909686,0.0107,0.0167
SOX30,0.2483545,0.0107,0.0167
NFYA,-0.21351,0.00244,0.0167
NAV2,0.74438,0.00244,0.0167
OR6T1,0.2295127,0.0108,0.0167
C11ORF40,0.2337941,0.0107,0.0167
BOLL,0.2112468,0.0108,0.0167
MEP1A,-0.1974927,0.0107,0.0167
CABP1,0.1873764,0.0107,0.0167
PGLYRP4,-0.1557175,0.00243,0.0167
PRB2///PRB4///PRB3///PRB1,0.1640482,0.0108,0.0168
COPG1,0.209515,0.0108,0.0168
CEPT1,-0.2008759,0.0108,0.0168
RIMBP2,0.1992395,0.0108,0.0168
LOC101927830///TMLHE-AS1,0.2557705,0.0108,0.0168
KCTD15,0.1956495,0.0108,0.0168
LOC100132731,0.2822841,0.0108,0.0168
MTMR1,-0.1422223,0.0108,0.0168
SLC5A12,0.2330136,0.0108,0.0168
LINC00955,0.2252482,0.0108,0.0168
MICALCL,1.6278267,0.000163,0.016818
BCL2L11,-1.4973139,0.000164,0.016818
PLAC4,-1.9668201,0.000163,0.016818
UBQLNL,0.2218686,0.0109,0.0169
KCNK7,0.1818914,0.0109,0.0169
MIR24-2,0.6634886,0.0109,0.0169
RARB,-0.19686776,0.00944,0.017
CPA4,-0.6868641,0.0109,0.017
LMTK3,0.1911782,0.011,0.017
ZNHIT1,0.1688214,0.011,0.017
AP4M1,0.2388091,0.0109,0.017
TK1,0.1852773,0.0109,0.017
TMED5,0.2737075,0.0025,0.017
RPTN,0.1932014,0.011,0.017
GPR61,0.2057336,0.0109,0.017
RPL32P3,0.2372968,0.011,0.0171
UFSP1,0.1839223,0.011,0.0171
CCAT1,-0.2830225,0.0025,0.0171
RHOBTB1,-0.11582305,0.00952,0.0171
SLC51A,-2.3032793,0.00017,0.017139
LOC100130856,1.5586256,0.00017,0.017139
MAJIN,0.1856791,0.011,0.0172
LOC399900,-0.2160005,0.0111,0.0172
LRIG3,-0.64332,0.00255,0.0173
SUN3,0.1892709,0.0111,0.0173
VIPR2,-0.3316725,0.00255,0.0173
CTXN1,-0.13662088,0.00964,0.0173
LOC101928841,0.2067023,0.0111,0.0173
UBQLN3,0.1893627,0.0111,0.0173
SERPINA11,0.1864845,0.0112,0.0173
SNRPD3,-0.2738809,0.0111,0.0173
BEND6,-0.204245,0.00255,0.0173
LINC01061,0.4194475,0.00254,0.0173
PSG2,-0.3623805,0.0112,0.0174
THEM4,0.1625186,0.0112,0.0174
FAM170A,0.2193668,0.0112,0.0174
IGSF10,0.7439625,0.00257,0.0174
ZNF343,0.201135,0.00256,0.0174
HSPA1B///HSPA1A,-0.17493943,0.00976,0.0175
ANKRD20A2,0.965335,0.00259,0.0175
HAPLN1,-0.15185616,0.00972,0.0175
KANK2,0.14241948,0.00975,0.0175
GNAS,0.2875,0.00258,0.0175
UBXN11,0.3421614,0.0113,0.0175
XPNPEP2,-1.8747959,0.000175,0.017508
CLTCL1,-0.2383682,0.0113,0.0176
KIAA1024L,-0.2944423,0.0113,0.0176
TP73-AS1,0.14012821,0.00984,0.0176
APCS,0.1892423,0.0113,0.0176
PCID2,-0.3245641,0.0114,0.0177
AGPAT4-IT1,0.2652605,0.0115,0.0177
HIST1H3C,0.1819618,0.0115,0.0177
SMIM4,-0.3100905,0.0114,0.0177
LEAP2,0.34921,0.00264,0.0178
MIR17HG,-0.6581825,0.00265,0.0178
PIGB,0.2357064,0.0115,0.0178
MTMR12,0.2122625,0.00265,0.0178
KATNB1,0.204505,0.0115,0.0178
ASB7,-0.1326614,0.0115,0.0179
ABCC13///ABCC13,0.2242773,0.0115,0.0179
DENND2D,0.2077945,0.0116,0.0179
ARHGAP36,0.1711936,0.0116,0.0179
LOC727916,-0.354175,0.00267,0.0179
ILF3,-0.2046825,0.00266,0.0179
PGAP1,-0.4396759,0.0117,0.018
SH3BP4,0.2121164,0.0116,0.018
GMDS-AS1,-0.2891125,0.00268,0.018
FGF5,0.24178,0.0116,0.018
F8A1,0.28261,0.00269,0.018
STAR,-0.4942525,0.00269,0.018
C15ORF32,0.2428064,0.0117,0.0181
RAB25,0.4676686,0.0117,0.0181
LOC100996291,-0.311915,0.00269,0.0181
IMPG2,-0.2190382,0.0117,0.0181
MIR126,0.3718341,0.0117,0.0181
CDRT1,-0.21846,0.0117,0.0181
FERD3L,0.2306241,0.0117,0.0181
KIR2DL2,0.2774225,0.0027,0.0181
SGMS2,0.22186546,0.0101,0.0181
TCP11,0.1998673,0.0117,0.0182
DEC1,-0.21328,0.0117,0.0182
MOB3B,0.295105,0.0118,0.0182
ZNF18,-0.1978568,0.0118,0.0182
APOE,-0.9451025,0.00272,0.0182
RGS20,-0.40149,0.00273,0.0182
MST1P2,0.7790225,0.00273,0.0182
CSNK1A1P1,-0.2432375,0.00272,0.0182
CDKN2AIPNL,0.20677,0.00274,0.0183
SPATA31A5///SPATA31A3///SPATA31A1///SPATA31C2///LOC642943///SPATA31C1///SPATA31A6///SPATA31A7,0.1483636,0.0118,0.0183
LOC643659,0.229115,0.0119,0.0183
SLC6A5,0.216115,0.0118,0.0183
MOGAT1,0.14108143,0.0102,0.0183
KIR2DS5///KIR2DS3///KIR2DS5///KIR2DS3,0.343485,0.0119,0.0184
LOC79160,0.2636691,0.0119,0.0184
ASB15,0.2075605,0.0119,0.0184
KRTAP2-3,-0.14059,0.00277,0.0184
RFT1,0.2367577,0.012,0.0185
C1QL3,0.2475618,0.012,0.0185
ENPP2,-0.24297487,0.0104,0.0185
PSMB1,-0.2351582,0.0119,0.0185
TAS2R43,-1.0795832,0.012,0.0185
LACTB2,-0.3026291,0.012,0.0185
MRTO4,0.17771016,0.0105,0.0186
PLVAP,-0.25396198,0.0104,0.0186
WASH3P,0.1960525,0.00279,0.0186
CCR1,0.4460168,0.012,0.0186
PRDM1,-0.5244982,0.012,0.0186
MIR106B,0.2248532,0.0121,0.0186
TMEM35A,-0.1575179,0.0105,0.0187
BCAN,0.2180068,0.0121,0.0187
HTATSF1P2,0.19208803,0.0105,0.0187
GSTM3,0.4206445,0.0121,0.0187
LILRP2,0.2056555,0.0121,0.0187
LOC284912,0.1794291,0.0121,0.0187
MRVI1-AS1,0.2086614,0.0121,0.0187
PLA2G10,0.4865041,0.0121,0.0187
TRPV3,0.1992964,0.0121,0.0187
KY,0.2021059,0.0121,0.0187
TMOD2,-0.14583085,0.0105,0.0187
ZNF735///ZNF733P///ZNF716///ZNF479,0.16153755,0.0105,0.0187
STEAP1B,-0.12615239,0.0106,0.0188
SORCS1,0.2287341,0.0122,0.0188
VIMP,-0.2464209,0.0122,0.0188
UBE2M,0.2420473,0.0122,0.0188
GPR82,-0.3013914,0.0122,0.0188
SRL,0.1729405,0.0122,0.0188
SNU13///ANXA2,0.2037232,0.0122,0.0188
HOXD9,0.2074827,0.0122,0.0188
PSEN1,0.197455,0.00283,0.0188
OR4F13P,0.2576805,0.0122,0.0189
ZNF777,0.1944659,0.0123,0.0189
ZNF595,0.271025,0.00285,0.0189
ADIG,0.1784709,0.0123,0.0189
PPARA,0.236655,0.00285,0.0189
SNORD115-24///SNORD115-44///SNORD115-43///SNORD115-42///SNORD115-41///SNORD115-40///SNORD115-39///SNORD115-38///SNORD115-36///SNORD115-34///SNORD115-31///SNORD115-30///SNORD115-29///SNORD115-26///SNORD115-25///SNORD115-22///SNORD115-21///SNORD115-20///SNORD115-19///SNORD115-18///SNORD115-17///SNORD115-16///SNORD115-15///SNORD115-14///SNORD115-13///SNORD115-12///SNORD115-11///SNORD115-10///SNORD115-9///SNORD115-8///SNORD115-7///SNORD115-6///SNORD115-5///SNORD115-4///SNORD115-3///SNORD115-1///SNRPN,-0.39326587,0.0106,0.0189
ZNF365,0.1501518,0.0122,0.0189
TUBGCP6,0.171945,0.0123,0.0189
OR5AU1,0.1861545,0.0123,0.019
IL16,0.5057325,0.00287,0.019
C22ORF31,0.1663327,0.0123,0.019
MAGEB18,0.2149059,0.0123,0.019
C2ORF16,0.1694164,0.0124,0.0191
BPIFB2,-0.3022375,0.00292,0.0192
ZNF467,0.329155,0.0029,0.0192
SLC52A3,-0.23227,0.00291,0.0192
CCKAR,0.3156859,0.0125,0.0192
NHLRC4,0.1906859,0.0125,0.0193
BLACAT1,-0.172745,0.00294,0.0193
YEATS2,0.4287975,0.00294,0.0193
LNPK,-0.12838974,0.0109,0.0193
TAGLN3,0.2261368,0.0125,0.0193
RPL26,-0.2379225,0.00294,0.0193
CELF2,0.229865,0.00293,0.0193
TSG101,0.166785,0.00294,0.0193
ACSL6,-0.200855,0.00296,0.0194
TRIM72,0.2500918,0.0126,0.0194
SNORD49A,0.25211971,0.0109,0.0194
ULK4P1///CHRFAM7A///CHRNA7,-0.2392873,0.0127,0.0195
EPB41L4A-AS2,0.3708125,0.00298,0.0195
NR0B1,0.2191091,0.0127,0.0195
CHRNA4,0.1827245,0.0126,0.0195
KCNF1,-0.221625,0.00297,0.0195
ESRP1,0.4369525,0.00298,0.0195
SP110,-2.1158873,0.000208,0.01958
ARHGEF11,0.2408525,0.00299,0.0196
BCO1,0.1958959,0.0127,0.0196
APOB,0.2053586,0.0128,0.0196
SLC9B1,0.4447459,0.0127,0.0196
SATB2,0.1746773,0.0127,0.0196
LOC101927550,0.255515,0.003,0.0196
LOC727983,-1.7635152,0.00021,0.019629
DIP2A,-1.3892234,0.000211,0.019645
RASA3,-0.2182432,0.0128,0.0197
GCM1,0.1696773,0.0128,0.0197
METTL3///METTL3,-0.3162114,0.0128,0.0197
RIPK2,-0.4927975,0.00302,0.0197
AFAP1-AS1,-0.2102325,0.00302,0.0197
ATXN3,0.3741625,0.00302,0.0197
RNASE4,0.49151,0.00304,0.0198
COX20,0.3653725,0.00303,0.0198
KCNK5,-0.4886275,0.00303,0.0198
RCN3,-0.16331642,0.0112,0.0198
BCL7A,-0.37275,0.00304,0.0198
OOSP2,0.2113155,0.0129,0.0199
ARR3,0.1892414,0.013,0.0199
LOC100129860///LOC401589,0.12055853,0.0112,0.0199
SELE,-2.0761125,0.00309,0.02
IGHD,-0.26069,0.00309,0.02
FAM60A,-0.3273459,0.013,0.02
CDC42-IT1,0.16342,0.00308,0.02
SRR,-0.12579374,0.0113,0.02
FAM209B,0.1253452,0.0113,0.02
OR5T3,-0.2017191,0.013,0.02
HIST1H2AL,-1.4018119,0.000217,0.020039
TRPV6,-0.354025,0.00309,0.0201
NLRP13,0.1750077,0.0131,0.0201
PSG10P///PSG8///PSG11///PSG9///PSG7///PSG6///PSG5///PSG4///PSG3///PSG2///PSG1,0.1594559,0.0131,0.0201
PTF1A,0.1945614,0.0132,0.0202
LOC100134822///SEPT14///LINC00266-1///PCMTD2,0.2674809,0.0132,0.0202
COQ6,-0.1784032,0.0132,0.0202
IGLON5,0.15249028,0.0114,0.0202
RFX8,-0.1773332,0.0132,0.0202
ZNF264,-0.3424225,0.00315,0.0203
PCDHA2,-0.2345882,0.0132,0.0203
BPIFA3,0.1758373,0.0133,0.0203
NR4A2,0.5758823,0.0132,0.0203
LINC00893,-0.25524584,0.0115,0.0203
SOHLH2,-1.5131421,0.000225,0.020337
RPL7,0.17463613,0.0116,0.0204
JHDM1D-AS1,-0.3463875,0.00316,0.0204
BPY2C///BPY2B///BPY2,0.2072014,0.0133,0.0204
FBXO47,0.1645727,0.0133,0.0204
GPR119,0.12172338,0.0116,0.0205
ISX,0.1636782,0.0134,0.0205
INO80B-WBP1///WBP1,0.2244009,0.0134,0.0205
ASF1B,0.2193332,0.0134,0.0205
NOTCH2NL,0.16126,0.00318,0.0205
LRRC2-AS1,0.2035682,0.0134,0.0205
FEZF1,0.2181114,0.0134,0.0205
SFTPA2,0.68972,0.00321,0.0206
PDE4D,-0.3161982,0.0135,0.0206
ADORA2B,-0.13287212,0.0117,0.0206
TBC1D22A-AS1,0.1888859,0.0135,0.0206
AKAP1,0.4037925,0.0032,0.0206
BZW2,0.3339909,0.0134,0.0206
LINC00473,-1.2136575,0.00323,0.0207
WDR59,0.2029036,0.0135,0.0207
MTHFD2L,-0.2291809,0.0135,0.0207
BOLA2-SMG1P6///SMG1P3///BOLA2B///SMG1P1///SMG1P5///BOLA2///SMG1P2///SMG1,-0.1532273,0.0135,0.0207
XAGE1B///XAGE1E,0.1764141,0.0136,0.0208
OPRK1,0.1689891,0.0136,0.0208
RHOXF2B///RHOXF2,0.1701759,0.0136,0.0208
PAGE2B,0.3254991,0.0136,0.0208
PRSS45,0.174395,0.0137,0.0209
BBS10,0.3784025,0.00326,0.0209
TRPV1,0.1602405,0.0137,0.0209
RLF,-0.2114764,0.0137,0.0209
CLEC12A,0.30958401,0.0119,0.0209
COQ8B,0.2259173,0.0137,0.0209
SLCO1C1,-0.2874764,0.0137,0.021
GABRB3,-0.217825,0.00328,0.021
CETN1,0.1918455,0.0137,0.021
MB21D1,-0.18304702,0.0119,0.021
MIR10B,-0.2324773,0.0138,0.0211
APOA5,0.2253982,0.0138,0.0211
CRTAM,-0.13699313,0.012,0.0211
FAM110B,0.2211145,0.0139,0.0212
BLOC1S4,-0.2411625,0.00332,0.0212
RPEL1,-0.12423882,0.012,0.0212
AKR1A1,0.2395373,0.0139,0.0212
FAM101A,-1.0426375,0.00332,0.0212
MYLK4,0.2197082,0.0139,0.0212
PPFIBP2,-0.2326473,0.0139,0.0212
TEF,0.3237564,0.0139,0.0212
PRKY,-0.24264781,0.0121,0.0212
GBP4,0.5176832,0.0139,0.0212
PIWIL4,-0.2199695,0.0139,0.0212
ADRA2B,0.1655973,0.0139,0.0213
C3ORF20,0.1907673,0.014,0.0213
PPTC7,-0.1940155,0.014,0.0213
FGF23,0.1903627,0.014,0.0213
AANAT,0.1826423,0.0139,0.0213
NAT2,0.1881859,0.014,0.0213
PRO2964,-0.2137491,0.0139,0.0213
PRRG1,0.2156725,0.00336,0.0214
ALG14,-0.342165,0.00336,0.0214
SLC7A1,-0.5326975,0.00337,0.0214
DCTN1,-0.1614182,0.0141,0.0214
BTNL2,0.1876991,0.014,0.0214
TUBA3C,0.1856223,0.0141,0.0214
C11ORF65,-0.3340009,0.0141,0.0214
NPHS1,0.17276,0.0141,0.0214
GTPBP8,-0.1628418,0.0141,0.0215
KIF4B///KIF4A,-0.2299855,0.0141,0.0215
SYT13,0.19116,0.0141,0.0215
OBP2A,0.2076805,0.0141,0.0215
LOC100132014,0.2383777,0.0141,0.0215
PRG3,0.127345,0.0034,0.0216
KYAT3,0.2053768,0.0141,0.0216
PRG4,0.8255777,0.0142,0.0216
OR4M1///OR4M2,0.16003501,0.0123,0.0216
HAVCR2,0.18861458,0.0123,0.0216
ZNF114,0.2343575,0.00343,0.0217
STAC3,0.1823695,0.0142,0.0217
YY2///MBTPS2,0.1549232,0.0143,0.0217
PTGER2,0.18466004,0.0123,0.0217
LCE5A,0.12512536,0.0124,0.0217
BTN1A1,0.2038082,0.0142,0.0217
PAGE5,0.2158055,0.0142,0.0217
TAS2R16,0.2380523,0.0143,0.0218
TMCO2,0.2237564,0.0143,0.0218
CDC26,0.13181126,0.0124,0.0218
INPP4A,-0.190245,0.00344,0.0218
BDH1,0.12288031,0.0124,0.0218
MFSD4A,-0.15819014,0.0125,0.0219
AFM,0.1786636,0.0144,0.0219
CXCL5,-0.4097409,0.0144,0.0219
FOXP2,0.3599775,0.00349,0.022
WT1-AS,-0.55285,0.00349,0.022
LEMD1,-0.65842,0.00348,0.022
MIAT,-0.9674525,0.00348,0.022
ST3GAL6-AS1,-0.251245,0.00347,0.022
CEACAM8,0.16841504,0.0126,0.022
SPINK6,-0.339655,0.00348,0.022
MIR203A,-0.1817564,0.0144,0.022
SERPINB2,-0.8522986,0.0145,0.022
EPB41L4B,-0.17308119,0.0125,0.022
LAS1L,-0.2061823,0.0146,0.0222
NOG,0.2928968,0.0146,0.0222
MAGEA9B///MAGEA9,0.2457505,0.0146,0.0222
TANK,0.11849559,0.0127,0.0223
MMD2,0.2043805,0.0147,0.0223
CDHR5,0.231175,0.0147,0.0223
OR10G7,0.1198477,0.0127,0.0223
ZBTB12,0.1885473,0.0148,0.0224
ETV4,-0.241855,0.00355,0.0224
RTP5,0.2002032,0.0149,0.0225
SCAMP1-AS1,0.3329175,0.00358,0.0225
ASXL3,0.1950073,0.0148,0.0225
RXFP3,0.1876727,0.0149,0.0226
OR2M7///OR2M2///OR2M1P///OR2M3///OR2M5,0.20259137,0.0129,0.0226
MYCBP,-0.516,0.00361,0.0226
WFIKKN2,-0.2252575,0.00361,0.0226
MIR323A,-0.3808845,0.015,0.0227
EPWW6493,-0.2046205,0.015,0.0227
RBP3,0.1666291,0.0149,0.0227
SEPT12,0.1765145,0.0151,0.0228
CCDC9,0.1338705,0.015,0.0228
CHRNB3,0.2035436,0.0151,0.0228
SHROOM3,0.2823195,0.015,0.0228
GALNT9,0.1681791,0.015,0.0228
LOC101929829///CYP2D6,0.2020227,0.0151,0.0229
ADCY7,0.2075909,0.0151,0.0229
NTRK2,-0.26356157,0.0131,0.0229
CRCP,0.2168675,0.00366,0.0229
DDX31,-0.2227186,0.0151,0.0229
PXYLP1,0.2950475,0.00367,0.0229
WWP1,-0.27663,0.0151,0.0229
CYP26A1,-0.26855,0.00369,0.023
MTHFSD,-0.1299491,0.0152,0.023
OR4F29///OR4F21///OR4F16///OR4F3,-0.5719559,0.0152,0.023
C9ORF129,-0.2203475,0.00369,0.023
C20ORF173,0.1506759,0.0152,0.023
CRHR1-IT1,0.2941755,0.0153,0.0231
PAH,0.1508123,0.0152,0.0231
HTR4,0.223225,0.0152,0.0231
RGMB-AS1,-0.2421725,0.00372,0.0231
KRTAP3-2,0.1295073,0.0153,0.0232
ZIC3,0.2137009,0.0153,0.0232
LGALS9C,-0.3291075,0.00372,0.0232
STATH,0.20411,0.0154,0.0233
SLC18A3,0.1176675,0.00375,0.0233
HIST1H2AH,0.30331,0.00376,0.0233
LYRM9,-0.3715423,0.0154,0.0233
NT5C1B-RDH14///RDH14,0.1860786,0.0154,0.0233
GCC2-AS1,0.189505,0.0155,0.0234
ALAS2,0.2709423,0.0155,0.0234
OR2Z1,0.15842511,0.0134,0.0234
GDPD2,0.2180945,0.0155,0.0234
TDGF1,-0.524895,0.00377,0.0234
WASF1,-1.1352356,0.00028,0.023413
SPATA12,0.1889395,0.0155,0.0235
MRPL39,-0.1863255,0.0156,0.0235
ZBTB25,0.1914268,0.0156,0.0235
GABRA6,0.195625,0.0156,0.0236
KCNK10,0.2200741,0.0156,0.0236
GPR183,-0.9836625,0.00382,0.0236
FAM104B,-0.3572925,0.00382,0.0236
LOC100506100,-1.2390896,0.000289,0.023694
LOC401052,0.2170418,0.0157,0.0237
SGPP2,0.3780827,0.0157,0.0237
OR5M8,0.1805377,0.0157,0.0237
NANOS2,0.1844073,0.0157,0.0237
IMMP1L,-0.2231395,0.0157,0.0237
RRP7A,0.14577861,0.0136,0.0237
RNFT2,0.1584636,0.0157,0.0238
FAM172BP,0.2480977,0.0157,0.0238
NDST3,0.15697,0.0158,0.0238
SAGE1,0.22926,0.0158,0.0238
KLK12,-3.6667586,0.000293,0.023897
MYEOV,-0.2340425,0.00388,0.0239
DLG5-AS1,0.2101777,0.0159,0.0239
NFU1,0.1837705,0.0159,0.0239
RPL27///RPL27,0.12462745,0.0137,0.0239
RPL9P11///RPL9,-0.2903364,0.0159,0.0239
MIR136,-0.5281991,0.0158,0.0239
TCP10L,-0.286695,0.00391,0.024
CHMP4C,0.2522777,0.0159,0.024
CCDC36,0.3647086,0.0159,0.024
PTP4A1,-0.434145,0.0039,0.024
SPANXC///SPANXD,0.12072806,0.0138,0.0241
ACAA1,0.2850075,0.00393,0.0241
DMBT1,-0.8447575,0.00392,0.0241
BRE,-0.1512095,0.016,0.0241
LRIT2,0.1875395,0.016,0.0241
TAS2R42,0.1899564,0.0161,0.0242
ADCY6,0.1751564,0.0161,0.0242
FSD2,0.1527155,0.016,0.0242
UCMA,0.2177741,0.016,0.0242
C6ORF120,-0.2357377,0.0161,0.0242
KRT77,0.2016159,0.0161,0.0243
RPE65,-0.19786,0.0161,0.0243
MIR93,0.1765773,0.0161,0.0243
KLHDC10,0.1724118,0.0161,0.0243
HCRP1,0.1903541,0.0162,0.0243
FLJ40536,0.2193432,0.0162,0.0244
POFUT1,-0.165735,0.0162,0.0244
MDS2,0.1504527,0.0162,0.0244
CA11,-0.2606525,0.00401,0.0245
SPATA42,0.1684073,0.0163,0.0245
LOC101928673,0.4857075,0.00403,0.0246
HNRNPC,-0.1897975,0.00402,0.0246
EIF2D,0.23592,0.00404,0.0246
SATL1,0.2246364,0.0163,0.0246
MRPS30,-0.1265473,0.0163,0.0246
IL2,0.2029041,0.0163,0.0246
GALNT8,0.2125232,0.0164,0.0246
PFAS,0.1334518,0.0163,0.0246
DRICH1,-0.2678323,0.0164,0.0247
ATXN7L2,0.1799736,0.0164,0.0247
LOC105378732,-0.1881375,0.00405,0.0247
FAM71C,0.1889655,0.0165,0.0248
RPL14,0.18774,0.00407,0.0248
UHRF1,-0.6608025,0.00408,0.0248
GSS,0.2071636,0.0165,0.0248
KRTAP5-1,0.13674927,0.0143,0.0248
RRP7BP,0.3035914,0.0165,0.0249
SLC22A11,0.2095782,0.0165,0.0249
COL4A6,-0.1603423,0.0165,0.0249
FLVCR1,-0.2772875,0.00409,0.0249
STARD7-AS1,-0.2613709,0.0165,0.0249
NOMO1,0.3672675,0.00412,0.025
IGF2,-0.23047,0.00411,0.025
NIPAL1,-0.2459364,0.0167,0.0251
MRPL22,-0.1952332,0.0167,0.0251
RERGL,-0.14969262,0.0145,0.0251
TMPRSS3,-0.17210286,0.0145,0.0251
MIR96,0.2222845,0.0167,0.0251
SFTA1P,0.61606,0.00415,0.0251
GDE1,0.378075,0.00415,0.0251
FRMD8P1,0.15127,0.00416,0.0252
ABCB5,-0.2100736,0.0168,0.0252
TEX29,0.1597595,0.0168,0.0252
EDIL3,-0.22474114,0.0146,0.0253
ZFYVE19,0.1760327,0.0168,0.0253
RCCD1,-0.1683118,0.0168,0.0253
DNAJC28,-0.2642764,0.0169,0.0254
THOP1,0.1260868,0.0169,0.0254
XRCC2,-0.2749373,0.0169,0.0254
FHL3,0.2489618,0.0169,0.0254
AGT,-0.45539,0.00423,0.0255
GAGE12D///GAGE8///GAGE12F///GAGE2A///GAGE12H///GAGE12E///GAGE12B///GAGE12C///GAGE2D///GAGE12J///GAGE12G///GAGE13///GAGE2B///GAGE2E///GAGE12I///GAGE7///GAGE5///GAGE4///GAGE3///GAGE2C///GAGE1,0.20450923,0.0147,0.0255
ZCCHC3,0.1460482,0.017,0.0255
PERM1,0.1885323,0.017,0.0255
HIST4H4,0.2643832,0.017,0.0255
RHEBL1,0.1971791,0.017,0.0255
ISOC1,0.2354225,0.00423,0.0255
GOLGA2P7,0.220215,0.00423,0.0255
COL22A1,-0.2664175,0.00426,0.0256
CORT,-0.2817875,0.00426,0.0256
KMT2C,-0.2526218,0.017,0.0256
KLHL9,-0.1952486,0.017,0.0256
FUBP3,-0.1325064,0.0171,0.0256
CHMP1A,0.1970473,0.0171,0.0256
CACTIN-AS1,0.1685695,0.0171,0.0257
TARS2,-0.1600495,0.0172,0.0257
GPR75,0.2662068,0.0172,0.0257
PLIN4,-0.13581877,0.0149,0.0257
MIR219A2,0.2425055,0.0172,0.0257
LIN9,-0.2678855,0.0171,0.0257
CSHL1,0.2019814,0.0171,0.0257
SEC14L5,0.1698855,0.0171,0.0257
NEDD8,0.149305,0.00427,0.0257
NRIP3,-0.2130375,0.0043,0.0258
FAM133A,-0.25958,0.0043,0.0258
SLX1A,0.258965,0.0043,0.0258
KRBA1,0.1489741,0.0172,0.0258
LOC728175,-2.0415952,0.000337,0.025835
KLF8,0.2805225,0.00433,0.0259
LINC01106,-0.6899225,0.00435,0.026
OR4F6,0.1990555,0.0174,0.026
CITED1,0.19794,0.0174,0.026
SMYD3,-0.1902168,0.0174,0.0261
LINC00527,0.2160368,0.0175,0.0261
NDUFA11,0.2011836,0.0174,0.0261
BEST2,0.1820564,0.0174,0.0261
BLOC1S1-RDH5///RDH5,0.1945777,0.0174,0.0261
AURKB,0.1833945,0.0175,0.0262
LOC100130741,-0.21891,0.00438,0.0262
SPON1,0.3014009,0.0175,0.0262
CLSTN2,0.2375575,0.0044,0.0263
EIF4E,-0.273,0.00442,0.0263
OR51G1,0.2109605,0.0175,0.0263
PIAS4,0.1394186,0.0176,0.0263
SOX10,0.1667664,0.0175,0.0263
PSRC1,0.396195,0.00442,0.0263
FBXO21,0.216375,0.00443,0.0264
SCN10A,0.16591,0.0177,0.0264
ADGRD2,0.1877827,0.0176,0.0264
CRLS1,-0.2030327,0.0176,0.0264
LOC400943,0.2099018,0.0176,0.0264
ANO6,0.2731641,0.0176,0.0264
TBC1D3P5,0.202825,0.0177,0.0265
BORCS7-ASMT///AS3MT,-0.15778676,0.0154,0.0265
ZC3HAV1L,-0.334145,0.00448,0.0266
ITGA1,0.616585,0.00448,0.0266
MUCL1,-2.5100426,0.000363,0.02666
KRT27,1.5746611,0.000361,0.02666
HOXA5,0.7631525,0.00449,0.0267
LRCH3,0.1479691,0.0178,0.0267
OR10A6,0.1896014,0.0178,0.0267
NBPF1,-0.256875,0.0045,0.0267
RASGEF1C,0.1788282,0.0179,0.0268
SERPINA6,-0.4233725,0.00453,0.0268
KRT2,0.1856955,0.018,0.0269
VIT,-0.5950014,0.018,0.0269
NDUFA1,0.13557522,0.0156,0.0269
KCNJ12,0.181255,0.00454,0.0269
LINC01000,0.5069075,0.00455,0.0269
CLPS,0.2141191,0.018,0.0269
MAP4K3,0.168245,0.00455,0.0269
SLC2A9,0.11128802,0.0157,0.027
MRPS18C,-0.2425741,0.0181,0.027
TECTA,0.2206264,0.0181,0.027
KCNAB1,-0.4537777,0.0181,0.027
ADAMTS12,-0.17837219,0.0158,0.0271
KLHL42,0.1782491,0.0182,0.0272
MICAL2,-0.18202651,0.0158,0.0272
C3ORF22,0.2091532,0.0182,0.0272
FST,-0.4932095,0.0182,0.0272
C21ORF33,0.1887482,0.0183,0.0273
WDR45,0.1761477,0.0183,0.0273
NR2F1-AS1,-0.252035,0.00464,0.0273
ITFG2,0.3067325,0.00463,0.0273
NDFIP2,-0.33814,0.00463,0.0273
IFNA2,0.1966291,0.0183,0.0273
ZFYVE21///ZFYVE21,-0.1638286,0.0183,0.0273
EIF3L,-0.2023773,0.0183,0.0273
FGF21,0.1826091,0.0184,0.0274
OCM///OCM2,0.2202373,0.0184,0.0274
TFDP3,0.1778818,0.0184,0.0274
LOC389641,-0.24679,0.00466,0.0274
HNRNPA0,-0.3072375,0.00466,0.0274
CALB2,-0.858445,0.00468,0.0275
CCDC51,0.1986068,0.0185,0.0275
MAPRE2,0.2009832,0.0185,0.0276
AK5,-0.436655,0.0047,0.0276
PTPN3,-0.17322647,0.0161,0.0276
PDE8B,-0.2170786,0.0162,0.0277
RARG,-0.1951975,0.00471,0.0277
NCOR1P1///NCOR1,-0.1509986,0.0186,0.0277
OR52A1,0.2017918,0.0186,0.0277
LIPH,0.566555,0.00474,0.0278
DCAF12L2,0.2153218,0.0187,0.0278
STAT2,-0.2236295,0.0187,0.0279
CNGA1,-0.2126564,0.0187,0.0279
SNX15,0.20036,0.00478,0.0279
C17ORF89,-0.320065,0.00476,0.0279
FAM210A,-0.3784925,0.00476,0.0279
ZBTB40,-0.152995,0.00477,0.0279
PMCH,-0.3771475,0.00478,0.0279
SERPINB12,0.1799564,0.0188,0.028
ZDHHC5,0.1370923,0.0188,0.028
RAD54L2,0.26162,0.00481,0.0281
SERPINB7,-0.11556253,0.0165,0.0283
PLGRKT,0.26528,0.019,0.0283
XDH,-0.2468177,0.019,0.0283
FXN,0.1806277,0.0191,0.0283
MS4A12,0.2121045,0.019,0.0283
SMKR1,-0.568555,0.00487,0.0284
TRIM16,0.2679736,0.0191,0.0284
CENPN,0.2621045,0.0191,0.0284
SMOX,-0.3535525,0.00488,0.0284
HMGA2,-1.6218279,0.000401,0.028414
SYCE3,-0.7242025,0.00491,0.0285
CBX8,-0.22194,0.00489,0.0285
SERGEF,-0.1334309,0.0191,0.0285
MOS,0.1879486,0.0191,0.0285
TRAPPC3L,0.1688277,0.0192,0.0285
FAM163A,0.1743991,0.0192,0.0285
SRA1,0.1814241,0.0192,0.0286
RBM7,0.2117623,0.0192,0.0286
C17ORF102,0.1943641,0.0193,0.0286
MIR497HG,-0.3437125,0.00493,0.0286
LINC00528,0.11823632,0.0168,0.0287
LOC100289058,0.4145575,0.00495,0.0287
GDAP1L1,0.2038427,0.0193,0.0287
PMCHL1,-0.1747375,0.00497,0.0288
NUDCD3,0.2453275,0.00498,0.0288
OR2T1,0.1484064,0.0194,0.0288
SNORD116-21,-0.25894709,0.0168,0.0288
MARCH1,0.15220168,0.0169,0.0289
SNRPD2,0.2282432,0.0195,0.0289
KRT13,-0.22209683,0.017,0.0289
SZRD1,0.1620895,0.0195,0.0289
POPDC2,0.2250805,0.0195,0.0289
RN7SL832P,0.1807964,0.0194,0.0289
HOXC8,0.1749486,0.0194,0.0289
LOC81787,-0.22837,0.00503,0.029
OR13F1,0.2018155,0.0195,0.029
HAPLN2,0.174855,0.0196,0.0291
GAS2,-0.3780825,0.00504,0.0291
CXCL8,-1.122705,0.00504,0.0291
SLC47A2,0.1251491,0.0196,0.0291
TMPRSS11E,-0.1784805,0.0196,0.0291
EPS8L1,-0.480235,0.00506,0.0292
C20ORF202,0.2145375,0.00506,0.0292
KAT7,0.16229,0.00507,0.0292
ANXA2R,-0.18188701,0.0171,0.0292
LOC541472,0.4544459,0.0197,0.0293
FRMD4A,0.1179186,0.0172,0.0293
SNORA62,-0.2626145,0.0198,0.0294
FNDC11,0.1810314,0.0199,0.0294
STOML1,0.1442727,0.0198,0.0294
UQCC3,0.2312118,0.0199,0.0294
RCC1,-1.3040432,0.000431,0.029433
OR56A1,0.1926964,0.0199,0.0295
BPIFC,0.2036023,0.0199,0.0295
KCNG1,0.1729509,0.0199,0.0295
LOC100505549,0.12087241,0.0173,0.0295
NPEPL1,0.31155,0.00513,0.0295
CPT1A,0.287985,0.00512,0.0295
SERPINA7,-0.1958325,0.00515,0.0295
LRRC66,-0.1831218,0.0199,0.0295
GPR162,-1.3981651,0.000436,0.029507
IFI30,0.3239682,0.02,0.0296
OR8I2,0.20735,0.02,0.0296
GP2,0.2281309,0.02,0.0296
IL10RB-AS1,-1.3410205,0.000439,0.029625
RAB19,0.1861014,0.0201,0.0297
SLC40A1,0.5417775,0.00521,0.0298
SYPL1,-0.1438164,0.0201,0.0298
A1CF,0.1459577,0.0201,0.0298
CMTM4,-0.2335341,0.0201,0.0298
DHRS4L1///DHRS4L2///DHRS4,0.1766941,0.0202,0.0299
KRTAP22-1,0.1752136,0.0203,0.03
ZNF677,-0.3002959,0.0203,0.03
C10ORF111,0.1385127,0.0203,0.03
PUM1,0.203815,0.00526,0.03
ZNF608,-0.15116485,0.0177,0.0301
CMAHP,-0.19396648,0.0177,0.0301
NABP1,-0.668665,0.00529,0.0301
MYO5B,0.48922,0.00528,0.0301
HERC2P4///HERC2P2///HERC2P3///HERC2,-0.3153868,0.0203,0.0301
MYCNOS,0.2730368,0.0204,0.0302
LINC-PINT,0.54707,0.0053,0.0302
CHTOP,0.2078,0.00531,0.0302
PAPLN,-0.4499325,0.0053,0.0302
EXD1,0.174855,0.0204,0.0302
MIR30E,-0.13972846,0.0178,0.0302
DUPD1,0.2187941,0.0204,0.0302
INTS6,-0.2295941,0.0204,0.0302
KRTAP1-3,-0.305665,0.00534,0.0303
WDFY4,-0.2927491,0.0205,0.0303
HAVCR1,0.2061477,0.0205,0.0303
NPAS2,-1.3602335,0.000463,0.030352
COA3,1.1829324,0.000463,0.030352
PIP5K1P1,0.2247459,0.0206,0.0304
CHCHD2,0.3813595,0.0206,0.0304
CAPN1,0.2335082,0.0206,0.0304
ADAM7,0.1373625,0.00536,0.0304
LOC284454,-0.9640025,0.00536,0.0304
TROAP,-1.7456745,0.00047,0.030411
ZNF529-AS1,-1.4581441,0.000471,0.030421
RPL26L1,-0.1967125,0.00539,0.0305
ACBD4,0.2086782,0.0206,0.0305
LOC400043,-0.3487875,0.00541,0.0306
CRYGD,0.13897585,0.0181,0.0306
C18ORF12,0.175205,0.0208,0.0307
STAM,0.1804973,0.0208,0.0307
PHOX2B,0.2108395,0.0208,0.0307
ZNF750,0.3681532,0.0208,0.0307
MIR194-2,-0.1574618,0.0208,0.0308
LOC344967,-0.256175,0.00545,0.0308
NXF5,0.11650477,0.0182,0.0308
CLDN22,-1.7241351,0.000481,0.030862
KIAA1656,0.1769159,0.0209,0.0309
KLK2,0.1741177,0.0209,0.0309
CCNF,0.1274568,0.0209,0.0309
CYB5B,0.2903525,0.00547,0.0309
ELF5,-0.4953423,0.0209,0.0309
FABP7,-0.2136636,0.021,0.031
SLC22A25,0.1743595,0.021,0.031
GPR50,0.2018814,0.021,0.031
SNORA38,0.13304307,0.0183,0.031
ZNF620,0.12023,0.00551,0.0311
RNF165,0.1907805,0.0211,0.0311
PTCH1,-0.2029541,0.0184,0.0311
LOC284561,0.168105,0.00553,0.0311
IQCH-AS1,0.17227,0.00552,0.0311
LOC149373,0.3748045,0.0211,0.0311
FAM149A,0.2086425,0.00554,0.0312
TLE1,0.2794775,0.00554,0.0312
PMF1,0.1996225,0.00555,0.0312
SSX8,0.11638706,0.0185,0.0312
MRPL15,0.11115129,0.0185,0.0313
RPRM,-0.33138,0.00558,0.0313
SNORA80A,0.1517309,0.0212,0.0313
EPHA6,0.1823414,0.0213,0.0314
C5ORF17,-0.2202455,0.0213,0.0314
OR10H4,0.20244,0.0213,0.0314
TMEM59L,-1.5453817,0.000497,0.031405
C7ORF55-LUC7L2///FMC1,0.1844445,0.0213,0.0315
DNAJC25,-0.1840525,0.00563,0.0315
TNFRSF10C,-0.36307,0.00564,0.0316
SMIM22,-0.71983,0.00564,0.0316
MIR141,-0.2916368,0.0215,0.0316
MASP2,0.1459627,0.0215,0.0317
INGX,0.1817709,0.0215,0.0317
NDUFC1,-0.3912441,0.0215,0.0317
TEX28,0.14467,0.0216,0.0318
TTL,-0.1916459,0.0217,0.0319
ANKRD20A19P,0.198415,0.0217,0.0319
TANGO6,-0.1644223,0.0217,0.032
CUX2,0.1927114,0.0217,0.032
MIR32,0.16767747,0.019,0.032
ZKSCAN7,0.1937759,0.0218,0.032
PTH2,0.1889386,0.0217,0.032
GCN1,-0.2025614,0.0218,0.0321
ITLN1,0.59601549,0.0191,0.0321
DUSP18,-0.17142429,0.0191,0.0321
KIR2DS1,0.1449875,0.00575,0.0321
CDH17,-0.238945,0.0219,0.0322
TDRP,-0.1869545,0.0219,0.0322
ZSCAN5A,-0.2426695,0.0219,0.0322
MB,-0.7321075,0.0058,0.0323
SCN11A,-0.14982,0.022,0.0323
LINC01105,0.11249,0.0058,0.0323
PRR30,0.12306051,0.0193,0.0324
DEFB116,0.2290027,0.022,0.0324
CLIP2,0.1450164,0.0221,0.0325
FAM221B,0.1700055,0.0221,0.0325
STAG3L3,-0.2320925,0.00587,0.0326
CMBL,0.2063945,0.0221,0.0326
LRRC8B,-0.2585523,0.0222,0.0326
SCG3,-0.2909675,0.0059,0.0327
SCARNA23,-0.2109614,0.0222,0.0327
OR2G2,-0.2150364,0.0222,0.0327
PCAT6///MGAT4EP,-1.5346605,0.00055,0.032719
SCLY,-1.0032247,0.000556,0.032731
OR4N5,0.1544941,0.0223,0.0328
CDHR1,0.1742795,0.0223,0.0328
OR6K2,0.2073864,0.0223,0.0328
FLII,0.2340675,0.00592,0.0328
FAM206A,-0.14361108,0.0196,0.0328
LINC00880,-0.1382175,0.00595,0.0329
ART1,0.203585,0.0224,0.0329
SDF4,0.2029414,0.0225,0.033
C19ORF70,0.2248227,0.0225,0.033
WNT16,0.167695,0.0225,0.033
C4ORF32,0.166125,0.0225,0.033
NPFFR2,-0.19384,0.00599,0.0331
GRAPL,0.1738775,0.00602,0.0332
ACTR5,-0.1898623,0.0226,0.0332
ASAP2,1.6115943,0.000587,0.033298
COX14,0.2174564,0.0227,0.0333
KRTDAP,0.1857609,0.0227,0.0333
SAPCD2,-0.3570725,0.00604,0.0333
DSG1,0.1725023,0.0227,0.0333
KLRC4-KLRK1,0.22160833,0.0199,0.0333
SCAND2P,-0.11960803,0.0199,0.0334
IGSF1,-0.22116,0.00607,0.0334
RCAN1,-0.6815275,0.00607,0.0334
OVGP1,-0.1512832,0.0228,0.0334
SLITRK4,0.10417557,0.0199,0.0334
LTB4R2,-0.3207125,0.00607,0.0334
FAM83G,0.1961364,0.0228,0.0335
SFRP5,-0.1528251,0.02,0.0335
HIST2H2AB,-1.3441341,0.000594,0.033538
METTL6,0.1686277,0.0229,0.0336
WDR45B,0.1708636,0.0229,0.0336
MIR99B,0.1981373,0.0229,0.0336
INHBA,-0.8972375,0.00612,0.0336
BREA2,0.1385477,0.0229,0.0336
FBXO31,0.2056777,0.0229,0.0336
CARMIL2,0.2034732,0.023,0.0337
PNPLA5,0.1851114,0.0231,0.0338
SEPT5,-0.17537,0.00617,0.0338
UBE2J1,-0.45847,0.00618,0.0339
PVT1,-0.261845,0.00618,0.0339
CYYR1,0.158036,0.0202,0.0339
PIWIL1,0.1442177,0.0231,0.0339
WNT9B,0.1617875,0.00622,0.034
LOC102724238///LOC100126582///FGF7P3///LOC403323///FGF7P6,0.2306918,0.0232,0.034
SNX5,-1.2951855,0.000613,0.034023
PHF24,-0.17802,0.00624,0.0341
P2RX7,0.17855829,0.0205,0.0342
ULK4P1,0.289605,0.00626,0.0342
ZNF511,0.1809425,0.00625,0.0342
LOC285097,-0.4032518,0.0234,0.0343
PCK1,0.15288055,0.0205,0.0343
TULP4,-0.11867296,0.0206,0.0344
ANKRD23,-0.3541675,0.00631,0.0344
NRXN1,0.1520775,0.0063,0.0344
LCAT,0.333245,0.0063,0.0344
TBX18,-0.21018,0.0063,0.0344
LINC01206,-1.2659163,0.000622,0.034409
BCDIN3D,-0.1565827,0.0236,0.0345
LINC00173,0.1735582,0.0236,0.0345
TEX11,-0.1463825,0.00635,0.0346
FAM99A,0.13594334,0.0207,0.0346
OR9I1,0.2012305,0.0236,0.0346
PSMB4,0.2440891,0.0237,0.0347
OTX1,0.1905568,0.0237,0.0347
MIR133A1HG///MIR1-2,-0.1727573,0.0237,0.0347
POLE4,0.2167836,0.0237,0.0347
SLC28A2,0.1718841,0.0237,0.0347
IFIT1B,0.2858845,0.0237,0.0347
CISD3,0.2200325,0.00641,0.0348
WBSCR28,0.1917118,0.0238,0.0348
PYDC2,0.1674336,0.0238,0.0348
MCM7,-0.223715,0.0238,0.0348
SCGB1D4,0.1579168,0.0238,0.0349
HOXB1,0.211575,0.0238,0.0349
LOC102725104///ANKRD20A12P///ANKRD20A8P///ANKRD20A5P,-0.4491577,0.0239,0.0349
PSMB7,0.13354,0.00642,0.0349
HIST1H2BA,0.1701977,0.024,0.035
PSG3,0.2772764,0.024,0.035
LINC00612,0.1684486,0.0239,0.035
ACYP2,0.2030482,0.0239,0.035
SDHAF4,-0.11774625,0.021,0.035
NECAB2,0.1450114,0.024,0.0351
SNORD115-24///SNORD115-44///SNORD115-43///SNORD115-42///SNORD115-41///SNORD115-40///SNORD115-39///SNORD115-38///SNORD115-36///SNORD115-34///SNORD115-31///SNORD115-29///SNORD115-26///SNORD115-25///SNORD115-22///SNORD115-21///SNORD115-20///SNORD115-19///SNORD115-18///SNORD115-17///SNORD115-16///SNORD115-15///SNORD115-14///SNORD115-13///SNORD115-12///SNORD115-11///SNORD115-10///SNORD115-9///SNORD115-8///SNORD115-7///SNORD115-6///SNORD115-5///SNORD115-4///SNORD115-3///SNORD115-1///SNRPN,-0.35003219,0.021,0.0351
FMNL3,0.2249914,0.024,0.0351
PRKCI,-0.3005218,0.024,0.0351
FABP3,-1.2416627,0.000644,0.035187
TNFAIP6,-0.9965125,0.00649,0.0352
ADM2,0.1561795,0.0241,0.0352
HGD,-0.2200836,0.0241,0.0352
CAMKK1,-0.1366775,0.00652,0.0353
ZFYVE26,-0.2239273,0.0242,0.0353
ADAP2,-1.3572152,0.00065,0.035319
FAM205BP,0.10758032,0.0212,0.0354
PALM2-AKAP2,0.36625,0.00654,0.0354
SLAMF6,-0.431195,0.0244,0.0355
PLK5,0.1636164,0.0243,0.0355
LOC101926913,0.2770375,0.00658,0.0355
B4GALNT4,-0.2727575,0.00658,0.0355
INHBA///INHBA,0.3613532,0.0243,0.0355
LINC01002,0.41892,0.00659,0.0356
FOXD1,-0.2968975,0.00659,0.0356
MDGA2,0.183465,0.0244,0.0356
EPHA2,-0.16117511,0.0214,0.0356
LOC284379,0.2003564,0.0245,0.0357
OR1E2,0.1946386,0.0244,0.0357
ARFRP1,0.1555391,0.0245,0.0357
CAPN9,0.19557312,0.0216,0.0358
MNX1-AS1,-0.3049775,0.00664,0.0358
PNMAL1,-0.830625,0.00664,0.0358
RUNX1-IT1,-1.4946784,0.000669,0.035886
NLRP10,0.1895014,0.0247,0.036
GYS2,0.1314825,0.00671,0.036
CASR,-1.3048792,0.000674,0.036005
PRKAG2-AS1,-1.1323845,0.000678,0.036057
RAD52,-1.2358734,0.000685,0.036093
SNORD115-42///SNORD115-30///SNORD115-10///SNORD115-7///SNORD115-6,-0.1996982,0.0248,0.0361
PROKR1,-0.307895,0.00676,0.0362
OR10J1,0.1604064,0.0248,0.0362
APITD1-CORT///APITD1///CORT,-0.2098468,0.0249,0.0362
LINC01561,0.199455,0.0249,0.0362
CCDC88B,0.14525,0.0249,0.0363
C11ORF53,0.1901705,0.0249,0.0363
KU-MEL-3,0.2025545,0.025,0.0364
SPANXB1,0.156235,0.025,0.0364
BCRP2,0.28364,0.0068,0.0364
GAD1,-0.2808425,0.00684,0.0365
LOC114224,0.3939875,0.00684,0.0365
LOC100129924,0.2045027,0.025,0.0365
SYTL5,-0.417745,0.025,0.0365
OR1D2,0.2835327,0.0251,0.0365
C11ORF31,-0.1487725,0.00682,0.0365
RAB33B,1.7701811,0.0007,0.036526
IER5,-0.1824132,0.0251,0.0366
CHCHD4,0.1664059,0.0252,0.0366
ACTR10,-0.14883,0.0252,0.0366
SURF6,0.2437275,0.00685,0.0366
OR5M10,0.12274842,0.0221,0.0367
GRK7,0.1687591,0.0252,0.0367
TRAPPC2B,-0.2743325,0.00691,0.0368
SMIM9,0.1489575,0.0069,0.0368
LINC01351,-0.157435,0.00691,0.0368
SYNRG,-0.2069936,0.0253,0.0368
BLOC1S5,-0.262855,0.00691,0.0369
GKN1,0.16207,0.0254,0.037
GPATCH3,0.178095,0.00695,0.037
TENM2,0.13558232,0.0225,0.0372
BRSK1,0.161015,0.0256,0.0372
KLC4,0.1243691,0.0256,0.0372
PKDREJ,0.1956055,0.0256,0.0372
C1ORF127,0.1930473,0.0257,0.0373
HBA2,-1.326445,0.00702,0.0373
TOPAZ1,0.2160195,0.0257,0.0373
CHN2,0.1722759,0.0257,0.0373
CNR2,-0.4355525,0.00704,0.0374
ZHX1-C8ORF76///ZHX1,-0.1978305,0.0258,0.0375
KIR2DS4,0.274905,0.00707,0.0375
MIR133B,0.1598314,0.0259,0.0376
RFX6,0.1368923,0.0259,0.0376
MIR924HG,-0.161905,0.00711,0.0377
ZNF275,0.1526575,0.00711,0.0377
TMEM59,-0.1470455,0.026,0.0377
RNASE12///RNASE11,0.1642191,0.026,0.0377
SNORA13,0.2743927,0.026,0.0377
FBXL17,-0.34907,0.00713,0.0378
ZP4,0.2326573,0.0261,0.0379
OR2T6,0.2494241,0.0262,0.038
ZBTB20-AS1,-0.22374,0.00719,0.038
UBE2C,0.1412268,0.0262,0.038
G6PC,0.1626427,0.0262,0.0381
TNAP,0.5706525,0.00724,0.0382
C2ORF15,-0.2998468,0.0264,0.0382
CASP14,0.1521436,0.0264,0.0382
LOC728392,-0.4601825,0.00723,0.0382
CCDC166,0.2030727,0.0263,0.0382
LOC642846///DDX12P///DDX11,-0.13228213,0.0232,0.0383
MS4A14,-2.1353689,0.000748,0.038316
LINC00649,-0.21046,0.0073,0.0384
LOC100129973,-0.1720425,0.00727,0.0384
SMPDL3B,-0.501735,0.0073,0.0385
SLC4A10,-0.1532425,0.0073,0.0385
CCR9,0.1702645,0.0266,0.0385
CLEC4C,0.2178214,0.0266,0.0385
ZNF516,-0.20377,0.00732,0.0386
SCOC,-0.12743856,0.0234,0.0386
KCNC2,0.1783491,0.0267,0.0387
LINC00900,-0.2983725,0.00739,0.0388
POTEF///POTEJ///POTEE,0.1424545,0.0268,0.0388
IGSF22,-0.2794475,0.00738,0.0388
HOXC9,-0.7813075,0.00738,0.0388
THAP2,-1.1969794,0.000774,0.038908
YBX1,0.1934475,0.00745,0.039
ARVCF,0.15903,0.027,0.039
FAM106CP,0.2080825,0.00747,0.0391
ABCC2,-1.4461546,0.000786,0.039151
LOC105376944,-0.20747,0.00749,0.0392
MIR451A,-0.1967241,0.0271,0.0392
ZNF333,0.1257005,0.0272,0.0393
USH1C,0.1532155,0.0273,0.0394
SPATA16,0.1525723,0.0273,0.0394
CHRNB4,0.2081473,0.0273,0.0395
SPRR4,0.12529326,0.024,0.0395
OS9,-0.1596118,0.0273,0.0395
HEPACAM,-0.3069425,0.00758,0.0396
CCDC110,-0.2122205,0.0275,0.0397
SCML4,0.1863273,0.0275,0.0397
YIPF7,0.2023882,0.0274,0.0397
ZNF428,-0.25331,0.00764,0.0398
JAKMIP3,-0.196455,0.00763,0.0398
TIMM22,0.224385,0.00766,0.0399
SLC17A2,0.1555205,0.0276,0.0399
ICOSLG,0.1757877,0.0276,0.0399
MMP27,0.1910114,0.0276,0.0399
PKD2L2,0.1281527,0.0276,0.0399
MPZL3,-0.39936,0.0077,0.04
ARGFX,0.2139259,0.0277,0.04
RPLP0P2,0.2112125,0.00768,0.04
TSPAN19,-3.3087837,0.000813,0.040084
TEX37,0.1449755,0.0278,0.0401
SLC7A3,-0.1857325,0.00773,0.0402
BPIFA2,0.1940159,0.0278,0.0402
GUCY2F,-1.5534628,0.000822,0.040277
UBAC2,0.1222577,0.0279,0.0403
GAPLINC,-0.4937275,0.00776,0.0403
SUSD1,-0.3963975,0.00779,0.0404
SEC11A,0.1851275,0.00779,0.0404
P4HA1,-0.272245,0.00779,0.0404
TMEM257,0.2517018,0.028,0.0404
SEC13,-0.1949159,0.028,0.0404
TUFM,0.2116325,0.0078,0.0404
TMUB2,0.1630595,0.0281,0.0405
ELAVL4,0.1962377,0.0281,0.0406
DLST,0.1613755,0.0281,0.0406
TECRL,-0.119335,0.00784,0.0406
CLRN2,0.2063695,0.0281,0.0406
LPAR1,-0.11148095,0.0248,0.0407
NR1H3,-0.1946232,0.0282,0.0407
SP3,-0.18412,0.00788,0.0408
SLC24A2,-0.210375,0.00791,0.0409
FAM74A1,-0.2175325,0.00791,0.0409
TMED6,1.9460757,0.000852,0.040967
SEC22A,-0.1771975,0.00795,0.041
FAM78B,-0.165375,0.00795,0.041
IFI44,-0.4069927,0.0284,0.041
NPY6R,0.1957809,0.0285,0.0411
PRO2949,-0.28745,0.0285,0.0411
TBC1D26,0.1693186,0.0285,0.0411
POMK,0.1362545,0.0286,0.0412
LINC00469,0.21519,0.0285,0.0412
SEMG2,0.177415,0.0286,0.0413
DANCR,-1.2804416,0.000864,0.041375
TTC23L,-1.483601,0.000865,0.041376
SLC26A8,0.2584586,0.0288,0.0414
MGAT4D,-0.1675282,0.0288,0.0414
ADO,-0.1755475,0.00807,0.0415
PIGH,0.2417525,0.00809,0.0415
OR5K3,0.169505,0.0288,0.0416
PKD1P6-NPIPP1,0.4077925,0.00811,0.0416
MIR302A,-0.1668814,0.0289,0.0416
P4HA2,0.23768,0.00811,0.0416
PROCA1,-0.26418,0.00811,0.0416
USP46-AS1,0.2573775,0.00811,0.0416
LINC00968,0.6019725,0.00815,0.0417
NEUROG3,-0.38353,0.00813,0.0417
ACSF3,0.132055,0.0291,0.0418
JRK,0.12057382,0.0255,0.0418
TIMP1,-0.780185,0.00817,0.0418
PSMB8,-0.3064477,0.029,0.0418
TCEAL3,0.1350682,0.0291,0.0419
KLK1,0.1777023,0.0291,0.0419
ASIC2,0.1453923,0.0293,0.0422
ZNF252P-AS1,0.1502568,0.0293,0.0422
LINC00346,-0.2711275,0.00828,0.0422
GPR89B,0.2002025,0.00829,0.0422
UGT2B15,-0.33662,0.00829,0.0422
NPIPB3,0.3214925,0.00832,0.0423
CROCCP2,0.1513691,0.0294,0.0423
GK2,0.1809468,0.0294,0.0423
MIR95,-0.4074773,0.0294,0.0423
CDC14A,-0.12562271,0.0259,0.0423
LOC105379252///FAM95B1,0.1729877,0.0295,0.0424
GPR21,0.13391,0.00835,0.0425
USP6,0.2989925,0.00836,0.0425
IFIT3,-0.4561914,0.0296,0.0425
FAM92A1,-0.3147775,0.00839,0.0426
ADAD1,-0.2283275,0.00837,0.0426
BBIP1,-0.2370525,0.0084,0.0426
ZCCHC24,0.1702795,0.0296,0.0426
DUSP6,1.3707584,0.000908,0.042634
PSEN2,-0.1667036,0.0297,0.0427
SLC17A9,-1.7600128,0.000917,0.042731
HIST1H2BH,-1.0831606,0.000914,0.042731
SLC22A18AS,-0.2559775,0.00844,0.0428
XRCC3,0.1666232,0.0299,0.0429
OR2B2,0.1688664,0.03,0.043
LOC400965,0.2012964,0.0299,0.043
RNF130,0.1168605,0.0299,0.043
SNORD54,0.1724687,0.0264,0.0431
ZNF585A,-0.2245364,0.03,0.0431
ZNF578,-0.5441891,0.03,0.0431
FAM138D,0.2143395,0.0301,0.0432
TBCEL,0.2428325,0.00854,0.0432
UGT2B17,-0.358695,0.0301,0.0432
FANCA,-0.3184325,0.00853,0.0432
MIR323B,0.2222259,0.0301,0.0433
TAB1,0.2190675,0.00856,0.0433
SLC38A10,0.1707682,0.0303,0.0434
C20ORF194,0.2547075,0.00859,0.0434
OR2A12,0.182385,0.0303,0.0434
RPS6,-0.1626864,0.0303,0.0434
SEC16A,0.2056625,0.00861,0.0435
VEGFB,0.2121032,0.0303,0.0435
MBL1P,0.529605,0.00864,0.0436
HAND2-AS1,0.1547175,0.00865,0.0436
CA14,0.1421486,0.0305,0.0437
CXCR2P1,0.4297475,0.00868,0.0438
NDP,-0.2170675,0.00869,0.0438
LOC105371374,0.23653,0.00869,0.0438
ENO3,0.1839432,0.0305,0.0438
ACTRT2,0.1923377,0.0306,0.0438
CDIP1,-0.22709,0.00871,0.0439
TRIM9,0.1513305,0.0306,0.0439
CYP7A1,0.1842014,0.0307,0.0439
CIDEC,0.3391455,0.0306,0.0439
LOC100508226,0.2838241,0.0307,0.0439
ZNF256,-0.2039345,0.0307,0.0439
CCPG1,-0.1462875,0.00876,0.044
MOG,0.1656973,0.0308,0.0441
PCBP1-AS1,0.367675,0.00877,0.0441
GS1-24F4.2,-0.215895,0.00879,0.0441
PFDN4,-0.2030125,0.00878,0.0441
ANAPC16,-0.2055514,0.0308,0.0441
RASL11B,-0.566595,0.0088,0.0442
LOC100131532,-0.16201,0.00882,0.0443
LINC01001,0.43268,0.00883,0.0443
LOC440311///GLTSCR2,0.1944968,0.0309,0.0443
OR5E1P,0.1635414,0.0309,0.0443
AMPH,-1.4808175,0.000975,0.044456
PRAME,0.170935,0.0311,0.0445
LINC00937,0.6263325,0.00888,0.0445
LOC284072,-0.2080575,0.00889,0.0445
LINC00265,0.3895775,0.00892,0.0446
ZC3H12B,-0.1615309,0.0311,0.0446
SMARCA4,0.1548636,0.0312,0.0446
HIST1H4B,0.2587105,0.0312,0.0446
FLVCR1-AS1,-1.4962044,0.000988,0.04464
TNK2-AS1,-0.1364625,0.00894,0.0447
WT1,-0.37304,0.00894,0.0447
TCL1B,-0.3806225,0.00894,0.0447
CRNN,0.1561914,0.0312,0.0447
LEP,-1.8829131,0.001,0.044974
PPIEL,0.1673441,0.0315,0.045
ATP10A,0.2706618,0.0315,0.045
CNTNAP4,0.1746536,0.0315,0.0451
LOC100128644,-0.1331932,0.0316,0.0452
LINC00638,0.1667327,0.0317,0.0453
DCHS2,0.1989205,0.0317,0.0453
LINC01572,0.121975,0.0091,0.0454
SNORA36C,0.2297432,0.0318,0.0454
LOC102723335,0.1163,0.00914,0.0455
DNAJC1,0.2609775,0.00913,0.0455
ALKBH3,0.2190925,0.00914,0.0455
ADCK1,0.1541955,0.032,0.0456
DBNDD2,0.2045575,0.0092,0.0457
MED10,-0.2121114,0.0321,0.0458
RNF183,-0.3912975,0.00923,0.0458
SIAH2,0.1632714,0.0321,0.0458
OR6Y1,0.1606409,0.0321,0.0458
KRT76,0.1631636,0.0321,0.0458
SNORA30,0.2353064,0.0321,0.0459
OTC,0.2980025,0.00923,0.0459
DYNLT1,-0.2717675,0.00923,0.0459
GJB5,-0.591425,0.00927,0.046
B4GALT1-AS1,0.1419025,0.00931,0.046
TRIM49C///TRIM49B///TRIM49,-0.2845623,0.0322,0.046
MX1,-0.4882575,0.00927,0.046
FRRS1L,0.1767714,0.0322,0.046
FAM151A,0.1685714,0.0324,0.0462
ANKRD30BL,-0.1965036,0.0324,0.0462
LOC51145,0.1649014,0.0324,0.0462
CEND1,0.19064,0.0324,0.0462
PDE8A,-0.2219818,0.0324,0.0463
BCL10,-0.2236425,0.00936,0.0463
PDXDC1,-0.2007575,0.00937,0.0463
C12ORF42,-0.2645125,0.00942,0.0464
GTF2IRD2,0.2635675,0.00941,0.0464
LOC729732,0.3439125,0.0094,0.0464
TMPRSS15,-0.2466175,0.00941,0.0464
PDHX,-0.1409259,0.0326,0.0465
LOC100288675,-0.121065,0.00944,0.0465
STIP1,-0.2052214,0.0327,0.0466
NXPE2,0.1705732,0.0327,0.0466
SLC27A6,0.1679532,0.0327,0.0466
COASY,0.2156625,0.00949,0.0467
CIRBP,0.1150839,0.0288,0.0467
DLGAP2,0.14641,0.0328,0.0467
KCNJ15,0.3751382,0.0327,0.0467
UNC13C,-0.13287,0.0095,0.0467
ADCY3,0.12170159,0.0289,0.0468
TRIM69,-0.236875,0.00953,0.0468
PINX1,0.2023505,0.0329,0.0469
MYRIP,-0.12227119,0.029,0.0469
INO80,-0.1838041,0.0329,0.0469
OR14A16,0.2125605,0.033,0.047
SLC10A5,0.3193345,0.0331,0.0471
DMRTC1B///FAM226B///FAM226A///DMRTC1,0.1053205,0.0292,0.0472
SLPI,0.76401,0.00962,0.0472
SLC8A3,0.1684464,0.0332,0.0473
PRR34,0.2151791,0.0333,0.0474
BIRC5,0.1780041,0.0333,0.0474
ITIH6,0.2114505,0.0334,0.0476
PCDHB9,0.2088745,0.0335,0.0476
NUDT1,0.1854605,0.0334,0.0476
WDR64,-0.191895,0.00973,0.0476
COQ5,0.1755291,0.0336,0.0477
DUBR,0.2948875,0.00976,0.0477
NDUFB2-AS1,0.440835,0.00977,0.0477
SMIM3,0.4956975,0.00981,0.0479
TPM3///ROS1///NTRK1,-0.1481364,0.0337,0.0479
ADM5,-0.4315975,0.00982,0.0479
ZNF670-ZNF695///ZNF695,0.1486468,0.0337,0.0479
COL18A1-AS1,0.1576059,0.0338,0.048
TXNDC17,-0.376005,0.00986,0.048
PDZK1,-0.2297125,0.00985,0.048
KLB,1.6578395,0.00111,0.048002
SPATA31D1,0.1646864,0.0338,0.0481
LCE2C,0.3316595,0.0338,0.0481
EVPLL,0.4892925,0.00992,0.0482
PDGFRB///PDGFRB,0.17680666,0.0299,0.0482
SMURF1,0.1873732,0.0339,0.0482
BNIPL,0.4071664,0.0339,0.0482
SMCO2,-1.2112119,0.00112,0.048311
TGFBR3L,-0.18533,0.00997,0.0484
TBATA,-0.1378675,0.00998,0.0484
TMEM191A,0.2018136,0.0341,0.0484
LOC730183,0.32065,0.00998,0.0484
MRPL32,-0.1961136,0.0341,0.0484
RAB39A,0.1036368,0.03,0.0484
QSOX2,0.1482759,0.0341,0.0485
LIMS1,-1.2707056,0.00114,0.048581
CST9,0.1549323,0.0342,0.0486
PANK3,-1.1685642,0.00114,0.04869
SLC2A14,0.2889559,0.0343,0.0487
LMO3,-0.2904973,0.0343,0.0487
CAMKMT,0.14708,0.01,0.0487
DYRK1A,1.0288704,0.00115,0.048706
TDH,0.1149582,0.0344,0.0489
MRPS6,-0.2540825,0.0101,0.0489
B3GALT5-AS1,-0.2803,0.0101,0.0489
CRABP1,-0.2653975,0.0101,0.0489
RAB40A,-0.1912868,0.0344,0.0489
LETM2,-0.14705,0.0101,0.049
ZNF213,0.1369714,0.0345,0.049
LOC100996763///NOTCH2NL///NOTCH2,0.1482591,0.0346,0.0491
ANKS1B,0.1828368,0.0346,0.0491
ANKHD1,0.296075,0.0102,0.0491
ZNF416,-0.21811,0.0102,0.0491
VAPA,-0.1636732,0.0346,0.0491
OR52E8,0.2098668,0.0347,0.0492
ABCB11,-0.1815186,0.0348,0.0493
MAT1A,-1.6797098,0.00117,0.049301
COPS6,0.1565127,0.0348,0.0494
SLC26A5,-0.2811086,0.0349,0.0495
GDF2,0.1710618,0.0349,0.0495
OR7E24,0.1738345,0.0349,0.0495
FEM1B,-0.1124455,0.035,0.0496
C17ORF47,0.173395,0.035,0.0496
MSS51,-0.1540991,0.035,0.0496
EWSAT1,0.1543545,0.035,0.0496
SGCZ,0.181675,0.035,0.0496
LOC440867,0.1535605,0.0351,0.0497
KRTAP19-1,0.1834218,0.0351,0.0497
TAS2R40,0.1811082,0.0351,0.0498
ART3,0.2008109,0.0352,0.0498
RPS9,0.3508955,0.0352,0.0498
CNOT11,-0.1364325,0.0103,0.0498
CYP4F30P,-0.16939,0.0104,0.0499
OR4A16,0.1285645,0.0352,0.0499
SRY,0.1746727,0.0353,0.05
FAM47E-STBD1///STBD1,-0.2131909,0.0353,0.05
CFHR5,0.1875791,0.0353,0.05
HEIH,0.2883425,0.0104,0.0502
TPTE2,-0.14178746,0.0312,0.0502
FAM27E5,0.1853673,0.0355,0.0502
LSAMP,-0.2722114,0.0354,0.0502
PDE1C,0.1903075,0.0105,0.0503
MYOC,1.1042725,0.0105,0.0503
USP49,-0.28339,0.0105,0.0503
MORC1,0.1566632,0.0355,0.0503
OGFRL1,-0.320615,0.0105,0.0505
RARA-AS1,0.328355,0.0105,0.0505
MYH15,-0.1301114,0.0357,0.0505
SNORD116-12,0.2268518,0.0357,0.0505
FBXW11,-0.1547714,0.0358,0.0506
MAGEA10,-0.193875,0.0106,0.0507
PLEK,-0.4120545,0.0359,0.0507
ANTXRL,0.1940795,0.0359,0.0508
SS18L2,-0.16515,0.0106,0.0508
MIR149,-0.2126991,0.036,0.0509
GCNT7,0.1671777,0.036,0.0509
C1ORF94,0.1680536,0.036,0.0509
LIMK2,0.1579277,0.0361,0.051
BMP8A,-0.10791782,0.0318,0.051
SNHG16///SNORD1C///SNHG16,0.14229784,0.0317,0.051
CCDC148-AS1,-0.1519125,0.0107,0.0511
IL21,0.1716468,0.0361,0.0511
TTR,-1.170935,0.0107,0.0512
WDCP,-0.2202509,0.0363,0.0512
RPSAP52,-0.1668182,0.0363,0.0513
LOC642316,0.2004168,0.0363,0.0513
ADIPOQ,-0.5840136,0.0363,0.0513
H2BC13,-1.1696803,0.00124,0.05131
TP53TG3,-0.1458725,0.0108,0.0514
LOC728323///FBXO25,-0.1510914,0.0364,0.0514
SFT2D3,0.29893,0.0108,0.0514
LOC100506472///TAB1,0.1281959,0.0365,0.0515
TMEM31,0.1823023,0.0364,0.0515
OR52K1,0.2174805,0.0365,0.0515
RASAL2,-0.2603895,0.0365,0.0516
PF4,0.6689875,0.0109,0.0517
TCP11L1,-1.0420283,0.00126,0.051762
LINC00944,-0.2728925,0.0109,0.0518
CALM3,-0.35156,0.0109,0.0518
ASB9,1.189045,0.00128,0.051975
LILRB4,-0.21218157,0.0325,0.052
SORBS1,0.407255,0.0109,0.052
SPDYE3,0.3021945,0.0369,0.052
LDHC,-0.1404901,0.0325,0.052
LOC440742,0.2063305,0.0369,0.0521
CCL14,-0.79176,0.011,0.0521
LOC100131508,-0.143835,0.011,0.0521
OR2A20P,0.11764,0.011,0.0521
LOC728743,-0.29377,0.011,0.0521
CBWD5,-0.153935,0.011,0.0522
TBC1D7,-0.2442525,0.011,0.0522
SULT6B1,-0.1665736,0.037,0.0522
MBD3L1,0.1276775,0.011,0.0523
IGF2BP3,-0.290745,0.0111,0.0524
TNRC6A,0.275355,0.0111,0.0524
SLC9A3,0.2165564,0.0372,0.0525
OR7D4,0.185455,0.0372,0.0525
ASZ1,-0.1410705,0.0372,0.0525
C14ORF159,0.20282,0.0111,0.0525
ITIH4,0.2018986,0.0373,0.0526
ARSF,0.1489264,0.0373,0.0526
KRTAP7-1,0.2116009,0.0373,0.0526
MIR135A2,-0.1674495,0.0374,0.0527
C7ORF72,0.1575391,0.0374,0.0527
DRAM2,-0.22212,0.0111,0.0527
PRKAR2A,0.12583,0.0112,0.0528
S100A7,0.2253195,0.0374,0.0528
SIX3,0.1438009,0.0375,0.0528
OR2T35///OR2T2,0.1575709,0.0375,0.0529
ISL1,0.1587309,0.0375,0.0529
RPS2P47,0.192215,0.0113,0.0532
MIA-RAB4B///MIA,0.1816395,0.0378,0.0533
RRAGA,0.1693075,0.0113,0.0534
OR8H2,0.1660559,0.0379,0.0534
MCM3AP-AS1,0.3286125,0.0114,0.0536
LPAL2,0.1932005,0.0381,0.0536
LOC101927178,0.1527,0.0114,0.0537
CCNT1,-0.215455,0.0114,0.0537
LIG1,-0.26033,0.0114,0.0537
HERC2P2,0.4744975,0.0114,0.0537
ARV1,0.2975675,0.0114,0.0537
C9ORF40,-1.2025081,0.00134,0.053705
LINC01279,-0.2471375,0.0114,0.0538
CDC14C,-0.1652675,0.0115,0.054
TRIML1,0.1505791,0.0384,0.054
RPL23AP53///RPL23AP87///RPL23AP82///RPL23AP7,0.1417405,0.0384,0.054
FOXD4,0.277535,0.0116,0.0541
HBA1,-1.0456325,0.0116,0.0543
ARHGEF6,0.14762332,0.034,0.0543
TMEM132B,-0.197485,0.0116,0.0543
F13B,0.1102386,0.0386,0.0543
TREX1,0.2681525,0.0116,0.0544
LOC645188,-0.3647386,0.0387,0.0544
TMEM132C,-0.2262791,0.0388,0.0545
DCST2,0.179005,0.0387,0.0545
EXOSC10,0.1699536,0.0388,0.0545
SIN3A,-0.123195,0.0388,0.0546
SNORD115-25,-0.21214928,0.0344,0.0548
LIPK,-0.2783605,0.039,0.0548
EGLN1,0.1142668,0.039,0.0549
IQCE,0.1550941,0.0391,0.0549
ATP2B4,-0.1069907,0.0344,0.0549
SYNJ2BP,0.193195,0.0118,0.055
KCNA2,-0.1727825,0.0118,0.055
STRC,-0.2107375,0.0118,0.055
ACTBL2,-0.6403725,0.0118,0.055
FOXM1,-0.11299172,0.0345,0.055
ELAC2,0.22652,0.0119,0.0552
MYL2,0.4697191,0.0393,0.0552
ZFP57,0.3084455,0.0394,0.0553
EMC6,-0.1829991,0.0394,0.0553
LOC105370612,-0.1263,0.0119,0.0553
ZNF281,-0.1565736,0.0393,0.0553
NPIPB9,0.312475,0.0119,0.0554
PEX11G,0.1859268,0.0395,0.0555
CDH12,0.1609518,0.0396,0.0556
APBA2,-0.21147,0.012,0.0557
OR5AN1,-0.1649291,0.0398,0.0558
LOC101926933///LIMD1-AS1,-0.2202395,0.0398,0.0558
MT1L,0.91247,0.0121,0.0559
LOC100240734,-0.2117475,0.012,0.0559
CLPB,0.23862,0.012,0.0559
FABP5,0.518665,0.0121,0.056
PRRT3,-0.48944,0.0121,0.056
DTD1,0.161145,0.0121,0.056
BMS1P21,-0.223225,0.0399,0.056
IPO5P1,0.299225,0.0121,0.056
ORC1,-0.231215,0.0121,0.0561
XRRA1,-0.19793279,0.0352,0.0561
COL25A1,-0.2042464,0.04,0.0561
RND2,0.1930905,0.04,0.0561
NUDT9P1,-0.1706395,0.04,0.0562
SLC22A7,0.1343727,0.0401,0.0562
FGF2,-0.2194773,0.0402,0.0563
ATP4B,0.1400845,0.0401,0.0563
TRIM27,-0.1876625,0.0122,0.0564
IVL,-0.5756125,0.0122,0.0564
NUTM2A-AS1,-1.2645141,0.00146,0.05646
C1QTNF9,0.12161158,0.0356,0.0565
MKRN3,-0.1723875,0.0122,0.0565
SUSD5,0.1602268,0.0404,0.0566
RBMXL2,0.1280018,0.0404,0.0566
SLC22A13,0.1291586,0.0404,0.0566
E2F2,-1.4676869,0.00147,0.0568
CKMT1A,-1.8641898,0.00148,0.0568
MAGED2,-0.10170192,0.0359,0.0569
DNLZ,-0.3565325,0.0123,0.0569
DMRT2,0.1492577,0.0406,0.0569
JAZF1,-0.1625682,0.0406,0.0569
SOX9,0.1449982,0.0406,0.0569
OR2H2,0.1752573,0.0407,0.057
GNA12,-0.225525,0.0124,0.057
PRSS42,-0.9199178,0.00149,0.057065
SEMA4D,0.1869241,0.0408,0.0571
LINC01521,0.1562768,0.0408,0.0571
TG,-1.0850694,0.0015,0.057101
RBM12///CPNE1,0.1189082,0.0409,0.0572
SKIDA1///SKIDA1///LOC219688,0.1477645,0.0409,0.0572
RNU5D-1,-0.7346664,0.0409,0.0573
KRT72,1.885647,0.00151,0.057343
TMBIM4///TMBIM4,0.09688467,0.0363,0.0575
TPRG1L,0.1390959,0.0412,0.0576
ANKDD1A,-0.23733,0.0125,0.0576
XIRP2,0.1634636,0.0411,0.0576
MIR9-3,-0.2296405,0.0412,0.0576
CLPSL2,0.1319086,0.0412,0.0576
OR7E47P,0.476665,0.0125,0.0576
PNLDC1,-1.7318213,0.00152,0.057624
DRD5,-0.1227675,0.0125,0.0577
STRCP1///STRC,0.1307977,0.0413,0.0577
C21ORF62,0.1829855,0.0413,0.0577
PLPP4,-0.316565,0.0126,0.0578
GJB1,1.6390347,0.00153,0.057873
C3ORF62,0.10467068,0.0366,0.0579
DEFB114,-0.1610736,0.0414,0.0579
HAP1,0.1394923,0.0414,0.0579
SMARCC2,0.238815,0.0126,0.0579
KLHL23,0.3072575,0.0126,0.0579
APOL6,-0.4397975,0.0127,0.0581
RPS4Y2,-0.2588764,0.0416,0.0582
ASB10,0.1379891,0.0417,0.0582
LOC100129935,-0.135035,0.0127,0.0582
EHMT2,0.18144,0.0127,0.0583
MAGEC1,-0.1937375,0.0127,0.0583
ATG10,-0.11421179,0.0369,0.0584
KRTAP10-12,0.2094132,0.0418,0.0584
RAPGEFL1///RAPGEFL1,0.2630695,0.0419,0.0585
ABT1,-0.236895,0.0128,0.0585
FKBP15,-0.1803123,0.042,0.0586
AQP1,0.3998425,0.0128,0.0586
FAM27E2///FAM27E3,0.2584695,0.0419,0.0586
LOC100129785,-0.1278395,0.042,0.0587
SPTSSB,0.1622141,0.042,0.0587
KRT32,0.1717373,0.0421,0.0588
ADH6,-0.1594525,0.0129,0.0588
IAPP,0.1720727,0.0421,0.0588
HLA-DRA,-0.3267175,0.0129,0.0589
HIGD2B,0.1250064,0.0422,0.0589
NFYC-AS1,0.1300709,0.0423,0.0591
OR4C15,-0.106675,0.013,0.0591
COA4,0.1362209,0.0424,0.0592
PARK7,0.1283045,0.0424,0.0592
BAG4,-0.1324177,0.0424,0.0592
MIR146A,-0.2290714,0.0425,0.0593
HIST1H2AA,0.2138441,0.0425,0.0593
OR11H12///OR11H1,0.11090813,0.0375,0.0593
ARHGAP25,0.12916752,0.0375,0.0594
ROPN1,-0.1049675,0.013,0.0594
ASF1A,0.2791975,0.0131,0.0594
ERC2-IT1,-0.21869,0.0131,0.0595
CLCN1,0.1836573,0.0427,0.0596
RBMXL3,0.2031773,0.0427,0.0596
MIR185,0.1477255,0.0427,0.0596
SULT1C3,0.1609532,0.0428,0.0597
BAG1,0.11668494,0.0378,0.0597
BIRC7,-0.2365925,0.0131,0.0597
RHBDD1,-0.2622225,0.0131,0.0597
PDE11A,-0.1779325,0.0131,0.0597
NKX1-2,0.2066105,0.0429,0.0599
INAFM1,-0.3169625,0.0132,0.0599
GJC1,-0.2655132,0.043,0.06
FRMD7,0.1781155,0.043,0.06
SLC18A1,0.1406036,0.043,0.06
CYP21A1P///CYP21A2,0.1537973,0.043,0.06
PSG1,0.2365391,0.043,0.06
DDX25,-0.1445027,0.0431,0.0601
MIRLET7F2,-0.1590595,0.0432,0.0602
LOC105371920,-1.2289753,0.00163,0.060309
FAM222A-AS1,0.1419291,0.0434,0.0604
TXNDC17///TXNDC17,-0.1772136,0.0434,0.0605
NLRP8,0.1613064,0.0435,0.0606
SDHAF1,0.207105,0.0134,0.0606
OR2T8,-0.2867705,0.0436,0.0607
RDH16,-0.1937475,0.0134,0.0607
PYCRL,-0.21595,0.0135,0.0608
ACP5,0.2730655,0.0436,0.0608
ZIC4,0.1451505,0.0436,0.0608
FDXACB1,0.161545,0.0135,0.061
KRTAP5-AS1,0.2216145,0.0438,0.061
ASIC5,0.1543086,0.0438,0.061
NEB,-1.3658218,0.00168,0.061172
RFTN1,0.1554532,0.0439,0.0612
PLEKHH2,0.6110975,0.0136,0.0612
LYZL2,0.3127409,0.0441,0.0613
ANK3,0.1364,0.0137,0.0614
C1RL-AS1,-0.1632386,0.0441,0.0614
ASCL5,0.1684436,0.0441,0.0614
MEIOB,-0.3195075,0.0137,0.0615
FAM192A,0.220425,0.0137,0.0616
MYBPC1,0.12185,0.0137,0.0616
EPC1,-0.176155,0.0137,0.0616
LOC254896///TNFRSF10C,0.08655104,0.0391,0.0617
CNKSR2,0.2427764,0.0444,0.0617
OR4K15,-0.1959668,0.0444,0.0618
SPRR2D,-0.5714825,0.0138,0.0618
LOC100130193,-0.1385625,0.0138,0.0618
CAPG,-0.3174186,0.0446,0.062
SLC7A10,0.1541386,0.0446,0.062
DDX41,-0.1961727,0.0446,0.0621
ZNF207,-0.1337314,0.0447,0.0622
ACTL8,0.1749055,0.0447,0.0622
GUSBP4,-0.3108725,0.0139,0.0623
OR52D1,0.1513564,0.0448,0.0623
KRT9,0.1482909,0.0449,0.0624
TMEM75,0.1846777,0.0449,0.0624
GPBP1L1,-0.1322064,0.0449,0.0624
LOC728392///NLRP1,0.1601086,0.0449,0.0624
KRT12,0.1384868,0.045,0.0625
ERCC6,-0.1649225,0.014,0.0626
C1ORF52,0.1575625,0.014,0.0626
GSTA5,-1.465625,0.014,0.0627
C9ORF170,0.1436936,0.0452,0.0627
S100A5,0.1802805,0.0452,0.0628
HAS1,0.17336064,0.0399,0.0628
HJURP,-1.8719726,0.0018,0.062878
LOC101928837,-0.3417425,0.0141,0.0629
USP6NL,-0.166865,0.0141,0.0629
LOC653653///AP1S2,-0.1589332,0.0453,0.0629
NUP98,0.1958409,0.0454,0.063
SCARNA16,0.1513682,0.0454,0.0631
MAMDC2,0.22535024,0.0402,0.0632
CLRN1,0.1403795,0.0455,0.0632
KRT222,-0.1751495,0.0455,0.0632
STX1B,0.1763641,0.0457,0.0634
PSG4,0.1708295,0.0457,0.0634
UGT3A2,0.1364623,0.0458,0.0635
OR56A4,0.2306936,0.0458,0.0635
FAM64A,-1.6945136,0.00183,0.063567
GABRB1///GABRB1,-0.1363391,0.0458,0.0636
VRTN,-0.1962775,0.0143,0.0637
CNTN5,-1.0880397,0.00185,0.063885
CXORF66,0.1681168,0.0461,0.0639
LINC00529,0.1493427,0.0461,0.0639
CALN1,0.1542259,0.0462,0.064
CTNNA2,0.11304,0.0145,0.064
GSTP1,0.279485,0.0145,0.064
LOC105374952,-0.3654625,0.0145,0.064
OR2S2,0.1422686,0.0462,0.0641
CDX4,0.1758932,0.0462,0.0641
SNF8,0.1570725,0.0145,0.0641
LRIT1,0.1440109,0.0463,0.0642
COPG2,-0.2418975,0.0145,0.0642
KRTAP2-4,-0.19151,0.0145,0.0642
TMEM215,0.1341286,0.0464,0.0643
GLIS3-AS1,0.2015527,0.0464,0.0643
OR7C1,0.1637832,0.0466,0.0645
TIGD6,-0.1827473,0.0466,0.0645
CAMK1G,0.2017191,0.0466,0.0645
TMC1,-0.1091309,0.0465,0.0645
MCM5,-0.1657077,0.0466,0.0646
ATP8A2,0.5572725,0.0146,0.0646
TMED1,-0.21803,0.0147,0.0647
TNNI2,-0.5994825,0.0147,0.0648
TNRC6C,0.1360655,0.0468,0.0648
GH2,0.1888941,0.0469,0.0649
HOMEZ,0.1885,0.0147,0.0649
STAT3,0.17716,0.0147,0.0649
LINC00675,-0.16862,0.0147,0.0649
RGPD2,-0.8237875,0.0147,0.0649
SRRD,0.1507891,0.0469,0.0649
OAZ2,-0.18135,0.0148,0.065
SNORD115-24,-0.1860741,0.047,0.065
KRTAP20-1,-0.1835,0.0471,0.0651
HSP90AB5P,0.1449245,0.047,0.0651
CLEC12B,0.31421,0.0148,0.0652
C1ORF61,-0.1291975,0.0149,0.0653
MIR30C1,-0.1750355,0.0473,0.0654
LOC389906,-0.2953225,0.0149,0.0654
OR7E13P,0.2556568,0.0474,0.0655
PDPR,0.2320686,0.0474,0.0655
MCF2L-AS1,0.40717,0.015,0.0656
KLHL30-AS1,0.1833795,0.0476,0.0658
CDCA5,-1.4561801,0.00194,0.06597
FAF2,0.129465,0.0151,0.066
HMGB4,0.1225305,0.0478,0.066
LOC285957,-0.238,0.0151,0.0661
RBMY1J///RBMY1E///RBMY1D///RBMY1B///RBMY1F///RBMY2EP///RBMY1A1,-0.425165,0.0479,0.0661
TEP1,-1.2449841,0.00195,0.066166
LOC284244,-1.1964484,0.00195,0.066184
TGIF2LY///TGIF2LX,0.1261414,0.0479,0.0662
NUS1,-0.17866,0.0152,0.0662
RPL23P8,-0.1904873,0.0479,0.0662
UGT2A2///UGT2A1,-0.2249291,0.048,0.0663
CRLF2///CRLF2,0.3727932,0.048,0.0663
COL9A3,0.1747645,0.0482,0.0665
TRDN,-0.1858136,0.0482,0.0665
ZNF556,0.1593355,0.0483,0.0666
OR52E6,0.1681882,0.0483,0.0666
LOC148696,0.11262545,0.0427,0.0667
PITX3,0.1456159,0.0483,0.0667
CDY1B///CDY2B///CDY2A///CDY1,-0.1414832,0.0483,0.0667
PTH2R,0.1786573,0.0483,0.0667
DYRK3,-0.10623247,0.0427,0.0668
FAM83F,-0.492625,0.0153,0.0668
HNRNPA3,-0.185695,0.0154,0.0669
CKLF,-0.3097175,0.0153,0.0669
LSR,0.2228241,0.0485,0.067
HLA-DQA2,1.8648807,0.00201,0.067037
TMEM200C,0.1274225,0.0154,0.0672
UBE2G2,0.1125709,0.0487,0.0672
OR2M2,0.1155675,0.0155,0.0674
PEX11A,0.2943725,0.0155,0.0674
LOC399815,-0.1553375,0.0155,0.0674
NPTX2,-2.5085321,0.00203,0.067421
EPSTI1,1.2965618,0.00204,0.067486
PTGES3L-AARSD1,-0.20931,0.0155,0.0675
ADAM21P1///ADAM21,0.2006905,0.049,0.0676
KPNA6,0.18108,0.0156,0.0677
LOC105379239,0.215025,0.0156,0.0677
OR52E2,0.1636286,0.0492,0.0678
GIT2,0.1859995,0.0492,0.0678
KCNJ10,0.1747673,0.0492,0.0678
POM121,0.209035,0.0156,0.0678
HTR1B,0.1726282,0.0493,0.0679
SEPT5-GP1BB,0.19786526,0.0435,0.0679
TMEM27,-0.2801618,0.0493,0.068
C2ORF78,0.1892755,0.0494,0.0681
C9ORF135-AS1,-0.306905,0.0158,0.0682
FAM24A,0.163115,0.0495,0.0682
IRGC,0.1074725,0.0157,0.0682
ANKRD44,-0.2480595,0.0495,0.0683
CHFR,-0.1227141,0.0496,0.0683
RAB41,0.1561914,0.0496,0.0683
PEG10,0.23715494,0.0438,0.0683
ANAPC7,-0.1132727,0.0496,0.0684
OR52N5,-0.5146882,0.0497,0.0684
EDC3,-0.1216723,0.0497,0.0685
MRM3,0.12806,0.0158,0.0685
GABRR1,0.1338477,0.0497,0.0685
IQCJ-SCHIP1///IQCJ,0.1425223,0.0497,0.0685
GNRH1,-0.1770345,0.0497,0.0685
OR5D14,0.144765,0.0498,0.0685
GPRASP2,-0.28911,0.0159,0.0686
BMS1P6,-0.1532925,0.0159,0.0686
LINC00261,1.6098341,0.00212,0.068632
C2CD4C,0.1697291,0.0499,0.0687
RPL21,-0.1726025,0.016,0.0688
EME1,0.1127009,0.05,0.0688
LOC100420587,0.1639609,0.05,0.0688
OR5AK2,-0.2333282,0.0502,0.069
LOC101060157,-0.26467,0.0161,0.0693
FABP1,-0.2700575,0.0161,0.0693
LCMT2,-0.1398032,0.0503,0.0693
SNORD115-44,0.3283668,0.0505,0.0694
TPM3,0.2215375,0.0161,0.0694
FAM184B,0.1556177,0.0505,0.0695
NPIPA1,0.297485,0.0162,0.0695
NLRP5,-0.1240475,0.0162,0.0697
LINC00158,-0.1551259,0.0507,0.0697
DSC1,0.1456023,0.0507,0.0697
MORC2-AS1,0.2285375,0.0162,0.0697
LINC01410,-1.8006575,0.00217,0.069858
RFESD,-0.2087945,0.0509,0.07
KATNA1,-0.1375732,0.0509,0.07
ASB1,-0.2532825,0.0163,0.07
ZNF610,-0.1787745,0.051,0.0701
RTP1,0.1393227,0.051,0.0701
TRIM17,0.1481895,0.051,0.0701
GTF2H2B,0.3401825,0.0164,0.0702
HRASLS2,0.5943875,0.0164,0.0702
OR6C3,0.1886818,0.0513,0.0704
ATP2B3,0.1549332,0.0512,0.0704
LIG3,0.1818245,0.0513,0.0704
AMELY,0.1516464,0.0513,0.0704
C4ORF17,0.1283845,0.0512,0.0704
MTMR9,-0.1963718,0.0513,0.0704
DBIL5P,0.1838841,0.0512,0.0704
MAGEB2,-0.17508,0.0165,0.0705
YWHAB,0.2607875,0.0165,0.0705
OR5H15///OR5H14///OR5H6///OR5H1,-0.1208936,0.0514,0.0705
NDUFAB1,0.12346904,0.0453,0.0705
KRTAP9-3,0.12535,0.0165,0.0705
FLJ26850,0.1726718,0.0514,0.0706
GID8,0.123675,0.0515,0.0707
CLDN6,0.2382155,0.0515,0.0707
IL4,-0.0985825,0.0166,0.0708
UBE2N,0.1417173,0.0516,0.0709
KAAG1,0.1685986,0.0519,0.0712
FBXO25,0.1802775,0.0168,0.0713
ANKRD46,0.2897675,0.0168,0.0714
SNORD115-41,-0.2543527,0.0521,0.0715
OR5R1,0.1374505,0.0521,0.0715
LIFR-AS1,0.318385,0.0168,0.0716
TRPV5,-0.1580625,0.0168,0.0716
TNRC6C-AS1,-0.402215,0.0169,0.0717
MUC15,0.61475,0.0169,0.0717
OLIG3,1.360431,0.00228,0.071751
SNORD61,0.2323786,0.0523,0.0718
TRMT2B,0.1367725,0.0169,0.0718
HOXC6///HOXC4,0.1941445,0.0525,0.072
GSTZ1,0.1182632,0.0525,0.072
PP13004,0.1761859,0.0527,0.0722
EPHA5,-0.1746232,0.0527,0.0722
JAKMIP1,-0.60455,0.0171,0.0723
ABCB10,-0.1032441,0.0528,0.0723
NKX6-2,-0.4403325,0.0171,0.0723
CD86,-0.19807303,0.0467,0.0724
HIST1H2BI,-1.1564774,0.00233,0.072467
ESYT1,-1.3669274,0.00234,0.072693
GLYR1,0.1350275,0.0172,0.0727
OR51B6,0.1730055,0.0531,0.0727
P2RX5,-0.122185,0.0172,0.0727
CYP11B2,0.1386014,0.0532,0.0728
B9D2,-0.3600025,0.0172,0.0728
SPESP1///NOX5,0.14989,0.0533,0.0729
SNORD115-33,0.2556886,0.0532,0.0729
LOC100130654,-0.1174325,0.0172,0.0729
IFT140///IFT140,0.1865882,0.0533,0.073
IL1RAPL1,-0.1523964,0.0533,0.073
LPAR4,-0.130115,0.0173,0.0731
FAM83E,0.1370977,0.0534,0.0731
KCNK13,0.1529386,0.0534,0.0731
LINC00268,0.2002241,0.0535,0.0732
GC,0.1155941,0.0535,0.0732
ERVMER61-1,-0.1300432,0.0536,0.0733
RMC1,-1.2333259,0.00237,0.073375
CYLC1,0.1878414,0.0536,0.0734
ZBED6CL,0.1185827,0.0536,0.0734
NLRP1,0.20891,0.0174,0.0734
GTF2IRD2B///GTF2IRD2,-0.172455,0.0536,0.0734
OLFM3,0.19481,0.0537,0.0735
RAB14,0.1986,0.0174,0.0735
ERVFRD-2,0.1483273,0.0537,0.0735
ZYG11A,-0.1525368,0.0538,0.0736
KCNQ5,-0.2806664,0.0538,0.0736
ERP29,0.1727695,0.0539,0.0737
TMEM179,0.1398641,0.0539,0.0737
VN1R3,0.1548523,0.054,0.0738
SOX2-OT,-0.1952925,0.0176,0.0739
OIT3,-0.203905,0.0176,0.0739
ZNF589,0.197645,0.0175,0.0739
TGOLN2,0.1534468,0.0542,0.0741
SNORD37,0.1996959,0.0543,0.0742
NEUROD2,-0.2390025,0.0176,0.0742
LOC105370109,-0.164075,0.0177,0.0744
BCL2L10,-0.12219,0.0177,0.0744
LOC100129447,-0.19022,0.0178,0.0746
ADAMTS20,0.1156382,0.0547,0.0747
MIR188,0.12612,0.0547,0.0747
ACSL5,-0.2703109,0.0547,0.0747
PLA2G12AP1,-0.1450818,0.0547,0.0748
ZNF174,-1.0795072,0.00246,0.074872
C9ORF43,-0.18255,0.055,0.075
ABLIM2,0.1715409,0.0551,0.0752
LINC00917,-0.2653095,0.0552,0.0753
LOC157562,-1.5194768,0.00249,0.075372
NFE4,0.408715,0.018,0.0754
TPSAB1,-0.7783175,0.018,0.0754
MAPT-AS1,-0.279975,0.0181,0.0755
MIR197,-0.1374745,0.0553,0.0755
ABCD4///ABCD4,0.1078655,0.0553,0.0755
FAM92A1P2,0.1417577,0.0553,0.0755
KLF17,0.1219436,0.0555,0.0757
TTTY12///TTTY12,0.1650268,0.0555,0.0757
ZBTB18,0.107745,0.0181,0.0757
ZNF679,0.1417386,0.0555,0.0757
IKBKE,0.1305845,0.0556,0.0758
SNORD115-35,-0.1067027,0.0556,0.0759
WNK2,-0.210655,0.0183,0.076
PRO1804,0.1111525,0.0183,0.076
LOC100129581,0.1593405,0.0558,0.0762
C22ORF39,0.2272925,0.0184,0.0762
MRAS,0.17773,0.0559,0.0763
LOC101928651,0.124125,0.0184,0.0764
LHFPL2,-0.2015909,0.056,0.0764
GAREM1,0.1993023,0.056,0.0764
MIR376C,-0.1810859,0.0561,0.0764
SPATA8-AS1,0.1107825,0.0184,0.0764
COMMD2,0.2299325,0.0184,0.0764
KCNE1,-1.8590552,0.00255,0.076459
RFWD3,-0.239135,0.0185,0.0765
OR51A4,0.1727995,0.0561,0.0765
OR51I2,0.1820705,0.0561,0.0765
CCL20,0.35316848,0.0497,0.0766
WNT6,-0.2811225,0.0185,0.0766
LOC101928955,-0.157195,0.0185,0.0767
AP2M1,-0.1511945,0.0564,0.0769
PAPD5,0.19163,0.0186,0.077
HLA-E,0.3527275,0.0187,0.0771
KRTAP6-3,0.1573664,0.0566,0.0771
ABRA,0.1709068,0.0566,0.0771
PGF,-1.4395155,0.00259,0.077163
ELN,-1.0941372,0.0026,0.077169
CYP2C9,0.1734636,0.0567,0.0772
STAC,0.3065655,0.0567,0.0773
YIPF1,-0.1285936,0.0567,0.0773
TMEM132D,0.1569823,0.0568,0.0773
ABCA9,-0.3930641,0.0568,0.0774
PUS1,-0.2906825,0.0188,0.0774
SLC2A2,-0.1514275,0.0188,0.0774
EN1,0.1404973,0.0568,0.0774
GCKR,-0.1618125,0.0188,0.0775
SPRR2E,-0.1870525,0.0188,0.0775
KRT16P1///KRT16P3///KRT16P2///KRT16,0.3896477,0.0569,0.0775
ACOD1,0.0989666,0.0503,0.0776
THEG,0.1400305,0.057,0.0776
ACAA2,0.12597443,0.0505,0.0777
PSG9,0.1567145,0.057,0.0777
COL13A1,0.1093282,0.0571,0.0778
ZNF804B,0.1283041,0.0572,0.0778
DUT,-0.1492875,0.0189,0.0779
NID2,-0.15464402,0.0506,0.0779
RPL23AP7,-0.245735,0.019,0.078
ISLR2,-0.258415,0.019,0.078
OR4D2,0.1627191,0.0573,0.078
MYBL2,-1.5753915,0.00266,0.078046
USP27X,0.10610737,0.0507,0.0781
LOC148413,0.20126,0.0191,0.0783
SYS1,0.2005575,0.0191,0.0783
WBP2NL,0.172865,0.0576,0.0784
OR6C75,0.1395077,0.0577,0.0784
HOXA9,-1.4879372,0.00269,0.078413
LINC00094,0.1737173,0.058,0.0788
LOC100288893,0.2934025,0.0193,0.0789
LOC650293///OR7E125P///OR7E5P///OR7E91P///OR7E2P,0.1334695,0.058,0.0789
RBPJL,0.1539786,0.0581,0.079
OPRM1,0.1198845,0.0582,0.0791
AVEN,-0.7797956,0.00275,0.079193
OR2F1,0.17734,0.0583,0.0792
KRBOX4,-0.1980873,0.0583,0.0792
FAM171A1,-0.29957,0.0194,0.0794
GSG1,0.2334425,0.0194,0.0794
ARL6IP1,-0.1401091,0.0585,0.0794
LOC107984066///LOC100996643///LOC100133920///LOC286297///MTHFD1L,0.11060945,0.0517,0.0794
LOC654780,-0.12437207,0.0517,0.0795
PYY2,0.1603432,0.0587,0.0796
CLDN24,0.1552532,0.0586,0.0796
COX18,-0.1515959,0.0586,0.0796
FLJ42220,-0.1671723,0.0588,0.0798
ALDH8A1,-0.1279273,0.0588,0.0798
PADI3,0.1318005,0.0589,0.0799
OPN1MW,0.11493,0.0196,0.0799
LINC00963,-0.176935,0.0197,0.08
SNORD38B,0.2838864,0.059,0.0801
MIR30B,-0.2393164,0.059,0.0801
TMPRSS2,1.4587718,0.00281,0.080203
PCBP3,-1.479059,0.00282,0.080213
CYP2A7,-1.0931901,0.00282,0.080213
HOXD13,0.1485377,0.0592,0.0803
LINC00896,0.1357618,0.0592,0.0803
CENPB,0.1644425,0.0198,0.0804
ABL1,-0.1623725,0.0198,0.0805
NBPF7,-0.1361955,0.0595,0.0807
EFCAB14,0.24464,0.0199,0.0807
ARPC5,0.2531225,0.0199,0.0807
DEFB119,0.1547027,0.0596,0.0808
AREG,-0.4562623,0.0598,0.081
OMP,0.1395568,0.06,0.0814
LOC642484,0.1303259,0.0602,0.0816
MUSK,0.18213498,0.0535,0.0819
EPM2A,-0.1641523,0.0605,0.082
SNRNP40,-0.1816725,0.0203,0.0821
TGM4,0.129195,0.0606,0.0821
ZNF580,0.16066423,0.0537,0.0822
KCMF1,-0.0897732,0.0607,0.0822
SHFM1,-0.10613,0.0204,0.0822
ZNF394,0.1130314,0.0607,0.0823
OIP5,-1.2273114,0.00294,0.08235
DIRC1,0.1540323,0.0609,0.0824
TARID,0.29176,0.0204,0.0824
CCDC50,-1.0619461,0.00296,0.082472
HRC,-0.2384175,0.0204,0.0825
CYBA,-0.3435825,0.0205,0.0825
OR1S2,-0.2942925,0.0205,0.0826
PPP1R3F,-0.249455,0.0205,0.0826
IRS4,0.1490782,0.0611,0.0827
NPM2,-0.3168225,0.0205,0.0827
DDX28,0.1417795,0.0611,0.0828
OR4C45,0.1603245,0.0612,0.0829
TINAG,0.1187323,0.0612,0.0829
LINC01146,-0.2165425,0.0206,0.0829
ALX4,0.1553923,0.0613,0.083
SKA1,-0.1432186,0.0613,0.083
CSMD1,0.1402318,0.0614,0.0831
PDXDC2P,0.1421725,0.0207,0.0831
ANKZF1,0.22112,0.0207,0.0831
RRP8,0.1507432,0.0615,0.0832
TCEAL6,0.2730625,0.0207,0.0833
UPK1B,-0.26043631,0.0545,0.0834
CCDC74B,-1.8144698,0.00304,0.083493
FBXO42,-0.1177177,0.0618,0.0835
C10ORF53,0.1499673,0.0617,0.0835
HSD17B7,0.23835,0.0208,0.0836
C11ORF95,0.152075,0.0619,0.0837
SYT9,-0.1220575,0.0209,0.0837
B4GALT1,-0.3526675,0.0209,0.0837
ARSB,-1.0913237,0.00306,0.083759
GRIK1-AS2,-0.1885677,0.0619,0.0838
WFDC11,0.1592827,0.062,0.0839
POC1A,-1.0853769,0.00308,0.083915
MFSD6L,-0.504755,0.021,0.084
C1ORF146,0.1694005,0.0621,0.084
NIT1,0.126225,0.021,0.0841
MROH7-TTC4///MROH7,0.15932,0.0622,0.0841
TRIM26,0.178625,0.021,0.0842
KCNQ2,0.1483309,0.0623,0.0842
SLFN11,-0.2698232,0.0624,0.0843
FLJ20712,0.2154918,0.0624,0.0843
SMCR5,0.1387536,0.0625,0.0844
ZNF561,-0.1566545,0.0625,0.0844
SEPHS1,0.1125864,0.0624,0.0844
C19ORF68,-0.10102,0.0626,0.0845
RLN1,0.1540532,0.0626,0.0846
IDI2-AS1,0.1584818,0.0626,0.0846
LOC643454,-0.1824475,0.0212,0.0846
SRP14,0.1595636,0.0628,0.0848
LINC00674,0.150995,0.0212,0.0848
CSTF1,0.1126005,0.0629,0.0849
CYB5R1,0.211035,0.0213,0.085
LOC645166,-1.0913517,0.00315,0.085079
UG0898H09,0.09762781,0.0558,0.0851
PCDHGA3,0.1411125,0.0213,0.0851
ZNF229,0.1837325,0.0213,0.0851
IFNA16,-0.1793786,0.063,0.0851
IL36RN,0.1356491,0.0631,0.0851
PAX8-AS1,0.8232975,0.0214,0.0852
TMPRSS11F,-0.1245025,0.0214,0.0853
RNF19B,-0.2787325,0.0214,0.0853
LGI1,-0.1941495,0.0633,0.0854
LOC401123,0.1182373,0.0632,0.0854
MIR219A1,-0.1835459,0.0633,0.0854
ZFHX4,-0.203905,0.0633,0.0854
KLHL10,-1.0928023,0.00316,0.085419
TSPO2,0.1278168,0.0634,0.0856
LOC105377774,-0.1967577,0.0634,0.0856
RABL3,-0.1296091,0.0635,0.0857
CGRRF1,0.09111041,0.0563,0.0858
CPA5,0.1197268,0.0638,0.086
RRH,0.119525,0.0216,0.086
DCTD,0.0916995,0.0639,0.0861
SMIM10,-0.1816886,0.0638,0.0861
KRTAP13-2,0.1362477,0.0639,0.0862
TNMD,0.1578105,0.0639,0.0862
LPP,-0.3349375,0.0217,0.0862
ZNF833P,-0.1224123,0.0639,0.0862
STK16,0.1279968,0.0639,0.0862
DRD3,0.1425386,0.064,0.0862
SLC26A10,-0.09360383,0.0567,0.0863
LOC84214,0.31722,0.0218,0.0863
PPP5C,0.16622,0.0218,0.0864
GDF1,-0.1675875,0.0218,0.0864
NF2,0.1285775,0.0219,0.0866
TESMIN,0.1171745,0.0643,0.0867
MRAP,0.1494427,0.0643,0.0867
BMS1P15,-0.994556,0.00326,0.08679
CLK3,0.2113625,0.022,0.0868
CCDC54,0.1195125,0.0219,0.0868
LINC00461///MIR9-2,-0.1416105,0.0645,0.0869
NKAIN2,-0.1848325,0.022,0.0869
SPANXA1,-0.25757,0.0221,0.0871
LINC00269,0.1007025,0.0221,0.0872
OR2M5,-0.1731995,0.0648,0.0872
MAB21L3,0.1246505,0.0648,0.0873
PDAP1,-0.1326032,0.0649,0.0874
SNHG15,-0.5042275,0.0222,0.0875
PEX12,-0.09993381,0.0576,0.0875
ZSWIM2,0.1258877,0.0651,0.0876
LOC100131232,0.146455,0.0651,0.0876
CYP7B1,-0.34419,0.0223,0.0877
CLEC2B,-0.2301055,0.0653,0.0878
TMEM191B,-0.267245,0.0224,0.088
GNB1L,-0.268715,0.0224,0.088
POM121L10P///POM121L8P///POM121L9P///POM121L1P,0.08812374,0.0579,0.088
C3ORF52,-0.3077909,0.0655,0.088
RNF216P1,0.1098791,0.0655,0.088
FAM217A,-0.12248,0.0655,0.088
GSTM2,0.23594,0.0224,0.088
LOC101927157,0.1250825,0.0225,0.0881
HRH4,0.2327527,0.0655,0.0881
CLYBL,-0.1452736,0.0655,0.0881
ZNF773,-0.232085,0.0225,0.0882
SARNP,0.09407828,0.0581,0.0882
HBBP1,-0.2113875,0.0225,0.0883
SLC13A1,0.1151275,0.0226,0.0884
RAB4B,0.168735,0.0226,0.0884
CKLF-CMTM1,-0.128015,0.0226,0.0885
FAR2,0.2960075,0.0226,0.0885
ZNF263,-0.1323468,0.0658,0.0885
SAMD9L,-0.1862393,0.0583,0.0886
TBX20,0.2130791,0.0659,0.0886
TMCO5A,-1.6464618,0.00336,0.088622
RBMS3,0.3706425,0.0227,0.0887
KCNJ2,0.14106501,0.0584,0.0887
TSGA10,-2.1522229,0.00337,0.088729
LOC102724002,-0.18788,0.0227,0.0888
LMO1,0.154195,0.0661,0.0888
KCNA5,-0.10486348,0.0586,0.0889
TRHR,0.1240441,0.0662,0.0889
KLHL18,0.131885,0.0227,0.0889
CATSPER2P1,-0.2071086,0.0662,0.089
OR51M1,0.1756459,0.0664,0.0891
RHOXF2B,-0.3074275,0.0228,0.0891
LINC01015,-0.134515,0.0228,0.0891
LOC105376805,-1.0296448,0.00341,0.089248
LOC101928885,0.1053059,0.0665,0.0893
MAGEE1,0.119915,0.0665,0.0893
OR4F4,-0.0940575,0.0229,0.0893
OR11A1,-0.2185375,0.023,0.0894
LOC389895,0.1265718,0.0666,0.0894
FAM161B,0.1215132,0.0666,0.0894
DHRS7C,0.148015,0.0668,0.0896
MAP7D2,-0.1892609,0.0668,0.0896
NPIPB5,0.2718425,0.0231,0.0897
KCNA1,0.1277068,0.0669,0.0897
OR52B6,0.14114,0.0669,0.0898
MYPN,0.1513277,0.0669,0.0898
TSFM,-0.1379786,0.0669,0.0898
C20ORF197,-0.10642,0.0231,0.0899
RAD51C,-0.1667,0.0231,0.0899
IFNW1,0.1278636,0.067,0.0899
LIPJ,-0.1343173,0.0671,0.09
CEACAM7,0.06710703,0.0595,0.0901
SH3TC1,0.1387523,0.0671,0.0901
LOC100289094,0.1161175,0.0232,0.0902
MED1,0.1922677,0.0673,0.0903
LINC01137,0.2745275,0.0233,0.0904
NSA2,-0.2220875,0.0233,0.0904
MCAT,-0.1605073,0.0676,0.0906
PIK3CD-AS1,0.1330436,0.0676,0.0907
PTH,-0.1281475,0.0235,0.0909
GRK6,-0.1272809,0.0679,0.0911
PCDHB8,-0.2917959,0.0681,0.0912
HSPA7///HSPA6,-0.2022591,0.068,0.0912
KLRK1,-0.2590475,0.0236,0.0912
MBOAT2,-0.1079191,0.0604,0.0913
PTPN1,0.1604823,0.0681,0.0913
CLDN12,-0.1646327,0.0683,0.0915
OR8K1,0.17388,0.0683,0.0915
LINC01554,0.136635,0.0684,0.0916
DHRS4-AS1,0.1599745,0.0686,0.0918
NUP62,-0.2124675,0.0238,0.0919
LINC00342,-0.5739825,0.0238,0.0919
IL23R,-1.2360677,0.00355,0.091958
TNFAIP3,0.26054512,0.0609,0.092
CECR7,0.283125,0.0239,0.092
FLNB,-0.21858,0.024,0.0925
VN1R1,-0.10282705,0.0612,0.0925
MIR15B,0.09571434,0.0613,0.0925
OXCT2P1///OXCT2,0.1465209,0.0692,0.0926
NEIL3,-1.3659216,0.0036,0.092608
RFPL4B,0.1283768,0.0693,0.0927
TCP10,-0.1195425,0.0241,0.0927
OR4C6,0.1451441,0.0693,0.0927
OR4D9,0.1794118,0.0696,0.0932
CHP2,-0.09455544,0.0618,0.0932
OR8H1,0.1423718,0.0698,0.0933
PNLIP///COL1A2,0.1445605,0.0697,0.0933
GCOM1,-0.209755,0.0243,0.0934
OR2C1,0.1403527,0.0699,0.0934
OR2A9P///OR2A20P,0.18573835,0.062,0.0935
FAM118B,0.2234332,0.07,0.0936
POU5F1B,0.10585788,0.0622,0.0938
GAFA3,0.1625341,0.0702,0.0939
CCDC187,-2.3101703,0.00369,0.094051
LOC100128219,0.1027425,0.0246,0.0942
FAM69C,-0.165355,0.0246,0.0942
GNG10,-0.249665,0.0246,0.0942
TRPT1,0.1498125,0.0246,0.0942
HIST1H1D,-1.104698,0.00371,0.094343
CABP5,0.1436632,0.0706,0.0944
DAB1,-0.25419,0.0247,0.0945
EMX2,0.1379859,0.0708,0.0946
CAPN8,0.43699,0.0248,0.0948
S100A7A,0.1530505,0.071,0.0948
SNHG10,-0.2520725,0.0248,0.0949
HEPACAM2,-0.200725,0.0249,0.0949
TPST1,-0.335325,0.0249,0.0949
OR4P4,0.1537782,0.0711,0.095
GLDC,-0.3822,0.0249,0.0951
FAM196A,-0.2084241,0.0713,0.0952
TUSC1,0.1187418,0.0715,0.0954
ZNF692,-1.0668914,0.0038,0.095574
ENPP1,-0.14227107,0.0636,0.0956
LOC100131581,0.5062536,0.0717,0.0957
LUNAR1,-0.1412475,0.0251,0.0957
UXS1,0.10020912,0.0636,0.0957
FAM193B,0.0945441,0.0718,0.0958
NDST4,0.1923195,0.0719,0.0959
HSCB,-0.1200495,0.0719,0.0959
KIAA0907,0.1376618,0.0719,0.0959
PUF60,-0.1365282,0.0719,0.0959
ALDH4A1,0.3009125,0.0252,0.0959
FAM86B2,-0.2235075,0.0252,0.0959
RER1,0.1667775,0.0252,0.096
STON1,0.467845,0.0253,0.0962
OR52J3,0.1999841,0.0721,0.0962
FAM9A,0.1393291,0.0722,0.0963
NPY2R,0.17244,0.0724,0.0965
LOC400997,0.1483573,0.0724,0.0965
LOC100996716,0.171205,0.0255,0.0966
C7ORF76,0.1181977,0.0725,0.0967
MRPL12,0.1522055,0.0725,0.0967
SEPHS2,0.16939,0.0256,0.0968
SEC14L2,-0.1317073,0.0728,0.097
KCNJ1,0.1384295,0.0728,0.097
PEX7,-0.1465623,0.0727,0.097
C8ORF33,-0.20518,0.0257,0.0972
HORMAD2,0.1527955,0.073,0.0973
PP7080///PP7080,0.1680941,0.073,0.0973
FADS2,0.17778477,0.0649,0.0973
IL20,-0.1632475,0.0258,0.0974
MIR187,0.1362109,0.0731,0.0974
OR6C74,0.1476486,0.0731,0.0974
TPT1P8,-0.19062,0.0258,0.0974
HOXC13-AS,-0.15134,0.0259,0.0977
MRPL18,0.175905,0.0259,0.0977
UBE2F,-0.7931833,0.00397,0.097885
TXNDC11,0.166455,0.0735,0.0979
STK3,-0.1470027,0.0737,0.0981
TXNRD3NB///TXNRD3,-0.1329905,0.0736,0.0981
POTEB3///LOC102723502///POTEB///LOC100288966///POTEB2///POTEF///POTEJ///POTEM///POTEE///POTEKP///POTEG///POTEC///POTED///POTEH,0.0916164,0.0737,0.0982
MEIS3,-1.1673181,0.004,0.098227
CDX1,0.1221755,0.0738,0.0983
OR9G9///OR9G1,0.1531418,0.074,0.0985
CHRM5,0.1444182,0.0741,0.0986
KRTAP12-4,0.08565344,0.066,0.0987
IKZF1,-0.268525,0.0263,0.0987
GPR149,0.1593568,0.0741,0.0987
GINS3,0.2574925,0.0262,0.0987
PNCK,0.1237827,0.0742,0.0988
KIR3DL2,0.149115,0.0263,0.0989
ZNF658,-0.1181475,0.0263,0.0989
HARS,0.1799373,0.0744,0.099
LOC283352,-0.21243,0.0264,0.0992
CH17-340M24.3,0.1416164,0.0745,0.0992
LCE2B,0.09534,0.0265,0.0993
STAT5B,-0.1323191,0.0747,0.0994
CLVS2,0.1253527,0.0748,0.0995
AATF,-0.1455864,0.0748,0.0995
RPL23AP82,1.0428394,0.0041,0.099596
FAM86C1,-0.22297,0.0266,0.0996
ANXA13,-0.1868409,0.0749,0.0996
ABRAXAS2,1.8039138,0.00411,0.099702
FBXL21,-0.1592125,0.0266,0.0998
METAP1D,-0.1423141,0.0751,0.0999
FRMPD4,-0.1562575,0.0267,0.0999
ZNF79,-0.2152175,0.0267,0.0999
C21ORF58,0.1791309,0.0756,0.1
ZIC1,0.1892205,0.0753,0.1
FLJ31356,-0.17411,0.0268,0.1
LOC105372321,0.143405,0.0268,0.1
BAMBI,0.12969968,0.067,0.1
PRPH2,-0.9517037,0.00414,0.100001
ZNF222,-0.18494,0.0272,0.101
C8ORF76,-0.158975,0.0271,0.101
PGRMC2,0.10768,0.076,0.101
ARNT,0.1517345,0.076,0.101
TRPM1,0.1310036,0.0758,0.101
CRYBA4,0.146875,0.076,0.101
DEFB103A///DEFB103B,0.1475027,0.0759,0.101
NME1-NME2///NME1,0.2252832,0.076,0.101
TMEM198,0.12071,0.0763,0.101
SLC25A51P1,0.1798977,0.0765,0.101
ABHD17B,-0.1229991,0.0757,0.101
PHBP19,0.15964,0.027,0.101
PSORS1C2,-0.2503425,0.0273,0.101
IL12RB2,-0.243195,0.0273,0.101
CA13,0.11921784,0.0677,0.101
MYOM3,0.1464873,0.0772,0.102
OR10A5,0.2179177,0.0768,0.102
OR4C1P,0.09293,0.0273,0.102
PCSK5,-0.32708,0.0275,0.102
GPR55,0.1330195,0.0773,0.102
UTS2,0.3914136,0.0768,0.102
LYZL6,0.1488523,0.0773,0.102
NMBR,0.1181432,0.0772,0.102
TMEM5,-0.15623,0.0274,0.102
DHRS4,0.270855,0.0275,0.102
MIR519A2///MIR519A1,0.1770909,0.0772,0.102
ZNF284///ZNF223,-0.1759386,0.0767,0.102
LOC100132006,-1.2465715,0.0043,0.102153
ELL3,-1.2541374,0.00436,0.102967
RAET1E-AS1,0.1467459,0.0781,0.103
WDR46,-0.1635814,0.0781,0.103
SLC15A1,0.1154125,0.0279,0.103
LOC105379252///FAM95B1///FAM95A,0.1436609,0.078,0.103
CCRL2,0.3609525,0.0278,0.103
TMEM184C,-0.1747123,0.0774,0.103
MYO19,-0.8404492,0.00439,0.103262
FAM182B,-1.2503619,0.00443,0.103837
MIR485,0.1595255,0.0784,0.104
METTL21EP,-0.1749032,0.0788,0.104
LOC100288208,0.1383418,0.0787,0.104
C8ORF59,-0.08445455,0.0698,0.104
DCTN5,0.1982925,0.0282,0.104
POLA2,0.149705,0.028,0.104
MGST3,0.2263175,0.0281,0.104
PBOV1,0.24604,0.0782,0.104
RSAD2,0.3559309,0.0786,0.104
RBM45,-0.2290059,0.0785,0.104
LINC00483,0.1147891,0.0785,0.104
ASTN1,-0.1224077,0.0786,0.104
ANKRD30BP3,-0.1879545,0.0791,0.105
OR1E1,0.1439655,0.0794,0.105
YBX2,0.1329777,0.0793,0.105
NRP1,-0.2037427,0.0796,0.105
COL6A5,-0.4171118,0.0797,0.105
TLR5,0.32447,0.0286,0.105
GOLGA6C,-0.202595,0.0283,0.105
BIN3-IT1,0.1974391,0.0797,0.105
SLC38A7,0.1006882,0.0798,0.105
OR4C11,0.117215,0.0791,0.105
TSC22D1,0.3745475,0.0288,0.106
FASTKD3,0.08699308,0.0713,0.106
IL31RA,-0.1365127,0.0799,0.106
C7ORF34,0.1638391,0.08,0.106
LOC100131497,0.1430891,0.0803,0.106
THAP7-AS1,0.1773825,0.0287,0.106
GEMIN2,-0.1661377,0.0805,0.106
DHX16,0.1105868,0.0801,0.106
NELFCD,0.1334068,0.0801,0.106
RBBP7,-0.1198018,0.0804,0.106
SULT1E1,0.2259175,0.0287,0.106
NUDT19,0.12759,0.029,0.106
ZNF627,-0.262995,0.0288,0.106
MTPAP,-0.1873425,0.0289,0.106
LGALS3,-0.07716624,0.0717,0.106
VGF,-0.1704925,0.029,0.106
METTL12,-0.951878,0.00458,0.106136
TAS2R4,-0.15228746,0.0726,0.107
RLBP1,-0.1331525,0.0294,0.107
OPN5,0.1639714,0.0813,0.107
RTBDN,-0.10275,0.0291,0.107
CTAG2,0.1262168,0.0814,0.107
CST11,0.1679786,0.0815,0.107
PHLPP1,0.1833775,0.0293,0.107
LOC647323,0.1300425,0.0291,0.107
LOC143286,-0.1049825,0.0295,0.108
CSH2,-0.1067075,0.0295,0.108
OR14I1,0.1689286,0.0816,0.108
OR9A2,-0.1758414,0.0821,0.108
HCRTR2,0.1201559,0.082,0.108
RNU105C,0.1414268,0.0821,0.108
MAS1,0.1345327,0.082,0.108
PCDHB16,-0.18786671,0.0727,0.108
RPL9,-0.1780925,0.0295,0.108
ZPLD1,-0.1457075,0.0295,0.108
MUC5AC,-0.1981675,0.0299,0.109
NAAA,0.11807587,0.0738,0.109
OR2A7,0.096425,0.03,0.109
PNLIPRP2,0.1652523,0.0827,0.109
OR10Q1,0.1459468,0.0829,0.109
LOC100506411,-0.371475,0.0298,0.109
AIMP2,0.186945,0.0301,0.109
GOLGA6L6///GOLGA6L22///GOLGA6L1,0.09299463,0.0735,0.109
CD2BP2,0.2021775,0.03,0.109
SULT2A1,-0.16734,0.0298,0.109
RORA,0.3072575,0.0301,0.109
LOC100289230,-1.5964053,0.0048,0.109044
ZNF695,-1.35396,0.00481,0.109053
AGAP2-AS1,-0.148,0.0303,0.11
HOTAIRM1,-0.325545,0.0303,0.11
CYB561D1,0.09946,0.0837,0.11
PSKH2,0.156045,0.0835,0.11
FOXN1,0.1126609,0.0835,0.11
TRMT1,-0.0988955,0.0832,0.11
MPZ,0.1482909,0.0836,0.11
GPR62,0.1409755,0.0838,0.11
DSG4,0.1329277,0.0833,0.11
TFG,-0.14923,0.0302,0.11
LOC101929680,0.116625,0.0302,0.11
TRNAU1AP,0.2385525,0.0303,0.11
TRAIP,0.1111355,0.0837,0.11
LINC00242,0.1593314,0.0836,0.11
ADNP2,-0.1342177,0.0837,0.11
LOC100996579,1.2856652,0.00488,0.110049
LINC01314,1.3599839,0.00492,0.110686
AHCYL2,1.2422162,0.00494,0.110848
LINC00336,0.1145123,0.0841,0.111
NR4A3,-1.4700525,0.0307,0.111
RGS12,-0.1015395,0.0842,0.111
PTTG3P,-0.27684,0.0308,0.111
LOC101929147,0.1376975,0.0306,0.111
KIAA1328,0.175755,0.0306,0.111
RALGPS1,0.1244659,0.0846,0.111
PTCHD3,0.2067768,0.0845,0.111
TRIM55,-0.1385877,0.0844,0.111
C1QL2,-0.22303,0.0307,0.111
C7ORF33,0.1178045,0.0845,0.111
FCRL4,0.1452136,0.0854,0.112
RBM19,-0.1538768,0.0848,0.112
LOC100133207,-0.1200123,0.0851,0.112
ZNF705B///ZNF705G///ZNF705D///ZNF705A,-0.1228105,0.085,0.112
SSX3,-0.1354445,0.0852,0.112
LYPLA2P2///LYPLA2,0.1961159,0.0856,0.112
SLC8B1,0.1166795,0.0855,0.112
GNA13,-0.2543625,0.0312,0.112
OR10J5,-0.2130125,0.0311,0.112
HAUS4,0.20792,0.031,0.112
DCT,-0.1980425,0.0312,0.112
SNORD115-31,-0.1962723,0.0855,0.112
LINC00958,-0.5535875,0.031,0.112
LOC100288869,0.104165,0.0848,0.112
FAM120C,-0.8205267,0.00511,0.112829
RAD23B,-0.9941286,0.00511,0.112843
FOXN3-AS1,-0.1874,0.0315,0.113
DNAH8,-0.0972875,0.0316,0.113
PTPRR,0.1354668,0.0857,0.113
RPA2,-0.09723503,0.0768,0.113
GTPBP10,-0.08542445,0.0767,0.113
CA5A,-0.15353,0.0317,0.113
RHAG,-0.1971975,0.0316,0.113
LOC645427,0.1938325,0.0316,0.113
ERVV-2,-0.1898875,0.0317,0.113
TMEM86B,-0.2709525,0.0321,0.114
SCP2D1,0.13101,0.0865,0.114
SMN2///SMN1,0.2107741,0.0867,0.114
GABRA3,0.1460918,0.0866,0.114
ETV2,0.1164732,0.0873,0.114
TTLL13P,0.1592741,0.0872,0.114
TMEM199,0.1269525,0.0318,0.114
RAD51,0.11872,0.0865,0.114
SUPT7L,-0.13196,0.0318,0.114
HYLS1,-0.1554741,0.0866,0.114
NUTM1,0.1153768,0.0872,0.114
CXCL3,-0.74547,0.0319,0.114
LOC171391,0.1406673,0.087,0.114
GUSBP1///LOC653080///GUSBP2///GUSBP11///SMA5///SMA4///GUSB///GUSBP3///SMA4,-0.08897563,0.0775,0.114
PLIN1,-0.11494679,0.0778,0.114
MGC34796,-0.08678149,0.0782,0.115
DCPS,-0.15933,0.0324,0.115
CTNNAL1,-0.16085385,0.0782,0.115
MIR320A,-0.08415947,0.0785,0.115
GRM5,0.1333005,0.0875,0.115
MIR326,0.16146,0.0876,0.115
TOR1AIP1,0.1308795,0.0879,0.115
BMT2,-0.2062075,0.0323,0.115
CACNA1E,-0.2629325,0.0324,0.115
RPSAP15,0.12942513,0.0784,0.115
NEURL1B,-0.3623875,0.0322,0.115
LOC102725104///ANKRD20A12P///ANKRD20A8P,-0.3474118,0.0877,0.115
STK11,-0.20691,0.0326,0.116
CCDC18-AS1,-0.390425,0.0326,0.116
CEBPE,0.1361468,0.0883,0.116
SDHAF2,-0.1047982,0.0884,0.116
PCDH17,0.2211232,0.089,0.116
C8A,0.1308545,0.0882,0.116
MIR516B1,0.1556614,0.0886,0.116
OR5AS1,0.1259677,0.0884,0.116
TTTY11///TTTY11,0.126955,0.0886,0.116
UBE3D,-0.1537373,0.0887,0.116
SNORD3D///SNORD3C///SNORD3B-2///SNORD3A///SNORD3B-1,-0.3650595,0.0885,0.116
TMEM55A,-0.1816995,0.0887,0.116
NME1,-0.206615,0.033,0.117
NKX2-2,0.1539514,0.0899,0.117
LOC105377134,-0.1467925,0.0332,0.117
UBTFL1,0.1709864,0.0898,0.117
SLC22A24,0.1077275,0.0332,0.117
OSER1-AS1,0.1711075,0.033,0.117
GRIK1-AS1,-0.1321432,0.0891,0.117
VN1R4,0.1146845,0.0892,0.117
AKR1D1,-0.1116175,0.033,0.117
NR3C2,-0.194225,0.0895,0.117
ADAM32,0.2514736,0.0895,0.117
NUDT15,-0.1034845,0.0893,0.117
PIK3IP1,0.12304672,0.0799,0.117
HOMER1,0.13725861,0.08,0.117
LYPLA1,-0.08491368,0.0802,0.117
BRCAT54,-0.116395,0.0329,0.117
LOC202025,0.33816,0.0329,0.117
GPLD1,0.1284075,0.033,0.117
LOC101243545,-0.1934375,0.0335,0.118
C12ORF50,-0.1165875,0.0335,0.118
C6ORF58,0.1223905,0.0903,0.118
CRELD2,0.09765823,0.0806,0.118
KLRC4,-0.4061725,0.0334,0.118
SLC30A7,-0.19044,0.0334,0.118
ALAD,0.191975,0.0334,0.118
HLA-DQB1,0.6578377,0.0902,0.118
TEX13A,0.1288091,0.09,0.118
DLX1,-0.2060225,0.0336,0.118
SMYD4,0.1666675,0.0336,0.118
TMEM206,0.1024968,0.0904,0.118
SERPINA5,0.0913245,0.0806,0.118
DIO1,-1.4349238,0.00552,0.118074
GLYATL1,-1.1237111,0.00555,0.118383
HIST2H3A///HIST2H3C,-1.3684894,0.00554,0.118383
TYW1B,-0.1420164,0.0911,0.119
HSPBP1,0.1426845,0.0914,0.119
LOC101929163,-0.1142482,0.0912,0.119
INSR,0.1297966,0.0812,0.119
LYPD2,-0.09394303,0.0818,0.119
TK2,0.1718525,0.0337,0.119
IL10RA,-0.486485,0.0338,0.119
WDR20,0.1738525,0.0341,0.119
ZFAS1,-0.1784025,0.034,0.119
NECTIN3,0.3487125,0.0338,0.119
LINC00689,-0.4009025,0.0341,0.119
ZNF619,0.11484,0.034,0.119
PDCD4-AS1,-0.17479,0.0338,0.119
RPL11,0.09976,0.0337,0.119
CEP85L,-0.218275,0.0338,0.119
GALNT14,-0.7196375,0.0342,0.12
LIN28B-AS1,-0.3210875,0.0343,0.12
NPY4R,-0.10397,0.0343,0.12
DAZL,-0.131405,0.0342,0.12
LOC100233156///TEKT4P2///MAFIP,0.2713727,0.0917,0.12
DPPA4,-0.2274775,0.0343,0.12
PGA3,0.1136825,0.0342,0.12
OR13C8,0.1218486,0.092,0.12
LY6G6F,0.1277814,0.0919,0.12
STRIP2,0.08190066,0.0825,0.12
KLK6,0.1032609,0.0931,0.121
LOC284788,0.2208482,0.0932,0.121
GALNT5,0.471965,0.0348,0.121
MED11,0.17192,0.0346,0.121
KRT25,0.1286723,0.0932,0.121
OR6P1,0.1351023,0.0924,0.121
MIR320C1,-0.1238036,0.0931,0.121
LOC101929998,-0.1340475,0.035,0.121
RFX7,-0.21644,0.0346,0.121
SLC37A2,-1.0892037,0.00577,0.121613
RPS24,-0.116235,0.0352,0.122
PSAP,-0.1032182,0.0933,0.122
TMEM181,-0.1003555,0.0933,0.122
GNL1,-0.0927864,0.094,0.122
OR6K6,0.1485345,0.0938,0.122
SMG5,0.18246,0.0351,0.122
WNT8A,0.1243032,0.0939,0.122
TOP3A,0.10254,0.0932,0.122
ZNF436-AS1,-0.3912775,0.0356,0.123
C19ORF43,-0.1604523,0.0941,0.123
IL31,0.1402495,0.0946,0.123
KRT1,-0.1298827,0.0948,0.123
OR5H6,0.1747818,0.0943,0.123
PDHA2,0.1318759,0.0945,0.123
COL6A6,-0.27674193,0.0846,0.123
SDC4,1.2892147,0.00596,0.123672
NIP7,-0.2732675,0.0359,0.124
MDP1,-0.1664825,0.036,0.124
LINC01278,-0.183345,0.0361,0.124
SCAMP4,-0.136145,0.0358,0.124
ZNF280A,0.1247864,0.0955,0.124
TTC4,0.1469225,0.0359,0.124
ZNF511-PRAP1///PRAP1,0.127425,0.0955,0.124
TRIM63,-0.6209775,0.0363,0.125
LOC729080,0.4792625,0.0363,0.125
LINC00515,0.10623,0.0365,0.125
LZTS3,0.0843505,0.0965,0.125
DMRT1,0.1126432,0.0966,0.126
DEFB112,0.1193705,0.0971,0.126
NPB,0.1514718,0.0967,0.126
KHDC3L,0.1240227,0.0968,0.126
RNF5,0.16857,0.0369,0.126
PAIP2B,-0.4809025,0.0369,0.126
ZNF850,-0.18881,0.0369,0.126
RPS29,0.08670145,0.0866,0.126
ANKRD30B,-0.1215923,0.0971,0.126
MARS2,0.16906,0.0971,0.126
MTMR7,-0.1318609,0.0971,0.126
C5ORF58,-1.151248,0.0063,0.126301
PRR5-ARHGAP8,0.1738575,0.0372,0.127
LINC00886,-0.4490925,0.0372,0.127
OCIAD1,-0.0954975,0.037,0.127
ATP6V0A1,0.1394259,0.0977,0.127
TBC1D3I///TBC1D3E///LOC101060389///TBC1D3L///TBC1D3K///TBC1D3G///TBC1D3H///TBC1D3///TBC1D3P2///TBC1D3C///TBC1D3B///TBC1D3F,-0.1150395,0.0975,0.127
LOC399886,0.1297877,0.0977,0.127
L1CAM,0.1174864,0.0982,0.127
RPGRIP1,-0.191475,0.037,0.127
NLRP2,-0.3270636,0.0983,0.128
STAC2,0.1214782,0.0987,0.128
DLK2,0.1195559,0.0991,0.128
RDM1,-0.2056675,0.0377,0.128
DKFZP434C153,0.108925,0.0377,0.128
YARS2,-0.1423275,0.0375,0.128
MROH2A,-0.1370825,0.0377,0.128
ARHGEF5,0.1932075,0.0374,0.128
DCSTAMP,-0.6968125,0.0374,0.128
GPR37,-0.1659975,0.0376,0.128
PRMT5-AS1,-1.0019948,0.00648,0.128426
SLC22A16,-1.629057,0.0065,0.128651
EXOC3,0.2031725,0.038,0.129
LINC00693,0.1583168,0.0994,0.129
LAMB2P1,-0.099605,0.0378,0.129
OR13H1,0.1645141,0.0994,0.129
C4ORF47,-0.598795,0.0379,0.129
CCM2,-0.18042,0.0379,0.129
LOC153682,-0.7978142,0.00657,0.129609
ENTPD6,0.12402,0.0381,0.13
RBM47,0.09283092,0.0901,0.13
ARAFP2,0.08563865,0.0898,0.13
LINC00926,-0.6357325,0.0384,0.13
TNFSF13,0.4220825,0.0385,0.13
LOC650293///OR7E91P,0.1361982,0.101,0.13
DNAJA1P5,0.1456791,0.1,0.13
PAGE1,0.138905,0.1,0.13
BOLA2-SMG1P6,-0.2748525,0.0382,0.13
SNRNP70,-0.1165986,0.101,0.13
COX7B2,0.1190059,0.1,0.13
FAM228A,0.2024418,0.1,0.13
SPINK13,-0.2505125,0.0384,0.13
TOMM20,0.1865725,0.0389,0.131
MUC6,0.1332318,0.102,0.131
KHNYN,0.1889325,0.0386,0.131
HSD3BP4,0.1043464,0.0904,0.131
SLC7A6,0.1185125,0.0387,0.131
JPH2,0.4454925,0.0387,0.131
TRIM51,0.1847418,0.102,0.131
TRPM4,0.1152409,0.102,0.131
C10ORF120,0.1310823,0.102,0.131
COL23A1,0.1222086,0.101,0.131
TSPY10///TSPY4///TSPY3///TSPY2///TSPY1,0.0881395,0.102,0.131
CCNI,0.134325,0.0389,0.131
CSNK1E,-0.278125,0.0389,0.131
ECT2L,-0.4980875,0.0389,0.131
BCORP1,0.2557505,0.101,0.131
CDCA3,-1.2364936,0.00672,0.131151
LOC100127972,-0.1005175,0.0391,0.132
DPY19L1,0.236115,0.0393,0.132
DEFT1P,0.1549975,0.039,0.132
FCGR1B,-0.5673175,0.0392,0.132
FLJ20021,0.1759125,0.039,0.132
SLC9C1,-0.1764573,0.102,0.132
AKAP4,0.1177309,0.102,0.132
LOC100505771,0.2238475,0.0391,0.132
LOC100134822///FAM157A,0.14948,0.0391,0.132
MAF,0.1374032,0.102,0.132
SPANXA2-OT1,-0.1766905,0.103,0.133
GAS8-AS1,0.1319991,0.103,0.133
HEPHL1,0.137265,0.103,0.133
TMEM214,0.1228105,0.103,0.133
FUT5,0.12729094,0.0926,0.133
OR4M2,0.2582268,0.103,0.133
IQCF3,0.096575,0.0398,0.133
RAB9BP1,0.186715,0.0396,0.133
BAALC-AS2,-0.1170275,0.0397,0.133
SLC6A15,-0.2068825,0.0398,0.133
MIF,-0.8053659,0.00691,0.13301
ZSCAN25,-0.0925032,0.104,0.134
HES1,0.2138391,0.104,0.134
LIX1,-0.1262441,0.103,0.134
EIF3D,-0.1487195,0.104,0.134
ZNF548,-0.0926573,0.104,0.134
OR1L3,0.1476177,0.104,0.134
PNO1,-0.322635,0.0399,0.134
LINC00442,0.109765,0.0399,0.134
PABPC1L2B,-0.107115,0.0401,0.134
LOC283454,-0.6708975,0.0401,0.134
ACOT12,0.1097536,0.104,0.135
EXOSC7,-0.1725332,0.105,0.135
HPN-AS1,0.11342,0.104,0.135
OR11H6,0.12674,0.105,0.135
KRTAP19-7,0.1391945,0.105,0.135
CPB1,-0.1607441,0.105,0.135
BPESC1,0.1564595,0.105,0.135
FAM155A,-0.442935,0.0405,0.135
LINC01354,0.2018375,0.0406,0.135
MC2R,0.1137359,0.105,0.135
GRWD1,0.1475586,0.105,0.135
ANPEP,0.18831103,0.0941,0.135
CNPY1,0.07885215,0.0939,0.135
WDFY1,-0.198635,0.0406,0.135
ROPN1B,-1.4572055,0.00715,0.135503
TRAV8-7,-1.5877455,0.0072,0.135934
OR6C76,0.1967445,0.106,0.136
COQ3,0.1818125,0.041,0.136
NAXE,0.1932675,0.041,0.136
C16ORF78,0.1560332,0.105,0.136
TPTE,0.1374282,0.105,0.136
DDX11L2,-0.198165,0.0408,0.136
CDK17,0.09041717,0.0947,0.136
PKD1L3,-0.1438059,0.106,0.136
GABRR3,-0.1484032,0.106,0.136
FLJ38773,-0.152065,0.105,0.136
ANXA10,-0.3879725,0.041,0.136
LOC100506317,0.1060925,0.041,0.136
ZNF3,-0.150045,0.0407,0.136
HNRNPUL2,0.1874,0.0407,0.136
CCDC144NL-AS1,0.1146025,0.0411,0.136
EIF3J-AS1,0.2219125,0.041,0.136
ANKUB1,-2.0280431,0.00726,0.136377
SNHG6,-1.1102837,0.00735,0.1369
PES1,0.1249545,0.107,0.137
FBXO39,0.1068359,0.106,0.137
OR10A3,-0.1083682,0.106,0.137
IPO13,0.0994223,0.106,0.137
ITM2B,0.26612,0.0414,0.137
SNORD115-24///SNORD115-44///SNORD115-43///SNORD115-42///SNORD115-41///SNORD115-40///SNORD115-39///SNORD115-38///SNORD115-36///SNORD115-34///SNORD115-30///SNORD115-29///SNORD115-26///SNORD115-21///SNORD115-16///SNORD115-15///SNORD115-14///SNORD115-13///SNORD115-12///SNORD115-11///SNORD115-10///SNORD115-9///SNORD115-8///SNORD115-6///SNORD115-5///SNORD115-4///SNORD115-1///SNRPN,-0.11431962,0.0958,0.137
TPCN2,0.0903836,0.107,0.138
IL10RB,0.2501325,0.0416,0.138
YPEL2,0.1878175,0.0417,0.138
LMAN2L,0.187355,0.0416,0.138
RPP30,-0.0999075,0.0418,0.138
TTTY1B///TTTY1,0.1028418,0.107,0.138
GPI,-0.7875544,0.00748,0.138158
HIST1H2AB,-0.9350675,0.0075,0.138438
CALR3,0.1164591,0.108,0.139
NDUFB1,-0.1522527,0.108,0.139
SMCO1,0.15036,0.108,0.139
CYP4F12,0.1876441,0.108,0.139
WDR61,-0.1503336,0.108,0.139
DLSTP1,0.1143145,0.108,0.139
IL1RAPL2,0.088825,0.0423,0.139
SPATA5L1,-0.1787775,0.0422,0.139
YTHDF2,-0.15283,0.0419,0.139
OR5K4,0.1203232,0.108,0.139
CRH,-0.554045,0.0421,0.139
DMRTC1,1.3884426,0.00758,0.139109
THRB,-1.0541751,0.00761,0.139294
FEM1A,0.1707075,0.0427,0.14
REG1CP,0.10941632,0.098,0.14
GPI///GPI,0.1256695,0.109,0.14
H1FX-AS1,-0.1345555,0.109,0.14
CORO2A,-0.1592368,0.109,0.14
OR4N2,0.1511132,0.109,0.14
LOC100130078,0.0992775,0.0425,0.14
HLF,-0.15415104,0.0978,0.14
PCDHGA2,0.147145,0.0427,0.14
KLHDC4,-0.112945,0.0425,0.14
LOC145783,0.20753,0.0429,0.141
STX18-AS1,-0.1025875,0.0428,0.141
LINC00588,0.094515,0.043,0.141
LOC107161159,-0.4209525,0.0429,0.141
SPDYE2,0.1638125,0.043,0.141
LOC100286906,-0.0987925,0.0431,0.141
LINC00622,0.129265,0.043,0.141
SPATA45,0.1173977,0.11,0.141
MIR7-3HG,0.1412823,0.11,0.141
DEFB121,0.1239459,0.11,0.141
CCDC168,0.155715,0.11,0.141
FBP1,0.2980927,0.11,0.141
RC3H1,-0.1221445,0.11,0.141
OR8H3,0.1427786,0.11,0.141
OR2M4,0.1188418,0.109,0.141
GPR137C,-0.1640045,0.11,0.141
MIR152,0.0943677,0.11,0.141
ATP13A5,-0.1302318,0.11,0.141
MIR138-1,0.1509577,0.109,0.141
NUTM2B-AS1,0.449935,0.0428,0.141
C14ORF105,-1.1844762,0.00794,0.141682
LINC00965,-0.1727975,0.0432,0.142
APOL5,-0.10129,0.0435,0.142
SPATA22,0.12813,0.0433,0.142
EID2,0.10712,0.0435,0.142
MIR429,0.1614277,0.111,0.142
CDH18,0.1164814,0.111,0.142
LOC441601,-0.8120398,0.00805,0.142292
OST4,-0.9732873,0.0081,0.142816
CBX6,-0.16348,0.0437,0.143
METTL9,-0.167245,0.0438,0.143
TLX2,-0.1893175,0.0439,0.143
ANXA8L1///ANXA8,0.2439536,0.112,0.143
C2ORF27B,0.1603545,0.112,0.143
TUBA3D,-0.190815,0.0436,0.143
SI,-0.0902482,0.112,0.143
ITGB6,-1.1512736,0.00819,0.143826
PRKG2,0.3207323,0.112,0.144
SNX31,-0.1439525,0.044,0.144
IFT52,0.1355514,0.112,0.144
TMEM40,0.1829591,0.112,0.144
ZNF696,0.1202259,0.112,0.144
TERB2,0.1354818,0.112,0.144
CCL3L3,-0.710625,0.0441,0.144
SAC3D1,-0.9368402,0.00836,0.144953
PSMD5-AS1,-0.9296846,0.00836,0.144953
KBTBD12,-0.06755567,0.102,0.145
ZBED9,0.120955,0.0446,0.145
ACVR1C,-0.2730773,0.113,0.145
LINC00272,-0.1241959,0.113,0.145
PPP2R5C,-0.1011964,0.113,0.145
LOC100996713///HIST2H2BF///FCGR1B,0.130625,0.114,0.145
LPAR2,0.1295795,0.114,0.145
ZNF847P,-0.2574877,0.113,0.145
OR8D1,0.0986175,0.0447,0.145
GALNTL5,0.1026723,0.114,0.146
LOC100131943,-0.1615795,0.114,0.146
SNORD115-38,0.19792,0.114,0.146
RPL14///RPL14,0.1430545,0.114,0.146
UBAC2-AS1,-0.159815,0.0452,0.146
LOC641746,0.19049,0.0449,0.146
LINC00626,-0.2064275,0.0451,0.146
PRAP1,-0.1447525,0.0451,0.146
NPHP3,0.242965,0.0451,0.146
NIPSNAP3A,-0.1742918,0.114,0.146
CDC45,-0.1129295,0.114,0.146
SPATA1,0.1149675,0.045,0.146
LANCL2,-0.114695,0.045,0.146
TMT1A,-0.786669,0.00849,0.146112
HIST1H1A,-1.3558908,0.00856,0.146612
COLEC12,-0.430375,0.0453,0.147
HSPC081,-0.1461225,0.0455,0.147
MSR1,-0.3471445,0.115,0.147
HSP90AB6P,-0.0796545,0.115,0.147
RIT2,0.1418618,0.115,0.147
GPRIN3,-0.2057782,0.115,0.147
SYT4,-0.15650896,0.104,0.147
LOC650293,-0.187165,0.0455,0.147
SAP30BP,0.17753,0.0454,0.147
CRB1,-0.1676375,0.0453,0.147
TMEM174,0.108395,0.0452,0.147
DMP1,-0.121985,0.0458,0.148
OR5M9,0.1295136,0.116,0.148
MPZL2,-0.2467625,0.0459,0.148
SYNE3,0.1377145,0.115,0.148
DICER1-AS1,-0.1448159,0.116,0.148
ODF3,0.1474968,0.116,0.148
GEMIN4,0.1905175,0.0458,0.148
INA,-0.1724,0.0458,0.148
FNTA,0.14754,0.0461,0.148
CARD18,-0.1231673,0.116,0.149
GPR19,-0.14687,0.0463,0.149
TMPRSS5,0.2408625,0.0463,0.149
ID4,-0.1942459,0.116,0.149
KRTAP5-3,0.08376492,0.105,0.149
AHRR,-0.296725,0.0464,0.149
ZNF69,-0.114535,0.117,0.149
STARD13-AS,0.1205825,0.0463,0.149
LOC643733,-1.0722813,0.00883,0.149179
ARHGEF9,-0.8982898,0.00892,0.149647
NXF1,-0.0890409,0.117,0.15
TMEM202,0.0953664,0.118,0.15
TBL1X,-0.1489625,0.0467,0.15
PDP1,-0.1436282,0.118,0.15
ATOH7,0.1167555,0.118,0.15
FEV,0.1315341,0.118,0.15
ZNF730,-0.13569423,0.106,0.15
MTERF1,-0.213875,0.0469,0.15
NUDT3,-0.7787363,0.00904,0.150618
CRYGA,0.1127077,0.119,0.151
KRTAP12-2,0.1351591,0.118,0.151
LINC00208,0.1165259,0.119,0.151
SNORD115-44///SNORD115-43///SNORD115-41///SNORD115-40///SNORD115-39///SNORD115-36///SNORD115-29///SNORD115-26///SNORD115-25///SNORD115-22///SNORD115-20///SNORD115-19///SNORD115-18///SNORD115-17///SNORD115-16///SNORD115-13///SNORD115-12///SNORD115-11///SNORD115-9///SNORD115-7///SNORD115-5///SNORD115-3///SNORD115-2///SNORD115-1///SNRPN,-0.2572341,0.118,0.151
MAGEA2B,-0.2080825,0.0473,0.151
PACERR,-0.100105,0.0473,0.151
LARGE-AS1,-0.8677033,0.00913,0.151398
HIST1H2BN,-0.9454559,0.00913,0.151398
OR7E156P,0.326715,0.0478,0.152
UBOX5,0.330755,0.0476,0.152
LOC100507557,-0.13806,0.0478,0.152
LINC00477,0.1088355,0.119,0.152
PTAR1,-0.1985386,0.12,0.153
NSUN4,0.181485,0.0479,0.153
COPS9,-0.0891225,0.0481,0.153
OR10H1,0.1672745,0.12,0.153
OR5W2,0.1537855,0.12,0.153
IRGQ,0.0892568,0.12,0.153
ADGRB2,0.0936041,0.12,0.153
OR6M1,0.08362,0.0482,0.153
LOC105376714///SLC30A4,-0.289395,0.0479,0.153
AP2S1,-0.9641513,0.0094,0.153881
MGME1,-0.9299929,0.00942,0.153881
CFAP58-AS1,-0.148705,0.0485,0.154
LINC00305,-0.1764,0.0484,0.154
CCDC129,-0.1931732,0.121,0.154
BIRC8,0.08191828,0.109,0.154
MED8,0.15283,0.0486,0.154
CROCC,-0.15858,0.0487,0.154
ECHDC2,0.196505,0.0486,0.154
GABRA4,0.1526377,0.121,0.154
PLAC1,0.1044027,0.121,0.154
KIAA1217,0.18149,0.0489,0.155
IFNA8,-0.09444449,0.109,0.155
MIR181B1,0.07876672,0.109,0.155
OR2Y1,0.1417191,0.122,0.155
MIR377,-0.2049491,0.122,0.155
OR13C9,-0.1237327,0.122,0.155
GOLGA6L2,0.0926886,0.122,0.155
KCNH7,0.0859227,0.122,0.155
NXPE1,0.1241236,0.122,0.155
FASTK,0.1308686,0.122,0.155
B3GAT1,0.0948086,0.122,0.155
CBR3-AS1,-0.178145,0.0489,0.155
LINC00943,-0.1091875,0.0495,0.156
PIH1D1,0.13533,0.0496,0.156
SNORD115-7///SNRPN,-0.10988656,0.111,0.156
IZUMO2,0.1155705,0.122,0.156
TTC24,0.1174059,0.122,0.156
STRIP1,-0.0991164,0.122,0.156
LRAT,-0.1163814,0.123,0.156
ATP5G3,-0.1088759,0.123,0.156
MROH7,-0.305005,0.0497,0.156
STMND1,-2.1270206,0.0097,0.156653
PRADC1,-0.8910415,0.00971,0.156799
IL22RA2,-0.1338375,0.05,0.157
AMER1,-0.1110855,0.123,0.157
UBXN7,-0.1241568,0.123,0.157
HIF1A-AS2///HIF1A,-1.1673515,0.00973,0.157003
UBE2Q2L,0.1607675,0.0505,0.158
LINC00841,0.10867,0.0505,0.158
C7ORF62,0.109115,0.0505,0.158
RPS16,0.102195,0.0502,0.158
GLT8D1,-0.1487982,0.124,0.158
PPAN,-0.275835,0.0505,0.158
NR1I2,0.0894886,0.125,0.158
OR9H1P,0.1415173,0.125,0.158
CTAGE6,0.183685,0.0502,0.158
MIR200A,0.1258059,0.125,0.158
MIR122,0.0933914,0.125,0.158
GOLGA2P3Y///GOLGA2P2Y,0.1043268,0.125,0.158
RPSA,0.1871875,0.0506,0.159
TCAF2,0.1429325,0.0506,0.159
ZNF532,-0.12635,0.0507,0.159
RBFOX1,-0.1853225,0.0507,0.159
VN1R2,0.1422609,0.125,0.159
MYH4,0.1154468,0.125,0.159
SLC26A3,0.1463814,0.125,0.159
SLC9A4,0.1168709,0.125,0.159
SLC22A14,0.1349741,0.125,0.159
HDDC2///HDDC2,-0.1645127,0.125,0.159
GMCL1P1,-0.1611864,0.125,0.159
C1QL4,0.1388318,0.125,0.159
LINC01598,-1.2522972,0.00994,0.159147
CDC25A,-1.2454227,0.01,0.159921
MEGF10,-0.9587139,0.0101,0.159996
DDI1,0.1462582,0.126,0.16
MRPS27///MRPS27,0.1096095,0.126,0.16
FBXO43,-0.1209609,0.126,0.16
SNORA48///EIF4A1,0.10550673,0.114,0.16
DEFB104B///DEFB104A,0.1240091,0.127,0.161
LOC102724237,0.1379609,0.127,0.161
FAU,0.1691605,0.127,0.161
SMAP1,-0.1104195,0.127,0.161
AHCTF1,0.183475,0.0522,0.162
MORF4,-0.178605,0.0523,0.162
LOC100130456,-0.1308475,0.0522,0.162
XKR3,-0.1121586,0.128,0.162
SET,-0.148445,0.0522,0.162
SLIT1-AS1,-0.1225325,0.0523,0.162
NCEH1,-0.38762,0.052,0.162
OR4K2,0.1214909,0.128,0.162
IFNL2,0.1336795,0.128,0.162
MMD,-0.8957532,0.0104,0.162212
LOC101926935,-1.2674563,0.0104,0.162618
ENDOU,1.5112337,0.0105,0.162789
LMOD3,-0.14877,0.129,0.163
TMEM102,0.0999427,0.129,0.163
SV2C,0.1157055,0.129,0.163
GJA10,0.1242241,0.128,0.163
ZC3H18-AS1,0.1092677,0.129,0.163
GSX2,0.1043127,0.129,0.163
CPT1B,-0.338165,0.0528,0.163
LOC284241,0.08384709,0.117,0.164
STX8,-0.08042474,0.117,0.164
ETNPPL,0.1225882,0.13,0.164
MIR199B,-0.1324027,0.129,0.164
OR51L1,0.1556436,0.13,0.164
ARL6IP6,0.1737775,0.0529,0.164
DDO,-0.1141177,0.13,0.164
PPP1R14D,0.1422641,0.129,0.164
LOC101930085,0.217225,0.0532,0.164
VCX2,-0.3811175,0.053,0.164
CCDC144B///CCDC144A,-0.1076,0.0535,0.165
LOC100289361,0.335505,0.0536,0.165
LOC440934,0.1443425,0.0537,0.165
DNAJC5G,0.0977214,0.131,0.165
RESP18,0.1119641,0.131,0.165
MIR519A2///MIR517C,-0.2322718,0.13,0.165
OR2J3///OR2J2,0.1021977,0.131,0.165
NOX4,-1.197219,0.0108,0.165998
CARD17///CARD17,-0.1760577,0.131,0.166
RGS21,0.1284705,0.131,0.166
LOC100132004,0.092505,0.0539,0.166
LOC105371352,0.1709625,0.0537,0.166
SNHG1,-0.25676,0.054,0.166
PRDM7,0.0831916,0.119,0.166
S100A7L2,-0.1422755,0.131,0.166
TAF7L,0.091115,0.0544,0.167
OR2W5,0.1391432,0.132,0.167
PRSS54,0.1190795,0.132,0.167
TMEM114,-0.1374375,0.0546,0.167
OR10D1P,0.1293986,0.132,0.167
IFNA13,0.1418459,0.133,0.167
DNAJC3-AS1,-1.1041401,0.011,0.167294
C8ORF88,-0.829837,0.011,0.167546
EMSY,-0.9376079,0.0111,0.167649
LINC00662,0.22863,0.0548,0.168
TUBD1,-0.1097836,0.134,0.168
LOC107987020,-0.382,0.0551,0.168
BTBD10,-0.141085,0.055,0.168
BLOC1S1,0.1998375,0.0548,0.168
PPEF1,0.1403282,0.133,0.168
C17ORF100,-0.16421,0.0554,0.169
SNORD115-14,-0.1556773,0.134,0.169
SNORD13P2,0.1450332,0.134,0.169
MIR504,0.1323355,0.134,0.169
OR11H4,0.13815,0.134,0.169
TMEM136,-0.7042894,0.0112,0.169032
FAM210B,-0.8826297,0.0113,0.169142
STK24-AS1,-0.1346075,0.056,0.17
OR8U9///OR8U8///OR8U1,0.1131064,0.136,0.171
HOXD12,0.1176995,0.136,0.171
LDHAL6B,0.1259705,0.136,0.171
SNCB,0.1214414,0.135,0.171
SLC6A2,0.1196309,0.136,0.171
LINC01599,-0.1390455,0.136,0.171
OPRPN,0.13354,0.135,0.171
GOLGA7B,0.1168291,0.135,0.171
AREL1,0.09364,0.0561,0.171
POM121L10P,0.098515,0.0564,0.171
AQP7,0.1312925,0.0563,0.171
RASA4,-0.3460225,0.0561,0.171
MGC10814,0.3394675,0.0562,0.171
SMG1P1,0.135525,0.0562,0.171
SNORD22,-0.2050925,0.057,0.172
IRAK1,0.0975786,0.137,0.172
ATP5J,0.1638525,0.0569,0.172
OR2G6,0.1031064,0.136,0.172
REG1B,0.1455255,0.137,0.172
KTI12,-0.1573275,0.0569,0.172
TLDC1,-0.191485,0.0566,0.172
ABCG2,-0.13975179,0.124,0.173
DUSP9,0.1318536,0.137,0.173
APIP,-0.1520373,0.137,0.173
CMTM1,-0.139305,0.0573,0.173
ANKRD20A8P,0.28403,0.0571,0.173
LOC731157,0.1595373,0.138,0.173
BHMT,0.1271955,0.138,0.173
ADAM30,0.1262377,0.137,0.173
UNC45A,0.0776936,0.138,0.173
TBX15,0.2849409,0.139,0.174
LOC641367,0.1025532,0.138,0.174
ATXN3L,0.1000841,0.139,0.174
RAP2C-AS1,0.127395,0.0576,0.174
SLC2A4,-0.1113475,0.0576,0.174
HBG2,-0.2316425,0.0575,0.174
SOGA1,0.1023382,0.139,0.174
QIQN5815,-0.1337414,0.138,0.174
PRDX2,0.0926432,0.138,0.174
FUT9,-0.8108835,0.0121,0.17498
SLC43A3,0.202185,0.0581,0.175
TMEM161B-AS1,-0.2266425,0.058,0.175
CTAGE7P,-0.1416475,0.058,0.175
SLC16A1-AS1,-0.1780825,0.0583,0.175
LINC00544,0.0970932,0.14,0.175
ZNF74,0.0871505,0.139,0.175
OR51T1,0.1246623,0.139,0.175
MIR520C///MIR520B,-0.2302941,0.14,0.175
MAST1,0.1102682,0.139,0.175
APCDD1L,-0.8875876,0.0122,0.175387
MCM2,-0.8718043,0.0122,0.175454
RNASE11,-0.6351222,0.0123,0.175829
C1QTNF9B,-0.115115,0.0584,0.176
KRTAP4-8,0.0895525,0.0586,0.176
SSX2,-0.1578575,0.0585,0.176
CD80,0.2810264,0.14,0.176
SNRNP27,0.1287732,0.14,0.176
STRADA,0.1067525,0.0585,0.176
LOC101929550,0.0765325,0.0592,0.177
CD74,-0.3748875,0.0593,0.177
SEC1P,0.1199582,0.141,0.177
OR7A5,0.1161625,0.0591,0.177
IDH1-AS1,0.21127,0.0589,0.177
SPRR2C,-0.2517975,0.0589,0.177
BMP5,-0.3425025,0.0589,0.177
MCHR2,0.0999618,0.141,0.177
KERA,-0.129535,0.0592,0.177
LOC400756,-0.097205,0.0593,0.177
YPEL5,-0.0942209,0.141,0.177
IL19,0.1340082,0.142,0.178
CROCCP3,0.0943123,0.142,0.178
CYLC2,0.1391755,0.142,0.178
THRSP,-0.09030612,0.129,0.179
MYBBP1A,0.1196732,0.143,0.179
LOC100288160,-0.1462423,0.143,0.179
HLA-DQA1,0.5132759,0.143,0.179
PIGU,-0.1238175,0.0601,0.179
LOC105377450,0.3226275,0.0599,0.179
TMCC1,-0.1085386,0.143,0.179
ANKRD6,0.1097175,0.0602,0.179
C11ORF52,0.4333275,0.0598,0.179
ZNF367,-0.7196403,0.0127,0.17909
MID2,-0.7220895,0.0127,0.179406
MRPS16,-0.7775737,0.0127,0.179406
CD200R1L,-0.1133273,0.144,0.18
CHKB,0.1575775,0.0605,0.18
NBPF10,0.1834675,0.0603,0.18
NBPF14,0.24761,0.0606,0.18
LOC105379362,0.325505,0.0603,0.18
EMX2OS,-0.1648825,0.0607,0.18
URGCP-MRPS24///URGCP,-0.1166482,0.144,0.181
ZNF32,0.1768125,0.061,0.181
TRMU,-0.0809023,0.144,0.181
P2RX5-TAX1BP3///P2RX5,-0.2364995,0.145,0.181
PABPN1,0.1057125,0.0609,0.181
METTL3,0.1383775,0.0612,0.181
FNDC10,0.30642,0.0612,0.181
LINC00854,-1.3232298,0.013,0.181334
FOXD2-AS1,-0.9152619,0.013,0.181523
HRNR///RPTN,0.120835,0.146,0.182
ATP6V0CP3,0.1733,0.0617,0.182
CYB5R1///CYB5R1,0.1584173,0.145,0.182
CELF2-AS1,0.1120241,0.146,0.182
OMG,0.1242045,0.146,0.182
RNASEH2A,-0.1045818,0.145,0.182
LINC01565,0.0952655,0.146,0.182
OR12D3,0.1149032,0.145,0.182
SIK1,-0.1807475,0.0616,0.182
OR5H2,0.0931132,0.146,0.182
GLYCAM1,-0.1223975,0.0614,0.182
SPPL3,0.1052325,0.0615,0.182
LOC100130264,0.1189391,0.146,0.182
GPR12,0.1157905,0.145,0.182
LOC284242,-0.12852,0.0614,0.182
OR10A2,0.085015,0.0614,0.182
RACGAP1P,-0.1166977,0.146,0.183
VAMP7,0.19079,0.062,0.183
MIR19B2,-0.1027614,0.147,0.183
PATL2,0.1241545,0.147,0.183
CTAGE1,-0.0931273,0.146,0.183
TMEM105,0.219685,0.0619,0.183
PPARGC1A,-0.10362161,0.133,0.183
PLD5,-0.7522447,0.0134,0.18379
PARM1,0.1626409,0.147,0.184
TBC1D22A,0.0900541,0.147,0.184
MIGA2,-0.11059,0.0623,0.184
OR5AP2,0.1356927,0.148,0.184
EXO5,-0.16408,0.0625,0.184
PSMA3-AS1,-0.7517272,0.0135,0.184459
KBTBD6,-1.3772258,0.0136,0.184675
BTBD19,0.8463128,0.0136,0.184976
C5ORF24,0.2286825,0.0627,0.185
LINC01114,0.075305,0.063,0.185
CRLF2,-0.127555,0.0631,0.185
DEFB4A,-0.8329925,0.0628,0.185
FBXW12,0.1136668,0.148,0.185
KCNV1,0.0984982,0.148,0.185
LECT2,0.1174436,0.148,0.185
TAAR8,0.0932477,0.148,0.185
KIF9-AS1,0.10818,0.0628,0.185
AP4S1,0.1671936,0.148,0.185
FLJ32742,0.09537387,0.135,0.185
GNG13,0.14889,0.0628,0.185
GABRA5,-1.1491791,0.0137,0.185231
NDUFA13,-0.1397375,0.0634,0.186
ERVV-1,-0.11265,0.0634,0.186
OR5J2,-0.1022136,0.149,0.186
AGBL3,-0.1206525,0.0633,0.186
LOC102724250,0.093075,0.0636,0.186
VCY,-0.195835,0.0636,0.186
FZD10-AS1,-0.1326925,0.0635,0.186
KDELR1,-0.9467543,0.0138,0.186303
CYP4F11,-0.8486224,0.0138,0.186554
LECT1,0.1298977,0.15,0.187
RAD21L1///SNPH,0.0793155,0.15,0.187
MBL2,0.0809614,0.15,0.187
TULP2,0.0994014,0.15,0.187
PAGE2,-0.16695,0.0641,0.187
CLDN11,-0.08615,0.0638,0.187
LRRC8C,-0.2404425,0.0644,0.188
FAM167A-AS1,0.1631223,0.151,0.188
TMEM35B,0.2180075,0.0645,0.188
SEPT14,0.1850175,0.0642,0.188
LOC100132790,-1.206275,0.0141,0.188077
LOC100131864,-0.7640959,0.0142,0.188873
PAIP2,0.1783925,0.0648,0.189
SMIM6,-0.630235,0.0648,0.189
KLRC2,-0.2989327,0.151,0.189
ANKRD49,-0.07608254,0.137,0.189
VEZF1,0.0888118,0.151,0.189
NUBP2,0.1266332,0.152,0.189
PFKFB1,-0.2092732,0.152,0.189
C4ORF50,0.1314318,0.152,0.189
MROH2B,0.1165214,0.151,0.189
EPYC,-0.8736379,0.0143,0.189753
CSTL1,-0.1270036,0.153,0.19
PRSS56,-0.110435,0.0652,0.19
PCDHGA7,-0.10671,0.0651,0.19
IL5,-0.220265,0.0655,0.191
RCC1L,0.172915,0.0655,0.191
SPG7,0.1057025,0.0659,0.191
ING1,-0.0789786,0.154,0.191
OR1B1,-0.0879232,0.154,0.191
EFCAB3,0.1027432,0.154,0.192
RSPO2,0.4056475,0.0662,0.192
LINC01578,0.3472825,0.0663,0.192
C16ORF72,-0.072935,0.155,0.192
UBE2K,0.123085,0.0659,0.192
LOC255177,-0.1172125,0.0663,0.192
NXF4,0.0752668,0.154,0.192
SMYD1,0.1573114,0.155,0.192
BMP3,0.1055925,0.0664,0.192
MED18,-1.2486852,0.0146,0.192569
LOC101927809,-0.12985,0.0668,0.193
TRMU///GTSE1,-0.166855,0.0664,0.193
RPL6,-0.1234975,0.0664,0.193
RPL36A-HNRNPH2///FSTL5///RPL36A,-0.1195241,0.155,0.193
OR11G2,0.080925,0.0668,0.193
CHMP4A,0.13257,0.0671,0.194
KLHDC7A,0.0858895,0.156,0.194
OR10AG1,0.1138759,0.156,0.194
PLPP6,-0.1101386,0.156,0.194
OR51E2,-0.100225,0.0673,0.194
RNA45S5///RNA18S5,-0.1076773,0.157,0.195
HEPN1,0.1497973,0.157,0.195
HNRNPCL2,0.1241105,0.157,0.195
OR4A47,0.1625486,0.157,0.195
MUTYH,0.0807864,0.157,0.195
PRR29,-0.9235875,0.0676,0.195
PITX2,-0.1947275,0.0677,0.195
MILR1,-0.9850317,0.015,0.195429
LOC101929305,-0.8388708,0.0151,0.195927
LOC102724951///LOC102724843///LOC102724219///LOC102723360///LOC389831,-1.4758273,0.0151,0.195927
OR52K3P,-0.2076925,0.0679,0.196
PGLYRP3,0.1182995,0.157,0.196
SUPV3L1,-0.1022823,0.158,0.196
EEF2,0.0903455,0.158,0.196
NEIL2,-0.0726323,0.158,0.196
PRDM10///FABP1,0.0900473,0.158,0.196
SUN1,-0.1132336,0.158,0.196
MZT2B///PHGDH,0.1515523,0.158,0.196
LOC158863,0.16204,0.0682,0.196
DHX37,-0.2141725,0.0684,0.197
TPD52L3,0.09777,0.159,0.197
ASB4,0.1363459,0.159,0.197
EPHB1,-0.1185625,0.0685,0.197
DEFB107B///DEFB107A,0.1205055,0.159,0.197
C16ORF92,0.1217309,0.159,0.197
NUDC,-0.1539773,0.16,0.198
LINC00311,0.0808782,0.16,0.198
ZC2HC1B,-0.1363586,0.16,0.198
UGT2B7,0.1924027,0.16,0.198
ASS1,-0.2778875,0.0691,0.198
KCNK18,-0.0936225,0.0691,0.198
SERPINA12,0.1072305,0.16,0.198
RFPL3S,-1.193955,0.0154,0.198807
ZSCAN12P1,-0.094655,0.0696,0.199
PLEKHG1,-0.2676275,0.0696,0.199
PDILT,0.1131809,0.161,0.199
SLC3A1,0.124295,0.16,0.199
C10ORF95,0.4189425,0.0696,0.199
AZIN1-AS1,-1.3642474,0.0155,0.199494
LOC100128233,-0.1610045,0.161,0.2
SETMAR,-0.1314882,0.161,0.2
RAX2,0.332585,0.0701,0.2
MAML2,0.092815,0.0698,0.2
OR2W1,-0.13721,0.0701,0.2
WWTR1-AS1,-0.1397625,0.0699,0.2
OR5B12,0.1049509,0.162,0.2
NDUFB2,0.06937949,0.147,0.201
ARHGEF3,0.1136391,0.162,0.201
YWHAEP1,0.132845,0.0703,0.201
LRR1,0.11713,0.162,0.201
OR4B1,-0.1623705,0.162,0.201
PAPOLB,-0.0832425,0.0707,0.201
ST3GAL6,0.22717,0.0705,0.201
PGBD1,0.104615,0.071,0.202
IL1F10,0.0933368,0.163,0.202
LOC101928185,-0.0967075,0.0712,0.202
XKRY2,0.097795,0.0711,0.202
SPIN2B///SPIN2A,-0.0883432,0.163,0.202
TMEM81,-0.9361227,0.0159,0.202732
HLA-C,-1.1974223,0.0159,0.202835
DKFZP434A062,-0.1214925,0.0714,0.203
COPRS,-0.0984773,0.164,0.203
CIB3,0.1020282,0.164,0.203
AGMO,-1.0326691,0.0161,0.203471
LOC101928377,0.8811674,0.0161,0.203501
LRRC37A4P,-1.817112,0.0161,0.203541
LOC100190986,0.2705,0.072,0.204
CCDC158,-0.1578059,0.165,0.204
MIR31,-0.2076836,0.166,0.204
CCDC26,0.0975755,0.165,0.204
KLHL1,0.0836245,0.165,0.204
STON1-GTF2A1L,0.134585,0.0721,0.204
RASA4CP,-0.12556,0.0717,0.204
MIR194-1,0.1360068,0.166,0.205
GTF3C6,-0.136425,0.0725,0.205
NANOGP1///NANOG,0.0901273,0.166,0.205
KLHDC10///KLHDC10,0.1456132,0.166,0.205
IL12B,0.1094118,0.166,0.205
MAGI2-AS3,0.1337225,0.0726,0.205
LOC729737,0.2164425,0.0723,0.205
TBC1D2B,0.20922,0.0723,0.205
PAXBP1-AS1,0.1003825,0.0722,0.205
OR2AK2,0.1118691,0.167,0.206
PRB3,-0.16616,0.0729,0.206
TAAR2,0.1179836,0.167,0.206
LOC105377832,0.1104275,0.0731,0.206
SLC52A2,-0.176545,0.0729,0.206
PROZ,0.1181559,0.168,0.207
CA10,0.0991823,0.168,0.207
KRTAP12-1,0.10188,0.0735,0.207
SNHG7,0.2455275,0.0735,0.207
GATSL2,-0.14047,0.0737,0.207
FLJ33360,0.087955,0.0735,0.207
TBL1Y,-0.1325575,0.0738,0.207
SRGAP3,-1.0939228,0.0167,0.207179
RAD21L1,0.1029277,0.169,0.208
SP4,-0.0839245,0.169,0.208
C9,0.0960164,0.169,0.208
LRTM2,0.0881145,0.169,0.208
STAMBP,0.116985,0.168,0.208
LINC01480,-0.3094925,0.0743,0.208
ANKRD66,-1.5880796,0.0169,0.208442
PRKCQ-AS1,1.375227,0.0169,0.208867
CYP4Z2P,0.07469413,0.154,0.209
LINC00470,-0.1746732,0.169,0.209
HCG9,0.0996623,0.169,0.209
PATE1,0.0954386,0.17,0.209
FLJ41170///FLJ41170,0.0726543,0.154,0.209
LINC00301,0.0877377,0.17,0.209
SPESP1,-1.2206488,0.017,0.209543
SPO11,0.0915105,0.17,0.21
PSTK///PSTK,0.1172405,0.171,0.21
RSPH10B,-2.0725988,0.0173,0.210906
MAN1B1-AS1,0.1375625,0.0758,0.211
CTAG1A,-0.46345,0.0759,0.211
GCSHP3,0.1814075,0.0759,0.211
ORF1,0.1105075,0.0759,0.211
ST13,-0.1272725,0.0755,0.211
DEFB4B///DEFB4A,0.09125416,0.156,0.211
TSPY3,-0.1114275,0.0755,0.211
CREB3L4,0.1120991,0.171,0.211
RLN2,-0.1226636,0.171,0.211
TTTY14,0.1800895,0.171,0.211
PRKAG1,-0.0974882,0.172,0.211
RGPD1,0.13257,0.0759,0.211
C11ORF97,-2.0505822,0.0174,0.211483
HAND2,0.0954973,0.172,0.212
ABCC11,0.100665,0.172,0.212
GOLGA8IP,0.2052075,0.0765,0.212
CASC7///AGO2,0.06607,0.0761,0.212
SCGB1D1,0.1108755,0.172,0.212
MIR181A2HG,-0.092565,0.0767,0.213
ETFB,0.13831,0.0769,0.213
KRTAP10-5,0.08696355,0.157,0.213
LOC440446,0.1369886,0.173,0.213
TSACC,0.0905355,0.173,0.213
LOC613266,0.1162905,0.173,0.213
MED14OS,-0.174365,0.0765,0.213
GNGT1,-0.131525,0.0774,0.214
MCC,0.20029,0.0775,0.214
P2RY13,0.2978425,0.0775,0.214
PTGER3,-0.1564725,0.0772,0.214
TOMM5,-0.1359725,0.0774,0.214
LOC100505622,-0.094775,0.077,0.214
RTL1,0.12885,0.174,0.214
CER1,0.0980827,0.174,0.214
LINC01023,0.1515325,0.0775,0.214
GSTT2,-1.0312256,0.0178,0.214382
LOXL1-AS1,-0.1053375,0.0778,0.215
ASAP1-IT2,0.192945,0.0778,0.215
LOC105378997,0.10249,0.0778,0.215
STXBP5L,0.08451,0.0779,0.215
UNC50,0.197265,0.0779,0.215
EBLN1,0.1544473,0.175,0.215
METTL7B,0.1053959,0.175,0.215
BEND2,0.0814805,0.175,0.215
DCAF16,0.1011086,0.175,0.215
CD99L2,0.0705341,0.175,0.215
TOPORS-AS1,-0.1560375,0.0779,0.215
PAPLN///NDRG2,0.1052314,0.175,0.215
BEST3,0.0528086,0.175,0.215
LRRC37A2,-1.4934953,0.0179,0.215089
PGBD4,0.1246825,0.0783,0.216
ANKRD34C-AS1,0.072425,0.0783,0.216
KRT28,0.101645,0.0783,0.216
TMEM74,0.1202468,0.176,0.216
PIGR,0.49312,0.0784,0.216
A1BG-AS1,-0.7920045,0.0181,0.216278
OR14J1,0.0989441,0.177,0.217
VCX3A,-0.3655425,0.0791,0.217
CCDC169,-0.1193125,0.079,0.217
SERF2,0.181045,0.0792,0.217
SMAD5-AS1,0.1027018,0.176,0.217
VPS29,0.102715,0.079,0.217
GAGE3,-0.1387375,0.0789,0.217
LINC00221,-0.181495,0.0789,0.217
RPL28,-0.081305,0.177,0.217
GRIN3A,0.1109332,0.177,0.217
CXXC1P1,0.0919655,0.177,0.218
SUPT5H,0.0868945,0.178,0.218
EEF1E1,-0.1824325,0.0794,0.218
CLCA3P,0.0704909,0.177,0.218
C1ORF132,1.440964,0.0184,0.218297
TOB1,-0.1352964,0.179,0.219
OR10R2,0.0817125,0.0798,0.219
NACA2,-0.0877975,0.08,0.219
LOC644172///MAPK8IP1,0.2369832,0.178,0.219
MS4A13,0.087035,0.178,0.219
HYAL3,-0.170365,0.0798,0.219
GIN1,-0.0738046,0.162,0.219
ZNF442,0.103155,0.08,0.219
CCDC38,0.10087,0.0803,0.219
LOC100422526,-1.3599813,0.0186,0.219464
TMEM110,0.115905,0.0806,0.22
SLC34A2,0.30493,0.0804,0.22
THNSL2,0.1738282,0.18,0.22
SDHAP2///SDHAP1///LOC220729,0.07567194,0.163,0.22
LOC101929762,0.0822432,0.179,0.22
PXN-AS1,0.2368725,0.0804,0.22
H3C2,-0.6379218,0.0188,0.220773
CSMD2,0.096925,0.081,0.221
ZFYVE21,0.1909875,0.0811,0.221
LINC00623,-0.7309817,0.0189,0.221223
THOC3,-0.8302464,0.0189,0.221223
NRAV,-1.0047659,0.019,0.221529
TMED8,0.1516875,0.0819,0.222
TNFRSF6B,-0.5059425,0.0814,0.222
PPP3R2,-0.09901,0.0816,0.222
FAM41C,-0.10365,0.0819,0.222
TGM5,0.0677282,0.181,0.222
FLJ40194,0.0990759,0.181,0.222
GJC2,0.0963045,0.181,0.222
SNAP23,0.1760625,0.0818,0.222
SLC5A7,-0.16278,0.182,0.223
MIR365A,-0.1121132,0.182,0.223
LOC645321,-0.15818,0.0824,0.223
TMEM78,0.1285555,0.182,0.223
KLRC4-KLRK1///KLRK1,-0.3034282,0.182,0.223
FLJ30901,-0.0893275,0.0824,0.223
SPINT3,0.1029495,0.182,0.223
LINC01590,-1.0347275,0.0193,0.223166
ANKS6,-1.0128398,0.0194,0.223552
LOC283861,0.138855,0.0825,0.224
NHLH2,0.0916241,0.183,0.224
MRPL27,-0.1107809,0.183,0.224
LOC100505841,-1.1201332,0.0196,0.224685
HMGB1,0.7088319,0.0197,0.224723
HLA-DRB4,-0.235655,0.0831,0.225
CCDC174,0.1452475,0.0835,0.225
OR5F1,-0.077655,0.0834,0.225
MYOT,0.1361925,0.0833,0.225
DKFZP434I0714,-0.0907577,0.184,0.225
MECR,0.07659,0.184,0.225
RTEL1,-0.6726086,0.0197,0.225013
TCOF1,0.1387125,0.0836,0.226
ZNF133,0.196525,0.0839,0.226
C5ORF46,-0.1289825,0.0838,0.226
PABPC1L2B///PABPC1L2A,-0.0862582,0.185,0.226
C5ORF66,0.1029986,0.185,0.226
C8ORF49,0.09918,0.185,0.226
C1ORF109,-0.1065082,0.185,0.226
SGSM3,-0.7006419,0.0201,0.226527
TMEM261,-0.17596,0.0842,0.227
LINC00589,-0.130575,0.0844,0.227
B3GALT1,0.1495959,0.185,0.227
CCHCR1,-0.7620674,0.0201,0.227159
MINCR,-0.1577125,0.0847,0.228
C1QL1,-0.1306625,0.085,0.228
MAML1,0.1093025,0.0849,0.228
TAS2R1,0.1101632,0.187,0.228
C3ORF33,0.1395518,0.186,0.228
FAM9C,0.1098177,0.186,0.228
MIR210HG,0.20786,0.0846,0.228
VCX,-0.357685,0.0847,0.228
BMP15,0.1017527,0.187,0.228
FBXO10,-0.13501,0.0851,0.228
OR2A25,-0.0972625,0.0855,0.229
PPCDC,-0.097485,0.188,0.229
LOC399898,0.1418077,0.187,0.229
FCRL1,0.1774345,0.187,0.229
ETV3L,0.0967618,0.188,0.229
FAM86JP,0.0920132,0.187,0.229
APBA1,-0.0889475,0.0854,0.229
DCAF5,0.1179925,0.0856,0.229
FAM166B,-1.7522139,0.0206,0.229158
FLJ21408,-0.799319,0.0207,0.229846
UROC1,-0.8205205,0.0207,0.229996
AADACL4,0.1177673,0.189,0.23
LOC729461///FAM230B///FAM230C,0.06290086,0.172,0.23
GABRA2,-0.1156725,0.0862,0.23
MAGEA9,-0.127725,0.0859,0.23
POTEM,-0.217435,0.0862,0.23
GPR85,-0.0942525,0.0866,0.231
H3F3A,-0.1669275,0.0865,0.231
SVOP,0.1087686,0.189,0.231
PCDHA11,0.2567575,0.0867,0.231
GUCA1C,-0.0759375,0.0867,0.231
CSN1S2AP,0.1074582,0.189,0.231
DHRS13,-0.1014059,0.19,0.231
CELA1,0.1026473,0.189,0.231
KDM6A,0.09465284,0.173,0.231
RFC5,-0.0906859,0.189,0.231
C17ORF67,-1.1524615,0.0209,0.231054
LOC401433///NUB1,-0.6834542,0.0209,0.231054
MAEL,-0.7217106,0.0209,0.231314
ANKRD34B,-0.6383888,0.021,0.231421
HCG26,1.1419681,0.021,0.231421
SNORD95,0.1492973,0.19,0.232
ZNF77,0.0923777,0.191,0.232
FAM26D,0.1012832,0.19,0.232
TERF2IP,0.0931468,0.192,0.233
TUBA3E,0.1424227,0.191,0.233
EXOC3L4,-0.14138,0.0874,0.233
DHRSX,-0.2024875,0.0876,0.233
SP7,-0.077055,0.0879,0.233
HYPM,0.1149609,0.191,0.233
OFCC1,0.1279855,0.191,0.233
SNHG12,-0.64732,0.0215,0.23373
NKAIN3,0.1091495,0.192,0.234
CNTNAP5,0.103345,0.192,0.234
TRIM43B///TRIM43,0.0889036,0.192,0.234
SUPT3H,-0.120675,0.088,0.234
GBP1,-0.5777075,0.0882,0.234
LINC01125,0.306165,0.0882,0.234
GABRG3,0.1207318,0.192,0.234
ZPBP2,-0.1348964,0.193,0.234
OTOL1,-0.1077968,0.193,0.234
LOC100506571,-0.116395,0.0883,0.234
TRIM52-AS1,-0.6506423,0.0217,0.234884
CRYGS,0.21914,0.0885,0.235
FOXD2,-0.2953675,0.0887,0.235
KRT40,-0.12282,0.0885,0.235
LOC101927402,-0.11576,0.0885,0.235
TRIML2,-0.22654,0.0888,0.235
IGFBP6,0.5368275,0.0887,0.235
OXCT2,-0.1510125,0.0888,0.235
OR4C12,0.1512795,0.193,0.235
NKX6-1,0.0959918,0.193,0.235
SNORD116-18,0.3962114,0.193,0.235
MASTL,0.08583269,0.176,0.235
RASSF4,0.09505513,0.176,0.235
CLCA1,-0.204305,0.0885,0.235
ARPIN,0.184135,0.0886,0.235
GALNT10,-0.9677991,0.0218,0.235519
SCFV,-2.112345,0.022,0.23594
GSTT4,-0.7057319,0.0219,0.23594
RPS26,0.08496,0.0891,0.236
RAB4A,-0.170765,0.0891,0.236
LOC649294,-0.2034675,0.0893,0.236
LINC01260,-0.11757,0.0893,0.236
LOC101930370,-0.081095,0.089,0.236
HYPK,0.12624,0.0894,0.236
GTF2IP20,0.1534575,0.0893,0.236
ZNF419,-0.0806836,0.194,0.236
CSH1,-0.76608,0.0895,0.236
TPGS1,0.0890609,0.194,0.236
REG3G,-0.9642861,0.0222,0.236459
PLGLB1,-1.2265613,0.0222,0.236744
TTC9B,0.0990636,0.195,0.237
COMMD3,-0.157895,0.0904,0.238
LOC100131289,-0.130675,0.0904,0.238
MYB,-0.587175,0.0902,0.238
FAM95B1,0.2185975,0.0901,0.238
ZIM2,0.0758,0.0907,0.238
LOC100130476,-0.19234,0.0905,0.238
TPRG1,-0.1652068,0.196,0.238
MUSTN1,-0.3389225,0.0904,0.238
CTXN2,-0.1126025,0.0903,0.238
RPS7P5,-0.11439,0.0912,0.239
NRIP2,-0.1009625,0.0909,0.239
CMC4,-0.102175,0.0912,0.239
IFIT5,-0.1837932,0.196,0.239
OR1L1,0.1090459,0.197,0.239
PRDM9,0.1345791,0.197,0.239
ALG11,-0.1614725,0.0909,0.239
TCEAL5,0.2006625,0.0914,0.239
LINC01197,-0.2189625,0.0917,0.24
WDR86-AS1,-0.51015,0.0916,0.24
PARS2,0.0720218,0.197,0.24
CHRNA6,-0.1111855,0.197,0.24
MIR216A,0.0983977,0.198,0.24
CARMN///MIR143,-0.18314,0.198,0.24
TAS2R39,0.0912445,0.197,0.24
LOC650293///OR7E125P///OR7E2P,0.0935227,0.197,0.24
CDC42SE1,0.0927077,0.197,0.24
OR4K1,0.072925,0.0918,0.24
DEFB106B,0.089565,0.0918,0.24
CLP1,0.0953718,0.198,0.24
LINC01232,-0.7209155,0.0228,0.240257
PPP1R3E,-1.0506114,0.0228,0.240257
PLCZ1,-0.7212001,0.0229,0.240715
LOC100288860,0.21686,0.0924,0.241
IL1RL2,-0.1432168,0.198,0.241
CALB1,0.1214764,0.199,0.241
FAM19A3,0.1044055,0.198,0.241
SNORA28,-0.1714664,0.199,0.241
MUM1,0.092875,0.0923,0.241
MIF-AS1,-0.1772,0.0921,0.241
LOC55338,0.1391291,0.199,0.241
ABHD3,0.158605,0.0931,0.242
SYCE1L,-0.249875,0.093,0.242
PCDHA4,-0.1433555,0.2,0.242
RBM44,-0.166695,0.199,0.242
LENG1,0.0757305,0.2,0.242
ACTL9,0.0704575,0.0936,0.243
DTX2P1-UPK3BP1-PMS2P11,-0.15955,0.0935,0.243
DNAJB7,0.0899691,0.201,0.243
DDX4,-0.0877225,0.0934,0.243
EDAR,-0.0947925,0.0942,0.244
ZNF714,-0.0938675,0.0943,0.244
IBSP,-0.1524125,0.0939,0.244
STX16,-1.1082613,0.0237,0.244542
DLX3,0.1030482,0.202,0.245
GEMIN8P4,0.0777841,0.202,0.245
FAM45A,0.120215,0.0944,0.245
LOC100507646,-0.0747925,0.0944,0.245
TDRD12,-0.188215,0.0947,0.245
UTP14C,0.137535,0.0946,0.245
VPS8,0.1099225,0.0948,0.245
LINC00654,-0.8446712,0.0239,0.245315
ASB14,-1.6485726,0.024,0.245802
PRL,0.1354023,0.204,0.246
GTSF1L,0.1110927,0.204,0.246
CAMLG,-0.1171541,0.204,0.246
PRDM4,0.0907018,0.203,0.246
MIR26B,-0.1160118,0.203,0.246
IL18,0.257655,0.0951,0.246
GUCY1A2,-1.0135766,0.0242,0.246832
EVI2A,-0.9407186,0.0243,0.246853
GRB14,0.40498,0.0957,0.247
LOC101928303,0.13821,0.0957,0.247
LOC221814,0.0901525,0.0959,0.247
CHST4,-0.2395125,0.0956,0.247
LOC403312,0.1138173,0.204,0.247
RPS20P27,0.0980045,0.205,0.247
ZNF169,-0.0941091,0.205,0.247
CYP2A6,-1.6431199,0.0244,0.247076
PTCHD1,0.1273355,0.206,0.248
LOC100506388,-0.1418275,0.0966,0.248
PKNOX1,-0.0956409,0.205,0.248
SOST,-0.461655,0.0962,0.248
ASCL4,0.1323405,0.205,0.248
PRKACA,0.0817155,0.205,0.248
ARMCX5,-0.1276825,0.0965,0.248
LIPE-AS1,-0.0762875,0.0965,0.248
LOC727820,0.3154325,0.0964,0.248
ATF3,-0.8711375,0.0966,0.248
LOC100506191,-1.0886469,0.0246,0.2481
OR52R1,0.1133941,0.206,0.249
OR5B17,0.0901218,0.206,0.249
C1ORF123,-0.1017145,0.206,0.249
EIF3C,0.2072925,0.0969,0.249
LOC105379704,-0.1015075,0.0969,0.249
SENCR,0.148715,0.0971,0.249
EGFL8,-0.1254425,0.0969,0.249
LOC107133515,0.1212225,0.0973,0.25
CSF1R,0.1227868,0.207,0.25
ING5///ING5,0.0732605,0.207,0.25
LOC100130964,-0.0882675,0.0974,0.25
ZNF99,-0.0958464,0.208,0.251
ACTG1,0.0781455,0.207,0.251
ENDOG,0.0816623,0.208,0.251
ATPIF1,0.1037755,0.208,0.251
BCAR4,0.0638525,0.0978,0.251
KRTAP9-9,0.0819975,0.098,0.251
CDKL3,-0.8144044,0.0255,0.251683
ZNF565,-0.11257,0.0986,0.252
WWOX,0.0796455,0.209,0.252
LOC100129572,-0.0900518,0.209,0.252
CCSAP,-1.0000421,0.0257,0.25267
DLGAP1-AS4,0.07326,0.0987,0.253
MIR9-1,-0.1154777,0.209,0.253
GLRB,-0.1931725,0.0987,0.253
MMP9,0.22209397,0.192,0.253
TMX2-CTNND1///CTNND1,0.1021364,0.21,0.254
LOC100147773,-0.1170475,0.0997,0.254
LIN28B,-0.1390875,0.0998,0.254
ACAP3,-0.097775,0.0997,0.254
ZNF473,-0.1168423,0.21,0.254
EZR,0.9353445,0.0261,0.254223
LOC102723694,0.8736133,0.0261,0.254305
INHA,0.103775,0.212,0.255
KCNJ3,0.090265,0.0999,0.255
RP9P,0.1035691,0.212,0.255
CTNNA3,-0.1292877,0.211,0.255
NETO1,-0.1066475,0.101,0.256
OTUD5,-0.0781945,0.212,0.256
C9ORF153,-0.0907525,0.101,0.256
GLIPR1L2,-0.2096905,0.212,0.256
ACSM1,-0.08084,0.212,0.256
LINC01224,0.1091825,0.101,0.256
SNUPN,-0.08074,0.213,0.257
SLFN5,-0.1768309,0.213,0.257
TMEM238,0.214195,0.101,0.257
CXORF38,-0.0887914,0.213,0.257
KCNJ2-AS1,-0.1744075,0.101,0.257
SPATA3,0.130455,0.101,0.257
LOC643406,0.1073641,0.214,0.257
FAM205A,-0.6573062,0.0269,0.257603
MCF2,-0.5128556,0.027,0.257759
ATP7B,-0.136835,0.214,0.258
RAF1///RAF1,0.0880564,0.215,0.258
ZBTB3,-0.1014677,0.215,0.258
LINC01152,0.1281877,0.214,0.258
CXORF58,-0.135105,0.214,0.258
MRPL47,-0.1446775,0.102,0.258
KRTAP4-12,-0.171585,0.102,0.258
BICDL1,0.0942818,0.214,0.258
GON7,-0.07357208,0.197,0.259
LYZL4,0.0993941,0.215,0.259
MS4A14///MS4A7,-0.2284086,0.215,0.259
OR5B2,-0.1263668,0.215,0.259
PRCD,0.07709,0.103,0.259
UBE2U,-0.0787925,0.102,0.259
LOC101929384,-0.082865,0.102,0.259
SCN8A,0.087295,0.103,0.26
NXPH2,-0.0866668,0.216,0.26
KCNJ18///KCNJ12,0.076455,0.216,0.26
NEUROD1,-0.5857604,0.0275,0.260114
SPDYE8P,-1.0104643,0.0275,0.260114
DDX11,-0.7991911,0.0277,0.260788
SMAD4,0.1089375,0.104,0.261
IQCF6,0.0969225,0.104,0.261
SGK3,0.1446225,0.104,0.261
ITGB2-AS1,-0.10917,0.104,0.261
RUVBL1,-0.19095,0.104,0.261
HAB1,-0.3422175,0.104,0.261
RHD,0.0970575,0.104,0.261
SPAG7,-0.1229825,0.104,0.261
LOC441052,0.0868525,0.104,0.261
HUNK,0.08134,0.104,0.261
CDC42,-0.096255,0.105,0.262
LBX2-AS1,0.0981975,0.104,0.262
HLA-F,0.686593,0.0278,0.262044
GTF2H2C_2///GTF2H2C,-0.6081063,0.028,0.262918
TNFAIP8L2,0.284195,0.105,0.263
UNC79,-0.1500041,0.218,0.263
OR5K1,-0.0941309,0.218,0.263
TLDC2,0.0839773,0.219,0.263
RNF169,-0.1048132,0.219,0.263
ZFP42,0.1129273,0.219,0.263
RTN2,0.079025,0.218,0.263
ZNF479,0.1074027,0.218,0.263
SLC22A5,0.09884,0.22,0.264
KIR3DX1,0.1269873,0.22,0.265
LGALS13,0.1204723,0.221,0.265
CRYBA1,0.0838295,0.222,0.266
INTS4P1,-0.944614,0.0287,0.266375
KHDC4,-0.6046071,0.0288,0.266912
RTN1,0.07555086,0.204,0.267
LINC00593,0.0883125,0.107,0.267
KIAA1958,-0.117575,0.222,0.267
REG1A,-0.14237,0.107,0.267
PMS2CL,-0.0808368,0.223,0.267
ARV1///ARV1,0.0995232,0.223,0.268
BORCS7,-0.1872825,0.108,0.268
LOC105374366,-0.9213064,0.0292,0.268497
DAZ2,-0.6429223,0.0292,0.268763
DPY19L2P3,-0.1351575,0.109,0.269
LVRN,-0.2605259,0.224,0.269
INSL5,-0.11502,0.224,0.269
OR2T4,0.1105405,0.224,0.269
LOC100129775,0.0747875,0.109,0.269
LOC642620,-0.085385,0.108,0.269
DNAJC9-AS1,-0.879712,0.0296,0.269781
SPACA5,0.0833225,0.109,0.27
SPATA19,0.0846618,0.225,0.27
LOC105369209,0.0830664,0.226,0.27
ZC3H10,0.18777,0.109,0.27
MED30,0.173175,0.109,0.27
LINC00633,-0.077375,0.109,0.27
LOC100506700,-0.10705,0.109,0.27
LOC101927038,0.0907825,0.109,0.27
LOC341056,0.1341225,0.109,0.27
LOC100134868,-0.2110418,0.226,0.271
ROPN1L-AS1,-0.1022975,0.11,0.271
ADPRM,0.1347636,0.226,0.271
FIRRE,-0.6457562,0.03,0.271172
OR4C46,0.094525,0.111,0.272
HOXA10,-0.0866486,0.227,0.272
MGAT4EP,0.0938355,0.227,0.272
IQCF2,-0.1152864,0.226,0.272
FKBP9,0.11313,0.227,0.272
HSFY2///HSFY1,-0.0759318,0.227,0.272
LOC100129884,0.0961425,0.11,0.272
PRORSD1P,0.2237725,0.11,0.272
LOC101929412,-0.088615,0.11,0.272
WDR55,0.07251,0.227,0.272
FAM96A,-0.06705261,0.208,0.272
B2M,0.0729682,0.227,0.272
BCL2L12///IRF3,-0.8509197,0.0302,0.272174
SMG1P5,-0.7623189,0.0302,0.272174
EBF2,-1.0251641,0.0304,0.272838
PROSER2-AS1,-0.07751,0.111,0.273
BUD13,0.0976125,0.111,0.273
GJA9-MYCBP///GJA9,-0.1130777,0.228,0.273
FCHSD1,0.0714264,0.228,0.273
GBP7,0.1086995,0.228,0.273
FLJ40712,-0.5918667,0.0306,0.273421
IFNA5,0.1160732,0.229,0.274
MAGEA5,-0.0966825,0.112,0.274
HPD,0.152985,0.112,0.274
TTTY20,-0.0934125,0.112,0.274
HSFY1P1,-0.7165369,0.0308,0.274063
CENPO,-0.7848802,0.0307,0.274063
GAS5-AS1,0.078495,0.112,0.275
LINC00894,0.16024,0.112,0.275
TMEM225,-0.0752375,0.112,0.275
SUMO2,0.0713025,0.112,0.275
LOC102546299,-0.1790475,0.112,0.275
ARL17B,-1.0976861,0.0312,0.275553
ELMOD3,0.1413475,0.113,0.276
LINC01249,0.0943475,0.113,0.276
CLEC18A,-0.08705,0.113,0.276
ANKRD18DP,-0.1286809,0.231,0.276
MIR30A,-0.1361759,0.23,0.276
INTS4,-0.1029495,0.231,0.276
PIK3C2G,-0.07331071,0.212,0.276
CCNDBP1,0.1147825,0.113,0.276
ADGRG4,-0.18127,0.231,0.276
LINC01341,-0.3577325,0.113,0.276
LOC100130705,0.086515,0.113,0.276
LINC01093,-0.7032015,0.0314,0.276439
LINC00028,0.0861423,0.231,0.277
CCDC12,0.1252025,0.113,0.277
LINC00643,-0.7342311,0.0319,0.27773
GOLGA6L6,0.075615,0.114,0.278
TMPRSS11B,0.0864618,0.233,0.278
HTR3A,0.0995659,0.233,0.278
LINC00671,0.0893841,0.232,0.278
SCGB1C1,0.0826325,0.114,0.278
ZNF645,0.0814325,0.115,0.279
LINC00596,0.0838886,0.233,0.279
HPX-2,-0.1822825,0.115,0.279
HSPBAP1,0.1765325,0.115,0.279
OMD,-0.2194523,0.234,0.279
TTTY4C,-0.644952,0.0323,0.279695
CYP2C19,-0.7324892,0.0324,0.279945
COLCA2,-0.2597275,0.115,0.28
LINC00849,0.15343,0.115,0.28
HLA-K,0.7586345,0.0325,0.280196
SYT14,-0.1152832,0.235,0.281
ZNF16,-0.0883927,0.236,0.281
TMEM63C,0.1093477,0.235,0.281
CYP2A13,-1.0827302,0.0328,0.281418
GATA4,-0.136725,0.116,0.282
OR4D11,0.1097159,0.236,0.282
AP3B2,-0.132815,0.116,0.282
DEFB115,0.0778209,0.237,0.282
RGPD5,-0.1705825,0.117,0.282
SNHG5,0.4371075,0.117,0.282
LRRC37A3,0.09687,0.116,0.282
CFC1,-0.0748775,0.117,0.282
TRIM48,0.1424727,0.236,0.282
HES6,-0.79252,0.0331,0.282542
YOD1,-0.2474925,0.117,0.283
NBPF9,0.25178,0.117,0.283
FAM47B,0.0982773,0.237,0.283
OR4C16,0.0910655,0.238,0.283
RPSAP36///RPSAP19///RPSAP9///RPSAP58///RPSAP15///RPSAP52///RPSA,-0.1384936,0.237,0.283
CDPF1///PPARA,-0.5612797,0.0335,0.283825
ZBED1,-1.0287627,0.0335,0.283825
C14ORF177,0.0636182,0.238,0.284
SNORD50A,-0.10940991,0.219,0.284
FAM83C,0.0781725,0.118,0.284
LOC105378577,-0.096835,0.118,0.284
JMJD7-PLA2G4B,0.2237625,0.119,0.285
METTL21C,0.0941009,0.239,0.285
ERCC3,0.1050518,0.239,0.285
PTPN9,0.0789732,0.239,0.285
COLEC10,-0.089735,0.119,0.285
FOS,0.22960604,0.22,0.285
HCG25,-0.1274225,0.119,0.285
ACTR3BP2///ACTR3BP5,-0.0686514,0.239,0.285
LINC01095,-0.9374852,0.0338,0.285249
ZHX1,0.119355,0.119,0.286
BTBD16,0.1374545,0.24,0.286
NANOG,0.25409,0.119,0.286
KIAA1210,-0.0814425,0.119,0.286
FAM223B,0.095285,0.119,0.286
LOC101928907,-1.2205003,0.0341,0.286081
ALB,-0.6375043,0.0341,0.286303
ACAD8,-0.6977988,0.0341,0.286303
DKFZP434H168,-0.0734775,0.12,0.287
MMP19,-0.2809864,0.241,0.287
FAM86DP,0.0969291,0.241,0.287
OR52E4,0.0933845,0.241,0.287
LOC644669///ANKRD30BL///ANKRD30BP2,-0.0723336,0.241,0.287
FAM83A-AS1,0.1009818,0.241,0.287
DSCR8,-0.178995,0.12,0.287
LOC100288911,0.25291,0.12,0.287
PPAN-P2RY11,-0.0850225,0.12,0.287
LOC105376351,-0.6223635,0.0345,0.287687
RUBCN,0.1075432,0.242,0.288
GOSR2,-0.1088059,0.242,0.288
TUBA3D///TUBA3E///TUBA3C,0.0603295,0.242,0.288
FLNA,0.1174545,0.242,0.288
AKR1C4,0.07847,0.12,0.288
CALCR,-0.129735,0.12,0.288
CEL,-0.1112025,0.121,0.288
LOC105371226,-0.8316472,0.0348,0.288745
HERC2P7,-1.3262095,0.0348,0.288745
FRG1CP,-1.2539916,0.0349,0.288987
DFNB59,-0.1325275,0.122,0.289
BTBD18,0.1119625,0.121,0.289
TM9SF2,-0.1358,0.121,0.289
RPS6P6,-0.142335,0.243,0.289
SGK494///SPAG5,0.06156559,0.224,0.289
MIR30D,-0.1565655,0.243,0.289
LYPD8,-0.712144,0.035,0.289412
HAGLROS,-1.5551586,0.0352,0.289976
LOC644656,-0.8323473,0.0352,0.289976
VDAC3,-0.6805941,0.0352,0.289976
CSN2,-0.5459037,0.0352,0.289976
LOC643923,-0.0920914,0.244,0.29
GUCA1A,-0.0710691,0.244,0.29
MTMR10,0.1064168,0.244,0.29
COQ9,0.097595,0.122,0.29
EDDM3A,-0.085675,0.244,0.29
TNNI3,0.1041423,0.244,0.29
MGC15885,-0.5341736,0.0354,0.290602
SRP14-AS1,0.13772,0.123,0.291
CAGE1,0.0653036,0.245,0.291
SNORA5B,0.0919232,0.245,0.291
C20ORF24,0.166575,0.123,0.291
DCAF12,-0.09272,0.122,0.291
SSX7,-0.5567561,0.0356,0.291097
ZNF250,-0.7197085,0.0356,0.291097
DPH7,-0.7739268,0.0357,0.291196
SERPINA2///SERPINA1,0.8431622,0.036,0.291701
GRIA2,-0.597719,0.036,0.291701
ZNF280B,-0.092795,0.123,0.292
CORO7,-0.1255275,0.123,0.292
CSAG4,-0.1263825,0.123,0.292
LYZL1,-0.08172,0.123,0.292
C12ORF66,-0.0807775,0.123,0.292
C17ORF49,0.1288675,0.123,0.292
ARL17B///ARL17A,0.17327,0.123,0.292
LINC00161,0.1064336,0.246,0.292
DEFB103B,-0.09137,0.123,0.292
LOC642852,-0.7155598,0.0362,0.292117
LINC00314,-0.5241006,0.0364,0.292882
OR56B1,-0.1182968,0.246,0.293
ELOVL2-AS1,-0.1532386,0.247,0.293
LINC00189,0.09053796,0.227,0.293
CEP83-AS1,0.07485,0.124,0.293
MIR137HG,0.094495,0.124,0.293
LOC101927534,-0.561729,0.0366,0.293384
SNORD13P1,0.2323714,0.247,0.294
PRSS50,0.0948336,0.247,0.294
TBC1D10B,0.0754691,0.247,0.294
COX6C,0.07261151,0.228,0.294
HNRNPH2,-0.0832225,0.124,0.294
LOC647115///UGP2,0.0848275,0.124,0.294
TRIM60,-0.5461738,0.0368,0.294401
TNNI3K,0.078055,0.125,0.295
TTTY23,0.0646775,0.125,0.295
PRSS41,-0.1039459,0.248,0.295
COX7B,0.1681327,0.248,0.295
C9ORF129///FAM120A,0.0687564,0.248,0.295
LCN9,0.0751932,0.249,0.295
DNM1P46,0.7295141,0.0373,0.295913
DYNC1I1,-0.7915183,0.0373,0.295939
KBTBD4,0.118465,0.125,0.296
MGC39584,-0.083445,0.126,0.296
VAX2,0.0694709,0.25,0.296
STUM,0.0908325,0.125,0.296
LOC158435,0.06418,0.126,0.296
TCEB3C,-0.4960478,0.0376,0.296845
POTEE,0.166565,0.126,0.297
PIGL,-0.18202,0.126,0.297
AP1M2,0.207135,0.126,0.297
OR7A10,-0.0814973,0.25,0.297
DVL2,0.07289,0.25,0.297
FOXN3-AS2,0.0864427,0.251,0.298
PITRM1,0.14935,0.127,0.298
TMEM178B,-0.110445,0.127,0.298
AP3S2,-0.5634631,0.0381,0.298518
WFDC3,0.1001891,0.252,0.299
C1ORF220,-0.0701168,0.252,0.299
GAS5,0.21786,0.127,0.299
LRRC56,-0.4765975,0.127,0.299
OR8U1,-0.0620475,0.128,0.299
LOC100286922,0.085355,0.127,0.299
SYT10,-0.5840649,0.0383,0.299429
CYP1B1-AS1,-0.1073864,0.253,0.3
FAM231A///LOC388692,0.0727473,0.253,0.3
ZNF425,0.0767868,0.253,0.3
KCTD10,0.1013655,0.253,0.3
HAUS7,-0.0830075,0.128,0.3
SMNDC1,-0.0839864,0.253,0.3
TSTD1,0.24287,0.128,0.3
TSSK1B,0.0916827,0.253,0.3
LOC401281,-0.1211091,0.253,0.3
LOC100132319,0.0711875,0.129,0.301
CXADRP2,0.1169525,0.129,0.301
LOC389831,-0.4409225,0.129,0.301
DPCD,-0.38656,0.129,0.301
FAM86HP///FAM86B1///FAM86C1,-0.1408627,0.255,0.302
HSD3B2,0.0954332,0.255,0.302
TCHH,0.0740695,0.255,0.302
PRICKLE2,0.2033525,0.129,0.302
FAM186A,0.0991041,0.255,0.302
ZNF295-AS1,-1.4312287,0.0394,0.302516
LINC00707,-0.5859815,0.0394,0.302516
KCTD6,-0.6087515,0.0393,0.302516
LINC01420,0.105435,0.13,0.303
LINC01559,0.1165159,0.256,0.303
TSHB,0.0965575,0.13,0.303
STAT5A,0.154355,0.13,0.303
RPS11P6,-0.1453925,0.131,0.304
LOC100507494,0.0991325,0.131,0.304
EGFEM1P,-0.170045,0.131,0.304
MIR25,0.0831655,0.257,0.304
IDH3B,0.110415,0.131,0.304
SNORD29,-0.511003,0.0399,0.30436
BRAF,-0.5610113,0.04,0.30476
NEU3,0.0697275,0.131,0.305
LOC100996342,-0.078125,0.132,0.305
ZGPAT,-0.1440225,0.132,0.305
MSTO1,-0.118875,0.132,0.305
C12ORF73,-0.6645347,0.0401,0.305093
ARL17A,-0.7025709,0.0404,0.305904
LOC541473,-0.191245,0.132,0.306
TRIM49,-0.1067375,0.132,0.306
MRPL33,-0.1260925,0.132,0.306
ZSCAN21,0.1366225,0.132,0.306
C6ORF201,-0.5256028,0.0406,0.306309
SCHIP1,0.5979643,0.0407,0.306511
NEFH,-0.6980417,0.041,0.306995
FAM95A,0.210755,0.133,0.307
DEFB134,-0.0948241,0.26,0.307
ECHS1,-0.0773327,0.261,0.308
SH3TC2,0.0792986,0.26,0.308
LINC00114,0.1052782,0.261,0.308
TMIGD1,-0.0987168,0.261,0.308
DNAPTP3,-0.099805,0.26,0.308
LINC01138,-0.0883205,0.26,0.308
BCOR,0.1577,0.134,0.309
PCDHA12,-0.1206286,0.262,0.309
LRRFIP2,-0.1055545,0.261,0.309
MCMDC2,-0.5349452,0.0418,0.30919
NBR2,-0.7377892,0.0418,0.30919
AQP7P1,0.0936975,0.135,0.31
COL2A1,-0.094245,0.134,0.31
SV2A,0.0884725,0.134,0.31
ZNF726,0.0939355,0.263,0.31
OR9K2,0.0580173,0.263,0.31
OR2B3,-0.0817141,0.263,0.31
GLRX2,0.0666423,0.263,0.311
PCDH11Y///PCDH11X,0.1559232,0.264,0.311
POLE,0.083255,0.135,0.311
SAP18,0.207675,0.135,0.311
SLC26A7,-0.0744625,0.135,0.311
GPR32,-0.0932036,0.263,0.311
KANSL1-AS1,0.8774138,0.0423,0.311181
UGT1A8,-0.5708877,0.0424,0.311759
PBX2,-0.1667625,0.136,0.312
MAS1L,-0.1238225,0.136,0.312
MYH3,-0.0680659,0.264,0.312
OR1J1,0.0688782,0.264,0.312
HHATL,-0.0958625,0.136,0.312
ZNF223,-0.1255375,0.136,0.313
LOC100288254,0.05550672,0.245,0.313
LOC100506548,0.091055,0.136,0.313
CNGA3,-1.2343212,0.0428,0.313042
LOC100507053,-1.1158915,0.0431,0.313836
STBD1,0.1613225,0.137,0.314
TTTY8B///TTTY8///TTTY8B,0.0786418,0.266,0.314
TEX14,-0.1830675,0.137,0.314
IGLV11-55,-0.6160585,0.0433,0.314063
POTED,-0.594477,0.0435,0.314674
CNTF,-0.7700495,0.0436,0.314879
CST4,0.0940541,0.268,0.315
HMCES,0.0988432,0.267,0.315
WDR5,-0.6906825,0.0439,0.315999
THUMPD3-AS1,-0.09050159,0.248,0.316
SLC35F4,-0.0852075,0.139,0.316
KLHL15,-0.2370425,0.138,0.316
RPL3,0.1101909,0.268,0.316
GTSCR1,0.0840455,0.269,0.317
IFT140,0.2157775,0.139,0.317
MGST2,-0.1385495,0.27,0.318
SMARCAL1,0.0870214,0.27,0.318
SH3KBP1,-0.1016695,0.27,0.318
SLC17A6,0.0905477,0.27,0.318
PSMA2,0.1426275,0.14,0.319
FLJ45079,0.0956018,0.271,0.319
MGC2889,-0.5759599,0.0449,0.319697
RAG1,-0.5127269,0.0449,0.319827
SLC10A2,-0.09083358,0.251,0.32
MIR1245A,-0.3154375,0.141,0.32
ZNF536,0.1130418,0.272,0.32
C3ORF30,-0.0808027,0.272,0.32
ROS1,0.318455,0.141,0.32
ZNF599,0.0677277,0.272,0.32
MRPL30,-0.0756073,0.272,0.32
ANXA8L1,1.1331063,0.0451,0.3204
LINC00977,-0.1206575,0.142,0.321
LUZP4,0.0773977,0.273,0.321
LEPROT,0.3127475,0.142,0.321
ACTL10,0.0763359,0.273,0.321
TRBV16,-0.070225,0.142,0.321
DEPDC4,-0.8705777,0.0453,0.321404
LINC00484,-0.9200349,0.0454,0.321621
FIGN,0.08696,0.143,0.322
UGT2B11,0.1372325,0.142,0.322
LINC00691,-0.1105875,0.143,0.322
BMS1P5,0.11823,0.143,0.322
MAGEA12,-0.1196025,0.142,0.322
LRRC3C,0.07448,0.142,0.322
PMP2,-0.0647,0.142,0.322
HOTAIR,0.0823025,0.143,0.322
LINC01184,-0.7030491,0.0459,0.322996
LINC01600,0.0885355,0.275,0.323
SCARNA8,0.1032895,0.275,0.323
LOC101929229,0.0953325,0.144,0.324
DUSP12,-0.0693968,0.275,0.324
CST8,-0.0994327,0.276,0.324
POLRMT,0.109715,0.144,0.324
ZIM3,-0.6327611,0.0465,0.324809
LINC00635,-0.502475,0.0465,0.324905
ZNFX1,0.1415145,0.276,0.325
CSAD,-0.0641408,0.256,0.325
SERPINE3,-0.6436034,0.0466,0.325161
LOC101929696,0.0629725,0.145,0.326
COL5A3,0.2159325,0.145,0.326
CHMP5,-0.1172145,0.278,0.326
PLA2G2D,0.1183518,0.278,0.326
MIR127,-0.1003077,0.278,0.326
MIR124-2,0.1034314,0.277,0.326
PPA2,0.7014447,0.047,0.326391
SCGN,0.2206675,0.146,0.327
NTN3,0.0790368,0.278,0.327
LOC286071,-0.0865725,0.146,0.327
FSHR,0.064655,0.146,0.327
INO80B-WBP1///INO80B,-0.0803945,0.279,0.327
PHOSPHO2,0.2380275,0.146,0.327
SPAG11B,-0.5117216,0.0471,0.327142
UBE2QL1,-0.7854411,0.0472,0.32724
SYCP1,-0.5017731,0.0475,0.327674
MOB4,-0.139065,0.147,0.328
ACOT9,0.136165,0.147,0.328
MPPED1,-0.0835036,0.279,0.328
RPSAP36,0.13752,0.146,0.328
LOC100129198,-0.4983507,0.048,0.328512
ADAM1A,-0.4985693,0.048,0.328512
C1ORF226,0.9098298,0.0482,0.328556
BPY2B,-0.4974006,0.0483,0.328556
IQCF5,-0.4978981,0.0481,0.328556
CBX3P2,-0.08861,0.147,0.329
RXFP2,0.07385,0.147,0.329
CRISP1,-0.058735,0.148,0.329
ADAMTS9-AS2,0.365235,0.147,0.329
ASAP1-IT1,0.1220025,0.147,0.329
LINC00680,0.0860173,0.28,0.329
HECW1-IT1,0.0811936,0.28,0.329
SP3P,0.05836,0.28,0.329
OPALIN,0.0783941,0.281,0.329
GPR78,0.0899373,0.282,0.33
ANGPTL3,0.0712886,0.281,0.33
LOC442132,0.1332141,0.281,0.33
CHURC1,0.214445,0.148,0.33
CSMD3,0.0771227,0.282,0.33
TNFRSF11A,-0.7131488,0.049,0.330277
ZCCHC5,-0.793955,0.0492,0.330898
LINC01094,-0.31141,0.148,0.331
SMURF2,0.185615,0.149,0.331
LINC00672,1.1803005,0.0495,0.331651
ROM1,-0.545936,0.0496,0.331924
LINC00339,0.08183503,0.263,0.332
NEDD8-MDP1///MDP1///CHMP4A,-0.0581773,0.284,0.332
PCDHA6,-0.0981091,0.283,0.332
ACTRT1,-0.4771154,0.0501,0.332767
ELOVL5,0.0921409,0.284,0.333
MYRFL,0.1352218,0.285,0.333
NTF4,-0.0684286,0.285,0.334
GJA9,0.6596167,0.0506,0.33405
PSG8,-0.4898386,0.0508,0.334375
LINC00885,0.1216532,0.286,0.335
LINC00659,-0.141725,0.151,0.335
CDY2A,-0.08577,0.151,0.335
LOC441455,0.10722,0.151,0.335
CCDC144B,-1.3414922,0.0511,0.335012
PP2D1,-0.6580849,0.0513,0.335537
LINC00282,-0.4876342,0.0514,0.335945
SSX4B,-0.11063,0.151,0.336
PRAMEF1,-0.0895275,0.152,0.336
TMEM150C,-0.191905,0.152,0.336
SMIM21,-0.11392,0.288,0.336
CAPZB,-0.5092691,0.0514,0.336061
IGLV1-40,-0.6070626,0.0514,0.336089
LTB4R,-0.7238767,0.0516,0.336337
TEX36-AS1,-0.7987362,0.0516,0.336375
LOC284648,-0.5103837,0.0518,0.336848
LOC729162,-0.4863178,0.0519,0.33697
LOC401127,-0.5772538,0.0519,0.33697
MIR133A1,-0.0832225,0.153,0.337
PDZD9,-0.08527,0.288,0.337
POM121L10P///LOC441081///POM121L4P///POM121L8P///POM121L9P///POM121L1P,-0.0733641,0.288,0.337
SMTN,-0.6706955,0.052,0.337099
MRE11,-0.8065135,0.052,0.337276
SNHG19,-0.6190513,0.0522,0.337586
ZNF736,-0.1570925,0.153,0.338
AQP12A,0.0845775,0.153,0.338
HIST2H3A,0.8024926,0.0526,0.338665
LINC01234,-0.4848762,0.0528,0.338899
DRAIC,-0.328235,0.154,0.339
PAGE3,0.0858,0.29,0.339
LOC105378499,0.0883075,0.154,0.339
FSTL5,-0.088025,0.154,0.339
OR13A1,0.0722864,0.29,0.339
SPCS2,-0.1409575,0.154,0.339
LOC400684,-0.9343916,0.0528,0.339156
ZNF426,-0.9856562,0.053,0.339668
GOLGA6L9,-0.8896422,0.0531,0.339831
SLC25A31,0.0985327,0.291,0.34
CCDC62,-0.082085,0.155,0.34
TOMM40L,-0.0652727,0.291,0.34
USP32P2,0.2642425,0.155,0.34
SLC7A13,-0.4843334,0.0532,0.340266
PSG11,-0.483948,0.0533,0.340477
PAXIP1-AS1,-0.4827635,0.0534,0.3408
ZNF503-AS2,-0.07390825,0.272,0.341
UGT3A1,-0.08608,0.292,0.341
BTF3,0.08084,0.155,0.341
LOC101928087,-0.082025,0.155,0.341
LOC220077,-0.0866905,0.292,0.341
LOC105373942,-0.0671175,0.155,0.341
CYP4F29P,-0.0642875,0.155,0.341
LHX4-AS1,0.254475,0.155,0.341
LOC100133039,-0.7908604,0.054,0.341969
ZNF496,-0.0938375,0.156,0.342
TRIQK,0.1183275,0.156,0.342
PIH2,0.07446,0.156,0.342
FTCDNL1,0.2664425,0.156,0.342
P2RX6P,0.08611,0.156,0.342
ANKRD55,0.0942518,0.293,0.342
ERVK3-2,0.0883373,0.293,0.342
INTS6-AS1,-1.0448799,0.0541,0.342038
WDR11-AS1,-0.5446815,0.0541,0.342038
GK,-0.5945656,0.0542,0.342279
LOC100131150,-0.08879,0.157,0.343
NBPF19,0.2582975,0.157,0.343
RNU105B,-0.1114559,0.294,0.343
LOC105372645,-0.6557732,0.0548,0.343807
GSTTP1,-0.5767599,0.0549,0.343807
GUCY2C,-0.0846318,0.295,0.344
TAAR3,0.0959682,0.295,0.344
GDPD4,-0.0769225,0.157,0.344
AK3,0.0497691,0.295,0.344
SMLR1,-0.21879,0.157,0.344
EEF1DP4,-0.134465,0.158,0.344
LOC440700,0.0722223,0.294,0.344
C1ORF137,-0.0737641,0.296,0.345
RAP2C,-0.125685,0.158,0.345
MAGEA6,-0.295365,0.158,0.345
PPP4R3CP,-0.5686739,0.0556,0.345289
PPP1R18,-0.1913975,0.158,0.346
ZNF2,0.11852,0.159,0.346
ATF6B,-0.0607725,0.159,0.346
LOC105371763,0.1302675,0.159,0.346
NBPF22P,0.1218609,0.297,0.346
HOXC6,-0.4760185,0.0559,0.346345
PHACTR2-AS1,-0.804247,0.0561,0.346436
KRTAP4-7,-0.5906715,0.0561,0.346436
DCAF4,0.9613457,0.0562,0.346492
RBMY1B,0.103425,0.159,0.347
BHLHB9,-0.12177,0.159,0.347
NKD2,-0.1444875,0.159,0.347
LOC100131938,0.0778175,0.159,0.347
OR10G8,-0.0631975,0.159,0.347
OR5K2,-0.1230945,0.298,0.347
SSX5,0.0914741,0.297,0.347
CCDC180,-1.0244266,0.0564,0.347006
IGHV1-69,-1.5348018,0.0568,0.347199
TSTD3,-0.5811874,0.0568,0.347199
P2RX3,-0.0731875,0.16,0.348
TMIGD2,0.0862409,0.298,0.348
LOC389033,-0.2248725,0.16,0.348
FKBP6,0.0963509,0.299,0.348
PDIA3,-0.126685,0.16,0.348
SYNGAP1,-0.8711544,0.0575,0.348351
SMG7-AS1,-0.4751151,0.0577,0.348932
HIST1H3E,-0.11323,0.161,0.349
OR5D18,0.1037541,0.299,0.349
OR6B2,0.1007059,0.299,0.349
LOC102606465,-0.7208485,0.0579,0.349462
ERVH-3,-0.4701994,0.058,0.349545
TBX18-AS1,-0.4721961,0.0581,0.349545
MIEF1,0.089065,0.162,0.35
LCE3C,0.0842932,0.301,0.35
LOC100507388,-0.0617825,0.162,0.35
RDH5,-0.181165,0.162,0.35
ZPBP,0.1163914,0.3,0.35
BPIFA4P,-0.4873798,0.0587,0.350165
TPTE2P2,-0.4727848,0.0587,0.35022
CETN4P,-0.079115,0.162,0.351
NANOGP1,0.0811109,0.302,0.351
TECTB,0.0932695,0.302,0.351
TM4SF20,0.0753675,0.162,0.351
SLC25A21-AS1,0.134935,0.162,0.351
LOC441233,0.09077237,0.28,0.351
KRTAP19-3,0.0705741,0.301,0.351
LRRC37A5P,0.0831336,0.302,0.351
LINC00864,-0.6503459,0.0591,0.351033
ZNF177,-1.0889437,0.0594,0.35149
LOC101928524,-0.8778552,0.0594,0.35149
LOC101927752,-0.6226336,0.0594,0.35149
SPANXD,-0.4682676,0.0594,0.35149
TCTE3,-0.6363468,0.0594,0.35149
LOC101805491,-0.4701754,0.0593,0.35149
PCDHGA8,0.1561475,0.163,0.352
GLS2,0.0689236,0.303,0.352
OR1N2,0.1220559,0.303,0.352
LOC100129312,-0.0818475,0.163,0.352
TMEM256,-0.5893263,0.0597,0.352233
SLC14A2-AS1,-0.15683,0.163,0.353
TMEM213,-0.626945,0.164,0.353
FNBP4,0.0502975,0.282,0.353
PEX5L,0.0796125,0.164,0.353
HAO1,0.0778768,0.304,0.353
LOC100506127,-0.1250418,0.303,0.353
LINC00520,-0.124505,0.164,0.353
CA5BP1,-0.46559,0.0604,0.353816
FBXL19-AS1,-0.4817939,0.0603,0.353816
LINC01016,-0.1128525,0.165,0.354
GLRA1,0.0708125,0.165,0.354
LINC01123,-0.106075,0.164,0.354
MBTPS2,-0.4703416,0.0608,0.354358
NUDT22,-0.5660041,0.0607,0.354358
H1-2,-0.4695624,0.0608,0.35448
CCDC83,-0.4638595,0.0612,0.354874
CSPG4P1Y,0.0679075,0.166,0.355
PON1,0.0916223,0.305,0.355
TMEM123,-0.0798409,0.306,0.355
GALNT4,0.0892075,0.165,0.355
LINC01021,-0.5077004,0.0615,0.355421
KIAA1549///BRAF///BRAF,-0.0646836,0.306,0.356
POTEA,-0.0753573,0.306,0.356
KIAA1652,0.2282975,0.166,0.356
HDDC2,0.138655,0.166,0.356
LVCAT5,-0.08857,0.166,0.356
LOC100132661,-0.468903,0.062,0.356632
APOBEC3A,1.1805422,0.0622,0.356958
TTTY11,-0.4733665,0.0622,0.356977
MTCP1,0.0718075,0.167,0.357
CCDC73,-0.0820125,0.167,0.357
CASC9,-0.498111,0.0623,0.357048
LINC01606,-0.4622281,0.0624,0.357048
OIP5-AS1,-0.8803315,0.0625,0.357165
MAGEB1,-0.8952072,0.0625,0.357175
LINC01548,-0.5168841,0.0628,0.357631
EGR4,1.0961442,0.0628,0.357702
SNORD115-8,-0.0746732,0.308,0.358
OR8J3,0.1068464,0.308,0.358
KRTAP19-4,0.0895273,0.309,0.358
GLUD1,0.090145,0.168,0.358
LOC105374290,-0.4602407,0.063,0.358115
CRHR1,-0.4687955,0.063,0.358115
ATP5E,-0.4313585,0.0634,0.358615
CCDC172,-0.4680852,0.0634,0.358615
FABP2,-0.4598324,0.0637,0.358806
PSPN,0.8579699,0.0638,0.358866
BIVM,-0.8461408,0.0638,0.358866
RIPK3,0.161245,0.168,0.359
PEX13,-0.128185,0.168,0.359
DEFB127,-0.0701005,0.309,0.359
MYH8,0.0769264,0.309,0.359
OR6C1,0.0854168,0.309,0.359
TRIM31,0.0910545,0.309,0.359
ALG1L,-0.1100575,0.168,0.359
FAM106A,0.102815,0.168,0.359
SGK494,-0.1371425,0.168,0.359
C21ORF59,-0.23209,0.168,0.359
LOC644852///GCSAML,-0.4578968,0.064,0.359143
C10ORF71-AS1,-0.4607656,0.064,0.359143
TRBV25-1,-0.4727966,0.0642,0.359655
TTTY12,-0.4573458,0.0646,0.359929
ZNF771,-0.6387111,0.0644,0.359929
TEX36,-0.6159148,0.0646,0.359929
LOC100291666,-0.4591247,0.0645,0.359929
VN1R5,-0.0714825,0.169,0.36
HOXA11-AS,-0.1954875,0.169,0.36
EHMT1,-0.1231875,0.169,0.36
LTB4R2///LTB4R,0.0736027,0.31,0.36
KCTD4,-0.4662278,0.0646,0.360035
MEIS3P1,-0.462137,0.0647,0.360246
ANKRD30A,-0.4654706,0.065,0.360461
LOC101927211,-0.4646917,0.0657,0.360622
DKFZP434L187,-0.469903,0.0654,0.360622
PRB1,-0.4646054,0.0656,0.360622
PCDHGB3,-0.4542782,0.0657,0.360622
WFDC8,-0.4639413,0.0655,0.360622
PHB1,-0.4611796,0.0657,0.360622
CDK8,-0.8751005,0.0655,0.360622
C2ORF82,-0.4656449,0.0653,0.360622
BOLA3-AS1,0.8424083,0.0653,0.360622
NRF1,-0.4604533,0.0656,0.360622
OR4N4,-0.4496476,0.0654,0.360622
LOC101928418,-0.4685758,0.0659,0.360684
LOC142937,-0.7587339,0.0657,0.360684
PTP4A2,-0.5724686,0.0662,0.36077
UBP1,-0.4539119,0.0662,0.36077
LINC01192,-0.4612138,0.066,0.36077
PLSCR3,-0.496883,0.066,0.36077
IGHG1,-2.165648,0.0662,0.36077
PPP1R2P2,-0.7403083,0.0663,0.360881
KCNJ14,0.05054594,0.289,0.361
GREB1L,0.0939132,0.311,0.361
MIR107,0.0726509,0.311,0.361
LINC00851,0.0770514,0.311,0.361
C2ORF47,0.092765,0.17,0.361
LOC100287015,-0.189605,0.17,0.361
LIPF,-0.4584733,0.0665,0.361037
CT45A5,1.0572313,0.0665,0.361037
GIP,-0.4665151,0.0665,0.361037
LOC105376714,-0.4601933,0.0666,0.361206
LINC01111,-0.4621938,0.0667,0.361351
DEFB126,-0.4531988,0.067,0.361759
LOC286149,-0.7308186,0.0671,0.361988
FBXL6,0.1129925,0.171,0.362
LINC00320,-0.4531725,0.0676,0.362273
ZNF625,-0.6332665,0.0678,0.362434
TBPL1,-0.5045448,0.0677,0.362434
HCG4B,-0.4505252,0.0678,0.362459
PRICKLE4,0.071845,0.171,0.363
DGCR5,-0.0640925,0.172,0.363
C12ORF60,-0.0842532,0.313,0.363
LINC00608,-0.0647125,0.171,0.363
TBC1D27,0.0727373,0.313,0.363
GPX6,-0.4587613,0.0686,0.363451
DPPA2,-0.4544595,0.0686,0.363451
GABRG1,-0.4567794,0.0686,0.363557
SSX1,-0.4500647,0.0686,0.363557
MEIOC,-0.4489889,0.0686,0.363647
RREB1,0.1187725,0.172,0.364
FAM19A1,-0.0617275,0.172,0.364
TPTE2P1,0.0745,0.172,0.364
PHF8,-0.0581523,0.314,0.364
SFT2D2,-0.0596895,0.314,0.364
OR8G2,0.1073582,0.314,0.364
KRT75,-0.644008,0.0695,0.364278
WDR91,-0.4403431,0.0696,0.364469
RNF17,-0.4476704,0.0698,0.364701
CD300LB,0.0777373,0.315,0.365
LOC100505984,0.3023975,0.173,0.365
SNORA75,0.1557168,0.315,0.365
LOC100507022,0.1819975,0.173,0.365
LINC00598,-0.4484079,0.07,0.36532
IGHV3-38,-0.8385725,0.0702,0.365535
GSTT1,2.2248227,0.0702,0.365535
TICAM2,-0.6375972,0.0704,0.365641
SEMG1,-0.4490046,0.0705,0.365644
LOC101930421,-0.4460899,0.0707,0.365644
ERV9-1,-0.670459,0.0707,0.365644
INSL6,-0.4601958,0.0711,0.365997
LINC01370,-0.448878,0.071,0.365997
TERB1,-0.0636545,0.316,0.366
DNM3OS,-0.27846,0.173,0.366
CDK5R1,-0.0805375,0.174,0.366
MZT1,-0.12073,0.174,0.366
GIPC1,-0.10927,0.316,0.366
ADAM5,-0.4487204,0.0712,0.366307
PALM2,-0.4648388,0.0713,0.36657
PDCD6,-0.4472021,0.0716,0.366996
DHX33,-0.0892409,0.317,0.367
WBSCR27,0.1149855,0.317,0.367
SLC17A1,0.0670527,0.317,0.367
IQGAP3,-0.10551,0.175,0.367
GRIN2B,-0.0794282,0.317,0.367
C2CD2,-0.12483,0.174,0.367
SYNPR,-0.4562194,0.0719,0.367217
HSFY2,-0.5234862,0.0718,0.367217
NDUFS5,-0.4886025,0.0717,0.367217
HCG22,-0.446374,0.072,0.367353
CNEP1R1,-0.5962923,0.0721,0.367653
SLC39A12,-0.6982531,0.0722,0.367653
SETP4,-0.4478659,0.0724,0.367718
SNORA78,-0.1379425,0.175,0.368
FASTKD5,0.11496,0.175,0.368
PRY2,0.082145,0.175,0.368
RPL30,-0.0780025,0.175,0.368
NLRP11,-0.0956025,0.175,0.368
LALBA,-0.0744855,0.317,0.368
IFNA10,-0.1268655,0.318,0.368
DIP2C,-0.6678109,0.0728,0.368401
S100G,-0.4559926,0.0729,0.368482
LOC100129894,-0.6331206,0.0731,0.368578
OR5L2,-0.6565769,0.0732,0.368655
PRO2958,-0.4527655,0.0732,0.368655
POC1B-GALNT4///POC1B///GALNT4,-0.4445095,0.0732,0.368655
LINC00309,-0.4498105,0.0733,0.368737
SRSF2,-0.1342425,0.176,0.369
SNPH,-0.14726,0.176,0.369
OLMALINC,0.09254,0.176,0.369
CDH9,-0.0724018,0.319,0.369
GNL3L,0.0840582,0.319,0.369
DEFB133,0.0711982,0.319,0.369
GOLGA6L5P,-0.8840825,0.0738,0.369126
TMPRSS11D,-0.4558908,0.0739,0.369126
LOC285389,-0.4625689,0.0738,0.369126
LINC00474,-0.4613678,0.0738,0.369126
LINC01096,-0.4471001,0.0739,0.369126
LOC100289045,-0.4455473,0.074,0.369151
CCN6,-0.4515858,0.074,0.369151
DSPP,-0.4603544,0.0739,0.369151
CENPVL1,-0.4761697,0.0741,0.36919
LOC728613,-0.9194855,0.0742,0.369328
BFSP2-AS1,-0.4503635,0.0744,0.369525
LACRT,-0.4358298,0.0746,0.369679
USP26,-0.4544489,0.0749,0.369703
LINC00327,-0.4435915,0.0749,0.369703
SLC26A4-AS1,-0.4528471,0.0756,0.369713
AP5Z1,-0.4609458,0.0756,0.369713
ULK4P2,-0.7527451,0.0757,0.369713
LINC00507,-0.4428476,0.0758,0.370025
THRA1/BTR,-0.4418547,0.0762,0.370216
SLIT2-IT1,-0.4510058,0.0765,0.370244
LOC100507642,-0.7224992,0.0765,0.370244
LOC101928658,-0.4594717,0.0767,0.37039
RAD51D,0.118635,0.178,0.371
MIR503,0.0880864,0.32,0.371
PROX2,0.077945,0.177,0.371
PKHD1,-0.5293341,0.0773,0.37118
LOC101928461,-0.4340274,0.0775,0.371367
LOC105377162,-0.4156547,0.0775,0.371367
ACAD10,-0.0670823,0.322,0.372
ERICH6B,-0.4432614,0.0778,0.372069
SLCO6A1,-0.4607103,0.078,0.372203
ACAD11,-0.8525397,0.0783,0.37252
CARD16,-0.4422205,0.0783,0.37252
SFXN5,-0.52225,0.0785,0.37252
LINC01312,-0.4592758,0.0789,0.372631
FBXW8,-0.7135505,0.0789,0.372631
TMEM159,-0.6813507,0.0789,0.372631
PCDHB19P,-0.4420868,0.079,0.372733
PI4KAP2,-0.6825452,0.0794,0.372733
WHAMMP3,-0.4608604,0.0794,0.372733
LOC100132593,-0.693148,0.0797,0.372943
HCP5B,0.0761025,0.179,0.373
LOC642980,0.05163895,0.301,0.373
CASC11,-0.430811,0.0798,0.373108
BRDT,-0.4612614,0.08,0.373173
PXT1,-0.4607503,0.0801,0.373486
PCDHGB8P,-0.4461318,0.0803,0.37365
APOBEC1,-0.4492946,0.0803,0.37365
PRO1483,-0.4437488,0.0805,0.373688
LOC100144595,-0.4532242,0.0805,0.373688
LINC00421,-0.5242942,0.0807,0.373688
TRIM64,-0.4360808,0.081,0.373694
LOC101928505,-0.4372186,0.0807,0.373694
GFRAL,-0.4527956,0.0818,0.373963
TTTY9A,-0.4508867,0.0814,0.373963
LINC00461,-0.4448228,0.0819,0.374086
FER1L6-AS2,-0.4466294,0.0821,0.374086
LOC400655,-0.4455077,0.0822,0.374086
PRELID3B,-0.5509701,0.0821,0.374086
OVCH1-AS1,-0.4604393,0.0823,0.374086
LOC101928205,-0.4277543,0.0824,0.374342
TRPC5OS,-0.4585805,0.0827,0.374351
LOC101929497,-0.4609992,0.0825,0.374351
LINC01555,-0.4529563,0.0828,0.374373
TDRD5,-0.4512978,0.0828,0.374373
TAAR6,-0.419542,0.0828,0.374373
LOC730102,0.6241916,0.0829,0.374567
LINC01580,-0.4600141,0.0829,0.374593
AOC4P,0.6456964,0.0832,0.374916
LINC01109,-0.444279,0.0832,0.374999
LOC100131792,0.0987914,0.325,0.375
RORA-AS1,-0.0690575,0.18,0.375
CT47A11,-0.08636,0.18,0.375
LTC4S,0.7017375,0.0834,0.375064
C6ORF10,-0.4303745,0.0836,0.375126
RPL37,-0.494197,0.0839,0.375159
FLJ23867,0.6055608,0.0838,0.375159
MAGEB4,-0.4366687,0.0843,0.37547
LOC100505502,-0.4149873,0.0848,0.375617
LRRC19,0.8587921,0.0851,0.375617
CDIPT-AS1,-0.5587393,0.0854,0.375877
BRD9,0.0758145,0.325,0.376
ERICH4,0.086455,0.181,0.376
COG8,0.0988575,0.181,0.376
PPT2,-0.5924472,0.0855,0.376034
HIST2H3D,0.6009634,0.0858,0.376141
LOC285696,-0.4395013,0.0858,0.376141
MOV10L1,-0.45229,0.0859,0.376191
LOC728705,-0.8537827,0.0863,0.376522
TTTY1,-0.436616,0.0863,0.376522
LINC00475,-0.4382575,0.0865,0.376522
BLOC1S5-TXNDC5///TXNDC5,0.7935977,0.0865,0.376522
IFNA21,-0.4349201,0.0867,0.376788
TRGV7,-0.4289732,0.0869,0.376997
LOC93463,-0.0713732,0.326,0.377
ZFHX4-AS1,0.063345,0.182,0.377
UST,0.1530275,0.182,0.377
RGPD4-AS1,-0.4362801,0.0874,0.377172
LOC100507468,-0.588125,0.0873,0.377172
HLA-DRB3,0.710421,0.0875,0.37743
ZNF587B,-0.4895548,0.0876,0.377457
LOC101927815,-0.447776,0.0877,0.377589
LOC100506526,-0.4351218,0.0877,0.377672
LOC100130278,-0.4553516,0.0878,0.377678
PRO2214,-0.4328945,0.088,0.377949
NTM-AS1,0.070245,0.183,0.378
RFPL1,0.0771664,0.328,0.378
ZNF560,0.0841432,0.328,0.378
RPS23,-0.1051695,0.327,0.378
TAC1,-0.1413625,0.182,0.378
TFAP2D,-0.4344158,0.0883,0.378478
LOC101929450,-0.4340571,0.0884,0.378665
LDHAL6A,-0.4445834,0.0885,0.378723
CRYGB,-0.4333084,0.0888,0.378928
LOC100505878,-0.4222418,0.0887,0.378928
CTAGE15,0.10502,0.183,0.379
TMEM45B,0.1654495,0.329,0.379
XAGE5,-0.068385,0.184,0.379
PPIAP30,0.089955,0.184,0.379
HRAT5,-0.4635382,0.0889,0.379005
CIDEA,-0.418347,0.089,0.379084
GOLGA2P10,0.812557,0.0893,0.379338
PRO1596,-0.4143096,0.0893,0.379338
CNGB3,-0.4319152,0.0895,0.379366
ASMT,0.6537706,0.0896,0.379366
D21S2088E,-0.4201787,0.0897,0.379417
ASB17,-0.4170634,0.09,0.379773
TSGA13,-0.4070844,0.09,0.379796
GLRA3,-0.4475945,0.0902,0.37995
GLIDR,0.20063,0.184,0.38
KAT14,0.1816725,0.184,0.38
TRIM50,0.0795105,0.329,0.38
LINC00308,0.0770864,0.329,0.38
SLC17A8,-0.4251525,0.0907,0.380433
XRCC6P5,-0.8485679,0.0908,0.380519
RSC1A1,-0.5609456,0.091,0.380797
PIKFYVE///SMR3B,0.078205,0.33,0.381
ITPA,-0.113425,0.185,0.381
LCE1D,-0.13735,0.185,0.381
CATX-1,0.0777232,0.33,0.381
CTAGE10P,-0.0891391,0.33,0.381
LINC01005,-0.4140522,0.0916,0.38155
RBM46,-0.4251308,0.0917,0.381676
CCL4L2,-0.4173279,0.0917,0.381718
CCL27,-0.5356177,0.0917,0.381732
KCNH1,-0.0818091,0.331,0.382
POU1F1,-0.0645575,0.186,0.382
MS4A7,0.349945,0.186,0.382
LOC101927446,-0.4093904,0.0919,0.382198
FGF6,-0.4296345,0.0924,0.382534
RPL29P2,-0.5874551,0.0924,0.382534
RAET1K,-0.426727,0.0924,0.382534
IGSF5,-0.6940725,0.0926,0.382752
VDAC1,-0.4582696,0.0929,0.382954
CECR5-AS1,0.0628136,0.332,0.383
ADGRG7,-0.06850964,0.311,0.383
MBOAT4,-0.4246563,0.0935,0.383567
ADAM18,-0.3965005,0.0933,0.383567
PCDHGA5,-0.4225264,0.0937,0.383652
MBD3L2,-0.4082395,0.0938,0.383744
PHRF1,0.08036,0.187,0.384
HEATR6,-0.0968741,0.333,0.384
ISPD,0.07833,0.187,0.384
MIR4307HG,-0.4221808,0.0944,0.384126
PRCAT47,-0.4325172,0.0943,0.384126
HIST1H1T,-0.42495,0.0942,0.384126
CORO1B,-0.6530954,0.0943,0.384126
LOC100129620,-0.4073389,0.0943,0.384126
KRTAP9-4,-0.4182439,0.0946,0.384178
TMSB4X,-0.4046456,0.0947,0.384181
TTTY7,-0.4218667,0.0949,0.384204
GPRC6A,-0.4220719,0.0948,0.384204
MYCNUT,-0.4214585,0.0949,0.384204
DSG2-AS1,-0.3969484,0.095,0.384333
KIR2DL4,0.6804789,0.095,0.384333
CNTFR-AS1,-0.4250213,0.0953,0.384733
CASC23,-0.4206994,0.0954,0.384733
PPP1R2P1,-0.4202471,0.0957,0.384982
LINC00641,-0.4155127,0.0956,0.384982
LOC100132147,-0.14374,0.188,0.385
FAM26F,-0.5443675,0.188,0.385
VENTX,-0.5010983,0.0966,0.385346
LINC00264,-0.4235192,0.096,0.385346
FSCB,-0.4183861,0.0965,0.385346
GRXCR1,-0.4179608,0.0968,0.385597
PDGFRB,-0.4895699,0.0968,0.385597
SMIM13,-0.1334525,0.189,0.386
RPP21,0.0663625,0.189,0.386
OR5B3,-0.08494,0.335,0.386
OR2G3,0.08526,0.335,0.386
ARPC4-TTLL3,-0.143675,0.189,0.386
LOC101929140,-0.4105652,0.0974,0.386127
VENTXP1,-0.4176441,0.0972,0.386127
HTN3,-0.4133752,0.0974,0.386127
DCTN1-AS1,-0.4360877,0.0977,0.386281
LINC00403,-0.4180625,0.0979,0.386361
LOC349160,-0.4153844,0.0984,0.386711
FANCF,-0.6904562,0.0986,0.386786
COX19,0.1300025,0.189,0.387
HMMR-AS1,-0.4077793,0.0991,0.387301
ABCA17P,0.7570602,0.0991,0.387301
C10ORF126,-0.4161612,0.0993,0.387466
STARD6,-0.4121716,0.0994,0.387466
LOC153811,-0.5514345,0.0996,0.387535
LINC01102,-0.4051286,0.0998,0.38769
IGSF11-AS1,-0.4122997,0.0998,0.38769
C9ORF69,-0.629322,0.1,0.38769
REC114,-0.412083,0.1,0.38777
POTEC,-0.4107292,0.1,0.387989
CUZD1,-0.8104455,0.1,0.388156
TTTY3,-0.4120489,0.101,0.388556
COMT///ARVCF,-0.4102226,0.101,0.38865
OR51B2,-0.3886125,0.101,0.388756
HIPK1-AS1,-0.1880925,0.191,0.389
NCOR1P1,-0.0937314,0.338,0.389
SPAG11A///SPAG11B,0.0666305,0.338,0.389
HMHB1,-0.0698975,0.191,0.389
LOC105373326///LAMP2,-0.4583404,0.101,0.389051
LOC105377245,-0.4138888,0.102,0.389441
TMEM56,-0.4104561,0.102,0.389887
C1QTNF5,-0.2498275,0.191,0.39
PCDHGB2,-0.0578775,0.192,0.39
OR1S1,0.08384,0.339,0.39
SNTG1,-0.4094495,0.102,0.390053
DOPEY2,-0.6835169,0.102,0.390214
LOC105369486,-0.4069933,0.103,0.390643
PCDHA5,0.1197675,0.192,0.391
UCN2,-0.2207375,0.192,0.391
UBR5-AS1,0.1543325,0.192,0.391
LOC400794,-0.4085116,0.103,0.391484
LOC105377924,-0.395936,0.103,0.391553
LOC102724890,-0.43236,0.103,0.391553
SPATA31C1,-0.4523456,0.104,0.391776
RFPL1S,-0.4842645,0.104,0.391903
NXNL2,-0.4200467,0.104,0.391903
LINC01482,-0.3872985,0.104,0.391903
KIAA0485,0.3715625,0.193,0.392
DAZ4///DAZ2///DAZ3///DAZ1,0.0767482,0.341,0.392
RFPL3,-0.4069002,0.104,0.392368
FAM153B,-1.1873448,0.105,0.392708
LOC400620,-0.4013455,0.105,0.392888
LOC100507412///RNA5-8S5,-0.183675,0.194,0.393
LINC01597,0.1049582,0.342,0.393
OR52B2,0.0618745,0.342,0.394
GPR32P1///GPR32,-0.1954841,0.343,0.394
SCAMPER,-0.4088481,0.106,0.394226
IGLV3-21,-0.5897111,0.106,0.394452
UST-AS1,-0.3990252,0.106,0.394452
SNORA74A,-0.06524026,0.323,0.396
UBE2E3,-0.12102,0.196,0.396
TRIM61,0.05178663,0.324,0.397
ZNF674-AS1,0.4562047,0.108,0.3971
LOC100507140,-0.3922146,0.108,0.397541
LOC100506122,-0.3902088,0.108,0.397784
RAG2,-0.4147471,0.109,0.397872
SEC31B,0.2290825,0.197,0.398
DDX47,-0.0937325,0.198,0.398
LINC01506,0.074995,0.198,0.398
MAGOH2P,-0.0677225,0.198,0.398
OXSM,-0.0881891,0.347,0.398
CEBPZOS,-0.6954734,0.109,0.398177
OR2C3,-0.4153639,0.109,0.398623
TMEM185A,-0.09893,0.198,0.399
ZBED3-AS1,0.065875,0.199,0.399
CPS1-IT1,-0.0693541,0.348,0.399
MTUS2,0.0801209,0.348,0.399
C9ORF57,0.0826486,0.347,0.399
TRIM53AP,-0.074065,0.199,0.399
LINC00466,-0.3977628,0.109,0.399076
ZNF385D-AS1,-0.3939551,0.109,0.399108
LOC200726,-0.4125637,0.11,0.399415
MRPS27,-0.6680152,0.11,0.399834
RNPS1,0.0468032,0.349,0.4
THEGL,0.0729555,0.349,0.4
DKFZP547J222,-0.8416997,0.111,0.400544
TATDN3,-0.6073047,0.111,0.400649
OR2H1,-0.4011729,0.111,0.400714
TERF2,-0.057915,0.349,0.401
C18ORF65,0.07662,0.35,0.401
MTNR1A,-0.3788736,0.111,0.40136
PLCE1-AS2,-0.378875,0.112,0.401837
NIFK-AS1,0.16351,0.201,0.402
LOC154761,0.080775,0.201,0.402
PIWIL3,-0.0649259,0.351,0.402
LOC101928143///NUMB,-0.3904936,0.112,0.402542
SPIN2B,-0.4906162,0.112,0.402542
LOC643201,-0.3874586,0.112,0.402802
AZU1,0.0755627,0.352,0.403
UBL7-AS1,0.0923475,0.202,0.403
TMEM207,0.0605418,0.351,0.403
TMC3,-0.3917608,0.113,0.403891
TRAJ41,-0.3907324,0.113,0.403891
C17ORF77,0.05746,0.202,0.404
NOC2LP2,0.063785,0.353,0.404
FAM86JP///FAM86HP///FAM86DP///FAM86B2///FAM86FP///FAM86C2P///FAM86B3P///EEF2KMT///FAM86B1///FAM86C1,0.0759395,0.353,0.404
FLJ35816,0.0792286,0.353,0.404
GAGE1,-0.396923,0.114,0.404286
PWAR5,-0.3918334,0.114,0.404286
TM9SF1,-0.5467115,0.114,0.404698
PCDHA9,-0.0613775,0.203,0.405
RPL27,0.0577775,0.203,0.405
KRTAP19-5,0.0929341,0.353,0.405
LOC105371967,-0.393089,0.114,0.405213
HOXC12,-0.3902109,0.114,0.405459
F11-AS1,-0.4406026,0.115,0.405559
LOC101928403,-0.4998562,0.115,0.405559
ELAVL2,-0.3829225,0.115,0.405926
PPP1R8,0.0599705,0.355,0.406
HMG20A,0.0778,0.354,0.406
C1GALT1C1L,-0.0683568,0.355,0.406
LOC100128164,1.1952997,0.115,0.406668
MYO18A///TIAF1,-0.0695655,0.356,0.407
GUF1,-0.124855,0.206,0.408
GP1BB,-0.16479,0.206,0.408
LINC00889,-0.0994182,0.356,0.408
OR7G1,0.081405,0.356,0.408
KCNJ13,-0.5440363,0.117,0.408004
PRO1082,-0.3888359,0.117,0.408113
LOC105370424,-0.6976122,0.117,0.408315
MGC12916,-0.3899827,0.117,0.408394
KCNRG,-1.0813523,0.117,0.408635
PCAT18,0.0743177,0.358,0.409
SLC9A2,0.0754768,0.357,0.409
HS3ST5,-0.0792432,0.357,0.409
FAM201A,-0.109735,0.206,0.409
LRRC10B,-0.591745,0.207,0.41
ACVR1B,-0.0904025,0.207,0.41
MRGPRX1,-0.0601875,0.207,0.41
GRIA4,-0.6710876,0.119,0.41096
C15ORF54,-0.0793636,0.359,0.411
TFAP2A-AS1,0.0864227,0.36,0.411
LOC101929773///UGT2B28///UGT2B11///UGT2B17///UGT2B10///UGT2B7///UGT2B4,0.0700895,0.36,0.411
SHCBP1L,0.0607327,0.359,0.411
GDF9,-0.0638645,0.359,0.411
FAM133CP,-0.26156,0.208,0.411
ZNF490,-0.5965802,0.119,0.411454
ACTL7A,0.0626545,0.36,0.412
CDRT15,0.06869,0.209,0.412
DBX2,-0.05841,0.209,0.412
LOC257396,-0.186285,0.209,0.412
SPTY2D1-AS1,-0.3827265,0.12,0.412967
U2AF1,0.14566,0.209,0.413
APOC2,-0.31814,0.209,0.413
SCNN1G,0.07882,0.209,0.413
LINC01503,-0.0746168,0.362,0.414
SERPINB10,0.07875,0.362,0.414
CST13P,-0.07481,0.363,0.415
OR6C68,-0.0686945,0.364,0.415
EBLN3P,0.1199125,0.211,0.415
SPZ1,0.0690425,0.211,0.415
FNDC7,0.0710332,0.364,0.415
LINC00202-1,-0.3798696,0.122,0.415743
TTTY22,-0.3756245,0.122,0.415743
DUX3,-0.5487674,0.122,0.415926
GUSBP10,0.0981525,0.212,0.416
FAM133B,-0.127245,0.211,0.416
C1ORF204,-0.0899475,0.211,0.416
LOC103344931,0.1023725,0.212,0.416
NUDCD2,-0.0858445,0.365,0.416
LOC100129115,0.06536,0.212,0.416
LOC644450,-0.28252,0.211,0.416
IFITM4P,-0.1437625,0.212,0.416
TRBJ2-6,-0.3796052,0.123,0.416521
LINC01158,0.1156,0.213,0.417
HLA-DQB2,-0.340915,0.212,0.417
LINC00238,-0.0836777,0.365,0.417
SPATA3-AS1,-0.3790154,0.123,0.417478
LOC101929622,-0.3855919,0.123,0.417519
NWD2,-0.3720344,0.123,0.4176
HLA-DRB1,-0.1782175,0.214,0.418
SPINK14,0.0797123,0.366,0.418
CBWD6,-0.4234964,0.124,0.41816
GSG2,-0.42857,0.124,0.418646
PSG7,-0.6674616,0.125,0.418954
FLJ40288,0.0869541,0.367,0.419
ARHGAP19-SLIT1///ARHGAP19,0.072055,0.367,0.419
KCNIP4,0.0647195,0.368,0.419
DPPA5,-0.701165,0.125,0.41988
KIR3DL1,0.6662049,0.126,0.419892
NGF,-0.0859775,0.215,0.42
TUG1,-0.1018064,0.368,0.42
IL10RB///IL10RB,-0.066735,0.368,0.42
SLC24A1,0.0680236,0.368,0.42
LUC7L2,0.1039,0.215,0.42
ZNF691,-0.6146488,0.126,0.420739
MEPE,-0.3945854,0.126,0.420827
GABRB1,-0.10296,0.216,0.421
ANKRD13A,-0.1187875,0.216,0.421
LOC100132800,-0.0573259,0.371,0.422
MYH1,0.0997491,0.37,0.422
SFSWAP,0.1571425,0.216,0.422
GOLGA8T,-0.18532,0.217,0.422
LOC100505851,0.072685,0.218,0.423
AKR1C6P,-0.3541612,0.128,0.423329
LOC100506406,-0.3665331,0.128,0.423585
PLA2G12A,-0.4472667,0.128,0.423963
ZNF296,-0.0484975,0.218,0.424
ZNF584,-0.1091475,0.219,0.424
OR5V1,0.0641505,0.372,0.424
NT5C1B,-0.3873034,0.129,0.424169
ZDHHC18,-0.5633477,0.129,0.424283
WDR76,0.0777682,0.374,0.425
PCDHA7,-0.077,0.373,0.425
OR51A7,-0.544184,0.13,0.425541
LOC100131840,0.073415,0.22,0.426
CDHR2,0.0706445,0.374,0.426
MTF1,-0.5096985,0.13,0.426228
LOC646241,-0.5583979,0.131,0.426615
LOC100131510,0.1019405,0.376,0.427
GTF2H2C_2,0.099755,0.221,0.427
PMS2P4,-0.08384,0.221,0.427
RHOXF2,-0.1054,0.221,0.427
KRTAP9-8,-0.3706333,0.131,0.427055
C12ORF57,-0.4425358,0.131,0.427393
LOC100129138,-0.5605822,0.131,0.427711
UBAP1,-0.0573055,0.376,0.428
LOC100505530,-0.1567923,0.376,0.428
TMEFF1,-0.6446323,0.132,0.428002
SLCO3A1,-0.10862,0.223,0.429
BSN-AS2,-0.0704125,0.222,0.429
TRIM39-RPP21///TRIM39,-0.0484227,0.377,0.429
LOC100291323,-0.3689615,0.133,0.429386
RBM22,-0.0671023,0.378,0.43
OR5M1,0.0707018,0.378,0.43
ELP4,0.092975,0.223,0.43
CPXCR1,-0.396055,0.133,0.430001
CILK1,-0.4820957,0.133,0.430001
PMS2P2,-0.5833165,0.134,0.43055
HLCS,-0.5564715,0.134,0.430686
CCDC144A,0.067485,0.224,0.431
DACOR1,0.04498654,0.359,0.431
LINC00610///COMMD9,0.0635909,0.379,0.431
ACYP1,0.0728805,0.38,0.432
GCSH,0.1224225,0.225,0.432
OR51B5,0.0944125,0.225,0.432
GIMD1,-0.4590859,0.135,0.432016
TRAF3IP2-AS1,-0.792339,0.135,0.432091
TPH2,-0.3667507,0.136,0.432436
GAGE7,-0.6522702,0.136,0.433267
TMED7,-0.4644476,0.137,0.43372
CRYAA,-0.065095,0.226,0.434
USP50,0.0811577,0.382,0.434
OR2T5///OR2T29,-0.0923391,0.383,0.434
PRNT,0.0657364,0.382,0.434
KRTAP1-1,-0.3636149,0.137,0.434384
RNF185-AS1///RNF185,-0.3483805,0.137,0.434432
C17ORF105,-0.6147343,0.137,0.434432
LINC01121,-0.3907672,0.137,0.434432
LOC286191,0.8493857,0.138,0.434938
MESTIT1,-0.0686675,0.228,0.435
LOC101929172,0.0685525,0.227,0.435
CYP51A1-AS1,-0.5772091,0.138,0.435196
C1ORF100,-0.4267571,0.138,0.435866
LMOD2,0.056055,0.228,0.436
IGHV3-7,0.673993,0.139,0.436049
KRTAP4-9,-0.3749521,0.139,0.436209
CHRNA9,-0.3903747,0.139,0.436327
GTF2IP4///GTF2I,-0.5156622,0.139,0.436618
LOC780529,-0.3744079,0.139,0.436733
SLC30A8,-0.371619,0.139,0.436733
LINC00663,0.0633325,0.229,0.437
LOC100128993,-0.06638,0.229,0.437
LINC01304,-0.08293,0.229,0.437
LOC100507599,-0.1402575,0.23,0.437
C20ORF144,-0.08946,0.229,0.437
RPS10,-0.444926,0.14,0.437822
LOC100505978,0.0681375,0.23,0.438
SNORA70///RPL10///DNASE1L1,-0.0972625,0.23,0.438
CSK,-0.117355,0.23,0.438
CTAGE9,0.1836425,0.23,0.438
PCDHAC1,0.0616475,0.231,0.438
GPR1-AS,-0.3727953,0.14,0.438227
LOC101929454,-0.4534031,0.14,0.438276
FGF14-AS2,0.277805,0.231,0.439
RRN3P1,-0.1275375,0.231,0.439
ZNF729,0.07366,0.231,0.439
NPY5R,-0.05956,0.231,0.439
CERS3,-0.4104436,0.141,0.439632
BVES-AS1,-0.5360213,0.142,0.439952
ZNF268,-0.1094975,0.232,0.44
MIR296,-0.0593309,0.388,0.44
LOC100129846///RBPMS,0.6765496,0.142,0.440516
SPG20-AS1,0.0692575,0.233,0.441
NUP210L,0.1517686,0.389,0.441
C2ORF66,-0.2167845,0.389,0.441
TAT,0.4270442,0.143,0.441329
F9,-0.414664,0.143,0.441852
RNVU1-3,0.0840514,0.39,0.442
FAM187A,-0.50164,0.234,0.442
LOC100507131,0.179535,0.234,0.442
PSMG1,-0.103815,0.234,0.442
RBM4,0.5946832,0.144,0.442805
NPSA,0.4151919,0.144,0.442984
NEDD8-MDP1///MDP1,-0.0685118,0.391,0.443
LOC100130256,-0.3581232,0.144,0.443104
LOC285074,-0.5093751,0.144,0.443104
SLC17A4,-0.5256861,0.144,0.443667
FPGT,-0.5525737,0.144,0.443751
CTAGE11P,0.15606,0.235,0.444
MIR137///MIR137HG,0.0644509,0.392,0.444
LOC283665,0.0530575,0.235,0.444
LINC00324,-0.6820421,0.145,0.444115
LINC00508,-0.3876772,0.145,0.44428
ZNF804A,-0.3947601,0.145,0.444388
OR8K5,0.070805,0.393,0.445
LOC105370027,0.4573643,0.146,0.445022
LINC00202-2,-0.3636785,0.146,0.445516
LOC100268168,-0.06147,0.237,0.446
TBC1D3I///TBC1D3E///LOC101060389///TBC1D3L///TBC1D3K///TBC1D3G///TBC1D3H///TBC1D3///TBC1D3P1-DHX40P1///TBC1D3P2///TBC1D3C///TBC1D3B///TBC1D3F,0.0529723,0.394,0.446
MADD,-0.4918392,0.147,0.446741
ANP32D,-0.5784786,0.147,0.446746
ADGRE4P,-0.4262833,0.147,0.446746
TEX15,0.0522041,0.395,0.447
ZSWIM7,0.17085,0.238,0.447
SPINK2,0.0772091,0.395,0.447
EIF5A,-0.6486611,0.148,0.447233
NRIR///CMPK2,0.6124063,0.148,0.447561
SLC25A48,-0.3657339,0.148,0.447561
OR56A5,0.0817282,0.396,0.448
SAP25,-0.129235,0.238,0.448
SNHG21,-0.4593857,0.149,0.448335
PIPSL,-0.0772041,0.397,0.449
TLR8-AS1,-0.3977237,0.149,0.449143
LOC100506031,0.5212719,0.149,0.449412
H3C4,-0.4834508,0.15,0.449486
POLR2D,-0.1174625,0.24,0.45
MIR16-2,-0.0945177,0.398,0.45
C6ORF99,-0.188945,0.24,0.45
OR8G1,0.0587675,0.24,0.45
KIF5B,-0.6237927,0.15,0.450359
IPW,0.1093275,0.241,0.451
OR4S1,-0.050195,0.241,0.451
AMY1C,-0.355875,0.241,0.451
BMP10,-0.4509033,0.151,0.451033
OVOS2,-0.5949501,0.151,0.451444
TTTY8,-0.3986571,0.151,0.451689
LINC01596,-0.6045694,0.151,0.451702
PDCD5,-0.4353642,0.152,0.451961
CRELD1,-0.5325633,0.152,0.451978
PWWP2A,-0.0407668,0.399,0.452
MKL1,0.096075,0.242,0.452
FSBP,-0.479,0.152,0.452137
CNIH2,0.0523727,0.4,0.453
INAFM2,-0.4098491,0.153,0.453858
CAPN10,-0.4778147,0.153,0.453858
SLC7A9,-0.0579632,0.402,0.455
ANKS3,-0.4151629,0.154,0.455531
ERCC5,-0.5883864,0.154,0.455674
EP400,-0.5062188,0.155,0.455913
LBHD1,-0.3825046,0.155,0.455967
NBPF11,0.230615,0.245,0.456
EFEMP1,-0.04310159,0.383,0.456
GOLGA8S,-0.058125,0.245,0.456
NOX5,-0.0603775,0.244,0.456
FAM156A,-0.4671275,0.155,0.456049
MIR144,-0.0507723,0.405,0.457
PCDHGB6,-0.3396515,0.156,0.457007
GADD45GIP1,-0.4242587,0.156,0.457684
SLC16A13,-0.045825,0.247,0.458
LOC105376671,-0.3750572,0.156,0.458195
LOC440040,-0.3292398,0.156,0.458195
HKR1,-0.532651,0.157,0.458816
TYK2,0.0505514,0.407,0.459
TNFSF12,-0.6776497,0.157,0.459088
EBF1,-0.705515,0.157,0.459372
ADAM2,0.06085,0.248,0.46
MUC3,0.0678275,0.249,0.46
KCNA6,-0.5887255,0.158,0.460493
OR6C70,-0.0631173,0.408,0.461
CRP,0.05961,0.25,0.461
LINC00307,-0.5779608,0.159,0.461143
LSM1,-0.4209749,0.159,0.461147
DNAJC18,0.072165,0.25,0.462
MEP1B,-0.0495175,0.25,0.462
PRAMEF10,-0.3481381,0.159,0.462046
RGPD6,0.6041602,0.16,0.462304
TRIM13,-0.5354498,0.16,0.462304
LOC100507537,0.06733,0.251,0.463
ATRIP,0.06975,0.251,0.463
FAM86JP///FAM86HP///FAM86FP///FAM86C2P///EEF2KMT///FAM86B1///FAM86C1,0.0731118,0.412,0.464
C14ORF144,-0.0931125,0.251,0.464
C9ORF47,-0.0721275,0.252,0.464
AK6,-0.10403,0.252,0.464
ABCD4,-0.0976525,0.251,0.464
SLC2A11,0.0409505,0.412,0.464
SMR3B,-0.3229946,0.161,0.464046
DND1,-0.1576,0.252,0.465
SNHG25///SNORA50C,-0.3452462,0.163,0.465545
LOC105376360,-0.477186,0.163,0.46562
ERICH1-AS1,-0.1048725,0.253,0.466
TMBIM4,0.131175,0.253,0.466
BICD2,-0.5875231,0.164,0.466681
RABL2A,-0.6019976,0.164,0.466722
NPSR1-AS1,0.0539441,0.414,0.467
GJB6,-0.0569118,0.415,0.467
RBM20,-0.9467684,0.164,0.467623
LOC105371586,0.4886047,0.164,0.467797
ATP6V1G2,-0.0971025,0.255,0.468
CDH8,0.058555,0.255,0.468
OTUB2,0.0601305,0.415,0.468
MIR663AHG,0.073,0.256,0.469
LOC102723809,0.0902575,0.256,0.469
LOC101928327,0.0673975,0.256,0.47
LOC100240735,-0.2059525,0.256,0.47
NAT6,0.093485,0.256,0.47
GAPDHP62,-0.5260795,0.166,0.470648
TRPC7,0.058495,0.419,0.471
CCNI2,0.0533905,0.419,0.471
KRT16P3,-0.300085,0.258,0.472
PEG3-AS1,-0.12951,0.258,0.472
DPP10-AS3,-0.3523602,0.167,0.472175
NSUN5P2,-0.4441327,0.168,0.472651
LOC100506282,-0.1242025,0.26,0.473
CSRNP2,0.0675377,0.421,0.473
NUDT6,0.135925,0.259,0.473
TSHR///TSHR,-0.1245586,0.42,0.473
NPIPB6,-0.4034775,0.168,0.473225
NT5C2,-0.5154204,0.169,0.473348
ENO1-AS1,0.7027093,0.169,0.473474
EGFR-AS1,0.0567275,0.26,0.474
PABPC1P2,-0.0618364,0.422,0.474
DKFZP586B0319,0.2380575,0.26,0.474
GOLGA8EP,0.1245475,0.26,0.474
OR51F1,0.0629318,0.422,0.474
LINC01350,-0.3682225,0.169,0.474256
RIPPLY2,-0.3930679,0.17,0.474694
RNF113A,-0.4118078,0.17,0.474885
C2ORF72,0.0758325,0.261,0.475
C7ORF77,0.0638027,0.423,0.475
TRBV19,-0.4286926,0.171,0.476041
ATP5PD,-0.6336246,0.171,0.476129
SLC35G3,-0.3434897,0.171,0.476736
FAM86FP,-0.1187775,0.262,0.477
ZNHIT3,-0.0720775,0.263,0.477
ST8SIA6-AS1,-0.111385,0.263,0.478
ROPN1B///ROPN1,0.0767436,0.426,0.478
C15ORF38-AP3S2,-0.0620075,0.264,0.478
TCF4-AS1,-0.4321057,0.172,0.478107
APOL4,0.164845,0.265,0.479
ZBTB37,-0.03943525,0.408,0.48
GHRLOS,0.18704,0.265,0.48
RBMY2FP,-0.5923719,0.174,0.480045
LINC01607,-0.5349634,0.174,0.480273
LOC100505909,-0.4951635,0.174,0.480576
RETNLB,0.0593595,0.429,0.481
CIPC,0.0727105,0.428,0.481
TMEM230,0.1040175,0.267,0.481
SLC67A1-AS,-0.3248431,0.175,0.481378
RBMY2EP,-0.3334791,0.175,0.481887
RWDD3,-0.0847975,0.268,0.482
SRRM1,-0.0594425,0.267,0.482
HOXC-AS3,-0.3098182,0.176,0.482881
LOC101928731,-0.5275287,0.176,0.482903
TUBAL3,-0.0657905,0.43,0.483
LOC101928160,-0.4091881,0.177,0.483944
POTEKP,0.1328275,0.269,0.484
DOCK9-AS2,0.21788,0.269,0.484
SPAM1,-0.3486442,0.177,0.484079
TRGV9,0.5118244,0.177,0.484101
FN3KRP,0.1006825,0.27,0.485
SNURF///SNRPN,0.0468305,0.433,0.485
EID2B,-0.0606345,0.432,0.485
DYX1C1,-0.331605,0.27,0.485
INS,0.0584,0.27,0.485
HOXC5,-0.0574375,0.271,0.486
KRT18P59,0.0647845,0.434,0.486
OR4A15,0.0445725,0.271,0.486
GPR15,-0.10658425,0.414,0.486
GPR22,0.05962,0.272,0.487
MIR425,-0.0576205,0.435,0.487
LMOD2///LMOD2,-0.0527895,0.435,0.487
OR5M11,0.0697009,0.434,0.487
GTF3C1,-0.0581168,0.435,0.487
MIR495,-0.1313255,0.435,0.487
LOC101929752,-0.410587,0.18,0.487056
NEUROD6,-0.4470012,0.18,0.487423
CLK2P1,-0.0525405,0.436,0.488
OVCH1,-0.1290291,0.436,0.489
SPATA24,-0.471425,0.182,0.489332
C14ORF2,-0.4437333,0.182,0.489877
POU5F1,-0.5305338,0.182,0.489906
LOC401021,-0.062845,0.275,0.49
FRG2,0.0809925,0.275,0.49
GALNT11,0.076885,0.274,0.49
MIR299,-0.0843914,0.437,0.49
TTTY9B///TTTY9A///TTTY9B///TTTY9A,-0.0760018,0.439,0.491
GOLGA6L10,0.175235,0.275,0.491
RASSF8-AS1,-0.1318625,0.276,0.491
RNASEK,-0.4057016,0.183,0.491038
PRR4,-0.084685,0.276,0.492
SIX3-AS1,-0.0931025,0.276,0.492
LINC00684,0.052475,0.276,0.492
UGT2A1,0.040725,0.277,0.492
PGAM1,-0.4440292,0.184,0.492303
LOC101927204,-0.4967034,0.185,0.4925
MKRN7P,-0.059005,0.277,0.493
PRORP,-0.3121911,0.186,0.493962
COX8C,0.0753332,0.442,0.494
PMS2P9,-0.0625575,0.279,0.494
ATP5L,0.1147675,0.278,0.494
POTEB3,-0.6750384,0.186,0.494808
LOC401191,0.0641891,0.442,0.495
LOC101926892,-0.3571516,0.187,0.495121
TUBGCP2,-0.5032366,0.187,0.495458
SCARNA5,-0.0833845,0.444,0.496
CHL1-AS1,-0.0645475,0.28,0.496
UCP1,0.056475,0.444,0.496
EAPP,0.03915587,0.425,0.496
ZNF727,-0.7827367,0.188,0.496452
H4C4,-0.4823367,0.188,0.496573
LOC100130331,0.13013,0.28,0.497
UMAD1,-0.0993825,0.28,0.497
GUSBP3,-0.3126088,0.189,0.497752
RPS8,-0.0733,0.446,0.498
TEX43,0.0531095,0.446,0.499
MGAT4C,-0.6347566,0.19,0.499122
CENPL///GAS5,-0.614203,0.191,0.499898
IFNA6,-0.0657368,0.449,0.501
CCDC37-AS1,-0.3194708,0.191,0.501193
HDGFRP2,-0.5003285,0.192,0.501561
MIR218-2,-0.0907768,0.449,0.502
RPS12,0.0619475,0.285,0.502
H2AC13,-0.4488764,0.192,0.502378
COXFA4,-0.3478864,0.193,0.502494
POLR2J4,-0.5844998,0.193,0.502552
LOC338620,0.1885275,0.285,0.503
PRPF38A,-0.0683025,0.286,0.503
DOC2GP,-0.4532562,0.194,0.50399
FAM225A,-0.6077881,0.194,0.504497
FAM19A2,-0.3923436,0.194,0.504699
ZNF664,-0.5306709,0.194,0.50486
ZBTB49,-0.0542486,0.452,0.505
LINC00939,0.0552975,0.289,0.506
POTEF,-0.2131025,0.289,0.506
ISCA2,-0.379352,0.196,0.506149
LOC401317,0.6772881,0.196,0.50621
WAC,-0.5098799,0.196,0.506326
WASH2P,-0.3449861,0.196,0.506326
LOC100505685,-0.3159898,0.197,0.50696
LOC100128185,0.0732186,0.455,0.507
LOC100996385,0.0572925,0.29,0.507
LOC101929552,0.0609325,0.291,0.508
LOC101927502,0.05038,0.291,0.508
LOC101927958,-0.05426,0.29,0.508
CPNE1,0.087365,0.291,0.508
OR8B12,0.0591332,0.456,0.508
L1TD1,-0.048035,0.456,0.508
MCPH1-AS1,-0.053555,0.291,0.509
BRS3,-0.0556559,0.457,0.509
OR2M3,-0.0968382,0.457,0.509
EIF4A1,-0.3691263,0.199,0.509178
OR2T10,0.08106,0.457,0.51
FCGR3B,0.3611325,0.292,0.51
ECSCR,0.1913975,0.293,0.51
LOC100419773,-0.04922474,0.44,0.511
THAP9-AS1,-0.1218875,0.294,0.511
OR4K5,0.066355,0.458,0.511
TSBP1,-0.3410703,0.201,0.511608
LOC100134317,-0.6148559,0.201,0.51201
ATP6V1C2,-0.1165675,0.295,0.513
CFL1P1,-0.0880525,0.295,0.513
PAK6,-0.183265,0.295,0.513
LOC284933,0.061895,0.295,0.513
URGCP,0.1125225,0.296,0.514
LOC100506124,-0.229995,0.296,0.514
NXT2,-0.1081925,0.297,0.514
SLC30A6,-0.5253773,0.203,0.514162
MAGEB4///MAGEB1,0.0641568,0.463,0.515
MMP23B,-0.4822682,0.204,0.516338
SH3RF3-AS1,-0.3194263,0.204,0.516338
HLA-A,0.3762335,0.204,0.516404
FKSG29,-0.3091325,0.204,0.516505
KATNBL1,0.0853525,0.299,0.517
PET100,-0.0639875,0.299,0.517
RPS18,-0.0691775,0.299,0.517
PAGE4,-0.0643864,0.465,0.517
LOC157860,-0.0560925,0.299,0.517
PSTK,0.5942087,0.205,0.517606
H2BFXP,-0.0455725,0.3,0.518
APITD1,0.1637375,0.301,0.519
PLEC,0.081465,0.301,0.519
SORCS3-AS1,-0.37435,0.207,0.519308
OR8J1,-0.0536682,0.468,0.52
RD3,0.0566791,0.468,0.521
CLRN3,0.0509259,0.469,0.521
SAMD13,-0.1329675,0.303,0.521
LOC105369739,-0.3697113,0.208,0.521388
LOC100506098,-0.6109864,0.209,0.521731
GRTP1,-0.0603432,0.471,0.524
ALAS1,0.1310075,0.306,0.524
RFFL,0.08951,0.306,0.524
SAPCD1,-0.5498298,0.211,0.524421
CCDC169-SOHLH2///SOHLH2,0.047935,0.473,0.525
LOC646938///TBC1D2B,0.04274514,0.454,0.525
AQP12B,0.0399925,0.307,0.525
GLI4,0.0569,0.307,0.525
LOC284336///POU2F2,-0.4966455,0.212,0.525904
OR7E2P,-0.5289576,0.212,0.525904
LOC100421494,-0.3158117,0.213,0.526231
ZNF582,-0.350446,0.213,0.52647
LOC646938,0.0445875,0.308,0.527
ADARB2-AS1,-0.0481625,0.309,0.527
AMACR,-0.15069,0.309,0.527
CYP2U1,-0.0802325,0.309,0.527
VPREB1,0.0532655,0.475,0.527
PCDHA3,0.0606036,0.474,0.527
LOC158402,-0.5327309,0.214,0.527151
DLX5,-0.3446832,0.214,0.52763
SSSCA1-AS1,-0.3541826,0.215,0.5278
GMEB1,0.0472391,0.476,0.528
FXYD2,-0.4245773,0.215,0.528056
OR7E62P,-0.04112,0.311,0.529
GOLGA2P11,-0.06278,0.477,0.529
LOC643802,-0.5689629,0.216,0.529566
TBC1D3F,-0.4281949,0.216,0.53
LOC644135,0.5734037,0.217,0.530112
GGT8P,0.1402425,0.313,0.531
NEBL-AS1,0.16048,0.314,0.532
LOC284412,-0.045895,0.313,0.532
LOC100505824,0.06173,0.313,0.532
LOC284570,-0.06412,0.315,0.533
TPD52,-0.15376,0.315,0.533
C12ORF76,0.1541575,0.315,0.533
IGLV3-25,0.7524144,0.22,0.533806
SBDSP1,0.3367056,0.22,0.534377
MIR182,-0.0563873,0.483,0.535
KLHL33,0.6581537,0.221,0.535401
OR10W1,0.0579705,0.484,0.536
FOXE3,0.0590282,0.484,0.536
ZNF20,-0.7381493,0.222,0.536077
LOC101929584,-0.3622815,0.222,0.536451
PGAM1P4,0.4847156,0.223,0.536948
RBMY1E,0.4445027,0.224,0.538489
TUNAR,-0.19043,0.321,0.54
SNRPN,-0.3007937,0.227,0.540484
C11ORF45,-0.0560936,0.49,0.541
RARRES3,-0.4107794,0.228,0.541735
HHIPL2,-0.07134,0.323,0.542
H19,-0.7705907,0.228,0.54209
SLC25A52,-0.3861219,0.229,0.542554
CBY3,0.05493,0.324,0.543
PILRB,0.161385,0.325,0.544
GSDMA,0.0661968,0.492,0.544
FNTB,-0.4877632,0.23,0.544094
FAAP24,-0.3837235,0.231,0.544239
C5ORF66-AS2,-0.3016635,0.231,0.544595
ERV3-2,-0.1763025,0.326,0.545
TSHR,-0.07264,0.326,0.545
ZNF391,-0.0634977,0.493,0.545
LOC100289470,-0.0455075,0.326,0.545
LOC284344,-0.055895,0.326,0.545
PMS2P5,-0.07199,0.327,0.545
RBMX,-0.07445,0.326,0.545
PTCD1,-0.3361957,0.232,0.545295
TAS2R7,-0.3768064,0.232,0.54539
RAB30-AS1,0.0972775,0.327,0.546
KRBOX1,-0.17679,0.328,0.546
CKMT2-AS1,0.06037,0.327,0.546
CABS1,-0.3264148,0.233,0.546294
BSCL2,-0.4837504,0.233,0.546604
RNASEH1-AS1,-0.376433,0.233,0.54664
HOXC4,-0.04776,0.329,0.547
ZNF157,-0.063575,0.329,0.547
SCNM1,-0.3282352,0.235,0.54775
MIR10A,-0.0748795,0.496,0.548
RNASE9,-0.0501723,0.496,0.548
LINC01539,-0.0748925,0.33,0.548
FAM182A,-0.4574743,0.237,0.549849
GM140,-0.0593441,0.499,0.55
LINC01120,-0.06705,0.332,0.55
PCDHGC3,0.0633825,0.332,0.55
LOC100506470,0.054,0.331,0.55
PYCR2,0.08554,0.332,0.551
CLEC2L,-0.2760625,0.239,0.551426
RPF1,-0.0562225,0.334,0.552
LBX1-AS1,-0.05349,0.334,0.552
CGB3,-0.4273078,0.24,0.552131
ADORA2A,-0.4391698,0.24,0.552544
CCDC144NL,-0.4677721,0.24,0.552815
LOC100126784,-0.054915,0.335,0.553
LOC101929163///HCG23,0.5119271,0.241,0.553093
LINC01523,-0.4876422,0.241,0.553264
CLEC3A,0.055325,0.503,0.554
FOLH1B,-0.099645,0.337,0.555
LOC284581,-0.1808027,0.503,0.555
CDK13,-0.4723124,0.243,0.555068
OCM2,-0.6825651,0.243,0.555795
LOC100288069,0.051315,0.338,0.556
NOP56,-0.1030025,0.338,0.556
CDH20,-0.0725309,0.506,0.557
HCG23,-0.0857525,0.339,0.557
TMCO4,-0.4122856,0.245,0.557546
USP51,0.0507164,0.506,0.558
CARD17,-0.2142825,0.34,0.558
MIR124-2HG,0.047195,0.34,0.558
RASGEF1B,0.04208841,0.489,0.559
LOC100131662,0.042785,0.342,0.56
LOC100128361,0.0646925,0.343,0.561
LINC00226,-0.0489525,0.343,0.561
PPP1R2P1///PPP1R2P3///PPP1R2,-0.0360832,0.51,0.561
CARMN,-0.4999722,0.248,0.561332
GRK4,-0.4655908,0.248,0.561889
FOXP1,0.036565,0.511,0.562
C17ORF98,-0.3319822,0.248,0.562002
FLJ44715,0.3455714,0.248,0.562011
LOC100506476,0.3454715,0.248,0.562127
ICK,-0.3281896,0.249,0.562847
MIR519A2///MIR520B,-0.0596291,0.512,0.563
LOC102606466,-0.0394175,0.346,0.563
KIR2DL5A,0.0586175,0.345,0.563
CCT6P1,-0.0640475,0.345,0.563
EMC8,-0.3253814,0.249,0.563071
FAM122A,-0.3142481,0.249,0.563071
LOC729815,-0.3259331,0.25,0.563427
KCNJ6,-0.3216524,0.25,0.563636
ERVK-19///ERVK-9///ERVK-6,0.0471218,0.513,0.564
RBM26-AS1,0.08163,0.346,0.564
NIPBL-AS1,0.132565,0.347,0.564
TOP1P2,-0.1322375,0.346,0.564
PRO0471,-0.3983053,0.251,0.564601
LOC100128079,-0.1368725,0.348,0.565
LOC100507351,-0.045795,0.348,0.565
CYP3A4///CYP3A4,-0.0844327,0.513,0.565
FAM217B,-0.6246454,0.251,0.565217
SMIM23,0.0491525,0.349,0.566
POLR1A,-0.0485275,0.349,0.566
LOC284112,-0.3239072,0.252,0.566225
TSC22D1-AS1,-0.4965579,0.252,0.566372
LINC00680-GUSBP4,-0.4349171,0.253,0.566476
MYCL,-0.05677,0.349,0.567
SMC1B,0.0526409,0.516,0.567
CLDN20,-0.0475123,0.516,0.567
LYSMD1,-0.4712471,0.254,0.567585
FLJ12825,-0.4341918,0.254,0.567592
LOC400002,-0.0414827,0.517,0.568
CYB5RL,0.0310173,0.517,0.568
CLDN17,-0.4149262,0.255,0.568656
SCAF8,-0.1309875,0.351,0.569
LOC254896,0.0528975,0.351,0.569
CT62,-0.4889964,0.256,0.569047
KCNH5,-0.3245763,0.256,0.569799
FKBP9P1,-0.0474314,0.519,0.57
PRPF40B,-0.0438841,0.519,0.57
SNHG20,0.0572825,0.353,0.57
PRLHR,-0.056195,0.353,0.571
CRYL1,0.08512,0.353,0.571
FOLH1,-0.04439,0.354,0.571
WASH7P,0.051375,0.353,0.571
RBAKDN,0.3874975,0.258,0.571231
LOC101927420,-0.338043,0.259,0.57196
S1PR3,-0.043735,0.355,0.572
LOC100233156,-0.6358503,0.26,0.572606
LINC01619,0.0696775,0.355,0.573
CRIP3,-0.0474,0.356,0.573
WHR1,-0.2865537,0.261,0.5731
LOC105375677,-0.464299,0.262,0.574919
PMCHL2///PMCHL1,0.04989,0.524,0.575
ZBTB46-AS1,-0.2922954,0.263,0.576202
OR1Q1,0.0690123,0.526,0.577
OR2D3,0.0531768,0.526,0.577
AKAP17A,-0.5730441,0.265,0.577404
LINC00938,0.4082133,0.265,0.577578
MROH3P,-0.0466,0.361,0.578
ALDH1L1-AS2,-0.0534175,0.36,0.578
TMEM244///ARHGAP18,-0.0499655,0.529,0.579
STAG3L1,0.1459225,0.362,0.579
PSMG3-AS1,0.046845,0.362,0.579
EPPIN,-0.043185,0.362,0.579
TRAC,-0.420157,0.267,0.579187
DEFB104B,0.0412025,0.363,0.58
DCAF8L1,-0.0489523,0.529,0.58
PGM5-AS1,0.5016795,0.268,0.58062
CCER2,0.4241139,0.268,0.580697
RAB8A,0.0814325,0.364,0.581
OR2AG2,-0.0575632,0.531,0.581
LOC101928659,-0.4056237,0.269,0.581205
LOC102723407///SKAP2,-1.1844242,0.269,0.581307
SNAPC4,-0.3840413,0.269,0.581435
FAM24B,-0.3707706,0.269,0.581872
XIST,-0.2887907,0.27,0.582992
OR51G2,0.0647145,0.533,0.583
ERICH6,0.05058,0.535,0.585
ULBP3,0.0538118,0.535,0.585
PNLIP,-0.2870667,0.273,0.585406
LINC00907,-0.4117662,0.273,0.585421
PHOSPHO2-KLHL23,0.1536,0.369,0.586
EQTN,-0.048065,0.368,0.586
DEFB105B///DEFB105A,0.0460536,0.537,0.587
LRIT3,-0.0524577,0.536,0.587
SENP8,-0.4637958,0.275,0.587823
LARP7,-0.4296466,0.275,0.587823
C22ORF29,0.10021,0.371,0.588
MTRNR2L2,-0.144505,0.371,0.588
LINC00545,-0.0522875,0.371,0.588
CSE1L-AS1,-0.084875,0.371,0.588
COPS3,-0.282833,0.275,0.588458
GPR6,0.3801679,0.276,0.588522
LOC84843,0.0363091,0.539,0.589
TTTY13,0.046285,0.372,0.589
SNORA62///RPSA,-0.4981678,0.277,0.589969
LOC100507377,-0.303808,0.278,0.590781
ZNF132,0.049675,0.542,0.592
CENPVL2,-0.0527225,0.375,0.592
GUSBP2,-0.4064762,0.279,0.592175
MIR34A,-0.0559977,0.543,0.593
NOC4L,0.05839,0.377,0.594
LOC100130815,-0.0580609,0.544,0.594
LOC100288910,0.0503055,0.545,0.594
NXF2,-0.20539,0.378,0.594
UPP2,-0.3895757,0.281,0.594165
MRPL51,-0.2922061,0.281,0.594267
LOC101927598,-0.3924191,0.281,0.594527
MIR101-1,-0.0580123,0.545,0.595
LOC100419920,-0.0626925,0.378,0.595
LOC100132831,-0.3585256,0.282,0.595344
LOC221272,-0.4533695,0.282,0.595395
GOLGA8A,-0.13775,0.38,0.596
ANKRD19P,0.0461725,0.379,0.596
KRTAP1-5,-0.3641469,0.284,0.59698
LCMT1-AS2,0.04095,0.381,0.597
HIST1H2AI,0.0530918,0.547,0.597
ASH1L-AS1,0.3264997,0.285,0.597636
BMP6,0.1726975,0.383,0.598
VPS16,0.05781,0.382,0.598
ATAD3C,-0.074605,0.382,0.598
PSMG1///PSMG1,-0.0360314,0.549,0.598
OR4F17///OR4F5///OR4F4,-0.0515059,0.549,0.599
TOB1-AS1,0.0967175,0.384,0.599
C8ORF44,-0.4181609,0.287,0.599405
TAAR1,-0.454187,0.287,0.59988
RET///RET///KIF5B,0.0355855,0.551,0.6
DEFB128,-0.0527309,0.551,0.6
OR1J4,0.0943991,0.551,0.6
ZNF317,-0.3078841,0.288,0.600157
LEUTX,-0.2993278,0.288,0.600557
OR2A2,0.0532827,0.551,0.601
MIR124-1,0.0497695,0.552,0.601
VDAC3///VDAC3,0.0584555,0.552,0.601
CNBD1,-0.0462345,0.552,0.601
TCAM1P,-0.3936358,0.289,0.601329
LOC105372695,-0.2926004,0.289,0.601491
LOC730961,-0.2623883,0.289,0.6017
FCER2,-0.0915025,0.387,0.602
PRDM10,0.0307864,0.553,0.602
KIAA1024,-0.0626632,0.553,0.602
LIPI,-0.0374623,0.553,0.602
CTAGE4,0.1285125,0.386,0.602
RPL19P12,-0.3487261,0.291,0.603038
CLEC18B,-0.124895,0.389,0.604
ZNF259P1,-0.081735,0.389,0.604
LINC00260,0.103965,0.389,0.604
MIR410,0.0742009,0.555,0.604
C14ORF159///PIGF,0.0399445,0.555,0.604
COX16,-0.282961,0.292,0.604662
GOLGA8F,0.0705225,0.39,0.605
MMP25-AS1///MMP25,-0.6096489,0.294,0.605874
ZNF547,-0.04075,0.392,0.606
SPACA1,0.3476073,0.294,0.606489
PSG5,-0.4035697,0.296,0.607799
LOC284009,0.0426664,0.559,0.608
SPHAR,-0.08117,0.394,0.608
LOC100287704,0.3965778,0.297,0.608513
LOC644189,-0.127265,0.395,0.609
LOC100288842,0.6272891,0.298,0.6094
ZACN,-0.3557383,0.298,0.609696
LOC100652930,0.3835016,0.298,0.609861
MSANTD3,-0.2821619,0.299,0.610805
OR4F15,-0.0453441,0.562,0.611
TRG-AS1,-0.5897053,0.3,0.611369
NUTM2A,-0.115585,0.399,0.612
ACTR3BP2,0.04365,0.398,0.612
HVCN1,-0.114075,0.398,0.612
LOC115110,-0.2957167,0.302,0.61265
PPBP,-0.45365,0.399,0.613
LOC105373383,-0.3474389,0.303,0.613839
REG3A,0.0435714,0.565,0.614
C1ORF174,0.057675,0.401,0.614
ATP1A1-AS1,-0.533658,0.305,0.615467
TTTY21,-0.2797719,0.305,0.615961
LINC01531,-0.2991142,0.306,0.6164
GANC,-0.3095539,0.306,0.616458
SLC35G1,0.3363574,0.306,0.61705
ASAH2,-0.3521007,0.307,0.617463
ZNF213-AS1,0.3925736,0.307,0.617662
LINC00619,0.0509575,0.406,0.618
GUCY2GP,-0.053405,0.406,0.619
OR1J2,-0.0608645,0.571,0.619
LOC284926,-0.04212,0.407,0.62
FAM21EP,0.059425,0.409,0.621
AMD1P3,0.06772,0.409,0.621
ZCCHC12,0.316182,0.31,0.621455
C2ORF74,0.1437325,0.41,0.622
LOC101927588,-0.0483575,0.409,0.622
OR7E12P,-0.4937558,0.311,0.622129
TRAJ9,-0.3820024,0.312,0.623283
RN7SL737P,0.0389909,0.575,0.624
BABAM1///BABAM1,0.040885,0.575,0.624
SNORD115-28,-0.0488323,0.575,0.624
LOC643387,-0.2282176,0.314,0.625205
GANAB,-0.444083,0.314,0.625332
DEFA1B///DEFA1,-0.3789103,0.314,0.625745
ERFE,-0.3468335,0.314,0.625745
DDI2,-0.5212982,0.315,0.625809
AKIRIN1,-0.3346753,0.315,0.625826
PCAT4,-0.0579286,0.579,0.627
LINC00239,0.1110475,0.416,0.627
OR2W3,0.03938,0.417,0.628
COQ4,-0.3877467,0.317,0.628048
LOC101928521,-0.3277147,0.317,0.628252
NR2F2-AS1,-0.5628133,0.318,0.628419
CRNDE,0.17961,0.418,0.629
LOC100270746,0.1802375,0.418,0.629
THEG5,0.050695,0.418,0.629
LIMS3,0.4718712,0.319,0.629127
SEC24B-AS1,0.3120017,0.319,0.629284
ARRDC5,-0.3896443,0.319,0.629831
LOC105376633,0.0489175,0.419,0.63
LOC155060,0.1034175,0.419,0.63
GBF1,-0.0457068,0.582,0.63
ZNF789,0.4902757,0.32,0.63015
LINC01497,-0.4306385,0.32,0.630238
LOC100419583,-0.1329875,0.42,0.631
MIR215,0.03389,0.583,0.631
IYD,-0.0450309,0.583,0.631
LOC100506422,0.02984389,0.566,0.631
LOC101926940,0.0846625,0.421,0.632
LOC100132217,-0.3153468,0.323,0.632294
HLA-J,0.2265942,0.323,0.632419
BORCS8-MEF2B,-0.0600675,0.423,0.633
LHX8,0.038315,0.585,0.633
GMPPB,-0.4231412,0.324,0.633388
LOC642929,-0.2916987,0.324,0.633769
SNORD58A,0.0794768,0.586,0.634
APOC4,-0.0924125,0.424,0.634
LINC01549,-0.2919908,0.325,0.634671
SNORD26,-0.3499367,0.325,0.634754
LOC100129397,-0.3668203,0.326,0.634823
LOC100130152,0.04866,0.425,0.635
LOC613037,-0.3633957,0.326,0.635052
HYAL4,-1.0947591,0.326,0.63549
TBC1D3B,0.052025,0.426,0.636
SNURF,-0.07245,0.426,0.636
IFNA4,0.0714025,0.426,0.636
LOC100133106,0.0500182,0.588,0.636
LOC646626,-0.17879,0.426,0.636
SNORA7A///RPL32,-0.2733918,0.328,0.636804
TRIM64EP,-0.05652,0.427,0.637
SPANXN1,-0.0425405,0.589,0.637
TXNRD3,-0.347848,0.328,0.637394
CYP2A13///CYP2A7P1///CYP2A7///CYP2A6///CYP2A7,-0.0504695,0.591,0.638
LINC01361,-0.037165,0.428,0.638
MIR646HG,-0.0725277,0.591,0.638
CLIP1-AS1,0.043975,0.429,0.638
MMP25-AS1,0.2903246,0.329,0.638226
TSNAX,-0.434129,0.33,0.638714
RLN3,0.3839823,0.33,0.638815
KRTAP13-1,0.03745,0.43,0.639
OR1L6,0.0386032,0.592,0.639
B3GALT5,-0.0710627,0.592,0.64
POTEB3///LOC102723502///POTEB///LOC100288966///POTEB2///POTEF///POTEJ///POTEM///POTEE///POTEG///POTEC///POTED///POTEH,0.035545,0.592,0.64
FGF22,-0.4368209,0.332,0.640049
SMIM1,0.3548197,0.332,0.64008
CHIC2,-0.3975544,0.333,0.640608
H2AFB2,0.04757,0.432,0.641
GGACT,-0.11217,0.432,0.642
DLX6-AS1,-0.039975,0.432,0.642
LINC01347,-0.2964963,0.335,0.64215
TRIM34,-0.3811976,0.335,0.642432
PTGES2-AS1,-0.0522425,0.434,0.643
MUC8,-0.03457,0.433,0.643
LINC01191,-0.049605,0.433,0.643
OR10H2,0.0455532,0.597,0.644
HIST2H2BC,0.0667675,0.435,0.644
DKFZP434L192,-0.3897459,0.337,0.644387
SKP2,0.4132918,0.34,0.646964
SAMD7,-0.3948053,0.341,0.647027
ISCU,-0.2786584,0.342,0.647927
MIR26A1,0.0611136,0.601,0.648
TULP1,0.0314723,0.602,0.648
WTAPP1,-0.3600588,0.343,0.648679
LOC642862,-0.03965,0.44,0.649
DPY19L1P1,-0.4342003,0.345,0.65011
TTTY5,0.2140425,0.346,0.651319
SEM1,-0.3330209,0.347,0.651823
DKFZP586I1420,-0.4625501,0.347,0.651844
NUP153,0.0444323,0.606,0.652
POU5F1P3,-0.3577498,0.347,0.652031
CRYM-AS1,0.0278986,0.607,0.653
MIR204,0.0388414,0.607,0.653
LINC00935,-0.0559025,0.445,0.653
LOC728673,-0.3280063,0.349,0.653378
C20ORF78,0.0360082,0.608,0.654
ANKLE2,-0.0908775,0.445,0.654
TOMM7,-0.3082467,0.35,0.654406
OR7E5P,-0.04808,0.447,0.655
OR1L4,0.036065,0.448,0.656
LINC00347,-0.2452306,0.352,0.656006
SRPRA,-0.3192434,0.352,0.656006
ZNF350-AS1,0.2561102,0.353,0.656568
LOC645513,-0.0466025,0.449,0.657
GOLGA6A,-0.04127,0.449,0.657
TBC1D3P2,0.0610725,0.449,0.657
FAM47E,-0.2073575,0.449,0.657
IGSF23,-0.3562758,0.354,0.657717
POLR2J2,-0.292242,0.355,0.657947
ARHGAP19-SLIT1///ARHGAP19-SLIT1///ARHGAP19,-0.0375841,0.612,0.658
C18ORF32,0.0743975,0.45,0.658
LOC101927000,-0.2348421,0.355,0.658087
TGM3,-0.0536018,0.613,0.659
LSM11///LSM11,-0.0272409,0.613,0.659
MPP4,0.0315059,0.613,0.659
SDAD1P1,-0.07004,0.454,0.661
HNRNPKP3,-0.0626625,0.454,0.661
KLKB1,0.0643545,0.616,0.662
FAM182B///FAM182A,-0.03044,0.618,0.663
C16ORF47,0.0389555,0.618,0.663
ACTG1P4,0.3444417,0.361,0.663359
MIRLET7G,0.0803132,0.618,0.664
TAX1BP3,-0.3592821,0.362,0.664202
OR2T5,-0.3464917,0.363,0.664885
TAF9,-0.2884999,0.363,0.664967
OR52I2,0.0349523,0.619,0.665
UBAP1L,-0.2986411,0.365,0.666609
DDX39B,0.3515713,0.365,0.66671
TPTE2P5,0.0713875,0.46,0.667
LOC100996345,0.04364,0.461,0.667
OR2A5,0.0376177,0.622,0.668
ZNF648,0.033945,0.624,0.669
LINC00317,-0.2616294,0.369,0.669909
PI4KA,-0.0409273,0.625,0.67
SWSAP1,-0.0267155,0.627,0.672
PEG3,-0.06045,0.466,0.672
CT45A1,0.5230213,0.372,0.672052
LINC01602,0.0418014,0.629,0.673
OPCML,0.03884,0.628,0.673
CBWD2,0.071575,0.468,0.673
LOC102724354///LINC00313,-0.2855671,0.374,0.673798
LOC400940///LOC400940,0.0366432,0.629,0.674
LOC101927592,0.2355822,0.375,0.674246
LOC100506639,-0.2413641,0.375,0.674378
SLC22A1,-0.03835,0.471,0.675
LOC286254,-0.069505,0.47,0.675
HTN1,-0.2114208,0.376,0.675638
LOC646383,-0.0444114,0.632,0.676
TNK1,0.0391125,0.472,0.676
GPR32P1,0.2823101,0.377,0.676078
H2BC11,-0.2502744,0.377,0.676078
ABHD18,-0.0323473,0.633,0.677
EPHA5-AS1,-0.0377925,0.473,0.677
NANOGNB,0.0395859,0.633,0.677
GJA8,0.03038,0.473,0.677
LOC100288798,-0.3206428,0.379,0.677368
IFNA14///IFNA7,0.0304564,0.633,0.678
OR2M7,-0.0461309,0.634,0.678
PCDHGA9,-0.0395675,0.474,0.678
LOC105371184,0.0343775,0.476,0.68
OR4E2,0.0408227,0.636,0.68
PTOV1-AS2,-0.0474375,0.477,0.681
DEFB131,0.0434141,0.637,0.681
LINC00857,-0.0361025,0.479,0.682
SPINT4,-0.0410673,0.639,0.683
SYT14P1,0.041725,0.479,0.683
AMT,0.0773525,0.479,0.683
DEFB106B///DEFB106A,0.0318918,0.641,0.684
FAM72D,-0.4261152,0.387,0.684513
HEIH///LINC00847,-0.3160111,0.387,0.684884
OVCA2,0.037305,0.482,0.685
LOC100505915,-0.4601151,0.387,0.685035
BABAM2,-0.2421383,0.388,0.685142
LOC148709,0.3752765,0.388,0.685895
XKRY2///XKRY,0.0260391,0.643,0.686
FRG1JP,0.060455,0.486,0.688
DKFZP586K1520,0.3518347,0.392,0.688946
STK4-AS1,0.03977,0.487,0.689
PKN2-AS1,0.0337175,0.487,0.689
POMZP3,0.0669975,0.487,0.689
LOC100128356,0.0337077,0.647,0.69
MIR184,0.0471791,0.647,0.69
AGPAT1,-0.2695372,0.393,0.690052
LOC105374546,0.4240405,0.394,0.690394
KRT18P55,-0.1471875,0.489,0.691
OR7E14P,0.0642025,0.49,0.691
ADD3-AS1,-0.0390625,0.489,0.691
UBE2E4P,0.0297473,0.648,0.691
ZNF705A,-0.0633314,0.648,0.691
SLC25A53,0.02841,0.648,0.691
NBPF15,0.084765,0.49,0.691
LINC00266-1,0.0452775,0.489,0.691
ADCY10,-0.2357401,0.395,0.691322
TRGV5,-0.0316475,0.491,0.692
NBPF18P,-0.039355,0.491,0.692
LOC100287467///DSE///TSPYL1,0.3163302,0.396,0.692609
HOTTIP,-0.2013615,0.398,0.693741
KIAA1614-AS1,-0.4351415,0.398,0.693937
PP12708,-0.0369925,0.492,0.694
OR2B6,-0.4136161,0.399,0.694764
TRIM43,-0.2944634,0.4,0.694926
TGIF2LY,-0.0373375,0.494,0.695
MYO1H,0.0438009,0.654,0.696
KRTAP4-11,0.3338151,0.402,0.696073
TRBV6-8,0.3572454,0.403,0.696949
NLRP2B,0.0570675,0.496,0.697
ATAD3B,-0.2803063,0.405,0.698351
LOC100128843,-0.0362225,0.499,0.699
GSPT2,0.0368709,0.657,0.699
IQCF5-AS1,-0.2803876,0.407,0.699358
KIAA1661,-0.2008466,0.407,0.699776
LOC149703,-0.3822721,0.407,0.699793
OOEP,0.1164575,0.5,0.7
LOC100288721,-0.039455,0.501,0.701
LOH12CR2,0.2609356,0.41,0.701901
GLT6D1,0.0427595,0.661,0.703
YBX3P1,-0.3831569,0.412,0.703248
ZRSR1,-0.2832879,0.414,0.704924
KCNMB2-AS1,0.0399775,0.506,0.705
SNORA70,0.2547124,0.415,0.705797
LOC100287728,0.034135,0.508,0.706
CGB2,0.033735,0.507,0.706
CLEC9A,0.0404164,0.665,0.707
LINC00933,-0.0579225,0.511,0.708
FAHD2CP///FAHD2B,-0.3868024,0.419,0.708815
SOX9-AS1,-0.12175,0.512,0.709
A2ML1,0.273245,0.422,0.710996
OR4N3P,-0.0384482,0.671,0.712
EFCAB5,-0.0363555,0.671,0.712
PPP1R2P3,0.0252059,0.672,0.714
LOC101930105,-0.2337539,0.427,0.714892
ADAM3A,-0.0237477,0.673,0.715
SMIM10L2A,-0.0319259,0.674,0.715
ZNF559,-0.0725975,0.519,0.715
PIGY,0.0526,0.521,0.716
ADGRF2,-0.2469106,0.428,0.716068
MIR509-3///MIR509-2///MIR509-1,0.0423532,0.676,0.717
HLA-H,0.11487,0.523,0.718
POM121L10P///POM121L4P///POM121L8P///POM121L9P///POM121L1P,0.0264723,0.677,0.718
VN1R10P,0.0374786,0.679,0.719
TEKT4P2,0.065895,0.527,0.722
SMN2,0.051985,0.528,0.722
ARL9,0.0315777,0.682,0.723
GOLGA2P9,0.0409164,0.682,0.723
LOC100132363,-0.3913007,0.438,0.723386
LRRD1,-0.0403827,0.683,0.724
MIR208A,-0.0354759,0.683,0.724
PWP2,-0.2303364,0.44,0.725198
LOC100507663,-0.2496253,0.441,0.725923
POU3F4,0.0296975,0.534,0.726
PCDHA1,-0.2612935,0.442,0.726043
SRGAP2B,-0.4132753,0.442,0.726652
FAM53B-AS1,-0.2728221,0.443,0.727228
TVP23B,-0.3285692,0.444,0.727727
LINC01446,0.0364032,0.687,0.728
TOMM6,0.0329025,0.536,0.728
POU5F1P3///POU5F1P3,-0.0409064,0.688,0.728
RIC8A///RIC8A,-0.0291982,0.689,0.729
DNAPTP3///FN1,0.2297823,0.447,0.730302
TMEM147-AS1,-0.2963835,0.448,0.730661
FLJ22763,0.0346275,0.54,0.731
LOC286382,-0.2000949,0.449,0.731434
LOC105370259,-0.2877176,0.449,0.731824
SPRR2B,0.0428186,0.692,0.732
KLRF2,-0.034195,0.541,0.732
LOC100131053,0.2487505,0.449,0.732022
LOC100422737,-0.1808401,0.449,0.732022
HSFX1,-0.027215,0.543,0.733
CCDC179,-0.0340625,0.543,0.733
C7ORF73,0.3290853,0.451,0.733009
LOC286297,0.03456,0.544,0.734
RPS2P45,0.051805,0.545,0.734
OR6B3,0.0362514,0.695,0.734
IGKV2D-24,-0.183721,0.453,0.734136
MIATNB,0.02981,0.546,0.735
MUC3A,-0.024475,0.546,0.735
KRTAP4-6,-0.024365,0.546,0.735
VPS18,-0.0286168,0.696,0.735
HLA-B,0.113585,0.547,0.736
CCL15,-0.3488712,0.457,0.736845
LOC153546,0.0860975,0.548,0.737
FLJ44874,-0.0336086,0.698,0.737
TEX35,-0.0248345,0.698,0.737
JARID2-AS1,0.03176,0.55,0.738
SLC15A5,-0.0323077,0.699,0.738
SPIC///SPIC,0.03178527,0.684,0.738
GPR1,-0.19539,0.461,0.739283
HCFC1R1,-0.2138176,0.462,0.739599
PP7080,-0.3604678,0.462,0.739783
LOC101928035,-0.0259875,0.552,0.74
OR13C4,-0.0496427,0.701,0.74
DUXA,-0.0411336,0.701,0.74
BUD31,-0.0285845,0.703,0.741
OR13D1,0.0395541,0.703,0.741
CGB1,-0.2797426,0.464,0.741109
LOC105376790,-0.3559877,0.464,0.741305
RPS27,-0.0406,0.555,0.742
WAC-AS1,0.0555775,0.555,0.742
RAPGEFL1,0.0508275,0.555,0.742
ARPC4,-0.2502376,0.466,0.742514
CCDC144NL-AS1///LOC339260,0.2400137,0.467,0.743021
OR8G5,-0.01912714,0.69,0.744
USP30-AS1,-0.1738825,0.559,0.745
TXNDC8,0.0277268,0.707,0.745
CARD9,0.1220925,0.56,0.745
C15ORF65,-0.0886325,0.561,0.746
LOC414300,-0.02459,0.562,0.747
TRBV20OR9-2,-0.03764,0.562,0.747
POLR1G,0.2602734,0.473,0.747344
ALG10,0.284514,0.475,0.748087
LINC00994,0.0365627,0.711,0.749
LOC100506544,-0.3453751,0.476,0.74916
ZNF783,0.0491375,0.566,0.75
LOC100506634,-0.025295,0.566,0.75
PMS2P3,-0.024275,0.712,0.75
PCDHA8,0.0244232,0.712,0.75
VPS26C,0.2962966,0.478,0.750227
FAM138B,-0.2357622,0.478,0.750281
RNF5P1///RNF5,0.0389745,0.713,0.751
CTRB1,-0.02898,0.569,0.751
LINC00506,0.034335,0.568,0.751
ATXN1L,0.02518,0.568,0.751
SPINK9,0.0300614,0.714,0.752
BTNL10,-0.028,0.57,0.752
INO80B,-0.0239075,0.569,0.752
SMN1,0.10675,0.571,0.753
LOC100133267///DEFB130,0.0345918,0.717,0.755
MOB1B,0.0442325,0.574,0.756
SEPT7P9,0.042625,0.576,0.757
SNORA17B///SNORA17A///SNHG7,-0.2020566,0.49,0.758196
ALG10B,-0.2302331,0.49,0.758341
H3C3,0.2455925,0.491,0.758956
OR5AC2,0.0197495,0.723,0.76
LOC100129917,-0.2630079,0.495,0.76077
IFNA21///IFNA17///IFNA16///IFNA14///IFNA10///IFNA7///IFNA4,-0.0172986,0.726,0.762
EEF1DP3,0.2078762,0.498,0.762041
PRH2,0.0250236,0.726,0.763
LAMTOR5P1,-0.0297777,0.726,0.763
SNORD116-10,0.0270214,0.729,0.765
LOC100132735,0.0262475,0.587,0.765
NME2P1,-0.0477925,0.586,0.765
TMEM249,-0.2458545,0.502,0.765486
NPY1R///NPY1R,-0.03656015,0.716,0.766
LOC100287525,-0.0426775,0.588,0.766
ACSM2B,-0.0406775,0.591,0.767
ELAC2///HMGA2///HMGA2,-0.0226168,0.732,0.767
DKKL1,0.0288241,0.731,0.767
UTS2B,-0.1759038,0.505,0.767161
SUGT1P3,-0.1774137,0.506,0.767816
LOC101927056,-0.3291967,0.506,0.768009
MRPL42P5,-0.2989442,0.507,0.768212
IGLV5-45,-0.2468198,0.507,0.768301
FAM138A,-0.0257325,0.593,0.769
LOC100505912,0.03601,0.593,0.769
TRAJ27,-0.2637442,0.508,0.769001
HIST2H2BF,-0.2462177,0.509,0.769766
UNQ6494,0.0273,0.594,0.77
HTR3E,0.2477674,0.511,0.771164
LOC150596,-0.2030314,0.512,0.77126
OR13C3,-0.0271873,0.738,0.773
MIR133A1HG,-0.0342325,0.598,0.773
C18ORF15,0.211053,0.516,0.773528
HCG18,0.040955,0.601,0.774
KRTAP2-1,-0.1955972,0.516,0.774051
AFDN-AS1,-0.1947325,0.603,0.775
OR2AP1,0.0269482,0.743,0.778
OR7A17,-0.030285,0.608,0.779
LINC00959,-0.0504975,0.609,0.78
TTTY6B///TTTY6///TTTY6B///TTTY6,0.028255,0.746,0.78
OR5V1///OR11A1,0.0193414,0.747,0.781
DCAF4L1,0.02617,0.748,0.782
UNC13C///UNC13C,0.0260868,0.748,0.783
LOC645984,-0.02355,0.614,0.783
LINC01136,-0.025755,0.614,0.783
TRUB2,-0.1808324,0.53,0.783055
LOC100505570,0.0247975,0.615,0.784
ZNF554,0.0176505,0.749,0.784
LINC00950,0.2868929,0.534,0.784803
LOC100506473,-0.2623003,0.534,0.784845
ZNRD2,-0.2339736,0.534,0.784928
OR51A2,-0.0327855,0.751,0.785
KIAA1257,-0.3695452,0.534,0.785215
PDE6D,-0.1837876,0.534,0.785285
GOLGA2P2Y,-0.3336021,0.536,0.786774
LOC646743///TISP43,0.02243727,0.74,0.787
TARS1,-0.1257232,0.537,0.787341
LINC00690,-0.2473012,0.537,0.787562
SNORD76///GAS5,0.0348586,0.754,0.788
LINC00687,0.0299877,0.754,0.788
CCZ1,-0.1894008,0.539,0.788652
LOC439911,-0.2796382,0.54,0.789151
LOC100505985,-0.0261275,0.624,0.79
HLA-DRB6,-0.1485125,0.625,0.791
AKR1C8P,0.024075,0.759,0.792
PDZK1P1///PDZK1,-0.0163382,0.759,0.792
MIR1-1,0.0313623,0.759,0.792
NDUFAF4P1,0.02462,0.628,0.794
LINC01186,0.0769625,0.628,0.794
OR6C6,-0.0190327,0.761,0.794
LOC392364,0.0295341,0.761,0.794
VIM-AS1,0.3131742,0.549,0.794433
MGC16275,0.021235,0.633,0.796
ATP11AUN,0.0223273,0.763,0.796
CEP43,-0.2755361,0.553,0.796719
OR10V1,-0.0264855,0.764,0.797
CYP4F30P///CYP4F62P///FAR2P1,0.0197686,0.764,0.797
RBM14-RBM4///RBM4,-0.015705,0.764,0.797
LOC401098,-0.0771375,0.634,0.797
OR5T2,0.0271768,0.766,0.798
IFNA21///IFNA17///IFNA14///IFNA13///IFNA10///IFNA6///IFNA1,0.0207918,0.765,0.798
CDK3,0.0259275,0.636,0.798
FLJ23519///RNH1,0.025265,0.635,0.798
SLC45A2,-0.0271575,0.637,0.799
IGFL4,0.0265914,0.767,0.799
MTRNR2L6,0.071465,0.639,0.8
PATE2,-0.0225518,0.768,0.8
CCZ1B,-0.1649105,0.562,0.800961
XAGE-4,-0.0324341,0.769,0.801
PCDHGA12,-0.2404477,0.563,0.801772
MTUS2-AS1,0.0217968,0.771,0.802
PLAC8L1,0.0207895,0.77,0.802
LOC101927305,-0.220729,0.564,0.802052
H2BC15,0.3502084,0.564,0.802419
CYP2G1P,0.0495723,0.773,0.804
MRPS28,0.0314775,0.646,0.805
LINC01399,-0.1903215,0.571,0.805737
TBC1D26///TBC1D28,-0.0232127,0.775,0.806
LINC00942,-0.1482908,0.571,0.80611
SKIDA1,-0.057865,0.652,0.808
ZNF737,-0.1373289,0.577,0.809074
H1-1,-0.1963419,0.578,0.810015
ELOB,0.2135847,0.579,0.810101
BTF3P9,0.0171418,0.78,0.811
AS3MT,-0.0325275,0.657,0.812
KRTAP20-3,0.0204764,0.782,0.812
LOC101927451,-0.1359693,0.582,0.812332
LOC439933,-0.03154,0.658,0.813
NME8,0.0312723,0.783,0.813
LOC100506125,0.2339986,0.584,0.813727
STAG3L2,0.022725,0.661,0.814
DNAJA2,-0.036285,0.66,0.814
WRB-SH3BGR///WRB,0.2161523,0.585,0.814176
LOC389705,-0.2031657,0.586,0.814542
PTPRA,-0.152536,0.588,0.815373
RBAK-RBAKDN,0.0518325,0.664,0.816
HPX,-0.2129424,0.591,0.817131
OR11H12,0.02147,0.668,0.819
DEFB105B,0.022365,0.668,0.819
LOC101928845,-0.01895,0.668,0.819
RIPOR2,-0.1716194,0.595,0.819049
LOC101927648,-0.2279861,0.596,0.819405
KRTAP9-2,-0.023545,0.67,0.82
ATP5O,-0.1370792,0.599,0.820942
KRT19P2,0.2152217,0.599,0.820999
SPRED3,0.0197805,0.791,0.821
KRTAP20-2,-0.0231323,0.792,0.821
RAD51-AS1,0.0450925,0.673,0.822
PGAM1P5,0.2238043,0.601,0.822257
LOC100507205,0.019965,0.675,0.823
IQCF4,-0.0197975,0.674,0.823
TRAJ2,-0.2635344,0.603,0.823315
LOC149351,-0.1423694,0.603,0.82339
NPHP4,0.215555,0.603,0.82339
C19ORF38,-0.0606275,0.676,0.824
PRB2,-0.2074462,0.604,0.82411
SNAP25-AS1///LOC100130694,0.2029175,0.605,0.82464
SKINT1L,-0.02254,0.68,0.827
POMT1,-0.0157532,0.801,0.829
KIR3DL3,0.039645,0.684,0.83
LOC105274304,-0.3166257,0.615,0.830201
USP41,-0.2209962,0.616,0.830332
MIR133A1HG///MIR133A1,-0.0273373,0.803,0.831
SKIC3,0.3330266,0.617,0.831188
SUGT1P1,0.0309482,0.805,0.832
C3ORF79,-0.0274023,0.804,0.832
FAM24B-CUZD1///FAM24B,-0.0193959,0.805,0.832
DLGAP1-AS2,-0.1779549,0.62,0.833401
LOC101927021,-0.2465228,0.621,0.833692
IFT54,0.2190571,0.624,0.834854
LOC100288637///OTUD7A,-0.0258595,0.807,0.835
OR51F2,-0.0181968,0.808,0.835
PIWIL2,0.179988,0.624,0.835118
LOC100287590,0.050285,0.695,0.836
HLA-G,-0.066715,0.695,0.837
LOC253805,0.1876367,0.629,0.83798
LOC100506472,0.022605,0.697,0.838
TMED7-TICAM2,-0.037065,0.699,0.838
OR10K1,0.0155718,0.811,0.838
MIR9-3HG,0.02014,0.698,0.838
NCF1,0.116175,0.698,0.838
PCDHGC4,-0.1502042,0.631,0.838763
PCDHA13,-0.0214482,0.813,0.839
LOC645195,-0.0318575,0.7,0.839
TTTY6,0.1676391,0.631,0.839198
LINC00899,-0.018615,0.701,0.84
RBMY1J///RBMY1E///RBMY1D///RBMY1B///RBMY1A3P///RBMY1F///RBMY2FP///RBMY1A1,-0.0104791,0.814,0.841
SNRPN///IPW,-0.2246935,0.635,0.841145
CXORF51B,0.1608749,0.636,0.841384
DSCAM-AS1,-0.0485125,0.704,0.842
LOC101929595,-0.2097626,0.637,0.842353
OR5H1,-0.0237825,0.707,0.844
LHFPL3-AS1,0.045425,0.707,0.844
MIR124-3,-0.0166009,0.818,0.844
OTUD6B-AS1,-0.2368325,0.64,0.844172
TSPAN31,0.144903,0.641,0.84437
SPIC,0.019435,0.71,0.845
OR8B4,0.0186077,0.82,0.846
RRN3P3,0.05684,0.712,0.846
IPCEF1,-0.0205825,0.711,0.846
ZNF728,-0.214517,0.645,0.846806
LOC653160,0.033985,0.715,0.848
TTTY15,-0.3063545,0.65,0.848866
LINC00491,-0.1727368,0.651,0.849607
FAM197Y2P,-0.01644,0.719,0.85
LOC100131929,0.0189625,0.719,0.85
DDX53,-0.021415,0.718,0.85
KRT86,-0.2576922,0.652,0.850449
LOC101929977,-0.1200212,0.653,0.850678
ADNP-AS1,0.1807642,0.654,0.851192
OPN1SW,0.2203267,0.654,0.851295
CCNYL2,0.0166655,0.827,0.852
LOC102725138,-0.1475945,0.656,0.852641
MUC22,0.01628,0.723,0.853
OR6C2,-0.0159195,0.828,0.853
OR4K14,-0.0149577,0.828,0.853
LOC101927765,0.2236559,0.657,0.853119
AGAP9,-0.1542085,0.658,0.853575
LOC100507521,0.01943,0.724,0.854
RBMXL1,0.1868309,0.659,0.854009
LOC100507277,-0.0193675,0.726,0.855
IGHD2-21,-0.227736,0.662,0.85609
SMG1P2,-0.015825,0.729,0.857
HOXA-AS3,0.1198671,0.666,0.858149
EP400NL,-0.0145827,0.835,0.859
LOC105369230///HLA-DRB5///HLA-DRB4///HLA-DRB3///HLA-DRB1,0.2560403,0.669,0.859071
LINC00113,-0.02007,0.736,0.861
LOC105372179,-0.2298193,0.673,0.861109
MIR206,-0.01532,0.838,0.862
LOC399716,-0.0198475,0.739,0.863
PCDHGC5,0.021235,0.738,0.863
NSD2,-0.1649417,0.677,0.863574
FLJ32255,-0.1640709,0.678,0.863773
NOP14-AS1,0.015925,0.74,0.864
LOC100506458,-0.1583149,0.679,0.864257
GOLGA6L1,0.1614585,0.68,0.864681
RARA,0.109215,0.68,0.864892
IRF8,-0.1600441,0.682,0.865395
LOC100506302,0.1543391,0.687,0.868373
MIR106A,-0.017975,0.846,0.869
SPATA31C2,-0.0201375,0.748,0.869
LOC100288846,-0.01816,0.749,0.869
GS1-124K5.11,-0.0209825,0.75,0.87
LOC100506844,-0.0813275,0.749,0.87
MIR7515HG,-0.1333386,0.691,0.870722
SNORD14A,-0.1266876,0.693,0.871351
OR6W1P,-0.0137977,0.849,0.872
IFNA21///IFNA17///IFNA16///IFNA14///IFNA13///IFNA10///IFNA7///IFNA6///IFNA5///IFNA4///IFNA1,0.0096668,0.85,0.872
C1ORF234,0.0153475,0.754,0.872
NPY1R,-0.0625525,0.755,0.872
ACP3,-0.1395386,0.694,0.872242
PLAAT4,-0.1943845,0.696,0.872978
OR13C5,-0.0149209,0.851,0.873
OR2T11,0.0159509,0.851,0.873
ZNF29P,-0.0166618,0.851,0.873
LOC650226,-0.0389725,0.76,0.876
LOC105372255,-0.1667029,0.703,0.876237
LOC440434,-0.0420025,0.762,0.877
TMEM170B,0.0512025,0.762,0.877
LOC100128108,0.1454266,0.709,0.878423
FAM25A,-0.02182,0.765,0.879
LINC00919,0.013815,0.767,0.88
LOC149950,-0.0121832,0.859,0.88
HP09025,-0.1180821,0.712,0.880285
LOC729652,0.0155025,0.77,0.881
CXORF51A,-0.0159075,0.769,0.881
OR5D13,-0.0136382,0.861,0.882
PRH1-PRR4,0.0301175,0.771,0.882
HMGN3-AS1,0.0164175,0.773,0.883
AFDN-AS1///AFDN-AS1,-0.0142132,0.863,0.884
DEFB110,-0.0168527,0.864,0.884
PKD1P6-NPIPP1///NPIPA8///NPIPA5///PKD1P1,0.1263658,0.719,0.884328
LOC145694,-0.1281971,0.719,0.884496
FAM35BP,0.0185175,0.775,0.885
LOC101928504,0.1837985,0.72,0.885015
PCDHGB7,-0.1337049,0.722,0.886111
SCARNA14,0.0154086,0.867,0.887
SPINK7,-0.1048109,0.725,0.88736
LOC105375030,-0.1166129,0.725,0.88743
GABPB1-AS1,0.027545,0.784,0.889
CAPN14,-0.1594849,0.729,0.889137
LOC105379499,-0.1648708,0.731,0.890694
MIR183,-0.0137941,0.872,0.891
LOC102725072///POM121L10P///POM121L8P///POM121L9P///POM121L1P,-0.0084205,0.872,0.891
FOXI3,-0.0128275,0.787,0.891
CPLX4,0.0122618,0.873,0.892
LOC100505711,0.0149525,0.788,0.892
LINC01144,0.1162468,0.739,0.893698
OR10A2///OR10A5,0.01752,0.875,0.894
VAX1,-0.0135405,0.876,0.895
PPP5D1,-0.01552,0.793,0.895
RPS16P5///ELOVL5,0.1104344,0.742,0.895165
SNHG16,-0.094549,0.743,0.895378
DYNAP,-0.1368461,0.743,0.895378
BSPH1,-0.0130386,0.878,0.896
LINC00658,-0.0125525,0.795,0.896
ARL13A,-0.0175659,0.879,0.897
LOC101060091,-0.1638733,0.747,0.897406
HLA-F-AS1,0.1226364,0.75,0.898532
LOC101928045,-0.164207,0.751,0.898833
MIR302B,0.0096782,0.881,0.899
TP53TG3HP,0.0112725,0.8,0.899
TAF1A-AS1,-0.0199125,0.802,0.9
LOC105378922///LOC100506459,-0.1208762,0.754,0.900268
OR2J2,0.0108825,0.804,0.901
U2AF1L4,-0.0144695,0.883,0.901
ARL16,-0.095462,0.757,0.901678
OR52A5,0.0099736,0.886,0.902
LOC105373876,-0.01295,0.807,0.903
RBMY1J///RBMY1E///RBMY1D///RBMY1B///RBMY1F///RBMY1A1,-0.0092459,0.888,0.905
MIR412,-0.0106605,0.889,0.905
LINC00847,-0.0111975,0.812,0.906
LOC101060391,-0.1600004,0.768,0.906649
TMPRSS7,0.0100645,0.89,0.907
FAM226A,0.0183775,0.814,0.907
TRIM74,0.0945322,0.772,0.908754
ITM2B///ITM2B,0.0075182,0.893,0.909
PNMAL2,-0.011295,0.82,0.909
LOC100505478,0.0129725,0.821,0.909
GLYCTK-AS1,0.1109785,0.773,0.909219
LOC100507654,-0.1532354,0.774,0.909785
OR10K2,0.0163609,0.896,0.911
EPPIN-WFDC6,0.01081,0.823,0.911
LOC653581,-0.0132225,0.827,0.913
OR52A4P,0.00888,0.897,0.913
ZNF716,0.0129023,0.901,0.916
MIR301A,-0.0187836,0.903,0.917
OR5B21,0.0133632,0.905,0.919
NOMO3///NOMO2///NOMO1,0.0107545,0.905,0.919
LOC100130920,0.0097975,0.839,0.919
C10ORF128,-0.0124925,0.837,0.919
ZNF205-AS1,0.0150025,0.84,0.92
LOC100130357,0.017375,0.841,0.92
LOC100507311,0.1322325,0.799,0.92081
ARHGEF35,0.04668,0.842,0.921
SNORD115-27,-0.0101132,0.908,0.922
H3-4,-0.1259328,0.802,0.922175
DRC4,-0.0694232,0.806,0.92374
OR4K13,-0.0094568,0.914,0.926
LOC729887,0.031605,0.852,0.927
LINC01346,-0.0104,0.851,0.927
FAM25C,-0.0898563,0.814,0.927816
SNORA66,-0.1078042,0.816,0.928789
LOC101927482,-0.1005729,0.818,0.929295
LOC100506253,-0.0089575,0.857,0.93
MGC40069///TRAV8-3,0.0101736,0.92,0.932
TRAJ4,0.0733795,0.826,0.932959
LOC100507431,0.0097575,0.864,0.933
CNTNAP3,-0.0214275,0.863,0.933
LINC01589,0.1267515,0.829,0.93392
LOC100129974///VPS53,0.1519582,0.836,0.937054
LINC00837,0.006015,0.875,0.939
MIR153-1,-0.0069623,0.929,0.94
MARCHF6,-0.076843,0.844,0.940301
LOC100507487,-0.1256195,0.846,0.940965
IGKV1-8,0.1134113,0.846,0.940965
FER1L6-AS1,0.00796,0.878,0.941
MIR129-1,0.0076836,0.931,0.942
LINC00032,0.008335,0.882,0.943
FLJ21369,-0.0856395,0.855,0.944476
TTTY2,0.057047,0.857,0.945225
CNTNAP3B,-0.0249725,0.887,0.946
STX17-AS1,-0.013785,0.89,0.947
LINC01355,-0.0782366,0.863,0.947862
TRIM49D2///TRIM49D1///TRIM48,-0.0045555,0.938,0.948
LOC645261,-0.0066359,0.939,0.949
HBG1,0.1694249,0.867,0.949231
POTEG,-0.058042,0.867,0.949441
APOLD1///DDX47,0.0058568,0.94,0.95
OR4A5,0.0059877,0.94,0.95
ANHX,0.00761,0.895,0.95
H3C6,-0.0676328,0.868,0.950071
PLAAT3,-0.0630786,0.869,0.950345
LOC100287497,-0.0668423,0.873,0.95186
FAAP24///FAAP24,0.0051532,0.943,0.952
MIR217,-0.0059491,0.943,0.952
CT47B1,-0.00652,0.902,0.953
GFUS,-0.0450821,0.876,0.953032
LOC389332,0.0702193,0.877,0.953329
C20ORF187,-0.0610587,0.877,0.953454
NDUFA6-AS1,0.015795,0.904,0.954
GALNTL6,0.0042632,0.946,0.955
LOC100507639,0.0607259,0.882,0.95523
ALG5,-0.0556262,0.882,0.955439
RBMY1J///RBMY1E///RBMY1D///RBMY1B///RBMY1A3P///RBMY1F///RBMY1A1,-0.0044614,0.947,0.956
OR5T1,0.0051382,0.949,0.957
TRAJ23,0.0648764,0.888,0.95768
ADAL///LCMT2,-0.0492535,0.89,0.958331
HARS1,0.0367445,0.893,0.959521
OR2L3,-0.0049523,0.953,0.96
LOC100506236,-0.004865,0.919,0.961
LOC440896,0.0061536,0.954,0.962
LOC100132287,0.007685,0.928,0.967
LOC728739,-0.0069475,0.928,0.967
ZNF497,-0.0446108,0.918,0.96844
LOC100506725,0.013995,0.933,0.969
LOC400661,0.0045723,0.963,0.97
LOC101927948,0.00419,0.936,0.97
POPDC1,-0.0282292,0.923,0.970266
LOC101927746,0.0383786,0.923,0.970329
POLR2J3,-0.006995,0.938,0.971
FAM24B-CUZD1///CUZD1,0.0056009,0.965,0.971
BEST1///FTH1,-0.0254881,0.926,0.971604
PCAT7,-0.041034,0.93,0.972743
LOC105377371,-0.004185,0.942,0.973
LINC00634,-0.0032477,0.968,0.973
OR2J3,0.0036186,0.967,0.973
LOC105370962,0.0272652,0.932,0.973501
LOC645752,0.0272289,0.933,0.974206
OR13C2,0.0044359,0.971,0.975
LOC389765,0.0111475,0.947,0.975
OR6S1,-0.0027082,0.973,0.977
TRIM39,0.003845,0.952,0.977
H2BC14,-0.0247151,0.94,0.977007
CD99P1,0.0049375,0.965,0.984
CLLU1OS,0.0018645,0.984,0.986
LOC100505887,0.0195782,0.966,0.986912
LOC101928433,-0.0038675,0.973,0.987
TRAV6,-0.0123998,0.97,0.987933
PCDHA1///PCDHA2///PCDHA3///PCDHA4///PCDHA5///PCDHA6///PCDHA7///PCDHA8///PCDHA10///PCDHA11///PCDHA12///PCDHA13///PCDHAC1///PCDHAC2///PCDHA9,0.0010591,0.985,0.988
MCHR2-AS1,0.001455,0.974,0.988
NALF2,-0.0123361,0.973,0.989299
HNRNPA1P27,0.003725,0.978,0.99
SARS1,-0.0113608,0.976,0.990784
CYP2A13///CYP2A7///CYP2A6///CYP2A7,-0.0014055,0.99,0.991
SLC8A1-AS1///SLC8A1,0.0114755,0.978,0.99163
MIR33A,-0.0009705,0.991,0.992
BAGE2///BAGE3///BAGE5,0.0012214,0.991,0.992
LOC100130950,0.0014,0.982,0.992
LOC644090,-0.0089141,0.981,0.992755
PTENP1///PTEN,-0.0004786,0.994,0.995
WHSC1L1///DDHD2,0.0047119,0.988,0.995195
FAM226B,0.0050088,0.989,0.995559
NORAD,0.00085,0.992,0.996
CMC4///MTCP1,0.0004782,0.995,0.996
LOC100499194,0.0002225,0.996,0.998
RARS1,-0.0007136,0.999,0.999512
