AEBP1,BMP1,CCL19,CCL2,CCL21,CCL5,CLEC2D,COL15A1,COL1A1,COL1A2,COL3A1,COLEC11,FGF14,LAMC3,LTBP2,MDK,MFAP4,PDGFD,SERPINE2,SERPINF2,SERPINH1,SPARCL1,SVEP1,VWF,GSM,study,organ,label
8.899669639513023,10.910417438706482,7.009564009252444,9.262759001402822,7.47991602097342,6.383022948891846,13.647410266975815,6.844568000972584,9.64080711070324,10.858579246333985,10.114588624750843,4.446182508923621,8.167268034270867,14.307859783048947,7.051614218748915,6.661319369551093,11.051924945306583,6.931942063341988,5.972960063725552,4.493515212592455,10.6495140902974,10.428032197966832,12.141494805554048,12.531658502987742,GSM1623299,GSE66494,Kidney,1
11.301654400142503,10.847908816255313,7.009564009252444,9.121423566615148,7.462782694216647,6.3445333752167405,17.568379788134237,7.8600138318992085,10.424646189818427,11.473045235936683,9.823228013982051,4.640823545030063,7.996580272101373,19.968186867792042,6.779802874627456,6.800225671174055,10.568501682342111,7.001874580326707,6.956520123999945,4.36650742921611,11.882772814903687,11.226041373811496,11.108248392216884,14.385523372810441,GSM1623300,GSE66494,Kidney,1
7.399661153207607,10.864992193071117,8.884014978554749,8.80219522999692,7.644782577544181,6.316485169227174,19.81717973602946,7.138525440137693,9.542583474484319,10.675295639411972,8.972464469845544,6.963578492134883,7.913878646505426,9.14442473019021,7.24761739715175,7.684630858632824,9.257120209824254,6.593435890766863,8.327061182592415,7.212136738744695,12.20656764545757,10.111161846182025,9.18572797795228,12.673169359795128,GSM1623301,GSE66494,Kidney,1
11.371714887186547,10.821215415319205,10.961860763189154,9.79649110540201,7.639097391613966,7.6212393458973064,10.653845167764706,7.712183562680874,10.38245406960425,12.182257076326232,9.870192330078803,6.3609130970476215,7.891057761145076,10.996499815668717,7.378304111253858,6.935339686066637,11.058804699651326,6.846855060791563,6.350711465524446,6.32582619589428,12.0183257788643,10.511885999271252,12.76716646685582,15.080346266611313,GSM1623302,GSE66494,Kidney,1
7.86459800169031,10.85456555318707,8.423870874807188,9.571878360018365,7.239667621581151,6.5001902289697435,8.711852374954208,6.510843826730353,9.574262204318646,10.459185548515558,9.847855444784273,4.8429337730831366,8.001115126876803,8.110649527944467,7.012046456434661,14.298537554090165,9.933417413097777,7.268683579006804,6.805897902794883,4.3656294543370695,11.615837171092869,10.429523393057574,8.909712403646218,13.821189281791982,GSM1623303,GSE66494,Kidney,1
8.513764892727027,10.847015239813743,7.1362152413380855,9.433479811933198,7.462768802958197,6.369573372446207,7.286903367162494,7.589637948084306,10.438802540172311,11.701898755297936,9.693754433769051,6.747129445648999,8.008534547751847,10.793439329658993,6.942522091307452,8.186658945410182,9.776342928715613,7.749670565438955,7.392532829711204,6.392264489167078,13.052829179966933,9.891096677366802,9.908182587470728,17.37269712718923,GSM1623304,GSE66494,Kidney,1
19.155460559900135,11.343512274272937,7.009564009252444,9.20874984422972,7.094250203826591,6.567044968585947,15.045777164255961,7.840751986428879,10.750485158895279,13.472895399145694,10.78769540660896,4.997009312787893,8.033133946982126,17.642768359231248,6.987047639094887,7.483756981712798,10.892335498985775,6.966977262622101,5.7565167820708325,4.886378197662566,13.59183440649821,10.662961809523958,12.060863021756017,11.642610150144499,GSM1623305,GSE66494,Kidney,1
7.991711491648022,11.0089733124804,10.204416747105165,9.604568075668533,8.643587312449768,7.058186150581366,15.770213125751381,6.656789220737471,9.440557534566418,10.68431838811999,9.08663434821177,7.064167977752669,7.921837452578095,7.261647806791434,6.384401151158144,7.372306732935552,9.609491984482954,6.853993274760491,8.18044110303502,6.871992981118203,12.910104198313983,9.51093417359944,9.372753494221051,10.120696962079666,GSM1623306,GSE66494,Kidney,1
8.155155606983401,10.89505364680277,7.256531639518106,7.212356269685116,7.246254740857042,6.464245839673188,15.46170935432379,7.45581753820009,9.366692276473312,10.64106655827942,9.065243518273572,6.776579380707826,7.900646975885414,8.706420531798866,6.717338439393298,6.193505409205328,9.391673291828985,7.0188921618093945,8.45519382756953,8.136067977152504,11.518605354177346,10.448768923962323,9.213197655058368,14.923077591365763,GSM1623307,GSE66494,Kidney,1
7.5775645872920805,11.004886912819263,9.675130894370145,8.727072843550866,7.654703956809787,6.643580963269901,15.874946073679212,6.654628133826511,9.545322433919178,10.553653904450831,9.039998330486531,6.934821367721711,7.876053482854658,7.669504630835549,6.60914969143125,7.020690605785239,10.100600579959229,6.715270739747352,8.898874397243196,9.581633584938116,13.016518966817875,9.81562596710975,9.101293186125659,10.313845816355933,GSM1623308,GSE66494,Kidney,1
10.194203440548229,11.140159489312518,8.34806950865311,8.709015690186583,7.584679061763151,6.730772044309522,15.069090445782292,7.227224678235239,9.373417317032805,10.83867101033028,9.36572073026207,6.827693215371099,7.887286103335454,8.971992982935294,6.530518207116984,6.123324881693734,10.02379290456224,6.764479651456247,7.344787896885216,6.622496395231433,13.299711828355793,9.939812902811948,9.920774656966065,10.717014922023033,GSM1623309,GSE66494,Kidney,1
13.160606500987658,10.91698070117338,7.009564009252444,11.271387136358673,6.9291633229957865,9.011204188852702,16.59712293280043,7.719852372249874,11.784052484510351,13.596263585774528,13.608672102418556,4.861464537610245,7.881092274184453,20.587256494492518,6.229036556819348,12.897332804428542,10.748531656920939,6.52250645940244,6.341651135751058,4.439861001295807,12.75478577997945,10.395781193616726,10.631369974724624,14.619410037222366,GSM1623310,GSE66494,Kidney,1
8.192019428375017,11.059360400916736,7.009564009252444,8.28955770230871,6.885012136990536,6.398778785175955,11.64469213889414,6.958870812060794,9.486233339284873,10.635362012491699,9.111677263635666,6.864182055195991,8.132081965071238,8.939263996183255,6.831575703873998,5.1175770700451935,9.080315529412754,6.957361936027024,6.792894535755976,13.124059152651476,14.975751310837389,9.666142000595968,9.67586109323618,10.348876654822838,GSM1623311,GSE66494,Kidney,1
9.627139347566487,11.168524675794577,10.029441147542663,8.8698187317867,8.399106626445676,7.0003542606033395,10.388131500854024,7.97522522395062,9.71563930558911,11.4758704707727,9.927440575320288,6.70890418689218,7.921070911436653,8.888279954736102,6.184737344564629,8.966150715539355,10.085876014364013,6.954850020540779,13.140284974343167,6.172725462425874,12.93998136248855,9.688588236413983,11.089880553355847,13.780848004022157,GSM1623312,GSE66494,Kidney,1
13.68211152790828,11.004249751244416,10.812355361663105,10.322837738402017,8.607257644876475,7.210674859728305,7.669000442680204,7.676997989803323,13.98312472638174,13.934896475211291,11.885860361119391,6.271119287774093,8.071785484475194,13.4913326416388,6.720347142478168,11.767177915481252,10.908813445001702,6.998979050215748,8.782190050627996,5.44366751281754,13.115001004085798,9.615656434338748,13.327268078039804,11.976811576119674,GSM1623313,GSE66494,Kidney,1
7.361531985689139,11.355924237268985,7.992304324904955,8.793241827541316,7.431825144602331,8.649775287309744,20.305827624867696,6.767413305982134,9.596086840185084,10.397825654532515,8.877701362163855,5.8449039914425605,8.103130749835511,7.547437656561867,6.359190101938847,14.488465834028478,8.661707253164387,6.29338043735952,11.37847680260722,4.981842235552961,13.326684005393936,10.626110781892796,9.027406869273834,18.442693131811502,GSM1623314,GSE66494,Kidney,1
7.231146616716551,12.194795113088533,7.012997691265946,7.658821906703519,7.3318937560185065,6.676732874748562,3.289332500038558,7.344867374902446,12.879685830606988,10.78578353310155,8.84151592798222,5.0888961559393655,9.476018921694534,7.453631926488699,6.945641552987425,6.673296773790886,8.423702073349364,6.648229243692127,4.694154041554922,4.834136281559642,11.038657356910665,8.310874852094939,9.62656497858984,9.82192662652879,GSM1623315,GSE66494,Kidney,1
8.956991624352975,11.073725800048347,8.580730938471346,9.921557654847959,7.066183207918097,6.553309570321377,5.450150966593107,8.231727630953282,12.621982771170913,12.147642047239671,11.855641160416145,6.245260993025466,7.98188737986703,11.54000159292686,7.089457293240435,16.0346277329776,9.795192321804969,6.697722050338383,7.115040603470366,5.3551445376724045,13.75793677427639,9.787747478494623,11.949434796242313,11.348909248937924,GSM1623316,GSE66494,Kidney,1
17.034654835200673,11.107479002350146,11.348882717342281,8.607788551283413,10.02445644757214,7.490787538735577,11.655762153869134,9.383068003739293,13.254696404865157,13.809804147722478,12.031989563758536,6.010454104114876,7.989760542231237,13.89323642443702,6.967923726595514,13.026320742115832,11.102553496881395,6.608606069242525,12.168990718607649,4.594288700740388,14.100741367717175,10.365929489250579,12.37762498098786,17.176017233385114,GSM1623317,GSE66494,Kidney,1
14.258276059125123,11.371734279389262,7.009564009252444,8.08369661252527,7.246598948096428,6.38198834506526,14.544926623966171,6.699218879073421,9.84114766504193,10.839055574719879,9.111652841014852,4.095793392935977,7.906131050019397,9.556999526998924,6.91896786244135,6.65279056374636,9.969545168097905,6.717098973530981,5.176789395628875,4.626131124264935,12.458978832623938,11.023433578200112,9.604200118307041,17.30636547489219,GSM1623318,GSE66494,Kidney,1
8.883166918411666,10.937521837545546,7.933905121401526,8.200484530878574,6.901389216148962,6.609104594298194,10.07729896322007,6.891778446868794,9.860796111464534,10.912755993212325,9.040194766214388,6.653057928640405,7.953828636019174,8.91448722369862,6.960570930161848,6.105900848954969,9.859267739369123,6.92396450600967,6.725505272950276,5.486627624389603,12.123046297429383,9.92535031983988,9.792858139697135,12.176179267680606,GSM1623319,GSE66494,Kidney,1
11.97430151058407,10.907133268160116,11.804075345467034,11.334626228494336,11.149708062140725,10.750484086197199,8.860533758094167,7.886279368219563,16.6553084108401,14.395429412603457,13.943269950391022,6.145416708226724,8.022549589129643,9.37332931675619,7.057729774750443,13.396193224376798,10.969162103507484,6.507000158053027,6.050482209586546,5.676525978852739,14.389983978424585,9.893925724619558,12.027556986279055,12.63344880428832,GSM1623320,GSE66494,Kidney,1
11.089409113777375,11.033066362735045,9.316111604352917,8.777736092408045,7.250747937903132,6.873424510002898,9.211041023435781,7.158903050551806,10.5231269145052,11.231961455999265,9.784577731324841,6.434878073228324,7.924989472605609,10.655293413540916,7.232512894822643,7.303669036651658,10.84266885665207,6.788488887475368,8.606364425030362,6.2160384263661905,12.656948954178855,10.365504986808434,9.62444627026529,19.271869354966867,GSM1623321,GSE66494,Kidney,1
8.006457066111288,11.245336827610156,7.009564009252444,7.3486773041662214,6.80804449835986,6.413757684172017,11.458254754403082,6.703290144056881,9.219870197744848,10.265357201389932,8.600859829294611,6.866787150970359,7.8934383754288255,7.728558195549285,6.685249071257449,6.47688823116024,8.890884303032871,6.5970103985539055,7.439554803182995,17.295803466125825,16.24709112016953,10.307022346728296,9.0860309949667,10.167002773925235,GSM1623322,GSE66494,Kidney,1
12.528315556791732,10.878371173792141,7.009564009252444,10.152308533048817,6.886375364762315,6.438942528089779,10.28346148795014,9.01107966527956,17.10988132118711,15.999171608667986,15.171555722121001,4.529352215437937,7.932689008728399,18.465259860760405,6.773904938393046,12.388442869691763,11.371471161543981,7.289283931220723,5.183380977056244,4.342480738766273,14.990639658422873,9.995085311371884,11.975251251047768,12.793793729366273,GSM1623323,GSE66494,Kidney,1
10.216039853720586,10.85875346412482,11.311062371643569,9.690643615652945,9.416051010588758,7.301762066984529,5.6099894805917945,8.425952491228742,11.367997832364008,12.479906508427922,10.752818492242316,6.552337560778186,7.898863387567573,9.853863336800632,6.783975683157383,6.847276003655908,10.601174691574169,7.238128145891242,7.92964633724748,6.145776107458539,13.979751082380297,9.971192979002367,10.367045141313342,10.96116109710845,GSM1623324,GSE66494,Kidney,1
11.1332390034833,10.815059323246388,7.009564009252444,8.97919083652554,7.089154719201311,6.453444431347424,7.5224131654638775,7.034601355394866,10.396082325922082,11.223181357292201,9.641731724716449,4.43434614686468,7.9347840746713,13.371204483066247,7.07773574839583,6.352923584397202,10.93852807179797,6.831220544451994,5.450120551157591,4.473107949674192,11.12118411301666,10.254862151627668,10.65890301612941,10.772097442991836,GSM1623325,GSE66494,Kidney,1
11.522314309583503,11.154199522918786,7.009564009252444,9.227176938535758,6.929260434255237,6.263697479527368,11.215947306620171,6.571504165500427,9.613086239798555,10.305630522796033,8.891607308411569,4.029044359170731,7.856200851923019,7.968727881686666,6.527987021778204,5.403844105407664,9.390256752073084,6.505602502230299,4.624602531995341,4.82638714487851,11.914596390956582,10.624440819532452,9.548892245540769,18.632779329063887,GSM1623326,GSE66494,Kidney,1
9.231031902652198,10.874826411609996,7.258000299058781,8.060895721636932,7.810623351104324,6.326002843680321,13.833798372894842,6.64045446248888,9.671993195463061,10.739842166729058,9.246272819578136,6.393039338719586,8.324490180417849,8.29934478676631,6.636108849299822,8.379609799671625,11.000598799900967,6.568711835037872,7.281557597093354,6.302368613961264,11.978157530544324,10.604526785899298,9.1950274368183,22.5748317871086,GSM1623327,GSE66494,Kidney,1
8.331282324805121,11.24047476031053,8.377091620790251,8.073520691464418,7.213199592015948,6.534258224332554,10.039520497056944,7.2360722080543205,9.82260114628228,10.930079088304346,9.421761017452813,6.801382816752952,7.962600759723055,8.545271232648975,6.341476669376272,6.053616620828205,9.813023347935353,7.257940222435693,8.113739491464932,8.771738742509891,14.412589816045326,9.984515489207483,9.728301395879768,12.740187702857828,GSM1623328,GSE66494,Kidney,1
8.721018107508183,11.067677249492379,7.669156037956898,9.163394087135632,8.091384781832309,6.563963624594804,14.238653651941869,6.750423230014653,9.842270071249368,10.984228325686443,10.32140601276647,5.7748428255333755,7.8957348721538585,7.028824127928452,6.5507435233259095,11.156877350015336,10.313830114840401,6.905773400434846,8.891711859731812,5.986410808326802,13.873923460753659,10.746991832297695,8.990707141246087,12.74025110893802,GSM1623329,GSE66494,Kidney,1
9.363162287154429,11.393566842612968,10.086724069801784,8.604419534638009,8.140385638837316,7.139359523325305,11.51630792407211,7.002441670765498,10.123875313995285,11.158344946462757,9.592607794690187,6.696588586879469,7.873633747629815,8.20617274749286,6.6959363766708035,6.579870502654266,9.702410491410774,14.496869174431353,7.842298469689423,9.671177099654926,14.9554929493583,9.390834641986526,9.595314837403057,13.838415093793856,GSM1623330,GSE66494,Kidney,1
6.83583118680127,11.059356810234974,7.009564009252444,7.501615942590542,7.394935374109707,6.496514040439493,5.342826469030635,6.684336797947164,9.500525478365708,10.384877414436886,8.702170178364542,7.074979081223132,9.026269069565533,8.215582355129989,6.873879373554194,6.554598338605929,8.450721623300005,6.243879113650751,6.383424454890496,10.602308062525838,15.653395355665996,9.684606069504373,9.062255201936395,10.009425993125216,GSM1623331,GSE66494,Kidney,1
6.837415914504004,11.291163297126127,7.12210666499672,8.287564569419942,7.493398468264699,6.454708586024142,13.984317178463392,6.972810539600681,9.303559505926266,10.28659786788142,8.633607187083468,7.04817018920704,8.05119744204159,6.917856960970319,7.140122299778692,7.325442838337403,7.895946440673914,6.509547344910321,7.541061827108862,10.486736796226904,14.697734256100459,10.046066793627672,8.946805474231589,11.203231772034155,GSM1623332,GSE66494,Kidney,1
7.244137362130396,11.178860123365936,7.887251762034973,7.827771193446162,7.2724011483927615,6.388534068941349,9.020881636427232,6.655131630643531,9.459956508938703,10.649178367354637,8.66679232759494,7.111479715658594,8.08895649288529,7.052375886251105,6.6822904129082366,6.787889543728896,9.241708821336859,7.009431551655818,6.359259911024896,9.998998485960296,14.493494270184906,9.615656555585588,9.497398805597964,11.734962731281962,GSM1623333,GSE66494,Kidney,1
9.10897441284877,12.134613398343559,10.42752881687897,9.33553461898296,8.111622795594725,7.3783059489293725,11.145174373004071,7.334578327583369,9.806772791655916,11.291472570926814,9.77329660837482,6.252383333875819,7.892407341089992,10.06659711713207,6.394320922222874,10.996743065182454,9.391600795160548,6.6918938201095095,14.052476417262895,9.74815271417066,21.44177346640201,10.662229059466041,9.11464049558192,15.73243606992106,GSM1623334,GSE66494,Kidney,1
7.2469745680692785,11.170235873199417,7.555373934451534,8.037290278464457,7.2311973806253125,6.571531987831257,8.141806223043062,7.213522990897875,9.37307352824044,10.416439112586474,8.761854154595358,6.685885137560261,7.9804171482461275,9.32811327088003,6.770770633138066,7.616172846396068,9.687488719253293,6.610544049352362,6.267575220327893,7.824213388490731,14.49244065908123,9.49452537278751,9.254638019726388,10.492397728026491,GSM1623335,GSE66494,Kidney,1
10.230845225032047,10.99552572605499,7.654131897707324,9.16884205644037,7.519436669089435,6.415503811645197,6.544264930274142,6.55034186391736,9.742760555990513,11.01001409565239,9.181424167259623,5.1079336573487,8.041085639289285,13.217807637764441,6.57159720839779,11.528976708668521,10.640386007679888,7.063048995686219,5.421470628302009,4.5456057160923375,13.808386015595747,10.413642715695028,9.331222622513238,11.322931358530184,GSM1623336,GSE66494,Kidney,1
7.8583369899844815,11.07264629327286,11.150626818719074,8.680893338032522,8.200801669874258,7.408386883365873,9.108227750571753,6.933395383972177,10.193719566175549,11.10185950313035,9.53558130886846,6.824312576181945,7.915413636475496,8.862269231769721,6.420549448900654,10.43355113715462,10.114652390868365,6.826275364046418,9.937133398431769,8.236967839390367,14.506330679992736,10.23241678664092,9.289681008120374,17.193402873645084,GSM1623337,GSE66494,Kidney,1
6.995595411926818,11.226402907666108,7.009564009252444,6.693760553016546,7.09727728781785,6.48071198455288,15.032757329320741,6.649820528569168,9.178774958948399,10.126723255462606,8.720610431322736,6.710716047352263,7.891542853565432,6.987531541665895,7.134088024099698,6.425470383288458,8.458740068779012,6.6693291231673495,8.08020092421813,8.357560442325099,15.215066111845726,9.809388858253318,8.656637460602921,11.650523776108702,GSM1623338,GSE66494,Kidney,1
7.991443520552593,10.822277025141632,10.712722252100585,9.173739941272625,8.084500332571132,6.4087755618147,19.364758380902725,7.491899578333348,9.967126497898498,11.702709867978522,9.994159055123776,6.663729935314345,7.9466429201780535,9.077028930575118,6.677847191278421,8.276758314647966,10.437174737051315,7.511309909380237,8.37413764127617,5.308421516884751,12.539669963455395,10.70836493210174,10.39604261477811,15.191410985467636,GSM1623339,GSE66494,Kidney,1
8.87327716380381,10.858599242309738,10.362132755409613,9.412487451439379,7.139208513984247,6.953798107419974,4.79258836918212,7.3651028085788575,10.476203966891475,11.519200343910951,9.644931536967446,6.6177462479488,7.985774109367626,17.438968527974758,7.125503005160582,10.65462615667092,10.795784834712256,6.913334689883755,6.002380955426015,5.652491059144744,12.001622289654556,10.711727634263216,10.162436618379006,11.414994330764344,GSM1623340,GSE66494,Kidney,1
9.23802089708582,11.212497131110197,9.995691265703213,8.63350380701783,7.48665019475568,6.958170635110883,11.918699154291543,7.087445354899022,10.103220471991728,10.913227611987788,9.822764197865604,6.498544343901351,7.860625932654789,8.665130949200524,6.684143341749028,7.523095027734078,9.32134623618672,7.070570365857972,9.916343302130256,8.992827230297861,13.51018327374741,10.379896280107438,9.436720250625577,10.760825079178307,GSM1623341,GSE66494,Kidney,1
7.714283854654617,11.020879684040727,7.701032202253462,7.99675651921692,6.888606649093541,6.353610144905659,16.4368393166025,6.945962196656106,9.351203255497271,10.565152616075334,8.970437682594197,6.8082148106463265,7.99542755402778,7.781457046413804,6.553668235991851,5.88468166852222,9.323040338644372,6.974436076177228,7.697043322620024,10.648236392380895,12.073925211534577,10.388646263884446,9.257938421771618,10.764473214290355,GSM1623342,GSE66494,Kidney,1
7.8490117475451,11.245082703985936,8.377737455144215,9.335709619160946,6.997254736178936,6.554224016327528,18.84834205898467,6.838205239390794,9.891767067136465,10.882217547649173,9.803989066609923,6.604102461016071,8.048415612527617,9.058961237112031,6.680302135905674,9.984858590152227,9.448746687519579,6.619697083641451,10.29536885141859,7.420222838065918,12.248700961995224,10.017927518404443,9.358049846410253,12.912478679491564,GSM1623343,GSE66494,Kidney,1
11.37632682440118,10.877825739424356,7.009564009252444,9.966057208410007,6.876713937936799,6.522907908929269,12.455074316720793,7.242538077426626,10.17167659985409,11.286716639285322,9.733019457735622,4.552451612637578,8.084554250984494,21.981015116287068,6.6116051578095885,6.6814713356186495,10.451778975498176,7.196073063501545,5.832637448009423,4.618771179855744,11.549834289462055,11.05877338189342,12.27505689420198,13.746932760333868,GSM1623344,GSE66494,Kidney,1
6.730615759189838,10.936262143134769,7.009564009252444,7.958387979530281,7.122397688389767,6.365063196504288,13.11943407294696,6.564808784812131,9.210709899873208,10.199636939351935,9.006943622679628,6.220943425356231,7.98752662718429,7.247771472014357,7.482161834868875,7.8459062443965575,9.344733116817608,7.32511640498567,9.111252560948287,4.965042630560738,11.267735265997441,10.084831265527068,8.93364044228359,11.918442232804189,GSM1623345,GSE66494,Kidney,1
10.277296317517454,11.123648060496913,11.747185803844658,10.022670745277617,8.262429393479435,13.646587173901672,11.155892924186393,7.006700107590996,10.003478608120066,11.403810637117846,9.55877420004451,6.134253856169743,7.94495359259169,11.890104755640143,6.568892522900074,13.29084919872496,10.182612078069273,6.425729559341339,6.595104371263519,6.07056302729063,13.73942988421991,10.201400317282875,10.03305681479848,13.398979164658362,GSM1623346,GSE66494,Kidney,1
9.642270459595423,11.26138586369051,8.041761458844409,8.050991163935622,6.838139958820118,7.102120894827408,7.712194727308985,6.7955489867624355,9.85469600348041,11.32623535498769,9.364432606135349,6.186651487895792,7.853087412961124,9.768069235482917,7.017098173477237,4.944615941299306,10.18983042814671,6.481920307034777,5.450364095828904,12.409709844560759,14.111677525715457,9.520946387970097,10.198038155569316,11.132511215511807,GSM1623347,GSE66494,Kidney,0
9.085509543959486,11.240467677026919,8.015497699794112,8.014466345106968,6.860616495015795,7.075318351752798,8.418957352370432,6.790369768135173,9.78726853630647,11.265617327031363,9.269850912694391,6.185375758180915,7.8514930920119275,9.340453858803176,6.978368225692705,4.881909897962753,10.203562874274922,6.531546741454533,5.37463869895883,11.665564183564522,13.734802387406734,9.61569703804611,10.091328275542692,10.915313677194685,GSM1623348,GSE66494,Kidney,0
9.595580054264435,11.221069905588303,8.0354168419786,8.012592365428329,6.722926034056042,7.054484207274856,7.342756208322358,6.733275787875379,9.901967381901972,11.285839817545575,9.38902522659079,6.153624095366023,7.916371970763417,9.616065309451832,6.824748515678826,4.849265771328728,10.16990107801193,6.433075946031815,5.305956408209328,11.674564750641288,13.860293468451,9.545023491993812,10.221144535162862,10.983249130943527,GSM1623349,GSE66494,Kidney,0
9.46588852791253,11.255932467321056,8.053625324245136,8.04248158423294,6.867096800341027,6.6333030608825165,8.01146179692371,6.851830041654025,9.87788675169788,11.287042075285234,9.303387338309808,6.1497258611554635,7.912465582546383,9.604159718265711,7.050224664615227,5.119204782151083,10.151839593342887,6.531153387729314,5.519532347508362,11.851266950019717,13.07227140934214,9.582280027644599,10.475679473828151,10.99348520752151,GSM1623350,GSE66494,Kidney,0
9.50334048352615,11.235494694739803,8.05714328663074,8.062276184431298,6.807289876677185,6.696952824971236,7.955726417434622,6.807081473419594,9.888063131091819,11.306537581533687,9.290848121688997,6.1476781461259895,7.919743002818153,9.723915597642895,7.000373281323289,5.143558590647842,10.157381561484037,6.55495186507343,5.571050304949611,11.772754228063716,13.448775455467356,9.568744765553166,10.429411316099447,10.99873510474615,GSM1623351,GSE66494,Kidney,0
7.041720805048646,12.106081785555926,7.760330363765058,7.8266035560470115,7.646145240942868,6.531331922541565,5.083516341966877,7.409158653105821,9.408421917424159,10.476282635758245,8.792407387060255,5.005672690551778,9.776623752323792,6.720691653099842,7.006264222375833,7.787866300015118,10.153404344342185,6.8112022253502325,5.729709912426277,4.86128186930241,11.291099806945603,11.468164239609559,9.69789673092007,13.957303112052973,GSM1623352,GSE66494,Kidney,1
10.555471185011127,10.869726393824894,7.009564009252444,9.018254648203643,7.108975449352451,6.346292337410963,14.458875273249745,6.567362668522013,9.497754882319766,10.608628244280279,9.146095490182597,4.782736043791186,8.222387416216234,13.092395125202344,6.909925554563529,5.200140743152472,10.800728546721132,6.750553579540512,5.214889153054195,4.412488401137802,11.239581726350899,11.634878682994366,10.820772670455849,16.243017643040165,GSM1623353,GSE66494,Kidney,1
10.61832354914463,10.896055395343279,11.177849954641356,9.433531320271303,8.10005606510096,6.633810030826152,17.38222595510273,7.990174353676135,10.516105277651958,12.87204070912858,11.326288334015798,6.426572458827432,8.077493870191399,12.434543394190735,7.18948086239616,8.77012129659983,11.514235380184047,7.547578175891527,12.641982695688625,5.300038177975873,11.432998668124004,11.659568835142766,10.65750163455401,28.326089991054975,GSM1623354,GSE66494,Kidney,1
8.70402877865497,10.875604881941861,10.959241712366591,9.984417193296107,8.170628753836088,6.960223082286619,16.387731895161025,7.870064974691278,10.84078240757738,12.657336074107825,10.951626267054008,5.729070520873464,8.076182861773667,12.692386592412351,7.419530857484546,14.507191355819202,11.003402739817384,7.035895694899712,8.885911576343425,4.624771256468893,12.475006063500214,11.32857287133997,10.245373530247118,25.02614551915172,GSM1623355,GSE66494,Kidney,1
7.570350850495325,11.317696581405041,12.07535922047639,10.615112798697941,7.898150090020843,7.975158569514713,16.0988166596348,6.866709065102264,10.121993631109898,11.812390814429323,9.203266652201082,5.564209919488507,8.60087453190692,10.457783633399007,6.9426082497149935,12.011593229335014,11.046943053594555,7.335768122579883,4.7086475036353646,4.558688891922538,11.145994481941763,11.952396725218465,10.68681380963257,41.46290489226989,GSM1623356,GSE66494,Kidney,1
10.545931186605376,11.496853287705369,8.268013216345523,8.147340595766327,7.197791830155852,6.906623291468848,6.6897565693118475,6.930646149925074,9.919252608068229,11.410776852797616,9.027703011498977,6.353012502733477,7.877303618882015,10.939194295595238,7.083182554478529,5.113162466016881,10.454295564155043,6.577689248973458,5.179640902790824,14.243734561365745,12.630438468410095,9.915235330646988,10.273105507459082,11.514331997083973,GSM1623357,GSE66494,Kidney,0
10.17396942444749,11.43005354266901,8.138324297755762,8.095224809348542,7.158417989675838,6.788402026328374,6.712029902776489,6.871946561342363,9.858615765743608,11.264388554587265,9.099060600760602,6.358345117454608,7.862792037053067,10.769800936141348,7.291891130783021,5.2294765271905845,10.392970842888813,6.486807987336963,5.14422673010394,13.405743287193982,12.597407457906495,9.91404556009093,10.166258473777845,11.336873277551797,GSM1623358,GSE66494,Kidney,0
10.219664772588658,11.39620037779637,8.163869555938719,8.1074963938071,7.188888437995848,6.817984389702784,6.798869682387121,6.780008164911163,9.874035315528788,11.30091038158324,9.057916269966858,6.360529185207914,7.871993293081432,10.821871878328931,7.122848868448134,5.182919288517052,10.384141265569188,6.521687980225357,5.188726316058069,13.370260783125474,12.57909140425947,9.941549969279004,10.173781840678705,11.337861544943909,GSM1623359,GSE66494,Kidney,0
9.438578815675468,14.952143674390586,8.00496372009213,9.027647664207889,7.7153045885947185,6.385383413159589,8.185820119787262,6.39659652929104,10.549753319654323,11.48603889389799,11.071742065195114,6.991160371325211,7.559615330962292,10.235141731700823,6.846617526132879,7.1363728650726195,10.45648526635427,6.366027728189404,7.731801298273129,8.901235930424379,13.462188057896197,10.003035841070913,11.701885880543404,13.839960250809503,GSM2367554,GSE89377,Liver,0
7.63545463406501,13.52972596573936,8.627124374075263,9.531309453089577,7.307489873770023,7.04701812123076,10.110279791191353,6.6979266797011405,8.945168482300778,10.331398964130127,8.895275093968953,6.2269842126218755,8.610719690126993,9.057701517479973,6.846617526132879,6.418960406357484,9.972829275253707,6.1262326655011075,7.18880043193983,8.11935844756829,10.158235682637137,9.815540332862533,9.738845353229964,11.850506168762202,GSM2367555,GSE89377,Liver,0
7.444836245296159,11.417452100150284,8.437717092074378,8.545930041135819,7.236647846322156,7.057926756027057,8.912862307570828,6.328755286881508,8.334011108159837,9.947929169011374,7.884992893401603,6.12129033106206,7.7270790049664,8.674585675743337,6.846617526132879,6.194445179067057,10.08181770443684,6.259222023389334,6.132940029819599,7.685832416787479,10.398632275185197,9.673600989429321,9.821243322484374,8.146826083323385,GSM2367556,GSE89377,Liver,0
14.143162971491579,10.495868077795365,9.297868051226574,11.335249197317387,8.332940327702067,7.901621366091016,13.816939964000948,6.814020321105096,12.558692165351745,13.094552353032777,11.37743734841404,7.636124197060105,9.415659398418224,18.68975478534851,6.846617526132879,9.03409308438875,11.760138822155886,9.41018144281836,10.094570650031477,5.496708853497119,13.572822542474231,11.487372867493601,14.579370584503824,22.485967317987814,GSM2367557,GSE89377,Liver,0
9.064458060120302,12.998430548258781,9.964549930120677,7.416102831307202,7.7999237322078665,7.229069606500026,8.258851068429394,7.057453059696966,9.042670039071803,10.966422630882303,9.137219120079633,6.104130072624357,7.952048161729023,9.599870370604856,6.846617526132879,6.873308303213198,10.577986399562556,6.8698405847923345,5.676246575675105,8.129552018901315,8.0574345888475,10.553653514822233,9.917856042010524,11.252704833880111,GSM2367558,GSE89377,Liver,0
9.00456025702665,9.077861752261784,8.097799806483874,8.867187342733255,8.012380345348559,8.02748841629247,9.652572956073318,6.72952430296316,11.000509093773749,11.598808178644468,10.48276263287492,6.2677650442823944,7.993952516933679,10.141919270678175,6.846617526132879,7.014368169913863,10.131002415449299,6.309733422993419,6.2311857389623615,7.616069168132906,10.415106830949108,10.079697237931645,11.032951497203372,15.496042410783309,GSM2367559,GSE89377,Liver,0
9.162579605469542,13.080451929885632,10.331656895373214,9.663139630928876,7.556448985338074,7.064032527825625,11.270603930690068,6.699318612604986,8.260382707046887,9.923087122455957,7.994796803021921,6.728147594236822,8.741838938979745,11.168906791642161,6.846617526132879,6.8527968011057965,10.64831748538535,6.9863318497504725,6.503204804837242,8.109441840852991,9.957360057552382,10.441388498274103,9.950268220344952,14.332274493380986,GSM2367560,GSE89377,Liver,0
7.878194961568629,13.79233065030439,8.698210632178004,9.674956506796605,7.455967707060708,7.580998067024915,8.91524638348248,6.714236830758825,9.497391669467204,10.530600439234904,9.315737888334878,6.076377073864007,9.231731597206723,8.323156379575757,6.846617526132879,6.715161620676673,9.929420647013007,5.946669313088976,5.746063849771336,9.112209748603945,12.44137877861378,9.36540989238783,9.265238273703025,7.312242928938605,GSM2367561,GSE89377,Liver,0
9.44664343118646,14.3546689221184,8.675431786620278,9.691781573348608,7.6840111360285075,6.999109008727415,8.079700484846242,6.580767537915494,9.59162988500491,10.370595937128943,9.17827005018466,6.642068417636631,7.642311637948781,10.960280025034825,6.846617526132879,6.668199203786911,10.29475886018735,6.366142958602608,6.756851929598868,9.775625962605183,9.195206956104576,9.939008790871496,10.165241028388373,10.271528681629896,GSM2367562,GSE89377,Liver,0
9.226406847318502,12.656501122493129,8.042538280338945,10.3904709756495,7.463132728337483,6.917090843603455,7.861756230537769,6.407239031833876,10.561470140893384,11.097230917103898,10.501936121187446,6.759984633673686,8.73388549799697,11.71060530253854,6.846617526132879,6.969959759690807,10.257691797524352,6.259188323028225,7.16853910862227,9.007010946386629,12.320909725105118,10.172182913851701,11.210948719998559,11.3980846935391,GSM2367563,GSE89377,Liver,0
7.090694287404731,13.817401963311788,8.267300339729811,9.551888106251498,7.495182802842353,6.379406417230873,7.175397908397968,6.40606018034775,7.733961591213445,9.613534686465648,8.259314962876672,6.262763921330623,7.701190754577439,7.045986251284779,6.846617526132879,6.226187974344901,9.611282926033041,5.576157232442101,5.955080410371699,8.162537868172755,10.47949709013323,9.976213242625999,8.650435337892272,6.899768224036512,GSM2367564,GSE89377,Liver,0
10.893557056908234,12.824322617554296,10.465072655524574,8.634531832696556,8.005491989211274,9.114820238733483,10.986168909376968,7.119753065728694,11.111062838735936,11.864476551192006,11.20976725690659,6.56527981134221,7.463417131774276,12.311011362198933,6.846617526132879,6.808098032755635,10.31685403915232,6.851910656123028,7.998381758524961,8.129552018901315,14.424226615380572,9.87999375834972,11.555647047489492,13.094206200358412,GSM2367565,GSE89377,Liver,0
7.823750898184011,14.49169375294873,7.398275569818673,8.307092754660031,6.550471651004014,6.730626750750313,9.726632767607693,6.4999643401578036,8.102757394697292,9.656070162168826,7.974529639796737,6.111123098755872,8.283491857367133,8.211089925483869,6.846617526132879,6.4397967108429715,9.861286674226738,6.06670751718694,5.370976548485512,8.983408467353819,9.20409425321898,9.5740748053181,8.979120528150357,6.064970986438826,GSM2367566,GSE89377,Liver,0
7.486375577703967,13.05306757498397,9.244959324648503,9.782135091099683,7.770480772265657,7.030808072846919,11.31148637625377,6.366049292930118,7.943241293117316,9.824879855574942,7.708080460174325,5.7051861014957135,7.815783612241355,9.195118155024886,6.846617526132879,5.9234035655481865,9.946938879670203,6.335271327519099,5.212240292070517,8.72718117743816,10.533811041867818,10.04291494537221,8.914961199993163,10.212569007590051,GSM2367567,GSE89377,Liver,1
9.562243732173041,13.23058208966639,9.57483544483292,10.312420443683365,7.771823708891658,7.184963730797737,9.493923459634843,6.391608147764992,8.568982856008938,9.674285020745058,7.970964680225672,6.2819752996462865,9.363717324147736,11.134079370117618,6.846617526132879,6.359824463449026,10.842641293182927,6.5290232957065415,7.342246418182776,8.191792653858215,10.768188900435964,10.217071469513346,10.39503741562266,10.528717838751682,GSM2367568,GSE89377,Liver,1
10.011901295528878,12.043739682454385,9.229107989348684,9.850457918622217,7.931863385093234,8.41819384430194,12.858878296247111,6.349115384272226,9.03156724186835,10.822662652894888,9.40837885745386,6.1488837991612995,7.402108676338542,12.40252607056639,6.846617526132879,6.457467697227576,10.320994580251163,7.284773751058257,7.731801298273129,8.252686667742703,11.473460272311694,9.914799619975048,10.477770709112528,11.024982013035089,GSM2367569,GSE89377,Liver,1
10.006387651734673,13.13064608406143,9.98200491487651,9.065374670614327,8.29618694582583,7.748117162540615,11.385763754539573,6.624703732097825,8.848810601191323,10.600247725474992,9.621498897209616,6.542787620865907,7.751839198976295,11.861351565105803,6.846617526132879,6.8535213147057785,10.44713244895718,7.077471564587713,7.22274651266724,8.140253358700177,10.091766674059821,10.315765800204149,10.357585070497757,12.744201362716726,GSM2367570,GSE89377,Liver,1
8.811866539464456,13.577315085108495,9.141846899307355,8.745610308536092,7.205575321976824,6.526602005945885,9.649205585664994,6.5052699181900895,10.041423084074264,11.067710546712254,9.703811079518253,5.685208768927483,7.580713428901034,7.88672614140671,6.846617526132879,6.671702450585022,9.927553212687457,6.335273618761782,6.329977149326312,8.868570023038938,9.602986529047032,9.424590195743422,9.997520837748004,5.831751434451721,GSM2367571,GSE89377,Liver,1
8.630425591159572,11.700911376546655,8.148447248991582,9.010629097591751,6.777248209430393,6.784787244369114,10.355020495843025,6.571424048358795,8.018030785675137,10.237575473564638,9.096598035763598,5.973055285005054,7.139108749273259,9.509176393642859,6.846617526132879,6.0361041677907945,10.069437430673554,6.9640078904282,6.243271288626799,8.738081486071604,9.778612843403183,10.102490901531379,9.257904226877264,9.00756982058931,GSM2367572,GSE89377,Liver,1
9.416418791359957,13.708918008330249,8.717528915007817,9.516771777539594,7.988577719235558,7.684768412412922,10.388472165685114,6.359282092055704,8.871736714795244,10.379342859359776,9.175525346798086,6.798628049165024,9.677793543082192,10.300011079324262,6.846617526132879,6.21844857814775,10.410640368317221,6.177307710804907,7.041664657437101,8.109441840852991,10.94504762703251,10.131523832401022,10.935554793361366,13.039215744806434,GSM2367573,GSE89377,Liver,1
7.921064748002871,13.082432901408941,8.515030660473476,8.560525924022167,7.333415820684727,6.939310432580285,10.261558152896535,6.464863468070561,9.019819707660089,10.213655705638919,8.85149523463475,6.062199075074131,8.499914152184076,9.281213195123009,6.846617526132879,6.456841088203427,9.93667581376434,6.536017027587312,6.279068855640374,8.596447510866629,9.30806553599114,10.004261990812912,8.590631478156505,7.632993584838832,GSM2367574,GSE89377,Liver,1
11.269567371284754,9.384038077242487,9.616569703635522,9.999550504621883,8.245922073244271,5.949585108336428,12.056655403747822,6.565724307020962,9.597652451149482,10.669045753153338,8.458093007278402,6.5256442473509,9.436300430035025,13.466844243841564,6.846617526132879,6.555987828341074,10.848290533467582,7.679993829037785,5.601985734492077,9.722665234092934,14.504858271256094,11.040572260371174,11.648481281077569,14.272782504325276,GSM2367575,GSE89377,Liver,1
10.989448465154144,8.957193104806546,8.115849641966923,9.639015836348072,7.342472396808153,5.804900284358801,13.04592248749125,6.9926964600175125,10.308095205433577,12.05362372463214,10.367093365730229,6.143565128158681,7.965625535963916,14.242504868499806,6.846617526132879,7.851382911302972,10.789962546611621,9.048334746525496,7.836290089243981,6.622539781309013,15.734883406861913,10.445680847258801,12.509545211415476,17.307566341422515,GSM2367576,GSE89377,Liver,1
8.617925381027561,12.460917399349565,7.892538741675706,9.192264304133236,7.166914162310235,6.668110134021256,12.091706211550314,6.3591500823332545,8.179926965856914,10.001834672463476,8.63553124575215,6.24292573008289,8.317026055109793,10.804211634969107,6.846617526132879,6.130770391866333,9.996567259998784,6.622748200567936,6.687946323018985,8.801601888572497,9.97061277885983,9.931812103942077,9.787045870427098,5.956317005519343,GSM2367577,GSE89377,Liver,1
8.054533069000456,18.0321936960052,7.429412759780666,7.428685054989569,7.518309585159613,6.306434546545773,8.55479367324668,6.3305502459344565,9.666148256179437,10.835726158280222,9.791571918693435,6.035923108820158,7.8201006975699,8.144916246257607,6.846617526132879,6.698663219237086,9.482681407434338,5.848219674880881,6.008262459145909,9.138378129727451,12.25905948672604,9.269491070513528,10.193670528931854,6.749404661475368,GSM2367578,GSE89377,Liver,1
8.891310125673613,13.325662997433884,7.549600486980566,9.155795048143657,6.993896333091951,7.085584109512452,12.182279652242016,6.6014933442192865,9.068690396067119,10.475885573160415,9.04977507856545,5.780317197761002,8.436987181074047,9.459780989671494,6.846617526132879,6.03307810710574,10.018834542426433,6.176228917375574,5.676246575675105,7.410704679337725,10.148571188614376,9.571316014225697,9.914298607803087,11.36936282681351,GSM2367579,GSE89377,Liver,1
9.26323484682562,13.829843151520295,8.786605024588718,9.464650647460019,7.656561376762785,7.305018752851457,11.700044734707596,6.433720648622632,8.945460785042144,9.90900963027506,8.416441344679285,6.085677082204393,8.631945098776425,12.303069207521533,6.846617526132879,6.516722763949568,10.635336525835118,6.918076494008084,6.50967959313623,8.478390546683636,9.555103124719121,10.22925817711502,10.011982866226898,12.983289880621502,GSM2367580,GSE89377,Liver,1
12.606513250545017,14.075357662683395,10.596799635525505,11.042681033277278,8.722069509822223,8.163199666322445,11.476800920668605,6.820898727342874,9.713918102337884,10.519016758231789,9.831944560030514,7.1968995702828105,9.540037788630908,15.448897961377696,6.846617526132879,7.630323656322931,11.196229533587166,7.861077420969271,8.839591018387983,6.235645678350241,10.740377363276368,10.970594286980809,11.969873637544422,15.695942128661413,GSM2367581,GSE89377,Liver,1
11.629423775053636,11.408282950165965,10.159203391164802,9.126948200168208,8.559757275199905,8.095958462124388,13.385662798316625,7.118739622891263,10.224235855350177,11.150932426318708,9.370537311121977,6.878885750437292,9.35955885544233,14.45071179942666,6.846617526132879,7.40162774573388,11.199037390405206,7.9320996431867865,7.883737944233671,8.038542082215319,11.807934531923184,10.91678044638301,11.943285610316323,17.112000362097486,GSM2367582,GSE89377,Liver,1
10.166707361920068,11.97020327134066,8.97262942562034,10.345811790116235,7.7479833863119625,7.385633569607252,12.932581378723977,6.569702231088461,8.85478574462866,10.400091687526432,9.510699901160352,6.253908655482314,9.113318722535473,12.208413623198592,6.846617526132879,6.909456409626963,10.756376108848041,6.813211567227923,7.46391830117787,8.586099539717972,11.281113626286187,10.125194377409024,10.47066520729641,12.752741547101689,GSM2367583,GSE89377,Liver,1
11.720087598339017,13.049180061503264,10.681351441217123,9.10902073386059,8.4919682576636,8.667402085976617,12.86514841812849,7.165034452976745,10.771365631946033,11.563635183581761,10.87714680152905,7.309419819008404,7.168658052202942,15.375559296981816,6.846617526132879,7.279107275057688,11.200053247856987,8.374184035231691,8.951064568441913,7.285204688990893,13.061598565702685,10.440247220311225,11.883168906182114,16.254618309877408,GSM2367584,GSE89377,Liver,1
9.251586082398553,11.716610289601306,8.937490667367435,8.410884301255164,7.620171496529676,7.30734794080678,11.238944617740614,6.557053180764397,8.444539317818132,10.419645474825362,8.813253419058992,6.495344173931394,8.1192568664683,9.942759325166833,6.846617526132879,6.550413189166391,10.498768516757846,6.514561449241431,6.262544069851214,9.458412337265797,11.256652110605604,10.231931913119922,9.73397846851647,12.102457037539454,GSM2367585,GSE89377,Liver,1
9.630166439080778,14.497396202767272,7.689954930793477,8.412168008997703,7.104189193868544,6.491536813533444,9.377444162684052,6.145779735913211,8.023301413608225,9.81750671851909,7.86965383984896,5.9578807571928065,7.983587129317415,9.033980801532707,6.846617526132879,6.281104644550352,9.744804480309924,6.296082676437656,4.833662235353938,10.011255998765478,12.390068137789342,9.77268246741495,9.037129747564526,9.703614134740008,GSM2367586,GSE89377,Liver,1
12.979610252015426,11.272769612058616,11.141619053633855,10.109596980119381,8.428558761775806,7.512914068245098,9.761382913349188,7.391442322147904,12.400495662379528,13.413924072108118,12.255869939889706,7.601073646215792,7.7783118263978785,16.63629743553781,6.846617526132879,8.69155675306285,11.073039774845721,9.394995563665809,11.171089741239458,5.4235917861669325,17.879240331285196,10.744697139999687,14.203281037942842,19.94754987508645,GSM2367587,GSE89377,Liver,1
11.855396792066262,13.594027385329685,9.509395480037162,9.273074965062952,8.197012927161344,8.821269050310713,11.948623013065074,6.8829921824731874,10.054874423190835,11.416286093397234,10.40367495124026,7.021703364623092,7.117626979985106,13.692999939273859,6.846617526132879,7.32376103888509,10.70688965799842,7.209302508363413,7.523882636558247,9.231409589772744,16.507250591574813,10.901266325099657,12.053886408424324,16.29472708911629,GSM2367588,GSE89377,Liver,1
11.327922251555508,11.478132235091802,9.893440261076972,9.062076517082183,8.225330378312238,7.9720334305963565,10.64637119130815,7.254331333533687,10.132328765942287,11.903669587091542,10.084919980212133,7.367509249524154,7.3953813835938655,15.876653699922937,6.846617526132879,8.535711518917276,11.109072540400224,8.890523211044307,8.315723259752252,7.066332603953976,12.850973156804578,10.889669870475892,12.508241380868675,17.434778058148712,GSM2367589,GSE89377,Liver,1
10.588887572052052,11.128313275340272,10.138900784680832,10.11251914572203,8.205040591689357,7.49511325911605,12.27342493162331,6.824649482736052,9.330022814731192,11.29243964859351,9.838459287034278,6.3637437236244585,7.380345153838223,11.263745462201708,6.846617526132879,7.732774774589029,10.83413390610737,8.053787732952514,7.696506122860007,8.609792748539347,13.749778671020984,10.465393097020442,11.051409316711469,12.766763033207994,GSM2367590,GSE89377,Liver,1
12.408582973627515,10.247780021257338,8.993931253629992,9.688483419816464,8.197766183344049,7.447708588908979,13.095780343361884,7.365526434657332,10.934211443014618,12.40537939764116,11.197070374717455,7.170480241477667,7.9177514910961655,14.21072677981245,6.846617526132879,8.389064774969956,11.078198967283726,9.731666180839818,8.764538693886134,6.765981985282621,16.507250591574813,10.995459518562951,12.139596406998773,15.789938159868662,GSM2367591,GSE89377,Liver,1
11.650657193107904,12.110348418587765,11.049628953517846,10.064859922609086,8.560162512216873,8.003545924011174,13.015059951340902,7.117607044777812,10.111518081638504,11.72094146031539,10.618683289087402,6.82492691360425,8.291748617857325,14.821754997854988,6.846617526132879,9.738792752365082,10.947433303519595,7.5278411856383425,7.862492409785044,8.028192519315983,14.798477207153827,10.294618612457702,11.538238287042036,14.433105757980362,GSM2367592,GSE89377,Liver,1
12.591127772490587,9.015919177375503,11.904976413237756,9.82858611869024,9.00287991434845,9.008477462080437,13.451770478074124,7.281111674796849,9.699970178048781,11.824420503130577,10.331581793896765,7.279723062991747,8.57205549686218,15.870097318657056,6.846617526132879,8.254051502768194,11.252003907376768,8.406451987792845,9.023443606604264,6.803865651385993,16.362994770610552,10.934852086159466,12.375171985665363,16.239451189280437,GSM2367593,GSE89377,Liver,1
10.68998637287023,11.465659557451556,9.199550612248274,8.403075865740359,7.9282552947095875,7.5492844139179756,10.17815749039267,7.3015908141704955,9.313470407118961,11.3607561952774,9.751379365653273,6.959729047908166,9.129729977535149,17.158579335376675,6.846617526132879,7.957171075454172,10.996781736332586,8.67657947578687,7.756535422671476,8.890930936543986,15.098641755974542,10.60187058401583,12.719772900529232,19.77161783366544,GSM2367594,GSE89377,Liver,1
11.792753272889053,8.306545298116998,13.34365375688454,9.738241253381057,9.769669128596869,8.847859724368725,13.278876390528588,8.20810241786685,10.44840875848413,12.23836292171985,11.05162212743894,7.445482787126947,8.049168146117305,18.753692918492682,6.846617526132879,9.46144270882344,11.545127395855955,10.526203746992998,9.273729904797317,6.29371274303306,18.173217585238085,11.460675468671022,13.165004805785475,16.53525632918357,GSM2367595,GSE89377,Liver,1
11.243235375194955,9.616345348203373,10.316287612630513,9.80054355451794,9.107609449792081,7.970256379703918,13.544024588414409,6.723836969606308,9.231647173917146,11.330866262500127,9.688932105556269,7.121404731366853,7.479306969409714,15.05835607875132,6.846617526132879,8.644764682239511,10.942338370491356,7.587185707654434,8.399066128402158,7.98919462773898,14.721327797166406,9.981446513516168,11.001254927013882,11.72902262448933,GSM2367596,GSE89377,Liver,1
11.14820550884812,13.342020325879224,10.536670761927478,10.2443217930644,8.77017895229027,7.820261388746287,11.476692137292892,7.620126262837503,9.359322163629958,10.939794191147502,9.742110733671124,6.422989054531965,7.71662943922996,12.34011576050006,6.846617526132879,7.082974505345591,10.94978882997063,7.702172676323543,6.933548685730195,9.889509356514095,12.372283954767513,10.844984420497331,11.397336541959156,18.056003182406457,GSM2367597,GSE89377,Liver,1
9.690096325635773,14.115028621310534,8.385670313777243,9.610814381879209,7.620171496529676,7.045397060280886,11.32282598214289,6.5901100012482035,8.976128567346443,10.677254920117358,8.900604130141925,5.9988216372125365,9.188213943979836,9.63174947238827,6.846617526132879,7.051230032267553,10.281138659204316,7.416715724635577,6.364076979207311,8.202139033256195,11.924250124031985,9.888738301224935,10.166848336734862,12.099392368843041,GSM2367598,GSE89377,Liver,1
11.151741420392236,9.693963934739406,8.370899074162798,10.157868166849783,7.272843859012263,6.932385713583264,11.483545936711701,7.515786617851479,10.854644848166739,11.71104936714103,10.559145046516493,6.639382122011116,7.642912363624586,15.985271188116366,6.846617526132879,7.372802151516961,10.527242978780162,7.8553582882986825,7.865667004984483,9.050443455348677,15.756685294161297,10.341456102796716,11.50171417185383,17.710276151667625,GSM2367599,GSE89377,Liver,1
9.739483541920592,13.025276720145445,10.794984956254117,8.912105314937655,8.540490341811717,7.324020908984201,13.394979078092422,7.409823206632785,10.111982894773929,11.520399796616147,10.89552895294564,6.662755394833162,7.80187230827353,12.294442057786506,6.846617526132879,7.203057231038877,10.667629952518709,6.8349564149623765,8.542600707941267,6.622539781309013,15.03660478846814,10.232091391408986,12.316718789470173,15.93986198393844,GSM2367600,GSE89377,Liver,1
10.140443795590484,10.552892575980723,9.35597507083228,8.206648129905888,7.442168107645648,8.031998657869172,10.913685004856237,7.524433487904625,10.624997740713804,11.730683418770589,10.398779704395626,6.5941731397283405,7.636050455456326,11.60013169870508,6.846617526132879,6.874412986597555,10.253112616106671,6.97623625262081,8.046428369021227,8.252686667742703,12.13954224709346,10.272379273393742,10.80867765659548,14.025383314669181,GSM2367601,GSE89377,Liver,1
8.005309635420412,11.02030738718588,8.143893820974133,9.032190982786867,7.1073377239341085,6.809090814089398,10.03576965668895,6.982881094011237,8.358017353351118,10.107895612490973,8.345316983502412,5.988894577002495,7.444759155790221,10.236874737630032,6.846617526132879,6.497046707642988,9.886999378572803,6.898527611447217,4.463540382084696,9.32358468795402,10.60701895324858,10.954637659272402,9.21318621109752,19.015252199093734,GSM2367602,GSE89377,Liver,1
9.890921966669826,13.297975198917385,9.630817389479322,8.528604706125329,8.081651978382991,7.148588335090743,12.476257678436356,7.020687559003602,9.948525177805546,11.449027798418705,10.100043453613724,6.522713518575635,7.860473845811688,13.29280814931489,6.846617526132879,7.638479936520401,10.491908405682207,8.353379647149659,6.493672357314782,9.336395097399393,11.521481957128488,10.270644076285391,11.04745661203654,14.53352814292987,GSM2367603,GSE89377,Liver,1
9.294008046533172,9.749054981816611,7.619472781380969,10.567245083018877,7.407163572563572,7.415396226202347,12.186504110561252,7.022656043204081,9.113803158529896,11.114958887735998,9.643630040033536,6.852701217632623,8.340782720703539,12.956832278514247,6.846617526132879,7.0569887359925625,10.75805579394158,7.900703126592264,7.151194688260813,5.711340514731543,10.580202631870337,10.842348446018343,10.478621196279551,17.947572928087848,GSM2367604,GSE89377,Liver,1
9.464736932866368,12.6080589257917,8.091569303786475,8.39905012050365,7.832199312361714,7.686260416935496,11.88810349287674,6.690549621896938,8.974299910099733,10.81915569483606,9.65224010094448,6.739328519248586,9.0988379988043,10.096794826674422,6.846617526132879,7.003090589196977,10.14546134142415,7.421596453421529,7.232945928348929,10.087201607048012,13.042935746435761,10.06233390172868,10.72389495129785,13.280925335561069,GSM2367605,GSE89377,Liver,1
7.533146533549955,10.965771699177349,6.753437482217533,8.23157817475391,7.0484116842387055,6.345374798466636,11.032452550063287,6.511377163745348,9.149742392486763,10.786062275612355,9.482755981336707,5.832661812090777,7.698995862270366,7.945654656318357,6.846617526132879,6.278289394524542,9.246235835923814,6.331917616512102,5.12432176199059,10.011255998765478,11.643148600418664,9.531862185361899,9.234941073367647,8.748976586179293,GSM2367606,GSE89377,Liver,1
10.48766761690432,12.157989066117914,8.482885310262889,8.90655673992794,7.706369179685669,7.624137702867157,12.321791986160264,6.806251805494959,9.655971790368909,11.088820748098039,9.796443504301978,6.460433401574473,7.411376269957792,12.208413623198592,6.846617526132879,7.175360401573753,10.569327025013465,7.118073816935365,7.506545795380418,8.180952831750481,13.248196477972924,10.042430278020165,10.73631693456774,12.983289880621502,GSM2367607,GSE89377,Liver,1
8.021259378546759,13.507763518446277,7.1921073310481605,7.972572046227635,6.553818962616274,7.32004765436805,9.760725522230661,6.174051180634963,8.972711425918694,10.441626352592964,9.094731427138631,5.797538624220537,7.763484302725323,8.69475830669164,6.846617526132879,6.472397651571276,9.681280421702528,6.2969511528824915,6.125577394295662,7.765260775550433,14.039504052277165,9.181151463492341,10.088309406167824,5.6900322048656005,GSM2367608,GSE89377,Liver,1
9.62443853161115,8.596958013574227,6.828846996222703,10.282337476395785,6.744350906836557,4.346555024700725,10.226957221313105,7.293847487694677,11.998522909379567,12.024002039552391,11.021377809661988,5.553337920919866,8.197573476301319,13.808202218666437,6.846617526132879,6.124026819429403,10.07905119715204,7.196013778151368,7.545604576834892,8.060202625422665,14.206803256900923,9.957805598592241,10.589527345506989,16.891105059934215,GSM2367609,GSE89377,Liver,1
7.7718537680385325,10.440524542729209,7.443792504614176,8.401525505470419,7.120389519691111,7.042729520040076,9.50493537514992,6.875600570946933,9.141843040342975,10.741383548051171,9.169786182532865,6.490348108491842,7.6552159350657405,9.184935403610593,6.846617526132879,6.3165197496690455,9.843371709561422,6.425421607391595,5.790727978888663,8.361269531898495,11.744079731128524,9.991661556201567,9.327791230173608,14.19371058033818,GSM2367610,GSE89377,Liver,1
7.400427574516669,6.777220968746275,6.250262084375706,7.786125295408516,6.113134073190739,4.444523442009224,10.452242454798984,7.312613392762278,10.978347509521944,11.483593692772637,9.480245261284812,5.219166305275717,7.995116749033802,8.344924701775819,6.846617526132879,9.196420252835646,8.828090357358635,6.196566464761197,5.322010691289275,5.060866825481843,10.310959921862594,10.213955960316902,7.960358105844816,15.06470138165951,GSM2367611,GSE89377,Liver,1
8.255247203179342,12.329411807098616,7.943618541697667,8.329153335142381,7.324992006680822,6.837377738494059,9.821568041928822,6.297328389974316,10.150437650350032,11.488272541555435,9.976664567042668,5.232680097401426,8.132741018652753,8.374332139365112,6.846617526132879,6.625128592480594,9.612815652650333,6.216139787244002,6.51314652827559,9.20677565630149,12.860289426238529,9.212536424163089,9.52400367756912,5.098672653146522,GSM2367612,GSE89377,Liver,1
7.801651451033281,7.136316715085134,6.990315129210611,7.745635013695989,6.505406198221574,5.360261502042578,10.003929857153093,7.924759734980805,10.842389079039007,11.331034245402686,8.66402331754524,4.044946847617348,8.693057718337535,5.643456661126875,6.846617526132879,9.852445654257094,8.883475822024783,6.596398623322239,5.915504078949513,10.162755644664097,11.456285229983619,10.680632328274354,7.7886670393279305,13.094206200358412,GSM2367613,GSE89377,Liver,1
8.13650855633749,12.048926850662813,8.150571259817202,8.38207520938979,7.249835349359259,6.645847339197023,8.299642823950917,7.056217299425898,10.060616924712038,10.865808011523667,8.8992528106585,5.697428037039042,6.589575197214375,9.5434996966849,6.846617526132879,7.494249619624157,9.42110077688926,6.281437912431783,4.801097731527779,10.3542687190714,10.532627078265868,9.752797541161014,9.451905220306541,13.431466336460838,GSM2367614,GSE89377,Liver,1
7.258278097086565,11.388026657537468,6.496400993200675,7.655692093641976,6.829951235625675,5.797433640590097,10.777860360362297,6.318233132424863,9.018170503585914,10.52129996084549,8.715370828889263,5.8162913220183095,7.301423644207743,5.508690354689734,6.846617526132879,6.486971024027397,9.326125928032424,6.063445360418768,3.9792175553961204,9.748270135476925,11.195929312416963,9.547235159194011,8.771951970190235,10.870564370171955,GSM2367615,GSE89377,Liver,1
7.39077224753056,11.764766218741563,6.178589701441927,7.559344793416555,6.094363925381494,6.159982996189893,10.131901101393911,6.639832139583592,10.83378591743624,11.251210344947031,9.264449530081084,6.059704009162705,7.667112529644881,8.413721880506209,6.846617526132879,6.491374262586608,9.706873547668678,5.73686117540369,5.308604198192603,9.404942248537033,12.635989893813182,9.305033978466055,9.413174334451481,12.849468585781644,GSM2367616,GSE89377,Liver,1
6.909002729125558,11.114910228126215,8.045101778374475,7.4897421910796185,6.866652784860207,6.433968108004106,9.854965878519263,6.590021092933367,9.26833057958754,10.56662720739986,8.723821833713151,5.607776424955368,7.201839536665192,7.5062981950229375,6.846617526132879,8.233385741737381,9.579682383419973,6.051601067780691,5.2655457732638045,6.544063289450664,11.377470902723024,9.306874614553566,9.198016067752693,11.682325482590318,GSM2367617,GSE89377,Liver,1
10.617152428418033,11.731805371748285,7.07992678413807,11.338637021610957,7.203954373908949,5.255852551785395,10.269865450109505,7.270821820134478,12.845320656239352,12.429633504037625,11.349045179617779,6.073263159606689,8.556524285846166,14.003343736950303,6.846617526132879,7.8168872406887635,10.529402933114518,6.722533442322612,11.047802409391167,8.738081486071604,16.91533448252749,9.805316124758221,11.581937216877154,15.695942128661413,GSM2367618,GSE89377,Liver,1
7.624243371383569,9.39709874845337,6.031078107322925,7.968118398410081,7.2157222683993965,6.6157199579160775,10.510404033890776,8.655313667116296,10.78136793992354,10.881745074435873,9.175525346798086,5.7958221364307665,7.744421436940096,6.855432937223332,6.846617526132879,6.2957011114326225,9.17975886186555,7.7234873432444955,3.885009385645822,11.429343493058148,14.389351165801315,11.144782340163001,9.475902446318797,23.381298030541814,GSM2367619,GSE89377,Liver,1
8.407572073773173,12.174758619851337,7.742003837357972,7.664180925723754,7.009411727577696,5.97347962529366,9.516734462361098,7.16940607388434,11.448526588991568,11.704366797298661,10.345499201514265,5.765866531363382,7.471906251703636,5.907049388287141,6.846617526132879,6.914515964143105,9.262572589485274,5.9208198950270186,6.138490157716021,9.064218465704082,13.83596425675136,9.265033377371664,9.541427424574584,11.363696372043176,GSM2367620,GSE89377,Liver,1
7.995807994944943,12.132416784878469,6.5498805210847895,8.298985416607133,6.361005843640003,6.602101979818822,9.520988852861732,8.005308056016425,10.646868669663203,11.314031750931004,8.956393381305503,4.746594234939098,7.987123306051766,7.733953303599817,6.846617526132879,6.573476526669667,8.848639119658147,6.383672397144828,4.795917900888588,5.001886095910644,10.008505165528803,10.072629966717258,7.615271439169472,18.106808407580075,GSM2367621,GSE89377,Liver,1
10.971910254151378,10.934206692812342,10.74643172882898,9.676008958364935,9.056811441467268,7.462860935703857,11.83176978722119,7.696295219639052,11.634362410760916,12.664225302085294,11.401412753139955,6.433239118534384,8.807101679002944,12.0282946462938,6.846617526132879,9.131403422870648,10.539746462976957,7.599621236372855,8.907832905030197,8.949144442289057,14.885175036301082,10.134062470131168,11.651553525469456,15.38672496477159,GSM2367622,GSE89377,Liver,1
8.792603225424713,9.148146736415725,8.936966049463113,8.959487659910051,7.070324438383034,5.574011041424527,9.339736985468894,7.73398590790664,11.652929047851396,12.153443889850994,10.54162653021723,5.627699040816568,8.06288465774092,10.07435097939449,6.846617526132879,8.01034303084959,9.494892930399804,6.118420959982946,6.331111861389413,10.1150795283982,15.25368244572557,9.861235078771646,10.348024583147756,18.43566336672909,GSM2367623,GSE89377,Liver,1
7.1880204770164156,6.4224278238518275,8.346281405605739,7.817605238768857,7.18138570124413,5.905084768858519,10.819614189804122,6.389457182280336,8.573699709102707,10.199603253409435,8.183792240813077,5.806597823297885,6.607623403592352,9.101765323975139,6.846617526132879,8.9381387045433,9.303313278787979,6.36196306367194,3.267159750028096,9.112209748603945,11.86543196294214,10.260436732551877,9.23310896665102,10.28740555558135,GSM2367624,GSE89377,Liver,1
8.126291880957767,14.497396202767272,7.451828097273247,7.871416741359898,6.805625369091927,7.110967264302851,11.718765750556468,6.413741466918672,9.869060959521672,10.926536140563146,9.6428794530442,5.639680287270249,8.43557667579588,8.234765501203835,6.846617526132879,7.67353984146932,9.668447538183498,5.94704498142034,5.516133073320925,8.018734336795555,11.377470902723024,9.379751793254062,8.994185765589123,10.089515519755903,GSM2367625,GSE89377,Liver,1
9.506030366857148,14.3546689221184,8.18316035377242,8.261624172517042,7.137562145093926,8.022939457787578,8.74304341660317,6.512409638373154,10.316921948038196,10.31162291445325,9.105251475607378,5.805507670565015,8.00124575100698,7.993719212749187,6.846617526132879,6.929361633700756,9.442306940889553,5.471955620418313,6.709835005335434,11.041360632636572,12.269200897033476,8.76016118928855,9.805904580361942,10.178948299776428,GSM2367626,GSE89377,Liver,1
7.644621978334845,11.449379521247739,7.638719341600738,9.20799365690745,7.576623999682892,6.167526624923058,10.663063520055976,8.657974386045096,11.211744894095386,11.98924217744066,9.818460284484793,5.456597866962287,7.886987866606413,9.591538368509864,6.846617526132879,9.176197825831679,9.43338270581673,6.8613984056629045,6.107751154403595,6.050066650465349,11.88985209541072,10.644149194988195,8.741913287980516,15.5458447236082,GSM2367627,GSE89377,Liver,1
7.924158670603973,9.72769197879663,6.56088589801848,8.121085705206157,6.056580891443535,6.939068592057823,11.009313856962958,7.498152544552609,11.514015817917693,11.834194483326575,9.277022848037296,5.120059654181735,9.024276359249395,7.0045266886723105,6.846617526132879,7.644620586524109,9.125543477234618,5.882516140962965,5.35382593867682,4.572021091686041,12.427594636303409,9.802678683812207,8.490878138067547,16.789405890417665,GSM2367628,GSE89377,Liver,1
12.292028021396,10.506671815553975,11.91905809422745,9.745181298364148,8.88510201621889,7.7489616404670825,13.225977737751244,8.259923557435727,12.222696989255633,13.560646638560762,12.91757218133604,6.527558973690595,8.2956879451755,12.053664716700105,6.846617526132879,10.820757241731513,10.570166308782758,7.831861785534014,9.424373758579096,6.161148563183428,16.513584241704613,10.610131559389268,13.028587788186853,18.480204247078326,GSM2367629,GSE89377,Liver,1
8.42986806016963,8.387954067162939,7.9675062145501325,7.884385571877717,7.204133768701344,7.333839297527261,12.874054805718597,7.290361591384209,10.295841789790076,11.305915027058049,8.582837672977165,5.808965694768078,7.853709333815535,8.930740682374633,6.846617526132879,8.907992977658715,9.574989211397142,5.507429403365045,5.781566911363956,8.890930936543986,12.39610806804858,9.913509128992288,9.387863911293667,11.313319313295358,GSM2367630,GSE89377,Liver,1
7.8252922504878235,11.031380788987121,6.312318316895258,8.195666607973559,6.834183606423834,8.266614264863021,13.801419011068791,6.870000186750025,11.621528861254722,11.494515731118302,10.2749565123913,5.127409175190499,7.1767415866441775,6.716093578528183,6.846617526132879,9.274185304731699,9.173275422686633,6.050310907213963,5.712368964844151,6.7163193641723105,12.058359992628958,10.044937936634387,9.255899774743531,16.929535889666568,GSM2367631,GSE89377,Liver,1
11.543933690360094,11.149600131188976,9.445035610926777,9.106318812233374,8.288321174159247,7.723666019601286,14.55274513295324,8.89784491457882,14.37408635168445,13.888222222639762,13.17299062414407,6.075727960090646,8.597832089496682,12.71973244545613,6.846617526132879,9.823914859403082,10.176565689638329,6.476641382858128,10.80363576060713,7.677319734168953,17.114100068473384,11.174033041385986,11.248021717873852,18.43566336672909,GSM2367632,GSE89377,Liver,1
8.318680693457242,13.955400103850106,7.128633672466621,7.951409746530809,6.599294633734497,6.896247950036976,12.118766243789484,6.553950719054116,9.662475644038519,10.84329825008629,8.938893268189867,5.897454636561745,8.374591714788927,7.707518176361971,6.846617526132879,7.582264648967383,9.406254059345908,5.737292024496309,5.088322805240622,10.07454718916894,12.620312217216995,9.835584737405531,9.005536209961349,10.853916025183018,GSM2367633,GSE89377,Liver,1
12.400665313831075,10.658422249730972,9.967938131758338,8.891532167875118,8.870715428965296,8.124224625277698,11.027365419470948,8.314281709295967,12.462301688485704,12.525107636599373,11.425633971818593,5.889525891023316,7.423345563822543,10.599076133494204,6.846617526132879,9.203144283835062,10.022611878165726,6.876469913618257,11.04127781502834,7.901339540894032,13.343443473112117,10.756187825689208,12.424229546648647,20.02549159400363,GSM2367634,GSE89377,Liver,1
8.114229621291122,7.983232996924577,6.77689950159793,7.532164327090961,7.090656633530945,4.343993535176261,11.91518452231779,8.276969137922434,12.136115834660236,12.850892102979852,11.107116927664494,5.542615596780127,8.490217319720623,7.354791177575994,6.846617526132879,12.560564782290658,8.773334634908194,6.660107485304876,8.249284136072887,9.100153828979279,15.255612821163528,11.2035150777823,6.536371518880479,19.50869086070236,GSM2367635,GSE89377,Liver,1
7.81385730101644,9.429842032100163,7.656172623742685,7.534467449805513,7.178392467158324,6.509510446052092,13.693779312736156,7.053072949118175,12.449675245591749,12.048107061122833,10.749908504448904,5.075471511391398,7.120050753296632,8.70900841355181,6.846617526132879,10.596702126469845,9.044340928589847,6.22817711707802,8.413101693739915,10.733614740321674,14.631657442181341,9.71198448067262,8.190220059270393,13.889002664662463,GSM2367636,GSE89377,Liver,1
9.902487717945156,9.285859181927997,7.566428484172044,8.542594131493603,6.957463101922143,7.95506587709575,9.716560365189634,7.4857228262833,11.841423130058532,11.90885815899429,10.770006095482103,7.110166421511689,7.7591953927179915,11.112626713842735,6.846617526132879,7.497344272728775,9.694817364841605,6.568172422851727,6.65439869080228,8.290118276653915,17.449740628120733,11.087387753704801,11.112299701902906,22.775442538028372,GSM2367637,GSE89377,Liver,1
7.87088576573841,8.803897398334342,6.945921919581368,7.867061023452852,6.741578937547226,5.016093597271698,15.88047616569695,7.679562171004079,12.531578850280017,12.534613894044421,10.376931181891681,5.055721846519013,8.285789363498395,6.248788371883702,6.846617526132879,15.289775635215207,9.389274488175795,5.5157964488282,10.96392574966578,6.520129726277121,25.90834046993244,8.794183444258609,7.874714984785485,8.615809113043706,GSM2367638,GSE89377,Liver,1
14.295449476547716,10.932426108581852,10.376187697487303,9.271411336462789,8.803643990598575,8.143076963731792,12.849013632103013,7.586223833785301,11.173524310200166,12.67674737757782,11.195035508413618,7.866771842825216,8.339012197432059,16.955470409141398,6.846617526132879,8.164746837243126,11.80031212880923,9.934219194041722,9.869479723697538,6.042693661331279,16.216319041090724,11.36666650012785,14.257249506653771,21.029592008132735,GSM2367639,GSE89377,Liver,1
9.29051925056166,6.781143979404572,8.684302404978178,7.094086789214393,7.659318604041032,6.222865459834602,15.492560455645425,7.49691482512665,11.6639904237324,12.122131876814258,10.379370918235303,5.470097442301672,7.8122241299943935,9.877485925159167,6.846617526132879,15.332712910753425,9.922895802423104,6.451503300180416,9.496199516336635,6.161148563183428,15.343746445897974,9.369565713292424,9.389958282775455,12.146076009998898,GSM2367640,GSE89377,Liver,1
5.810054882806224,8.372037590761801,5.920845137874284,7.518953621492976,6.014184415818207,4.922743716715853,13.282955655430536,8.880344996743473,12.77048809492012,12.438993301389507,9.872113451834585,4.082635627809603,7.206839438728892,7.250200008258172,6.846617526132879,10.752782252642117,8.831148546486025,6.78052221695021,4.808131213934173,6.070313719071857,13.812845172094304,10.741936882440257,7.057226907175042,19.87839521128624,GSM2367641,GSE89377,Liver,1
9.213920547498406,11.706396263018705,8.508907635277776,9.629476912454844,7.801964726618913,6.552866111131336,11.343596905669195,7.438600579781985,10.044159009491642,11.218690954798165,9.344726846085882,5.590141875410874,7.759596456240978,9.202506947335452,6.846617526132879,6.547120160862759,10.081233223196707,6.421962117347458,6.069980834165808,6.27986132864518,12.388385556950078,10.291258203267938,10.341705875627122,13.141447229338848,GSM2367642,GSE89377,Liver,1
9.69873305881412,13.008621673436485,8.422347809331676,8.644377524984142,7.823436903308747,6.739170847352505,9.675197441101993,6.7179870263934625,10.315952312535437,11.27087536842425,9.641073312022575,6.108224666377554,6.6731605921148045,10.57895558742356,6.846617526132879,7.581012121777982,10.152180081798303,6.480433103091123,8.077388251399373,9.244557450361562,12.52509247443693,9.799610834794104,10.976094369436161,12.153509133445075,GSM2367643,GSE89377,Liver,1
15.502817434948403,12.518932383296573,6.135016619639991,9.032909135463912,7.233225209091626,5.464961951490991,13.175211864586434,9.153978294573562,15.20348361288972,15.281068732539705,13.807893229434388,6.103216534589946,9.322757016125554,16.378298939903495,6.846617526132879,9.9926398747535,10.632039738725378,8.825070999786178,12.652830967836515,1.4009290267360308,20.320890213354808,10.915852905989151,9.306290202729762,9.82439178301357,GSM2367644,GSE89377,Liver,1
6.292274915829285,9.729485731334933,6.5440486428639835,7.297289859001754,6.178709096459913,5.090893580305253,13.704677083887796,7.864004009469007,10.462540254543171,10.86969860053621,8.93400590842393,4.375039241159623,8.149876831604193,8.413721880506209,6.846617526132879,8.469696792615347,8.600114176055284,6.448192740910593,6.193546430327283,6.889247157679488,12.644889807760512,10.09301935762809,6.615762060606391,7.295642800889502,GSM2367645,GSE89377,Liver,1
8.111605283896989,9.746047454818942,6.824322831881458,7.730442898904714,6.842114808386182,7.259729485822313,12.99227620030219,8.067557217314064,11.219977381931928,11.623588806451135,9.227155478462088,5.467921318243674,8.06218375314524,6.125433388641633,6.846617526132879,8.351201759373078,8.885940198328187,6.918988026721648,7.830423801116236,6.19448937285575,15.58412739357321,10.94372677798323,8.464040771980573,16.381706591237613,GSM2367646,GSE89377,Liver,1
5.548166786595683,8.839923025837528,6.155699015434414,7.026234025262289,5.914542153185275,6.239760068398038,12.311466500447168,8.176123039280263,10.487323620227198,10.756783118169853,7.913516513509482,4.280238842696469,7.5506287948682544,5.166371808454552,6.846617526132879,6.458780131753192,8.459060860176336,6.573458701592351,5.893439992669109,7.500775483124515,11.384379880434334,10.406924690082556,5.481849857841126,18.472724835369903,GSM2367647,GSE89377,Liver,1
4.973667090506739,7.0209279865281395,6.736078695146386,7.356763598225549,6.74041761711255,6.919715739111766,14.264210743034257,7.699346836615245,9.335164824751113,10.608855641853957,8.292112065125236,4.452381664953807,8.47398346489156,5.989849507458289,6.846617526132879,7.09039837641277,8.600036505986088,7.251535552689814,3.8440049194800974,8.478390546683636,12.557096837515118,11.363032594837764,6.619025196280922,18.43566336672909,GSM2367648,GSE89377,Liver,1
10.25816093194627,10.63966886179863,10.659308976166074,9.146451984071444,8.053721252591314,8.713031108078505,13.52158215359353,9.047781837215872,13.310027884874224,13.505967153885127,11.578344904063975,5.230970937030941,8.437298153137833,8.412854746209756,6.846617526132879,11.798567941720709,9.966797272397836,6.351942027397883,12.507215361021377,4.058792921025891,15.353572435382219,10.48339727931371,10.856666488660736,16.082719133304856,GSM2367649,GSE89377,Liver,1
7.409690271731064,9.111886369512384,6.586524177188193,7.570485205645448,7.212537118909044,6.437720283349144,9.918592984586246,7.277428836773241,11.35070401697157,11.63803192391838,9.839324893921276,6.548446738104629,7.582968845972211,7.542929331643933,6.846617526132879,12.023155018336944,9.131317101385482,6.162302553418882,10.125554352701023,7.931062301278421,13.270730141582135,10.361769237422205,7.570572343919213,17.148483227460186,GSM2367650,GSE89377,Liver,1
13.241388860609629,10.116021368482315,12.055355528384712,9.04639514603119,8.943462205023154,7.548462661145013,14.357766679891283,9.13004488524698,12.712654750194188,13.668480113178186,11.926430606253309,5.989098151825162,7.373306193342822,11.506745091401342,6.846617526132879,9.016029196677144,10.98884877250259,7.33224486256052,9.85367387761248,8.038542082215319,14.336908038053267,11.29422962815187,12.962032484067931,18.718978390535334,GSM2367651,GSE89377,Liver,1
8.321655929687353,6.358617639396465,6.984433662360309,7.694215124702488,7.773265598742735,6.017693796171904,15.177201470197762,7.897764073265763,11.594211969797097,11.769289039457746,9.855745134511976,4.46640988970064,7.439734904683493,7.606181207066776,6.846617526132879,10.817298308597259,9.331475104812345,6.18144235369261,6.822678222144918,7.277093127542873,15.99116156402628,10.158674186226214,8.233084050492423,12.893955463158257,GSM2367652,GSE89377,Liver,1
12.933039873892817,9.981118925350508,10.577126996180194,10.325984326227672,8.53644133739798,9.00114845979702,9.53410718979973,9.109007293436175,14.195807567777633,14.688280692009641,12.345238428605969,4.527490619669525,8.287656587255032,6.058412146406277,6.846617526132879,9.937636255020525,9.780628263088317,6.824224807051634,12.348165109856094,-9.250597571405093,15.85071602660624,10.308997688263037,8.409602474676053,13.336232094238419,GSM2367653,GSE89377,Liver,1
11.11571371253981,11.31978047095419,10.45349381695064,8.630476983791668,8.441541155645018,6.911036974933258,9.638029936650131,7.516367647216436,10.060616924712038,11.487411629179828,9.810458843146636,6.14690009950532,8.016845487186941,13.123677503265434,6.846617526132879,10.616142501196698,10.724975049793986,7.194357496097784,8.647882064971459,7.800880972191674,12.997959260414433,10.34000979969246,11.742398293481811,15.655679055215032,GSM2367654,GSE89377,Liver,1
6.542743543399443,2.1309753558820574,6.62684143558228,7.117547649429136,6.137048846292157,5.276674627989036,9.68553900977824,6.943099987474448,10.587712666800012,11.221894178771308,8.58464381399879,5.672277705749357,8.12480496984356,5.597510538719894,6.846617526132879,14.327424778347574,8.516733959830159,6.079232595306838,4.633225310619993,4.919280602797166,18.256599710691884,8.590990653035345,6.35357485088284,4.675964384932181,GSM2367655,GSE89377,Liver,1
5.295705843383917,2.336821771093623,6.149710496735888,6.379342309031333,6.138450952907847,3.6952672192981546,14.623569588401764,6.75855226135229,8.541215743018116,9.709881962658095,7.04952476877418,3.570637979796212,7.226765304167669,4.606614996976701,6.846617526132879,12.472747239899288,8.443564116794889,6.357788514974201,4.361771435295626,-0.286610022093595,10.541458861315391,10.35561557516493,5.139899690425134,13.815122740757651,GSM2367656,GSE89377,Liver,1
13.216837160084708,9.829564298185353,9.99498734577459,9.637951585995342,8.37954931616542,7.268860508611272,12.731861754568495,9.30567752368204,13.536574276854132,13.905875650858853,12.314757498468108,6.127677889352456,7.760231966263961,9.054317578762099,6.846617526132879,11.549140539811022,9.820042749928945,7.016460831799749,11.258276338729065,3.3413113035428346,15.953275738110426,10.533715795755366,10.217073912582993,14.390755855377583,GSM2367657,GSE89377,Liver,1
17.259104250191484,8.969161379004001,12.90094701052482,9.787866940560386,9.302984851461693,9.849026742565123,15.289713189490667,7.890482920758152,11.907201837544948,13.430706613966763,11.084970010683179,8.282560276549674,8.53028575708111,17.527940034423818,6.846617526132879,10.570286840268002,12.585422980559525,9.340174909387983,11.368490661560294,-9.164822265994209,19.42569563672236,12.255529376103766,16.605474547920036,24.288058086516163,GSM2367658,GSE89377,Liver,1
13.46840739461436,13.381926023906521,10.68989324226785,9.145032197015512,8.996383332204315,8.16345553471744,13.781986324100778,7.56882728469375,11.36692423028474,12.449349447332182,10.789713276119794,6.795481241166798,9.02874336511429,15.521759970226567,6.846617526132879,7.894878400834047,11.248084642158512,8.142302256487117,9.033718814122226,8.018734336795555,12.823887339874995,11.089976434622205,13.1174309140451,19.470009302882826,GSM2367659,GSE89377,Liver,1
5.069318433692227,6.906794254959316,6.217395783596805,6.745744670103555,6.294707855991717,4.432542741082489,9.94853298410068,6.861081647218595,9.270066274207165,9.897595402024901,6.9015793409288655,4.594884996569094,7.549258987276291,3.9108547843009456,6.846617526132879,16.14094321337735,8.488515417891955,6.666052782721845,10.982255463898824,-1.4980596270497912,14.868641938432386,8.758407807989077,4.809326755853812,9.755723145966975,GSM2367660,GSE89377,Liver,1
7.274092856604527,12.547401435239783,8.630745537285687,9.23870454870011,7.651143305665764,6.810463967689114,6.664975535960861,6.565187162038674,9.644850307939926,10.555043401754334,9.344150622619933,7.939105780281842,6.310900994005628,11.50245178395927,6.362367517336209,7.558421735372157,9.439389461597424,5.3344728301937465,6.963721016880541,11.837303994843284,11.77804642815486,10.393527430889371,9.036729537140088,14.106464239854771,GSM5018268,GSE164760,Liver,0
7.541337920318243,19.947678880460217,7.011461088455589,7.961125834401832,8.259328436804397,6.23308866950999,5.659291092356085,6.882311555226257,10.203533075560394,10.967739570731469,7.680706518517291,5.1076567905636026,6.3007921060329135,19.571204451577653,5.692256862562539,7.356628406872361,9.630287311296513,5.5550130349751035,5.153311485333968,11.926993447365145,13.836357609842356,10.680522995206765,8.826611689219291,18.443533342429614,GSM5018269,GSE164760,Liver,0
6.501937204305302,21.227358661777462,8.204674303950632,8.258919270797977,7.191237293140264,7.226948355964894,6.983262803856422,6.746254105165898,8.862501345198606,10.846402869663947,7.4750652641044635,6.375865562034818,7.249276762748444,24.173539207055917,6.07410544515768,5.832856096830167,9.961628357117911,9.265703620641249,4.749333740501317,7.7191668150922395,11.317820949347826,9.931149870757059,11.952728495504754,8.427998342300429,GSM5018270,GSE164760,Liver,0
7.785115606836516,18.260815284446938,7.759243897887778,8.512740319193334,7.1435964901729765,5.936115447059857,7.483579308874525,6.410212691422736,8.958170503229777,10.714576703311627,7.659768497557927,6.578457199575343,5.286508589498412,13.106032692238038,5.5611011711326706,5.62133693001498,9.783928285821467,6.530874797106376,4.502265079009363,9.382580060421372,13.684901650023809,9.713678969611086,9.936876267507149,16.739393799875465,GSM5018271,GSE164760,Liver,0
10.737691072831128,13.432831975794072,7.528281009007834,8.505600890193742,7.930914210175326,6.1007182922074685,7.634003770085183,7.10890484053378,10.57736422342908,10.773855307430193,9.540972865957304,7.495556637070233,5.512702665907549,13.211819964779522,5.507503711657973,7.4006976066853385,9.969110621592977,5.956698711639081,5.954228496007941,10.466279397434594,18.62167481527548,9.291352262896067,7.621687897146675,8.331548414664557,GSM5018272,GSE164760,Liver,0
6.741714197981277,11.058252179715934,9.620247128284912,8.577166362097564,6.661537483873352,4.479095620829683,5.887499837271909,6.371515714920248,8.448193087973781,10.333788215994774,8.043172611811103,4.882595143880599,4.138718899841121,8.301552313609218,5.608129489621945,7.0400914180003555,9.179545450112675,5.3627603869404705,6.813184862752712,12.371001550934729,12.772284733404732,9.283649299244285,7.551086620607318,7.77154500882444,GSM5018273,GSE164760,Liver,0
10.302377287485557,8.266542518822362,13.953504674016134,10.825297624603776,7.503290106478289,9.08325507207952,26.784565074337934,7.063752684491254,11.32216172473938,11.283260111515254,10.057185159847112,5.918330378915622,11.772757327617422,11.541798807667481,7.438174017524297,8.406270006700073,11.139570452959175,6.150605357397482,7.736852569868489,3.82280184644948,12.529011901380368,10.667001928563549,12.859035406146175,15.01283301949826,GSM5018274,GSE164760,Liver,1
10.567046330946278,11.661621301422521,7.9948398803323215,10.60692091277584,9.23510084965995,8.40127041355522,16.261426001067097,6.889887430919313,10.756147080210406,11.515427001720582,10.006665091281524,6.88264525901951,10.164286911381419,11.331372323655248,6.594583643301622,6.869576028199744,10.950123783718057,6.628472370283444,7.020913052545293,8.029357590117819,8.78756950263073,10.730393667452264,10.69879102812152,19.147490075038537,GSM5018275,GSE164760,Liver,1
10.494250510747893,14.97679103523717,10.787323964423845,9.243558662297326,8.730897084264347,7.637260537198322,10.60244744047729,6.82459885104089,10.72108023893202,11.02171805619407,9.193498895662719,7.38136452372591,7.839428683720796,10.859676427074977,6.931595898262132,8.011253475868868,10.758882962894573,8.112114452179812,5.556532466559448,8.77331231687284,12.215949365198606,10.434652396653531,11.746753584810019,21.852382966946987,GSM5018276,GSE164760,Liver,1
12.073263013779952,8.72984858151987,13.39124596828632,9.837564845006339,9.064339516910202,9.896596871498001,30.00551280319189,7.288400807314757,11.418872137883865,11.578163394808904,10.479276472781727,7.372477075430317,14.325041091242943,13.074363526184321,7.347491693036719,8.621888766422483,11.436087559910218,6.978166274746481,7.348739112923016,4.516661020629945,9.689270311066961,10.656671997472175,11.68162515952294,21.752527891531415,GSM5018277,GSE164760,Liver,1
7.916491433198733,19.456742376143012,9.334758285366583,9.167129869520133,8.116325580971376,7.727158777441526,8.067570609751206,6.852095103962339,10.378240548941454,11.093149921465598,8.108779220622102,6.282670438057282,13.883478857996323,16.088877393686943,6.849844758483533,8.371900466064854,11.121691893090489,6.343868955813444,4.1270520081990725,7.41463769047555,14.39142235635328,10.706822732563136,10.522739805343067,18.204780869364683,GSM5018278,GSE164760,Liver,1
12.326005177395668,10.170666102273382,9.816751404561831,10.88530759532692,9.824660779767674,8.413098565827639,20.993892172447836,7.528543788196035,12.05186098154356,12.113439827614911,10.734100452807079,7.305322196742993,11.623388220219464,9.546641272649635,7.714307808512657,8.484957871992757,11.328345810670822,7.6192741347568775,7.411326853597898,5.073325554422418,11.01413100949259,11.376830215988702,17.37337055289718,15.976340462118461,GSM5018279,GSE164760,Liver,1
9.757952987216864,18.00246926824005,13.09896364612993,9.99204118971477,9.079326522085058,9.062514591406778,10.742744169285467,7.295740730744137,11.921515388335429,11.408766870195059,9.17478040987289,6.3014986787202885,22.421524554100028,20.533611603954114,6.705197297906852,7.626784904055579,10.905931452962763,8.885268922067526,5.368833173994609,5.425563376477783,11.963887569331513,10.138291668634071,12.15480613630636,19.884329410887652,GSM5018280,GSE164760,Liver,1
7.3008579735418175,12.873100094921767,11.817210952509305,8.793718288831112,8.191141007498867,7.529735729448149,8.873286991294188,7.157212397529793,10.909248585184413,11.636558688255585,7.643257569552219,6.5866707801619535,9.777448985422168,17.76016248956283,6.1757736130170855,8.678551837912643,10.18660265025459,7.756178274492168,4.390510935497067,7.276759376513521,16.49732511529273,10.401337773367716,10.442673893035613,25.092724329384374,GSM5018281,GSE164760,Liver,1
9.309213522299249,13.009554896166387,8.615333225246092,8.066663848075672,7.498619045648893,7.582010204515712,15.500890910847469,6.899146019874407,9.93746129448766,11.282789205404011,10.479660702986754,6.114407382424666,6.107199718524403,9.34408832552569,7.277499148633796,7.507115727637633,10.229173498853351,7.066338480767518,8.393795765348628,7.221554634483495,15.415942313778094,9.240499495416353,9.254806022490152,8.17895046159257,GSM5018282,GSE164760,Liver,1
8.243591350208922,14.230419803791994,7.88055335828461,7.897586437871225,7.304821686854818,6.506406209635371,6.105903637818574,6.859414618609139,8.79490805770173,10.092834234428217,9.274979050896146,6.5109764213503185,5.517935667850887,9.761295029308837,6.058246031835742,7.079878307826729,9.21951508237926,6.337623852307817,7.459676069982435,8.484022496257886,13.021399721791001,9.641331045970283,8.203714272952814,9.152487314098313,GSM5018283,GSE164760,Liver,1
9.269232687033025,12.271078388539488,6.983648815287266,7.826386484790063,7.691904937642928,6.846245826521893,9.553083479472132,7.146172634638604,9.265045256786186,10.831045752893747,9.821387808736729,6.187907450615324,7.0682185354291995,7.422907126249404,6.713208244019301,6.707248688185724,10.522136608701432,5.923445488312118,7.420487439465396,8.454832503645855,11.600410523669535,9.976329035936256,9.673668047671555,9.011904400717551,GSM5018284,GSE164760,Liver,1
12.63972354209063,14.12945929427314,7.545177375679467,10.440427705312892,6.515135860092001,8.622531075551114,12.286611974854624,6.648993917785538,9.146522923448128,11.746746486023168,8.841995331970736,7.88061979860763,9.037201271546081,10.43617766374473,7.383991580547418,8.164042222390554,11.676594812547723,6.251259256412921,9.65686279454096,8.812240035738656,17.835664635902113,9.073255748224376,10.202323588215508,16.25229162617576,GSM5018285,GSE164760,Liver,1
6.75658290919028,9.174843864171647,9.459274086459015,8.232381270013814,7.572647213368305,6.52962292748665,7.148881592840674,6.688697558017737,9.709942694222178,10.850399119407074,8.581345920561725,5.751396806385764,4.794049281270212,15.917900630654394,5.86304859329058,8.851969753906966,9.713270124587147,7.5907608568982115,4.417255357925076,8.138624193696355,10.66080541615491,10.280521046294414,8.742556802239818,14.120870827015073,GSM5018286,GSE164760,Liver,1
9.192658175981377,13.086101781590358,7.95589203049566,7.854234446702557,7.211019141699962,6.572552093206106,9.61215849809177,6.329272184874075,8.823651097532046,10.561841020096033,9.78684428060978,6.425604142852813,4.523712769046534,8.921896368732199,6.313706715062867,8.43007252184831,9.372435623424963,5.903801298575829,6.940115979875706,9.965645947629804,9.878786912144287,9.358778325282035,9.419798167703878,9.812765969863598,GSM5018287,GSE164760,Liver,1
7.604188158238099,11.018118022060603,7.4350774698415645,8.588541090343352,6.510585013401222,6.348904457837531,7.231407805488135,6.4264345147469575,8.735446373383361,10.343134404349138,8.370833252544942,5.690498932610958,4.181330183278697,12.234985275120259,6.040248883050777,8.525069778437338,10.715381446229213,6.72988946173558,5.75137784541294,8.210635140819988,6.501377138827317,9.941644927393416,9.721852423313209,13.411826211056438,GSM5018288,GSE164760,Liver,1
6.382057220974977,20.222960575956044,7.729882201880617,7.812669364452695,6.482696933465891,5.291391503337778,7.693974111496951,6.648732703849231,8.166708554039216,9.85202377686642,8.232167873456724,5.100568850299964,2.899941248271727,9.281821414863455,5.551659029089249,7.4532636310990465,9.322944300823988,6.014017430822444,4.994132665983936,9.419590551532938,12.638763475036093,9.812060334837145,7.499653044844828,9.449916638468585,GSM5018289,GSE164760,Liver,1
8.998928853803644,7.600295389388217,7.964319000084796,8.10634591860053,7.326272085809993,7.794374427380815,10.544983224463998,6.828026839618994,10.323263278265346,10.734628704669573,10.44805675485477,5.496604450252824,6.497194451679618,13.01820693425039,6.926320159996774,7.567353314861117,10.028537574004131,6.073166555906495,8.774445419371034,6.587655953969442,9.93079709667794,9.662980963717095,8.035811552134353,10.708560231756408,GSM5018290,GSE164760,Liver,1
8.092397558311605,14.56778307366349,6.833764301183881,7.746732630024063,7.123959080060727,6.281735887943023,8.609019610162383,5.91657177810762,9.989966236821616,10.37330819272873,9.860970607036663,6.368458139454029,4.646235561267593,11.78185580644427,6.223887403086148,7.758617372631389,9.629148540279092,6.200508167306786,5.551604624273564,10.648728018541853,12.956042083942489,9.575781450189586,10.002380846281264,11.840261379878662,GSM5018291,GSE164760,Liver,1
12.402269828437522,12.243130296569907,7.65295088180288,9.098069558481725,8.623899286559784,6.560944078888662,13.53959887042161,6.799181424688032,10.674879860747174,11.902882819251616,11.204947020843878,5.981758296338916,14.696167148879812,14.51394740853995,7.825602041217374,8.602601477465077,11.297714069481923,9.33835584736325,9.94719022109915,7.094842609873227,12.618044905264723,9.57854378939195,12.39937329974485,8.944487041617464,GSM5018292,GSE164760,Liver,1
7.737177905594752,11.605975615362206,9.900040026845607,8.433017572727417,7.270942127803475,6.736223145495435,7.875883687760826,6.678403067089619,10.463262172900803,11.13411935626719,9.693404069734084,7.139711176094011,6.127255813505622,13.849049001970215,6.3401483199167945,7.906049299109918,9.897959394517695,6.410507914584336,5.046079313450392,9.560015465649045,14.329506770040933,10.688393564135875,9.185151989294873,11.805733649625257,GSM5018293,GSE164760,Liver,1
6.5060072526811705,14.599875803692823,7.7460685873679305,7.56352044556113,7.076514410613235,5.317480356718517,6.598186998921781,6.5632574574568014,8.61881168006594,10.306154351134651,8.386424536381746,5.3594999508670105,7.415336649816571,9.16099423736547,5.778937428309449,6.7112157802662,9.258822626271964,5.998995710067769,5.308682413476069,8.111868547567827,12.40734499225971,9.648864134789612,7.911414739315001,12.245324737034045,GSM5018294,GSE164760,Liver,1
7.432003934593651,12.05478429313194,8.455924813067618,7.702867516768592,7.466939001383344,6.0013015552486175,6.815444430314334,6.012324598716548,8.391728471521667,10.32192876744366,8.770044474832481,5.727228536142954,5.765218513783934,10.580692722735213,5.749288825678484,7.191995680575463,9.486840869560025,6.80914829414587,5.084849237492951,9.626160657393308,9.777650147766742,9.900656465953979,9.04564915916414,15.616273248566007,GSM5018295,GSE164760,Liver,1
10.321101702463743,10.353214958646797,7.522876602906773,8.715985373410339,8.00327958309516,6.681667608878248,12.31099100115337,7.397754612777025,11.32446036252322,11.820419835499665,10.395142982798529,6.417799149886943,10.944319028069653,12.40251221980142,7.256697436425094,6.6661600379141825,10.622515908607491,9.395979263778063,7.966997702596751,7.6237543459646915,12.13470356754532,10.35863378567995,10.355352837093378,13.15818113960882,GSM5018296,GSE164760,Liver,1
6.948595602753984,13.841917683086086,7.709989106361166,7.489884342961028,7.239206735299869,6.483695362461369,9.871095850872697,6.221861014235923,8.63502512190197,10.189108982572929,8.445135407337775,6.604590778073437,6.804030377553893,9.38167756263775,6.263878394428567,6.643416936581931,9.18536240720897,8.911910943147335,4.5825828628813845,8.550895915179076,9.41272838129318,10.294212847933862,9.31313121153774,10.686629090794437,GSM5018297,GSE164760,Liver,1
7.699968396081747,11.818904650045592,7.674652477590465,8.731849355333724,6.447540589750792,6.488560556237324,8.85713703492336,7.222127006794152,9.377671564640842,10.014100215350513,9.384374337198466,6.432868644486979,5.473655631173236,13.520929014941817,6.452564363089807,7.719686446065337,9.4413387223688,6.875082331173946,5.285761721618095,9.410444319856909,10.55997851504382,9.2438756908087,8.40852381538959,10.242717506856843,GSM5018298,GSE164760,Liver,1
6.577283987497395,12.62533659964344,8.06479390875447,8.382170662981704,6.432738410001267,5.976867319014035,7.775178207804135,6.420176402556429,8.480594939426036,10.21437765167821,8.67107777408471,4.507237339851569,6.645557090798363,7.934333071409933,5.927592032242427,5.392382246347904,8.929327986999624,5.206008126968046,6.083301834429957,11.411927896917827,25.51418108505891,9.736344195929721,7.390389519193512,11.036659087448564,GSM5018299,GSE164760,Liver,1
10.823954362623546,12.382374681560552,9.946946679555467,8.032385021143693,7.249598557737734,6.886300789175511,12.710704169095376,6.787012710034356,11.993293733758364,11.838424176648143,11.260506187732048,6.5485787356402945,7.881588696594378,11.331359264512544,7.543114385158634,7.9291009174986,10.65443036020891,6.3277033442073165,8.00224070360951,9.459974800938275,16.402188606217557,9.437425371105773,11.252997473002026,12.18752215483192,GSM5018300,GSE164760,Liver,1
8.011756085058671,14.000461098903607,7.849332378008843,7.952322447055242,7.304683208912074,7.048093567475595,12.92058264283169,6.312035693770154,10.053106735676575,10.271126770504903,9.55749423334984,5.517170763972952,6.567978283805752,7.138500360598759,6.616123962980049,6.542905118133094,9.461054291422483,6.68856327268863,5.898549216544909,8.478446448081824,10.200329904001325,9.533016575778742,9.849780634907685,10.527719131452368,GSM5018301,GSE164760,Liver,1
8.34058670108668,15.58106841947582,8.847731907582181,7.997694086361792,7.601211940049571,5.609794714669315,6.815683803990406,6.669416633173516,9.881413123137545,10.209978950153813,9.494099792653747,6.350471435787674,5.8977574486571385,8.269935977526826,6.180988519513435,7.83237723148993,9.381646763938711,6.60558228037525,5.586352000578815,8.762040754071155,14.926002659578673,9.558225006655642,7.903681375434417,7.460325250855502,GSM5018302,GSE164760,Liver,1
6.959823693230609,18.82334339721895,7.971923428261421,7.598098658274278,7.120014471244722,6.261872889841646,8.936174301920373,6.595931114751205,8.739418608706229,10.31195913862106,9.125422798579653,5.772561661301494,4.897827402983827,5.40170439804238,6.165606529587315,7.155624056416065,9.167954279752431,7.500453712677295,6.550702081582431,9.26859331704367,10.451719403067727,9.723830349949107,8.18791946366534,10.746323323711906,GSM5018303,GSE164760,Liver,1
7.368144371611521,13.051153860103065,7.5613354920063935,7.8614904117103785,6.5354505138596535,7.001136452847093,8.578269560164976,6.208864007475573,9.436224050769454,10.476684330926517,9.579369088997607,6.154045242967208,6.4648219540752905,8.423359949018103,6.107094091804422,6.061518501178002,9.384815912137519,6.613141525921025,6.678829401616226,8.894189036306074,8.223407777733513,9.897705343842459,9.481170444003698,10.894462693422536,GSM5018304,GSE164760,Liver,1
8.225532047144336,18.797167039813917,9.401452987070321,7.778187837191645,7.662593993401685,6.337573722061298,6.5145372479802335,6.720315898400977,9.608605000039367,10.67940517241508,8.911670212471867,5.945230679396927,6.969331217206772,6.224495753340828,6.064496821997701,6.901926341123183,10.056962098552637,6.788290155910649,5.04956200805416,7.92293205662528,10.408194776792705,9.7350527785696,9.078918781290476,13.41658729278011,GSM5018305,GSE164760,Liver,1
8.011543182242855,13.012929676313023,8.003995366097872,7.868134290219907,7.238080195090139,6.2360832715725225,8.403729260667886,6.67950079794464,9.557107758385033,10.662437148477528,9.52044182110024,6.025706318858578,5.98726361795905,14.984763963523214,6.217736674462178,7.710118580781854,9.76409525727075,6.115913890915483,5.064262603278446,10.277882762147643,11.535950538831088,10.183967748454954,8.900498274844365,11.17383145018315,GSM5018306,GSE164760,Liver,1
8.731717213348205,13.180901962483729,9.5412936340866,7.95266295325811,7.888008078944048,6.1160087887315955,8.313223835547555,6.513995825552541,10.498656331291997,11.223742233954045,9.615541750643148,6.827323790996932,7.6812017281415,8.966465780424121,6.1979865022150475,6.741229435599678,9.341667195171995,6.7562571588280464,6.14449936243493,9.3838115923379,8.79020130909949,9.607803965245068,8.557042536957665,12.550346784387237,GSM5018307,GSE164760,Liver,1
10.40186296576802,11.852062387885647,9.763679212258324,7.913210535679286,7.369149630577715,5.9168665799683335,10.67791006729243,6.750543615745805,11.419355034182749,11.741118779324559,11.147782955786274,5.800425864609263,11.044438919327089,8.06282617791266,7.189475249347119,7.190457590575605,10.147392697002948,6.5791773661646245,6.7250644386300085,8.400846344058298,12.632710284319506,10.020477940618205,9.725702298985297,14.853170061786766,GSM5018308,GSE164760,Liver,1
7.360573297715288,14.454709454243135,8.016962399955561,7.264587545531084,7.0550382076854525,6.113902621682333,6.263963094426336,6.623592165555141,9.485115742856308,10.07710807168523,8.892082750658135,6.1557608995120185,6.409895802658158,8.853613264791104,5.577159251850274,6.1899221483340146,8.979993084406368,7.537020062818447,5.3873101996273505,10.814594843388656,13.84287764027867,9.664321179032463,8.470197245895195,12.514510204091316,GSM5018309,GSE164760,Liver,1
6.493783801339669,12.787015925825093,7.569331381071557,7.863941160856405,7.335124821982918,6.25947096550248,8.42247885736097,6.492976491452962,8.460894691672852,9.920604709690302,8.468356061878454,6.570450792169937,8.329609655587111,6.718641996806941,5.8408229673257885,6.765777032203831,8.745592432929698,6.519566101433642,6.329770279739508,8.07278225449757,7.894964153842099,10.025644071274847,7.934130692273197,7.68207183039205,GSM5018310,GSE164760,Liver,1
6.885000668237451,14.435060048649031,7.302566667199573,7.870380487693837,7.326752786900564,5.835869263603824,6.94602235834726,6.853023280694743,8.566509494508214,10.33492209747461,9.030382644863531,6.181343228713173,3.5839496454807565,6.970776177383182,5.910554909178738,6.149134216630649,8.829894809708671,5.992129029923771,5.629999907716435,8.39067222364412,11.43147517160777,9.820114230636712,8.006457488816576,6.705019101895205,GSM5018311,GSE164760,Liver,1
6.900691381384213,12.0529607495584,8.63754409123513,7.989105786908889,6.962859884111359,5.352623135018712,6.767624705788046,6.3459313723115915,8.415112779569501,10.195278695405241,8.791086159069772,5.609585969321774,4.669768721579305,8.296021262067532,5.8491874112148485,7.839257526358533,9.14000987910324,5.488740224371106,6.074032529333046,9.43360924359283,7.594506587619739,9.225953047156693,8.93042039924557,10.094991563360434,GSM5018312,GSE164760,Liver,1
10.277692109408282,15.224186833835187,8.152014491188996,8.228038427421135,6.86554995473576,6.020801093522861,8.717632719735384,6.731693484951203,11.26065038597998,11.553739815080311,11.12671701299883,5.287168919223185,6.225807128695493,11.552764030536977,7.131503553951601,6.681534787038471,10.45025013546091,5.8724562976739785,8.223994040475105,8.448508542677017,17.122960169252146,9.371386835221772,9.635590480711262,7.193082085740458,GSM5018313,GSE164760,Liver,1
11.934232427313333,15.776391893680536,9.95806424882285,9.712862299163826,7.202539216132567,6.185329275652676,12.801782544644482,6.8115746203924665,9.95493904859551,10.57761790674063,7.960370193060382,6.542527608727477,7.850722463444075,14.014507083912676,6.689723367717638,8.367073859698262,10.636399900611481,6.719049739264247,5.517501826473345,4.0980640332238725,12.789385059017318,10.72229237642195,12.235009951356062,14.099241114887567,GSM5018314,GSE164760,Liver,1
7.723577085460393,8.368496324548223,10.022507617418304,7.491069920702135,7.131171433682266,6.8915033992997445,5.789094336188246,6.467861067985048,9.526186720613214,10.593775945152629,9.681567475318904,5.9932768892562756,4.539865051374042,11.84995908837261,5.795173221057021,6.611606594790188,9.381467884508874,5.742167485302775,6.542014683515095,7.329361541853602,13.916059278947559,9.405198453711133,8.116785292037939,8.789119983174277,GSM5018315,GSE164760,Liver,1
7.651086785071907,16.17778718899021,7.690577585302811,7.987590200761636,6.805216756000155,6.564556368944375,8.644374909550175,6.611133327477375,8.89169078354821,10.321947632802644,8.954053742889487,6.1482222609873585,7.025952234414312,7.976388621954197,5.8357305335665375,7.1486716315535315,9.59018794785815,6.447272058153097,7.227887308980669,10.171975539936213,10.556135182449706,9.667760894505728,8.547858676066763,13.142755693802211,GSM5018316,GSE164760,Liver,1
8.219471659946123,12.569781042064678,8.980967152659261,7.725247191883372,6.990417679254217,6.185567835072906,8.882686186876633,6.602914957743069,8.616476279732368,10.649432369513391,9.25301004873511,5.575022340472673,4.587217021649646,12.44730608848638,6.0615423060073415,5.682842041361117,8.946856053924789,6.561661328869701,5.317425704385275,9.36202192984691,11.73393632743512,9.649756074440603,7.68464917447044,9.812364364622994,GSM5018317,GSE164760,Liver,1
10.077725501498618,11.256792835360233,12.750545816796464,8.210979764656107,7.594707798111776,7.141718258596816,10.292777669532688,6.522762598943715,11.273458190991276,11.030833068111026,10.414892392643326,6.623496359297813,6.868248091030861,8.059388223240164,7.337167710583919,8.26451796397036,10.138616541684584,6.180478948914498,6.7999341644573805,9.501522267441938,9.844055256856038,9.947689235442306,10.305007790878092,10.78939247235839,GSM5018318,GSE164760,Liver,1
8.162411146082237,13.37864217956679,8.86873253315148,7.70297416431646,6.027096261454538,6.177370322340127,7.601531552123755,6.831500384944718,10.309734675755516,10.984911396804232,9.96434413345951,5.51704660448744,7.798370377834139,13.995646974730553,6.259257574817386,8.065979653533795,9.67897199096251,9.430187595333996,5.972781984553485,8.835544652949741,8.396230415201254,9.67903040197629,10.355705301535728,9.088645612919535,GSM5018319,GSE164760,Liver,1
9.830026604945244,12.689763322304675,8.745983927641658,8.816314954517408,7.696160892179535,8.370606065926175,11.530916198025167,6.659467290807493,10.860150204022458,10.7735895929222,9.953011401869466,6.239302291699873,8.366580882049966,8.079376391131161,7.600748398014877,7.820419111833034,10.167956409384422,7.849841016941838,7.214371130026049,8.750154463056546,12.152686096416502,9.96145311317997,9.90363243300925,12.40279534008226,GSM5018320,GSE164760,Liver,1
9.919513792493303,16.61625914287623,7.059959067259843,7.49324495874404,7.137964820032609,6.802988910539313,9.139954762310465,6.8862796698778865,8.887058672644264,10.433960063303166,8.897690519348092,6.135726505425897,5.311172687670441,10.665627598010548,6.580702657627049,6.491455760085387,9.505616056638793,5.831346142005506,6.204178962978468,11.282907041246364,16.832883670252833,9.640051187841692,9.013531152941441,12.085431520622073,GSM5018321,GSE164760,Liver,1
6.825301951081675,11.473055323858583,6.607374957930933,7.484672451883424,7.52612910130601,6.437648151284283,8.599243199426168,6.925166905846719,8.866902125851837,10.5509109214392,9.037261308014461,5.664020777267517,7.597288101433707,6.495540490805678,5.992851866512158,6.728878196085108,9.362137027127694,5.797877982977657,6.215846930424028,7.02740294817932,9.072769226180299,9.842013469465574,8.56532145090798,5.596303149801399,GSM5018322,GSE164760,Liver,1
8.236471039966576,12.409124227252676,7.194414002450495,7.133671323756268,6.686371572097247,6.298625343034769,7.090035468926651,6.9260251122618754,9.314844332091269,10.500464194394132,9.989302366124118,5.621985930383535,7.466291842930068,4.1152049624619265,6.279412901733683,6.220569534039368,9.322141458101427,5.529943298818953,7.664533495681855,9.023631685732527,14.532394924097972,9.36227496314641,9.956267764842039,8.63404706557105,GSM5018323,GSE164760,Liver,1
9.32178614134131,9.644779866556556,6.893438818184201,7.490552053271223,6.607903035109303,6.67959947085525,11.816754857666242,6.676030026065983,9.744646763237371,11.490325430094277,10.757704871403606,5.202439027915816,6.21655598279038,9.905339162186145,6.958909912075182,6.72621254587095,10.366131495577537,5.256273233305701,7.907550336706868,10.378796267601087,13.753356722315594,9.72679021235038,8.661785186936958,7.759909165050969,GSM5018324,GSE164760,Liver,1
10.191894151222874,11.700973657460905,8.301750262595604,8.212108230945416,7.361873762101836,5.709110728909118,10.299882338838328,6.752389856037315,10.424996342438202,11.62457349966244,11.091768269964795,6.316221485659827,8.517272852555427,7.4492086294782,7.337943405874994,6.9691229642598636,10.037515349059085,6.362071014809184,8.145994234862435,8.144614051875047,16.28884433648208,9.464025949228521,7.508307697886784,7.879314102695868,GSM5018325,GSE164760,Liver,1
12.306933696742718,5.835306396020438,9.71866422528212,8.343928346292651,7.128618393447913,6.554338337232435,12.395172294875882,7.427511863828532,10.034628951737782,11.941007513377095,10.603135383308503,6.007259580826052,11.620305295667821,7.7628602645300315,7.728601111532327,7.069133710923784,11.089122764026847,9.925141684046736,9.060160585601636,6.2184918150083055,20.504562979963147,11.229329008205582,14.53880226087611,17.15828668797097,GSM5018326,GSE164760,Liver,1
9.000843911780875,11.059802085155404,9.743840315550637,7.889309243835903,6.9108886000089385,5.770137552192632,5.695157263225243,6.231376979941453,8.61216754696751,10.675741170882398,9.928448560542332,6.022997466791623,5.7531531824786875,8.043687313424757,6.148694571194145,7.6218709322057165,9.334069756027295,6.205940681797766,7.746599666932103,9.370754717206585,10.935305950143528,8.917224551080013,8.955259756731746,8.334295762864041,GSM5018327,GSE164760,Liver,1
11.689117201426608,9.77655362368224,8.802040234670091,10.468636041796502,8.647432019894673,8.194383637754584,14.880120841829621,7.096205461675272,11.556929274506604,11.956399597903326,10.848659101097375,6.465820563630395,12.027353503789971,9.032778604076901,7.172541704280222,7.945108452416946,10.369573906283694,7.98127838552057,7.8061161271948745,7.514725181335286,11.98234462357873,10.810686514627411,9.165629074673252,11.384499906766717,GSM5018328,GSE164760,Liver,1
7.4308700553345215,21.76731515062528,9.154046253816077,8.173700159416802,8.108276281286159,6.0462804404820565,8.047658540966964,6.502723154790209,9.64505834799909,10.60361581065137,9.813442991780736,5.671694000119794,6.852504705851846,8.80641382838663,5.996322207274128,7.177393409088929,10.435390148051221,5.989472691065346,5.511736424910679,7.734714713481161,9.072374535339343,9.66438745110542,10.151973520231975,10.61802620202025,GSM5018329,GSE164760,Liver,1
10.374686085363587,17.05708252928674,7.8783646850074245,8.344112806327693,7.265030467817502,7.215068877483158,15.363728225411375,6.92794863646733,10.979125688311752,11.065541862162734,10.280250861436608,6.122855754976897,8.591877681975772,8.114957340002261,7.348539486318641,7.241836243705806,10.644951794656743,9.433355768417849,7.241781259157567,7.882121570948162,9.504425923643382,10.545866391921825,8.822410790480138,9.424333544013468,GSM5018330,GSE164760,Liver,1
10.502673607473959,10.088565186313033,7.717106505320851,7.989270359671741,6.5125341270291255,6.64719688520722,11.70378914924104,6.946970038195205,10.766965571374433,11.423934316144754,10.314047590044279,5.0918469688115415,6.975029003658122,8.209997865016852,6.94039094792285,6.935081867707229,9.999906548693666,7.715783944562234,8.585220546579698,7.874865965560961,14.5809529073769,10.174351539167542,10.728238413156333,11.05996618033904,GSM5018331,GSE164760,Liver,1
7.601170745049968,12.463980378239063,8.749851232168979,7.541785811531335,7.264869195505057,6.777345160062189,9.380945966239626,6.509771819923289,8.805880115699797,9.89692754257426,8.329809034440489,5.706108973788169,4.485970079629648,11.008018724469443,5.961929667260519,7.422683412711447,9.462827598638174,6.656659665778015,4.406739416164549,9.378819769744759,10.52854826499856,9.675032961457084,10.819366435573171,12.576915838520542,GSM5018332,GSE164760,Liver,1
10.22425362853867,9.890052855904148,7.665060629241772,8.070138902479167,7.276124316076975,7.332528615253211,12.974997815440114,7.010638229507473,9.734269831076125,10.619047905627061,10.422515975426574,6.338270242905331,11.213454279253668,10.647097640415245,7.108701033587719,7.433859143211668,10.281994567540407,6.776073470856105,7.362286890918243,8.833959424163186,12.733200762494231,10.070865141277675,10.950546678920507,13.880364052137772,GSM5018333,GSE164760,Liver,1
8.044707967237425,15.736871447669818,7.799345789068976,7.899100512950711,7.43949424276521,6.437293182931118,8.693848232390486,6.868092401157026,9.28367594453223,10.301849958623619,8.451408768827662,6.22317182158795,8.472076802577133,12.8095697606952,5.640791572585854,7.5286003499422645,9.237656382100088,5.389891896730797,4.987163602889586,9.793100794215391,12.57946396143825,9.879465041868944,8.286610323534587,12.182440742466474,GSM5018334,GSE164760,Liver,1
7.965603708443492,11.6112013013929,8.274873048592426,8.415254161534369,6.377601535366999,7.021037965031635,7.535061245441046,6.400263025502693,10.699987543559388,11.186056760790876,8.939723354258161,5.583314813277519,7.062227817305793,18.639694264936146,6.55474281607975,7.258819174188993,9.789117185029296,6.932843681469025,4.699952718212698,8.911159660304135,15.323484521669684,9.80748252394153,9.966863011821049,22.08207322900291,GSM5018335,GSE164760,Liver,1
11.831306082521719,7.550728210175069,8.114170014945294,10.152889831169036,7.251580844790327,8.163900876352912,14.766866568687085,7.468283145270241,9.83480884534224,10.792197192962734,8.800361740199474,7.37712292539183,17.462491562349435,17.93121008815749,7.970483145125179,8.280045713843394,10.927099392443886,8.587816408895646,8.146964625578422,6.160884213148993,10.967553715727476,10.879370307192728,12.054792418655216,14.024341110157383,GSM5018336,GSE164760,Liver,1
9.996801807090975,15.569187146891995,9.832759782810815,7.920629652243427,8.159259693429929,6.347464806293365,9.909667531548862,6.852366977092462,9.988181585297617,10.821854181246351,9.92214342614077,6.385787663411658,8.426045536011179,11.288854379837318,7.101811121525634,7.342344861933705,10.398007926381736,7.294067829079667,7.62238170955268,4.799034150276713,13.614482217025913,9.79568098664657,8.845892769455878,7.978371148412806,GSM5018337,GSE164760,Liver,1
8.300321059209171,15.957857193325534,6.811109756755758,7.781007091442213,6.642544693320404,6.202706454557829,8.57678128255969,6.856362056904283,8.30914560070579,10.061196198653995,8.608372529503503,5.533687886100937,9.709523235313503,6.493338710683188,5.988801760053586,6.4880521644647,9.56963548948034,6.87449530467557,5.361615455644163,8.56888517882544,9.41653518301486,9.556490945619206,8.562650987894274,7.18138113965862,GSM5018338,GSE164760,Liver,1
8.5767063275411,11.259749702883951,8.363442159567358,8.445493059975306,7.790995769434715,7.323639842316115,10.319509182156272,6.888869502085358,9.860283824715273,10.724253351352814,9.734174569071397,6.221558013123057,10.473434934504478,9.911467053366174,6.635015357057916,6.928126443669632,9.440188941703108,5.044047851922967,9.033057530282548,8.112580475917103,11.538394296237172,9.50702988119275,9.531464773921215,11.297786039688129,GSM5018339,GSE164760,Liver,1
8.237541918010708,13.448732046002569,7.542652424528892,8.454767282525758,8.296072927913801,7.358324182416183,8.644526630424442,6.7670028959366935,8.210319435550923,10.346584068807255,9.219231504317523,5.68933336381256,7.427667780477443,5.663156478346804,6.4206036805311015,6.7676384150125495,9.851545997091725,6.049380863373134,8.439876816302323,8.098558727197808,10.199525701431252,10.014923427494596,9.062491483748921,8.271061442110401,GSM5018340,GSE164760,Liver,1
9.443200067255905,12.366071822124745,7.157070602537812,7.607942295736944,7.859045852800002,7.054599827237899,12.241383127253746,7.067403525752328,9.938681243031965,11.120305169413282,10.20098776204092,5.650135461306327,7.174885463087479,10.393706771823044,7.154347023519074,6.876688845093471,10.099499657361731,6.649857074942472,8.628378275746464,6.763269880488515,8.290438508442083,9.56778123229335,9.313577413559033,9.223438424005675,GSM5018341,GSE164760,Liver,1
9.02081140001732,16.6043197362517,8.063038762258055,8.118191507876029,7.155242092854341,6.320637673348578,10.116016419613944,7.415942950005706,9.920785242721301,10.742499225596054,9.71060590025656,5.595356798012999,7.443018372276487,7.088343805856693,6.612320695566134,6.8832458825067695,10.615399911012215,6.0347556175008235,9.130348355626747,6.590286284922016,10.97320456646145,9.83877012084415,8.656957765519484,8.409289395462988,GSM5018342,GSE164760,Liver,1
7.893014162514731,10.728001135347611,7.9982316111888645,8.38325652739247,7.999527618965211,7.279747842220087,9.82677677286605,6.838378750539207,8.778552357554272,10.325006556854762,9.675649334364703,6.7802916019787,5.165690812419287,7.8224544689566,6.673713740549551,8.37446248450161,9.66889840599816,6.849367391425954,7.612408359002589,7.08791378772663,11.369766125644142,9.432177412815516,9.661866762606342,10.572888267836376,GSM5018343,GSE164760,Liver,1
10.704569675156957,14.732903158059429,7.941771543244574,7.9439365215039315,9.279958799037201,7.961168845285766,12.220047105658303,6.988183131150665,10.963025694081217,11.16523249597616,10.024575966291984,6.1598794757961155,10.675855667443852,8.465411272125126,7.748421080739305,7.438496521926804,10.807514286588189,7.142090928482612,7.41943738103169,5.105608294460435,15.008360486362804,10.529985784638297,12.743855690697648,15.21142591911593,GSM5018344,GSE164760,Liver,1
7.831423780495813,11.030790391653381,8.943032243158541,8.17485940341134,7.196491268309915,6.932102087962725,10.530552257090202,6.884608375510071,9.717557550396972,11.127886201925724,10.366041803335271,4.9749693309333844,8.466667975886068,11.183868397233967,6.649617091695338,8.471456201235394,9.672896235660978,6.523279953349423,7.257482843983935,6.308670840298939,11.212841543449608,9.700277571498399,10.025681253871715,15.275877645045789,GSM5018345,GSE164760,Liver,1
11.538546039718913,13.380955963553008,7.749520341217656,8.297189949302874,7.7383225234534265,7.345062322936535,12.690626566958894,7.163108549931969,10.157092351525414,12.079670877185835,11.479878223958016,7.0019875382383265,6.968847844442217,10.698220991862211,7.319999921512291,8.010217357816769,10.986251769396324,8.762975326421781,9.133608594742087,8.82076133562813,15.955269086566195,9.724905534254528,12.228785339721005,10.420148151693528,GSM5018346,GSE164760,Liver,1
8.50698698448467,15.194163110567334,8.367855684119203,7.878817334232055,6.958141985261294,7.2830568654632515,9.152724385509968,6.7625370068707396,10.367487644431229,10.877757444823395,9.14053172932829,6.301820709494152,7.538886040481534,14.887782382112787,6.4697497927296705,7.395577755152029,10.588491064798022,6.134874360036585,5.677912239672664,6.169771231675265,11.727705041277256,10.128625420733911,10.773478063074142,14.318895926258413,GSM5018347,GSE164760,Liver,1
9.760952234251912,12.106658229233945,9.114499067152073,8.560691754377233,8.458524889170528,7.872233874803737,9.26946689771743,7.02034511876029,11.053535892846838,11.100054674193379,9.534148394563168,5.773092880692388,7.822781963757892,11.8808507308285,6.689675704907627,7.3927019851817075,10.087502471420235,7.504707302242769,7.139812341427452,6.747723414335734,11.769009793598276,9.574358312707682,10.116846006218015,17.774139752467924,GSM5018348,GSE164760,Liver,1
13.168256542355445,11.684992830380999,7.27336149585849,11.573246738680947,8.169339938980245,8.796374478887923,16.81619137093513,7.033905232915254,10.965334029547183,11.652259278696365,10.602777600742035,7.192628231427776,10.981074436792124,13.277828872078445,7.885173809073869,8.261516091657379,12.0274885350235,8.016923690741963,10.94694078858299,6.001575260594481,18.83155734527643,11.338495791907402,13.89782411258842,23.523821750671665,GSM5018349,GSE164760,Liver,1
13.583865628936225,5.101074324976557,7.2413690409684754,10.948704317730307,8.03799681607344,8.542209060108936,10.202786296730688,8.643591662519128,11.423315321929545,11.984579878651688,10.937325515558241,7.82387300015711,7.979575800716963,16.947578550026122,8.076995761914588,8.160392022006002,12.008882877801295,5.9096322159004675,9.66256110673667,6.701770371597002,15.397997317903453,11.103030859768557,11.803984030055508,16.46363220616344,GSM5018350,GSE164760,Liver,1
11.496941607381048,5.063145727137719,6.879468892813323,10.001159339252052,6.975133943673276,7.823791057175562,12.908017881347401,7.210749503735859,10.242220192346254,11.406991067364707,10.239255194481693,6.184437308217533,9.452379747346935,7.244085881296808,7.236167092053125,7.080325644550591,9.994128094253313,8.594432899837813,8.41035521142394,5.866265319046731,8.957623910863663,10.368614791439871,8.414509424481139,10.687894245183758,GSM5018351,GSE164760,Liver,1
12.104910118107593,6.384175836811685,9.328364255216373,10.603804533170605,9.596186608838666,7.097213016522241,8.652652094078388,7.437284765351872,10.664890355069284,11.354736436547267,9.711150295814392,8.154564589483769,7.635032725046316,10.002203700759386,7.309555278216721,8.845238059727825,11.038049777108812,7.739642875889865,7.684012920400827,9.65112025954384,12.403080860854391,10.73966078621077,10.71605471509671,16.7225301081945,GSM5018352,GSE164760,Liver,1
8.397948614037949,14.002043477562626,7.39592150150831,7.727284740003682,7.299330211705507,6.506511906725822,6.658644727396677,6.827660765184683,9.065414784298234,10.842166946815256,10.781455962098585,5.936973850927451,5.711783607291601,6.587820910784778,6.112464361247325,6.982302814728043,9.759303764639009,5.70651350239959,8.209619023149406,9.079222207147035,19.690260885445927,9.449611283435601,8.69565336005252,7.578610915030901,GSM5018353,GSE164760,Liver,1
6.099643280499437,19.973047268737556,9.630615702568129,7.532670385470411,8.382821349897723,6.88622649667023,7.74054317685011,7.127443979093913,8.783120676690727,11.130155498288739,8.093922484481052,5.117373519239436,5.071185410066878,8.865870480841451,6.238209144223821,7.583342593199346,9.480703893010636,6.681734750012028,5.254960568325766,10.005187193059546,12.516677277728565,10.178838561448366,11.514125856182108,11.194914034422084,GSM5018354,GSE164760,Liver,1
9.270318152312472,9.611536289920416,7.446169805274277,9.468906778736233,6.619619594103179,7.02367196024539,8.743900482518214,7.027115880690509,8.50737447844034,10.57076367029392,9.870078642530554,6.371833796745562,5.419718378091953,6.727422288663435,6.213353375116561,7.257095233402515,9.498264950919246,6.78246157135457,8.665329515990503,8.449349285597732,9.578669890955855,9.431711893134608,9.038512671302518,5.93216394794637,GSM5018355,GSE164760,Liver,1
11.212974914409248,12.40207424727554,9.48821760780511,11.660577873553356,8.600963150876423,8.264613875590221,12.8480678747723,6.936300469352058,11.142507031958822,11.726886389522942,9.855783799439562,6.238833439244723,14.857810606035189,14.133014884032985,6.764700603623508,7.426931318040451,11.098376022396733,7.816208386777218,7.119081320672985,7.34428101828526,14.823065923420966,11.364593602939175,10.289688944449981,31.488603765554274,GSM5018356,GSE164760,Liver,1
12.373145997663809,9.868837839640756,9.310003753831536,10.6787436773213,8.774581018908467,7.970648800006174,22.454694263951218,6.860954425078638,9.900591889300967,11.044679137007476,9.614231628541681,7.208373429450095,8.935655445798018,12.921517227927916,7.51520509085694,7.661487591912492,10.933630028888233,6.47787599886181,7.40272152378086,6.345082565994466,9.42664313422696,10.929731866142514,13.045134306232493,18.267262668818013,GSM5018357,GSE164760,Liver,1
9.791853394922523,6.271912977605653,6.853685513845933,9.121156810485136,6.964329092218584,8.051103456859428,8.855545984654729,7.097228105503371,9.281433507906987,10.803362054666271,8.665844220183358,4.593687080159868,7.8640091676105985,5.930195177603106,6.4517783471696255,7.085665346311914,9.710377645460051,7.8204313117967095,6.58481030566367,6.655739803183328,11.421225239289406,10.116149304722475,13.309392768874817,9.333155198362324,GSM5018358,GSE164760,Liver,1
11.847784166117767,7.421795601047567,9.061441892193805,9.731682746780418,7.55278799188496,6.497607618420249,9.877963667102518,7.321238703770436,8.993761312240647,10.894287619304997,9.163972741014916,6.11041407991622,6.80153040688013,8.064650585627858,6.943801303217471,8.283102881774631,9.014956208307684,8.362128959427835,6.892039766684689,5.7869438082279006,10.363718618122242,9.931509436881276,12.54008220483418,12.85856006572452,GSM5018359,GSE164760,Liver,1
9.4575779498184,14.589357392950863,11.937517554367396,8.395729224695026,8.440898910272406,8.04966769768221,7.145856883225936,6.906882907512901,11.645542163822398,12.298312539668272,10.057938536442993,5.502989205772509,4.987196184819813,12.238916116056345,6.552963366468465,8.870327131957806,11.119884437184346,7.490700794037639,5.218743006754387,9.560127967541082,15.401198702775375,10.975804289300797,9.75835074283498,14.203246637661302,GSM5018360,GSE164760,Liver,1
6.780444001397232,14.171774707606618,11.61787450663774,9.190590824877317,7.36913111865012,6.081273587552249,6.855028215138339,6.917069014428637,9.85988092859897,11.116180458239075,8.508365913041327,4.954803577651068,7.2465779113507045,9.806111555498102,5.936372377842704,7.801874608770591,9.812279296844084,6.600864947825756,4.465442875954942,7.4924311655949145,8.580900232875265,9.855156933618403,11.340564748525047,12.680883383655178,GSM5018361,GSE164760,Liver,1
11.19858288770197,8.371598030145588,8.47004669195211,10.121758362470928,9.155012839259642,8.391832276820287,21.145567576801533,7.244368549412561,11.409916257582442,12.46941320407706,11.058833602939078,5.913502504046971,13.868745557043642,17.007057613095988,7.6545777348669715,8.614111784778064,11.127180641577512,7.241514943030609,9.169984541461718,7.203272878275325,11.394447962385458,10.61937210637841,11.950552366600212,22.788990206016145,GSM5018362,GSE164760,Liver,1
10.178841929184019,9.671759719836178,6.955140925497608,10.117624394779284,8.385697372562941,7.168220045914616,8.278622611170999,7.278298928689767,10.494271609413833,10.875583496666827,8.78784831239792,6.723191982117101,8.690487140723606,10.361076955307706,6.903807159459105,7.517236167890125,10.939369790930686,8.111514694938739,4.934773436591597,9.555965326401973,11.823646261422725,11.493362826634074,13.503751720378942,23.496253118064526,GSM5018363,GSE164760,Liver,1
8.476016426133558,4.92021884018983,7.328482055729519,8.700593598291977,8.141681767808683,7.942290111193089,8.04065804026517,6.928199243054638,9.70904319504417,10.9823465232728,8.030048356802254,6.034480610937858,10.050032526189526,10.94550030727978,6.278899836377499,7.75861997554052,9.332289072803544,6.106907416031705,5.499770846877125,9.699796315830218,14.022718388208737,10.235436295313843,8.084531639411917,14.968922237506126,GSM5018364,GSE164760,Liver,1
9.76712113718311,9.417778253552314,7.4518209837473135,11.064002884606875,7.32979839120617,5.777607559664107,8.424490301970636,7.822134813423844,9.264411267141114,10.359612798987486,10.11773317863256,7.441852259990034,6.484831354121079,8.995129559123239,6.8449215293430585,8.04214250177366,10.00861221487093,7.636626776686141,9.298759588223845,6.485428194626924,27.203919971759447,10.03682602564804,9.651099843222006,8.197353557775884,GSM5018365,GSE164760,Liver,1
9.134854759898206,12.830075331213012,13.430171005395106,9.455790810976321,8.143206948980561,7.4733103943814525,8.530420529035915,6.792332021573161,12.046931922735016,12.020980561136138,10.078541059117057,6.344631629596375,10.083519009745363,16.223927688487684,7.087027726619324,8.245624856164264,11.62365649247682,5.6725876896650025,4.298433090552194,9.219749320793357,16.66001529346048,10.935714110862428,10.640354176484921,29.819313065419113,GSM5018366,GSE164760,Liver,1
12.39334108397167,7.411864886875751,9.426057585475197,9.780506898199244,7.496718972128578,9.501157547855426,26.804874217469695,7.555823461039879,10.875584197691305,12.072034601386077,10.76411786417019,8.37692681058561,5.115546330632528,16.407998726132405,7.558930607065842,9.946617855910612,12.032539809072663,8.018686996188933,7.171112806261898,6.539650705962176,18.798808056470815,11.5829712484099,12.066360719651986,26.310375599235215,GSM5018367,GSE164760,Liver,1
13.861484549973223,14.619951246118955,8.526897715549357,10.269544178549745,8.243799166808547,9.361241962264657,34.67283131690752,8.45120646596528,14.054433364710128,13.168565331789958,11.531151863389004,6.004571634883164,12.173650300194794,15.313597486515892,8.536736695258451,9.829060052444378,11.460115038163941,7.932034664290573,13.728722901685284,0.8170401051435023,9.664987920184643,10.9537361208687,15.599491973395274,15.219125705338415,GSM5018368,GSE164760,Liver,1
10.245812065067218,11.458687800677653,10.36875207864762,10.188189729022536,7.9357756404673765,8.81885302849757,8.517351893270451,7.877107592575719,14.21511497361821,13.01051841786801,11.277634228521672,7.410192916616293,8.127578758796826,15.394824448867288,7.875020961110924,10.21664811377918,11.30425880511089,9.201754030631477,8.38852658220996,5.969580220613979,16.56575755526739,10.395464262172407,14.464366404421854,12.002459808350613,GSM5018369,GSE164760,Liver,1
8.28766440467006,22.22219371615193,9.406497568748966,9.299225856422899,9.119604866090164,6.874546925059368,13.797475181529379,7.271930021699897,9.805144613627485,11.54183797944161,7.248470643226357,5.80555411743476,11.42179645850414,21.174867179825128,6.286752133607952,7.995991869850039,10.714865596672267,6.6799475364482515,4.193814345162593,6.551390123734595,17.344067901190094,11.024057433144534,9.766814153869104,23.44001541068524,GSM5018370,GSE164760,Liver,1
13.182172079551513,6.249318371229982,12.259083129676787,10.438387895803507,8.690708273349186,8.159062745086667,16.5778931060021,8.24432648309287,10.201465341420038,11.209699120674243,9.701930082317856,7.126156392287308,15.047854934149441,9.600902292120574,7.869418340773954,7.224478129207898,11.599067244789227,9.487430187145488,7.893960648449862,6.12208095933044,11.542581903768443,10.935779577754698,15.077641516690907,19.60965837366956,GSM5018371,GSE164760,Liver,1
10.96398726565375,4.856531382985169,9.64201656145054,9.509096244937457,7.79090583101613,7.322877545413118,15.750917835555452,8.35892413149596,9.129549430096864,11.783680669398066,10.71494703717198,6.441902617742683,9.467958048103728,9.25062406285799,7.601275284646889,6.889938575449627,10.292499969681076,6.256994562633675,9.6934211557056,6.259360015085705,12.484138920495672,10.226251836320706,10.624959794030865,13.568469456405975,GSM5018372,GSE164760,Liver,1
7.847222653627327,12.46120863383064,14.023146559065058,9.191560225611552,6.440587829880802,6.57024133307574,6.59145124218971,6.759241785216691,10.431867795415284,11.18978661989156,8.067358612263288,6.625851594968331,7.710239876454268,25.705439078770375,6.225838890771698,8.943757286495876,11.281732697431062,6.570307804789856,4.338296924495826,8.830656203021848,21.533618252232895,10.976306766382981,11.355064371084032,18.339426072446802,GSM5018373,GSE164760,Liver,1
13.032351268270643,4.9412707764814,9.841697148762576,9.96293417381095,7.0738795137083095,7.105871128556527,13.389819185593762,8.497496796483487,10.775418444210434,13.086631474970499,11.560108364030398,7.101633325890995,16.18404968599548,7.949764044630852,7.369680350353146,7.782988088792992,11.026895101248513,7.147968146872831,10.149245331118514,5.6666739856441115,18.310623509725993,10.969220553594333,13.20717679529709,15.639201084436277,GSM5018374,GSE164760,Liver,1
9.15420995409776,11.49559231683856,9.746741949448966,8.91590644526512,8.185179833574225,7.286203549015078,11.291005833520696,7.507335754631102,11.9085344731475,11.792948341198672,10.131151417561737,5.762567737704455,6.539968016862573,11.699474935644808,6.935689261699111,6.722508734951717,10.784866920198342,7.495612458247751,6.272278108576401,6.9514819501400815,9.058460105627777,11.427476049512055,11.098675413150856,16.583154532186583,GSM5018375,GSE164760,Liver,1
10.807781380235468,8.556838869185752,6.396578528877159,10.308404176289132,7.377334609615005,7.154548513352796,12.056155524235733,7.048573664722091,13.956453001609066,15.482929020332698,13.291497264340974,6.691065975922532,5.860452452476732,6.171799812566211,7.664322316389864,9.258783150697466,10.200411629774909,5.972051217889396,11.111360647188699,6.961045531617743,20.718357797081865,9.564687554431035,9.570028746588601,6.181614922679484,GSM5018376,GSE164760,Liver,1
8.49600055721794,7.6899608972922096,7.630735226694701,9.777624054505125,6.295092492991959,6.990337576713134,7.650831331416443,6.8393017822824245,8.150527776177151,10.322762613079716,9.236578793160215,5.79135712460155,5.703765160098812,6.015920423380834,6.00667768372766,6.970357480683509,9.052542721988505,7.2585829904542765,7.380528289483421,8.980818302352313,14.017922761821247,9.450822699165489,9.069146758625509,7.400388451794446,GSM5018377,GSE164760,Liver,1
13.503110222579156,5.538370482088215,7.2483032132262215,7.7640058490866855,6.934809207264547,8.687042377011483,22.714026350932542,8.016540882731432,9.856973144370938,13.220227317376049,11.669126118295223,7.072096923483992,16.502722214087918,10.787012905508957,7.867078400133536,7.211170426834628,11.354993838399352,7.605750327512256,11.1653868010518,5.8021687415425856,20.42170201519866,10.283654477832155,12.644245849333998,13.24489787027714,GSM5018378,GSE164760,Liver,1
7.437552440975835,10.631367225561455,9.201595181671108,7.91603930213027,7.9428260254791745,6.40132364885753,7.242092161251818,6.721947698458425,8.330730729506602,10.508390937425098,9.104643675622974,6.539448851597022,3.579429753895054,8.551701383215681,6.115905382492897,8.195961981418291,9.801240372549263,5.203187014265124,6.904545116344401,10.22312748845743,15.551307901104625,9.802262287457213,9.34183373342191,9.073344358778758,GSM5018379,GSE164760,Liver,1
10.291402072709346,12.663602562779982,8.532666447923072,9.276990599640941,8.106438398610084,7.196343447015802,14.680776227820003,7.178226411960349,10.957043084009264,11.46446695708116,10.29888456308481,6.335469651682493,11.230106444022935,10.279344926822308,7.8103886580759845,7.390217714720405,10.734356445030905,7.693508560623656,8.730958909127256,6.982029905280394,13.034182880506885,10.506809544261912,10.508667986320289,15.22781066513259,GSM5018380,GSE164760,Liver,1
14.037921563556694,4.775151674902285,8.255597190553488,9.624545765349772,8.203732675687027,6.677021343071746,13.83414633682961,8.755450486852038,10.762333820527363,13.070701032311526,12.348861789714052,7.295858649709969,14.821340361327396,6.10089729581957,7.941962594529624,8.219507235046997,12.130363762691179,7.639580335967635,10.53549332590428,5.317233356013082,25.260995437430783,10.413968225848373,17.286642876381833,13.604008951546467,GSM5018381,GSE164760,Liver,1
8.765738731087135,15.43680169199806,8.605467986322902,9.236381408803686,8.177452671127641,7.789677818903759,10.777898839792654,6.866349460638935,10.43410142193824,11.123442692915594,9.715705742852155,5.831389761562449,6.304565734783061,6.603941107874457,6.860325678714217,7.522576793687653,10.014038570354622,6.345507299999355,7.701950166211666,9.871865966861042,9.998929948877368,10.58723114508325,10.895598183827632,11.130684110378878,GSM5018382,GSE164760,Liver,1
10.338385704690848,6.15281793764786,9.42424337615676,9.700472774661554,7.284504333304802,9.111937461461233,18.39699152000617,7.585090656079484,9.955148794051578,11.943280573243806,10.668012793760685,5.568934387500731,9.747683812710736,7.657911332641996,7.2673119516429034,8.75091916235328,10.044216372186314,5.5772983253498545,9.209142656573235,6.60472051436968,15.20037967805159,9.95837916654835,10.493322405313698,12.118478773809093,GSM5018383,GSE164760,Liver,1
9.009787471459926,12.94241821838744,8.285011044868972,8.385769633419908,7.551566194485625,6.49045189503008,6.9992246711692685,6.565659419249612,9.943770462716097,11.044059955270498,9.010367498497407,5.703811207966132,5.731065669835119,11.726178872706996,6.42578884594756,7.24293635485018,10.522054250775748,8.596948615388193,5.934590705239318,8.332354959408267,11.241292093082043,10.39476812830501,10.230077903045384,14.2355812612213,GSM5018384,GSE164760,Liver,1
8.78471827690012,15.669708807417656,7.388808160641062,10.135070205036193,6.567156820373808,6.902581379940837,6.981090717229426,6.547065400392311,11.643788968879768,11.810121902077853,9.092403478235624,5.07727224148591,7.009198618809192,12.86488614514633,6.2834855370120675,8.013913687672446,10.883876766883791,8.409655881038665,4.721497162750685,4.1300186496265106,13.989737219244066,10.932088108127559,11.78883998704342,26.196462258215092,GSM5018385,GSE164760,Liver,1
9.354143230558474,12.824443389640098,8.758456992558708,9.772638772843756,7.93113172207149,6.575735570245533,11.90508190367493,7.0154106074571745,10.725802259124743,12.043857105450984,9.858477112641962,6.079686728102335,6.586346233645649,14.279140964780039,7.4883085107416285,10.847512617224911,10.633840490282587,6.833576043160798,6.64846633949575,6.235178808909393,12.69778130520566,10.966755282525524,9.92547811164451,24.9659219662813,GSM5018386,GSE164760,Liver,1
10.521028150728721,7.103873113778877,9.227598455483493,9.537751124814962,7.620659755623498,7.167085155828569,8.697071738304864,6.507184419716892,9.178530124274639,10.901224308805658,8.944688289912873,5.617720201968169,7.227388025492372,10.289397950165592,6.33863993939762,9.077140356515887,9.911433393003271,6.160083518808419,5.94106455707694,10.808574156500072,10.323675842992625,10.060853600351026,10.361391627590585,22.4164404567669,GSM5018387,GSE164760,Liver,1
9.290280140668676,8.321842417158992,9.014624577877575,8.501755680380784,8.224130290109512,5.967571727930144,9.410798559262783,6.682087312577785,9.262392162704282,10.779132947288504,9.029093587437584,5.831802839634641,6.532295670838546,18.18838817743578,6.668013704306601,8.423034584447677,9.687899625888257,7.485688997841707,6.227280311674224,3.838403579118966,13.944253802774695,10.456766905519052,11.829296606969459,18.31493920878796,GSM5018388,GSE164760,Liver,1
10.623384488794368,10.322650659865724,7.535460755938602,9.136999603506645,7.236214813366484,6.3105620950074535,9.8362357557347,7.1742142468441115,11.740706575984102,12.380001569392972,10.737826422021723,5.3994962119637,7.358609328122413,7.477938882029079,7.562922467536234,10.24284832293204,9.707982715205363,7.516039423546612,8.782442563455245,3.6848964327344964,12.351661767258621,11.25372336280581,8.286511827112681,10.133938579875725,GSM5018389,GSE164760,Liver,1
11.562509018654767,6.245911210184355,9.461713770721735,10.533100540419548,8.230703223271266,7.732896996280367,9.393787540949003,7.400319039300126,9.812039973588789,10.937129492215705,9.259076591240584,6.4067742235555585,6.936269691525284,9.449460473259283,6.9127634554662745,8.934381698993755,10.505532284590691,7.441818281877983,6.1712867811912,4.8641329994335045,10.62530134902731,9.888261844107285,13.120108843178638,14.245870364736652,GSM5018390,GSE164760,Liver,1
6.102114750825736,7.636015170856546,7.0237745408452845,8.189210898533215,7.975099846457218,5.4302831200945345,6.779703797252086,6.500435421984634,7.833980977673905,10.61790314554078,7.3141827866291225,5.020359527042042,5.576510667694445,5.295901181652045,5.641825046448982,8.13724861693268,8.868584769872795,5.138755207228903,4.46275863317582,9.129595709919542,13.375124476984903,9.154652175513153,7.38415829985839,13.856824245873469,GSM5018391,GSE164760,Liver,1
12.627125221797955,8.575926933582046,8.731643352170012,10.305229103593245,6.9372276677070825,7.502904453659905,18.459817154665764,7.735719455810469,12.09242332215129,12.940156036057836,11.519262881695688,7.142836350539312,14.870898903491897,12.649432978372523,7.976350130771469,9.69070425049998,11.356948495617415,8.89601645591514,9.690657666329702,3.4204344361831476,18.61339755412565,11.107770332255017,11.846131717345248,16.560717582809033,GSM5018392,GSE164760,Liver,1
9.551366085022584,10.203709182274313,7.625857336989341,8.866076381954716,8.145439816245412,5.964028644796701,8.084285290906951,7.316674595354851,10.416046487546557,10.967272913931119,9.445886204981427,4.558116844240173,8.47074247086949,6.695915627722794,6.693217406693318,9.116266770849876,9.306516134715716,7.41578921913761,6.425911315551009,2.287624041004186,10.667596190502731,10.13991438678439,13.908320051324417,11.327741862689766,GSM5018393,GSE164760,Liver,1
7.398299777457845,8.136083191744392,7.282163061304159,7.735862771964007,5.709959920691144,6.992958633445507,9.308144821340184,6.845487223238729,9.071455579735822,10.18862627104256,6.338728486749112,4.611270887029665,6.136890391101793,9.543580170617561,6.2411197353348635,8.445731442799755,8.92187537113757,6.65314306270561,4.986432197225638,5.773726868326622,14.6363856635605,10.117809103588597,10.072191732742235,17.467573439442607,GSM5018394,GSE164760,Liver,1
9.364052209803662,3.309688936741596,8.529219716249168,8.785687850610026,6.807377308491879,6.659093708925775,9.23369159267742,7.232889378638393,8.52253781662465,10.49860070970389,8.661714399395636,4.638539032818576,5.666653715706149,5.326534595262273,6.571936455674177,8.149854669842442,9.126222193274636,7.6036436530167695,5.342793988216076,4.1259171271258515,14.848563740733542,10.420380228445888,8.668341694086264,21.238468277737446,GSM5018395,GSE164760,Liver,1
9.639693399392089,13.946165739485668,7.66318604706569,9.618621094018831,6.641560708636788,5.970241914593901,6.092779657707186,8.050628113907232,9.979011475050868,11.054682415390161,9.182714159911141,5.25099813389481,10.691679478842014,10.182398754530157,6.455452808664968,5.864254319667345,9.530406518474408,7.721349718525136,6.042416596340932,10.988666449764256,14.570012307334887,10.945966841630401,8.462442198534688,19.38132911811835,GSM5018396,GSE164760,Liver,1
10.133958943709438,9.832596378315749,7.682667097258843,8.815501348080508,7.578705026462057,7.879224493944807,12.87278313827183,7.382201606278468,12.478920812612383,12.167160171624838,10.2442255778647,5.648352609013236,6.520478517730239,12.206314717794827,7.51616036307672,9.442413208007347,9.504525966870153,8.014846244922264,11.114479343162518,1.506347299712795,12.804572596124647,9.378952570371405,10.301097135469027,10.702769196709415,GSM5018397,GSE164760,Liver,1
11.489545511498896,7.290232592433011,7.622150851071661,9.497525420100335,7.7844483260730595,8.347646921878852,14.081890928869871,7.993426374589587,13.133763412036798,12.979675026712597,10.919491929862373,5.726984470078974,6.634743767108814,8.919796345969417,7.251359240282362,10.062564200395903,9.826181045073795,6.602872023875894,9.441052864318953,6.821774232701241,14.45615786987395,10.68313235826907,9.95793910757159,16.496742795563065,GSM5018398,GSE164760,Liver,1
12.838160085822793,4.990090833329085,7.898093283869263,9.808231050071821,7.436285023060572,6.860039635631501,13.433375101819262,7.9838563140506595,12.440762805919618,12.531072270985412,11.287406226127963,6.201554199717039,6.191446392305167,7.330577506004314,7.605131649584744,11.646452379509524,10.01006565846913,6.723202490224136,8.783642183523837,2.5581840187906906,9.151865491959686,10.481982465380787,11.863036302847714,16.388851006800778,GSM5018399,GSE164760,Liver,1
6.920161830813868,10.189721013927885,9.604251380925486,8.596850078118683,7.5000600729765825,7.0555986452981,18.72749936209637,6.83607822957573,10.220015642733916,10.646993977649876,8.303391923602637,5.686952160210516,5.222653807598827,9.002642005301555,6.3258120556151525,8.493447517953125,9.199849441672127,7.134721521053361,6.407889861326517,9.131082503167228,8.55924328815173,9.551918428990641,10.153025570204868,17.867408289489084,GSM5018400,GSE164760,Liver,1
9.642829246873143,8.369191801075917,7.063818658561198,8.324105314572574,7.548916392904504,7.2781540428063085,12.646735272387973,7.172333225597938,12.058621253946615,12.595300565434684,10.794225794856743,5.824049996496731,9.431920113393412,7.417341367274726,7.627285578907324,9.176517065148781,9.724682221296492,5.836995013402898,8.847077206029148,7.543948231888639,11.506449650882145,10.549707073634941,8.158205558284482,17.328989442124858,GSM5018401,GSE164760,Liver,1
9.128399596581719,6.580468064983893,7.103420240206975,8.128556958301207,6.311632654706948,5.3628656788230025,7.782096342272794,6.910266366846377,12.425811110580048,12.158195583619847,10.587015443203375,4.531474509885268,5.588981056451848,7.218220614073758,6.553906876680912,19.906510233752506,9.497411740636718,6.185436777682044,7.35372864959482,5.156324011894247,18.470081272336646,11.478861584856567,10.061484116104216,17.764195856633567,GSM5018402,GSE164760,Liver,1
9.548997481138445,5.493628106205321,15.868906297085996,8.708209224525168,8.350026603964858,7.944793188712249,7.7181974311913955,7.806049667680106,12.889390914701082,13.20948758748511,11.011709656689876,6.158772698934124,16.012292557319874,11.750894567203988,7.600983819782734,11.650717973273494,10.657643454601688,7.717480462944885,7.533670140973468,7.136488434876046,13.049757590495751,11.423151935311829,12.11025248989008,21.073332863743047,GSM5018403,GSE164760,Liver,1
9.378011774547351,6.185051630434399,13.894325502499859,9.127545892857166,8.105931777549795,6.1154886303999465,5.894874905368547,7.206926563573449,10.75284324230059,11.613366147692167,9.023228423778297,7.83099134266147,7.973065618826492,14.99097660269201,6.477385954255575,6.920432503978167,9.972682678908363,7.053747620722105,6.634237511679656,8.910211528594205,15.882841276487799,9.977973305021413,13.665545441268232,24.174063298818005,GSM5018404,GSE164760,Liver,1
6.433759287473606,25.053696745169223,8.04925381291143,7.870237161766691,6.522728171451961,5.354176863526408,6.524205382833829,6.441736756679164,10.070373289349844,10.421124719283409,7.8991900409462055,5.117971583643751,5.738268790873631,6.0801751304750296,5.870232681402607,16.67433830383525,9.160095449382535,5.5353679316842825,5.0651844495245415,8.297496135302223,17.319720181553016,11.487094273838466,6.949163481531208,11.138720441835293,GSM5018405,GSE164760,Liver,1
11.33753726093107,2.610817914919279,6.728821293577246,9.616386136703657,8.357788790354478,6.521283983961833,11.143592534316193,7.723705628682577,12.885268594103517,13.555928652512833,11.644741589980226,5.761439067686137,13.846755914703657,6.493110199508536,7.891734455701936,8.263608990209914,9.30032841827147,6.780833846561187,9.468069827432416,5.284774475429385,9.36044205544273,10.556785117387879,8.345424172323666,12.12221738937442,GSM5018406,GSE164760,Liver,1
12.969347591087914,12.533842874169281,8.689312870747289,10.608076250649304,8.185125079630987,7.87969851495087,23.682094196557628,9.574377296529633,12.97922403978132,13.296002328582107,12.26110062103191,7.2407905456746,10.28936636346431,9.413143222634831,8.300290606516302,9.92216356132645,10.734124526163283,8.409696356247862,9.738543616056774,5.383894837344534,14.415023701796757,10.603954794798284,12.112508304012062,14.645626626459428,GSM5018407,GSE164760,Liver,1
5.631526310257293,2.773848642633702,6.47990133951386,7.809470648508786,6.5048096833118505,10.187563610650441,28.23436718674133,6.644650407300934,9.499697815569657,10.48550076146883,8.037609457348623,4.306764550201492,3.5282810978033687,7.835771597947284,6.219653981074746,9.795423642689943,8.163940530708711,5.871048629085415,4.732280777626782,5.725877078698963,11.75862298275701,10.473475255232168,6.110999817468219,12.464017147128093,GSM5018408,GSE164760,Liver,1
9.442873274257593,6.483561464959627,7.960373365039988,10.142064928665194,8.067850014989016,6.038824217258024,12.220753589663804,8.213550415127482,10.973073446334661,12.033681226385227,10.460960625059073,5.981437729638048,9.039669165445329,9.968343600385275,7.8059113254068855,7.961061640906325,10.280740455684535,6.968027533748273,8.333198644297763,6.448000772167568,8.91665644160173,10.353846277052352,10.90771320705906,12.683159071482255,GSM5018409,GSE164760,Liver,1
9.242306818527412,9.251623506898389,8.015564282319193,8.208970095841813,6.940391332928927,6.440426096788411,11.935587917333262,7.012169895426882,11.734014581517819,12.183638137663078,10.62430841044177,6.637523601894989,4.085414555918837,14.791642389898774,7.097087510427087,7.422173738540042,9.652654575725805,6.090090432258616,7.033998845334467,7.698572441433831,14.022366507406538,11.129541360944128,8.731149197826992,23.79214408607445,GSM5018410,GSE164760,Liver,1
10.888360917734694,5.898485908735172,7.784609217325219,9.209252083265998,7.912969407396655,7.4410108131925385,17.403082983105662,7.631149076447433,10.52609632925761,11.632092970731046,10.831937903945423,7.050978761735901,8.960922847039846,12.629330271188117,7.512574185966527,9.186581894396339,10.402868328207662,8.060399778847371,9.24384764646203,6.930159635998626,15.129072283300545,10.253053706980536,9.310590237657069,15.641199559856634,GSM5018411,GSE164760,Liver,1
8.7511749843906,11.373594673448777,7.619906183272617,8.756227301500443,7.593226151636651,7.023169869992301,9.891056122413458,8.011279958617383,10.748998652497104,10.999639417603019,9.727615964258476,5.656454572598938,8.799518360220082,10.25781543358112,7.199726683008956,9.902965504792531,10.543727514160103,6.662451003162414,7.721874106966677,5.758422248776888,8.227734373522654,11.320079216916618,8.330093726805066,20.513932105473444,GSM5018412,GSE164760,Liver,1
8.69684401896686,14.975522660265995,7.052686566565265,7.9988949303774515,5.592228720778726,4.574405158661239,5.239580313101114,6.503216223097961,10.002256225341528,11.086329572684933,9.53363838518355,5.625046656818944,3.699392325699618,4.237812978216915,6.584216646107101,10.544184014503132,9.493017888309161,6.471842090661381,5.507868166571893,5.629901866480366,30.0362840082199,10.865379346969098,7.824379850837137,10.826758796742114,GSM5018413,GSE164760,Liver,1
8.493348196929949,9.160214223603493,7.847039998980603,9.006174889512891,7.791079170458552,8.034084565333654,13.016242664074891,6.807826563497876,9.878020788424077,10.670444650885779,8.05386174659991,5.435035285576246,13.240076322153037,13.614261469061725,6.49223255822673,9.906918144699286,9.262493689572311,6.592420375423383,5.974035176486768,6.078603593578836,12.389062303550537,11.068340099162455,8.720566427752782,12.032125166764581,GSM5018414,GSE164760,Liver,1
11.981756824373356,5.057489964499144,8.77873193440063,10.599555115614313,6.581046558203016,7.001335854628082,9.17821790954812,8.299406676744626,13.422150597765855,13.281242903325738,11.036609598306057,5.112114034800518,9.130735629551275,12.855816447094535,8.184449356347216,10.935468305972723,9.670943831551602,6.819411832740196,9.164257906630153,-0.2313995303736318,9.235939113451089,9.981449115291344,9.876736039203825,12.084735765846156,GSM5018415,GSE164760,Liver,1
14.612688615182467,8.015636357676753,8.42598854292443,10.33165285500837,8.791000079889653,7.1656531970487185,20.13810311524641,9.143924637347336,13.422596035430885,14.066513214861413,12.665643009356057,6.558769359334497,7.13702695076164,7.235202892168844,8.56214246319299,8.056130783180228,10.731316784255728,7.492518357128594,11.547992848690125,5.086616165949898,16.72856885791787,10.699758405461047,14.240003659313048,19.310137678181988,GSM5018416,GSE164760,Liver,1
8.716287958197025,4.069619115715422,6.4420669774829165,9.003888917169578,6.966930884799745,5.844213099097516,8.50911033855077,8.378397753454681,11.42556038635467,12.89012030343339,11.017668829782355,5.192207322861319,10.24199195143311,11.151950414446393,7.250723016589685,9.224404256716957,9.24393302948201,7.431672796942724,10.041629561678743,7.795081210763548,9.68143947795103,9.446399512291551,8.309743666197317,16.221506118882225,GSM5018417,GSE164760,Liver,1
11.259686658495655,10.400700102091328,9.104631805050998,9.518447370405768,8.302056965418782,6.276482850190279,16.593630301559756,8.866695784188918,13.724132214285376,14.54788090111461,12.389475093331631,6.447520749014752,5.395419025100925,7.436165040798997,7.649054766070407,9.059289908090015,9.757794110152668,6.343506440320292,8.722822497822609,5.885686679849891,17.207478877202384,10.882130598589736,12.876364562565572,13.482079744864908,GSM5018418,GSE164760,Liver,1
8.384724409921072,8.666961893512852,7.78916957205596,8.528001173725409,8.550086291741751,6.074366777555861,10.204723780937059,6.98152535373424,8.96925381617845,10.500324451631096,8.621024130399803,6.2238705944770905,5.724855610284436,10.073284740101597,6.901184118395774,7.733725325940269,9.582470149233565,6.811056927543791,6.5924813602881365,8.187387359870181,8.889080536696648,9.446080185118836,8.434804802704562,11.678142114328425,GSM5018419,GSE164760,Liver,1
9.494938567045127,8.602534538563146,7.688098627915787,9.01643691138617,7.944270119618746,6.902794302381156,6.117186568221332,6.620090904936898,10.361178387375885,11.02865299969207,9.222834379355161,6.143477434471936,6.714972859933129,6.896708713514482,6.867848599337405,7.66377697624598,9.527849556317173,6.698950697678128,5.327551451756853,9.956877252165885,10.83906135957621,9.779147403335896,7.899815413134256,11.284801354672366,GSM5018420,GSE164760,Liver,1
10.969758849951637,7.25392293842045,7.473688848429272,10.549558552598311,7.041846947247561,6.165710150660511,9.276188830083791,7.099227773747332,8.894583718903377,10.852982900297228,9.777813010679136,6.068326075263947,10.200479589014158,9.823708804432641,6.9985271648025575,8.82113689515507,10.888847249782172,6.43428334673798,8.688185328246295,9.347386837214382,21.997638907580974,9.920060277898502,12.311651870392263,11.762487562389602,GSM5018421,GSE164760,Liver,1
10.956220821731291,7.361815715984438,10.354743824115822,10.054905840876518,9.129537716785336,6.996459774304595,20.633330252269907,9.544456646891373,10.909213492871757,12.69841219053207,11.270284150527754,7.256138107956787,8.26014134534224,12.36253321588281,8.159730911083097,7.954566131584361,10.790746795422665,8.921023710988147,10.8341380532549,8.729750250581594,13.476080414084864,10.901706955928095,14.133474951567823,20.885116683851134,GSM5018422,GSE164760,Liver,1
9.71570945982492,4.712204786699009,7.519145240843329,8.863867107124689,8.010258229801558,6.086935243871582,12.494966720294542,8.509832975929871,11.936456807562204,13.343664659098952,11.88882934616107,5.324309468729458,10.67524693700269,10.661618527828573,7.906472381101211,8.589866470575497,10.44815703298126,6.695587764942587,10.274302534720682,6.020860506362104,8.04162025833645,10.227443794004914,10.771431885255033,9.50562696239287,GSM5018423,GSE164760,Liver,1
8.52999785088085,9.199859512772587,7.600577781850893,8.062484862141822,6.881413538647121,6.915449828523218,8.782545566610601,7.214254922284057,9.272448083393385,10.753631300635185,8.720979321703084,5.285393646309268,3.955108669258948,8.77947044771988,6.574755278756507,10.186786916835167,9.303471281761384,7.248858242823824,6.491363778577896,7.222212713802794,8.555197435876888,10.685729729740418,8.459363159365402,14.076483044061552,GSM5018424,GSE164760,Liver,1
10.04312084067287,7.109138916312528,6.7967127921866775,8.078844754773675,7.964102231151587,7.322392129642946,16.480319951973904,8.451933635806373,11.833850074957589,12.060258682011012,11.159493309251998,5.7147579635553685,11.743663032054613,13.112557347461141,7.986775631738584,7.932658676549146,9.012302572348409,6.973929573628786,6.779849828623366,6.131558354610757,11.788606012766182,10.712350319185992,9.625136515745334,18.56153060422496,GSM5018425,GSE164760,Liver,1
10.227937868702169,11.628672266012387,12.215568010535682,8.966581931411623,8.47050379548253,9.354844746134102,13.008038487595583,7.657526177320777,13.594262852340592,13.271874126684718,10.804101549079046,6.250816511173163,4.28174429639847,10.470213653228916,7.492205923573032,12.146157459226746,9.82494035857269,6.240587244883822,7.7189882168106925,10.3697210913753,12.896422317985857,11.759151614599078,10.15470838003851,16.898330915730575,GSM5018426,GSE164760,Liver,1
8.666578731275125,8.923327613353091,7.242594293144567,9.832847351566041,7.48458013068354,6.147043391560138,9.535675966504808,7.348733429528959,11.201460326688478,12.301624002901297,11.04367504557559,5.713458283650828,5.962305172247371,9.65338995797749,7.038620670223113,12.175234275456631,9.38822765712147,5.948259129931169,8.516692962442526,7.592080700426681,15.757979510502079,11.6415529742383,7.477820537614233,16.333000347003836,GSM5018427,GSE164760,Liver,1
10.801226181997347,6.477642855172024,10.06275635498618,10.139573159717152,7.8836530767192325,8.732827959957541,23.70276724592424,8.222525124570607,11.100544133289931,13.241988108031155,12.095540575676262,5.5696992796157145,9.171218233431905,11.756034996614487,7.493861542678379,10.272172257369908,10.158456506440912,7.0172688302387005,9.087434532725142,5.759241047796222,17.318170128165896,9.512645138367862,8.520172691433926,7.320609951111309,GSM5018428,GSE164760,Liver,1
13.11118508205346,7.343541312385579,7.321156600309911,7.357920113890194,7.011533582645211,7.566433341882548,14.19022069898556,8.136500157921363,10.124033004277868,12.820855473516891,11.569023853158084,5.8074715306860645,13.829050502450556,9.19691918961057,7.453877440355986,5.883430874319531,10.829068211757756,6.995887313606185,9.963618697702458,7.97707635850567,20.00464295401193,10.01027338066781,12.642561240923783,22.67855787969039,GSM5018429,GSE164760,Liver,1
8.51059237120712,4.497238129949895,7.686595085386049,7.5632695988077865,6.573329026739979,4.642046502296364,6.609541249849537,8.326980324879298,8.697355880933017,11.392527907644938,9.389503542279309,4.001446790659492,2.896924460500788,5.242810880756144,6.498762107004494,7.204549863169399,8.291972725289483,6.681006218696089,6.709014783451568,7.030903401671371,16.230070507980884,9.974291172549664,6.767363747201017,11.120291346560311,GSM5018430,GSE164760,Liver,1
9.030383824787338,6.244546642559157,7.087337477196268,8.330127144813448,6.545039882978057,5.130659310957254,9.77437994910273,7.744037992400248,11.313471700472624,12.852707632011315,10.643476396217178,5.048999781423065,5.8708068067768515,7.253232708421278,7.529570659253719,8.396758875359085,10.008985017133021,7.253685047847733,11.896004859399024,4.186684596948793,11.801820397252637,11.539695051762415,7.990409897291228,14.48496072611432,GSM5018431,GSE164760,Liver,1
13.44616623924686,13.48001870806363,8.427103425158,9.877499433952574,8.298295706439475,7.244043000296439,9.510331020437851,9.381692243039755,13.322752784425873,13.676450010861421,11.387418491803986,6.018775048854205,6.73339194791018,7.811282790353463,8.518621186931801,9.121812124747153,10.529930672348016,7.749017994287768,9.881176127788894,7.895770734837542,13.269105289559386,10.943780140630817,8.672532524148654,13.416460661364027,GSM5018432,GSE164760,Liver,1
12.595766870148337,5.923376429701607,7.334167976414398,9.341054533984064,7.910292084502033,6.666882393639451,14.784722501661523,10.388640221043705,13.293938192098075,15.208276962891807,13.134536932959605,5.764799810357929,9.919978215554533,8.91772469381516,8.458752167770701,9.813279486960283,11.228939909634981,9.19859215339758,11.446810071240058,4.300333223738802,22.84532543337834,10.955520029668198,13.82681281506141,11.93036209807888,GSM5018433,GSE164760,Liver,1
9.51410570844105,8.873596179764741,7.5383384358578835,9.09231903381297,7.9405390288367395,6.48506486481701,11.431890843526283,9.753803534221975,10.795709872718195,13.25269671214695,10.507445365231282,5.542807080331046,10.381202970004372,6.329328525995362,7.504019504646139,9.205741689263755,9.499028692554287,6.123511333758617,11.25899480213885,5.173197327636253,10.34166683649918,9.825650607281835,8.204112547150908,9.682916884766406,GSM5018434,GSE164760,Liver,1
7.923875402011619,7.486641644756975,6.971124172188593,8.080007564917947,6.049856725136744,10.559686291840203,42.20221241482035,8.53249082601514,9.812881048517426,11.478842131863297,9.053345145494664,4.250408741867198,6.380562878195228,8.83707889579947,6.609127998507894,12.387003584229594,9.174158590625664,5.811761403559434,8.445522502785021,4.974915589467631,8.860566617928658,10.713323593828722,7.445288435376176,10.207279935299995,GSM5018435,GSE164760,Liver,1
6.2584215229249605,13.678033555190012,8.302241467271655,7.571862011816295,7.40326660356586,4.88703474445483,7.244137182698479,7.302211233924144,8.486973162880396,10.190737430025619,6.721458419290888,6.136037994580495,5.055018223535426,14.0969160307861,5.734281774801763,7.021796399733757,9.28776975723675,9.747290182214089,6.163190863568402,3.6950990023808488,11.656241857475052,10.809690892086392,9.309715884325879,19.207899476859758,GSM5018436,GSE164760,Liver,1
10.017241572411313,10.85858481714379,9.432234476102781,9.064849010355443,7.362337308995212,6.558491120136789,15.485279574332678,7.530288262892393,13.980749952286063,13.46701828598537,11.352540825369726,4.745009131131269,10.485713982995392,11.123385564708915,7.594714672168715,9.23933031398349,9.692089094839778,6.799444199075818,9.120963117800724,4.896452808758465,13.452371466748371,10.593706679623676,10.043909227196698,8.528200513697655,GSM5018437,GSE164760,Liver,1
11.50200282249054,10.376588566694924,7.560865969871408,10.139432830780187,7.636588402888609,7.633422064369041,2.490879090849994,7.084182064056757,9.019695786841803,10.877891535134323,8.440553728465627,6.5831872887709695,4.891355141893342,15.485282265722422,7.48411243016228,8.696637034184072,10.560553651735212,4.555860228377947,4.867395068260805,7.988517897247551,15.784217110554525,8.215981734935784,11.415076806820114,14.9900601234786,GSM269749,GSE10667,Lungs,0
7.209977096558767,2.586840566770226,7.2449413536395095,10.517122164979384,5.002394761965668,4.053655662481466,6.064751607649542,5.820745264261849,7.982450594402147,8.978513825459418,7.332640308666443,4.482881345575226,3.7286706049244076,10.50805158534587,5.727310341336956,4.175342403467368,9.720717054419257,4.544848452266479,4.176380252145535,0.6777090547410873,9.623608582193702,9.518264940793866,7.273114897814038,9.912792246890545,GSM269750,GSE10667,Lungs,0
8.23141972941623,7.208370226987533,7.448442775257787,10.54817989848133,6.367619185575089,6.113606541372178,9.531653972196095,6.12497478358485,7.67058848353634,9.904606591673636,7.4900549722640415,5.886781052042232,4.8559031461658435,11.174743268012465,6.383502341959383,3.1823788004409455,10.44003919342234,5.985522149651647,5.620163047277847,7.809038385288696,9.66272440362427,9.859858957014364,7.617451994095779,10.445240818569268,GSM269751,GSE10667,Lungs,0
9.70859342333616,9.47013043451891,7.638082090401629,8.95439851640793,7.251372042463914,8.758094898033805,11.634421516947654,6.074465660923788,7.957782454964688,10.26148236242263,8.268816933141,6.378861204925592,7.2048801605587585,13.74018387247453,7.036001809802038,7.553306035127216,10.3972887905929,6.777085276200216,5.769929865874743,3.22403889048603,11.04293977941133,10.433795140490313,11.579220802092614,15.203948925360699,GSM269752,GSE10667,Lungs,0
8.191778840218761,9.366659241964125,8.89569653325167,8.68058393856583,7.825294880654141,7.415077897337765,9.615792498860078,6.170083233606231,8.671710046743982,10.179973140979282,8.309569818905329,5.0071242658302095,8.171898177195166,13.778235291231455,6.506374066957713,7.87907099029564,10.53335073167644,5.098001236586565,5.957283010159846,9.030693677405667,13.145778871086163,9.911196603717347,10.586124044513811,14.579077264624818,GSM269753,GSE10667,Lungs,0
10.029781340918113,12.886773292254079,9.484526003394896,10.385490510229975,8.211327061716165,7.877850869691614,12.971122144196613,8.10295986939177,11.276433031613873,12.360682219448327,10.837566577040711,6.568334526313982,8.445238390131955,7.2710061920051245,6.915800512981768,9.700128849568049,10.365085982798918,8.574395422932556,10.440518839788133,9.831920523033833,14.68681392782519,10.714602681944562,11.781965484302134,15.181510691371138,GSM269754,GSE10667,Lungs,0
9.03414622522932,13.035905983772746,9.356240996620485,9.285421614541582,6.551404014214194,6.403289221410801,11.22810181460583,6.370745845820027,8.756033009552368,10.2803700960785,8.433168094510666,5.433638296958934,6.309812656282393,12.904513355266218,6.229587249501022,8.20048109297775,10.036482719901072,6.145900184231562,5.768188129187026,9.279916887575084,10.06226421309551,9.723164475116873,10.61451867681582,13.20085541977849,GSM269755,GSE10667,Lungs,0
6.691719719045123,11.668578324784903,4.954226252175763,6.831190358458118,6.428759296173039,6.496932255721296,13.667770764045288,6.528777211946736,8.454748256326297,10.108857179207048,8.374469316414109,5.678428177093338,4.907586821325992,10.931239793633596,6.490412965235609,6.9506019472240075,10.544125429575926,7.227554710927276,5.598147531553883,3.328687757741995,7.452465406204359,11.099098547998977,9.484819961717124,13.297510551554968,GSM269756,GSE10667,Lungs,0
10.969741941554775,11.521481402663504,8.079398321313457,10.562813002774718,7.451242070948882,7.412579502662922,11.031542476137838,7.315530842636396,10.644351647479228,11.931293535596597,10.04748702653052,6.645097652062415,6.331297107190392,11.580899059101137,7.463223420653524,6.234857128236142,10.55662375753512,7.252149815972964,7.632229362732735,8.395368761144104,13.095108396798969,10.381436670532631,10.824087923634123,14.358230858369279,GSM269757,GSE10667,Lungs,0
7.087382974618452,7.467505927450391,8.473965843813371,10.538208621652355,7.12295520853122,6.72108288559882,7.332207348605463,5.621436113984952,8.01172432235003,9.009270515764538,7.011795131651583,4.757761072723473,3.756446438036898,7.284283066981131,6.362513833688765,5.028295648916082,10.39346827027568,5.580027997370625,4.2461067267242525,5.896296018234732,9.208903563509747,9.000874959991007,9.224881371461757,9.13587884639975,GSM269758,GSE10667,Lungs,0
4.805837829806161,11.917137522719244,7.064010517447591,7.06994827476536,5.896781676950919,5.748622350910635,11.415404014643507,6.478324366122301,8.659802141024656,9.47847908588912,8.180687543792335,4.3740083927362345,5.7027399819221625,12.874200630372165,5.4571570439917965,4.649753865926345,7.249620551053978,6.501099018568992,3.2541008216709715,7.6574595429763646,7.743979027166574,10.029163370442227,6.225389676311273,11.838593195360374,GSM269759,GSE10667,Lungs,0
3.5754658335429834,8.64681588932922,3.521654336342033,6.685780480083267,5.696628714192138,6.105691703823887,11.70367343277591,5.210209901280954,7.507099552765789,9.627225977309088,8.04679903600015,4.786786688165627,4.831809197121194,11.59650212304346,4.473513028567721,1.3195002182503401,7.899070675849185,5.537713577636092,5.461378768783511,5.043298978321747,10.029274255396999,9.755614912023203,10.324985379981372,12.581858531177831,GSM269760,GSE10667,Lungs,0
10.120109133142366,11.202405988441619,8.479745614730206,8.592029961916973,6.844802750800648,7.6970360331951975,11.560173329100172,6.228776399995542,8.968237370534638,10.689749384621607,8.465072148543882,5.34186311774242,5.4283163142282325,13.260112327824581,6.9982328452943,7.835038148704729,10.486273416737925,6.352927039289589,4.273815095453843,6.106825290701771,11.210996595098273,9.974473288573076,11.532360687920598,14.940701066524507,GSM269761,GSE10667,Lungs,0
9.406007593493126,12.53543637343272,11.106786280952889,9.02355314877725,7.7869216119991265,9.964335561015574,13.649381581767464,6.504958356557104,9.011529093902194,10.854809373110847,8.712256894855198,5.735188300567085,6.154563000693786,12.357822515358023,7.070000491202962,6.804370101540038,10.4183201008062,6.387907557304765,7.045612622912941,9.952689571948632,13.234023608304094,10.035775031304532,10.252639285765996,14.938889629053772,GSM269762,GSE10667,Lungs,0
10.139285903561667,13.166662300902583,5.881450991491464,7.3597658892917295,6.899515657151899,7.016841766092166,12.907109955698195,6.644082434352214,8.502529738760046,10.7194909265238,8.534479031906116,5.109636420169197,9.095066570489298,13.567094930717218,7.37456705177179,7.103429916639975,10.492469672479503,7.612003324575848,5.549753866673057,7.190183322528289,12.21006868187556,9.724023651348903,12.853104299990527,15.160125214312759,GSM269763,GSE10667,Lungs,0
11.795236966245927,14.181293786315997,13.077683474336482,9.59932839808386,8.523852625709305,7.136149611795941,13.44239048864494,8.304501739233913,11.895349809745005,12.840328145082358,11.098521049700263,6.082371961967703,7.733280412720791,10.8371762702823,7.5771949743574245,9.223898195307958,10.461507262613907,8.25661529593345,13.256532505446938,10.674020757014205,15.508202713878127,11.086897122753685,12.143741833179913,15.203051321161245,GSM269764,GSE10667,Lungs,1
12.497659021527003,12.726676455003503,9.895534972278455,8.631353995402701,8.347735481324504,7.742924029140516,15.536178990305249,7.453490035829307,11.128632019810071,11.611497961635239,9.965971797274923,5.943233164228852,12.5973762484485,10.079717723344068,7.801860160805621,9.523204271816562,10.482923063082042,7.969672621279618,8.963000409501442,9.792217564692491,14.174073765863234,11.110090446642216,13.409526881908866,15.241877422566192,GSM269765,GSE10667,Lungs,1
10.179413596211962,12.368928331364229,9.909235917137106,8.719451245007852,8.354957588504405,7.27106255119992,9.921990673650903,7.55473572250304,12.416919838913463,12.829765023490019,11.366752820731666,5.8034539379446795,5.3604311824057955,12.801461064547436,6.827177984873935,7.48996291855418,10.412036340383954,7.695053499083169,7.360948877944573,2.8185279177496962,15.2294449201989,9.967938463335035,8.85516891202795,13.460233652485806,GSM269766,GSE10667,Lungs,1
6.793007062598908,4.747637243910459,9.41036727354557,7.842611571277834,7.251187929813171,5.988635610873993,11.192147399499582,7.752258586734834,11.955750693736668,11.661264652070022,10.578887564698729,6.010465433045297,11.11034411705873,10.113543866163964,6.124475308375135,9.298194187677439,10.332963092217307,7.17284370721322,6.416385374120943,3.892548477489919,9.978204108096989,11.1213410573348,7.86982145601381,13.857394361188197,GSM269767,GSE10667,Lungs,1
9.01580180051218,8.50209673331964,9.388403803323783,7.589282169562716,6.539742498801973,6.539230015564307,13.796660271372211,7.9751159449864595,11.87482094111734,12.320448128317343,11.198903848025473,7.557096715855979,10.903840319917409,12.212242314007517,7.072471997282169,10.582040651511598,10.388522199368083,6.6104304104288865,6.884997110463217,3.9280622879774705,10.74678117095313,11.053078598237466,9.789298097453074,14.770602820337562,GSM269768,GSE10667,Lungs,1
10.044331082646327,13.002362962226677,8.40416973225496,8.635437363250409,8.384999086311705,7.994123161312863,7.735596420781097,7.040432028537822,12.020666004708767,12.630137099190907,10.686894872811406,5.314993236273852,7.993284531483648,13.052908474518553,7.1818823048471865,10.346245832681213,10.40041592168184,5.641015989651555,5.795687110904984,10.397269140404298,16.226185925794418,9.306715206563986,8.571990301460277,15.20563165914756,GSM269769,GSE10667,Lungs,1
9.064819666532244,10.020689314137257,9.482284446334688,8.711891890885322,8.489294442792781,7.575723744474206,11.448819293106363,7.819133288665751,10.604116708607044,12.004965422492084,10.053182204629476,7.1682409779072875,9.927002355998154,7.26891724327251,6.356904537809071,9.103326176210201,10.497005286085708,7.843536444210126,7.897952666951846,5.870385138385809,12.550703206336783,10.862393385658388,10.81154317199875,14.611028740058284,GSM269770,GSE10667,Lungs,1
7.510874945866798,8.676934995338716,9.807899342450963,8.936349625760785,7.628140324935097,8.535295064611201,10.29791551177907,6.8472168056093725,10.372438941971152,11.311679536365746,9.471628181995971,6.5120019364316235,7.80741985104565,10.886767842137987,6.178310192285249,7.512213506978499,10.483865970912108,6.643352187915523,6.196295698234231,5.015689187294247,11.55589560325166,10.203357398253685,8.174043342078965,13.730598004015903,GSM269771,GSE10667,Lungs,1
12.64070132261174,11.596005784751576,9.680195040531105,9.598972566688719,7.248931398168374,8.703235808805353,11.031474494890862,6.947617311477555,9.331945636748262,11.205670508105817,8.877978683380046,6.323715397139803,6.434881349076566,12.534090332045567,7.640061419854276,6.9343957332875945,10.34825608722216,7.635063319051778,7.008342021407572,8.418411091791455,12.942152041610631,9.749072492590786,12.600142758463324,15.208691637715924,GSM269772,GSE10667,Lungs,1
9.010555415290314,9.185677125876698,9.14816737992741,8.221364622397722,7.749842525201814,6.5957112021665525,13.611636433046069,7.762284767307896,11.119377261532131,11.54260753557017,10.585118640661811,6.869197223539691,8.381636253098467,7.966411797409538,6.653920560052664,6.8785738805889745,10.432697784322837,7.98503328207174,7.918633294829591,8.119944022441418,11.338015153299894,11.08453041601802,10.984456113898336,13.773469312189633,GSM269773,GSE10667,Lungs,1
10.515700812549856,13.339538524078975,10.259173863453505,9.185699006950447,8.238187068569585,7.924399248017173,15.13937971859178,8.226267535157097,11.323160734825237,12.333870487759317,11.03770954325143,5.979847976232805,11.22132565997308,11.439017907023654,8.239873223308377,8.761377317709007,10.256641364673847,6.71908786255158,8.314224151527629,6.227773349948993,16.208136601590006,10.425651802058438,10.686964949597517,14.161197798697756,GSM269774,GSE10667,Lungs,1
10.863359744067319,13.963732254908116,7.963819476253355,9.17519175165499,7.962794125698236,6.928174175757209,12.494181699249674,7.8874965976319515,12.459694436385835,12.84031121737087,11.58936727178306,6.351940647266054,8.419759022241237,13.47293515114993,7.514963556709603,9.425918971376298,10.407527290382536,7.678435683595753,7.643682400552692,6.426893281148292,15.88249022767086,10.663451593624798,9.693972102311278,15.328270704594328,GSM269775,GSE10667,Lungs,1
9.409474122007962,12.891780415585627,7.667758357050355,9.441440175901588,7.738788246170226,6.233002658824903,6.753624915972682,7.106588908515757,11.087721081024856,11.885228671226864,10.366678823251831,6.67154759998825,5.666042546452063,10.525299957588041,7.0437604225632535,9.473308521512035,10.413475602239188,6.170335339447944,6.52160123670169,12.153812381321169,15.697190905516575,9.352834772069953,8.22177799203034,14.753442890582228,GSM269776,GSE10667,Lungs,1
8.116318027447646,8.997457045249815,7.079537606994922,8.970136602420627,6.924660609520231,6.509830909860054,7.666245812487155,7.150654286598867,9.655527783343183,10.625681999066591,8.905742839927866,6.774823003379243,6.153701895561734,6.260481549556693,6.03178309844831,5.412289444311947,10.384761003863662,8.019404074661052,7.026516745532599,8.633422967387979,10.366180849810123,10.240222260092372,10.131844755723392,12.417053070380856,GSM269777,GSE10667,Lungs,1
9.951565939712653,10.89832664505627,9.155527211276908,8.913721213677283,8.10933639047738,6.847115672391554,5.647417311198311,7.437351856429841,11.492148227737324,11.772097558701104,10.018188058309056,6.517469053972105,6.825973872871787,10.128914245227612,5.812062666661747,12.218461519574905,9.743539008484278,4.954090525587297,7.056031226637639,8.047722098258397,15.195250277237218,9.692003364780245,6.218643232449475,15.172927602498227,GSM269778,GSE10667,Lungs,1
12.390654803184415,14.544777036010588,9.398732651774454,8.754776375358512,9.306284640745956,7.864993187900705,8.544312655607012,7.901922616968357,12.093824573034986,12.780596672731516,11.192226441626977,7.331321311453991,4.965703492094505,11.99444943427028,7.57888936312066,8.41046539243223,10.428641238992128,6.916970283749571,7.265553543651746,7.55400246871546,17.21695149779126,10.487757848080948,11.810272994751584,15.240339916186905,GSM269779,GSE10667,Lungs,1
10.373032580188081,14.278650303062932,10.021299540518477,9.795325090011676,7.996650469591439,8.009064729042512,12.779728885435738,7.75160968738601,11.280643167353006,12.37873360074331,10.937922196612833,5.759551818074871,7.6272609540570695,13.76759716514859,7.65196763116152,10.238102269598265,10.367227782360082,6.687395005679828,8.822175046205206,11.727921008677578,15.498206195759488,10.289638314567675,9.341363653053932,14.637439731808866,GSM269780,GSE10667,Lungs,1
11.048249093917448,13.639381979227558,8.808220256630422,9.718376055414584,7.619155192092233,6.355075570944924,15.054922102146202,8.452760187120518,11.432227423925243,12.8281611804278,11.395976281563012,8.673587822484752,10.321663604152102,11.100520988552425,7.8286127406497625,10.24051878726858,10.328621063689015,9.51735959766007,10.09100083153996,7.886640912220989,14.570829588153178,11.181495917823138,12.62232539311427,15.293197869933463,GSM269781,GSE10667,Lungs,1
10.052964396124175,12.326223972104021,10.33986153837194,8.68069039158647,8.330795674961843,7.035521998619654,12.257226241834516,8.087922137300405,11.638522753881904,12.345314730183313,10.752927811523447,6.923513182692899,12.22514707382666,6.906118221481723,6.556736762443917,10.992568355730901,10.324544796368926,7.258264053789597,8.27772367975175,8.018836372425897,12.986677150620489,10.549823353972553,9.931586248207415,14.347789509437835,GSM269782,GSE10667,Lungs,1
8.044756604869537,10.859693315909224,7.464463465033488,8.535857797065457,7.9010740239189525,6.311567839704502,14.890078521311214,7.903317381472514,10.962894878141912,11.542832371034333,10.448316021135481,5.592097868361301,13.440570628351729,6.590111304634508,7.078449798374508,11.071394851677836,10.192965835294052,7.345784941031546,8.861465013384649,9.238116956713045,12.352049938087397,10.48011327249494,9.243169412901121,12.898831987189231,GSM269783,GSE10667,Lungs,1
8.103031462047262,10.511736651824819,8.18769840756847,8.677272406273069,7.842248498741134,7.379370799192375,12.74459907019227,7.221604469991668,10.287035241263393,11.045682714875781,9.480067349727063,5.449107111503681,11.145538520037832,6.460010806633585,6.438784188960025,9.272611207344761,9.711821371213937,7.92585569682575,6.939096285113326,10.292362555625735,13.563415105784003,10.363543405761483,10.88482380801709,13.532947232498312,GSM269784,GSE10667,Lungs,1
10.882525088228682,15.224637000887675,9.227460594476193,9.128630460219526,7.588993325145135,5.806171996616236,11.407362046496303,7.9362249681417785,10.737167371556144,12.01628205377678,10.433396556357447,6.258901748546235,8.920242670564331,9.597447136305147,7.5670440788226125,8.844602087303706,10.485665945134917,7.468238396083889,8.121955737919823,10.866070315783979,15.246970390068558,10.07442772095474,11.699113195588671,14.922029884187,GSM269785,GSE10667,Lungs,1
8.841236715339255,9.930191963694407,9.622078844552382,7.675296901308913,7.707906665890154,6.008263336515331,13.718338723557073,7.801405611218021,11.000176952924887,11.684085562419819,10.443532934939169,6.459950514050107,13.697643351441048,2.4108116968791453,6.56769196905009,12.339802145202908,9.600585487402356,7.793911352762206,9.657625322922543,7.7117914601790885,12.531173943046744,10.338337760072568,9.39001205180399,13.084508899475189,GSM269786,GSE10667,Lungs,1
11.212774843947804,11.840157392076083,9.032134110651175,9.022230585201392,7.045629851266874,6.493858401548173,11.271998249014748,6.850609641919531,12.539873916396218,12.856433945367396,11.629183731490048,5.647590556604959,7.092425014402203,10.581797403154079,6.971647502301192,7.50663628766975,10.456094896940616,7.3203845057061026,10.109543852534937,5.740603324205942,16.70483341026688,10.44267260369305,8.920822356355222,12.49490650743144,GSM373881,GSE10667,Lungs,1
8.90378061235856,8.11187406878063,9.801124576733054,8.683789064605785,8.73185819516852,5.721457219618073,9.424909220069708,7.286294997323524,12.24738406164715,11.971981808690817,10.880211038897261,6.60113027048933,4.482172074624256,9.70623650942395,5.6625624109345365,7.946818612343499,7.393492442719925,5.782967209024271,10.521135279738994,4.089853385484524,14.704190477062905,8.78753203554763,7.7117176894549235,9.459915909773253,GSM373882,GSE10667,Lungs,1
12.32797129006076,14.699330244192941,9.303584950414521,10.055751864711269,8.383709112600394,8.605667502002104,13.93477354162005,8.209212987544717,12.205607504579733,12.857093032662814,11.633906574235686,6.31999539678917,9.132625469290545,15.578087677666781,7.967198821908314,9.73429046032443,10.310432834965827,8.061858942158352,10.206006549585386,9.868408042338555,17.868604613636315,11.092074397953159,11.350130972912286,14.991755626388933,GSM373883,GSE10667,Lungs,1
9.357677573118474,12.145214510808072,7.747017336954162,10.393690774704847,7.974708308406965,5.7796919735574415,11.003288314725479,7.685867208775326,12.539587271601704,12.833896099552526,11.593821829777772,5.387122498640675,4.948551272195276,13.577354236354953,6.572434846622575,6.323169764532627,8.877003750801428,6.238091133527272,8.837491043244826,5.402500816471588,18.692736748754648,10.486708503069915,9.448495272625074,14.338286336404748,GSM373884,GSE10667,Lungs,1
11.254513089926888,8.970701174228495,6.896911542075437,6.425936046695031,7.5380351415988915,5.773475914466645,11.66313304618362,6.251501709113899,8.311690388676487,10.167979847710363,8.931792611196586,6.05233636121375,7.688110396970863,9.823583866170594,7.894374425616312,6.380888336687418,10.492598438717378,6.715413659092767,4.928471826855952,5.065803792562942,10.97800678803271,10.774389519545311,11.198705418110935,12.91169030621053,GSM373885,GSE10667,Lungs,1
10.24163364903962,11.117198111266411,9.965086680213822,8.435146232972054,8.247473447047469,8.136537246483709,14.038293732375642,7.564923958238064,10.348000390564488,11.191841547900866,9.858664895503843,6.987224101340192,12.066063763506097,4.025172853167103,7.365157741421114,9.798335464455736,10.333911920850836,7.248056758273522,7.921225287702188,7.979641056780069,13.599885553948374,10.220193953812208,10.656857169672366,14.156049310816003,GSM373886,GSE10667,Lungs,1
11.301680199970557,13.953198524104476,7.174837942984959,7.510000212681568,7.1306288800231705,5.766582378267127,14.290633449328247,6.983414467600006,8.494178021739678,9.71506318585827,8.374519684715963,4.617217290852306,12.335930011026804,8.890026984686457,6.870784196982331,6.973863003690719,9.572993442527785,8.027176402636453,5.425594402405434,11.370850851491383,15.443304326487299,11.105736045481288,12.480257484520141,15.171519794656405,GSM373887,GSE10667,Lungs,1
8.715309396561157,10.97078483319956,5.982371655405276,7.977022435122926,7.898092180919155,5.750568796332637,13.631801079117961,7.552369355975014,10.169674866997061,11.648384414642058,10.313221825151317,6.425583204452775,13.118623020984323,5.1748261652876275,6.911921067664804,10.3779703736751,9.403665190244453,8.08522664369269,8.582690044066705,7.772095411898291,11.575037931948174,10.457171555462626,9.947272568419928,13.621383335867364,GSM373888,GSE10667,Lungs,1
9.86786552189262,8.518165475783157,12.592848750722236,8.827618753854509,7.5677397647664755,7.581707206201297,12.21129222951054,7.941117215547985,11.27522895840867,11.401874455855106,10.622886409885705,6.637283412065829,9.821601733017589,8.624514376713991,6.547315714491817,11.082450673672836,9.875983404316862,6.75884454709179,8.88739729150866,7.92653261779063,13.581225691629722,10.494871378821678,10.141263475829039,13.122806762834525,GSM2978752,GSE110147,Lungs,1
6.316586487694598,7.383095455831347,6.791634286840522,8.827618753854509,7.010309447807951,6.140385956380186,10.954948930704823,7.476334370960136,10.278490837365263,11.401874455855106,9.867869958444755,6.899791332508823,12.60246480778643,9.54856018696199,6.297962791950532,8.383805133391403,9.620904064304014,6.450639714760112,10.46063872894124,7.190911484664769,13.384519501495983,10.63749411276014,10.141263475829039,11.211710639129675,GSM2978753,GSE110147,Lungs,1
8.134205339185089,8.50404950474707,8.972054356130105,8.827618753854509,7.482311148160549,6.569262419118186,12.048267970848862,8.020160118323727,11.089472616710038,11.401874455855106,10.380932841865299,7.091775085901372,9.858761713327338,8.746818854467374,6.677175866191309,8.304566883710127,9.695424369575967,6.843382412857186,7.351764372495754,6.748475675761121,12.804831169233138,10.469175851052249,10.141263475829039,12.57105305759831,GSM2978754,GSE110147,Lungs,1
8.321877657641096,12.957239288291282,10.173703446638418,8.827618753854509,7.232695572584369,5.680431669545972,10.550917870586588,7.9014415269404275,11.140902664340478,11.401874455855106,10.326437032165595,6.880085706780111,7.444636388157513,10.604052004187942,6.828547663443087,8.142016989477598,9.928269782442102,7.412550741549439,7.276547335656408,8.785650851382089,14.839790882917828,10.719937418469874,10.141263475829039,16.254445481365625,GSM2978755,GSE110147,Lungs,1
8.813021816681294,8.819070544961123,9.627002539571407,8.827618753854509,7.525000903306794,6.3632099708136085,13.781460779515038,7.734395273387978,11.604037514853152,11.401874455855106,10.633942112751173,6.881605120389088,10.979272106094209,9.894268611792542,6.564835784468396,10.107537208844288,10.209736640387314,6.206760525766761,8.218339380196621,8.11542131839144,14.186230135878887,10.496461655784605,10.141263475829039,13.140896106834262,GSM2978756,GSE110147,Lungs,1
11.449348107906054,10.617363158842664,10.250008089369445,8.827618753854509,7.587226786814638,6.807189558803493,12.680987812298081,8.112247083107432,12.882120472291357,11.401874455855106,11.393654791957985,7.507416522535113,6.458218343860398,10.663951978787296,6.978968447722128,9.613541605717684,10.57048821656449,7.763929217621933,10.569990299293751,8.149010696736998,15.670058091621312,10.614142151041342,10.141263475829039,16.69720371069237,GSM2978757,GSE110147,Lungs,1
10.53543932733755,13.817606582716921,10.180236038122226,8.827618753854509,7.803842919762431,6.424332181746424,12.293159686345003,8.112438043474667,12.118205780238192,11.401874455855106,11.153364471271324,6.17185196024566,8.884344451871685,12.56063145324402,7.514616458703328,7.021704766711166,10.295496073667497,8.13927902480328,7.850123298174485,7.85871231772047,14.126028421575413,10.613807355891252,10.141263475829039,15.532020251154172,GSM2978758,GSE110147,Lungs,1
10.428473333249656,13.876419327954512,10.335602424932958,8.827618753854509,7.442093077457202,6.940042276394275,14.924383539164689,7.772102601287128,11.775515077261069,11.401874455855106,10.950448296554656,6.9784268306718005,10.292835045107575,9.808363282367129,7.5913672239676995,7.351220972772098,10.477276752757113,6.72600845222589,8.334533648092249,7.599391319006257,13.47631572355839,10.703699853690495,10.141263475829039,17.488540727569458,GSM2978759,GSE110147,Lungs,1
8.617640237390116,10.132562790092804,6.805022373569697,8.827618753854509,6.8751279513066965,5.905596481627668,12.408001535515574,6.26752586785267,10.83840408084833,11.401874455855106,10.38631393618035,5.903593643682541,9.061307764125596,10.659235116675985,6.617449572593781,7.245870118082226,9.77959566520281,6.767933735247752,4.763119255799504,8.098924488644647,10.616557081359263,10.633978763684192,10.141263475829039,14.175032318729953,GSM2978760,GSE110147,Lungs,1
8.118385293512931,9.763860011883683,9.361699841325935,8.827618753854509,6.957381026310486,6.919821769049623,14.786705975761357,7.8889262782571095,10.883355793430203,11.401874455855106,10.424764301013354,5.995062342942865,9.171321371460062,9.363851206054578,6.862301926700717,7.89161039957573,10.048601750791075,7.461082517814292,7.848991621273123,7.487991893688312,13.760919454508645,10.66285484537948,10.141263475829039,13.945900628066704,GSM2978761,GSE110147,Lungs,1
9.370457588423854,11.248568267579078,8.17281786877457,8.827618753854509,6.81503819243328,6.5704203668910015,13.162338137204413,7.1899378878866145,10.200486394943772,11.401874455855106,9.711329032915986,6.473280244672412,11.718535764219006,8.170359865465937,6.646944369297471,7.575986613913463,10.449545426041158,7.995240640276178,7.208067724090288,7.447757958916962,10.702378700992895,10.82456090287309,10.141263475829039,15.762300471595188,GSM2978762,GSE110147,Lungs,1
11.96610949826309,10.867323027221573,8.877369037741218,8.827618753854509,7.32639860300411,5.241830935726586,10.732845552440947,8.00620532225665,11.669481919935588,11.401874455855106,10.933815823217222,6.330618994586606,6.532885594015502,10.512970649082863,7.758665139875557,7.237937717545947,10.626683856605636,8.209201251589493,9.733996885997122,8.843893825293694,14.019650119008876,10.825565288323359,10.141263475829039,16.231474885810417,GSM2978763,GSE110147,Lungs,1
9.884769682369726,9.111880024934226,9.31515202215994,8.827618753854509,7.522038155729543,6.766449718882496,12.615275912628286,8.687801629949858,11.889348678828702,11.401874455855106,10.76954568949047,6.529428421422552,12.020870598826365,8.629356465253034,6.708170852373119,9.762584980118179,9.962353659771404,7.528143333514368,8.24360472497121,7.645307495134838,14.96935874406384,10.565010962765593,10.141263475829039,13.417002665407919,GSM2978764,GSE110147,Lungs,1
8.30806523197809,8.427517681165316,9.08757938651487,8.827618753854509,7.305086462973278,6.944549556972333,12.516210604618532,8.309244735797538,10.83470217510629,11.401874455855106,10.23065355335768,6.480900688311274,9.397676973222252,9.505357069393815,7.010847474132113,8.252556062896602,10.055442959143909,7.8519596880954055,9.139050652690539,8.318194850695804,14.361164469704391,10.537474061670666,10.141263475829039,11.699491235744627,GSM2978765,GSE110147,Lungs,1
9.261042297924796,10.174249373378697,7.581432048858236,8.827618753854509,6.82079181549076,6.4864878299388495,14.677359858646806,7.7800201118978185,11.364603539894986,11.401874455855106,10.925890938862329,5.682764407313441,8.863854369270983,10.415085324737579,6.770013484698705,8.19990207447203,9.47271860480421,7.369868026181247,7.3694501138379644,5.648228780703997,10.440306309710474,10.60301021230084,10.141263475829039,10.249587244299569,GSM2978766,GSE110147,Lungs,1
7.345572047187989,7.950128767321315,5.933008346109377,8.827618753854509,6.7898384692555025,5.9519019414889724,14.9598215355259,7.013255480418371,10.114549297360776,11.401874455855106,9.979405367884004,5.880942693111813,13.572097191195967,7.923037670691601,6.370628219796818,7.544085500405421,9.44889654000416,6.7149976301542385,7.5453863948985,6.682167585084419,9.559305612586401,10.586605249946416,10.141263475829039,9.696110744396707,GSM2978767,GSE110147,Lungs,1
10.274890402549138,11.625731506619198,7.95403815094421,8.827618753854509,6.580972949444882,6.6395237017203215,15.736093688438329,8.491861603909046,11.406514401331616,11.401874455855106,10.91698767372288,6.775970811174313,4.59794265252841,9.273187272375278,5.510229370450047,5.907867097895972,9.018816647037093,10.331821243029928,10.245514845412618,9.356899405891966,11.122018573278204,11.152492752386527,10.141263475829039,18.525663116887333,GSM2978768,GSE110147,Lungs,1
9.79450708675802,8.904724159196244,9.98708991120932,8.827618753854509,7.081931005953043,7.052425465613993,16.270127237881653,7.18996726640465,11.165229473502434,11.401874455855106,10.649204852990229,6.684455360726021,8.130263106894407,9.606581765145334,6.715564643372407,9.572336000769791,8.695056461739176,6.572894906067758,7.9394468191796435,7.159750806254154,10.184056624184898,10.232308282363368,10.141263475829039,10.66472333247116,GSM2978769,GSE110147,Lungs,1
7.08381855039408,10.175663250929967,5.8802756779720164,8.827618753854509,7.137347480664552,5.984473891743657,14.851186073418592,7.11628594317047,11.081275539709814,11.401874455855106,10.533071053863571,5.199707757629158,13.12887856831146,9.102879330657258,6.067080952358559,8.411418462825786,9.337238246531102,7.192895361113718,7.259335319528723,7.574371127223616,10.10208305357318,10.702444371877656,10.141263475829039,12.094700332272074,GSM2978770,GSE110147,Lungs,1
9.090635511547536,9.313494402850287,9.130600103054627,8.827618753854509,7.152054821538364,7.398465083916054,16.323473740425406,8.216614268430167,10.915483046834309,11.401874455855106,10.478477406085414,6.664141969553716,8.435299082334248,8.541155317985835,6.661584611258022,8.879858872873365,9.85680358804195,8.6492413917574,7.618655894744805,6.544052460482079,10.70379640326413,10.759694342543096,10.141263475829039,14.745851618277008,GSM2978771,GSE110147,Lungs,1
8.600294400510998,15.471387228172487,8.648653819555252,8.827618753854509,7.090721036057926,6.4491346759770565,12.906691842598647,7.403681295857216,11.43454311623561,11.401874455855106,10.76416459517542,5.985104339905579,4.827192333753976,11.598099387539154,6.4218221857375575,6.954772457321306,9.434236807819513,8.027557753719595,7.169774935916305,8.01501977957136,14.48916273190724,10.671810615644395,10.141263475829039,13.711600553403533,GSM2978772,GSE110147,Lungs,1
9.697579192715919,10.015484607056834,7.501525787248303,8.827618753854509,7.083919811647165,5.7717601309825595,15.01653180510394,7.740917304391961,11.580900603965421,11.401874455855106,10.720333136027362,5.978769553935852,11.621526220606643,8.412923455986384,6.796132855076632,8.26541941511759,10.157938920001563,7.472023207261283,9.941251667351157,7.682242063956832,10.27458704064799,11.013469066311535,10.141263475829039,15.148411305382119,GSM2978773,GSE110147,Lungs,1
10.562783111862268,15.082958577675457,8.178654975233487,8.827618753854509,7.823960139499676,7.875601821572692,12.127671823658213,6.431869297745809,10.791072571718,11.401874455855106,10.039673624212579,6.7129969609807745,4.791228572955756,13.567201479368617,6.975619810494189,9.55389852925304,10.107362843964532,6.416078357327568,6.901278011551369,9.463808027556615,13.5057330456865,10.220339355747642,10.141263475829039,14.290459561394904,GSM2978774,GSE110147,Lungs,1
7.57821505384911,7.646259116181003,8.233126355933077,8.827618753854509,7.403569174567368,5.722952009805815,10.552812950605912,6.660272586216354,10.610736877713066,11.401874455855106,9.906026809042393,6.074328982143417,10.27890487595719,10.068709025625777,6.25902483826405,10.15423117740647,9.1247942942886,6.691362935643754,7.303970761963827,10.507003386406069,14.677058915069738,10.41878918096366,10.141263475829039,10.15374243434545,GSM2978775,GSE110147,Lungs,1
9.013623207996268,18.852721000992716,5.36313288446292,8.827618753854509,7.4860841499094795,7.408264061305366,11.46590988091297,5.951559906375956,8.850771561397156,11.401874455855106,8.929113595664413,5.773181204844476,5.2625004727719205,11.598349840394624,6.951911458920377,7.867127152515117,10.173087309925698,7.568427513119182,4.991296900794994,8.28712582133934,13.227205181612968,10.348733295807266,10.141263475829039,15.670992354263214,GSM2978776,GSE110147,Lungs,1
8.388610946745477,10.64046409367232,9.307278138128124,8.827618753854509,6.984798717978417,6.710768617376782,15.617319548227684,7.815215576504896,10.955939588157996,11.401874455855106,10.280550973369975,6.352802433277647,8.188800687506959,9.661890104061115,6.28865358045686,9.646428909562669,8.997792147795613,7.833290383410863,9.734681155751431,8.8757876961375,12.560074998549348,10.464656116526028,10.141263475829039,10.193194432211522,GSM2978777,GSE110147,Lungs,1
10.41711020399783,15.319258564550948,8.139658136337749,8.827618753854509,7.131806651631957,6.629774528536293,14.809446935993158,7.116153739839309,12.47279546595757,11.401874455855106,11.461750094563,5.258263620559675,7.2769727179125905,11.72708260810501,7.098447824015008,8.89949692393074,9.817710968882892,7.20136738217267,9.646226130972904,8.319248814818517,13.639402116974296,10.549777783436484,10.141263475829039,12.196172938137222,GSM2978778,GSE110147,Lungs,1
9.826869921305637,10.184830650536604,8.607322138075945,8.827618753854509,6.9336135706079,6.73760063297267,12.964539160188274,7.189600034929201,12.013494732106293,11.401874455855106,10.846935609548757,6.180197047298033,9.096769884483491,11.05566024473874,6.696906036738329,9.192352576161856,9.365091737681931,7.208436750738417,7.9880562898032474,8.288821328841093,11.863932551149414,10.577147286956366,10.141263475829039,11.085716922509327,GSM2978779,GSE110147,Lungs,1
8.207041793117305,16.690833811667947,7.756942662639949,8.827618753854509,7.564351429139454,6.940988556294641,16.179921428962196,5.831019846874428,10.210270002976298,11.401874455855106,9.866989415738656,6.433658612869129,6.781081848794639,8.684163898457875,5.8868037185552105,6.877849611039804,9.330885695917756,6.965539418490309,9.124891532389778,7.3537260293602245,11.21923244330569,10.760949824355935,10.141263475829039,16.947008937355314,GSM2978780,GSE110147,Lungs,1
8.38158427671343,10.072678234453448,8.266037700861009,8.827618753854509,7.094420378336703,6.798722843905488,16.344224866636925,7.809486765487884,11.09449663164566,11.401874455855106,10.187898313072633,5.917431995321209,7.311508732842214,10.369168967901835,5.518989405438338,9.040779409157903,8.719855842018204,7.4909029098198054,8.408066328613291,7.820036416869648,10.871186535717708,10.626696969169728,10.141263475829039,10.141625445190073,GSM2978781,GSE110147,Lungs,1
9.741746832917373,13.031262619443362,7.043375027100594,8.827618753854509,7.406106334094847,7.707923513438199,12.847802230998393,7.075772966798886,11.16972464476062,11.401874455855106,10.496381774442767,5.039631690025094,7.231863666010103,11.420319602299683,6.526714898265534,8.785313234049115,9.267360189784288,8.214026376166114,8.183731121468933,8.893475963588228,12.804527375889295,10.667374579905697,10.141263475829039,14.606879515167964,GSM2978782,GSE110147,Lungs,1
9.619201707558425,13.773434311477985,8.514921984768847,8.827618753854509,7.0287079465749684,7.044593754333337,11.484055272097924,7.695571561803463,12.27857762542,11.401874455855106,11.17704128625755,5.0020437348984395,3.1409858752125137,11.987428351363661,6.369061057574142,10.355285372620488,9.265894216565822,7.566842515801862,6.715735635862994,9.457484242820343,15.78453755002347,10.446911973571243,10.141263475829039,12.569387689420557,GSM2978783,GSE110147,Lungs,1
5.925662719511522,6.651117364851859,5.2764456438602885,8.827618753854509,6.377345436400672,4.584539936512213,8.780012969536017,6.484074924295705,9.377737843776096,11.401874455855106,9.670628392278505,3.701542563585343,3.174480021535321,7.892899843750326,6.00839943357615,0.9104547600428265,9.115631961673197,6.018524561178805,4.115405297208495,0.8114499479976542,10.195853932370527,9.905464517087724,10.141263475829039,9.530320470976957,GSM2978784,GSE110147,Lungs,1
8.282448000661244,4.60578385560048,6.141032884804799,8.827618753854509,7.618802146353406,5.380772217413139,13.906583437790397,7.767402038401375,11.30431536066753,11.401874455855106,10.981267291268132,4.9110425475178,8.508461411168396,3.947432527282837,6.336673038305513,4.371211041576959,10.000957621190974,7.65614940004415,9.931592936588373,1.3382945357724019,9.8725165500812,10.454779659598366,10.141263475829039,13.8729689871789,GSM2978785,GSE110147,Lungs,1
7.9388639122941,4.737000814149178,8.296191944440261,8.827618753854509,6.9642231726491115,4.914828974893718,11.309897418322755,7.101581994893475,10.664943354650031,11.401874455855106,10.348548437896536,4.583012837136984,11.36156070934311,3.6770686698054815,6.274964351469043,2.085907885996546,9.850695366298346,7.526123513924155,8.858263190815464,-0.1169549705303492,9.872972240096951,10.461977755325305,10.141263475829039,12.897178087993444,GSM2978786,GSE110147,Lungs,1
6.155695820160746,6.466036232495026,7.901131611550627,8.827618753854509,7.134933086920659,7.032528685603676,14.266459133458557,7.02903174460368,10.643789607552678,11.401874455855106,10.418013473599927,4.104911813377358,11.789112715399206,4.201266496299327,6.208540783415636,3.760158933239376,10.379545204859468,6.739586128360102,8.655298254459616,-0.14486210751868,8.765341708471304,10.528936785343364,10.141263475829039,12.277718552358232,GSM2978787,GSE110147,Lungs,1
6.975085850698131,7.856060301208462,7.578600431256889,8.827618753854509,6.136102487265176,6.3758353368526945,15.522328662259449,6.861383231431494,10.262361105203532,11.401874455855106,9.885970002959018,3.8762517530235403,3.7353140338114335,4.289008479998173,5.872980544078276,1.7038234471925202,8.963854867788156,7.276325131409483,6.093787065328572,0.6682024763629757,6.192212086181335,10.315421178373283,10.141263475829039,11.260638007662283,GSM2978788,GSE110147,Lungs,1
14.518196053903619,11.828873784469694,10.956968617172324,8.827618753854509,8.77319336258571,8.771840946680662,6.706937559405461,5.816800644145024,8.074098515625902,11.401874455855106,7.622740436895446,6.243568282589302,4.809557742890471,14.396450883822105,8.70525791146949,9.695223892320946,11.495639481850558,5.929764711408866,5.255688206634059,9.317032067337209,14.020409602368467,9.55878413916923,10.141263475829039,19.641459795981817,GSM2978789,GSE110147,Lungs,0
13.161847975717071,13.272442764318395,8.368596903281714,8.827618753854509,9.77119733929837,8.39310486761071,3.4302494520066578,6.690047714245796,8.05866950133677,11.401874455855106,7.669037415620579,6.430760039215083,6.677898268993736,13.37222393138703,8.099690355168914,10.441769977386246,11.703563350002794,6.3439820191768925,4.741959529550787,8.72475005490017,15.7198802000104,9.155439682097954,10.141263475829039,11.218142405885137,GSM2978790,GSE110147,Lungs,0
11.03332908960851,13.853956918470592,9.0633367656472,8.827618753854509,9.157368421359633,8.92441612956327,4.443501361334586,6.560135907490795,7.729530417593891,11.401874455855106,7.456787488219259,6.409979136163095,8.802731411004478,13.952356228935328,7.507919184247448,9.343411209076972,11.25961779367775,5.315879821233274,3.7724019238260005,7.7211012629159494,16.604273256140637,8.918739510984121,10.141263475829039,15.965015977369942,GSM2978791,GSE110147,Lungs,0
14.106232428024583,15.651839051772733,9.584851179312764,8.827618753854509,8.218668502505428,8.447503510830403,3.211841479780457,6.804286081628614,8.53006753430935,11.401874455855106,7.899240630418482,6.537376123377194,5.676083721951459,13.944341737560363,8.446475226494329,9.748563926197303,11.4814684074054,5.971746100530457,6.006779534261087,7.291404672538995,18.78748412161725,8.975487288924425,10.141263475829039,19.243494227987746,GSM2978792,GSE110147,Lungs,0
8.651689472745423,11.006316312302268,9.698016528363073,8.827618753854509,8.987133201451291,8.793804601210198,6.422154409502707,5.4818561600170845,7.00787033536769,11.401874455855106,7.1679401291951415,6.224283417552306,5.132614186455603,13.793944797852024,6.88868918805688,6.145153068532435,10.705724245967856,6.214489141004313,3.8077470884429503,8.262105629556698,13.366696958657613,9.824611488340919,10.141263475829039,16.300960937364938,GSM2978793,GSE110147,Lungs,0
10.367281075370546,13.414355022408163,7.92455455363896,8.827618753854509,8.200932938969785,8.51760292976537,5.337410606446071,6.634845478856233,7.701065406656017,11.401874455855106,7.7388742360221014,6.308201799955722,7.356617784744702,15.173397383625414,8.108932593918027,9.656548079976517,11.128168861755418,4.980547689683032,3.7469260345116266,9.074024600261495,16.14681111254777,9.31798272746679,10.141263475829039,15.907589488481909,GSM2978794,GSE110147,Lungs,0
12.470022120561529,17.181289690622897,9.855891629013591,8.827618753854509,8.987706108441367,8.81072557995489,2.7342813149127583,6.399890780863672,8.058947144267421,11.401874455855106,7.56704121883074,6.916878891711302,4.744730362910845,15.484376345831116,8.136793255654482,10.900005461338514,11.490142082281315,5.374707066798243,4.260102032177955,10.345609402049918,18.041165140260418,8.649145716373917,10.141263475829039,14.968666395162575,GSM2978795,GSE110147,Lungs,0
9.544478090817595,11.127567714562153,7.950560725819749,8.827618753854509,9.484007249558765,7.210118030589367,3.310290886783937,6.640691803945389,7.801043303874881,11.401874455855106,7.64435286842626,6.1955781881396605,9.35168040361766,12.685106522411456,7.427417945287784,7.939504947678535,10.480819521368403,5.5167396582600645,7.486144425015589,9.283167741829203,16.49551523904739,9.594523521441369,10.141263475829039,12.745974142751257,GSM2978796,GSE110147,Lungs,0
9.65148423730567,9.146953309996425,12.097588896746354,8.827618753854509,9.44144844458168,8.897148327171159,5.935545237542773,6.285079532379153,7.487743088271147,11.401874455855106,7.564722456371346,5.789637623009379,7.695996836483276,12.86689355333841,7.4489831690357144,9.25829869521478,11.1859526394499,5.054383316925283,4.78175244757076,10.986419588658784,16.152735082752567,9.216623495776956,10.141263475829039,15.237422363158567,GSM2978797,GSE110147,Lungs,0
13.603925901733472,14.441970348463302,7.343874235355785,8.827618753854509,8.802166087512418,7.920575018942693,3.377755735471599,6.306246754624059,8.065874996441806,11.401874455855106,7.7199523516488116,6.088634845661771,4.498656433071519,16.647187211624967,8.600378593490424,11.589052361976012,11.636006417518548,6.110538564732978,3.3619716615763258,8.329284386247815,16.508679617280283,9.534511490787684,10.141263475829039,20.55166964485714,GSM2978798,GSE110147,Lungs,0
10.606308313660794,13.267220539169355,10.656494247668023,8.827618753854509,8.296518378071205,9.873186240192842,6.3298640125620045,6.735584417201529,7.946700073732092,11.401874455855106,7.251738443392261,6.461358691740451,5.92671100347983,16.214529903804554,7.263602612096984,10.59042745122011,11.531922319007558,4.360126438889111,4.328950096688705,9.452535193896304,17.377022258411195,8.074653978576485,10.141263475829039,9.668144044308242,GSM2978799,GSE110147,Lungs,0
9.180054949113433,16.263637293252486,11.176395952476835,8.827854671552233,8.661040686172937,9.921482796011041,20.58139861379836,7.517788745467173,11.887469036685204,11.399857310096474,10.893783919341761,6.062957211073644,8.031504635075848,10.622960564978092,7.437697300315223,10.20851246499004,9.652694000809841,5.887029498784424,5.436628766874563,7.99546920997303,13.48110545161888,9.620463065036734,10.145446454054978,14.387087372097614,GSM806204,GSE32537,Lungs,1
12.248110419973193,14.844802225200706,8.299875297754216,8.827854671552233,7.527877802159861,5.192744528358188,7.832729563170002,7.604792598925102,11.613075307719942,11.399857310096474,10.84500486807238,6.062957211073644,7.950087987963117,17.36691500559587,7.402131581897747,8.205447734122345,8.985462035523739,7.323258254442757,11.361295701787357,8.304303237345401,17.089759445141304,9.672429213636457,10.145446454054978,3.4845724850403013,GSM806205,GSE32537,Lungs,1
9.935994215375043,13.91306137923831,6.376285671329949,8.827854671552233,6.951766193357166,8.984878420829297,12.500678199605526,7.262518216706057,11.001093308095959,11.399857310096474,10.940829704829996,6.062957211073644,5.881242004683339,12.052524651599137,7.532651171139083,7.44735166108672,10.29223248039313,7.4495135627428715,6.599604194789658,8.970279700102932,11.87197505429269,10.802837296093212,10.145446454054978,14.806697853750903,GSM806206,GSE32537,Lungs,1
11.300749924826452,9.19127480624019,8.88467976341714,8.827854671552233,8.407949022000848,7.682994345870499,14.68049013915304,7.9948006499769635,11.09526556630581,11.399857310096474,10.770969658277739,6.062957211073644,10.458796227120757,5.575327519292017,6.7439438802838,7.159251287030005,10.664156842007614,8.271778485629833,8.609639180979539,8.223493759721535,12.667912546426209,10.652712866805121,10.145446454054978,13.817996756436163,GSM806207,GSE32537,Lungs,1
8.499996246221485,7.848159970162291,9.021115886414343,8.827854671552233,8.082445054238375,6.205485013603741,7.911845899418262,7.619751759499885,11.306327074837547,11.399857310096474,10.351395534541878,6.062957211073644,12.888314189406444,8.40359270219506,7.385314334942841,9.473884923411106,10.28144079010138,6.967791072697091,8.721277768207253,8.516742046894048,12.159930020514011,10.475883611153288,10.145446454054978,11.854709210321762,GSM806208,GSE32537,Lungs,1
5.87445579155113,7.0531867850636125,7.319269182968304,8.827854671552233,7.478451800428739,6.0349297093490595,10.672946676030984,7.407830318023802,10.077613159057067,11.399857310096474,10.250618509838134,6.062957211073644,11.881583818376837,6.609749070733907,6.7389898695902355,5.6361833726627175,9.713413170433014,7.810934509186652,7.795914762636189,6.071110424729106,13.964088671781962,9.75239934231492,10.145446454054978,7.248453729757441,GSM806209,GSE32537,Lungs,1
11.934477706814814,14.54616962715191,9.55360462799155,8.827854671552233,7.954451218424244,6.8925157408819135,15.19750225287829,7.690774338601741,10.7408804893582,11.399857310096474,10.473962186208595,6.062957211073644,10.93801385848559,10.482603144976116,7.558116945236994,6.2199986079800125,11.085145913480659,8.991538619554413,7.065613522977901,5.943026664034612,14.440001381228127,10.929576958511426,10.145446454054978,16.928549961907116,GSM806210,GSE32537,Lungs,1
8.298047631484245,13.175351396443308,8.842608156258805,8.827854671552233,6.282206846052286,6.911337073449569,12.046840437975623,6.618691611610426,8.596864541699157,11.399857310096474,8.535774867852258,6.062957211073644,4.430915926141336,10.561776040270843,6.667486582073685,8.420642234428614,10.38743414140724,6.441181391892086,6.139311899985559,5.233469221571338,10.172358954339238,10.079930428905953,10.145446454054978,9.070294479050457,GSM806211,GSE32537,Lungs,1
7.566967588249644,6.300018593666672,7.74201582561298,8.827854671552233,7.377140008206648,6.333397151081521,14.61757018042184,7.242610879133996,11.121699884399808,11.399857310096474,10.474828819099168,6.062957211073644,8.806555493665188,4.713028804809246,6.166063930712014,9.628220350617815,9.605977155418426,7.4950300131856356,7.4858865840929845,6.474714616444629,12.645185904836104,9.990000121745878,10.145446454054978,10.008242904044986,GSM806212,GSE32537,Lungs,1
9.40378795635653,7.224547988964883,10.038774219218222,8.827854671552233,7.934118580300973,7.381800936229253,8.364750885379644,7.387130125836347,11.420875786578192,11.399857310096474,10.647288764323143,6.062957211073644,9.350098099063555,9.036073437934771,7.34948472249326,10.425923122019823,10.562519769351635,6.388985107885585,8.057533036603196,7.309548909045073,14.88990471196561,9.861672604787115,10.145446454054978,15.228785906686086,GSM806213,GSE32537,Lungs,1
11.835092930478321,10.972146117784236,9.005327626027375,8.827854671552233,7.4073966216713725,8.26405958176454,16.735055745754494,7.078652365656624,11.377782340935378,11.399857310096474,10.289121771119294,6.062957211073644,8.340422068946152,10.659238115025753,8.307755924157801,9.356712739721766,10.628627712239759,7.642373588316198,5.703395215182518,4.702889260170794,9.360091949359502,9.82962681315062,10.145446454054978,17.2468803326729,GSM806214,GSE32537,Lungs,1
7.942618069546693,6.786613012244681,10.211692175103808,8.827854671552233,7.51199217130193,6.676018327795115,11.618950799488236,7.413619111962702,11.857868107569534,11.399857310096474,10.898983716685198,6.062957211073644,3.8298987166810603,7.536962339945408,5.777204079225419,9.078158886935565,8.839399406896085,8.252061682212231,8.544846135959226,6.996504515836735,11.56533373831952,9.086323232637971,10.145446454054978,5.683304380853164,GSM806215,GSE32537,Lungs,1
7.160620917512537,6.59583087190125,12.209842545667682,8.827854671552233,8.436327471634161,6.465528461819393,8.709453893792485,7.6472628594075305,9.24804367862189,11.399857310096474,9.298114680279502,6.062957211073644,10.478045766741014,2.4000492208418738,5.364581769666306,9.89438645556489,9.910082178960907,8.95520290654587,10.85361744868482,1.9305480223473985,13.403919042959146,10.706699921183723,10.145446454054978,9.555673216550616,GSM806216,GSE32537,Lungs,1
12.242377685103238,9.618999511227946,9.178542182180344,8.827854671552233,8.032292021346708,7.099324682038128,2.118715413381242,7.017793609576204,11.631386580149634,11.399857310096474,11.001989225964701,6.062957211073644,7.241622725497942,14.052001228438233,7.693074752290967,12.71998627804421,9.742492744797152,7.973057619448577,7.313323193338707,7.540971297889283,21.634666899429497,8.531555726253371,10.145446454054978,0.28835537554958535,GSM806217,GSE32537,Lungs,1
9.996917552311258,14.082601870348135,6.33745385170767,8.827854671552233,7.977861621793827,6.638271485542271,7.578929783544006,7.033068001504095,11.69072611712105,11.399857310096474,11.157983146267794,6.062957211073644,8.396697858263027,13.475952237217104,7.583306830119522,4.53554902451587,10.666419843903656,6.499734812188715,8.996918417589105,6.954696321746146,12.434501520021149,9.836266932138361,10.145446454054978,16.189332784888293,GSM806218,GSE32537,Lungs,1
10.201524071397301,11.470664420133703,10.013814165947498,8.827854671552233,8.14059542989605,8.816806004542489,16.806794674442624,7.627250444717768,12.330106186019538,11.399857310096474,11.10833746210784,6.062957211073644,9.103758794884017,9.9379586000649,7.249504869876173,10.616739898367443,10.528136284293645,5.678728408668834,6.635015670228768,5.125920227585652,15.22768994419189,9.694803527616894,10.145446454054978,16.22431909450547,GSM806219,GSE32537,Lungs,1
9.107144984721847,12.937801927535151,10.507448272497241,8.827854671552233,8.164405700403933,6.984729852751669,14.026529597731177,7.887392730754196,10.878696908171161,11.399857310096474,10.112204856743803,6.062957211073644,8.238625571167844,7.374164578039989,6.7369027076999695,11.639297340408984,10.369386701286308,7.89738510878691,6.932102305539206,8.144013871309038,14.73553189464614,10.452354493870635,10.145446454054978,14.763753284864574,GSM806220,GSE32537,Lungs,1
8.471801613815591,9.797500765291783,9.302543909352552,8.827854671552233,8.41116007629326,6.748299884510195,6.3681021680145955,7.317320709820696,11.080533941118013,11.399857310096474,10.836709953262615,6.062957211073644,9.222749721291096,9.345605767943411,7.163703323892965,8.186752463300916,9.944932408159952,7.8481415048339445,7.563877158915502,6.408456754078449,16.086756996297932,9.758606410064333,10.145446454054978,11.286219218001367,GSM806221,GSE32537,Lungs,1
13.737214360331208,15.820168777656303,10.010848163273645,8.827854671552233,8.130441228020423,8.255482332420979,18.366565187787252,8.09171996235994,12.207434428614594,11.399857310096474,11.25925538976615,6.062957211073644,9.18949117507887,7.996477973882428,7.930315487151287,8.827846826241322,10.876454707380045,7.624980205268591,7.456049927277219,4.1846449320089825,13.461156510667562,10.659352985792864,10.145446454054978,17.657181152539643,GSM806222,GSE32537,Lungs,1
4.157293234911779,7.034515553888536,8.32798387694026,8.827854671552233,7.266146584363285,6.258702157810255,10.023310821799544,7.350993149811825,10.670664331921028,11.399857310096474,10.26411322199134,6.062957211073644,11.31286610333276,5.87144377357822,6.011985801513874,10.439901956737367,9.15286760078344,5.710497955255789,8.07107188183132,8.375731724422433,12.047559403762934,9.480010113404704,10.145446454054978,7.046193819652966,GSM806223,GSE32537,Lungs,1
8.637894577729808,15.444066635343802,7.362116513902878,8.827854671552233,7.542273019138673,7.395604404302396,10.769870547769207,7.474496972973614,10.957999862453145,11.399857310096474,10.17571666715292,6.062957211073644,10.040649644052934,12.432446257819656,7.082064106507015,10.38938494834754,10.739500661383959,6.655758943979401,7.715392765071434,6.033438730407198,12.118685374665302,10.337884616538467,10.145446454054978,15.069095175879768,GSM806224,GSE32537,Lungs,1
3.886708149049645,10.346392121538067,8.19417152553916,8.827854671552233,7.164010823492575,6.260907240131373,10.060113061812128,6.637691464984144,9.302949960162959,11.399857310096474,8.840767742984536,6.062957211073644,10.773467971767225,5.896170262914185,6.0356642933034514,9.79613684082247,9.78546149329825,5.913442270629444,7.201001975259153,3.967035497749483,8.926854822454759,8.828051474097347,10.145446454054978,3.119468571588895,GSM806225,GSE32537,Lungs,1
11.323263938133932,17.25692537161608,8.679067331903632,8.827854671552233,7.601089840026848,7.044770598156605,19.375404472187654,8.257971067496282,11.993757024021475,11.399857310096474,11.499560309852106,6.062957211073644,10.798095051815206,12.518297110088332,7.531091797313023,7.45803467298468,10.123921714375015,8.343465684962409,8.510799922223793,5.762424129491338,9.915379558877774,10.539397792775171,10.145446454054978,13.700199503669289,GSM806226,GSE32537,Lungs,1
11.54439115679978,15.819740374646546,6.223513718221375,8.827854671552233,7.693241039626059,7.8947517001095395,13.219678644459773,7.482205812426902,12.054473348393616,11.399857310096474,11.698143046491916,6.062957211073644,7.310194928913883,14.809558293446742,7.541755515246626,7.666978474840013,11.026067420232113,7.4658259099238835,5.536491971908066,6.005443490901307,16.90929307636653,10.741055319424653,10.145446454054978,18.48168684399005,GSM806227,GSE32537,Lungs,1
11.302000703343541,11.389803352042792,10.704390850041028,8.827854671552233,8.571458330007655,7.667471955358061,19.695092133126504,8.464199239685922,11.888983502826008,11.399857310096474,10.958038557942796,6.062957211073644,11.715770613213722,7.120041242382751,7.333027331036675,8.799718683212117,10.39651443651511,6.786241586563814,8.385252731389874,4.135006934784823,12.53071096941927,10.680283795645531,10.145446454054978,15.506273890259276,GSM806228,GSE32537,Lungs,1
14.034639068539065,19.225580002435272,8.354426931547913,8.827854671552233,7.749985821706678,8.11729138601326,14.883580841526662,7.6667880983697625,12.11367520662496,11.399857310096474,11.54660609534034,6.062957211073644,9.666105665854488,13.389198958330324,8.510714425211326,8.736245681669445,11.16637353778671,6.876370935083232,7.28485179822662,8.042521894841773,14.51920793580698,9.91508225751461,10.145446454054978,11.829558107914554,GSM806229,GSE32537,Lungs,1
12.099215660668865,12.15057569686285,6.757827692213261,8.827854671552233,8.202817180052783,6.956115871135899,10.818968467048677,8.268908640202621,11.626017109286792,11.399857310096474,10.941077314227302,6.062957211073644,9.285670369480448,13.01210495551319,8.093210076058313,10.160382086917842,10.956437680643274,7.545983912688737,7.197987022330202,8.313536495757633,13.470331340050231,10.57418624225443,10.145446454054978,19.957343315075274,GSM806230,GSE32537,Lungs,1
9.937922498922214,11.553239100263637,9.277743563918108,8.827854671552233,7.845663122434537,8.787011348928008,17.211788910157203,7.208680522581233,11.29297223705048,11.399857310096474,10.055749914157921,6.062957211073644,11.759989751380544,12.018593410758537,7.592363193493956,6.352911186859433,10.688031512010857,5.695686150397067,6.8202361746942115,4.704218849382151,9.606465578745578,10.284908015049306,10.145446454054978,12.732895612880075,GSM806231,GSE32537,Lungs,1
11.35401224334554,10.575516331254397,10.24338277290366,8.827854671552233,8.751483362544866,4.9819247681769445,3.117887749944231,8.316594546709206,12.133500945195456,11.399857310096474,11.459695196885761,6.062957211073644,8.132444836607702,14.84697891721066,7.204630889235436,7.127315900398864,10.158701224764808,5.8129543396271295,8.513018472492266,10.653761239888526,23.73452440960871,9.301881704037879,10.145446454054978,6.75804477177583,GSM806232,GSE32537,Lungs,1
10.953033497077575,8.62656823888385,8.497707676100159,8.827854671552233,7.387524436616448,6.8625300938852885,11.874870523815417,6.940743424904304,12.128957546773048,11.399857310096474,10.648898225405636,6.062957211073644,3.3272185681634188,12.064978138928929,7.11717400795995,13.03610114606738,8.487163161777167,4.924391261876886,7.4088630696439,8.127763336503506,14.804806065122651,8.312677195359594,10.145446454054978,10.15141649297196,GSM806233,GSE32537,Lungs,1
12.553769420085178,6.166035552366358,14.314403966007301,8.827854671552233,10.896540332991933,8.089684449866978,21.963856952335785,7.825760224988873,11.707247565929796,11.399857310096474,10.487952117156413,6.062957211073644,9.345748114131576,5.438820452860602,7.404230738971292,9.62912954311977,10.709657323879908,8.076014184594012,11.598367708040346,10.812277820309742,15.07314878137917,10.404141456003114,10.145446454054978,14.817509073890115,GSM806234,GSE32537,Lungs,1
9.630595794120785,7.638599497891354,9.597706806211214,8.827854671552233,7.682565798752041,7.9229663361081,11.578841445741798,7.061352851096643,11.109171119053174,11.399857310096474,10.847728571442751,6.062957211073644,3.8823725506636855,10.36811528802637,7.157249915289728,7.6841394833143974,10.386528940648827,7.25676648121531,7.7568625893206065,6.078644763593491,16.130695170038795,10.09075670986423,10.145446454054978,11.120597331702005,GSM806235,GSE32537,Lungs,1
10.728622984804401,19.588437351696236,7.805739252290435,8.827854671552233,7.234181447671277,6.956654119576486,12.131723023811114,7.543905185448946,12.826988758942589,11.399857310096474,11.710028297562628,6.062957211073644,8.836491610441175,11.019246173873501,7.286857870601979,9.164702648215329,10.911686818149047,7.988902055582853,4.859691925262604,7.436672410864698,14.344802004789564,10.555853739831749,10.145446454054978,16.292114454128473,GSM806236,GSE32537,Lungs,1
15.336751620593272,11.816100046998034,11.929441215962731,8.827854671552233,8.170973215220865,6.703850981029387,10.575938006504709,7.870150530985689,13.003630582456102,11.399857310096474,11.452638329062525,6.062957211073644,5.765093981814486,12.389129780150808,8.15758822470809,10.027185385381564,10.578700232908332,8.760148539511992,9.646271015400238,11.359329914717708,16.360907632071918,10.320418216592449,10.145446454054978,16.647233004534634,GSM806237,GSE32537,Lungs,1
7.962734757363098,10.699931705336892,11.147716988161203,8.827854671552233,7.690611610262084,8.155993185176825,15.681782420417225,7.436812497579287,11.903990485493951,11.399857310096474,10.670687852368609,6.062957211073644,9.42993916108281,9.151283236178998,6.588378348359264,10.718058037803956,9.453733702862207,6.979408174547069,5.134991259218539,7.3791307444396645,16.10561169154305,9.4831858224858,10.145446454054978,12.211704708668757,GSM806238,GSE32537,Lungs,1
10.736805160936976,17.793750043087655,7.9540165705778625,8.827854671552233,6.945792420654679,6.609258158309291,13.789180588986394,7.351298828699687,10.868095645185548,11.399857310096474,10.326882204208534,6.062957211073644,11.249911203293554,11.111233527145268,7.674038396429738,4.221082067902489,10.867247118415523,8.069527969394441,7.42854559253857,9.58107821058896,10.543476594231013,10.493927412750413,10.145446454054978,14.44489736867536,GSM806239,GSE32537,Lungs,1
10.13820340897001,8.79889334955707,7.927390992728744,8.827854671552233,7.345356629304776,7.7225990133860165,12.23017325573419,7.078146084998601,12.837314664448053,11.399857310096474,11.91207756576473,6.062957211073644,4.1321370398290345,11.586331060688167,7.303903026039158,7.817506658444793,10.703151193428788,7.006579284985074,6.885854065327164,5.62473778004812,16.782865610928233,10.006889120040785,10.145446454054978,11.368354459892346,GSM806240,GSE32537,Lungs,1
14.123809153652726,11.585012323486993,9.599760192677726,8.827854671552233,8.864609411125828,8.08834751019197,14.694736167545015,8.443900251038787,12.849155036094324,11.399857310096474,11.660011199306716,6.062957211073644,8.92873184210907,7.127501302425717,7.954821646587004,10.340459026836134,11.345433562811026,8.677618711786103,13.24433290658316,7.371670271642581,19.984207683507968,10.587610830642692,10.145446454054978,16.8341770194419,GSM806241,GSE32537,Lungs,1
10.900657146674755,7.500296726242693,9.202156126545244,8.827854671552233,7.271005575952934,6.12330663072301,19.58298945732779,7.8979673097811975,11.15722099933861,11.399857310096474,10.40475535966143,6.062957211073644,10.737674788665498,4.734687043643672,7.109916922077126,10.51809251190542,9.64345812432162,7.907905039906613,9.075506294406981,5.683387437482627,10.156029441493013,10.28129925472988,10.145446454054978,9.778879865674835,GSM806242,GSE32537,Lungs,1
11.863600257513482,11.246752447036036,9.08655046848056,8.827854671552233,7.884377531733614,7.094463083219916,18.227751208753595,7.5376674256434955,12.310831162409334,11.399857310096474,11.411782778506954,6.062957211073644,8.992063512496717,8.611090662583743,7.668424650655919,10.396317541174941,10.866568217846712,6.1654365715919,8.525675586203436,6.257105182185125,10.534217592101713,10.458561561620046,10.145446454054978,15.315726135305608,GSM806243,GSE32537,Lungs,1
10.465803148902483,11.140972603877806,8.916507253648092,8.827854671552233,7.5535662364991545,8.518390651368794,14.243018350616294,7.4107724773194805,9.800300640802257,11.399857310096474,8.980790857161358,6.062957211073644,6.15090681861625,13.850278798405393,7.290264502652761,7.381662502820532,9.225198798885678,6.443940453581456,9.372080956578543,5.598515326157381,10.189361849158498,10.235540173879567,10.145446454054978,13.4698604523699,GSM806244,GSE32537,Lungs,1
12.094264662372073,7.90531607171353,8.091958510317177,8.827854671552233,8.28098514699749,7.269949437704499,8.880745425648314,7.925210940661963,11.250980221328248,11.399857310096474,10.708572090156501,6.062957211073644,9.036111391414249,11.770125281908067,7.595349994130027,5.346889683447188,11.273583252611695,7.875974144682852,8.816049684804128,6.020216704360877,16.30055577273819,10.31219024306416,10.145446454054978,14.013724887706527,GSM806245,GSE32537,Lungs,1
10.410768894150861,12.862224496564536,7.67131088494938,8.827854671552233,7.486352205706673,8.29378478596733,7.9200712848588655,6.693315470109916,10.843313471972428,11.399857310096474,9.97911480569156,6.062957211073644,5.875316434657888,17.351513591313612,7.7024070048807785,8.586797164160734,10.897048024634024,5.417359751907995,5.973404160036706,6.2077626492301565,15.04974875781602,9.443056407733792,10.145446454054978,16.458412041686536,GSM806246,GSE32537,Lungs,1
10.302889247052516,9.849873033234104,7.594286077049955,8.827854671552233,7.664511191598481,6.376370212063944,17.137590845615694,8.20773465276909,12.344149417506971,11.399857310096474,11.476161221806642,6.062957211073644,12.247016804513027,8.704100766022687,7.372635426218633,7.6398731733755065,10.362908858358889,6.65790488084891,8.129180833094052,4.1053127757310826,11.658092105105801,10.444270870755123,10.145446454054978,13.495311866447649,GSM806247,GSE32537,Lungs,1
10.517658341589852,6.955760800595571,7.506857444386867,8.827854671552233,7.966386646643208,7.668843620738914,12.615070415681522,6.890487905246622,8.497253973256422,11.399857310096474,8.752767363181807,6.062957211073644,9.05347707929231,9.541973800042188,7.42228348980377,7.490026884147191,11.254630611732344,9.158389244874732,7.694401866377407,5.75651484410751,8.71835892905219,10.838347497636356,10.145446454054978,11.158511680106884,GSM806248,GSE32537,Lungs,1
7.782935345532522,14.302194113097467,10.51714481970022,8.827854671552233,8.014782687563557,7.637573122626048,17.1803289307916,7.38596472507637,11.096229317486321,11.399857310096474,10.583281735119414,6.062957211073644,7.332698394270663,7.480711080750446,7.023203742164836,10.64077667513786,9.974054413809638,7.035170263426967,5.094090294012564,6.54695563026194,13.090291389015672,10.22774525158961,10.145446454054978,6.849264441700458,GSM806249,GSE32537,Lungs,1
9.547210559648631,11.450458078173682,7.180186472969819,8.827854671552233,7.838320107713022,6.006333090586211,10.087757140715595,7.994122424944518,11.804724113901399,11.399857310096474,11.001741616567394,6.062957211073644,10.017221378749987,9.748449010263695,7.113359539677738,8.952349374477667,10.146537589573581,6.7294307315446815,7.384174587169083,6.254002807358612,16.339780272667785,10.75130419873182,10.145446454054978,14.180022475264593,GSM806250,GSE32537,Lungs,1
6.390506161390661,13.76272762306575,9.223625422822899,8.827854671552233,7.327083912803053,7.93881862082606,10.815491757738734,6.492006817521816,9.8689472606026,11.399857310096474,9.464780565606505,6.062957211073644,5.416512905808486,12.207501382814348,7.229784788568134,4.177895424059667,9.896589030155756,5.982031576135359,6.368562094394573,7.249865126668404,7.182122130307612,9.832225120580608,10.145446454054978,12.312384196215202,GSM806251,GSE32537,Lungs,1
10.108028377245404,4.777974100515188,10.501790052011739,8.827854671552233,8.920166708977556,7.4651426302557695,16.193367475707436,7.908551441273445,11.510780003845785,11.399857310096474,10.638622435417416,6.062957211073644,11.38993276551351,5.228013594872215,6.821048918390896,11.25323147426671,10.240522887068574,7.997356724151449,10.249546030712288,5.92677612922908,12.259843070763855,10.009776128296327,10.145446454054978,17.084937264337572,GSM806252,GSE32537,Lungs,1
10.116471132235704,6.1040599169553955,8.55294377204936,8.827854671552233,7.813201181116157,6.440074519435463,8.205161448274357,7.545739258776121,10.214865095035726,11.399857310096474,9.643665974690583,6.062957211073644,14.22235523768016,6.04741696410791,6.973663635229195,10.738628518160674,10.598642937117202,6.666165931053339,7.4855737116192245,4.522656055964008,10.160743115304289,10.03085128856177,10.145446454054978,11.8415705747359,GSM806253,GSE32537,Lungs,1
10.998634797179538,10.38641210269918,8.876740002413289,8.827854671552233,6.783640237480893,8.361048478187898,17.20288514241222,7.313260912091269,10.357486501877231,11.399857310096474,10.258789619949248,6.062957211073644,9.032994473077162,13.184167630697775,7.830683494849243,7.907403067075511,10.392851202195892,7.197793554462988,7.471238463730621,4.958982915492484,13.237762041111484,10.4444152211679,10.145446454054978,14.569226400276335,GSM806254,GSE32537,Lungs,1
13.635692837361361,16.04547306053566,7.902727539725403,8.827854671552233,8.377910517884288,5.813796414532035,12.02759134008885,8.177166763982818,12.846676818773009,11.399857310096474,11.241922731954697,6.062957211073644,7.52080955369141,12.681094871993746,6.836342777069575,11.866993237617116,10.464984387632228,8.866638639803462,7.006309967724455,7.110479857677338,13.775794237570596,10.506052847423682,10.145446454054978,16.917663663850284,GSM806255,GSE32537,Lungs,1
4.8843082479658655,20.222366705378526,10.806216003374894,8.827854671552233,6.962332379557102,7.901853106954716,19.433745350364298,7.879320897621571,10.161652261997556,11.399857310096474,8.79981314867004,6.062957211073644,1.7711912809592842,10.311081925762391,6.287647108411691,10.499454065615364,8.530457216800816,5.8110504257128275,7.326435394284432,7.240927332525359,11.707838198364147,8.892316277865671,10.145446454054978,13.564233394835131,GSM806256,GSE32537,Lungs,1
11.10046901477865,7.964864090069227,9.39540260844931,8.827854671552233,8.396110531269958,7.614115908328168,11.344460359578663,7.65102653071434,11.070621071832766,11.399857310096474,10.470000435851691,6.062957211073644,8.139363710279039,13.375121103087945,7.688696510394717,7.01662171328595,10.491221065864464,7.096837712413937,7.041664557259245,2.933723082319676,14.489326610753313,10.069825900011562,10.145446454054978,12.492345964782551,GSM806257,GSE32537,Lungs,1
10.377935958077455,9.083781351042955,8.730972378696045,8.827854671552233,8.644791539734733,7.441615964546201,18.601539858466715,7.385238737717697,12.320468674214435,11.399857310096474,11.402497426107958,6.062957211073644,12.395909595846238,4.973047994371412,7.048297665581147,8.430813825544229,10.583636405794074,8.930322946750497,9.566687635256763,3.4849116764963335,8.784855398889913,10.058566567814955,10.145446454054978,14.05118876860562,GSM806258,GSE32537,Lungs,1
7.342035918261015,6.3579601007357915,6.800948808010037,8.827854671552233,6.634744255801063,5.233165249961048,4.893553431657647,7.861935410874378,8.640233344822118,11.399857310096474,8.157180099370624,6.062957211073644,9.194252182209148,9.365820124188874,6.183720840496339,12.98342480548542,9.393014533239032,6.290433360524933,6.057965056808167,7.969616086418778,9.874808295002095,10.60839729008258,10.145446454054978,15.900432957834823,GSM806259,GSE32537,Lungs,1
6.513812076866358,6.033516221349373,9.513084468385692,8.827854671552233,7.943703274434172,7.457954409145982,11.403564417847738,6.698129912593753,8.41282936984373,11.399857310096474,8.962232532833237,6.062957211073644,11.78054086129541,7.016322343075676,6.293212873452402,9.618957952004159,10.737053790583863,7.994791280826245,6.359005262468834,3.922051062765083,11.915997400780194,10.471120047531645,10.145446454054978,7.088387609362953,GSM806260,GSE32537,Lungs,1
8.167184929134507,5.722067233258796,12.434095163216094,8.827854671552233,8.758886963196426,5.52085036002883,4.0592279950588726,7.569515344772694,12.158696154628794,11.399857310096474,11.362384703744308,6.062957211073644,8.821249537254317,5.966920509773305,5.985044619872845,12.13668246350926,9.201564572833888,5.734296879184566,10.808762913128614,6.708943915846157,22.69861041683301,9.770876195150379,10.145446454054978,4.270863516415291,GSM806261,GSE32537,Lungs,1
9.754631330398112,12.637491417698167,6.700583840607915,8.827854671552233,8.207349007620186,6.0479344861877795,11.035966006662077,7.503173473641236,10.859972599521248,11.399857310096474,10.050921530910445,6.062957211073644,9.42743877604317,7.311897141391019,6.9733637556472585,8.438428312748094,9.523236148594393,7.398963034831785,6.875870589119029,4.673195101117049,8.95926132990732,9.447098219291549,10.145446454054978,11.925657842485357,GSM806262,GSE32537,Lungs,1
10.813102650478996,7.582443003362865,7.480528466805131,8.827854671552233,7.9090965911921804,6.9017701414894415,7.242197767207621,8.380414567015796,12.246535190795294,11.399857310096474,11.388136081064182,6.062957211073644,8.956510092343999,13.633876895384773,7.5338626846501,11.681802089875335,10.989788671086194,7.076540053903835,8.703984453294018,7.276900107299422,14.203644308691011,9.69841228793632,10.145446454054978,17.63638456935518,GSM806263,GSE32537,Lungs,1
10.401440171044293,8.075463467087179,8.056754340119069,8.827854671552233,8.181381878002684,5.6633646568141724,5.273956308838464,8.12151410146131,12.184442079022421,11.399857310096474,11.44409580485545,6.062957211073644,11.265632802378423,7.63141632597331,7.377085639214545,10.542470235864066,10.630678557708046,8.888178682816964,7.5475224614235445,4.978261959057225,14.27064581500851,10.237272378832893,10.145446454054978,11.745696073918001,GSM806264,GSE32537,Lungs,1
9.287569785810968,12.411366029050104,6.9056943332073875,8.827854671552233,7.425245236662779,6.854421641570625,11.538732091995355,8.010275643675014,11.181727815071586,11.399857310096474,9.872481818741518,6.062957211073644,7.773622457494129,8.08714176811431,6.9037557070885365,9.78443098735981,8.817094694458223,7.464034940055345,9.044304375887544,6.487862776423651,11.553212862804788,10.150662131166687,10.145446454054978,10.223866683488216,GSM806265,GSE32537,Lungs,1
9.114493308509704,11.4751269514853,9.133550203158526,8.827854671552233,6.384669770945242,8.281908594568554,8.699193361438747,6.171922812068555,8.488070801293562,11.399857310096474,7.751484482353792,6.062957211073644,4.397897142878117,14.942094682758508,7.442099532578029,8.237155822627997,11.47965786277001,5.806048617971864,5.702456597761239,7.769291311906974,13.967539754393794,10.021035460492934,10.145446454054978,19.054306121780286,GSM806266,GSE32537,Lungs,1
9.72372667787187,15.98574654092591,7.578315293421522,8.827854671552233,8.210463124424525,6.14136399776209,13.600590308368883,8.101463476910563,11.323399238606587,11.399857310096474,10.198496731705117,6.062957211073644,12.45749442189112,9.589260954830676,7.560420020426253,7.518041378113653,10.416683440913584,6.944250306587204,7.172957224429466,6.034768319618555,7.816952985391253,10.19541075912756,10.145446454054978,12.327249623906619,GSM806267,GSE32537,Lungs,1
12.543867423491614,6.817779331204224,9.660586062896881,8.827854671552233,8.213589358414874,8.110207342021008,17.613560829925973,8.296954678164026,12.39660501747474,11.399857310096474,11.14411702001863,6.062957211073644,13.002235842034523,5.505359375501919,7.722738840535964,11.281757389015521,11.004328458268262,6.92020935970322,9.261324100867787,4.686860323567155,11.495554531363226,10.667292258495602,10.145446454054978,16.69220467719707,GSM806268,GSE32537,Lungs,1
8.002916017224369,6.467952573489932,7.023284931523035,8.827854671552233,8.28974587248207,5.540817640889349,13.05127023739756,7.9663343035447465,11.776913008406677,11.399857310096474,10.73667575675079,6.062957211073644,15.113040341390484,5.642287574355108,7.133199572818548,9.670440977427312,10.33446575327801,7.240583212943742,8.997743263201743,2.8193045440752877,12.457901543584304,10.130308722965127,10.145446454054978,9.59080968200307,GSM806269,GSE32537,Lungs,1
7.037836159752294,13.343606678523876,7.630151893998384,8.827854671552233,7.468079489204949,7.156014396829082,11.613354145477105,6.524886402897551,8.292456847398002,11.399857310096474,8.074552843489444,6.062957211073644,5.625140923294241,10.03018660043482,6.610149606007735,6.913201066188667,10.198063313994087,5.379926868169174,5.8286579764948385,6.117793779261355,10.464101694158897,9.830925966865612,10.145446454054978,14.52500550679025,GSM806270,GSE32537,Lungs,1
8.730035261821538,7.028946314761737,11.083445991759342,8.827854671552233,8.137529781835747,6.4669869414648575,10.464089724070135,7.6871444018083706,10.88723299005568,11.399857310096474,10.12285206082798,6.062957211073644,6.264896974944045,8.728045152289631,6.7491977705593005,11.041560094905513,9.729296614990858,6.506414645752452,9.442647920887321,6.732728789516066,11.706575607164696,9.806675097519076,10.145446454054978,12.52500485895309,GSM806271,GSE32537,Lungs,1
5.867055351991725,8.378201593979444,7.6766268743571295,8.827854671552233,7.420652823165328,6.801655931540088,9.503585178856772,7.615348073021612,10.19220317441973,11.399857310096474,9.890978240720314,6.062957211073644,8.726714431645929,6.236024127291021,5.98036649839466,9.750449917599274,9.78386324820917,7.231709037919453,7.174123385468024,3.509509076906515,14.15339317895289,10.11962679241963,10.145446454054978,12.485063406772104,GSM806272,GSE32537,Lungs,1
3.8572106223551224,11.842268330843787,7.276079620955978,8.827854671552233,5.877844231742584,4.074194817404804,8.184555585778828,7.058544426314404,10.78232179012014,11.399857310096474,8.850783543105582,6.062957211073644,10.643242438606686,7.842343507510782,5.453118217436759,9.746415375871853,8.060672166944371,5.7234219810638916,5.181410157143539,6.376029550534687,11.92424632994994,8.471549259661968,10.145446454054978,4.357203121693752,GSM806273,GSE32537,Lungs,1
8.038406857646576,13.852228151853359,12.073771469153415,8.827854671552233,7.857877245931711,9.911707509815848,16.32828075649092,7.051571126685035,10.766901771231975,11.399857310096474,10.134118288405427,6.062957211073644,6.29599765461521,14.069087172407611,7.305762279447155,8.441440012910814,9.556092107372553,5.401015134999623,5.20032472032989,8.400772321236406,16.45821132717623,8.948483023477205,10.145446454054978,14.195713760049989,GSM806274,GSE32537,Lungs,1
9.565451079689414,8.255000028424583,9.325541837777497,8.827854671552233,8.04518470726039,6.427416999655184,10.987631267475036,7.572667658303779,10.420212935854439,11.399857310096474,10.187849527620937,6.062957211073644,10.208791975006404,9.309147732572129,6.351593430463485,10.652482528600515,10.754111167375278,8.120030092714487,9.01048570576939,4.876031321916982,13.536827809887953,11.015609804526521,10.145446454054978,12.343316298280177,GSM806275,GSE32537,Lungs,1
13.021612701245505,10.697718289786499,9.396885609786235,8.827854671552233,7.855453808729891,5.957144128257643,4.647046261803739,8.312783113076168,10.634867859502078,11.399857310096474,10.395593811961088,6.062957211073644,10.884478217157362,9.351561783622877,6.680441380013271,9.584863233180878,10.547258650315202,8.65457812645031,9.712059563746148,8.53897573315071,13.378414700730254,10.438929905482373,10.145446454054978,14.73319657238777,GSM806276,GSE32537,Lungs,1
10.116679595321886,9.156395661196113,8.943680401221615,8.827854671552233,7.033254269268369,7.048191080182277,16.033693240814106,7.231482257122743,10.764974268870956,11.399857310096474,9.619585960802526,6.062957211073644,8.024448754005077,6.857675743613523,5.929434950198841,10.78255388091133,7.860849099523872,8.835175655626436,11.244452054314376,5.721502328208325,11.19985567245195,10.066938891756022,10.145446454054978,8.939959214038801,GSM806277,GSE32537,Lungs,1
4.9986502507358015,7.4908004595265005,7.605944749098714,8.827854671552233,6.865928047668696,5.654179707618335,13.340939481367622,6.541842028708688,10.096117181722862,11.399857310096474,9.338710240967902,6.062957211073644,6.204716474743344,10.448852389459141,5.764992982649032,9.085261953357087,8.188263042595583,6.793050499036995,7.257034591014211,4.7542261769428045,9.900986019204039,9.472936943178633,10.145446454054978,3.3811901924590515,GSM806278,GSE32537,Lungs,1
11.23831523051543,14.418719731750343,9.539755677045179,8.827854671552233,7.660900270167769,9.087024084570547,14.002447025925704,7.074057629873438,10.530466070904808,11.399857310096474,10.129166100459297,6.062957211073644,7.553451566606189,12.754311751609007,8.05831608790437,7.046568241319066,11.127237748747037,6.704954143341324,5.571448360112616,7.8179690502562655,12.428188564023898,10.15528134437555,10.145446454054978,11.702751505031681,GSM806279,GSE32537,Lungs,1
15.353897709431607,7.239220792048934,8.26134007839932,8.827854671552233,8.50643750988282,7.343290128447834,10.445264615123605,8.184015881563994,11.927258192566269,11.399857310096474,10.890812606574084,6.062957211073644,12.255785278076704,5.564739046972964,7.342539511375649,10.729991189392107,11.060606486670453,8.907992295416651,8.872452058937263,7.839390209772649,14.518787072073827,10.454086698823959,10.145446454054978,19.217825826385912,GSM806280,GSE32537,Lungs,1
10.701157973200129,7.650237779656321,7.902202785406182,8.827854671552233,8.26845597666408,6.47683167907174,4.076526743820554,8.059241580524525,11.228538586696367,11.399857310096474,10.583034125722108,6.062957211073644,12.884546485922051,7.424640306879104,7.222323784569595,11.777892372425613,10.993508480452812,7.020535942068729,8.604348791877793,6.755110207907319,14.634777116929998,9.863549160153218,10.145446454054978,11.449213377183563,GSM806281,GSE32537,Lungs,1
7.441681273455236,15.347426056393648,6.825612261013377,8.827854671552233,6.986700040621403,7.055570292674208,7.321992485760253,6.906879935608261,9.732617772182426,11.399857310096474,9.56920982892052,6.062957211073644,5.868431812836407,14.571137180944461,7.2499247012908805,7.846373520381838,10.614427375342094,7.30865620281188,5.107259380862609,5.451891182571123,12.200164593403159,10.122946851913502,10.145446454054978,15.541860823217526,GSM806282,GSE32537,Lungs,1
8.339427554091047,18.263172641024724,6.612516376599686,8.827854671552233,6.167941781986466,6.29922705653065,6.410501062038321,6.614488526902314,9.068827262669014,11.399857310096474,8.574216226784092,6.062957211073644,9.289746339613563,16.891697148503887,7.654450262137752,8.13083712443074,10.441406736627842,6.098896393773409,5.790231548126775,9.135591958715544,12.752842847775906,9.789208697573057,10.145446454054978,15.160089612051491,GSM806283,GSE32537,Lungs,1
9.675311126106477,5.80760503420619,8.25157508498079,8.827854671552233,6.530112354612478,4.93560067658054,8.891853935882533,7.997083689170688,12.154703471166679,11.399857310096474,10.482628515114321,6.062957211073644,11.768895232343652,5.6291723075053754,7.129277147886842,13.330622692169152,10.072098970955656,6.373592447934362,6.135528987348289,3.895311546403257,10.68732781822173,10.070836352901,10.145446454054978,8.418392920239302,GSM806284,GSE32537,Lungs,1
8.951006133172742,6.622249057502697,7.543362092680432,8.827854671552233,7.98023659025161,5.968725151156744,6.522264546684843,7.900384083488362,11.63400247621102,11.399857310096474,10.805511169201996,6.062957211073644,14.284042819274617,7.379278328875889,7.406269920128449,10.316138127408863,10.45115178854267,6.167259811187798,10.487556654386559,7.615058963389038,11.166270746546566,10.918461976727595,10.145446454054978,9.145522552519147,GSM806285,GSE32537,Lungs,1
4.739686981928225,9.282810249324132,8.2790448328217,8.827854671552233,8.486262395177668,7.030133713143199,7.1745291323457625,6.466845624064615,9.55106081764831,11.399857310096474,9.60011148170437,6.062957211073644,7.525399301572397,9.198269582094792,5.67446533445453,9.199763384071936,9.563432719772837,6.811766940906405,7.057706382277442,7.185306183850069,13.10510579242256,9.749656684472157,10.145446454054978,9.50154203793692,GSM806286,GSE32537,Lungs,1
6.867834512972189,6.051723349263884,9.309183192260944,8.827854671552233,7.571620843652715,5.226063843115872,5.329074871069307,7.388868674511067,9.654953194907309,11.399857310096474,9.44212430575296,6.062957211073644,10.65653215635163,6.265202587942951,6.060290404571944,12.341932670825408,9.773439295725527,7.829538007010299,8.525021398303757,7.9232281961557245,15.426842662718531,10.869094135557859,10.145446454054978,9.331790866167717,GSM806287,GSE32537,Lungs,1
6.29607238335095,5.889180107313354,6.585685460103916,8.827854671552233,7.044935236581142,8.60173234539531,11.844767309058566,5.999787388340856,6.700505111683222,11.399857310096474,6.854655625779525,6.062957211073644,9.393769207632646,8.757223612941562,5.77908732299997,9.457860405564164,10.789555434572037,6.979230691046584,7.46745555109335,5.7050301952009,7.528408809943525,10.219372927648543,10.145446454054978,8.90181963188101,GSM806288,GSE32537,Lungs,1
12.062369810186478,9.812459170382331,9.168959712003284,8.827854671552233,8.208342616872931,6.800735700335211,11.328942364365982,8.1563901520734,12.162000444390543,11.399857310096474,10.891184020670043,6.062957211073644,12.334119258702206,10.199963128186889,8.001183029954136,9.632709488596216,10.688045655772706,8.164062135698643,7.932668476621117,6.489044633500418,14.809435566187297,10.137670594016756,10.145446454054978,14.895890419899423,GSM806289,GSE32537,Lungs,1
9.334786674830825,8.990282394164325,10.403660994317597,8.827854671552233,7.032927105246122,8.12656314947371,6.692792898448247,6.929356886331417,12.980087517903637,11.399857310096474,12.041577280556028,6.062957211073644,5.055806674952718,14.947749889565275,6.695183460261189,11.65282157887555,10.403388304774339,6.141492433889998,11.698430013738971,5.741593898513343,25.307376353137364,9.60342971632905,10.145446454054978,10.920064213703085,GSM806290,GSE32537,Lungs,1
11.764267596948534,13.830736600864077,8.270420609662345,8.827854671552233,8.606682989736111,6.5488701558459095,10.804044056352328,7.783547881068079,12.214180686878167,11.399857310096474,11.269654984453023,6.062957211073644,8.993022564292744,10.163866063462846,7.5108679183073335,8.948258008218872,10.325413745693844,6.722395930979972,8.480166862747552,5.697569722403817,13.555682505133086,10.274659135742139,10.145446454054978,14.816382905125618,GSM806291,GSE32537,Lungs,1
10.685054199792702,7.372132825824871,8.086254659021305,8.827854671552233,8.280561045487174,7.275401373522067,6.262104932955293,7.1687512178541635,11.802245896580088,11.399857310096474,11.494236707810016,6.062957211073644,5.873329827366117,11.146488327025745,6.900624964253136,7.339441876011036,10.457318468709385,7.960311077140961,10.243629896663023,7.786132775250887,15.334168468678879,10.10620220403137,10.145446454054978,8.442192620129106,GSM806292,GSE32537,Lungs,1
7.600947071297045,12.842482257865075,7.853104033451336,8.827854671552233,6.947900811020262,7.731141537023735,8.562668922682374,6.45291812973637,7.943234723203124,11.399857310096474,7.08979788993164,6.062957211073644,5.074713696074397,11.206770425114891,6.62559940206902,5.603168319935511,10.791026385804464,5.994390881714643,4.0097596288196655,7.129094106636398,12.500661298872348,9.548576559473785,10.145446454054978,14.024010562422308,GSM806293,GSE32537,Lungs,1
8.414161570486714,13.155109354232465,8.564191766804816,8.827854671552233,6.768954208037863,8.813211893987596,16.84274893657474,7.03281008494246,10.303130935296455,11.399857310096474,10.323168063248938,6.062957211073644,10.584637523499458,12.362959408225876,7.747436922904119,8.47587567892233,10.212504094843203,6.285108855510359,5.386711385833892,4.109966337970842,11.56213517394757,9.653952360801002,10.145446454054978,12.512692080461202,GSM806294,GSE32537,Lungs,1
12.390178013205123,8.486694656199436,7.922485680614295,8.827854671552233,7.86313610465966,6.560537993009623,5.648168947491828,8.161901924520173,11.559931314051806,11.399857310096474,10.946277111570739,6.062957211073644,9.105300128127633,6.0008517506139,5.809830977739935,9.326936685282769,9.491370253145753,9.981428641218358,11.553427843627663,5.787095395968823,15.372298722902277,10.26830771757995,10.145446454054978,15.270153839302118,GSM806295,GSE32537,Lungs,1
9.052579771914134,6.970647805184487,9.336173816592998,8.827854671552233,8.250607361672676,7.460975545554445,13.46440506076469,7.732012331067472,10.390019988156453,11.399857310096474,10.018484699863292,6.062957211073644,11.30615274076057,5.473473634995681,6.974431326958947,12.745386843567552,10.578601226575381,7.488608337440786,7.52564983121256,5.377803517071364,12.613284433863324,10.217785073107995,10.145446454054978,12.361560232265093,GSM806296,GSE32537,Lungs,1
10.118712110412151,5.732456006245305,8.28935739596463,8.827854671552233,7.849661793817541,6.694370863333869,7.966964461649094,7.423324416652344,9.676844114578898,11.399857310096474,9.66167955834463,6.062957211073644,12.355286901914516,8.000508812776618,6.136363856917185,10.612932654765514,10.725809499912906,7.121959695164515,7.505370006322532,7.063427172808596,9.828849975342104,10.443693469104014,10.145446454054978,11.52954674905134,GSM806297,GSE32537,Lungs,1
6.986033082836467,11.048223352266241,8.380938432371115,8.827854671552233,7.815721555806049,7.42298562336069,14.217494216414014,7.865355193432342,10.743496385419585,11.399857310096474,10.267455948854975,6.062957211073644,10.54524789616263,7.390348095391266,6.366311520344849,9.574180221282917,10.014760160414694,7.780133054420528,7.013193162147156,3.802978962280928,10.794732242921638,10.00140380435526,10.145446454054978,12.754142663570343,GSM806298,GSE32537,Lungs,1
7.83828229491341,3.723781394265008,9.462616792119837,8.827854671552233,9.043883178130475,7.582602330274391,8.555969897426623,6.728755116171501,9.354221522966103,11.399857310096474,9.520381255771678,6.062957211073644,12.889684263400767,4.377687073522919,5.99961876755488,12.636170094270312,10.235770583086884,6.9117546911346235,7.507389455925888,7.647633899067393,11.345306178628627,9.719920499440093,10.145446454054978,4.276794671908336,GSM806299,GSE32537,Lungs,1
8.867464551385956,10.61921343824923,11.0792251418004,8.827854671552233,7.523139982430303,8.53278445644129,17.615595976839117,7.265727845028615,11.802108217840015,11.399857310096474,10.91470691341416,6.062957211073644,7.90627987199459,11.014072261263063,7.325362408922418,8.577591590078448,10.08381000576767,7.3916862113118675,7.7104152484434465,5.44014647787076,12.237789811146783,9.81952228425623,10.145446454054978,12.282428107079458,GSM806300,GSE32537,Lungs,1
12.211629379891628,10.297589878677016,9.06248021601199,8.827854671552233,7.8284930698596416,7.273925531023681,17.838953350556075,8.225444923334639,12.147819534163034,11.399857310096474,11.609127468160231,6.062957211073644,9.948751930883624,7.037739934811941,6.9984816694301255,9.863473910498449,10.41320407549842,9.305216504367518,9.830268472922807,4.8252853336833486,12.489718841810454,10.554265885291203,10.145446454054978,15.661084556419434,GSM806301,GSE32537,Lungs,1
8.840416465954046,7.625461805592259,9.544181865650772,8.827854671552233,7.709877936016555,7.760918829785292,14.884937606135423,7.516136168979665,11.087968593081948,11.399857310096474,10.188716160511511,6.062957211073644,9.304200620253686,6.978901719311757,6.830729031295754,9.9496199000586,9.489899301913328,6.570260301336294,7.846429445672219,5.683165839280729,10.383043339154193,9.60285231467794,10.145446454054978,12.702789367909071,GSM806302,GSE32537,Lungs,1
14.82049278766756,12.25007229587802,8.422759070072432,8.827854671552233,8.320123657806887,8.547178261513787,17.20186756895565,8.51628883267078,11.639922662034152,11.399857310096474,10.928573039663323,6.062957211073644,9.206788359257216,9.868471750471123,7.1565661898429145,8.601344244192,10.302769582971576,8.818653555217578,11.20343731729976,10.210343237899451,15.65814937045784,11.079845738212292,10.145446454054978,21.038765640667314,GSM806303,GSE32537,Lungs,1
10.076446219689078,13.863723632615066,7.259492821387589,8.827854671552233,7.181350516671598,7.993667873207262,11.207596729670103,6.8041240669601555,9.380160197595833,11.399857310096474,9.056262201460381,6.062957211073644,8.312472559461932,15.63732414934351,7.567101337511762,9.730674980681773,10.219095087865426,5.674872176249188,4.374056960084009,5.200377223421901,10.45728370168187,10.546470963001244,10.145446454054978,15.562206938896189,GSM806304,GSE32537,Lungs,1
10.370222823888776,13.736487938718366,8.753468368206955,8.827854671552233,8.248026401052737,6.662336399692428,17.90136452255899,7.201544831042687,10.9998541994353,11.399857310096474,10.358452402365115,6.062957211073644,12.753772923163783,11.289131894460239,7.821087348227326,7.371093139985317,10.622984351261504,6.383531523961567,5.159196211506635,5.393684721540405,8.706238053537467,9.806242046280746,10.145446454054978,11.835714497160502,GSM806305,GSE32537,Lungs,1
10.319097252003038,9.515575884623363,11.718877841524407,8.827854671552233,7.732779417573755,8.34163680862089,13.763571656996062,8.069529585594154,10.756988901946729,11.399857310096474,10.187725722922284,6.062957211073644,9.266694844659053,6.958266230644515,6.949493340925242,12.337614006441129,10.093682351539154,7.53078487110168,8.868270944969755,5.249941354578768,15.034597663422618,10.581115062067726,10.145446454054978,15.972883148351098,GSM806306,GSE32537,Lungs,1
14.595300538821203,9.514897579857912,8.559537424147386,8.827854671552233,8.176353245808906,8.099859081679382,4.8754067050154895,7.465899754252474,11.101185752128947,11.399857310096474,10.29234069328428,6.062957211073644,7.782493686607378,11.622728934284908,8.24932738641361,7.8558063925896136,11.514027204066146,6.491828728985257,7.585607574365687,7.933717177712018,15.236780600827936,10.633802962731334,10.145446454054978,16.48273728699977,GSM806307,GSE32537,Lungs,1
6.5214730952834845,5.696827155934169,10.157186172120475,8.827854671552233,7.98670716758047,8.042422764212775,16.80738825895895,7.053968795461708,10.014914260827874,11.399857310096474,9.734724330550048,6.062957211073644,9.724094047664272,6.266225338110134,6.316495524193827,12.177141529846223,10.137146131705009,6.5103999570815425,6.082141566144106,5.367314535515069,8.958335429694387,9.913927454212393,10.145446454054978,4.1451830822969224,GSM806308,GSE32537,Lungs,1
11.713558951235159,7.3945882835860886,12.739935669700627,8.827854671552233,9.081010236062358,8.490089201105622,12.23373476283218,7.473379334539866,10.605955324086771,11.399857310096474,10.142908422009807,6.062957211073644,7.8218490620943495,11.672603045378619,7.545653949811779,9.721526231130857,10.937428464716524,8.175372675138691,8.609269422601459,9.542150793122984,17.876017071412363,9.691627818535801,10.145446454054978,11.400562886557086,GSM806309,GSE32537,Lungs,1
8.075825981615957,6.64948834887284,8.921047519279606,8.827854671552233,7.543630143971693,6.563645943682695,16.051161585151878,7.896391153015656,11.149786347374675,11.399857310096474,10.51110359580457,6.062957211073644,14.036847218848628,7.008380988836387,7.293695125070096,9.662371893972471,11.00843014920484,5.766824764364506,8.24756039998367,7.593785536007258,11.488568193392931,10.515146923428633,10.145446454054978,11.999834825107197,GSM806310,GSE32537,Lungs,1
8.49603544758406,13.05468454869615,10.214087792648073,8.827854671552233,7.493028775197687,11.161815557360676,23.805834504302304,6.548232627958067,9.05629849732238,11.399857310096474,8.515718506670432,6.062957211073644,6.5580243060297585,12.823136821682848,7.199329018226828,9.05531542532397,10.097670892380927,5.8648440612237005,4.975113425127589,6.859482960999197,10.76283077194886,10.123524253564609,10.145446454054978,15.45777355546807,GSM806311,GSE32537,Lungs,1
8.899150940485372,15.013021807030459,6.817740946225075,8.827854671552233,7.66425673069229,4.644234641693255,7.113389927163558,7.750391274200219,12.504132113471666,11.399857310096474,11.646268877756206,6.062957211073644,3.8035590441401705,5.4594559415278505,5.564421523067708,7.277105365095809,9.15517303396503,9.517954681995251,10.675621454067995,11.65050995200589,21.781295824058994,10.199019519446985,10.145446454054978,14.21921314826926,GSM806312,GSE32537,Lungs,1
8.965285854576099,14.659803525488947,8.255681857913817,8.827854671552233,7.516826928519561,7.257344006482989,11.05623267800542,7.250262403795809,11.231705197718043,11.399857310096474,10.670564047669956,6.062957211073644,9.28176565859662,11.783601519405046,6.845830967041996,6.192097763076296,10.381635199048635,5.848144477314357,6.1773116840712206,9.456909351461254,12.823800473185011,10.384942851103773,10.145446454054978,8.866157621005124,GSM806313,GSE32537,Lungs,1
8.781525644108092,8.279490400482139,8.955932273805143,8.827854671552233,6.693839771967447,6.608893538397925,17.94520497897952,7.065097417472962,10.311653249306966,11.399857310096474,9.394570921000247,6.062957211073644,8.727022698294654,7.5603652702414905,6.724115842326267,12.275220670994525,8.801932581754743,5.3973525209441435,6.885569635805563,3.498059836475347,11.33217523015435,9.723817960585073,10.145446454054978,4.654436597604533,GSM806314,GSE32537,Lungs,1
11.485239756096094,8.880789724921568,9.270967388578617,8.827854671552233,8.056271932458717,7.124257738834396,17.591428607245597,8.476130268777814,11.967185027187407,11.399857310096474,11.138545808579233,6.062957211073644,12.792340506104017,5.788961980683788,7.459288630214536,9.066339384410165,11.221675646621236,6.551882691604174,12.576122631489998,6.895677333975149,15.184340979677433,11.078690934910073,10.145446454054978,12.937933405936992,GSM806315,GSE32537,Lungs,1
5.464148322176593,7.2749924433633275,6.946556723890998,8.827854671552233,6.531154432609261,5.633014389906183,7.231937234853876,6.891328522188244,9.682406335677843,11.399857310096474,8.683288166297602,6.062957211073644,13.745740746904541,5.153052023795293,6.117615385454615,10.998543924656808,9.255367442912286,7.073974610578632,8.75327608938717,9.498274349148053,10.789092668897426,10.092777615643106,10.145446454054978,5.795470789797518,GSM806316,GSE32537,Lungs,1
10.35203441961954,11.962649576584448,6.492735499386425,8.827854671552233,8.081390859055585,7.140162112111122,5.05636518470873,7.3293663684955375,10.142267095395294,11.399857310096474,9.919069526844734,6.062957211073644,5.869493620182008,13.646149897390952,7.917900472459182,5.693121553097594,10.54345397837748,6.299339805276583,5.701091336057565,7.8854087696992154,13.129684234438523,9.847237563509415,10.145446454054978,10.374848375849066,GSM806317,GSE32537,Lungs,1
11.717050707928678,14.523035864625243,7.356937416926227,8.827854671552233,7.942188626183034,5.932367337137677,11.576636703252566,7.963707375602176,11.94832303979742,11.399857310096474,10.716990809664923,6.062957211073644,6.515072486307689,6.502721273827132,6.665039564685095,8.713856816308823,10.674043331540947,8.048504242018716,8.175685059875534,9.557071738717156,13.44819390768654,10.953250426206854,10.145446454054978,14.693405276042052,GSM806318,GSE32537,Lungs,1
11.764945101978622,9.282560347568436,10.790427742987927,8.827854671552233,8.647614844074853,9.242369529665387,12.883794606003862,7.811842283125873,10.625230347696974,11.399857310096474,10.103909941934035,6.062957211073644,6.549461343565232,12.471250602397996,7.749716007726826,9.462690490730793,11.180234424399966,7.059792065403449,8.23953948747457,6.1736365261385435,15.883563985933046,9.812449114030157,10.145446454054978,14.492646924290236,GSM806319,GSE32537,Lungs,1
11.677963879269855,9.484552366667073,10.291797062703,8.827854671552233,8.590033976159607,6.630163033227608,11.2240475005513,7.687220821530336,11.119634703298715,11.399857310096474,10.417754853020021,6.062957211073644,9.143182674070706,10.576756322131319,7.277777516860993,11.941206075589124,11.538071599211591,10.247379599264468,11.551323065167828,10.892717967597113,16.64583237941455,11.267068223584072,10.145446454054978,17.281941720207723,GSM806320,GSE32537,Lungs,1
10.716740588892115,9.108950027865955,8.813541330055052,8.827854671552233,7.689981516589611,6.223004132202231,15.657021466307373,8.476397737804694,11.292421522090185,11.399857310096474,10.794987769816467,6.062957211073644,13.054195898269278,8.849271127987866,7.535482034392549,9.445415833193664,10.84491411845396,6.89750760650472,9.191240666745728,3.229261217578424,8.774670496547671,10.358238024740027,10.145446454054978,11.66506239037969,GSM806321,GSE32537,Lungs,1
9.515628402092306,12.551168211232893,8.253902256309505,8.827854671552233,7.414327652068579,7.425433785622719,13.216541126302026,6.592231282879809,9.196992401802865,11.399857310096474,7.69746849233138,6.062957211073644,9.414114806448364,14.501048713605282,7.552539185013005,10.065882891245986,10.703221912238039,5.522801086060232,2.8600386166110967,4.104352516856208,9.38071427228385,9.342011118789886,10.145446454054978,12.199917475600316,GSM806322,GSE32537,Lungs,1
8.531578403777816,9.083174446779136,8.976854000358394,8.827854671552233,6.75753981881729,6.87806984725065,11.698830315828928,6.539539884584471,9.351096215566447,11.399857310096474,8.134276230119772,6.062957211073644,9.571091034348088,12.954349651954727,7.9011551966039395,9.143336624419403,10.438535552972237,4.887539233230566,3.602342782080872,4.91303822163321,8.094975567510222,9.35673486089314,10.145446454054978,10.484837525182048,GSM806323,GSE32537,Lungs,1
8.897118425395112,8.620856198753813,7.65538573213131,8.827854671552233,7.483068448298207,6.986344598073433,8.425550899409656,7.640012538286037,11.601372614813746,11.399857310096474,11.059558410838461,6.062957211073644,8.654956806193185,7.179420913853789,6.897242322568911,11.816021632976314,9.687544230008886,6.925453190399391,6.760875733536444,7.41081928731045,14.686880047093986,10.281876656380987,10.145446454054978,9.18921790058181,GSM806324,GSE32537,Lungs,1
6.224517429019535,12.559843372180396,7.294811068611614,8.827854671552233,7.241173063998529,8.39124247941959,18.427449999605315,6.209807889233042,7.539092549593171,11.399857310096474,7.993237917413991,6.062957211073644,6.837690660121239,10.048896912316778,6.257563188751984,5.833534970118139,10.529692098097176,6.991477052580103,5.4389042030473576,5.205326249930855,7.624197395608494,10.144888114655608,10.145446454054978,12.290461444266237,GSM806325,GSE32537,Lungs,1
10.507130955737743,11.370061113343331,10.981940254098046,8.827854671552233,7.686782579483209,7.874437162190577,15.135430272027563,8.27120123186159,11.405731125170172,11.399857310096474,10.622651629291147,6.062957211073644,8.519216725205492,12.08663637776336,7.8367650527708825,10.675269165680742,10.818748159030974,6.150834519961022,6.844725556503908,7.406313457205278,19.061169343963115,10.332688001678493,10.145446454054978,18.237082988340312,GSM806326,GSE32537,Lungs,1
8.925990562831094,10.757908912656829,7.438023366948311,8.827854671552233,7.397714990050101,7.009732360959624,12.694780336446119,7.287106262248514,10.97218077268065,11.399857310096474,10.38234670920519,6.062957211073644,10.953016168723444,12.951943180973123,6.963719628292234,8.175160258901,10.282770303715305,6.720556556520392,5.242647833143861,5.674080313003094,13.353836258714278,10.208113595451936,10.145446454054978,14.744608415868049,GSM806327,GSE32537,Lungs,1
6.7263923089988005,17.46073810350617,6.2874196681402985,8.827854671552233,8.100002856765562,8.510421101877506,10.517766723904165,6.3423865543782565,7.9558185600457865,11.399857310096474,7.6534311610204195,6.062957211073644,7.955123009892258,15.63148845721312,7.0204808355608685,6.648512399057273,11.473576045174397,5.388865582648187,5.753881455266388,5.985278054528991,12.058922724557982,10.041821919932822,10.145446454054978,18.027165130637222,GSM806328,GSE32537,Lungs,1
9.223884312982861,11.046295538722351,8.372108870565109,8.827854671552233,7.947617125515111,6.479609735539291,6.599345736019972,7.301721534074451,12.228361597105673,11.399857310096474,11.159097388555672,6.062957211073644,8.673076034768128,9.726790771429265,7.432107544907958,10.081055041122346,10.142789492683264,7.4375414938919215,6.27188450000298,6.260429155213527,12.463625290355148,9.946694997912775,10.145446454054978,10.579660935153079,GSM806329,GSE32537,Lungs,1
9.648679966846933,11.602826748642576,6.478338978715649,8.827854671552233,7.125441820425608,7.191608245319574,14.056039227971683,6.528936648161733,8.917298041344793,11.399857310096474,9.268079660386222,6.062957211073644,9.417231724785452,14.785974877827034,7.267497644792264,7.2818786257310695,11.192256621972689,5.699945754408725,7.295489462334431,5.775498423403058,11.369884620644596,10.21663026980578,10.145446454054978,17.139593988374727,GSM806330,GSE32537,Lungs,1
10.268075911660388,7.133476649141514,7.941855959615069,8.827854671552233,7.139461404638137,9.164358231485984,14.369027863654793,6.932652486841188,8.578759787379573,11.399857310096474,8.819758085623079,6.062957211073644,9.663947799313426,13.26827379150479,7.531667566110338,8.359328565078085,9.972908769099767,6.664374961184801,5.610813405901956,5.559218578354916,10.323112343553612,9.736665147322228,10.145446454054978,14.367717269348185,GSM806331,GSE32537,Lungs,1
11.502021034533609,8.710927931554417,8.113701591457032,8.827854671552233,7.784398629972523,6.683501717404578,14.793525590620279,7.5737948492027725,11.466172092062171,11.399857310096474,10.825815139781128,6.062957211073644,13.815614520615089,8.30077622950608,7.545486017245896,9.267782348124378,10.932393285497831,6.7144253083217915,7.286558375356214,3.779267954678312,14.141608994424686,10.08685924871925,10.145446454054978,12.032343563442476,GSM806332,GSE32537,Lungs,1
9.070090671153284,6.905744749206883,9.71881097692512,8.827854671552233,8.547502653267662,6.418909201723311,16.060150150684905,7.502562115865511,10.884479415254221,11.399857310096474,9.900498822046746,6.062957211073644,12.643892988818962,5.869578758567477,6.849309570192439,8.91444741205245,10.24359208339008,6.307988092209344,6.618433429119529,5.708206436094707,9.942230665052747,10.057700465338293,10.145446454054978,14.637322071569862,GSM806333,GSE32537,Lungs,1
7.731497079017512,10.04347549339174,9.554038120690036,8.827854671552233,8.742189480875885,9.641142172729348,13.3830839820272,7.3010050991810225,12.368518554499873,11.399857310096474,11.432458163182046,6.062957211073644,4.668658016006489,4.784320507639227,5.082251140866258,10.526388893485755,8.279773181766776,9.95387029405202,8.259193567417078,7.4512978921896735,18.382821178871747,9.439303297001588,10.145446454054978,10.920814992879428,GSM806334,GSE32537,Lungs,1
14.297563135984067,8.300196545953542,8.29925928181426,8.827854671552233,8.974839452250619,6.152441497926446,12.617444753746849,8.3180560738918,11.297102599252666,11.399857310096474,10.644688865651425,6.062957211073644,12.644064248068254,8.821837358797598,6.7626803565630915,10.031901821485453,11.09066198060226,7.841300322633401,10.634862703622819,6.698085603953369,10.31966126094178,11.445774034602007,10.145446454054978,21.065117989756658,GSM806335,GSE32537,Lungs,1
7.4728986206107475,14.852406378623826,6.660200573433157,8.827854671552233,7.093670558709745,5.202676080229681,5.80869116026563,7.993234045676667,10.974521311261888,11.399857310096474,10.181411683290968,6.062957211073644,9.378561386295644,9.451189682261228,7.237833556547266,6.9503074851746725,10.309601019945253,6.784999202060413,9.70375422171545,7.86258415490418,10.114784795644297,10.337595915712914,10.145446454054978,12.745208391371964,GSM806336,GSE32537,Lungs,1
7.994004220290157,7.597865511713986,9.888283806628,8.827854671552233,7.83956817787196,6.9135074300648425,3.734961253565463,8.383614642873109,9.649432277430389,11.399857310096474,9.033011679053299,6.062957211073644,7.4872084889806,9.005390932919335,6.084604641075224,8.75823677531046,8.598997886727187,7.433281889880263,8.459147521101366,9.775715297918826,16.008897205665154,9.844639256079429,10.145446454054978,7.789540282141626,GSM806337,GSE32537,Lungs,1
9.736599273443508,8.977965807633915,8.281166665503763,8.827854671552233,8.106800598116667,6.839506950910463,9.821407288458582,7.2996199917203946,12.242817864813327,11.399857310096474,11.485817988301594,6.062957211073644,12.589295540145132,5.995316867356214,6.532984591984253,9.673225379464547,11.021244397441176,9.226284751242385,9.066518321524446,4.975455048499909,16.858200219162104,10.959746194781818,10.145446454054978,12.021006797879826,GSM806338,GSE32537,Lungs,1
9.557998524358466,13.04772299978766,11.299439432631335,8.827854671552233,7.917614972956577,9.401916785167401,21.04804084142343,7.2020606641659555,11.1562572481581,11.399857310096474,10.519274705915684,6.062957211073644,8.121312985403813,12.721643908033748,7.554002597372847,7.279037399162459,10.10632687463329,5.8944838058048274,5.539592253693499,6.692250184636834,14.807415420268178,9.620896116275064,10.145446454054978,16.152544605247915,GSM806339,GSE32537,Lungs,1
9.790070055048774,9.159965686277395,9.576123432907643,8.827854671552233,7.839386420081824,7.0114860091047655,16.966723302700096,8.357412230704126,11.194394259158292,11.399857310096474,10.738656631929242,6.062957211073644,11.870383463473237,6.884387571509308,6.762560404730317,7.765057615988316,10.205799951726178,6.275815174030376,9.660094290149964,2.331419169572899,8.580568142818837,10.850472932309625,10.145446454054978,11.828507017067686,GSM806340,GSE32537,Lungs,1
6.970815277545297,9.468165951544009,7.958534020804192,8.827854671552233,6.995436531733964,7.589304391502357,6.686857053284926,6.3864902864177004,9.877965218077373,11.399857310096474,9.452957216885117,6.062957211073644,6.4370810241807686,12.661421971719149,7.2121638643336405,8.19561709019497,9.449363280450477,5.704286032738787,6.211642327328254,5.808738153687099,12.607392341599228,8.577069411401961,10.145446454054978,12.944690418524015,GSM806341,GSE32537,Lungs,1
10.218409581377912,10.036835246740564,10.389424181483106,8.827854671552233,8.028147943731595,6.9124482960365885,16.829266088275194,7.38151327627187,11.38411556297873,11.399857310096474,10.66697371140901,6.062957211073644,9.27563457747202,8.006645313779703,7.090304797418584,9.151292058811503,10.081165122301671,7.285212245884077,6.9096608162850215,6.801645830304975,14.723663537371301,10.267585965516064,10.145446454054978,9.8932986121482,GSM806342,GSE32537,Lungs,1
5.7688692384007645,6.990532844887199,7.155568650776845,8.827854671552233,7.923346401938883,7.433941583554593,3.5873283045748705,7.305704912081913,9.533506778289016,11.399857310096474,9.09457975569356,6.062957211073644,6.5630935798087595,6.110225856727741,6.283124924316113,10.017922986767909,9.28679488174357,7.098902974965044,6.260621090947648,4.926186381612229,13.292221808181099,9.800756730595218,10.145446454054978,2.99093517660045,GSM806343,GSE32537,Lungs,1
10.392059332166168,6.491014935514982,8.390794687410377,8.827854671552233,7.294076698114263,6.433580812442562,11.06818916612011,7.915142642292985,9.596412194628318,11.399857310096474,9.293546286899195,6.062957211073644,11.336397124185282,5.718873513344613,6.83719443508227,8.803469102282676,10.675556714058926,7.314642237237355,7.572836688845881,5.027826090214091,11.576444540874682,10.43272283773296,10.145446454054978,13.85388400106495,GSM806344,GSE32537,Lungs,1
4.850276649146915,12.117267362854532,8.31662180515889,8.827854671552233,7.5978303169904,7.830769587091267,11.544583139370625,6.527866772054213,9.516489686016008,11.399857310096474,9.107802097509728,6.062957211073644,5.9814971692180325,10.757121322202437,6.676626911731059,3.9160479834968793,9.588665190913705,5.566639510680221,6.830560966328266,7.269439634502339,14.925678129283366,9.114991224615483,10.145446454054978,9.968151296028726,GSM806345,GSE32537,Lungs,1
12.104687816681096,11.092920066283831,7.1983019046855,8.827854671552233,9.266609174163756,6.740938034871186,7.490485690610527,7.726366824107258,11.151300813515478,11.399857310096474,10.328863079386986,6.062957211073644,7.177297751464412,13.057587257065483,7.7906675634358535,9.957688983513446,10.907641702259872,7.003933167341468,5.822599627684773,9.22637335542462,12.444602249616754,10.45553020295173,10.145446454054978,16.101716855010068,GSM806346,GSE32537,Lungs,1
8.826188860322237,12.056648336974453,9.562502636013106,8.827854671552233,7.888000570350336,9.019916658026279,16.296990372701412,6.690153604113585,9.579078441253143,11.399857310096474,9.509672149338172,6.062957211073644,8.190844240615782,13.915253514908661,7.005978658978497,7.641577909316672,10.526679476823068,5.5909870199741345,6.503097258111027,7.22718824400796,12.744846436846059,9.649477498004913,10.145446454054978,13.97806287683065,GSM806347,GSE32537,Lungs,1
10.196625188872064,14.444102610078208,9.300102660997918,8.827854671552233,7.953106210777234,8.167556845223004,14.727128922579137,6.630011282926594,8.836370477929952,11.399857310096474,8.582919697099413,6.062957211073644,3.840859308635654,13.082915364146848,7.790151770554923,6.859558708573374,10.393728115430608,6.132763472638833,6.252230420060469,7.745949634640855,14.914062290248419,10.152683036945566,10.145446454054978,13.535628708216796,GSM806348,GSE32537,Lungs,1
10.6834386108748,11.69389808846594,9.767909728879966,8.827854671552233,8.30148742572489,7.856536060827797,14.619690125123032,7.5090768971630855,11.571220970737784,11.399857310096474,10.751779929986485,6.062957211073644,6.501440250064159,13.273868836537018,7.38945267317354,7.071002789809082,10.569733087895266,7.494981608594594,7.907923108241979,5.510466973938328,13.26924264835111,9.846948862683861,10.145446454054978,11.332467215263566,GSM806349,GSE32537,Lungs,1
12.491074146916432,15.715102939514326,8.325474182370078,8.827854671552233,7.063522999919101,8.396954858030991,14.519035150710717,7.3230712938986136,11.131475074944982,11.399857310096474,11.071443661909171,6.062957211073644,7.785987375292904,16.674152171767005,8.026456881119607,8.34000822441156,10.760532435255298,6.439116129340978,7.91602934960756,5.895309184560196,14.42325100464875,10.512404265585872,10.145446454054978,17.18088684307311,GSM806350,GSE32537,Lungs,1
9.762969853845327,5.257214267425765,8.359925444197133,8.827854671552233,7.743830291214055,8.506219291470337,8.369584359298344,7.357030307847114,10.063514856073601,11.399857310096474,9.42641348949386,6.062957211073644,5.310092408299337,10.05635697235975,7.756793165860489,10.675269165680742,10.417291622673144,6.064755022225417,6.66496609885317,7.932239856366065,16.550380484736102,9.567342113134796,10.145446454054978,7.048446157181968,GSM806351,GSE32537,Lungs,1
6.5500846538617425,5.959473901163696,9.707312012712647,8.827854671552233,7.897464092623443,6.185378829919843,13.328982993252932,7.547802591269194,9.666449369703397,11.399857310096474,9.210869509138556,6.062957211073644,13.480734184552336,9.162774135116148,6.9915244631292355,11.889836699228718,9.979627055978641,6.754375230794775,8.512335841640429,6.68065321207107,8.28663691158679,9.936446118605605,10.145446454054978,12.115079428674523,GSM806352,GSE32537,Lungs,1
10.281730243805203,8.445889269520436,8.080938669613555,8.827854671552233,8.454042797579469,6.551335680960861,8.79874596460644,7.279607577030632,12.260716101022803,11.399857310096474,11.340966490877296,6.062957211073644,6.595564333474249,9.2642068869907,6.853987691670622,11.261300557721551,9.781331514837971,6.825029798851797,8.980592163049307,8.144974130183908,14.161473762629367,9.648467045115476,10.145446454054978,8.761348847988854,GSM806353,GSE32537,Lungs,1
5.551911281458535,10.792716657199268,7.253606446850252,8.827854671552233,7.374692336632809,6.501591107338784,18.08944601644821,7.1592560673999275,9.458595775815358,11.399857310096474,9.800947463859671,6.062957211073644,12.216943680337607,5.951158124843803,5.958919110694678,8.06202261693908,9.473761269642178,7.12547709544687,6.52849681438984,4.34522976231454,12.291744541736628,10.249109112680605,10.145446454054978,8.263957643667325,GSM806354,GSE32537,Lungs,1
9.98701555571769,8.561379580899743,7.722463023370739,8.827854671552233,8.141855617240996,6.271238137620077,13.239690922438974,7.348423536660729,10.040040630891175,11.399857310096474,9.111887652565285,6.062957211073644,11.23758053734463,4.894536878596627,5.978459264253555,11.750389299241503,9.459603364030068,6.612146407450938,8.475104017263085,3.5084010858970474,8.025869742526973,10.270039922533272,10.145446454054978,7.26444532621337,GSM806355,GSE32537,Lungs,1
9.7892883184756,5.312728157439613,8.444639043643388,8.827854671552233,7.293180026349589,6.145756799551403,14.238439270061729,8.037834505908888,10.740192095657836,11.399857310096474,10.34310061973211,6.062957211073644,15.251452066667111,5.822772897975305,6.74215659797547,9.799944084424405,10.741820238327401,7.356867175489292,10.765017652706646,5.823437501079373,7.858450149479853,10.8757342545456,10.145446454054978,12.654063799364973,GSM806356,GSE32537,Lungs,1
12.607188085918906,15.621139879375132,9.46590221046626,8.827854671552233,7.258549108735579,6.367063722897648,6.9433703621284355,7.949216285824433,12.368931590720091,11.399857310096474,11.599470701665279,6.062957211073644,7.558555092235046,11.888343168879299,7.918212347224395,9.578612534729944,10.05407981835842,7.168040865836098,7.483468933159388,9.271800986812803,19.112178028420907,9.540925987596603,10.145446454054978,15.010309166372785,GSM806357,GSE32537,Lungs,1
10.103546420892528,7.848802574676926,7.187464587223348,8.827854671552233,7.543630143971693,6.506695786097908,19.563061977136645,7.684536578796292,10.378991921076617,11.399857310096474,9.988152548693247,6.062957211073644,10.450473027605236,4.7443129275700855,6.84668262505469,7.073048472938478,10.332754358094128,8.083194198931846,7.882779538532604,3.972206122460327,7.7094643879447124,11.30084622017389,10.145446454054978,16.213432796448622,GSM806358,GSE32537,Lungs,1
9.079158815402131,8.064646291090908,8.509571686795567,8.827854671552233,7.58072085034555,7.47774806147728,11.797704536692242,7.973259840847886,12.75360599048374,11.399857310096474,11.780349366397676,6.062957211073644,8.38251759242177,9.421710412736594,7.436389825337987,9.276646975018426,10.115350594693757,8.013152755694684,7.861305109651859,3.897675260556785,15.029968162357966,9.922299778153459,10.145446454054978,15.59148732677323,GSM806359,GSE32537,Lungs,1
7.543984532998255,10.25542788246714,8.85784884692137,8.827854671552233,7.4595611074405515,7.146065482104667,12.797894446711807,8.288185515068463,12.259339313622075,11.399857310096474,11.010655554870429,6.062957211073644,8.530725346757817,9.141958161125288,6.20550409332809,10.113331374941716,8.84652786286862,8.212918502923275,7.776175353837199,6.398780299262428,16.123203795588726,10.085127043765924,10.145446454054978,16.017179119754815,GSM806360,GSE32537,Lungs,1
10.593017747244058,8.681403824132268,7.7215732225685825,8.827854671552233,7.198350928642366,5.544811097061453,9.293541057863258,7.140714732358004,10.468634548738072,11.399857310096474,9.368633836632391,6.062957211073644,9.05875186417046,10.847785116434315,7.052939801509498,10.124866754810261,9.573587940781326,5.725406569296595,6.834031006491776,6.449600153563358,10.507113967686848,10.458994612858376,10.145446454054978,13.33907471985246,GSM806361,GSE32537,Lungs,1
9.00343459934711,15.193700776393872,8.214454420747272,8.827854671552233,7.82365831264201,7.086719250816619,13.736266769244788,7.7105957039865896,11.621473710864388,11.399857310096474,11.15711651337722,6.062957211073644,10.1308690165792,10.264757359366538,6.756982644506329,8.161692844965804,10.561232687023258,7.37703575508995,7.598435345789814,5.760725209943487,11.689993576078582,10.359681528867796,10.145446454054978,14.917212548507322,GSM806362,GSE32537,Lungs,1
8.4966608368426,12.908670522871935,12.2045721870703,8.827854671552233,8.97157992921417,7.9264562695454615,20.616928886990237,7.914158738372677,11.033447812013085,11.399857310096474,10.274265207280905,6.062957211073644,8.693764152082426,7.995154414842551,7.558728699584141,9.421492705485997,10.374591605647204,6.479792120679584,8.99472831027279,5.576650970237215,16.475214221995497,9.951891612772746,10.145446454054978,17.58653283204657,GSM806363,GSE32537,Lungs,1
5.417035664699828,9.437677937349903,8.836288289022981,8.827854671552233,7.539716292890752,8.075134379118182,14.72662013585085,6.584035267698989,10.73757619959645,11.399857310096474,10.58625304788709,6.062957211073644,7.827500617320936,7.626061928039242,6.340018078600798,10.273292430754271,10.322655712133042,6.7998110069191355,6.67301545431443,6.075394656632385,16.16318585023799,10.28216535720654,10.145446454054978,6.7868746921470695,GSM806364,GSE32537,Lungs,1
9.205904371799804,8.212766631713082,7.421162782517721,8.827854671552233,6.947549412625999,8.204314004859283,12.279355972801707,6.039831322650873,7.4826718019113025,11.399857310096474,7.717128678477515,6.062957211073644,7.716113601582358,13.22351343124698,6.776102966650498,8.793865756480786,11.144040537825148,6.502913380333778,5.519227099946993,6.759172841608698,11.199182290478912,10.202916980591963,10.145446454054978,12.924119069092443,GSM806365,GSE32537,Lungs,1
9.101360134080343,5.490908109246135,7.699784510618361,8.827854671552233,7.9637814516512515,5.996158458773807,13.309564299790065,7.876311871069173,11.477048712527928,11.399857310096474,10.64902203010429,6.062957211073644,11.760298018029268,5.927093415027784,7.242775572057553,10.825910998348267,10.211881769321792,6.227588066489283,7.877090948100619,6.518517194352263,9.863108283220525,10.405584960130884,10.145446454054978,12.674710226714167,GSM806366,GSE32537,Lungs,1
12.96876730889878,11.398906916000044,10.687119588317136,8.827854671552233,7.973753895736741,8.685369207921504,19.84331866663343,8.38027128003711,11.786275162731634,11.399857310096474,11.097318843927702,6.062957211073644,8.915270865114834,12.362237466931397,8.0535779905098,8.421778725056058,10.45321677777281,8.058330374000157,7.713629302037518,3.7056973516496443,19.375302034386365,10.474873158263849,10.145446454054978,20.660448013712422,GSM806367,GSE32537,Lungs,1
10.32420459761446,9.786005284530074,9.168526219304798,8.827854671552233,7.471339012241397,6.9266337468740184,15.920318598194672,7.979048634786786,10.51039251060218,11.399857310096474,9.51282916915383,6.062957211073644,12.259518729711235,6.480341093698227,6.8989456385942995,12.71623585897365,10.467487833479725,5.657575602383664,10.085231096084392,5.706064320143071,8.937376415783515,10.559318149738397,10.145446454054978,11.581200356383137,GSM806368,GSE32537,Lungs,1
5.866273615418548,11.039119788308982,7.627870353480035,8.827854671552233,6.759127170184482,7.42907998473638,9.199076321978417,6.386442524091472,9.961453606057571,11.399857310096474,9.676635165941944,6.062957211073644,6.384401679098995,8.584679643560658,6.307523127102335,11.927909135248044,9.087664858653731,6.76036126522025,5.143979232101074,4.543781751211197,14.412897756813255,8.909811547894245,10.145446454054978,2.438061391147814,GSM806369,GSE32537,Lungs,1
12.71345214409935,10.939873091049499,10.982989762736485,8.827854671552233,7.754772110180273,8.055010832581363,20.950862576321057,7.540475850425735,11.86351293591252,11.399857310096474,10.951105494818215,6.062957211073644,6.580493519536682,9.370933875024775,7.980299415868192,9.097990648384442,10.844192786599598,7.164749353645271,7.9453824762366025,4.861258108457411,17.284535180843182,10.399233541968696,10.145446454054978,18.359084604494644,GSM806370,GSE32537,Lungs,1
7.109026303682892,20.856296059060828,6.110714354994259,8.827854671552233,6.983210291050782,6.721595816715866,10.606719603565931,5.940781810518103,8.134732082770505,11.399857310096474,6.981431637200451,6.062957211073644,4.027463386662643,12.716469995423308,6.763759923058057,4.067599008666354,8.921419081865753,5.586436988416226,3.616535815208674,4.928623961833059,13.969728245806175,9.639806020348855,10.145446454054978,16.508939480253837,GSM806371,GSE32537,Lungs,0
8.900297487459362,17.6389537555635,8.050366026667692,8.827854671552233,7.96648358413128,7.268751400852869,9.889330316684582,6.200150346869629,8.265829779067907,11.399857310096474,7.80914033051661,6.062957211073644,6.440917231364877,13.92373632511881,6.6143119346049914,4.533276043260985,9.813947029664677,6.4096700031240195,5.946923771575814,5.663295867177608,14.374851675336487,10.131319175854568,10.145446454054978,19.450567371049576,GSM806372,GSE32537,Lungs,0
12.152842789588764,13.070749661561898,9.064875833556254,8.827854671552233,6.8870604200685674,5.916740769507705,5.340183381303525,6.960813154385541,9.957984101807735,11.399857310096474,8.52880466331808,6.062957211073644,2.1078869650645187,18.01636136175588,6.9716724348051455,8.696013913457973,8.824576744477012,5.782120615133644,11.32096359562458,13.925141628376277,13.384643483980867,9.696247031744665,10.145446454054978,20.01507823373539,GSM806373,GSE32537,Lungs,0
9.128825145684607,14.44317440355709,8.53318563116047,8.827854671552233,6.58438523074724,5.285201720168855,4.82452803218703,6.430756410366322,9.0230903852168,11.399857310096474,8.3859092801325,6.062957211073644,4.960038502749441,10.089686595454946,6.019650723628129,5.235399952895063,10.46184447250147,7.416308013288349,5.657914934678796,9.126210968168717,14.622824586908536,10.486854242524341,10.145446454054978,16.484163767434804,GSM806374,GSE32537,Lungs,0
9.943551002249084,7.57258973413855,7.645643554117965,8.827854671552233,6.2904707669104925,6.031248784529554,15.267206034653285,6.416570999476442,8.353682583108416,11.399857310096474,8.520497368038447,6.062957211073644,7.879255162456542,12.652157058439977,6.727402522544272,4.9546867679167255,10.178997523019934,7.185127686473774,5.271887187964266,8.191731350783455,11.871806708799436,11.759880532804779,10.145446454054978,20.657369819089446,GSM806375,GSE32537,Lungs,0
6.4623216945798045,16.830807177914902,6.739552552661296,8.827854671552233,7.248540313092062,5.998554532477069,7.140949208278974,6.242505977769109,9.390954210817547,11.399857310096474,8.627712237072158,6.062957211073644,3.801366925749255,13.802089216998796,6.474268169841404,5.644877525962652,9.24702262342063,5.892483082708441,5.3730018828928054,7.434308696711165,8.999832593782987,10.735714354151904,10.145446454054978,17.401090375491986,GSM806376,GSE32537,Lungs,0
9.432764325335603,10.785219604528585,6.287921607054335,8.827854671552233,7.309271649369674,6.5866864495104425,2.646157655036319,6.271192030901977,9.030786626786876,11.399857310096474,8.856701407701207,6.062957211073644,4.056440451642606,12.704738449387996,6.020454400907715,4.273246987702107,9.800156861860671,7.200859178562288,6.227911695963733,13.690247534369076,18.353192372057983,10.510239009394216,10.145446454054978,19.39125581611915,GSM806377,GSE32537,Lungs,0
9.54298918215348,7.28952244544412,12.598617049994157,8.827854671552233,7.898154772225962,7.3988338949459225,5.897983231079594,7.031816628556907,9.592419511166204,11.399857310096474,9.51934129630299,6.062957211073644,4.871600226415795,11.53417080216193,5.543981730763027,2.8326882928871564,9.601437007864492,7.169121901702693,7.821228990058523,13.722748603980133,18.282992301368534,10.618213118151418,10.145446454054978,18.110351463375068,GSM806378,GSE32537,Lungs,0
11.494412131888026,14.731989432632368,9.477378359273548,8.827854671552233,7.983629402334159,5.6435883673357985,0.40139060984446573,7.26055040886544,11.17718441664918,11.399857310096474,10.29085503690044,6.062957211073644,2.7786751926857676,13.781513890106098,6.930636912813178,7.401494264269409,10.639249677389305,6.297322947316518,9.948591153908101,19.75819723075392,20.862634467338903,10.77685422179335,10.145446454054978,16.98027864715656,GSM806379,GSE32537,Lungs,0
6.977017054359163,7.121409964366804,10.461155815379962,8.827854671552233,6.825153716748072,5.943288571625735,8.908219908975695,7.017325538779164,10.180872214111732,11.399857310096474,9.782611987989124,6.062957211073644,6.4451302088974245,9.125112864254064,5.720226958657793,2.902923413663114,8.735202313345207,8.976517061467844,9.998309434283655,16.615417665431742,13.165120960769771,10.875156852894492,10.145446454054978,15.100702979203447,GSM806380,GSE32537,Lungs,0
11.78917893574709,10.91102728839278,9.57333995347526,8.827854671552233,8.004543665385865,5.643623093041641,10.345966405320048,7.467189337060645,10.336091225669906,11.399857310096474,10.229324101669777,6.062957211073644,7.240218399653761,11.910302216586423,5.988115386791858,4.832002604684289,9.37431648007299,7.874634950997368,11.93979690576811,17.441978958494833,12.47187421952488,10.53752123740907,10.145446454054978,13.62324463809502,GSM806381,GSE32537,Lungs,0
9.636276413219202,10.57583763351171,9.169803881995072,8.827854671552233,8.169082934203445,6.953459354638804,7.876230828438333,7.914426207399557,10.100096097310969,11.399857310096474,9.271719518526629,6.062957211073644,4.223075701202319,9.940304909271964,7.296202118375071,7.099301406432403,9.856095439978455,7.307026581580147,13.482400416161752,10.299277982926078,19.436495621186392,10.139258448557305,10.145446454054978,16.180999136030977,GSM806382,GSE32537,Lungs,0
10.918272277456996,13.292805221617307,6.6425186344159615,8.827854671552233,5.4023295011874435,6.733350468144188,11.40407320457602,5.852574346439214,7.634090880243464,11.399857310096474,7.839200111349619,6.062957211073644,5.338487191831709,12.967585242353541,6.886614590185138,3.3085369185974027,10.096284803719602,7.039736429848555,5.774388823773695,13.600057066198382,15.741817080608085,11.07695872995675,10.145446454054978,19.965376652262055,GSM806383,GSE32537,Lungs,0
8.328118431665759,14.918523243129066,7.478361003312701,8.827854671552233,7.191286609199061,8.612462588501224,22.442794859227742,5.537123286630122,8.632179138527853,11.399857310096474,8.758709988717161,6.062957211073644,3.5842444494986863,12.496879518352063,6.487402895530153,4.502136200069058,10.079184995642636,6.811653996860642,3.468860007594333,8.017481298027795,8.680060329335523,11.463096084135248,10.145446454054978,20.27064346535962,GSM806384,GSE32537,Lungs,0
10.289391262222338,17.302978695164562,5.977495204127926,8.827854671552233,5.465314634062749,6.0822087578561845,9.511725766509326,5.440318603830094,7.500817859852909,11.399857310096474,7.71460306262499,6.062957211073644,3.640999764713575,13.672741401737655,6.5368350458162965,2.5982302764457383,9.650119836153092,7.796300187828416,4.489819775374913,12.19069250215516,9.341237254114368,11.099333043937186,10.145446454054978,19.942252653630952,GSM806385,GSE32537,Lungs,0
10.192455927148455,15.926519824827526,6.870535793819647,8.827854671552233,6.0246560574288495,5.8654682648284755,9.383596308769647,5.961061694234746,8.2726173409535,11.399857310096474,8.220568105081087,6.062957211073644,5.772321122134548,13.517524023424283,6.184656464791977,3.597376011561952,10.433868111561651,7.5623123947334285,7.048035778543067,14.822614346045313,18.212623885185835,11.172663053627907,10.145446454054978,18.616977251565505,GSM806386,GSE32537,Lungs,0
7.9879587907909215,6.864618060270575,8.935261516708911,8.827854671552233,4.936060183557247,5.8365764775659486,1.7748603828488587,6.076722943429807,9.13527102262819,11.399857310096474,8.834874639328643,6.062957211073644,3.7392340701066376,14.121066945610227,5.1217872649485505,3.466906887531538,9.493463529899593,6.088376462653708,2.664180448037839,11.178358049837948,19.869143538864726,10.8073121588893,10.145446454054978,24.162157170053597,GSM806387,GSE32537,Lungs,0
10.482011153853005,18.27445392028156,6.310851089263732,8.827854671552233,6.631254506230443,5.85258502796021,6.731799880950074,6.370862453275718,8.460438678160934,11.399857310096474,8.429884709094134,6.062957211073644,3.1142063138958234,15.841693697456117,7.067082122593549,5.941217457068328,9.841725377938591,6.820850869158542,3.117617991371395,9.27342604029336,11.123763509498406,10.12684431305848,10.145446454054978,20.57996448600938,GSM806388,GSE32537,Lungs,0
6.47436043780672,21.897565274516786,6.549682750724386,8.827854671552233,6.938037421608854,6.209478469775845,10.366996256755815,5.812272495567562,7.888892924496355,11.399857310096474,7.62827404625408,6.062957211073644,4.671774934343572,12.720621157866569,6.061022110751865,1.7818890587536709,9.499319047305601,6.800698424421563,2.9364079431605,12.333180145972737,8.293118213077308,10.48440028550713,10.145446454054978,17.11571921056729,GSM806389,GSE32537,Lungs,0
11.947402418158,13.82256124342795,5.953675921116374,8.827854671552233,6.059941303087351,6.424170146158735,6.9137759340998794,5.761052176920064,6.648311101321591,11.399857310096474,7.045389144524719,6.062957211073644,5.8954222705246,13.928549267082012,6.567026922125501,5.081178174751095,10.997581883865687,6.660002413127379,4.509872056647662,7.466144971716546,10.218569792239121,11.341264335751452,10.145446454054978,23.615589929682173,GSM806390,GSE32537,Lungs,0
10.168951714181619,8.996208635799235,5.8263887755977475,8.827854671552233,5.738363303591825,5.315413084253466,4.840215622975814,6.721781816542133,9.308360734647824,11.399857310096474,8.03685431274953,6.062957211073644,3.3096131173363474,17.14341401317952,5.766024568410888,2.395480348509966,8.0459909421438,6.060914924669451,6.66911876986852,15.265367553428705,14.186473068378488,10.881796971882233,10.145446454054978,17.81582079249909,GSM806391,GSE32537,Lungs,0
7.329840827719462,8.6211061005095,9.106764917473122,8.827854671552233,6.839124832216566,6.3990460979803245,7.503205358817645,6.375084642914322,9.320834428498427,11.399857310096474,9.644062149726274,6.062957211073644,4.957983391757953,11.724763303904863,5.695121040058205,3.67852144236136,9.024626112087114,5.601377872184393,7.31932465624445,9.00285463578129,20.89512514753809,9.81042820825128,10.145446454054978,17.58803439039925,GSM806392,GSE32537,Lungs,0
6.720398995271114,19.730845652188364,5.804485986621607,8.827854671552233,6.994382336551173,6.5159328238525145,7.057932173780534,6.061744677924532,7.456912109643666,11.399857310096474,7.726884488731391,6.062957211073644,6.6355704941085225,15.716557206412775,5.754629144297362,2.6156185830456096,9.093831538820446,6.429967661634121,6.234766447434276,13.359770749278438,12.297720806747355,10.813663577051488,10.145446454054978,18.477857870190743,GSM806393,GSE32537,Lungs,0
8.046849612636882,12.331897270740885,6.186826546686342,8.827854671552233,7.092834472875118,7.120559451161969,14.145161703209546,6.061610943411092,7.759488676701849,11.399857310096474,7.907688870644597,6.062957211073644,6.980246859230698,16.07770833897679,6.11763937582117,3.380817722502756,9.313102278785054,6.429128648722734,4.940469909396795,6.765525323396316,10.482114661937725,10.956426135287948,10.145446454054978,21.214523045847194,GSM806394,GSE32537,Lungs,0
13.772809432296512,12.063966888391073,5.93791047613459,8.827854671552233,7.00654799130431,6.366056677428161,6.66311367263164,6.060693906747504,8.756434201443632,11.399857310096474,8.743667717830794,6.062957211073644,2.8433084333680236,17.96167430869896,7.691119537416751,6.11777127604155,10.747689899495262,8.194637702373239,4.626033073268804,7.095337313881274,12.567073595963441,11.424121472685455,10.145446454054978,24.406911181538604,GSM806395,GSE32537,Lungs,0
9.873403173749384,12.997921149903856,6.871060548138868,8.827854671552233,5.4962013411999475,6.143690620053663,3.578424536829883,5.747029157939361,7.061994411618596,11.399857310096474,6.393086948260484,6.062957211073644,2.1543667253219754,16.708564706803926,5.828051661138297,5.129138079229175,8.918151872878344,5.418182629955702,4.882446286990546,9.635295903985591,8.360961446861099,11.364071700970221,10.145446454054978,19.899983786003325,GSM806396,GSE32537,Lungs,0
10.120484046644682,10.260675819336612,6.698941131434703,8.827854671552233,7.04225733847313,5.07365272016488,0.376036071218282,6.137094523782695,9.228493297531543,11.399857310096474,9.214571269628289,6.062957211073644,1.7418374456308827,15.317143185241278,6.112709355494161,5.584245750988591,9.061541330516299,6.495781770586985,5.97599246868326,11.52087500389814,17.62290962229587,11.044768587907479,10.145446454054978,20.064029036032387,GSM806397,GSE32537,Lungs,0
5.278251365075236,15.915488447326378,7.348883578896459,8.827854671552233,7.083819286484346,6.669229452302537,8.152671617472988,5.83443421493761,8.31867087950788,11.399857310096474,8.114405575985925,6.062957211073644,5.479330798448265,16.074098632504388,6.1071435904534495,5.216988804730493,9.567902148517522,5.539161837832285,4.2967490161133295,6.905575386993062,12.496873525274001,9.909452591416306,10.145446454054978,11.531573852827439,GSM806398,GSE32537,Lungs,0
8.825928281464513,10.989746341434936,9.13213564803715,8.827854671552233,8.40000014797888,5.429226585158427,9.284467694542185,6.6117374169115495,9.579519013221374,11.399857310096474,9.341384422458813,6.062957211073644,2.927465228469403,12.782286976770136,6.722004690069444,4.886610979332912,8.846414712773816,6.100396936095698,6.408894200557347,16.122066201949323,14.980053723606357,10.783061289542761,10.145446454054978,18.48431457110723,GSM806399,GSE32537,Lungs,0
7.3731490338734345,14.795642979831525,6.342062563554731,8.827854671552233,6.612121469522072,6.803114411185552,16.357112004427044,6.297021896926378,7.796180060931274,11.399857310096474,7.981142198355568,6.062957211073644,6.39313590081281,10.674639529308008,5.553373959269228,0.5485694298528925,9.182159331575331,6.57658516789906,4.175781140577159,8.390357205747407,7.284139499223193,11.011279292143211,10.145446454054978,16.29654405126884,GSM806400,GSE32537,Lungs,0
10.805858558234233,14.67369092305511,5.3953145100611035,8.827854671552233,6.4956268432305775,5.470636989377853,9.782824294896997,5.606569708966436,6.712194036715411,11.399857310096474,6.935846747156326,6.062957211073644,4.82960745848975,12.955552887445528,6.226459678513699,2.63584811621409,10.025749863372345,6.224732195617831,5.47673332942006,9.222901650261619,16.195676530437176,10.79561977545436,10.145446454054978,17.99788474276018,GSM806401,GSE32537,Lungs,0
10.035848033655448,11.76254967077888,9.108384811241148,8.827854671552233,7.158788316322653,6.857269149449865,13.923924274193773,6.705112764688368,9.044595804416186,11.399857310096474,9.047633013964248,6.062957211073644,7.107903503651878,14.073960276145357,6.785543175889806,2.675227516454976,9.919063467735823,7.031249491552599,7.127562272782224,15.89773495556571,11.056677830434277,11.243683456714194,10.145446454054978,18.251422870608305,GSM806402,GSE32537,Lungs,0
11.201521495804595,10.555702692053316,7.13854835850997,8.827854671552233,7.1198679148614215,7.275314559257457,13.69081515485136,6.438732718846491,8.004364083795489,11.399857310096474,8.02599664067764,6.062957211073644,7.288376500554266,12.449111069367257,5.848431477526591,5.115329718105745,10.651795194150486,8.984697437353871,5.6152505064389056,13.67104235687163,9.148818355318141,11.235166782360352,10.145446454054978,18.109600684198735,GSM806403,GSE32537,Lungs,0
9.937922498922214,12.41061632378304,8.454175883010082,8.827854671552233,6.737449524414201,6.0512334282429965,6.4185568519028235,6.051198756293269,8.093332085630585,11.399857310096474,7.729051070957825,6.062957211073644,2.656122073893447,15.235142686543167,6.634631775076899,3.6910228392632316,10.186309847896519,7.020213244795118,6.148186101059457,13.358441160067073,13.119162641109773,11.333325063048719,10.145446454054978,20.39031766606731,GSM806404,GSE32537,Lungs,0
8.513129420650852,18.381054869208477,5.9863019505287465,8.827854671552233,6.826910708719391,6.737673818521814,3.59284016079795,5.6746214713768754,7.854142810501958,11.399857310096474,8.197874703817945,6.062957211073644,5.393153144205254,14.637976912458477,6.249970237737394,5.244946474165584,9.61163466015853,6.281075139590227,3.682694121932666,6.491186749452053,12.65755929859072,11.42729718176655,10.145446454054978,19.716117965719036,GSM806405,GSE32537,Lungs,0
9.470548259705796,15.933659874990079,7.490977922379164,8.827854671552233,6.3709288820109204,5.488989524916609,5.602632535310347,6.032208455384796,8.265430510721696,11.399857310096474,8.371783164016165,6.062957211073644,2.9534623825117077,15.625833250406357,6.48994587438496,6.275288877005099,10.321326198519118,6.337450353289985,3.0591677246827453,11.752149660607746,11.013833902399595,11.015898505352075,10.145446454054978,19.581803571072818,GSM806406,GSE32537,Lungs,0
6.538619184121824,16.229650654478732,7.517603500228283,8.827854671552233,7.15303265296833,5.960390981754093,5.751113462181414,6.169334093986968,8.82052365494756,11.399857310096474,8.558975868379875,6.062957211073644,2.194749656304687,13.139527593989051,6.305411974845514,3.2347218523450003,9.375645993686913,6.848828722780573,5.5339605491658315,8.999456796685585,10.936815839233121,10.609696443797574,10.145446454054978,18.420423263201165,GSM806407,GSE32537,Lungs,0
9.457832011448794,4.227154930725012,12.206283342459061,8.827854671552233,6.723127010551444,6.945281450912452,10.6808328703194,6.309210842579904,9.630611593662422,11.399857310096474,9.876715939435458,6.062957211073644,3.843462449224874,7.732548268975157,5.246513180666906,3.200854431647209,7.209444003748214,5.820457051238574,6.789176470935572,16.011340967069827,20.466180830711483,10.436908999703494,10.145446454054978,18.468097740898404,GSM806408,GSE32537,Lungs,0
9.886380000864111,18.54017088708098,5.860543437157414,8.827854671552233,6.694227521919738,6.10491936947841,6.364710256492708,5.918152020351015,7.5616443272171106,11.399857310096474,7.9657780352527015,6.062957211073644,5.106259649793715,12.3268021817273,5.53701252927886,3.834220658321005,9.790567391326194,7.466035663151731,5.3648956415272275,6.4559526353509735,10.18111291998876,11.146246928089715,10.145446454054978,19.726854107940625,GSM806409,GSE32537,Lungs,0
9.730658075487364,17.38483937027823,6.640761848216832,8.827854671552233,6.715711292713874,6.058334835088171,12.589291888115106,6.1012632266460365,9.844288998255545,11.399857310096474,9.140164645737686,6.062957211073644,3.65507727500526,13.115523045947564,6.278842643886083,1.8011525748888264,10.329897318200375,8.12195014149247,4.843991415670325,13.089938005439343,9.714543385418537,11.414594345442174,10.145446454054978,19.496515056641233,GSM806410,GSE32537,Lungs,0
9.270475812744177,7.098347602341762,10.451048590883682,8.827854671552233,6.192248857120721,6.201005397549816,11.616322068058766,6.5320603042970795,9.468715163210716,11.399857310096474,8.73594230463483,6.062957211073644,0.8322795726487415,10.884784607776458,5.776784247810711,5.584927645365056,6.576086348093489,4.9313292532595145,10.161742637394594,6.296697394256781,16.095763480187337,6.586015297886128,10.145446454054978,7.356565931149599,GSM806411,GSE32537,Lungs,0
6.4590905167440065,9.779864841390275,7.83790897359914,8.827854671552233,4.558403847211604,4.738028773178929,8.777716113170683,5.853243019006414,6.686516951691817,11.399857310096474,5.491999210052544,6.062957211073644,4.791074127399376,7.9799334858839135,4.731583952934889,3.2302327143665996,7.914114506651957,5.212689006120523,5.6245513517952,10.946197000320762,11.307512615391751,10.606665085129256,10.145446454054978,18.2770244405213,GSM806412,GSE32537,Lungs,0
11.146591472596063,18.054825977281414,7.855180235323034,8.827854671552233,6.678959867548271,6.638132582718894,7.92270001628833,5.529471761968309,7.224386485534566,11.399857310096474,6.976207078917284,6.062957211073644,2.4385200717448656,18.048788558232978,6.3859836209197764,6.44258029736466,9.561608174494156,6.220214433787285,3.2248479210143195,11.086690260321298,11.413233585159055,9.927352042600655,10.145446454054978,22.633645844954433,GSM806413,GSE32537,Lungs,0
9.050182446423056,12.767511731158258,14.581732068542124,8.827854671552233,7.6495343496912325,6.780473250975015,3.6928167529058786,6.521323333360901,9.464846390614667,11.399857310096474,9.939187790375886,6.062957211073644,4.077060065257188,17.625670797892692,5.578791752634028,4.0326519218724926,8.913852169275863,5.980547168676752,6.055120761592175,13.148366064671954,13.011505698169971,10.574907994318316,10.145446454054978,19.242901850875477,GSM806414,GSE32537,Lungs,0
7.957054138264684,17.185739071495433,8.60685657449792,8.827854671552233,6.087095916933745,5.77714343201329,-0.13537938849582964,6.412425229559804,9.097450672730167,11.399857310096474,8.057356370846508,6.062957211073644,2.857420195509566,13.32163728552183,5.757687916033099,6.949455117204088,9.466505519812996,7.290665829808094,3.1105072533314138,16.722301864811755,16.71190798551912,10.584146420736044,10.145446454054978,15.40003863680797,GSM806415,GSE32537,Lungs,0
6.704816379579133,19.135294068129795,10.937655552636913,8.827854671552233,6.096353447044699,5.540644012360127,10.250399298190583,5.752942133926455,8.07979826548142,11.399857310096474,7.8143401278600475,6.062957211073644,0.5880296313105484,13.492857695862856,4.871675698431586,3.782339861178248,9.258662939423397,5.361274965754488,3.659797545443925,9.577089442954875,11.902108897586242,10.302807466233654,10.145446454054978,16.912182975863036,GSM806416,GSE32537,Lungs,0
9.16249193410274,13.670977978476943,9.530492622540685,8.827854671552233,9.952344964790786,6.50758129159694,5.440329568987545,7.928774010198613,11.323123881126438,11.399857310096474,10.763912790454501,6.062957211073644,6.3697761392095815,13.27753870478396,6.690865194281327,6.432579179843165,10.29706964694592,5.641166446020571,10.718228996403568,7.949007453642676,17.380744630241296,10.089313205736458,10.145446454054978,16.484539157022972,GSM806417,GSE32537,Lungs,0
9.51140702459715,14.292447944625582,6.335993665775924,8.827854671552233,6.696566138819494,3.9250652736561062,8.839957689597497,5.91464626560584,8.303636361091922,11.399857310096474,7.484672976286177,6.062957211073644,10.699792242722427,13.291676721800878,6.2979629660302505,6.033216373359812,9.256866681668415,6.160079796849963,6.568544491031016,7.533289226890302,5.601862985075517,11.120696905028185,10.145446454054978,13.638410377456976,GSM806418,GSE32537,Lungs,0
9.097034525042098,9.278990322487154,7.404507536733779,8.827854671552233,6.899274543565742,7.700461375910224,16.98173251118449,6.058000111548214,8.021092050714344,11.399857310096474,8.193108222919795,6.062957211073644,8.849233298588395,13.29468481052788,7.0542832620365665,6.934282967327727,9.914495032658188,6.408556697530063,6.067891647111983,6.055598550596558,15.43307144596915,10.50085623256371,10.145446454054978,18.782298826194346,GSM806419,GSE32537,Lungs,0
8.23556082140167,12.838019726513476,7.033574679260784,8.827854671552233,7.741346268082189,5.146750330967304,5.861689777795281,6.227432187611377,7.849255215229373,11.399857310096474,8.073946200466045,6.062957211073644,4.866291189687788,12.294495308799283,5.458552035461419,2.240235728801296,9.046167061385063,5.004468590323338,2.963343418855951,11.63182183697953,11.5835150515916,11.300990570586668,10.145446454054978,17.67039486604312,GSM806420,GSE32537,Lungs,0
8.301531950128862,10.483493706090437,9.083246973498344,7.801204743461614,7.88155686135685,7.46623523795218,12.454391517017804,6.949987265004494,11.330744841518918,11.597506944033281,10.509465489617007,5.278947653654393,8.229863770744986,12.704289586284677,7.112338677319103,7.964738439310994,10.31781175580784,6.873831635302782,6.974431241753699,5.218710649728411,11.919894778079101,10.150312059969274,10.093044818483008,13.499856858255468,GSM1302033,GSE53845,Lungs,1
9.827663810720352,11.299499064190732,10.707992683700542,9.481359735039442,6.916514567218375,5.535862530291151,13.101008907667994,7.403953480518853,9.814812765923781,10.644742729766456,8.465921956064996,6.7558309101611655,4.829962266260123,7.111492962609715,5.197936400217339,9.444572398789726,9.412132354750321,5.751553054559949,12.343136717521379,9.021236869522468,13.696284232875296,9.833691748327732,8.50055798744811,14.01507186770748,GSM1302034,GSE53845,Lungs,1
9.760698909316991,10.690005937165896,8.996078952373745,9.340284675257912,8.141527438553336,7.345404882556243,10.219430658601848,7.0258947538092835,10.275980864425724,10.825660224165123,9.789278642109908,6.584410820321735,9.898411738177197,9.273147647548399,7.038387937695911,9.045365531024492,10.304204099321362,7.115196259505475,5.194146057263898,7.583476327327227,11.96664186899479,9.500425589419743,10.439853639412,12.773612822791737,GSM1302035,GSE53845,Lungs,1
8.13121964183528,10.38016879900338,9.372225514416481,9.600834143727461,8.539477052042612,6.011493688175639,9.860982108486732,7.971288023468937,9.994621741703329,10.725449689254837,9.846432694746358,6.027547687343767,9.546380519922497,7.5657514067085,5.945159524025129,8.400859290374427,9.65796879033149,7.922942381721695,9.10959195128639,8.604987140910549,14.860836762451441,10.625824550063278,8.502117847212414,12.536510712485143,GSM1302036,GSE53845,Lungs,1
9.839264029861088,12.069414084242878,8.536295225758291,10.039287111265299,7.546862120928751,7.353328184549419,10.31482600107255,6.882015559120204,10.27624705091837,11.3624451954783,10.024953263695592,7.046462169230485,5.840851912316508,15.023668445180038,7.514892567986999,7.367565451438463,9.695325658610404,5.6618778429800205,6.004325615031246,6.796636916864395,15.44930014221365,9.640576639131659,9.40371679097684,14.976516851081294,GSM1302037,GSE53845,Lungs,1
8.971708246850655,10.517339148358628,9.095494632162687,7.7062826276314365,7.291641451782645,6.0675393978626655,11.370343520188413,6.900745978435673,11.541431450444913,11.775513457025696,10.301795590751722,5.448206380635104,6.776934924493778,12.26702175442106,6.939519740187036,9.682727129745873,9.668367093873043,5.89253497923287,7.08751880502539,7.305799531327188,14.635809099318074,9.97395920256599,9.213543888046136,14.480041870966227,GSM1302038,GSE53845,Lungs,1
7.864766123390425,10.192367869344487,7.513781236186559,9.81248027478344,6.855460871058592,6.313045240504168,11.534035759116215,7.459503960962358,9.840499762463716,10.764092967422856,8.77748403472271,6.691038054685293,10.439659736243797,6.395002050428497,7.285291220123481,8.88371800738801,11.180742575638972,7.481927721787572,7.882085527564934,8.203603474034779,10.888708949056543,10.509769237303493,10.11345298373258,13.575360164859395,GSM1302039,GSE53845,Lungs,1
9.280520141248815,11.457857210738283,10.039116045653294,9.057463728021144,7.938903312209015,7.962024208260484,12.498454030861092,7.541474190756102,10.869842929509614,11.318271052638401,10.023160045755729,7.4625965649628565,5.937260461861264,9.568079029743801,6.797630516194566,7.954021476417964,9.810477242274272,6.718796132695693,7.957617892585946,9.657291939518736,12.239791537482544,10.070225745848177,9.238111679333834,12.956124412855923,GSM1302040,GSE53845,Lungs,1
10.205198215482588,11.718577182682306,9.716815046026767,9.776658077007244,8.319011807655393,8.106158393048116,10.838949603238419,7.847519384255413,10.98044341720229,11.762341266162398,10.641591313568961,7.582384097621737,8.359075229263473,8.57941774421052,6.698361501668764,9.271612525432829,10.367749287630856,7.244355332900447,6.521237051627594,9.35731605091448,12.185253264747569,10.806717183993776,8.374989276422095,13.643258821877328,GSM1302041,GSE53845,Lungs,1
14.08494423537162,14.184891809103803,9.226246663849587,9.215041148575976,9.400600626152007,8.046733628099293,9.603657027641944,7.828838255517092,11.346316751338462,12.902354359386496,11.31729109473821,7.145404557874147,7.889033545798393,13.660251957704991,7.611289060558153,9.856877776757552,10.99113400365287,7.191264038482481,5.679409854884961,6.847075340612016,17.37693018526648,9.814601406008169,8.868034950254058,12.685887757924572,GSM1302042,GSE53845,Lungs,1
8.780656152820603,11.144167745813524,10.391760343772562,8.579163596664843,7.282141635681882,8.315310261838574,12.339939137309878,6.787525522731386,11.651100285413342,12.082985868061241,10.184854888928811,5.772602930586215,5.64683470680114,9.21223790557326,6.230107021642772,10.225719916325875,8.733033271604427,6.3295343311858066,7.917952851736924,9.479430129461344,15.043700382798113,9.678058896612754,8.878304027035691,14.335010339575943,GSM1302043,GSE53845,Lungs,1
10.775542323235594,12.066937588467153,8.092841710695295,8.259514210141312,7.525545460409966,7.978220369687712,11.625024850202589,7.266038445664437,10.373005840993669,11.340321736790772,10.170928834714989,6.148824158860877,6.810537904418086,13.407957394892183,7.806887764818958,9.2302331409292,10.402667047671628,5.581125538024962,6.4165888587493125,8.002380709820594,13.829192628615981,9.21395405009995,9.79030203589544,13.425439930163815,GSM1302044,GSE53845,Lungs,1
10.506628152245733,11.153936145817767,9.333717110147512,8.344575159167931,8.285183194223409,7.851097980356017,11.856132735310617,7.686881393336706,11.343388699919403,11.783009234146796,10.655212139197273,6.434652389355261,7.82622797617795,10.465055124725032,7.323469040985862,6.757293953363348,10.890103572946666,8.563830150052874,5.7853239533222585,5.706105102363285,15.73207421177228,10.443185848237698,12.015312001353307,15.412969418392521,GSM1302045,GSE53845,Lungs,1
12.201666233962227,12.391908867481305,9.356446999200257,9.14936711931962,8.161106327834176,6.47244343354336,10.305352560596246,7.669728272489909,12.61163424411133,13.850315454333007,11.952242859742084,5.45358577263903,6.409702358178078,14.06514145304498,7.747834057658251,10.180172824030516,10.305487840499332,8.716411853338126,5.545645834149419,5.99333865233656,18.9333333298712,9.68422833650871,10.680072043113944,14.5609770701316,GSM1302046,GSE53845,Lungs,1
6.449715149116322,11.950542287008231,6.531099722090751,8.743315128422047,6.791510889502238,5.280336041011218,10.74950270013655,6.671840538169799,11.15253298469522,11.983357529432208,11.255138924014059,4.976116702004739,4.822361592229623,12.473473721957845,6.64438481005581,5.229233660865992,7.637360176207414,5.073412151069946,5.253221650017764,7.685415036375046,14.10371721154244,9.856390630963798,9.877264217755076,13.445809527269196,GSM1302047,GSE53845,Lungs,0
9.632744976976717,10.998742410539204,9.0590826739714,10.923102571380202,8.637371498446814,7.694962323431663,13.093958905453066,7.984596479298348,11.343521793165724,12.297525197702138,10.68401808695463,6.109631445689407,5.3360071425012485,13.607677233052767,7.705948679389287,9.467792485057949,10.539385483125384,8.182598964505368,8.717583196512502,6.8561011638089555,15.85673312088078,9.778516002843139,11.431924449505734,12.48626570629188,GSM1302048,GSE53845,Lungs,1
12.51170845463289,11.972693165891076,9.300284312171874,7.992591878771505,7.542575618541822,8.123286707651012,12.495810280030492,8.404108581387677,12.697878667727277,14.081738476130175,12.03137337053514,7.0990553321260235,8.534690802915527,11.168402355743195,7.587674257977487,11.249487566023602,10.743885452775935,8.167876168574336,9.1581183310485,6.161643708420707,17.73624115857923,10.744440762402517,11.049888795566336,16.520803906296994,GSM1302049,GSE53845,Lungs,1
9.409704399861598,11.154211312015066,9.491612601577009,7.6065976353179074,7.074883452703043,8.439519672496308,12.262168800376477,7.188652239545267,11.167971801268447,11.822161934060912,10.219345719091262,6.121494926269496,6.7861357404254345,12.602987068052348,7.529956607539874,9.083767981391171,10.494968038367638,7.30324651662458,8.248354202638922,6.906008656780279,13.188024195370396,9.755933524733413,10.078096162408489,13.730712292116406,GSM1302050,GSE53845,Lungs,1
7.966180160423855,13.339168501694846,8.786655023140213,9.788397561297197,6.771932000221397,5.725672220686503,10.908017593687761,6.45535632334471,10.56985075230229,10.489296322672512,9.226246362566453,6.110447960547146,5.514822999955627,13.30793718701722,6.2060580006271,7.093092124011508,9.199801563914155,5.903019394517091,7.957617892585946,8.96495820723565,11.69715863901022,8.609348940296215,9.628726561976874,11.556325699774384,GSM1302051,GSE53845,Lungs,1
12.578849116932318,10.066892083374587,8.0911866216866,10.03821378698736,7.220392831026924,6.941433000051215,10.786845680618733,7.112892622471916,9.070156052758303,10.280724504914433,8.316016567007178,6.430809966495313,10.753687584345995,4.944388458652202,8.207036753385287,8.969156017118529,11.374972615865767,7.569372206711282,8.02513285573323,6.455779358485764,9.712240494345025,10.952804864548973,9.87388452159909,14.053095115637518,GSM1302052,GSE53845,Lungs,1
9.85807044574077,10.502892923000257,9.410182222349219,8.653357137377336,7.531801436866565,5.073980631747762,10.348093199024229,8.226416050776464,10.76044028103383,11.96123407074468,10.344069749844635,5.851084417500653,13.357918528480184,7.3952041291781185,6.5018275577017945,11.436439029824172,10.26928633928059,6.79508698433832,10.0075409611452,7.634976612627433,14.146339559142035,10.744440762402517,8.6894310072419,11.760293265456223,GSM1302053,GSE53845,Lungs,1
5.857752451146478,11.649372884060751,3.7423850817070283,6.256892355810365,5.454237996196066,4.946508684975193,8.34710428911611,5.391912121420465,8.499186026041611,9.362309871241399,7.277476304814805,5.159256181567012,4.679948963026586,16.779471902010698,5.23858592601744,3.381450642060015,8.711466419814538,5.250308774907964,7.444504172666639,9.800643249117229,11.049573938384055,11.019388253614768,10.895722655528184,16.758992395115868,GSM1302054,GSE53845,Lungs,0
11.307394794748879,11.378609345915185,9.730497115165312,9.231744757651393,7.546282863849436,8.362733554650674,11.193983308530674,6.465953797431093,11.391967734826533,12.111513485842528,10.588824921849193,5.8066564031825045,7.140967207007157,11.991325027586228,7.615931857670901,11.09141236335146,9.969404400106903,7.802929287617214,7.533961498836774,7.753374175740257,16.060220457807905,9.858835126016913,9.588820149673575,13.311098591745628,GSM1302055,GSE53845,Lungs,1
5.824182119996758,10.238458207392636,5.871491582492196,5.999160363570406,5.9434785253853555,6.595720691025425,11.647166263408845,5.255475803880428,6.146230524334288,9.359762762510922,6.959771500873737,4.716272856100754,8.681503822346754,13.794894545228976,5.2382519118366675,3.847340834492968,10.370830266457983,6.693142776149197,6.277761215777722,6.342160172359552,7.982139825651618,10.856771130319462,10.754035393604422,15.738882972078565,GSM1302056,GSE53845,Lungs,0
7.735933386569793,10.700324669564738,5.095034158879777,6.501409042878208,6.653184298961861,5.595287295239972,9.938091507712475,6.002030885333248,6.972473397494484,9.798083787757573,7.897510022701957,4.2687746837740566,5.429615443718977,16.28642356960143,5.630050545883666,2.544932149576561,9.75322238573683,6.7897332403633985,6.6098504407584,8.83753482092588,9.889604456936906,11.513292658870304,12.4572722679045,15.17885484899471,GSM1302057,GSE53845,Lungs,0
8.70824266363902,9.648501880376276,8.653696206108386,8.951808369411582,7.740797391083349,7.598717508043964,10.652785482250538,7.638034431385052,10.318703796494736,10.902946780501155,9.962114328654046,5.998729515894158,13.260709907984852,7.645254648865526,7.16965551073979,8.868535643289555,10.366080424099495,7.047382169156477,5.273054170442279,7.038741350852957,11.178815895621558,9.593898424069799,8.846326901867572,13.2250030946469,GSM1302058,GSE53845,Lungs,1
11.013698337412894,11.247492652900581,9.442401288385145,9.572391050362093,7.917239097442641,8.193780791560886,12.00737731407769,8.354768713664564,11.28562623101613,12.501876092421147,11.053001293261111,7.171196821321548,8.285868737285506,6.730646786470437,7.03464697887125,9.819666100045659,10.639388920889212,8.687412406807304,7.196386683100383,7.581352604222062,14.01297285858845,10.480086083087098,10.75637518325087,12.9783951723578,GSM1302059,GSE53845,Lungs,1
10.490106628014983,11.487850326244242,9.793611176030213,9.34766377966874,7.478625636985465,7.815443121386724,11.789267870553438,7.163366173469386,12.012847728913567,12.652664929265084,11.345524738897737,6.294500015538657,6.37049888159972,10.05439523277687,6.903746821426222,8.725345111302174,9.289920194607618,6.715226970045747,7.862253007140419,6.90069934901738,15.088614254462195,9.457705128253403,8.106953373590173,13.791006299548323,GSM1302060,GSE53845,Lungs,1
8.291337818156693,10.350313266596064,9.730607454432558,8.492559743988688,8.53241011567497,7.150584868841675,11.891823371523683,7.370928793831055,10.681782172458172,11.306263254337603,9.820144882819445,6.279274414956112,11.140921924426163,7.659039485207263,6.888883190381813,9.357645921990734,10.403694040614003,6.135907257426158,6.528832484981667,7.131123305927548,11.583957350224193,10.390338193279883,8.534874902262677,14.772549285399444,GSM1302061,GSE53845,Lungs,1
10.381134872450462,10.63043245544993,7.653801766322151,8.68689852106291,6.757913978901978,6.212256178385089,11.296648965785518,7.07138995651501,10.711328873141415,11.220753175528902,9.417395764241096,6.405978308762898,9.866408900154045,9.703683350035815,6.715529830560507,9.730060382523405,9.506102208977692,8.709496600703854,6.476930357062194,6.960163595961939,11.766820970570857,10.963863294551158,11.783542838041313,16.07348755386289,GSM1302062,GSE53845,Lungs,1
9.724667925622267,11.902388202480312,10.37289232907344,8.916254502704874,6.469096399155614,6.789492032417366,10.12304390956966,6.716645672795484,11.053910889171428,11.279118352724288,9.55925074935613,5.370733529721401,4.812760740822677,11.560789325098813,6.551729276309316,8.416041654472883,8.817888563468214,5.213278712414758,8.788051939297482,9.623312369836134,13.673827297043243,9.27052664990061,8.478849939061623,12.039220948485852,GSM1302063,GSE53845,Lungs,1
9.076110219117307,11.560219036134766,10.677318367406063,9.58735050748586,7.857807321104941,7.876965230980798,12.607729065192428,7.746473701106181,11.67465779001214,11.531791538787106,10.506603971627866,5.830911697485926,8.841518012462519,7.57440700162076,6.944329544390169,9.204631507351413,10.162992569744713,6.184983243862935,6.725469815148115,6.081473161200814,14.238458826534709,9.77374341726325,8.348471660429023,14.161189777610051,GSM1302064,GSE53845,Lungs,1
8.60524677854094,9.032129598418877,9.290464117386952,7.6459081369974005,7.485924276184832,7.593241108136915,13.653552831262777,6.501640175284774,7.420199078118015,8.933449535565073,6.671292333995098,4.7717478361412535,12.522644456075852,7.495224337053081,7.097441644856619,6.8207026504804205,11.281259509873989,6.11226155487026,8.104462937431283,6.281103133086116,8.906082328455835,10.231213205774742,11.094864752103605,12.869214131872969,GSM1302065,GSE53845,Lungs,1
10.776421127715954,11.0162154640679,9.644542825980421,8.939934719586889,7.588452779223555,8.198558076586185,13.095831562291407,6.820155884802015,11.49977326434647,12.144116477592569,10.814503307259477,5.551135282995961,7.811826699067533,11.79064345665762,7.310976910624944,7.172278572054428,10.549141916077954,7.6507937296632065,8.501113345921546,6.8948591104781825,12.467110724680404,10.323871208740426,10.161418671484746,14.764944635813439,GSM1302066,GSE53845,Lungs,1
11.46821601465458,10.44125569480452,8.573589898087551,8.931482290898124,7.480595111055136,6.932810583176288,11.355362265481698,7.880001874594606,10.454592000988383,11.591539432150462,10.166808248810625,7.131283653863838,13.805158189853763,6.3613414035475015,6.931637005520787,10.920238650476733,10.60832238438235,8.22699042496409,7.835247021881511,6.363928334187463,12.233833574914858,10.847109554633342,9.219653338789636,12.040307326998139,GSM1302067,GSE53845,Lungs,1
9.953860134099905,11.528712506543643,8.877574579351187,10.000043692353175,8.195398346929613,6.631492069141676,11.765474113078065,8.500028044513728,11.069748985483619,12.256116487198177,10.496149892574202,6.5326341722839345,8.004243762681744,6.213555134860458,6.433454854897514,10.607065179269402,10.260556899270396,7.436643970666362,9.06359738264231,6.1478395082371495,14.72701175708496,10.617676233219562,9.740126546810508,13.016961609543976,GSM1302068,GSE53845,Lungs,1
9.945072089296312,11.116238376787335,7.823724237881498,8.516441209172818,7.615214456287899,7.556770615138913,12.195634404473122,7.646709572962743,11.02023829785224,11.73505081547877,10.437889386315284,6.956789625736448,9.275156467676263,9.119911559842528,7.203457745834042,7.768856173099568,10.94645981065953,7.359906973692494,7.154611799653001,6.172262323946522,12.43823752146778,10.638279834381532,11.400077312651309,13.783944839218467,GSM1302069,GSE53845,Lungs,1
9.22023415389619,10.798421418903047,5.6623986710604015,7.864665041394722,8.058461973379591,5.009895100920601,10.173054862781783,6.656461878100258,9.379730943700736,11.277444538415692,9.546812684496663,5.561125582431826,6.626921621260242,14.46490170695549,6.443441878902634,4.319780282027221,9.046522867264592,7.195502419129293,6.836447535821453,8.544991963189698,15.920437489873738,11.39514206463642,14.034420477923796,14.382539399488486,GSM1302070,GSE53845,Lungs,0
8.796474633467065,10.961044641508773,9.899978229655673,10.097447870576087,7.8688132056119215,9.314928023595318,13.546150453769767,6.981828977840788,8.14821913549338,9.862343702300622,7.896441722652677,4.713487099527292,5.959662448477472,9.511016218840778,6.565958280410255,6.403038791066085,9.543972573727793,6.070100821067755,6.201384913717358,7.454991079464878,12.089009254038801,9.412190958454932,9.621187239782762,11.898806525772788,GSM1302071,GSE53845,Lungs,1
7.572827275015157,10.966135216158865,4.696378386318791,7.137957422463052,7.601775692047795,5.17115760031113,10.533596382304449,5.59927757947355,7.095451557095002,9.962190364535122,7.655730829406105,4.861324319063792,7.620209706403893,14.989687220709694,6.467724709844848,2.2439641083307365,8.976173850711861,6.287373597383303,5.514420163693798,8.289614259793868,11.524377724547335,11.285139787246253,12.971896001809258,15.347243518399166,GSM1302072,GSE53845,Lungs,0
7.876014820739018,11.196862072596938,6.936817207755503,8.035256518819557,6.72315855414309,6.054372734256357,11.403500561855479,5.6962321447196675,7.4228609430444354,9.473800459100913,7.629824553211079,4.467620066776367,7.306981929252273,12.728012327896051,6.448351887360001,4.102166396616046,9.012503726048399,7.033774736553553,5.838913955320403,9.143881878845612,9.67099306118412,11.102268276367994,11.537474960223253,15.135671303131316,GSM1302073,GSE53845,Lungs,0
11.116342700718826,11.227267937398853,9.78798387340065,10.271393486369478,7.916312286115738,8.07679556801458,13.236501137736093,7.489719084752836,10.920285269865238,11.72158752647485,10.469823927074101,6.357899992727798,8.436682111469622,7.266011360672957,7.040559029870936,10.002449856054493,10.079421019058893,6.357864559719763,8.154677191272066,6.530109667166461,13.55329313125084,10.019473372364459,10.481579888106982,13.908063584247222,GSM1302074,GSE53845,Lungs,1
7.87126927654508,11.659691616459591,4.296508881818093,8.77323404266958,5.759274774163243,4.7077609528572815,9.573474205659302,6.551768692242224,7.536256388909846,10.916919491251173,8.573133496724827,4.7784240458604135,6.258488948518673,15.792413504424132,5.122382392526433,0.5325246729971509,10.251955833378,5.732145732650862,4.674280841029846,8.106974072749866,13.805360778345237,10.67226995607246,14.323384499260056,17.123472385988087,GSM1302075,GSE53845,Lungs,0
10.21275593401367,9.975812072067487,9.395176082003717,9.081881855344243,9.056174366791423,7.652316315644861,12.000547624431984,7.870045178011121,11.097565473964686,11.922590792576663,10.458110780105217,7.040986716655059,9.53197924281208,8.449904398116018,7.277942908146471,9.961368164964558,10.827713751697347,7.942795848962029,7.017893999279762,6.422861650355742,12.620184532188647,10.793330663464813,10.321694262266405,15.718784969601254,GSM1302076,GSE53845,Lungs,1
10.185337234226472,10.913440889375451,8.740974566500231,9.59674209491782,9.23991471235008,6.4948151097593865,10.60938390611491,7.558627311602899,11.04659076062378,11.853382209642982,10.60763463343115,7.13113956300659,11.05131397796133,8.413037975341595,6.970082037727785,9.612769177527504,11.168803782683856,7.802260069620347,6.553306659122551,6.832740209652161,10.750759200373967,10.730355814715521,9.474820398566099,12.745095386844215,GSM1302077,GSE53845,Lungs,1
10.559883703755492,11.575353176986411,9.327096754112732,7.884320292234468,7.903221076123222,7.02276336462823,11.955493704027226,8.290444510489076,11.69355703098971,12.662926138722131,10.923164683700472,6.360397567586765,7.935837696407251,11.561751057866843,7.705280651027741,7.58279778954008,10.587910899652634,7.925173108377913,8.795647372651555,7.293588123472498,15.208231810628819,10.629316685853441,11.343922361136569,13.253248935966358,GSM1302078,GSE53845,Lungs,1
4.2284489445608395,9.8965642072444,9.12274843117253,9.177877295452358,6.17830934533958,5.511276990282914,10.260629109045311,6.456637878350507,9.250231215030492,9.713447003370746,8.001669277506702,5.363336865716001,9.106741532579413,5.59804616332223,5.738504950380734,11.014012075790713,8.624428767948203,5.557256762803439,5.959596951946175,7.404021724940968,10.33507673507465,8.933535546149777,6.72543757567662,12.065837222036876,GSM1302079,GSE53845,Lungs,1
12.592558466825919,11.660104365755545,9.394624385667486,10.11696895588109,7.6961945959761096,7.656627524082325,11.696075653774885,7.524616813372181,11.71684834909587,12.723983973718303,10.922859455114962,7.2827231448315395,7.4173917204321524,11.782308439334711,8.05402485717307,9.762806658029874,11.108082824965896,8.019532845935895,8.57200405722619,7.725765775373141,14.541398307860899,10.164280603129928,11.224983054108822,13.896113420612071,GSM1302080,GSE53845,Lungs,1
9.436654037343652,5.725465828159151,9.054736953093515,9.126243717912153,7.1455996577528,8.105164426188558,4.246622919978491,8.079256358707415,11.181358139401091,12.078746848577616,10.513056019955819,4.695347095847836,5.803316790834048,10.506266455901148,7.062737023626224,8.859528536604717,10.13157343916324,6.230728595457411,7.80312723174437,5.342744036635281,13.24854320416276,10.78478338121255,8.7463923229395,15.36966013805863,GSM2495594,GSE95065,Skin,1
9.53523341713525,5.355175115189485,9.801777930441435,9.337387741616626,6.728772895298034,7.067977181047907,5.646124144401718,7.722473266379602,10.221032273049467,11.900632095450005,10.251085222376155,6.533915527209987,10.950351431884993,10.479744679384439,6.788310283314932,8.10839491244765,9.954389721860935,6.443627521756681,8.103449474500884,6.02983740199609,13.653729404297492,11.087980861669216,8.88598232496364,15.78872931040029,GSM2495595,GSE95065,Skin,1
8.550425315410644,10.616878623470075,7.627896395374189,9.047191332889813,7.134406026440057,6.462659256920117,6.264771840581364,7.228526140555972,10.37803272290947,11.81642153855556,10.256729342469244,4.08989972001232,7.356003081718024,10.057373671734519,6.00867711117398,4.920606051001261,9.813083283709437,6.496276328458977,7.17065590497965,5.453365563793645,12.956041119666637,10.498780407697357,9.072313240025697,14.38348103835314,GSM2495596,GSE95065,Skin,1
9.364063896325508,6.3410768084029465,9.10916132447893,9.25134756441071,6.689236713328772,7.53171803982151,6.2161566574977405,7.423044474573383,9.766230778211161,11.394147291468201,9.59775222507488,6.271546410511093,11.565331264416361,9.149191421597212,6.767469691608476,8.745887846285285,9.073290955558372,5.426861438653795,8.200376189960048,8.275773864105355,13.336749578329833,10.397106878347499,7.522466013003296,13.959784360331474,GSM2495597,GSE95065,Skin,1
7.701011046837094,10.23876390679676,9.375363548332976,8.680926981542889,7.31600416125555,6.743812327309596,7.143997314883863,6.856433706099668,9.45783007778786,10.90777799034162,9.250041241421368,4.509376922886321,8.438448659361544,8.961517563735546,6.559801281465112,5.672698269401174,9.326085433414145,7.273579626600204,6.657809893368002,4.125685433392966,11.96561172256785,10.16715401696635,8.625627770083007,13.855535282599922,GSM2495598,GSE95065,Skin,1
9.298881127248137,10.295197002336693,6.5799070111746545,8.28238909175377,7.3541482897651855,5.450874093755747,8.475381939915751,7.657963531069124,11.308521089257328,11.841129219875995,10.501470265846303,5.792390778021399,4.394465128754366,10.395492611183974,7.150813837715711,7.104964307883358,9.653310864956621,6.824492118067124,7.5410942168631,5.182733662000622,13.680398479921019,9.838904186520686,8.675954596891357,13.590108302881251,GSM2495599,GSE95065,Skin,1
10.853345117250207,12.100336335561849,11.874239820638293,10.71480436561943,8.273449616626202,9.460685703271851,18.851470190164747,7.98358582989335,11.025486670981408,12.15110749475329,10.071760459447757,6.716387471997744,9.275137874050492,8.185389138410631,7.86140075375789,6.986311167207086,9.351140755657626,6.181897828225149,9.731648812753189,16.84251770391581,13.589672843853261,10.73978230775614,9.243145696450897,15.285704465318304,GSM2495600,GSE95065,Skin,1
7.882566012406967,4.953951115556357,7.941534993337069,10.012017292296703,6.975577558083207,7.017007869116168,3.3084179048291826,6.815055489431671,9.430035890658454,11.098022906347946,9.328086430144726,7.083389705146477,9.684107606956239,9.17372188342127,6.741420770585725,8.655453358469142,9.011282082195102,5.965804797740485,7.319136947420954,7.92878884638761,13.17762335906828,10.154134357052694,8.415250246893905,14.68403514660782,GSM2495601,GSE95065,Skin,1
10.347216117040599,13.118947800243413,10.157569606781172,9.108157924790426,7.813735967889595,8.096340205382376,6.570807129564885,8.431709111769036,10.58397612292518,11.760598404968912,9.838559742134949,6.132766204319161,4.249728298675346,9.630812692733471,8.035933332808323,4.7408403802867705,10.090819804631737,6.101669784322612,10.123892779045082,7.035885321401103,13.454821695440746,10.926911925292428,10.171694876496957,16.193988317295887,GSM2495602,GSE95065,Skin,1
10.219874811941994,18.848232917332236,7.581810142441293,7.369301660507919,8.772654858393226,6.387332986674731,15.565784925999193,7.041647620890278,12.226360161287399,11.838316557048246,10.573472453394576,6.055969047349401,10.256968697931464,11.329655660765104,6.907500749592993,9.985384578886375,10.899680231691734,7.628036703047553,6.209603255779738,9.537984389306928,13.700607109721126,9.80538711886917,12.562265699298568,12.191687817680998,GSM2495603,GSE95065,Skin,0
10.20477730608815,19.30408977043499,7.658829064752981,7.241331057986053,8.223042742921018,6.915778697310436,23.110320745259052,6.886302431090565,11.374139387805993,11.623764266804063,10.221780566531145,5.35552366596937,13.828051731759828,12.007343916858913,6.422102841044576,10.259904276958292,11.16094732383284,7.395297001024566,5.979681016426671,6.637060471686983,13.878681231688976,10.42385123262008,12.503065628601673,12.575541298662827,GSM2495604,GSE95065,Skin,0
8.321809313930753,13.030227501495185,8.725620769189248,9.282245813052192,6.774260173735455,8.001528363749571,9.959912854449945,7.124471641171184,9.616678485655966,11.266661753620125,9.458228849896853,6.674340826091829,9.5341546737026,9.563631453802161,6.157092978850365,7.572454592217912,9.244638494493742,6.537075745837833,7.943922470421773,5.235806844059372,12.189090548806552,10.076452497357854,9.35169133221384,13.6066804334065,GSM2495605,GSE95065,Skin,1
10.04389139450063,16.000596119404356,8.48409195304056,9.05632729267292,8.767338454967057,6.417070297644152,10.764183960846637,6.755471502460292,11.59574487569028,11.274499261597928,10.346903962636006,6.296065568704334,13.349138887002749,11.356097301114376,6.446816920116614,9.894519937143938,11.359445926351171,8.164411010702436,5.3106089477478395,13.851219789330397,14.897847236886117,9.593930840814515,12.373202983594286,12.219727371649519,GSM2495606,GSE95065,Skin,0
9.8934858978178,13.749148760753782,7.479325979256494,7.3180975041841805,8.372935240958633,7.688638404599865,12.482424785629961,7.67082318711061,11.272779837490956,10.856491918881442,9.974590092020334,5.084340194485966,4.262261412660658,11.925449583754363,6.367063526856754,9.152271214248369,11.133353294683857,8.04436527289508,5.938948988005418,6.5170730845627025,14.336422303489778,9.932634049663458,10.650483227035759,12.483833976821677,GSM2495607,GSE95065,Skin,0
10.42682917655017,14.922491086591043,8.17843856538035,7.238906257199627,8.07221540135365,5.63188796318154,16.1537153800418,6.616839436448269,12.21460906862174,11.611051717113872,10.408577204044235,6.383603279370298,7.575944762464358,11.131299356904965,6.052014059794506,10.33960369907625,10.826987328518639,8.397657864479909,5.997381538333165,8.367504625956979,14.19321855354249,10.59610185948723,10.323409716165827,12.954844470169082,GSM2495608,GSE95065,Skin,0
7.1092510616200695,6.4116238604475795,7.109404891133224,9.266977416811725,6.21096718715712,5.97954203189813,7.445471089437593,7.1975466708594364,8.271043232966736,9.76052836948333,8.375876425831816,6.864930835250728,6.408994903542231,10.380103498315025,6.781356744427031,5.031142043752662,8.599133138049416,6.330547557113079,7.534195497996519,4.904452052535293,11.636954191245964,9.995190266508972,7.844601173436752,13.098296258906746,GSM2495609,GSE95065,Skin,1
9.253545967358916,12.455131954878802,7.995588001705922,7.257594282933948,8.968050552337488,5.924137169552286,26.43262107107777,6.924959304817654,9.68213871791747,10.90270483919936,9.398912973873161,6.888747399249389,17.265548725994734,12.062319988477249,6.485162942324919,9.989012975877637,10.662487165081663,6.648826264132051,6.7674182781357874,7.6602619811033685,12.214180159569688,10.788155049107363,11.779034841866226,12.608275552030642,GSM2495610,GSE95065,Skin,0
9.62406527567556,14.869528533172296,7.424756294297163,8.128956286320275,8.016313671503935,6.059603481704883,9.693040877967123,7.595917640822028,11.777763851375848,11.285738034929148,10.036307127445243,6.386818237810843,8.812785244270072,11.789027646813082,5.8594578714189085,10.37384136641354,11.064963956046087,7.888520944296009,5.7369258875377245,9.045311103767796,14.696865511375345,9.976053773170742,10.672212029710753,13.550789257644988,GSM2495611,GSE95065,Skin,0
8.958771374326062,8.72362790860071,9.298713030048013,9.41430080533944,7.027275360803636,7.099965122250781,4.392950592403536,7.424138719747834,9.53044624570932,11.144771970062294,9.288621864011661,5.892803478558921,12.358678730428936,10.506060875623376,7.503622135694108,9.89764255214161,9.497138704721344,7.181376663398139,7.770315561687048,10.653826373976816,12.644800615400218,9.971646346126592,10.31296844041123,15.148075789190134,GSM2495612,GSE95065,Skin,1
11.166016550901654,16.943942493595166,6.974506570535297,8.019604389497399,8.779817134416604,5.330223177395075,19.53035630057557,6.799045720220425,11.22327330619157,11.620266977884254,10.121222335002386,6.100563237405825,4.7730963423193895,13.016276523260423,6.9999797110176,8.76973098135133,11.331443307234998,7.82672028395959,5.6290944274916415,9.865007582317855,12.831649747999567,9.462161054214699,13.232910596172625,13.110965186272946,GSM2495613,GSE95065,Skin,0
9.71995401891772,15.646836352603767,7.617010051570556,7.62153368901191,8.108315407768558,6.140852256362839,19.729395836168457,6.94232806075987,9.572336596084178,10.402822158356885,9.04085593040296,5.868758254458258,9.274961052450944,11.63262705385601,6.4362063755677665,9.326775767586051,10.982512739670408,8.18409892441672,6.359536705981885,11.639007854205573,12.771384397983445,10.144184394907384,11.578674026690228,12.904814189787325,GSM2495614,GSE95065,Skin,0
10.760800214798309,12.947816369199389,10.234095733347615,10.633335658692364,6.249359681746647,7.745755019348831,12.283416917192744,7.785065173868608,10.341046401396424,11.592938797365107,9.572555686331782,6.7484467919792355,5.749004430452224,9.746019561843134,7.880506740300385,8.44079490282516,9.559135657940207,6.870777290657975,9.596304129772276,6.79645633575441,13.488463948618444,10.250713971474418,9.215313299597078,14.782445280137644,GSM2495615,GSE95065,Skin,1
7.989815739422403,9.22754258014709,7.690192559080478,8.267126968841069,8.578703149138274,6.898918062754199,7.428336180293833,6.806798563521431,11.342161428944374,11.201646252355749,10.180549228631621,4.522445596834821,11.583400300906035,11.3282881062309,5.99815389229886,8.827193535917303,10.194274156544775,6.4420723110195395,5.635602393497278,11.566283040948228,13.705345836530233,9.740010698418628,8.699640946734961,12.446301948225054,GSM2495616,GSE95065,Skin,0
10.670430808482404,8.623848980976772,9.75540052355902,9.819502450596286,7.080986950188144,7.113505591400495,13.89873923601507,7.807590700087733,10.989668858281398,12.15449550031658,10.514097630312424,7.497746008730254,4.768634525245311,9.568387773386277,7.718635690856965,9.142501631633706,9.584863663329845,7.066819529376356,9.120709883380984,2.28338569349806,13.65639943917363,11.046775689473879,10.056465337994961,15.470249538022824,GSM2495617,GSE95065,Skin,1
10.473723838377019,17.693069518061076,9.404264545053461,7.978470197145972,8.122713231556324,6.9543747213361735,20.969460132475056,6.974339932032401,11.29404564515874,11.3586767162257,9.82058938204304,6.817866735097486,7.951867722508696,13.074016040273134,6.8207968330586395,10.605794239675578,11.218314979320862,7.57024909888655,6.201884853275249,8.34570681559287,13.057207278329647,10.133581725075304,11.915736442130916,12.601594568128563,GSM2495618,GSE95065,Skin,0
9.53634152752181,12.33820343239211,9.307984384267982,9.795172580767021,7.456598888264346,6.359510477328103,10.234497586950368,7.563251760006656,10.101182267255014,11.708664388141951,9.883585512645478,6.252950081026472,4.14967062499866,10.644147565847389,6.596083086978493,4.3157816908436155,9.47657472652439,6.614855761795719,7.755134544305393,13.276224838599003,13.014733761579429,10.855491963008287,10.192510052625964,15.379605716213847,GSM2495619,GSE95065,Skin,1
9.760694766082167,8.904892241920681,11.024414147164903,9.8662791067584,7.654345793809048,9.320319718778077,12.735746396877165,7.776099825400284,9.874820693140368,11.67065606105046,9.724881143349418,6.113781952693796,8.985157701751593,9.451456918244126,7.707389044484456,9.68294679980699,10.160050408181723,6.093415077312641,10.253956673287261,5.354420777857831,12.903122986121295,10.313368678522423,9.423690830964137,14.348320453938927,GSM2495620,GSE95065,Skin,1
11.004423618743285,13.212599055079577,11.085551379902958,9.490993636762758,7.758455106819096,7.1668579703858475,9.401401842606694,8.05704083797791,11.27334224013995,12.28304872715582,10.667132128318991,6.326614265132716,5.891098731525085,10.470849879361808,8.065820096017132,8.86978414239811,10.301107425288032,6.670021333773702,9.68239950068092,14.195661192861044,14.685769322646927,11.000512847729116,11.647000570876683,15.386231482187132,GSM2495621,GSE95065,Skin,1
10.021675892510112,15.998901471768123,8.651940145814253,9.736297920849147,6.573492518934291,7.128961908262354,13.365479446103102,7.736596208154839,10.615239961882937,11.92279646188302,9.926610640482544,4.83117105349573,4.4412760604169765,6.467853409813892,7.17206881002628,6.759537936158836,8.885269478980929,5.3026667345425125,9.293802556744728,2.1828419026311465,13.03990832501185,10.121801957435075,8.715329885610547,14.40925681884047,GSM2495622,GSE95065,Skin,1
7.683763195802351,8.840797235199773,7.809131832617384,8.512072977811824,6.594612462172471,9.080269470266076,9.91813876026859,5.951175235287134,8.17762003671654,10.870092747642499,8.80829491942688,6.343401177263349,6.367352330443056,9.775616685853729,6.38497568820007,4.360879450850586,9.665770067068857,6.892159474548299,5.342359747158768,4.419213652794619,11.788225232725322,9.90446166536488,8.485175075659361,13.74357039222394,GSM2495623,GSE95065,Skin,0
8.6818848765466,5.915385266651851,7.15063919058773,8.475075625612039,6.995859066655718,6.169905477980909,12.86900724091294,6.285581792614719,8.436243497544176,11.025266707465882,9.2057880241488,6.88970590016751,4.667212229491339,11.676826803765183,6.672098072281239,6.789983118474961,9.314098332905164,7.376925035762644,6.241369971177647,11.629910800943367,11.287882012372268,9.563048935344268,11.510524080558246,12.571949975153121,GSM2495624,GSE95065,Skin,0
8.93811788267004,4.69770723773412,6.977869312399072,9.133895161401693,6.873980195096045,6.499051855963707,10.293396774356221,5.497618030493468,8.249289014588792,10.85059595960881,9.234537077471828,6.543940788842337,4.4012446068006135,10.286600275349292,7.2214665927420505,8.320032124444438,9.98966324649483,8.238165948795087,5.595553293163482,8.571609052765014,11.786305672341847,9.293925986464975,9.973267592847723,13.380733819473546,GSM2495625,GSE95065,Skin,0
9.984780113841603,5.45552175086066,7.722985376571871,8.567974430323806,7.705082794734023,5.91012218966475,8.179707775116977,6.266696535833778,8.86891718034677,11.072517901863243,9.05149373888075,4.818331414819385,8.124523509519024,11.130182502435622,6.4255716359571995,7.183020765040541,10.528291306791118,7.562061175805606,5.640122769352459,4.896720446429846,12.53848422853187,10.185295341327134,11.89379021835126,12.813228136262534,GSM2495626,GSE95065,Skin,0
11.283481870582781,7.904811468973122,7.529593474597485,7.54798484400815,7.975550595203238,6.575101665877082,14.696193037489417,6.730753360616873,8.210654219762793,10.970804459736694,8.823000529300996,5.420499167400722,8.048114835451758,11.74207618590428,6.228768235379096,7.5355172848147784,10.811586480555679,6.53648084302188,6.28284529175983,7.45455364898215,5.888922903976468,9.5485069841713,13.324235096264758,13.514413990866435,GSM5505606,GSE181549,Skin,0
10.585171955171365,6.805693105592574,6.4905357995442134,7.931761578144937,8.493248169094636,5.826127271015565,7.929675724122431,6.395061063533321,7.48020299755772,10.378321534541877,7.996342975168855,4.748840554051986,8.048114835451758,16.114081278261732,6.188966526662671,5.1309482968332425,11.526855345340417,7.835190827104464,5.379473168565573,7.45455364898215,15.347449631844523,9.396737484154022,11.697262203176466,8.915596973705664,GSM5505607,GSE181549,Skin,0
7.426147421401011,7.089858814233211,7.19019086964615,7.773146872424745,8.196409232701054,6.427325724060509,10.576255749480348,6.534151023028472,9.407193233435688,10.842364260348829,9.026703904012686,5.759640683925539,8.048114835451758,15.968624275463165,6.348624759171786,8.067966717154478,11.675858506542667,8.33287611806254,5.795524123528599,7.45455364898215,8.984462491323654,9.88647695648789,12.444628779548552,13.411485338446894,GSM5505608,GSE181549,Skin,0
4.549840308522892,8.579979198944345,8.268189031984212,6.963433868106302,7.401160464302549,6.329393950288882,13.106294374983648,6.27298310330787,6.562683393004565,8.66223051006412,7.12596902912321,5.29203299355074,8.048114835451758,12.837858334624723,6.244861932228385,4.303363960384701,8.949124976382825,5.817906239767375,4.756685048091557,7.45455364898215,5.984868135157824,9.842329957840954,7.497023418117493,8.982332564258343,GSM5505609,GSE181549,Skin,0
8.422323338106379,6.9124075715195445,6.647987370860696,7.308582158097347,8.74745833271673,6.876684305129497,9.73276320367925,6.05163365191392,8.61235054964847,10.308460055040774,8.296830216922297,5.338986144641433,8.048114835451758,10.92290979318004,5.456912968167618,1.6826549997105058,9.909084560340984,4.932499525249081,3.890993974894351,7.45455364898215,13.85859649044215,9.421127963582036,7.8139999821068535,8.996181237019805,GSM5505610,GSE181549,Skin,0
5.8754681331277,7.3407161388323505,6.897900625514147,7.966918135685746,7.46262180874563,6.125807974939731,14.942532744598498,6.217306276959797,7.35240480008728,9.268704560200305,7.035354757244327,6.67812520400117,8.048114835451758,8.884673512775949,6.199636107792566,2.2652026339492775,9.705948090262071,6.578986823234783,4.013411804222995,7.45455364898215,4.92370377892553,9.643497732599037,6.795385463418956,7.733522457724136,GSM5505611,GSE181549,Skin,0
7.888783215751582,5.327375720180198,10.434105763369212,8.84669792904651,7.696605270091801,7.539577170034125,17.37618624079728,7.024542041902037,8.571785414695002,10.967213834535865,9.302517421963964,4.329898218539115,8.048114835451758,8.81284722785764,5.788300032056028,4.932284987300889,9.897387040341323,7.30310103124514,5.705352927700598,7.45455364898215,7.027491550281106,9.55994276718019,10.865943767424953,9.736181018693188,GSM5505612,GSE181549,Skin,0
7.809784145586513,10.532494115111373,9.773449320413953,8.555296226631992,9.803031403200873,6.5605768413966965,8.469572752430054,6.4012842666413965,8.34196861296484,10.278298408232665,9.119752296420625,6.0582459686043215,8.048114835451758,7.745664363072246,5.555723887758603,4.8353490533538785,9.330248698274811,7.601352666841921,6.430306729528488,7.45455364898215,15.105402071287056,10.447793256729765,9.580933222809822,10.394365886792565,GSM5505613,GSE181549,Skin,0
9.507979929592919,7.8876553291362335,10.520931969403925,9.800478379380703,7.009908685211173,9.076085784335513,14.756219925520508,7.008112830878082,8.708541740756381,10.278736821711856,8.581720956406812,4.765339656144096,8.048114835451758,14.617504724595937,6.741648753120347,9.142959920424406,10.910731959555793,7.169553047525483,5.301855925664762,7.45455364898215,10.770578584791185,10.4792513246532,11.667985231498886,15.240808376335703,GSM5505614,GSE181549,Skin,0
9.078485700443034,10.46502434058602,7.545123498919001,7.507609884146387,8.039211960614418,7.376983644933167,9.10086577808763,6.0121758455739736,9.285047541128154,11.363511049429336,9.411577035844385,6.904771582569059,8.048114835451758,17.739947124639766,5.039926428606314,0.9422521009711264,9.122735668266378,5.859321669919584,2.733413433631859,7.45455364898215,11.374506508884977,9.235819053127111,8.39067609192792,9.569009748405527,GSM5505615,GSE181549,Skin,0
8.702810222040856,7.935441822409821,8.733912132225857,8.676475020316143,8.577940001774381,7.171628533695083,16.980285348858743,6.8582555751888465,7.478348521127293,8.903737505843683,7.350231549772612,4.756418003212008,8.048114835451758,13.824684909011888,6.532279793827065,9.311293108826534,10.31754651964482,7.37601078740145,5.596323933572638,7.45455364898215,10.4971092171866,10.741452441737762,10.839946853502584,11.368926700436514,GSM5505616,GSE181549,Skin,0
9.014894487112212,13.419787691165048,8.263690998419905,8.499467985478868,7.391451911305399,5.833262669515605,11.270278372217307,6.9654962536657274,9.163376388001716,10.583617883079766,8.849973730651225,5.567468837518103,8.048114835451758,16.527534926045963,6.437777726138268,11.70877588221732,8.90886633306665,7.839363515182419,6.053615226766469,7.45455364898215,10.079511977260939,8.543418420907862,8.076369842293357,9.806619381238477,GSM5505617,GSE181549,Skin,0
10.354710030051951,5.241449979233509,5.870758074589159,7.773570814346628,8.250490612556193,6.027281123890886,15.293918845094755,6.535452748449438,8.570135006076471,11.328874693910642,8.849984569589681,6.825671889003412,8.048114835451758,11.292095655592009,6.486221424050523,8.970871640028292,11.566909196544998,8.473340271870716,5.857521377341369,7.45455364898215,12.324299880105558,9.320846561083743,14.426793051747447,7.4543585269057555,GSM5505618,GSE181549,Skin,0
9.446394320419637,10.635169791340507,6.537447964888884,8.364647965871443,7.923676923899767,6.9991998780674285,14.415017445842077,7.119599047297404,9.554379961946298,11.279401179344996,9.318624603738877,7.838531861883698,8.048114835451758,12.80686917725033,6.518875822753169,7.791863009493041,10.945861634234575,9.223213552758615,5.863522938932789,7.45455364898215,11.51645302055896,11.104412425765199,10.477692845602201,15.274254762815456,GSM5505619,GSE181549,Skin,0
10.735906557200707,7.558781545377238,6.2368252056454185,7.459415776960329,7.8064667533860606,6.401705191321114,9.864828060012211,6.729396700017632,8.620795281938339,10.430311400766374,8.364780868851858,5.417610189255128,8.048114835451758,14.366425253627561,7.19767470236602,8.309608354709598,10.748894479832297,8.026143992024164,6.165881072155577,7.45455364898215,9.25199599993513,10.043790530148083,11.425481123943873,11.468825663833304,GSM5505620,GSE181549,Skin,0
8.034797467432867,8.960359103214929,6.405436313125676,7.233554931629395,7.333656291683497,5.9483329817598465,10.506988876761845,6.177008917487203,9.221545241859571,10.89133958036942,9.249340080889192,6.500114071584276,8.048114835451758,10.230075760269672,7.2297714709787835,5.325822862142515,10.673166309639386,7.416020698896925,5.853744251906889,7.45455364898215,7.839813784475413,9.30759210662433,11.717832688227965,7.949343254879191,GSM5505621,GSE181549,Skin,0
8.065121295527039,5.6226829021159,8.675973632243327,9.531213661401349,8.561732659835029,7.416158165103509,15.572169384760853,6.210112154151754,7.314283672685612,9.2271876832452,7.520629641250114,4.6334304473601495,8.048114835451758,14.646487219252766,6.605401938064331,6.314805575679376,10.73819129089361,7.291605080436953,5.429929846531139,7.45455364898215,8.155736706367872,9.225386076690166,12.800213886779897,8.511331892000669,GSM5505622,GSE181549,Skin,0
7.348002424196894,5.481450170074849,9.151249007255023,8.80200530944963,7.026199002795775,7.098665875366445,12.660096872534385,6.013264995685431,7.173823250903376,9.221026358235076,6.741886638416703,4.954719127199282,8.048114835451758,15.091492866734534,5.608788642075815,5.6715304017783925,10.130650344126094,6.392302855020009,3.265468972962509,7.45455364898215,7.334024940038049,9.964690279319193,7.083590613221022,9.784335755376993,GSM5505623,GSE181549,Skin,0
11.299640849442946,11.413175684230435,7.427061258684191,8.08139843238538,7.978898737430218,5.206783727136164,7.798309357503395,6.1270143025194,9.883427997949216,11.500685059280151,9.351991788994333,6.936665572355447,8.048114835451758,17.200763509100394,6.860040951287541,8.118313913089251,11.482886494542926,7.293544907150971,6.751525538928555,7.45455364898215,9.901718366654908,8.722447772260665,13.352367653471354,8.474264523607179,GSM5505624,GSE181549,Skin,0
3.7968536512701405,5.441970461975445,5.296781321153584,8.622941991724296,7.529406246641679,6.603340439262933,12.15549754414852,5.418950906494491,6.232436832232902,8.505849700480963,7.278085823012019,4.576239379744068,8.048114835451758,3.8590664885592263,5.205316211739818,-0.26009464329268006,8.638619752567513,5.7015359434354504,2.388337125886107,7.45455364898215,8.468876682931459,9.574122775828645,5.400136593652752,5.821294153622402,GSM5505625,GSE181549,Skin,0
7.9271865532663135,9.99280848542518,8.567534712784079,8.340752840167049,7.171917952086762,6.782959322766876,10.17329869204255,6.225768686221303,9.998589853210499,11.316510385206747,9.708813147743783,5.579653749797878,8.048114835451758,12.162526936968515,6.064381409085706,6.130624276078224,10.161176397955877,6.690944035733619,5.616173995798049,7.45455364898215,11.903900831658234,9.338762778833013,7.675812934747425,11.166784721252508,GSM5505626,GSE181549,Skin,0
9.449864026806853,0.5205970712135493,8.397380935574095,9.679614640738219,7.531093574500465,6.313980282280347,5.002447516894537,6.430927779221487,8.629755057880955,10.413867333507701,8.118998284938018,4.232235032043868,8.048114835451758,11.396132898827544,4.903230387460646,5.177685082778544,10.299311618389238,7.094804359703362,2.9242033772908327,7.45455364898215,10.303281892703628,9.399364275802126,9.386497923877357,7.370960572313317,GSM5505627,GSE181549,Skin,0
8.74562505709851,10.713960928184672,10.139982241616881,10.11243336590483,7.316668513799032,5.715215460242337,11.672000926542184,6.651782814010963,9.448239412061929,10.97385342706909,8.863383752928078,5.54738201388201,8.048114835451758,12.256224095189237,6.386061521257729,6.596205448435894,9.629325028338968,7.235165863158861,5.4648941682616226,7.45455364898215,12.664906439966767,9.478731831541491,9.121797849544723,11.631826616250386,GSM5505628,GSE181549,Skin,0
6.915903996171212,6.241240905906313,5.238065031964675,6.675581229696244,6.90646964038984,5.477008338975003,14.164250161992166,5.6241888201864185,6.990324509809875,9.472115022219118,6.841796304407524,5.158936396667556,8.048114835451758,8.950727336437375,6.3725474120324215,4.299736727808902,10.335140293985086,6.848574471130349,4.745097448131418,7.45455364898215,7.655081410838358,9.59194011117589,8.963381953102695,7.386631254181844,GSM5505629,GSE181549,Skin,0
7.646413685627609,8.15763596316442,8.518055465786231,7.6064677464806145,8.487110169545852,6.486394349443467,12.057381861227784,6.779129776502148,7.25094011358329,9.6024646634237,7.667737401462588,5.256019751093927,8.048114835451758,14.123387905257882,6.370324691261094,6.005151650538123,10.44498746799967,6.216901643557771,5.663507059931316,7.45455364898215,10.628650804859173,10.111135132921255,10.739527265231578,12.726066568227234,GSM5505630,GSE181549,Skin,0
7.758600059195192,7.146805105208058,7.161806074880678,7.732240133574832,6.6291957364882865,4.972882997384782,8.031548953582822,6.1417572381177,8.323240873743337,10.805702510161172,8.848749725677626,4.307933277072017,8.048114835451758,13.084858058785109,6.007146125748596,4.305638551878689,10.6621945100139,7.447066699163709,5.589434709840146,7.45455364898215,11.559050776397338,10.29677315991433,12.674592506777635,14.507480222080494,GSM5505631,GSE181549,Skin,0
10.153653050952858,2.9441498566352067,5.742297549046191,7.689931531709107,7.719075464764047,6.68494555547396,10.989028642343436,6.627345009715644,7.683305682151955,9.820956860664534,7.568869148142477,6.6274444088045135,8.048114835451758,17.61299538263253,6.39806751003793,7.980324306003345,10.58764766039662,8.326299481632951,5.626230975573447,7.45455364898215,9.725278633778522,10.231622699800031,12.957881384447603,11.047126570180879,GSM5505632,GSE181549,Skin,0
9.01138280073207,11.281619203708425,9.130161012750047,8.236256861668553,7.904483557275327,7.853133294981216,16.392751652093946,7.156674338159865,11.021294441777165,12.131956569081096,10.857230447486602,6.17881716186124,8.048114835451758,8.342998228305717,6.386448741666941,7.647550981925145,9.856077670324932,6.65270198999211,5.677235605406043,7.45455364898215,13.139561814732623,10.09715134986201,10.518548863104407,16.1452915110852,GSM5505633,GSE181549,Skin,0
8.57356505845034,7.384785907285217,7.787915123717429,7.80663514700585,7.649792511062001,6.341010289189009,12.453884331064609,6.168402005502548,6.545756684690518,9.580727055918386,7.825670973331982,5.394805066489727,8.048114835451758,13.695821271218813,6.5661856122222515,4.969149508319374,11.125640163432251,8.29279338535075,5.530853758033284,7.45455364898215,9.853717522000446,9.743076086565678,11.425746159854915,12.92046337299258,GSM5505634,GSE181549,Skin,0
9.278924973931844,8.544648529806118,6.694535465634499,7.995827621783177,6.891141086875812,6.149487337831174,9.539995785042526,6.483389702363013,9.285671089212512,10.948709951479744,8.987552441366061,5.342045368460273,8.048114835451758,14.665396924727123,6.768228611192861,7.153335537800297,10.752221791424118,7.513423509980965,4.374572564293969,7.45455364898215,15.608658647110964,9.804235394994224,10.779254950371291,12.060562163020876,GSM5505635,GSE181549,Skin,0
8.546714734933209,7.677345437109908,6.430486324426725,7.6256455880769,7.936249820610205,5.4740691689874925,12.579725546351193,6.100696758153754,7.335504007841887,9.459911953326797,6.850195751542245,6.143322454781973,8.048114835451758,14.76096638451353,6.2931434574507525,4.5937814415294005,10.415518085443551,6.799107575284442,3.9902845863664225,7.45455364898215,11.069276848369523,9.92673013043399,8.367393144256665,5.508623015918321,GSM5505636,GSE181549,Skin,0
7.607903598987997,8.36509085623366,6.682560604353506,8.094548046066894,7.949957854524402,6.008602325648634,14.973933201233606,6.631256156730785,7.790192889938298,9.80459973904884,7.953236273543451,5.545319138382454,8.048114835451758,14.768984488417818,6.456660448242128,7.384331011477721,9.919606688776753,8.008347771403589,5.215507919420901,7.45455364898215,6.5203174770932995,9.85663822359156,9.225527373818446,11.526103078862292,GSM5505637,GSE181549,Skin,0
9.573858892614732,11.616887730723478,9.062532199736149,8.936146589418785,8.001758890727482,7.213780454090458,15.249523745036127,6.259707893316708,7.627741189397826,9.860365025583388,7.4374151678228015,5.77373208755813,8.048114835451758,12.624594001122087,6.944511288115039,4.728443281362416,11.074161853564037,8.459913267190982,6.7701136781109845,7.45455364898215,7.788309118190373,9.536531925090152,12.5743942896698,4.995250360343459,GSM5505638,GSE181549,Skin,0
6.649421797802481,8.728955841919586,8.766650463720456,8.40008257001792,7.994960277131082,7.374370434136946,7.242977234721424,5.408349606729814,7.767884164813553,8.968948561712299,7.5302252496183275,4.06829581009046,8.048114835451758,14.87868388010913,4.9735136407305465,4.397523948837767,8.100854326013064,3.5399040382532023,2.3697854512205945,7.45455364898215,10.52760961970474,8.174719693065411,5.347144643744582,5.975533027800637,GSM5505639,GSE181549,Skin,0
7.925108503635251,8.95316937143837,7.476609114697485,7.732903006278506,8.026855906797552,6.646748411791313,13.278098719798965,6.660599914506936,10.231202125821955,11.77216168819965,10.256477221112615,5.2071549103508605,8.048114835451758,11.472263782188787,5.320298012912215,3.920108849096435,10.359062191258733,6.647544033322904,6.057125572973241,7.45455364898215,9.118686793074174,10.081549787192762,11.027313407913873,10.083948700919477,GSM5505640,GSE181549,Skin,0
6.659701298738323,6.194635294871472,6.528871663584726,7.234761211091564,7.347222501133319,6.503739630795491,14.12191343206767,6.199568177615797,7.659918298321742,9.601352340477552,7.772950117070916,5.543596755137864,8.048114835451758,14.585018009483893,5.754256323634326,5.469475393519941,9.87409291803529,6.481634021768699,4.542836981794251,7.45455364898215,7.742088446277698,9.686301985025187,8.355016693484348,11.589775373512333,GSM5505641,GSE181549,Skin,0
5.348684430759087,7.427587751404736,7.5583560654613935,7.996797085611408,8.29192168727157,7.409200836804737,12.87811519715521,6.273205233323667,7.804657758543214,9.65787124456687,7.7729346375091115,5.343467114291147,8.048114835451758,11.184100271495462,5.970021568165424,4.483224882518707,9.599215997230043,6.266498385936013,3.3634084190196067,7.45455364898215,10.569342363416323,9.55536907938393,8.327861565739084,11.461480957842339,GSM5505642,GSE181549,Skin,0
10.940429444497168,14.025248655652598,10.878498688668707,9.484883420728643,8.440365541919997,7.097533568309383,13.85418295727453,7.006009768645115,10.478133518872408,12.048727154230829,11.023445844537328,4.291386307380517,8.048114835451758,17.241148142709907,6.649767033337912,9.936374930817108,10.429872113937588,6.417636411918652,6.179611537556852,7.45455364898215,13.35012493192685,8.806222148704947,10.33675734806988,5.985077205805523,GSM5505643,GSE181549,Skin,0
13.623221423939661,10.21387977403234,6.131496651561278,8.56729981263378,8.648269018893183,5.908610164662258,15.168083339647396,7.708017156399472,10.310158893512309,12.3660939100703,10.268254701301466,4.757261434128892,8.048114835451758,9.971451925155197,6.139163873497281,7.046274982490434,11.599970050730496,10.140845427361239,7.223942607161751,7.45455364898215,12.954559966912777,10.580279051923654,15.175159263452986,12.340623449857503,GSM5505644,GSE181549,Skin,0
9.750334226976603,12.79050601613365,8.054830028956024,8.953178285383213,7.482091931158189,6.146950083259073,14.862021751562724,6.654480611003171,10.502865192620296,11.782160019225422,9.922423166169866,5.794276798532289,8.048114835451758,13.23288734542628,6.2934573961047064,8.078451369384888,10.766601045451047,7.983927537692174,6.193649086555848,7.45455364898215,8.468368954135805,10.017541213863245,11.995182694318807,11.943745017886425,GSM5505645,GSE181549,Skin,0
8.334867298412888,7.187857388014288,9.260218300060226,8.683218983002362,7.932461620374295,7.542307585413116,18.293481501783983,6.83856608173862,8.939560311009622,10.649289103085476,8.720782086666857,4.700599947141324,8.048114835451758,14.7410455984708,5.907926304766482,7.497949521119276,10.027395453082452,6.5196268989126,5.965019753297092,7.45455364898215,8.462401744121927,10.249008925372886,8.155213931805703,11.115034215509759,GSM5505646,GSE181549,Skin,0
7.002830008468234,10.40076935523472,7.0812062345537425,7.928499019120414,7.639453297684795,7.20473708401992,9.007411398645745,4.896767932335886,6.034090985996337,7.468250028272026,5.622386122326078,5.376403804658276,8.048114835451758,14.80812182550283,5.728053712100977,4.723503784734565,8.173028123694687,4.266208119227423,4.1181569833702305,7.45455364898215,8.088016595446039,8.15408551354249,5.570514531389375,9.791307254834226,GSM5505647,GSE181549,Skin,0
7.7622146565294345,6.849371181577377,7.748926996197258,8.989779001136897,7.607224712480768,5.321376668827046,11.501183026704267,6.284936286318642,8.791879597774921,10.373334156175913,8.692108259118207,4.839833185710639,8.048114835451758,15.418127685814468,5.250249345647827,2.0972479819653094,9.989400027148468,5.7391726152078295,3.827551509453236,7.45455364898215,11.459401129632758,10.180819115425525,8.914291309700367,10.964061984580384,GSM5505648,GSE181549,Skin,0
9.301626874528424,10.083599925095507,9.592479902820807,9.042349970026564,7.90649191012905,5.745008578666354,12.655455526587778,6.460234515328338,8.804251905174524,10.470859072204695,8.285976561525278,5.945667657854463,8.048114835451758,15.04144694684172,6.753669051603235,7.647500510637936,10.887779167810224,7.7511579935442,5.990833948608731,7.45455364898215,9.601152186911834,10.298078835360775,13.34263470550746,11.387125975731966,GSM5505649,GSE181549,Skin,0
4.2209260243996,7.215661760581929,6.6336625816015715,7.9870886999766535,6.641344747579582,6.432476189428831,12.330574756847513,6.621347518072909,8.146528372409852,8.524119873192852,6.999465263390199,6.493241865059805,8.048114835451758,9.959338522642286,7.017350714785181,7.1525414503345335,8.846300475569453,5.41641652256402,5.3006832510312725,7.45455364898215,9.628042161183668,10.027870657849109,5.436481567674481,10.914848453098394,GSM5505650,GSE181549,Skin,1
7.262586292312307,10.43745788713344,7.332647625876008,8.825141357588702,7.261419655296222,7.158629884770727,17.655189414998254,6.983304813646531,7.949968968677744,9.611030015516116,7.747530518533866,6.733769980997313,8.048114835451758,14.08090190724312,6.911283646505693,7.711781257145303,9.647384798103372,6.220268045222413,5.296995371993786,7.45455364898215,10.144787628717665,9.890489770597286,8.23152022572199,15.419488351881435,GSM5505651,GSE181549,Skin,1
7.516196185438907,8.643767059402089,9.94625573548882,8.965912417734254,7.479245351500276,6.720931405885632,13.819854620643584,7.1437430637842585,9.906768423765124,10.62500252743256,9.28093081605491,6.648150701316494,8.048114835451758,12.260894949806996,7.538028099920674,7.455411978023601,10.130951603281742,5.53293333530093,6.3214456726235,7.45455364898215,13.347605151141382,9.84857554080068,8.449469046805186,10.38438983641705,GSM5505652,GSE181549,Skin,1
7.791585258917446,11.951947356711491,6.753030166486698,8.763109392220345,8.114068790443827,7.2127718899995035,10.586541974016354,6.617113925391711,10.526772494226261,11.008051369108589,9.899439229627665,5.931368320422592,8.048114835451758,13.64071278350504,6.765339420747564,2.082464823746915,9.273451457967818,6.598355259398674,5.036445682060092,7.45455364898215,10.286307976830354,9.630776364947987,8.512288930483956,9.395923728816767,GSM5505653,GSE181549,Skin,1
6.928314921300551,8.986207909774777,6.484955224352207,8.79535861252469,8.109627395223267,7.400131310036091,11.485833472198209,6.0995383420568405,8.559008181459921,10.231122010091967,9.17396641116535,6.409335438710546,8.048114835451758,11.689364638742951,6.408466948242843,2.383918782409191,9.904473532117738,7.557950031474501,4.921867116092827,7.45455364898215,8.583193612289925,9.618982106903081,9.48698798201683,8.682518351188302,GSM5505654,GSE181549,Skin,1
7.55612467608731,13.709115035566228,6.8552338246742295,7.695693341897122,7.462097449166746,5.568333896055075,11.33608130370991,6.547013025157349,8.893454419079191,10.762239946624922,8.80439115911257,6.992835382149345,8.048114835451758,15.846887822687712,6.3157925767811545,6.116374434068171,9.33445754964912,5.773764875129488,5.445921212606267,7.45455364898215,10.969213460146218,9.792178449683377,10.720273543576415,12.181249806751806,GSM5505655,GSE181549,Skin,1
10.27913492807227,16.56040481289361,11.151064396567342,9.1430463281856,7.987599669931937,8.923467229724993,17.00461538632264,7.796596584354811,9.546260776917272,10.769086065929054,9.104022692636505,7.154076664828636,8.048114835451758,14.517576917160813,7.142463110714193,10.744628580797745,9.946737161790287,6.556492379321442,7.243895349232494,7.45455364898215,12.87837790657298,10.422117192659586,12.407062792604425,19.094331369610313,GSM5505656,GSE181549,Skin,1
4.379366433950519,9.89563971700245,7.942935234120822,8.541469988460062,8.333805016279381,6.384380031479866,5.246554951897115,6.860696608546402,9.746185771075071,10.813064946392574,9.675142666923055,5.380529121405868,8.048114835451758,10.89241134197335,4.412544776025121,-0.03455179040833478,8.677913741004845,5.6040682081652715,4.992017434595121,7.45455364898215,11.083442711807153,10.447210720619259,6.153361631061494,11.67419235571446,GSM5505657,GSE181549,Skin,1
10.782820198825357,14.512308209012316,10.735342841335992,9.55305991277801,8.557361782126934,8.341528566930995,10.643335879333877,7.942910519166949,11.47725472272528,12.433857543365995,10.710735460493826,5.999241762810189,8.048114835451758,11.437474872696574,7.0468349396265895,6.281665860354325,10.466221686672597,6.457984105448467,8.02834175604017,7.45455364898215,21.123858844943417,11.402283745103754,8.783939794598162,15.912456033882147,GSM5505658,GSE181549,Skin,1
9.472203700035847,12.068103063544454,7.352623216948704,8.09782117750497,7.742912228041027,6.649488384729685,14.769148980529119,7.425059075307394,11.585870070353108,12.351756750208141,10.933767777854527,6.841890714445469,8.048114835451758,11.326605985002947,7.281361060088903,8.51590298284744,10.573482115341461,7.7342057855034785,6.334412266871067,7.45455364898215,12.786976995994884,10.06080745757423,10.198401775121244,14.25880848217992,GSM5505659,GSE181549,Skin,1
8.897194661177728,12.435748608976962,9.01172420655021,8.621485144841447,7.616124460303575,6.08084465203609,13.21798632767288,7.414614216013583,10.02097146940121,11.449062959638134,9.843928352723664,6.69310682324667,8.048114835451758,9.53943079158319,7.2871368383886805,6.500003036409996,9.553142720745397,7.064881371590341,7.340033558036545,7.45455364898215,10.942881363158207,9.974177610762817,10.688065046575597,14.133264901534396,GSM5505660,GSE181549,Skin,1
10.112603574550349,10.254108050230034,8.81012209936226,8.930269549124134,7.988895449723887,5.984362594400364,12.256264589416809,7.5396431579208665,10.544777878228782,11.836910775291438,9.958800103961313,6.996673490575159,8.048114835451758,12.564321126370746,7.56195812406054,7.566193976626567,10.111464155501078,8.328212110327375,7.52823920207328,7.45455364898215,13.05185907582379,10.016810346048569,10.699883838067132,13.860321879880086,GSM5505661,GSE181549,Skin,1
11.928144593484284,17.162038791127642,10.756369477696257,8.87792693416843,7.6424880980528584,9.08479413979647,13.24479953535121,7.451968960120561,12.310553795455004,12.427850201616078,11.290897072792601,7.002265173859863,8.048114835451758,11.094694986169136,7.0851419709796835,11.691851047872412,9.497054876578154,6.102623833910505,8.931564175276161,7.45455364898215,17.544807055146492,11.015511183912013,8.359365341565006,22.152231435494528,GSM5505662,GSE181549,Skin,1
10.846327532132204,14.771202485250003,10.096655910343614,10.574855103996443,8.162916143961677,7.211540990282429,9.518921509860203,7.410227754293021,11.13462128313402,11.634572801171071,10.181369721967243,6.703713172205791,8.048114835451758,9.550402996202463,7.539863601192151,12.917838730059785,9.198303568401746,5.500955588509737,7.378200184425308,7.45455364898215,15.112453684847791,10.82082464752618,7.719370680612172,20.207292657754266,GSM5505663,GSE181549,Skin,1
9.828002611327635,15.353089359475877,9.448198748451611,10.348116774946067,5.1488239839765395,7.025076450016241,7.896171290386075,6.940433859597714,10.694926901698274,10.804396330914704,8.957202748427498,6.493409944926313,8.048114835451758,7.297413306280027,7.320533591111372,11.76595355273712,7.9215833575685615,3.7341586824913477,7.282645432041926,7.45455364898215,15.485961333568891,9.389112084199164,5.214053109086341,17.48082913767074,GSM5505664,GSE181549,Skin,1
5.8867313652312365,11.995396220833062,7.670131383451772,7.423004308185279,7.266801869980524,5.373246515166349,9.600256405790553,7.0165179169108685,11.113290813177464,11.09138587098026,10.01149465794807,4.064734729604593,8.048114835451758,3.7102325593442576,5.08899670253107,5.181924706186164,9.225987602585002,6.044810682416512,8.342203998580747,7.45455364898215,14.231283031610616,9.851200777031679,8.330715726337239,8.613073842971612,GSM5505665,GSE181549,Skin,1
6.25548262361834,6.905507978030076,7.331473874456674,7.76820017348304,7.232035797903072,5.111463152431648,10.302261742491815,6.396125134732214,10.141942939622991,10.47421961533698,9.320011095433568,4.74536459685698,8.048114835451758,8.591700557314564,5.496090268787863,4.194721962000431,9.609122239845103,6.4644572120332,6.972708098967551,7.45455364898215,12.160352444540768,11.05748257528725,8.455276949843789,10.380022441435832,GSM5505666,GSE181549,Skin,1
7.641964046262537,9.62060770256179,7.915410977875536,8.334922310953777,6.815544908088818,6.214147077431395,12.685792554067717,7.035216189101708,11.227510060602212,11.475728202435967,10.078529224866704,4.418537084323285,8.048114835451758,11.214553473012153,6.019998534897709,7.342277999795681,10.389518481939865,7.184808455724086,6.211342845866786,7.45455364898215,12.776139533067374,11.188222349971245,8.329501597026356,13.23605729352147,GSM5505667,GSE181549,Skin,1
7.9281168698906175,2.108327245739696,6.4977849773452245,8.091269628976324,7.882264935828805,6.735468302850515,12.747589856969556,6.038352469918267,6.446763535192646,9.593049686942427,7.87047674346405,4.380825068095653,8.048114835451758,13.452885747997014,6.317927273238762,3.6383186627000352,9.815059164241507,7.445585728173891,5.8990927902017525,7.45455364898215,8.107046402157888,10.598224644373053,8.658751972883254,9.564749307990098,GSM5505668,GSE181549,Skin,1
8.714679725204217,4.66651492375386,9.395662414657492,9.885250999919409,8.56016223850722,8.368227080547207,10.945369095133143,7.150285132361106,9.103008081892604,10.998205216703287,9.59108175028698,5.067840663886873,8.048114835451758,12.586917444909737,6.771210595549653,7.219110244993656,10.387486776126378,7.981834175195224,6.673908296027745,7.45455364898215,15.428809079940944,10.94944443730226,10.204689206441877,12.001074863693345,GSM5505669,GSE181549,Skin,1
8.807344162649308,7.984496240016762,10.803934724211588,9.802921607948893,8.069153839395636,9.56174862917719,9.643844702577844,7.480901900589385,9.830785295682318,11.224409456383382,9.466533942392406,5.197642812533497,8.048114835451758,11.517675609500614,6.373975746973311,8.896442717714642,9.607606996083257,6.682509166648798,8.821843285102553,7.45455364898215,13.457001679098049,10.338580778830174,9.388899364526967,9.880722718479564,GSM5505670,GSE181549,Skin,1
11.463137169418747,15.324133122757507,10.21110325292461,10.346059438918356,8.478549214109018,7.961713588724657,9.710919140528816,8.28548285469968,11.015275918847781,12.01729735858421,9.96656664146522,6.144048489707281,8.048114835451758,9.163348242361497,7.3665225821095195,7.881409883484935,10.152190288165613,6.108774952521254,11.159020328375162,7.45455364898215,14.90936216658703,10.420266084281508,8.338129957473004,16.32920693109444,GSM5505671,GSE181549,Skin,1
15.199938862800181,18.39201438368665,13.093929371516833,11.381115254714917,9.327353414453848,8.952159730836296,9.624181666474248,8.909236246225163,12.390969845003307,13.451967790263343,10.9759614774006,6.328414159957184,8.048114835451758,5.540028091171192,8.091377663582591,12.735158108888836,10.495296315315736,5.950418947117766,11.862680774263346,7.45455364898215,17.79662029436342,9.83398297396727,8.122272351865382,18.56716666246883,GSM5505672,GSE181549,Skin,1
14.64004793886319,18.196838328146292,12.319703875844493,10.76134428679093,8.94786228060622,8.600092071248843,12.159292147843656,9.157044165762876,12.547744754680892,13.907847370685054,12.725484820699695,5.854336267313016,8.048114835451758,8.943837713775086,7.8190210568761636,12.69548062069051,11.542650419360122,8.045558051384774,12.826200923903613,7.45455364898215,17.66618815161909,10.337797383283666,12.523759360634807,19.632405187432447,GSM5505673,GSE181549,Skin,1
11.989272660715553,14.568964361700074,12.344011213789358,10.339348245503887,7.351203158923055,10.0590564834873,14.090849437424366,8.168628521276993,10.267394289324574,11.591434521897716,8.40483139548181,6.322822477580955,8.048114835451758,7.594041777136011,8.383308176676639,13.310276292029812,10.131524460972622,7.807066411534008,11.295240586138135,7.45455364898215,15.322383669163234,10.396804253674482,11.432055797047656,17.602479126257382,GSM5505674,GSE181549,Skin,1
10.11418214222741,15.597746341929087,11.78407146470315,11.323565872968585,5.943715139085536,9.563471990053248,12.689877970935317,7.898407038985185,9.6111705259065,11.49235704580765,8.426063642742779,6.227120581709644,8.048114835451758,6.157210632982697,7.711965776133746,12.096849344931245,9.7534891317295,7.886856366916767,11.629191845284385,7.45455364898215,15.314040879914405,10.06527762912167,12.621983570010325,16.517076741583075,GSM5505675,GSE181549,Skin,1
12.493579435268753,15.410346105658743,12.147799164021903,12.15333843068132,5.413938010875543,10.800958858282554,9.813445264693852,7.923028753218887,10.751333598751657,11.891429663645376,8.43831462877294,6.3813328403746805,8.048114835451758,5.143477483178123,7.7419603688524194,12.729108222773078,9.150643806644094,6.685293885434848,11.596806065408991,7.45455364898215,15.4849396320636,9.891373603962927,10.242020811634815,19.842904546436976,GSM5505676,GSE181549,Skin,1
8.611076141201014,7.292471221832294,6.516843519492545,8.952603171361165,8.211725327526352,6.546049500936276,10.948736100627862,6.69250890680437,10.628748997611675,11.438075496073626,10.072853255730308,6.962564141229858,8.048114835451758,11.976454832008908,6.432457244821327,7.148315287112915,10.143600426212545,7.509585969140704,5.822263407474002,7.45455364898215,12.043020559154574,9.347115968172858,12.465278931359048,5.515911135891066,GSM5505677,GSE181549,Skin,1
7.480454259533199,7.3322294707191515,6.382854089041473,8.18241723751788,8.15897259816507,6.316039664158,13.94935074287829,6.537552227980609,9.56941819384994,10.710748293941686,8.88207357140522,7.606970451110609,8.048114835451758,13.78805621319853,6.605084097342874,7.677006261530076,10.351727863679184,7.045187436843525,5.966463044998885,7.45455364898215,9.856688639179403,9.855836276455618,11.8363876161043,9.754149658365986,GSM5505678,GSE181549,Skin,1
9.510160890178081,9.715495949851794,7.54316831677497,8.368209715220173,8.081333868229914,6.919788450651557,12.734783399084737,6.9172953914206605,10.128248997637026,11.324303978365972,9.729178847836794,7.719799581176863,8.048114835451758,16.19873368241532,7.006751379054591,8.2178508171687,10.162589230100217,7.245127324590275,6.684769451326866,7.45455364898215,12.11971659220402,9.537194808215512,11.838421381938083,11.948083088743346,GSM5505679,GSE181549,Skin,1
7.997507479311625,15.593893246089554,7.6500734552966545,8.997195343606442,8.329051340495612,6.0234692063179445,4.9263868323364735,6.708155885419884,10.75762585378758,10.757997143618827,9.98547310890382,5.770970468660186,8.048114835451758,15.147766591795804,6.854275145948451,8.924777524158905,6.747637196482962,5.124294949284101,6.876105426926321,7.45455364898215,15.62010413581047,8.583818387343289,5.726453142152497,11.104674462771357,GSM5505680,GSE181549,Skin,1
10.432668196297048,15.986430128956574,7.326733658762249,9.003468852180832,7.364728007305317,6.469032972148724,6.144500817351828,6.6514293186800995,11.784458858504554,11.551234690019925,10.866018295324617,6.184358593705581,8.048114835451758,16.659701972113155,6.597530053854285,9.153178756032785,7.771455271429922,6.574178052559159,4.766690207962652,7.45455364898215,17.906355242458453,9.36018654316634,7.780758117666486,14.549074357607706,GSM5505681,GSE181549,Skin,1
9.148795191937893,10.295981437227516,10.877252277023631,10.720059061743724,7.723912378598292,10.510935214683819,17.357387082441708,7.359877257196164,9.785014665292723,11.042856201994022,8.587307163555884,6.220685468416531,8.048114835451758,6.2529851398798995,7.743876956014159,12.427300968628586,9.52682701221414,6.0925509474439945,9.30042121248067,7.45455364898215,11.204729689492,10.920996344511757,9.344805416650749,21.29304731006892,GSM5505682,GSE181549,Skin,1
9.161972511814385,8.602047445757622,11.919224148639982,10.46097636399271,8.90507074376701,10.815470102800257,15.388847182163463,7.3947718585330104,9.404679578572253,11.297633321648924,9.113347489802898,5.729304463353099,8.048114835451758,7.024765581544395,7.203788702892486,10.892584674112449,10.02059539015148,6.641327990526016,8.301544240905788,7.45455364898215,11.550137622036708,10.963014090557186,10.558618185819467,17.775217125784717,GSM5505683,GSE181549,Skin,1
12.766524473539766,10.5588796863252,9.31358771454764,7.53467982017079,7.225678832869303,5.879154574718022,-2.912882655712888,8.449876447691222,12.230991311837624,13.201083848410473,11.751883518316015,4.774899838686611,8.048114835451758,2.4051583551739864,6.999772746389022,10.124556939934708,10.407710339503904,5.493926238081651,10.001085679402017,7.45455364898215,19.18924611112284,10.317901800054166,6.226713416263648,9.619885987195348,GSM5505684,GSE181549,Skin,1
10.306290266223755,5.451669926747958,7.2192408424996115,7.519869324329916,7.062845389543836,4.226968498410678,-3.831788766974425,7.282796010375893,11.80303434506846,12.910309864836176,11.144321621285156,3.9344404722382107,8.048114835451758,8.247933611878794,5.2970544043676915,5.821835098204822,10.564283790503644,6.9213280585470205,6.551366673699235,7.45455364898215,16.044132344246073,9.704995425259327,9.863881998664684,2.8760366982026557,GSM5505685,GSE181549,Skin,1
10.036273552354922,12.921331336976284,8.705448223739596,8.5609723943948,8.21878108045252,5.726236217614322,7.363940453646504,7.3100773015243865,11.15051143361691,12.19238677335466,10.68757665682628,5.006101264944107,8.048114835451758,12.332444066287263,7.050035033279249,7.623714883653407,10.135578971301127,8.083757106886269,7.850231478234799,7.45455364898215,16.13376570136119,9.78258449115672,11.335257913745863,11.507343958589598,GSM5505686,GSE181549,Skin,1
10.03034069986816,13.811314879649972,10.881165063911748,9.669673667548093,8.773812958625575,7.775426616518647,16.56934845330243,8.0762800559702,11.607244271552647,12.293121877531204,10.70622780885082,5.721661169670991,8.048114835451758,10.257610205533654,6.961821714358311,8.905204603738232,11.11907606271922,7.230507998989342,9.058437592636603,7.45455364898215,11.602225206986931,10.845051338292542,11.620361494546138,18.359036511547483,GSM5505687,GSE181549,Skin,1
8.880048152960041,10.287982204844075,8.913819189753324,8.303881483042316,8.474832590457504,7.430875648249695,15.581492003676377,6.85569272871801,10.025464306915344,11.65067267614111,10.289001062316865,5.056275654734504,8.048114835451758,11.601939132634381,6.650070131500907,6.122511791987661,11.460818230428282,7.643228706182862,6.911667600501588,7.45455364898215,9.025323978994432,9.520768129176352,11.565656739841874,13.039383469845214,GSM5505688,GSE181549,Skin,1
10.078306719944184,11.163464418947472,7.917738303384537,8.996996588439588,8.385116155827019,7.136926401702544,16.413070422874554,6.9095817730955815,10.621530319544872,12.216359930575527,10.703570873497114,5.2017040163142205,8.048114835451758,11.7104280461851,6.498345789791641,6.153037073466057,11.516058661644399,7.926763628059562,7.281062034002109,7.45455364898215,9.869889127788479,10.298182351609594,12.210969055752075,16.120340880523095,GSM5505689,GSE181549,Skin,1
10.845168444536894,15.035650095801042,9.709583937016397,7.228806987854543,7.651602577852633,7.035723963596039,13.827061818863859,7.434663183060443,11.169339576375691,12.65837516674655,10.329817567640905,6.84743301206742,8.048114835451758,16.239149410729233,7.137786984324167,7.701380721374755,11.135656209477355,7.0509340976092085,7.158363032034143,7.45455364898215,13.730069858797302,10.013713818434622,14.479542174829575,15.902339514399621,GSM5505690,GSE181549,Skin,1
10.374201500693852,6.724305193657856,6.942796259034795,8.577519890003499,7.664560919484663,5.4943978868068,14.111436176041664,6.9216615453205295,9.842550256786224,11.327758742688811,8.91321556153813,6.371704646594868,8.048114835451758,14.459357369425915,5.89170729253282,6.833321457446482,10.722942370669385,8.263223093840253,5.148573339025223,7.45455364898215,13.219699033096498,9.93477118320575,14.151407099863372,10.922912336645393,GSM5505691,GSE181549,Skin,1
10.287420339362914,8.37709405539237,6.852339004679229,7.798827630777604,8.095946935539423,5.598826218517483,12.24441884337009,7.170730588412625,9.514282895648265,11.745597904147536,9.131426076526141,6.693567309734515,8.048114835451758,14.024625349998473,6.662599930330789,5.965877943222129,10.597849233155587,8.168726952884356,6.711230440510269,7.45455364898215,13.265474678255083,10.090051308236776,14.24981514905647,8.101334456256215,GSM5505692,GSE181549,Skin,1
9.398901075025913,12.454729742552642,11.034153306975677,9.406603151184363,7.995087524206922,8.279704878004042,16.952688087582615,7.364664979013254,10.734912219810365,11.845436273339947,10.488628525616708,5.422846218729236,8.048114835451758,14.084671964437238,6.719150098458601,8.764301097482752,10.013075551419778,7.48231521848475,6.895724214477664,7.45455364898215,12.943709950431874,10.383520440717204,11.276958270438096,19.062136677813704,GSM5505693,GSE181549,Skin,1
5.550709868304635,2.466572165853874,11.078528255011166,7.9577320130909435,7.584769624455054,5.939585892865358,13.438011693663784,6.610344953202685,8.847473250352037,10.189851513951677,8.937813477674931,5.5480625632319445,8.048114835451758,9.169369588775954,5.808817490375414,5.785132085305399,9.475749416394068,5.920905680923286,5.191720472231728,7.45455364898215,7.933803421794513,10.369657202483626,8.638492482492358,11.064300574013508,GSM5505694,GSE181549,Skin,1
9.32543832632866,1.152899128224135,7.957725811833677,7.378978792696345,7.875567591746968,5.4706546401757326,10.357105537422564,6.9998677767837405,9.10156012770031,11.081854922650534,9.514060091365243,5.834873677509327,8.048114835451758,15.309245647417326,5.6297848134205015,6.411815531828805,10.918325996523668,6.888359779091105,4.243592866796021,7.45455364898215,7.844897184895095,10.187999520267875,10.093218364624628,11.25160638868172,GSM5505695,GSE181549,Skin,1
10.24997786391497,12.051550425704683,9.584831139910882,9.23384822867016,7.948886869838589,7.304329341319996,11.956902711434006,7.852499129681752,10.712815663391847,11.799489974633586,10.09623334898266,7.178918671595801,8.048114835451758,12.966174708586056,7.6146868249767445,11.664165615135357,10.290332931534936,8.469429034001845,8.415414595476742,7.45455364898215,15.1767263665412,10.641073696052288,11.903505594685019,18.507083866642127,GSM5505696,GSE181549,Skin,1
8.588633557017914,10.771539733159925,11.493696844585081,9.80408876382721,8.7853578189358,7.296311135534055,12.418005022734585,7.186691643873472,9.277796476467037,10.670481424446665,8.878223573975575,6.89761606599324,8.048114835451758,9.61622631869035,6.9038792019742115,10.266742441582814,9.672814516202905,7.986001601039648,6.676948421230193,7.45455364898215,12.612850206037324,10.704053198943946,10.900871623508587,14.033982369133055,GSM5505697,GSE181549,Skin,1
7.754154218019958,16.024673827143193,8.978206056858202,8.565074384431655,8.56283068059811,5.7347534239975015,13.208013671961766,6.993160905176577,11.190035153599222,10.805108308782035,9.8894072566309,5.403688597952738,8.048114835451758,12.32886350143765,6.3932730066869885,7.463275468078467,8.628777328527654,5.515797762340917,5.1889989461612895,7.45455364898215,15.857074539862237,10.542461061680985,7.19568345721102,11.869920521452354,GSM5505698,GSE181549,Skin,1
7.817623449485603,11.740755427985333,7.652427412476837,9.558722345382598,6.366148913485906,6.943575459511469,17.037754934427788,7.507336479462916,9.219240528931037,10.447039898244034,8.456855914850953,5.78349933721384,8.048114835451758,8.369445213019292,7.647299163920325,11.82512992856902,9.014627842208096,6.421910874536991,7.884164191633091,7.45455364898215,8.93500122804921,9.716533201504452,8.613669864501368,18.691676542449834,GSM5505699,GSE181549,Skin,1
6.351387996479641,8.042252037683216,7.667503756266067,9.182077568317546,7.117397048484179,5.775522027976635,5.937458645211591,6.873230194256982,9.081277560223572,10.460349857167078,8.490487712993124,6.273456863074229,8.048114835451758,7.710536060145545,6.963438238803647,9.589059017150143,9.13619480503022,7.2192533197485815,7.8274286172773815,7.45455364898215,10.689350718966457,10.340317547848743,7.845485375396813,14.401052171397062,GSM5505700,GSE181549,Skin,1
6.8166966369896915,7.851187301848916,7.346013388865488,8.37000803432148,5.761788003093002,5.74595275476676,4.713349101816417,6.58398919251639,9.798651918001383,10.277887159330588,8.940521476111446,5.610732032628867,8.048114835451758,7.24165856177002,6.981345322177359,7.432992452306891,9.009482533774563,6.8583885366646005,6.507852959297014,7.45455364898215,9.339748887332131,10.255996183055718,9.238603967400952,14.667396904524947,GSM5505701,GSE181549,Skin,1
8.01198118135078,8.53500999145746,6.747399536923964,9.654940343563906,6.03637597437238,7.22073627280121,6.346488227270325,7.088049519830816,8.151973549023516,9.489830847595774,7.385480394215028,6.116792286151911,8.048114835451758,10.43188143274323,7.216452055916242,7.731576254757916,9.542102651895478,9.122630339725873,6.698559414326138,7.45455364898215,10.726420047631064,11.06161436260295,12.626512983175205,20.754753387629947,GSM5505702,GSE181549,Skin,1
7.214292348520066,11.077764981362016,7.657015870307678,9.485295741531587,7.476028428007869,6.554057647021746,7.6396593343064865,7.206916164560542,10.754373641916503,11.340039696032997,10.17017098916884,6.480440083053921,8.048114835451758,9.167280926194149,6.3518946653679755,7.0656022783321895,9.412594376971562,6.221704270667747,5.659617657031261,7.45455364898215,15.072344358774085,10.713430824874855,8.924582676792953,14.363053844502513,GSM5505703,GSE181549,Skin,1
4.339357861467974,8.828039554677714,5.118312392492134,9.68473154700219,7.108722362064336,5.948153905166565,6.226651126154051,6.215061098801873,9.217656523869808,9.511001437295272,8.828693519464997,5.605449218458735,8.048114835451758,8.762054652492143,6.235433363155847,2.497944428276954,8.305310133478985,5.142258744443493,4.159161251135601,7.45455364898215,9.96422980452475,10.256530809078924,6.961493648740914,9.51584605643475,GSM5505704,GSE181549,Skin,1
7.130889417172694,12.102627134493083,6.8461586370530565,9.821638504730135,7.878287986180693,7.2289416042067085,10.895503006499661,6.530066710423567,11.449100769274397,11.748753763141066,10.87820737933351,6.361735527217046,8.048114835451758,9.70153063511003,5.7496794958141155,7.090511740877717,9.56875228361295,6.556641528683136,5.437040745304953,7.45455364898215,15.939844323815887,10.38282821529624,8.814294556704612,7.730358543447516,GSM5505705,GSE181549,Skin,1
9.156714537690176,11.871728717346421,8.477267966042374,7.689302490285382,8.351159154108853,7.02125044822969,12.576458376348945,6.655936393853577,11.007825643514764,12.049968119496011,10.547262103934825,5.7222347196284655,8.048114835451758,12.32404698955651,6.639112628531615,6.398339588769629,10.567018947883428,6.749516972791965,7.636555187001061,7.45455364898215,13.64788299350885,9.85158551593361,10.789252172791889,11.626331181260408,GSM5505706,GSE181549,Skin,1
11.374167411142034,8.700077940043986,7.139193975448353,8.100555130263121,8.619245950893447,6.644394258325632,12.030126688078205,6.9115403313531445,9.943865951369961,11.55719129289888,9.693482783601414,5.596007297685406,8.048114835451758,14.441883017452236,7.089606058967025,6.1399716325616405,11.078099121964822,8.542394941501819,9.09483656841191,7.45455364898215,12.908169986342799,9.958628592027663,11.929093469471159,14.633604538228743,GSM5505707,GSE181549,Skin,1
13.23155476670621,16.208426966183765,11.913509572006951,11.01747736208553,8.951301619767557,8.031656088881592,15.40261729349988,9.501184537543988,12.0256195276805,12.332057207842375,10.292665369908665,7.416787836414352,8.048114835451758,5.813527116848232,8.329054878605682,11.367254128773299,9.717158839953935,6.50755628276382,12.242421999848055,7.45455364898215,20.298743488233953,10.583676876792733,9.179948888772373,22.398710039573007,GSM5505708,GSE181549,Skin,1
10.418591025276836,11.922692274454207,6.666292749336507,9.535577838869257,8.764738244892113,5.816843958733248,10.908452054913875,7.690908421676802,11.471973126434866,11.741670324213226,10.601262685101602,5.503503248165788,8.048114835451758,10.495628815232225,6.82174866340227,7.778625966212127,10.25104784439607,7.669117627432678,7.939846084538803,7.45455364898215,18.228483563252226,9.965819803778443,11.913266130107626,11.706072511211332,GSM5505709,GSE181549,Skin,1
10.113987674907774,18.108954124859267,10.674584590640723,9.768398315476103,8.202810731014692,7.204632455117657,10.859717817843991,8.550133191871376,11.282144886571132,11.89690799900123,10.900207162980323,7.5132712160424155,8.048114835451758,9.874352380524053,7.629527802656808,3.708248876841152,9.988468020738477,6.781013054100537,10.389413726163658,7.45455364898215,17.219789182408107,11.705411726168206,9.216462383563972,21.238749307853787,GSM5505710,GSE181549,Skin,1
9.92398422785229,15.145683795330854,10.98484761447013,10.453428922264798,8.363468549274721,7.141792657324397,10.52515521752284,8.8628195832488,10.41038295437324,11.177997579620715,10.406101107834614,7.2735354138038195,8.048114835451758,2.9354782094749625,8.214759493028629,5.210972846036662,9.335018533754807,6.639947036932172,12.149325828122993,7.45455364898215,16.190497903891014,10.836759960580377,7.5518622225214,16.096941777109464,GSM5505711,GSE181549,Skin,1
11.526968588271032,14.694491675763343,9.690857170877653,9.182578685421818,8.22839393559858,6.7394980293953495,13.617738891804303,8.362314514559186,11.225124355713383,12.494833033783683,11.608570051827023,7.072295061139062,8.048114835451758,9.86286119238788,7.756793540578755,6.145459588548109,10.836640725701676,7.4414253217074116,9.678465800584217,7.45455364898215,15.54768294918148,11.573908646741979,10.08998349452598,18.851559727941385,GSM5505712,GSE181549,Skin,1
11.968217935098771,16.695440099121274,8.762192787354891,8.616790070894348,8.11017349051626,6.49451114894434,5.623813487829192,7.393730483205258,12.208885041139114,12.602077283534673,10.631972935003356,5.573963731256135,8.048114835451758,16.11170837123189,7.13952188573042,12.45277236835985,9.331017446778818,5.332670581927963,6.486403185693625,7.45455364898215,17.230407253915573,9.359267162038938,8.703197518286137,17.55097180540263,GSM5505713,GSE181549,Skin,1
8.99293227399109,9.559880845755627,5.61807350683405,6.968387967848354,7.196009465805267,5.616605609280191,7.327439645759229,6.301105149753892,9.901477096211709,11.579651744102371,9.913509989049476,5.36600192366257,8.048114835451758,14.053385842997525,6.124111724035445,3.66317428802979,10.059751377339142,5.85479189881787,6.259293915036092,7.45455364898215,8.178094913589831,10.052310586579269,9.121613238634144,8.89684630901718,GSM5505714,GSE181549,Skin,1
10.065556476529121,14.49947229599326,7.692201005002576,8.5821589480067,8.29042390437981,6.950263669724313,11.792764611996795,7.705278762549701,12.185274126971002,13.265012280330254,12.678843797614174,5.4344896366264965,8.048114835451758,5.798605261986798,6.777628995534523,5.57542220399802,11.14072286902548,8.15371369390542,8.002811611245173,7.45455364898215,13.937611710324392,10.191987593523939,11.656230768441322,10.553039281770204,GSM5505715,GSE181549,Skin,1
11.526533915429933,17.300326579699732,7.307923749700675,8.568778853049121,8.521407024945697,7.757367040522608,10.764664061615758,7.4579604747497825,12.286317719816868,13.311900619976289,11.657606496537085,5.04021104763245,8.048114835451758,13.671235277131247,7.0074798562277225,5.908057574400603,11.448955974160134,7.997400165568631,7.67346660807726,7.45455364898215,16.723283329215946,10.376306059732457,13.356455098615788,17.539280674103374,GSM5505716,GSE181549,Skin,1
12.754639737636117,16.023298555963777,10.735292797969388,10.376526192644606,6.532663991061169,7.932199144891031,13.928419004415352,8.049354643193993,12.241852522224972,12.794570928885681,10.717200611441065,6.598356223462314,8.048114835451758,2.3216047225104965,7.844944419144755,8.903367434771003,10.013443616999066,5.331823060579109,10.451910937704742,7.45455364898215,17.69529701574738,10.088110585150256,8.919127903828358,16.58252074714589,GSM5505717,GSE181549,Skin,1
11.65899338712686,19.352888476500038,11.250090696277493,9.940698647487368,7.040282672012528,9.094353611744063,14.344889589157967,7.949702187227115,12.6270448678234,13.299237405943085,10.841500843702486,6.319286305689511,8.048114835451758,2.4252021766007292,7.780367999161375,9.67884480856143,9.494046642300631,5.215755449391809,10.176902429857215,7.45455364898215,17.281209907091696,9.6881654557288,7.863403163962243,13.979147611005994,GSM5505718,GSE181549,Skin,1
12.595139313273208,17.36233006200634,9.754307614182022,11.034399110270112,3.7777437661640243,7.171243216363481,11.546347854942114,8.247773421862744,12.362168040785072,13.14347072476102,10.762549529216615,5.885513318744086,8.048114835451758,4.816013993933056,7.487744565813665,10.373533793172728,9.488794487162068,5.610049998772676,10.606907453239394,7.45455364898215,17.09400165724336,9.672230142674605,6.683522419602538,15.309739156146692,GSM5505719,GSE181549,Skin,1
8.488827603118144,10.752738488607998,7.61855569184047,8.530408374907271,7.327684248428703,6.301977118570433,9.956865478578367,6.933749678852671,10.468493505568127,11.31149582326746,10.075131071627418,6.403886277137601,8.048114835451758,11.487584423297768,6.533733278052241,6.701879710434831,10.609886605353203,8.178469074854528,5.997476546304769,7.45455364898215,13.921139213607368,9.642176616397373,11.35474066608805,9.763809127799703,GSM5505720,GSE181549,Skin,1
8.99904432107625,9.928626030082096,8.114018162252327,8.827634261091504,7.74813087587552,7.585581249969076,13.46863387230806,6.980939017026673,9.740666073026768,11.142937304729358,9.552601863723769,6.154358966209199,8.048114835451758,11.079664242012385,6.929846359062415,6.873207552066063,10.62271944551194,8.403171362928326,6.607823953292946,7.45455364898215,13.087016649474915,9.64275451866109,13.432854832939888,11.383014363271997,GSM5505721,GSE181549,Skin,1
7.646547142024184,7.660668037920416,7.27259653823123,7.204221502501511,6.436837398520967,7.227958694672772,10.536114300274642,5.902742536067,8.79799691085592,9.90220075388596,8.015856033738,5.337793124899596,8.048114835451758,8.529705276156253,5.154982811920014,2.489465184989947,9.281407615941529,4.86722712276681,5.248880205454602,7.45455364898215,7.53811311842274,9.438362762818775,8.3819381880812,12.260259401087191,GSM5505722,GSE181549,Skin,1
6.197061706197915,10.862592299114056,6.899735516508239,8.03260805748162,5.777310606382389,6.995105261390957,10.91633781521028,6.625496320562378,10.076787004964553,10.47202393866154,9.805648077868346,5.372459563526086,8.048114835451758,8.16190243264805,6.033405107653061,5.6870218445101814,9.672045767698899,5.766265265017962,5.811802422022694,7.45455364898215,7.374435157040756,10.44692178568966,7.975342039956402,12.114237450813729,GSM5505723,GSE181549,Skin,1
7.087594171072125,8.592826715547773,7.494788557754602,7.637342590714108,6.873083918194892,6.492311423906936,12.250514195390144,6.806346586531862,11.0523459169983,11.460938134988085,10.49280966235173,5.706266715319756,8.048114835451758,8.829029072170115,6.29553789010752,7.271950743685793,10.021586764487434,5.618449772807718,6.156898882959705,7.45455364898215,9.71302459107979,10.41495843403862,8.606293166317634,14.647931226314874,GSM5505724,GSE181549,Skin,1
8.681576301825677,15.698695670098399,10.416907943972042,9.566285639633719,7.563386576851431,7.137891201454814,14.130985200706403,8.569219588002913,11.451572323263523,12.583216518723122,11.356836063177568,6.733394834017611,8.048114835451758,8.61491626101254,8.035054276415924,10.591147530980049,9.91981891938602,7.602775733023543,11.082790711381241,7.45455364898215,16.778204073708615,11.002918057160855,10.98166522087945,15.925350689856796,GSM5505725,GSE181549,Skin,1
6.754554333129194,9.501907445895032,11.519708297984053,10.124411587869483,8.295003144622804,7.759628637570524,18.241548535056957,7.489215021008812,10.346106484731374,11.910808550023935,11.382281963988927,6.571651911797053,8.048114835451758,3.5260468961077587,7.537982570040519,14.478544579724112,10.108846240049012,9.478888142230646,9.735828975583704,7.45455364898215,17.068622315805094,10.764493985681092,12.778142011357048,12.39629271214606,GSM5505726,GSE181549,Skin,1
8.742189654362665,10.426554326868706,7.823356156758821,8.775033693434729,4.90806471049133,5.48762114468933,13.655015125752247,7.0361070934585825,12.130247350183945,12.754564934312008,11.478264252589625,5.564891760071426,8.048114835451758,8.149036713261323,6.876152427051245,9.35981994779573,10.126496394466807,7.643228706182862,5.965545634058818,7.45455364898215,14.710238294178312,10.447241634534228,11.954345820806907,10.136055655925336,GSM5505727,GSE181549,Skin,1
10.107273194933573,15.646504810329652,9.511692785013425,9.42389598144019,8.511253380985172,6.962105363426605,13.813756404735582,8.326453773380026,12.110262783530725,12.611430674310345,11.588256972508578,7.003641000772323,8.048114835451758,9.319087346039407,6.670096302152853,8.890513976801083,9.687374830732756,7.398868456064257,7.844249109871363,7.45455364898215,18.8944214403342,11.14752570392522,9.708630508878613,18.63145328191318,GSM5505728,GSE181549,Skin,1
7.9918034377768175,13.798162712673083,10.080101476638061,9.319534276030405,8.521956833939747,7.038852774128226,8.621280711249902,6.968584567658096,11.548134406260914,11.471548789775213,10.567301289119854,7.156217948164606,8.048114835451758,10.565435726712604,5.434181027886408,8.953297396693905,9.179359271006414,7.148557122126848,5.639868356737132,7.45455364898215,14.495325206419505,10.375995478581476,8.429967915139926,11.331446257187956,GSM5505729,GSE181549,Skin,1
13.383715369124015,17.53722804763439,9.657347897280742,12.400399561456672,5.7507481466406976,8.637925529753606,10.175858840455897,7.90077522866451,12.202068028170446,12.930453253596557,10.952836715788264,6.989290547030955,8.048114835451758,1.3791534200445827,8.357089955054553,11.04439680199555,8.27279246080224,5.8722520927085755,11.801152783504126,7.45455364898215,20.527527792415377,9.425041879087148,7.18822326571925,13.733304318983073,GSM5505730,GSE181549,Skin,1
14.752264817892305,18.886655361290995,11.617236327062335,10.498392187667,8.334150167544498,8.353029712977463,16.647729819802098,9.04440430934753,12.382581801990744,13.299125081366524,11.175341348841332,8.099878901368248,8.048114835451758,6.7403198053108255,8.27986709434092,11.942416061929055,10.649637703477918,8.097603485819196,12.56228580800505,7.45455364898215,19.310921723159623,10.542196851402462,11.278829636052741,22.19080635584276,GSM5505731,GSE181549,Skin,1
14.544207375114787,17.78834360218478,11.31222289640617,10.611462160759412,8.266143907545931,7.418136559851887,12.375790907870547,8.621213369356138,12.605552430929249,13.37056810914197,11.444658772947713,7.734562437589401,8.048114835451758,2.659281026456668,8.14193611112172,14.60966330344119,10.596176676061209,7.80859563683731,12.086598285771107,7.45455364898215,19.61464075084151,10.613336380272184,11.857889576686906,18.478197770631454,GSM5505732,GSE181549,Skin,1
10.362835277674323,15.062729107439132,7.316186837259211,8.265128288407467,7.734318395786906,6.491452761590033,4.0120537402753715,6.402273099850341,11.008041055975324,11.832024836674982,10.877554365743503,5.024394660697012,8.048114835451758,14.995089069450607,7.081518233377431,9.445551171305446,9.250216688026041,5.649781790186417,6.8711920913752635,7.45455364898215,15.744418623076424,8.597771256487563,7.967064517188519,11.904585118853573,GSM5505733,GSE181549,Skin,1
7.628165222585934,13.043298595904378,7.633619930247666,7.321085814715162,7.812171586398716,6.070599558122626,6.5041632371261064,6.236325798913089,8.726597343510546,10.413264051941248,9.318997541106322,4.3375451951828445,8.048114835451758,12.667178989135715,6.698234146383268,6.362235506516024,9.077644864819224,5.452307262528557,7.031349508335684,7.45455364898215,11.409200192589218,9.246809824821232,8.259000913753429,7.0997976028318925,GSM5505734,GSE181549,Skin,1
7.175015867133308,3.0031648713831913,9.14119461180219,8.956249495584066,7.769981013673739,7.487302390158288,14.97632230558367,7.214730098535881,9.224659789476048,9.97108396667917,8.559376095358616,4.661779601119671,8.048114835451758,4.9886816003617716,6.424930954117202,4.280432989938813,9.34364104417673,6.060030995565338,6.411774248090959,7.45455364898215,6.816677756371466,10.631013112394001,7.400546494246958,16.214715032040658,GSM5505735,GSE181549,Skin,1
9.863237418918729,10.032044475659704,9.190384049131609,9.6543409075587,7.888579218873802,7.609719370436206,14.756379591757595,7.985020739522606,10.297459408483192,11.12686280869291,9.312224437744502,6.058805222783771,8.048114835451758,8.192337250180708,7.350628782785908,6.681694399182337,9.436442060447325,6.745067918096808,8.832794646761942,7.45455364898215,10.719280690647393,10.700734181874877,8.83212731138243,21.450223675303455,GSM5505736,GSE181549,Skin,1
8.66721698527202,7.590468025787706,8.604628202846273,9.176885589824787,7.85936766887058,7.558104055828135,15.344677276967936,7.207766458285044,9.595314392386596,10.799490465276293,9.380356138888558,5.4065689128713865,8.048114835451758,9.495097943099841,6.9117970498295485,4.852677668581119,9.852756287744855,6.873768529162006,7.164343480471032,7.45455364898215,8.878482107300032,11.076698295421322,9.590108521131599,18.667449284257735,GSM5505737,GSE181549,Skin,1
13.613883674178588,18.98858827425639,11.858824336097431,10.099111426427493,7.424886415298702,7.656891473795542,16.01192657121778,8.407010278509079,13.03541730266881,14.19729707162687,13.378415755691263,5.8107087551647085,8.048114835451758,6.799715925058015,7.313552789620123,13.198959318951822,11.697526072170879,7.35626860018109,9.65712158671598,7.45455364898215,20.447854463998397,10.77470291724581,12.519621363918095,19.621626067617957,GSM5505738,GSE181549,Skin,1
11.698193584869319,18.686680350454857,11.30204660489434,9.674485041370001,7.8362524966111895,7.32300562463713,18.067320826856285,8.025775493930375,12.500895465585826,13.656485142312878,13.005074053655097,5.25100031955452,8.048114835451758,10.340838587885717,6.891380190466024,10.561433191307788,11.265363347501125,8.525553280843956,9.558144776572046,7.45455364898215,17.152846274464732,10.510267492096078,13.233968222925322,15.983034874328604,GSM5505739,GSE181549,Skin,1
12.922925015262717,18.193965914685553,12.606778427121068,10.039321806009802,8.167474707562496,8.704537003153172,16.66668293455551,8.35683652469476,11.960993208094798,13.356571532288973,11.702704723295971,5.643364619746414,8.048114835451758,8.921689675000259,7.567286410421849,11.667543857203679,11.382340056983667,6.667250251521138,10.842413532720574,7.45455364898215,15.125735672965808,10.658544902486788,12.823470016479,18.03868102862488,GSM5505740,GSE181549,Skin,1
11.012275523676157,12.614578025287319,8.116280900329691,9.032156320919313,6.0012249855194435,7.63636707918931,5.933051049918591,7.699493844964218,11.1924710772397,11.673834220384878,9.889393318534891,6.183450183135744,8.048114835451758,7.058327034623945,7.627792901250555,10.342968127608117,9.850349108977833,8.109768857130419,9.587653570664095,7.45455364898215,15.57698609762303,10.501770604898859,11.043333790411294,19.80733001736966,GSM5505741,GSE181549,Skin,1
9.60220766199384,12.764291632776482,6.10379721983169,8.14601845519567,6.761201618910637,5.432695426975755,6.801503754299111,7.408431619781113,11.438712501665485,11.622920470334506,10.174494508665756,5.410673869763789,8.048114835451758,9.798468967711502,7.096778952030223,8.862831934690172,9.802861506424632,8.062804171727647,7.786598044502134,7.45455364898215,13.093779925660042,10.41994160159015,10.379322340606247,16.92575537001746,GSM5505742,GSE181549,Skin,1
8.329746618856044,7.944462358844451,8.7037319927458,9.64382903290514,7.138740324462058,6.7484900903518525,10.919331307536591,6.759614643293032,10.02364547781657,11.148084118267159,9.417463455627136,6.5776802549700735,8.048114835451758,8.486927966580367,7.208579304175924,5.818645288155782,9.483193562965372,6.1047110546817445,8.168515722167573,7.45455364898215,13.599600121118192,10.075940839694741,9.63515309334856,10.873826703019622,GSM5505743,GSE181549,Skin,1
9.696130339779458,11.985302155090473,6.9502658113330735,8.345889837009906,6.874438816438456,6.692259528426192,10.234790957994445,7.515644828790473,12.142217992485412,12.956656527617557,11.291721854350406,7.047348654129216,8.048114835451758,11.576776176825732,6.8895520613831405,8.321657630956315,10.4788571576557,6.6580073407185365,9.625135014712626,7.45455364898215,18.712578684367173,10.365411075808414,11.071706872410028,15.857927422426826,GSM5505744,GSE181549,Skin,1
9.880658476290193,10.601722146032374,8.540875026800439,8.099006313248598,6.830822567776,6.237566375545366,9.795966035820607,7.656110557045187,12.280423903107755,13.00749056958011,11.207681041673535,6.791092956600278,8.048114835451758,11.961337823401854,6.998356553234499,9.547228075603583,9.580955870441565,6.8715154873164765,9.190773255365896,7.45455364898215,18.42253027915524,9.787870511380484,11.485263771874157,13.016609239819985,GSM5505745,GSE181549,Skin,1
7.9668633638618545,12.120906120392679,7.849981937345823,8.041064703495342,7.591887411755296,5.635175251965952,16.681220017803213,6.582042575763308,9.802474232433841,11.32392534595264,10.070819932534757,6.497677349134147,8.048114835451758,9.355653813890692,6.617525003419401,6.210463762719144,10.729315015656812,7.294870587053387,7.117785803025765,7.45455364898215,8.535387051948724,10.104642335855338,11.88222960772695,13.261716579427961,GSM5505746,GSE181549,Skin,1
8.07514535820113,11.074016342120725,9.102042619343464,7.879087003593274,7.64847499333217,6.1895089510299295,15.246755489425123,6.80206402942463,9.298517969759226,11.16874564759076,9.479408540580721,6.57717774874272,8.048114835451758,12.8488602341677,7.079880461715312,6.236614829514628,10.421681472108444,7.2778499460575246,7.228224500203425,7.45455364898215,9.5211215751637,10.20220115893545,11.409332057268976,14.878233897688709,GSM5505747,GSE181549,Skin,1
10.594364813985408,13.999132911889664,8.31802912365188,8.3896383634671,7.456915652587986,6.35167892961668,16.801393509164587,6.869591333830513,9.253596031177553,11.520855631613857,9.28626788987907,6.915401757219234,8.048114835451758,14.547492757107847,7.0128220176172205,5.88944024956475,10.842577051447094,7.751982705134635,7.949709218145326,7.45455364898215,9.765820498778341,10.187577678187072,13.796718993880027,17.11968458493406,GSM5505748,GSE181549,Skin,1
10.278574435195216,12.544749394786475,8.252217445209515,8.609978441213958,7.453256290537558,8.325264787772921,15.401685053132319,7.594215307446696,10.73919451898694,11.896074654362438,9.461760120170926,6.169500001185784,8.048114835451758,8.277000971205258,8.118610982012434,10.92227886760856,10.087822758061131,7.022727210327726,9.72342664654133,7.45455364898215,12.805311099237228,10.13759767096763,11.043160660754271,13.756151945062069,GSM5505749,GSE181549,Skin,1
10.437975706812907,12.819952597083791,8.461297176643376,10.067255481726884,7.510292676222916,7.598028584899979,15.741022992286762,7.675379669716012,11.275914194935519,12.027685187854157,9.815728031016327,5.892330510688629,8.048114835451758,8.72251003557509,7.788552087874192,10.110852212524069,10.162834109178334,7.039902264758753,9.016726073438196,7.45455364898215,13.341086373483089,9.955017529194786,11.926690489848424,10.941694462438882,GSM5505750,GSE181549,Skin,1
8.786891869921567,11.29888269039138,6.442846250452782,7.89021311141846,7.79537043366721,6.768938025537957,15.703800897180832,6.960604632244329,10.119227692260113,11.063649963919929,9.530456630609423,5.763282555180317,8.048114835451758,10.001606745032072,8.06198146214554,8.842101530007621,9.950573512497783,7.498633099232274,8.152121308367308,7.45455364898215,10.9702539591189,9.94844282969691,11.495535990157107,12.031242031276387,GSM5505751,GSE181549,Skin,1
1.986170277251622,8.43107218964479,8.943998517467675,8.743154490976291,7.23550800331877,5.41029475159829,9.02378446126355,6.514277615883095,9.104183934347029,9.953105442745219,9.127070072665772,5.591106561258229,8.048114835451758,8.800704130421027,5.723665507550349,4.1240414033518755,9.193447645538667,4.902185238554702,5.598726862523565,7.45455364898215,11.135900133641925,9.89679405435048,7.429900843501173,11.58481877865003,GSM5505752,GSE181549,Skin,1
6.24901218733638,9.287175778954627,9.179728249563782,9.469938659559034,8.059967259868845,6.708371394081105,13.260904606216739,6.588544037464549,9.049333678934545,10.192549013447854,8.873180514469986,5.8114837415012515,8.048114835451758,11.883512819879748,6.180644981688476,5.46043086475977,10.108003277747118,5.711410546734603,5.263699856859516,7.45455364898215,10.707101903543608,9.87150428459934,7.867471453871271,12.403054523668185,GSM5505753,GSE181549,Skin,1
8.05002992785855,10.878921523840413,8.426323551354768,8.698975681587934,7.434189635615585,6.024282093621974,12.311444828402692,7.046272499507877,10.442012616067087,11.042263805254624,9.723352772383558,5.622496744788136,8.048114835451758,11.791009185252651,5.893066248695317,6.795131208661728,10.462116725278303,5.758584919263969,4.104225954069662,7.45455364898215,14.199541536167136,10.568886528953012,8.835258773089738,15.091178011002178,GSM5505754,GSE181549,Skin,1
5.114024546327467,7.7200631415520995,8.41919384785917,8.675426259506262,8.176345294492851,6.365460787829828,8.94862469965122,6.9808315347205685,9.94403438883321,10.373100445831684,8.674168923547393,7.464695316084822,8.048114835451758,11.372898808179896,6.256877027348362,7.093516488364257,8.355098068094176,7.193065220283202,4.44129218536624,7.45455364898215,12.833410815413622,10.693944705198358,7.464804949920253,16.32905597934951,GSM5505755,GSE181549,Skin,1
5.810630114006807,11.362087365772929,8.01507016449726,9.822916672613633,7.928156485181899,6.600829342443857,8.451329469343499,6.637289475391472,9.899429896618049,10.404463203861068,9.142128100366477,6.92190834758551,8.048114835451758,11.674021372788959,6.824555032896759,4.6657103327568095,8.440279837425713,8.106952553903534,3.676622907725142,7.45455364898215,13.155163055408865,10.70632768861767,7.823043519911343,15.834809305595098,GSM5505756,GSE181549,Skin,1
6.861013756080108,9.35994645050715,8.202324878264008,8.255721208244774,8.08318900145001,7.411856805547627,11.124277998577192,6.48790513759143,10.124577305493489,10.328014675337439,8.573609341501516,6.835060526752032,8.048114835451758,9.644196315204306,6.675338298351624,5.5133319289965526,8.423478558759841,7.091604654925301,5.33468409767203,7.45455364898215,12.089310177022806,10.132391997758717,8.61289006135796,13.832402310347906,GSM5505757,GSE181549,Skin,1
10.398108227087564,13.864863602179213,9.187980843421107,9.790877836355056,7.378964906162674,7.052020943141401,11.281508298651552,8.154752608278864,12.118088807893225,11.704738637913117,10.567145000713865,7.01967745056985,8.048114835451758,5.522246872870112,7.613698612513814,8.85380423204455,9.924033699772068,6.9244084430997495,8.886678182304433,7.45455364898215,16.626222343466953,11.38005958905159,9.180039278543475,19.114193330228197,GSM5505758,GSE181549,Skin,1
12.163227716206542,11.298514211176782,8.753690749492586,10.202170653056301,6.9790198854888015,8.199078143617806,12.445616555619317,8.19432266676453,11.819319690123825,12.033822957566644,10.622652778460314,7.0897870457145915,8.048114835451758,6.185626077077438,8.07942631011296,9.415039346484825,10.004533199369197,6.946358928461097,9.91420986844488,7.45455364898215,15.845848442582792,11.354643117615403,10.842829351768678,16.806860371695567,GSM5505759,GSE181549,Skin,1
9.047063755695662,11.182886561745969,9.425300877864085,9.580763117196138,6.226848959155217,8.967351062163795,13.06621560247383,7.7605399904805346,11.407272319380542,11.60809054884272,9.84802594201242,7.144016141865503,8.048114835451758,2.0718361461530126,7.348919897284851,9.075452349238558,9.719395353440722,5.589548899960313,9.075641937715233,7.45455364898215,13.811598549825602,11.365901210422258,8.66074896721935,17.210605511921298,GSM5505760,GSE181549,Skin,1
12.728544374315682,15.639506571161215,7.679580332890505,9.472095378713012,7.837502149789855,7.125803529298495,11.72729241472012,8.044602748394853,12.06265873563936,12.655422225244449,11.470777807534239,5.848052772301651,8.048114835451758,12.15585226367911,6.698247154790547,6.249219293448842,11.50217212249872,8.408026632612964,8.518609965236262,7.45455364898215,17.559323892275867,10.860561730836247,9.87946881805541,14.056119260048998,GSM5505761,GSE181549,Skin,1
8.48916312321403,13.539132065416577,10.256790815103518,9.723248988011294,7.850994399326468,8.091663860514721,11.043946623331873,7.974979544655082,10.946202123359598,10.971116054532795,9.89694632246085,6.892201560053508,8.048114835451758,7.386258596294782,7.087614455898843,8.679868688423774,9.378767731007073,4.99818165148983,8.88389523870945,7.45455364898215,14.948437237602038,10.452008469490009,8.757503177741048,19.30046333363363,GSM5505762,GSE181549,Skin,1
7.317690030653171,6.142728774639996,9.708644278003653,9.731225656205012,7.639684460009226,6.6495542801984175,7.950105654411718,7.850083166470977,11.267412773368344,11.164412251669797,10.772510318945415,6.879187945977913,8.048114835451758,6.539041604007396,6.842289536854759,7.77238766571822,9.296380502543,6.194721292428176,7.89552243684571,7.45455364898215,14.711949455239125,10.838688321341358,8.203725477935253,15.979139220039352,GSM5505763,GSE181549,Skin,1
10.616670143582093,11.81991794646137,8.798225545115178,7.572984756443434,7.6829134068995595,7.592844920199286,12.854968298166803,7.26269689051292,10.763255669653155,11.127009554397954,9.766693127772065,6.554911086958537,8.048114835451758,10.504720230632588,6.8018642857537035,9.451644772153708,9.247852552950558,5.813938850554838,7.760098668862764,7.45455364898215,9.782249090921198,11.409830353460862,8.29163378982195,22.90597297054022,GSM5505764,GSE181549,Skin,1
11.388149267587815,17.694540487787094,9.367158950580542,9.434286268349307,8.01539958879256,6.43342388684637,8.726692014183847,8.265291781745903,11.094784973925192,11.689669592157879,10.17981146230476,7.791935230381211,8.048114835451758,11.959283099570374,8.369698671858378,13.061713335100924,9.751406959288516,6.595544222085206,10.325645941847611,7.45455364898215,20.409644339384776,10.825733641124492,8.797266880956329,17.561906062981905,GSM5505765,GSE181549,Skin,1
6.979945115083418,15.890929678502353,8.111499518210232,8.29906376377685,7.929353652312188,5.725882591081987,6.252688925708385,6.636673245673716,10.063954712820832,10.826065115159254,9.271279503980535,4.84666380674712,8.048114835451758,12.626019443463758,7.531483084165385,9.951479411724666,9.091246453481967,4.794806051471065,7.556496630705858,7.45455364898215,14.460324322146876,9.634219005272415,7.560313633187761,13.696431903910746,GSM5505766,GSE181549,Skin,1
14.057104321512501,19.327152827705532,10.156966132393588,10.33626436437015,8.56828101945909,8.104555867752785,14.06002774922513,9.126579003541071,12.527939970139583,13.25511360341046,11.51723622371351,6.769233064936189,8.048114835451758,9.813856071712266,7.78189996850472,9.538079241868669,11.347554700713784,8.171476574780689,12.589078825743801,7.45455364898215,20.336865869424635,11.50976099319962,11.057922476493486,19.37969103631169,GSM5505767,GSE181549,Skin,1
13.291237762637943,13.353168038918966,9.477263245054804,10.189998952708741,8.119336746554955,7.895114187809588,17.272830551729545,8.50444024467564,12.142473892434621,12.474300127782913,10.677730373667359,7.010024131069855,8.048114835451758,8.669300718098615,7.603373322685071,9.950961256307735,11.062048789206024,7.504385022231486,11.828928465535583,7.45455364898215,16.756215703371193,11.71970607417617,10.278890490350015,21.361823000483014,GSM5505768,GSE181549,Skin,1
11.059688687235747,15.338869468025585,12.293509982546938,9.939747152438768,8.577394435739382,8.150260145194554,13.408652591244058,8.525454149399934,12.570500489532412,12.517592409312687,11.08989703966812,6.9501110822713175,8.048114835451758,8.434920657385115,7.139234831421295,9.428555666573766,10.38529182796862,7.217223124293357,9.34854885652992,7.45455364898215,17.260719616034446,11.908074425268431,9.13740840253558,20.02563956601277,GSM5505769,GSE181549,Skin,1
7.248993370505801,7.9748257872475365,8.135406447429883,8.709779342439651,7.776452763758959,6.287676140359109,6.059818873459049,6.427347436675088,10.705750851368304,10.238716333031652,8.960198562867483,5.458306703518332,8.048114835451758,9.487583279808728,5.4236064085843285,3.7052373974975,9.322458754932098,5.934262497343411,5.895016258863242,7.45455364898215,11.319266010270514,8.513465332449762,8.470364324262743,6.081866739139822,GSM5505770,GSE181549,Skin,1
9.443183850484017,8.30690274442675,6.709242085272926,7.7070848109837025,7.997605920544326,6.484323902528249,9.510265961595705,7.031182036826443,10.588894856245513,11.839120965069615,10.434377253433267,5.636724605146844,8.048114835451758,10.922511009898132,6.471083851956423,6.443743925676221,10.366708173216617,8.037503952734369,7.447380310107453,7.45455364898215,10.994530230993742,10.16153387138729,11.757774868951548,10.985536301546844,GSM5505771,GSE181549,Skin,1
9.656628885611534,10.070343307605095,6.280631042435269,8.000482530092453,8.439746816530104,6.35066181435836,7.478178307056024,6.372394322350878,9.21428609328713,10.47925410429822,9.010188217575278,5.360391180551803,8.048114835451758,10.75762675644228,6.033992658443725,5.885799556802949,10.30059237829565,7.917423332817694,6.323002199741641,7.45455364898215,11.219509822615597,9.182804329921405,10.478863306952322,9.68837021718377,GSM5505772,GSE181549,Skin,1
7.901468650053747,11.256695951853345,9.503909213129118,11.145391671167308,8.175853811175307,7.3832920719155695,8.248700620272135,6.92848067658694,10.650392056794745,11.242333632166893,10.176831111200626,5.485397858791538,8.048114835451758,10.51759302009803,6.312395187284274,5.752547561196071,9.581880453915595,4.8546125480660365,6.744239985201348,7.45455364898215,10.863339617012922,9.898047185862827,7.599881220142246,11.702977793777409,GSM5505773,GSE181549,Skin,1
7.81190793341939,10.175746325109056,11.044745325798738,9.357028331352444,8.303786256103065,9.123955581090302,13.329082394366344,7.2690430938721,9.652809479408447,11.060977824361126,9.108756274487671,5.985639869656055,8.048114835451758,9.019634865102965,7.023648135218318,9.69874746649266,9.745620523939667,6.921781650197751,7.921507449270149,7.45455364898215,13.689452803927942,10.245176912299733,10.41292499946381,16.562457532191697,GSM5505774,GSE181549,Skin,1
8.920632451059928,9.162144607872943,9.42506434846743,8.969350475276373,8.129934161113578,7.773559390110788,12.222811436613434,6.761082368900174,9.943669967469386,11.166832577498356,9.391341321883058,5.9420331507059805,8.048114835451758,10.168228962626836,5.847439760768509,7.969271005899444,10.033454949767325,7.207982846447462,7.17992796299293,7.45455364898215,12.247152576388027,9.911306274169036,11.073080327206688,10.79994139937087,GSM5505775,GSE181549,Skin,1
8.75939337531358,8.1400881369442,7.100272046194169,8.31716959234827,7.89482086348275,6.70204787649308,10.859324359101095,6.611560692528316,8.859191236458631,10.581938523331594,8.55643752609059,6.101318123935132,8.048114835451758,11.187205690874936,7.074679224889561,8.017585872518822,10.250810388253912,8.118373930030879,5.210084058495509,7.45455364898215,11.620270972853671,9.969432405826161,10.212244383740355,13.62839430289231,GSM5505776,GSE181549,Skin,1
7.957266337668249,11.957187333399547,10.612456428178803,8.386499498466327,7.139615403633871,6.769017503079209,13.553062084099428,7.362151101977472,10.21742073833304,11.094356915868367,9.78324443018239,5.528454420132151,8.048114835451758,9.652549553888273,7.06850451815934,7.926753651318655,10.335972861064294,6.26029462659054,7.8929582924272355,7.45455364898215,11.912820295658276,9.996140634966144,10.01846400943908,17.237554259028183,GSM5505777,GSE181549,Skin,1
7.26761929365534,9.97053423391741,8.949621873304945,9.433072596955338,6.906228669558257,6.173160663425451,12.122936758500382,6.964623261565571,10.545440300416123,11.353918515394012,10.455796748223834,5.166003541242411,8.048114835451758,8.748344699277089,7.04084365280304,8.45715729768519,10.143687991958133,6.895228572518374,6.841518241962569,7.45455364898215,10.031279253358438,10.088617391890443,9.684507254572576,13.57695199725752,GSM5505778,GSE181549,Skin,1
8.758493524169852,11.565108874258993,9.845639949429865,8.213503525588205,7.881434658457462,7.685568381105216,10.765026149126802,7.4000575771518555,10.502447342716506,11.688700386641093,9.951157354273983,4.855410015706406,8.048114835451758,10.238935259887635,7.034267416870281,8.879521242241829,10.56406413695842,6.2634215119922265,6.738505202837639,7.45455364898215,10.639876902138619,9.825816758725306,10.343966290150972,14.944390775395295,GSM5505779,GSE181549,Skin,1
3.192428271822184,6.201688661713948,10.68886337166059,9.284627219467806,7.19948591418002,5.507788894642102,4.31713459920076,6.62650784463344,8.295111222975446,8.981416133801648,9.282521576306804,6.493772528591687,8.048114835451758,6.347656625529118,6.504108126828363,7.05462636635926,7.779543501641557,6.007516177259769,6.191760522832356,7.45455364898215,8.2017442964999,9.554058770090695,6.559224704279009,6.093610305614102,GSM5505780,GSE181549,Skin,1
9.676387229065643,12.328221746110565,7.783078028568486,7.876724132906368,7.272721427186942,6.478957639917143,7.4822466063637485,6.878566074457721,11.270363740661569,12.173529617822584,10.081456955196275,7.7380466255767875,8.048114835451758,14.342837626422376,6.988699034375133,9.173115073249575,10.422945907780429,6.813204876279505,6.469974225290493,7.45455364898215,13.00030426105058,11.072391912535535,11.587656599997358,16.743867412662695,GSM5505781,GSE181549,Skin,1
9.973555482896128,12.737131377793613,7.75563934885021,9.679440196468843,8.689229281373759,6.928246802090428,9.113170517482153,7.350015197418389,11.959972852052301,12.019215861592032,11.236798989857595,5.252591878624071,8.048114835451758,8.824857399510725,6.794462876668815,8.767235185167205,9.635893564139524,6.1160052153935185,8.066446964904387,7.45455364898215,14.667922566076129,10.336354183041488,6.715681139336976,15.924606391784641,GSM5505782,GSE181549,Skin,1
8.673595945150335,14.900269537527521,7.826132311674702,9.382410948086477,9.14083776008105,6.6278392278417435,10.586157124873969,7.0236009722065,12.446443648500148,12.472214952048091,11.92903305150438,5.52444649846766,8.048114835451758,4.448738618629338,6.011578558883972,7.327594101187422,9.778990075778484,6.002643360050243,8.586738331407458,7.45455364898215,16.58873933906904,10.553345238696599,8.447656663379668,12.076543124816055,GSM5505783,GSE181549,Skin,1
6.449337075339692,11.946159011785099,8.364850071586675,8.762761567906928,8.808149573976355,6.599917862479814,14.580427057716593,7.155598325456491,11.530849764091712,11.516944350425815,10.947530584861758,5.68197616619118,8.048114835451758,9.433788512957937,6.556212419648387,7.745509805330508,8.997753843668557,6.5612721966729985,7.624122149196414,7.45455364898215,11.404574372477008,10.818726308839645,8.176177385130039,14.74305600330224,GSM5505784,GSE181549,Skin,1
6.916636047286044,8.16772132165518,10.149812216440981,9.321472141678663,8.234170342415918,6.977893783760428,7.3226215279734586,6.995853923563385,8.999931860873067,9.241242217528113,8.699487937384617,6.890692308907754,8.048114835451758,5.38625603523123,5.994835303744855,7.090895326188713,9.02669489058784,6.425673840696406,7.312129275138845,7.45455364898215,9.6765068300596,9.889919596812318,9.596136278850462,8.411407834470229,GSM5505785,GSE181549,Skin,1
10.13135151954601,11.198708039906373,7.218759715991029,9.147165223885317,6.956470689609759,5.706963347431948,14.167950663949615,7.085373225310653,10.551839446497992,11.69493779146335,10.221174214429835,6.611817761619901,8.048114835451758,12.348156423565072,6.081654978023461,6.876138273821957,11.87952924127015,7.613700527260141,6.3929960985677505,7.45455364898215,11.111391982519047,10.004617415156828,12.911965093194553,9.547405484543694,GSM5505786,GSE181549,Skin,1
10.312104935035176,13.281761034961479,5.941427027203074,8.764333639353573,7.383208799756099,6.1156031229928995,13.987428088195035,7.174254797372631,10.96839099940407,12.026558370801482,10.103102380194999,6.380437426462215,8.048114835451758,12.960192956391772,6.000423327214683,7.290803602371356,11.393622032624977,7.933419225591235,5.759806488227922,7.45455364898215,10.598106497766857,9.97958723803968,12.022179258032626,11.967752140682117,GSM5505787,GSE181549,Skin,1
9.30526434096358,12.100393039867306,7.018887556859726,7.805917300412253,6.929587997092293,5.433039494893791,11.909197668399537,6.803417107322077,10.462562428141695,11.501007538903306,9.517735221669541,6.329268420816227,8.048114835451758,12.644005711841267,5.9524162816593,6.932757418951518,11.490332135038448,7.627310898699111,5.261976350469174,7.45455364898215,9.524719449856622,9.83506766676891,12.174415732400302,11.24612560915826,GSM5505788,GSE181549,Skin,1
14.474793896592871,16.229482622282397,11.426419988295303,9.254031472762497,8.464293497127844,8.499161267208304,15.529422156259168,8.645796877287228,10.946210224253928,11.95223848133606,9.52186531154771,7.198463135071769,8.048114835451758,8.06244978254561,8.47852874766852,10.245978367030022,10.440986396585394,6.18415445702763,10.649941338954543,7.45455364898215,16.5637360127039,11.388919585131621,9.599047114784502,22.01131915561778,GSM5505789,GSE181549,Skin,1
13.095896299605064,14.91096709918249,7.277278627607293,8.715081257626576,6.550626521518874,6.381975575292163,6.129918139094845,8.195756949647398,12.390898584306008,13.123227700890865,11.11240592890321,5.362234425623835,8.048114835451758,10.379974522224419,6.927118474686095,10.324626745405777,11.262185941867589,7.0763957475756545,9.114261511806882,7.45455364898215,19.701152611038577,10.907017211501564,10.901476009419056,15.431588358824687,GSM5505790,GSE181549,Skin,1
9.621660950832647,10.331573232649545,5.3961729035811015,7.937190366728794,7.886764648942669,6.306772951014407,12.990631052739031,7.211213052474953,9.429701169232334,10.902850617412568,8.76256418239288,5.137471579403792,8.048114835451758,14.805881847222182,7.362620028098286,5.28165676708555,11.03815361138949,8.119437282071974,5.995971839090933,7.45455364898215,11.052672769380793,11.303054598479548,11.263586007668469,16.40482410811419,GSM5505791,GSE181549,Skin,1
10.10477194699282,10.846706986027788,7.3896335640880615,8.798608479553534,6.758019953340548,7.900051873001334,10.339238625413435,7.034493675485962,10.909658496527483,11.52416184559191,9.767935727690977,5.634672559589447,8.048114835451758,10.956325588996215,6.1733272601753075,6.982505684240473,10.802027528636243,8.148239013335704,6.231291750096933,7.45455364898215,13.86559788978931,10.180636791376696,12.365171121693198,9.778225969210236,GSM5505792,GSE181549,Skin,1
11.413184616096252,10.113673209126762,7.437526541326974,8.09496141668379,7.354068300970882,9.07143180463931,11.07436347496199,7.092758424712925,10.292694469231192,11.378542045780403,9.124957842647305,5.776526195374076,8.048114835451758,11.956512829798774,6.621256712166108,7.6720297502727925,10.390389642061377,7.588016906715685,6.752577298439505,7.45455364898215,11.688429932341014,9.38558755764504,12.463049076574002,14.257112238345462,GSM5505793,GSE181549,Skin,1
10.639703766084722,9.459888986711642,8.746535218473273,8.581772002326568,7.6516985381089455,9.823183395229789,16.42173450301402,7.0360975387522915,10.647690518925067,11.604922038374811,9.681169895549983,5.809318199131184,8.048114835451758,11.817935556297327,6.874979058711739,6.624775788729869,10.679488487999315,7.246857464177699,7.120146505667627,7.45455364898215,12.277972601577142,10.394124934294545,13.488472685458635,11.383528056501056,GSM5505794,GSE181549,Skin,1
11.36026183834055,14.514051965491054,10.00349998872213,9.461023189420963,8.188471242833444,8.522359738229257,9.820184943670265,8.168906772356634,12.018300429093411,12.067236470202369,10.885907374192803,6.690140303042269,8.048114835451758,6.700287314409449,7.409202641689643,10.659068970249216,10.152528662001062,6.1258587623987815,10.741519359954921,7.45455364898215,15.470341295425273,11.574746141639686,7.266575577815892,16.577364982163033,GSM5505795,GSE181549,Skin,1
11.972659938103224,15.691929545210474,9.84849441053318,9.888590738560595,6.954855206300027,6.834945869438022,7.339681678563431,8.129398813200579,12.379849490912417,13.19009095193054,11.425630059158337,6.105962409403315,8.048114835451758,0.6871169536980286,8.029052582866552,8.614844325737852,8.81917148091843,6.1147883275694905,11.062175832126353,7.45455364898215,18.019180402176143,9.401203021854672,7.572654088374729,11.627163579220746,GSM5505796,GSE181549,Skin,1
12.172706518743867,13.703355702643119,9.11582250473513,9.119716812749303,6.457593495553988,7.259882623489416,8.489258615932751,7.382006595613873,11.673116073921397,12.245300558136613,10.367839411698654,6.513143281467022,8.048114835451758,7.9074559226971735,7.405228540983696,8.847488539891444,9.961306377618602,5.683102764404912,8.836955624681078,7.45455364898215,16.306262764041474,9.911346439575329,8.891814210445217,12.546306744665864,GSM5505797,GSE181549,Skin,1
12.029475700517732,13.827484526188778,8.738781510086493,9.148684438807026,8.62645863771024,7.195835064556064,4.320014056172672,7.004414257920197,11.094201896346473,11.37086622910937,9.69599271179583,6.651998773906857,8.048114835451758,12.641989158724167,7.2675425514051915,9.057174866755382,11.21160698994051,7.386985591256005,8.169889920663628,7.45455364898215,11.881655474965985,9.901506806157323,11.83177623093362,13.227322477176555,GSM5505798,GSE181549,Skin,1
13.39182918219594,16.571897363069077,8.811239344608767,9.610173727049254,8.730866601592059,7.641297722801712,5.587175865019495,7.634814807269163,12.430645817643216,12.678784882339912,11.293123809380946,6.9503025544858374,8.048114835451758,12.902854392659435,7.856757448822735,13.408578341357543,11.386540007059505,8.52198420959072,8.883348246805696,7.45455364898215,14.69595340202238,10.548165829353604,13.526869035150664,18.897187893854923,GSM5505799,GSE181549,Skin,1
11.672327032500831,17.6271345481876,9.18811323487426,9.720642955138324,8.982778396769326,6.917322625649348,4.661783854714102,7.559584631391328,12.50616896098191,12.54873777474032,11.195207224592766,6.566753341176613,8.048114835451758,14.637516018915584,6.77895456269387,9.971008606828157,11.079229991474666,8.119675922522639,9.213545405548535,7.45455364898215,16.3586763470275,9.691648261459521,12.711908778464872,13.764090054542299,GSM5505800,GSE181549,Skin,1
10.199053013975238,14.216652852613475,7.7228679127205515,7.669209102285434,8.299954578879502,6.599289584815309,8.819145623229739,6.835802602715008,12.010205546747375,12.656663190509633,11.89930387156642,5.272086091568152,8.048114835451758,10.243375616297492,6.329401647834278,4.6381393310059735,11.31679266910435,8.391776307168344,6.2380514230624176,7.45455364898215,19.006920667741532,10.445237544402925,11.905312625439914,12.060849406647144,GSM5505801,GSE181549,Skin,1
10.235180076330376,14.8652696344335,8.643925503059421,6.802277621568397,8.808406716085836,7.754253823792052,11.33621528463881,6.41490461441299,11.818420796547262,12.001181203864114,10.379316679253824,4.688869890615268,8.048114835451758,11.48012491195874,6.472582866061754,5.616987325394323,10.999408733472652,6.788145054881302,4.563548795202331,7.45455364898215,14.95185331580968,10.671409984197476,11.926322794148826,12.938549414692476,GSM5505802,GSE181549,Skin,1
9.031713071613693,11.002887872865971,7.811583107712139,8.019341093002776,7.494102033151627,6.387035999167839,14.386274055414852,6.5188587343951685,10.05156620363257,11.332197206634966,10.330024919129704,5.898825837769704,8.048114835451758,13.86257642645967,7.339024323208244,8.851300835029743,10.00040002459357,7.301131373554817,6.184962465423409,7.45455364898215,11.420338546445727,10.037296177665059,10.789059129658005,10.92050113205432,GSM5505803,GSE181549,Skin,1
7.2034790219979214,7.603054416107328,8.197130989655543,8.228638585767534,6.631093810766724,5.1428262096954604,10.492811088883942,6.5670763167501125,9.149965892402282,10.30585675773894,8.587806987897455,5.4928839034577726,8.048114835451758,13.388325241212264,6.932590288201966,7.425943241760901,9.956098744534083,7.115716059926442,5.378738088260088,7.45455364898215,11.537657878278516,9.729687218144733,10.330188030849598,8.626446527462159,GSM5505804,GSE181549,Skin,1
10.780532489115314,12.248928661450257,9.95317151374984,10.27338239335877,6.695805744402995,8.026732487903454,15.474327415389348,8.131341849756375,11.395165609227133,12.283121741865692,10.393644311781447,5.678411403652165,8.048114835451758,10.152281863314503,8.166506587211638,11.808302684982877,10.056364697821357,8.626891017207523,10.828003638721212,7.45455364898215,15.353686381766622,10.152474555086103,9.443282388706972,17.705437129183668,GSM5505805,GSE181549,Skin,1
10.51548392749567,11.125583395140897,10.278384138416431,10.062119541349382,6.773937279688797,6.37472599033048,11.4881684018329,7.934433779098263,12.121504600087553,12.946942607814565,11.738775266364593,5.39229989855078,8.048114835451758,9.183821956602728,7.044728427899859,7.103277712930993,9.451045418668711,8.640028494166403,9.343911895814315,7.45455364898215,17.976783240290423,10.207884280386683,10.533767991614871,15.0194732587335,GSM5505806,GSE181549,Skin,1
10.248105716154004,8.294235116847075,8.140254843813391,7.6190168632572925,6.845729885296519,6.539692784015881,11.732518221005137,7.617419456402895,11.026302322944044,12.066499132397663,10.474967828549147,5.198804641569509,8.048114835451758,11.871239619946053,7.369121249033964,8.431776767440251,9.452320249563382,8.650767290527002,8.052572553311991,7.45455364898215,14.143103914926913,10.393967318694527,11.375466653289179,13.953087839083516,GSM5505807,GSE181549,Skin,1
9.147899178964956,8.122662169656419,10.052025057189857,9.489936905814098,6.753830929124309,7.355494952715754,13.384003215327146,7.10922943601158,9.130050973060698,11.021368584583,8.872689971375113,5.226416930461564,8.048114835451758,14.1911599003966,6.374688179383212,10.629078687943434,10.197163849685051,7.823457991150084,5.954532854874882,7.45455364898215,10.028715633724213,10.200113627157345,10.871459063158245,10.038693710760107,GSM5505808,GSE181549,Skin,1
9.46739946966382,7.9998796052868855,8.09304721945271,9.061199019205826,3.6232623842587257,7.158920129704528,15.162341501411234,7.508964235756245,9.724625300254953,11.711311192829111,9.825055927340273,5.768460535764724,8.048114835451758,14.020320751555527,6.473594061711371,9.673959131508209,10.213788518497237,8.212145378632252,6.528268246690891,7.45455364898215,11.19426830736302,10.414848728525904,12.42818020428594,15.805742858964855,GSM5505809,GSE181549,Skin,1
9.222013936923862,5.9061551703322825,8.211421870978613,9.6514029139812,5.539419654384579,6.325924089959783,10.733329205353343,7.468275162127626,9.676666562262763,11.162952089163118,9.384671918604571,5.930664811159212,8.048114835451758,14.595725780110588,6.569343645206483,11.108203128987862,9.792757894633937,7.975053993364747,6.5522552958035805,7.45455364898215,11.75187526256781,10.120990207094488,11.258916387305007,13.175498553394618,GSM5505810,GSE181549,Skin,1
5.63125696070429,6.9675665880107225,6.879708261076937,6.841248603266492,7.1838159192103275,5.527270016236988,10.988333022496343,6.70576500988746,9.981922288599991,10.853494860338909,10.17784778091138,6.584437665561222,8.048114835451758,7.7847960535843335,6.4288651611616805,5.111405655656665,9.057505894900556,5.560159342252342,6.497984067923344,7.45455364898215,7.579921052003854,10.02786292937037,6.995447134032133,10.312309775810563,GSM5505811,GSE181549,Skin,1
6.52770320715419,7.710845307674795,7.1019010957519,7.862193798819013,7.465433928815766,5.9651229235503616,13.906805905756139,6.941894419801264,9.807844921578882,10.477033067685403,9.309483954944533,6.852949319100056,8.048114835451758,7.0020759314420244,6.324519553934752,6.672343676770367,9.312209703394068,5.832222002571447,5.97708812983257,7.45455364898215,7.971819196369467,10.297170277344064,7.458017316992837,13.145845048261082,GSM5505812,GSE181549,Skin,1
7.299506416705341,8.148862047011944,7.528928291430681,8.07969420521501,7.918793354750183,5.657541720564113,16.050813607609413,6.945258603084102,9.614608990415148,10.891276171027874,9.514320047402652,7.175389431376084,8.048114835451758,9.38671367501783,6.220652225058626,5.2596612037096016,10.127651011147039,6.0653030065464595,6.711942491759677,7.45455364898215,9.059936228915138,10.947794188360183,8.276826010513838,12.805032125809742,GSM5505813,GSE181549,Skin,1
11.07879122323838,13.390448469230437,8.868287436648284,9.168317944000131,8.132599946907515,7.593037578865087,2.0716128974891,7.576780548112939,10.955793548280901,11.27037750574764,10.133486115188768,6.067620310574918,8.048114835451758,10.914024842464974,7.9387301505374275,11.9664674914227,8.703546788415176,5.120617087792421,8.87128754796391,7.45455364898215,14.981576515349353,10.54976353436159,6.784089848892878,15.68864478441053,GSM5505814,GSE181549,Skin,1
12.519266833019786,16.410615772978947,10.146755931252764,9.773308008198947,7.605832703911904,7.5595296259401215,0.6759299378965125,7.199624107891408,11.56599563850017,11.915444498546096,9.86772623188521,6.276806327707669,8.048114835451758,9.977713672039627,7.537403691824493,11.592283846907733,8.433105779903709,4.960354593580275,8.864888696414498,7.45455364898215,16.67435483611853,9.93969255533186,7.981558222283336,16.478539565766713,GSM5505815,GSE181549,Skin,1
11.155906711092028,15.01204118870152,8.625817095850167,9.70594029414658,7.773765768173248,6.87390459236558,4.58277530273349,7.848671574450226,11.352224483664825,11.156562505720391,9.725981863997157,6.734568793024911,8.048114835451758,11.048914073464744,7.5864835049448,12.141227419394468,8.508362010099033,5.246955864933701,8.390047590100849,7.45455364898215,14.737122024536154,10.574103025272613,8.110548542967663,20.955008329295705,GSM5505816,GSE181549,Skin,1
9.116530608780025,10.432133770768068,7.3440049399932175,8.25857991149203,7.949013057842492,6.145328333164154,8.717762788243425,6.718597155750628,10.238678317223629,11.257226944004021,8.817333841411301,5.432264312903034,8.048114835451758,14.447112440910153,5.44134828382156,4.58223015335409,10.558204997297615,7.473192505559715,5.473756402298228,7.45455364898215,10.175018491327592,10.492343545868065,12.672404013100113,9.461334184661734,GSM5505817,GSE181549,Skin,1
9.86712656540674,14.319116725398294,9.907694655136815,8.88295926777537,7.4214659037122175,7.864524781220268,10.585013871568583,7.704301865836215,11.266445862848819,12.157880845798534,10.4068670865287,6.1461711456517545,8.048114835451758,12.323453055494616,6.866374796170419,9.603907807447154,10.224791503790778,6.982408470121978,7.01665748777123,7.45455364898215,15.021717192443841,9.996648997123438,10.973200775528412,12.358235679840892,GSM5505818,GSE181549,Skin,1
9.476603763028317,8.117535344648973,9.26424328583535,8.3366191373238,7.992959348343818,7.739668133693168,13.011896377348025,7.134607111594317,9.535611735236152,11.506469575512892,9.205369915027426,5.535343088241381,8.048114835451758,15.778308391345108,6.716373214990399,8.14484183333862,10.622499807528428,7.91594938120582,5.996662775173308,7.45455364898215,9.8349572551968,10.553661992909216,12.635545802786918,12.623655773071203,GSM5505819,GSE181549,Skin,1
8.457497174755357,8.51664396346326,6.91842031038154,7.664907302833502,7.017029917691869,5.523338882352167,10.882237501457029,6.363771883655438,9.862290251155894,10.611489651018086,9.522539986788674,6.074484719650051,8.048114835451758,9.918669671275474,6.6303115039112095,6.56647762035182,9.93312220561813,5.9748295284945305,5.605065254499203,7.45455364898215,6.191939852824036,10.690168314488986,7.075338364632836,12.146016983539509,GSM5505820,GSE181549,Skin,1
8.902574657148056,7.777157407130137,8.073276670747731,8.537785607095783,7.63127513643203,5.649902794812608,11.090260414714335,6.914036301141228,10.106443971516367,10.65807726169886,9.899779650179745,6.370152941458087,8.048114835451758,9.98256554024559,6.133689457390593,6.960786031743993,10.023741641240377,5.148980141973599,5.884051463755513,7.45455364898215,8.313898794129468,10.585650053009063,7.146823378649504,17.229077348994,GSM5505821,GSE181549,Skin,1
9.84319309176039,13.30711079612247,11.91565688275684,10.30248745968414,8.694119745331804,6.785688731753853,13.014636113657366,7.746470604071943,10.545613595019368,11.469498035168874,10.469968092345468,5.858669084516845,8.048114835451758,8.441663208175154,6.6515717472876945,6.696072100610577,9.898363568805362,5.228520052946456,8.087269137863995,7.45455364898215,11.996718322007542,10.262091862691905,8.515454856835712,14.550481251614725,GSM5505822,GSE181549,Skin,1
7.141153685368241,8.119717220102727,8.193691258174846,7.889020575983057,7.705043491044339,6.31366790410666,7.4708940828057155,6.120680034403425,9.108399812983297,10.73731388263354,9.080446070607852,6.322433901509315,8.048114835451758,12.346415633174068,5.735478970993464,4.141053727141655,9.98632501757073,6.364261788812814,4.223413649867581,7.45455364898215,10.303614068927997,9.202893060310426,8.858001677742488,7.479529319246757,GSM5505823,GSE181549,Skin,1
6.574380481428159,7.267089546250738,9.626315304771664,8.283452959398927,7.734257421596652,6.987869760642882,10.810895164960051,6.5013021606958725,9.063777505593809,10.95723725416799,9.254024141123342,7.021681411402095,8.048114835451758,11.061638376449075,6.744955516622053,8.23359798579331,9.638248797916539,6.961217772164929,5.963760712156432,7.45455364898215,11.6182087723757,9.79243494768542,9.35966680459361,5.8357948693275485,GSM5505824,GSE181549,Skin,1
8.410064940284693,11.416053896440983,9.509427620103653,8.297917746074233,7.755372723584765,6.996443304935413,10.855900392728621,6.848462777639761,11.556556466236461,12.149103553015992,11.260737694089281,7.032737850249944,8.048114835451758,11.743098598171796,6.656112151567524,7.139237109651862,10.476831380853955,7.234331501073717,5.515673283199796,7.45455364898215,14.764375526053128,9.795905391090608,10.005624880373347,8.746222111340444,GSM5505825,GSE181549,Skin,1
7.00645987852372,7.645386226831268,6.3016391173790485,6.286526889052877,6.440108663244449,5.612634233428737,10.011199011186113,6.293392724827906,7.843266400143312,9.76722422535032,8.386243686944336,4.61132839960661,8.048114835451758,10.051287817427658,5.784891368303051,3.4472126495707434,9.40477625137094,5.712161561296427,6.166443417434214,7.45455364898215,9.12353200460642,9.680002335118784,10.369266132783629,11.497627911931803,GSM5505826,GSE181549,Skin,1
9.930786386040298,8.654699631670113,6.499195254775323,6.645748796394803,6.846183726251052,6.48680079362294,12.621685941071565,6.325686263373264,8.354289105210142,10.17892563609277,8.70261219649049,5.069981514788277,8.048114835451758,13.085239872691862,6.017112813664141,4.556570346301131,11.034559167473386,7.6417880943162935,5.501543609926484,7.45455364898215,9.733884719021587,10.255212771306946,12.696087566077844,14.407107420584738,GSM5505827,GSE181549,Skin,1
10.51641428410093,11.986042022021671,7.618653369517158,8.695738496577656,7.513412835009095,5.908709260518281,14.563107518995968,7.197427902925304,11.056412786731304,12.010427702978648,10.734072214218312,5.747170729130721,8.048114835451758,11.395759569608376,6.00930597239985,6.12528437155305,10.666802581512133,8.260703335872225,7.404820473174716,7.45455364898215,14.761128690777372,9.262871855762734,12.987817141040727,10.97413868850655,GSM5505828,GSE181549,Skin,1
9.855626925971587,10.137238592136624,7.1463850269310045,8.341535177707335,7.130292564634858,6.966172817012955,17.088909623164,7.302326669043536,11.139110876893819,11.93768392887215,9.884313117816543,5.8265766917526856,8.048114835451758,12.355931285919084,7.10097419747863,9.331185683085005,10.644648230014408,7.613184644379981,7.34423868017879,7.45455364898215,13.135644317368737,9.29713286632147,11.498479774252692,12.18564445922988,GSM5505829,GSE181549,Skin,1
8.524497083550337,9.33193608541448,6.954578184176575,7.961152096310595,7.480730408294593,6.9143754066355605,15.473551935518698,6.651143894683343,10.275839021614443,10.747587582687189,9.488182450322729,5.82258349920926,8.048114835451758,10.280468140710031,6.286928424203287,7.11753428326993,10.530163292757754,6.924689196138192,6.461312553140678,7.45455364898215,12.957693951658808,9.568785767087894,11.365529188970052,8.918834266447742,GSM5505830,GSE181549,Skin,1
9.19390921123699,14.413537847794741,9.433857811064867,9.123607354515055,6.776145520278178,6.178373000804287,11.657777501802764,7.485291931236936,12.003660635516578,12.323580644025087,11.687513626531985,5.642908465780518,8.048114835451758,10.02088128317547,6.478747599831288,9.284607042858434,9.773246684121178,6.634670639529814,7.701938996033242,7.45455364898215,17.158982661685098,10.722159485423045,11.300883896819748,17.822826664163657,GSM5505831,GSE181549,Skin,1
12.673818096082687,12.579853754478739,8.925060252926759,9.393533887624157,7.580751324858249,7.4394351083286185,8.731356163613995,7.741315057369067,11.768949331174152,12.4795031131071,10.876972535421459,6.692671029135965,8.048114835451758,10.647019482420415,7.502683973623911,9.759380788381115,11.175919319004477,7.504740349950775,7.427153113127806,7.45455364898215,19.184990062169774,11.74592912659509,12.29976364908755,19.77821326814805,GSM5505832,GSE181549,Skin,1
10.9918155945878,12.360038786620564,8.345746316882847,8.742049703136834,6.965993941710823,6.11917157703693,7.1947504498966035,6.953852380165181,11.590523261419166,12.178355775373179,10.790875196432285,5.141296258737667,8.048114835451758,11.049956284325162,6.768358262409873,7.178581476769937,10.400077709493722,6.111892185588288,6.255699120236198,7.45455364898215,17.398316157143835,10.728783618020804,9.405508799429155,14.397928121044696,GSM5505833,GSE181549,Skin,1
7.0175248451177765,8.427198789053792,6.851609238313134,7.152956192874578,7.013527754161067,5.72608480730717,8.348486912465598,6.011043703040976,8.239707066790237,10.454453035353984,8.76350811114391,7.522813204536478,8.048114835451758,12.504736931853568,6.755830198640536,4.83781207333892,10.62809033650244,6.649389106714424,6.391771604029961,7.45455364898215,8.777829490772124,9.312578368807804,10.240782159959918,7.858770396321247,GSM5505834,GSE181549,Skin,1
6.162154782342089,7.600382202506541,8.167524808314175,7.663202018089207,6.625030835762512,4.704229832918841,7.191172467337397,6.096577811929996,6.605780014978799,8.461794721209102,6.941871557899589,7.406089217183836,8.048114835451758,8.810429071137806,6.094298383307121,4.084868642138526,9.92226912628287,4.27238643585777,6.77428425566286,7.45455364898215,7.999580492407498,9.626568880666488,7.6054141273184905,12.150321517869825,GSM5505835,GSE181549,Skin,1
8.24163093354028,10.015494740237207,9.486606448255099,9.54849698014325,7.483149922893791,5.876128381358988,11.074722716521778,6.717516365694109,9.47033758186611,11.350971006807331,9.527863138742783,7.740352522943401,8.048114835451758,13.10621560107483,6.864387962700014,5.574850193724199,10.956279872690331,6.999250130779842,6.610819934272284,7.45455364898215,12.088344933645084,9.732221284250189,11.910919830640113,11.074066971630558,GSM5505836,GSE181549,Skin,1
8.791406318399538,11.443025555148276,7.4391410595167375,7.720387720781779,7.179782246670163,5.529015510352933,10.741602684658973,7.072477777952996,11.298104684365653,12.313105850115955,11.138682793361518,7.750034000656401,8.048114835451758,12.939765906449418,7.343025741114797,7.500193829840942,10.60638417783192,7.393306917362279,6.99898483960232,7.45455364898215,14.953965664775824,9.209582099167811,11.974154896496064,12.669116229969191,GSM5505837,GSE181549,Skin,1
7.084989972196327,9.966704351331348,7.984996583867812,7.600020862296455,7.047343461784738,5.353899197292957,9.123884429901922,7.034506811641791,9.25636397260453,10.73977949542143,8.841018771694724,5.819577991758173,8.048114835451758,11.599109467084078,6.583743633787676,6.8687660435096225,8.71030231373039,6.52975242611383,6.392644872759419,7.45455364898215,10.470206689361381,9.598111520182396,8.587638476295886,9.972591334855979,GSM5505838,GSE181549,Skin,1
8.963226151507193,11.529232739299692,8.71359426551807,8.356252638082632,7.3844311522284976,7.101996902123813,5.458306934244609,6.8850950031219735,10.213297162339721,11.311378065775475,9.670206374206439,5.497068134872675,8.048114835451758,13.312683646444206,7.158770147261574,10.405287236356223,9.867646074811683,5.979262790969273,6.751151280039143,7.45455364898215,13.663490478099074,9.422977532745271,9.357590924230182,12.153596546349595,GSM5505839,GSE181549,Skin,1
8.740348052044174,7.4577480775305975,8.040992821393468,8.687183532771568,6.569919829509399,6.827679182141605,10.260409667307725,6.710041594990198,8.571778927186335,10.637352342029924,8.522715982187046,5.406607033431988,8.048114835451758,13.701064849662341,7.019556957937501,8.698519658432282,10.249133380510301,7.128400822886828,6.251660973341149,7.45455364898215,10.534629816519292,10.106505806558953,9.122841157658266,9.676974670770903,GSM5505840,GSE181549,Skin,1
7.958635165304432,6.721339939352699,6.311828325192145,8.120968853414388,8.048555476811554,6.111564341029773,11.291443867312719,6.333202833099621,7.454867187302455,9.617390610745778,7.491801066761278,5.513778636599927,8.048114835451758,11.443968538329038,6.359451743393794,4.195744854987012,9.4628097295303,6.71654518456705,4.3262261250932195,7.45455364898215,9.343522248870928,10.377019915172543,8.884701785111737,11.745444191189213,GSM5505841,GSE181549,Skin,1
8.45621602533298,7.395117886058135,8.405388937398317,7.739054928217024,7.751054865630588,6.077576000485241,10.023805959515995,6.211147562484032,7.960707086230485,10.140272912364633,8.406643429092554,5.602124012859392,8.048114835451758,8.858640869076222,6.673236556222669,2.6565668633995543,9.5522092359729,7.361133520360437,4.154225846491743,7.45455364898215,9.951900506231059,9.993767246688133,10.066610937815284,13.69763540660073,GSM5505842,GSE181549,Skin,1
10.069483724858344,12.193615871606083,7.418047413124771,8.512934759372785,8.555724559767432,4.769751252957091,5.659940806463664,7.094519934371766,11.666807634079822,12.253222774618667,10.831541595439486,4.66042933236196,8.048114835451758,9.181450467147407,7.04791984988724,6.3652873628894415,11.225886820198369,7.162215747879302,7.889826040937969,7.45455364898215,13.835536270111273,9.675875181649877,11.309596515241665,12.326913223546399,GSM5505843,GSE181549,Skin,1
11.17985161928884,14.852517861091771,5.23666403524282,8.696626559362063,8.317750899533088,5.184518869319141,7.299371983414625,7.38546154234519,11.748780125269022,12.579031673146945,11.360396686911992,5.699670452923387,8.048114835451758,11.195604185180184,7.19764998684687,8.047794862559758,11.362908989280532,7.87880841183201,8.154149978428823,7.45455364898215,15.288141190401674,10.302842591886867,11.854853879911534,13.094750797864327,GSM5505844,GSE181549,Skin,1
10.670633865238717,10.584403531675386,5.403121778012466,8.70111865449801,8.561196109532075,4.468833107767757,5.055472438057298,7.052858747644084,11.587316394176732,12.228447065611808,10.66573007865386,5.477742868481187,8.048114835451758,9.968704277262958,6.9253445471486454,7.1483859469150035,11.263631438042491,7.663475372324146,5.85110333658898,7.45455364898215,13.161011170979027,9.939922773265723,11.183272700033978,14.102726580853812,GSM5505845,GSE181549,Skin,1
9.467536724250232,11.961783192502821,10.014908962119117,7.599159233317358,6.741270760179141,6.806126606184568,10.308049175737288,7.089790730434745,11.150582694314206,11.82975488482715,10.377278715434922,5.486386843004528,8.048114835451758,13.325308959429663,5.904924807344091,8.143149349904132,9.926476499294672,6.515571775755506,7.5779137776329275,7.45455364898215,13.293843934339694,9.39891616985541,10.674106762760584,13.742829567559989,GSM5505846,GSE181549,Skin,1
9.417324894495207,11.875239443557374,9.74401266436284,8.469674664675596,7.174577643630551,7.104262523684868,6.59498330601255,6.364155236504266,10.195944503227555,10.999804868363643,8.962383533845673,5.427684141310197,8.048114835451758,11.927681630081338,6.057017290162109,7.730782167292153,9.613909877922033,4.874831138535486,8.291437359140136,7.45455364898215,12.093447131532157,9.516863481364828,9.353718734517518,16.000720451997914,GSM5505847,GSE181549,Skin,1
11.951902630741124,9.544979123550174,6.31123256703885,8.13065292371739,7.1022291370024,6.376204882340531,9.700193874198384,6.842050884735648,10.063389467399446,12.016212200215179,10.182228545580257,5.393360360745408,8.048114835451758,17.65595086471632,7.299006238437775,7.723234965146533,11.727093415695268,8.03465694455883,5.9116333076681045,7.45455364898215,14.061086292570337,9.536207442398792,13.405053967815311,11.83583462370597,GSM5505848,GSE181549,Skin,1
9.597102215177289,10.047822435815172,7.6512472007906895,9.193905667995983,7.593608670499809,7.707352348106666,11.68006917449587,7.397826734810129,11.682398153370524,11.79121811395126,10.92724072488602,6.619098904979678,8.048114835451758,8.680823015767363,7.159143490823875,8.06515712648788,10.671774236816997,7.476579085866012,8.25921855451194,7.45455364898215,10.873525215319688,10.674688819657991,8.913873060822054,16.398471123868184,GSM5505849,GSE181549,Skin,1
11.254500162853104,9.582236340608175,6.555646780281724,8.968865210695306,7.044621739202537,7.188001468409646,13.692796037740665,7.640210398749069,11.875932085357775,12.412384420061505,11.193549937922212,6.529101322519658,8.048114835451758,10.392413175048748,7.424167633458671,8.077371276782213,10.77169588725708,7.932514675246481,8.875197102042723,7.45455364898215,13.416748151473836,10.50364335949832,10.67260078759873,17.284073528312682,GSM5505850,GSE181549,Skin,1
10.164069846456057,8.176170276597992,6.513681491451779,8.027749107244428,7.5744317386703806,6.880097826494324,12.328559141750262,6.8808876840046915,10.976178149663584,11.770868198419972,10.168290871447683,6.711389389057416,8.048114835451758,11.924974991018132,6.626483965806417,6.293018629309366,9.821584671912232,7.246542493741718,7.076408236334258,7.45455364898215,13.504758025225676,10.106884372399248,10.50072452619189,15.024593394179826,GSM5505851,GSE181549,Skin,1
10.364684516353432,11.1685216041945,9.023035504809922,10.00011295110384,7.532125322377962,7.506004328032441,12.50846872590695,7.724077340372759,11.829588108652459,12.707763540308955,10.488427356217057,6.611289263894757,8.048114835451758,6.799803598185919,7.7858237688233745,11.681568277262608,9.429912117689073,5.677575443100475,9.086186413808889,7.45455364898215,17.508784535093966,10.94029858472232,10.292484919472466,19.760603148762904,GSM5505852,GSE181549,Skin,1
8.847543364280705,10.297037552031817,7.144174757359714,7.878515051207326,6.662831178950034,6.315064299399415,6.858830803148746,6.836230141384469,11.349445197589183,11.894850006839729,10.314152948809651,6.2606303886912045,8.048114835451758,8.050547085578975,7.145288992364919,8.00641816965451,10.132895758911351,5.9358943729993925,6.483900454774689,7.45455364898215,16.91697900570179,10.663283934361809,9.978309651229969,16.20178892815224,GSM5505853,GSE181549,Skin,1
10.334040400903662,12.175481951807667,6.142103207677613,8.282651591070813,4.681339534985071,6.519209134572289,8.220610160422874,7.206089751340487,11.542502977009674,12.168940798891906,10.286679923117845,7.067172961820668,8.048114835451758,11.631078610322458,7.260653677204526,9.467092478983634,10.385937389971458,7.900055261132724,6.334279838226737,7.45455364898215,19.791086727631875,11.154825081973875,12.527730367522548,21.127897267376756,GSM5505854,GSE181549,Skin,1
15.317409877782717,23.05290061266784,13.231050159824264,10.55274032417945,9.093743207305197,9.568749719704808,18.129768208405938,9.74149738481837,12.958689164035713,13.519472372273638,12.084628463147146,7.268970403766615,8.048114835451758,7.061579522910016,8.69932221493516,10.958295467473743,10.445305066951457,8.282351134249009,14.162395560677904,7.45455364898215,20.67920245353946,11.317920659487326,10.681731656505406,20.515518844785984,GSM5505855,GSE181549,Skin,1
13.315552494582004,15.701675436489928,9.599533723575501,7.512255277616033,6.639562781497586,8.084045055219072,14.707502782094947,8.007545377302641,11.914671920686812,12.153817385990026,10.342223284385302,6.851214805884179,8.048114835451758,12.442536600618821,8.24192907071749,10.23898298664334,10.527770959862652,8.019584903119462,9.974843483357613,7.45455364898215,15.041724861812224,11.604733206240184,10.37130756135416,19.763507081307186,GSM5505856,GSE181549,Skin,1
11.272557956764972,12.619803495973722,10.443709705037284,9.068086763168978,6.309843125655088,7.794621517692871,14.024060043017736,7.531029070514584,11.533144779723257,12.03423057819304,10.128792773707916,6.709544844864732,8.048114835451758,11.924024700077872,7.4562813116368565,9.357976061084303,10.040324760285245,9.064832102800061,8.637044347463986,7.45455364898215,12.798786011939525,10.995875193316504,13.93474212935673,18.70712495194125,GSM5505857,GSE181549,Skin,1
13.421695468348108,20.559754207358395,10.559750571633842,10.871067127093218,8.851747000067448,7.907928729235509,14.630797788517196,9.305819432987477,12.841314881505836,13.29096917353644,11.910923505657529,7.91257746736825,8.048114835451758,4.273757503915131,8.455835832609145,15.055907068058524,10.322825394240494,7.854525923523052,13.895755054705784,7.45455364898215,19.771336110343725,11.359464051922382,9.055410647050262,27.056406310296772,GSM5505858,GSE181549,Skin,1
15.70671637983261,17.63541231527376,9.23759651361357,10.297127400102653,6.648986887787388,8.239010218519919,16.727858803667885,9.214570873411056,12.62216332324546,13.305607062363856,11.855655579989289,7.141840636239363,8.048114835451758,8.719676126198173,8.66875221321219,16.11067793839006,10.961784329842972,8.033576044992845,12.407153046110489,7.45455364898215,18.96392172399782,11.43425945908033,11.168097234664934,19.831236460232258,GSM5505859,GSE181549,Skin,1
10.242108054554345,8.36915865185006,11.079782733525047,9.803901637539267,8.817951175754903,8.011089440579616,14.849702788390717,8.058530016373973,11.51750081490958,12.225533978153615,10.603709169808957,6.652850435616121,8.048114835451758,12.058155955768342,6.247389052458117,7.6894088367872415,10.530672331873433,9.01563543184565,7.077780514903766,7.45455364898215,15.036202678552435,11.255223918463628,12.27262536972446,20.87121618970245,GSM5505860,GSE181549,Skin,1
11.642346320882215,11.687688342436033,7.399312580963696,7.656262472957909,7.700791372826145,7.777906525734463,15.048690972228112,6.3393722944285145,4.910734755401947,8.762489151357302,5.343824372058355,4.828797540969499,8.048114835451758,17.58291124871458,6.59724516746148,5.190070835449383,10.511892786308303,8.779485447277148,6.959349972529138,7.45455364898215,10.653315645360548,10.392425252252584,13.734630658986958,11.645979281114574,GSM5505861,GSE181549,Skin,1
10.805358137563829,10.407909764171793,5.949455200431663,7.640660124737121,7.6764254849804985,6.998183266005115,13.71573764558825,6.480589201670101,5.231478967123925,8.684286968916904,5.612081799906884,5.000377457455235,8.048114835451758,18.104989588775915,6.865775971123659,5.166682253961846,10.67224469845208,9.313840568433417,6.710460813601918,7.45455364898215,10.026734932755183,10.290648121780281,14.381389974295647,13.652990550818735,GSM5505862,GSE181549,Skin,1
12.465779724216242,11.988705528370634,6.406824790541176,7.865074704467305,7.746288998566802,7.373219514102211,13.362256129760146,6.128671911321672,5.693235888015204,8.656002147436766,5.669421734694426,4.722124545758483,8.048114835451758,19.8516613926164,6.878002670881184,5.231366774295095,11.133486486852496,8.568317200656997,7.243918380301072,7.45455364898215,9.69956080647649,10.789674049919514,14.394465801604479,14.26367068933011,GSM5505863,GSE181549,Skin,1
10.099205120063477,7.769657220145563,6.172755585720557,7.2840083016232295,7.780678635895276,7.1875251042483015,11.68099855097548,6.195480282309099,8.183658286609004,10.223149073735156,8.619674716354144,5.7565403061448,8.048114835451758,15.666442533584167,6.450900712886861,9.530017243178216,10.679346020538702,7.075651752391774,4.96262379785847,7.45455364898215,7.229316934235145,9.361251161365962,10.791289005326815,9.598757632457005,GSM5505864,GSE181549,Skin,1
7.640133878494504,8.323493101521633,7.701663678275928,7.988042305738833,7.991932372683365,7.944848694992198,12.687115359395754,6.560937905086024,9.772201818692,11.092186599130306,9.476270359604799,5.678968492024879,8.048114835451758,12.389642634157328,5.797414662474612,7.211128989778058,10.353956954230014,7.9591353082287615,5.201067322696769,7.45455364898215,8.416763990874436,9.357565924579871,10.680772609580023,7.360969813706312,GSM5505865,GSE181549,Skin,1
7.574563768277833,6.594602731047389,6.515067556424871,7.68441605199466,7.463470374982796,6.3337229771858095,12.393329985425051,6.764441776082122,9.805822007685206,10.88422534858878,9.426158458546226,5.903246160288413,8.048114835451758,11.048322968620589,6.301458064001491,7.748272290638463,9.978922420766745,7.293530868395084,5.972445413362321,7.45455364898215,8.60028662260692,9.685778165910406,10.20771877784719,8.927608937922756,GSM5505866,GSE181549,Skin,1
13.752699236652905,17.181867138480584,11.206752260468663,9.151327475681725,8.083416983222982,11.307039454989251,12.908472188146307,7.610415218042242,10.970609880215314,11.886092622082934,10.332264036122302,6.360681130916537,8.048114835451758,12.395316108380984,7.1518370435668,16.42936966396261,9.89136167048781,6.462841128597635,9.391960849037586,7.45455364898215,15.981884202370454,9.792422585359885,9.252844137115618,17.08847743325964,GSM5505867,GSE181549,Skin,1
10.137154713826035,12.807311079090129,7.317038490373118,8.730445733748066,8.439737270984121,5.80521756013265,7.871886847931488,7.088414965431944,9.982633316153317,10.991656198088725,9.77592199708794,5.08876052274921,8.048114835451758,13.799854267662097,7.524269864584942,10.593994139804312,8.892277285010044,7.580629597451548,6.3672068522387395,7.45455364898215,12.45769683038945,10.146394316205138,9.69126195700933,10.686533472793434,GSM5505868,GSE181549,Skin,1
11.25285302785425,12.86448658801295,9.52686035213783,9.058328681536818,7.866256410322427,6.57527168705207,7.049172030385466,7.308090085409229,10.159925634328182,11.30030183293204,9.904120190704264,5.097289267087709,8.048114835451758,15.116071775915199,7.25952323797308,9.236457046758442,9.606369264306673,7.953096490465399,7.558026290927327,7.45455364898215,14.840168952040989,10.045134815583713,9.595346512542847,10.571901104632639,GSM5505869,GSE181549,Skin,1
14.684769185352227,17.058159019406283,12.006366807864907,9.395312119472274,6.829717387575461,8.520188685869996,9.408843235460395,8.638916837585793,12.263408118922088,13.172119684547951,10.661278130717015,7.139665563956264,8.048114835451758,3.0535350985050416,8.598625060829633,13.5052652742124,10.421485565733608,7.5119907933046335,12.119548350976704,7.45455364898215,18.960129564991636,11.274472075525255,9.753806075339188,17.210834041342785,GSM5505870,GSE181549,Skin,1
12.883122344650271,16.234757415808293,9.885307773708925,8.581784695430818,7.0782760036797026,7.259634633306277,10.016866741090194,7.925466205126902,12.641420660556694,13.18661263231006,12.375156472863544,6.551173046253457,8.048114835451758,6.96132930624376,6.48981350771017,12.023271699114762,11.536343071310402,7.015822444198445,8.871329770247971,7.45455364898215,20.074954841049276,11.085273974216289,10.726414669637942,9.98845281920246,GSM5505871,GSE181549,Skin,1
9.773337344017705,11.02471530423163,7.181197209881109,9.140163308498023,7.101905192749342,5.955134875238327,9.309199426176324,6.726641579796705,12.030254886589224,11.77453853170862,10.832938926072629,6.964550774699735,8.048114835451758,12.234698270791148,6.375466522269139,8.409888878495824,10.622106531977956,8.388675743973963,6.2300115958017415,7.45455364898215,14.81136722275568,10.659776403980016,8.845731694030428,9.597822492333185,GSM5505872,GSE181549,Skin,1
12.887141109364084,15.382074608197534,9.3382970652803,9.696441240526509,5.69163606947278,8.136995397360312,13.683496186435345,8.78519375573765,11.528363638682595,12.36374062185897,10.641415337897179,6.329031463026336,8.048114835451758,2.886251069347746,7.439783050138438,11.329568606973513,9.852397139025745,6.552884704249429,10.895416123852412,7.45455364898215,16.680359641067184,11.273928181808461,9.35267771719278,19.209255198196775,GSM5505873,GSE181549,Skin,1
11.246641828023881,14.221657812603738,8.255444049677802,9.430774213889416,7.058611566862784,6.674490197363955,8.217753471061165,8.155709193414888,11.99704932072848,12.55978501937069,11.250950213794074,5.433508883205887,8.048114835451758,2.97627856905081,6.5320942050947135,9.53726161054415,10.326029519331145,7.1779949341483045,8.40807146407809,7.45455364898215,18.817079852303422,10.614986629214261,10.478078146318973,12.647954321115932,GSM5505874,GSE181549,Skin,1
13.586732174197884,17.101526640183067,9.150564456831315,9.470664971178312,8.0614820118171,6.185899248627251,11.323394513293163,8.227331559783316,12.730325173637837,13.694558139772194,12.687989103257827,5.270329918467957,8.048114835451758,7.41224457569564,6.081440770795097,9.46759384004005,11.147910262933472,8.353550053647252,6.80735905370658,7.45455364898215,20.55280690260272,10.449077285954822,12.788009789752259,16.264222099369913,GSM5505875,GSE181549,Skin,1
13.877391849924257,17.240632630529138,10.581767714520925,10.208756023996353,7.130940987402461,7.721455637801955,7.900838303704152,8.620622217298692,12.300272418892039,12.90986601844156,10.984931915918906,6.957302986944044,8.048114835451758,3.365440372423242,8.607865440397726,13.4001529352863,10.175246954329488,5.408729157432083,10.67924668321997,7.45455364898215,17.635731587949707,10.83361399986655,8.968950855864298,18.385758831036963,GSM5505876,GSE181549,Skin,1
13.722817677779503,16.560239429871505,11.188457380772888,11.895959956774972,8.02806049910618,8.002184401939719,8.79793737907628,8.516334902292813,12.20997828824758,12.583895880101705,10.38559459889742,6.510079291783191,8.048114835451758,5.425915199879083,8.389016312167927,13.06028327413409,10.75479963547137,6.727205019825565,10.793255242314912,7.45455364898215,17.424892752658693,10.974018779993946,10.166814510806617,15.744968195843919,GSM5505877,GSE181549,Skin,1
11.594517555392606,16.871655331922156,8.472913620933426,9.077157643462895,6.87285354920151,6.167849733386601,9.7428184936185,8.065375418699789,12.323348843864409,12.815739694949235,11.51178308562772,5.900999177589108,8.048114835451758,10.722659665545232,7.789032101285538,12.824560311460896,10.57467977571323,8.163022404706453,7.920246488202938,7.45455364898215,16.42446590546846,10.518279186369975,11.871892283491245,17.514703267663304,GSM5505878,GSE181549,Skin,1
9.197146348463363,9.477605098371248,10.501880691670884,11.045122422109094,7.028034513998084,9.467810867692908,14.631367977247024,7.142621669356645,8.948482826234919,9.740776394150453,7.223794326684221,6.6776010378895,8.048114835451758,2.566548305264906,7.678742905031536,12.400964835742373,8.612035417787752,5.195530717196651,9.328398428437204,7.45455364898215,8.951674252993499,10.018698541403255,6.203572190667443,18.002303403736118,GSM5505879,GSE181549,Skin,1
8.679769003158553,11.128214987069292,10.273550281019135,9.663342014579138,7.754787392595343,9.911364547976044,17.571508151818097,7.763388257191365,9.7191606950813,11.156245459012661,8.394087606031318,6.217199547965451,8.048114835451758,7.962237748456285,8.077535739765779,12.092936117803209,9.088546916857764,5.298817054956652,10.158905432839159,7.45455364898215,9.299570615302878,10.08531073714691,8.441873271459972,14.084661508826862,GSM5505880,GSE181549,Skin,1
9.193638500254002,10.809246672777302,8.322262381081657,8.58064290358963,7.740214623389853,9.842258074755037,15.596798809124387,7.260137619230349,9.73546383832798,11.150805173060975,9.522492022863414,6.46964486103006,8.048114835451758,4.1322841019716074,7.792623751180048,12.387610037885398,9.734334097649123,5.788653547969682,7.463183589793353,7.45455364898215,9.912148463488506,10.618905162363905,8.769339603165749,20.01847937467584,GSM5505881,GSE181549,Skin,1
12.42595038631305,11.594474211864355,8.871274291744166,10.083039672800258,8.086968716323758,8.130649746532402,15.235864841039493,7.97069221144696,12.079980638525884,12.686092951424666,10.67468039698701,6.190463612251322,8.048114835451758,9.699436314092752,7.147759743132896,12.730669498501966,11.090339823473236,7.999257520571624,9.575917226708967,7.45455364898215,15.885186809592025,9.885171297243708,13.155478037792879,16.31009141872066,GSM5505882,GSE181549,Skin,1
11.915981510237017,13.96272581711094,7.73361978167013,9.477375100367446,8.449911062328825,7.7247363618373015,13.679576121728452,7.664674479112812,11.954402952235357,12.4739921612625,10.934018452645237,5.974539677696527,8.048114835451758,10.827105591359127,6.783390031275838,9.635435761643206,11.323833160464206,8.109205595749065,7.566924031530072,7.45455364898215,14.76518414577777,10.30389484776095,13.344543602467692,18.01659237367288,GSM5505883,GSE181549,Skin,1
9.414709261068946,10.773956625311467,7.12375517107613,8.662963837185877,8.58687845381185,6.92749427826381,14.865420098394821,6.933036714934197,10.423153700099657,11.23659803116917,9.309747010139496,5.378091965612696,8.048114835451758,12.631328070190175,6.82985513361783,6.868214218222452,10.98058614421598,7.598888182565326,6.521172701291961,7.45455364898215,10.8801630874217,9.993017843486284,12.84063941430233,14.611404804250215,GSM5505884,GSE181549,Skin,1
6.93819789121744,3.156548783270866,8.195290442542111,7.499514804255709,7.263042830637066,7.298336813828413,5.1075708227128365,6.968459171843016,8.965947250516036,10.307574166891282,8.558832947715128,6.266098177655645,8.048114835451758,7.826850747141382,5.762321600711729,4.969775359337184,9.53952925849746,6.639320606669154,4.6581842167190946,7.45455364898215,6.08028059616214,10.374852052581847,8.128615695461113,12.006878498791266,GSM5505885,GSE181549,Skin,1
6.43226681078535,9.385595063291786,10.435705754423354,8.59100569801095,7.205295459663922,5.41808458551586,13.22541020083909,7.229611559843813,10.11505552788382,11.411968247882916,10.187509915698254,5.209871043673432,8.048114835451758,8.145672509427836,7.710317597745804,8.891641178290635,9.051986591875998,6.50036286840586,8.268903197336979,7.45455364898215,8.15460222005826,9.71946592425448,9.077369907552574,12.515795721055854,GSM5505886,GSE181549,Skin,1
7.674079940283545,11.567018013759842,8.13542905751725,8.888810944032887,7.213235833972223,6.134204455423009,10.86901191147897,6.593642263443218,10.003150724650602,10.911028256904341,9.759771492011117,5.059259935644317,8.048114835451758,10.267316768197675,7.000300892271341,6.513213162847148,9.531481084128927,6.8257132936985405,7.760096748936213,7.45455364898215,10.203550746430096,10.15145165770988,9.805416901288176,12.191049714512978,GSM5505887,GSE181549,Skin,1
7.35621539001402,10.295227064294666,8.252696146578629,8.235988328793947,7.427817566159056,5.834658058416346,12.136455965749974,6.574318209332842,9.940586210044566,11.039417736417452,9.700800576072515,5.5218646560644675,8.048114835451758,12.377522161565711,7.286140820881383,7.563222877840901,9.309336513641195,7.849119677748416,7.916162279170735,7.45455364898215,9.225776687751436,9.987887883445433,10.191439494447456,12.277370487106893,GSM5505888,GSE181549,Skin,1
10.180122076191331,11.653367367679895,8.795793270743438,9.539704139803591,6.360638661174433,6.532323982742318,11.856754319771717,8.10722171377397,12.087636612039468,12.683147266473934,11.295336640325193,5.502982547889981,8.048114835451758,7.342946745470079,6.964629818913344,10.072641761111521,10.334512534579183,6.713914003403872,8.059382128267732,7.45455364898215,18.531845307602957,10.522891516559948,11.709125432115318,18.16265414829689,GSM5505889,GSE181549,Skin,1
11.210080132808589,14.508069219454532,7.960136275186687,8.869345542099875,6.997518440327126,7.064370690749387,11.317210787311293,7.876391154878078,12.402817394470166,13.371097096539826,12.518909403138643,5.5586819079399605,8.048114835451758,13.109065065218026,7.631579245307832,11.14867467995435,10.779482858313065,7.511083610003174,7.187042699607341,7.45455364898215,20.274166391155518,9.985601031446171,11.892230666335253,18.53014536667609,GSM5505890,GSE181549,Skin,1
10.87645693288769,9.537885135035312,8.069451883833151,8.54948366065551,6.254006290428823,6.954545412020344,12.080551557720844,7.4167351980167995,11.391783833995788,12.518664878214928,11.169400783044173,5.634766996576055,8.048114835451758,11.186777212669316,7.417220653826345,9.093850966339264,10.75194574223965,8.24534264620418,5.597840158333266,7.45455364898215,17.300352630058686,10.48034531755295,12.361197046497871,15.774084918683066,GSM5505891,GSE181549,Skin,1
9.996871250932202,13.878706307163084,7.7374009744807974,7.934262944456283,7.870242903292749,5.105538533192828,17.75068218312645,7.115289023227162,11.028202144003115,12.356957911896384,11.492045654542169,7.078761364229526,8.048114835451758,11.906929329827555,6.538538621894141,6.144396318531761,10.834183095868866,7.569526700529186,7.073377706739551,7.45455364898215,16.45755503472762,10.445838615900604,12.014170594511933,11.145893307549063,GSM5505892,GSE181549,Skin,1
10.38472504532193,14.46881292446854,12.174944812403051,8.890920083445879,7.878183543341935,8.994409741750598,25.79606165077963,7.326603249253569,11.06816966392389,12.643856859047066,11.069139839714264,6.926734141103661,8.048114835451758,12.643184102857939,6.8119671295445805,9.033806473782732,10.71912382255882,7.7806616074040305,6.857505770197102,7.45455364898215,16.04645784071828,10.29406138740458,13.321819088383116,12.201164176162235,GSM5505893,GSE181549,Skin,1
11.31964703477913,13.431335369014551,7.4536402184197526,8.195545707480855,7.776387814574306,7.031382865269532,14.988669770120667,7.106846920534096,11.175686890320248,12.572335927823541,11.091158185854479,7.108102534694857,8.048114835451758,14.670581107391946,7.037280187639406,6.3737699721050065,11.029965941847072,7.3101242381075755,6.688275959693043,7.45455364898215,16.22231458920405,10.716694219580143,13.384122686740174,16.25640772810857,GSM5505894,GSE181549,Skin,1
8.172503438722593,8.721664555962054,9.32370184799965,9.216534246935817,7.30624102663719,7.441958780828199,3.7685820405653008,7.118429879338341,10.863444100165442,11.341858563931051,9.953698225366056,5.977848422619588,8.048114835451758,8.12542222628143,6.762363073518819,7.55029203174001,9.852483226408829,5.759615809211997,6.62977849450353,7.45455364898215,11.783591650904505,10.348788154977788,8.737971409586825,9.953402439619655,GSM5505895,GSE181549,Skin,1
9.580523796216324,3.548308079951571,9.42088033533562,8.203753908981724,7.277484646848864,6.991392941815126,7.192960017704687,7.201241119836118,9.909330667011533,11.025263567024773,9.48767180326865,6.5905504815563,8.048114835451758,9.952624252167091,7.18087594438606,9.782927505002702,9.437613001361981,6.906492904093786,4.858196255867469,7.45455364898215,12.849156191914954,10.090128560619679,10.901485195064483,13.444646600692783,GSM5505896,GSE181549,Skin,1
7.770233155026928,-1.5630840811736881,6.760417373237841,8.504480231832618,6.785764466894673,6.584669688992041,2.4216447556576988,6.508056802077718,9.753069170618028,10.502939222020627,9.034728872314162,6.095077948692404,8.048114835451758,9.934827476134078,6.096305163608262,8.250862669547347,9.42446553453818,5.740966801329156,3.8037774977249006,7.45455364898215,10.221803350163503,9.539147909829827,8.359180730654426,2.4439967768426953,GSM5505897,GSE181549,Skin,1
6.676927888790146,2.8550644602732405,6.264831403550877,7.673670539971779,6.966494702053749,5.4504848784938495,9.144402728174132,6.110999496513587,9.768130074835991,10.648453934810735,9.7786098753393,4.895781200178755,8.048114835451758,10.057228560792899,6.086641140090577,5.829049186326654,9.724101370345519,5.615532576372569,5.278288235602864,7.45455364898215,11.911234472955163,9.545547981353096,8.303844788131986,4.758854717235513,GSM5505898,GSE181549,Skin,1
7.837305509295416,3.398199883661806,8.07560238034356,7.173010463942083,6.662236569823343,5.793866314805313,15.684950380166736,6.441695079172337,9.741521235360347,11.343909318537392,9.6895724256163,5.342208682461789,8.048114835451758,10.054350816334866,6.507316893055663,8.152254444208955,9.835247106863452,6.201308455164769,4.167980302924871,7.45455364898215,10.897889164892062,10.102737144328323,9.34002933083346,10.826753902964292,GSM5505899,GSE181549,Skin,1
8.357199335281262,8.08585467515779,7.3308789263761405,6.6854841435278525,7.469646278187928,6.296993657310893,14.662962257513405,6.776078484179077,10.031458544144742,11.435006601719277,10.08362800430441,5.5085456396186405,8.048114835451758,11.21608638410899,5.362082653031541,7.5424924731583545,9.945781423771617,6.5793281121981835,4.998675385666045,7.45455364898215,13.141523718234277,10.135990698266058,9.506944885873772,8.943093020921488,GSM5505900,GSE181549,Skin,1
11.221034512106984,11.895473995464766,8.553423842834238,8.059453864324922,8.681966759246112,9.055300823865636,9.229851632020422,6.924450104508961,10.67583637148162,11.553522764249974,9.548660562840999,7.276833761219288,8.048114835451758,13.4002746054434,6.868735840733397,10.81094502960552,10.598295947620283,7.040098792621637,6.935199783997342,7.45455364898215,11.045771601284557,10.581861316176417,10.61238228898585,15.908382201130665,GSM5505901,GSE181549,Skin,1
12.02653977973588,15.128347766470212,7.2529309350031035,6.455710551812993,8.514834273866516,6.558620076692197,6.95903333365309,7.0439222295988015,12.101934673549803,12.84956987040625,10.985143924257013,7.315518950543951,8.048114835451758,11.81344853558858,6.747101053570619,11.275425917317403,10.05191246129315,6.491612153072766,7.442572536304054,7.45455364898215,13.298193970629692,9.671374112389726,9.275520380778055,13.86265126800982,GSM5505902,GSE181549,Skin,1
13.790911905037834,16.67168321741856,9.150511173173653,8.873854553984367,6.719627123617747,7.777214364330335,3.4610122716918026,7.608479344385523,12.311353898879949,12.621063062389577,10.743011709838965,6.2951478081857255,8.048114835451758,11.806345381127926,7.444208545759718,14.145165586086524,10.096703483947161,6.798628540918586,8.421241502114773,7.45455364898215,18.422035103912982,9.654545682074044,11.287646435565454,24.466349294614606,GSM5505903,GSE181549,Skin,1
12.016938915371487,16.402538199668,8.512879329367962,9.803650025847478,7.439651378540906,7.44528980653065,13.202220510940402,8.394882726491407,12.223063236586167,12.576495413462345,10.814916043055549,6.537650860964866,8.048114835451758,9.875513377010599,7.814954596023858,11.08744579334863,10.30114595502709,7.946338242581046,8.171473318703445,7.45455364898215,15.724523804237766,11.580396809961105,11.735448672597544,25.13323330555157,GSM5505904,GSE181549,Skin,1
9.840333454622836,11.343901226802487,9.855714520519422,9.868483608751019,7.854947485665568,7.140197568178511,13.831865653083248,7.449975770748655,11.328006223201017,11.284721903164959,10.520685026842836,6.530619671143876,8.048114835451758,6.741883828905886,7.197151760755973,10.736906420931744,9.825518968026293,6.657905568018093,8.090401387340759,7.45455364898215,15.754403693155934,10.759246607851042,9.321052137588005,18.617831085136995,GSM5505905,GSE181549,Skin,1
8.405546653635943,9.169630288855876,9.57805502090318,8.881509826127136,6.9658351498577815,7.248662165872285,13.017450024066573,6.9193924829013875,10.182167955895629,11.47745284914347,10.065598922972226,6.003514798660623,8.048114835451758,9.901575718599666,6.707353980164765,6.013694825298333,10.59088740624285,7.370135157755669,7.924102304463402,7.45455364898215,15.190647731451996,10.630209609840955,11.258457551625071,14.974750873642844,GSM5505906,GSE181549,Skin,1
10.425683005339856,11.715707414780539,7.959620442519881,8.06202500612688,7.836756704358346,7.028091074086783,11.020956526692562,7.257052889192028,10.898243385367408,12.03101676176959,10.354975636222838,6.015297705776821,8.048114835451758,12.369335787415604,6.973154295950447,8.41947176882895,10.574764369172092,7.448501171144511,7.9560005900330335,7.45455364898215,16.376734600722216,10.605659991800337,10.985983232471144,16.266090251430995,GSM5505907,GSE181549,Skin,1
11.348121624194201,10.582395746495578,7.989131363705789,8.288536038817218,8.231938778338442,6.870726485503387,9.157194956302565,7.08296562716384,10.649464003395197,12.108965306843807,10.336013465078075,5.921884813252799,8.048114835451758,10.889667937907722,6.886191095426639,6.8161812707102944,10.633765458935311,7.530555574171979,8.366308124975383,7.45455364898215,15.267487966051949,10.638066799349042,12.694894130975497,15.399395768832145,GSM5505908,GSE181549,Skin,1
9.616162771186984,15.009931855425457,7.993751294175564,9.64356367496945,6.614104705845668,6.111961730845873,8.337034649077335,7.746591221281624,11.262312572575505,11.487922210137178,10.250909576456946,7.744619928059711,8.048114835451758,9.136188537959915,7.272606331060204,13.114176976810949,8.922055349657771,5.696213922836373,9.140442288314242,7.45455364898215,16.695227451888314,10.77216729572325,6.705689279225652,17.969135862460483,GSM5505909,GSE181549,Skin,1
11.580230724293408,14.954903399033817,9.166783067550352,9.57470317425784,7.25267313211053,6.017820244603309,6.614748987686535,7.884900140515172,11.323889134716367,12.145286474022301,10.930112751509428,7.919645045286146,8.048114835451758,10.281441059460938,7.01319883130061,11.042172678260544,9.359571162721085,5.972405403341183,7.637747054862534,7.45455364898215,19.681539819936123,10.524609733989083,7.689369055005507,16.90474859013481,GSM5505910,GSE181549,Skin,1
9.901289963616328,18.359260178802785,9.992966892746654,9.879640370700102,7.931349817777498,6.915361334290621,11.541877565016573,7.4444906054626,12.169913591560853,12.609189710675576,11.611225445714927,7.644615105661268,8.048114835451758,12.17810919174925,7.612693921522517,11.916301995650095,9.25206734889832,6.138001322111644,8.831359030741341,7.45455364898215,18.43055344573311,10.082262119620262,8.425840631796657,18.0540769985442,GSM5505911,GSE181549,Skin,1
4.3034367409638685,4.772698429861406,7.690601822328254,7.823628786937466,6.6067814719329885,6.148006434092014,17.13127481858015,6.877804147365467,9.60642015807449,10.404151609064966,8.745516171024487,5.700969172028558,8.048114835451758,9.614691987053376,7.047316254333344,8.000580277057933,8.528343682246875,6.706913608139798,5.582490788326031,7.45455364898215,9.603352279300923,9.826941633135503,7.9080999684144695,11.011398978770375,GSM5505912,GSE181549,Skin,1
7.231942176862535,9.662553625652219,9.227131231817255,8.201229283803984,6.947540187005138,6.982981873922232,15.153888428230726,7.446281968882639,10.646615086990927,11.085380333870082,9.20232767812798,6.476424364848569,8.048114835451758,11.468382009447264,7.026196936429967,9.413720354103889,8.797407448246165,6.466903271132672,6.422731365504992,7.45455364898215,13.798980914156317,10.163876345750332,9.650598969789463,14.298815425845461,GSM5505913,GSE181549,Skin,1
7.8420563651050035,11.025211447213218,8.596968128544132,8.747772397500976,6.983368491553473,7.135892183054572,15.447134966766757,7.857655866026959,10.582902249384784,11.141964470936887,9.460105916431969,6.825178046911482,8.048114835451758,11.182502309150085,7.065725033009681,8.806222887346282,9.321586116448076,6.680894838517705,7.241043312431773,7.45455364898215,14.651393742682346,10.285904456058468,9.546779052531749,14.191364201106229,GSM5505914,GSE181549,Skin,1
6.302037916027139,10.418186615270672,11.349979152113944,9.942388071948477,7.729806753798255,8.648151005352302,10.329913154567762,7.787421211174831,9.091249591314357,9.711214381636905,8.247108274258771,6.138065632109632,8.048114835451758,-1.8413741659642096,6.847088809803476,12.442048816351186,7.883951531002921,5.874028731305013,8.652974296014566,7.45455364898215,8.294072921246357,10.597714726798655,6.905724139898903,16.643215757168665,GSM5505915,GSE181549,Skin,1
10.868930319964523,13.192246226876332,10.20577535271746,9.843768083930684,7.465331336712158,7.718482765286067,10.463206774279973,8.219730196108465,11.50120414218856,12.063832444750492,10.35181579359596,5.504311590106417,8.048114835451758,8.501104577612342,7.925601527570147,12.58073156480021,10.161835327468129,7.51608539793274,9.301691771168123,7.45455364898215,14.37969823818014,11.299301377004138,11.418964657116895,17.239871106686703,GSM5505916,GSE181549,Skin,1
10.199453383164965,11.402640603180293,9.27394813531352,8.736067991846287,5.136475090709018,7.770701206197634,9.016568701273885,7.312408474543432,10.704333687367669,11.378935172300261,9.494616658372308,4.876721048881686,8.048114835451758,9.521376648670675,7.280512904659446,11.563131377384902,10.21735773688045,7.401207478389813,5.974316701771878,7.45455364898215,14.375153851851477,11.041256771886355,11.413687593780487,14.063688318235766,GSM5505917,GSE181549,Skin,1
10.9773648016305,11.743416038001753,9.099590978561295,9.390940547855433,6.955224481611552,9.038099406990495,13.0236935867719,7.489670027893538,10.148743750802996,10.946833107155566,8.539254887967164,6.0425426460469875,8.048114835451758,7.928961951468004,7.520967003150739,10.786402329784668,10.453418538257699,7.669015854732234,10.71163630697346,7.45455364898215,12.59012222765622,11.037196063891916,11.012140996394425,19.87379721017953,GSM5505918,GSE181549,Skin,1
11.18164364523472,14.860020950493624,7.92005028491339,8.302179371019797,6.6239611803370595,7.270411927149351,9.024654018956344,6.802977625895879,10.437438803575663,10.977824489322987,8.607976159214164,5.630793731453253,8.048114835451758,9.415394979576572,7.1939096055255245,6.839095418569861,10.485571133203592,8.283923351632264,9.439687363275745,7.45455364898215,12.401196507107661,11.319227874148611,11.24301168482283,18.153892087646355,GSM5505919,GSE181549,Skin,1
9.72469260740834,12.023110642804093,7.3390620969128975,7.805618108979476,6.960407338930075,7.395482863386131,8.886758944446521,6.996544196619741,9.072312927140961,10.498652936694938,8.378063987928625,5.396338143326535,8.048114835451758,13.284997885481372,7.4892045537878,6.143030217263949,10.6080181574457,7.47884177820625,8.043870578804666,7.45455364898215,8.681520732345628,11.31350147645687,9.731092277840945,17.484271883960215,GSM5505920,GSE181549,Skin,1
16.150817767418225,20.134738757977672,11.080760331368827,10.3269492554477,7.311174697950401,7.986514694721767,12.196229145595213,8.903795273021018,12.466478416922007,13.598368391202946,11.815860384999354,7.235892491716855,8.048114835451758,6.520136154222197,8.95821414436394,14.619091396342998,10.569535945642205,6.64733083742731,13.417514935787679,7.45455364898215,19.873988159582638,10.929457683947213,10.062426208043119,23.70973526614425,GSM5505921,GSE181549,Skin,1
12.804794354657915,17.400489620515636,10.24966595003626,9.577980533774483,6.316223948438436,7.253480131556145,12.896184584248347,8.640555338227744,12.358209675483677,13.54529519024536,12.097029539268192,6.862790211635664,8.048114835451758,7.567207323045858,7.630049010115672,12.990215120430257,11.302382260532783,7.675185398520108,10.12671156511858,7.45455364898215,23.12239959640507,10.953390789734925,12.169405243948054,18.850693806645662,GSM5505922,GSE181549,Skin,1
7.452627841208994,0.18309444348798465,8.532681361715998,8.730899282197033,6.941727197452666,6.745086125491489,5.492820604484126,5.980803068903456,9.080678297839201,10.488576702221092,8.605885590846654,6.152506190315659,8.048114835451758,11.86975337611372,6.5191359936268265,8.393916270278954,10.306166598596946,4.975284503195953,5.288647501172114,7.45455364898215,8.606629913419342,9.402969149371103,10.773245576794832,6.373535331348965,GSM5505923,GSE181549,Skin,1
9.055280519702627,3.488231145564736,8.10423742241501,9.575658892950736,6.416840534312602,6.7686870161787756,4.989618225631719,6.711768472282436,10.462321099612476,11.678606029785032,9.553866109067677,6.228674019310118,8.048114835451758,13.947800133898872,6.439925431912514,9.96035233810834,10.538313863182083,6.241097273734469,4.757396137365187,7.45455364898215,12.49954866854475,9.788678631578065,10.981311321318879,11.696163555874431,GSM5505924,GSE181549,Skin,1
9.02625303379018,10.785782837863689,7.562270458105034,8.58891664585114,7.494580266117223,5.474643622612845,8.084907460891664,6.365275436280529,10.802303237068712,11.17080363975226,9.246373651655107,7.016560612112828,8.048114835451758,15.215175162943066,6.404124706428146,6.913877639893965,10.558455805387473,6.0705662465250505,4.759066863887952,7.45455364898215,12.888851842255342,9.971799604840275,10.843001707119805,7.717906290849302,GSM5505925,GSE181549,Skin,1
6.08783412251309,4.537784436270384,9.621804342209021,7.244797332677981,7.450225196643288,6.713653651441812,14.312100756716557,5.941025206200154,8.58117924233007,9.992997308102591,8.94493782430133,5.150580929586647,8.048114835451758,9.415925276998799,6.07573133491776,4.3339296188928635,9.493494575055122,6.690954563880563,3.995091402219049,7.45455364898215,12.222287141933991,10.615997164264947,9.147044840177644,7.101674148918052,GSM5505926,GSE181549,Skin,1
6.744229054010589,3.940383636674846,8.29065097761554,7.439103546540342,7.129337427408086,6.388714088227029,10.693971732019914,5.916900292864603,8.55759424423061,10.217772197125015,8.756558615416902,5.226717134532239,8.048114835451758,10.44318736939586,6.535165515060634,4.709048691647132,9.578740147400149,5.880675554154273,4.871956470067742,7.45455364898215,13.162891574971727,10.497215452489773,8.776756899396212,5.4818797179617675,GSM5505927,GSE181549,Skin,1
7.852907833449299,12.224701752436713,9.387183780025904,10.090913798448748,8.097715641818438,7.707210998554901,14.22195918413846,8.345683477583362,10.411830891582529,11.663734449609596,9.912369531522144,6.022288608321997,8.048114835451758,6.2731505761505035,6.739882196862129,7.759382790358456,8.921602706181332,6.978963107355251,9.91679512803039,7.45455364898215,13.204173048015225,10.928618649834664,8.881788645537348,19.393810125075554,GSM5505928,GSE181549,Skin,1
10.053000660452751,10.899454921286711,9.204846876652045,9.424799896747803,6.992249419584631,8.591279086885622,15.418745179806736,8.241808179545183,10.917068284371853,11.82975488482715,10.183430905128857,7.313667474679539,8.048114835451758,5.977557243110581,7.016108401432416,9.90620629663658,10.140575867700596,7.5498336434346065,8.2499830235617,7.45455364898215,15.1434367090548,11.40983343189055,11.01739507955283,22.50498082430509,GSM5505929,GSE181549,Skin,1
9.098953225911067,11.764227970150774,10.46694822942143,10.440276139187208,7.764187640579624,8.999360505818858,15.809673991582759,8.103822893115513,10.90644030161939,11.192309379545495,9.616987235069601,7.549115511946636,8.048114835451758,6.44099459765373,7.520274950427348,10.825608729114217,9.536616012901483,7.200825404791515,10.18524358496097,7.45455364898215,13.9670152214677,11.036843778119795,9.624473357231617,18.860252596146285,GSM5505930,GSE181549,Skin,1
8.359193464907403,7.719355189041465,10.59991244718746,10.193594537771695,8.238527964768576,8.796544157685977,14.355344065615988,8.015022529795724,11.2892939173263,11.622558155663652,10.516005607232037,7.386728860907617,8.048114835451758,9.010294561579395,7.359334945578498,12.519923242852652,9.703373218501545,7.153502758712749,9.606662030873093,7.45455364898215,13.67298661685032,10.715150597721095,9.471745874934804,17.538431532063676,GSM5505931,GSE181549,Skin,1
9.278574181114719,11.006662627777995,7.447924830021016,8.73673404170601,8.162364750529303,7.003550535008236,12.488477813496525,6.836545421646937,9.82759138647421,10.833710157973696,9.264532719118975,5.314124210453644,8.048114835451758,11.541104847962613,6.941023272622982,6.859072112816416,9.817181408087304,5.911908429949291,5.673204176241415,7.45455364898215,12.30527631730769,10.814911275736558,8.772441952899214,13.836708920099808,GSM5505932,GSE181549,Skin,1
8.125151286086064,7.688391167143279,7.182232115505778,7.917012401637541,8.066308849179537,6.4268518758791995,13.08698199475491,6.957110275793266,9.04954423425511,10.61399150857041,8.818113741975441,4.977983869766443,8.048114835451758,8.81530780801538,7.26425573382486,7.421451258389024,9.930535460272406,6.67253366830144,6.051843740324921,7.45455364898215,10.688429314437496,10.539753939220288,9.185443493510022,16.87170682732301,GSM5505933,GSE181549,Skin,1
8.402648874676242,7.515939085670059,9.786229822337235,8.285672048808902,7.7462852848657455,6.578681689209603,7.629649573608779,6.869648658311489,11.419194390282042,11.617088862502698,10.775673276955798,5.415114985480731,8.048114835451758,11.533856039204217,6.297496972612183,5.855906854671259,10.005618052900772,6.760654964764102,6.778036430102214,7.45455364898215,18.23287119447699,9.04258342925994,11.623668357421938,10.657351725940194,GSM5505934,GSE181549,Skin,1
11.546959500885977,9.239467620523811,7.607505142206189,8.82610341729088,8.221483453429135,6.80294749293036,8.00246062309886,7.169639047746212,11.509062553145375,11.423207525177666,10.519985590793365,5.750021153372671,8.048114835451758,14.373420915607962,7.200106860767935,9.01383987379362,10.745636931389132,8.259346949181214,5.696132750125242,7.45455364898215,15.165343579883272,10.010288190484786,13.448658430671074,19.627320721096385,GSM5505935,GSE181549,Skin,1
10.415540719009487,11.203666579474428,9.138542773852416,9.57511443083545,8.156653024376014,7.030227921776578,14.630076465425248,7.9986781089634995,11.43436055517728,11.548153125194993,10.189793913684515,7.197076910651717,8.048114835451758,8.969280670205169,6.746514369400866,11.491061166553317,10.398942389334646,7.603122286060415,7.9082663981011825,7.45455364898215,14.946744874008601,11.147823922750664,9.720691370561179,17.81217128256806,GSM5505936,GSE181549,Skin,1
10.8408903634096,11.055276030077387,11.377160309954315,10.050698474604262,7.944338911967573,7.843620101242506,13.900114739486993,8.088097098817274,11.392532105283427,12.259367781886317,11.071643585819533,7.174789455669301,8.048114835451758,5.806100129650654,6.745546102859309,10.52748928367485,10.35249661218319,8.336031077296116,8.457792101774896,7.45455364898215,16.89282189399607,11.433295262497577,9.998081963453652,19.954465286229194,GSM5505937,GSE181549,Skin,1
8.6899684622412,6.459767638594939,6.744221367527348,9.303311335891618,6.74886412525991,5.772931955757395,8.723202399607557,7.069141069146699,9.534633480067964,10.598368096483737,8.975405139193274,6.75263996010899,8.048114835451758,10.445240678618468,6.262704841095976,7.787545994426222,9.988533317676188,7.337371301352876,4.202582841263507,7.45455364898215,13.345580545598175,10.478492653757765,8.337133372776254,11.062233243037712,GSM5505938,GSE181549,Skin,1
9.318331113525346,13.643847447330828,8.771003197148588,10.04864113857655,8.030042343472804,6.114019603135503,10.55104759255426,7.892260269770664,11.967389110422332,11.996066987818852,10.278286674298231,6.87456878713839,8.048114835451758,6.601265974696009,7.101687497418802,13.016177755206456,9.845925070269248,6.775944588520304,9.785787603672496,7.45455364898215,15.83079883527638,10.525689809146188,8.197719177485705,17.93688874868009,GSM5505939,GSE181549,Skin,1
9.294062119783103,13.958626100989243,7.021063120272794,9.28167653278606,6.461765283305022,4.964481989192358,10.49669983019012,7.637744282722184,11.78763009539834,11.879572610677641,10.598833221421856,6.548872780529444,8.048114835451758,8.762358689601797,6.699119591974018,10.4723001571734,9.43931820692521,6.576632886341046,8.31264146667035,7.45455364898215,15.233571485326163,10.724681189202967,7.613597432159787,14.343363814096666,GSM5505940,GSE181549,Skin,1
11.81153908601316,13.59228329672793,10.933338930351109,11.092024617384888,7.196904159211664,9.196894093395024,14.258976053871331,8.38343949430942,11.738660715643649,12.558832112600177,11.066137826959176,6.428040802883103,8.048114835451758,3.679854305406912,7.852163709618383,13.216843125394792,10.328438192022384,5.4652113649501874,9.6033935128989,7.45455364898215,18.1875343321585,10.484521904121742,9.713942809558922,18.367381350896814,GSM5505941,GSE181549,Skin,1
9.427573929950457,10.346524283779212,7.472885238978885,7.612207355376163,7.038292344507518,7.104193609040092,8.012002774869362,6.724642417168048,10.89791298096657,11.679299885270147,9.87100369646547,7.224249507162636,8.048114835451758,11.501819015499567,6.587390786523029,6.741203889038026,10.367655009936813,7.315026008641171,7.116724445894576,7.45455364898215,11.862901452076347,9.703943169385239,11.623191895841057,15.777097898803076,GSM5505942,GSE181549,Skin,1
8.711598913475333,10.38215379845636,8.615014381079456,8.66330003262038,7.2383604192691555,6.741292316645294,8.424484902391123,6.722842691188559,10.487167782283647,11.266487956221292,10.051429120316389,7.077043312598407,8.048114835451758,11.417264183770326,7.0608242935748295,6.488145554582889,10.563529872309847,8.273353005622777,6.709906144004466,7.45455364898215,11.825944973941464,8.883511456562056,12.382529720036937,11.517932236352426,GSM5505943,GSE181549,Skin,1
8.328877273173848,13.081379819570904,7.057562463862509,8.517380338993084,7.515874502339071,6.464367422109113,8.679443100609234,6.896466590033845,11.244475643019245,11.514938882778807,10.303748038445438,6.951778450027505,8.048114835451758,11.977157652400479,6.755074838031935,5.685803794703663,10.310351702800867,8.45680919338766,6.960294254390885,7.45455364898215,12.000792574475327,9.811330802772666,12.679861141103629,13.49702192266192,GSM5505944,GSE181549,Skin,1
