gene,logFC,p_value,adj_p_value
SFRP4,-4.73806111,4.34e-79,1.08e-74
NOX4,-2.6722711,3.61e-65,4.49e-61
COL4A4,-2.12223896,1.5699999999999998e-54,1.3e-50
COL8A1,-3.3312138,3.14e-50,1.9499999999999997e-46
COL4A1,-1.48041916,2.1e-48,1.04e-44
PXDN,-1.61697663,1.2299999999999999e-46,5.1000000000000005e-43
P4HA3,-2.54592271,1.72e-46,6.090000000000001e-43
ADAMTS18,-2.52242297,3.85e-46,1.1899999999999998e-42
CR1,-2.22745274,1.2e-45,3.32e-42
COL6A3,-1.51928913,2.11e-44,5.23e-41
A2M,-1.0267389,1.5499999999999998e-42,3.5e-39
CD93,-1.22708091,1.8699999999999998e-42,3.87e-39
SLC1A3,-1.04662845,6.04e-42,1.15e-38
SERPINE1,-3.42970049,2.49e-41,4.41e-38
LINC00968,-2.1648502,2.8499999999999997e-41,4.71e-38
MFRP,-1.82587508,1.81e-40,2.65e-37
C1QTNF5,-1.82587508,1.81e-40,2.65e-37
PRSS23,-1.68417851,2.3299999999999997e-40,3.21e-37
SRD5A2,-3.14316667,3.3e-39,4.31e-36
SYT11,-0.87664958,1.02e-38,1.2600000000000001e-35
GEM,-1.21508463,3.5299999999999997e-38,3.98e-35
PENK-AS1,-1.99618402,3.51e-38,3.98e-35
C1QB,-2.04480275,1.47e-37,1.59e-34
SULF1,-2.35619069,1.6300000000000001e-37,1.68e-34
KCNE4,-1.74189238,3.5500000000000003e-37,3.5299999999999997e-34
MIR4435-2HG,-1.42292832,3.7400000000000004e-37,3.57e-34
SPAG17,1.53344064,1.8e-36,1.6e-33
NR2F1-AS1,-1.17664616,1.79e-36,1.6e-33
IGF1,-1.46347599,2.3e-36,1.9700000000000002e-33
LOC107986413,-1.03397846,1.3500000000000001e-35,1.1200000000000001e-32
EFEMP1,-0.92062399,1.7700000000000002e-35,1.41e-32
CMKLR1,-1.18298002,1.82e-35,1.41e-32
SERPINE2,-1.9706074,1.93e-35,1.45e-32
CCN2,-2.18803938,2.08e-35,1.52e-32
IGFBP7,-0.8721561,4.6700000000000004e-35,3.32e-32
LAMB1,-0.56926414,4.98e-35,3.44e-32
C1QC,-1.60745222,9.27e-35,6.22e-32
IGHM,-4.97355453,9.570000000000001e-35,6.25e-32
GASK1B-AS1,-0.9017787,1.1e-34,7.000000000000001e-32
NEDD9,-0.7314623,1.32e-34,8.21e-32
GASK1B,-1.03629958,1.4499999999999999e-34,8.760000000000001e-32
CHN1,-1.26232149,3.4199999999999997e-34,2.0200000000000003e-31
F2RL2,-1.2579896,5.37e-34,3.1e-31
PITPNC1,-0.69554596,5.51e-34,3.1100000000000003e-31
CPXM1,-2.15246842,1.92e-33,1.04e-30
TCF23,-2.66507769,1.92e-33,1.04e-30
LUZP2,-2.54077909,2.15e-33,1.14e-30
SCG2,-3.02344594,2.77e-33,1.4299999999999999e-30
CFI,-0.99330127,3.39e-33,1.72e-30
TGFBR2,-0.71653916,1.45e-32,7.18e-30
THBS1,-2.45515344,1.85e-32,9.01e-30
ENHO,1.60183188,2.44e-32,1.1600000000000001e-29
SLCO2B1,-1.26789744,3.11e-32,1.46e-29
THY1,-1.69448009,5.44e-32,2.5000000000000002e-29
ENPP2,-0.84868149,5.680000000000001e-32,2.56e-29
LOC101928214,-1.41767141,1.52e-31,6.73e-29
C4B,-1.65920361,3.3300000000000003e-31,1.43e-28
STARD8,-0.9478496,3.32e-31,1.43e-28
NRP1,-0.6380458,3.48e-31,1.46e-28
CDH11,-1.46342578,8.34e-31,3.45e-28
LAIR1,-1.42178154,1.11e-30,4.52e-28
PAPSS2,-0.87452252,1.1799999999999999e-30,4.74e-28
C1QA,-1.4547574,1.68e-30,6.62e-28
ADAMTS12,-1.47264397,1.89e-30,7.31e-28
TNFSF18,-3.40619646,2.22e-30,8.5e-28
MME,-1.503449,2.27e-30,8.53e-28
LOC101928152,-1.28161491,3.41e-30,1.2600000000000001e-27
ADAM12,-2.19022768,4.2199999999999995e-30,1.5400000000000002e-27
LILRB4,-1.86644665,7.439999999999999e-30,2.68e-27
CYP4A22,1.16289173,1.0500000000000001e-29,3.72e-27
CYP4Z1,1.24951548,1.3e-29,4.5400000000000005e-27
C4A,-1.59748885,1.66e-29,5.7100000000000006e-27
ADCY2,0.85246822,2.3000000000000002e-29,7.84e-27
CD209,-1.4736239,2.58e-29,8.650000000000001e-27
PDE1A,-1.27251132,2.93e-29,9.690000000000001e-27
MS4A7,-1.47063432,3.15e-29,1.0300000000000001e-26
OSMR,-0.78977263,3.71e-29,1.2e-26
ASPN,-1.5953384,9.17e-29,2.9200000000000003e-26
IGFBP7-AS1,-0.92717045,9.37e-29,2.94e-26
FNDC1,-2.69227609,1.02e-28,3.1400000000000003e-26
MMP19,-0.64158535,1.02e-28,3.1400000000000003e-26
LRRC32,-1.410507,2.0099999999999999e-28,6.09e-26
PAPPA,-1.12632153,2.31e-28,6.91e-26
HMCN1,-1.14758836,2.47e-28,7.3e-26
IGKV4-1,-5.19644659,3.12e-28,9.100000000000001e-26
A2M-AS1,-0.82116008,3.65e-28,1.05e-25
RAB31,-1.0150977,5.35e-28,1.53e-25
NNMT,-1.60892337,6.88e-28,1.94e-25
LHFPL2,-0.86231928,7.1e-28,1.98e-25
TGM2,-2.41498901,7.979999999999999e-28,2.2e-25
IGFBP4,-1.23129383,8.93e-28,2.44e-25
VWF,-0.97442246,1.09e-27,2.94e-25
PECAM1,-0.70512418,1.18e-27,3.14e-25
LGMN,-0.87037303,1.41e-27,3.72e-25
CYTOR,-1.33795231,1.89e-27,4.94e-25
CYP7B1,-0.60601626,1.96e-27,5.07e-25
LRRC25,-1.29624138,2.1200000000000003e-27,5.43e-25
C2,-1.32819721,2.3100000000000002e-27,5.78e-25
LOC105379070,1.76287938,2.3000000000000003e-27,5.78e-25
TMEM176A,-1.1594744,2.4100000000000003e-27,5.99e-25
GPX1,-0.68771296,2.4900000000000002e-27,6.13e-25
EPHA3,-1.13130232,2.5900000000000003e-27,6.3e-25
VCAM1,-1.27270789,2.71e-27,6.53e-25
LOC105369388,-1.05468653,3.520000000000001e-27,8.4e-25
IL2RA,-1.75187211,4.8200000000000006e-27,1.1399999999999999e-24
LOC105375916,-2.12374218,7.72e-27,1.81e-24
SOCAR,-1.21642916,8.18e-27,1.8999999999999998e-24
IGHV3-23,-4.41702879,8.650000000000001e-27,1.99e-24
ADAMDEC1,-2.9091147,9.920000000000001e-27,2.24e-24
LOC101927283,-1.32826654,9.89e-27,2.24e-24
COL5A2,-1.36821426,1.21e-26,2.6899999999999997e-24
COL15A1,-1.08431296,1.21e-26,2.6899999999999997e-24
LOC101929398,-1.74462745,1.7500000000000002e-26,3.84e-24
IFNAR2,-0.58368765,1.7700000000000002e-26,3.86e-24
FCGR3A,-2.48743374,2.0500000000000002e-26,4.4299999999999996e-24
LINC02456,-1.16362638,2.3600000000000002e-26,5.0599999999999996e-24
IL1R1,-0.56093793,2.59e-26,5.5e-24
NID2,-0.90915472,2.82e-26,5.94e-24
MS4A4A,-1.3269594,3.26e-26,6.8e-24
SRPX,-1.01576367,3.46e-26,7.15e-24
TLR7,-1.49013104,3.5000000000000004e-26,7.18e-24
THEMIS2,-1.03942566,3.56e-26,7.24e-24
NRP2,-0.84054523,3.65e-26,7.36e-24
RASSF4,-0.93076,4.57e-26,9.14e-24
JAK3,-1.44575376,5.58e-26,1.1099999999999999e-23
PLEKHO2,-0.7918792,5.840000000000001e-26,1.1499999999999999e-23
VSIG4,-1.42827665,6.4e-26,1.2499999999999999e-23
STAB1,-1.12134197,6.670000000000001e-26,1.29e-23
SERPINB9,-0.77616487,8.46e-26,1.6299999999999997e-23
DRAM1,-1.09999163,1.1e-25,2.0999999999999998e-23
INS-IGF2,-1.7789545,1.2599999999999999e-25,2.39e-23
MSR1,-1.65817634,1.3e-25,2.4299999999999998e-23
CXCL9,-3.66221403,1.29e-25,2.4299999999999998e-23
ADAMTS2,-1.35420337,1.43e-25,2.64e-23
IGKV3-20,-4.30753161,1.7e-25,3.1299999999999994e-23
EPHB2,-1.29866429,1.79e-25,3.2599999999999994e-23
IGF2,-1.77954505,1.88e-25,3.4099999999999995e-23
DGKI,-1.48849596,1.93e-25,3.48e-23
LINC01140,-1.17856977,2.03e-25,3.63e-23
TNC,-1.65298949,2.13e-25,3.7799999999999994e-23
MAP4K4,-0.42945909,2.8e-25,4.89e-23
LOC105375243,-1.59055376,2.78e-25,4.89e-23
DYSF,-0.98820143,4.44e-25,7.7e-23
SMOC2,-1.23071243,5.0499999999999995e-25,8.699999999999999e-23
LAMC1,-0.55422771,5.47e-25,9.359999999999999e-23
IGHG3,-4.35022573,5.67e-25,9.629999999999999e-23
RARRES2,-1.11778032,6.56e-25,1.11e-22
LOC112268086,-1.17651077,6.77e-25,1.14e-22
PALM2AKAP2,-0.55382415,7.5e-25,1.2500000000000001e-22
BASP1,-0.97972444,8.11e-25,1.34e-22
COL4A2-AS2,-1.04212348,9.12e-25,1.5e-22
SEPTIN11,-0.8086569,1.0099999999999999e-24,1.65e-22
PAPPA-AS1,-1.04782512,1.07e-24,1.73e-22
CD180,-1.48769859,1.07e-24,1.73e-22
ARPC1B,-0.76150055,1.1e-24,1.76e-22
GDF6,-2.40781084,1.1399999999999999e-24,1.81e-22
IGHG1,-4.24693034,1.1399999999999999e-24,1.81e-22
MS4A6A,-1.14297384,1.17e-24,1.84e-22
VMP1,-0.8809947,1.19e-24,1.85e-22
MCOLN3,1.09214102,1.2199999999999999e-24,1.89e-22
IGHV3-30,-4.49178821,1.2699999999999999e-24,1.95e-22
OR7E2P,-1.49187553,1.3e-24,1.98e-22
LUM,-1.81325366,1.3e-24,1.98e-22
GRB10,-0.6043779,1.37e-24,2.07e-22
LINC02773,-1.22248178,1.74e-24,2.62e-22
FCGR2A,-1.21298586,2.12e-24,3.17e-22
RUNX1,-1.00050376,2.25e-24,3.3400000000000003e-22
KERA,-3.20825858,2.31e-24,3.42e-22
LILRB1,-1.71630024,2.74e-24,4.03e-22
PENK,-1.83255582,2.86e-24,4.1800000000000003e-22
CYBB,-1.3484662,3.36e-24,4.88e-22
SP5,1.41967283,3.97e-24,5.73e-22
CPXM2,-1.08540996,4.44e-24,6.37e-22
CDYL2,-0.7004309,4.61e-24,6.58e-22
SPON1,-1.04379658,4.7299999999999995e-24,6.69e-22
FCGR1A,-2.13759375,4.7499999999999994e-24,6.69e-22
ADGRL4,-0.75139336,5.22e-24,7.32e-22
ADGRF5,-0.65881752,5.5e-24,7.67e-22
CCDC170,-0.97971321,6.04e-24,8.38e-22
PLEK,-1.20765588,6.17e-24,8.51e-22
CD14,-1.22577292,7.01e-24,9.61e-22
DYRK3,-0.64786461,7.59e-24,1.0300000000000001e-21
LINC01943,-1.26042694,7.76e-24,1.05e-21
TGFB3,-1.04914499,1.0399999999999998e-23,1.4000000000000002e-21
IGHV3-33,-4.21811931,1.26e-23,1.6900000000000001e-21
IGLV2-11,-5.06228554,1.3799999999999998e-23,1.8300000000000003e-21
NEK6,-0.68564718,1.3799999999999998e-23,1.8300000000000003e-21
DAB2,-0.89621588,1.5099999999999998e-23,1.9900000000000003e-21
IGHG2,-4.21822775,1.6999999999999997e-23,2.2100000000000003e-21
FGF13,-0.85872581,1.6999999999999997e-23,2.2100000000000003e-21
CD163L1,-1.03194995,1.6999999999999997e-23,2.2100000000000003e-21
IGHJ4,-4.3451742,1.79e-23,2.32e-21
RAB42,-0.99629604,1.8299999999999997e-23,2.36e-21
MMP11,-2.31103903,1.8499999999999998e-23,2.3700000000000003e-21
CD68,-0.97327443,1.8899999999999997e-23,2.41e-21
LOC107985134,-0.9707384,1.93e-23,2.45e-21
NID1,-0.78306398,1.9599999999999997e-23,2.4700000000000002e-21
TBXAS1,-0.97541253,2.2199999999999997e-23,2.7800000000000003e-21
C3AR1,-1.35762506,2.25e-23,2.8100000000000003e-21
LOC105377291,-0.71210121,2.3399999999999997e-23,2.9100000000000002e-21
DEPTOR,-0.51540787,2.67e-23,3.2900000000000002e-21
ANGPT2,-0.58659011,2.68e-23,3.2900000000000002e-21
CNN3,-0.67221026,2.81e-23,3.4300000000000004e-21
CD163,-1.30632322,3.0199999999999995e-23,3.6700000000000006e-21
STMN2,-1.71816409,3.0499999999999997e-23,3.7e-21
LOC105378281,-0.91651544,3.1699999999999996e-23,3.83e-21
EBF2,-1.02276414,4.1499999999999993e-23,4.980000000000001e-21
ADPRH,-0.70271834,6.519999999999999e-23,7.790000000000001e-21
LOC105375244,-1.33277925,6.859999999999999e-23,8.14e-21
CYP4A11,1.46397491,6.969999999999999e-23,8.240000000000001e-21
FAP,-1.48895248,7.18e-23,8.45e-21
CD28,-1.34557433,7.5e-23,8.78e-21
PCSK5,-1.05578165,7.72e-23,8.95e-21
TMEM176B,-1.18864193,7.709999999999999e-23,8.95e-21
LOC101929532,-1.51605438,7.87e-23,9.080000000000001e-21
TIMD4,-2.7095674,8.069999999999999e-23,9.270000000000001e-21
DIPK2B,-0.71672747,8.959999999999999e-23,1.02e-20
AKAP12,-0.86989675,9.43e-23,1.07e-20
STEAP4,-0.92616758,9.849999999999999e-23,1.12e-20
LAMP5,-2.22014945,9.969999999999999e-23,1.13e-20
VPS35L,-0.19585116,1.13e-22,1.26e-20
LRFN5,1.41320705,1.16e-22,1.29e-20
KCNJ6-AS1,-2.59527186,1.33e-22,1.48e-20
MRC1,-0.97485672,1.49e-22,1.65e-20
DOK5,-1.5744493,1.89e-22,2.08e-20
COL4A2,-1.10593268,2.04e-22,2.25e-20
HEG1,-0.78916742,3.21e-22,3.51e-20
IGHGP,-4.04081089,3.26e-22,3.55e-20
HK3,-1.32649206,3.73e-22,4.04e-20
SUGCT-AS1,-1.32271181,3.79e-22,4.09e-20
ST8SIA4,-0.91262771,3.87e-22,4.16e-20
E2F3,-0.48512803,3.97e-22,4.25e-20
CTSC,-0.85517546,4.27e-22,4.55e-20
SORCS2,-1.09158197,4.34e-22,4.61e-20
ARSB,-0.80203921,5.59e-22,5.91e-20
GJA5,-1.5525562,5.93e-22,6.24e-20
SELP,-0.99794465,5.97e-22,6.26e-20
CTSZ,-0.85617934,6.61e-22,6.89e-20
CCDC102B,-0.80780846,6.85e-22,7.11e-20
LOC105375249,-2.12959544,7.61e-22,7.87e-20
EPS8,-0.4511297,7.76e-22,8e-20
CFAP54,-1.0186362,8.46e-22,8.68e-20
CCN4,-1.49365527,8.7e-22,8.89e-20
ITGB2,-1.07171241,8.9e-22,9.06e-20
RASGRF2,-0.82948805,9.83e-22,9.96e-20
CD38,-1.70108904,1.0100000000000002e-21,1.01e-19
ALPL,-1.24260641,1.05e-21,1.06e-19
LOC105374545,-2.29813621,1.1100000000000001e-21,1.11e-19
SEMA6B,-1.29839748,1.3400000000000002e-21,1.33e-19
MFNG,-0.69515325,1.35e-21,1.34e-19
CCL19,-1.50947281,1.76e-21,1.74e-19
ADAMTS9,-0.74034591,1.88e-21,1.85e-19
CILP2,-2.55181869,2.0000000000000002e-21,1.97e-19
LOC105374646,0.82827044,2.35e-21,2.3e-19
RUBCNL,-1.11574936,2.6900000000000002e-21,2.61e-19
IGHV3-7,-4.31179489,3.04e-21,2.95e-19
TMEM119,-1.17342582,3.2100000000000004e-21,3.1e-19
HTR2A,-1.28225249,3.23e-21,3.11e-19
WIF1,2.39273755,3.44e-21,3.3e-19
MKX,-1.26369087,3.4900000000000005e-21,3.34e-19
MPEG1,-0.91981229,3.6800000000000004e-21,3.46e-19
CTSB,-0.68159479,3.6800000000000004e-21,3.46e-19
LOC101927995,-1.26916453,3.6700000000000006e-21,3.46e-19
RAB20,-0.8896299,3.660000000000001e-21,3.46e-19
DUSP3,-0.30360329,3.78e-21,3.54e-19
FEZ2,-0.33658704,4.4400000000000004e-21,4.13e-19
CYP4Z2P,1.3669263,4.4300000000000005e-21,4.13e-19
LOC105374541,-2.14921731,4.51e-21,4.18e-19
ZNF22-AS1,-0.73536088,5.27e-21,4.86e-19
LOC102724874,-2.0975448,6.050000000000001e-21,5.57e-19
MATN4,2.12170261,6.2600000000000005e-21,5.73e-19
COL4A3,-1.05121277,6.3300000000000004e-21,5.77e-19
TNFRSF10B,-0.63034736,7.4e-21,6.72e-19
SMIM3,-1.07794631,7.42e-21,6.72e-19
NAV2-AS4,-1.03904479,7.75e-21,7e-19
CCR1,-1.33780138,7.790000000000001e-21,7.01e-19
JCAD,-0.93072989,7.82e-21,7.01e-19
LGALS3BP,-0.99722869,9.510000000000002e-21,8.5e-19
SRGN,-0.97811755,1.01e-20,9.01e-19
GPR176,-0.73037889,1.02e-20,9.08e-19
IGHJ5,-3.71987633,1.08e-20,9.51e-19
LGALS9,-1.02224628,1.1e-20,9.65e-19
VOPP1,-0.67714436,1.22e-20,1.07e-18
NLGN4X,-0.93245561,1.26e-20,1.1e-18
IGHV4-59,-4.48688347,1.35e-20,1.18e-18
ELK3,-0.42968628,1.39e-20,1.2e-18
COL4A2-AS1,-1.09289378,1.57e-20,1.36e-18
C3,-1.19235715,1.62e-20,1.39e-18
HAPLN3,-0.85107614,2.12e-20,1.82e-18
PLA1A,-1.57901186,2.22e-20,1.9e-18
FCGR1CP,-2.28386645,2.4e-20,2.05e-18
IGKV1-33,-4.27139323,2.47e-20,2.1e-18
LOC105375909,-2.10033426,2.56e-20,2.17e-18
STOM,-0.36541012,2.59e-20,2.19e-18
SIGLEC1,-1.17401669,2.61e-20,2.2e-18
IGLC3,-3.85398949,2.77e-20,2.32e-18
IGKJ1,-3.63959079,3.04e-20,2.54e-18
PCBP3,-1.1425601,3.08e-20,2.57e-18
LOC105376244,-1.2816527,3.29e-20,2.73e-18
IL6,-2.43353414,3.37e-20,2.78e-18
IGLC1,-3.94139206,3.37e-20,2.78e-18
SPARCL1,-0.60177431,3.74e-20,3.08e-18
LRP1B,1.15178063,3.9e-20,3.2e-18
ALPK2,-1.86343164,4.58e-20,3.74e-18
PDE7B,-0.63585954,4.97e-20,4.04e-18
LOC102724584,-0.90104383,5.08e-20,4.12e-18
TYROBP,-0.9602053,5.29e-20,4.27e-18
PTX3,-1.64037852,5.39e-20,4.35e-18
LOC107985779,1.22910322,6.34e-20,5.1e-18
IGLJ2,-4.0077002,6.7e-20,5.36e-18
KCNJ6,-2.50682202,6.79e-20,5.42e-18
LOC101929256,-0.88970424,7.16e-20,5.7e-18
ITSN1,-0.3974659,7.66e-20,6.08e-18
IGKV2-28,-4.35352279,7.76e-20,6.14e-18
SAMHD1,-0.68795625,8.87e-20,6.99e-18
TTC7B,-0.40919203,9e-20,7.07e-18
TLDC2,-0.6689148,9.51e-20,7.45e-18
IGKV1-39,-3.72618049,1.01e-19,7.92e-18
GUCY1A1,-0.74777625,1.17e-19,9.14e-18
LOC102724852,-1.7608638,1.21e-19,9.36e-18
CCL2,-1.43692,1.29e-19,1e-17
CXCL1,-1.93024189,1.33e-19,1.03e-17
IGLL5,-3.7468482,1.35e-19,1.04e-17
FAM225A,-0.97635295,1.45e-19,1.11e-17
RGL1,-0.52239131,1.46e-19,1.11e-17
H19,-1.74961997,1.5e-19,1.14e-17
LOC112267876,-1.75327883,1.61e-19,1.22e-17
CFAP161,0.90572521,1.62e-19,1.23e-17
PDE10A,-0.70764197,1.64e-19,1.24e-17
IGKV3-11,-4.25844925,1.77e-19,1.33e-17
APOL1,-1.18151231,1.78e-19,1.33e-17
IGLV2-14,-3.6921341,1.83e-19,1.37e-17
FZD4,-0.7932003,1.85e-19,1.38e-17
ITGB1,-0.42211731,2e-19,1.49e-17
LTBP2,-1.22845963,2.2e-19,1.63e-17
CDH10,1.89888899,2.36e-19,1.74e-17
CDH5,-0.72932212,2.72e-19,2e-17
BATF3,-1.08355508,2.75e-19,2.02e-17
HCLS1,-0.78830078,3.04e-19,2.23e-17
GALNT10,-0.57700465,3.15e-19,2.3e-17
FKBP1A,-0.29513911,3.18e-19,2.31e-17
ASAP1,-0.35000269,3.81e-19,2.77e-17
LRRN2,-0.89743995,3.86e-19,2.79e-17
SPIB,-2.03345507,3.89e-19,2.81e-17
CR1L,-1.6946867,3.95e-19,2.84e-17
LOC100129034,-0.37011621,3.99e-19,2.86e-17
APLNR,-1.14432968,4.33e-19,3.1e-17
PTGER4,-0.68291758,4.35e-19,3.1e-17
TM6SF1,-0.44618309,4.54e-19,3.23e-17
ITGA4,-0.9709649,4.69e-19,3.33e-17
IGKV1D-39,-3.70424395,4.72e-19,3.34e-17
SPRY4,-0.78792165,4.83e-19,3.4e-17
AOAH,-0.93884788,5e-19,3.52e-17
FOLR2,-1.04253749,5.43e-19,3.81e-17
RIC3,0.41814574,5.76e-19,4.03e-17
KLHL6,-0.8935411,5.97e-19,4.17e-17
IGLC2,-3.54629555,6.08e-19,4.23e-17
PLAC8,-1.74168358,7.46e-19,5.17e-17
MYO1B,-0.46744266,7.51e-19,5.19e-17
IGKJ2,-4.56798522,7.71e-19,5.32e-17
LOC105377016,-0.4890383,7.83e-19,5.37e-17
CCN1,-1.3078522,7.83e-19,5.37e-17
LOC105373905,-1.41545766,7.95e-19,5.44e-17
IGKV2D-28,-4.21786543,9.02e-19,6.15e-17
ADAMTS4,-1.25140058,9.38e-19,6.38e-17
TNFRSF1B,-0.76753364,9.49e-19,6.44e-17
RASSF2,-0.66236812,9.8e-19,6.63e-17
SUGCT,-0.95088299,1.03e-18,6.92e-17
CALD1,-0.56686356,1.08e-18,7.25e-17
KHDRBS3,-0.74090522,1.1e-18,7.37e-17
HCN1,-1.48730006,1.1e-18,7.37e-17
LOC107984429,-0.85808207,1.15e-18,7.7e-17
LOC107984360,-1.08518721,1.22e-18,8.14e-17
GNS,-0.36029388,1.3e-18,8.6e-17
LOC105374412,-1.40458862,1.3e-18,8.6e-17
SLC35B4,-0.27934791,1.31e-18,8.62e-17
SHC1,-0.46192229,1.31e-18,8.65e-17
HOTS,-1.6479279,1.33e-18,8.72e-17
IGFBP3,-1.46564942,1.39e-18,9.08e-17
CCL3,-2.46986155,1.46e-18,9.48e-17
ZC3H6,0.39089921,1.45e-18,9.48e-17
FAM225B,-0.95389436,1.6e-18,1.04e-16
FSIP1,-1.46259796,2.07e-18,1.34e-16
SGCG,1.14767209,2.26e-18,1.46e-16
SASH3,-0.9589265,2.44e-18,1.57e-16
C5AR1,-1.12105938,2.56e-18,1.64e-16
TFEC,-1.18713393,2.67e-18,1.71e-16
CARD6,-0.716887,2.71e-18,1.73e-16
KLHL5,-0.40554736,2.71e-18,1.73e-16
TM4SF18,-0.8108413,2.91e-18,1.85e-16
MTHFD1L,-0.6705983,3.11e-18,1.98e-16
LYN,-0.7087188,3.15e-18,1.99e-16
IGHG4,-4.19928238,3.17e-18,2e-16
APBB1IP,-0.9892665,3.19e-18,2.01e-16
MSC-AS1,-0.68337733,3.63e-18,2.28e-16
LOC112268296,-1.18025647,3.67e-18,2.3e-16
CSF1R,-0.77835203,3.73e-18,2.33e-16
SH2B3,-0.55401673,3.75e-18,2.34e-16
GJC1,-0.67608424,4.02e-18,2.49e-16
B4GALT1,-0.6183697,4e-18,2.49e-16
C7,-1.28433885,4.31e-18,2.67e-16
SLC7A6,-0.27173804,4.81e-18,2.97e-16
IGKV3-15,-3.96076129,4.99e-18,3.07e-16
CEACAM21,-1.2011409,5.08e-18,3.12e-16
TRIB2,-0.60721137,5.56e-18,3.41e-16
TMEM233,-1.10461408,5.8e-18,3.55e-16
TXNDC5,-0.58557672,6.08e-18,3.71e-16
BMP1,-0.66011388,6.12e-18,3.72e-16
SOCS3,-1.41106255,6.88e-18,4.17e-16
LINC00856,-1.78637029,7.1e-18,4.3e-16
HAVCR2,-0.82963523,7.84e-18,4.74e-16
SDC3,-0.84848048,7.99e-18,4.82e-16
PLEKHO1,-0.62784032,8.44e-18,5.07e-16
ABL2,-0.40438389,1.05e-17,6.27e-16
LOC107986013,-0.69523344,1.07e-17,6.38e-16
SEPTIN4,-0.50247055,1.08e-17,6.45e-16
LAPTM5,-0.87117966,1.08e-17,6.45e-16
IL10RA,-0.80879457,1.1e-17,6.5e-16
SH2D3C,-0.76134635,1.1e-17,6.53e-16
PRND,-2.30452321,1.13e-17,6.67e-16
NAV2-AS5,-0.91493596,1.13e-17,6.67e-16
NLRC4,-0.69020534,1.14e-17,6.69e-16
CGAS,-0.70610588,1.16e-17,6.78e-16
IL12RB2,-0.64057123,1.17e-17,6.85e-16
NGF,-1.1379986,1.18e-17,6.89e-16
INMT,-0.88509554,1.24e-17,7.2e-16
CCDC71L,-0.60967179,1.3e-17,7.54e-16
ICAM1,-0.88508485,1.46e-17,8.48e-16
C6,-1.82655994,1.59e-17,9.22e-16
FAM162B,-0.76101486,1.6e-17,9.25e-16
CLMAT3,-0.96004342,1.61e-17,9.28e-16
SIGLEC11,-1.33932372,1.63e-17,9.35e-16
BLOC1S5-TXNDC5,-0.56590056,1.63e-17,9.36e-16
SERPINH1,-0.73761569,1.79e-17,1.02e-15
LOC101927293,-1.18651857,1.8e-17,1.03e-15
RNASE6,-0.79572185,1.83e-17,1.04e-15
IGKV1-5,-3.93000488,1.83e-17,1.04e-15
LGI2,-0.97409389,1.83e-17,1.04e-15
LOC112267984,-1.1147381,1.85e-17,1.05e-15
COTL1,-0.94738375,2.05e-17,1.16e-15
CYBA,-0.75178938,2.11e-17,1.19e-15
IRF8,-1.08325194,2.25e-17,1.26e-15
LEPR,1.01950756,2.37e-17,1.33e-15
DPYS,-1.6280225,2.43e-17,1.36e-15
MSN,-0.39904941,2.47e-17,1.38e-15
CTHRC1,-1.28570345,2.75e-17,1.53e-15
LOC112267915,-0.90012629,2.86e-17,1.59e-15
HDGFL3,-0.38916112,2.93e-17,1.62e-15
TMEM236,-0.90918615,3.16e-17,1.74e-15
EEIG2,-0.41548481,3.23e-17,1.78e-15
ERG,-0.55314255,3.25e-17,1.79e-15
LMCD1,-0.59560612,3.53e-17,1.94e-15
COL11A1,-2.66807047,3.54e-17,1.94e-15
CENPO,-0.31778708,4.14e-17,2.26e-15
LOC105379170,-0.68674087,4.69e-17,2.56e-15
ADAP2,-0.65817167,4.82e-17,2.62e-15
CALU,-0.61808015,4.84e-17,2.63e-15
PHACTR2,-0.3637935,5.22e-17,2.83e-15
STAT3,-0.34301114,5.32e-17,2.88e-15
COMP,-2.15564646,5.46e-17,2.94e-15
LOC105374542,-1.97272746,5.54e-17,2.98e-15
PGF,-0.84859096,5.62e-17,3.02e-15
DACT1,-0.94777688,5.87e-17,3.14e-15
CHST11,-0.72535323,5.85e-17,3.14e-15
IKBIP,-0.65342633,6.2e-17,3.31e-15
LINC00908,0.97221937,6.35e-17,3.38e-15
SHROOM4,-0.46510077,6.37e-17,3.39e-15
CYRIA,-0.59179228,6.59e-17,3.5e-15
RBMS3-AS1,-0.84493944,7.19e-17,3.8e-15
POSTN,-1.03992482,7.38e-17,3.9e-15
SPP1,-3.11337489,8.06e-17,4.25e-15
ETS1,-0.473772,8.08e-17,4.25e-15
TRPM2,-0.85320459,8.13e-17,4.26e-15
TIMP1,-1.01400282,8.17e-17,4.27e-15
GLIS3,-1.03444741,8.16e-17,4.27e-15
SCARA5,1.39531634,8.24e-17,4.3e-15
GRAP,-0.73544237,8.34e-17,4.34e-15
SUN1,0.20767199,8.84e-17,4.59e-15
PDIA4,-0.3058989,9.06e-17,4.69e-15
ICAM2,-0.6529464,9.21e-17,4.76e-15
LOC105375242,-1.14221202,9.23e-17,4.76e-15
GGT5,-0.97769839,9.34e-17,4.81e-15
TLR8,-1.02664422,9.64e-17,4.95e-15
KCP,-0.93859813,9.76e-17,5e-15
LINC01614,-2.53675621,9.78e-17,5e-15
FGR,-0.65685187,1e-16,5.11e-15
ITGAM,-0.77078384,1.04e-16,5.31e-15
NR2F1,-1.04855373,1.04e-16,5.31e-15
LOC101928334,-1.30514567,1.06e-16,5.4e-15
LOC101927723,-1.07834047,1.07e-16,5.44e-15
HAPLN1,-2.36487149,1.09e-16,5.53e-15
TGFBR1,-0.6504068,1.11e-16,5.59e-15
ZNF519,0.4262481,1.15e-16,5.81e-15
GPR65,-1.00170384,1.16e-16,5.82e-15
SAPCD1,0.69435946,1.19e-16,5.94e-15
LINC01684,-1.13738737,1.19e-16,5.94e-15
SYNDIG1,-1.69433941,1.22e-16,6.1e-15
PLVAP,-0.76039288,1.23e-16,6.13e-15
CD53,-0.9310778,1.28e-16,6.35e-15
CGREF1,-0.76429908,1.29e-16,6.41e-15
MIR675,-1.84411247,1.32e-16,6.56e-15
GUCY1B1,-0.5894374,1.44e-16,7.11e-15
BACE2,-0.38965292,1.44e-16,7.11e-15
CRIM1,-0.35514195,1.56e-16,7.68e-15
LINC02544,-1.7529014,1.6e-16,7.88e-15
C14ORF132,0.47221349,1.62e-16,7.93e-15
MTFP1,-0.60815998,1.7e-16,8.32e-15
SIGLEC9,-1.14703805,1.78e-16,8.7e-15
IGKV3D-20,-3.69375941,1.86e-16,9.09e-15
ADAM19,-0.77807708,1.9e-16,9.23e-15
GPR34,-0.56350719,1.96e-16,9.52e-15
LOC105375532,-1.06463817,1.97e-16,9.55e-15
CHSY3,-0.6470437,1.98e-16,9.58e-15
FPR1,-1.86592973,1.99e-16,9.58e-15
LOC107986022,1.29248787,1.99e-16,9.58e-15
RCSD1,-0.62158539,1.99e-16,9.58e-15
PARP15,-1.06277946,2.06e-16,9.85e-15
LBX2-AS1,-0.7354558,2.06e-16,9.85e-15
LOC101928266,0.77786725,2.31e-16,1.1e-14
TNFRSF11B,-1.41963819,2.33e-16,1.11e-14
MARCKS,-0.44302172,2.6e-16,1.23e-14
CD4,-0.75345877,2.6e-16,1.23e-14
FCGR1BP,-1.57210803,2.57e-16,1.23e-14
CYTH4,-0.87601302,2.64e-16,1.25e-14
LIMCH1,-0.58808514,2.66e-16,1.26e-14
EPDR1,-0.8053867,3.07e-16,1.45e-14
LOC105375080,-0.90488568,3.09e-16,1.46e-14
SGCD,-0.73283779,3.23e-16,1.52e-14
LIN7A,-0.60383006,3.32e-16,1.56e-14
LPL,-1.93654267,3.32e-16,1.56e-14
HCK,-0.82657298,3.43e-16,1.6e-14
SMIM35,-0.81507994,3.59e-16,1.67e-14
PTGDS,-1.08673083,3.75e-16,1.75e-14
PLOD1,-0.52811193,3.8e-16,1.76e-14
FGFBP2,1.415623,3.8e-16,1.76e-14
P2RX4,-0.35986129,4.07e-16,1.88e-14
SAPCD1-AS1,0.722464,4.28e-16,1.98e-14
FTL,-0.60796849,4.39e-16,2.02e-14
LOC729732,0.59511349,4.68e-16,2.16e-14
LINC00861,-1.14154718,5.08e-16,2.33e-14
ANGPTL5,1.24802515,5.2e-16,2.39e-14
VWA7,0.52350764,5.29e-16,2.42e-14
NKG7,-1.47820075,5.31e-16,2.43e-14
KIAA1328,0.25620666,5.5e-16,2.51e-14
IFITM3,-0.77236027,5.81e-16,2.65e-14
HRH2,-0.84349613,5.85e-16,2.66e-14
APOL2,-0.57152711,6.13e-16,2.78e-14
ABCD2,-1.41335515,6.18e-16,2.79e-14
SULF2,-0.6290526,6.16e-16,2.79e-14
AVPR1A,-0.69570638,6.21e-16,2.8e-14
LOC105373648,1.25858933,6.23e-16,2.81e-14
ALDH1L2,-0.80119579,6.3e-16,2.83e-14
CLIC4,-0.46424904,6.65e-16,2.98e-14
LOC105369559,-1.28878795,6.64e-16,2.98e-14
PEAK1,-0.43678796,7e-16,3.13e-14
P2RY6,-0.90791953,7.65e-16,3.42e-14
LOXL2,-0.95935921,7.69e-16,3.43e-14
INHBA,-1.35361254,7.95e-16,3.54e-14
MIR503HG,-1.88262662,8.38e-16,3.71e-14
ME3,-0.50261207,8.37e-16,3.71e-14
EHD4,-0.37227997,8.74e-16,3.87e-14
ARHGAP4,-0.7731895,9.08e-16,4.01e-14
FLOT1,-0.42665312,9.31e-16,4.11e-14
EOMES,-1.62995949,9.58e-16,4.22e-14
LOC107985909,-1.17259952,9.69e-16,4.26e-14
KCNB2,-1.63546326,9.83e-16,4.31e-14
PYHIN1,-1.11760408,1.01e-15,4.4e-14
LINC01124,1.20007326,1.05e-15,4.58e-14
CCDC69,-0.50329388,1.13e-15,4.91e-14
GMFG,-0.66233427,1.17e-15,5.08e-14
HYAL2,-0.4084265,1.22e-15,5.3e-14
SLC20A1,-0.65893438,1.22e-15,5.3e-14
LINC02747,0.90870868,1.25e-15,5.42e-14
SHC3,0.68338163,1.27e-15,5.5e-14
SELPLG,-0.88074584,1.27e-15,5.5e-14
DKK1,-1.55771441,1.28e-15,5.51e-14
MYH13,-1.21685419,1.29e-15,5.55e-14
FMOD,-0.66194003,1.33e-15,5.7e-14
MYO1E,-0.27960962,1.41e-15,6.04e-14
IGHV5-51,-4.36701548,1.48e-15,6.33e-14
PLCB2,-0.80910821,1.49e-15,6.36e-14
ADAMTS6,-0.99565363,1.6e-15,6.82e-14
STAT2,-0.43084358,1.62e-15,6.89e-14
CSMD2,-1.18887708,1.72e-15,7.29e-14
PIGH,0.25437022,1.94e-15,8.24e-14
CPEB1,0.51939926,1.97e-15,8.33e-14
C1S,-0.73473999,1.99e-15,8.43e-14
CSF2RA,-0.7309047,2.02e-15,8.55e-14
ACKR2,-0.8180609,2.03e-15,8.56e-14
SLC15A3,-0.77954717,2.17e-15,9.15e-14
PARVA,-0.40301939,2.37e-15,9.95e-14
LOC102723675,-0.84378678,2.41e-15,1.01e-13
CH25H,-0.95198533,2.44e-15,1.02e-13
LINC00996,-1.79442078,2.49e-15,1.04e-13
SPARC,-0.98465592,2.52e-15,1.05e-13
STEAP1B-AS1,-1.3412066,2.53e-15,1.06e-13
MIR21,-1.3291063,2.6e-15,1.08e-13
LOC105379342,1.51595292,2.77e-15,1.14e-13
FBN2,-1.3394535,2.75e-15,1.14e-13
LY96,-0.75886169,2.74e-15,1.14e-13
ATP8B4,-0.64685415,2.77e-15,1.14e-13
CXCL10,-2.58879739,2.79e-15,1.15e-13
HEXA,-0.33255142,2.91e-15,1.2e-13
SULT1B1,-0.98476487,3.03e-15,1.24e-13
RUNX2,-0.61381312,3.09e-15,1.27e-13
TLR10,-1.43568583,3.19e-15,1.31e-13
APOL6,-0.78154499,3.21e-15,1.31e-13
LETR1,-0.71679174,3.42e-15,1.4e-13
CYP4B1,1.07602982,3.46e-15,1.41e-13
IFI16,-0.54959344,3.46e-15,1.41e-13
CCL4,-1.82764786,3.46e-15,1.41e-13
SAA1,-2.40489092,3.53e-15,1.43e-13
UPP1,-0.58871131,3.56e-15,1.44e-13
ZNF106,-0.20989708,3.6e-15,1.46e-13
DEPP1,-0.98821317,3.6e-15,1.46e-13
LOC105374056,1.34886553,3.79e-15,1.53e-13
LAYN,-0.63781699,4e-15,1.61e-13
EIF4EBP1,-0.51840571,4.02e-15,1.62e-13
LOC105376126,-1.19981033,4.06e-15,1.63e-13
AIF1,-0.85108424,4.19e-15,1.68e-13
IGHJ6,-3.86554528,4.32e-15,1.73e-13
LOC107984315,-1.19106658,4.38e-15,1.75e-13
PCDH12,-0.53254889,4.63e-15,1.85e-13
IGKJ4,-3.48255036,4.68e-15,1.86e-13
CD86,-0.80958009,4.79e-15,1.9e-13
YWHAG,-0.24121612,4.8e-15,1.9e-13
FCRL3,-2.28212417,4.79e-15,1.9e-13
LILRB3,-0.87837569,5.28e-15,2.09e-13
PDGFC,-0.45925124,5.33e-15,2.1e-13
AHNAK,0.24119701,5.35e-15,2.1e-13
BMX,-0.78142896,5.31e-15,2.1e-13
LOC105369561,-1.33961579,5.55e-15,2.18e-13
CXCR4,-0.98699022,5.54e-15,2.18e-13
LRRC15,-1.69211396,5.68e-15,2.22e-13
SNX10,-0.82152819,5.75e-15,2.25e-13
IRAG2,-0.57980136,5.8e-15,2.26e-13
KIAA0040,-0.40685089,5.88e-15,2.29e-13
TNFRSF21,-0.61979715,5.93e-15,2.31e-13
IGLV2-23,-3.79791373,5.96e-15,2.32e-13
EMX2,0.57370915,6.34e-15,2.46e-13
TNS3,-0.51354147,6.37e-15,2.47e-13
LOC105376241,-0.96843851,6.69e-15,2.59e-13
DOCK2,-0.70275829,6.7e-15,2.59e-13
TFDP2,0.32921163,7.36e-15,2.84e-13
MEF2C-AS2,-0.51300766,7.89e-15,3.04e-13
LOC107986910,0.86136366,8.08e-15,3.11e-13
SLCO1C1,-0.7249247,8.21e-15,3.15e-13
NLRP3,-0.85105705,8.41e-15,3.22e-13
RNF157,-0.66981237,8.63e-15,3.3e-13
TSHZ3,-0.64862016,8.68e-15,3.31e-13
KHDRBS2,-1.60598808,8.8e-15,3.35e-13
SGIP1,-0.68804795,8.91e-15,3.39e-13
LOC107984131,-0.73145311,1e-14,3.81e-13
MYH1,-1.16959568,1.06e-14,4.02e-13
MZB1,-2.01517539,1.06e-14,4.03e-13
LOC107986465,-0.55826559,1.07e-14,4.04e-13
MSC,-0.8521895,1.09e-14,4.1e-13
MGAT5,-0.2396879,1.09e-14,4.13e-13
LOC105369558,-1.44021371,1.12e-14,4.23e-13
LOC107986789,-1.19319227,1.13e-14,4.25e-13
CHST10,-0.41873054,1.13e-14,4.25e-13
IGKC,-3.00104428,1.14e-14,4.28e-13
FZD2,-0.87880701,1.16e-14,4.36e-13
SEC61A1,-0.26964709,1.3e-14,4.85e-13
STC2,-1.6922775,1.31e-14,4.9e-13
MDK,-0.97964026,1.37e-14,5.12e-13
LCP2,-0.73908525,1.39e-14,5.19e-13
WARS1,-0.62543437,1.44e-14,5.35e-13
IGLV1-44,-3.65364167,1.47e-14,5.47e-13
PAXIP1-DT,0.31591041,1.56e-14,5.78e-13
CHST1,-1.27652367,1.62e-14,5.98e-13
PDPN,-0.70271333,1.7e-14,6.29e-13
FGF7,-0.73457257,1.71e-14,6.32e-13
SLC24A4,-0.78503146,1.74e-14,6.4e-13
TMEM204,-0.5888567,1.75e-14,6.43e-13
PLTP,-0.87164649,1.75e-14,6.44e-13
ADAMTS9-AS1,-0.69175595,1.81e-14,6.63e-13
ARHGDIB,-0.52862294,1.81e-14,6.64e-13
LOC102723409,-0.5488734,1.92e-14,7.01e-13
APOLD1,-0.55501493,2.24e-14,8.17e-13
LGALS12,-2.40216967,2.27e-14,8.26e-13
PTP4A2,-0.23935728,2.31e-14,8.41e-13
GSN,0.66313171,2.35e-14,8.55e-13
SH2D1B,-1.38458078,2.38e-14,8.62e-13
LOC105373083,0.97886124,2.38e-14,8.64e-13
SSH1,-0.45660431,2.42e-14,8.74e-13
TNFRSF18,0.63095421,2.43e-14,8.79e-13
FMNL2,-0.34705205,2.44e-14,8.81e-13
NCF4,-0.76583219,2.49e-14,8.97e-13
LOC105370786,-0.72731731,2.49e-14,8.97e-13
MATN3,-1.68168351,2.52e-14,9.04e-13
ARF4,-0.38823709,2.66e-14,9.55e-13
SLC7A6OS,-0.18098748,2.92e-14,1.04e-12
TENM3-AS1,-1.40789339,2.91e-14,1.04e-12
KLRC1,-1.41586084,2.95e-14,1.05e-12
LINC02024,1.35608886,3.02e-14,1.08e-12
ELANE,1.42010813,3.25e-14,1.16e-12
TMEM200A,-0.61569894,3.26e-14,1.16e-12
MMP14,-0.56502255,3.37e-14,1.2e-12
CADPS,1.1113302,3.49e-14,1.24e-12
FTH1,-0.51919151,3.57e-14,1.26e-12
IGLV3-1,-3.34070255,3.75e-14,1.33e-12
TMEM150B,-1.05291565,3.85e-14,1.36e-12
PLPP3,0.66046093,3.85e-14,1.36e-12
LOC105373024,-0.90217836,3.93e-14,1.38e-12
LRRC59,-0.46953921,3.93e-14,1.38e-12
LIMS4,-0.38753616,3.91e-14,1.38e-12
CMTM3,-0.61355463,4.02e-14,1.41e-12
IFITM2,-0.59047873,4.04e-14,1.41e-12
RANBP3L,-0.95102961,4.18e-14,1.46e-12
CEMIP2,-0.51874677,4.21e-14,1.47e-12
RIPOR3,-0.49535513,4.3e-14,1.5e-12
LOC105372190,-1.08362531,4.39e-14,1.53e-12
GRIN3A,0.60139066,4.52e-14,1.57e-12
CRISPLD2,-0.81476597,4.63e-14,1.61e-12
CEACAM4,-1.35747261,4.78e-14,1.66e-12
LOC105373311,-0.55255125,4.77e-14,1.66e-12
LOC107984998,-0.7914841,4.99e-14,1.73e-12
FLI1,-0.48307348,5.12e-14,1.77e-12
RGS4,-1.35678388,5.15e-14,1.78e-12
FERMT2,-0.5562686,5.19e-14,1.79e-12
C12ORF75,-0.57743351,5.36e-14,1.84e-12
TMEM116,0.39834053,5.35e-14,1.84e-12
PARVG,-0.60011375,5.51e-14,1.89e-12
ANXA6,-0.46533979,5.53e-14,1.89e-12
RBMS3,-0.46295851,5.66e-14,1.93e-12
ORC2,0.20595306,5.7e-14,1.95e-12
COL12A1,-1.37930703,5.71e-14,1.95e-12
MS4A14,-1.0611124,5.76e-14,1.96e-12
MMP9,-1.31051884,5.79e-14,1.97e-12
ZSWIM6,-0.27680408,5.89e-14,2e-12
LNX1,0.36042723,6.09e-14,2.06e-12
KLRD1,-0.98373144,6.08e-14,2.06e-12
C1RL-AS1,-0.47923438,6.38e-14,2.16e-12
DOK1,-0.68026619,6.43e-14,2.17e-12
IGHA1,-2.862677,6.48e-14,2.18e-12
UCP2,-0.86300336,6.7e-14,2.26e-12
SNX22,-0.36768785,6.75e-14,2.27e-12
NREP,-0.6021584,6.98e-14,2.35e-12
LOC105374808,0.43533811,7.06e-14,2.37e-12
LOC105371064,0.52229341,7.31e-14,2.45e-12
MDGA2,0.88573201,7.77e-14,2.6e-12
CYP11A1,-1.16419925,7.83e-14,2.62e-12
CERKL,-0.91563938,7.89e-14,2.63e-12
PIK3AP1,-0.67523428,7.9e-14,2.63e-12
GZMA,-1.5315411,7.95e-14,2.64e-12
F13A1,-0.75520201,8.32e-14,2.76e-12
COLGALT1,-0.37800086,8.3e-14,2.76e-12
ALDH1A3,-0.64415251,8.58e-14,2.84e-12
TBC1D9,-0.47552498,8.68e-14,2.87e-12
LOC105369463,-1.45081718,8.93e-14,2.95e-12
GIMAP5,-0.62799712,9.14e-14,3.02e-12
GPRIN3,-0.64200973,9.41e-14,3.1e-12
SH3RF3,-0.6026168,9.43e-14,3.1e-12
DMRT3,-1.3612111,1.01e-13,3.3e-12
TNFSF13B,-0.74837042,1.01e-13,3.33e-12
STX19,0.36493855,1.02e-13,3.35e-12
FBXL7,-0.53207934,1.04e-13,3.4e-12
SIX4,-0.92548401,1.06e-13,3.46e-12
LOC100507156,-0.69720137,1.07e-13,3.5e-12
ADA2,-0.7686998,1.15e-13,3.74e-12
PLXND1,-0.6868433,1.16e-13,3.78e-12
CCN3,-0.84272029,1.21e-13,3.93e-12
PLPPR4,-0.59979906,1.22e-13,3.98e-12
GPR4,-1.07927336,1.23e-13,4e-12
LPGAT1,-0.33552905,1.25e-13,4.04e-12
CD1D,-1.20470926,1.26e-13,4.09e-12
RFX5,-0.27928298,1.28e-13,4.15e-12
LOC107985054,-0.86374869,1.28e-13,4.15e-12
MAP9,-0.63255195,1.32e-13,4.25e-12
CLEC4G,-1.5703777,1.33e-13,4.26e-12
ESAM,-0.55382182,1.33e-13,4.26e-12
OAF,-0.79650108,1.32e-13,4.26e-12
LOC613206,-0.63353256,1.33e-13,4.26e-12
CACNA1C-IT3,-0.83411608,1.4e-13,4.5e-12
C1QTNF7,0.9630433,1.42e-13,4.53e-12
GPSM3,-0.59547815,1.43e-13,4.57e-12
PIK3R5,-0.74902292,1.44e-13,4.58e-12
PPL,0.49604171,1.46e-13,4.64e-12
ARRB2,-0.49424706,1.46e-13,4.66e-12
PEA15,-0.30641448,1.48e-13,4.7e-12
LILRB2,-1.01724562,1.48e-13,4.71e-12
TCEA3,0.31190754,1.5e-13,4.74e-12
GZMK,-1.61032198,1.55e-13,4.92e-12
TMEM140,-0.28244755,1.6e-13,5.07e-12
SLC2A3,-0.70440894,1.65e-13,5.21e-12
IGSF21,-1.2469724,1.68e-13,5.31e-12
SELL,-1.30053647,1.7e-13,5.36e-12
CTSL,-0.59255855,1.71e-13,5.37e-12
LOC102723635,-1.25210627,1.71e-13,5.38e-12
LPIN2,-0.35208212,1.76e-13,5.53e-12
BEST1,-0.51090485,1.9e-13,5.95e-12
STING1,-0.52143624,1.97e-13,6.17e-12
RELT,-0.64742856,2.08e-13,6.5e-12
DNAJC25-GNG10,-0.42916317,2.09e-13,6.53e-12
HS3ST3A1,-0.68898857,2.13e-13,6.64e-12
VAV1,-0.7124297,2.14e-13,6.66e-12
INPP4A,-0.24309445,2.14e-13,6.67e-12
SEC24D,-0.51869041,2.22e-13,6.9e-12
LOC105373649,1.16337799,2.32e-13,7.18e-12
FGD2,-0.68270441,2.4e-13,7.43e-12
SUSD1,-0.42128278,2.51e-13,7.77e-12
ANGPTL2,-0.62734398,2.61e-13,8.07e-12
CD36,-1.08927813,2.65e-13,8.18e-12
UST-AS1,0.61503013,2.67e-13,8.22e-12
LOC105378443,-0.60779087,2.7e-13,8.32e-12
MIR198,-0.74373994,2.78e-13,8.54e-12
LNPK,0.24665308,2.8e-13,8.57e-12
IL18RAP,-0.92836961,2.79e-13,8.57e-12
MYH4,-1.23452013,2.79e-13,8.57e-12
VAMP5,-0.51863717,2.8e-13,8.57e-12
LINC01426,-1.33324489,2.82e-13,8.61e-12
NOD1,-0.30762897,2.84e-13,8.66e-12
NHSL2,-0.44820855,2.9e-13,8.85e-12
MEF2C,-0.4103139,2.98e-13,9.07e-12
CA13,0.41883969,2.99e-13,9.09e-12
FMNL3,-0.54375912,3e-13,9.1e-12
RBP5,-0.55365545,3.07e-13,9.33e-12
PTPN9,-0.21843641,3.09e-13,9.37e-12
ANGPT1,-0.7084126,3.14e-13,9.5e-12
CTSS,-0.76136234,3.15e-13,9.54e-12
ELN,-1.13856449,3.31e-13,9.99e-12
SNAP25,-0.99863473,3.35e-13,1.01e-11
SH3TC1,-0.75333,3.38e-13,1.02e-11
LOC101926953,1.2519627,3.41e-13,1.02e-11
COL1A1,-1.39555934,3.4e-13,1.02e-11
FABP4,-1.6617342,3.47e-13,1.04e-11
FCER1G,-0.81640598,3.47e-13,1.04e-11
PYCR1,-0.83129791,3.49e-13,1.05e-11
TRIO,-0.23448776,3.52e-13,1.05e-11
NKD1,0.58724653,3.55e-13,1.06e-11
CLEC1A,-0.50632798,3.56e-13,1.06e-11
LOC102724572,-1.27715721,3.64e-13,1.08e-11
CYREN,-0.21469266,3.65e-13,1.09e-11
ROBO4,-0.73154399,3.72e-13,1.11e-11
LTF,-2.54049199,3.78e-13,1.12e-11
CD22,-1.76426931,3.9e-13,1.16e-11
ADIPOQ,-2.24194531,4.03e-13,1.2e-11
PTPRJ,-0.42993556,4.08e-13,1.21e-11
UST,0.54124325,4.12e-13,1.22e-11
CYP2W1,1.07198252,4.33e-13,1.28e-11
ANK2-AS1,0.74531741,4.37e-13,1.29e-11
LATS2,-0.41172992,4.41e-13,1.3e-11
B4GALT5,-0.34864427,4.52e-13,1.33e-11
LOC105378046,0.59368884,4.55e-13,1.34e-11
SGCA,0.95303699,4.62e-13,1.36e-11
SLC7A7,-0.53872016,5.13e-13,1.5e-11
MECOM,-0.50331438,5.35e-13,1.57e-11
PPIB,-0.36846353,5.47e-13,1.6e-11
CCRL2,-0.94279193,5.56e-13,1.62e-11
ANO6,-0.25359514,5.7e-13,1.66e-11
ZNF366,-0.51438425,5.81e-13,1.69e-11
CACNA1C-AS4,-0.80207628,5.86e-13,1.71e-11
CALCRL,-0.47531947,5.92e-13,1.72e-11
RSPO3,-0.75480489,6.08e-13,1.76e-11
FMO3,-0.81183459,6.05e-13,1.76e-11
LBH,-0.50801853,6.28e-13,1.82e-11
MGAT2,-0.32950869,6.31e-13,1.83e-11
LOC100507560,1.63115647,6.46e-13,1.87e-11
GIMAP1-GIMAP5,-0.58641682,6.71e-13,1.94e-11
GNG10,-0.44479036,6.78e-13,1.96e-11
CD33,-0.62772388,6.94e-13,2e-11
TIE1,-0.62182122,6.99e-13,2.01e-11
LOC112268100,-0.58007566,7.14e-13,2.05e-11
ITGA1,-0.49606966,7.27e-13,2.09e-11
EPB41L4A-AS1,0.28757449,7.28e-13,2.09e-11
FSTL1,-0.72272083,7.4e-13,2.12e-11
CLEC14A,-0.51096479,7.46e-13,2.13e-11
LOC392232,-1.12029147,7.67e-13,2.19e-11
CNR2,-1.51867614,7.72e-13,2.2e-11
LINC01315,0.51398498,8.02e-13,2.29e-11
NABP1,-0.59062002,8.12e-13,2.31e-11
TMEM163,-1.20999253,8.23e-13,2.34e-11
C1QTNF6,-0.70514027,8.33e-13,2.37e-11
CHRDL2,-1.37392184,8.71e-13,2.47e-11
LILRA5,-1.73831248,9.06e-13,2.57e-11
PLA2G15,-0.29070591,9.15e-13,2.59e-11
LOC105372639,-1.42724065,9.22e-13,2.61e-11
ORAI2,-0.54671874,9.3e-13,2.63e-11
VCL,-0.26049548,9.6e-13,2.71e-11
SEMA5A,-0.42075415,9.77e-13,2.75e-11
LOC107985037,0.64821688,1e-12,2.81e-11
SLC14A2-AS1,-1.02699186,9.98e-13,2.81e-11
RIN2,-0.2722414,1.02e-12,2.85e-11
PAK2,-0.24581651,1.02e-12,2.86e-11
MS4A1,-2.58916823,1.09e-12,3.05e-11
RNF122,-0.50439024,1.09e-12,3.06e-11
CNKSR2,0.93621944,1.11e-12,3.11e-11
LOC105375977,-1.27111389,1.14e-12,3.2e-11
ADIPOQ-AS1,-2.21574295,1.2e-12,3.35e-11
TLR4,-0.69291394,1.23e-12,3.42e-11
ADORA3,-1.25908224,1.25e-12,3.49e-11
RGS16,-0.92891706,1.25e-12,3.49e-11
LOC105375172,-0.88257315,1.29e-12,3.58e-11
S1PR1,-0.44418969,1.35e-12,3.72e-11
GNG11,-0.45028387,1.34e-12,3.72e-11
LOC105376426,-0.59844166,1.34e-12,3.72e-11
EGF,0.76310342,1.38e-12,3.82e-11
OSBPL10,-0.32613701,1.4e-12,3.88e-11
LIPA,-0.4531011,1.43e-12,3.93e-11
SLAMF7,-0.98526455,1.47e-12,4.05e-11
CYP4X1,0.58337044,1.48e-12,4.07e-11
LINC02889,-1.0888076,1.55e-12,4.26e-11
LOC107986853,-0.97381011,1.57e-12,4.29e-11
MAP3K4,0.20572391,1.57e-12,4.29e-11
ZFHX4,-0.76348113,1.57e-12,4.29e-11
INPP5D,-0.46165354,1.6e-12,4.37e-11
DOC2B,-0.64089482,1.61e-12,4.4e-11
JCHAIN,-2.45752384,1.62e-12,4.43e-11
TPM4,-0.37956743,1.64e-12,4.48e-11
BST2,-1.0084141,1.75e-12,4.76e-11
TDO2,-1.83012285,1.75e-12,4.77e-11
LOC105375566,-0.94088146,1.76e-12,4.8e-11
TPSG1,1.23913316,1.79e-12,4.86e-11
FRMD7,0.51561394,1.81e-12,4.91e-11
ENPP5,0.72901522,1.81e-12,4.92e-11
IDO1,-1.5865343,1.85e-12,5e-11
LOC105371356,0.518513,1.87e-12,5.06e-11
FERMT3,-0.5984604,1.89e-12,5.11e-11
LHX6,-0.75591273,1.92e-12,5.19e-11
CSGALNACT2,-0.29896381,1.99e-12,5.37e-11
CIDEC,-2.19947937,2.03e-12,5.46e-11
ENG,-0.77605075,2.03e-12,5.47e-11
CXCL2,-1.2765738,2.11e-12,5.66e-11
TRAM2,-0.4076803,2.13e-12,5.71e-11
ZNF273,0.4526935,2.18e-12,5.84e-11
LOC105378485,-0.93412525,2.19e-12,5.87e-11
RAC2,-0.67340593,2.24e-12,5.99e-11
MMD,-0.8125587,2.25e-12,6e-11
PRR29,-0.61662894,2.26e-12,6.03e-11
GXYLT2,-0.95552695,2.31e-12,6.15e-11
DDAH1,-0.42006786,2.33e-12,6.22e-11
CDNF,0.40043522,2.34e-12,6.23e-11
PPT1,-0.26359303,2.35e-12,6.25e-11
TEAD2,-0.46090432,2.36e-12,6.27e-11
PRCP,-0.29363756,2.36e-12,6.27e-11
WIPF1,-0.47061288,2.46e-12,6.52e-11
TASL,-0.88368362,2.49e-12,6.59e-11
ESYT3,0.41777156,2.54e-12,6.71e-11
ATOH8,0.70708197,2.63e-12,6.96e-11
ASXL1,-0.19245159,2.72e-12,7.17e-11
L3MBTL4,0.38258525,2.88e-12,7.6e-11
MCL1,-0.27627738,2.89e-12,7.61e-11
LOC105371611,-0.67444864,2.89e-12,7.61e-11
LOC105371654,-0.82900756,2.9e-12,7.61e-11
GPAM,-1.65691034,2.9e-12,7.62e-11
RNF150,-0.56881795,2.93e-12,7.67e-11
IRS4,0.99661194,2.95e-12,7.73e-11
HLA-DMA,-0.66956515,2.95e-12,7.73e-11
FIRRE,-0.76117217,2.98e-12,7.79e-11
SIRPB2,-0.88184131,3.03e-12,7.9e-11
SERPINF1,-0.63067729,3.04e-12,7.93e-11
P2RY8,-1.013426,3.16e-12,8.24e-11
TBCEL,-0.23081133,3.25e-12,8.47e-11
BCL6B,-0.6093325,3.41e-12,8.86e-11
POU2AF1,-1.92000533,3.55e-12,9.22e-11
SFMBT2,-0.5178891,3.56e-12,9.23e-11
ASTN2-AS1,-0.7701771,3.56e-12,9.23e-11
FOXP1,-0.23827965,3.62e-12,9.37e-11
AOC3,-0.90375809,3.63e-12,9.39e-11
TNFRSF1A,-0.33384432,3.65e-12,9.44e-11
C14ORF93,0.21603085,3.67e-12,9.47e-11
IGSF21-AS1,-1.37868628,3.68e-12,9.48e-11
PHTF1,-0.40665306,3.7e-12,9.52e-11
NRIP1,-0.27481324,3.79e-12,9.74e-11
REEP2,0.67828353,3.8e-12,9.75e-11
SAMSN1,-0.88047928,3.85e-12,9.9e-11
IL16,0.38027226,4.02e-12,1.03e-10
PTPRN2,-0.59534309,4e-12,1.03e-10
EMILIN1,-0.76598498,4.06e-12,1.04e-10
ADAMTS3,-0.78132882,4.06e-12,1.04e-10
MS4A4E,-0.64767285,4.12e-12,1.05e-10
ARHGEF37,0.34099424,4.11e-12,1.05e-10
SAMD3,-0.73315123,4.17e-12,1.06e-10
FLJ32255,-0.64003451,4.21e-12,1.07e-10
UST-AS2,0.56439447,4.25e-12,1.08e-10
C14ORF180,-2.62563444,4.3e-12,1.09e-10
LINC01362,0.91407023,4.37e-12,1.11e-10
MIR22HG,-0.48251623,4.4e-12,1.12e-10
TRARG1,-2.26794321,4.58e-12,1.16e-10
CCL5,-1.28732668,4.64e-12,1.17e-10
LOC105371981,-0.76971418,4.6e-12,1.17e-10
LOC284933,0.98660272,4.79e-12,1.21e-10
CCL8,-1.46434568,4.84e-12,1.22e-10
TMSB10,-0.43696998,4.86e-12,1.22e-10
ADCYAP1,-2.69395693,4.9e-12,1.23e-10
DOK2,-0.75055613,5.05e-12,1.27e-10
NPR1,-0.65689039,5.21e-12,1.31e-10
FPR3,-0.95168473,5.24e-12,1.31e-10
OPHN1,0.27633137,5.29e-12,1.33e-10
POU2F2,-0.63984542,5.35e-12,1.34e-10
PLEKHG2,-0.70172354,5.39e-12,1.35e-10
MROH9,-0.66037849,5.54e-12,1.38e-10
ARHGAP32,0.25013283,5.55e-12,1.39e-10
HNMT,-0.46892411,5.62e-12,1.4e-10
COL14A1,-0.8393678,5.85e-12,1.45e-10
AKR1B10,-1.37395998,5.82e-12,1.45e-10
FN1,-1.18266361,5.81e-12,1.45e-10
KLF8,0.33344028,6e-12,1.49e-10
LOC107986290,-0.62348842,6.04e-12,1.5e-10
SDSL,-0.84413877,6.06e-12,1.5e-10
LOXL1,-0.94760881,6.12e-12,1.52e-10
TMED7-TICAM2,-0.21041735,6.16e-12,1.53e-10
LIMS3-LOC440895,-0.40838012,6.2e-12,1.53e-10
HLA-DMB,-0.69818661,6.31e-12,1.56e-10
JOSD1,-0.18463442,6.37e-12,1.57e-10
LOC107984945,-1.24412197,6.44e-12,1.59e-10
F2R,-0.36513758,6.52e-12,1.6e-10
RALGPS1,0.28265012,6.55e-12,1.61e-10
GDF15,-1.17041898,6.53e-12,1.61e-10
ATP13A4-AS1,0.49637611,6.73e-12,1.65e-10
CNTN6,1.12038038,6.83e-12,1.68e-10
AARS1,-0.29581846,6.91e-12,1.69e-10
LOC107986399,0.59627279,6.93e-12,1.69e-10
RB1,-0.24838225,6.93e-12,1.69e-10
LOC107986619,1.15446466,6.95e-12,1.7e-10
GADD45B,-0.69919586,7.13e-12,1.74e-10
ACSL4,-0.32529524,7.12e-12,1.74e-10
RADX,0.42337005,7.37e-12,1.8e-10
FAM118B,-0.17425358,7.45e-12,1.81e-10
PGM5P2,0.37712799,7.57e-12,1.84e-10
FHAD1-AS1,-1.06737514,7.62e-12,1.85e-10
TENM3,-0.71605219,7.78e-12,1.88e-10
FLRT2,-0.38116238,7.73e-12,1.88e-10
CD74,-0.71399872,7.75e-12,1.88e-10
LOC101927069,-0.56474212,7.87e-12,1.9e-10
RFTN1,-0.38318226,8.24e-12,1.99e-10
PREB,-0.27035335,8.62e-12,2.08e-10
CD63,-0.40285808,8.73e-12,2.1e-10
MKNK1,-0.20961031,8.71e-12,2.1e-10
SMAP2,-0.33970215,8.85e-12,2.13e-10
LOC112268430,-1.08956254,9.02e-12,2.17e-10
ITGBL1,-0.81327219,9.05e-12,2.18e-10
SYNE1,0.40076172,9.11e-12,2.19e-10
BICC1,-0.53541795,9.17e-12,2.2e-10
DOK3,-0.77139812,9.25e-12,2.22e-10
ITGA7,-0.70195501,9.4e-12,2.25e-10
CD101,-0.3212688,9.5e-12,2.27e-10
LOC107984234,-0.55908372,9.56e-12,2.28e-10
TMEM44,-0.40471811,9.72e-12,2.32e-10
ARHGAP18,-0.37333103,9.77e-12,2.33e-10
IL12RB1,-1.03467839,9.97e-12,2.37e-10
LINC02246,-0.54409455,9.95e-12,2.37e-10
NTN1,0.63196757,1e-11,2.38e-10
IFI27,-1.51266565,1.01e-11,2.41e-10
KIRREL1,-0.49994954,1.05e-11,2.5e-10
LOC107984690,-0.69465377,1.05e-11,2.5e-10
MDFIC,-0.33868488,1.08e-11,2.56e-10
IFNGR2,-0.19831709,1.09e-11,2.57e-10
ST6GAL1,-0.41713846,1.09e-11,2.58e-10
SLC16A3,-0.89029711,1.1e-11,2.6e-10
SMARCD3,-0.35716593,1.11e-11,2.61e-10
LOC105375730,-0.5697489,1.11e-11,2.62e-10
WAS,-0.74975751,1.13e-11,2.65e-10
EXOG,-0.30935952,1.15e-11,2.71e-10
LINC03044,0.55045051,1.15e-11,2.71e-10
ZNF22,-0.30522271,1.17e-11,2.75e-10
LINC01013,-1.23943787,1.18e-11,2.77e-10
IL10,-1.24518125,1.21e-11,2.83e-10
ALPK3,-0.6806051,1.22e-11,2.85e-10
HUNK,0.48637382,1.22e-11,2.86e-10
ADCY3,-0.43821256,1.24e-11,2.91e-10
IGHV3-15,-3.57218176,1.27e-11,2.95e-10
LOC729683,-0.62679876,1.27e-11,2.95e-10
LOC105372659,-0.89003459,1.28e-11,2.99e-10
PLAAT3,-0.97128747,1.28e-11,2.99e-10
FILIP1L,-0.36638447,1.31e-11,3.04e-10
C1ORF54,-0.48670574,1.32e-11,3.06e-10
DENND5A,-0.33358277,1.33e-11,3.08e-10
MYO7A,-0.70336699,1.35e-11,3.13e-10
CDKN2A,-1.08648627,1.36e-11,3.16e-10
CCR5,-1.12583403,1.37e-11,3.16e-10
G0S2,-2.02403922,1.37e-11,3.18e-10
PLEKHA5,0.31039131,1.37e-11,3.18e-10
KCNJ15,-0.8312792,1.39e-11,3.21e-10
LPCAT1,-0.51656093,1.4e-11,3.23e-10
ACVR1C,-1.46255031,1.41e-11,3.24e-10
LINC02384,-1.29447072,1.42e-11,3.27e-10
CACNA1C,-0.60386726,1.46e-11,3.35e-10
UNC5A,-1.01769299,1.47e-11,3.38e-10
ANOS1,-0.54029765,1.48e-11,3.39e-10
PRKCA,-0.34186388,1.51e-11,3.46e-10
LIMS1,-0.31364521,1.52e-11,3.48e-10
DOCK9-DT,0.40781822,1.52e-11,3.48e-10
LOC105376845,0.6767173,1.59e-11,3.63e-10
MBLAC2,0.2557631,1.59e-11,3.64e-10
BHLHE22-AS1,-0.93952657,1.6e-11,3.65e-10
LOC105371314,-0.8672007,1.6e-11,3.66e-10
LOC105371464,-0.71178759,1.61e-11,3.68e-10
AFAP1L1,-0.45010896,1.69e-11,3.86e-10
SAA2-SAA4,-2.14259701,1.7e-11,3.86e-10
TMEM230,-0.26093746,1.7e-11,3.86e-10
CFB,-0.62863209,1.69e-11,3.86e-10
PELATON,-1.05658987,1.72e-11,3.9e-10
SLC2A5,-0.78042698,1.76e-11,4e-10
TMIGD3,-1.33373099,1.77e-11,4.01e-10
REELD1,0.96460343,1.77e-11,4.01e-10
GAB3,-0.47195652,1.79e-11,4.06e-10
TLR1,-0.56575292,1.81e-11,4.09e-10
LILRA6,-0.85993194,1.82e-11,4.11e-10
ACER3,-0.27586153,1.84e-11,4.15e-10
LOC105371665,0.9348465,1.85e-11,4.16e-10
BHLHE22,-0.66631061,1.85e-11,4.16e-10
LOC102723395,-0.89833053,1.86e-11,4.19e-10
MILR1,-0.5871835,1.88e-11,4.22e-10
MAGED1,-0.39290325,1.88e-11,4.23e-10
PARP16,0.22417531,1.89e-11,4.24e-10
HTRA4,-0.8203082,1.95e-11,4.37e-10
NPR3,-0.94662632,1.96e-11,4.38e-10
EGFLAM,-0.43801016,2e-11,4.48e-10
TMSB4X,-0.38896947,2.03e-11,4.54e-10
CLEC9A,-0.76622471,2.14e-11,4.79e-10
FES,-0.45685312,2.17e-11,4.84e-10
ALDH3A2,0.37962845,2.18e-11,4.85e-10
KCNIP2,-0.95611736,2.22e-11,4.95e-10
LOC107987015,-0.7191327,2.23e-11,4.97e-10
TMEM88,-0.66291085,2.24e-11,4.98e-10
FUCA1,-0.38782395,2.28e-11,5.06e-10
PIK3CG,-0.59095025,2.36e-11,5.24e-10
LINC02977,-0.49795833,2.38e-11,5.27e-10
CD177,-1.86414871,2.44e-11,5.39e-10
LOC105374338,0.65160313,2.44e-11,5.4e-10
LOC107986361,-0.41260127,2.45e-11,5.42e-10
IKZF3,-1.02561332,2.45e-11,5.42e-10
LOC105378148,0.8556147,2.53e-11,5.57e-10
GSDMD,-0.45777736,2.57e-11,5.67e-10
UGGT1,-0.15154964,2.6e-11,5.72e-10
LOC100506474,-1.01598012,2.6e-11,5.72e-10
SLFN12,-0.49455565,2.7e-11,5.93e-10
F8,-0.58282456,2.74e-11,6.03e-10
KCNJ5,-0.70072663,2.75e-11,6.03e-10
RGMB,0.34754566,2.78e-11,6.09e-10
IGFBP2,-0.71571041,2.82e-11,6.18e-10
BIN2,-0.6622124,2.89e-11,6.33e-10
MYH10,-0.26109655,2.9e-11,6.35e-10
PRRX1,-0.57249438,2.93e-11,6.41e-10
ARHGAP15,-0.57836829,2.98e-11,6.5e-10
NGFR,-0.9288463,3e-11,6.54e-10
MTMR9LP,-0.48916311,3.03e-11,6.61e-10
ARPC5,-0.23666478,3.05e-11,6.63e-10
TRAF3,-0.32578417,3.08e-11,6.69e-10
LINC02842,1.02030143,3.08e-11,6.7e-10
SLC40A1,-0.59569289,3.1e-11,6.73e-10
KIAA1217,-0.30179801,3.11e-11,6.74e-10
SPRED1,-0.2519467,3.11e-11,6.74e-10
RAB3C,-0.88600777,3.15e-11,6.82e-10
SLC12A5-AS1,-1.16416625,3.18e-11,6.89e-10
CCR7,-0.85279009,3.2e-11,6.91e-10
LSM6,0.39538059,3.2e-11,6.91e-10
EBI3,-1.19048985,3.22e-11,6.95e-10
LOC105374413,-1.14762488,3.32e-11,7.15e-10
GSTM5,0.89048475,3.34e-11,7.2e-10
LURAP1L,-0.3640829,3.36e-11,7.24e-10
P3R3URF-PIK3R3,-0.53410377,3.38e-11,7.27e-10
NIT2,0.22049488,3.42e-11,7.36e-10
FNDC3B,-0.33245174,3.52e-11,7.55e-10
H4C9,-0.58868199,3.53e-11,7.57e-10
VENTX,-0.72463484,3.54e-11,7.59e-10
TUSC7,0.97151518,3.6e-11,7.7e-10
FCN1,-1.06075933,3.63e-11,7.76e-10
NAPSB,-0.85983903,3.66e-11,7.82e-10
NCF1C,-0.81606483,3.72e-11,7.96e-10
WHAMMP2,-0.43725109,3.73e-11,7.97e-10
LOC107984616,-0.79052669,3.75e-11,8e-10
LOC107986217,-0.86583851,3.76e-11,8.02e-10
LOC105369958,-1.10358215,3.86e-11,8.21e-10
PRKG2,0.91652013,3.88e-11,8.25e-10
CCDC60,-0.92034729,3.99e-11,8.49e-10
CCNB1IP1,0.23666371,4.03e-11,8.56e-10
CD300E,-1.07411651,4.06e-11,8.61e-10
ATP13A4,0.40636696,4.27e-11,9.05e-10
CALHM6,-1.12905134,4.38e-11,9.26e-10
PCED1A,-0.38932479,4.38e-11,9.26e-10
SLC12A1,-0.84179171,4.38e-11,9.27e-10
LOC107986850,-0.8308331,4.42e-11,9.34e-10
GRK3,-0.35625529,4.46e-11,9.41e-10
KLF7,-0.37461401,4.48e-11,9.44e-10
LAMA2,-0.55909202,4.49e-11,9.45e-10
PIK3R3,-0.51824614,4.49e-11,9.45e-10
RGMB-AS1,0.62640663,4.56e-11,9.59e-10
LAT2,-0.48588713,4.77e-11,1e-09
CRIPT,0.2130379,4.77e-11,1e-09
RHOBTB1,-0.4130818,4.82e-11,1.01e-09
TSPAN3,-0.26606283,4.84e-11,1.02e-09
IL6ST,-0.32314665,4.93e-11,1.03e-09
NR2F2,-0.57709296,4.94e-11,1.03e-09
SLC9A7P1,-0.76283429,4.99e-11,1.04e-09
MYD88,-0.41163842,5e-11,1.05e-09
IL32,-0.85490311,5.09e-11,1.06e-09
LOC101928663,-0.88735119,5.18e-11,1.08e-09
CDO1,-1.04578274,5.23e-11,1.09e-09
BTAF1,0.25742319,5.35e-11,1.11e-09
SYBU-AS1,0.81067766,5.36e-11,1.12e-09
TLR2,-0.59938129,5.44e-11,1.13e-09
COL5A1,-0.97789471,5.45e-11,1.13e-09
CLEC4GP1,-0.89403733,5.44e-11,1.13e-09
LOC105369782,0.33074367,5.61e-11,1.16e-09
COPG1,-0.17571542,5.61e-11,1.16e-09
MYO1F,-0.61570539,5.64e-11,1.17e-09
CHST15,-0.33016839,5.76e-11,1.19e-09
PTPRB,-0.41204485,5.87e-11,1.21e-09
MXRA8,-0.66498576,5.86e-11,1.21e-09
PKD2,-0.23264904,5.87e-11,1.21e-09
LOC107984546,-0.28399061,5.9e-11,1.22e-09
CCBE1,0.5860477,5.99e-11,1.23e-09
PLIN1,-1.97405988,5.98e-11,1.23e-09
CAPS,0.46446809,6.01e-11,1.24e-09
BCAT1,-0.73335406,6.11e-11,1.26e-09
LYZ,-0.98360315,6.24e-11,1.28e-09
TRDC,-0.85130112,6.3e-11,1.29e-09
ZMAT3,-0.40121718,6.29e-11,1.29e-09
LOC105374421,-0.51700338,6.36e-11,1.3e-09
SEMA3D,0.67134166,6.38e-11,1.31e-09
TRPA1,-0.52336584,6.43e-11,1.32e-09
LINC01450,-1.03522093,6.51e-11,1.33e-09
LOC101928119,-0.3640351,6.54e-11,1.33e-09
RGCC,-0.60801287,6.62e-11,1.35e-09
RAB29,-0.41130048,6.68e-11,1.36e-09
SLITRK4,0.80674635,6.66e-11,1.36e-09
RAB7B,0.27072557,6.75e-11,1.37e-09
SLC4A5,0.29859669,6.91e-11,1.4e-09
LOC105377918,-1.33096077,6.86e-11,1.4e-09
IGLV3-21,-3.28745872,6.89e-11,1.4e-09
PDE3A,-0.60874035,7.03e-11,1.42e-09
PLSCR1,-0.65967551,7e-11,1.42e-09
CX3CR1,-0.75462091,7.02e-11,1.42e-09
FAM124A,-0.42005292,6.99e-11,1.42e-09
FMO2,-0.84247624,7.05e-11,1.43e-09
ECEL1,-1.66695069,7.18e-11,1.45e-09
RNASE1,-0.73231377,7.23e-11,1.46e-09
MLKL,-0.39817814,7.28e-11,1.47e-09
OAS2,-1.40081611,7.45e-11,1.5e-09
GLRB,0.63752749,7.53e-11,1.52e-09
TIMP4,-1.29454714,7.62e-11,1.53e-09
MPP1,-0.27984982,7.62e-11,1.53e-09
ADAMTS5,-0.5994905,7.93e-11,1.59e-09
UBE2H,-0.16901649,8e-11,1.6e-09
MINAR1,-0.5759713,7.98e-11,1.6e-09
SCD5,0.49442626,7.97e-11,1.6e-09
ARID5B,-0.26514998,8.1e-11,1.62e-09
LOC105377743,-0.78010381,8.1e-11,1.62e-09
VAT1L,-1.30735253,8.18e-11,1.64e-09
TMTC1,-0.4913027,8.46e-11,1.69e-09
STX2,-0.44125131,8.48e-11,1.69e-09
IGLV1-51,-1.35996324,8.5e-11,1.7e-09
CACNB4,-0.69558338,8.57e-11,1.71e-09
NRROS,-0.57063661,8.65e-11,1.72e-09
LILRB5,-0.69496359,9e-11,1.79e-09
SPRY3,-0.33010085,9.06e-11,1.8e-09
CHP2,0.50028242,9.23e-11,1.83e-09
RFX8,-0.71601441,9.52e-11,1.89e-09
NDFIP2,0.37673962,9.54e-11,1.89e-09
LOXL3,-0.42647733,9.76e-11,1.93e-09
RNF130,-0.27733229,9.87e-11,1.95e-09
PTPRM,-0.33912909,9.92e-11,1.96e-09
SCARF2,-0.92811582,1.01e-10,1.99e-09
CEMIP,-0.82721978,1.02e-10,2.01e-09
RBP4,-1.97235718,1.04e-10,2.04e-09
GNPDA1,-0.26354795,1.04e-10,2.05e-09
COL26A1,-1.18435045,1.05e-10,2.07e-09
LOC101928045,-0.49883264,1.09e-10,2.15e-09
AAK1,-0.18477649,1.09e-10,2.15e-09
KATNAL2,0.29071373,1.1e-10,2.15e-09
TYMP,-0.82404501,1.13e-10,2.21e-09
LOC105377483,0.83083827,1.18e-10,2.32e-09
PRDM8,0.61941654,1.18e-10,2.32e-09
FCMR,-1.10087563,1.19e-10,2.33e-09
PM20D2,0.24394611,1.2e-10,2.34e-09
LOC112268081,-0.90756425,1.22e-10,2.38e-09
TTC7B-AS1,-0.44815907,1.22e-10,2.38e-09
GNA12,-0.40784316,1.22e-10,2.39e-09
STK26,0.32898653,1.24e-10,2.42e-09
SCEL,0.58030012,1.25e-10,2.43e-09
LOC105374054,1.09219851,1.27e-10,2.48e-09
ATP13A3,-0.25299586,1.3e-10,2.54e-09
FSTL3,-0.5538892,1.32e-10,2.56e-09
FMO1,-0.73533686,1.32e-10,2.56e-09
PGAP1,0.31788508,1.33e-10,2.59e-09
MIR4709,-0.35449667,1.37e-10,2.66e-09
LILRA1,-1.04344549,1.38e-10,2.67e-09
ZNF563,0.20719194,1.4e-10,2.72e-09
DPY19L2,-0.47356963,1.41e-10,2.72e-09
CCDC88A,-0.31933708,1.42e-10,2.76e-09
NCF4-AS1,-0.82100707,1.43e-10,2.77e-09
CD300LF,-1.22202034,1.44e-10,2.77e-09
LINC01480,-1.20823345,1.48e-10,2.86e-09
SERPINB6,-0.29763976,1.48e-10,2.86e-09
SYNPO,-0.70611079,1.49e-10,2.88e-09
MDFI,-0.49450324,1.49e-10,2.88e-09
WWC2,-0.2696786,1.5e-10,2.89e-09
HSPA13,-0.32132235,1.53e-10,2.94e-09
LRRC58-DT,-0.66144581,1.58e-10,3.03e-09
LOC101448202,-0.98251553,1.58e-10,3.03e-09
CSF2RB,-0.59754227,1.61e-10,3.09e-09
GLMP,-0.24390599,1.62e-10,3.1e-09
TMEM273,-0.42497244,1.63e-10,3.11e-09
PSMB10,-0.42066368,1.62e-10,3.11e-09
RELB,-0.62909029,1.63e-10,3.12e-09
PCBP3-AS1,-1.04708179,1.65e-10,3.15e-09
SNX18,-0.21923358,1.65e-10,3.16e-09
CDC42BPA,-0.21959196,1.69e-10,3.23e-09
LIMS3,-0.3726874,1.71e-10,3.27e-09
FGF14,-0.69128514,1.72e-10,3.28e-09
SIX1,-1.14406723,1.76e-10,3.34e-09
PTGFRN,-0.35113064,1.78e-10,3.38e-09
SOX6,0.5663298,1.82e-10,3.45e-09
ASRGL1,-0.64354697,1.84e-10,3.5e-09
LINC01133,0.43781032,1.88e-10,3.57e-09
ITGAX,-0.83091815,1.89e-10,3.58e-09
SLC26A9-AS1,0.28118189,1.91e-10,3.61e-09
PLOD2,-0.6193502,1.91e-10,3.61e-09
LOC107984452,0.69017793,1.93e-10,3.64e-09
DNAJB2,0.27550743,1.93e-10,3.65e-09
STARD13,-0.2988654,1.94e-10,3.66e-09
AP2M1,-0.19001843,1.98e-10,3.74e-09
TP53I3,-0.34123955,1.98e-10,3.74e-09
C1ORF35,0.24993301,2e-10,3.76e-09
GZMB,-1.34374362,2e-10,3.77e-09
GANAB,-0.24062692,2.02e-10,3.8e-09
SLC6A6,-0.61201941,2.05e-10,3.85e-09
PDE7B-AS1,-0.67572833,2.05e-10,3.86e-09
RNF112,0.58821072,2.06e-10,3.86e-09
PLAUR,-0.63493748,2.07e-10,3.88e-09
GLDN,0.55225781,2.07e-10,3.88e-09
ADAMTS1,-0.56379531,2.08e-10,3.89e-09
SKIDA1,0.37562795,2.1e-10,3.92e-09
SPOCD1,-1.22987792,2.13e-10,3.98e-09
PPM1L,0.20935612,2.14e-10,4.01e-09
SP8,1.00706578,2.18e-10,4.08e-09
HIF1A,-0.37967079,2.25e-10,4.19e-09
LAP3,-0.49563414,2.26e-10,4.21e-09
CEP170,-0.23894434,2.28e-10,4.25e-09
UBFD1,-0.16128057,2.29e-10,4.26e-09
ZFP82,-0.32012595,2.3e-10,4.27e-09
TBC1D1,-0.31406631,2.33e-10,4.33e-09
LINC00597,-0.40021269,2.33e-10,4.33e-09
SERPINA5,1.00576279,2.38e-10,4.41e-09
NAP1L2,0.47095046,2.41e-10,4.46e-09
VCAN,-0.71024619,2.41e-10,4.47e-09
MAPK12,-0.65347618,2.42e-10,4.49e-09
KCNA1,1.43234277,2.43e-10,4.5e-09
ERICH2,0.67100536,2.47e-10,4.56e-09
ZNF248,0.19200749,2.51e-10,4.63e-09
LOC107986431,-0.79464288,2.51e-10,4.64e-09
CD48,-0.77635953,2.52e-10,4.65e-09
HLA-DRB6,-1.0623592,2.53e-10,4.66e-09
MEOX1,-0.54739623,2.56e-10,4.72e-09
TTYH3,-0.69393778,2.58e-10,4.75e-09
HSP90B1,-0.23720923,2.63e-10,4.83e-09
LIMD2,-0.50091829,2.63e-10,4.83e-09
IFITM1,-0.72637156,2.67e-10,4.9e-09
LOC101928361,-0.67857375,2.68e-10,4.91e-09
TRIM44,-0.15452785,2.71e-10,4.97e-09
ASIC2,0.99563643,2.73e-10,5.01e-09
KIRREL3,-0.66002929,2.74e-10,5.02e-09
CARD8-AS1,-0.43288037,2.76e-10,5.05e-09
TOGARAM2,0.67256473,2.77e-10,5.06e-09
IGSF6,-0.49706102,2.77e-10,5.06e-09
AQP7,-1.2436835,2.8e-10,5.12e-09
SPRY4-IT1,-0.71801472,2.82e-10,5.14e-09
DOCK8,-0.39155535,2.82e-10,5.15e-09
CLIC6,-0.74034002,2.93e-10,5.34e-09
CD80,-0.86542986,2.93e-10,5.34e-09
LOC107986798,-0.57867004,2.94e-10,5.36e-09
SVIL,0.22381798,2.98e-10,5.43e-09
HIF1A-AS1,-0.44010353,3.01e-10,5.48e-09
BGN,-1.05428224,3.05e-10,5.54e-09
HTRA1,-0.55292381,3.05e-10,5.54e-09
ELN-AS1,-0.9959526,3.07e-10,5.57e-09
SAMD4A-AS1,-0.52108675,3.07e-10,5.57e-09
TWSG1,-0.30667875,3.17e-10,5.74e-09
LINC00938,0.20746347,3.18e-10,5.75e-09
LOC107985217,-0.98554382,3.2e-10,5.79e-09
LOC100130256,0.78601293,3.21e-10,5.8e-09
ASIP,0.80143447,3.22e-10,5.82e-09
EPB41L2,-0.35121517,3.24e-10,5.85e-09
ZNF274,0.2035795,3.3e-10,5.94e-09
PVT1,-0.57457737,3.3e-10,5.94e-09
NLRP12,-0.82746888,3.3e-10,5.95e-09
PTPRC,-0.73388952,3.31e-10,5.96e-09
LUZP1,-0.17147928,3.31e-10,5.96e-09
CDH22,0.82506985,3.38e-10,6.06e-09
ERBB3,0.31369554,3.41e-10,6.13e-09
STARD4-AS1,-0.40767824,3.46e-10,6.21e-09
KDR,-0.3689507,3.46e-10,6.21e-09
WHAMMP3,-0.34057869,3.48e-10,6.24e-09
ARID5A,-0.43377445,3.5e-10,6.27e-09
ARHGAP9,-0.64479695,3.56e-10,6.37e-09
AEN,-0.54236916,3.58e-10,6.4e-09
PEAR1,-0.62417724,3.66e-10,6.54e-09
SPI1,-0.59840562,3.72e-10,6.64e-09
OSR2,0.69042481,3.79e-10,6.76e-09
LOC105375896,-0.73885143,3.8e-10,6.77e-09
HLF,0.38290569,3.93e-10,7e-09
ANXA8L1,0.47256765,4.01e-10,7.14e-09
YWHAH,-0.33957282,4.07e-10,7.24e-09
SMCO4,-0.38184046,4.1e-10,7.29e-09
ISG20,-0.5338506,4.12e-10,7.32e-09
HLA-DRA,-0.71315881,4.12e-10,7.32e-09
PLCXD3,-0.85533051,4.15e-10,7.35e-09
GPX8,-0.53169444,4.17e-10,7.38e-09
TREML2,-1.08517516,4.16e-10,7.38e-09
CCNYL1,-0.28212781,4.19e-10,7.42e-09
FAM78A,-0.57050749,4.28e-10,7.56e-09
IGLV2-8,-2.81222575,4.3e-10,7.59e-09
LOC101927164,0.46515268,4.34e-10,7.66e-09
C5ORF46,0.48137154,4.36e-10,7.69e-09
LOC105372801,-1.0702668,4.36e-10,7.69e-09
IL4R,-0.39554548,4.48e-10,7.9e-09
LOC102723529,-1.9358033,4.53e-10,7.98e-09
STARD3NL,-0.33644245,4.54e-10,7.99e-09
MAP7D3,-0.35683792,4.62e-10,8.12e-09
COL1A2,-0.92280591,4.73e-10,8.31e-09
GRB2,-0.24126377,4.77e-10,8.37e-09
SLC38A7,-0.32710938,4.79e-10,8.4e-09
ST3GAL1,-0.35982732,4.82e-10,8.44e-09
AJUBA,0.38007505,4.83e-10,8.45e-09
ODC1,-0.40486964,4.87e-10,8.53e-09
ADAMTS16,-1.06131098,4.89e-10,8.55e-09
LOC105371873,-0.63471536,4.91e-10,8.58e-09
MFSD13B,0.32143139,4.91e-10,8.58e-09
UVRAG,-0.15720969,4.93e-10,8.59e-09
FBN1,-0.73902208,4.92e-10,8.59e-09
C15ORF40,0.16779174,4.93e-10,8.6e-09
CCIN,-1.01147505,4.96e-10,8.65e-09
ATF7IP2,0.43426613,5.03e-10,8.75e-09
CNPY3,-0.25047459,5.1e-10,8.87e-09
C11ORF96,-0.79953424,5.15e-10,8.95e-09
MEFV,-0.83114649,5.15e-10,8.95e-09
SAA2,-2.02702146,5.18e-10,8.99e-09
TPP1,-0.50033136,5.24e-10,9.09e-09
LOC105378230,-0.44415976,5.26e-10,9.11e-09
SEMA4F,0.25042708,5.32e-10,9.21e-09
KCNS2,-0.42368977,5.36e-10,9.28e-09
PFKFB1,-0.85686776,5.45e-10,9.43e-09
PPP1R16B,-0.4658892,5.6e-10,9.67e-09
BEND6,-0.69033358,5.61e-10,9.68e-09
AGBL4,0.71741715,5.64e-10,9.73e-09
ZNF689,-0.23829558,5.65e-10,9.75e-09
HTRA3,-0.96181066,5.66e-10,9.75e-09
NEXMIF,0.361239,5.68e-10,9.79e-09
CAP2,-0.50511349,5.69e-10,9.8e-09
NCKAP1L,-0.54198695,5.71e-10,9.83e-09
CSRP3-AS1,0.66941265,5.74e-10,9.86e-09
LOC105374423,-0.468978,5.95e-10,1.02e-08
HEPACAM,-1.47117908,5.98e-10,1.03e-08
PDE3B,-0.85026957,6.12e-10,1.05e-08
NMUR1,-0.9626452,6.28e-10,1.08e-08
TMEM37,-0.62823231,6.54e-10,1.12e-08
DOCK10,-0.43151214,6.56e-10,1.12e-08
KCNJ8,-0.52889171,6.68e-10,1.14e-08
CYRIB,-0.29259334,6.66e-10,1.14e-08
FCHSD2,-0.24805961,6.77e-10,1.16e-08
SLAMF8,-0.46580854,6.98e-10,1.19e-08
IL21R,-1.06543534,7.12e-10,1.21e-08
SERPINF2,-0.59567572,7.18e-10,1.22e-08
LINCADL,-2.00183904,7.32e-10,1.25e-08
SERPINB9-AS1,-0.618371,7.33e-10,1.25e-08
B4GALT1-AS1,-0.40931503,7.44e-10,1.27e-08
B3GNT7,-0.61661257,7.58e-10,1.29e-08
IFNAR1,-0.17953034,7.59e-10,1.29e-08
SOD2,-0.41665385,7.73e-10,1.31e-08
ESYT1,-0.23644652,7.78e-10,1.32e-08
LOC105374071,-0.75538255,7.82e-10,1.33e-08
OVOL1,0.50455111,8.04e-10,1.36e-08
BISPR,-0.70405761,8.03e-10,1.36e-08
HPSE2,1.0052306,8.05e-10,1.36e-08
CES4A,0.46689795,8e-10,1.36e-08
SERF2,-0.18663719,8.12e-10,1.37e-08
CLEC2A,0.47805482,8.21e-10,1.38e-08
PNMA1,-0.42852352,8.16e-10,1.38e-08
PNPO,-0.23177124,8.3e-10,1.4e-08
MIR34AHG,-0.40615289,8.33e-10,1.4e-08
LINC02541,0.60123817,8.33e-10,1.4e-08
GLYAT,-2.0178363,8.44e-10,1.42e-08
LOC107986620,1.10672878,8.42e-10,1.42e-08
PTPRVP,0.62203261,8.61e-10,1.45e-08
IGHA2,-2.63054997,8.64e-10,1.45e-08
MLEC,-0.20139262,8.7e-10,1.46e-08
DCST1,0.40411911,8.87e-10,1.49e-08
LOC105378620,-0.72506421,8.91e-10,1.49e-08
CLSTN2,-0.61643763,9.02e-10,1.51e-08
CNN2,-0.50162164,8.99e-10,1.51e-08
CACNA1C-AS1,-0.63373089,9e-10,1.51e-08
CACNB1,0.36029984,9.19e-10,1.53e-08
CYP19A1,-0.75424568,9.17e-10,1.53e-08
DIO2,-0.95537007,9.14e-10,1.53e-08
KIF1B,0.1567436,9.25e-10,1.54e-08
VWCE,-0.94681691,9.26e-10,1.54e-08
PIGL,0.22280957,9.32e-10,1.55e-08
NETO1,1.5680525,9.5e-10,1.58e-08
FUT11,-0.25521485,9.67e-10,1.61e-08
ANGEL1,-0.22605686,9.67e-10,1.61e-08
DERL1,-0.17315782,9.66e-10,1.61e-08
LOC105372255,0.59629389,9.85e-10,1.63e-08
PREX1,-0.50853203,9.8e-10,1.63e-08
DISC1,-0.31008234,9.9e-10,1.64e-08
PIP4K2A,-0.28656286,9.99e-10,1.65e-08
EPHX2,0.35583781,9.97e-10,1.65e-08
CD8B2,1.09995399,1e-09,1.66e-08
INKA1,0.31110031,1.02e-09,1.69e-08
SLC16A10,0.53772343,1.04e-09,1.71e-08
LOC112268426,-0.90393765,1.04e-09,1.72e-08
CORO1A,-0.64369084,1.05e-09,1.73e-08
PRKAB1,-0.19020989,1.07e-09,1.76e-08
AXIN2,0.36092243,1.1e-09,1.81e-08
LOC105378948,0.45046409,1.12e-09,1.84e-08
LOC105379005,1.0630826,1.12e-09,1.84e-08
KIAA1755,-0.66736421,1.13e-09,1.86e-08
LOC102724587,-0.67935907,1.14e-09,1.87e-08
RDH10,-0.31212218,1.17e-09,1.92e-08
MEST,-0.76531758,1.18e-09,1.93e-08
SYT8,0.98415618,1.19e-09,1.94e-08
COL6A6,-0.98626696,1.19e-09,1.95e-08
ITIH3,-0.92217762,1.21e-09,1.98e-08
MYO1D,-0.28275418,1.21e-09,1.98e-08
KCTD10,-0.22676328,1.24e-09,2.02e-08
MORF4L1,-0.19012687,1.24e-09,2.03e-08
FAM177B,-0.7208148,1.25e-09,2.05e-08
C2ORF68,0.11940492,1.25e-09,2.05e-08
WDFY4,-0.77680856,1.3e-09,2.11e-08
LOC101929174,-0.576618,1.31e-09,2.14e-08
C1QTNF1-AS1,-0.76815859,1.33e-09,2.16e-08
DMXL2,-0.3659779,1.33e-09,2.17e-08
BMPR2,-0.15969217,1.38e-09,2.25e-08
GSTM3,0.64869302,1.38e-09,2.25e-08
SERPINA1,-0.97904313,1.39e-09,2.26e-08
LINC00924,-0.92609065,1.39e-09,2.26e-08
BICD1,-0.38091987,1.41e-09,2.28e-08
RGS9,0.58183325,1.41e-09,2.29e-08
C1ORF21,0.2864289,1.41e-09,2.29e-08
LOC112267859,-0.88223334,1.42e-09,2.3e-08
COX11,0.17191575,1.43e-09,2.31e-08
ST3GAL4,-0.40270754,1.45e-09,2.35e-08
FAM174A,0.22376857,1.45e-09,2.35e-08
ENAH,-0.29272973,1.45e-09,2.35e-08
PDGFB,-0.47312405,1.46e-09,2.35e-08
ADRA2A,-0.75440397,1.46e-09,2.36e-08
SNORA120,-0.89578181,1.47e-09,2.37e-08
ROR1,-0.29636607,1.48e-09,2.39e-08
LOC105377406,0.79240296,1.49e-09,2.4e-08
HYOU1,-0.28456413,1.5e-09,2.41e-08
NECTIN4,0.35342397,1.5e-09,2.41e-08
TSPAN12,-0.44056327,1.51e-09,2.42e-08
DCBLD1,-0.27846976,1.51e-09,2.43e-08
C1R,-0.56237614,1.52e-09,2.45e-08
LOC105374386,0.63423222,1.55e-09,2.48e-08
TACSTD2,0.35226471,1.55e-09,2.48e-08
P2RY13,-0.59393676,1.56e-09,2.49e-08
TMEM271,0.79764502,1.58e-09,2.53e-08
TUBD1,0.18412271,1.59e-09,2.54e-08
RASGRP2,-0.52987662,1.6e-09,2.56e-08
LOC107987014,-0.65244208,1.64e-09,2.62e-08
LIPE,-1.15875175,1.65e-09,2.63e-08
SLC4A4,-0.80710615,1.65e-09,2.63e-08
HS3ST6,0.57282253,1.67e-09,2.66e-08
PRKAR2B,-0.79631362,1.68e-09,2.68e-08
KIAA0754,-0.19828623,1.69e-09,2.69e-08
SLC25A21,0.50832769,1.71e-09,2.72e-08
PRF1,-0.8592985,1.71e-09,2.72e-08
TICAM2,-0.387688,1.71e-09,2.72e-08
UBD,-1.38863339,1.72e-09,2.73e-08
KLK5,0.48563977,1.73e-09,2.75e-08
CNTFR,0.78449027,1.74e-09,2.76e-08
SETD6,0.1423978,1.75e-09,2.77e-08
CYBC1,-0.37002404,1.74e-09,2.77e-08
MROH7-TTC4,0.16299946,1.75e-09,2.77e-08
C10ORF95-AS1,0.24599183,1.75e-09,2.78e-08
FYB1,-0.67230789,1.78e-09,2.82e-08
MIR1282,-0.22237075,1.79e-09,2.83e-08
STEAP1,-0.58207705,1.79e-09,2.83e-08
ATP7A,0.30107604,1.81e-09,2.86e-08
LOC105373172,-0.56930147,1.83e-09,2.89e-08
LOC107985773,-0.66944353,1.84e-09,2.9e-08
PMEPA1,-0.58929761,1.85e-09,2.91e-08
SYNE1-AS1,0.44327131,1.85e-09,2.92e-08
ALOX5AP,-0.71136016,1.86e-09,2.93e-08
LINC01589,0.68920305,1.88e-09,2.96e-08
RGS3,-0.34646368,1.89e-09,2.97e-08
NAGA,-0.2809775,1.93e-09,3.02e-08
LOC107985064,-0.74310718,1.93e-09,3.02e-08
GNAI1,0.27853724,1.92e-09,3.02e-08
IL2RG,-0.74332157,1.93e-09,3.03e-08
ZFAND2B,0.17378411,1.94e-09,3.04e-08
GPR85,-0.88514594,1.95e-09,3.05e-08
CD300C,-0.70056648,1.96e-09,3.06e-08
FBXL13,0.18831257,1.96e-09,3.07e-08
HSH2D,-0.85661873,1.98e-09,3.1e-08
MSRB3,-0.3684705,2.02e-09,3.15e-08
LOC105369309,-0.76671998,2.03e-09,3.16e-08
RNF157-AS1,-0.75167322,2.03e-09,3.17e-08
ITGAL,-0.84503679,2.04e-09,3.18e-08
SH3GLB2,0.33113626,2.04e-09,3.18e-08
LOC105370027,-0.45222166,2.05e-09,3.19e-08
PLXDC1,-0.54794772,2.05e-09,3.19e-08
GYG2,-1.38811611,2.06e-09,3.2e-08
ATXN3,0.19181548,2.08e-09,3.23e-08
FAT1,-0.44385413,2.08e-09,3.23e-08
MOXD1,-0.51480212,2.08e-09,3.23e-08
CD9,0.31353085,2.09e-09,3.25e-08
NPR2,0.37158234,2.12e-09,3.28e-08
LOC102723415,0.54317983,2.12e-09,3.29e-08
LOC105369957,-0.47644353,2.13e-09,3.3e-08
OSM,-1.15947337,2.14e-09,3.31e-08
RAB23,-0.43974052,2.16e-09,3.34e-08
NOP53,0.3096994,2.16e-09,3.34e-08
LOC105376269,-0.66060003,2.17e-09,3.36e-08
KDELR2,-0.26855035,2.19e-09,3.38e-08
LTBP4,0.6687413,2.2e-09,3.4e-08
PREX2,-0.36445648,2.2e-09,3.4e-08
TRANK1,-0.43155004,2.21e-09,3.41e-08
KYNU,-0.63234547,2.23e-09,3.43e-08
PHETA2,-0.328811,2.23e-09,3.43e-08
POM121L9P,-0.67816376,2.24e-09,3.45e-08
COL8A2,-0.78118546,2.27e-09,3.49e-08
CD7,-0.76806466,2.28e-09,3.5e-08
GPX7,-0.57039719,2.28e-09,3.5e-08
TMEM237,0.25865176,2.28e-09,3.5e-08
EFEMP2,-0.49171147,2.29e-09,3.51e-08
RAB32,-0.43839925,2.33e-09,3.56e-08
GLB1,-0.19017132,2.37e-09,3.63e-08
COLEC12,-0.45731204,2.41e-09,3.69e-08
KCNQ1,-0.52260193,2.42e-09,3.7e-08
CNIH3-AS1,0.7585387,2.43e-09,3.72e-08
ANK1,-0.65664212,2.44e-09,3.73e-08
P2RX5-TAX1BP3,-0.26911939,2.45e-09,3.74e-08
LOC105377572,-0.99196823,2.47e-09,3.77e-08
RPS6KA2,-0.45348354,2.47e-09,3.77e-08
LOC105376539,-0.32527077,2.49e-09,3.79e-08
SAP30L-AS1,-0.38018567,2.49e-09,3.8e-08
EIF3F,0.2044324,2.52e-09,3.84e-08
NRXN2,-0.659939,2.54e-09,3.86e-08
BNC2,-0.50681518,2.54e-09,3.86e-08
POGLUT2,-0.3657578,2.56e-09,3.88e-08
RRBP1,-0.45718633,2.56e-09,3.89e-08
LOC107986437,-0.65959539,2.57e-09,3.9e-08
GBGT1,-0.52064765,2.62e-09,3.97e-08
RCN1,-0.35991146,2.64e-09,4e-08
MKRN9P,1.15286069,2.72e-09,4.11e-08
ANXA2R-OT1,-0.32435863,2.77e-09,4.19e-08
FMO6P,-0.60968079,2.77e-09,4.2e-08
LRP1-AS,-0.51737944,2.78e-09,4.2e-08
AGPS,-0.25809914,2.79e-09,4.21e-08
TUFT1,0.33291313,2.85e-09,4.31e-08
MYH2,-0.92502688,2.9e-09,4.38e-08
CCDC110,0.50888624,2.9e-09,4.38e-08
PITPNM3,0.42394341,2.93e-09,4.42e-08
TM9SF1,-0.14357458,2.94e-09,4.43e-08
CHIT1,-2.50842145,2.96e-09,4.45e-08
KLRC2,-1.18693909,3.04e-09,4.58e-08
LDAF1,0.24740345,3.06e-09,4.6e-08
RASA3,-0.4002468,3.14e-09,4.72e-08
CALCOCO1,0.19137403,3.14e-09,4.72e-08
LOC101927560,0.51855863,3.16e-09,4.74e-08
NOVA1,0.74318415,3.19e-09,4.79e-08
LGALS3,0.21302438,3.24e-09,4.86e-08
KRT77,0.78629057,3.35e-09,5.01e-08
HP,-1.11884988,3.35e-09,5.02e-08
SLC29A3,-0.44283572,3.38e-09,5.05e-08
PDE1B,-0.52734684,3.39e-09,5.07e-08
TRPC4,-0.59678183,3.41e-09,5.09e-08
RASGRF2-AS1,-0.83189962,3.43e-09,5.12e-08
MAPRE1,-0.18173173,3.44e-09,5.13e-08
NACA,0.29378027,3.46e-09,5.16e-08
SEC14L1,-0.3040572,3.5e-09,5.22e-08
DTX3L,-0.5692528,3.53e-09,5.27e-08
KCNK2,-0.80347968,3.54e-09,5.27e-08
ALDH18A1,-0.19959196,3.6e-09,5.35e-08
TNFAIP8L2,-0.42238445,3.59e-09,5.35e-08
GLIS2,-0.81001225,3.61e-09,5.36e-08
ALOX5,-0.56446641,3.62e-09,5.38e-08
SH3PXD2B,-0.53560518,3.67e-09,5.45e-08
HTR1F,-0.54288332,3.69e-09,5.47e-08
WNT5A,-0.49807631,3.71e-09,5.5e-08
VASH1,-0.43732868,3.73e-09,5.52e-08
OXR1,0.23244599,3.73e-09,5.52e-08
KANSL1L,0.20154453,3.72e-09,5.52e-08
TRIM27,-0.21743833,3.77e-09,5.58e-08
SSR1,-0.15381659,3.83e-09,5.65e-08
CD151,-0.28196938,3.82e-09,5.65e-08
GALNT5,-0.876265,3.85e-09,5.69e-08
PGAP2,0.21862437,3.88e-09,5.73e-08
CD300A,-0.53428874,3.91e-09,5.76e-08
TCHP,0.27756754,3.93e-09,5.8e-08
GREB1L,0.26552467,3.95e-09,5.82e-08
PARP9,-0.74043093,3.98e-09,5.86e-08
LRRC2,0.76603146,4.01e-09,5.9e-08
CYP8B1,-0.59998598,4.04e-09,5.94e-08
LAMC3,0.68068461,4.07e-09,5.98e-08
FPGT-TNNI3K,0.35984629,4.09e-09,6.01e-08
LOC105374949,0.82664417,4.1e-09,6.02e-08
CNTNAP1,-0.41573184,4.1e-09,6.02e-08
NPC2,-0.30775782,4.14e-09,6.06e-08
CCL18,-2.32784977,4.15e-09,6.09e-08
PRKACB,-0.24852243,4.18e-09,6.12e-08
FBXO10,-0.30198473,4.24e-09,6.21e-08
SLC19A3,-1.02134104,4.36e-09,6.38e-08
NIPAL1,0.45714915,4.38e-09,6.4e-08
TMEM108,0.53836471,4.46e-09,6.52e-08
CCSAP,0.34071983,4.47e-09,6.53e-08
CTNNBIP1,0.30088702,4.54e-09,6.63e-08
ANXA5,-0.36785437,4.6e-09,6.71e-08
ECSCR,-0.37627161,4.64e-09,6.76e-08
SCN1B,-0.52579032,4.66e-09,6.79e-08
RAB39A,-0.84621391,4.66e-09,6.79e-08
ADAM9,-0.30458084,4.67e-09,6.8e-08
CPNE9,0.78567736,4.69e-09,6.82e-08
HMGXB3,-0.16948006,4.69e-09,6.82e-08
LOC105372098,0.31952604,4.79e-09,6.96e-08
SLFN11,-0.45054044,4.83e-09,7.02e-08
SPATS2L,-0.20876523,4.84e-09,7.02e-08
LOC105372630,0.77352545,4.86e-09,7.05e-08
SRSF5,0.22716109,4.86e-09,7.05e-08
LINC00640,0.42693108,4.9e-09,7.09e-08
LOC112267972,-0.71437709,4.94e-09,7.14e-08
MFHAS1,-0.31061948,4.93e-09,7.14e-08
PTTG1IP,-0.21527807,4.97e-09,7.18e-08
SH2D1A,-0.98177822,4.98e-09,7.19e-08
ZDHHC13,0.31246815,5.09e-09,7.35e-08
RNF227,0.38727441,5.13e-09,7.41e-08
P3H1,-0.41598804,5.26e-09,7.59e-08
KCNMB3,-0.27603986,5.28e-09,7.61e-08
IRX5,0.3689307,5.31e-09,7.64e-08
GIMAP6,-0.45742584,5.3e-09,7.64e-08
MYH9,-0.39782987,5.38e-09,7.75e-08
AOAH-IT1,-0.94511422,5.44e-09,7.82e-08
FAM25BP,0.58118516,5.47e-09,7.86e-08
SPECC1L-ADORA2A,-0.16265853,5.5e-09,7.91e-08
PGAP4,0.29504696,5.56e-09,7.99e-08
MBL1P,-0.52122437,5.57e-09,7.99e-08
PGM2L1,-0.37474918,5.56e-09,7.99e-08
PRICKLE1,-0.46313755,5.63e-09,8.07e-08
AOC4P,-0.81968127,5.64e-09,8.08e-08
MMP27,0.72196751,5.66e-09,8.1e-08
ATP10A,-0.49802961,5.67e-09,8.12e-08
NIBAN3,-0.80672477,5.71e-09,8.17e-08
PCK1,-1.86651193,5.73e-09,8.18e-08
LOC100130691,0.42898462,5.82e-09,8.31e-08
LOC105376398,0.76550071,5.86e-09,8.37e-08
SNORD166,0.63408299,5.91e-09,8.43e-08
ZBTB33,0.2192663,5.93e-09,8.45e-08
LINC01615,-0.88903427,5.94e-09,8.47e-08
SSTR2,-0.56352911,6.02e-09,8.57e-08
TNNI2,0.96022086,6.02e-09,8.57e-08
WNT2,-1.39002268,6.02e-09,8.57e-08
TRIM14,-0.36351106,6.08e-09,8.65e-08
DPT,-0.72165206,6.13e-09,8.7e-08
LY86,-0.80623504,6.13e-09,8.7e-08
LOC112268463,-0.96651927,6.13e-09,8.7e-08
GPLD1,0.46832707,6.12e-09,8.7e-08
LOC102723896,0.75497841,6.24e-09,8.85e-08
RHOH,-0.60602367,6.3e-09,8.92e-08
IQSEC3-AS1,-1.19102667,6.41e-09,9.08e-08
ST6GALNAC3,-0.45453064,6.52e-09,9.23e-08
NOTCH2NLC,0.21734754,6.52e-09,9.23e-08
SLC35C1,-0.42283525,6.54e-09,9.25e-08
PTPN3,0.31695524,6.58e-09,9.3e-08
FAM180A,-0.65636814,6.72e-09,9.49e-08
NEBL,0.35699533,6.91e-09,9.75e-08
ABI3,-0.45228298,6.96e-09,9.81e-08
CMTM7,-0.3498183,7e-09,9.87e-08
SLC39A1,-0.20493726,7.02e-09,9.89e-08
LOC105371461,-0.57727846,7.04e-09,9.91e-08
SURF4,-0.21318045,7.05e-09,9.92e-08
WBP1L,-0.17870279,7.06e-09,9.93e-08
ATP13A5,0.66502324,7.23e-09,1.02e-07
UBE2L6,-0.50815155,7.35e-09,1.03e-07
LOC112267905,-0.93873869,7.32e-09,1.03e-07
LOC107986195,0.79204818,7.33e-09,1.03e-07
CD300LB,-0.81356798,7.34e-09,1.03e-07
LOC102724586,0.51116298,7.45e-09,1.04e-07
EFCAB5,0.46557657,7.46e-09,1.04e-07
MGLL,-0.47859128,7.54e-09,1.06e-07
SEMA3B,0.65690647,7.66e-09,1.07e-07
TMEM106A,-0.45308823,7.7e-09,1.07e-07
THRB,0.26000593,7.67e-09,1.07e-07
INAFM2,-0.30744764,7.66e-09,1.07e-07
CACNA1H,1.27861667,7.69e-09,1.07e-07
GVINP1,-0.63494902,7.76e-09,1.08e-07
DNMBP,0.22110176,7.74e-09,1.08e-07
UGDH,-0.39163945,7.82e-09,1.09e-07
SEPTIN2,-0.21208816,7.92e-09,1.1e-07
LOC441239,0.43560754,7.97e-09,1.11e-07
PGAP6,-0.45798164,7.98e-09,1.11e-07
CLIP4,0.26967247,8.09e-09,1.12e-07
ARHGEF17,-0.53226052,8.09e-09,1.12e-07
FIP1L1,0.14965541,8.11e-09,1.13e-07
FAM20C,-0.57102494,8.12e-09,1.13e-07
SNX21,0.27372924,8.27e-09,1.15e-07
DTWD2,0.20608263,8.3e-09,1.15e-07
STAT1,-0.75356189,8.41e-09,1.16e-07
KLF12,-0.27622631,8.41e-09,1.16e-07
PLAC4,-0.26927158,8.38e-09,1.16e-07
LINC01805,0.66305339,8.36e-09,1.16e-07
LOC105373791,-0.80608103,8.51e-09,1.18e-07
VEGFC,-0.4263308,8.68e-09,1.2e-07
NIPAL2,0.25657954,8.73e-09,1.21e-07
GLT8D2,-0.47115368,8.93e-09,1.23e-07
MFAP2,-0.5719313,8.88e-09,1.23e-07
TMEM255A,0.43279866,8.9e-09,1.23e-07
KRT12,0.68006509,9.01e-09,1.24e-07
LOC105379100,0.35506877,8.97e-09,1.24e-07
PALLD,-0.38172619,9.07e-09,1.25e-07
ACTR2,-0.17784922,9.13e-09,1.26e-07
LOC105378407,0.56204899,9.15e-09,1.26e-07
SIRPG,-1.06324657,9.18e-09,1.26e-07
RGS5,-0.3937098,9.25e-09,1.27e-07
FOXN2,-0.24488795,9.33e-09,1.28e-07
PGBD1,-0.2762634,9.32e-09,1.28e-07
MAPKAPK5,0.13249382,9.32e-09,1.28e-07
HCST,-0.57957244,9.31e-09,1.28e-07
LOC112268416,-0.52147277,9.3e-09,1.28e-07
SLC4A8,-0.42823232,9.31e-09,1.28e-07
GRTP1,0.23403204,9.39e-09,1.29e-07
TNFRSF4,-0.67302085,9.54e-09,1.3e-07
COL3A1,-0.81357764,9.72e-09,1.33e-07
GNAQ,-0.21105818,9.77e-09,1.33e-07
AVIL,-0.27807812,9.8e-09,1.34e-07
RTL6,-0.31456257,9.79e-09,1.34e-07
BMP6,-0.32821057,9.84e-09,1.34e-07
NR5A2,-0.42483,9.89e-09,1.35e-07
TUBA4A,0.40033494,1e-08,1.36e-07
BEX5,0.52750767,9.95e-09,1.36e-07
RBPJL,0.78315906,9.96e-09,1.36e-07
IPO5,-0.14093403,1.01e-08,1.37e-07
SLC39A14,-0.42055792,1.01e-08,1.37e-07
KCNIP2-AS1,-0.81734598,1.02e-08,1.38e-07
L3MBTL4-AS1,0.36842356,1.01e-08,1.38e-07
CIITA,-0.51745831,1.02e-08,1.38e-07
CCL14,-0.47769115,1.02e-08,1.39e-07
EPAS1,-0.36577079,1.03e-08,1.39e-07
FAM98C,0.24279712,1.02e-08,1.39e-07
SPECC1L,-0.18256711,1.03e-08,1.4e-07
HECTD4,0.15044415,1.05e-08,1.42e-07
CFL1,-0.23996751,1.05e-08,1.43e-07
TRAF5,-0.28303405,1.08e-08,1.45e-07
CD84,-0.53043451,1.07e-08,1.45e-07
H1-8,-0.68681837,1.08e-08,1.45e-07
ASAP1-IT1,-0.28975213,1.08e-08,1.46e-07
PICALM,-0.1569809,1.09e-08,1.47e-07
CLDN1,0.35443156,1.09e-08,1.47e-07
PLCE1-AS1,-0.73906751,1.11e-08,1.49e-07
BCL2L13,0.12023536,1.1e-08,1.49e-07
RUVBL1,-0.16189554,1.12e-08,1.5e-07
ITGAD,-1.05569949,1.13e-08,1.51e-07
RCAN3,0.27186705,1.12e-08,1.51e-07
ARSJ,-0.42385134,1.13e-08,1.51e-07
LOC107984585,0.80739233,1.13e-08,1.51e-07
PRR5L,-0.50536815,1.13e-08,1.52e-07
NPNT,-0.38232678,1.13e-08,1.52e-07
CCL3-AS1,-1.50569998,1.14e-08,1.53e-07
IRX1,0.6149112,1.14e-08,1.53e-07
UNC80,0.63227196,1.15e-08,1.54e-07
SCD,-1.64762366,1.15e-08,1.54e-07
LINC02967,0.43454357,1.18e-08,1.57e-07
PRDX4,-0.30999771,1.18e-08,1.58e-07
C1RL,-0.25862849,1.18e-08,1.58e-07
UPF3B,0.21277584,1.19e-08,1.59e-07
LOC107985746,0.56436737,1.19e-08,1.59e-07
CTPS2,0.18366147,1.2e-08,1.6e-07
SEC31A,-0.16069759,1.2e-08,1.6e-07
AHNAK2,0.36858931,1.22e-08,1.62e-07
PDIA3P1,-0.18402774,1.23e-08,1.63e-07
PI4K2A,-0.18759608,1.23e-08,1.64e-07
LCP1,-0.56080957,1.25e-08,1.66e-07
SLC35F2,0.27447421,1.26e-08,1.67e-07
LINC00327,0.63252537,1.26e-08,1.68e-07
GPRASP2,0.22366506,1.26e-08,1.68e-07
ADAM11,0.3966038,1.26e-08,1.68e-07
RUNX2-AS1,-0.43154326,1.27e-08,1.69e-07
JAML,-0.59914587,1.28e-08,1.7e-07
ACP2,-0.26546592,1.31e-08,1.73e-07
PTCHD4,-1.11079776,1.32e-08,1.75e-07
CALR,-0.26446267,1.33e-08,1.76e-07
CPEB2,0.24799457,1.35e-08,1.78e-07
LGALS1,-0.4237473,1.36e-08,1.8e-07
MIR3606,-0.8142502,1.36e-08,1.8e-07
FANCE,0.34782217,1.37e-08,1.81e-07
APLN,-1.22203805,1.38e-08,1.82e-07
CLEC3B,0.82137535,1.38e-08,1.83e-07
HERC3,0.23112526,1.39e-08,1.84e-07
SETBP1-DT,-0.57213811,1.42e-08,1.87e-07
PWAR5,0.27853285,1.42e-08,1.87e-07
HS6ST3,1.13995617,1.43e-08,1.88e-07
CPSF4,-0.1831343,1.43e-08,1.88e-07
TAX1BP3,-0.28705318,1.44e-08,1.9e-07
MMP1,-2.09242738,1.45e-08,1.9e-07
NFKBIE,-0.45242699,1.46e-08,1.92e-07
GJA4,-0.51308646,1.46e-08,1.92e-07
ELMO1,-0.28218607,1.46e-08,1.92e-07
TREM2,-1.41884498,1.47e-08,1.93e-07
DAPK1,-0.30877395,1.47e-08,1.93e-07
KIAA0319,0.54686726,1.48e-08,1.94e-07
LOC112268084,0.6425158,1.49e-08,1.95e-07
FAM30A,-1.62925083,1.49e-08,1.95e-07
RORC,0.47814474,1.49e-08,1.95e-07
FGFR2,0.27198688,1.48e-08,1.95e-07
FAM221A,0.35527156,1.5e-08,1.96e-07
MOV10L1,-0.68853367,1.53e-08,2e-07
LOC112268420,0.54750443,1.56e-08,2.04e-07
KLRG2,0.46203652,1.57e-08,2.04e-07
BAX,-0.34857378,1.56e-08,2.04e-07
TRMT10B,0.1242198,1.58e-08,2.06e-07
LDLRAD4,-0.35234663,1.59e-08,2.07e-07
NR3C2,0.34447789,1.6e-08,2.08e-07
CDKN2B-AS1,-0.74643603,1.6e-08,2.08e-07
OLFML2B,-0.62175254,1.6e-08,2.08e-07
ADGRG5,-0.85844209,1.61e-08,2.1e-07
LRP1,-0.57043029,1.63e-08,2.12e-07
SYT14P1,0.5906182,1.64e-08,2.14e-07
EMX2OS,0.40467369,1.66e-08,2.15e-07
C10ORF67,1.04659108,1.65e-08,2.15e-07
TSPAN15,-0.36718854,1.67e-08,2.16e-07
PPIC,-0.42481808,1.66e-08,2.16e-07
LOC107985392,-0.46175272,1.68e-08,2.17e-07
LOC105377673,-0.4748296,1.67e-08,2.17e-07
ADAMTSL2,-0.98468374,1.68e-08,2.18e-07
MPDZ,-0.28788009,1.69e-08,2.18e-07
IGFBP6,-1.6820302,1.37e-10,2.19e-07
CSF3R,-0.69016987,1.69e-08,2.19e-07
LINC00654,-0.51121808,1.7e-08,2.2e-07
GIMAP8,-0.39696468,1.7e-08,2.2e-07
SPEF2,0.32044144,1.72e-08,2.23e-07
SDCBP2-AS1,-0.18716858,1.75e-08,2.26e-07
ACAN,-1.24411492,1.82e-08,2.35e-07
PPM1F,-0.28013919,1.86e-08,2.39e-07
LOC107984755,-0.71506022,1.86e-08,2.39e-07
LRRC4,-0.36519524,1.87e-08,2.4e-07
WWTR1,-0.24069243,1.87e-08,2.4e-07
USP35,-0.28008986,1.86e-08,2.4e-07
IFT81,0.20963026,1.88e-08,2.41e-07
LOC107984770,-0.47762775,1.87e-08,2.41e-07
RPL34,0.30909351,1.87e-08,2.41e-07
ATF4,-0.15997581,1.89e-08,2.42e-07
RALB,-0.20178356,1.91e-08,2.44e-07
BLOC1S6,-0.21668664,1.9e-08,2.44e-07
ETV5,-0.30535751,1.9e-08,2.44e-07
GHR,-0.48520172,1.9e-08,2.44e-07
MSH5-SAPCD1,0.24002434,1.9e-08,2.44e-07
LOC105369881,1.21580517,1.92e-08,2.46e-07
APELA,-0.96302648,1.92e-08,2.46e-07
LOC105377626,-0.44856545,1.93e-08,2.46e-07
SLFN12L,-0.72149283,1.92e-08,2.46e-07
LNCSRLR,-0.71909112,1.93e-08,2.47e-07
SSX2IP,0.27379015,1.93e-08,2.47e-07
MISP3,0.37035377,1.94e-08,2.48e-07
RPL21,0.28830314,1.94e-08,2.48e-07
KANTR,0.22791611,1.96e-08,2.5e-07
AEBP1,-0.73168653,1.97e-08,2.51e-07
MAP2K1,-0.20246894,1.98e-08,2.52e-07
LOC107984877,0.46466894,1.98e-08,2.53e-07
LOC105376617,0.44056804,1.99e-08,2.53e-07
ECHDC2,0.25352253,2.01e-08,2.56e-07
CEP44,0.18354176,2.02e-08,2.56e-07
NOL4L,-0.31530197,2.02e-08,2.57e-07
AKIP1,-0.28935096,2.04e-08,2.59e-07
HHATL,1.26460221,2.04e-08,2.59e-07
LOC101928268,-0.40470509,2.05e-08,2.6e-07
ISG15,-1.20903102,2.06e-08,2.61e-07
CSF1,-0.45611261,2.06e-08,2.61e-07
SH3YL1,0.19587913,2.07e-08,2.62e-07
HM13,-0.1911373,2.08e-08,2.63e-07
LOC221946,-0.61935813,2.08e-08,2.63e-07
PRPF38A,0.14164985,2.09e-08,2.64e-07
IL27RA,-0.68635295,2.09e-08,2.64e-07
LVRN,0.92789839,2.09e-08,2.65e-07
CLCA4,0.7368656,2.14e-08,2.7e-07
LINC02996,-2.06674388,2.15e-08,2.71e-07
PLA2G2A,-1.35627774,2.14e-08,2.71e-07
METTL16,0.11687242,2.16e-08,2.72e-07
GIMAP4,-0.48553932,2.16e-08,2.72e-07
CYGB,-0.45459799,2.17e-08,2.73e-07
TNK2-AS1,0.34220045,2.17e-08,2.74e-07
MEG3,-0.48928148,2.19e-08,2.75e-07
ACTN1,-0.47413446,2.19e-08,2.75e-07
WDFY2,0.18897845,2.19e-08,2.75e-07
DGKA,0.25478339,2.22e-08,2.79e-07
LOC101928120,-0.28900596,2.23e-08,2.8e-07
PTPRE,-0.25604624,2.24e-08,2.81e-07
LNX1-AS1,0.42127272,2.25e-08,2.82e-07
KIF19,-0.97730096,2.27e-08,2.84e-07
TNFRSF12A,-0.75607171,2.27e-08,2.85e-07
CACNA2D4,-0.32264635,2.28e-08,2.85e-07
C5ORF58,-0.56911282,2.29e-08,2.86e-07
PSAP,-0.2467411,2.28e-08,2.86e-07
TUBB3,-0.65042434,2.3e-08,2.88e-07
SHISA3,-0.9403773,2.32e-08,2.89e-07
TXNDC12,-0.17761879,2.31e-08,2.89e-07
RP2,-0.24834476,2.31e-08,2.89e-07
FAM168A,-0.24959567,2.33e-08,2.91e-07
KIF26B,-0.60248027,2.35e-08,2.93e-07
ZNF836,0.18043402,2.35e-08,2.93e-07
DTX1,-0.5239228,2.38e-08,2.97e-07
SIPA1,-0.46426355,2.41e-08,3e-07
LOC112268304,-0.88968491,2.41e-08,3e-07
FAM20A,-0.1852676,2.45e-08,3.05e-07
VSIG2,-0.49486749,2.46e-08,3.06e-07
LONRF1,0.37782486,2.46e-08,3.06e-07
LINC01611,1.11605245,2.46e-08,3.06e-07
BLID,0.52009614,2.51e-08,3.11e-07
OSBPL7,-0.43487292,2.52e-08,3.12e-07
LOC107986872,0.698436,2.56e-08,3.18e-07
LIN7B,0.35196469,2.59e-08,3.21e-07
TCIM,-0.57800709,2.6e-08,3.23e-07
RPS6KA6,0.4202127,2.62e-08,3.24e-07
HLA-DPA1,-0.6557647,2.63e-08,3.25e-07
TPH1,0.39824238,2.63e-08,3.25e-07
FGF10,-0.76485796,2.66e-08,3.29e-07
LOC105370327,-0.34403913,2.67e-08,3.3e-07
LOC105369869,-0.58798993,2.69e-08,3.32e-07
FGF2,-0.48641856,2.69e-08,3.33e-07
TNFRSF10D,-0.44025411,2.73e-08,3.37e-07
KIF13B,0.22245178,2.75e-08,3.39e-07
CD274,-0.55521369,2.75e-08,3.39e-07
FBXO3,0.19956862,2.75e-08,3.39e-07
RPN2,-0.16489554,2.77e-08,3.41e-07
CNPY3-GNMT,-0.24863908,2.79e-08,3.43e-07
PLD4,0.2883337,2.78e-08,3.43e-07
SLA,-0.45482457,2.82e-08,3.46e-07
CDKL5,0.17968751,2.81e-08,3.46e-07
FAM133CP,-0.43926646,2.82e-08,3.47e-07
SEC13,-0.15661175,2.84e-08,3.48e-07
LOC550113,0.53901747,2.83e-08,3.48e-07
INMT-MINDY4,-0.28867395,2.83e-08,3.48e-07
RASGRP3-AS1,-0.36745044,2.84e-08,3.48e-07
TXNRD1,-0.22998554,2.84e-08,3.48e-07
S100B,-0.73483578,2.84e-08,3.49e-07
TNFAIP6,-1.1473936,2.87e-08,3.51e-07
NCOA7,-0.27306299,2.87e-08,3.52e-07
GLIPR2,-0.42553037,2.9e-08,3.55e-07
SH3RF3-AS1,-0.54100213,2.94e-08,3.6e-07
TMEM185B,-0.19393462,3.01e-08,3.68e-07
FERMT1,0.32313217,3.05e-08,3.72e-07
DCST1-AS1,0.3253851,3.05e-08,3.73e-07
LOC107986659,0.46942182,3.05e-08,3.73e-07
LOC107985949,-0.71992761,3.11e-08,3.79e-07
TPM3,-0.2231779,3.15e-08,3.84e-07
LOC105377481,0.80015687,3.16e-08,3.85e-07
LOC105369767,-0.78085044,3.16e-08,3.85e-07
HLA-B,-0.44024608,3.17e-08,3.86e-07
CD72,-0.50259316,3.18e-08,3.87e-07
TRIM24,0.17104024,3.18e-08,3.87e-07
SSBP2,0.23772172,3.19e-08,3.88e-07
MRAS,-0.59380946,3.23e-08,3.92e-07
SPTBN2,0.40819818,3.23e-08,3.92e-07
ZNF532,-0.20248516,3.24e-08,3.93e-07
PPP1R1A,-1.40426313,3.27e-08,3.97e-07
GZMH,-1.16875464,3.28e-08,3.98e-07
QKI,-0.15700774,3.28e-08,3.98e-07
SPAAR,-0.71859605,3.32e-08,4.03e-07
SIGLEC5,-0.83555697,3.34e-08,4.04e-07
LINC02705,-0.71018954,3.35e-08,4.05e-07
ENO4,0.19925313,3.36e-08,4.06e-07
CLDN14-AS1,-0.91130296,3.36e-08,4.07e-07
RPS27,0.31577989,3.37e-08,4.07e-07
ITPK1,-0.37288587,3.37e-08,4.07e-07
SDCBP,-0.26485367,3.37e-08,4.07e-07
ROCK2,-0.16872889,3.41e-08,4.11e-07
NSD2,-0.16490727,3.43e-08,4.13e-07
PRRT4,-0.94426975,3.43e-08,4.13e-07
IL4I1,-0.60597105,3.42e-08,4.13e-07
IRF1,-0.5706103,3.44e-08,4.15e-07
LOC105376399,0.64485197,3.46e-08,4.16e-07
KLHL4,-0.58841401,3.53e-08,4.24e-07
TMED9,-0.18640908,3.52e-08,4.24e-07
LOC107986554,0.31501636,3.57e-08,4.29e-07
CRTAM,-0.89097404,3.58e-08,4.3e-07
TPRG1,0.32078136,3.58e-08,4.3e-07
CORO7,-0.39076391,3.6e-08,4.32e-07
PARD6G,0.2699611,3.67e-08,4.4e-07
C3ORF14,0.26574668,3.68e-08,4.41e-07
IFFO1,-0.3611683,3.79e-08,4.54e-07
ACSBG2,0.3307681,3.8e-08,4.55e-07
TRIM45,0.21188885,3.81e-08,4.56e-07
LINC00310,-0.73221907,3.84e-08,4.6e-07
AKR1B1,-0.29450361,3.85e-08,4.6e-07
IL22RA1,0.34984751,3.88e-08,4.64e-07
CDC42EP3,-0.30786511,3.91e-08,4.67e-07
FRMD6-AS2,0.4213669,3.92e-08,4.68e-07
ABCA11P,0.25639523,3.94e-08,4.7e-07
ALDH1A3-AS1,-0.35350532,3.94e-08,4.7e-07
SMIM12,-0.13515845,3.96e-08,4.72e-07
INSYN2B,-0.45443671,3.97e-08,4.74e-07
LOC101928007,-0.4978919,3.99e-08,4.75e-07
EXPH5,0.35763331,4.03e-08,4.8e-07
CDH6,-0.5251299,4.05e-08,4.82e-07
PLIN4,-1.55982264,4.05e-08,4.82e-07
LOC107984689,-0.74407547,4.06e-08,4.83e-07
LOC100131532,-0.82766447,4.06e-08,4.83e-07
MFSD8,0.20928746,4.11e-08,4.89e-07
SECTM1,-0.61807253,4.11e-08,4.89e-07
LRRC28,0.19512455,4.15e-08,4.92e-07
AMER1,0.20979274,4.16e-08,4.93e-07
DOCK9,0.17702619,4.18e-08,4.96e-07
CD247,-0.70627438,4.19e-08,4.97e-07
VSIG10,0.26776353,4.23e-08,5.01e-07
SUPT7L,-0.11875577,4.24e-08,5.02e-07
SLPI,0.58366274,4.31e-08,5.1e-07
HRH1,-0.43111735,4.35e-08,5.14e-07
TEK,-0.43753396,4.35e-08,5.15e-07
S100A5,0.4703449,4.41e-08,5.21e-07
BAG2,-0.45177342,4.44e-08,5.25e-07
PCAT19,-0.44684489,4.46e-08,5.26e-07
PATJ,0.25385271,4.47e-08,5.27e-07
RBFA,0.1561471,4.49e-08,5.3e-07
SDK1-AS1,-0.68983405,4.51e-08,5.31e-07
AMY2B,0.24044314,4.52e-08,5.32e-07
RHBDL2,0.33643018,4.54e-08,5.34e-07
RAB27B,0.36176229,4.53e-08,5.34e-07
VASH1-AS1,-0.32170449,4.56e-08,5.37e-07
ZNF204P,0.32014708,4.58e-08,5.39e-07
APOL3,-0.43304011,4.64e-08,5.46e-07
HLA-DPB1,-0.58221848,4.7e-08,5.52e-07
CCL15-CCL14,-0.46083098,4.77e-08,5.6e-07
LDLRAD4-AS1,-0.47561187,4.78e-08,5.62e-07
ANKRD23,0.25334124,4.8e-08,5.64e-07
DNAL1,-0.28221923,4.82e-08,5.66e-07
CD79B,-0.66351847,4.84e-08,5.67e-07
LOC105371080,-0.65857159,4.85e-08,5.68e-07
IGFBP-AS1,0.60897649,5.01e-08,5.86e-07
ANXA2R-AS1,-0.29373506,5.03e-08,5.89e-07
DNAJA4,0.22996927,5.11e-08,5.98e-07
LOC107985135,-0.80076811,5.15e-08,6.02e-07
LOC105374836,-0.41134264,5.21e-08,6.09e-07
GRTP1-AS1,0.3445222,5.33e-08,6.23e-07
ACAD11,0.19232463,5.36e-08,6.26e-07
TAFA5,0.58425583,5.38e-08,6.28e-07
LINC00473,-1.06753582,5.4e-08,6.31e-07
FCGRT,-0.32130149,5.44e-08,6.35e-07
LOC102724507,-0.83606194,5.47e-08,6.37e-07
C4ORF36,0.32441217,5.57e-08,6.5e-07
FAM131B,-0.4987851,5.59e-08,6.51e-07
MIR181A2HG,0.35552282,5.62e-08,6.55e-07
TBC1D32,0.24089191,5.66e-08,6.59e-07
NPAS1,0.56141877,5.67e-08,6.59e-07
GOLM2,-0.26182807,5.75e-08,6.69e-07
PML,-0.39266138,5.75e-08,6.69e-07
RIN3,-0.45191094,5.8e-08,6.74e-07
SLC39A7,-0.26688231,5.95e-08,6.91e-07
RNF213,-0.32994862,5.96e-08,6.92e-07
LRRCC1,0.22141099,6e-08,6.96e-07
SENCR,-0.44111132,6.01e-08,6.97e-07
CHSY1,-0.22288648,6.02e-08,6.98e-07
TRMT10A,0.24725863,6.03e-08,6.98e-07
CPNE7,-0.97264214,6.14e-08,7.11e-07
TMEM156,-0.84474608,6.14e-08,7.11e-07
LOC105369682,-0.79589638,6.16e-08,7.13e-07
RPN1,-0.17307149,6.22e-08,7.19e-07
PRXL2C,-0.30013369,6.29e-08,7.26e-07
FAM83B,0.33932271,6.28e-08,7.26e-07
PLA2G12A,0.16570209,6.34e-08,7.32e-07
POLR1G,0.17712512,6.36e-08,7.34e-07
UGP2,-0.20205518,6.39e-08,7.37e-07
CYTL1,-0.60109729,6.39e-08,7.37e-07
WAKMAR1,0.47411898,6.45e-08,7.43e-07
ARHGEF2,-0.36285783,6.48e-08,7.46e-07
BICDL1,0.33893496,6.48e-08,7.46e-07
SNORD151,-0.70581255,6.49e-08,7.47e-07
CACNA2D3,0.42566677,6.54e-08,7.52e-07
NBPF10,0.17691355,6.53e-08,7.52e-07
MFAP3,-0.20645814,6.58e-08,7.56e-07
ABHD1,-0.23999454,6.58e-08,7.56e-07
GRHL2,0.2699986,6.63e-08,7.61e-07
PAIP2B,0.37707884,6.64e-08,7.62e-07
LINC02803,-0.42695214,6.84e-08,7.84e-07
MCAM,-0.54394001,6.9e-08,7.91e-07
MVP,-0.35529839,6.91e-08,7.92e-07
SP140L,-0.40364637,6.98e-08,7.99e-07
SLC43A2,-0.5430326,7e-08,8.01e-07
LOC107986258,-0.8842698,7.15e-08,8.19e-07
HLA-DRB1,-0.65001043,7.2e-08,8.23e-07
RHOV,0.30820017,7.2e-08,8.24e-07
LOC101927745,-0.84653841,7.23e-08,8.26e-07
COPA,-0.13767525,7.23e-08,8.26e-07
DUSP6,-0.33582852,7.25e-08,8.28e-07
SMIM19,0.18383259,7.25e-08,8.28e-07
ZNF540,0.27976002,7.28e-08,8.3e-07
LOC105369828,-0.36257477,7.28e-08,8.3e-07
LOC107986406,-0.87707361,7.38e-08,8.41e-07
RCBTB2,-0.27445888,7.44e-08,8.48e-07
BIRC3,-0.63877663,7.47e-08,8.51e-07
LOC107984421,0.3384,7.52e-08,8.56e-07
KLRF2,0.51574161,7.53e-08,8.56e-07
C15ORF62,0.29580373,7.53e-08,8.56e-07
DCUN1D3,-0.20680694,7.66e-08,8.71e-07
LOC107984292,0.33265901,7.73e-08,8.78e-07
LOC101928095,0.5055806,7.83e-08,8.89e-07
LINC02912,-0.53260983,7.85e-08,8.91e-07
DTHD1,-1.11281744,7.87e-08,8.93e-07
IQCA1,-0.692561,7.94e-08,9e-07
PRKG1,-0.37693081,7.94e-08,9e-07
BBS7,0.20546286,7.94e-08,9e-07
TMEM106B,0.17884013,8.04e-08,9.1e-07
TNFSF8,-0.58349711,8.16e-08,9.24e-07
CD300LG,-0.85151948,8.2e-08,9.27e-07
LOC105375567,-0.67546953,8.24e-08,9.31e-07
ABCA5,0.27279287,8.31e-08,9.39e-07
FAH,-0.50032845,8.34e-08,9.41e-07
RPL37,0.28710638,8.33e-08,9.41e-07
ZNF385B,1.10664882,8.34e-08,9.41e-07
LOC105370205,-0.43528606,8.33e-08,9.41e-07
LOC107986343,-0.38154883,8.43e-08,9.5e-07
PTPN13,0.33870843,8.43e-08,9.5e-07
SNORA53,0.32449385,8.49e-08,9.56e-07
SCEL-AS1,0.56192654,8.49e-08,9.56e-07
MIR22,-0.49732472,8.54e-08,9.62e-07
MIEF2,0.23646916,8.6e-08,9.68e-07
LRRC7,0.46772087,8.67e-08,9.75e-07
PPP2R3A,0.26097048,8.69e-08,9.77e-07
RHOT1,0.2335401,8.7e-08,9.78e-07
RPS7,0.28463276,8.71e-08,9.78e-07
PARD6G-AS1,0.26962862,8.75e-08,9.82e-07
ATXN1,-0.16397229,8.74e-08,9.82e-07
IL37,0.52611737,8.75e-08,9.82e-07
SYK,-0.28488654,8.79e-08,9.85e-07
KBTBD2,-0.16114186,8.83e-08,9.9e-07
PXYLP1,0.21074481,8.89e-08,9.95e-07
LTB,-0.78494861,8.92e-08,9.99e-07
LOC100507002,0.60112669,9.01e-08,1.01e-06
AIM2,-0.67304105,9.01e-08,1.01e-06
HOXC13-AS,0.40047315,9.03e-08,1.01e-06
LOC105371532,0.43018717,9.09e-08,1.02e-06
FAM166A,0.28656176,9.23e-08,1.03e-06
LOC107984548,-0.83619328,9.26e-08,1.03e-06
SOCS2,-0.35829064,9.29e-08,1.04e-06
NGFR-AS1,-0.81620375,9.3e-08,1.04e-06
PIK3CD,-0.41202529,9.39e-08,1.05e-06
CD244,-0.70867936,9.42e-08,1.05e-06
ARAP3,-0.43354652,9.42e-08,1.05e-06
ZNF660,-0.29737742,9.53e-08,1.06e-06
STXBP5L,0.83024889,9.48e-08,1.06e-06
LOC105378120,0.24853616,9.54e-08,1.06e-06
LOC105374981,-0.73726794,9.61e-08,1.07e-06
RPL36A,0.30298349,9.75e-08,1.08e-06
PDIA3,-0.15871998,9.74e-08,1.08e-06
GGT6,0.4399304,9.73e-08,1.08e-06
ZBTB7C,-3.8866347,1.88e-09,1.09e-06
COQ4,-0.9600662,1.84e-09,1.09e-06
CACNA2D3-AS1,0.63145763,9.8e-08,1.09e-06
MMP2,-0.6792073,9.81e-08,1.09e-06
SEL1L,-0.15239645,1e-07,1.11e-06
TIGAR,-0.48435717,1e-07,1.11e-06
TINAGL1,-0.46779474,9.97e-08,1.11e-06
HEBP2,0.19904637,9.97e-08,1.11e-06
RPL35A,0.28310293,1.02e-07,1.12e-06
ENC1,-0.51672839,1.02e-07,1.13e-06
NFAM1,-0.47970965,1.02e-07,1.13e-06
LOC101927712,-0.84586503,1.02e-07,1.13e-06
DENND2B-AS1,-0.30129086,1.03e-07,1.14e-06
LASP1,-0.30762752,1.03e-07,1.14e-06
LOC107985948,-0.41956389,1.03e-07,1.14e-06
OXR1-AS1,0.34927402,1.03e-07,1.14e-06
NCF1B,-0.68687729,1.06e-07,1.16e-06
ENPP3,0.52868922,1.05e-07,1.16e-06
STON1,-0.28593832,1.05e-07,1.16e-06
MIR4649,-0.82807982,1.06e-07,1.17e-06
DCAF16,0.14987504,1.07e-07,1.17e-06
LOC105369354,-0.30064522,1.07e-07,1.18e-06
ZNF721,0.20350798,1.07e-07,1.18e-06
NOTCH4,-0.48602618,1.07e-07,1.18e-06
ZC3HAV1,-0.18655804,1.08e-07,1.19e-06
RFLNA,-0.84237653,1.09e-07,1.19e-06
CSRP2,-0.44587437,1.08e-07,1.19e-06
LOC105374798,0.53548562,1.08e-07,1.19e-06
LOC105371988,0.86368581,1.08e-07,1.19e-06
CYP4F12,0.41890192,1.09e-07,1.19e-06
CAP1,-0.20316805,1.1e-07,1.2e-06
LEP,-2.0997349,1.1e-07,1.21e-06
RAP1B,-0.21817261,1.11e-07,1.22e-06
ABCG2,-0.40207094,1.13e-07,1.24e-06
NPHP3-ACAD11,0.16549738,1.14e-07,1.25e-06
ZNF275,-0.35320563,1.14e-07,1.25e-06
DEUP1,-0.71729507,1.16e-07,1.26e-06
STRC,0.39137851,1.16e-07,1.27e-06
ADGRF4,0.41599134,1.17e-07,1.27e-06
PRRT2,0.47097432,1.16e-07,1.27e-06
RPL11,0.27584271,1.16e-07,1.27e-06
ZNF454,-0.43591132,1.17e-07,1.27e-06
ARF6,-0.9158089,2.6e-09,1.3e-06
SLC9B2,-0.3075924,1.19e-07,1.3e-06
GARS1,0.5211204,2.52e-09,1.3e-06
SPINT1,-1.0411173,2.8e-09,1.31e-06
LINC01550,0.40072084,1.21e-07,1.31e-06
LOC105370495,0.41647013,1.2e-07,1.31e-06
ARNT,-0.7391799,2.91e-09,1.31e-06
ACOT8,0.17523838,1.21e-07,1.32e-06
MACC1,0.38968575,1.22e-07,1.33e-06
AMY1C,0.34578756,1.22e-07,1.33e-06
IGSF8,0.32538158,1.22e-07,1.33e-06
CIZ1,-1.1441427,3.19e-09,1.33e-06
DCN,-0.8126547,3.67e-09,1.34e-06
MFSD4B-DT,0.49752587,1.23e-07,1.34e-06
GNB1,0.3986245,3.57e-09,1.34e-06
CFAP298,0.5452135,3.76e-09,1.34e-06
SS18L1,0.15413821,1.24e-07,1.35e-06
LOC105371307,0.64126388,1.25e-07,1.36e-06
LOC105373485,0.59923759,1.25e-07,1.36e-06
LDHB,-0.35660988,1.26e-07,1.37e-06
CCDC186,0.22696596,1.27e-07,1.37e-06
NMNAT3,0.36424875,1.27e-07,1.37e-06
LOC105373718,0.5569315,1.26e-07,1.37e-06
ARCN1,-0.11097505,1.27e-07,1.38e-06
CXCR3,-0.85914809,1.28e-07,1.38e-06
CFAP70,0.25868602,1.27e-07,1.38e-06
FBLN1,-1.8528186,4.82e-09,1.39e-06
EIF4E2,0.6104864,4.14e-09,1.39e-06
SIGLEC14,-0.97890456,1.29e-07,1.39e-06
LOC107984713,0.22308906,1.29e-07,1.39e-06
SAR1A,-0.18076044,1.28e-07,1.39e-06
MFSD6,0.2235401,1.3e-07,1.41e-06
SNCAIP,-0.38705797,1.3e-07,1.41e-06
SRA1,-0.19749655,1.32e-07,1.43e-06
TNFSF13,-0.42601667,1.33e-07,1.44e-06
LOC105373925,-0.43396455,1.34e-07,1.45e-06
P2RY14,-0.48136942,1.34e-07,1.45e-06
LOC105376023,0.7498784,1.36e-07,1.46e-06
PARK7,-0.19958658,1.35e-07,1.46e-06
LOC101929018,0.29677631,1.35e-07,1.46e-06
LOC105371308,0.57891563,1.35e-07,1.46e-06
GRAPL,-0.61552615,1.37e-07,1.47e-06
SLAMF9,0.36090375,1.38e-07,1.48e-06
TMC8,-0.55996388,1.38e-07,1.48e-06
MRPL20,0.5184727,5.78e-09,1.49e-06
ARHGAP26,-0.24384405,1.39e-07,1.5e-06
TNFRSF9,-1.1018874,1.41e-07,1.51e-06
TRPV2,-0.41927959,1.4e-07,1.51e-06
FAM185A,0.17902947,1.42e-07,1.52e-06
NBAT1,-0.51383025,1.41e-07,1.52e-06
VNN2,-0.99633475,1.42e-07,1.52e-06
FADS3,-0.53780844,1.43e-07,1.53e-06
TNNI3K,0.48923369,1.43e-07,1.54e-06
EDEM3,-0.19096468,1.44e-07,1.54e-06
ZNF469,-0.79799336,1.44e-07,1.54e-06
PARD6B,0.32611029,1.47e-07,1.57e-06
FXYD1,-2.2959361,6.2e-09,1.57e-06
PRDM8-AS1,0.57184867,1.47e-07,1.57e-06
UACA,-0.21095291,1.48e-07,1.58e-06
BSPRY,0.28695852,1.48e-07,1.58e-06
MAP3K3,-0.22077509,1.53e-07,1.63e-06
TRIM22,-0.54752014,1.53e-07,1.64e-06
AP2B1,-0.17821427,1.55e-07,1.65e-06
TAGLN,-0.53112167,1.57e-07,1.67e-06
PTPN22,-0.53497147,1.56e-07,1.67e-06
MAP1LC3C,-0.96492012,1.58e-07,1.68e-06
UPF3A,0.12842216,1.58e-07,1.68e-06
NBPF19,0.20095221,1.57e-07,1.68e-06
TMEM263,-0.34459925,1.59e-07,1.69e-06
TOM1,-1.0318275,7.25e-09,1.7e-06
FHL2,0.5265422,7.06e-09,1.7e-06
NUGGC,-0.72865196,1.6e-07,1.7e-06
SH3RF2,0.30698877,1.6e-07,1.7e-06
SCAI,0.17514518,1.6e-07,1.7e-06
ARMCX1,-0.5721455,7.13e-09,1.7e-06
SENP7,-1.7431592,7.43e-09,1.7e-06
LOC105371466,0.35613699,1.61e-07,1.71e-06
LOC107985679,0.6470836,1.61e-07,1.71e-06
PTPN21,0.22552812,1.61e-07,1.71e-06
TMPRSS11F,0.50078788,1.63e-07,1.72e-06
PRELP,-0.72140205,1.62e-07,1.72e-06
BEX2,0.41788499,1.63e-07,1.73e-06
TCTN3,-0.13032387,1.64e-07,1.74e-06
LPAR4,-0.56275852,1.65e-07,1.75e-06
MYL12A,0.6396854,7.94e-09,1.75e-06
RORB,0.60548653,1.66e-07,1.75e-06
SNRPD3,0.13229713,1.65e-07,1.75e-06
KCTD16,0.90408124,1.67e-07,1.76e-06
LOC105375179,0.73829078,1.66e-07,1.76e-06
CAVIN4,-0.81351455,1.67e-07,1.77e-06
GRAMD1B,-0.40024045,1.68e-07,1.77e-06
CLSTN3,-0.44934417,1.68e-07,1.77e-06
ZNF431,0.23292547,1.68e-07,1.77e-06
DPAGT1,-0.20101928,1.69e-07,1.78e-06
LINC00528,-0.76275068,1.69e-07,1.78e-06
PEX10,-0.9033128,8.24e-09,1.79e-06
NOTCH2NLB,0.17078546,1.7e-07,1.8e-06
RASSF6,0.43731882,1.71e-07,1.8e-06
PARP14,-0.63420759,1.72e-07,1.81e-06
LSR,-0.9005247,8.53e-09,1.82e-06
MAN1C1,-0.3996875,1.75e-07,1.84e-06
LOC107986345,0.43597549,1.76e-07,1.85e-06
LOC105373042,0.50883029,1.77e-07,1.86e-06
SPINT1-AS1,0.32332265,1.77e-07,1.86e-06
LOC112268016,0.52273926,1.77e-07,1.86e-06
ITPRID2,0.23559619,1.79e-07,1.88e-06
SNHG18,-0.35854665,1.79e-07,1.88e-06
BCL3,-0.59278235,1.8e-07,1.89e-06
CRABP1,0.76535974,1.8e-07,1.89e-06
SNORA86,-0.3882447,1.8e-07,1.89e-06
BPNT2,-0.16691693,1.82e-07,1.91e-06
C11ORF71,0.19525557,1.83e-07,1.92e-06
KMT2C,0.11468788,1.86e-07,1.94e-06
TCTN2,0.23927304,1.86e-07,1.94e-06
CEP170P1,-0.28652381,1.86e-07,1.95e-06
RGS19,-0.40271947,1.87e-07,1.96e-06
ARHGEF12,0.15035703,1.88e-07,1.97e-06
LOC105374418,-0.32566763,1.88e-07,1.97e-06
HHEX,-0.38217006,1.91e-07,2e-06
EFS,0.27499252,1.93e-07,2.01e-06
MIR4720,0.40657951,1.94e-07,2.02e-06
RSPO1,0.45619587,1.95e-07,2.03e-06
PSD4,-0.6620515,9.74e-09,2.04e-06
ARHGAP12,-0.8070436,1.05e-08,2.04e-06
PBXIP1,-0.8651798,1.02e-08,2.04e-06
LOC105369812,-0.95851879,1.96e-07,2.04e-06
PHLDA3,-0.6929045,1.04e-08,2.04e-06
ATF6B,-0.8806758,1.13e-08,2.04e-06
NUMA1,-0.923709,1.09e-08,2.04e-06
ATL1,0.21027536,1.95e-07,2.04e-06
TMEM222,-1.1111706,1.15e-08,2.05e-06
LOC105372424,0.38432419,1.97e-07,2.05e-06
LOC102724857,0.28227853,1.98e-07,2.06e-06
ZBP1,-0.9538179,1.98e-07,2.06e-06
RNF5,0.17138158,1.98e-07,2.06e-06
TTL,-0.24965138,1.97e-07,2.06e-06
SERPINB2,0.48299994,1.99e-07,2.07e-06
CORO7-PAM16,-0.32921994,2e-07,2.08e-06
LOC105376717,0.27993464,2.03e-07,2.11e-06
IGSF9,0.43527235,2.03e-07,2.11e-06
CTSO,-0.33846172,2.04e-07,2.11e-06
CKAP4,-0.25823131,2.04e-07,2.12e-06
CD37,-0.50823724,2.05e-07,2.12e-06
C6ORF62,-0.15778921,2.05e-07,2.13e-06
LST1,-0.56059051,2.07e-07,2.14e-06
PLA2R1,-1.7305971,1.22e-08,2.15e-06
INSYN1,0.56955136,2.09e-07,2.16e-06
RARG,0.30521137,2.09e-07,2.17e-06
RRAGC,0.6085928,1.25e-08,2.17e-06
BEND3,-0.31745782,2.1e-07,2.17e-06
LINC01375,-0.7940062,2.11e-07,2.18e-06
ARL4C,-0.31128418,2.13e-07,2.2e-06
EFNA4,0.26135046,2.14e-07,2.21e-06
PRPS1,-0.18380491,2.16e-07,2.23e-06
TNFAIP1,-0.19812207,2.16e-07,2.23e-06
SRGAP1,-0.26521371,2.16e-07,2.23e-06
FAM110B,-0.32150755,2.17e-07,2.24e-06
ZNF711,0.33981147,2.18e-07,2.25e-06
HMG20B,-1.347138,1.32e-08,2.25e-06
DONSON,0.17930361,2.2e-07,2.26e-06
KIZ,0.17903386,2.2e-07,2.26e-06
CEBPZOS,0.09944138,2.19e-07,2.26e-06
EPB41,0.22289737,2.19e-07,2.26e-06
C19ORF38,-0.68161947,2.21e-07,2.27e-06
VPS13D,0.15355709,2.2e-07,2.27e-06
UBN1,0.5463981,1.4e-08,2.29e-06
WIPI1,-0.26915203,2.24e-07,2.3e-06
TRG-AS1,-0.67972458,2.23e-07,2.3e-06
FGF7P3,0.34260794,2.25e-07,2.31e-06
DSE,-0.21739356,2.27e-07,2.33e-06
EFNA3,0.33294001,2.27e-07,2.33e-06
LOC105370993,-0.76593168,2.27e-07,2.33e-06
CAVIN3,-0.34043181,2.28e-07,2.34e-06
CLTB,0.24727048,2.29e-07,2.35e-06
LOC107985967,1.122461,2.31e-07,2.37e-06
FKBP11,-0.27012382,2.33e-07,2.38e-06
LOC100506124,0.30355428,2.34e-07,2.4e-06
PYDC5,-0.58723643,2.34e-07,2.4e-06
LOC105376325,-0.5836237,2.35e-07,2.41e-06
EOGT,-0.22326668,2.37e-07,2.43e-06
TMEM266,0.3130318,2.39e-07,2.44e-06
XG,0.46760453,2.39e-07,2.45e-06
ANK3,0.26701087,2.4e-07,2.45e-06
CFAP92,0.27513182,2.4e-07,2.45e-06
ILDR2,-1.0190797,2.39e-07,2.45e-06
CELA3A,-0.935649,1.53e-08,2.47e-06
ACKR1,-0.50183777,2.42e-07,2.47e-06
LINC02362,-0.66333726,2.42e-07,2.47e-06
PFN1,-0.21061712,2.43e-07,2.48e-06
NHLH2,0.53474197,2.43e-07,2.48e-06
CAB39L,-1.9461268,1.56e-08,2.49e-06
FAM3A,-0.5903943,1.59e-08,2.5e-06
SERPINB7,0.57566779,2.45e-07,2.5e-06
ADAMTSL4-AS1,-0.24229493,2.45e-07,2.5e-06
LOC102723971,0.90481641,2.49e-07,2.53e-06
RAB5C,-0.16586432,2.5e-07,2.54e-06
EMP2,0.28143996,2.52e-07,2.56e-06
RAI14,-0.2722092,2.52e-07,2.56e-06
DENND4C,0.20861443,2.52e-07,2.56e-06
KLF5,0.33580521,2.53e-07,2.57e-06
HEMGN,1.39417298,2.54e-07,2.58e-06
IKZF1,-0.51364439,2.54e-07,2.58e-06
C11ORF24,-0.33239844,2.55e-07,2.58e-06
WDSUB1,0.21539335,2.56e-07,2.6e-06
LOC107984140,0.44594104,2.56e-07,2.6e-06
ADAM33,0.46716964,2.57e-07,2.6e-06
PLEKHA8P1,-0.34789847,2.58e-07,2.61e-06
ARMC9,-0.28954725,2.58e-07,2.61e-06
TPRG1-AS1,-0.67036743,2.58e-07,2.61e-06
LOC105371880,-0.65077609,2.59e-07,2.62e-06
HOXA9,0.4510488,2.6e-07,2.63e-06
EML2,0.23744883,2.61e-07,2.64e-06
POLH,-0.21406191,2.62e-07,2.64e-06
BATF2,-1.11855435,2.63e-07,2.65e-06
VIPR2,-0.69467324,2.63e-07,2.65e-06
KCTD12,-0.27961721,2.65e-07,2.67e-06
TLE5,-0.8111673,1.83e-08,2.67e-06
SRSF1,-1.2587907,1.86e-08,2.67e-06
MIA3,-0.4350481,1.87e-08,2.67e-06
IRAK1,0.6106393,1.76e-08,2.67e-06
PDLIM1,0.5339474,1.92e-08,2.67e-06
PALS1,-0.6023332,1.89e-08,2.67e-06
SLC35F6,-0.8525682,1.94e-08,2.67e-06
NXT2,-0.8546115,1.88e-08,2.67e-06
RASAL3,-0.61522937,2.67e-07,2.69e-06
MEIS1,0.24682365,2.66e-07,2.69e-06
LOC112267874,0.50274506,2.7e-07,2.72e-06
PLEKHA4,-0.42286748,2.71e-07,2.73e-06
GFRA2,-0.50396725,2.72e-07,2.74e-06
IL10RB-DT,-0.49928721,2.74e-07,2.76e-06
LINC02316,-0.58281408,2.75e-07,2.77e-06
S100A14,0.41696762,2.76e-07,2.77e-06
LOC102723696,0.24063872,2.76e-07,2.78e-06
LOC105373456,0.24287364,2.76e-07,2.78e-06
IFI6,-1.29114416,2.77e-07,2.78e-06
DYNLT1,-0.21387884,2.77e-07,2.78e-06
ACAT1,0.2627463,2.81e-07,2.82e-06
GGTA1,-0.34874343,2.82e-07,2.83e-06
SND1,-0.12962588,2.84e-07,2.84e-06
LOC107986871,0.21885555,2.84e-07,2.84e-06
SLFN13,-0.39108889,2.83e-07,2.84e-06
LOC112268437,-0.21875199,2.83e-07,2.84e-06
COPZ2,-0.33811779,2.86e-07,2.87e-06
NHLRC3,-0.21578191,2.89e-07,2.89e-06
ILF3-DT,0.21656899,2.9e-07,2.9e-06
OVOL1-AS1,0.45805739,2.91e-07,2.91e-06
FHIP1A-DT,0.30922908,2.91e-07,2.91e-06
IKZF5,-0.8005925,2.17e-08,2.92e-06
AGTR1,-1.6076863,2.18e-08,2.92e-06
NUCB1,-1.4862793,2.22e-08,2.92e-06
SIAE,-0.14173962,2.94e-07,2.94e-06
GIMAP2,-0.43934939,2.95e-07,2.94e-06
BANK1,-0.6096851,2.94e-07,2.94e-06
AIFM2,-0.44073436,2.95e-07,2.94e-06
ZBED2,-0.73010451,2.96e-07,2.95e-06
IL17RC,-2.4572967,2.29e-08,2.96e-06
PEX1,-0.7256146,2.29e-08,2.96e-06
GPR157,0.29322491,2.98e-07,2.97e-06
ROCK1,-0.15298862,3.01e-07,3e-06
RBM5,0.09966,3.01e-07,3e-06
MARVELD2,0.25508735,3.01e-07,3e-06
PKD1L3,-0.25534586,3.03e-07,3.01e-06
LOC107984201,-0.85428715,3.03e-07,3.02e-06
LINC00888,-0.4105689,3.04e-07,3.02e-06
TOB1,0.2584379,3.04e-07,3.02e-06
NDRG2,-1.3576871,2.37e-08,3.02e-06
CD2,-0.79668904,3.04e-07,3.02e-06
LOC112268096,0.44191561,3.06e-07,3.04e-06
LOC107985120,-0.35931508,3.06e-07,3.04e-06
SNCA,0.38414827,3.07e-07,3.05e-06
LOC730098,0.23205697,3.08e-07,3.05e-06
DCLK2,-0.36474726,3.08e-07,3.06e-06
FHAD1,-0.75001049,3.1e-07,3.07e-06
LOC105369380,0.32520034,3.1e-07,3.08e-06
C16ORF54,-0.6374466,3.11e-07,3.08e-06
TNFRSF10C,-0.75839423,3.12e-07,3.09e-06
PPP2R5D,-0.5413929,2.45e-08,3.09e-06
KCNN2,0.45711358,3.12e-07,3.09e-06
SLC43A3,-0.27922346,3.14e-07,3.1e-06
LOC105373754,0.49395213,3.14e-07,3.11e-06
LOC100507403,-0.8189975,3.14e-07,3.11e-06
RPL5,0.23413711,3.16e-07,3.12e-06
LOC112268092,0.26757743,3.17e-07,3.13e-06
SLCO2A1,-0.45022139,3.17e-07,3.13e-06
SHTN1,0.16267669,3.18e-07,3.14e-06
NLGN2,-0.56853878,3.18e-07,3.14e-06
TTPA,-1.20229387,3.2e-07,3.15e-06
PRSS8,-1.0946782,2.54e-08,3.15e-06
USP46,0.19431367,3.19e-07,3.15e-06
LOC107985244,-0.52112193,3.24e-07,3.2e-06
CLEC7A,-0.57957195,3.25e-07,3.2e-06
GTF3C5,-1.1651029,2.63e-08,3.21e-06
LGR5,-1.5325636,2.65e-08,3.21e-06
RSBN1L,0.12854394,3.28e-07,3.23e-06
AJUBA-DT,0.27911464,3.27e-07,3.23e-06
PALD1,-0.36917461,3.34e-07,3.28e-06
ZNF184,0.17030773,3.34e-07,3.28e-06
LOC107984485,0.18954847,3.34e-07,3.29e-06
A1BG,-0.41982116,3.37e-07,3.32e-06
PCOLCE,-0.58656324,3.38e-07,3.32e-06
RRN3P3,0.19663286,3.42e-07,3.36e-06
TMEM92,-0.61910538,3.42e-07,3.36e-06
RBMS2,-0.23346865,3.47e-07,3.4e-06
IFI35,-0.43536015,3.48e-07,3.41e-06
RNH1,-0.7920065,2.87e-08,3.41e-06
PLEKHB2,-0.14128424,3.48e-07,3.41e-06
NR4A3,-0.40904512,3.48e-07,3.41e-06
MATN2,0.2788403,3.49e-07,3.42e-06
CLPTM1,-1.3680054,2.95e-08,3.44e-06
UBE4B,-0.7622571,2.98e-08,3.44e-06
SNHG6,0.23787131,3.52e-07,3.45e-06
RAP2A,-0.205925,3.57e-07,3.49e-06
TGFA,-0.660506,3.05e-08,3.49e-06
ST3GAL6,0.27162327,3.58e-07,3.5e-06
NRG1,-0.45713068,3.58e-07,3.5e-06
ITGA5,-0.36252164,3.6e-07,3.52e-06
DANCR,0.25661917,3.64e-07,3.56e-06
LOC105378406,0.72702394,3.67e-07,3.58e-06
UCN2,0.39408277,3.66e-07,3.58e-06
LINC01254,0.77249758,3.67e-07,3.59e-06
RPAP3,0.13056884,3.69e-07,3.6e-06
LOC101929400,0.52975366,3.71e-07,3.61e-06
CCDC138,0.19552775,3.71e-07,3.61e-06
EPS8L1,0.3863164,3.7e-07,3.61e-06
STX5,-1.1856551,3.19e-08,3.62e-06
RORA,0.36245126,3.75e-07,3.65e-06
LOC105376850,0.59624414,3.76e-07,3.66e-06
SLC36A1,-0.2485758,3.76e-07,3.67e-06
TOR3A,-0.1794271,3.78e-07,3.68e-06
FBXO21,0.13082729,3.8e-07,3.69e-06
MXRA5,-0.57935088,3.8e-07,3.69e-06
NRG4,0.23934705,3.82e-07,3.71e-06
ASTN1,1.34998591,3.82e-07,3.72e-06
LOC107986584,0.58271015,3.84e-07,3.73e-06
CD40,-0.31638938,3.85e-07,3.74e-06
SCIN,0.43435735,3.88e-07,3.77e-06
GAPT,-0.57106715,3.9e-07,3.78e-06
MINDY1,0.19873016,3.9e-07,3.78e-06
TRIM32,-0.16903034,3.92e-07,3.8e-06
CNN3-DT,-0.4715738,3.95e-07,3.82e-06
UBN2,0.18619389,3.96e-07,3.84e-06
HOXA10-HOXA9,0.4247229,3.97e-07,3.85e-06
HRK,-1.12770211,3.99e-07,3.86e-06
CCNG2,-0.972934,3.51e-08,3.87e-06
ANTXR1,-0.33579722,4e-07,3.87e-06
LOC100288175,0.56368836,4.01e-07,3.88e-06
LOC107985156,0.7477471,4.03e-07,3.9e-06
OLFML3,-1.1788003,3.6e-08,3.9e-06
PEG10,-0.8450002,3.59e-08,3.9e-06
PLEC,-1.8734214,3.65e-08,3.93e-06
LOC105370783,-0.67355124,4.06e-07,3.93e-06
PCNP,0.15327877,4.08e-07,3.94e-06
GABBR2,1.27801857,4.07e-07,3.94e-06
SPG21,-0.1322688,4.1e-07,3.96e-06
ABRAXAS1,0.18472248,4.11e-07,3.97e-06
SUMO3,-0.18430417,4.11e-07,3.97e-06
BTBD16,0.46319994,4.13e-07,3.98e-06
CAMK2D,-0.15278917,4.18e-07,4.03e-06
NRXN2-AS1,-0.83063128,4.18e-07,4.03e-06
LOC105369621,-0.50094933,4.19e-07,4.04e-06
KLB,-0.63777042,4.22e-07,4.06e-06
MKS1,0.15062395,4.24e-07,4.08e-06
ACSM4,-0.71668095,4.24e-07,4.08e-06
DLGAP1-AS1,-0.34516254,4.25e-07,4.09e-06
BTBD19,-0.36742329,4.25e-07,4.09e-06
LOC105377989,-0.59099918,4.26e-07,4.09e-06
LOC105375508,0.55839307,4.27e-07,4.1e-06
HSPA5,-0.27115647,4.29e-07,4.12e-06
SYT9,0.556677,4.34e-07,4.15e-06
LOC102724672,0.37763679,4.32e-07,4.15e-06
TPTE2P5,0.21540067,4.33e-07,4.15e-06
ARL11,-0.41005737,4.32e-07,4.15e-06
C12ORF29,0.27278382,4.33e-07,4.15e-06
FKBP14,-0.23690958,4.33e-07,4.15e-06
ANXA8,0.429143,4.34e-07,4.15e-06
EXOC3L4,-0.6906637,4.35e-07,4.16e-06
TRAPPC6A,0.21977865,4.35e-07,4.16e-06
PARD3,0.2604351,4.35e-07,4.16e-06
NR3C1,0.16635597,4.36e-07,4.16e-06
THAP12,-0.16548045,4.37e-07,4.17e-06
HS3ST3B1,-0.37388188,4.37e-07,4.18e-06
LOC105373459,0.72048516,4.39e-07,4.19e-06
KLHDC7B,-1.26238463,4.4e-07,4.2e-06
PCNX1,-0.16060055,4.43e-07,4.23e-06
LOC107984543,0.63541918,4.45e-07,4.25e-06
SLC46A2,0.39994948,4.47e-07,4.26e-06
DCT,0.59768269,4.47e-07,4.26e-06
AFAP1,-0.38053857,4.49e-07,4.27e-06
LSM1,0.983192,4.02e-08,4.28e-06
MIR181A1HG,-0.61239126,4.55e-07,4.33e-06
MGARP,-0.90802148,4.56e-07,4.34e-06
GRIP2,-0.42486396,4.57e-07,4.35e-06
LRFN5-DT,0.6538144,4.6e-07,4.37e-06
FIBP,0.4100059,4.15e-08,4.38e-06
WTAPP1,-0.95352827,4.64e-07,4.41e-06
PSCA,0.54610798,4.65e-07,4.42e-06
VCAN-AS1,-0.67644026,4.65e-07,4.42e-06
LINC01290,0.43076263,4.67e-07,4.44e-06
CLEC10A,-0.64103038,4.7e-07,4.47e-06
PCSK7,-0.28920918,4.75e-07,4.5e-06
LINC01348,0.44910085,4.74e-07,4.5e-06
LOC100996318,-0.73620772,4.75e-07,4.5e-06
PLEKHN1,0.39633669,4.75e-07,4.5e-06
PLPP1,-0.23196195,4.75e-07,4.5e-06
LOC107985684,-0.40785345,4.78e-07,4.53e-06
LOC105379059,0.46793432,4.79e-07,4.53e-06
SCO2,-0.44004688,4.84e-07,4.58e-06
LRRC8D,-0.22941912,4.86e-07,4.6e-06
RXRB,-1.1253606,4.48e-08,4.61e-06
TESK2,0.23406697,4.89e-07,4.62e-06
CLDN4,0.32495294,4.88e-07,4.62e-06
DCST2,0.36213879,4.89e-07,4.62e-06
IFNGR1,-0.22100739,4.91e-07,4.63e-06
CIRBP,0.13883719,4.92e-07,4.64e-06
RASGRP3,-0.42547983,4.93e-07,4.65e-06
KLRG1,-0.54709294,4.92e-07,4.65e-06
NUDT6,-0.31135072,4.94e-07,4.66e-06
SHROOM3-AS1,-0.50079984,4.96e-07,4.67e-06
ADRA1D,-0.96922522,5e-07,4.71e-06
ANKRD22,0.38501838,5.03e-07,4.73e-06
PDE5A,-0.30319026,5.03e-07,4.74e-06
RPL35,0.2347523,5.04e-07,4.75e-06
OASL,-1.16409451,5.05e-07,4.75e-06
CSNK1G3,-0.14050565,5.06e-07,4.76e-06
MAN2B1,-0.30787631,5.08e-07,4.78e-06
RNASE4,0.29617024,5.12e-07,4.82e-06
PARP1,-0.13455626,5.14e-07,4.83e-06
SPAG1,0.30669024,5.14e-07,4.83e-06
KMO,-0.35819723,5.17e-07,4.85e-06
IFI30,-0.51099641,5.17e-07,4.85e-06
LOC105370910,0.22846938,5.16e-07,4.85e-06
HMGA2-AS1,-0.71253805,5.24e-07,4.91e-06
KHDRBS1,0.5990133,4.88e-08,4.93e-06
FNDC3A,-0.7242817,4.96e-08,4.93e-06
TRRAP,-0.6396025,4.93e-08,4.93e-06
PTK7,-0.35471019,5.3e-07,4.97e-06
CCM2,-0.22642899,5.34e-07,5e-06
LOC105376591,-0.51257405,5.34e-07,5.01e-06
IL20RB,0.33210495,5.4e-07,5.06e-06
C18ORF15,-0.44377654,5.41e-07,5.07e-06
STRCP1,0.36311755,5.44e-07,5.09e-06
WNT4,0.45243941,5.45e-07,5.1e-06
MOK,0.18960457,5.48e-07,5.12e-06
GRN,-0.26249671,5.49e-07,5.13e-06
KIF22,-0.9591345,5.2e-08,5.13e-06
SH3RF1,-0.15960311,5.5e-07,5.13e-06
ZNF439,0.28092168,5.52e-07,5.15e-06
PLEKHA3,-0.14991635,5.52e-07,5.16e-06
OXNAD1,-0.17298555,5.53e-07,5.16e-06
C1QTNF3-AMACR,-0.40634405,5.61e-07,5.23e-06
CD276,-0.40237047,5.69e-07,5.31e-06
SERPINA12,0.4741623,5.72e-07,5.33e-06
ZNF141,0.14913498,5.72e-07,5.33e-06
STT3A,-0.13718093,5.79e-07,5.38e-06
XRN2,-0.17608843,5.78e-07,5.38e-06
SLC26A5,0.30200521,5.77e-07,5.38e-06
FHL5,-0.68284327,5.79e-07,5.38e-06
LBR,-0.16669493,5.8e-07,5.4e-06
GNG2,-0.34435163,5.84e-07,5.42e-06
CETP,-0.58031879,5.83e-07,5.42e-06
LOC101926907,0.33801712,5.84e-07,5.43e-06
KLF3,0.22221829,5.9e-07,5.48e-06
LOC107985690,-0.97005902,5.93e-07,5.5e-06
EPHA4,1.7300591,5.74e-08,5.53e-06
TMEM131,-0.6038013,5.88e-08,5.57e-06
CNOT4,-0.7660329,5.86e-08,5.57e-06
LOC105370819,-0.37153081,6.01e-07,5.58e-06
RPL14,0.22046044,6.03e-07,5.6e-06
BNIPL,0.2853059,6.07e-07,5.63e-06
LIPI,0.60561531,6.07e-07,5.63e-06
SLC2A10,-0.4329521,6.11e-07,5.66e-06
SEPTIN4-AS1,-0.43408211,6.13e-07,5.68e-06
LINC02947,-0.75144129,6.15e-07,5.69e-06
RASGRF1,-0.46845435,6.23e-07,5.76e-06
FLT4,-0.46740364,6.27e-07,5.79e-06
GNLY,-0.8810379,6.27e-07,5.79e-06
ELL3,0.30490947,6.28e-07,5.81e-06
LOC107983976,-0.34320477,6.28e-07,5.81e-06
ADGRF5-AS1,-0.56843147,6.33e-07,5.85e-06
MLF2,-1.3995672,6.41e-08,5.89e-06
TMBIM1,0.6386568,6.38e-08,5.89e-06
OTUB1,-0.5240314,6.35e-08,5.89e-06
TMEM26,-1.0328343,6.43e-07,5.94e-06
ZNF664-RFLNA,-0.3496508,6.49e-07,5.99e-06
LOC107985499,0.85298865,6.49e-07,5.99e-06
KLHL14,-0.67026251,6.55e-07,6.04e-06
LOC105376572,0.61407625,6.57e-07,6.06e-06
NCSTN,-1.0884225,6.77e-08,6.13e-06
LOC107985517,-0.46870521,6.68e-07,6.16e-06
RNF4,-0.10747107,6.7e-07,6.18e-06
PKIG,-0.22770623,6.71e-07,6.18e-06
LOC105373876,0.70231304,6.72e-07,6.19e-06
RFLNB,-0.52255768,6.76e-07,6.22e-06
SPIN1,0.7820047,7.04e-08,6.29e-06
DAP,-0.36618189,6.88e-07,6.33e-06
SCARF1,-0.41078277,6.89e-07,6.33e-06
SAXO1,0.30809444,6.91e-07,6.35e-06
LINC00842,0.57092651,6.93e-07,6.37e-06
COL10A1,-0.63172194,6.95e-07,6.38e-06
TM2D2,-0.16749808,6.96e-07,6.39e-06
ENPEP,-0.46391541,6.95e-07,6.39e-06
MAFTRR,0.45918317,7e-07,6.42e-06
ROBO1,-0.162774,7e-07,6.43e-06
GPR141,-0.52289386,7.01e-07,6.43e-06
RGS22,0.53786913,7.06e-07,6.47e-06
AFDN,0.17821398,7.06e-07,6.47e-06
RPL12,0.24561172,7.08e-07,6.48e-06
SLC25A48-AS1,0.46517727,7.07e-07,6.48e-06
SZT2,-0.795589,7.42e-08,6.52e-06
HNRNPH1,-1.7448374,7.38e-08,6.52e-06
SLC48A1,-0.5807631,7.47e-08,6.52e-06
RPL32,0.24645648,7.13e-07,6.53e-06
TCN2,-0.43173488,7.13e-07,6.53e-06
DNAAF9,-0.12338839,7.17e-07,6.56e-06
LOC107985203,0.3148245,7.18e-07,6.56e-06
STARD5,0.25396544,7.21e-07,6.59e-06
NOTCH2,-0.5638514,7.64e-08,6.62e-06
EFHC2,0.35838712,7.25e-07,6.62e-06
ACRBP,-0.50418172,7.26e-07,6.63e-06
LOC105378408,0.51166677,7.28e-07,6.64e-06
PHF7,0.18421093,7.28e-07,6.64e-06
BRWD3,0.16591704,7.3e-07,6.66e-06
PTPN18,-0.27611867,7.32e-07,6.67e-06
MX2,-0.71129951,7.35e-07,6.7e-06
EGFL8,0.2192833,7.38e-07,6.72e-06
KLF3-AS1,0.29948023,7.42e-07,6.76e-06
MAMDC2,0.48197115,7.46e-07,6.79e-06
KLHL3,-0.25782878,7.48e-07,6.8e-06
GATA3,0.41222331,7.47e-07,6.8e-06
SEC14L5,0.3542003,7.49e-07,6.81e-06
KCNK15,-0.52864627,7.51e-07,6.83e-06
TYSND1,0.20134961,7.56e-07,6.87e-06
SPA17,0.790147,8.09e-08,6.87e-06
LOC101927432,0.4509846,7.69e-07,6.99e-06
PICART1,0.46057915,7.7e-07,6.99e-06
TUBB,-0.6208653,8.37e-08,7.01e-06
MSANTD3,-0.24373788,7.75e-07,7.04e-06
LINC02821,0.56411593,7.84e-07,7.12e-06
DIPK2A,0.25999855,7.85e-07,7.12e-06
ABCG1,-0.30538338,7.85e-07,7.12e-06
RIPOR2,-0.33820592,7.84e-07,7.12e-06
OLFML1,-1.1101263,8.76e-08,7.14e-06
LOC105373195,0.34536844,7.89e-07,7.15e-06
PDGFRL,0.5864278,7.89e-07,7.15e-06
THRB-AS2,0.33161843,7.93e-07,7.18e-06
CNTNAP2,-1.24015933,7.95e-07,7.19e-06
VIPR1,0.37136703,7.94e-07,7.19e-06
FOXS1,-0.72502497,7.98e-07,7.22e-06
DSTYK,0.15681351,8.03e-07,7.26e-06
RPLP1,0.23569176,8.05e-07,7.28e-06
LRRC3C,0.38041087,8.06e-07,7.28e-06
LOC105376901,0.36728662,8.07e-07,7.29e-06
LINC02391,-0.54361887,8.08e-07,7.29e-06
PSTPIP1,-0.51006022,8.07e-07,7.29e-06
CC2D2A,0.23759728,8.1e-07,7.31e-06
XPA,0.13972166,8.15e-07,7.34e-06
ZNF281,-0.16596643,8.15e-07,7.34e-06
CMPK2,-0.99611657,8.14e-07,7.34e-06
TENM4,-0.34958367,8.21e-07,7.4e-06
LOC105375247,-0.68576929,8.22e-07,7.4e-06
TLR6,-0.35279558,8.23e-07,7.41e-06
HSPG2,-0.60659456,8.29e-07,7.46e-06
ACTB,-0.32999297,8.31e-07,7.47e-06
ACOT11,0.26782429,8.32e-07,7.49e-06
LOC107986170,0.39219588,8.35e-07,7.51e-06
FBLIM1,-0.35763423,8.38e-07,7.53e-06
PTAFR,-0.40952592,8.43e-07,7.57e-06
SIRT3,-0.424845,9.43e-08,7.58e-06
PFKL,-0.696372,9.49e-08,7.58e-06
LINC00865,-0.54260085,8.49e-07,7.63e-06
ILK,-1.372507,9.7e-08,7.64e-06
KLC3,0.39843317,8.55e-07,7.67e-06
PLD3,-1.451022,9.82e-08,7.69e-06
CAPN6,-0.77516043,8.7e-07,7.8e-06
CARD11,-0.77944851,8.74e-07,7.84e-06
SRRT,-0.5243907,1.02e-07,7.84e-06
R3HDM2,-0.9618021,1.01e-07,7.84e-06
PRRG3,0.67292166,8.74e-07,7.84e-06
CHST14,-0.36323264,8.8e-07,7.89e-06
PTGIR,-0.27656931,8.84e-07,7.92e-06
SLC11A1,-0.83976014,8.83e-07,7.92e-06
LOC105369771,0.52953249,8.85e-07,7.93e-06
ARHGAP21,-0.23237805,8.89e-07,7.95e-06
TFPI,-0.33456673,8.89e-07,7.95e-06
KRT222,-0.6846833,8.88e-07,7.95e-06
CDK14,-0.29276412,8.9e-07,7.96e-06
EEF1AKMT2,0.14145734,8.9e-07,7.96e-06
CAPN7,-0.5920808,1.04e-07,7.97e-06
LOC105373138,0.35839998,8.92e-07,7.98e-06
CD63-AS1,-0.26789723,8.96e-07,8.01e-06
BFAR,-0.16749252,8.98e-07,8.02e-06
FRG1HP,0.23510494,9.03e-07,8.06e-06
PDXK,-0.32113709,9.09e-07,8.11e-06
IQGAP2,-0.36783446,9.1e-07,8.11e-06
SNX17,-0.14266112,9.09e-07,8.11e-06
STK32A-AS1,0.54515418,9.09e-07,8.11e-06
PRRG1,-0.23990653,9.13e-07,8.14e-06
CA11,0.27981008,9.16e-07,8.15e-06
LOC105378816,0.45370919,9.16e-07,8.16e-06
AHI1-DT,0.3578202,9.2e-07,8.19e-06
TBX5-AS1,0.46432417,9.25e-07,8.23e-06
LMNB2,0.6735984,1.08e-07,8.23e-06
ZFPL1,-0.9896737,1.09e-07,8.23e-06
ADGRF2,0.4095026,9.27e-07,8.24e-06
MTA3,0.13267299,9.28e-07,8.25e-06
LOC107986476,-0.26703329,9.34e-07,8.3e-06
KPNA3,0.7846109,1.12e-07,8.3e-06
TEX10,0.5245959,1.14e-07,8.34e-06
LOC102725112,0.36129764,9.39e-07,8.34e-06
PCOLCE2,-1.5147315,1.14e-07,8.34e-06
SOD3,-0.8855633,1.15e-07,8.38e-06
ORC4,0.17618536,9.49e-07,8.43e-06
SLC22A17,0.29867163,9.51e-07,8.44e-06
TVP23C,0.19515216,9.51e-07,8.44e-06
L2HGDH,0.21092474,9.57e-07,8.49e-06
SIPA1L3,-0.6939843,1.18e-07,8.49e-06
LIMK1,-0.37862541,9.59e-07,8.51e-06
DEGS1,0.28670223,9.59e-07,8.51e-06
TGFB1,-0.46645606,9.6e-07,8.51e-06
ODF3B,-0.60716954,9.67e-07,8.56e-06
GPAA1,-1.1787672,1.2e-07,8.57e-06
VNN1,-0.67820535,9.69e-07,8.58e-06
RPL21P28,0.22909192,9.7e-07,8.58e-06
TGFB2,-0.9545215,1.21e-07,8.59e-06
PRR16,-0.50361005,9.73e-07,8.61e-06
DKC1,0.4509952,1.22e-07,8.62e-06
PPM1J,0.32349552,9.77e-07,8.64e-06
SLC29A1,-1.4579791,1.24e-07,8.7e-06
RNF25,-0.7971064,1.25e-07,8.7e-06
GLS,-0.30484503,9.84e-07,8.71e-06
AK7,0.34955515,9.92e-07,8.77e-06
ARHGAP25,-0.33907431,9.93e-07,8.77e-06
FGD3,-0.34700089,9.96e-07,8.8e-06
EDRF1-DT,0.30639666,9.98e-07,8.81e-06
ANKRD10,-0.21107928,1e-06,8.84e-06
LOC107987152,0.45327566,1.01e-06,8.88e-06
SOAT2,0.54739853,1.01e-06,8.89e-06
SDHAP4,0.15064211,1.02e-06,8.96e-06
RALGAPA1,0.15758231,1.02e-06,8.97e-06
PTPN1,0.5482182,1.3e-07,8.99e-06
EPHB3,-1.0114776,1.3e-07,8.99e-06
LOC105369699,-0.60673481,1.02e-06,8.99e-06
RTP4,-0.71481441,1.02e-06,9.03e-06
GSTM4,-1.2982125,1.32e-07,9.07e-06
LOC100996598,0.56999296,1.03e-06,9.09e-06
MED20,-0.1394485,1.03e-06,9.09e-06
RASL10B,-0.72096905,1.04e-06,9.13e-06
CARD8,-0.21065814,1.04e-06,9.13e-06
CYB5R1,0.25478588,1.04e-06,9.14e-06
CCDC15,0.32301885,1.05e-06,9.23e-06
AHCYL2,0.20010987,1.06e-06,9.29e-06
DNAJC3,-0.14499873,1.06e-06,9.34e-06
PERP,0.31131529,1.06e-06,9.35e-06
MKRN2OS,0.19538545,1.07e-06,9.37e-06
SPRING1,-0.12447903,1.07e-06,9.38e-06
ELMO1-AS1,-0.32425453,1.07e-06,9.38e-06
ATP5F1D,-0.651607,1.44e-07,9.41e-06
PCYT1A,-1.0961019,1.43e-07,9.41e-06
SIGMAR1,-1.2845121,1.42e-07,9.41e-06
SLC1A5,-1.1609912,1.46e-07,9.41e-06
USP21,-0.6987396,1.45e-07,9.41e-06
DAPK3,-1.81076,1.45e-07,9.41e-06
CCNL2,-1.2144739,1.43e-07,9.41e-06
ALDOA,-0.4679555,1.42e-07,9.41e-06
NAB2,-1.7685195,1.47e-07,9.41e-06
ENO2,-0.8549334,1.4e-07,9.41e-06
COPE,-1.5625596,1.4e-07,9.41e-06
FAXDC2,-0.8897942,1.49e-07,9.48e-06
ZYX,-0.50757046,1.09e-06,9.52e-06
SQSTM1,-0.17025609,1.09e-06,9.53e-06
FLG2,0.42812329,1.09e-06,9.53e-06
MUC15,0.39684432,1.09e-06,9.55e-06
FTO,-0.15070069,1.09e-06,9.55e-06
TLN1,-0.29161777,1.09e-06,9.55e-06
SH2D2A,-0.72277742,1.1e-06,9.59e-06
ST3GAL5-AS1,0.50622157,1.1e-06,9.65e-06
THSD7B,-0.62269625,1.1e-06,9.65e-06
SMARCC2,-0.5351952,1.53e-07,9.66e-06
MVK,-0.9592111,1.57e-07,9.66e-06
NMD3,-0.7163906,1.57e-07,9.66e-06
MAT2A,-2.2942616,1.56e-07,9.66e-06
PLXNB1,-1.7083606,1.57e-07,9.66e-06
PLAAT1,0.44985058,1.11e-06,9.66e-06
RPL30,0.24167894,1.11e-06,9.68e-06
NT5DC2,-1.1566014,1.59e-07,9.68e-06
BLTP2,0.3633858,1.6e-07,9.68e-06
FGF22,0.42371626,1.11e-06,9.69e-06
KRAS,0.9673085,1.61e-07,9.69e-06
LOC105373942,0.2316972,1.11e-06,9.7e-06
PRDM6,0.51879119,1.11e-06,9.7e-06
MIS18A,0.18206464,1.11e-06,9.72e-06
ZBED5-AS1,0.25235926,1.11e-06,9.72e-06
GRK5,-0.30136923,1.13e-06,9.82e-06
LDHAL6B,-0.29603441,1.13e-06,9.87e-06
CCL16,-0.56661292,1.13e-06,9.87e-06
PPIF,-1.1571642,1.65e-07,9.92e-06
LSM12,-0.16255135,1.15e-06,1e-05
IL1RN,-1.260528,1.7e-07,1e-05
PAK4,-0.3437929,1.68e-07,1e-05
ZFP92,-0.40767232,1.15e-06,1e-05
FARSA,-0.8372679,1.7e-07,1e-05
TBX18,0.45953168,1.15e-06,1e-05
EMC8,0.4547973,1.7e-07,1e-05
CNTN3,0.50912774,1.16e-06,1.01e-05
RBM42,-0.7066233,1.75e-07,1.01e-05
GET3,-1.0704903,1.73e-07,1.01e-05
NCF1,-0.67383766,1.18e-06,1.02e-05
KIF26B-AS1,-0.58150978,1.17e-06,1.02e-05
LOC105371486,0.46916418,1.17e-06,1.02e-05
EME1,-0.28049931,1.17e-06,1.02e-05
MSANTD3-TMEFF1,-0.31790399,1.17e-06,1.02e-05
SEL1L3,-0.36853368,1.17e-06,1.02e-05
DENND2B,-0.23741491,1.19e-06,1.03e-05
PSEN1,-0.9743,1.83e-07,1.03e-05
KCNIP4,0.16719289,1.19e-06,1.03e-05
ZCCHC24,-0.35650186,1.19e-06,1.03e-05
BBS1,-0.4998713,1.82e-07,1.03e-05
LOC101929653,0.52689887,1.19e-06,1.03e-05
CEBPG,0.4455645,1.82e-07,1.03e-05
APOE,-1.5840227,1.79e-07,1.03e-05
RPS18,0.27149399,1.19e-06,1.03e-05
CCT3,0.388477,1.81e-07,1.03e-05
SEC23A,-0.24854937,1.2e-06,1.04e-05
RNF126,-1.1351071,1.89e-07,1.05e-05
ISG20L2,0.5257044,1.92e-07,1.05e-05
CLTC,-0.12173585,1.22e-06,1.05e-05
DNASE1L3,-0.50199866,1.21e-06,1.05e-05
NBEAL2,-1.0390425,1.92e-07,1.05e-05
KPNA2,-0.3291992,1.23e-06,1.06e-05
MAPK1IP1L,-0.11146532,1.23e-06,1.06e-05
ATP23,0.27371689,1.22e-06,1.06e-05
COX4I2,-0.48263921,1.22e-06,1.06e-05
KAZALD1,0.45386976,1.24e-06,1.06e-05
ZNF571-AS1,0.23314991,1.22e-06,1.06e-05
LOC105374294,0.82371015,1.24e-06,1.06e-05
SAMD9L,-0.61145535,1.23e-06,1.06e-05
CCR2,-0.65369345,1.23e-06,1.06e-05
ISL1,0.656904,1.23e-06,1.06e-05
AKTIP,0.16527183,1.23e-06,1.06e-05
NOTCH2NLA,0.16110374,1.23e-06,1.06e-05
LYRM7,0.14913896,1.23e-06,1.06e-05
EPHX1,-1.5275371,1.97e-07,1.07e-05
SGPL1,0.20291412,1.25e-06,1.08e-05
LCN10,-0.99851167,1.25e-06,1.08e-05
MECOM-AS1,-0.67397435,1.27e-06,1.09e-05
DELE1,-0.1036277,1.27e-06,1.09e-05
NPY4R,0.54043516,1.28e-06,1.1e-05
PSMB8-AS1,-0.37336658,1.3e-06,1.11e-05
C19ORF12,-0.15793044,1.3e-06,1.11e-05
P2RY12,-0.69613674,1.29e-06,1.11e-05
CHPF2,-0.25847218,1.3e-06,1.11e-05
GASK1A,-0.42404589,1.3e-06,1.11e-05
GMPPA,-0.1682741,1.31e-06,1.12e-05
GALNT16-AS1,0.27777403,1.32e-06,1.13e-05
LOC107987289,0.59983391,1.32e-06,1.13e-05
CMYA5,0.3933883,1.32e-06,1.13e-05
TNFSF10,0.5695392,2.13e-07,1.13e-05
MGAT4B,-1.0015644,2.09e-07,1.13e-05
RAB40C,-2.5840558,2.12e-07,1.13e-05
AKR7A3,-0.7876711,2.09e-07,1.13e-05
UTP3,0.5698134,2.11e-07,1.13e-05
QPCT,0.36741102,1.31e-06,1.13e-05
RASL11A,-0.37365528,1.33e-06,1.14e-05
DBN1,-1.0165423,2.16e-07,1.14e-05
LGALSL-DT,0.28158094,1.33e-06,1.14e-05
ZFP36L2,-1.0218201,2.2e-07,1.15e-05
DNMBP-AS1,0.20419181,1.34e-06,1.15e-05
EPSTI1,-0.90467307,1.35e-06,1.15e-05
MRTO4,0.5660035,2.2e-07,1.15e-05
EAF2,-0.4656027,1.36e-06,1.16e-05
OXA1L,-0.8882544,2.24e-07,1.17e-05
ADAM28,-0.47840707,1.37e-06,1.17e-05
ARL15,-0.8692113,2.25e-07,1.17e-05
RECK,-0.999153,2.29e-07,1.18e-05
RSPH1,0.41840799,1.38e-06,1.18e-05
FANCM,0.15415224,1.38e-06,1.18e-05
DCTN4,-0.8414137,2.29e-07,1.18e-05
CDH19,-0.44884434,1.38e-06,1.18e-05
GJB5,0.32635414,1.38e-06,1.18e-05
FUT4,-0.28170793,1.39e-06,1.19e-05
TP53INP1,-0.18589499,1.4e-06,1.19e-05
BAALC,-0.29287663,1.39e-06,1.19e-05
CREB3L2,-0.30001921,1.39e-06,1.19e-05
ERGIC3,-0.5811273,2.34e-07,1.19e-05
BMS1P18,-1.1010673,1.41e-06,1.2e-05
ITGB2-AS1,-0.55905037,1.41e-06,1.2e-05
LOC105376425,-0.35703086,1.41e-06,1.2e-05
LOC105375171,-0.56259591,1.43e-06,1.21e-05
MPZL1,-0.20355942,1.42e-06,1.21e-05
TRO,-0.3302815,1.42e-06,1.21e-05
KCNA6,0.77173824,1.42e-06,1.21e-05
SNX8,-0.24172334,1.45e-06,1.23e-05
UBTD2,-0.1806427,1.45e-06,1.23e-05
LINC02587,-0.59714971,1.44e-06,1.23e-05
UBE2D3-AS1,0.27573931,1.46e-06,1.24e-05
PCARE,0.44245914,1.46e-06,1.24e-05
DPCD,0.16801363,1.47e-06,1.24e-05
OSGIN2,-0.8584278,2.44e-07,1.24e-05
LOC107985236,0.24758874,1.47e-06,1.24e-05
LRTM1,0.65890848,1.47e-06,1.25e-05
COL4A5,0.27146784,1.47e-06,1.25e-05
NMB,-0.55195566,1.47e-06,1.25e-05
PDE4B,-0.41211179,1.47e-06,1.25e-05
RAB30,-1.1804471,2.47e-07,1.25e-05
DNAJC10,-0.17001599,1.49e-06,1.26e-05
CPLX1,-0.5625708,1.49e-06,1.26e-05
SYNJ2BP,0.8173659,2.54e-07,1.27e-05
WDR70,0.5691064,2.52e-07,1.27e-05
LMBRD1,0.14489911,1.51e-06,1.28e-05
WSB2,-0.13211757,1.51e-06,1.28e-05
GPS1,-1.1013609,2.6e-07,1.28e-05
ZNF589,-0.884091,2.59e-07,1.28e-05
MT2A,0.9661975,2.57e-07,1.28e-05
CATSPERG,0.35523181,1.52e-06,1.29e-05
MEIOB,0.40631977,1.52e-06,1.29e-05
GOLGA5,0.4801473,2.64e-07,1.3e-05
MACROH2A1,0.3402743,2.67e-07,1.3e-05
LINC01794,0.72512961,1.54e-06,1.3e-05
BCO1,0.49847924,1.56e-06,1.31e-05
ZNF239,-0.31516292,1.56e-06,1.31e-05
NCF2,-0.37957904,1.56e-06,1.32e-05
RAPGEF4,0.343597,1.56e-06,1.32e-05
AMY1A,0.31096469,1.56e-06,1.32e-05
TMCO5A,0.57233536,1.58e-06,1.33e-05
SAMD9,-0.5361294,1.58e-06,1.33e-05
FCRL6,-0.55724748,1.57e-06,1.33e-05
AFAP1-AS1,-0.33578463,1.59e-06,1.34e-05
VLDLR,-0.38476616,1.6e-06,1.35e-05
MED6,0.16358494,1.62e-06,1.36e-05
CAV1,-0.27389091,1.62e-06,1.36e-05
ZNFX1,-0.2224291,1.61e-06,1.36e-05
ACER1,0.41263191,1.63e-06,1.37e-05
POP7,0.21559131,1.63e-06,1.37e-05
CKLF,0.7474843,2.84e-07,1.37e-05
CEP112,-0.23265105,1.63e-06,1.37e-05
ETHE1,-0.31536907,1.64e-06,1.37e-05
MCRS1,-1.1274382,2.83e-07,1.37e-05
ANKHD1,0.11559265,1.63e-06,1.37e-05
GBP1,-0.65033364,1.64e-06,1.37e-05
LOC102723338,0.38249245,1.64e-06,1.38e-05
ALS2CL,0.36737789,1.65e-06,1.38e-05
TNFSF12-TNFSF13,-0.37468575,1.65e-06,1.38e-05
GNAS,-0.22553558,1.64e-06,1.38e-05
POLR2E,-1.491026,2.91e-07,1.39e-05
ZEB2,-0.24427908,1.66e-06,1.39e-05
GCC2,-0.4929086,2.92e-07,1.39e-05
LOC101927787,0.64556816,1.68e-06,1.41e-05
GYG1,-0.18909231,1.68e-06,1.41e-05
MMP3,-1.4147353,1.68e-06,1.41e-05
LOC105373209,0.73377172,1.68e-06,1.41e-05
RDH13,0.28426315,1.7e-06,1.42e-05
BBX,0.9935566,2.99e-07,1.42e-05
FAM114A2,-0.13461556,1.7e-06,1.42e-05
GPR174,-0.81381261,1.69e-06,1.42e-05
FBXO44,0.21541834,1.69e-06,1.42e-05
PIM2,-0.47981798,1.73e-06,1.44e-05
ZFP69B,-0.31250024,1.72e-06,1.44e-05
NAPA,-1.3271365,3.05e-07,1.44e-05
PCOLCE-AS1,-0.51706755,1.72e-06,1.44e-05
LYPD6B,0.3705777,1.73e-06,1.44e-05
LOC102724731,0.60590247,1.72e-06,1.44e-05
ESRG,0.80732486,1.74e-06,1.46e-05
LOC105375072,0.56308636,1.76e-06,1.47e-05
LIPM,0.42475462,1.76e-06,1.47e-05
NALCN,-0.53214874,1.76e-06,1.47e-05
GM2A,-1.0111397,3.19e-07,1.48e-05
NAT8L,-1.07533066,1.77e-06,1.48e-05
RPL31,0.25225568,1.77e-06,1.48e-05
FCF1,-0.9044244,3.19e-07,1.48e-05
CFAP90,0.6723723,1.78e-06,1.48e-05
UQCRC1,-1.2457963,3.19e-07,1.48e-05
ESRP1,0.27822465,1.78e-06,1.48e-05
DHRS11,-1.1566883,3.22e-07,1.49e-05
GAN,0.37976869,1.79e-06,1.49e-05
ARHGAP28,-0.43775665,1.79e-06,1.49e-05
TUB,0.23467837,1.81e-06,1.5e-05
NKTR,0.17663087,1.81e-06,1.5e-05
LOC105373953,-0.76517439,1.8e-06,1.5e-05
COL6A1,-1.0227423,3.28e-07,1.51e-05
PELI2,0.2410084,1.83e-06,1.52e-05
ALOXE3,-0.8574753,3.32e-07,1.52e-05
LOC101927296,-0.29661488,1.84e-06,1.53e-05
GABARAPL1,-0.8090957,3.36e-07,1.53e-05
SYPL1,-0.7816746,3.39e-07,1.53e-05
FOXJ3,-0.4040262,3.34e-07,1.53e-05
CYTH3,-0.23444911,1.84e-06,1.53e-05
ARFGAP2,-0.6232859,3.42e-07,1.54e-05
KCNK3,-0.82869593,1.86e-06,1.54e-05
ARF1,-1.2041679,3.45e-07,1.55e-05
TACC3,-0.33521804,1.86e-06,1.55e-05
ANKRD40,-0.16640734,1.86e-06,1.55e-05
CYBRD1,0.37740159,1.88e-06,1.56e-05
TINCR,0.29966141,1.88e-06,1.56e-05
LOC112267907,-0.58122552,1.9e-06,1.57e-05
DENND2C,0.32730719,1.89e-06,1.57e-05
RNPC3,0.15349633,1.9e-06,1.57e-05
VPS13A,0.19172169,1.9e-06,1.57e-05
TAF9B,-2.7242287,3.51e-07,1.57e-05
KPNB1,0.263991,3.54e-07,1.58e-05
EXT2,-0.12029953,1.91e-06,1.58e-05
CDC25B,-0.3570964,1.92e-06,1.58e-05
PHACTR1,1.3515669,3.55e-07,1.58e-05
HPS5,-0.18886116,1.91e-06,1.58e-05
HDHD3,-0.9710483,3.63e-07,1.59e-05
HSBP1,0.5305821,3.62e-07,1.59e-05
TPRA1,-0.9922981,3.68e-07,1.6e-05
ARHGAP22,-0.31912385,1.94e-06,1.6e-05
GAS2L3,-0.22297302,1.93e-06,1.6e-05
CCDC9,-0.718051,3.67e-07,1.6e-05
SMAD7,-0.32650549,1.95e-06,1.61e-05
C11ORF80,0.25694251,1.95e-06,1.61e-05
CCND3,-0.26937797,1.95e-06,1.61e-05
M6PR,-0.14324907,1.95e-06,1.61e-05
SNORA104,-0.51499937,1.96e-06,1.62e-05
PIK3CD-AS1,-0.77565548,1.98e-06,1.63e-05
HNRNPA1P33,0.5679396,1.98e-06,1.63e-05
CCDC200,-0.38190746,2e-06,1.64e-05
C1ORF210,0.37525311,1.99e-06,1.64e-05
DMKN,0.32971291,1.98e-06,1.64e-05
UQCRFS1-DT,0.44720845,1.99e-06,1.64e-05
LOC102724068,-0.67060559,2.01e-06,1.65e-05
TIMM44,-0.7328833,3.81e-07,1.65e-05
ME3-DT,-0.43734078,2e-06,1.65e-05
ZNF488,0.48904593,2.02e-06,1.66e-05
NDFIP1,-0.8647246,3.85e-07,1.66e-05
RPS17,0.25903559,2.04e-06,1.67e-05
POLB,0.9292424,3.94e-07,1.67e-05
PTEN,0.533874,3.92e-07,1.67e-05
EXT1,0.5342563,3.89e-07,1.67e-05
LOC105369565,-0.70912138,2.03e-06,1.67e-05
RTCB,0.4216762,3.94e-07,1.67e-05
LOC105372884,0.26505523,2.05e-06,1.68e-05
NEAT1,-1.6322654,3.99e-07,1.68e-05
PRANCR,0.2424092,2.05e-06,1.68e-05
EBNA1BP2,0.468803,3.97e-07,1.68e-05
COMMD1,0.10224961,2.07e-06,1.7e-05
LOC105372160,0.23813167,2.07e-06,1.7e-05
MBTD1,0.16801115,2.07e-06,1.7e-05
LOC107986571,0.32494706,2.07e-06,1.7e-05
STAT5A,-0.27200877,2.08e-06,1.71e-05
LOC105373678,0.44838191,2.1e-06,1.72e-05
OGDH,-0.7727335,4.11e-07,1.72e-05
VGLL4,0.5567945,4.13e-07,1.72e-05
OAS3,-0.79084019,2.11e-06,1.73e-05
KAT6B,0.12889104,2.11e-06,1.73e-05
BRD3,0.5430277,4.17e-07,1.73e-05
SLC2A12,0.39090431,2.12e-06,1.74e-05
RGS18,-0.57916128,2.12e-06,1.74e-05
GSTO2,0.26809825,2.13e-06,1.74e-05
EBF3,-0.36289279,2.13e-06,1.74e-05
GID8,0.3741459,4.25e-07,1.75e-05
CNTN1,-1.7908479,4.34e-07,1.76e-05
CYC1,-0.5506644,4.32e-07,1.76e-05
DDX27,0.3940696,4.27e-07,1.76e-05
ARMC10,0.13899697,2.16e-06,1.76e-05
RAB4A,0.13562484,2.15e-06,1.76e-05
C1ORF116,0.27912905,2.15e-06,1.76e-05
LOC101927073,1.01032171,2.18e-06,1.78e-05
CLXN,0.46865066,2.18e-06,1.78e-05
TSPAN8,0.68722888,2.18e-06,1.78e-05
SPHK1,-0.43281402,2.18e-06,1.78e-05
RPL41,0.23506471,2.2e-06,1.8e-05
KAT5,0.1107013,2.21e-06,1.8e-05
LOC105375036,0.38773207,2.21e-06,1.8e-05
EIF3J-DT,0.16228156,2.22e-06,1.81e-05
PSIP1,-0.487591,4.51e-07,1.82e-05
CCT7,0.4617242,4.51e-07,1.82e-05
SMANTIS,0.21712462,2.24e-06,1.82e-05
GIMAP7,-0.37874735,2.24e-06,1.83e-05
PHC2,-0.31774675,2.25e-06,1.83e-05
NUDT9,0.4501824,4.59e-07,1.84e-05
EIF4G1,0.4333059,4.59e-07,1.84e-05
MAP3K1,0.18696925,2.26e-06,1.84e-05
CACNA2D2,0.35875052,2.27e-06,1.84e-05
RPS14,0.2271722,2.28e-06,1.85e-05
AKNA,-0.37570857,2.27e-06,1.85e-05
IFT74,0.1638406,2.29e-06,1.86e-05
GPRASP1,0.23597534,2.28e-06,1.86e-05
MTMR1,-0.4936536,4.72e-07,1.88e-05
LINC00312,-0.34227695,2.32e-06,1.88e-05
ATP2C2,0.30438529,2.33e-06,1.89e-05
PLXNA3,-0.8750376,4.75e-07,1.89e-05
FUT2,-0.7108376,4.77e-07,1.89e-05
RAB13,-0.20917993,2.32e-06,1.89e-05
LINC01948,0.32698876,2.32e-06,1.89e-05
STBD1,-0.49169367,2.33e-06,1.89e-05
ECD,0.4702721,4.87e-07,1.9e-05
DYRK2,0.4450409,4.92e-07,1.9e-05
CDH1,-0.88438,4.93e-07,1.9e-05
STAT6,-0.4767722,4.84e-07,1.9e-05
TAP1,1.0082752,4.94e-07,1.9e-05
ELMOD1,0.37755224,2.36e-06,1.91e-05
ZFAT,-0.16312899,2.35e-06,1.91e-05
NCMAP-DT,0.25227897,2.36e-06,1.91e-05
FAM171A1,-0.31817968,2.37e-06,1.92e-05
EDEM2,-0.1327565,2.37e-06,1.92e-05
ALDOC,-0.7552459,5e-07,1.92e-05
RPL26,0.31736231,2.39e-06,1.93e-05
PHOSPHO2,0.24290011,2.39e-06,1.93e-05
RUSF1,-0.820145,5.03e-07,1.93e-05
TUBB6,-0.20591267,2.39e-06,1.93e-05
LOC105378593,0.4605045,2.39e-06,1.93e-05
LIPC,0.60028028,2.38e-06,1.93e-05
SUGT1P3,0.25027198,2.38e-06,1.93e-05
CYYR1,-0.24882699,2.38e-06,1.93e-05
LOC105371240,-0.55656139,2.4e-06,1.94e-05
LINC02908,-0.46288715,2.41e-06,1.95e-05
AXL,-0.6616573,5.11e-07,1.95e-05
PGM5P4,0.53984457,2.43e-06,1.96e-05
WDR82,-0.09849989,2.43e-06,1.97e-05
RANGAP1,-1.0269323,5.2e-07,1.97e-05
DNM1,-1.0259887,5.2e-07,1.97e-05
UBA1,-1.1552083,5.2e-07,1.97e-05
GCM2,0.41413552,2.45e-06,1.97e-05
RHCE,-0.14337298,2.45e-06,1.97e-05
GALNT16,0.55552131,2.45e-06,1.98e-05
POLR3E,0.15469233,2.47e-06,1.99e-05
AQP7P1,-0.67586379,2.47e-06,1.99e-05
FBLN5,-1.3664311,5.32e-07,2e-05
ARHGAP45,-0.42261474,2.49e-06,2e-05
LOC105373170,-0.32842527,2.5e-06,2.01e-05
GIPR,0.37179204,2.49e-06,2.01e-05
EWSR1,-0.7178341,5.36e-07,2.01e-05
SNORD64,0.3853798,2.5e-06,2.01e-05
GPCPD1,-0.21001859,2.49e-06,2.01e-05
LOC105376806,-0.47644633,2.51e-06,2.02e-05
TAGAP,-0.38776115,2.53e-06,2.03e-05
MAPT,0.30087756,2.53e-06,2.03e-05
ZBTB7A,-2.4249534,5.43e-07,2.03e-05
KCTD13,-0.7076819,5.41e-07,2.03e-05
LOC105378299,-0.62210679,2.52e-06,2.03e-05
SORCS1,-0.32902553,2.55e-06,2.04e-05
TMEM259,-3.1662065,5.48e-07,2.04e-05
RBM5-AS1,0.11338749,2.54e-06,2.04e-05
PKP3,-1.1101168,5.54e-07,2.05e-05
PTOV1,-0.7623239,5.57e-07,2.05e-05
HP1BP3,-2.3639215,5.55e-07,2.05e-05
SLC9D1,-1.2218442,5.57e-07,2.05e-05
DUXAP10,-1.03145395,2.56e-06,2.05e-05
STON1-GTF2A1L,-0.29948173,2.56e-06,2.05e-05
ANKHD1-EIF4EBP3,0.1099153,2.57e-06,2.06e-05
MYMX,0.38466986,2.57e-06,2.06e-05
MRPS6,-0.46079306,2.57e-06,2.06e-05
PMPCB,0.14698469,2.59e-06,2.07e-05
BCL11A,0.2460275,2.59e-06,2.07e-05
LRRN1,-0.44896673,2.59e-06,2.07e-05
LPAR6,-0.21099201,2.6e-06,2.08e-05
TP63,-1.1859001,5.75e-07,2.09e-05
ITGB4,-1.1008732,5.76e-07,2.09e-05
SSH2,-0.1568783,2.62e-06,2.09e-05
IRF2BP1,-1.9260516,5.75e-07,2.09e-05
CASP2,-1.1299949,5.81e-07,2.1e-05
CC2D1A,-0.6351119,5.81e-07,2.1e-05
TECTA,-0.29650601,2.62e-06,2.1e-05
PSMB6,0.445411,5.84e-07,2.1e-05
ANAPC13,0.3794444,5.84e-07,2.1e-05
STIP1,-1.7209766,5.9e-07,2.11e-05
MIR6852,-0.3108708,2.63e-06,2.11e-05
EPGN,-1.24193936,2.65e-06,2.11e-05
MIR5190,-0.4576616,2.65e-06,2.11e-05
EVPL,0.35886058,2.64e-06,2.11e-05
ME2,-0.18326495,2.65e-06,2.12e-05
HENMT1,-0.30914982,2.66e-06,2.12e-05
NUDT12,0.27243785,2.67e-06,2.13e-05
LOC112268108,0.57054749,2.67e-06,2.13e-05
FAM13A-AS1,0.20507239,2.68e-06,2.13e-05
LINC02635,0.32881308,2.68e-06,2.14e-05
TBC1D8,0.20533532,2.7e-06,2.15e-05
PSMD1,0.3963996,6.11e-07,2.16e-05
GASAL1,-0.52755196,2.72e-06,2.16e-05
LOC107987153,0.29678339,2.72e-06,2.17e-05
EXOC5,-1.9952782,6.21e-07,2.18e-05
RAD17,-0.3333332,6.21e-07,2.18e-05
CSRNP3,-0.28479869,2.73e-06,2.18e-05
PLCG2,0.8096519,6.24e-07,2.18e-05
LOC107985063,-0.66331989,2.75e-06,2.19e-05
SLC35A2,-0.9646412,6.29e-07,2.19e-05
LOC105379031,0.41930174,2.75e-06,2.19e-05
UBXN2B,-0.7518807,6.29e-07,2.19e-05
SLC1A6,0.51397485,2.77e-06,2.2e-05
CDK9,-0.5031504,6.33e-07,2.2e-05
PPT2-EGFL8,0.19811316,2.76e-06,2.2e-05
ACTR3B,-0.684473,6.36e-07,2.2e-05
RPL38,0.21789809,2.76e-06,2.2e-05
LOC107986847,0.27675632,2.79e-06,2.22e-05
LOC112268080,-0.83853992,2.8e-06,2.23e-05
LOC105378651,-0.3624875,2.83e-06,2.24e-05
SLC7A10,-0.98375773,2.83e-06,2.24e-05
LOC105373873,0.55579141,2.84e-06,2.25e-05
LINC00302,0.46312287,2.83e-06,2.25e-05
LILRA4,-1.04220318,2.83e-06,2.25e-05
LOC107984658,0.18063436,2.85e-06,2.26e-05
SYNGR1,0.26272719,2.86e-06,2.26e-05
LOC101930071,-0.72590832,2.85e-06,2.26e-05
HSD17B8,0.22306587,2.87e-06,2.27e-05
EIF4EBP2,-0.6504737,6.65e-07,2.28e-05
SAFB,-1.1382038,6.62e-07,2.28e-05
SREBF2,-0.4179965,6.67e-07,2.28e-05
KARS1,0.3538211,6.7e-07,2.28e-05
ERAL1,-0.4953852,6.67e-07,2.28e-05
ID4,0.28281472,2.89e-06,2.29e-05
GRHL2-DT,0.30634278,2.9e-06,2.29e-05
HAUS3,0.11117453,2.9e-06,2.29e-05
MIRLET7I,-0.47896878,2.9e-06,2.29e-05
LOC105375386,0.53485049,2.91e-06,2.3e-05
DOCK11,-0.32658919,2.94e-06,2.32e-05
LOC107986189,0.34057635,2.93e-06,2.32e-05
TNNT3,-0.64686815,2.93e-06,2.32e-05
GIMAP1,-0.31079919,2.94e-06,2.32e-05
DOK4,-0.6578708,6.93e-07,2.33e-05
EIF4A3,0.5367365,6.94e-07,2.33e-05
PROSER1,-0.5659986,6.92e-07,2.33e-05
PDGFD,-0.8761549,6.88e-07,2.33e-05
RAD1,0.4151485,6.89e-07,2.33e-05
ATP2B4,-0.5298155,7.05e-07,2.34e-05
AP1M2,-0.6198178,7.14e-07,2.34e-05
CREBZF,-0.5375181,7.04e-07,2.34e-05
PLXDC2,0.9213998,7.14e-07,2.34e-05
NADK,-0.991886,7.14e-07,2.34e-05
LOC105376397,0.7548723,2.97e-06,2.34e-05
RIMKLB,-0.16869397,2.96e-06,2.34e-05
CRIP2,-1.5378123,7.06e-07,2.34e-05
GAS1,-1.1827677,7.03e-07,2.34e-05
SELENBP1,-1.02349,7.16e-07,2.34e-05
LY6G6C,-1.0787529,7.05e-07,2.34e-05
TMEM41A,0.16899678,2.99e-06,2.36e-05
GSR,-1.163416,7.23e-07,2.36e-05
LOC107984204,0.4059146,2.99e-06,2.36e-05
TNIP1,-0.19080069,3e-06,2.37e-05
MAP3K21,0.25462718,3.01e-06,2.37e-05
SHPRH,0.13145539,3.01e-06,2.37e-05
GRIFIN,0.49810128,3e-06,2.37e-05
DNAI7,0.34895499,3.03e-06,2.38e-05
GTF2IRD2,0.15113974,3.03e-06,2.39e-05
SERPINB13,-1.1194644,7.39e-07,2.4e-05
LOC101927263,-0.40462631,3.05e-06,2.4e-05
NAB1,-0.8313758,7.42e-07,2.4e-05
SNRPD2,0.43762,7.4e-07,2.4e-05
LOC105373874,0.55103234,3.07e-06,2.41e-05
RARA,-0.34059793,3.06e-06,2.41e-05
SERTAD3,-0.6150822,7.48e-07,2.41e-05
DSG1,0.3418955,3.07e-06,2.42e-05
IL13RA1,-0.23402297,3.09e-06,2.43e-05
MFAP4,-1.5803459,7.56e-07,2.43e-05
RPS12,0.26476091,3.1e-06,2.44e-05
CNR1,-0.52025584,3.12e-06,2.45e-05
RPL18,0.18980298,3.12e-06,2.45e-05
MAX,-0.7247519,7.66e-07,2.45e-05
TREH,-0.35272667,3.14e-06,2.46e-05
LOC105375888,-0.46770326,3.13e-06,2.46e-05
GNAI2,-0.30241109,3.13e-06,2.46e-05
LOC606724,-0.40643022,3.16e-06,2.48e-05
CYP27A1,-0.5888103,7.86e-07,2.49e-05
NRCAM,-0.41508217,3.17e-06,2.49e-05
KLHDC1,0.20515879,3.18e-06,2.49e-05
PSAT1,-2.0221,7.84e-07,2.49e-05
CTSF,-0.6645288,7.91e-07,2.5e-05
LIMA1,-0.24020851,3.19e-06,2.5e-05
PIF1,-0.42991658,3.21e-06,2.51e-05
AUH,0.15884618,3.2e-06,2.51e-05
NOPCHAP1,0.16024701,3.2e-06,2.51e-05
DPH6,0.17995259,3.22e-06,2.52e-05
BCAN,0.74080114,3.24e-06,2.53e-05
MTAP,-0.66666,8.07e-07,2.54e-05
PLCE1,-0.214572,3.25e-06,2.54e-05
LOC105379814,-0.84664671,3.26e-06,2.54e-05
DCTN1,-0.6814591,8.09e-07,2.54e-05
FLACC1,-0.32129017,3.27e-06,2.55e-05
ZBTB47-AS1,0.21450509,3.27e-06,2.55e-05
LRRC8C,-0.24529605,3.28e-06,2.56e-05
LINC01451,0.51432187,3.29e-06,2.56e-05
FAM131C,0.63642563,3.29e-06,2.57e-05
WDR43,0.5240738,8.23e-07,2.58e-05
NPL,-0.391735,3.33e-06,2.6e-05
LOC105373067,0.75026348,3.33e-06,2.6e-05
C14ORF39,-1.06488796,3.33e-06,2.6e-05
MRPL17,0.5200054,8.36e-07,2.61e-05
C4ORF48,-0.51893131,3.36e-06,2.62e-05
SEPTIN5,0.34036866,3.37e-06,2.62e-05
LOC105375669,0.30508714,3.36e-06,2.62e-05
HOXA5,0.33035223,3.41e-06,2.65e-05
ALG5,0.3654197,8.61e-07,2.66e-05
ENOSF1,0.13630901,3.41e-06,2.66e-05
TLK1,-1.065734,8.54e-07,2.66e-05
UBAP2,0.6021318,8.57e-07,2.66e-05
STAU1,0.3780346,8.55e-07,2.66e-05
DENND4B,-0.28390597,3.45e-06,2.68e-05
SLC35E3,0.14626872,3.45e-06,2.68e-05
SYTL2,-0.2266508,3.44e-06,2.68e-05
FLRT2-AS1,-0.3393807,3.45e-06,2.68e-05
LOC101928940,-0.65563605,3.47e-06,2.69e-05
PRNP,-0.9342669,8.71e-07,2.69e-05
RPS21,0.22351334,3.46e-06,2.69e-05
ELK1,-1.0639146,8.76e-07,2.7e-05
SC5D,-0.8767047,8.78e-07,2.7e-05
ADAM3B,-0.54638104,3.5e-06,2.71e-05
EEF2K,0.33941512,3.51e-06,2.72e-05
BCL11B,0.24870611,3.51e-06,2.73e-05
CEL,-2.7056568,8.93e-07,2.73e-05
ZDHHC4,-0.17266558,3.54e-06,2.74e-05
SGCE,-0.32455351,3.54e-06,2.74e-05
LOC105375091,0.4189325,3.53e-06,2.74e-05
PHC1,-0.15551669,3.53e-06,2.74e-05
SND1-IT1,-0.2567387,3.56e-06,2.76e-05
SLC52A2,-0.7923553,9.09e-07,2.76e-05
SETD3,0.557329,9.19e-07,2.77e-05
HMGN3-AS1,0.19031187,3.58e-06,2.77e-05
MPPED2,-0.9988302,9.16e-07,2.77e-05
YIPF2,-0.7361244,9.13e-07,2.77e-05
HIRIP3,0.17730689,3.59e-06,2.78e-05
EDA,0.2596659,3.59e-06,2.78e-05
ZNF708,-0.19895247,3.61e-06,2.79e-05
EEF1AKMT3,-0.4812784,9.3e-07,2.79e-05
BBLN,-1.2342156,9.48e-07,2.83e-05
DRAP1,-1.1151149,9.44e-07,2.83e-05
AMY1B,0.45152456,3.68e-06,2.84e-05
TSNAX-DISC1,-0.15745486,3.67e-06,2.84e-05
PRRC1,0.6295527,9.58e-07,2.85e-05
LOC105376455,-0.35988405,3.69e-06,2.85e-05
CDK16,-0.9026557,9.62e-07,2.85e-05
XK,0.37208749,3.7e-06,2.86e-05
ACVRL1,-0.8758795,9.67e-07,2.86e-05
EPS15,-0.3596039,9.76e-07,2.87e-05
VAPA,0.4492692,9.74e-07,2.87e-05
GBP5,-0.89556568,3.71e-06,2.87e-05
RNF115,0.5491302,9.76e-07,2.87e-05
RHOG,-0.23009447,3.72e-06,2.87e-05
LOC105374187,0.4170787,3.73e-06,2.88e-05
MYDGF,-0.21939185,3.73e-06,2.88e-05
LINC02614,0.27283855,3.75e-06,2.89e-05
CCL13,-0.86614052,3.75e-06,2.89e-05
ZFAND5,-0.14672131,3.77e-06,2.9e-05
ARFGEF2,-0.4952514,9.9e-07,2.9e-05
COPS8,-0.1862876,3.77e-06,2.91e-05
PLPP4,-0.77353902,3.78e-06,2.91e-05
TMEM35B,-0.25369212,3.82e-06,2.94e-05
DDX10,0.5362046,1.01e-06,2.96e-05
ABCD3,0.22440632,3.84e-06,2.96e-05
RPL24,0.20337868,3.84e-06,2.96e-05
HIF1A-AS2,-0.32279649,3.88e-06,2.98e-05
ATP13A5-AS1,0.57810936,3.88e-06,2.98e-05
ZNF668,-0.27032049,3.87e-06,2.98e-05
ATP6V0E1,-0.17852685,3.89e-06,2.99e-05
HFE,-0.2342661,3.91e-06,3e-05
EBF1,-0.3435394,3.92e-06,3.01e-05
CSGALNACT1,-0.26020415,3.94e-06,3.02e-05
SNORD156,-0.91742835,3.93e-06,3.02e-05
LOC105369171,0.27790253,3.95e-06,3.03e-05
ALK,0.23317602,3.95e-06,3.03e-05
MIIP,-0.7778253,1.05e-06,3.05e-05
NOBOX,0.70607032,3.97e-06,3.05e-05
DUXAP8,-1.0478473,3.99e-06,3.06e-05
GARRE1,0.4968923,1.06e-06,3.07e-05
S1PR3,-0.39046657,4.04e-06,3.09e-05
ZW10,0.19544592,4.04e-06,3.1e-05
IFI44,-0.87341244,4.04e-06,3.1e-05
NRG2,-1.8072122,1.07e-06,3.1e-05
NCKAP1,-0.7155005,1.08e-06,3.11e-05
ANKRD44,-0.26580668,4.06e-06,3.11e-05
RNF167,-0.5441848,1.08e-06,3.12e-05
VAV2,-0.31075694,4.09e-06,3.13e-05
HEATR5B,0.14070954,4.09e-06,3.13e-05
SRSF10,-0.5106972,1.1e-06,3.14e-05
WDR86,-0.22974885,4.1e-06,3.14e-05
RALBP1,0.5969902,1.11e-06,3.16e-05
AGPAT5,-0.21044819,4.14e-06,3.16e-05
NR1H2,-0.9291032,1.11e-06,3.16e-05
STMN1,-0.23039802,4.13e-06,3.16e-05
LUZP6,-0.11955899,4.14e-06,3.16e-05
MTPN,-0.11955899,4.14e-06,3.16e-05
NLRP6,-0.70528673,4.16e-06,3.18e-05
INAVA,0.27924283,4.18e-06,3.19e-05
ECE1-AS1,0.36105075,4.18e-06,3.19e-05
ZNF823,0.16082393,4.2e-06,3.2e-05
CDKAL1,0.12745897,4.19e-06,3.2e-05
TUBB4B,0.26866795,4.19e-06,3.2e-05
ZSCAN9,-0.18240674,4.21e-06,3.21e-05
RPL19,0.17861184,4.21e-06,3.21e-05
NUP37,0.4829678,1.14e-06,3.21e-05
S100Z,-0.655039,4.21e-06,3.21e-05
CDK13,0.06607951,4.24e-06,3.23e-05
NRTN,1.1251695,1.15e-06,3.23e-05
FLAD1,-0.8900819,1.15e-06,3.24e-05
SAP30L,0.14188958,4.27e-06,3.25e-05
SCN3A,-0.44631463,4.27e-06,3.25e-05
IGSF3,0.6123282,1.17e-06,3.27e-05
SHISAL2A,-0.83488584,4.29e-06,3.27e-05
PGRMC2,0.17240462,4.3e-06,3.28e-05
GSK3B,0.6538877,1.18e-06,3.28e-05
CD46,-1.5542603,1.17e-06,3.28e-05
ANKK1,0.41867165,4.33e-06,3.29e-05
LOC112268256,0.26360111,4.33e-06,3.29e-05
TMEM248,0.3954528,1.19e-06,3.29e-05
DDA1,-1.382348,1.19e-06,3.29e-05
UFD1,0.5230379,1.19e-06,3.29e-05
ARHGEF15,-0.44624381,4.34e-06,3.3e-05
RPLP0P2,-0.85382779,4.35e-06,3.31e-05
SPRYD7,0.13586729,4.37e-06,3.32e-05
SNX5,-0.11698996,4.39e-06,3.33e-05
GULP1,0.25744645,4.4e-06,3.34e-05
EZH1,0.13398819,4.41e-06,3.35e-05
LOC105378768,0.42017027,4.41e-06,3.35e-05
M1AP,-0.48687716,4.42e-06,3.36e-05
PRP4K,-0.7066939,1.22e-06,3.37e-05
WDR38,0.22148955,4.46e-06,3.38e-05
TSR2,-0.7737311,1.22e-06,3.38e-05
OLA1,0.5414573,1.24e-06,3.4e-05
LOC105375912,-0.56816658,4.48e-06,3.4e-05
CHKA,-0.6874499,1.24e-06,3.4e-05
SPTSSB,0.32219901,4.49e-06,3.4e-05
SUGT1,0.1268111,4.51e-06,3.41e-05
APOD,-1.5818223,1.24e-06,3.41e-05
AOPEP,-0.14441693,4.53e-06,3.43e-05
HSPB6,-0.93117698,4.53e-06,3.43e-05
TNFAIP3,-0.30487868,4.55e-06,3.44e-05
PPARG,-0.65078614,4.54e-06,3.44e-05
C1QTNF3,-0.44009481,4.56e-06,3.45e-05
SYDE1,-0.38405797,4.57e-06,3.46e-05
ZNF706,0.17074287,4.57e-06,3.46e-05
SELENON,-0.42939443,4.6e-06,3.47e-05
CNTFR-AS1,0.63559163,4.59e-06,3.47e-05
NANS,-0.17254782,4.6e-06,3.48e-05
RPRD2,-0.7540205,1.28e-06,3.49e-05
ATP6V1A,-0.6286329,1.28e-06,3.49e-05
ALDH3B2,-1.5631052,1.29e-06,3.5e-05
NEK1,0.5391421,1.29e-06,3.5e-05
MACROD1,-0.6575916,1.3e-06,3.51e-05
CELF2,-0.25880718,4.65e-06,3.51e-05
AADACL2,0.39956493,4.66e-06,3.52e-05
NOP53-AS1,0.27527072,4.67e-06,3.52e-05
MFSD1,-0.20434991,4.66e-06,3.52e-05
DSC3,0.27440026,4.67e-06,3.52e-05
PPIG,0.4034214,1.31e-06,3.53e-05
GTF3C1,0.1598952,4.71e-06,3.55e-05
CDC40,0.13836587,4.73e-06,3.56e-05
USHBP1,-0.42630826,4.75e-06,3.58e-05
ATP11C,-0.19244442,4.78e-06,3.6e-05
KIAA1549L,0.29176983,4.79e-06,3.61e-05
PACS1,-0.34081143,4.8e-06,3.61e-05
HOXA1,0.32994031,4.82e-06,3.62e-05
COG6,0.13035309,4.82e-06,3.62e-05
TMEM185A,0.12780266,4.82e-06,3.63e-05
FAM85B,0.42438939,4.85e-06,3.64e-05
APOL4,-0.60318568,4.86e-06,3.65e-05
LEFTY2,-0.95914512,4.85e-06,3.65e-05
LOC101928228,-0.61650101,4.87e-06,3.66e-05
LOC105374584,0.33928456,4.89e-06,3.67e-05
ATG10,0.18365052,4.89e-06,3.67e-05
LOC107986127,-0.25749613,4.91e-06,3.68e-05
TRIM7-AS1,0.33947662,4.92e-06,3.69e-05
METTL17,0.12608804,4.92e-06,3.69e-05
TMEM144,-0.19931242,4.93e-06,3.7e-05
ETV1,-0.6232867,1.38e-06,3.72e-05
HSFX1,0.29227584,4.96e-06,3.72e-05
TUBA1A,0.4542827,1.39e-06,3.73e-05
COA7,0.6934237,1.4e-06,3.73e-05
PTPA,-0.846134,1.4e-06,3.73e-05
SIPA1L1-AS1,0.24054276,5e-06,3.74e-05
CIAO2B,0.5013404,1.41e-06,3.74e-05
ZNF606,0.14780566,4.99e-06,3.74e-05
LONRF3,0.44986203,4.99e-06,3.74e-05
COL4A6,0.32990143,5.02e-06,3.76e-05
POLR2J4,0.16560032,5.08e-06,3.8e-05
PTPRO,-0.50547251,5.08e-06,3.8e-05
ARMCX5-GPRASP2,0.11067539,5.11e-06,3.82e-05
RTRAF,0.3221403,1.45e-06,3.83e-05
GOLGA4,0.20849391,5.12e-06,3.83e-05
TRMT9B,0.2795079,5.14e-06,3.84e-05
TNFSF14,-0.52930785,5.13e-06,3.84e-05
SIT1,-0.78171213,5.14e-06,3.84e-05
ZHX2,-0.6096809,1.46e-06,3.85e-05
SEMA4G,-0.7369215,1.46e-06,3.85e-05
MPV17,-0.09528896,5.15e-06,3.85e-05
SPTAN1,0.14585331,5.16e-06,3.85e-05
HECTD3,-0.8161382,1.46e-06,3.85e-05
LOC105374506,-0.73662502,5.18e-06,3.86e-05
RYK,-0.4464907,1.47e-06,3.86e-05
FLT3LG,-2.0589946,1.48e-06,3.87e-05
MCTP1,-0.35207144,5.18e-06,3.87e-05
TNP1,0.6660042,5.2e-06,3.88e-05
UNC45A,-0.5548669,1.48e-06,3.88e-05
LOC105372802,-0.62582874,5.22e-06,3.89e-05
LOC112268027,-0.49638125,5.22e-06,3.89e-05
LDLRAD2,-0.53527217,5.23e-06,3.9e-05
PTP4A3,-0.3867981,5.24e-06,3.9e-05
NDRG3,-0.4856393,1.5e-06,3.91e-05
NFYB,-0.332345,1.5e-06,3.91e-05
SCNN1B,-0.5639797,1.51e-06,3.91e-05
ARPC4,-1.0409266,1.53e-06,3.95e-05
ZFAND3,-0.19280884,5.3e-06,3.95e-05
BICD2,0.5828901,1.53e-06,3.95e-05
ABCF3,-0.4493077,1.52e-06,3.95e-05
ATF5,0.7375275,1.53e-06,3.95e-05
IL21R-AS1,-0.75213591,5.31e-06,3.95e-05
MNDA,-0.53436583,5.32e-06,3.96e-05
CTSA,-0.24777718,5.33e-06,3.97e-05
SEPT5-GP1BB,0.34173327,5.33e-06,3.97e-05
ZNF658B,0.24604776,5.33e-06,3.97e-05
EXOC6,-0.17540342,5.36e-06,3.98e-05
OCRL,-0.5461387,1.55e-06,3.98e-05
CAMK1,-1.056766,1.56e-06,3.98e-05
DPP4,-1.3243345,1.56e-06,3.98e-05
PCGF6,-0.1775679,5.35e-06,3.98e-05
HIF1AN,0.11926942,5.35e-06,3.98e-05
PPP4R1,0.531197,1.57e-06,3.98e-05
NKILA,-0.61354787,5.38e-06,3.99e-05
ITGA9-AS1,0.22921785,5.37e-06,3.99e-05
ESF1,0.6427358,1.59e-06,4.03e-05
FLOT2,-0.24418527,5.42e-06,4.03e-05
MINK1,-0.6159473,1.59e-06,4.03e-05
MLH1,0.370575,1.6e-06,4.04e-05
ARHGEF3,-0.17369592,5.45e-06,4.04e-05
CFD,-1.1978868,1.61e-06,4.04e-05
LAD1,-0.9730076,1.6e-06,4.04e-05
RFXAP,-1.7145557,1.61e-06,4.04e-05
PLEKHH3,-3.2281715,1.61e-06,4.04e-05
SLAIN2,0.13918094,5.46e-06,4.05e-05
CD200,-0.33540849,5.5e-06,4.08e-05
LOC101927954,-0.35926297,5.51e-06,4.09e-05
LIN7C,0.15190568,5.53e-06,4.09e-05
ELFN1,-0.59363835,5.52e-06,4.09e-05
NPY4R2,0.49445437,5.53e-06,4.1e-05
AGPAT2,-0.48705869,5.54e-06,4.11e-05
SKA2,-0.20501738,5.56e-06,4.12e-05
SPICE1,0.15374762,5.58e-06,4.13e-05
RERE,-0.6861153,1.66e-06,4.14e-05
AHR,0.6992234,1.66e-06,4.14e-05
PSME2,-0.26876037,5.6e-06,4.15e-05
DSP,0.29264713,5.63e-06,4.16e-05
METTL3,0.11175415,5.65e-06,4.17e-05
CBL,-0.16701706,5.66e-06,4.18e-05
CCDC115,0.12729716,5.66e-06,4.18e-05
FBXL3,0.14973979,5.66e-06,4.18e-05
CCDC144NL-AS1,-0.67573278,5.65e-06,4.18e-05
MAP2K2,-1.386022,1.68e-06,4.19e-05
MRS2,0.15709406,5.67e-06,4.19e-05
SLC12A6,-0.8696615,1.7e-06,4.22e-05
NHERF1,-0.602776,1.7e-06,4.22e-05
ESRP2,0.23027842,5.72e-06,4.22e-05
METTL24,0.32672289,5.74e-06,4.24e-05
SNHG21,0.22260623,5.77e-06,4.25e-05
ANKRD27,0.11440085,5.76e-06,4.25e-05
CYTH1,-0.5691304,1.72e-06,4.26e-05
WDPCP,0.17672585,5.81e-06,4.28e-05
CMAS,-0.4952872,1.74e-06,4.3e-05
KCNAB2,-0.39326506,5.83e-06,4.3e-05
LOC105375436,-0.97468843,5.86e-06,4.32e-05
LINC02798,-0.48592403,5.87e-06,4.32e-05
CCKBR,0.68372505,5.86e-06,4.32e-05
LOC101927914,-0.9280999,5.91e-06,4.35e-05
GRIP1,0.25660436,5.93e-06,4.36e-05
OGT,-0.6734333,1.8e-06,4.4e-05
HGF,-0.40321695,5.98e-06,4.4e-05
GRB7,-1.0873508,1.8e-06,4.4e-05
RPS9,0.16775362,5.99e-06,4.41e-05
CD164,-0.6114889,1.82e-06,4.44e-05
BEX3,0.5276508,1.82e-06,4.44e-05
CRACDL,0.22538281,6.05e-06,4.44e-05
RPS20,0.21431467,6.05e-06,4.44e-05
NLK,-0.12719977,6.05e-06,4.45e-05
GPC2,0.39817238,6.08e-06,4.47e-05
RARA-AS1,-0.38146394,6.1e-06,4.48e-05
WDR59,0.11588004,6.1e-06,4.48e-05
CBFA2T2,-0.6567233,1.84e-06,4.48e-05
LINC01605,-0.64158903,6.13e-06,4.49e-05
PAN2,0.12077433,6.13e-06,4.49e-05
LINC01515,0.45331673,6.13e-06,4.49e-05
TAL1,-0.30311419,6.12e-06,4.49e-05
WNT10A,0.4440934,6.11e-06,4.49e-05
SH2D4B,-0.53942127,6.14e-06,4.5e-05
SNHG31,0.34090517,6.16e-06,4.51e-05
MEGF11,0.18433917,6.15e-06,4.51e-05
ARL6IP1,-0.413159,1.86e-06,4.51e-05
CNNM3,0.18872874,6.17e-06,4.52e-05
IL17REL,-0.54736453,6.19e-06,4.53e-05
RAB25,0.27975688,6.18e-06,4.53e-05
PLXNA4,-0.32639478,6.21e-06,4.54e-05
POF1B,0.38296204,6.2e-06,4.54e-05
TMEM272,0.42225585,6.24e-06,4.56e-05
TAF7,0.1181107,6.24e-06,4.56e-05
LOC284950,0.6303252,6.25e-06,4.57e-05
PPP1R14C,0.31195899,6.26e-06,4.57e-05
TRAM1,-0.18879224,6.27e-06,4.58e-05
LOC112268182,-0.6634127,6.29e-06,4.59e-05
PMM2,0.6305902,1.91e-06,4.6e-05
XAF1,-0.76565385,6.31e-06,4.61e-05
RHOJ,-0.29106502,6.37e-06,4.64e-05
P3H4,0.7137626,1.93e-06,4.64e-05
ZNF516,0.20164763,6.36e-06,4.64e-05
FARP1,-0.1468317,6.37e-06,4.65e-05
LOC105378515,0.87420527,6.4e-06,4.66e-05
DPYD,-0.25543689,6.41e-06,4.67e-05
RAC1,0.425365,1.96e-06,4.68e-05
SGPP1,-1.0196662,1.95e-06,4.68e-05
GEMIN4,0.18497649,6.43e-06,4.68e-05
FPGT,-0.6340543,1.97e-06,4.69e-05
MPP2,0.48095862,6.47e-06,4.71e-05
CHD8,0.10460417,6.48e-06,4.72e-05
IL20RA,0.36668711,6.49e-06,4.72e-05
PSMB9,-0.48198085,6.5e-06,4.73e-05
NXT1,0.6900207,1.99e-06,4.73e-05
PLEKHA1,1.1064433,2e-06,4.73e-05
TRMT2B,0.13720626,6.56e-06,4.77e-05
REC8,-0.32265699,6.56e-06,4.77e-05
SELENOF,-0.16499974,6.56e-06,4.77e-05
ASB3,0.14852286,6.58e-06,4.78e-05
FOXI2,0.78477609,6.62e-06,4.81e-05
RPS6,0.23101599,6.64e-06,4.82e-05
MBOAT1,0.21598591,6.64e-06,4.82e-05
ABCD1,-0.34925701,6.64e-06,4.82e-05
ELMO3,-0.7100649,2.05e-06,4.83e-05
IFRD1,-0.8152948,2.05e-06,4.83e-05
VWA1,-0.42411506,6.68e-06,4.85e-05
LCLAT1,-0.15431809,6.7e-06,4.86e-05
OXTR,-0.79898126,6.71e-06,4.87e-05
DNAJC4,-0.6003597,2.07e-06,4.87e-05
LOC105377449,0.22272237,6.72e-06,4.88e-05
GAS6-DT,-0.35834346,6.74e-06,4.88e-05
LOC107986961,0.32320941,6.74e-06,4.88e-05
STON2,-0.21524981,6.75e-06,4.89e-05
ANO2,-0.35204736,6.75e-06,4.89e-05
H2AC25,0.3422764,6.77e-06,4.9e-05
S1PR4,-0.63965702,6.76e-06,4.9e-05
ENTPD3-AS1,0.28192301,6.79e-06,4.91e-05
GGT7,0.203873,6.79e-06,4.91e-05
SELENOM,-0.31125326,6.79e-06,4.91e-05
ADGRB2,-0.48313417,6.79e-06,4.91e-05
PHLDB3,0.31775581,6.79e-06,4.91e-05
SLC6A9,-2.4130303,2.11e-06,4.92e-05
BCL2L1,-0.9850312,2.11e-06,4.92e-05
SLC16A11,0.3658318,6.83e-06,4.93e-05
DAPL1,0.34912985,6.82e-06,4.93e-05
LOC105370397,-0.55083758,6.84e-06,4.94e-05
IL18,0.29912155,6.86e-06,4.95e-05
SNRPB2,0.4913149,2.13e-06,4.95e-05
VPS4B,0.13110163,6.85e-06,4.95e-05
PSMB8,-0.3215951,6.88e-06,4.96e-05
MEOX2,-0.33235947,6.88e-06,4.96e-05
PTPN14,-0.8181183,2.14e-06,4.97e-05
BCHE,0.39659041,6.91e-06,4.98e-05
SLAMF6,-0.72057942,6.91e-06,4.98e-05
LOC105374491,0.5431635,6.92e-06,4.99e-05
CLIC3,-0.751042,2.16e-06,5e-05
MTHFS,-0.26672179,6.93e-06,5e-05
IGFBP5,-0.9269239,2.17e-06,5.01e-05
PORCN,-0.760934,2.17e-06,5.01e-05
SNORA79B,0.25662128,6.97e-06,5.02e-05
TPD52,0.21340933,6.99e-06,5.03e-05
PSTPIP2,0.1892786,6.99e-06,5.03e-05
PLEKHG5,0.37272482,7.01e-06,5.04e-05
SMAD3,-0.6924483,2.2e-06,5.07e-05
LOC107984702,0.34997545,7.05e-06,5.07e-05
PLA2G4A,0.25241621,7.08e-06,5.09e-05
SNX10-AS1,-0.51126509,7.07e-06,5.09e-05
CROCC,-0.544399,2.22e-06,5.1e-05
MAPK11,-0.36428274,7.12e-06,5.12e-05
EZR,0.24671436,7.12e-06,5.12e-05
ANKFY1,-0.08790734,7.11e-06,5.12e-05
RNF146,-0.8063983,2.25e-06,5.14e-05
BBS4,0.5219848,2.25e-06,5.14e-05
SLC25A11,-0.7354854,2.25e-06,5.14e-05
MLLT10,0.12772218,7.15e-06,5.14e-05
LOC112267944,-0.58780221,7.16e-06,5.14e-05
PRSS12,-1.1414552,2.27e-06,5.16e-05
NDUFV1,-0.5556536,2.27e-06,5.16e-05
RARS1,0.4888547,2.27e-06,5.16e-05
-,-0.7227556,2.29e-06,5.18e-05
ANGPTL1,0.44168392,7.22e-06,5.18e-05
RAB11A,0.19795879,7.25e-06,5.2e-05
LOC107987258,-0.21555313,7.27e-06,5.22e-05
ECM1,-0.7310782,2.31e-06,5.22e-05
DDX51,-2.7612876,2.31e-06,5.22e-05
LCE5A,0.56795845,7.27e-06,5.22e-05
PGLYRP4,-0.9250249,2.33e-06,5.25e-05
FARS2,0.4278852,2.35e-06,5.27e-05
SOCS7,0.12652953,7.37e-06,5.28e-05
CTDSPL,0.15920066,7.37e-06,5.28e-05
LOC105370178,-1.02137443,7.39e-06,5.3e-05
GRM2,0.5233922,7.41e-06,5.31e-05
LOC105371692,-0.21803247,7.41e-06,5.31e-05
RPS3A,0.24133318,7.44e-06,5.32e-05
WDR48,-0.4375905,2.39e-06,5.33e-05
HPX,-0.8516222,2.4e-06,5.33e-05
GNB2,-0.424361,2.39e-06,5.33e-05
MACO1,-0.5087393,2.4e-06,5.34e-05
GRK2,-0.957818,2.41e-06,5.35e-05
USP7,0.10515154,7.47e-06,5.35e-05
SLC18A2-AS1,0.43458433,7.56e-06,5.41e-05
SMG1,0.15615498,7.62e-06,5.45e-05
GTF3C6,-0.22149119,7.68e-06,5.49e-05
BABAM2,-0.11937921,7.72e-06,5.52e-05
SFPQ,0.14641089,7.72e-06,5.52e-05
ENOX1,-0.37447833,7.74e-06,5.53e-05
ISLR,-1.3685904,2.5e-06,5.55e-05
GPR68,-0.31607733,7.81e-06,5.58e-05
CRTC3,-0.22898213,7.81e-06,5.58e-05
PPP6C,-0.4118945,2.54e-06,5.61e-05
TNNC2,0.33575199,7.86e-06,5.61e-05
TRIM29,-0.4471173,2.54e-06,5.61e-05
LOC107984656,0.25091521,7.86e-06,5.61e-05
C10ORF71,0.81901935,7.9e-06,5.64e-05
CDR2-DT,0.34132151,7.93e-06,5.65e-05
RPS10,0.21810556,7.95e-06,5.67e-05
CD99,-0.9996861,2.59e-06,5.68e-05
HBS1L,-0.3715419,2.59e-06,5.68e-05
ENTPD8,0.43931599,8.02e-06,5.71e-05
RINT1,-0.5337744,2.62e-06,5.71e-05
VAMP3,-1.2943312,2.62e-06,5.71e-05
TIMM17B,-0.7147132,2.61e-06,5.71e-05
SMAGP,0.23516222,8.01e-06,5.71e-05
PTGIS,-1.4051363,2.62e-06,5.71e-05
LOC107984005,0.54424966,8.03e-06,5.72e-05
UBR3,0.12504844,8.08e-06,5.75e-05
ARHGDIA,-0.801239,2.65e-06,5.75e-05
PPP1R18,-0.28885023,8.08e-06,5.75e-05
NDRG1,0.5589878,2.66e-06,5.76e-05
LOC107984974,0.20480965,8.1e-06,5.77e-05
POU3F3,0.48903518,8.13e-06,5.78e-05
CEP70,0.21997083,8.15e-06,5.8e-05
SS18,-0.6595781,2.69e-06,5.81e-05
PRKDC,-0.6216218,2.71e-06,5.82e-05
LOC105375347,0.22713142,8.2e-06,5.83e-05
AK9,0.19003445,8.2e-06,5.83e-05
PRRG2,0.2816894,8.21e-06,5.83e-05
RPL7,0.23807991,8.23e-06,5.85e-05
LOC107984760,-0.4897743,8.24e-06,5.85e-05
FOXP2,0.30484058,8.23e-06,5.85e-05
GORASP2,0.2906267,2.74e-06,5.88e-05
SLC2A6,-0.4617307,8.34e-06,5.91e-05
MCUR1,0.18472707,8.32e-06,5.91e-05
TMEM50B,-0.5382899,2.76e-06,5.91e-05
C11ORF54,0.17952327,8.33e-06,5.91e-05
CA1,0.36988666,8.37e-06,5.93e-05
LINC02223,-0.87974318,8.37e-06,5.93e-05
GUCY1A2,-0.52465748,8.36e-06,5.93e-05
F10,0.40112901,8.38e-06,5.93e-05
FAHD2A,-0.5298806,2.79e-06,5.94e-05
JUND,-1.1586799,2.8e-06,5.94e-05
PPP2R1A,-1.4412931,2.8e-06,5.94e-05
RPL15,0.15784113,8.39e-06,5.94e-05
TTI1,-0.7437255,2.79e-06,5.94e-05
IL12A,1.08445778,8.38e-06,5.94e-05
TMPO,-0.6334209,2.8e-06,5.94e-05
TRPC3,-0.56830768,8.41e-06,5.95e-05
NEFL,-1.1063241,8.41e-06,5.95e-05
SHISA5,-0.26281483,8.42e-06,5.96e-05
CDHR1,0.38905136,8.44e-06,5.97e-05
EPN2,0.21848991,8.45e-06,5.97e-05
ZNF697,-0.21859004,8.45e-06,5.98e-05
RPS25,0.22987378,8.46e-06,5.98e-05
SMARCC1,0.3754689,2.84e-06,5.99e-05
INO80D,0.1182614,8.48e-06,5.99e-05
DNASE2,-0.6277106,2.85e-06,6.01e-05
ARFGEF1,-0.6383455,2.87e-06,6.03e-05
LOC105373369,0.49677172,8.54e-06,6.03e-05
ABHD17B,-1.2207729,2.87e-06,6.03e-05
OGFR,-0.6112531,2.89e-06,6.04e-05
DYNC2LI1,-0.5320203,2.89e-06,6.04e-05
CEP41,-0.22944703,8.58e-06,6.06e-05
SDK1,-0.46652091,8.6e-06,6.07e-05
GJB3,0.29978003,8.59e-06,6.07e-05
SRCIN1,0.42223942,8.62e-06,6.08e-05
CHST6,-0.69661536,8.62e-06,6.08e-05
MRPL9,0.3788175,2.93e-06,6.1e-05
ZCCHC4,-0.7457236,2.95e-06,6.13e-05
ECM2,-0.9084587,2.94e-06,6.13e-05
N4BP2L2,0.1554929,8.7e-06,6.14e-05
TIMELESS,-0.26150987,8.82e-06,6.22e-05
ADAR,-0.22749459,8.83e-06,6.22e-05
CPNE4,0.75109361,8.88e-06,6.25e-05
BTN3A3,-0.3829801,8.89e-06,6.26e-05
RBIS,0.17867015,8.91e-06,6.27e-05
LOC105370069,0.73968144,8.91e-06,6.27e-05
MCRIP1,-0.26261728,8.93e-06,6.28e-05
RNF145,-0.16702391,8.94e-06,6.29e-05
ARHGAP27P2,0.58280894,8.94e-06,6.29e-05
ACP5,-0.29763766,8.96e-06,6.3e-05
ZNF496,-0.2033434,8.97e-06,6.3e-05
RHOU,-0.27196648,8.96e-06,6.3e-05
OS9,-0.6916263,3.05e-06,6.32e-05
LAMA4,-0.28418147,9.01e-06,6.33e-05
KIF3A,0.1671483,9.01e-06,6.33e-05
SDR42E2,0.38089489,9.03e-06,6.34e-05
TNFAIP8L1,-0.32492391,9.05e-06,6.35e-05
CHST3,-0.26492487,9.05e-06,6.35e-05
BHMT2,-0.4429497,9.06e-06,6.35e-05
NPRL3,-0.4727564,3.07e-06,6.35e-05
TOM1L2,-2.4121347,3.09e-06,6.36e-05
ACTN4,-1.1031089,3.08e-06,6.36e-05
LOC105374790,-0.49123513,9.1e-06,6.38e-05
DUXAP9,-0.98568785,9.1e-06,6.38e-05
HPRT1,-0.24276991,9.14e-06,6.4e-05
TANK,-0.7390765,3.12e-06,6.41e-05
TRIM7,0.32546744,9.2e-06,6.44e-05
C2CD4D,0.39526727,9.19e-06,6.44e-05
TNPO1,0.4055814,3.14e-06,6.45e-05
LOC101929319,-0.99459404,9.22e-06,6.45e-05
ZNF688,-0.4603569,3.16e-06,6.46e-05
ZKSCAN1,-0.442767,3.16e-06,6.46e-05
VASP,-0.23681963,9.24e-06,6.47e-05
SIRT2,-0.4785366,3.17e-06,6.48e-05
HIP1R,-1.8475861,3.2e-06,6.52e-05
RUNX1-IT1,-0.39034794,9.33e-06,6.53e-05
PWP1,0.3168144,3.22e-06,6.54e-05
HNRNPU,-1.1341233,3.22e-06,6.54e-05
ERCC5,0.11842518,9.36e-06,6.55e-05
LAMA5,-0.6825846,3.26e-06,6.57e-05
CHPF,-0.53716612,9.4e-06,6.57e-05
LPAR1,-0.5660187,3.26e-06,6.57e-05
LOC107986153,-0.22263975,9.43e-06,6.59e-05
IRAK3,-0.27727603,9.44e-06,6.6e-05
ABHD14A,-0.7088466,3.28e-06,6.6e-05
LOC105369714,-0.42182034,9.47e-06,6.61e-05
TRIM28,-0.7507585,3.29e-06,6.62e-05
ALDH4A1,-0.29171762,9.5e-06,6.64e-05
LOC107984126,0.27704523,9.51e-06,6.64e-05
RNY3,-0.34250935,9.52e-06,6.65e-05
TOR1A,-0.11067009,9.52e-06,6.65e-05
NEU1,-0.4689448,3.32e-06,6.65e-05
ADPGK,-0.120823,9.54e-06,6.66e-05
TMEM87B,-0.13411155,9.58e-06,6.68e-05
PMF1,-0.6470245,3.35e-06,6.71e-05
P4HTM,-0.4959875,3.39e-06,6.76e-05
ATP5MC1,0.6747385,3.39e-06,6.76e-05
LINC02169,1.63096707,9.71e-06,6.77e-05
RPS27A,0.21227676,9.75e-06,6.8e-05
KLHDC2,0.10448369,9.77e-06,6.81e-05
KIF21A,0.27184878,9.78e-06,6.81e-05
TRPC1,-0.7566688,3.44e-06,6.83e-05
PAPSS1,0.4683823,3.46e-06,6.85e-05
TMEM95,-0.50796084,9.88e-06,6.88e-05
RPS8,0.22259618,9.92e-06,6.91e-05
HERC4,-1.0065181,3.49e-06,6.92e-05
ALDH1A1,-1.0553453,3.52e-06,6.93e-05
DLG1,-0.7277652,3.51e-06,6.93e-05
ZNF224,-0.6994097,3.52e-06,6.93e-05
NME4,-0.24915044,1e-05,6.96e-05
LINC02067,0.22365312,1e-05,6.99e-05
MYH14,0.39590357,1.01e-05,6.99e-05
NEK9,-0.09311896,1e-05,6.99e-05
SORBS1,-0.40405459,1.01e-05,7e-05
LOC105378920,0.72943787,1.01e-05,7e-05
SGK1,-0.33429395,1.01e-05,7e-05
DZIP1,-0.35001315,1.01e-05,7e-05
LIMASI,-0.68933561,1.01e-05,7e-05
TMEM258,0.325238,3.56e-06,7e-05
LOC101929963,0.36103509,1.01e-05,7.01e-05
FBXO6,-0.21662647,1.01e-05,7.03e-05
CLECL1P,-0.71895902,1.01e-05,7.04e-05
SLC25A40,-1.3032933,3.6e-06,7.06e-05
ABHD15,-0.28311283,1.02e-05,7.06e-05
C2ORF74-DT,-0.30378787,1.02e-05,7.09e-05
NMI,-0.35233761,1.02e-05,7.1e-05
TBX2,-0.56862331,1.03e-05,7.12e-05
OGA,-0.4730056,3.64e-06,7.13e-05
LOC107984615,0.38091938,1.03e-05,7.13e-05
SUSD6,0.4607118,3.67e-06,7.14e-05
COPS3,0.3909995,3.67e-06,7.14e-05
NME1,0.602707,3.67e-06,7.14e-05
LOC101929534,-0.49540083,1.03e-05,7.16e-05
GOLGA2,0.12913007,1.03e-05,7.16e-05
TRIP10,-0.9685215,3.71e-06,7.18e-05
GLYR1,-1.0322038,3.7e-06,7.18e-05
IQCJ-SCHIP1,-0.27852732,1.04e-05,7.18e-05
TTC21B,0.16682739,1.04e-05,7.2e-05
GPR75-ASB3,0.14351631,1.04e-05,7.23e-05
NHLRC1,0.20924241,1.05e-05,7.26e-05
CDC37,-0.988144,3.77e-06,7.3e-05
FCGR2B,-0.40143091,1.06e-05,7.31e-05
LINC00412,0.32873368,1.06e-05,7.31e-05
SGCZ,1.08657516,1.06e-05,7.32e-05
LINC02863,-0.27735913,1.06e-05,7.32e-05
PRKD3,-0.5057899,3.8e-06,7.35e-05
DMXL1,-0.3854898,3.81e-06,7.36e-05
KCNQ1OT1,-0.18019225,1.07e-05,7.38e-05
PSD3,0.22350886,1.07e-05,7.39e-05
LOC105378521,0.67107471,1.07e-05,7.39e-05
LOC100128993,-0.75022456,1.07e-05,7.42e-05
EDDM13,0.16401376,1.08e-05,7.43e-05
VKORC1,-0.20355381,1.08e-05,7.43e-05
CDH13,0.8813062,3.86e-06,7.44e-05
ARFGEF3,0.56825548,1.09e-05,7.49e-05
SMARCB1,-0.9031656,3.9e-06,7.5e-05
C5AR2,-0.47497396,1.09e-05,7.5e-05
AGFG2,0.27082438,1.09e-05,7.51e-05
USP5,-0.8987282,3.92e-06,7.52e-05
IGFL2,0.26630969,1.09e-05,7.53e-05
SRPRB,-0.17935431,1.09e-05,7.54e-05
MYRFL,0.48730883,1.09e-05,7.54e-05
ST6GALNAC2,0.25852845,1.09e-05,7.54e-05
UBE2Q2,-0.17589044,1.1e-05,7.55e-05
STRN4,-0.5992691,3.95e-06,7.55e-05
HSPB2-C11ORF52,0.32131857,1.1e-05,7.55e-05
CDK2AP1,-0.21335137,1.1e-05,7.56e-05
BMS1P17,-1.02540299,1.1e-05,7.56e-05
LOC105370472,1.00298088,1.1e-05,7.58e-05
LOC105373677,0.39239919,1.1e-05,7.58e-05
KIF17,-0.38212194,1.11e-05,7.6e-05
IL18R1,-0.2826306,1.11e-05,7.6e-05
RLIM,0.4983171,3.98e-06,7.6e-05
EVL,0.5928809,3.99e-06,7.61e-05
FHL1,-2.3237901,4.02e-06,7.64e-05
EIF2A,0.15453295,1.12e-05,7.67e-05
CORO2B,-0.7908866,4.05e-06,7.69e-05
TUBGCP3,-0.771523,4.09e-06,7.73e-05
KAT2B,0.1689827,1.13e-05,7.73e-05
RNASE7,0.45476259,1.13e-05,7.76e-05
CADM1,0.6546524,4.1e-06,7.76e-05
HELZ,-0.11142071,1.13e-05,7.77e-05
LYVE1,-1.5256661,4.12e-06,7.77e-05
OTOF,-2.2237284,4.13e-06,7.77e-05
AZGP1,-1.2807462,4.16e-06,7.79e-05
S1PR5,-2.2173564,4.15e-06,7.79e-05
LOC107984526,-0.95650168,1.14e-05,7.79e-05
AKIRIN1,-0.13855666,1.14e-05,7.81e-05
DCLRE1C,-0.4056203,4.19e-06,7.84e-05
CPPED1,-0.17790634,1.14e-05,7.85e-05
ZNF567,0.13936637,1.15e-05,7.86e-05
OSER1-DT,0.21115789,1.15e-05,7.87e-05
LOC107984391,-0.53760729,1.16e-05,7.93e-05
C3ORF52,0.33603325,1.16e-05,7.94e-05
GAS1RR,0.25431836,1.16e-05,7.96e-05
PCDHB11,0.49717199,1.16e-05,7.96e-05
SEMA3C,-0.37331234,1.16e-05,7.96e-05
TP53I11,-0.35844647,1.17e-05,7.97e-05
LOC105371077,0.81836367,1.17e-05,8e-05
APRG1,0.26166161,1.17e-05,8.01e-05
LOC100128770,0.33333198,1.17e-05,8.02e-05
DYNLRB2,0.4280534,1.17e-05,8.02e-05
MIR2278,-0.39395156,1.17e-05,8.03e-05
CDC42BPB,-0.531125,4.33e-06,8.04e-05
DGKB,-0.48631463,1.18e-05,8.08e-05
SCHIP1,-0.27739688,1.19e-05,8.1e-05
SCARNA6,0.23539177,1.19e-05,8.13e-05
ZNF382,-0.31909464,1.19e-05,8.15e-05
ZFHX3,-0.3055182,1.2e-05,8.16e-05
LOC105373372,0.30242881,1.2e-05,8.16e-05
ABCB5,-0.91983099,1.2e-05,8.21e-05
SUPT6H,-0.4719695,4.44e-06,8.22e-05
MRPL11,0.3347204,4.43e-06,8.22e-05
NR2F6,-1.2885286,4.44e-06,8.22e-05
MCFD2,-0.12568877,1.21e-05,8.26e-05
PURA,0.13604587,1.22e-05,8.29e-05
LRRC37A11P,0.70392668,1.22e-05,8.3e-05
SDF4,-0.5369285,4.5e-06,8.32e-05
RAB5A,-0.4017284,4.54e-06,8.36e-05
TAPBP,-0.30091142,1.23e-05,8.4e-05
BCAR1,-0.36867453,1.23e-05,8.4e-05
LOC102723834,-0.61872986,1.24e-05,8.45e-05
LRRC55,-0.54650817,1.25e-05,8.49e-05
LMTK2,0.1749391,1.25e-05,8.49e-05
NOVA2,-0.62243548,1.25e-05,8.5e-05
SLC30A7,-0.15165917,1.25e-05,8.52e-05
GDE1,-0.8776155,4.64e-06,8.52e-05
AP1S1,-1.0692991,4.66e-06,8.54e-05
PDE8A,-0.11757461,1.26e-05,8.54e-05
ARL6IP6,0.18005441,1.26e-05,8.57e-05
LOC101928373,-0.33199473,1.27e-05,8.6e-05
RALA,-0.14236656,1.27e-05,8.64e-05
LOC105378968,-0.59620269,1.27e-05,8.64e-05
DDX19A,-0.6488991,4.74e-06,8.67e-05
SULT1C2,-0.73166772,1.28e-05,8.68e-05
LOC107984255,-0.46423363,1.28e-05,8.68e-05
PANK1-AS1,0.57815282,1.28e-05,8.68e-05
TSC2,-0.7292836,4.78e-06,8.71e-05
PNPLA2,-0.8991372,4.77e-06,8.71e-05
TANGO6,-0.1264907,1.29e-05,8.72e-05
HR,-0.7700118,4.79e-06,8.72e-05
ARHGAP22-IT1,-0.53588687,1.29e-05,8.73e-05
NIM1K,0.35793694,1.29e-05,8.73e-05
SHISAL1,-0.60699221,1.29e-05,8.73e-05
TNRC6B,0.10249811,1.29e-05,8.77e-05
C10ORF95,0.2777149,1.29e-05,8.77e-05
BBOX1,0.32731851,1.3e-05,8.78e-05
C11ORF52,0.37693961,1.3e-05,8.79e-05
TMEM79,0.26657971,1.3e-05,8.79e-05
PRUNE1,-0.5461772,4.86e-06,8.83e-05
OARD1,0.15346153,1.31e-05,8.83e-05
LOC105378029,-1.09127384,1.31e-05,8.84e-05
EGFL6,-1.4162427,1.31e-05,8.86e-05
MATCAP2,0.37145043,1.31e-05,8.87e-05
MGAT4A,-0.24881199,1.31e-05,8.87e-05
SYF2,0.18791173,1.31e-05,8.87e-05
BDKRB2,-0.30353668,1.32e-05,8.91e-05
RPL36A-HNRNPH2,0.20921235,1.32e-05,8.93e-05
PREP,0.5325666,4.93e-06,8.93e-05
LOC107984277,0.4230643,1.33e-05,8.95e-05
PEX2,-0.3610308,4.95e-06,8.96e-05
TCTA,-0.4770609,4.96e-06,8.96e-05
FAM167B,-0.59994405,1.33e-05,8.99e-05
EML4,-1.0606784,5e-06,9e-05
IL36R,-0.8267838,5.03e-06,9.03e-05
PITRM1,-0.5583512,5.02e-06,9.03e-05
DCXR,-1.118605,5.06e-06,9.07e-05
SMG9,-0.25678933,1.35e-05,9.08e-05
TM7SF2,-1.1567429,5.07e-06,9.08e-05
SCARB2,-0.13436849,1.35e-05,9.09e-05
PITPNB,-0.15443119,1.35e-05,9.12e-05
C21ORF91,0.24861295,1.35e-05,9.13e-05
USE1,0.3825071,5.13e-06,9.14e-05
FOXH1,0.32691118,1.36e-05,9.14e-05
ZNF277,0.18342881,1.36e-05,9.15e-05
NRSN2,-0.24399973,1.36e-05,9.19e-05
LOC107986919,0.59672738,1.37e-05,9.24e-05
PCDH10,-0.9058545,1.37e-05,9.25e-05
HSPA12A,-0.22517142,1.38e-05,9.28e-05
B3GALNT1,-0.25761518,1.38e-05,9.29e-05
SLC39A8,-0.8579001,5.25e-06,9.32e-05
KMT5A,0.13586013,1.39e-05,9.33e-05
ZBTB38,0.7621094,5.29e-06,9.36e-05
ERLIN1,-0.7918199,5.29e-06,9.36e-05
HDAC11,0.20704099,1.39e-05,9.37e-05
DCAF15,-1.1513855,5.32e-06,9.39e-05
ARHGEF6,-0.27436847,1.4e-05,9.4e-05
PRKG1-AS1,-0.38279249,1.41e-05,9.44e-05
VLDLR-AS1,-0.70619181,1.41e-05,9.48e-05
STK25,-0.5068088,5.38e-06,9.48e-05
IDH3G,-0.5419754,5.38e-06,9.48e-05
LANCL3,0.35477055,1.42e-05,9.53e-05
UNC13A,-0.6107506,1.42e-05,9.55e-05
GUCA1B,0.315486,1.42e-05,9.56e-05
TCF20,0.6073865,5.45e-06,9.58e-05
LOXHD1,-0.61105598,1.43e-05,9.6e-05
ZNF750,0.29192482,1.43e-05,9.61e-05
SLC5A4-AS1,-0.53338623,1.43e-05,9.61e-05
UBA3,0.17294184,1.44e-05,9.66e-05
LOC105373156,-0.60961449,1.44e-05,9.68e-05
CHODL,0.35277015,1.45e-05,9.7e-05
NSG1,0.25832254,1.45e-05,9.71e-05
FAM182A,0.48600621,1.45e-05,9.71e-05
MXI1,0.18303913,1.45e-05,9.74e-05
SLC44A3-AS1,-0.38652293,1.46e-05,9.75e-05
TMEM115,-0.8391558,5.56e-06,9.75e-05
TACC1,-0.22567931,1.46e-05,9.75e-05
SAP30BP,0.09500974,1.46e-05,9.79e-05
DDX60L,-0.45930568,1.47e-05,9.82e-05
PHKG2,-0.781126,5.63e-06,9.84e-05
PLA2G5,-0.67410192,1.48e-05,9.87e-05
B9D1,0.18272085,1.48e-05,9.88e-05
MBD2,0.14253182,1.48e-05,9.9e-05
B3GALT4,-0.6591365,5.7e-06,9.93e-05
ARPC2,0.331795,5.69e-06,9.93e-05
ETF1,0.3171397,5.73e-06,9.95e-05
SLC38A1,0.5293575,5.74e-06,9.95e-05
TMED2,-1.2229013,5.74e-06,9.95e-05
TNNI1,0.29412538,1.49e-05,9.98e-05
AGMO,-0.44559866,1.5e-05,0.0001
GPALPP1,0.12173285,1.5e-05,0.0001
FNBP4,0.0936541,1.5e-05,0.0001
C19ORF33,0.37289091,1.5e-05,0.0001
NANP,-0.17777023,1.5e-05,0.0001
RPL13P5,0.762287,5.86e-06,0.000101
FLJ42393,-0.22560383,1.52e-05,0.000101
EDNRA,-0.29466209,1.51e-05,0.000101
MYO6,0.14819687,1.52e-05,0.000101
RPL27,0.21267161,1.54e-05,0.000102
CELSR1,-0.4248726,5.93e-06,0.000102
PTPRN2-AS1,-0.77901511,1.53e-05,0.000102
EXOC6B,0.19502819,1.53e-05,0.000102
RBP2,0.34483348,1.54e-05,0.000102
KXD1,-0.10463562,1.53e-05,0.000102
HLA-A,-0.34535788,1.53e-05,0.000102
MED28,0.09301029,1.56e-05,0.000103
LINC01547,-0.4336163,1.56e-05,0.000103
LOC107986253,0.31400822,1.56e-05,0.000103
RPS10-NUDT3,0.18107203,1.55e-05,0.000103
CANX,-0.6602511,5.97e-06,0.000103
LRRC7-AS1,0.55830422,1.54e-05,0.000103
CENPT,-1.4173623,5.98e-06,0.000103
NEXN-AS1,-0.34410559,1.56e-05,0.000104
BID,-0.16016093,1.56e-05,0.000104
DOCK3,0.30236436,1.57e-05,0.000104
RAB11FIP4,0.2054442,1.58e-05,0.000105
RFPL3,-1.0369832,6.17e-06,0.000105
KREMEN1,0.20713092,1.58e-05,0.000105
GVQW3,0.21148022,1.58e-05,0.000105
RPL37A,0.23325162,1.59e-05,0.000105
TANC1,0.21457894,1.59e-05,0.000105
TTC19,0.10294947,1.58e-05,0.000105
LTBP3,-0.8987399,6.11e-06,0.000105
CABP4,-0.35415247,1.59e-05,0.000106
CBFB,-0.15292568,1.61e-05,0.000106
DDX23,0.373571,6.24e-06,0.000106
GTF2IRD2B,0.12182318,1.6e-05,0.000106
SRRM1,0.10868541,1.59e-05,0.000106
SH3D19,0.151938,1.6e-05,0.000106
PBX2,-0.8080201,6.27e-06,0.000107
RAB3IP,0.24164377,1.62e-05,0.000107
GCNT1,-0.32402578,1.62e-05,0.000107
SAP30,-0.5290908,6.28e-06,0.000107
P2RX7,0.32270417,1.62e-05,0.000107
LOC105375913,-0.52374797,1.64e-05,0.000108
RPL17,0.2448764,1.64e-05,0.000108
ING4,0.12607764,1.64e-05,0.000108
PWARSN,0.1967232,1.64e-05,0.000108
CEBPZ,0.3859085,6.4e-06,0.000108
FGFR3,0.34627903,1.64e-05,0.000108
SERTAD2,0.4528329,6.36e-06,0.000108
ENY2,0.5436479,6.36e-06,0.000108
PALS2,0.26589448,1.64e-05,0.000108
CYP39A1,0.38986923,1.64e-05,0.000108
GPD1,-1.07023023,1.64e-05,0.000108
PCDHGA8,0.23591812,1.65e-05,0.000109
RNF213-AS1,-0.27918777,1.66e-05,0.000109
EMP3,-1.2672662,6.55e-06,0.00011
LIN37,-0.6634996,6.56e-06,0.00011
MRM3,0.5275323,6.59e-06,0.00011
SPTLC3,0.3016557,1.66e-05,0.00011
SEPTIN10,0.15134821,1.67e-05,0.00011
PPP1CA,-0.6613803,6.57e-06,0.00011
ZNF512B,-0.5060283,6.57e-06,0.00011
CDSN,-1.0070142,6.49e-06,0.00011
CARMIL1,0.14997826,1.69e-05,0.000111
ZFYVE21,0.13447617,1.69e-05,0.000111
COPB2-DT,0.22603841,1.69e-05,0.000111
MARK2,-0.7069422,6.62e-06,0.000111
GLYCTK,-0.28002353,1.68e-05,0.000111
WDR1,-0.9852096,6.64e-06,0.000111
LYRM9,0.16571851,1.7e-05,0.000112
ASMTL,-0.5483955,6.68e-06,0.000112
PLEKHS1,-0.85056006,1.7e-05,0.000112
PLS1,0.27596242,1.69e-05,0.000112
SMARCA2,0.08326952,1.71e-05,0.000112
LOC101929216,-1.0789513,1.69e-05,0.000112
MST1R,0.30090218,1.71e-05,0.000112
FAM180B,0.65811872,1.72e-05,0.000113
FXYD7,0.6001209,1.71e-05,0.000113
SCN4A,-0.74340844,1.72e-05,0.000113
VDAC3,0.3640303,6.81e-06,0.000113
SARDH,-0.52228427,1.72e-05,0.000113
PABPC4L,-0.32561428,1.73e-05,0.000114
SOX13,-0.6206572,6.85e-06,0.000114
TMEM254-AS1,0.34295337,1.73e-05,0.000114
TRIM2,-0.6532408,6.88e-06,0.000114
PARP11,-0.20498935,1.76e-05,0.000115
ADSL,0.3412927,6.96e-06,0.000115
MCTP2,0.19647894,1.75e-05,0.000115
RNF24,-0.570764,6.96e-06,0.000115
CCDC146,0.23992636,1.76e-05,0.000115
TNKS,-0.4132969,6.92e-06,0.000115
LRRC18,-0.50652734,1.75e-05,0.000115
LPP,-0.22206232,1.78e-05,0.000116
YPEL2,-0.13055528,1.78e-05,0.000116
OCLN,0.26199846,1.77e-05,0.000116
RASSF10,0.33567842,1.77e-05,0.000116
CHMP1B,-0.4709947,7.06e-06,0.000116
NEFH,-0.4525706,1.78e-05,0.000116
TOP3B,-2.4719322,7.11e-06,0.000117
TMTC2,0.21394703,1.78e-05,0.000117
SPART,-0.8630945,7.12e-06,0.000117
ESS2,-0.2791984,7.08e-06,0.000117
ZNF254,-0.9476112,7.16e-06,0.000117
PREPL,-0.3651633,7.19e-06,0.000117
LRP11,0.1403124,1.78e-05,0.000117
CLN3,-0.6035928,7.24e-06,0.000118
ATG13,-0.3627969,7.36e-06,0.000118
PAK5,0.89570812,1.8e-05,0.000118
PELO,0.3304672,7.35e-06,0.000118
TMEFF1,-0.46477458,1.81e-05,0.000118
DEAF1,-0.7679997,7.21e-06,0.000118
P4HA2,0.473468,7.26e-06,0.000118
PARN,0.4089944,7.34e-06,0.000118
LSP1,-1.6902064,7.22e-06,0.000118
NDNF,0.45958321,1.8e-05,0.000118
SAFB2,-0.4670014,7.34e-06,0.000118
TFAP2B,0.35245051,1.8e-05,0.000118
TOB2,-0.6104747,7.24e-06,0.000118
TRIM46,-0.51592181,1.83e-05,0.000119
COBL,0.24886408,1.82e-05,0.000119
LOC284009,0.302516,1.82e-05,0.000119
MARS1,-0.15329653,1.81e-05,0.000119
JHY,-0.23914258,1.82e-05,0.000119
MEIS3P1,-0.30974176,1.82e-05,0.000119
DYNC1LI1,0.18938495,1.81e-05,0.000119
RAB33B,-0.6243882,7.5e-06,0.00012
FUS,-0.9073542,7.52e-06,0.00012
SIAH2,-0.6227906,7.46e-06,0.00012
PFDN5,0.16119622,1.85e-05,0.00012
LOC107987303,-0.76783009,1.84e-05,0.00012
CHP1,-0.8393,7.53e-06,0.00012
PRR34-AS1,0.14557415,1.84e-05,0.00012
CLPP,0.3682186,7.57e-06,0.000121
HYI,-0.488736,7.64e-06,0.000121
COL16A1,-0.34420898,1.85e-05,0.000121
SEMA3F,-0.5918854,7.63e-06,0.000121
EIF2D,0.09361578,1.86e-05,0.000121
PHLDB2,-0.24098536,1.86e-05,0.000121
RNF170,0.13238951,1.87e-05,0.000122
ANKFN1,0.37115174,1.87e-05,0.000122
PLLP,0.32430974,1.87e-05,0.000122
CDK4,-0.10024403,1.87e-05,0.000122
TMEM68,0.16731806,1.87e-05,0.000122
BCL10,0.4573329,7.76e-06,0.000123
LARP1,-0.7295757,7.81e-06,0.000123
RIC8A,0.25913,7.8e-06,0.000123
CTNNB1,-0.14939639,1.89e-05,0.000123
PLEKHA2,-0.7498011,7.76e-06,0.000123
EDIL3-DT,0.32680692,1.89e-05,0.000123
MS4A2,-1.2103974,7.81e-06,0.000123
LOC105369885,0.45996883,1.91e-05,0.000124
TBC1D30,-0.34690964,1.9e-05,0.000124
PTRH2,0.351885,7.89e-06,0.000124
LOC440300,0.25138159,1.92e-05,0.000124
ATP6V1FNB,-0.30580699,1.91e-05,0.000124
PDK2,-0.6428721,7.85e-06,0.000124
SHE,-0.18763353,1.93e-05,0.000125
S100A9,-1.32221146,1.92e-05,0.000125
RPL23,0.21872511,1.93e-05,0.000125
MROH7,0.27195811,1.93e-05,0.000125
FAM89B,-0.6519977,7.97e-06,0.000125
TBC1D3E,0.17166989,1.95e-05,0.000126
TPRG1-AS2,0.33487056,1.94e-05,0.000126
IRF9,-0.44172969,1.94e-05,0.000126
LOC107984409,0.48037624,1.94e-05,0.000126
PNPLA1,0.31223638,1.96e-05,0.000127
PLPP7,-0.40582044,1.95e-05,0.000127
MAMLD1,-0.32101114,1.96e-05,0.000127
RBFOX2,0.08499534,1.96e-05,0.000127
OTUD1,0.21446154,1.98e-05,0.000128
S100A11,-1.5742193,8.22e-06,0.000128
PDGFA,0.5000683,8.28e-06,0.000128
TSSK3,0.20124653,1.98e-05,0.000128
KLHL42,-0.12518137,1.99e-05,0.000128
SNRPA,-0.3774221,8.25e-06,0.000128
CNNM1,0.33999206,1.97e-05,0.000128
PPP1CB,-0.4909641,8.25e-06,0.000128
SLC25A1,-1.0144944,8.25e-06,0.000128
PKDCC,-0.51087171,1.98e-05,0.000128
ZNF117,-1.1212472,8.24e-06,0.000128
LOC107985997,0.44601601,1.97e-05,0.000128
MREG,0.23317303,1.98e-05,0.000128
LOC105376217,-0.56463059,1.99e-05,0.000129
MIPOL1,0.29791788,2e-05,0.000129
TOM1L1,0.21623899,2e-05,0.000129
ANKDD1B,0.29682149,2e-05,0.000129
RPL22,0.17839268,1.99e-05,0.000129
LOC105378741,0.53228424,2.02e-05,0.00013
CACNA1C-AS2,-0.50216652,2.01e-05,0.00013
STK3,-1.0466119,8.41e-06,0.00013
YTHDC1,0.14077566,2.01e-05,0.00013
ATP2B2,0.56032306,2.01e-05,0.00013
ADAP1,-0.3356803,2.01e-05,0.00013
SLC61A1,-0.3914074,8.42e-06,0.00013
CRYZL1,0.13658413,2.02e-05,0.00013
RO60,0.4709853,8.46e-06,0.00013
LOC105377506,-0.59044598,2.04e-05,0.000131
PATZ1,-0.5858119,8.5e-06,0.000131
MAD1L1,-0.6608672,8.61e-06,0.000132
RECQL5,-0.9108921,8.57e-06,0.000132
PKN1,-0.42464368,2.05e-05,0.000132
NKAPP1,0.23315799,2.04e-05,0.000132
SNORD50B,0.26822949,2.05e-05,0.000132
RAB1A,-0.542802,8.56e-06,0.000132
CUX1,0.3656987,8.67e-06,0.000133
LINC00964,0.42713758,2.08e-05,0.000134
ZFAND1,0.1576411,2.08e-05,0.000134
SNRPF,0.5755222,8.8e-06,0.000134
METTL25,0.15758189,2.09e-05,0.000134
ZNF83,-0.7254141,8.76e-06,0.000134
TIFAB,-0.63286442,2.08e-05,0.000134
RPS6KA5,0.2210959,2.08e-05,0.000134
JAM2,0.6803579,8.89e-06,0.000135
MCMDC2,0.17380677,2.1e-05,0.000135
ELOVL2,-0.35942715,2.11e-05,0.000135
ARMC6,-0.19637904,2.1e-05,0.000135
HDAC5,0.25382568,2.1e-05,0.000135
TAP2,-0.32569786,2.1e-05,0.000135
PARVB,-0.25446764,2.11e-05,0.000135
LMO1,0.54476863,2.09e-05,0.000135
CDK10,-0.615058,8.84e-06,0.000135
TMEM64,-0.2140526,2.13e-05,0.000136
MAOB,-0.27799364,2.12e-05,0.000136
SMURF2,0.4483799,8.94e-06,0.000136
SPSB3,0.22142646,2.12e-05,0.000136
IL11RA,0.21701134,2.14e-05,0.000137
TAF6L,-1.9669867,9.06e-06,0.000137
CD55,0.28410867,2.13e-05,0.000137
EXOSC7,0.17347881,2.13e-05,0.000137
LIMD1,-1.0666615,9.11e-06,0.000138
YTHDC2,-0.6801306,9.1e-06,0.000138
ACVR1,-0.14942391,2.16e-05,0.000138
USP54,0.19445752,2.15e-05,0.000138
GDPD1,0.27655446,2.17e-05,0.000139
IQCK,-0.4917052,9.25e-06,0.000139
SH2D3A,0.27086879,2.18e-05,0.000139
PLCL2,-0.26901333,2.19e-05,0.00014
CSTF2T,-0.13445094,2.2e-05,0.00014
POU6F1,0.17754956,2.19e-05,0.00014
NAV1,-0.32409155,2.2e-05,0.00014
RCC1L,-0.1331848,2.21e-05,0.000141
CACTIN,-0.68463,9.37e-06,0.000141
KDM5A,0.5538628,9.38e-06,0.000141
FRY,-0.5145203,9.36e-06,0.000141
MYCT1,-0.28067617,2.23e-05,0.000142
APLP2,-0.67994,9.46e-06,0.000142
DNAJB4,-0.2285111,2.23e-05,0.000142
ZNRF2P1,-0.31607558,2.23e-05,0.000142
LMAN2,0.3378495,9.56e-06,0.000143
CD3E,-0.66664178,2.25e-05,0.000143
NUDT15,0.6363432,9.59e-06,0.000143
THEM6,-0.7096362,9.61e-06,0.000143
ABTB3,0.21783635,2.26e-05,0.000144
GPATCH1,0.11159326,2.28e-05,0.000145
SLIRP,0.5249586,9.72e-06,0.000145
PDGFRB,-0.45322102,2.28e-05,0.000146
LOC112267992,0.34761723,2.29e-05,0.000146
GAR1,0.6044432,9.85e-06,0.000146
MDM4,-2.612428,9.85e-06,0.000146
TMEM11,0.3694883,9.82e-06,0.000146
SLC4A8-AS1,-0.50719091,2.31e-05,0.000147
SPG7,0.16921702,2.31e-05,0.000147
C9ORF24,0.19187048,2.32e-05,0.000147
IL15,-0.39715567,2.31e-05,0.000147
TSHZ3-AS1,-0.51837186,2.3e-05,0.000147
PBOV1,0.56605806,2.3e-05,0.000147
PPP3CB-AS1,0.14803154,2.31e-05,0.000147
CALB2,-0.75109501,2.31e-05,0.000147
PANK2,-0.10663489,2.32e-05,0.000148
RPS5,0.1952593,2.33e-05,0.000148
NUP210,-0.31572183,2.33e-05,0.000148
ATIC,0.5259018,9.96e-06,0.000148
UCHL5,0.17226489,2.33e-05,0.000148
LGALS9C,-0.96543703,2.32e-05,0.000148
TRAF4,-1.1974511,1e-05,0.000148
RYBP,0.5690791,9.96e-06,0.000148
CHID1,-0.15542642,2.34e-05,0.000149
EDIL3,-0.50652521,2.35e-05,0.000149
ACVR1B,0.18913757,2.35e-05,0.000149
CWF19L2,0.13815146,2.35e-05,0.000149
FMO5,-0.9304485,1.01e-05,0.000149
YEATS2,-0.11606292,2.36e-05,0.00015
ATP6V0C,-0.5189701,1.02e-05,0.00015
FBL,0.15931296,2.36e-05,0.00015
HINT3,0.18835487,2.38e-05,0.000151
ARHGEF4,-0.458492,1.02e-05,0.000151
ZNF503-AS1,0.65692875,2.38e-05,0.000151
SKIL,-0.22851146,2.38e-05,0.000151
SLC34A2,-0.88150548,2.37e-05,0.000151
HPCAL1,-0.759413,1.04e-05,0.000152
PIFO,0.42376127,2.4e-05,0.000152
TEX264,-0.4566934,1.03e-05,0.000152
CPE,-0.7246665,1.03e-05,0.000152
RPUSD3,0.12760749,2.4e-05,0.000152
LINC01808,0.68541401,2.39e-05,0.000152
MPHOSPH6,0.5799551,1.04e-05,0.000152
HSPA4L,0.20806487,2.41e-05,0.000153
GFPT2,-0.46370538,2.42e-05,0.000153
DLL4,-0.44719156,2.41e-05,0.000153
TMX1,-0.7124803,1.05e-05,0.000153
PARM1,0.8259363,1.06e-05,0.000154
ELK4,-0.11324559,2.44e-05,0.000154
GABRA3,0.59760215,2.43e-05,0.000154
TLCD3A,0.5166581,1.06e-05,0.000154
RAB6A,-1.5329951,1.06e-05,0.000154
STAT4,-0.35326497,2.44e-05,0.000154
CD200R1,-0.35043348,2.44e-05,0.000154
ZFP62,0.13796465,2.43e-05,0.000154
LOC107987081,-0.16345498,2.45e-05,0.000155
PKM,-1.0389948,1.07e-05,0.000155
DUSP22,0.5449873,1.07e-05,0.000155
MPHOSPH10,0.4090266,1.07e-05,0.000155
MCM8,0.15993789,2.47e-05,0.000156
TMEM74,0.38588417,2.46e-05,0.000156
ISOC2,-0.22133422,2.47e-05,0.000156
CASS4,-0.41828405,2.47e-05,0.000156
BCL2L2,0.10351741,2.48e-05,0.000157
C2ORF15,0.24597754,2.48e-05,0.000157
REPS1,0.13368428,2.48e-05,0.000157
NFYC,-0.4144683,1.09e-05,0.000157
LOC107984952,-0.32656906,2.5e-05,0.000158
SMARCA5,-0.10920213,2.52e-05,0.000158
LOC440311,0.39194713,2.5e-05,0.000158
LINC03019,0.76293452,2.51e-05,0.000158
LOC107986649,-0.3027881,2.51e-05,0.000158
TAB2,-0.4203334,1.1e-05,0.000159
PPP3R1,-0.864562,1.1e-05,0.000159
TOX4,0.09108696,2.53e-05,0.000159
SREK1IP1,0.16447439,2.53e-05,0.000159
PFDN2,0.4193169,1.1e-05,0.000159
DNAJC19,0.17771319,2.54e-05,0.00016
LRRC19,0.22906044,2.54e-05,0.00016
EMC3-AS1,0.13422331,2.55e-05,0.00016
LOC105371870,0.29919635,2.55e-05,0.000161
SLC25A37,-0.8451442,1.12e-05,0.000161
RPS23,0.21097404,2.56e-05,0.000161
TBX21,-0.93446986,2.57e-05,0.000162
STX10,-0.4927591,1.13e-05,0.000162
LINC02044,0.52577274,2.6e-05,0.000163
DBR1,-0.6667408,1.14e-05,0.000163
SNRPD1,0.3559656,1.14e-05,0.000163
LINC01616,-1.2245731,2.59e-05,0.000163
QARS1,0.13315185,2.6e-05,0.000163
PVR,-0.6363853,1.14e-05,0.000163
SCMH1,-0.4017063,1.14e-05,0.000163
TGOLN2,-0.12970247,2.61e-05,0.000164
DUOX1,-0.6047815,1.15e-05,0.000164
RAB4B,-0.20005138,2.63e-05,0.000165
DPH3,-0.170883,2.63e-05,0.000165
ARID1A,-0.5215898,1.17e-05,0.000165
LOC105372105,-0.34784175,2.64e-05,0.000165
ANK2,-0.8386843,1.16e-05,0.000165
FBXL6,-0.945307,1.16e-05,0.000165
TLE4,-0.4567591,1.17e-05,0.000165
CDHR3,0.37281929,2.64e-05,0.000166
TSR3,-0.44048,1.18e-05,0.000167
ZNF483,0.26091275,2.66e-05,0.000167
NBN,-0.1398482,2.69e-05,0.000168
CFAP20,0.5601986,1.2e-05,0.000168
STAG2,0.5684902,1.2e-05,0.000168
DRG2,-0.9706073,1.19e-05,0.000168
C3ORF84,0.54028903,2.69e-05,0.000168
CXADR,0.6901086,1.19e-05,0.000168
B2M,-0.32925651,2.69e-05,0.000168
APLP1,-0.64463071,2.67e-05,0.000168
EIF3D,0.3394908,1.2e-05,0.000168
DYNC1LI2,0.6899321,1.21e-05,0.000169
PARP12,-0.3430528,2.7e-05,0.000169
MAPK6,0.7282313,1.21e-05,0.000169
TOLLIP,-0.9098283,1.21e-05,0.000169
MAGED4,-0.39048197,2.7e-05,0.000169
RIN1,0.27144347,2.71e-05,0.00017
GPR137C,-0.3589948,2.71e-05,0.00017
TAF6,-0.6884886,1.22e-05,0.00017
NEU3,-1.3851754,1.22e-05,0.00017
CRYBG3,-0.4716612,1.22e-05,0.00017
DAAM1,0.18460278,2.74e-05,0.000171
REEP4,-0.5212577,1.23e-05,0.000171
SORT1,-0.6307995,1.23e-05,0.000171
SIAH1,0.11802183,2.74e-05,0.000171
MTHFD2L,0.17860329,2.74e-05,0.000171
VPS16,0.3773987,1.24e-05,0.000172
STAR,0.26372988,2.75e-05,0.000172
TSPOAP1,0.3168674,2.76e-05,0.000172
ALG12,-1.4867837,1.24e-05,0.000172
GTF2E2,0.3437918,1.26e-05,0.000173
TAF1B,0.5228339,1.26e-05,0.000173
PHF20,0.3720016,1.26e-05,0.000173
ARL2BP,-0.11632199,2.77e-05,0.000173
AP1B1,-0.4421562,1.25e-05,0.000173
RPL17-C18ORF32,0.23098454,2.78e-05,0.000174
LGI3,0.52293599,2.79e-05,0.000174
STAP1,-0.71249369,2.78e-05,0.000174
RNF141,0.18174329,2.79e-05,0.000174
KCNIP3,0.35848693,2.79e-05,0.000174
LAMTOR5,0.387977,1.26e-05,0.000174
C1QTNF9B,0.4272833,2.79e-05,0.000174
LINC00841,-0.60807317,2.81e-05,0.000175
TTC1,0.323995,1.27e-05,0.000175
NEK5,-0.20174966,2.82e-05,0.000175
MIR10393,-0.33812312,2.8e-05,0.000175
TOR4A,-0.40744593,2.82e-05,0.000175
CD44,-0.3578496,1.27e-05,0.000175
ACAP2,-0.4230381,1.29e-05,0.000176
LOC105373171,-0.47453771,2.83e-05,0.000176
MAPK13,0.24552066,2.82e-05,0.000176
N4BP2L1,-0.8009612,1.28e-05,0.000176
MMS19,0.10694504,2.83e-05,0.000176
ADCY6,-0.25026695,2.82e-05,0.000176
LOC105377924,0.31952365,2.83e-05,0.000176
FAM171B,0.25902097,2.84e-05,0.000177
VIPR1-AS1,0.37311133,2.87e-05,0.000178
TXN,0.24609776,2.86e-05,0.000178
COL6A2,-1.4709367,1.3e-05,0.000178
MIR1248,0.26812598,2.87e-05,0.000178
PPFIA3,0.37782077,2.86e-05,0.000178
PRDM15,0.15722726,2.86e-05,0.000178
SMIM8,0.17605445,2.89e-05,0.000179
METTL14,0.14528113,2.89e-05,0.000179
EPM2A-DT,0.13975774,2.88e-05,0.000179
EPS8L2,0.27358602,2.88e-05,0.000179
ZNF827,-0.19260364,2.88e-05,0.000179
CERCAM,-0.41537969,2.91e-05,0.00018
SERINC1,-0.5638332,1.32e-05,0.00018
DEPDC4,0.16867855,2.89e-05,0.00018
NECAP2,-0.11929243,2.92e-05,0.000181
AKT2,-2.3193764,1.33e-05,0.000181
NR6A1,0.18785546,2.92e-05,0.000181
PYGL,-0.2334088,2.92e-05,0.000181
POP4,0.3268139,1.33e-05,0.000181
CASP5,-0.60208555,2.92e-05,0.000181
HLA-F,-0.34249013,2.93e-05,0.000181
SMPD1,-0.8393113,1.33e-05,0.000181
AVPR2,-0.39483693,2.92e-05,0.000181
MAP3K13,0.14728542,2.93e-05,0.000182
PDE1C,-0.40239313,2.95e-05,0.000182
FBXO11,-0.3713479,1.34e-05,0.000182
ANO9,0.3067624,2.95e-05,0.000182
LOC105376090,0.18662809,2.93e-05,0.000182
CEP72,0.2222181,2.96e-05,0.000183
GIT2,-0.10296953,2.95e-05,0.000183
ZNF514,0.20970762,2.97e-05,0.000183
CDH18,0.96082092,2.99e-05,0.000184
SQOR,0.539731,1.36e-05,0.000184
LOC107984041,0.49731467,2.98e-05,0.000184
MTMR2,-0.11289743,2.99e-05,0.000185
CITED2,-1.010761,1.37e-05,0.000185
RPS15A,0.22772451,2.99e-05,0.000185
SELENOI,0.24561307,3e-05,0.000185
SHANK3,-0.4479578,3e-05,0.000185
WFDC21P,0.37210255,3e-05,0.000185
ASAP2,0.1735403,2.99e-05,0.000185
MSRB2,0.5542922,1.38e-05,0.000186
LOC107986171,1.0227214,3.01e-05,0.000186
RXFP1,0.65186664,3.02e-05,0.000186
KDM4A-AS1,0.12540999,3.04e-05,0.000187
ACTR1A,-0.09566528,3.03e-05,0.000187
ZNF593,0.463466,1.39e-05,0.000187
TOR1AIP1,-0.7803333,1.41e-05,0.000188
SNRNP70,-0.6778104,1.4e-05,0.000188
UTRN,-1.0843455,1.4e-05,0.000188
CRB2,-0.45371024,3.04e-05,0.000188
SNX20,-0.43280335,3.08e-05,0.00019
TIAM1,0.20548488,3.09e-05,0.00019
MAPRE3,0.24013335,3.08e-05,0.00019
CYB561D1,0.19135875,3.1e-05,0.00019
CALM3,-0.15583437,3.08e-05,0.00019
KRIT1,-0.5112449,1.42e-05,0.00019
PPP2R5C,0.2903168,1.42e-05,0.00019
RNF19B,-0.6240736,1.43e-05,0.00019
ALDH3A1,-1.0225416,1.42e-05,0.00019
LOC107986168,-0.45793251,3.08e-05,0.00019
BZW2,0.4617021,1.43e-05,0.000191
DMC1,0.28754759,3.1e-05,0.000191
SENP2,-0.7222388,1.44e-05,0.000191
LOC107985410,-0.65629138,3.1e-05,0.000191
HLA-DQA1,-0.59785701,3.1e-05,0.000191
YEATS2-AS1,-0.17756283,3.12e-05,0.000192
LINGO4,0.54458331,3.12e-05,0.000192
TTPAL,0.16666007,3.13e-05,0.000192
REEP5,0.12640833,3.15e-05,0.000193
IFIT2,-0.51433782,3.15e-05,0.000193
DNASE1L1,0.3881331,1.45e-05,0.000193
WDR20,0.10199279,3.14e-05,0.000193
SGF29,-0.781389,1.46e-05,0.000194
EXOSC3,0.1142895,3.17e-05,0.000194
EDF1,0.2968604,1.46e-05,0.000194
MIR5047,-0.18504475,3.16e-05,0.000194
LINC01191,-0.30555774,3.16e-05,0.000194
EFCAB14,-0.4410916,1.47e-05,0.000194
MIR3605,-0.30041991,3.17e-05,0.000194
SORBS3,-0.821399,1.46e-05,0.000194
ADISSP,-1.4379455,1.47e-05,0.000194
LOC654780,0.31872463,3.18e-05,0.000195
LINC02812,-0.51020886,3.19e-05,0.000195
SNAP23,-1.5365359,1.48e-05,0.000195
THBS4-AS1,-0.62470403,3.17e-05,0.000195
PARD3-DT,0.54943895,3.18e-05,0.000195
RPL23A,0.20589544,3.17e-05,0.000195
ARHGAP1,-0.2515347,3.18e-05,0.000195
NUP160,-0.6372665,1.48e-05,0.000195
FKBP4,-0.836829,1.49e-05,0.000196
CFAP44,0.16353497,3.21e-05,0.000196
TLL2,1.6104283,1.49e-05,0.000196
RIF1,0.12437528,3.2e-05,0.000196
UNC93B1,-0.28445354,3.2e-05,0.000196
LOC107986275,0.73822793,3.2e-05,0.000196
SMYD3,0.4623954,1.5e-05,0.000197
MAK,0.21638013,3.22e-05,0.000197
C2ORF27A,-0.37875245,3.22e-05,0.000197
UBE2Z,-0.11197804,3.22e-05,0.000197
RDX,-0.631395,1.5e-05,0.000197
PRECSIT,-0.41579391,3.24e-05,0.000198
SMUG1,0.12129095,3.25e-05,0.000198
PCDHGB4,0.21207773,3.26e-05,0.000199
SLC25A32,-0.18026059,3.26e-05,0.000199
FAM8A1,0.11812689,3.25e-05,0.000199
LINC02516,-0.42804087,3.29e-05,0.0002
PHLPP1,0.17104862,3.28e-05,0.0002
ZNF732,0.45686046,3.27e-05,0.0002
ZNF138,0.22383014,3.27e-05,0.0002
CLINT1,-0.4981818,1.52e-05,0.0002
FLJ44635,-0.4072666,3.31e-05,0.000201
LOC107987132,-0.60817106,3.29e-05,0.000201
TTC12,0.20957349,3.3e-05,0.000201
LGALSL,0.34697733,3.29e-05,0.000201
PAMR1,0.39029253,3.31e-05,0.000201
PPP1R13B,0.15704761,3.3e-05,0.000201
LINC02247,0.47786858,3.3e-05,0.000201
SCAMP5,-0.53530136,3.32e-05,0.000202
PLAAT4,-0.47372392,3.31e-05,0.000202
VAMP2,-0.6216863,1.55e-05,0.000203
KCNE3,-0.31616264,3.34e-05,0.000203
DCAKD,-1.5022599,1.55e-05,0.000203
APBB2,-0.16893287,3.35e-05,0.000203
PIGV,0.1447682,3.33e-05,0.000203
MPHOSPH8,0.10266682,3.34e-05,0.000203
MSRA,0.5653359,1.56e-05,0.000204
PTGS1,0.33917269,3.35e-05,0.000204
HSD11B1-AS1,-0.79000501,3.36e-05,0.000204
IFIT3,-0.69312532,3.35e-05,0.000204
FAM131B-AS2,-0.40860322,3.36e-05,0.000204
GMFB,0.4152682,1.57e-05,0.000205
NACC2,0.4081638,1.57e-05,0.000205
RPS15,0.16880732,3.39e-05,0.000206
INO80B,0.16745387,3.4e-05,0.000206
LOC107985573,-0.6379111,3.39e-05,0.000206
ST14,0.5828056,1.59e-05,0.000207
THEGL,0.58175174,3.41e-05,0.000207
ZNF33BP1,0.28294821,3.41e-05,0.000207
LOC101927189,0.33410966,3.42e-05,0.000207
ALKBH1,-0.4285748,1.59e-05,0.000207
DEDD,-0.900288,1.61e-05,0.000208
PRPF40B,-0.24954775,3.43e-05,0.000208
AK1,-0.6665455,1.6e-05,0.000208
AIMP2,0.408025,1.6e-05,0.000208
DLG5,0.4825767,1.6e-05,0.000208
PHKG1,0.16978316,3.45e-05,0.000209
GFAP,-0.62097488,3.45e-05,0.000209
MGAT1,-0.18780805,3.46e-05,0.00021
LONP2,0.12699223,3.47e-05,0.00021
GMCL1,0.13707959,3.47e-05,0.00021
LRRN3,-0.2102468,3.47e-05,0.00021
TGIF2,-0.21681454,3.47e-05,0.00021
PTGER1,1.3610596,1.63e-05,0.000211
CATSPERB,-0.44823101,3.49e-05,0.000211
SH3BP5,-0.18272846,3.49e-05,0.000211
SYNE2,0.18931986,3.51e-05,0.000212
GALK2,-0.4841205,1.64e-05,0.000212
KCNJ5-AS1,0.28508483,3.53e-05,0.000213
FXYD5,-1.0619305,1.66e-05,0.000213
KCNMA1,-0.34246876,3.53e-05,0.000213
ALG6,0.16545802,3.52e-05,0.000213
COL18A1,0.4701633,1.65e-05,0.000213
LTA4H,0.17174192,3.55e-05,0.000215
PIWIL2,0.31965115,3.56e-05,0.000215
NDST3,0.37313974,3.57e-05,0.000215
CDS1,0.2088175,3.56e-05,0.000215
CST3,-0.26631808,3.56e-05,0.000215
TADA1,0.16974563,3.55e-05,0.000215
LOC105378100,-0.45032045,3.56e-05,0.000215
LOC105372964,-0.28249257,3.55e-05,0.000215
TBCB,-0.15942816,3.57e-05,0.000215
LOC101927414,-0.67599091,3.57e-05,0.000215
AFG3L2,0.4420558,1.68e-05,0.000216
SON,0.6451545,1.68e-05,0.000216
CERS3-AS1,0.29166968,3.59e-05,0.000217
DLG3,0.17760557,3.59e-05,0.000217
SDC2,-0.25097455,3.6e-05,0.000217
GPX3,-0.53472854,3.6e-05,0.000217
MIR3671,0.27799446,3.63e-05,0.000218
LOC105373265,-0.31167648,3.62e-05,0.000218
EHD4-AS1,-0.31820394,3.61e-05,0.000218
TM4SF1,-0.2982077,3.63e-05,0.000218
SMAD1,0.3237857,1.7e-05,0.000218
TMEM125,0.28332661,3.62e-05,0.000218
TIMP3,-0.40219005,3.64e-05,0.000219
RTL3,-0.65539585,3.66e-05,0.00022
TEX9,0.20493398,3.67e-05,0.000221
FOSL2,-0.6605999,1.72e-05,0.000221
PTCHD1,0.75688879,3.68e-05,0.000221
LOC107985041,0.36532056,3.68e-05,0.000221
SLC15A2,-0.7022857,1.73e-05,0.000221
LMBRD2,0.15348624,3.69e-05,0.000222
MYO9A,0.12180627,3.7e-05,0.000222
BOLA3,-0.2692934,3.7e-05,0.000222
DDX47,0.4572756,1.73e-05,0.000222
PRPF31,-0.6230693,1.74e-05,0.000222
NCOA2,-0.9039145,1.74e-05,0.000222
LOC105375138,0.56903396,3.71e-05,0.000223
LOC102724615,-0.29352811,3.73e-05,0.000224
PTK2,-0.48122,1.77e-05,0.000224
MNT,0.4792769,1.76e-05,0.000224
MYC,0.6763707,1.76e-05,0.000224
ZBTB34,0.10637769,3.74e-05,0.000224
GOLM1,-0.24094039,3.73e-05,0.000224
C6ORF47,0.4349486,1.78e-05,0.000226
LOC105378980,0.19397242,3.79e-05,0.000227
CENATAC,0.12646496,3.8e-05,0.000228
LEXM,0.34968256,3.82e-05,0.000229
SCGB3A1,1.20695174,3.82e-05,0.000229
ERMN,-0.60006612,3.83e-05,0.000229
ACP6,0.3069698,3.83e-05,0.000229
LAS1L,0.09570716,3.83e-05,0.00023
LOC105378339,0.66950306,3.85e-05,0.00023
FAM47E-STBD1,-0.42684941,3.83e-05,0.00023
APBB1,-2.1173695,1.82e-05,0.000231
ANKRD29,-0.23211725,3.88e-05,0.000232
LOC107987095,0.24592756,3.9e-05,0.000233
UBE2G1,-0.4600513,1.84e-05,0.000233
ZNF8-ERVK3-1,-0.09826574,3.92e-05,0.000234
FBXO2,0.32786792,3.92e-05,0.000234
CHRNB2,-0.20785362,3.91e-05,0.000234
MAL2,0.29021678,3.93e-05,0.000235
RYR1,-1.0163902,1.87e-05,0.000235
PTENP1,-0.14392237,3.93e-05,0.000235
NES,-0.34712711,3.95e-05,0.000236
MAD2L2,-0.19578224,3.96e-05,0.000236
RTN4RL1,0.33438919,3.97e-05,0.000237
PTPRZ1,0.25134797,3.97e-05,0.000237
LOC105378608,-0.64281536,3.98e-05,0.000237
PDLIM5,-0.6479908,1.9e-05,0.000238
VPS35,0.3822284,1.9e-05,0.000238
CTTN,-0.5449527,1.89e-05,0.000238
CCDC18,0.15268733,3.98e-05,0.000238
SSTR1,0.56989843,4.02e-05,0.00024
NIT1,0.08402006,4.02e-05,0.00024
MTMR6,0.4492381,1.92e-05,0.00024
NF1,-0.4257646,1.92e-05,0.00024
LOC107987208,-0.6345109,4.02e-05,0.00024
STX17-DT,0.28464248,4.03e-05,0.00024
AP1S2,-0.19633178,4.02e-05,0.00024
LIX1L,-0.25647558,4.02e-05,0.00024
INTS5,0.4209321,1.92e-05,0.00024
MEIS1-AS2,0.30825823,4.05e-05,0.000241
MZT2B,-0.5094315,1.94e-05,0.000242
RAI2,0.3568062,4.09e-05,0.000243
SRPK2,0.09474943,4.08e-05,0.000243
C17ORF100,0.2841355,4.1e-05,0.000244
NDUFB6,0.5289771,1.96e-05,0.000244
SUB1,0.3133932,1.96e-05,0.000244
DPYSL3,-0.31940817,4.11e-05,0.000245
BTBD3,0.17401356,4.12e-05,0.000245
RNF113B,-0.44025388,4.12e-05,0.000245
MINDY2,0.1704973,4.11e-05,0.000245
CCDC92,-0.25495776,4.14e-05,0.000246
MCEE,0.16647852,4.14e-05,0.000246
TXNL1,0.4184939,1.98e-05,0.000246
LOC107985986,0.40931232,4.14e-05,0.000246
GAS6,-0.36455425,4.14e-05,0.000246
AS-PTPRE,-0.27096889,4.16e-05,0.000247
IGIP,0.14697937,4.17e-05,0.000248
PSMC3,-0.9074372,2.01e-05,0.000249
YARS1,-0.17289093,4.2e-05,0.000249
LOC105378520,0.64158765,4.2e-05,0.000249
ZDHHC7,-0.12219974,4.22e-05,0.00025
SYT12,-0.50606212,4.22e-05,0.00025
NBPF14,0.14484996,4.21e-05,0.00025
NAA16,0.13340893,4.21e-05,0.00025
VCP,0.2383797,2.04e-05,0.000251
SELENOP,-0.2816226,4.24e-05,0.000251
HOPX,0.3587638,4.24e-05,0.000251
TP53,-1.113567,2.04e-05,0.000251
ADIPOR2,-0.14214661,4.24e-05,0.000251
PRDM1,-0.9060585,2.03e-05,0.000251
PRKAR1A,-0.6451509,2.04e-05,0.000251
CREB3L1,-0.62762303,4.24e-05,0.000251
LOC101929718,0.13187196,4.25e-05,0.000252
PDLIM7,-0.38718804,4.25e-05,0.000252
GSS,-0.3066706,2.06e-05,0.000253
CCNT2,-0.617269,2.06e-05,0.000253
GDPD4,-0.66444594,4.27e-05,0.000253
GSTM2,0.28501821,4.28e-05,0.000253
SIDT2,0.4844503,2.07e-05,0.000254
DLAT,-0.4885167,2.07e-05,0.000254
HS3ST1,-0.35614645,4.29e-05,0.000254
PGRMC1,-0.9798435,2.07e-05,0.000254
LOC107984111,0.46722148,4.31e-05,0.000255
SMIM5,0.22538177,4.31e-05,0.000255
ACBD4,0.21017294,4.32e-05,0.000255
ARHGEF1,-0.7732542,2.09e-05,0.000256
PRG4,-1.2754332,2.11e-05,0.000257
MT1F,0.4443916,2.11e-05,0.000257
UCK2,0.435076,2.11e-05,0.000257
ATP6V0D1,-0.5275688,2.11e-05,0.000257
HMOX2,-0.6012174,2.13e-05,0.000257
CYFIP2,-0.39659613,4.35e-05,0.000257
MIAT,-0.32305145,4.35e-05,0.000257
NFRKB,-0.3518602,2.1e-05,0.000257
DPM2,-0.5976292,2.12e-05,0.000257
TMEM127,0.2684856,2.11e-05,0.000257
KCNA4,-0.98799491,4.35e-05,0.000257
KLHL7,0.10898811,4.36e-05,0.000258
ISL1-DT,0.64152556,4.38e-05,0.000259
ZNF813,0.17812039,4.39e-05,0.000259
C21ORF62-AS1,0.31752837,4.38e-05,0.000259
GTF2F2,-0.9687612,2.15e-05,0.00026
ZC3H14,0.0906336,4.42e-05,0.000261
APOA1,1.4564892,2.16e-05,0.000261
LOC105376442,0.35406024,4.43e-05,0.000261
PDE11A,-0.7309788,4.42e-05,0.000261
RCN3,-0.43325931,4.42e-05,0.000261
NECTIN4-AS1,0.28886356,4.42e-05,0.000261
RHOC,-0.16842279,4.45e-05,0.000262
PPP2R3C,-0.16936297,4.46e-05,0.000262
LOC105378862,-0.37899477,4.45e-05,0.000262
DNAJC14,-0.08973438,4.46e-05,0.000263
ASB9,-0.30880888,4.47e-05,0.000263
LOC105374524,-0.82700011,4.48e-05,0.000264
AQP9,0.37130817,4.48e-05,0.000264
THBS4,-0.83506264,4.49e-05,0.000264
CFP,-0.36834142,4.52e-05,0.000266
FAM149B1,0.09672902,4.53e-05,0.000267
PRKAG3,0.38904705,4.55e-05,0.000267
ERVFRD-1,0.17333213,4.54e-05,0.000267
TMEM51,0.4032423,2.21e-05,0.000267
RNF40,-0.3398466,2.21e-05,0.000267
P2RX2,0.28582374,4.55e-05,0.000267
CWC25,0.12598965,4.55e-05,0.000267
RAB3B,0.48157785,4.56e-05,0.000268
CREB1,-0.6940804,2.23e-05,0.000268
PRKAG2,-0.8696389,2.23e-05,0.000268
UBTD1,-0.4732986,2.24e-05,0.000268
CEBPA,-0.4993485,2.23e-05,0.000268
ABHD6,0.27043936,4.58e-05,0.000269
TRY-GTA5-1,0.40062971,4.58e-05,0.000269
GRHL1,0.26628253,4.61e-05,0.00027
PAM,-0.5443645,2.26e-05,0.00027
LINC01921,0.61146489,4.6e-05,0.00027
RAD51D,-0.7685581,2.26e-05,0.00027
NFKBIA,0.5670355,2.26e-05,0.00027
KCNJ1,0.44187941,4.61e-05,0.00027
SYTL3,0.15037895,4.61e-05,0.00027
CAMKMT,-1.0287788,2.27e-05,0.000271
SLAIN1,0.3062005,4.63e-05,0.000271
KIF7,-0.30568263,4.62e-05,0.000271
MGST2,0.4550026,2.27e-05,0.000271
CERT1,0.3777914,2.28e-05,0.000272
NXPH3,0.36306096,4.65e-05,0.000272
FAM184B,0.12115237,4.66e-05,0.000273
PTK2B,-0.9537374,2.31e-05,0.000274
LOC101928561,0.35092508,4.69e-05,0.000275
DNAJC8,0.3115507,2.33e-05,0.000276
SLIT3,-0.7521145,2.33e-05,0.000276
LCE2B,0.34241319,4.72e-05,0.000276
IKBKB,-0.5595504,2.33e-05,0.000276
STK36,-0.1466217,4.71e-05,0.000276
NUP62,-0.3912544,2.35e-05,0.000277
NASP,0.3373104,2.35e-05,0.000277
HS3ST5,0.55121348,4.73e-05,0.000277
SCARB1,-0.7875124,2.35e-05,0.000277
UBE2Q1,0.3775865,2.36e-05,0.000277
UBXN1,0.14475266,4.74e-05,0.000277
BLTP1,0.12180567,4.74e-05,0.000278
ANKRD35,0.32871473,4.79e-05,0.00028
LOC107985074,-0.51705868,4.8e-05,0.000281
DSG1-AS1,0.31538185,4.81e-05,0.000281
CLDN23,0.51195065,4.83e-05,0.000282
LOC105375166,-0.31774826,4.82e-05,0.000282
ABCA12,-0.5554485,2.4e-05,0.000282
THUMPD3-AS1,0.1547916,4.85e-05,0.000283
LOC105378685,0.81189045,4.85e-05,0.000283
MAGED4B,-0.38010659,4.85e-05,0.000283
LOC105377043,-0.41972005,4.85e-05,0.000283
NME8,-0.64054968,4.85e-05,0.000283
CACNA1D,-0.7507817,2.43e-05,0.000284
GLTPD2,0.27138422,4.88e-05,0.000284
LOC112268133,-0.32535228,4.87e-05,0.000284
TRPV6,0.31026353,4.87e-05,0.000284
CLASP2,0.11094019,4.88e-05,0.000284
ZSCAN5A,0.14923894,4.87e-05,0.000284
LOC105369531,0.32074879,4.9e-05,0.000285
NXN,0.6130448,2.43e-05,0.000285
SLC19A1,-0.36082331,4.89e-05,0.000285
ANKRD26,0.16044994,4.91e-05,0.000286
MAPKAPK2,-0.19661721,4.9e-05,0.000286
LOC101928059,-0.28715529,4.92e-05,0.000286
SLC12A8,-0.53086009,4.91e-05,0.000286
RPS24,0.23166835,4.91e-05,0.000286
KCNJ12,0.40530029,4.92e-05,0.000287
SERPINB1,-0.19679556,4.94e-05,0.000287
UBXN7,0.10209406,4.93e-05,0.000287
LOC105373785,0.16738739,4.96e-05,0.000288
LOC105377567,0.65109136,4.96e-05,0.000288
SLC8A2,0.64127895,4.97e-05,0.000289
RNF166,-0.33244936,4.99e-05,0.00029
KTN1-AS1,0.28093561,5e-05,0.00029
LINC01374,-0.70665402,4.98e-05,0.00029
C2CD6,0.28011896,5.03e-05,0.000292
NFS1,0.08522963,5.03e-05,0.000292
FAM76A,-1.2295112,2.5e-05,0.000293
KIAA0319L,0.07049844,5.05e-05,0.000293
SNTB1,-1.5084707,2.5e-05,0.000293
ZNF529,0.11278068,5.06e-05,0.000293
AEBP2,0.1182218,5.07e-05,0.000294
EHD3,-0.36649009,5.07e-05,0.000294
CPNE2,-0.22037043,5.1e-05,0.000295
TSG1,0.73858795,5.11e-05,0.000296
ZC2HC1A,0.688003,2.53e-05,0.000296
KIAA2026,0.11325999,5.1e-05,0.000296
ITGB1BP2,-0.2539824,5.12e-05,0.000296
CPSF6,0.11762077,5.12e-05,0.000296
LOC105375825,-0.54567436,5.15e-05,0.000298
LOC105375914,-0.42137091,5.15e-05,0.000298
SIL1,-0.16448743,5.15e-05,0.000298
SPAG8,0.23846827,5.14e-05,0.000298
CBR3-AS1,0.21365633,5.15e-05,0.000298
STIM1,-0.4964603,2.58e-05,0.000299
ATG3,-1.0872574,2.58e-05,0.000299
CAMK2G,-0.4541162,2.58e-05,0.000299
CORO1A-AS1,-0.49719728,5.17e-05,0.000299
IL1RL2,0.2352132,5.17e-05,0.000299
TIMM10B,-0.8926527,2.58e-05,0.000299
SVEP1,-1.4205033,2.56e-05,0.000299
MRO,-0.59535453,5.19e-05,0.0003
MAN1A1,-1.047086,2.61e-05,0.000301
RRM1,-0.4686577,2.6e-05,0.000301
HSPBP1,-0.5600341,2.59e-05,0.000301
BAD,-0.5239774,2.62e-05,0.000302
PCDHGA2,0.27447824,5.23e-05,0.000302
EIF3A,0.2902325,2.62e-05,0.000302
TTC27,0.5058723,2.61e-05,0.000302
NRDC,-0.273314,2.63e-05,0.000304
CAMSAP2,0.13086423,5.29e-05,0.000306
KLK1,-0.4087422,2.66e-05,0.000306
TSTD3,0.09885764,5.31e-05,0.000306
YWHAE,-0.8224831,2.67e-05,0.000307
IFI27L2,-0.29369223,5.34e-05,0.000308
TAB3,0.12121004,5.34e-05,0.000308
KDELR3,-0.23661613,5.36e-05,0.000309
LOC105370765,0.22045713,5.36e-05,0.00031
COPS4,0.2873901,2.69e-05,0.00031
NVL,0.14152685,5.39e-05,0.00031
PDE4C,-0.66038209,5.38e-05,0.00031
TCAIM,0.15209264,5.4e-05,0.000311
XPOT,-0.15724402,5.4e-05,0.000311
TOMM20,0.13666427,5.39e-05,0.000311
AHCY,-0.15589837,5.42e-05,0.000312
NDUFA9,0.4423462,2.72e-05,0.000312
TAX1BP1,0.422561,2.72e-05,0.000312
SMLR1,-0.38917698,5.42e-05,0.000312
CSNK2B,0.1650006,5.43e-05,0.000313
SPAG16,0.15267342,5.44e-05,0.000313
SLC7A14,0.53349243,5.44e-05,0.000313
LOC105373455,0.21804991,5.43e-05,0.000313
EVPLL,0.41965289,5.44e-05,0.000313
CBX4,-1.3184286,2.74e-05,0.000313
SLC6A2,0.68465165,5.45e-05,0.000313
CCNT2-AS1,0.29515454,5.47e-05,0.000314
LOC105372249,-0.63380715,5.46e-05,0.000314
LOC105371449,0.39546714,5.46e-05,0.000314
MOCS2,-0.6524024,2.76e-05,0.000315
LINC01278,-0.7692013,2.76e-05,0.000315
FAM185BP,0.2180502,5.49e-05,0.000315
PTP4A1,-0.20181893,5.49e-05,0.000315
VPS36,0.13564096,5.48e-05,0.000315
RAB4B-EGLN2,-0.18804307,5.52e-05,0.000317
ST6GALNAC4,-0.9687061,2.78e-05,0.000317
RSL24D1,0.16028209,5.53e-05,0.000317
FBXO38,-0.5039501,2.79e-05,0.000318
WDR3,0.3853258,2.79e-05,0.000318
MOAP1,0.13616905,5.54e-05,0.000318
LPIN3,0.2223791,5.54e-05,0.000318
STARD13-AS,-0.23401856,5.55e-05,0.000318
LOC101927668,0.34711576,5.57e-05,0.000319
DDR2,-1.2302027,2.81e-05,0.000319
ASPSCR1,-1.1442276,2.8e-05,0.000319
STK17A,-0.15412526,5.58e-05,0.00032
SPTBN1,-0.8940943,2.82e-05,0.00032
FURIN,-0.6311976,2.82e-05,0.00032
LOC105369299,0.33777221,5.58e-05,0.00032
MAP4K5,-0.6307559,2.82e-05,0.00032
CAMK2B,0.5008405,5.61e-05,0.000321
LOC107984749,-0.32451194,5.6e-05,0.000321
LOC107984334,-0.29632755,5.62e-05,0.000322
MAP4K1,-0.46063887,5.63e-05,0.000322
MAPK3,-0.4014773,2.84e-05,0.000322
CXCL11,-1.49146265,5.62e-05,0.000322
IDNK,0.12355578,5.64e-05,0.000323
SYT1,-0.8792323,2.85e-05,0.000323
ABCC3,0.32979244,5.65e-05,0.000323
SRP54-AS1,0.25634657,5.68e-05,0.000324
APOBEC3G,-0.42624244,5.67e-05,0.000324
ETS1-AS1,-0.52667872,5.67e-05,0.000324
AP3D1,-0.3486784,2.87e-05,0.000324
RBP1,0.33438534,5.68e-05,0.000324
RPL9,0.21754377,5.7e-05,0.000325
KALRN,-0.24302427,5.7e-05,0.000325
ERI3,-1.0137611,2.88e-05,0.000325
NPHP3,0.14967664,5.71e-05,0.000326
ALDH1B1,-0.51088135,5.71e-05,0.000326
LOC105378662,0.30802695,5.74e-05,0.000327
LOC107986424,0.36459454,5.73e-05,0.000327
ARHGEF26,0.21542091,5.74e-05,0.000328
LPP-AS2,-0.20007946,5.76e-05,0.000329
FDXR,-0.4849081,2.92e-05,0.00033
PSMD14,0.3858435,2.95e-05,0.000331
QTRT1,-0.5821133,2.94e-05,0.000331
LRRFIP1,0.2997213,2.95e-05,0.000331
STX3,-0.3628784,2.94e-05,0.000331
GLRA2,-2.2323268,2.97e-05,0.000332
TOMM6,0.363805,2.97e-05,0.000333
DHPS,-0.623664,2.98e-05,0.000334
INPP1,0.4496884,3e-05,0.000335
CENPS,0.5081812,3e-05,0.000335
TNFAIP8L3,0.20196896,5.87e-05,0.000335
MYL6B,-0.2012779,5.88e-05,0.000335
IL33,-0.34461732,5.89e-05,0.000336
FAM120A,-0.08136309,5.9e-05,0.000336
PAX9,0.63281366,5.91e-05,0.000336
ZNF662,0.17904846,5.89e-05,0.000336
RNF144A,0.5214362,3.02e-05,0.000337
LIFR-AS1,0.29933896,5.94e-05,0.000338
KCTD15,0.1911617,5.93e-05,0.000338
PTER,0.17573178,5.94e-05,0.000338
MICALL2,-0.34107831,5.95e-05,0.000339
PDCL,-0.454085,3.05e-05,0.000339
ACO2,-0.4633212,3.04e-05,0.000339
NAA35,0.3578693,3.04e-05,0.000339
STARD3,-0.6289919,3.06e-05,0.000339
PMS2,0.12166475,5.98e-05,0.00034
LOC101927827,0.42055155,6e-05,0.000341
LOC107986821,-0.46415734,5.99e-05,0.000341
ATP2C2-AS1,0.24943385,6e-05,0.000341
ZNF250,0.09980849,6.01e-05,0.000342
DHRSX,-0.18248892,6.03e-05,0.000342
TEX49,-0.24577673,6.01e-05,0.000342
TCF7L1,-0.5233077,3.1e-05,0.000343
ALDH5A1,0.28581373,6.07e-05,0.000345
CEBPA-DT,0.30128122,6.07e-05,0.000345
ECT2L,0.24876432,6.08e-05,0.000345
RNF6,-1.0108021,3.14e-05,0.000346
MAP4K3,-0.4737859,3.13e-05,0.000346
LRBA,0.15539402,6.09e-05,0.000346
CCN5,-1.6185028,3.16e-05,0.000347
ITPR1,-0.5537162,3.14e-05,0.000347
PANDAR,-0.52677494,6.12e-05,0.000347
DDRGK1,-0.5017005,3.15e-05,0.000347
KANSL1L-AS1,0.15339402,6.14e-05,0.000348
LOC105371026,-0.1802149,6.13e-05,0.000348
TMTC3,0.19575123,6.17e-05,0.00035
KLHL22,-0.5366249,3.18e-05,0.00035
IBTK,-0.5080759,3.19e-05,0.00035
LORICRIN,0.49964319,6.2e-05,0.000351
CHD6,0.09434101,6.19e-05,0.000351
GOLIM4,-0.1925216,6.19e-05,0.000351
CYB561,0.3304503,3.19e-05,0.000351
XYLT1,-0.25285031,6.21e-05,0.000352
COMMD8,0.4245238,3.22e-05,0.000352
MIR600HG,-2.21533,3.21e-05,0.000352
STAMBP,0.12475042,6.23e-05,0.000353
RADIL,0.37647725,6.23e-05,0.000353
COPRS,-0.20065383,6.25e-05,0.000354
GMEB1,0.7533484,3.25e-05,0.000354
ANG,0.23149227,6.25e-05,0.000354
TXN2,-0.5226711,3.23e-05,0.000354
BMPER,-0.44894311,6.26e-05,0.000354
HOXA10,-0.6623104,3.25e-05,0.000354
PPBPP2,-1.5597095,3.24e-05,0.000354
ATP6V1C1,-0.5152084,3.26e-05,0.000355
PCGF1,-1.2374858,3.26e-05,0.000355
LOC105378338,0.55481161,6.3e-05,0.000356
LOC105373266,-0.48831537,6.32e-05,0.000357
KITLG,0.29499484,6.31e-05,0.000357
AKAP9,0.14002168,6.31e-05,0.000357
POR,-0.8352683,3.28e-05,0.000357
SLITRK6,0.31164506,6.35e-05,0.000359
CDH12,0.57983387,6.37e-05,0.00036
TMEM30A,-0.125137,6.37e-05,0.00036
LOC105375497,-0.5402914,6.37e-05,0.00036
ZNF506,0.11488667,6.4e-05,0.000361
NEURL1B,-0.27689618,6.42e-05,0.000362
ZNF395,0.7086373,3.36e-05,0.000363
MLST8,-0.5865305,3.37e-05,0.000363
ATP6V0A1,-0.3832968,3.36e-05,0.000363
ENPP4,-0.745528,3.35e-05,0.000363
CIAO1,-0.3917283,3.37e-05,0.000363
JAKMIP1,-0.78846807,6.44e-05,0.000363
MEGF8,0.606944,3.37e-05,0.000363
MAB21L1,-0.36908569,6.45e-05,0.000364
SDHAF1,-0.3330426,3.4e-05,0.000365
IMPDH2,0.3642676,3.41e-05,0.000365
COPB2,0.3301126,3.39e-05,0.000365
IDUA,-1.6838367,3.39e-05,0.000365
GSTO1,0.4721099,3.39e-05,0.000365
MAP2,0.21390923,6.48e-05,0.000365
ZNF510,-0.6051243,3.43e-05,0.000367
UBE2D1,-0.21764578,6.51e-05,0.000367
LOC101930307,0.19589261,6.51e-05,0.000367
MAN2A1,0.3478739,3.44e-05,0.000368
GOLPH3,-0.08689534,6.54e-05,0.000368
RRS1,0.4046471,3.45e-05,0.000368
ARHGEF16,-1.6298643,3.44e-05,0.000368
LINC01620,0.57534555,6.58e-05,0.00037
TNFRSF25,-0.6142244,3.47e-05,0.00037
BCLAF3,0.12606229,6.59e-05,0.000371
MAST2,-0.20053734,6.61e-05,0.000372
LOC400499,0.28842127,6.62e-05,0.000372
CFAP73,0.2278295,6.61e-05,0.000372
GLI3,0.55014,3.51e-05,0.000373
ZSWIM7,0.11648624,6.63e-05,0.000373
IQUB,0.31396928,6.64e-05,0.000373
LOC105376289,-0.54697551,6.65e-05,0.000374
PRKAR1B-AS1,-0.516992,6.65e-05,0.000374
IMMT,0.3568979,3.54e-05,0.000375
ZKSCAN7,-0.23028759,6.67e-05,0.000375
ATG4B,-0.2742282,3.53e-05,0.000375
MIR646HG,-0.56731974,6.69e-05,0.000376
ZKSCAN4,-0.12175243,6.72e-05,0.000377
MSH2,0.13300628,6.72e-05,0.000377
FUBP3,-0.7780775,3.56e-05,0.000378
KDF1,0.21579691,6.73e-05,0.000378
GAB1,-0.52403,3.57e-05,0.000378
RNF43,0.20128622,6.75e-05,0.000379
BANF1,-0.14671546,6.77e-05,0.00038
SMCHD1,-0.4274656,3.6e-05,0.000381
RPL10A,0.20741699,6.8e-05,0.000381
LGALS9B,-0.94429014,6.79e-05,0.000381
SLC14A1,-2.1302073,3.63e-05,0.000383
ACVR2B-AS1,0.27410507,6.84e-05,0.000383
CLU,-0.9034462,3.63e-05,0.000383
NOAZFP,-0.3862204,3.62e-05,0.000383
IGFLR1,-0.3580408,6.86e-05,0.000384
ZNF420,0.13829032,6.86e-05,0.000384
INTS4,0.09333165,6.84e-05,0.000384
CDC14B,-0.16031053,6.86e-05,0.000384
LOC107985352,-0.54145815,6.89e-05,0.000385
GCSAM,0.29508723,6.89e-05,0.000385
NAA30,0.11801685,6.88e-05,0.000385
PHPT1,-0.16961856,6.91e-05,0.000386
UBE2F-SCLY,-0.1440807,6.92e-05,0.000387
ERCC1,0.11653218,6.93e-05,0.000387
LOC105377548,0.50199854,6.91e-05,0.000387
ALG10B,0.17319631,6.91e-05,0.000387
THRB-AS1,0.30834621,6.91e-05,0.000387
LRIT2,0.36671,6.94e-05,0.000388
BTF3,0.3131056,3.69e-05,0.000389
KCTD8,0.79112694,6.96e-05,0.000389
PCDH9,-0.43370736,6.96e-05,0.000389
CIB1,-0.18071381,6.98e-05,0.00039
LOC107986334,-0.40553662,7e-05,0.000391
LOC105373802,0.21512413,7e-05,0.000391
STAM2,-0.3764038,3.71e-05,0.000391
LOC107985200,-0.38640844,7.03e-05,0.000392
STX11,-0.26274654,7.04e-05,0.000392
LOC107987113,0.25448609,7.02e-05,0.000392
NIPAL4,0.29483739,7.03e-05,0.000392
LOC105376363,0.54562415,7.03e-05,0.000392
LOC105373943,0.17251661,7.08e-05,0.000394
CYSTM1,-0.2049024,7.07e-05,0.000394
MESD,-0.08393181,7.07e-05,0.000394
PEPD,-0.4061555,3.76e-05,0.000395
LCE1A,0.32441293,7.09e-05,0.000395
OSR1,0.51046793,7.09e-05,0.000395
MEAF6,-0.2560898,3.78e-05,0.000396
LRCOL1,-0.59806096,7.12e-05,0.000396
AK5,-0.2608588,7.12e-05,0.000397
SRPRA,-0.7132673,3.82e-05,0.0004
ZNF550,0.12982699,7.2e-05,0.0004
FUNDC2,-0.13103629,7.2e-05,0.0004
TBL1XR1,-0.6517057,3.84e-05,0.000401
ACIN1,-0.4703244,3.84e-05,0.000401
SMAD4,-0.3555837,3.86e-05,0.000402
KIF16B,0.12434373,7.23e-05,0.000402
LOC112268189,-0.43095945,7.24e-05,0.000403
TUBB4A,0.60936789,7.25e-05,0.000403
MRPL18,0.3653592,3.9e-05,0.000404
COA5,0.11997446,7.27e-05,0.000404
PRKCI,0.5233383,3.89e-05,0.000404
PAFAH1B1,-0.320379,3.9e-05,0.000404
QSER1,0.10116812,7.27e-05,0.000404
TNRC18P1,-0.30904989,7.28e-05,0.000405
CRK,-0.08538935,7.3e-05,0.000405
PI3,-1.39682275,7.28e-05,0.000405
ARAF,-0.4808554,3.9e-05,0.000405
RELCH,0.16399621,7.31e-05,0.000406
TREM1,-0.79366649,7.32e-05,0.000406
FAHD2B,0.21621423,7.31e-05,0.000406
PCDHB13,0.7476114,3.93e-05,0.000407
MYO15B,-0.6767884,3.95e-05,0.000408
TRPC6,-0.26628417,7.35e-05,0.000408
SPPL2B,-2.1826926,3.96e-05,0.000409
TSPAN4,-0.634387,3.98e-05,0.00041
PAFAH1B2,-0.10417938,7.39e-05,0.00041
RTF1,-0.2548004,3.98e-05,0.00041
MAP1A,-0.5768552,3.98e-05,0.00041
PIGK,0.3883245,3.98e-05,0.00041
RPS6KA2-IT1,-0.39050241,7.41e-05,0.000411
GUSBP4,0.17606862,7.43e-05,0.000412
PBX1,-0.4015175,4e-05,0.000412
CDHR2,0.32690307,7.44e-05,0.000413
MOSPD3,-0.6627231,4.02e-05,0.000413
FOXRED2,-0.30933289,7.46e-05,0.000413
LOC105374746,-0.39037384,7.46e-05,0.000413
WASH2P,0.19784336,7.48e-05,0.000414
RORA-AS1,0.28909357,7.49e-05,0.000414
RAB43,-0.26227811,7.53e-05,0.000417
LOC107984754,-0.15981549,7.53e-05,0.000417
LOC105378180,-0.47347865,7.55e-05,0.000418
PPP4R3A,-0.8058566,4.07e-05,0.000418
MVD,-2.0498662,4.07e-05,0.000418
TMEM178A,-0.28052999,7.57e-05,0.000419
ARL13A,0.21956756,7.6e-05,0.00042
LITAF,-0.12137215,7.59e-05,0.00042
ANKRD39,0.18077334,7.62e-05,0.000421
ABCA1,-0.22990085,7.62e-05,0.000421
CENPN,-0.23732852,7.63e-05,0.000421
OPN1SW,-0.3067605,7.62e-05,0.000421
LOC102724497,0.28539674,7.61e-05,0.000421
ACKR3,-0.51462932,7.66e-05,0.000422
LMAN1,-0.16192302,7.64e-05,0.000422
KRT10-AS1,0.36014325,7.65e-05,0.000422
LOC105371667,0.65519869,7.65e-05,0.000422
ZNF764,0.5061449,4.12e-05,0.000422
ANXA7,0.2450586,4.13e-05,0.000423
IGF2R,-0.0872944,7.67e-05,0.000423
APBB3,-0.5884068,4.14e-05,0.000423
SNHG8,0.24583966,7.67e-05,0.000423
BAZ1B,-0.09833885,7.69e-05,0.000424
DMAC2L,0.09909082,7.7e-05,0.000424
MIR2116,-0.44744094,7.71e-05,0.000425
GLP2R,-0.62328183,7.74e-05,0.000426
ARHGEF11,-0.13718905,7.74e-05,0.000426
JTB,0.242166,4.17e-05,0.000426
CRISPLD1,-0.45678477,7.73e-05,0.000426
LRRC42,0.3306283,4.19e-05,0.000426
C9ORF78,0.3061326,4.18e-05,0.000426
DUOX2,-0.8384906,4.2e-05,0.000427
WNT3A,0.36740845,7.81e-05,0.00043
RC3H2,-0.09458369,7.83e-05,0.000431
LOC105374007,-0.44086776,7.87e-05,0.000433
DERA,0.4369147,4.26e-05,0.000433
POLE,0.17120933,7.88e-05,0.000433
ITGAV,-0.19766315,7.9e-05,0.000434
RPL6,0.19026252,7.89e-05,0.000434
CASC15,-0.37402368,7.9e-05,0.000434
H4C3,0.5509116,4.3e-05,0.000435
ITGA8,0.9679527,4.3e-05,0.000435
TPCN1,-0.676432,4.28e-05,0.000435
NFYA,-0.3651681,4.29e-05,0.000435
MAILR,0.2625617,7.92e-05,0.000435
C1ORF68,0.38220148,7.93e-05,0.000436
LOC105377571,-0.59257816,7.94e-05,0.000436
CBLC,0.28069594,7.94e-05,0.000436
LOC105371531,0.25500213,7.94e-05,0.000436
ENO1,-0.6894298,4.31e-05,0.000437
SMARCA4,0.283862,4.33e-05,0.000438
ZNF621,-0.08669463,8.02e-05,0.00044
IMPDH1,-0.2424691,8.01e-05,0.00044
MED21,0.14337635,8.01e-05,0.00044
FOSL1,-0.64078105,8.05e-05,0.000441
PRKD1,-0.24503706,8.07e-05,0.000442
TNFSF4,-0.28309375,8.09e-05,0.000443
NETO2,-0.56757391,8.07e-05,0.000443
LINC00926,-0.31575306,8.08e-05,0.000443
TRPC4AP,-0.6025708,4.4e-05,0.000444
MDM2,-0.15913259,8.11e-05,0.000445
FAM241B,0.39134062,8.12e-05,0.000445
SP100,-0.26219568,8.11e-05,0.000445
ASPH,-0.4962623,4.42e-05,0.000445
RAPGEFL1,0.28743139,8.15e-05,0.000446
CRELD2,0.434258,4.44e-05,0.000447
SNORD58B,0.27118025,8.18e-05,0.000448
SEPTIN6,-0.22490726,8.21e-05,0.000449
SELENOW,-0.4351799,4.47e-05,0.000449
GLE1,-0.9937586,4.51e-05,0.000452
LOC105369383,0.19369756,8.27e-05,0.000452
SP4,0.15425019,8.29e-05,0.000453
DVL3,-0.3125239,4.52e-05,0.000453
TRIM9,-1.1422638,4.53e-05,0.000453
ZFP14,0.1541125,8.27e-05,0.000453
CHD1L,-0.4913276,4.52e-05,0.000453
IRF6,0.19957878,8.29e-05,0.000454
PTPN6,-0.24760246,8.3e-05,0.000454
AQP7B,-0.83172795,8.33e-05,0.000455
GPR87,0.29218078,8.33e-05,0.000455
SEC61G,0.2390715,4.56e-05,0.000455
GPR162,-0.35911925,8.35e-05,0.000456
SNORD159,0.30973307,8.37e-05,0.000457
APOBR,-0.45636267,8.38e-05,0.000458
LOC105376219,-0.82761396,8.4e-05,0.000459
SRGAP2C,0.185884,8.41e-05,0.000459
SULT1C4,-0.37072143,8.43e-05,0.00046
LOC105374471,0.33684737,8.42e-05,0.00046
PDCL3,0.20283538,8.44e-05,0.00046
ENSA,0.1352447,8.43e-05,0.00046
ANKRD20A19P,1.08459555,8.46e-05,0.000461
SPTLC2,-0.13372143,8.48e-05,0.000462
ALDH2,0.2077074,8.47e-05,0.000462
HIPK1,-0.5496459,4.64e-05,0.000462
ZBTB18,-0.6312419,4.63e-05,0.000462
CDC14A,-0.6186278,4.66e-05,0.000464
GDNF,-0.59024365,8.52e-05,0.000464
CILK1,-1.1280218,4.65e-05,0.000464
ARL2,-0.4885034,4.66e-05,0.000464
TMEM191A,0.2570956,8.51e-05,0.000464
PDE7A,-0.18213924,8.54e-05,0.000465
MAGEE1,0.28002541,8.54e-05,0.000465
MASP2,0.17452072,8.55e-05,0.000465
EPB41L4B,0.22590008,8.55e-05,0.000465
DYNLT4,-0.29293742,8.57e-05,0.000466
SLC20A2,-0.7434421,4.69e-05,0.000466
LINC03048,0.41352053,8.56e-05,0.000466
DNAJB5,-0.22782478,8.57e-05,0.000466
SETD7,-0.12359623,8.58e-05,0.000467
LINC02930,-0.41726327,8.6e-05,0.000468
ZNF423,-0.39426374,8.6e-05,0.000468
ZNF8,-0.1721224,8.61e-05,0.000468
MAB21L3,0.34954615,8.63e-05,0.000469
LOC105370596,-0.52372847,8.63e-05,0.000469
ZNF658,0.20439879,8.65e-05,0.00047
EML5,0.14238984,8.65e-05,0.00047
NOP10,0.5201929,4.76e-05,0.000471
COPB1,0.2053607,4.76e-05,0.000471
TBC1D22A,0.2103722,4.75e-05,0.000471
CIAO3,-0.8002762,4.77e-05,0.000471
KIF13A,0.10777673,8.67e-05,0.000471
SFRP2,-0.61028358,8.72e-05,0.000473
LINC02009,-0.9537118,8.73e-05,0.000473
LOC105376536,0.50329689,8.74e-05,0.000474
RAB28,-0.6996738,4.8e-05,0.000474
COQ2,0.5133725,4.8e-05,0.000474
PSG11,-2.6976163,4.82e-05,0.000475
GDPD2,0.37944019,8.76e-05,0.000475
CYTH2,-0.3724923,4.84e-05,0.000476
APCDD1,0.20126256,8.8e-05,0.000477
SNORA81,0.24751757,8.8e-05,0.000477
SERPINB9P1,-0.65028275,8.8e-05,0.000477
ABHD12B,0.32313101,8.85e-05,0.000479
TIMM8B,0.5667109,4.87e-05,0.000479
LINC02844,0.61466155,8.85e-05,0.00048
IRF3,-0.5979365,4.88e-05,0.00048
DNAJC7,0.2420039,4.89e-05,0.00048
TMEM265,-0.5892446,4.91e-05,0.000481
POLR3B,0.4499388,4.91e-05,0.000481
PIAS4,-0.7862388,4.93e-05,0.000481
RMND5B,-0.4610038,4.93e-05,0.000481
ART3,0.43264178,8.88e-05,0.000481
MANF,0.4033752,4.92e-05,0.000481
THSD7A,-0.30613367,8.9e-05,0.000482
ZNF474,-0.54945352,8.9e-05,0.000482
TRHDE,-0.49966131,8.9e-05,0.000482
TRPV3,0.27853301,8.91e-05,0.000482
RPL13AP5,0.18461762,8.91e-05,0.000482
LOC107985177,-0.53417424,8.92e-05,0.000482
B4GALT7,-0.20324478,8.94e-05,0.000484
KCNIP1-OT1,0.50168858,8.95e-05,0.000484
HSD17B3,0.28747424,8.95e-05,0.000484
GJB1,0.57956419,8.96e-05,0.000484
LL0XNC01-250H12.3,-0.29900321,8.99e-05,0.000486
MYOM2,0.56746436,9e-05,0.000486
SNX19,-0.10693892,8.99e-05,0.000486
SLC7A14-AS1,0.58169086,9e-05,0.000486
PRR15,-0.61803509,9.02e-05,0.000487
CHST12,0.26757263,9.05e-05,0.000488
TVP23A,-0.18694038,9.04e-05,0.000488
LINC02766,-0.37159521,9.07e-05,0.000489
ALG13,-0.3055636,5.01e-05,0.000489
LOC101928331,0.52101897,9.05e-05,0.000489
RSPO4,-0.51597162,9.12e-05,0.000491
WDR17,0.32411681,9.11e-05,0.000491
PRKRIP1,0.12364532,9.11e-05,0.000491
PRDM10,0.12551438,9.1e-05,0.000491
BCL7B,-0.12351848,9.11e-05,0.000491
CAPRIN1,-0.6629172,5.04e-05,0.000491
VPS26A,0.3306612,5.04e-05,0.000491
ERI1,-0.14112248,9.1e-05,0.000491
FLNA,-0.7497441,5.05e-05,0.000491
CDC34,-0.4535116,5.07e-05,0.000492
LOC105375421,0.36652522,9.18e-05,0.000494
FYCO1,0.12224571,9.18e-05,0.000494
CPNE1,-0.6447632,5.1e-05,0.000495
KPNB1-DT,0.10865502,9.2e-05,0.000495
ECI2,-0.4681389,5.1e-05,0.000495
SMIM13,0.14578141,9.22e-05,0.000496
LOC107986650,0.26474782,9.21e-05,0.000496
IL17D,0.44281233,9.22e-05,0.000496
GALM,-0.24735445,9.24e-05,0.000497
EPHB6,0.31046522,9.27e-05,0.000498
LOC102724135,0.29241484,9.26e-05,0.000498
MAP3K5,0.5522452,5.17e-05,0.000499
PSMD4,0.2424486,5.17e-05,0.000499
AIP,-0.5314175,5.16e-05,0.000499
SNF8,0.3874635,5.16e-05,0.000499
ZBTB6,-0.8942823,5.2e-05,0.0005
FAM32A,0.236835,5.19e-05,0.0005
PRODH,-1.1887918,5.21e-05,0.000501
TMEM108-AS1,0.44879891,9.32e-05,0.000501
LOC105375549,0.18425455,9.35e-05,0.000502
MIR200CHG,0.26165949,9.34e-05,0.000502
LCN6,-0.71858197,9.37e-05,0.000503
CAPNS1,-0.24418092,9.38e-05,0.000504
TTLL5,0.3801074,5.27e-05,0.000505
VEZF1,0.4166712,5.26e-05,0.000505
ABCE1,-0.3643454,5.27e-05,0.000505
FGFR1,-0.6151446,5.26e-05,0.000505
FOXJ2,0.4272854,5.29e-05,0.000506
PGD,-0.9687158,5.3e-05,0.000507
MYO1G,-0.45509261,9.46e-05,0.000508
MUC16,1.06485938,9.5e-05,0.00051
CERS2,-0.14396406,9.5e-05,0.00051
ASPG,0.34977892,9.53e-05,0.000511
ABITRAM,0.14344635,9.53e-05,0.000511
PPM1D,-0.12068667,9.55e-05,0.000512
MED7,0.12314804,9.58e-05,0.000513
LINC02966,0.37666527,9.59e-05,0.000513
LOC105372777,0.25972385,9.58e-05,0.000513
ARID3A,-0.28695378,9.57e-05,0.000513
FRMD4B,-0.4671155,5.39e-05,0.000514
PCNX2,0.19289031,9.59e-05,0.000514
EVI2B,-0.23345016,9.61e-05,0.000515
LOC102724770,0.28331568,9.68e-05,0.000518
MAST1,0.43181855,9.71e-05,0.000519
CCDC152,-0.26767352,9.69e-05,0.000519
LOC105379303,0.27949609,9.72e-05,0.00052
CANT1,-0.17767651,9.75e-05,0.000521
ZNF337,-0.3396008,5.48e-05,0.000521
EMSY,-0.6927494,5.47e-05,0.000521
PLEKHG1,-0.17435096,9.76e-05,0.000522
LOC105375659,0.23687432,9.79e-05,0.000524
LINC00997,-0.26706793,9.8e-05,0.000524
ALG1,-0.10537843,9.83e-05,0.000525
SRC,-1.2616061,5.52e-05,0.000525
GLTP,0.3791737,5.54e-05,0.000526
LOC107984263,-0.18682979,9.87e-05,0.000527
BTBD2,-1.1133308,5.55e-05,0.000527
LRRTM4,-0.77874743,9.87e-05,0.000527
CD83,-0.43424644,9.93e-05,0.00053
LOC107984965,0.23985387,9.92e-05,0.00053
KIF20B,0.19417717,9.93e-05,0.00053
LOC101929165,0.17764348,9.95e-05,0.000531
LOC105374371,-0.60013027,0.0001,0.000533
COLEC11,-0.86930272,0.0001,0.000534
GIT1,-0.5211056,5.66e-05,0.000534
HSP90AB1,-0.4993558,5.64e-05,0.000534
MRPL49,-0.322495,5.65e-05,0.000534
WBP11,-1.1489972,5.66e-05,0.000534
SCRG1,0.9280055,5.67e-05,0.000535
LOC554206,0.35489666,0.0001,0.000535
RPP30,0.13968277,0.000101,0.000536
FAM88C,0.30600116,0.000101,0.000536
LOC107986314,-0.68831325,0.000101,0.000536
SLC5A4,-0.48211601,0.000101,0.000538
LOC112268169,0.29459196,0.000101,0.00054
TRAC,-1.142336,5.73e-05,0.00054
EN1,-0.8473225,5.75e-05,0.000541
TSPAN33,-0.32178793,0.000102,0.000543
DHRS4L1,0.18333682,0.000102,0.000543
PRPF19,0.3080535,5.79e-05,0.000544
SCAF11,0.33618,5.78e-05,0.000544
RPP25,-0.31347899,0.000102,0.000545
ABLIM1,0.329719,5.81e-05,0.000546
NFKBIL1,-0.634383,5.81e-05,0.000546
PMP2,-0.53431022,0.000103,0.000548
LOC101928977,0.39126574,0.000103,0.000548
ZNF770,0.19527887,0.000103,0.000548
SMG1-DT,0.28878523,0.000103,0.000549
LOC105374748,-0.25777472,0.000103,0.000549
SLC2A4RG,-0.4155018,5.89e-05,0.000552
LOC107986380,0.70920111,0.000104,0.000553
LOC107984032,-0.52425242,0.000104,0.000553
DLC1,-0.24792848,0.000104,0.000554
SRM,-0.31761594,0.000104,0.000554
LOC105370549,0.41821054,0.000105,0.000555
PHF1,-0.3485476,5.94e-05,0.000555
ATP2B1,0.3374022,5.96e-05,0.000555
POLR2F,0.4455464,5.94e-05,0.000555
SLC37A4,-0.3261099,5.96e-05,0.000555
CHI3L1,-1.5186154,5.93e-05,0.000555
LINC01279,-0.45061286,0.000105,0.000556
MYO1C,-0.2369551,0.000105,0.000557
TMPRSS13,0.24606516,0.000105,0.000557
FH,-1.2145738,6e-05,0.000558
SNX27,-0.3959187,6.02e-05,0.000559
PCID2,0.08374279,0.000106,0.00056
DAG1,-0.3711243,6.03e-05,0.00056
SCIMP,-0.24388443,0.000106,0.00056
SULT1C3,-0.66893137,0.000106,0.000561
FBXO34,0.11460658,0.000106,0.000561
STUM,0.32831363,0.000106,0.000563
EIF4ENIF1,0.07960132,0.000106,0.000564
LOC105370773,0.61941588,0.000106,0.000564
LOC102724438,0.26484869,0.000107,0.000565
RXFP4,-0.51631738,0.000107,0.000566
LOC107985688,-0.59869259,0.000107,0.000566
BDH1,0.26154815,0.000107,0.000567
SWT1,0.14784313,0.000107,0.000567
NFIC,-0.5072734,6.14e-05,0.000568
ZNF692,-0.5821145,6.14e-05,0.000568
NUCKS1,0.4582931,6.13e-05,0.000568
FAM161A,0.20842858,0.000107,0.000568
SOX4,0.4132143,6.16e-05,0.000569
STK24,0.13898022,0.000108,0.00057
MIS18BP1,0.8254522,6.19e-05,0.000571
PPIH,0.4066107,6.2e-05,0.000572
THBS2,-0.37328972,0.000108,0.000572
TARS1,-0.19161485,0.000108,0.000572
IQGAP1,0.3431478,6.22e-05,0.000573
KCTD20,-0.8499508,6.24e-05,0.000574
RAB5B,-0.4298228,6.24e-05,0.000574
POGK,-0.2545091,6.26e-05,0.000575
LINC02242,0.8059469,0.000109,0.000575
HSBP1L1,0.17047612,0.000109,0.000577
CAMSAP3,0.42271834,0.000109,0.000577
PITX1-AS1,-0.12813905,0.000109,0.000578
SRSF8,-0.3492529,6.3e-05,0.000578
MKNK2,0.367011,6.33e-05,0.00058
ZNF331,0.4238323,6.35e-05,0.000582
IGFL3,0.33229296,0.00011,0.000583
EIF3L,0.17235543,0.000111,0.000584
RPL8,0.16249479,0.000111,0.000584
LOC105373882,0.48699051,0.000111,0.000584
PAK1,-0.5382399,6.38e-05,0.000584
MARCO,-2.0073232,6.39e-05,0.000584
IRAK1BP1,0.1660765,0.000111,0.000584
FKRP,-0.20708959,0.000111,0.000584
PPP1R36,0.29909318,0.000111,0.000586
LOC105377947,0.46398452,0.000111,0.000586
PPT2,0.16160938,0.000111,0.000587
RAB35,-0.4405151,6.44e-05,0.000588
TMEM190,0.32086476,0.000112,0.000588
ATP5IF1,0.1465079,0.000112,0.00059
TFAP2C,0.21481538,0.000112,0.00059
FCGR2C,-0.43240899,0.000112,0.000591
GPC3,-0.56263352,0.000112,0.000591
CADM3,-1.1220181,6.5e-05,0.000592
LOC105370274,0.41109385,0.000112,0.000592
NXPE3,-0.17970316,0.000112,0.000592
LOC112267855,-0.41703385,0.000113,0.000593
FRS3,-0.5415266,6.55e-05,0.000595
BAG3,0.3571227,6.55e-05,0.000595
MRPS18C,0.15288296,0.000114,0.000599
DLG4,-0.27475835,0.000114,0.000599
ALG3,-0.5546079,6.6e-05,0.0006
F2RL1,-0.8989702,6.61e-05,0.0006
LOC105372420,0.36237406,0.000114,0.000601
JAK1,0.3088614,6.63e-05,0.000601
KLHL11,0.08907266,0.000114,0.000601
SLC18A2,0.26377104,0.000114,0.000601
RB1CC1,0.13266363,0.000114,0.000602
FKBP10,-0.41861571,0.000115,0.000603
CALCOCO2,0.12331988,0.000115,0.000603
PINK1-AS,0.1092749,0.000115,0.000603
SH3D21,0.38642752,0.000115,0.000603
AKIRIN2,-0.16355598,0.000115,0.000605
CTBP1,-0.2603512,6.69e-05,0.000607
NDUFAB1,0.328254,6.71e-05,0.000608
MRPL45P2,0.13949027,0.000116,0.000608
MYG1,-0.4210048,6.74e-05,0.000609
LOC105374682,0.65152999,0.000116,0.00061
GSEC,-0.36982447,0.000116,0.00061
IFT20,-0.12012838,0.000117,0.000611
PGAP3,0.1477212,0.000116,0.000611
FOXL1,-0.55226149,0.000117,0.000612
SRI,0.3095104,6.79e-05,0.000613
CDC5L,-0.3837204,6.8e-05,0.000613
NIPSNAP3B,-0.23584377,0.000117,0.000614
SLIT1,-0.34928924,0.000117,0.000615
CENPC,0.1476398,0.000117,0.000615
PTS,0.3963897,6.85e-05,0.000617
PBRM1,0.3751102,6.87e-05,0.000618
SCN7A,-2.8914052,6.87e-05,0.000618
FAM20B,0.285735,6.89e-05,0.000619
ZNF3,-0.3755047,6.89e-05,0.000619
ABI2,-0.4258772,6.92e-05,0.00062
NDUFB8,-0.2836471,6.93e-05,0.00062
CDKN2B,-2.632364,6.94e-05,0.00062
LSM8,0.5166182,6.93e-05,0.00062
NOCT,-0.15763596,0.000119,0.000622
NHP2,0.3104251,6.97e-05,0.000623
SRCAP,-1.1076926,6.97e-05,0.000623
VIL1,0.14733317,0.000119,0.000623
LOC105378561,0.26752765,0.000119,0.000623
TOR1AIP2,0.3048453,7e-05,0.000624
DEK,0.2890472,7e-05,0.000624
PID1,-0.4995445,7.01e-05,0.000624
CPNE3,0.13579477,0.000119,0.000624
KLHL12,-0.9065215,7.01e-05,0.000624
DENR,0.2642873,7.02e-05,0.000624
WNT16,-1.2778984,7e-05,0.000624
MTMR9,0.3830386,7.03e-05,0.000624
IL3RA,2.0276203,7.05e-05,0.000625
NDUFA5,-0.6544366,7.04e-05,0.000625
HMGA1,0.25864559,0.00012,0.000626
HIPK3,-0.9502411,7.07e-05,0.000626
CHERP,-0.3475409,7.07e-05,0.000626
MAZ,-0.6420293,7.08e-05,0.000626
PDXP,-0.2582985,0.00012,0.000627
SERPINB4,-1.46769596,0.00012,0.000628
SLC10A3,0.14942665,0.00012,0.000628
LOC107984329,0.18923692,0.000121,0.00063
MAPKBP1,0.21040547,0.000121,0.00063
AK6,0.4239186,7.13e-05,0.00063
ALX1,0.49008305,0.000121,0.000631
GDAP1L1,0.25508105,0.000121,0.000632
IRX3,0.38014247,0.000121,0.000633
LOC107984224,0.25773125,0.000121,0.000633
MTIF2,0.17268693,0.000121,0.000633
LOC107986294,-0.32755164,0.000121,0.000633
TADA3,-0.12986896,0.000121,0.000633
ABCG5,0.25129701,0.000121,0.000634
COX7C,0.6249679,7.2e-05,0.000636
ADRM1,-0.3724968,7.2e-05,0.000636
BCAS2,0.2532071,7.23e-05,0.000637
ERGIC2,0.3889394,7.23e-05,0.000637
LOC105378369,-0.45041494,0.000123,0.000639
OST4,-0.14139244,0.000123,0.000639
SPPL2A,-0.10721749,0.000123,0.000642
PRKACA,-0.6139152,7.3e-05,0.000642
ZBED8,-0.6921342,7.29e-05,0.000642
CEP15,0.4322194,7.33e-05,0.000644
MYBL1,-0.29320589,0.000124,0.000644
KIF23-AS1,-0.25604497,0.000124,0.000645
CASP4,0.3403678,7.36e-05,0.000645
NDUFA8,0.5171125,7.35e-05,0.000645
TCF7L2,-0.4780644,7.36e-05,0.000645
LARS2,0.4050146,7.38e-05,0.000646
GTF3A,0.395193,7.39e-05,0.000646
CENPU,0.28781049,0.000124,0.000646
FOXO4,0.15796686,0.000124,0.000646
MAL2-AS1,0.29187247,0.000124,0.000648
STX17,0.13699243,0.000125,0.000649
MAP2K5,0.11931219,0.000125,0.000649
LETMD1,-0.3166563,7.43e-05,0.00065
NTNG2,0.40891135,0.000125,0.00065
KLF4,0.30154911,0.000125,0.000651
DCANP1,-0.57468804,0.000125,0.000652
PUS7,0.4117838,7.49e-05,0.000653
ADAM10,-0.3780699,7.48e-05,0.000653
CEP68,0.08854861,0.000126,0.000654
FAM86B2-DT,0.33038082,0.000126,0.000654
TENT5A,0.18381036,0.000126,0.000654
TSPAN5,0.5174179,7.51e-05,0.000654
ZNF615,0.12172108,0.000126,0.000655
SP9,0.65636778,0.000127,0.000658
LOC100289511,0.16862745,0.000127,0.000659
LOC112267858,-0.4174862,0.000127,0.000659
LOC105375935,0.41103428,0.000127,0.000661
MCF2,-0.7289886,0.000127,0.000661
LRRC14,0.6664706,7.59e-05,0.000661
LOC112268447,-0.44337238,0.000127,0.000661
ENTHD1,0.40565247,0.000128,0.000662
LOC107984318,0.25550399,0.000128,0.000666
SLC15A4,-0.09995979,0.000129,0.000668
RASSF7,0.210093,0.000129,0.000668
ZNF783,-0.15126119,0.000129,0.000668
ST3GAL2,-0.21772067,0.000129,0.00067
DESI2,-0.14159731,0.000129,0.00067
MIR4265,-0.47178205,0.000129,0.000671
KLHL28,0.12971755,0.00013,0.000671
EDA2R,-0.40213584,0.00013,0.000672
ZSCAN30,-0.13622568,0.00013,0.000673
PRPF39,-0.5095285,7.74e-05,0.000673
BTC,0.55166809,0.00013,0.000674
DCUN1D4,-0.3352344,7.77e-05,0.000674
INHBC,-0.7194575,7.79e-05,0.000675
TNNT2,-1.1175162,7.8e-05,0.000675
RCBTB1,-0.5335778,7.81e-05,0.000675
METTL21EP,0.24114193,0.00013,0.000675
RPS6KA3,-0.3256844,7.8e-05,0.000675
CLNS1A,0.3667088,7.84e-05,0.000676
KDSR,0.3668122,7.85e-05,0.000676
PSMD7,0.2470498,7.84e-05,0.000676
ZNF205,0.7671756,7.84e-05,0.000676
DCLK1,-0.9093307,7.86e-05,0.000677
REM1,-0.39092112,0.000131,0.000677
SVIL-AS1,0.07988422,0.000131,0.000678
ACADS,-0.6032052,7.89e-05,0.000678
RAB3D,-1.4582649,7.89e-05,0.000678
REREP3,-0.92035554,0.000131,0.000679
MARVELD1,-0.31098389,0.000131,0.000679
MBTPS1,-0.2613624,7.91e-05,0.000679
ING2,0.31696,7.94e-05,0.000681
SDF2L1,-0.27151154,0.000132,0.000681
UBTF,-0.6146936,7.98e-05,0.000683
USP24,-0.5631834,8e-05,0.000684
PTPRK,0.4025493,8.01e-05,0.000684
ESM1,-0.82083684,0.000133,0.000685
HECA,0.11487091,0.000133,0.000685
TUT4,-0.6891345,8.05e-05,0.000687
FAM81B,0.58469992,0.000133,0.000687
MOCS3,-0.8370612,8.08e-05,0.000689
B3GNT2,-0.19169095,0.000134,0.00069
LOC105376951,-0.53124641,0.000133,0.00069
PILRA,-0.36761609,0.000134,0.00069
SLC35D1,0.15363936,0.000134,0.000692
CD2AP,0.14403439,0.000134,0.000692
SLC25A33,-0.28710923,0.000134,0.000692
ZNF354A,0.604142,8.17e-05,0.000696
PRSS21,-1.3485056,8.17e-05,0.000696
ERH,0.1878114,8.2e-05,0.000696
RHEB,-0.5527631,8.19e-05,0.000696
PTGR3,0.09226744,0.000135,0.000696
RAB1B,-1.040836,8.19e-05,0.000696
C14ORF28,0.1685749,0.000135,0.000696
LRRFIP2,0.14534825,0.000135,0.000697
CNP,0.3088837,8.26e-05,0.000699
FKBP8,-1.5806926,8.26e-05,0.000699
TEDDM1,0.35424634,0.000136,0.000699
SHOC2,0.2375238,8.24e-05,0.000699
GRIN2B,-0.39060538,0.000136,0.0007
MFSD4B,0.15365639,0.000136,0.0007
HIC1,-0.3770848,0.000136,0.000701
KLHDC3,-0.5277062,8.31e-05,0.000702
DIPK1C,0.39866638,0.000136,0.000703
KIF21B,-0.37368786,0.000137,0.000704
ACAA2,-0.7673618,8.33e-05,0.000704
CFAP298-TCP10L,0.11845752,0.000137,0.000704
ALOX12P2,0.33419965,0.000137,0.000705
SCARNA28,0.26038422,0.000137,0.000706
RNFT1,-2.0408576,8.37e-05,0.000706
IFI44L,-1.03192026,0.000137,0.000707
TET3,0.20142488,0.000137,0.000707
CDKN1B,0.1144369,0.000137,0.000708
ASCL2,0.42393788,0.000138,0.00071
NTRK2,-0.30270238,0.000138,0.00071
FNDC9,-0.50036976,0.000138,0.00071
MTDH,0.2239379,8.44e-05,0.000711
TMEM50A,0.3193126,8.43e-05,0.000711
PINK1,-0.357166,8.48e-05,0.000714
SMYD5,-0.749389,8.48e-05,0.000714
DPYD-AS1,-0.24773492,0.000139,0.000716
MT1G,0.7902255,8.52e-05,0.000716
PPP4R3B,0.109416,0.000139,0.000716
COA3,0.3670803,8.52e-05,0.000716
DISC2,-0.24873215,0.00014,0.000717
LOC105375328,0.26839637,0.00014,0.000718
NF2,-0.17311239,0.00014,0.00072
RNF14,-0.3041647,8.57e-05,0.00072
ENTPD1,-0.15850236,0.00014,0.000721
KIFBP,-0.276326,8.59e-05,0.000721
GID4,0.12461179,0.000141,0.000722
TFB1M,0.12627666,0.000141,0.000723
S1PR1-DT,-0.42326937,0.000141,0.000724
PACRGL,0.10973798,0.000141,0.000724
MBNL1,-0.7817609,8.66e-05,0.000726
TMEM161B-DT,0.21173993,0.000142,0.000726
OR3A3,-1.0862591,8.7e-05,0.000728
ARMCX3,0.3807655,8.7e-05,0.000728
IFNLR1,0.26517674,0.000142,0.000728
TMEM214,-0.4565291,8.69e-05,0.000728
DHH,-0.47730589,0.000142,0.000728
GATA2-AS1,-0.34660144,0.000142,0.000728
KCNH8,0.38923223,0.000142,0.000729
PLAU,-0.47691298,0.000142,0.000729
NOL11,0.3826142,8.74e-05,0.00073
RNF113A,0.4141084,8.75e-05,0.00073
PDLIM4,-0.6206206,8.78e-05,0.000732
P2RY10,-0.5525629,0.000143,0.000732
RPL13A,0.17396488,0.000143,0.000732
ENGASE,-0.5155214,8.79e-05,0.000733
RPS13,0.21768234,0.000143,0.000734
ZFP37,-0.5414109,8.82e-05,0.000734
DPY19L3,-0.14076247,0.000144,0.000736
EMILIN2,-0.31643757,0.000144,0.000736
ADM,-0.43987484,0.000144,0.000737
LOC107986458,0.22993672,0.000144,0.000737
SHROOM1,-0.29226684,0.000144,0.000738
IPP,0.08410775,0.000144,0.000738
LOC100128361,0.19055874,0.000145,0.000739
RBM15,0.5442151,8.93e-05,0.000741
GPR146,-0.25212145,0.000145,0.000741
RHBG,0.32013076,0.000145,0.000741
LOC102724434,-0.52200134,0.000145,0.000741
NPDC1,-0.33382683,0.000145,0.000742
MAP7,0.18586303,0.000146,0.000743
DPY19L2P1,-0.37621697,0.000146,0.000744
IDE,0.25854065,0.000146,0.000744
FAM88F,0.5098706,0.000147,0.000748
STXBP2,-0.6205119,9.08e-05,0.000752
LHFPL6,-0.22923052,0.000148,0.000756
LGALS7B,0.40726294,0.000148,0.000757
NUP43,0.09109337,0.000148,0.000757
MESP1,-0.6297236,0.000149,0.000758
AMOT,0.30287587,0.000149,0.000758
CHN2,-0.4646215,9.17e-05,0.000758
RANBP9,-0.4210839,9.19e-05,0.000758
ATP6V1G1,0.3136553,9.2e-05,0.000758
CABP5,-1.7995351,9.17e-05,0.000758
MRPL42,-0.4628984,9.24e-05,0.00076
EIF4B,0.1302724,0.000149,0.00076
PIKFYVE,-0.3289602,9.23e-05,0.00076
LINC01153,0.82606294,0.000149,0.000761
PA2G4P4,0.26692566,0.00015,0.000762
FCHO1,0.3045222,0.00015,0.000763
LOC105370792,-0.23307037,0.00015,0.000764
ZNF219,-0.3632494,9.28e-05,0.000764
LINC01503,-0.37951293,0.00015,0.000764
BSG,-1.0679318,9.32e-05,0.000767
LOC105376294,0.38115968,0.000151,0.000767
BORCS5,0.11933981,0.000151,0.000767
DPYSL4,-0.59401425,0.000151,0.00077
SLC5A3,-0.46990713,0.000152,0.000772
XKRX,0.26623938,0.000152,0.000772
LRIG3,0.12900889,0.000152,0.000774
HTATSF1,0.11252476,0.000152,0.000775
IRAG1,-0.27476044,0.000153,0.000776
PDPK1,0.5002959,9.45e-05,0.000776
LOC105373945,-0.52333152,0.000153,0.000777
LOC105371344,-0.4313086,0.000153,0.000777
BPTF,0.08141663,0.000153,0.000777
SOX5,0.24634703,0.000154,0.000779
BCL2L11,-0.1540696,0.000154,0.00078
INPP5K,-0.310795,9.5e-05,0.00078
TMEM104,-0.30913176,0.000154,0.000781
DUOXA1,0.26215555,0.000154,0.000781
LOC107985260,0.49920697,0.000154,0.000781
RANBP3,-0.249973,9.53e-05,0.000782
SPATA20,-0.6099832,9.52e-05,0.000782
BCL7C,0.12325096,0.000154,0.000782
SFMBT1,0.13152736,0.000154,0.000782
PHTF2,-0.5673629,9.54e-05,0.000782
SNORA20,0.28975847,0.000154,0.000783
CLTA,0.2129533,9.58e-05,0.000784
LOC105370345,0.67640132,0.000155,0.000786
GINS3,-0.2225446,0.000155,0.000786
CZIB,-0.12670996,0.000155,0.000788
CTDSP2,-0.16185881,0.000156,0.000788
CSE1L,0.3437118,9.63e-05,0.000788
GJB4,0.33144645,0.000156,0.000789
B4GALT3,-0.4129777,9.67e-05,0.00079
ICOS,-0.7773659,0.000156,0.000791
ANKRD44-IT1,-0.27994376,0.000156,0.000791
SLC2A4,-2.1061939,9.72e-05,0.000794
SDC4,0.18748467,0.000158,0.0008
SOX21-AS1,0.26185016,0.000158,0.0008
ING1,-0.4806294,9.81e-05,0.0008
CPTP,-0.5303667,9.84e-05,0.000801
DCAF6,-0.2011296,9.84e-05,0.000801
LINC02232,0.5592125,0.000159,0.000802
SLC25A19,-0.2447122,0.000159,0.000803
OVGP1,0.27523279,0.000159,0.000804
TMEM128,0.14934931,0.000159,0.000804
ADCY4,-0.30511543,0.000159,0.000804
WWP2,-0.3432004,9.9e-05,0.000805
MAB21L4,-0.7574325,9.91e-05,0.000806
PLA2G2F,-1.4452131,9.92e-05,0.000806
RPUSD2,0.4198897,0.0001,0.000811
LOC102723750,0.27877176,0.000161,0.000812
NDUFS2,0.3108408,0.000101,0.000813
C12ORF57,0.14179815,0.000161,0.000813
PIM1,0.4073724,0.000101,0.000813
MZF1,-0.3107808,0.000101,0.000813
LOC107986467,-0.39139274,0.000162,0.000815
LINC02718,-0.52680533,0.000162,0.000815
VPS51,0.18898546,0.000162,0.000816
MCCC2,-0.3237089,0.000101,0.000817
ARL4A,0.22080875,0.000162,0.000817
LRP5,-0.8386855,0.000101,0.000818
MOB3C,-0.17270411,0.000162,0.000818
GPC4,-0.4498442,0.000102,0.000819
SNAPC3,-0.4184814,0.000102,0.000821
C9ORF40,-0.18019465,0.000163,0.000821
ITGB5,-0.21426683,0.000164,0.000826
LINC02939,0.14840503,0.000164,0.000826
EHD2,-0.46193604,0.000164,0.000827
ANKZF1,0.13139042,0.000165,0.000829
DNAJB13,-0.54270182,0.000165,0.00083
RFK,-0.1899979,0.000165,0.000831
LINC02250,0.25158352,0.000165,0.000831
ATG4A,0.3324579,0.000104,0.000833
LOC105374284,-0.71636188,0.000166,0.000833
ZC3H8,0.14503942,0.000166,0.000835
C1ORF198,-0.23016616,0.000166,0.000835
LOC105374947,-0.16045876,0.000167,0.000838
STK11,-0.5582674,0.000104,0.000839
SETBP1,-0.17023591,0.000167,0.00084
GLUL,-0.28261804,0.000167,0.00084
RBM3,0.15668057,0.000168,0.000844
LOC105373826,-0.30386601,0.000169,0.000847
CYP2R1,0.18580503,0.000169,0.000847
STXBP6,0.29525133,0.000168,0.000847
AREL1,-0.0793618,0.000169,0.000847
SYNGR2,-0.4248837,0.000106,0.000848
LOC102724475,-0.5566726,0.000169,0.000849
REXO2,0.4554154,0.000106,0.00085
SP110,-0.27058533,0.000169,0.00085
PLAAT5,-0.73878889,0.00017,0.000852
OGFRL1,0.3282561,0.000107,0.000853
ABR,-0.6852117,0.000107,0.000853
MBTPS2,-1.176205,0.000106,0.000853
MVB12B,-0.17453237,0.00017,0.000853
NCOR1,0.06828755,0.00017,0.000855
TMEM268,-0.18678608,0.000171,0.000856
DERL3,-0.38405614,0.000171,0.000856
MMACHC,0.11323237,0.000171,0.000858
PACC1,-0.20815802,0.000171,0.000859
THOC1,0.12928938,0.000171,0.000859
HTR2B,-0.1623774,0.000171,0.000859
CEP95,0.10926112,0.000172,0.000862
AGO4,0.13040737,0.000172,0.000862
RPL4,0.17761092,0.000172,0.000862
CYP17A1,0.33228276,0.000172,0.000862
PLEKHH1,0.31736483,0.000172,0.000863
CYTIP,-0.40028847,0.000173,0.000863
COBLL1,-0.5539628,0.000108,0.000866
DAZAP2,-0.2345616,0.000108,0.000866
ADAD2,0.31466616,0.000173,0.000867
ZNF581,0.13677892,0.000173,0.000867
RAMP3,-0.32212672,0.000173,0.000867
MYG1-AS1,0.13655894,0.000174,0.000871
CCDC80,-0.422841,0.000174,0.000871
LOC107986838,-0.23458702,0.000174,0.000871
PHKB,-0.09763955,0.000175,0.000873
DIRAS2,0.57975137,0.000175,0.000875
RAB15,0.4757053,0.00011,0.000875
RTL10,-0.4608008,0.00011,0.000877
LOC105370413,0.52665825,0.000176,0.000878
TFAP2E-AS1,0.26039501,0.000176,0.00088
DGCR5,0.3715719,0.000176,0.00088
UTP14C,-0.10739597,0.000176,0.00088
PRTG,-0.36272795,0.000177,0.000883
NDUFA7,0.426766,0.000111,0.000884
KLK7,0.28119146,0.000177,0.000885
ETFDH,0.21031822,0.000178,0.000886
ZDHHC9,0.17460634,0.000178,0.000886
ARHGEF5,0.35553865,0.000178,0.000887
RAB8A,-0.12111603,0.000178,0.000888
TBKBP1,-0.7842492,0.000112,0.000889
KCMF1,0.2208173,0.000112,0.00089
FAM3B,0.61600335,0.000179,0.000893
PDZRN3-AS1,-0.31761138,0.000179,0.000893
PLPP2,-0.4168873,0.000113,0.000893
LOC105378867,-0.30000518,0.000179,0.000893
TAF8,-0.12504199,0.00018,0.000893
PIK3CB,0.13636322,0.00018,0.000893
PLEKHF2,0.16579698,0.00018,0.000893
PWWP2A,0.10903552,0.000179,0.000893
ZFTRAF1,-0.6137313,0.000113,0.000893
ZFP64,0.15226375,0.00018,0.000893
IREB2,-1.039072,0.000113,0.000893
RPL39,0.21892162,0.000179,0.000893
PRKAB2,0.5733579,0.000113,0.000894
LOC105375284,0.22678164,0.00018,0.000894
L3MBTL1,-0.7363429,0.000113,0.000896
TTLL12,0.6005717,0.000113,0.000896
C22ORF31,0.33323717,0.00018,0.000896
PHYHD1,0.19520142,0.000181,0.000897
BSDC1,0.07776816,0.00018,0.000897
ARAP2,0.22219084,0.000181,0.000898
PSMG4,0.10811944,0.000181,0.0009
NOS1,-1.4321729,0.000114,0.000901
PTPRS,-2.1568296,0.000114,0.000901
MYO5A,-0.14288563,0.000182,0.000902
TERF2IP,0.415128,0.000115,0.000903
TTF1,0.3173598,0.000115,0.000903
EML3,-0.380452,0.000115,0.000903
GABRD,-1.6258849,0.000115,0.000907
LOC105373711,-0.53230554,0.000183,0.000909
MARCHF2,-0.5711211,0.000116,0.00091
SLC17A5,-0.4947644,0.000116,0.00091
MIR2110,0.2470727,0.000184,0.000911
LOC105375858,0.58992431,0.000184,0.000911
LY6E,-0.36553876,0.000184,0.000911
SBF2-AS1,0.15175602,0.000184,0.000913
LOC112268421,-0.29710491,0.000184,0.000914
NONO,-1.1854371,0.000117,0.000914
TTC9,0.23627422,0.000184,0.000914
LOC107986293,0.52351806,0.000185,0.000916
SLC22A15,0.18228145,0.000185,0.000916
LOC105374875,0.53845402,0.000185,0.000917
CARNS1,0.33218656,0.000185,0.000917
HES1,0.18997015,0.000185,0.000917
EBF3-AS1,-0.30772307,0.000185,0.000917
RAB11FIP1,0.19323758,0.000185,0.000917
MICB,-0.4372245,0.000185,0.000918
DNM1L,-0.4463014,0.000117,0.000918
APC,-0.4291938,0.000117,0.000918
RAN,0.2468084,0.000117,0.000918
OGN,-1.0147018,0.000117,0.000918
FAF1,0.3049905,0.000118,0.000919
BTK,-0.28407242,0.000186,0.00092
YIPF3,-0.0949691,0.000186,0.00092
VPS26C,-0.5193916,0.000118,0.00092
ZRANB2,0.13374099,0.000186,0.00092
ETFBKMT,0.12957294,0.000186,0.000921
WDR47,0.20152918,0.000186,0.000922
LOC105370764,0.26422054,0.000187,0.000923
DLX5,0.29466321,0.000187,0.000923
AP4M1,-0.6869513,0.000118,0.000923
GADD45A,-0.20783687,0.000187,0.000924
ATP6V1B1,-1.126001,0.000119,0.000925
ZIC1,-0.39948092,0.000187,0.000926
TXLNG,-0.7303566,0.000119,0.000926
GOLGA2P5,0.21719068,0.000187,0.000926
LINC02277,0.81451782,0.000187,0.000926
RUFY3,0.11783285,0.000188,0.000928
ZNF571,0.1499543,0.000188,0.000928
RETREG2,0.10741662,0.000188,0.00093
RCAN1,-0.4327,0.000188,0.00093
CAVIN2,-0.30250359,0.000189,0.000931
GRIK1,-0.2879,0.000189,0.000931
LOC101929309,-0.73919684,0.000189,0.000933
MRAP,-0.18606527,0.000189,0.000934
LOC105378486,-1.01236737,0.000189,0.000934
AFF2,-1.735502,0.000121,0.000937
PSMF1,-0.3907682,0.000121,0.000937
VBP1,0.3102557,0.000121,0.000939
CTCF,0.2742864,0.000121,0.000939
TUBB2A,0.3277363,0.000121,0.000939
CDH7,-1.6506803,0.000122,0.00094
MRPL16,0.31883,0.000122,0.00094
NRF1,-0.2845187,0.000121,0.00094
CDA,-2.2399704,0.000122,0.00094
SRFBP1,-0.1445152,0.000191,0.000943
RPS19BP1,-0.10730605,0.000191,0.000943
PRPF6,0.09438377,0.000192,0.000944
SLC22A13,-0.41766485,0.000192,0.000947
ELP3,-0.09645458,0.000193,0.000949
LINC00900,0.27717903,0.000193,0.00095
TEX261,-0.3353721,0.000124,0.000954
PPP5C,-1.6960634,0.000124,0.000957
MCM7,-0.3331506,0.000125,0.000958
FMO4,-0.3758069,0.000124,0.000958
LOX,-0.41741613,0.000195,0.000959
MATK,-0.4127049,0.000195,0.000961
MRPL4,-0.4063703,0.000126,0.000962
CLEC16A,-0.4109596,0.000125,0.000962
NUMB,-0.3841363,0.000125,0.000962
GPR15,-1.3825853,0.000125,0.000962
SLC26A4,-0.49998937,0.000195,0.000962
GALNT14,0.62047,0.000126,0.000963
LLGL2,0.25867254,0.000196,0.000964
LOC105374945,0.44887016,0.000196,0.000966
PIK3IP1,-0.18282749,0.000196,0.000966
THAP9,-1.371365,0.000126,0.000967
RFX7,0.13154826,0.000197,0.000968
NKRF,0.3857063,0.000127,0.000969
OTUD3,-0.3463006,0.000127,0.000969
NCCRP1,0.31122317,0.000197,0.00097
MARCHF6,-0.301055,0.000127,0.000971
PNCK,0.54198058,0.000197,0.000971
ZNF786,0.17290346,0.000198,0.000972
STN1,0.2995768,0.000128,0.000974
RAB9B,0.31654593,0.000198,0.000975
BMS1P21,-0.37837099,0.000199,0.000977
POMP,0.2417087,0.000128,0.000977
CATSPER2,0.2497061,0.000199,0.000977
MMP13,-0.66286249,0.000199,0.000978
CAST,0.10359222,0.0002,0.00098
USF3,0.07196429,0.0002,0.000981
LGALS14,-0.7690992,0.000129,0.000982
ANKRD46,0.12614669,0.0002,0.000982
NAGLU,-0.23298369,0.0002,0.000983
ZNF148,0.3138459,0.00013,0.000985
PRDM14,-1.9692488,0.000129,0.000985
SDS,-0.46868519,0.000201,0.000986
RCCD1,0.16441394,0.000201,0.000986
MICAL2,-0.21495932,0.000201,0.000986
MFN1,0.13438048,0.000201,0.000988
GLI1,-0.34601819,0.000202,0.000989
LPAR3,0.20696174,0.000202,0.000991
LOC105377374,-0.5310108,0.000202,0.000991
LOC105370365,-0.31342212,0.000202,0.000992
LOC105374040,-0.32274456,0.000203,0.000996
ZNF474-AS1,-0.3991809,0.000204,0.000999
GUF1,0.12470658,0.000204,0.000999
MIR554,0.32881543,0.000204,0.000999
WDR33,0.09971606,0.000204,0.000999
NPEPPSP1,0.13857686,0.000204,0.001
EIF3E,0.18264088,0.000204,0.001
MIR671,-0.2744608,0.000205,0.001
HSPB2,-0.5663971,0.000133,0.00101
PSMG2,0.3080476,0.000133,0.00101
TTC9C,0.08956476,0.000207,0.00101
LOC105371825,0.34440752,0.000206,0.00101
SNRK-AS1,-0.13752248,0.000207,0.00101
SEPHS1,0.3135252,0.000134,0.00101
ATG4D,0.2176821,0.000208,0.00101
SNTA1,-0.5236031,0.000134,0.00101
GPBAR1,-0.296515,0.000207,0.00101
POLE4,-0.18436416,0.000206,0.00101
MFAP3L,0.27112338,0.000206,0.00101
TLR9,-0.44329919,0.000208,0.00101
NUP93,0.4349103,0.000135,0.00102
TGFBRAP1,0.4200583,0.000134,0.00102
HOMER2,-0.7138228,0.000136,0.00102
ADGRA2,-0.6336849,0.000136,0.00102
AMZ1,-0.25210478,0.00021,0.00102
LOC105375957,-0.37775687,0.00021,0.00102
SOX21,0.28043004,0.000209,0.00102
TIPARP,0.5852423,0.000136,0.00102
GORASP1,-0.08534719,0.000208,0.00102
CDV3,-0.15131572,0.000209,0.00102
CARF,0.11886348,0.000209,0.00102
MMP12,-1.21737546,0.000208,0.00102
NLRP10,0.42881444,0.00021,0.00102
GOLT1B,-0.5435926,0.000135,0.00102
PCSK1N,-1.8569026,0.000135,0.00102
FLRT3,0.32598675,0.000209,0.00102
LOC101927556,0.21984207,0.000211,0.00103
SPOCK2,-0.36946041,0.000212,0.00103
AGBL3,0.19370405,0.000212,0.00103
SPOP,0.2213011,0.000137,0.00103
TSC1,0.09267619,0.000212,0.00103
BLM,-0.27299347,0.000212,0.00103
AGAP11,0.31667063,0.000211,0.00103
LRRC3B,0.83040335,0.000212,0.00103
OTULINL,-0.27553513,0.000212,0.00103
LZTS1,-0.36743443,0.000212,0.00103
CTIF,-0.24724314,0.000215,0.00104
ZNF789,0.09837243,0.000214,0.00104
TBX18-AS1,0.45657794,0.000215,0.00104
ARMCX2,-0.25362707,0.000213,0.00104
ITGA11,-0.5854858,0.000214,0.00104
PRSS35,-0.61418555,0.000215,0.00104
GGA2,-0.3298349,0.000138,0.00104
G6PD,-0.7699256,0.000139,0.00104
KCNA3,-0.49584019,0.000215,0.00104
SLC17A7,-0.4906262,0.000138,0.00104
MIR10394,0.17666316,0.000214,0.00104
LOC105373716,0.19087773,0.000214,0.00104
HSPA1B,0.2411548,0.000214,0.00104
RNF128,0.41253857,0.000216,0.00105
IPO11-LRRC70,-0.15006377,0.000217,0.00105
BUD31,0.2448805,0.00014,0.00105
NIBAN1,0.4774334,0.00014,0.00105
LOC105379025,0.43845262,0.000216,0.00105
ANKLE2,-0.2350454,0.000142,0.00106
SULT1A1,-0.37092448,0.000219,0.00106
JAG2,-0.3795259,0.000142,0.00106
BLOC1S1,-0.4435053,0.000143,0.00106
NUP85,0.2496995,0.000141,0.00106
CTSD,-0.4723345,0.000142,0.00106
HMGN4,-0.1260059,0.000218,0.00106
CDC42SE2,-0.14612188,0.000218,0.00106
DAP3,0.3222468,0.000142,0.00106
BIRC2,0.3352396,0.000141,0.00106
NHLH1,0.42480828,0.000219,0.00106
CLTRN,0.34330408,0.00022,0.00107
EDN1,0.5838411,0.000144,0.00107
LSM7,0.3201547,0.000143,0.00107
ATRN,-0.2595209,0.000144,0.00107
CCL21,-1.1466899,0.000143,0.00107
CXCL16,-0.23599113,0.000221,0.00107
LINC02888,-0.50416058,0.00022,0.00107
PHOSPHO1,-0.3730311,0.000221,0.00107
INTS8,0.12322371,0.000221,0.00107
FBXL17,0.09455982,0.000221,0.00107
LSS,-0.5197655,0.000146,0.00108
ATP5ME,0.4504986,0.000145,0.00108
GPI,-0.338672,0.000146,0.00108
ZBTB3,0.13749632,0.000223,0.00108
FBXO28,0.15635898,0.000224,0.00108
DCTD,-0.13568269,0.000222,0.00108
FXYD3,0.21616291,0.000224,0.00108
CNOT8,-0.4069232,0.000145,0.00108
ATXN2,-0.4684902,0.000145,0.00108
NBPF11,0.10701351,0.000224,0.00108
FBXO22,0.13399812,0.000224,0.00108
HYPK,0.10630605,0.000224,0.00108
ZNF37BP,-0.6459736,0.000147,0.00109
LPAR2,-0.5143273,0.000147,0.00109
FGL2,-0.5706984,0.000147,0.00109
SCRIB,0.4785563,0.000147,0.00109
CTPS1,-0.20155523,0.000226,0.00109
CD3G,-0.67200839,0.000225,0.00109
XPNPEP1,-0.2291305,0.000147,0.00109
LOC105369246,0.4180612,0.000225,0.00109
MIR619,-0.49641796,0.000225,0.00109
GLIPR1,-0.20277763,0.000227,0.0011
UQCC1,-0.3851843,0.000148,0.0011
MAP3K9,0.24937505,0.000229,0.0011
RANBP2,-0.2322318,0.000149,0.0011
ALAS2,0.85444811,0.000228,0.0011
AK2,-0.3910996,0.00015,0.00111
ZNF812P,-0.36523902,0.00023,0.00111
RAD52,-0.9539013,0.000151,0.00111
TRAF3IP3,-0.31891031,0.000231,0.00111
EPM2AIP1,0.09576843,0.00023,0.00111
PXDC1,-0.20396116,0.000231,0.00111
ANKDD1A,-0.20688198,0.000229,0.00111
FAM184A,0.31602113,0.000233,0.00112
CIAPIN1,0.3617237,0.000152,0.00112
LOXL1-AS1,-0.27702222,0.000232,0.00112
HOXB6,-0.37608258,0.000233,0.00112
CDC42BPG,0.30578724,0.000231,0.00112
EGLN2,-0.18193828,0.000232,0.00112
SCAPER,0.1651068,0.000232,0.00112
GYPC,-0.27700429,0.000233,0.00112
BTN3A1,-0.32244936,0.000233,0.00112
HAUS4,0.4253132,0.000154,0.00113
UBE2G2,-0.07956024,0.000236,0.00113
HRAS,0.19356167,0.000234,0.00113
CHRNB1,-0.5266308,0.000154,0.00113
ARL6,0.14643686,0.000236,0.00113
SNORA115,-0.36790219,0.000237,0.00114
ANKH,-0.5237685,0.000155,0.00114
LINC02701,0.25552174,0.000238,0.00114
LXN,0.3957792,0.000156,0.00114
HOXA6,0.37633867,0.000237,0.00114
ARV1,0.1414581,0.000237,0.00114
LOC105371777,0.4029452,0.000238,0.00114
CAPNS2,0.23867042,0.000238,0.00114
AKR1B15,-0.63924005,0.000237,0.00114
PDIA6,-0.11375553,0.000237,0.00114
UHMK1,-0.12050853,0.000237,0.00114
AVEN,0.4903185,0.000156,0.00114
COPZ1,-0.09013823,0.000236,0.00114
THTPA,-1.1232741,0.000157,0.00115
OSTC,-0.18789314,0.000239,0.00115
PCNX4,-0.10414833,0.000239,0.00115
HIP1,-0.20838275,0.000241,0.00115
SEC63,-0.08530258,0.000241,0.00115
DENND1C,0.16142326,0.000239,0.00115
GSTK1,-0.2865314,0.000158,0.00115
NMU,0.41850536,0.000241,0.00115
ABCA2,-0.7888702,0.000157,0.00115
LOC107985155,-0.31029265,0.00024,0.00115
ZNF335,-0.7355786,0.000157,0.00115
LOC105374709,-0.38011733,0.000239,0.00115
CLK1,0.16303968,0.00024,0.00115
ASAP1-IT2,-0.20417796,0.00024,0.00115
LOC105371485,0.35945595,0.000241,0.00115
FLT1,-0.18616516,0.000243,0.00116
RPL36,0.1613201,0.000242,0.00116
IFIT5,-0.34883916,0.000243,0.00116
LCT,-1.3937428,0.000159,0.00116
TNIP2,-0.17290936,0.000242,0.00116
MYL12-AS1,-0.17625045,0.000243,0.00116
MFSD9,0.14494617,0.000243,0.00116
ACTRT3,-0.32958554,0.000241,0.00116
GPR183,-0.20750312,0.000246,0.00117
GSAP,-0.4476467,0.00016,0.00117
LOC105372069,0.25987944,0.000245,0.00117
VAMP4,0.12497989,0.000244,0.00117
PTGS2,0.9591721,0.000161,0.00117
VGLL3,-0.35223268,0.000245,0.00117
CD69,-0.49215793,0.000245,0.00117
TOX,-0.29764488,0.000244,0.00117
ADAM7-AS1,-0.62091542,0.000246,0.00117
LOC101929343,0.29973521,0.000245,0.00117
OPN3,0.4448263,0.000161,0.00117
MYO9B,-0.2362507,0.000245,0.00117
LOC101927871,0.84739659,0.000244,0.00117
CRYBG1,0.18797703,0.000244,0.00117
E2F4,-0.13665183,0.000245,0.00117
OAS1,-0.64406034,0.000244,0.00117
FXN,-0.17128518,0.000248,0.00118
CSNK1E,-0.414932,0.000162,0.00118
AKT1,-0.8256978,0.000163,0.00118
UBAP2L,-0.2767164,0.000162,0.00118
GALNT3,0.18540707,0.000248,0.00118
EFL1,0.3686875,0.000163,0.00118
PUS3,0.2803984,0.000162,0.00118
SH3BGRL3,-0.6870591,0.000165,0.00119
TBILA,0.30492116,0.00025,0.00119
EIF3I,0.3030659,0.000165,0.00119
HPGD,-0.5600454,0.000165,0.00119
CACYBP,0.11575662,0.00025,0.00119
NUDCD2,0.10411133,0.000249,0.00119
SEPTIN9,0.3454858,0.000164,0.00119
PARD3B,-0.16861926,0.000251,0.00119
B3GNT9,-0.22707064,0.00025,0.00119
IDH3B,-0.254307,0.000164,0.00119
LOC105378024,0.58022023,0.00025,0.00119
GRID2IP,0.31651306,0.00025,0.00119
LOC105372793,0.22442064,0.00025,0.00119
LOC105374498,0.44190331,0.00025,0.00119
SUGP2,-0.09861952,0.00025,0.00119
SLC31A1,0.6570536,0.000165,0.00119
ASIC4,-1.0264702,0.000167,0.0012
TMEM63B,0.1659662,0.000252,0.0012
LOC105371818,0.38923462,0.000253,0.0012
YJU2,-0.3869503,0.000166,0.0012
E2F8,-0.7024702,0.000167,0.0012
IGSF5,0.60440498,0.000254,0.00121
GPR26,-0.47196064,0.000254,0.00121
NOA1,0.11045278,0.000254,0.00121
PCDHGA6,0.182777,0.000255,0.00121
ITPR3,-0.3390345,0.000169,0.00122
CD109-AS1,0.20077624,0.000257,0.00122
SCN4B,-0.30938158,0.000256,0.00122
LINC00933,0.22309884,0.000258,0.00122
SPINK5,0.33404314,0.000257,0.00122
GYS2,-1.20180405,0.000257,0.00122
TERF1,0.3448617,0.000169,0.00122
TNMD,-1.2817095,0.000169,0.00122
LOC105371348,0.37090948,0.000256,0.00122
TPST1,-0.23047297,0.000259,0.00123
DCDC1,0.36710674,0.000259,0.00123
ZNF101,-0.12593767,0.000259,0.00123
SUDS3,0.10327964,0.000259,0.00123
P4HB,-0.14451883,0.000259,0.00123
TMEM253,0.25337094,0.000259,0.00123
ING3,0.3821755,0.000173,0.00124
BPIFC,0.27683823,0.000263,0.00124
LOC105379230,0.579122,0.000262,0.00124
DNAH3,0.29771174,0.000262,0.00124
LOC105379337,-0.28375898,0.000261,0.00124
TBPL1,0.13113922,0.000261,0.00124
XPR1,-0.11839218,0.000265,0.00125
CDC42EP5,-0.34046738,0.000264,0.00125
RPL3,0.15801726,0.000264,0.00125
LOC107984851,0.53388333,0.000263,0.00125
RSAD2,-0.85459067,0.000265,0.00125
TIMMDC1,-0.11012193,0.000265,0.00125
UTS2B,-0.27945818,0.000265,0.00126
TCAF1,0.10310481,0.000266,0.00126
ZNF223,-0.4407955,0.000176,0.00126
CPT1A,-0.5617394,0.000175,0.00126
STXBP3,0.12945081,0.000267,0.00126
ZNF782,0.13647388,0.000266,0.00126
LOC107985261,0.48190054,0.000266,0.00126
CDKN3,-0.3697182,0.000267,0.00126
CSNK2A1,-0.5251918,0.000177,0.00127
DNAH1,-0.20294937,0.000268,0.00127
PTPRA,-0.4385806,0.000178,0.00127
TCF4,-0.1522152,0.000269,0.00127
SMYD2,0.3243394,0.000177,0.00127
VPS54,-0.2314598,0.000177,0.00127
EOLA2,0.10687155,0.00027,0.00127
RBM27,0.09206952,0.000271,0.00128
ADNP2,0.1245335,0.000271,0.00128
KIR2DS4,-1.7328564,0.00018,0.00128
MRPS35,0.2681844,0.000179,0.00128
BICRA,-0.4088077,0.000179,0.00128
PNMA2,-0.33476013,0.000271,0.00128
SCNN1A,0.24007898,0.000271,0.00128
ACSS3,-0.6792438,0.000179,0.00128
NKX1-2,0.53452745,0.000272,0.00128
APOOL,-0.3455519,0.000179,0.00128
ZNF43,-0.7286731,0.000181,0.00128
LOC105374789,0.2590723,0.000272,0.00128
OGFOD2,-0.220902,0.000182,0.00129
RSPH3,0.13815385,0.000274,0.00129
H2BP2,-0.28575328,0.000274,0.00129
MRGPRX2,0.51945719,0.000273,0.00129
CASP10,-0.181918,0.000273,0.00129
SLC4A7,-0.5244674,0.000184,0.0013
BRPF1,0.4756546,0.000183,0.0013
DHRS3,-0.17275798,0.000275,0.0013
STAC,-0.6109503,0.000185,0.0013
MYOC,-1.4351436,0.000183,0.0013
CCDC171,0.21579985,0.000275,0.0013
RTN4,-0.2232887,0.000183,0.0013
THAP11,0.2661751,0.000183,0.0013
CRYAB,-0.7104442,0.000185,0.0013
SEC14L4,-2.625407,0.000184,0.0013
EGFL7,-0.33363327,0.000275,0.0013
ABCC10,0.31231,0.000184,0.0013
FNDC5,0.37206526,0.000279,0.00131
SMIM10L1,-0.15046166,0.000279,0.00131
FAM83H-AS1,0.25377355,0.000279,0.00131
MT1L,-0.45883765,0.000277,0.00131
FAF2,0.2698527,0.000187,0.00131
SLC25A28,-0.4853964,0.000186,0.00131
FAM241A,-0.16137519,0.000278,0.00131
RPL23P8,0.27025651,0.000278,0.00131
ZNF324,0.16642949,0.000278,0.00131
LINC02785,-0.45234151,0.000277,0.00131
CMC2,0.3834857,0.000188,0.00132
MECP2,-0.4313924,0.000188,0.00132
RASIP1,-0.24299415,0.000281,0.00132
PPIP5K1,0.13950835,0.00028,0.00132
NDUFAF1,0.433407,0.000189,0.00133
MAP7D2,0.41943401,0.000282,0.00133
CRYZL2P,0.19202043,0.000282,0.00133
TUG1,-0.2389332,0.00019,0.00133
LOC107984774,0.44953585,0.000282,0.00133
WDR87BP,0.39030002,0.000282,0.00133
NENF,0.3980012,0.00019,0.00133
VEGFA,-0.5571957,0.000191,0.00133
TXNRD2,-0.4518697,0.000191,0.00133
AAMDC,0.14695491,0.000284,0.00133
BRWD1,-0.3939444,0.00019,0.00133
ESRRA,-0.5502626,0.000189,0.00133
RTL5,-0.27316784,0.000282,0.00133
N4BP2L2-IT2,0.16422898,0.000286,0.00134
LCMT1,0.3227611,0.000192,0.00134
NMRAL2P,0.33643496,0.000286,0.00134
CERS6,0.18648665,0.000285,0.00134
PRR5,-0.26582853,0.000286,0.00134
SNORD110,-0.35156901,0.000288,0.00135
MIR6859-2,0.29680917,0.000288,0.00135
LINC02371,0.27717758,0.000287,0.00135
HYAL4,0.67439635,0.000288,0.00135
TTC41P,-0.34435989,0.000289,0.00135
MED31,0.16341658,0.000287,0.00135
ANAPC2,-0.7559175,0.000194,0.00135
LCE2C,0.3304838,0.000288,0.00135
LOC105375500,0.24538392,0.000288,0.00135
HIF1A-AS3,-0.2348432,0.000288,0.00135
UBAC1,0.14106711,0.000287,0.00135
KIZ-AS1,0.20815005,0.00029,0.00136
KRTDAP,0.34056844,0.00029,0.00136
TMEM165,-0.13722544,0.000291,0.00136
MTMR3,-0.7976234,0.000195,0.00136
SMURF1,-0.4870486,0.000196,0.00136
SSPN,0.26561222,0.000291,0.00136
HPS6,0.4383806,0.000196,0.00136
DOP1A,0.13299228,0.000291,0.00136
DMD,-0.4278844,0.000196,0.00136
STRN,0.12254787,0.00029,0.00136
LSP1P5,-0.33114581,0.000294,0.00137
DDX3X,-0.8795068,0.000198,0.00137
LOC101929479,0.2772975,0.000294,0.00137
TMEM154,0.24224044,0.000294,0.00137
ZDHHC11B,0.54833871,0.000293,0.00137
RHBDF1,0.20100737,0.000292,0.00137
GPN1,0.3643535,0.000199,0.00137
CLDN3,-1.7539877,0.000198,0.00137
ZBED4,0.3986548,0.000198,0.00137
COL1A2-AS1,-0.50467663,0.000294,0.00137
EXOSC10,0.08290186,0.000293,0.00137
RTN2,-0.4637433,0.000199,0.00137
S100A1,-1.1180792,0.000198,0.00137
DTX3,-1.3812394,0.000197,0.00137
ZNF185,0.21632899,0.000293,0.00137
SLC25A21-AS1,0.26894797,0.000294,0.00137
SLC7A8,-0.5438695,0.000201,0.00138
CX3CL1,-0.37046455,0.000296,0.00138
SUCLG1,0.2929839,0.0002,0.00138
FMR1,-0.2327971,0.0002,0.00138
SOX9,-0.9864962,0.0002,0.00138
MRPL58,0.3316471,0.000202,0.00138
MET,-0.4673457,0.000202,0.00138
DST,-0.46282,0.000201,0.00138
ZNF318,-0.3180936,0.0002,0.00138
GALR1,0.44492907,0.000297,0.00138
LRRC27,-0.14409031,0.000296,0.00138
COX14,-0.15362226,0.000297,0.00138
EIF2AK3,-0.327886,0.000202,0.00138
LINC01625,0.47816324,0.000296,0.00138
TKFC,-0.9312622,0.000204,0.00139
GTDC1,-0.11642234,0.000298,0.00139
CCDC73,0.12609675,0.000298,0.00139
PPM1A,0.5220937,0.000203,0.00139
FAM131A,0.3805145,0.000203,0.00139
ACOT9,-0.1558014,0.000298,0.00139
NDUFA10,0.10067508,0.000299,0.00139
R3HCC1,0.3159948,0.000203,0.00139
TM9SF2,-0.1724465,0.000203,0.00139
GPRASP3,0.13671086,0.0003,0.0014
PRKAR2B-AS1,-0.42395654,0.0003,0.0014
SWINGN,-0.57889499,0.000302,0.0014
POLA1,0.11669065,0.000302,0.0014
C11ORF42,0.1624722,0.0003,0.0014
HDAC1,-0.4444836,0.000207,0.00141
ABCC9,-0.27137246,0.000302,0.00141
TXLNA,-0.10245939,0.000303,0.00141
CSTPP1,0.15337559,0.000303,0.00141
GTPBP8,0.2923917,0.000207,0.00141
ZNF329,-0.09792535,0.000303,0.00141
LDLRAP1,0.3484668,0.000207,0.00142
FNDC4,-0.4537377,0.000306,0.00142
IRF1-AS1,-0.22194324,0.000306,0.00142
LPCAT4,-0.4988955,0.000208,0.00142
MRPL39,0.4247702,0.000208,0.00142
ZNF227,-0.4066596,0.000209,0.00142
ERCC2,0.19304347,0.000305,0.00142
SNX32,-0.16960594,0.000307,0.00143
LINC00670,-0.62636759,0.000308,0.00143
PAQR3,-0.5351972,0.00021,0.00143
PLXNC1,-0.20264868,0.000307,0.00143
TMC1,-0.44820166,0.000308,0.00143
CHD3,-0.15725224,0.000307,0.00143
PEBP4,0.6063375,0.000309,0.00143
MIOS-DT,0.29156794,0.000309,0.00143
MIR6809,-0.28947491,0.000309,0.00143
TATDN2,0.371431,0.000211,0.00143
POM121L10P,-0.26095609,0.000311,0.00144
GATM,0.26536362,0.000311,0.00144
RIOK3,-0.6073274,0.000212,0.00144
ZXDC,0.06826412,0.00031,0.00144
TUBGCP4,-0.4536961,0.000213,0.00144
ATN1,-0.6569725,0.000212,0.00144
FZD5,-0.2549556,0.00031,0.00144
DRAM2,-0.16150396,0.000311,0.00144
GALNT18,-0.18685461,0.00031,0.00144
FZD4-DT,-0.48316937,0.000312,0.00145
RGS2,0.28922887,0.000314,0.00145
KCNMA1-AS3,-0.4566485,0.000312,0.00145
PTK6,0.25463271,0.000313,0.00145
PPOX,0.16716964,0.000313,0.00145
SART3,0.3208325,0.000214,0.00145
LOC107985394,0.39053695,0.000314,0.00145
SALL4,-0.55908428,0.000312,0.00145
AR,-0.5412541,0.000213,0.00145
MIR3667HG,-0.45054863,0.000313,0.00145
AFTPH,0.1328766,0.000314,0.00145
ANKRD30A,-1.02041636,0.000313,0.00145
ELAVL4,0.48299434,0.000315,0.00146
DLX6-AS1,0.39812333,0.000316,0.00146
LOC105375919,0.27538449,0.000317,0.00146
NTF4,0.25479556,0.000316,0.00146
LOC105369801,-0.23328041,0.000317,0.00146
RTCA-AS1,0.26341978,0.000315,0.00146
LOC105375943,0.34520669,0.000315,0.00146
NUDT13,-0.5981084,0.000218,0.00147
NSL1,0.3880102,0.000218,0.00147
LINC02595,0.29922736,0.000321,0.00148
WDFY1,-0.10717999,0.00032,0.00148
LOC112268072,0.34462965,0.00032,0.00148
ABCA17P,0.35535962,0.00032,0.00148
IDH3A,-0.4441427,0.000221,0.00148
LOC112268025,-0.26324646,0.00032,0.00148
SIGLEC10,-0.52214166,0.000321,0.00148
ARFRP1,-1.0448999,0.00022,0.00148
EXOSC4,-0.2919109,0.000219,0.00148
ATL2,0.15856117,0.000321,0.00148
ABCF1,0.2369353,0.00022,0.00148
NPM1,0.5548103,0.000222,0.00149
LOC105372143,-0.44133629,0.000323,0.00149
TACC2,0.20725273,0.000323,0.00149
SDHD,-0.2508768,0.000222,0.00149
CDC50A,-0.4308363,0.000223,0.0015
ZNF84,0.10389776,0.000326,0.0015
EIF3H,0.3522807,0.000224,0.0015
YWHAB,0.2146319,0.000224,0.0015
KRT20,0.42470043,0.000326,0.0015
NELFCD,-0.2526769,0.000223,0.0015
NDUFS6,0.2544855,0.000225,0.0015
MED25,0.3507487,0.000223,0.0015
OSTN,0.82134873,0.000327,0.0015
NKPD1,0.29121877,0.000326,0.0015
VWC2L,0.5415709,0.000325,0.0015
FAS,-0.23995688,0.000326,0.0015
STK38L,-0.15019096,0.000325,0.0015
SPDYE18,0.19195737,0.000326,0.0015
VEPH1,0.3536041,0.000324,0.0015
SETX,0.4077582,0.000226,0.00151
CAPN15,-0.7346746,0.000227,0.00151
TRIM23,-0.5732718,0.000229,0.00152
CREM,-0.15158613,0.000331,0.00152
LOC105376078,0.35043192,0.000331,0.00152
SPATA7,0.14575851,0.000329,0.00152
PTCHD1-AS,0.41682922,0.000329,0.00152
TGM3,-0.6829878,0.000228,0.00152
SLC38A2,0.17836321,0.00033,0.00152
MARCHF7,-0.3850991,0.000229,0.00152
MPDU1,-0.4869916,0.000229,0.00152
LFNG,-1.7189351,0.000228,0.00152
SCARA3,-0.6522509,0.000229,0.00152
THOP1,-0.5077014,0.000228,0.00152
PANTR1,0.49966434,0.00033,0.00152
FAM209B,0.34967679,0.000331,0.00152
RNF7,0.1259547,0.000331,0.00152
ASAH1,-0.2647508,0.000228,0.00152
MKRN2,0.2746333,0.000228,0.00152
TLE6,-0.46781078,0.000331,0.00152
LOC105370994,-0.44854666,0.000332,0.00153
ZNF316,0.18920889,0.000333,0.00153
SNX30,-0.11824932,0.000334,0.00153
BAZ2A,-0.315233,0.000232,0.00153
SLURP1,0.38227335,0.000333,0.00153
HLA-G,-0.6007165,0.00023,0.00153
CAVIN1,-0.5086335,0.00023,0.00153
TRAPPC12,0.4453269,0.000232,0.00153
GDI1,-0.4138381,0.000231,0.00153
CA5B,-0.5790829,0.000232,0.00153
UBE2F,-0.13294662,0.000335,0.00154
PABPC4,-0.13858918,0.000336,0.00154
LOC105378967,-0.41177692,0.000334,0.00154
UNC13B,0.13447851,0.000334,0.00154
ROR1-AS1,-0.20842439,0.000335,0.00154
MAP7D1,0.2619558,0.000234,0.00154
VEGFB,-0.7496737,0.000232,0.00154
WASHC4,0.3205827,0.000233,0.00154
TAF13,0.5828389,0.000234,0.00154
RPS11,0.16613044,0.000335,0.00154
FADD,0.3367782,0.000234,0.00154
ODAD1,0.36166222,0.000336,0.00154
COMMD3,0.3934255,0.000235,0.00155
TPT1-AS1,0.16407046,0.000337,0.00155
PCDHGA11,0.13947772,0.000338,0.00155
CFAP53,0.28562366,0.000338,0.00155
SBSN,0.28320375,0.000339,0.00155
RACK1,0.1476554,0.000339,0.00155
LOC107985561,-0.42584939,0.000341,0.00156
IRF7,-0.34857824,0.000342,0.00156
LOC105371017,0.32099345,0.00034,0.00156
KLHL30,-0.48791265,0.000342,0.00156
LOC105369151,-0.26861543,0.00034,0.00156
HNRNPD,-0.346087,0.000237,0.00156
LOC107986718,0.35250988,0.000345,0.00157
LOC107985977,0.20126599,0.000345,0.00157
ARR3,0.17864559,0.000342,0.00157
LINC02736,0.53559045,0.000343,0.00157
GRXCR2,0.52369871,0.000342,0.00157
KLHL20,-0.4815761,0.000239,0.00157
NLRC5,-0.32201781,0.000345,0.00157
THPO,-0.40016877,0.000344,0.00157
ELMO2,-0.2944272,0.00024,0.00157
NTM-AS1,0.52902169,0.000343,0.00157
LOC105372107,-0.2676757,0.000342,0.00157
HS3ST2,-0.6992861,0.000238,0.00157
UEVLD,-0.4435297,0.00024,0.00157
SNX3,0.2082416,0.000239,0.00157
PPA2,0.3165045,0.000239,0.00157
KDM4B,0.4391365,0.00024,0.00157
UFC1,0.3182938,0.000238,0.00157
ARIH2,-0.3094244,0.000242,0.00158
MRPL57,0.3894922,0.000243,0.00158
CDK2,-0.4629301,0.000243,0.00158
ACD,-0.3794267,0.000241,0.00158
MYO10,0.5491613,0.000241,0.00158
HCG27,0.30952757,0.000346,0.00158
GMNN,0.26121588,0.000349,0.00159
IRF5,-1.3676988,0.000244,0.00159
SIRT7,-0.2910561,0.000245,0.00159
AHSA1,0.2857583,0.000245,0.00159
LOC105377297,0.53096553,0.000348,0.00159
LINC00189,-0.53323604,0.000347,0.00159
MPIG6B,0.2699891,0.000347,0.00159
SAE1,-0.10027827,0.000348,0.00159
HNRNPAB,0.2765388,0.000244,0.00159
LOC105372235,0.45380571,0.000348,0.00159
SLC38A4-AS1,0.26277113,0.000351,0.0016
ZNF576,-0.228431,0.000246,0.0016
XCL1,-0.59630569,0.00035,0.0016
PTGFR,0.4510474,0.000352,0.0016
CACNA1I,-1.5441471,0.000245,0.0016
CBX8,-0.2195472,0.00035,0.0016
MTMR4,0.10844957,0.00035,0.0016
HEATR6-DT,0.31741197,0.000352,0.0016
CWF19L1,-0.3731688,0.000248,0.00161
LOC105373567,0.36171528,0.000353,0.00161
BDNF,0.22780242,0.000354,0.00161
PI4KB,-0.2754154,0.000248,0.00161
CABYR,-0.16156875,0.000353,0.00161
LOC101928816,-0.31653136,0.000353,0.00161
PLEK2,0.20511757,0.000356,0.00162
PLSCR3,-0.26686125,0.000356,0.00162
GINS2,0.6823715,0.000249,0.00162
RPL18A,0.1424384,0.000355,0.00162
PPP3CC,-0.10797134,0.000355,0.00162
MAFF,0.4264268,0.00025,0.00162
ZDHHC14,-0.19887327,0.000355,0.00162
C5ORF67,0.57862043,0.000358,0.00163
POU2F3,0.28607823,0.000358,0.00163
C17ORF78,0.2059647,0.000359,0.00163
KLRB1,-0.37794368,0.000362,0.00164
TTN,-0.7330599,0.000253,0.00164
LOC105378345,-0.41108202,0.000362,0.00164
NOSTRIN,-0.27510404,0.000362,0.00165
CLDND2,-0.41384459,0.000364,0.00165
IQGAP3,-0.28179949,0.000363,0.00165
DNAAF3-AS1,0.50199711,0.000363,0.00165
SVIP,0.21517878,0.000364,0.00165
SYT9-AS1,0.29765947,0.000363,0.00165
CCNP,1.0904343,0.000255,0.00165
ATP6AP2,-0.3587274,0.000257,0.00166
EBAG9,0.2490036,0.000257,0.00166
YKT6,-0.5375208,0.000257,0.00166
GUK1,0.2210204,0.000257,0.00166
LOC105371579,-0.39616836,0.000365,0.00166
SH2B2,-0.4475303,0.000256,0.00166
ARHGAP42,-0.13762201,0.000369,0.00167
TYRO3,0.22843268,0.000368,0.00167
LOC105378116,-0.43606056,0.000368,0.00167
LOC105371761,0.54066651,0.000369,0.00167
KPNA7,-0.42109819,0.000371,0.00168
ENTPD7,-0.145978,0.000369,0.00168
NGEF,0.31021013,0.000371,0.00168
SLC24A5,0.38147727,0.000371,0.00168
LOC107985282,0.37839377,0.000371,0.00168
TBX1,-1.302724,0.00026,0.00168
LYPLA1,0.19749353,0.000375,0.00169
PQBP1,0.10245983,0.000373,0.00169
LAGE3,0.3076982,0.000261,0.00169
GRIK3,-0.44342993,0.000372,0.00169
ATP6V1E1,0.255407,0.000263,0.00169
RHOB,-0.882396,0.000263,0.00169
RNASET2,-0.1780532,0.000374,0.00169
ABRAXAS2,0.2254307,0.000261,0.00169
CCDC14,0.13759248,0.000373,0.00169
NR2F2-AS1,-0.31061626,0.000374,0.00169
LSM10,-0.16201667,0.000374,0.00169
DPY19L1P2,-0.34138468,0.000376,0.0017
EEF2KMT,-0.14378523,0.000375,0.0017
STX4,0.3300268,0.000265,0.0017
SIN3B,-0.4070975,0.000264,0.0017
EIF3M,0.11649952,0.000375,0.0017
TMED7,-0.5261095,0.000264,0.0017
ESR2,-1.0694063,0.000264,0.0017
MED18,0.6989898,0.000266,0.00171
MIS12,0.3002326,0.000267,0.00171
LOC105374317,0.42499454,0.000377,0.00171
OPTN,0.2885819,0.000267,0.00171
RCAN2,-0.7246208,0.000267,0.00171
SIGLEC6,-0.5696468,0.000266,0.00171
LOC107985302,0.24281102,0.000379,0.00171
SRGAP2D,0.22745065,0.000381,0.00172
ATF2,-0.5328761,0.000269,0.00172
IQSEC3,-0.64359818,0.000381,0.00172
CWH43,0.21645304,0.000381,0.00172
CFLAR,-0.3846484,0.000269,0.00172
LOC105373628,-0.57827796,0.000383,0.00173
B9D2,0.6821428,0.000271,0.00173
LOC101929109,-0.38956214,0.000384,0.00173
LOC107986163,-0.36727658,0.000383,0.00173
PRMT5-DT,0.302978,0.000383,0.00173
ACADSB,-0.7128364,0.000272,0.00173
EZR-AS1,0.24318736,0.000387,0.00174
WFDC5,0.3106563,0.000386,0.00174
LOC105378781,0.15699988,0.000386,0.00174
RDH12,0.25829066,0.000385,0.00174
DMRT2,-0.69754598,0.000388,0.00175
ATP5F1B,-0.2501208,0.000275,0.00175
DLX6,-1.7724311,0.000276,0.00175
ARHGAP17,0.2635912,0.000275,0.00175
TP53AIP1,0.23290532,0.000388,0.00175
PKDREJ,0.29890399,0.000388,0.00175
PIGM,0.09084843,0.000388,0.00175
SNORA49,0.2044419,0.000387,0.00175
LOC105369890,0.48217884,0.00039,0.00175
ASH1L,0.0709313,0.00039,0.00175
SLC25A15,0.3677579,0.000276,0.00176
STAP2,0.22160864,0.000391,0.00176
RABEP2,-0.2539835,0.000277,0.00176
SLC38A6,-0.16747396,0.000392,0.00176
SEMA3F-AS1,0.09798662,0.000392,0.00176
OSGEPL1,-0.6238858,0.00028,0.00177
CCDC47,0.2586511,0.000278,0.00177
ALG10,0.12072022,0.000394,0.00177
LOC107986470,-0.36623916,0.000393,0.00177
LINC02175,0.25629037,0.000396,0.00178
SLC3A2,-0.5018103,0.000281,0.00178
STT3B,-0.10236004,0.000395,0.00178
BTBD1,-0.1190074,0.000397,0.00178
ANKRD11,0.4167363,0.000281,0.00178
INPP5A,0.12310533,0.000396,0.00178
MTRR,-0.2893661,0.000281,0.00178
BATF,-0.38062695,0.000396,0.00178
DTNBP1,-0.15720856,0.000398,0.00179
LINC02754,0.27299934,0.000401,0.0018
MAPK14,-0.4357669,0.000284,0.0018
ANKRD13A,0.12430221,0.000401,0.0018
FZD3,-0.7577928,0.000286,0.00181
KMT2D,-1.5206881,0.000286,0.00181
CDCA4,-0.3675412,0.000285,0.00181
LOC105376476,0.71091539,0.000404,0.00181
ZNF654,0.618359,0.000287,0.00181
PPP1R3B-DT,0.47795629,0.000402,0.00181
KCTD2,0.2348359,0.000287,0.00181
ZNF394,0.07172109,0.000405,0.00182
SFRP1,-0.47761602,0.000405,0.00182
MTM1,-0.4642757,0.000289,0.00182
SERPINB5,0.28452125,0.000405,0.00182
CUL3,0.1039633,0.000405,0.00182
TNS1,-0.4655169,0.000292,0.00183
ZNF821,-0.4188334,0.000292,0.00183
KDELR1,-0.783186,0.000291,0.00183
LOC105372814,-0.30729854,0.000407,0.00183
ADAMTS8,-0.44289102,0.000409,0.00183
RPIA,0.32581,0.00029,0.00183
LOC101927521,0.47064053,0.00041,0.00184
LOC101927325,0.33968236,0.000411,0.00184
IL12A-AS1,1.26947455,0.00041,0.00184
BACE1,-0.12435938,0.00041,0.00184
LIPH,0.38611655,0.000411,0.00184
NLGN3,-0.23869613,0.000412,0.00185
CLSTN2-AS1,-0.50027967,0.000412,0.00185
ZNF542P,-0.15226357,0.000413,0.00185
ZBTB46,-0.27507714,0.000414,0.00185
EGR3,0.29116335,0.000416,0.00186
LOC105373618,-0.29983376,0.000416,0.00186
NT5C1B,0.18425469,0.000417,0.00186
LOC101927788,0.19144554,0.000415,0.00186
LOC102723690,0.43848358,0.000415,0.00186
WRN,0.14370748,0.000415,0.00186
LOC388436,-0.49097175,0.00042,0.00187
FAM25A,0.37880521,0.000417,0.00187
BEAN1,-0.907373,0.000299,0.00187
DSN1,0.12972529,0.000418,0.00187
DUSP11,0.12927763,0.000417,0.00187
ANO7L1,0.21354526,0.000418,0.00187
ARF5,0.2892409,0.000299,0.00187
CNNM2,-0.4372535,0.000298,0.00187
PLK2,0.17177952,0.000419,0.00187
HEATR6,0.3781093,0.000299,0.00187
PAQR4,0.3714009,0.000298,0.00187
GAS5,0.19369507,0.000419,0.00187
TMEM246-AS1,0.29730707,0.000419,0.00187
ANKRD65,-0.37622984,0.000419,0.00187
NCBP3,0.05843466,0.000421,0.00188
CFH,-0.7877645,0.000301,0.00188
LINC00612,-0.32130809,0.000421,0.00188
ZFYVE9,-0.5324906,0.000301,0.00188
NELFA,0.2775192,0.000301,0.00188
LRRC17,-0.5687235,0.000302,0.00189
KBTBD3,0.18368651,0.000424,0.00189
ZER1,-0.5639894,0.000306,0.0019
SHARPIN,-1.0503913,0.000305,0.0019
NALCN-AS1,-0.43612847,0.000426,0.0019
NCAM1,-0.7729172,0.000306,0.0019
LOC100630923,0.1081479,0.000426,0.0019
GALNT2,-0.4264542,0.000306,0.0019
FBXW2,-0.2221166,0.000307,0.00191
SNAI1,-1.579116,0.000308,0.00191
LOC100506281,-0.33978751,0.000431,0.00192
KIAA1143,0.11003995,0.000431,0.00192
RNF41,-0.4598161,0.00031,0.00192
LOC100506289,0.56168532,0.00043,0.00192
LOC105377929,0.2791729,0.00043,0.00192
UBASH3A,-0.59340147,0.000431,0.00192
LINC03013,0.3924992,0.000431,0.00192
UFL1-AS1,0.22143516,0.000433,0.00193
B4GALT4,0.15079957,0.000433,0.00193
TEX52,0.24994781,0.000432,0.00193
SPRED2,-0.17336188,0.000433,0.00193
SYNJ2,-0.18598684,0.000434,0.00193
HSPA1A,0.433962,0.00031,0.00193
BRCA2,-0.21618593,0.000437,0.00194
ESAM-AS1,-0.25514189,0.000436,0.00194
KRT5,-0.386126,0.000313,0.00194
KIAA0586,0.3393335,0.000313,0.00194
CXXC1,-0.3464171,0.000312,0.00194
ID2-AS1,0.23820237,0.000435,0.00194
LOC105371622,0.15093659,0.000437,0.00194
BANP,0.5475435,0.000316,0.00195
RIOX2,0.13003658,0.000439,0.00195
LINC02328,-0.5069401,0.00044,0.00195
ZNHIT3,0.10859527,0.000438,0.00195
MYO18A,0.17583642,0.000438,0.00195
CELF4,0.26913269,0.000442,0.00196
LINC01806,0.31082366,0.000442,0.00196
LOC107984718,0.14421141,0.000441,0.00196
FRMD8,-2.5059775,0.000316,0.00196
BRME1,0.22539671,0.00044,0.00196
IPO13,-0.4375262,0.000319,0.00197
LOC112268121,0.28425914,0.000445,0.00197
STARD9,0.1826038,0.000444,0.00197
PNOC,-0.5387825,0.000445,0.00197
ZNF562,0.6863142,0.000319,0.00197
NDST2,-0.2579114,0.000318,0.00197
CTR9,-0.2605522,0.000319,0.00197
SLC67A1-AS,-1.3710732,0.000319,0.00197
IDS2,0.22364203,0.000445,0.00197
ATAD5,0.13511913,0.000443,0.00197
LCE3E,-0.81469385,0.000445,0.00197
YTHDF1,0.2243545,0.000321,0.00198
GRK5-IT1,-0.22366205,0.000447,0.00198
MAT2B,0.2318359,0.000321,0.00198
MCOLN1,-0.4076037,0.000322,0.00198
USP22,-0.12004651,0.000446,0.00198
SIRT6,-0.3814015,0.000321,0.00198
NFAT5,0.11522175,0.000446,0.00198
LOC107985147,-0.28372986,0.000449,0.00199
SLC29A4,-0.47591679,0.00045,0.00199
BPHL,0.356741,0.000324,0.00199
ABHD4,-0.19010757,0.000449,0.00199
UBE2E2,-0.13484673,0.000448,0.00199
LOC101929444,-0.36099742,0.000451,0.00199
RAB27A,-0.13116855,0.000448,0.00199
ERCC6,0.12475684,0.00045,0.00199
LOC100996506,0.24823507,0.000453,0.002
LOC105375610,-0.82312256,0.000451,0.002
TEAD3,-0.333957,0.000325,0.002
CLP1,0.2353933,0.000326,0.002
RAB7A,-0.2076929,0.000327,0.002
LOC105378807,-0.41889241,0.000451,0.002
PSORS1C1,0.37544642,0.000452,0.002
RGS1,-0.6381429,0.000453,0.002
CHRNE,-1.0882119,0.000326,0.002
ERBB2,0.19287942,0.000456,0.00201
SOWAHA,0.4906218,0.000455,0.00201
STOML1,-0.2014031,0.000455,0.00201
ZBTB10,-0.17474417,0.000456,0.00201
UBAC2-AS1,0.24213907,0.000454,0.00201
NUBP1,0.2461192,0.000331,0.00202
CPSF1,-0.3967487,0.00033,0.00202
RPL13AP20,0.18363753,0.000459,0.00202
BBS5,0.145437,0.000456,0.00202
ARMH4,0.19850526,0.000459,0.00202
TBATA,0.47766052,0.000459,0.00202
LOC107984192,0.27118467,0.000457,0.00202
RPL29,0.17328429,0.000459,0.00202
KATNB1,-0.240651,0.000331,0.00202
SLC39A9,-0.8924727,0.000331,0.00202
GOLGA3,0.3976644,0.000329,0.00202
FSD2,0.12466725,0.000458,0.00202
TDRD9,-0.78109041,0.000457,0.00202
TSGA10,0.21267981,0.000459,0.00202
NINJ2-AS1,0.24122015,0.000457,0.00202
LOC107986708,0.30335413,0.000457,0.00202
MINDY3,-0.4885711,0.000331,0.00202
MRGBP,-0.566319,0.000329,0.00202
FNBP1,0.3536226,0.00033,0.00202
MTARC1,-0.562228,0.000456,0.00202
LOC105377394,-0.27250608,0.000456,0.00202
SLC26A4-AS1,-0.5905789,0.000462,0.00203
PPDPF,-0.5470663,0.000333,0.00203
TMEM39B,-0.12149396,0.000461,0.00203
AQP4,-1.5336025,0.000333,0.00203
LOC102724775,-0.40915565,0.000461,0.00203
KRCC1,0.17470488,0.000462,0.00203
SCN1A,1.12649444,0.000464,0.00204
IP6K2,0.12160488,0.000463,0.00204
LOC105378085,-0.47869103,0.000464,0.00204
PANX1,0.4275232,0.000336,0.00204
GNA15,0.4200443,0.000334,0.00204
PYGM,-1.9648498,0.000336,0.00204
QTMAN,0.3210183,0.000336,0.00204
LOC102724057,0.22563291,0.000464,0.00204
EXOSC2,-0.3301418,0.000336,0.00204
NSMCE4A,0.08918392,0.000462,0.00204
SKP2,-0.6452592,0.000338,0.00205
ANP32B,0.2369928,0.000338,0.00205
LOC105378764,0.47114833,0.000465,0.00205
MEIS3,-0.38627749,0.000467,0.00205
PSMA6,0.3926047,0.000337,0.00205
MIR1244-1,0.12679864,0.000465,0.00205
LOC105377871,0.38990894,0.000465,0.00205
SPATS2,0.10915282,0.000467,0.00205
LOC107985189,-0.16917182,0.000468,0.00206
FAM25C,0.41599918,0.000468,0.00206
LOC643327,0.21619406,0.00047,0.00206
PHIP,0.10029416,0.000468,0.00206
F8A1,-0.26605087,0.00047,0.00206
ZFAND4,0.12840622,0.00047,0.00206
CD3D,-0.63981003,0.000468,0.00206
SPNS3,-0.38076276,0.000469,0.00206
LIPC-AS1,0.49019825,0.000473,0.00207
TAAR2,-1.9997928,0.000342,0.00207
RPL7A,0.15095761,0.000471,0.00207
CRHR1,-1.3870042,0.000343,0.00207
NDC80,-0.29092323,0.000472,0.00207
FAM216A,0.257019,0.000341,0.00207
SNORD113-3,-0.49292797,0.00047,0.00207
NFKB2,-0.26421205,0.000474,0.00208
SGCB,-0.14395818,0.000474,0.00208
ACADVL,-0.4613869,0.000345,0.00208
SSB,0.2487597,0.000343,0.00208
LRRC77P,-0.4990488,0.000477,0.00209
SLC16A9,-0.49537402,0.000478,0.00209
PROM2,0.21712638,0.000476,0.00209
TRIM38,-0.13004513,0.000477,0.00209
LOC100507547,0.20412089,0.000479,0.0021
SP3,0.10306451,0.00048,0.0021
RNF220,-0.2860801,0.000349,0.0021
SCRN1,-0.15121063,0.000481,0.00211
ANPEP,-0.6650081,0.00035,0.00211
TRABD,-1.8160954,0.00035,0.00211
LCTL,-0.24295087,0.000482,0.00211
FAM88D,0.2979953,0.000482,0.00211
LOC105371871,0.29399581,0.000485,0.00212
APLF,0.14751866,0.000483,0.00212
DDX5,-0.11892111,0.000484,0.00212
ATP6AP1,-0.11053258,0.000483,0.00212
RNF215,-0.2014142,0.000484,0.00212
CARS1,0.2815099,0.000353,0.00212
SLC35G2,-0.17599857,0.000486,0.00213
CTSK,-0.33216133,0.000487,0.00213
MTA1-DT,-0.42223639,0.000488,0.00213
TSPAN11,-0.3220317,0.00049,0.00214
SFSWAP,0.07255309,0.00049,0.00214
CFAP46,0.46504907,0.000489,0.00214
TAGLN2,-0.9349774,0.000357,0.00215
ATP2A1,0.23831717,0.000492,0.00215
ZFAT-AS1,-0.2422316,0.000492,0.00215
LOC107984643,0.12934558,0.000491,0.00215
CD226,-0.36334021,0.000491,0.00215
ROR2,-0.27630657,0.000493,0.00215
KDM5C,-0.5349676,0.000359,0.00215
VPS37C,0.2906645,0.000357,0.00215
HSDL1,0.11022409,0.000494,0.00216
LINC01730,-0.43356761,0.000494,0.00216
TRMT1,-0.5965895,0.000359,0.00216
LOC112268076,0.26688561,0.000494,0.00216
HEY1,0.3885737,0.00036,0.00216
HNRNPR,0.2215534,0.000362,0.00217
WDR7,0.3571405,0.000363,0.00217
RBBP8NL,0.32620573,0.000497,0.00217
MRE11,0.135671,0.000497,0.00217
MTHFD2,0.5002104,0.000364,0.00218
PSMB1,0.2025755,0.000365,0.00218
CD81,-0.303025,0.000365,0.00218
DNAJC28,0.20418458,0.0005,0.00218
C1QTNF1,-0.34836441,0.000501,0.00218
FLYWCH2,-0.1478683,0.0005,0.00218
AKAP1,-0.2881962,0.000367,0.00219
CREB3,-0.11094057,0.000503,0.00219
SLAMF1,-0.53949049,0.000502,0.00219
WFDC1,0.6150956,0.000367,0.00219
SNRNP200,-0.2466197,0.000369,0.0022
DACT3,-0.36834239,0.000505,0.0022
TCEAL2,0.52501073,0.000506,0.0022
PALB2,0.3900612,0.00037,0.0022
RUFY1,0.2998389,0.000368,0.0022
CLEC11A,-0.28942781,0.000505,0.0022
TOMM22,-0.7932713,0.00037,0.00221
LINC02340,0.39422568,0.000507,0.00221
AKAP10,-0.08157609,0.000507,0.00221
TMED10,-0.0818787,0.000509,0.00221
AMMECR1L,-0.06751856,0.000509,0.00222
SEC24A,-0.11268514,0.00051,0.00222
FRK,0.17249658,0.00051,0.00222
QDPR,-0.193206,0.000513,0.00223
ARL3,0.11711728,0.000514,0.00223
HLA-DOA,-0.4019801,0.000513,0.00223
LOC105370672,0.53133117,0.000513,0.00223
MINDY4,-0.15230653,0.000512,0.00223
MALT1,0.14702583,0.000512,0.00223
EIF2B5,0.08235136,0.000515,0.00224
PRDM4,0.3116188,0.000377,0.00224
OR1A2,-1.2335785,0.000377,0.00224
GNA14,-0.26100044,0.000517,0.00224
GRINA,-0.6602037,0.000377,0.00224
LUC7L3,0.13391368,0.000518,0.00225
KCNK7,0.28624268,0.000518,0.00225
CD8A,-0.62945252,0.000518,0.00225
DPY30,0.14900034,0.000522,0.00226
LOC107986633,-0.22475414,0.000521,0.00226
RIPOR1,-0.34375554,0.000522,0.00226
LOC112267904,0.31542817,0.000521,0.00226
CAAP1,0.11400274,0.000522,0.00226
LOC107984832,-0.30814395,0.000523,0.00227
DENND1A,-0.1296654,0.000523,0.00227
CD99L2,-0.17690639,0.000524,0.00227
MAGIX,0.17724638,0.000527,0.00228
DCLRE1B,-0.14800621,0.000526,0.00228
TARDBP,0.08434454,0.000526,0.00228
INTS11,-0.5266831,0.000383,0.00228
RAD51-AS1,0.14958845,0.000528,0.00228
THBS3,-0.18723592,0.000526,0.00228
FCN3,-0.4688829,0.000527,0.00228
CDR2L,-0.34923332,0.000526,0.00228
DIRAS3,-1.0532488,0.000384,0.00228
RAB11B,-0.6378023,0.000385,0.00228
PRPH2,-0.17610048,0.000525,0.00228
NIPBL-DT,0.17506401,0.000531,0.00229
LOC105378533,-0.48616046,0.000529,0.00229
TRIB1,0.3764234,0.000386,0.00229
PCDHB10,0.2836198,0.00053,0.00229
CAMLG,0.0993556,0.000528,0.00229
EDARADD,0.22614719,0.000529,0.00229
FUT8,-0.15675457,0.000528,0.00229
GPR155,0.18859211,0.000528,0.00229
AURKAIP1,0.2401888,0.000389,0.0023
TTF2,-0.4226649,0.000389,0.0023
LINC01703,0.33113937,0.000531,0.0023
SDCBP2,0.24164458,0.000532,0.0023
SEC23IP,-0.08356782,0.000533,0.0023
ARMCX5,0.11162625,0.000533,0.0023
ETS2,-0.23275122,0.000536,0.00231
PRORP,0.2950153,0.000392,0.00231
RNF39,-0.6615342,0.000394,0.00232
HDAC7,-0.6370295,0.000392,0.00232
SNORA55,-0.29175346,0.000537,0.00232
RWDD1,0.361467,0.000395,0.00232
ZNF107,-0.4260593,0.000397,0.00233
LINC01189,0.42322277,0.000539,0.00233
WASF1,-0.4856756,0.000396,0.00233
GTF2A1,1.8650558,0.000398,0.00234
DCP1A,-0.3010722,0.0004,0.00234
ZNG1B,0.14750329,0.000543,0.00234
LINC01354,-0.44080547,0.000543,0.00234
NKIRAS2,0.2237203,0.000399,0.00234
PYM1,0.1348528,0.000542,0.00234
NEURL2,-0.38821874,0.000544,0.00235
ABCB7,0.11731465,0.000545,0.00235
SAT1,-0.1965996,0.000546,0.00235
INTS6L,0.11269939,0.000546,0.00235
LGALS4,-1.3224467,0.000401,0.00235
SEC24B,0.08741343,0.000544,0.00235
TG,0.49621549,0.000545,0.00235
MAPK8IP1,-1.4550334,0.000403,0.00236
MRPL22,0.3271726,0.000403,0.00236
YWHAZ,-0.3119566,0.000405,0.00236
CEP250,-0.5014384,0.000404,0.00236
HOMER3,-0.4921379,0.000404,0.00236
PAPPA2,0.52487779,0.000548,0.00236
MGAT4C,-2.1558147,0.000403,0.00236
LOC105373244,0.30125693,0.000548,0.00236
FBXO25,0.09578033,0.000548,0.00236
MBOAT2,0.24560697,0.000551,0.00237
WDFY3,-0.2423121,0.000406,0.00237
MX1,-0.76811886,0.000551,0.00237
SH3PXD2A,-0.5305014,0.000408,0.00238
LOC105378939,-0.52009263,0.000553,0.00238
SACS,-0.4895101,0.000409,0.00238
MTMR11,0.15859953,0.000554,0.00238
SERF2-C15ORF63,-0.12520688,0.000552,0.00238
LOC105377847,0.36507486,0.000554,0.00238
LYSMD4,0.13847954,0.000553,0.00238
SNORD8,0.24960476,0.000554,0.00238
HERC1,-0.3526181,0.000408,0.00238
SPINK1,0.50282532,0.000554,0.00238
UPF2,0.09692738,0.000555,0.00239
RPGRIP1L,-0.5289705,0.000412,0.00239
MEF2A,0.14042112,0.000555,0.00239
GRAMD1C,0.20642221,0.000555,0.00239
ECI1,-0.4448383,0.000412,0.00239
ADIRF,-0.5897671,0.000411,0.00239
CLDN5,-0.41377191,0.00056,0.0024
LCK,-0.5350896,0.000558,0.0024
SYDE2,0.18634893,0.000559,0.0024
CASP6,0.11932606,0.000558,0.0024
LOC101927692,-0.43310867,0.000562,0.00241
NOP14,0.2637649,0.000416,0.00241
PARL,0.250352,0.000414,0.00241
MERTK,-0.7171278,0.000416,0.00241
PSMB2,0.2835481,0.000416,0.00241
CBY1,0.3657828,0.000416,0.00241
NCKAP5L,-0.27293544,0.000562,0.00241
LOC105378779,-0.37725406,0.000563,0.00242
TWF2,-0.1577342,0.000566,0.00243
C13ORF46,-0.38252342,0.000565,0.00243
ZBED3,-0.26638988,0.000565,0.00243
SNORD167,0.27740207,0.00057,0.00244
FMNL1,-0.32289814,0.00057,0.00244
LOC105374854,0.49508975,0.000568,0.00244
SLC41A2,-0.26308617,0.000568,0.00244
GP1BB,0.33164961,0.00057,0.00244
CAPS2,0.20924623,0.00057,0.00244
LILRA2,-0.43814722,0.000569,0.00244
KIFC2,0.27449426,0.00057,0.00244
POU2F1,0.11398368,0.000568,0.00244
COMT,-0.14568658,0.000568,0.00244
LANCL1,0.10675106,0.000568,0.00244
PRSS36,-0.28074819,0.000573,0.00245
ZNF468,-0.4177609,0.000424,0.00245
ZNF665,-0.5881968,0.000425,0.00245
KAT8,-0.3795074,0.000423,0.00245
MBIP,-0.3032003,0.000422,0.00245
PAXIP1,0.3388586,0.000423,0.00245
CREG1,-0.5243982,0.000424,0.00245
MIR3609,0.24710367,0.000574,0.00246
SNHG32,0.2514568,0.000426,0.00246
SKIC8,0.11230089,0.000574,0.00246
HDLBP,-0.0925477,0.000575,0.00246
SOS1,-0.09972548,0.000575,0.00246
DNAAF5,0.2857993,0.000426,0.00246
SEMA3E,-0.904209,0.000429,0.00247
TKT,-0.702885,0.000428,0.00247
TFAP2E,0.18352182,0.000578,0.00247
RAB3IL1,-0.4093985,0.000577,0.00247
HINT1,0.3170182,0.000427,0.00247
WNT7B,0.41471141,0.00058,0.00248
RASSF3,-0.20521829,0.000579,0.00248
ATP2A2,-0.3108745,0.000432,0.00249
TMOD1,-0.5229139,0.000433,0.00249
CUL5,0.10105678,0.000584,0.00249
TPTEP2-CSNK1E,0.16236183,0.000581,0.00249
HMGA2,-0.61814986,0.000582,0.00249
GOLGB1,-0.2547489,0.000433,0.00249
DUSP26,1.7603296,0.000436,0.0025
IRF2,-0.10608174,0.000586,0.0025
LOC105375614,-0.62718843,0.000585,0.0025
SPX,-1.5782488,0.000436,0.0025
MORF4L2,-0.1201872,0.000586,0.0025
ZPR1,0.2480577,0.000438,0.00251
SMARCAL1,0.3961883,0.000439,0.00252
POFUT1,-0.08711263,0.000591,0.00252
EIF4G3,0.3977829,0.000441,0.00252
GAMT,-1.2307993,0.00044,0.00252
ATP6V1H,0.3141934,0.00044,0.00252
CRB3,0.21488883,0.000591,0.00252
MCM3AP,-0.3652857,0.000441,0.00252
PPP4R2,1.2211014,0.00044,0.00252
DHX16,-0.3637152,0.000439,0.00252
IPO9-AS1,-0.17004461,0.000593,0.00253
ICE2,-0.2049167,0.000442,0.00253
PEX16,-0.6066623,0.000443,0.00253
PTN,-0.37874314,0.000592,0.00253
SET,0.265553,0.000445,0.00254
ETFRF1,0.19129578,0.000596,0.00254
FKBP5,-2.6772158,0.000445,0.00254
PPP2R1B,-0.17145869,0.000596,0.00254
EDRF1,-0.3525321,0.000446,0.00254
SPINDOC,-0.24536472,0.000594,0.00254
TERF2,-0.380886,0.000444,0.00254
TRIM73,0.26810821,0.000597,0.00255
MARCHF1,-0.18651721,0.000599,0.00255
NTRK3,-0.8273734,0.000449,0.00255
LMLN,0.12420121,0.000599,0.00255
LSM14B,0.10830775,0.000601,0.00256
SLC6A16,-0.7425359,0.000451,0.00256
HNRNPH3,-0.2661842,0.000451,0.00256
RELA,-0.2825257,0.000449,0.00256
TPR,0.4507619,0.00045,0.00256
FGF14-AS1,0.4276756,0.000599,0.00256
RABGGTA,-0.5383714,0.00045,0.00256
GZMM,-0.55552255,0.000601,0.00256
CDIN1,0.16704871,0.000603,0.00257
UGT3A2,0.6932665,0.000603,0.00257
PSMB5,0.2381117,0.000453,0.00257
GCGR,-1.3866535,0.000453,0.00257
CCND2,0.4201623,0.000452,0.00257
ZC3HC1,-0.09712686,0.000606,0.00258
LINC01159,0.46210832,0.000605,0.00258
FEM1B,-0.2712578,0.000455,0.00258
PLCD1,-0.3739184,0.000456,0.00258
NAA50,-0.4983671,0.000456,0.00258
SLC7A9,-1.4303367,0.000459,0.00259
LOC100507412,-0.41010643,0.00061,0.00259
PCDHGB7,0.13199942,0.00061,0.00259
ANO4,-0.52143436,0.00061,0.00259
LOC105374925,-0.27829396,0.000608,0.00259
LOC107986279,0.66372556,0.00061,0.00259
LBX2,-0.35363137,0.00061,0.00259
CENPP,0.17181179,0.000609,0.00259
GARNL3,0.13122764,0.00061,0.00259
UXS1,-0.10092476,0.000613,0.0026
SYTL1,0.22015358,0.000611,0.0026
MEAK7,0.346817,0.000461,0.0026
SIRT5,0.11274538,0.000613,0.0026
DNAJC11,-0.2744068,0.000461,0.0026
RPGRIP1,-0.2546978,0.000612,0.0026
BTRC,0.11041843,0.000616,0.00262
FAM135A,0.17810789,0.000618,0.00262
LIM2,-1.6533285,0.000467,0.00263
ALAD,-0.5261762,0.000467,0.00263
CIDEB,-0.4986923,0.000467,0.00263
PKD1,-0.5955869,0.000466,0.00263
PEX3,0.20328294,0.000621,0.00264
SOS2,-0.5793985,0.000469,0.00264
SGSM1,0.42943733,0.000621,0.00264
CP,-0.7045324,0.000472,0.00265
CST7,-0.39317956,0.000626,0.00265
TMEM256-PLSCR3,-0.19022687,0.000625,0.00265
MCHR1,-1.755487,0.000472,0.00265
ANKRD36,0.15970798,0.000623,0.00265
NIPAL3,0.7045955,0.000472,0.00265
ZNF574,-0.5858888,0.000471,0.00265
RRP8,0.08583348,0.000627,0.00266
BCKDK,-0.2364389,0.000474,0.00266
LOC107987206,-0.18165636,0.000628,0.00266
PCDHA10,-1.7958579,0.000473,0.00266
DEFB1,0.3650455,0.000628,0.00266
RN7SL1,-0.18165843,0.000628,0.00266
GALNT12,-0.4878486,0.000478,0.00267
GALK1,-1.2693017,0.000475,0.00267
TBC1D14,-0.08541823,0.00063,0.00267
LAG3,-0.43273572,0.000629,0.00267
FAM162A,0.423339,0.000478,0.00267
CKB,0.2673501,0.000629,0.00267
SNORA37,0.20204512,0.00063,0.00267
MKRN1,0.10111406,0.00063,0.00267
MUTYH,0.4269801,0.000478,0.00267
ZNF682,-0.7252493,0.000479,0.00268
POLR2I,0.14281884,0.000633,0.00268
RYR3,-0.8629498,0.000478,0.00268
THBS3-AS1,-0.19852175,0.000634,0.00268
GLYCTK-AS1,-0.33131647,0.000635,0.00269
LINC00548,-0.45950742,0.000635,0.00269
RPAP3-DT,0.23855225,0.000635,0.00269
LRRC49,0.16443382,0.000634,0.00269
CLPB,-0.12377995,0.000635,0.00269
LOC107985012,-0.15405235,0.000635,0.00269
MAPK1,0.0807255,0.000637,0.00269
MLXIPL,-0.72058959,0.000635,0.00269
MROH5,-0.50050029,0.000635,0.00269
AP1G2,-0.7549003,0.000482,0.0027
WDR55,-0.3451844,0.000484,0.0027
USP32,-0.466333,0.000483,0.0027
TRIM8,-0.27268677,0.000641,0.00271
TNK2,0.22067688,0.000641,0.00271
MIR6510,0.38705095,0.000643,0.00271
CLDN12,0.14532701,0.000642,0.00271
SEPSECS,0.14474624,0.000641,0.00271
FGF1,-0.36642162,0.000642,0.00271
APPL1,0.11014674,0.000641,0.00271
RYR2,-0.32543128,0.000641,0.00271
MCCC1,0.17614207,0.000643,0.00271
YIF1A,-0.4464235,0.000486,0.00271
DMPK,-0.8942,0.000486,0.00271
BTG3,0.3817991,0.000489,0.00272
PGGT1B,-0.9087962,0.000488,0.00272
PLEKHG4,-0.20630055,0.000644,0.00272
ALG9,0.10466865,0.000644,0.00272
DLGAP3,-0.36924573,0.000646,0.00272
HOXD-AS2,-0.2774215,0.000645,0.00272
SLC25A4,0.17490885,0.000646,0.00273
ADD3,-0.3468369,0.000491,0.00273
MAMDC2-AS1,0.36155773,0.000648,0.00273
LOC101928362,-0.5462944,0.00065,0.00274
LOC105370168,-0.41386095,0.000651,0.00274
IPCEF1,-0.28685342,0.000649,0.00274
FOXQ1,0.34997922,0.000653,0.00275
FAM166B,0.31211692,0.000652,0.00275
ZNF710,-0.4068855,0.000495,0.00275
ZNF80,-0.64604389,0.000654,0.00275
ASB14,0.14348598,0.000657,0.00276
HERC6,-0.63229595,0.000657,0.00276
NAAA,-0.5797104,0.000496,0.00276
FAR1,-0.14605253,0.000655,0.00276
BLVRA,-0.14042733,0.000657,0.00276
U2SURP,0.10791434,0.000654,0.00276
TINF2,-0.07592344,0.000656,0.00276
HSD17B7,0.19442427,0.000657,0.00276
GNRH1,0.1396794,0.000659,0.00277
LOC105376626,0.39474492,0.00066,0.00277
ATP8B2,-0.24366859,0.000662,0.00278
XPNPEP2,-0.8080042,0.0005,0.00278
LHCGR,0.57068666,0.000664,0.00279
SLC3A1,-0.8016375,0.000503,0.00279
NKX2-1,-1.3746755,0.000503,0.00279
CA5BP1-CA5B,0.20185219,0.000666,0.0028
HCFC1R1,-0.4490941,0.000506,0.0028
POLR2D,-0.09641064,0.000666,0.0028
CFAP36,0.11218884,0.000665,0.0028
NUCB1-AS1,-0.18299147,0.000667,0.0028
AFF1-AS1,0.15164506,0.000669,0.00281
KCNA2,-1.6892109,0.000507,0.00281
PRR11,-0.24041106,0.000669,0.00281
LOC107986526,-0.30841093,0.000669,0.00281
ABCC4,-0.23701644,0.000669,0.00281
CCDC183-AS1,0.2170659,0.000673,0.00282
ARGFXP2,0.1732022,0.000673,0.00282
TIMM13,0.604734,0.000511,0.00282
TSSC4,-0.3693037,0.00051,0.00282
SLC47A1,0.33227187,0.000673,0.00282
RNF139,0.299756,0.000511,0.00283
FAM83F,0.19867231,0.000674,0.00283
RABGAP1,0.3651286,0.000512,0.00283
LOC105374879,0.25276402,0.000676,0.00283
PAOX,0.4225229,0.000513,0.00283
LZTS1-AS1,-0.39215432,0.000675,0.00283
HGH1,-0.3711894,0.000515,0.00284
APEX2,-0.636622,0.000516,0.00284
RAB8B,-0.16342457,0.000677,0.00284
SPIN2B,0.16173695,0.000681,0.00285
LOC105377991,-0.56048628,0.00068,0.00285
RPL28,0.6561525,0.000517,0.00285
MUSK,0.31411667,0.00068,0.00285
USP11,-0.1587266,0.000684,0.00286
PXMP4,-0.5376645,0.00052,0.00286
TSC22D4,-0.5995401,0.000519,0.00286
SLC28A3,0.29229177,0.000683,0.00286
LDB1,0.1485609,0.000684,0.00286
H2AJ,-0.6114779,0.00052,0.00286
STAT5B,-0.3409952,0.000521,0.00286
KEAP1,0.2805999,0.00052,0.00286
LOC105378298,-0.37572828,0.000684,0.00286
AKAP13,0.320955,0.000523,0.00287
NSF,0.2622882,0.000522,0.00287
MRNIP,-0.4274044,0.000523,0.00287
TRAPPC8,0.12114732,0.000687,0.00287
CLCNKB,0.48248912,0.000686,0.00287
GLP1R,-0.60942614,0.000687,0.00287
NARS1,0.2465325,0.000524,0.00287
PLCZ1,0.277802,0.000685,0.00287
LOC105378628,-0.39020306,0.00069,0.00288
DSP-AS1,0.26108638,0.000689,0.00288
AP5S1,-0.15162627,0.000688,0.00288
CPA3,-0.3411554,0.000688,0.00288
TULP1,0.27465613,0.000688,0.00288
HDHD5-AS1,0.30981561,0.00069,0.00288
LACC1,-0.18773652,0.000688,0.00288
FBXW4,0.12677795,0.000692,0.00289
GOT2,0.368201,0.000529,0.00289
BRF2,0.14320662,0.000695,0.0029
CISH,-0.26151,0.000695,0.0029
DR1,-0.3689899,0.000531,0.0029
GNB5,-0.16031738,0.000695,0.0029
BMS1,0.2741504,0.000531,0.00291
CLCN5,-0.5048244,0.000532,0.00291
PYCR3,-0.2111855,0.000699,0.00292
C5ORF22,-0.1582524,0.000534,0.00292
FBXO42,0.09408513,0.000701,0.00292
ISYNA1,-1.8663332,0.000535,0.00292
HAP1,-0.9105452,0.000536,0.00293
LOC101928841,-0.53736737,0.000703,0.00293
SSR4,-0.13246312,0.000704,0.00293
KRT10,0.31578226,0.000704,0.00293
RBMS1,-0.11615497,0.000706,0.00294
CYFIP1,0.2679303,0.000539,0.00294
WDR45,-0.2581478,0.00054,0.00294
PMAIP1,0.6181475,0.000539,0.00294
ZNF436,-0.1635436,0.000706,0.00294
NR0B1,-0.8706142,0.00054,0.00294
GRHL3,0.30728126,0.000704,0.00294
ENTREP3,0.3864126,0.000542,0.00295
BIVM-ERCC5,0.07972185,0.00071,0.00296
TUBA4B,0.30816198,0.000711,0.00296
SULT2B1,0.30394972,0.00071,0.00296
TBC1D10B,-0.4734633,0.000545,0.00296
DNMT1,-0.15304224,0.000712,0.00297
LYPD3,0.25217477,0.000714,0.00297
FAM204A,0.11178037,0.000715,0.00297
LOC105370444,0.43475201,0.000714,0.00297
KCTD9,0.12152267,0.000713,0.00297
LNPEP,0.11749111,0.000715,0.00297
NAMPT,-0.21522738,0.000714,0.00297
ASB11,0.42686235,0.000715,0.00297
CTSW,-0.3901309,0.000713,0.00297
WDR12,0.411712,0.000549,0.00298
FSCN3,-1.7726808,0.000548,0.00298
KAT7,0.1018835,0.000716,0.00298
PDZRN3,-0.36976667,0.00072,0.00299
H2BC26,0.30804104,0.00072,0.00299
MMUT,0.14574393,0.000719,0.00299
STRAP,-0.09513502,0.000724,0.003
PUM2,0.08716907,0.000724,0.003
MPI,-0.5784525,0.000553,0.003
MIEF1,-0.10024565,0.000721,0.003
TRIM33,0.09669903,0.000723,0.003
CYP2J2,0.31306678,0.000724,0.00301
YJEFN3,0.26193245,0.000728,0.00302
ZNF350,0.11766418,0.000728,0.00302
ODAD2,-0.45244991,0.000727,0.00302
PLXNA2,0.4361938,0.000561,0.00303
FBXL2,-0.4926441,0.000561,0.00303
LOC107986135,0.22347923,0.00073,0.00303
TMEM18,0.09988905,0.000732,0.00304
OSCAR,-0.3789263,0.000737,0.00305
FOXN3,0.14023851,0.000736,0.00305
ATP6V1D,0.3330076,0.000565,0.00306
ZDHHC17,-0.4521452,0.000566,0.00306
NPRL2,0.11107209,0.000739,0.00306
NGDN,0.12535436,0.000739,0.00306
CMAHP,-0.4664621,0.000567,0.00306
HSPA8,-0.4618008,0.000568,0.00307
PHB2,-0.212244,0.000568,0.00307
SNAI3,-0.36747763,0.000744,0.00308
HS1BP3,-0.2804108,0.000571,0.00308
UNK,0.08402018,0.000744,0.00308
TTC5,0.10120391,0.000746,0.00309
GPS2,-0.4323678,0.000572,0.00309
IGBP1,0.12772598,0.000748,0.0031
PDS5A,-0.1992339,0.000575,0.0031
LOC107986457,-0.22063233,0.000749,0.0031
TANGO2,-0.14980225,0.000751,0.0031
LOC105371730,0.22242538,0.000751,0.0031
LOC100505912,-0.44413672,0.00075,0.0031
DNAJC2,0.3730622,0.000576,0.0031
DPYSL2,-0.18264851,0.000749,0.0031
GPR171,-0.41510422,0.000749,0.0031
ITPK1-AS1,-0.28755294,0.000754,0.00311
CERS3,0.24891791,0.000752,0.00311
IFRD2,-0.18848426,0.000753,0.00311
SNED1,-0.23167045,0.000754,0.00311
IL17RE,0.19054052,0.000753,0.00311
BRAP,0.06473318,0.000754,0.00311
HBB,1.07045724,0.000752,0.00311
FAU,0.12863642,0.000751,0.00311
CNPY2,0.2091798,0.000579,0.00312
IRX4-AS1,0.33275909,0.000757,0.00312
INE2,0.22226181,0.000757,0.00312
TAS2R4,-1.5339165,0.00058,0.00312
RPLP0,0.16262559,0.000757,0.00312
PSMD6,0.2050854,0.000581,0.00313
YOD1,-0.8692358,0.000582,0.00313
LOC105374745,-0.44965191,0.000761,0.00314
FBXW11,-0.0744737,0.00076,0.00314
POLM,-0.7568683,0.000584,0.00314
LOC107985769,0.21664124,0.00076,0.00314
SNORA27,0.20869525,0.000763,0.00315
IGFBPL1,-0.54650002,0.000764,0.00315
UBB,0.2296045,0.000586,0.00315
GPX4,-0.4762897,0.000588,0.00315
MIOS,0.13448952,0.000764,0.00315
ZEB2-AS1,-0.18788483,0.000768,0.00316
COPS7A,-0.09734382,0.000767,0.00316
EPB41L3,-0.5934775,0.000592,0.00317
ACAD9,0.19233248,0.00077,0.00317
LAMTOR4,0.15895949,0.000771,0.00317
SUCLA2,-0.2952965,0.000592,0.00317
ABHD3,-0.21078093,0.000769,0.00317
TSPAN2,-0.2816679,0.00077,0.00317
GRIN2C,-0.42867347,0.00077,0.00317
SMPD2,0.15073632,0.00077,0.00317
CPZ,-0.56426506,0.000774,0.00319
MPP3,-0.14898093,0.000774,0.00319
GALNT1,0.3549436,0.000595,0.00319
CPEB3,-0.5151691,0.000598,0.0032
H2AC4,-0.32948624,0.000778,0.0032
MIR6772,0.30981115,0.000778,0.0032
DKK2,-0.35075667,0.000778,0.0032
MICOS10P1,0.1671869,0.000778,0.0032
SERPINB3,-0.88912332,0.00078,0.00321
RPS15AP10,0.14689088,0.000781,0.00321
GAPVD1,0.09385359,0.000781,0.00321
LOC101926887,-0.47968778,0.00078,0.00321
BRD1,-0.3353332,0.000603,0.00322
LONP1,-0.2559816,0.000601,0.00322
LOC112268323,0.66629577,0.000783,0.00322
LINC02345,0.46202199,0.000783,0.00322
TMEM41B,0.16476565,0.000783,0.00322
POLE2,0.4664728,0.000601,0.00322
SEC61B,0.3575866,0.000603,0.00322
TLX1,-1.6543207,0.000606,0.00323
EHD1,-0.20566,0.000605,0.00323
EVI2A,0.6523465,0.000607,0.00324
RAF1,0.0785616,0.00079,0.00324
MROCKI,-0.30039162,0.000789,0.00324
AMY2A,0.17654783,0.000789,0.00324
MIR381HG,-0.46168225,0.000792,0.00325
KRT17,-0.8438264,0.000609,0.00325
HMGB2,0.2816555,0.00061,0.00325
NDUFA3,-0.16630799,0.000792,0.00325
TMEM132B,0.4217577,0.000791,0.00325
G6PC3,-0.3694424,0.000613,0.00326
ANKRD36C,0.15448495,0.000798,0.00327
TSPAN31,-0.07170211,0.000799,0.00327
THEM5,0.22268252,0.000797,0.00327
RPS6KC1,-0.10923753,0.000798,0.00327
KTI12,-0.15872167,0.000802,0.00329
PDCD4,-0.4306796,0.000619,0.00329
ANKRD2,0.52911674,0.000802,0.00329
TMEM40,0.25743723,0.000802,0.00329
LOC107984428,-0.36821945,0.000803,0.00329
CCT5,0.276112,0.00062,0.0033
ATP13A2,-0.722155,0.000621,0.0033
FAAH,-0.4636541,0.000622,0.0033
MACC1-AS1,0.34640849,0.000807,0.0033
LRCH2,-0.26435984,0.000805,0.0033
PCOTH,0.30750248,0.000806,0.0033
MIR145,-0.32919078,0.000806,0.0033
INO80B-WBP1,0.11416482,0.000808,0.00331
FAT4,-0.5099322,0.000624,0.00331
ZNF530,0.12796296,0.000809,0.00331
LOC105372703,0.68202765,0.000812,0.00332
LINC02802,-0.28148676,0.000813,0.00332
C19ORF73,0.26770967,0.000811,0.00332
PTPN12,-0.5011788,0.000627,0.00333
SEPHS2,-0.1535623,0.000813,0.00333
LOC107984270,-0.4511976,0.000814,0.00333
CCL27,0.9710572,0.000629,0.00334
SLC25A27,0.16454568,0.000818,0.00334
PDZD2,0.18842008,0.000816,0.00334
MAP1LC3B,-0.2794786,0.000629,0.00334
SHPK,0.15080283,0.000818,0.00334
DTX2P1-UPK3BP1-PMS2P11,0.20317059,0.00082,0.00335
PGM5-AS1,0.49777297,0.000821,0.00335
CFAP221,-0.42216368,0.000821,0.00335
TRBC2,-0.51122988,0.000821,0.00335
MYOG,-1.3392922,0.000632,0.00335
NDUFAF3,-0.11922144,0.000819,0.00335
GFPT1,-0.14613084,0.000823,0.00336
MR1,-0.4430109,0.000635,0.00336
TRAPPC11,-0.51359,0.000636,0.00336
LOC283299,0.35443031,0.000828,0.00337
CDK5RAP1,0.09624801,0.000827,0.00337
RALGAPA1P1,0.09015347,0.000825,0.00337
ZNF140,0.08824608,0.000827,0.00337
KAT6A,0.08543249,0.000825,0.00337
TM9SF4,-0.2658487,0.000637,0.00337
DNAJC3-DT,0.17401765,0.000826,0.00337
HK2,-0.3100024,0.000829,0.00338
NPPB,-2.0098624,0.000641,0.00338
RPRM,0.8229624,0.00064,0.00338
ZCCHC8,0.10757061,0.000829,0.00338
DTNB,-1.5475799,0.000641,0.00338
IRS1,-0.355886,0.000642,0.00339
RBM39,-0.2738195,0.000643,0.00339
LOC107985728,-0.52485201,0.000832,0.00339
CCDC121,-1.1112319,0.000642,0.00339
EPOR,-0.3985231,0.000646,0.0034
FASLG,-0.64915582,0.000835,0.0034
SMTN,-0.672929,0.000646,0.0034
ZNF75D,-0.3980301,0.000645,0.0034
PRKAG1,-0.2327062,0.000649,0.00341
ZBTB17,-0.3009385,0.000648,0.00341
KNOP1,0.4210599,0.00065,0.00341
SYBU,0.18253613,0.000836,0.00341
LOC102723663,-0.3166283,0.000838,0.00341
FAM169A,1.2123982,0.000649,0.00341
LOC105376020,-0.69799389,0.000839,0.00342
GRAPL-AS1,-0.5163212,0.000839,0.00342
SIK3,-0.11786532,0.000846,0.00344
RRAGD,0.20674892,0.000847,0.00345
TYW3,0.12084625,0.00085,0.00346
TOMM7,0.17522038,0.000851,0.00346
LOC202181,0.10973978,0.000851,0.00346
CHL1,-0.26264298,0.000851,0.00346
EVA1A,-0.37171012,0.000851,0.00346
RABGAP1L,0.1278476,0.00085,0.00346
GPSM2,0.4120734,0.000661,0.00346
CNRIP1,-0.19805903,0.000856,0.00348
RAP2B,-0.13008679,0.000856,0.00348
ECSIT,0.15355993,0.000856,0.00348
H6PD,-0.3597138,0.000666,0.00349
KICS2,0.11958848,0.00086,0.00349
C9ORF64,-0.14326214,0.000859,0.00349
LOC105376526,0.23972602,0.000859,0.00349
CPOX,0.12933264,0.000861,0.00349
MYO5B,0.19372041,0.000861,0.00349
POLR2G,0.2393716,0.000668,0.00349
FMNL1-AS1,-0.33615761,0.000862,0.0035
PSEN2,-0.3443862,0.000671,0.0035
TMEM187,-0.4850639,0.00067,0.0035
CACFD1,-0.21233699,0.000862,0.0035
C12ORF43,-0.396183,0.00067,0.0035
PAPOLG,0.08599256,0.000867,0.00351
RNF223,0.35419619,0.000867,0.00351
CCDC125,0.11222329,0.000864,0.00351
SMPDL3A,0.2133137,0.000866,0.00351
STK31,0.39234342,0.000866,0.00351
PTPN4,0.11658031,0.000866,0.00351
GP6-AS1,0.23154618,0.000865,0.00351
TEN1-CDK3,0.12150101,0.000868,0.00352
MAPRE3-AS1,0.23015496,0.000869,0.00352
FKBP2,0.2551877,0.000674,0.00352
RALGDS,-0.3828661,0.000674,0.00352
TPBG,-0.21195324,0.00087,0.00352
CAPZB,-0.13663429,0.000869,0.00352
PRRC2B,-0.3827795,0.000674,0.00352
RTTN,0.1211057,0.000869,0.00352
ZBED5,0.09643891,0.000873,0.00353
SLC44A4,-2.2784419,0.000679,0.00354
ATP11A,-0.8606947,0.000681,0.00354
MARF1,-0.2639414,0.000681,0.00354
FASTKD3,-0.2943923,0.000681,0.00354
SNHG19,0.19009775,0.000879,0.00355
DTNA,-0.6039633,0.000683,0.00355
LOC105377766,0.3158573,0.000878,0.00355
ATG16L1,0.10101682,0.000876,0.00355
TXK,-0.20333257,0.000877,0.00355
SOWAHC,0.14919099,0.000876,0.00355
LOC105375106,-0.35492721,0.000881,0.00356
LOC105376542,-0.4531895,0.00088,0.00356
HYKK,0.20172188,0.00088,0.00356
MORC3,-0.3882325,0.000685,0.00356
SLC12A5,-0.264646,0.000883,0.00357
YBX3,0.16357331,0.000883,0.00357
NRBP2,0.20348495,0.000884,0.00357
EIF3G,0.09660574,0.000886,0.00358
DSCAS,0.29681172,0.000885,0.00358
ZBTB43,0.12985782,0.000887,0.00358
CCNC,0.12570107,0.000887,0.00358
SRGAP2B,0.15969431,0.000893,0.0036
FITM2,0.26761479,0.000892,0.0036
TMEM131L,-0.10026689,0.000891,0.0036
GIGYF1,0.19436121,0.000894,0.0036
OTUB2,-0.6787664,0.000695,0.0036
TMEM72,-0.33264339,0.000893,0.0036
CPM,-0.5406673,0.000694,0.0036
SOCS5,-0.10752035,0.000893,0.0036
FAM66C,0.22228598,0.000894,0.00361
SLC6A11,-1.6710061,0.000697,0.00361
ZNF267,0.3548024,0.000696,0.00361
TBL3,-0.3659982,0.000701,0.00362
TPPP3,-0.982496,0.0007,0.00362
LINC03006,0.10771426,0.000897,0.00362
POLG,-0.2807754,0.0007,0.00362
BRI3,-0.11088308,0.000897,0.00362
RBM41,0.10316494,0.000898,0.00362
LOC105374848,-0.84834647,0.000899,0.00362
CFAP57,0.47921018,0.000899,0.00362
CSTA,0.35183364,0.0009,0.00363
MBD1,-0.3131046,0.000703,0.00363
ACP1,-0.3462394,0.000702,0.00363
LEMD3,0.3175981,0.000705,0.00364
CCPG1,-0.14052244,0.000905,0.00364
LOC105378914,0.35649625,0.000904,0.00364
ANKRD18A,0.33935363,0.000904,0.00364
TMEM134,0.15616548,0.000907,0.00365
CKMT2-AS1,0.17565713,0.000908,0.00365
MKLN1-AS,0.22502378,0.000906,0.00365
RDH10-AS1,-0.18085451,0.000908,0.00366
TNFRSF19,0.25704919,0.000913,0.00367
SNORA70G,-0.17868985,0.000913,0.00367
PPFIBP1,-0.3629638,0.000712,0.00367
GMIP,-0.26611827,0.000916,0.00368
TMEM184A,0.24322579,0.000919,0.00369
MAP3K12,-0.1344194,0.000916,0.00369
ANGPTL6,-0.22479338,0.000918,0.00369
UBAP1L,0.13193108,0.000918,0.00369
CHST7,-0.26034441,0.000922,0.0037
ZNF680,0.13226523,0.000922,0.0037
ADGRG1,0.23052848,0.000922,0.0037
MRPL3,0.2059535,0.000721,0.00371
UBE2W,0.3912685,0.00072,0.00371
WHRN,-0.7993777,0.000721,0.00371
CRISP2,-1.8414042,0.000721,0.00371
NCAPH2,-0.2955862,0.000722,0.00372
DNAJB12,-0.2680879,0.000723,0.00372
RIC3-DT,0.63081177,0.000928,0.00372
ARHGEF35,0.31578929,0.000926,0.00372
CHAD,0.26181147,0.000927,0.00372
OSBPL2,0.12337756,0.000928,0.00372
NCDN,-0.22421536,0.000929,0.00373
PRPF18,0.07802804,0.00093,0.00373
OPRL1,-0.38240103,0.000931,0.00373
TRAPPC1,-0.1339925,0.000929,0.00373
KCNJ13,0.12294552,0.000933,0.00374
SEC11A,0.1788826,0.000728,0.00374
CLCA4-AS1,0.29636995,0.000936,0.00375
LOC112267956,-0.66042005,0.000937,0.00375
GPM6A,-0.8343779,0.000729,0.00375
HSD17B10,0.2593722,0.000732,0.00376
LOC101928279,0.23099254,0.000939,0.00376
MANEA,-0.4805818,0.000735,0.00377
GNG12,0.1734501,0.000737,0.00377
GLS2,0.12356327,0.000942,0.00377
NEUROD2,0.50024724,0.00094,0.00377
HEXIM1,0.2485129,0.000736,0.00377
SLFN5,-0.24790944,0.00094,0.00377
IFT122,-1.0100104,0.000735,0.00377
LOC105371664,0.47244346,0.000945,0.00378
IGF1R,0.7051728,0.000738,0.00378
RBFADN,0.3204474,0.000943,0.00378
TMEM135,-0.196178,0.000945,0.00378
KRT15,0.3733086,0.000943,0.00378
SLC16A13,0.27852161,0.000947,0.00379
EPB41L5,0.14636159,0.000947,0.00379
LOC107987115,0.31395925,0.000948,0.00379
UBA5,-0.2274693,0.000742,0.00379
LOC107984279,-0.51080053,0.00095,0.0038
ASTN2,-0.26143153,0.00095,0.0038
SDCCAG8,-0.0977236,0.00095,0.0038
EPHA5,0.33820285,0.000949,0.0038
THAP6,0.09664055,0.000952,0.00381
LAMTOR1,-0.10058117,0.000954,0.00381
BAG1,0.13309268,0.000953,0.00381
LCE3D,-0.80195331,0.000952,0.00381
LOC105374898,0.19647104,0.000953,0.00381
TMEM196,0.55283739,0.000959,0.00382
TTC17,0.08495487,0.000958,0.00382
UAP1,-0.21689941,0.000956,0.00382
SLC30A3,-0.5774915,0.000747,0.00382
CNDP2,-0.17582025,0.000956,0.00382
PDSS2,0.2831534,0.000749,0.00382
FKTN,-0.3161962,0.000748,0.00382
LOC101928923,0.4190504,0.000956,0.00382
CLPX,0.10534656,0.000961,0.00383
FAM3D,0.55047132,0.000961,0.00383
DUOXA2,0.250889,0.00096,0.00383
PRKCD,-0.5159964,0.00075,0.00383
LOC107983985,-0.49117084,0.00096,0.00383
DHCR7,-0.8543743,0.000752,0.00384
TBC1D3K,0.16649073,0.000964,0.00384
PPP2CA,0.2148549,0.000752,0.00384
ADAMTS7,-0.39425984,0.000964,0.00384
C16ORF74,0.36944705,0.000966,0.00385
ZSCAN12,-0.10903318,0.000965,0.00385
CAPZA2,0.1696372,0.000756,0.00385
DUS4L,0.13658271,0.000967,0.00385
ACTA2,-0.33717811,0.000968,0.00385
ZNF430,0.17386105,0.000966,0.00385
DPH5,-0.10233993,0.000969,0.00386
SULT1A2,-0.5516745,0.000758,0.00386
LIN9,0.17142262,0.000973,0.00387
GNA14-AS1,-0.45861375,0.000973,0.00387
CNKSR1,0.24283467,0.000973,0.00387
PDCD6IP,-0.2683631,0.00076,0.00387
GFRA1,-0.9718428,0.000763,0.00388
MIR181A2,0.28488768,0.000979,0.0039
F12,0.6732899,0.000768,0.0039
RMND5A,0.13589025,0.000984,0.00391
USP6,-1.3816983,0.000769,0.00391
ANAPC5,-0.2477175,0.000769,0.00391
LRRC75A,0.14191179,0.00099,0.00394
ZFHX3-AS1,-0.17346811,0.000993,0.00395
EMID1,-0.28042808,0.000993,0.00395
SZRD1,-0.13398978,0.000995,0.00395
POLR1F,-0.7121275,0.000778,0.00395
BCL2L14,-0.28304623,0.000994,0.00395
ZNF709,0.11326327,0.000995,0.00396
LOC105374538,-0.4473277,0.000998,0.00396
CHMP1B2P,0.40255435,0.000997,0.00396
SRPK1,-0.3395638,0.000784,0.00397
BLCAP,0.09189764,0.001,0.00398
LMNTD2,0.26149731,0.001,0.00398
MIR27B,-0.1612791,0.001,0.00398
SATB1,0.5402546,0.000785,0.00398
PTGES,-0.3841187,0.000787,0.00399
PPRC1,0.4879294,0.00079,0.004
LOC105374497,-0.5430119,0.00101,0.004
POLD3,0.2080715,0.000793,0.00401
IL23A,-0.29280889,0.00101,0.00401
LOC101926915,0.2913857,0.00101,0.00402
GSTCD,0.109982,0.00101,0.00402
STAU2,0.3844062,0.000798,0.00402
SDHAF4,0.12781564,0.00101,0.00402
ICAM3,-0.24113175,0.00101,0.00402
CYB5B,-0.5247124,0.000796,0.00402
CLK3,0.09859954,0.00101,0.00402
CEP85,-0.9186279,0.000799,0.00402
WDR77,-0.3376545,0.000797,0.00402
HUS1,-0.3109881,0.000795,0.00402
LOC105375245,-0.50221369,0.00102,0.00403
PROB1,-0.32251587,0.00102,0.00403
RTL8C,-0.14746778,0.00102,0.00404
ZNF416,0.1290067,0.00102,0.00404
FRMD1,-0.7082053,0.00102,0.00404
SEMA4C,0.15981892,0.00102,0.00405
LOC105371058,-0.27400426,0.00102,0.00405
LOC613266,0.41976029,0.00102,0.00405
FRG2DP,0.84262388,0.00102,0.00405
EOLA1-DT,0.16508546,0.00102,0.00405
LOC143666,0.2636733,0.00102,0.00405
IL4,-1.6580461,0.000804,0.00405
SNRK,-0.12542821,0.00102,0.00405
A1BG-AS1,-0.2693045,0.00103,0.00406
PSMB4,0.2026733,0.000809,0.00407
LOC100128288,0.18250413,0.00103,0.00407
PPP1R15A,-0.403079,0.000809,0.00407
CHMP4C,0.33714125,0.00103,0.00407
FAM234B,0.25482935,0.00103,0.00407
CD302,-0.12021884,0.00103,0.00407
TSHZ2,-0.17664091,0.00103,0.00408
LINC01119,-0.5026049,0.00103,0.00408
LOC285097,0.36219377,0.00103,0.00408
USP1,0.10535773,0.00104,0.00409
NIPSNAP2,-0.280559,0.000815,0.00409
KLK11,0.24247337,0.00104,0.00409
LOC105370265,-0.331265,0.00104,0.00409
LOC102723708,-0.40111069,0.00104,0.0041
HELB,-0.25073037,0.00104,0.0041
RPL13,0.15673381,0.00104,0.00411
ATP5F1C,0.2742545,0.000821,0.00411
CEP104,0.3089184,0.000819,0.00411
SF3B5,0.2383035,0.00082,0.00411
BRIP1,-2.1704685,0.000818,0.00411
CEP97,-0.5867986,0.00082,0.00411
KIR3DL2,-0.7317611,0.000821,0.00411
FIS1,-0.2799727,0.000821,0.00411
IDS,-0.2589799,0.00082,0.00411
MAPK8,-1.1105099,0.000825,0.00412
NPIPB8,0.17360233,0.00105,0.00413
ARSF,-0.60868564,0.00105,0.00413
ZNF800,0.11489434,0.00105,0.00413
LOC105374085,0.2503391,0.00105,0.00414
ICMT,-0.11409228,0.00105,0.00414
POLR3F,-0.4541429,0.000829,0.00414
STK16,0.09107436,0.00105,0.00415
MIR4426,0.20798604,0.00105,0.00415
EEF1A1,0.14151928,0.00105,0.00415
ELP4,0.2282008,0.000831,0.00415
CAB39,0.2343212,0.000833,0.00415
PUM1,0.237719,0.000832,0.00415
TTC4,0.09062888,0.00105,0.00415
LOC105377937,0.33901867,0.00105,0.00415
GFI1,-0.27233807,0.00106,0.00417
IPPK,0.4014323,0.000838,0.00417
LOC101928768,0.41213467,0.00106,0.00417
BCL2A1,-0.56158088,0.00106,0.00417
ATP1B3,0.15733129,0.00106,0.00418
LOC105372698,-0.47486312,0.00106,0.00418
LOC101927262,-0.49379408,0.00106,0.00418
TTC23L,0.19962578,0.00106,0.00418
HBA1,0.97575151,0.00106,0.00418
HHIPL1,-0.27044241,0.00106,0.00418
PLP2,0.1721384,0.00106,0.00418
FAM177A1,0.10567718,0.00106,0.00418
TBC1D3H,0.17857509,0.00106,0.00418
TPD52L2,-0.1104576,0.00106,0.00418
ZKSCAN2,-0.14995055,0.00107,0.00419
FZR1,-0.288518,0.000842,0.00419
LOC102723906,-0.59272419,0.00107,0.00419
UBLCP1,-0.10144792,0.00107,0.0042
SHMT1,-1.0938273,0.000846,0.00421
ADAM22,0.25627385,0.00107,0.00421
FRMD4A,-0.6252288,0.000847,0.00421
CAV3,-1.1198813,0.000846,0.00421
RPS19,0.14684929,0.00108,0.00422
SGMS1,0.12880745,0.00108,0.00422
KLHL36,0.07431307,0.00108,0.00422
DUSP4,-0.36568224,0.00107,0.00422
HLA-J,-0.8409437,0.000851,0.00423
ENO3,-0.22180029,0.00108,0.00423
RAB22A,0.2169709,0.000852,0.00423
LIN54,0.11639712,0.00108,0.00423
POU2AF3,0.36402297,0.00108,0.00424
ABHD8,-1.3984117,0.000855,0.00424
PRR3,-0.4492418,0.000854,0.00424
LOC107984251,-0.28115657,0.00108,0.00425
SCN9A,-0.29724203,0.00108,0.00425
CCM2L,-0.28574346,0.00108,0.00425
RSL1D1,0.2657194,0.000858,0.00425
PABPC4-AS1,-0.14339902,0.00108,0.00425
FAM83C,0.2403001,0.00108,0.00425
SEMA6A-AS1,0.17677248,0.00109,0.00425
FJX1,0.4615949,0.000859,0.00425
LOC101929452,-0.35546578,0.00108,0.00425
USB1,-0.27257257,0.00109,0.00426
GPT,-0.4618391,0.000861,0.00426
ATP8B3,-0.39424297,0.00109,0.00426
FGF7P6,0.27019908,0.00109,0.00426
PANK1,0.28928213,0.00109,0.00426
PCBD1,-0.5127544,0.000861,0.00426
APAF1,-0.4059286,0.000864,0.00427
RET,-0.4201848,0.000863,0.00427
PTDSS1,0.2506824,0.000864,0.00427
LOC101927872,-0.36522904,0.00109,0.00427
GSTA3,0.32056185,0.00109,0.00427
PIGO,-0.4312218,0.000866,0.00428
GINS1,0.4484787,0.000866,0.00428
HLA-H,-0.35816314,0.00109,0.00428
LOC105370500,-0.24761742,0.0011,0.00429
SMG7,-0.2279739,0.00087,0.00429
USP15,-0.2330554,0.000869,0.00429
LOC101929098,0.35793034,0.0011,0.00429
PRXL2B,-0.20304497,0.0011,0.00429
ANKRD53,-0.12434704,0.0011,0.00429
RPP21,0.14687523,0.0011,0.00429
CPNE6,0.38238896,0.0011,0.00429
NANOGP8,0.23243404,0.0011,0.00429
MGC2889,0.34096008,0.0011,0.0043
CLDN16,-1.0715497,0.000874,0.00431
HHLA3-AS1,0.31445917,0.0011,0.00431
LTBP1,-0.4764348,0.000875,0.00431
LOC105369663,0.12428007,0.0011,0.00431
ST6GALNAC6,-0.15123076,0.0011,0.00431
SOX15,0.26326474,0.00111,0.00432
LOC105375131,-0.38949946,0.00111,0.00432
PSAPL1,0.37985629,0.00111,0.00432
GAS5-AS1,0.15449817,0.00111,0.00433
PABPC1L,-0.23713485,0.00111,0.00434
TUBA1B,-0.16681708,0.00111,0.00434
NYAP1,0.36761174,0.00111,0.00434
HRH4,0.4333204,0.00111,0.00434
AGO3,0.417071,0.000884,0.00435
DMWD,-0.3844197,0.000884,0.00435
ASB13,0.3550601,0.000885,0.00436
B3GAT3,-0.5167175,0.000886,0.00436
ISY1-RAB43,-0.10337175,0.00112,0.00436
IMPG2,-0.24309845,0.00112,0.00436
ASB8,0.0808771,0.00112,0.00438
LOC105373774,0.18591084,0.00112,0.00438
SUOX,-0.5000792,0.000892,0.00439
ADTRP,-1.0111253,0.000892,0.00439
ARHGEF26-AS1,0.3477425,0.00113,0.00439
AMD1,-0.520832,0.000892,0.00439
ZNF398,0.0825257,0.00113,0.0044
NEO1,0.13949056,0.00113,0.0044
ETV4,-0.24779963,0.00113,0.00441
TRAPPC3,0.1535525,0.000898,0.00441
GPRC5B,-0.27001417,0.00113,0.00441
DCAF7,-0.09568458,0.00113,0.00441
SLK,0.1090804,0.00113,0.00441
ZAP70,-0.31942979,0.00114,0.00442
RN7SK,0.14956746,0.00113,0.00442
STYX,0.10351119,0.00114,0.00443
KIFC3,0.17614586,0.00114,0.00443
FAM205C,-0.3974478,0.00114,0.00444
CETN3,0.15323985,0.00114,0.00444
ZNF816-ZNF321P,0.1415063,0.00114,0.00445
RAD51B,-0.15886986,0.00114,0.00445
PITPNA-AS1,0.14894381,0.00114,0.00445
ERLEC1,-0.09375791,0.00114,0.00445
BYSL,-0.14658571,0.00114,0.00445
TBX5,-1.1325377,0.000907,0.00445
LOC105374029,-0.41523632,0.00115,0.00446
PKNOX2,-0.3903651,0.00091,0.00446
UROS,-0.08137771,0.00115,0.00446
YIPF5,-0.7574887,0.000909,0.00446
ZNF428,-0.4529045,0.000913,0.00447
LOC105370622,-0.32157253,0.00115,0.00447
AHCYL1,0.1759183,0.000915,0.00447
PRRC2C,0.3171398,0.000915,0.00447
COA4,0.2528659,0.000914,0.00447
GOLGA2P7,0.27053222,0.00115,0.00448
IER5L,-0.28647833,0.00115,0.00448
PRR14,0.3879769,0.000917,0.00448
PAFAH2,-0.418737,0.000918,0.00448
THAP9-AS1,-0.4502708,0.000921,0.00449
NSMAF,0.313512,0.000922,0.0045
COL7A1,-0.4379784,0.000922,0.0045
TRIP4,0.2212505,0.000923,0.0045
PSMA5,0.267276,0.000926,0.00451
RNF32,0.15238572,0.00116,0.00452
PTMA,0.13019599,0.00116,0.00452
ADAM15,-0.507334,0.00093,0.00453
MOCS1,-0.30102543,0.00117,0.00453
TSG101,0.2486825,0.000931,0.00453
CPD,-0.3780199,0.00093,0.00453
GGT1,0.23924794,0.00117,0.00453
KDM2B-DT,0.26631201,0.00117,0.00454
DSC1,0.2810056,0.00117,0.00454
EEF1D,0.08638008,0.00117,0.00454
ZNF345,0.10181853,0.00117,0.00454
BICDL2,0.24715369,0.00117,0.00454
PRELID3A,-0.24698473,0.00117,0.00455
RGS2-AS1,0.34555188,0.00117,0.00455
DNAJC13,-0.4324912,0.000935,0.00455
DHX30,0.2849609,0.000935,0.00455
MIA-RAB4B,-0.14822644,0.00117,0.00455
DNAJB1,-0.3967458,0.000937,0.00455
KCNMB2,-0.48294747,0.00117,0.00455
ITGA6,-0.5918385,0.000936,0.00455
ZBTB11,0.09649957,0.00118,0.00456
LOC107985219,-0.1179526,0.00118,0.00456
CDCP1,0.4044594,0.000944,0.00457
LIME1,-1.4770496,0.000945,0.00457
ABCB11,-1.6545273,0.000943,0.00457
SS18L2,0.237121,0.000944,0.00457
DHX38,-0.5881514,0.000945,0.00457
ADGRL1,-0.3056965,0.000944,0.00457
PRICKLE3,0.1355897,0.00118,0.00457
DUS2,-0.2901584,0.000942,0.00457
TACR2,0.28792213,0.00118,0.00457
BTNL9,-0.45094184,0.00118,0.00458
ZNF891,0.13047653,0.00118,0.00458
PA2G4,-0.4107583,0.000948,0.00458
GYPE,-0.23868725,0.00119,0.00459
LOC101929237,0.45294072,0.00118,0.00459
SCGN,-1.4877707,0.00095,0.00459
CTLA4,-0.59938666,0.00119,0.00459
TSPAN16,0.30295244,0.00119,0.0046
RBM8A,0.08012747,0.00119,0.00461
SNORA70,-0.17282421,0.00119,0.00461
SMARCD2,0.2485064,0.000954,0.00461
SBF1,-0.4465133,0.000958,0.00462
NACA2,0.33103937,0.00119,0.00462
TJP3,0.29831245,0.0012,0.00462
SPATA6,-0.4417887,0.00096,0.00463
COQ3,0.16643963,0.0012,0.00463
PRB1,-1.688536,0.000962,0.00464
GOLGA4-AS1,0.12997774,0.0012,0.00464
LOC112267953,-0.56588986,0.0012,0.00464
LOC105378936,0.23315202,0.0012,0.00464
CNIH4,0.10662284,0.0012,0.00464
CNNM3-DT,0.2936766,0.0012,0.00465
LOC107984561,0.21511479,0.00121,0.00466
TRH-GTG1-7,0.41478441,0.00121,0.00467
FAF1-AS1,0.13661358,0.00121,0.00467
N4BP3,0.23798836,0.00121,0.00467
PITX2,-0.4807574,0.00121,0.00467
SF3A3,0.3131441,0.000968,0.00467
BBS2,0.15423836,0.00121,0.00467
LOC105378095,0.41750761,0.00121,0.00468
ZGPAT,-0.3099015,0.000971,0.00468
ZZEF1,-0.3358464,0.000971,0.00468
VWA2,0.22241954,0.00122,0.0047
ST20-MTHFS,-0.19787637,0.00122,0.0047
REN,-1.3141851,0.000976,0.0047
ALB,0.49382383,0.00122,0.0047
RBM23,-0.2361552,0.000977,0.0047
CCDC126,0.15893866,0.00122,0.00471
ARGLU1,-0.4488312,0.00098,0.00471
ACTA2-AS1,-0.32876949,0.00122,0.00471
TOB1-AS1,0.25626332,0.00122,0.00471
ATP8A1,0.23864363,0.00123,0.00472
CAMSAP1,0.10244475,0.00123,0.00473
PBLD,-0.12886891,0.00123,0.00473
LGALS7,0.2716793,0.00123,0.00473
PLOD3,-0.22949283,0.00123,0.00474
LOC105378918,0.39959429,0.00123,0.00474
KBTBD8,-0.30716408,0.00123,0.00474
ZNF860,0.18488135,0.00123,0.00474
DNM2,-0.3214476,0.000987,0.00474
TMEM25,0.15920314,0.00123,0.00474
ZNF69,-0.17615261,0.00123,0.00475
LINC00987,-0.23823361,0.00124,0.00475
ZBTB5,0.2637121,0.00099,0.00476
CD47,0.290736,0.000991,0.00476
GPER1,-1.1806037,0.000993,0.00476
C2CD4D-AS1,0.33858816,0.00124,0.00476
SHQ1,0.3237858,0.000993,0.00476
MESTIT1,-0.42414368,0.00124,0.00476
SCAMP2,-0.5869499,0.000994,0.00477
PCDH17,0.6750719,0.000995,0.00477
PCDHGB1,0.20231721,0.00124,0.00478
GAB2,-0.11413327,0.00124,0.00478
PRLR,-0.7959984,0.000999,0.00479
DUSP28,0.10250008,0.00125,0.00479
LOC105369719,-0.52355428,0.00125,0.00479
CHUK,-0.328151,0.001,0.00479
SUCO,-0.3623178,0.001,0.00479
PCDHGA9,0.15012695,0.00125,0.0048
GABARAPL3,-2.1213825,0.001,0.0048
ZNF410,0.1899705,0.001,0.00481
SESN2,-0.23719382,0.00126,0.00482
NBR1,-0.2604793,0.00101,0.00482
FOCAD,0.4134789,0.00101,0.00483
CD160,-0.16957853,0.00126,0.00483
NECAP1,0.08809322,0.00126,0.00483
TMEM53,-0.17494133,0.00126,0.00484
ZNF845,0.11062982,0.00126,0.00484
RRAS2,-0.13644597,0.00126,0.00484
TESPA1,-0.32579265,0.00126,0.00484
SLC25A10,-0.4183994,0.00102,0.00484
SYNJ1,-0.3523038,0.00101,0.00484
DYNLT2B,0.18206166,0.00126,0.00484
LOC101929290,-0.18721361,0.00126,0.00485
SMCO3,-0.31612918,0.00126,0.00485
SLC4A10,-0.53951953,0.00127,0.00485
GLRX3,0.302544,0.00102,0.00485
GLT8D1,-0.10787778,0.00126,0.00485
MED27,0.3326492,0.00102,0.00486
SIK2,-0.15562618,0.00127,0.00486
TP53I13,-0.1825357,0.00127,0.00486
HDAC4,0.3537404,0.00102,0.00486
RCOR3,0.09699131,0.00127,0.00488
BTLA,-0.41959259,0.00128,0.00488
RNF212B,0.16536182,0.00128,0.00488
EDAR,-0.6443736,0.00103,0.00489
LOC107984934,-0.55821552,0.00128,0.00489
NAA10,-0.10918148,0.00128,0.00489
SNORD108,0.25957427,0.00128,0.0049
LOC107986547,0.45267941,0.00128,0.0049
LOC105375981,0.2609127,0.00128,0.00492
AASDHPPT,0.3197176,0.00104,0.00493
NUDT1,0.5129353,0.00104,0.00493
SUPT16H,0.2365488,0.00104,0.00494
LOC102724632,-0.53751675,0.00129,0.00495
DIS3,-0.2306821,0.00104,0.00495
CHFR,-0.13234278,0.00129,0.00495
PLA2G4E-AS1,0.23812081,0.0013,0.00497
GNB3,-0.9001287,0.00105,0.00497
RPP40,0.4310299,0.00105,0.00498
SSR3,-0.11844538,0.0013,0.00498
HAND2,0.37294188,0.00131,0.00499
RAE1,0.2050302,0.00105,0.00499
ANKRD17,-0.2171327,0.00106,0.00499
MRPS22,0.2372842,0.00106,0.00499
HMGXB4,0.2270855,0.00105,0.00499
LOC105371874,-0.29382349,0.0013,0.00499
TMEM132A,-0.38780924,0.00131,0.00499
STAG3L5P,0.15512959,0.00131,0.00499
EFHD2-AS1,-0.29804393,0.00131,0.00499
GABBR1,-0.5100118,0.00106,0.00499
LINC00607,-0.42813008,0.00131,0.005
NPEPPS,0.09591094,0.00131,0.005
MFGE8,-0.22329757,0.00131,0.00501
LOC105373627,-0.46196738,0.00131,0.00501
LINC01303,-0.30787794,0.00131,0.00501
NNT,-0.3125226,0.00106,0.00501
RSBN1,0.08557831,0.00132,0.00502
PPP1R13L,0.23779292,0.00132,0.00503
NR2C1,-0.348693,0.00107,0.00504
NCOA3,0.2985794,0.00107,0.00504
MRPS18B,-0.2429031,0.00107,0.00505
LOC102723566,-0.26401085,0.00132,0.00505
ANP32E,0.12514065,0.00133,0.00506
DUS4L-BCAP29,0.19797836,0.00133,0.00506
KDM4A,0.07570636,0.00132,0.00506
ZNF525,0.15893056,0.00133,0.00507
BMP2K,-0.13728259,0.00133,0.00507
RBL2,-0.5729506,0.00108,0.00507
SLC9A6,0.09432812,0.00133,0.00508
MGME1,0.13172306,0.00133,0.00508
TMUB2,-0.3689171,0.00108,0.00508
ARHGAP11B-DT,0.16579229,0.00133,0.00508
NPY5R,-0.6362473,0.00108,0.00509
LOC101928842,0.40505953,0.00134,0.00509
GPIHBP1,-0.34382699,0.00134,0.00509
LOC105375183,0.60935763,0.00133,0.00509
SLC28A3-AS1,0.27516063,0.00134,0.0051
SNX6,-0.11782695,0.00134,0.0051
PPP2R2B,0.30373224,0.00134,0.0051
USP18,-0.45379912,0.00134,0.0051
FST,-0.4760516,0.00108,0.0051
MAPKAPK3,-0.3162793,0.00109,0.00511
FBXL16,0.27523332,0.00134,0.00511
MFF-DT,-0.25343201,0.00134,0.00511
SMIM10L2B,0.27185489,0.00135,0.00512
JDP2,-0.14338403,0.00134,0.00512
COX10,-0.11074765,0.00135,0.00512
BTG2-DT,0.39502382,0.00135,0.00513
JRKL,0.328054,0.0011,0.00516
TAF3,0.09956589,0.00136,0.00516
H2AZ2,-0.1892595,0.0011,0.00516
ACSF2,-0.4149405,0.0011,0.00516
CHORDC1P4,-0.23128929,0.00136,0.00517
SH3BP4,-0.19993264,0.00136,0.00517
DPEP1,-0.60979823,0.00136,0.00517
LINC02804,0.15286983,0.00136,0.00517
PLA2G6,-0.2208993,0.0011,0.00517
RNF2,-0.08730696,0.00137,0.00518
RPRD1A,0.10319128,0.00136,0.00518
LOC105375942,0.14078403,0.00136,0.00518
FAM111A,-0.12945475,0.00137,0.00519
NMRAL1,0.0950022,0.00137,0.00519
ANKRD18B,0.28911183,0.00137,0.00519
C4ORF51,-0.15476667,0.00137,0.00519
LINC01376,0.1959071,0.00137,0.00519
PPIP5K1P1-CATSPER2,0.15151427,0.00137,0.00519
SNORA63C,0.32427299,0.00137,0.00521
LOC112268172,0.18994257,0.00137,0.00521
TMEM158,0.3788743,0.00111,0.00521
GCH1,0.4358772,0.00111,0.00521
ISCA1,-0.11246544,0.00138,0.00522
CACNB2,0.14346944,0.00138,0.00523
AGBL5,-0.3450194,0.00112,0.00523
KMT2E,0.06841189,0.00138,0.00523
TAF4B,-0.5006729,0.00112,0.00525
MRAP-AS1,-0.20344273,0.00139,0.00525
MCM2,0.3712516,0.00112,0.00525
LOC102723539,0.18377286,0.00139,0.00526
DGKD,-0.16642901,0.00139,0.00526
GPRIN2,0.30733598,0.00139,0.00527
MCC,-0.3920549,0.00113,0.00527
GRAMD1A,-0.23667466,0.00139,0.00527
CLEC2D,-0.9510868,0.00113,0.00527
ARFIP2,-0.2423849,0.00113,0.00528
KCNS3,0.24517621,0.0014,0.0053
LIPN,0.36657012,0.0014,0.0053
DYNLT3,0.494307,0.00114,0.0053
PPIL1,-0.19410371,0.0014,0.00531
UBE2O,0.88891,0.00114,0.00531
SHROOM2,0.450951,0.00114,0.00531
ABCA6,-0.6430272,0.00114,0.00532
TRAPPC10,-0.06570419,0.00141,0.00532
PLXNB3,-1.149788,0.00114,0.00532
ADGRB1,1.1907328,0.00114,0.00532
PRDX1,0.13656308,0.00141,0.00533
TNNT1,0.37747354,0.00141,0.00533
LOC105375511,-0.28964568,0.00141,0.00533
FRRS1,0.14744715,0.00141,0.00533
PARP3,-0.18167454,0.00141,0.00533
CNOT6L,0.09591094,0.00141,0.00533
LOC107987292,-0.41845079,0.00141,0.00533
MARCKSL1,-0.32189221,0.00142,0.00534
LOC105378358,0.18959543,0.00141,0.00534
NYNRIN,0.24858923,0.00141,0.00534
MAPKAPK5-AS1,-0.299288,0.00115,0.00534
EAPP,0.13686705,0.00141,0.00534
CCDC92B,0.27877065,0.00142,0.00535
BOD1,-0.0932149,0.00142,0.00535
FGFR1OP2,0.1029824,0.00142,0.00535
GRPEL2-AS1,-0.20420034,0.00142,0.00535
CBR1,0.15136634,0.00142,0.00535
MRPL23,0.14583532,0.00142,0.00535
FARP2,0.10494438,0.00142,0.00535
ATP6V1E2,0.19540455,0.00142,0.00535
PLGRKT,0.3169805,0.00115,0.00535
RIMBP2,0.25424758,0.00142,0.00535
PHLDB1,-0.26148862,0.00142,0.00535
TMEM106C,0.12130902,0.00142,0.00536
TSR1,-0.3013825,0.00116,0.00537
CKLF-CMTM1,-0.18643574,0.00142,0.00537
C12ORF4,-0.1154043,0.00143,0.00538
PGGHG,-0.29486787,0.00143,0.00538
LOC105374936,-0.28685822,0.00143,0.00539
NDN,-0.2090788,0.00143,0.00539
DYNLL2,0.09894077,0.00144,0.0054
F2RL3,-0.40789752,0.00143,0.0054
LOC101928882,0.35434393,0.00143,0.0054
ZNG1C,0.15214675,0.00143,0.0054
ADCY1,-0.26339395,0.00143,0.0054
DDX39A,-0.14025129,0.00144,0.00541
OBSL1,-0.3067601,0.00117,0.00541
MRPS9,0.13352982,0.00144,0.00543
LOC105369689,-0.27775072,0.00145,0.00545
PACRG,0.27402849,0.00145,0.00545
STX18-AS1,0.12010802,0.00145,0.00545
EXOC3L2,-0.40632404,0.00145,0.00545
FLJ37201,0.2789699,0.00145,0.00545
MIR99AHG,0.20397939,0.00145,0.00545
DET1,0.1214924,0.00145,0.00545
GABARAPL2,0.09378646,0.00145,0.00546
SNORA103,0.22043631,0.00145,0.00546
PLEKHB1,-1.6423611,0.00118,0.00546
SYNC,-0.07161504,0.00146,0.00547
TRIM67,0.41278832,0.00146,0.00547
MOB3A,-0.24838875,0.00146,0.00547
CBARP,0.26636189,0.00146,0.00547
ARPC3,-0.1455491,0.00146,0.00547
LOC103611081,-0.11099646,0.00146,0.00548
NFE2,0.32067826,0.00146,0.00548
WDR37,-0.07092532,0.00146,0.00548
PRPF3,0.06446269,0.00146,0.00548
WASH7P,0.19360922,0.00146,0.00549
ITFG2,-1.9639213,0.00118,0.00549
KDM3A,0.14779338,0.00147,0.0055
FHIP1A,0.17385736,0.00147,0.0055
DLEU2L,0.1871249,0.00147,0.0055
CCT4,0.1850045,0.00119,0.00551
LOC729867,-0.1605309,0.00147,0.00551
HROB,-1.2111201,0.00119,0.00551
WASH5P,0.21572207,0.00147,0.00552
CDKN1A,-0.26211853,0.00147,0.00552
WLS,0.2944225,0.00119,0.00552
LOC101929028,0.55441835,0.00147,0.00552
LOC105373730,0.30587771,0.00148,0.00553
PHEX,-1.4813654,0.0012,0.00554
WAKMAR2,0.27274353,0.00148,0.00554
SAMD4A,-0.20075688,0.00148,0.00554
LOC105370753,0.21949401,0.00148,0.00555
HIPK2,-0.22754488,0.00149,0.00556
DPEP2,-0.32529428,0.00148,0.00556
TAS2R5,0.22974973,0.00148,0.00556
SYP,0.20000083,0.00149,0.00558
LOC105379841,-0.35643255,0.0015,0.00559
LRRC8E,0.17178047,0.0015,0.0056
FAM86FP,0.23210411,0.0015,0.0056
LOC107986599,0.14295489,0.0015,0.0056
IL5,-0.34837424,0.0015,0.00561
C1ORF50,0.2032734,0.00121,0.00561
P2RX1,0.39777578,0.0015,0.00562
FAM151B,-0.18016594,0.0015,0.00562
FRA10AC1,0.11291686,0.00151,0.00563
CENPV,0.1462098,0.00151,0.00564
LOC101928274,0.19761228,0.00151,0.00564
USP41,-0.51303581,0.00151,0.00564
CCDC51,0.3063588,0.00122,0.00564
LOC101927060,0.10748919,0.00151,0.00564
RDH5,-0.23472891,0.00151,0.00565
POLD2,-0.3542807,0.00122,0.00565
LOC105374077,-0.33680131,0.00151,0.00565
VPS13B-DT,0.29320164,0.00152,0.00566
CENPX,0.2996455,0.00123,0.00566
PLD2,-0.3566652,0.00122,0.00566
CFAP68,0.15412977,0.00152,0.00567
LOC105370557,-0.18169585,0.00152,0.00567
TPTEP2,0.1550315,0.00152,0.00568
HSPA14,0.3177381,0.00123,0.00569
HMBS,0.2674656,0.00123,0.00569
LARP6,-0.3971166,0.00123,0.00569
GAS6-AS1,-0.27209842,0.00153,0.0057
ADGRE2,-0.22849346,0.00153,0.0057
FYN,-0.3087764,0.00124,0.0057
PLCH2,0.25277927,0.00153,0.0057
ST3GAL5,0.23458064,0.00153,0.0057
PLCXD1,0.20891518,0.00153,0.00571
MPP7,0.21317308,0.00153,0.00571
HSPA12A-AS1,-0.20811576,0.00153,0.00571
PCED1B-AS1,-0.25644984,0.00154,0.00572
HLCS,-0.7312527,0.00124,0.00572
LMO7,-0.19586055,0.00154,0.00572
PRKX,0.3878449,0.00124,0.00573
BLMH,-0.618878,0.00124,0.00573
CDH2,-0.60276446,0.00154,0.00573
PSMC2,0.2890059,0.00124,0.00573
C17ORF75,0.11964263,0.00154,0.00574
COX6B1,0.3025814,0.00125,0.00574
SARS1,-0.1699923,0.00125,0.00575
PPP1CB-DT,0.18702135,0.00154,0.00575
LINC01963,-0.17630284,0.00155,0.00575
DSEL,-0.23430718,0.00155,0.00576
GPAT3,0.24836651,0.00155,0.00576
GRM1,-1.2240041,0.00126,0.00577
SYN2,-0.7366671,0.00126,0.00578
GJA8,-1.1435296,0.00126,0.00578
TBC1D4,-0.2713187,0.00126,0.00578
BDH2,0.15833335,0.00155,0.00578
FIGNL1,0.12926985,0.00155,0.00578
TREX2,-2.0286511,0.00126,0.00578
EIF2AK2,-0.27647801,0.00156,0.00579
LOC105371630,-0.20978597,0.00156,0.00579
NOP56,0.2133379,0.00126,0.0058
ST3GAL6-AS1,0.2448074,0.00156,0.0058
UBE2M,-0.5600489,0.00127,0.00581
ATG7,-0.3840445,0.00127,0.00581
PIN1,-0.3942176,0.00127,0.00581
MIR142,-0.58433767,0.00157,0.00582
LOC107984387,0.17103559,0.00157,0.00583
ELP2,0.08888966,0.00157,0.00583
LOC107986589,-0.44823107,0.00157,0.00583
NOL3,0.14532867,0.00157,0.00583
LOC100335030,0.16168879,0.00157,0.00583
SRSF11,0.11390198,0.00157,0.00584
TEAD4,0.3787097,0.00128,0.00584
PPP1R8,0.1922256,0.00128,0.00584
CUL4B,-0.3326107,0.00128,0.00584
RMND1,-0.4227423,0.00128,0.00585
PIBF1,0.09100647,0.00157,0.00585
SMARCA1,-0.3367693,0.00128,0.00585
SEMA6A,-1.6958419,0.00129,0.00586
LOC105377735,-0.32453611,0.00158,0.00586
SWAP70,-0.2093542,0.00129,0.00587
CCDC122,0.2035154,0.00158,0.00588
SGTA,-0.3874574,0.00129,0.00588
TTC32,0.1687588,0.00158,0.00588
LOC100507053,-0.28929162,0.00158,0.00588
SEZ6L2,-1.411932,0.00129,0.00589
ASTE1,0.4399952,0.00129,0.00589
MIR23B,-0.18810287,0.00159,0.00589
ATP2A3,-0.8232646,0.00129,0.00589
DTL,0.4728887,0.0013,0.0059
RHOQ,-0.11542107,0.00159,0.0059
ZBTB7B,0.19343747,0.00159,0.0059
KCNQ2,-0.7304956,0.0013,0.00591
VAMP1,-0.4162197,0.0013,0.00591
LOC102723331,-0.2329127,0.0016,0.00592
ARHGEF34P,0.33512033,0.0016,0.00592
CEACAM1,-0.28556,0.0016,0.00592
DDX59,0.11277782,0.0016,0.00592
PCMTD1-DT,0.14271369,0.0016,0.00592
LOC105375151,-0.33999252,0.0016,0.00593
CCDC32,-0.14179918,0.0016,0.00593
TXNDC11,-0.10867734,0.0016,0.00593
ZFAS1,0.15759741,0.0016,0.00593
LRIG2,0.08568623,0.0016,0.00593
TTC39B,0.24516499,0.0016,0.00594
MIR4317,0.38813803,0.0016,0.00594
COPG2IT1,-0.35180859,0.0016,0.00594
TEAD1,0.4626997,0.00131,0.00595
NXPH4,-0.5072126,0.00131,0.00595
PSG7,0.42064558,0.00161,0.00597
LOC105369705,0.43698285,0.00161,0.00597
LOC101929322,-0.50931359,0.00161,0.00597
FAM88B,0.23645975,0.00162,0.00597
PIK3C2G,0.22760772,0.00162,0.00598
KLRA1P,-1.0046461,0.00132,0.00598
AAAS,-1.1828571,0.00132,0.00598
TUBG2,-0.4552323,0.00132,0.00598
THEG,0.44757209,0.00162,0.00599
SLC25A25,-0.20734261,0.00162,0.00599
ZNF271P,-0.11723238,0.00163,0.006
SEMA3A,-0.32439796,0.00162,0.006
SGK3,0.13282132,0.00163,0.00601
ENTPD3,0.16925285,0.00163,0.00601
CTF1,-0.35534904,0.00163,0.00601
LY75,0.20453959,0.00163,0.00601
P3H3,-0.30101639,0.00163,0.00601
LINC01679,0.25689069,0.00163,0.00601
LOC105370114,0.29966438,0.00163,0.00602
SOCS2-AS1,-0.35534152,0.00163,0.00602
MST1P2,0.23837972,0.00163,0.00602
HBP1,0.2745712,0.00133,0.00603
TRIOBP,0.296191,0.00133,0.00603
RIPK4,0.4616867,0.00134,0.00605
ROS1,-2.0461216,0.00134,0.00605
PFDN6,0.13742434,0.00164,0.00605
LOC100507562,0.45152622,0.00164,0.00605
NIPA2,0.2781723,0.00134,0.00606
LEPROT,0.2318298,0.00134,0.00606
CREB3L2-AS1,-0.22369995,0.00164,0.00606
UFL1,0.11591733,0.00164,0.00606
CCL28,0.2485519,0.00164,0.00606
LOC107986423,-0.3176907,0.00165,0.00607
CDKN1C,-0.28969357,0.00165,0.00607
FOXN1,-1.6822523,0.00135,0.00607
LINC01229,0.60622308,0.00165,0.00607
PSME1,0.214304,0.00135,0.00608
SNORD116-18,0.36315664,0.00165,0.00609
CDKN2D,-0.4744367,0.00135,0.00609
PIP5K1A,-0.07679987,0.00165,0.00609
WNK1,0.3140801,0.00136,0.0061
CDK2AP2,-0.6866309,0.00135,0.0061
MZT2A,0.4430816,0.00135,0.0061
MRPL2,-0.3218074,0.00136,0.0061
AASDH,0.10961764,0.00166,0.00611
TRIAP1,0.3850396,0.00136,0.00612
TBC1D5,-0.2119899,0.00137,0.00612
PLBD1,0.4556389,0.00137,0.00613
AGK-DT,0.33904509,0.00166,0.00613
VCPIP1,-0.0732066,0.00167,0.00615
TARP,-0.53812121,0.00167,0.00616
LCE4A,0.35635044,0.00168,0.00617
HDAC3,0.07196118,0.00168,0.00619
STX8,0.10252407,0.00168,0.00619
BTN2A2,0.3535495,0.00138,0.0062
HBA2,0.94620137,0.00169,0.00621
SPON2,-0.5033592,0.00139,0.00622
TDRD1,-0.73544545,0.00169,0.00622
EIF5,-0.3281367,0.00139,0.00622
LOC389199,-0.29870402,0.00169,0.00622
HIVEP1,0.2645778,0.00139,0.00622
LOC102724517,-0.14340874,0.00169,0.00623
HLA-C,-0.28686606,0.00169,0.00623
RAD9A,-0.4044209,0.00139,0.00623
LOC102724122,-0.61410039,0.00169,0.00623
RUFY4,-0.77804548,0.0017,0.00623
CHD2,0.08744665,0.0017,0.00623
LOC102723692,-0.23613831,0.00169,0.00623
ARHGAP26-IT1,-0.3138177,0.0017,0.00623
PCDHB19P,0.21043066,0.0017,0.00624
CSTF2,-0.2378062,0.0014,0.00624
RPL23AP32,-0.6995765,0.00141,0.00627
SLC38A4,0.6081976,0.0014,0.00627
APEH,-0.203729,0.00141,0.00627
METTL25B,-0.5147157,0.00141,0.00627
MAGOH,0.21618,0.00141,0.00627
ANP32A-IT1,-0.14585939,0.00172,0.00629
RPLP2,-0.1925872,0.00141,0.00629
ALMS1,0.08602859,0.00172,0.0063
SLC38A5,-0.29208625,0.00172,0.00631
NFE2L1,-0.0942523,0.00172,0.00631
LOC105375218,-0.2034647,0.00172,0.00631
CSTF3,0.3771227,0.00142,0.00631
RND2,0.27915789,0.00172,0.00631
LOC107984791,-0.18211187,0.00172,0.00631
FOXO6-AS1,0.41195721,0.00172,0.00631
DCUN1D1,0.10030028,0.00172,0.00632
TRIM62,-0.2880714,0.00142,0.00632
TSEN34,0.2113675,0.00142,0.00633
XPO1,0.2356397,0.00142,0.00633
MTMR8,0.1548608,0.00173,0.00634
EEF1G,0.13609381,0.00173,0.00634
PLBD2,-0.2927391,0.00173,0.00635
LOC105377872,0.26785896,0.00173,0.00635
BPGM,-0.3131961,0.00143,0.00635
ZMYM1,0.10267653,0.00174,0.00636
MTUS1,-0.1365105,0.00174,0.00636
CARD9,0.5894114,0.00143,0.00636
NCOA4,0.2677164,0.00143,0.00636
RNF19A,-0.7027494,0.00143,0.00636
DDR1,0.21362313,0.00174,0.00638
CBR3,0.6381711,0.00144,0.00638
CARD16,-0.22770524,0.00174,0.00638
SRSF2,-0.1948952,0.00144,0.00638
TXNRD3,0.390032,0.00144,0.00638
LOC105373822,0.34973521,0.00174,0.00638
ZCRB1,0.12599283,0.00175,0.00639
YARS2,0.3348517,0.00145,0.00641
ACTR1B,-0.1893454,0.00145,0.00641
PELI1,-0.3357632,0.00145,0.00641
SKIC3,0.12597648,0.00175,0.00642
C8ORF44-SGK3,0.12299878,0.00176,0.00642
LOC105376156,0.16528031,0.00175,0.00642
LOC112268093,-0.25397329,0.00176,0.00642
LOC107984020,0.43837647,0.00176,0.00643
SLC35F5,0.12731284,0.00176,0.00643
AGAP1,0.16456217,0.00176,0.00643
ERP29,0.13238795,0.00176,0.00644
LYNX1-SLURP2,0.27598803,0.00176,0.00644
DHFR2,0.1106117,0.00176,0.00644
GRASLND,-0.54705491,0.00176,0.00644
DOCK8-AS2,-0.26274777,0.00177,0.00645
TCIRG1,-0.21790825,0.00177,0.00645
TMEM184B,-0.21386022,0.00177,0.00645
ARHGEF17-AS1,-0.40699888,0.00177,0.00646
NRN1,0.17169727,0.00177,0.00646
NIPAL2-AS1,0.2444814,0.00177,0.00646
CAMK2A,0.28983428,0.00178,0.00647
USP14,0.2021236,0.00146,0.00647
DYM,0.06480239,0.00178,0.00647
ZNF618,-0.19464901,0.00177,0.00647
CABIN1,-0.3558134,0.00146,0.00647
UBR5,-0.2294492,0.00146,0.00648
MISFA,0.11811698,0.00178,0.00649
ZNF384,-0.2450132,0.00147,0.00649
LOC112268014,0.28575789,0.00178,0.0065
ERCC3,0.0755607,0.00179,0.00651
LCE1C,0.27580641,0.00179,0.00652
RBM4B,-0.4644347,0.00148,0.00652
CRYBG2,0.23334973,0.00179,0.00653
LYPLA2,-1.2593676,0.00148,0.00653
F11R,0.3617863,0.00148,0.00653
ZHX1,0.10283157,0.0018,0.00654
CNBP,-0.1972942,0.00148,0.00654
PNP,0.4013332,0.00148,0.00654
LOC105375945,-0.20310608,0.0018,0.00654
LOC649133,0.27532906,0.0018,0.00654
IRX4,0.27709383,0.0018,0.00655
LOC105371965,-0.38661072,0.0018,0.00656
LOC105377675,-0.39858988,0.0018,0.00656
NPIPA8,0.1549219,0.00181,0.00657
CCDC50,-0.11398262,0.00181,0.00657
ABHD18,0.08863011,0.00181,0.00658
WSB1,-0.12113367,0.00181,0.0066
FAM182B,0.28427791,0.00181,0.0066
GRIK4,0.55988136,0.00182,0.0066
PSMD10,0.174071,0.0015,0.00661
ID3,-0.23337581,0.00182,0.00661
OXSR1,0.2073075,0.0015,0.00661
NUP35,0.12846238,0.00182,0.00662
UBA7,-0.20808475,0.00182,0.00662
POLR2H,0.3449386,0.0015,0.00662
CD320,-0.5058516,0.0015,0.00662
MAFG,-0.15741643,0.00182,0.00662
PPP1R3E,0.13707006,0.00182,0.00662
DCUN1D5,0.10785844,0.00182,0.00662
HERC5,0.6832711,0.00151,0.00663
LMNTD2-AS1,0.27801371,0.00183,0.00663
LINC02100,-0.39687636,0.00183,0.00663
MOB2,0.10695712,0.00183,0.00664
INSRR,-1.0399597,0.00151,0.00664
HSD11B2,0.36188567,0.00183,0.00664
MRPS2,-0.2944418,0.00151,0.00665
LINC00989,-0.35600708,0.00183,0.00665
NRBF2,-0.15228339,0.00183,0.00665
MICAL3,-0.3429091,0.00152,0.00665
UTP4,-0.14219655,0.00184,0.00666
PAK1IP1,0.358934,0.00152,0.00666
PZP,-0.32586485,0.00184,0.00668
TSN,-0.1521976,0.00152,0.00668
HTT,0.3288537,0.00152,0.00668
TTYH1,-1.5499703,0.00152,0.00668
STXBP5,0.12774106,0.00184,0.00669
PRR15-DT,-0.36883678,0.00185,0.00669
EPN2-AS1,0.18791074,0.00185,0.0067
LOC105371028,0.37277002,0.00185,0.0067
HOXB5,-0.5652126,0.00153,0.0067
EBLN3P,0.08104839,0.00185,0.00671
MYO1A,0.33003434,0.00185,0.00671
MFSD5,0.16289447,0.00185,0.00671
SLC16A5,-0.2995693,0.00154,0.00673
LOC107985225,0.59462826,0.00186,0.00673
HCFC2,0.0943605,0.00186,0.00674
ZMYND15,-0.24599804,0.00186,0.00674
BTN3A2,0.5839766,0.00154,0.00674
ZMYM2,0.0988225,0.00186,0.00674
FBXO48,0.15973586,0.00186,0.00674
SNHG22,0.17084976,0.00187,0.00675
CARMN,-0.29042065,0.00187,0.00675
CDIPT,0.3455955,0.00155,0.00676
LOC105373207,0.40640274,0.00187,0.00676
ADGB,0.3986414,0.00187,0.00676
SNORA101B,0.26260209,0.00187,0.00677
FAM219B,0.09446067,0.00187,0.00677
PRB4,-2.0072747,0.00155,0.00677
LOC105372295,0.18307029,0.00189,0.00682
LRP4,0.25479382,0.00188,0.00682
MAGEL2,-0.54856219,0.00189,0.00682
OVOL2,0.31450661,0.00189,0.00682
THAP1,-0.147532,0.00189,0.00683
BRAF,0.08200324,0.00189,0.00683
FAM88E,0.41983512,0.0019,0.00684
LRP4-AS1,0.29364241,0.00189,0.00684
CRTAP,0.11859478,0.00189,0.00684
GPR89B,0.09744004,0.00189,0.00684
NELL1,0.99514093,0.00189,0.00684
MACROD2,0.26920278,0.0019,0.00685
SRP14-DT,0.23182194,0.0019,0.00685
PGS1,-0.1167204,0.0019,0.00685
LOC105371082,0.25915391,0.0019,0.00685
LOC105371816,-0.32547325,0.0019,0.00685
ZCCHC10,0.290531,0.00157,0.00685
LINC00886,0.37059817,0.0019,0.00686
SUSD5,-1.0878343,0.00158,0.00686
POLR3G,0.17370625,0.0019,0.00686
SNORD114-20,0.49490917,0.0019,0.00686
IL1RAPL2,-1.3729626,0.00158,0.00689
ZNF33A,0.10351545,0.00191,0.00689
IARS2,0.09621603,0.00192,0.0069
ZNF600,0.1391432,0.00192,0.00692
USF1,-0.08728461,0.00192,0.00692
RGS12,-0.3172578,0.00159,0.00692
LRRC75B,0.20406877,0.00192,0.00693
KDM5B,0.11618766,0.00192,0.00693
KLF10,0.2904811,0.0016,0.00694
KCNK12,1.5124391,0.0016,0.00695
TMPRSS7,0.4148554,0.00193,0.00696
TGFB1I1,0.2623044,0.00161,0.00697
RIT1,-0.09072296,0.00194,0.00697
ALDH6A1,-0.3672886,0.00161,0.00698
ZNF850,0.09831997,0.00194,0.00698
IER2,0.3263759,0.00161,0.00699
SPINK8,0.46494485,0.00195,0.00701
HOXA11,-0.30228061,0.00195,0.00701
ABLIM3,-0.26472749,0.00195,0.00701
ZFY,-1.8765595,0.00162,0.00702
INCENP,0.14973136,0.00195,0.00702
LTN1,-0.2790356,0.00162,0.00702
KLHDC8A,-1.2494231,0.00162,0.00703
ZNF833P,0.16915275,0.00195,0.00703
ELOA,0.2683058,0.00163,0.00704
GABRQ,-1.4967043,0.00163,0.00704
LOC105376418,0.2743373,0.00196,0.00705
HARS2,0.2041139,0.00163,0.00705
JRK,0.10563802,0.00196,0.00706
GAL3ST3,0.46947871,0.00196,0.00706
LOC102723458,-0.54916584,0.00197,0.00707
SBNO1,0.06721738,0.00197,0.00707
GLRA1,-0.3714441,0.00197,0.00708
UBE2Q2P16,0.27284692,0.00197,0.00708
TRABD2A,-0.39044061,0.00197,0.00708
DYRK1A,-0.3762533,0.00164,0.00708
TRIP13,-0.24570739,0.00197,0.00709
TLNRD1,-0.17891072,0.00198,0.00709
LOC101927911,-0.31653781,0.00197,0.00709
DIXDC1,-0.3626791,0.00164,0.00709
USP3,0.10392749,0.00197,0.00709
SNORD62B,-0.33171359,0.00198,0.00709
LOC105369863,0.50120715,0.00198,0.0071
AGO1,0.08358611,0.00198,0.0071
R3HCC1L,-1.7955258,0.00165,0.00712
SCARNA5,0.17039112,0.00198,0.00712
LOC105375798,0.29221359,0.00199,0.00714
MEP1B,0.26436068,0.00199,0.00715
RAB33B-AS1,0.12133093,0.002,0.00715
LOC105373331,-0.36092017,0.00199,0.00715
MACC1-DT,0.34186919,0.00199,0.00715
TMEM168,0.12114686,0.00199,0.00715
MPST,0.21865028,0.00199,0.00715
FRMD6-AS1,0.12521658,0.00199,0.00715
FMN1,0.1450046,0.002,0.00716
NCBP1,0.06926875,0.002,0.00716
ZNF346,0.08263632,0.002,0.00716
ACTR10,0.08994026,0.00201,0.00718
NEUROG1,-1.223812,0.00167,0.00718
CTBP2,0.2635484,0.00166,0.00718
CORO2A,0.18542382,0.00201,0.00718
CADPS2,-0.19222012,0.002,0.00718
USP8,0.08283624,0.00201,0.00719
VAC14,-0.5208053,0.00167,0.00719
ADAM17,-0.2909626,0.00168,0.00721
MUC20,0.45447199,0.00201,0.00721
GPC1-AS1,-0.8424458,0.00167,0.00721
BDP1,0.09517609,0.00201,0.00721
POLD4,-0.5014439,0.00168,0.00721
NAA15,0.3647618,0.00168,0.00721
EHBP1L1,-0.19630651,0.00202,0.00722
STOML2,0.1624733,0.00168,0.00722
SCARNA23,0.33232629,0.00202,0.00724
LOC105376361,0.35707875,0.00203,0.00726
URI1,0.09008415,0.00203,0.00727
CAMTA2,-0.3046845,0.00169,0.00727
DGCR6,0.24092007,0.00204,0.00728
CRIP3,0.33285553,0.00204,0.00728
MOSPD2,-0.3703445,0.0017,0.00729
TTC22,-1.1707289,0.0017,0.00729
CLASP1,0.05837251,0.00204,0.00729
LINC00526,0.20950708,0.00204,0.00729
APBA3,1.1179985,0.0017,0.00729
ENDOV,0.14196652,0.00204,0.0073
CLDN14,-0.47046043,0.00205,0.00732
LOC105376270,0.431875,0.00205,0.00732
RHOD,0.19617652,0.00205,0.00732
RNASE2CP,0.47287398,0.00205,0.00732
KSR1,-0.16661329,0.00205,0.00733
WDR13,-0.2234053,0.00171,0.00735
RNF217-AS1,0.14738766,0.00206,0.00736
ZKSCAN5,-0.09607577,0.00206,0.00736
RRN3P1,-0.16314079,0.00207,0.00738
LRRC37B,0.12002517,0.00207,0.00738
C2ORF92,0.16726386,0.00208,0.00741
SPAST,-0.277979,0.00173,0.00741
LOC112267951,0.20237421,0.00208,0.00741
LOC441179,-0.45221205,0.00208,0.00742
CSN2,-1.2963842,0.00173,0.00742
MTF2,0.09824442,0.00208,0.00742
PRICKLE2-AS2,-0.23652568,0.00209,0.00743
PEX5,-0.3569901,0.00173,0.00743
C1QTNF7-AS1,0.1799103,0.00208,0.00743
MIR203B,0.34699687,0.00208,0.00743
HES2,0.23665765,0.00209,0.00744
RNF11,-0.2833296,0.00174,0.00744
ACMSD,0.24577629,0.00209,0.00744
RNF103-CHMP3,0.07213142,0.00209,0.00746
TAPBPL,-0.3576492,0.00175,0.00747
CERS6-AS1,0.17726679,0.0021,0.00747
LOC105371867,-0.19100364,0.0021,0.00747
NUDT21,0.09440726,0.0021,0.00747
CA14,0.09007347,0.0021,0.00747
KHDC4,0.07681729,0.0021,0.00748
PCDHGA7,0.17800557,0.0021,0.00748
LINC02515,-0.4818777,0.0021,0.00749
MTARC2,-0.3689138,0.00175,0.00749
SCAMP4,-0.5389245,0.00175,0.00749
PDE6B,0.24290789,0.0021,0.00749
DNAJB11,-0.12506666,0.00211,0.00749
RASSF9,0.19086751,0.0021,0.00749
CRABP2,-0.5149143,0.00176,0.0075
KSR2,0.47184145,0.00211,0.0075
LOC101927764,0.17921352,0.00211,0.0075
GOLGA8N,0.13025376,0.00211,0.0075
PPP1R12B,-0.5304613,0.00176,0.0075
RENBP,-0.21887715,0.00211,0.00751
USP25,0.2072839,0.00176,0.00751
ARPC5L,0.1935102,0.00176,0.00751
LOC105374314,1.49718178,0.00211,0.00751
ZNF551,0.10937946,0.00211,0.00751
ACLY,-0.26204404,0.00211,0.00751
ANKRD55,-0.41016605,0.00212,0.00752
TUBA8,-1.5697312,0.00177,0.00753
FTSJ1,-0.3181676,0.00177,0.00754
LIG3,-0.3029069,0.00177,0.00754
SNORA80B,-0.37414971,0.00213,0.00754
KCNK1,0.23081401,0.00213,0.00754
TMEM231,-0.2480344,0.00177,0.00754
LOC105371800,0.28562324,0.00212,0.00754
PIWIL4-AS1,-0.19230897,0.00213,0.00754
RBBP9,-1.8518715,0.00178,0.00756
SLC35G1,0.18290329,0.00213,0.00756
CCDC88C,-0.20232429,0.00213,0.00756
SHC4,-0.33479427,0.00213,0.00757
RMDN2,-0.23004724,0.00213,0.00757
LINC02660,0.43272048,0.00213,0.00757
SNX11,-0.11245018,0.00214,0.00758
SH2B1,-0.2968715,0.00179,0.00761
CDK17,-0.09617743,0.00215,0.00762
S100A8,-0.94510792,0.00215,0.00762
LIAS,0.09941623,0.00215,0.00763
MIR3150BHG,0.24690357,0.00215,0.00763
IRAK2,-0.24315049,0.00216,0.00765
ST13,0.12111475,0.00216,0.00765
TM6SF2,-0.51453385,0.00216,0.00765
UBXN6,-0.4234424,0.0018,0.00765
CAV2,-0.16409111,0.00216,0.00765
KLHL2,-0.10987977,0.00216,0.00765
CCDC191,0.11752538,0.00216,0.00765
LOC107986459,0.21963451,0.00216,0.00766
SCGB1A1,-1.840498,0.0018,0.00766
B4GALT6,-0.534469,0.00181,0.00768
SFXN3,-0.3948773,0.00181,0.00768
LOC105376548,-0.51522691,0.00217,0.0077
PTMS,-0.6993049,0.00181,0.0077
ASF1A,0.11638118,0.00218,0.0077
ARHGAP40,0.3087899,0.00218,0.00771
TOP2B,0.0894719,0.00218,0.00771
TRADD,0.2974958,0.00182,0.00771
LURAP1L-AS1,-0.22376597,0.00218,0.00771
FCN2,-0.74050746,0.00218,0.00772
WBP2,-0.3415911,0.00182,0.00772
TUSC2,-0.3148974,0.00182,0.00772
TMEM43,0.10687873,0.00219,0.00774
SNX13,-0.4024367,0.00183,0.00774
PCMT1,0.08360613,0.00219,0.00774
TMOD3,-0.7684901,0.00183,0.00774
KIF6,0.36454714,0.00219,0.00775
CYP26B1,-0.488542,0.00184,0.00777
HMGCS2,-0.7579463,0.00184,0.00777
LOC107986924,0.28213484,0.0022,0.00779
THEM4,-0.16180042,0.00221,0.0078
HOOK1,0.4474351,0.00185,0.0078
SMARCD1,-0.11871503,0.00221,0.00781
LOC107986167,-0.33073593,0.00221,0.00781
UPF1,0.2702751,0.00185,0.00781
HGS,-0.3189099,0.00185,0.00782
MIGA2,0.19044753,0.00221,0.00782
LDHA,-0.14052102,0.00222,0.00784
NHLRC4,-0.31364006,0.00222,0.00784
PDE4DIP,-0.13944785,0.00222,0.00784
C1QBP,0.2188214,0.00186,0.00785
SP1,-1.5025413,0.00186,0.00785
LOC105369402,-0.18296141,0.00223,0.00785
LOC399975,0.14842195,0.00222,0.00785
LOC100101148,0.16962964,0.00222,0.00785
LOC107986169,0.34671763,0.00223,0.00786
PIK3CD-AS2,-0.390227,0.00223,0.00786
TRAK1,-0.2346657,0.00186,0.00786
KCNAB1,-0.4946978,0.00186,0.00786
C20ORF203,0.30265598,0.00223,0.00786
LOC105375087,0.54856726,0.00223,0.00787
WDR6,-0.18627145,0.00224,0.00788
SIGIRR,-0.18047427,0.00223,0.00788
CTH,0.27980958,0.00223,0.00788
ERC1,0.6902224,0.00187,0.00788
LCE2A,0.30785987,0.00224,0.00789
LOC101928217,0.46989038,0.00224,0.00789
CCDC77,0.14043427,0.00224,0.0079
RHOBTB3,-0.15417686,0.00225,0.00793
LOC107985164,-0.38739848,0.00225,0.00793
ADGRD2,0.46291755,0.00225,0.00793
HBD,1.09977818,0.00225,0.00794
LOC107984671,-0.40743846,0.00225,0.00794
TNS2,-0.5061703,0.00189,0.00794
LY6G5B,0.19119673,0.00226,0.00795
GATC,-0.6242633,0.00189,0.00795
NT5DC1,0.10466819,0.00226,0.00796
ARSA,-0.18766444,0.00226,0.00796
ARRDC5,-0.2183275,0.00226,0.00796
IL1F10,0.35156032,0.00226,0.00796
LOC105371277,0.30361288,0.00226,0.00796
SNX4,-0.2300355,0.0019,0.00797
PFKFB2,-0.3512216,0.0019,0.00799
TIFA,0.17043575,0.00227,0.00799
EPHA6,0.3534346,0.00228,0.00801
TRH-GTG1-8,0.36058939,0.00228,0.00801
CHCHD6,0.13528004,0.00228,0.00802
EPX,-1.4735933,0.00191,0.00802
USP30,0.09621111,0.00228,0.00802
NCAPD2,0.4963663,0.00191,0.00803
PDCD4-AS1,-0.2850622,0.00229,0.00804
SLC23A2,-0.3349101,0.00192,0.00804
RNASEK-C17ORF49,-0.08164273,0.00229,0.00805
LOC105371912,-0.44636116,0.00229,0.00806
LOC112268277,0.14359514,0.0023,0.00807
BLTP3A,-0.08543584,0.0023,0.00807
TFAP2A-AS2,0.14740438,0.0023,0.00807
LOC105376240,-0.36017976,0.0023,0.00808
LOC105377485,0.14731886,0.0023,0.00808
PRDX3,-0.14086787,0.0023,0.00808
EEF1DP3,0.19641275,0.00231,0.0081
MAPK15,0.31098029,0.00231,0.0081
CUEDC2,-0.09954799,0.00231,0.0081
UNC119B,0.2301089,0.00193,0.00811
TWIST1,0.23438146,0.00231,0.00811
DEGS2,0.2398614,0.00231,0.00811
POLR3D,-0.10162639,0.00232,0.00812
CYP20A1,-0.3308758,0.00194,0.00812
LOC105373585,-0.51429794,0.00232,0.00814
KLHL13,0.27093539,0.00232,0.00815
LOC107985926,-0.339646,0.00233,0.00815
RIMBP3B,-0.4085439,0.00234,0.00819
LOC105375615,-0.48670818,0.00234,0.00819
KCNIP4-IT1,0.74640044,0.00234,0.0082
CKMT2,-0.6490495,0.00196,0.0082
B4GAT1,0.12403811,0.00234,0.0082
TNKS2-DT,0.42307904,0.00234,0.00821
SLC7A11-AS1,-0.43455804,0.00235,0.00822
MYL6,-0.13077875,0.00236,0.00826
RBFOX1,0.42692406,0.00236,0.00827
LOC101928631,0.17980559,0.00236,0.00827
LOC105369306,0.43340532,0.00237,0.00829
RTN1,-0.25233703,0.00237,0.00829
GOSR2,-0.2946143,0.00199,0.00831
CROCCP3,0.11191658,0.00237,0.00831
LOC107985201,-0.24743698,0.00238,0.00831
MYL9,-0.7944349,0.00199,0.00832
MICALCL,0.16866026,0.00238,0.00833
MIR155HG,-0.27074643,0.00238,0.00833
MGC12916,-0.2212484,0.00239,0.00834
ARHGAP33,-0.9773359,0.002,0.00834
LOC107984112,-0.2225461,0.00239,0.00835
SIGLEC16,-0.36339537,0.00239,0.00835
ABHD2,-0.11673012,0.00239,0.00835
EPM2A,-0.15433246,0.0024,0.00836
LOC107985917,0.19973903,0.00239,0.00836
SH2D5,-0.53029641,0.00239,0.00836
PAK6,0.24133587,0.0024,0.00838
LOC107984308,-0.24265117,0.00241,0.00839
ALDH1L1,-0.70057527,0.00241,0.00841
CAMSAP1-DT,0.17550472,0.00241,0.00841
GTF2IP20,0.13697546,0.00241,0.00841
FAM107B,-0.16129761,0.00241,0.00841
LOC105379504,0.19807477,0.00241,0.00841
SNHG29,0.14277395,0.00242,0.00842
MIR3658,-0.23818736,0.00242,0.00843
TNFRSF17,1.4191493,0.00202,0.00843
ARB2A,0.2414029,0.00202,0.00844
ACBD5,0.11592698,0.00243,0.00846
LOC105376506,0.25730437,0.00243,0.00846
TOP6BL,-0.3424511,0.00203,0.00846
IL20RB-AS1,0.15093233,0.00243,0.00848
TEX29,-0.20732066,0.00243,0.00848
AGAP2,-0.20963622,0.00244,0.00848
LOC105378532,-0.34501338,0.00244,0.00849
FLG-AS1,0.30603429,0.00244,0.00849
CLCN3,0.11532681,0.00244,0.00849
SLFNL1,-0.1915621,0.00245,0.00851
TGM5,0.26502618,0.00245,0.00852
LOC105374959,0.51291098,0.00245,0.00852
FNDC10,-0.2825955,0.00245,0.00853
CYP3A43,-0.8708835,0.00205,0.00853
LOC102724788,0.29638708,0.00245,0.00853
IER5,0.12836064,0.00245,0.00853
SLC41A3-AS1,0.33889646,0.00246,0.00854
LOC105379525,0.29521909,0.00246,0.00854
ADAM8,-0.32381729,0.00246,0.00855
SIM1-AS1,0.41752165,0.00246,0.00855
ZNF816,0.15531871,0.00246,0.00855
TBC1D3G,0.16111312,0.00247,0.00856
CYSLTR1,-0.23617552,0.00247,0.00856
COXFA4L2,-0.9244926,0.00205,0.00856
MFSD10,-0.18042315,0.00247,0.00857
CRLF2,-1.6273127,0.00206,0.00857
MTHFR,-0.9899556,0.00206,0.00858
ZNF793,0.14636479,0.00247,0.00858
PLEKHM2,-0.16672261,0.00248,0.00859
LOC102724906,-0.35460737,0.00247,0.00859
MIR6716,-0.27521397,0.00247,0.00859
TPRN,0.21878206,0.00248,0.00859
PCDHGB5,0.17366878,0.00248,0.0086
CDK20,0.15344769,0.00248,0.0086
TMEM59,0.223595,0.00207,0.0086
NCALD,-0.8651427,0.00207,0.00862
PPEF1,0.35991249,0.00249,0.00864
NEMF,0.08241362,0.00249,0.00864
FLT3,-0.34326597,0.0025,0.00865
YY2,-0.5950373,0.00208,0.00866
CXCL13,2.6629515,0.00208,0.00866
IFT54,-1.0431373,0.00208,0.00866
TRBC1,-0.44081823,0.0025,0.00867
MPZL3,0.24191738,0.00251,0.00868
PCDHB9,0.24894725,0.00252,0.00871
SETD1A,-1.0281608,0.0021,0.00871
LCN2,-1.0299168,0.0021,0.00872
MBNL2,-0.8477692,0.0021,0.00873
XYLB,-1.5179611,0.00211,0.00875
CST5,-1.5020108,0.00211,0.00875
TICRR,-0.1714248,0.00253,0.00875
RXYLT1,0.1922203,0.00211,0.00876
TDRP,-0.17223357,0.00253,0.00877
OR2T10,0.98764311,0.00253,0.00877
DBT,-0.618401,0.00212,0.00878
NRXN1,-0.6900668,0.00212,0.00878
CMC4,0.2665742,0.00212,0.00878
ZFTA,-0.18528092,0.00254,0.0088
OMD,-0.5331337,0.00213,0.0088
MID2,0.10924908,0.00255,0.00881
NUP133,0.07998722,0.00255,0.00881
TMX4,0.3835146,0.00213,0.00881
BABAM1,0.2410728,0.00213,0.00881
ZWILCH,-0.13591895,0.00255,0.00881
LOC105376004,0.48968821,0.00255,0.00881
LINC00885,0.30493111,0.00255,0.00882
PHF21A,0.3762899,0.00214,0.00883
DPY19L1,-0.16634247,0.00255,0.00883
CAMKK2,-0.3373255,0.00214,0.00884
PIP5K1C,-0.5022657,0.00214,0.00884
CBX5,0.399551,0.00215,0.00884
SNW1,0.1767228,0.00215,0.00884
BRF1,0.8592542,0.00215,0.00884
MC3R,-1.5885282,0.00215,0.00884
MTHFSD,-0.4544807,0.00215,0.00884
GALNT6,0.6699459,0.00215,0.00884
ZNF781,-0.26733816,0.00256,0.00885
SLC34A1,0.33906489,0.00256,0.00885
PHOSPHO2-KLHL23,0.1560122,0.00256,0.00885
CC2D2B,0.14891614,0.00256,0.00885
CDC73,0.08255858,0.00256,0.00885
ORAI1,0.18681151,0.00256,0.00886
GOLGA8Q,0.14631446,0.00256,0.00886
PELP1,-0.322788,0.00215,0.00886
LOC105371512,0.318464,0.00257,0.00888
LYRM4,0.1809471,0.00216,0.00889
NAA60,-0.16800144,0.00258,0.00889
TMC7,-0.25532734,0.00257,0.00889
LOC646762,-0.15331711,0.00257,0.00889
C5ORF34,0.13575794,0.00258,0.0089
SPATA5L1,0.1175621,0.00258,0.00891
UFM1,-0.2653616,0.00218,0.00895
PIP4K2C,-0.1664571,0.00218,0.00895
PEMT,-0.2936902,0.00219,0.00898
MAFB,0.3497685,0.00219,0.009
RPL27A,0.1279731,0.00261,0.009
SNX7,0.17109738,0.00261,0.009
IQCB1,0.12038562,0.00261,0.00901
MRPL40,0.2409148,0.00219,0.00901
PAIP1,-0.08511742,0.00261,0.00901
THRAP3,-0.7567949,0.0022,0.00902
CISD1,0.2935946,0.0022,0.00902
TBRG4,-0.4523883,0.0022,0.00902
RPS3,0.15277173,0.00262,0.00903
P2RY2,0.8265194,0.00221,0.00904
PROS1,0.3265366,0.00221,0.00905
TJP1,-0.1999002,0.00221,0.00906
PPP2R3B,0.19500916,0.00263,0.00906
TYW2,0.3016181,0.00222,0.00907
GPR107,0.1871041,0.00222,0.00907
RBBP8,0.3685767,0.00222,0.00907
XDH,-0.5262461,0.00221,0.00907
LOC105377725,-0.19302117,0.00264,0.00908
LOC105370733,0.89735607,0.00264,0.00908
OXCT1-AS1,0.15988171,0.00264,0.00909
CDRT15P3,-0.40730157,0.00264,0.00909
WASF3,-0.3511113,0.00222,0.00909
SNX31,-0.58040809,0.00264,0.00909
LOC107985014,0.2498271,0.00264,0.00911
TCP11L2,0.13933923,0.00265,0.00911
LIPE-AS1,-0.21799622,0.00265,0.00912
CBR1-AS1,0.13910313,0.00265,0.00912
IL17RA,-0.13147188,0.00265,0.00913
EPPK1,0.35954098,0.00265,0.00913
TWNK,0.3852794,0.00223,0.00913
DNAH8,0.63908785,0.00265,0.00913
SNORD141A,0.16778443,0.00266,0.00914
TMBIM6,-0.3096935,0.00224,0.00915
IQCH,0.1525213,0.00266,0.00915
CFAP52,0.37928542,0.00267,0.00917
CEP131,0.704893,0.00225,0.00917
LOC102723914,0.42372998,0.00267,0.00917
LINC01003,0.19979273,0.00267,0.00917
MIR1244-2,0.12153094,0.00267,0.00918
LOC105372411,0.19181188,0.00267,0.00918
PRKCZ,0.20245472,0.00267,0.00918
FAM171A2,0.25915994,0.00267,0.00918
YES1,-0.2703815,0.00225,0.00918
LOC105379251,0.26560277,0.00267,0.00918
LOC105379448,0.33125979,0.00268,0.00919
PSMD9,0.2252093,0.00226,0.00919
ADPGK-AS1,-0.14498923,0.00268,0.0092
SLC9C1,0.27099044,0.00268,0.0092
LOC105373064,-0.14613316,0.00268,0.0092
LOC105375668,0.21231963,0.00268,0.0092
HCN3,0.19915698,0.00268,0.0092
EFNA1,0.14589592,0.00268,0.0092
OSBP,-0.1845618,0.00226,0.00921
GAD1,-0.56971979,0.00269,0.00921
LOC105369820,0.18094383,0.00269,0.00922
EDC4,0.3665338,0.00227,0.00922
MIR4728,0.31896062,0.00269,0.00923
GLRX2,0.12270498,0.00269,0.00923
SSTR4,-1.1323904,0.00227,0.00924
HLA-DOB,-0.41413099,0.0027,0.00924
DPY19L1P1,-0.14699844,0.00269,0.00924
LIN28A,0.35159468,0.0027,0.00924
RHBDD2,-0.11420391,0.0027,0.00924
COMMD6,0.12033114,0.0027,0.00924
MACROH2A2,-0.1389989,0.0027,0.00925
SH3BGRL,-0.11827508,0.0027,0.00925
RNF180,0.15608047,0.0027,0.00925
LOC105375902,0.14493573,0.0027,0.00926
TNXB,0.9660813,0.00228,0.00927
LOC101928354,0.43102871,0.00271,0.00927
SRSF4,0.2692081,0.00228,0.00927
CRYBA4,-0.3209121,0.00228,0.00927
ATF3,0.5307841,0.00228,0.00927
LOC101929719,0.31976188,0.00271,0.00927
CLEC2B,0.4547081,0.00229,0.0093
TIA1,-0.3211328,0.00229,0.00931
ERF,-0.4384499,0.0023,0.00931
STAB2,-0.4463156,0.00272,0.00932
FAM13B,-0.08868134,0.00272,0.00932
FAM104A,0.07530767,0.00272,0.00932
CPEB1-AS1,0.37424713,0.00272,0.00932
SUPT3H,-0.17270935,0.00273,0.00933
TMPRSS6,0.45110832,0.00273,0.00934
SERINC3,0.09329573,0.00273,0.00935
LINC02752,-0.40678394,0.00273,0.00935
ESPN,0.29920023,0.00274,0.00936
KLK13,-0.6584545,0.00231,0.00936
LOC105369568,-0.45035255,0.00274,0.00937
LOC401021,-0.20693541,0.00274,0.00937
PCDHGC3,-1.2088864,0.00232,0.00939
YIPF1,-0.09215402,0.00275,0.00939
MAPK4,-1.5126908,0.00232,0.00939
LINC00342,0.13419415,0.00275,0.0094
LOC107985921,0.1487721,0.00275,0.00941
SLC19A2,0.19705603,0.00276,0.00942
TFCP2,-0.07987194,0.00276,0.00942
RNF138P1,-0.16695912,0.00276,0.00942
GPR32,-1.8067558,0.00233,0.00943
OSBPL10-AS1,-0.26558648,0.00277,0.00944
SHFL,-0.20720426,0.00277,0.00944
ZZZ3,0.09232788,0.00277,0.00945
PRSS48,0.13794632,0.00278,0.00947
TSHB,-0.7454701,0.00235,0.00949
FAM199X,0.07705244,0.00278,0.00949
PCP4,0.8959178,0.00235,0.0095
TRABD2B,-0.26371313,0.00278,0.0095
SLC25A2,0.29005398,0.00279,0.00951
LOC105378021,0.51972397,0.00279,0.00951
LOC157273,0.5340027,0.0028,0.00954
PRR7,0.23106682,0.0028,0.00954
DPF3,0.19581653,0.0028,0.00954
MIR6773,0.27945355,0.0028,0.00954
VSIG10L2,-0.39735284,0.0028,0.00954
TEP1,-0.1004893,0.0028,0.00954
ZNF524,0.18125314,0.0028,0.00954
MRTFA,-0.17709771,0.0028,0.00955
DYM-AS1,0.25664135,0.00281,0.00956
OFD1,0.11383795,0.00281,0.00956
ZDHHC3,0.08927097,0.00281,0.00956
TSPAN5-DT,0.29155199,0.00281,0.00957
INVS,-0.09919221,0.00281,0.00957
LOC107986307,0.36622377,0.00281,0.00958
MMRN1,-0.7741625,0.00237,0.00958
AP2A2,-0.16962937,0.00282,0.00959
PFKFB4,-1.0831103,0.00238,0.00959
TMEM80,-0.3058646,0.00238,0.00959
TMEM45B,0.26764582,0.00282,0.00959
IGF2BP3,1.5650208,0.00238,0.00959
ZSCAN26,-0.2994993,0.00238,0.00959
PEX19,-0.2639183,0.00238,0.00959
LOC107986603,-0.18541176,0.00282,0.00959
LOC102724382,-0.2940499,0.00282,0.0096
SMC3,0.10268476,0.00282,0.0096
CLUHP3,-0.5072926,0.00239,0.0096
DLGAP4,-0.1943753,0.00239,0.0096
HSFX2,0.18654097,0.00283,0.00961
CNOT10,0.08861291,0.00283,0.00962
ARHGEF9,0.06827101,0.00283,0.00962
MYH15,0.3065759,0.00283,0.00963
RXRA,0.2571467,0.00283,0.00963
RNF216,-0.06747887,0.00284,0.00964
CHRDL1,-0.555725,0.0024,0.00966
CHMP3,0.07357795,0.00285,0.00967
LOC107984871,-0.44459591,0.00285,0.00967
H3C8,-1.3556981,0.00241,0.00969
H1-2,-0.16473072,0.00285,0.00969
CMTM6,0.2167629,0.00241,0.0097
RAB26,-0.4479264,0.00242,0.00972
IFT140,-0.7622654,0.00242,0.00973
RMDN1,0.08063543,0.00287,0.00975
LOC105373184,0.35006911,0.00288,0.00976
NUAK1,0.5148247,0.00243,0.00976
MRPL38,0.10991101,0.00287,0.00976
ZNF324B,0.14375158,0.00288,0.00976
LOC105371125,-0.40258606,0.00288,0.00977
ELOVL1,-0.4948799,0.00244,0.00978
ZNG1F,0.15322595,0.00288,0.00978
LOC105372898,-0.68306269,0.00289,0.0098
LOC101929432,0.55034762,0.00289,0.0098
LRRC53,0.47819103,0.00289,0.0098
EPIC1,0.24160051,0.00289,0.0098
COX19,0.10543815,0.00289,0.00981
C1GALT1,0.3839315,0.00245,0.00981
LOC286083,-0.49367036,0.00289,0.00981
RAMP2,-0.21515953,0.0029,0.00982
PPP2R2A,0.2098298,0.00245,0.00982
RHOXF2,0.22524388,0.0029,0.00982
TMSB15A,0.6923754,0.00245,0.00982
RRAS,-0.4448622,0.00246,0.00982
LOC105374010,0.15789782,0.0029,0.00983
CHMP7,-0.09936697,0.0029,0.00983
SNRPB,-0.2552403,0.00246,0.00983
LOC100128494,0.11396343,0.0029,0.00984
SCARNA1,0.21949169,0.00291,0.00984
LNCTAM34A,-0.28116126,0.00291,0.00985
TRMT13,0.09715891,0.00291,0.00986
NXPE2,0.23628382,0.00292,0.00989
ITGB8-AS1,0.27540978,0.00292,0.00989
COMMD5P1,0.22829212,0.00292,0.00989
TRAV9-2,-1.6771461,0.00248,0.00989
USP6NL,-0.3460365,0.00248,0.00991
VTI1B,0.2298213,0.00249,0.00992
RPAIN,0.08184195,0.00293,0.00993
NECAB3,-0.2773741,0.00249,0.00994
LOC101928237,0.16840494,0.00294,0.00995
NUBPL,0.10186706,0.00294,0.00995
AFG2B,0.3151716,0.0025,0.00995
PRKCSH,-0.3646095,0.00251,0.00999
DUSP1,-0.7249346,0.00253,0.01
LACTB,-0.11744805,0.00296,0.01
CLCN7,-0.2948487,0.00253,0.01
ATP11B,0.13178954,0.00296,0.01
GFUS,-0.16686659,0.00297,0.01
FAM107A,-0.498992,0.00252,0.01
TRAK2,-0.11943019,0.00296,0.01
PET117,0.09853243,0.00296,0.01
UNC50,-0.1996093,0.00251,0.01
GARIN1A,-0.16669477,0.00296,0.01
TSTD2,-0.0755517,0.00297,0.01
GART,-0.4246602,0.00251,0.01
CABP1,-1.2114241,0.00252,0.01
CCDC87,-1.248199,0.00253,0.0101
WNT10B,-0.6265998,0.00257,0.0101
ENTPD5,-1.3467937,0.00255,0.0101
SMIM7,-0.1826731,0.00256,0.0101
YBX2,-0.8407159,0.00254,0.0101
LCE1B,0.26326853,0.00298,0.0101
WASH3P,0.19749697,0.00299,0.0101
TMSB15B,0.18914108,0.00301,0.0101
ZNF595,0.13457321,0.00299,0.0101
SLC25A16,-0.08930172,0.003,0.0101
PCF11,0.09801997,0.00298,0.0101
JADE1,0.4154717,0.00255,0.0101
NCR1,-1.0067093,0.00257,0.0101
TFR2,-0.3470042,0.00255,0.0101
TK2,-0.14130329,0.003,0.0101
ZNF496-DT,-0.24833825,0.00298,0.0101
CRTC3-AS1,-0.19844956,0.003,0.0101
SCARNA9,0.20127688,0.003,0.0101
KIRREL1-IT1,-0.16791865,0.00298,0.0101
NUP155,0.2315014,0.00255,0.0101
CEP350,0.2609562,0.00256,0.0101
ZNF791,0.07495126,0.00301,0.0101
LINC02913,-0.30507048,0.00301,0.0101
COX7A2L,0.3535074,0.00256,0.0101
C1ORF112,0.10088418,0.00299,0.0101
CKM,0.38441414,0.003,0.0101
LZTR1,-0.3442503,0.00257,0.0101
LINC00314,0.45377105,0.00302,0.0102
RBM26-AS1,0.1912419,0.00301,0.0102
ARFGAP3,-0.11122396,0.00302,0.0102
LOC105372310,-0.31283496,0.00302,0.0102
CPS1-IT1,-1.257624,0.00258,0.0102
MAP4,0.1778632,0.00258,0.0102
BVES,-0.23033219,0.00304,0.0102
LINC00222,-0.39061208,0.00302,0.0102
LOC112268423,0.19092877,0.00304,0.0102
LOC107984317,0.12316641,0.00302,0.0102
TPMT,0.2871055,0.00261,0.0103
LINC01415,0.23563287,0.00306,0.0103
SIDT1,-0.23227523,0.00306,0.0103
LIPK,0.35131755,0.00305,0.0103
PRRG4,0.17983474,0.00307,0.0103
COX6C,0.169394,0.00307,0.0103
FBXW7-AS1,0.20632152,0.00305,0.0103
UBP1,-0.06499858,0.00305,0.0103
LOC101928092,0.26962983,0.00308,0.0103
LOC727978,0.1553237,0.00306,0.0103
LGALS8,0.08927232,0.00308,0.0103
NSMCE1,-0.10669556,0.00307,0.0103
ZNF226,0.09806892,0.00305,0.0103
LOC105374362,-0.26413645,0.00306,0.0103
RPS4X,0.21533672,0.00307,0.0103
INHA,-0.5438854,0.00262,0.0103
MDC1,-0.3080678,0.00262,0.0103
CTNS,-0.2208085,0.00262,0.0103
HELZ2,-0.36240936,0.0031,0.0104
CDKL4,-0.17025314,0.00311,0.0104
CLDN24,-0.29247059,0.0031,0.0104
MRPS25,0.06304106,0.00309,0.0104
CDK5RAP3,0.07746315,0.0031,0.0104
LOC107985553,-0.33392413,0.00311,0.0104
LOC107985487,0.16986494,0.0031,0.0104
TMEM54,0.17979196,0.00311,0.0104
LOC105374618,-0.33313805,0.00311,0.0104
PIGQ,-0.450537,0.00264,0.0104
SYCE2,0.20456518,0.00311,0.0104
ABCC6,-0.40517158,0.00308,0.0104
SLC25A24,-0.10083312,0.00309,0.0104
URGCP-MRPS24,0.08925801,0.00311,0.0104
GCC2-AS1,-0.205457,0.0031,0.0104
LINC01940,-0.32438984,0.00311,0.0104
PKP2,-0.5187303,0.00264,0.0104
LOC105372106,-0.19507271,0.00309,0.0104
LOC105371843,0.35654491,0.00309,0.0104
TCEA2,-0.4586351,0.00263,0.0104
LRIF1,-0.2458581,0.00266,0.0105
FAM95C,0.31846447,0.00315,0.0105
WDR74,-0.2656013,0.00267,0.0105
SNORA59A,0.15871713,0.00315,0.0105
SPATA17,-0.3698721,0.00312,0.0105
LOC105373973,0.16116845,0.00312,0.0105
SLC35B2,-0.11338217,0.00313,0.0105
ACADL,0.24718342,0.00314,0.0105
ZXDB,-1.8685362,0.00266,0.0105
STIM2,0.0834246,0.00313,0.0105
ACAD8,-0.5658669,0.00267,0.0105
MNS1,0.15256231,0.00312,0.0105
SRGAP2,0.1411799,0.00313,0.0105
CYYR1-AS1,-0.19670756,0.00313,0.0105
FAM25G,0.35090462,0.00313,0.0105
JUP,0.23546008,0.00317,0.0106
LOC102723733,-0.40745508,0.00316,0.0106
NAV2,-0.4246742,0.00269,0.0106
LOC101929998,0.40546753,0.00317,0.0106
NDUFS4,0.12583079,0.00317,0.0106
MIR6859-1,0.25771279,0.00319,0.0106
BMP7,0.25371071,0.00319,0.0106
NACA4P,0.30785097,0.00318,0.0106
BTG1,0.11561247,0.00316,0.0106
ITGB8,0.17124382,0.00318,0.0106
LOC105371933,-0.30030087,0.00317,0.0106
LOC105372857,-0.42309972,0.00316,0.0106
CHL1-AS1,-0.24608201,0.00316,0.0106
C22ORF39,0.07710563,0.00318,0.0106
ZNF699,0.10751553,0.00318,0.0106
LOC105374732,-0.41962967,0.00318,0.0106
LOC105377054,0.46972811,0.00316,0.0106
GAREM1,0.13740937,0.00317,0.0106
AACSP1,0.62427013,0.00316,0.0106
C2ORF49,0.08738363,0.00316,0.0106
NDUFS8,-0.2513579,0.00269,0.0106
NCR3,-0.47370058,0.0032,0.0107
PCDHGA5,0.17923031,0.0032,0.0107
LOC107984714,0.2115771,0.0032,0.0107
CDK7,0.13864107,0.0032,0.0107
INSM1,-1.0616553,0.00273,0.0107
SDR16C5,0.24305491,0.0032,0.0107
FAM53C,-0.07867204,0.00319,0.0107
PARGP1,0.09857795,0.00321,0.0107
LOC107987296,0.26042438,0.00323,0.0107
TIAF1,0.14087836,0.00323,0.0107
TIPIN,0.11778048,0.00322,0.0107
TTC3P1,0.18339428,0.00319,0.0107
ZNF280A,-0.9839834,0.00274,0.0107
DAGLA,-1.3112055,0.00272,0.0107
H4C8,-1.4429523,0.00273,0.0107
MIR603,-0.30711874,0.00322,0.0107
SCGB3A2,0.31487667,0.00321,0.0107
LOC112268434,-0.44849974,0.0032,0.0107
REST,0.06805336,0.00321,0.0107
PTPRG,-0.17071387,0.00319,0.0107
MIPEP,0.3557262,0.00272,0.0107
RNF44,0.2402165,0.00272,0.0107
YBX3P1,0.28257002,0.00325,0.0108
MFSD14CP,0.08227389,0.00326,0.0108
CYP3A5,0.21941221,0.00326,0.0108
DUSP23,-0.12660403,0.00324,0.0108
LOC105369583,0.4093169,0.00323,0.0108
PCDHB12,0.23866735,0.00325,0.0108
LCE1F,0.27535231,0.00324,0.0108
SLC22A11,-1.3651586,0.00275,0.0108
AK3,0.12900412,0.00323,0.0108
LOC105374318,0.37127011,0.00324,0.0108
GABARAP,-0.1771782,0.00276,0.0108
BBS12,-0.15197612,0.00325,0.0108
NAALAD2,-0.5101581,0.00278,0.0108
MAGEH1,0.2892236,0.00276,0.0108
NCOA1,0.07794086,0.00326,0.0108
FAM83G,0.23010625,0.00325,0.0108
MMP15,-0.26478117,0.00323,0.0108
TBC1D3D,0.16340083,0.00327,0.0108
TSKU,-0.4122968,0.00281,0.0109
CCDC183,0.19591581,0.00327,0.0109
KLK10,-0.413453,0.00278,0.0109
LINC02298,0.25489846,0.00329,0.0109
HOXC-AS1,0.28114972,0.00328,0.0109
ADGRE5,-0.2456445,0.00327,0.0109
PSENEN,-0.11733343,0.00327,0.0109
LOC105371578,0.33849689,0.00328,0.0109
ABHD5,-0.5644624,0.00279,0.0109
MYL3,-1.2153145,0.00278,0.0109
CCDC141,-0.27202887,0.00328,0.0109
IFIH1,-0.33955752,0.00329,0.0109
C16ORF89,-0.49280854,0.00329,0.0109
EMP1,0.1971865,0.00281,0.0109
RABL2A,0.13864139,0.00332,0.011
SLF2,-0.3299797,0.00282,0.011
LINC00243,-0.47545078,0.00333,0.011
NDUFC1,0.2112746,0.00283,0.011
PCM1,0.07933231,0.00332,0.011
SRPK3,0.25054636,0.00332,0.011
RSF1,0.2940166,0.00281,0.011
LINC02767,0.28369421,0.00333,0.011
FAM153B,0.42704671,0.00331,0.011
RTL1,-0.3097137,0.00331,0.011
LOC105374101,-0.28473095,0.00331,0.011
C6ORF141,0.22359536,0.00332,0.011
CYP2S1,-0.32000285,0.00337,0.0111
INTS1,-0.2960325,0.00284,0.0111
LOC107984118,-0.75079509,0.00334,0.0111
FAM83C-AS1,0.25589929,0.00334,0.0111
ULBP3,-0.31675712,0.00336,0.0111
LINC01465,-0.12613191,0.00337,0.0111
USP37,0.09473134,0.00334,0.0111
SMOX,-0.3347665,0.00285,0.0111
MEG9,-0.3545904,0.00334,0.0111
CDH4,0.53866899,0.00336,0.0111
PTPRH,-1.2517499,0.0029,0.0112
ATRAID,0.1776329,0.00288,0.0112
OR7E47P,0.26287131,0.00338,0.0112
PDE9A-AS1,-0.42542139,0.00337,0.0112
MYHAS,-0.35011291,0.0034,0.0112
AIDA,-0.10166895,0.00338,0.0112
CFTR,0.50734061,0.00338,0.0112
LOC107984035,0.24567063,0.0034,0.0112
TRAM1L1,0.18731766,0.00338,0.0112
LOC107986356,0.24027617,0.00337,0.0112
FBXO9,0.08201442,0.00342,0.0113
LOC105370152,0.22470507,0.00342,0.0113
LOC107985795,-0.36382301,0.00342,0.0113
ADCY5,-0.33223385,0.0034,0.0113
YAF2,-0.2934184,0.00291,0.0113
AGL,-0.2443766,0.00292,0.0113
LOC112268419,0.10133357,0.00342,0.0113
GNRHR,-1.0486762,0.0029,0.0113
PDE6D,0.2285521,0.00292,0.0113
KRT3,0.55897825,0.00341,0.0113
MIR7703,-0.211235,0.00341,0.0113
DDX46,0.08953287,0.00343,0.0113
TAF9,0.200016,0.00295,0.0114
EHHADH,-0.4453289,0.00296,0.0114
LINC02983,0.19930281,0.00346,0.0114
ACADM,-0.8374602,0.00295,0.0114
KLK6,-1.2835692,0.00296,0.0114
ATXN7,-0.3588306,0.00294,0.0114
JPH1,0.27081707,0.00346,0.0114
KCNMB1,-0.5760942,0.00295,0.0114
DPRXP4,-0.14813768,0.00346,0.0114
CYSRT1,0.28545705,0.00347,0.0114
MRPL43,0.07070147,0.00345,0.0114
POU3F1,0.27554497,0.00345,0.0114
OCLNP1,0.32715603,0.00344,0.0114
TXNDC15,-0.09554902,0.00346,0.0114
LOC101929950,0.12047346,0.00345,0.0114
AHSA2P,-0.5976239,0.00296,0.0114
TRAJ39,0.41566047,0.00344,0.0114
SLC35H1,-0.2895538,0.00299,0.0115
LMO2,0.3295209,0.00299,0.0115
MIR6859-3,0.23668306,0.00348,0.0115
ATG14,0.09467566,0.00349,0.0115
MTRF1,0.09167798,0.00351,0.0115
ITPA,0.1691674,0.00297,0.0115
CHCHD3,-0.08225907,0.00348,0.0115
PRAF2,-0.29321788,0.00351,0.0115
PIGF,-0.08570598,0.00348,0.0115
NSUN6,0.09740896,0.00348,0.0115
NABP1-OT1,-0.26700832,0.00349,0.0115
RND3,0.2900005,0.00296,0.0115
PLCB4,-0.6499599,0.00297,0.0115
ZNF567-DT,0.16938858,0.00348,0.0115
CALCR,-0.48644579,0.00351,0.0115
LOC105373872,0.41397124,0.00349,0.0115
ZNF112,0.11726944,0.0035,0.0115
PROCR,-0.20250244,0.00351,0.0115
PRPF40A,0.1952765,0.00298,0.0115
SDC1,0.18611446,0.00351,0.0116
GOLGA8R,0.14267547,0.00353,0.0116
NFE2L2,0.12912482,0.00354,0.0116
AP3B2,0.32635345,0.00354,0.0116
LINC02344,-0.24951385,0.00352,0.0116
FGF10-AS1,-0.40998521,0.00355,0.0116
PCLAF,0.3939838,0.00302,0.0116
LOC105375936,0.28477203,0.00353,0.0116
RAB6B,-0.15696218,0.00354,0.0116
LOC340090,0.38029152,0.00354,0.0116
PCED1B,-0.1894951,0.00353,0.0116
LOC105374733,-0.26427955,0.00353,0.0116
LOC105369949,-0.34256759,0.00355,0.0116
CARHSP1,0.406083,0.00301,0.0116
SLC25A51,-0.08531712,0.00352,0.0116
GSTZ1,0.11142296,0.00352,0.0116
MRFAP1,-0.06628651,0.00352,0.0116
SH3PXD2A-AS1,0.18800105,0.00358,0.0117
ATP5F1E,-0.1387107,0.00359,0.0117
LOC105372065,0.21012311,0.00358,0.0117
LINC02210-CRHR1,0.23605565,0.00356,0.0117
DISP1,-0.11286538,0.00357,0.0117
LOC105378813,0.62469781,0.00355,0.0117
CFAP20DC,0.23546551,0.00356,0.0117
CORO1C,-0.10526239,0.00356,0.0117
GLA,0.1848133,0.00305,0.0117
PKHD1L1,0.40775913,0.00356,0.0117
HEATR1,0.2233923,0.00304,0.0117
LOC107986065,-0.14512272,0.00359,0.0117
GTF2H5,0.1557052,0.00305,0.0117
CCT2,-0.3454187,0.00303,0.0117
PCDH7,-0.4314721,0.00304,0.0117
SIRT1,-0.2965551,0.00306,0.0117
CRIP1,0.24030144,0.00356,0.0117
IMMP1L,0.10954704,0.00358,0.0117
LOC105377056,0.19841204,0.00358,0.0117
FGF14-IT1,0.30823138,0.00358,0.0117
LOC105372146,0.16812378,0.00356,0.0117
MIR4477B,0.23063455,0.00355,0.0117
EIF4G2,-0.08430744,0.00359,0.0117
NHERF4,-1.0500259,0.00303,0.0117
MACROD2-AS1,0.26604317,0.00356,0.0117
DPYD-AS2,-0.23394117,0.00357,0.0117
QSOX1,-0.2520503,0.00307,0.0118
ALKBH8,0.1060869,0.00361,0.0118
PGLYRP3,0.26997369,0.00361,0.0118
TEF,-1.4597464,0.00307,0.0118
SGSM3,-0.2103148,0.00308,0.0118
LOC107985868,0.27276022,0.00361,0.0118
LOC105371380,0.20916685,0.0036,0.0118
CD34,-0.5783844,0.00309,0.0119
ZNF485,0.10817611,0.00362,0.0119
BORCS6,0.12522807,0.00365,0.0119
SUZ12,0.2620224,0.00309,0.0119
CPB1,-0.999209,0.0031,0.0119
CPED1,-0.7352305,0.0031,0.0119
H1-0,-0.4298142,0.0031,0.0119
WASHC1,0.19795199,0.00363,0.0119
PRR14L,0.05727316,0.00364,0.0119
LOC105372770,-0.27676843,0.00364,0.0119
REV3L,-0.3873117,0.0031,0.0119
FUZ,-0.7786458,0.0031,0.0119
DHRS1,0.14363996,0.00368,0.012
VIRMA-DT,0.22669962,0.00367,0.012
SMAD2,0.1317889,0.00315,0.012
ST6GALNAC1,0.29152518,0.00366,0.012
FZD1,-0.3830441,0.00314,0.012
HSPB8,-0.3791983,0.00315,0.012
CCSER2,-0.2235077,0.00314,0.012
LOC107987251,0.27393613,0.00366,0.012
ALKAL2,-0.35797207,0.00368,0.012
LINC02256,0.18720605,0.00366,0.012
ALOX15P1,0.26689218,0.00366,0.012
TMEM198,-0.26203409,0.00368,0.012
DNAJC17,0.09259236,0.00367,0.012
CHRNA10,-0.8404262,0.00318,0.0121
SLC25A6,-0.2070914,0.00316,0.0121
LOC105371887,-0.14837538,0.00371,0.0121
GOLPH3L,0.3257703,0.00317,0.0121
PNMA8B,0.22738731,0.0037,0.0121
ZMPSTE24,-0.11400967,0.0037,0.0121
FBXO31,0.3703136,0.00322,0.0122
HECTD1,0.0999902,0.00373,0.0122
NPY1R,-0.6162024,0.00319,0.0122
TMEM33,0.261636,0.00323,0.0122
MANSC1,0.13022594,0.00373,0.0122
ZNF700,0.09120274,0.00375,0.0122
KRR1,0.2465362,0.00322,0.0122
NRL,-0.17246252,0.00374,0.0122
NAA11,-0.42335464,0.00373,0.0122
CEBPD,-0.21985904,0.00374,0.0122
DDX21,0.2042999,0.00321,0.0122
TXNL4A,0.1840488,0.0032,0.0122
SCYL2,-1.0932111,0.00321,0.0122
CASZ1,0.2434557,0.00372,0.0122
CHMP4A,0.2606797,0.00319,0.0122
C1ORF109,0.08104867,0.00374,0.0122
B4GALNT3,0.22866902,0.00374,0.0122
PCDHB8,-1.5571421,0.00326,0.0123
DCTN2,0.2333979,0.00326,0.0123
THBD,0.4009631,0.00326,0.0123
FRMD3,-0.13947205,0.00376,0.0123
MKNK1-AS1,-0.12387969,0.00377,0.0123
ACOT12,0.18794815,0.00376,0.0123
SOCS1,-0.9473628,0.00326,0.0123
OXLD1,0.1157143,0.00376,0.0123
RPUSD4,0.09063593,0.00377,0.0123
DYNLL1,0.15818909,0.00378,0.0123
GLIPR1L1,0.1746674,0.0038,0.0124
SPC24,-0.22399699,0.00381,0.0124
PDCL2,0.42338275,0.00382,0.0124
TSEN15,-0.12507835,0.0038,0.0124
ENDOU,0.31645677,0.00383,0.0124
SBNO2,-0.25764206,0.00381,0.0124
COL5A1-AS1,-0.44021226,0.00381,0.0124
LOC105378071,0.50764845,0.00382,0.0124
MIR604,0.19617357,0.00381,0.0124
GRK6,-0.311251,0.00329,0.0124
ZNF449,-0.13602136,0.00381,0.0124
CRY1,-0.18108486,0.0038,0.0124
LOC107985013,0.16687,0.00381,0.0124
ALPP,-0.7406283,0.00328,0.0124
LRSAM1,0.13771182,0.00384,0.0125
FSCN2,-1.6290018,0.00331,0.0125
ZNF419,0.11034739,0.00385,0.0125
LOC105373378,-0.34535027,0.00386,0.0125
KNL1,-0.22844408,0.00383,0.0125
ZNF174,-0.2421596,0.00332,0.0125
RAP2C-AS1,0.10671784,0.00385,0.0125
LOC105373289,0.34712444,0.00384,0.0125
KCNJ9,0.37223492,0.00387,0.0125
HSDL2-AS1,0.12753461,0.00384,0.0125
TMC6,-0.2098109,0.00384,0.0125
DECR2,0.6313797,0.0033,0.0125
PEX7,0.13310208,0.00387,0.0125
CA4,-0.8429183,0.00333,0.0125
PCDHGA1,-1.3487307,0.00333,0.0125
KIF27,0.13641729,0.00385,0.0125
WFDC10B,0.47532283,0.00385,0.0125
RNF114,-0.07702739,0.00384,0.0125
CACNG2,-1.6936316,0.0033,0.0125
ATP1B1,-0.6242553,0.0033,0.0125
LOC105369647,0.38972823,0.0039,0.0126
TNFRSF6B,-0.23579724,0.00391,0.0126
DLG2,0.18238969,0.00387,0.0126
HOXB1,-1.3358678,0.00334,0.0126
MGAM,-1.7140811,0.00335,0.0126
COQ7,-0.2512857,0.00336,0.0126
CPSF7,-0.3690476,0.00335,0.0126
EP300,-0.4122022,0.00334,0.0126
DNAJC27-AS1,0.25206389,0.00391,0.0126
NAPEPLD,0.10550358,0.00391,0.0126
DDX56,-0.1825843,0.00335,0.0126
TPSAB1,-1.4467766,0.00335,0.0126
CNTLN,-0.12332149,0.00387,0.0126
ST18,-0.34925598,0.00389,0.0126
EMG1,0.2474608,0.00336,0.0126
LOC105379362,-0.29122792,0.00389,0.0126
HSD17B1,0.17326365,0.00387,0.0126
MIR5193,-0.23753042,0.00387,0.0126
AKAP7,-0.11780797,0.00389,0.0126
EXOC1,0.10018236,0.0039,0.0126
ACER2,0.16770262,0.00389,0.0126
PMP22,-0.19178055,0.0039,0.0126
SNORA61,0.17991301,0.00387,0.0126
PTPN7,-0.31656126,0.00389,0.0126
HAGHL,-0.2513881,0.0039,0.0126
LOC105372282,-0.16430033,0.00394,0.0127
PLCB3,0.3901974,0.00339,0.0127
LOC105378487,-0.14397515,0.00392,0.0127
RBM28,0.07375197,0.00394,0.0127
GREB1,-1.1513646,0.00338,0.0127
GRIN2A,0.41133454,0.00393,0.0127
GPR137,-0.5173924,0.00337,0.0127
LOC101928554,0.22104876,0.00392,0.0127
ITM2C,-0.19298826,0.00392,0.0127
TMCO3,-0.08710456,0.00393,0.0127
LOC107985043,-0.3295025,0.00394,0.0127
ADA,-0.23236126,0.00393,0.0127
ABI1,-0.1954027,0.00339,0.0127
EHMT1,-1.7261687,0.00339,0.0127
SLC9A8,-0.0950837,0.00393,0.0127
ZNF480,-0.8154091,0.00342,0.0128
C11ORF87,-0.37160945,0.00396,0.0128
CASP7,-0.1816408,0.00398,0.0128
RUVBL2,0.2443364,0.00342,0.0128
MAIP1,0.1993439,0.0034,0.0128
NAT8,0.40345906,0.00396,0.0128
MYB,0.5263093,0.00342,0.0128
PCDHGB8P,0.15958464,0.00396,0.0128
GNA13,-1.3071033,0.00341,0.0128
KBTBD4,-0.2349894,0.00343,0.0128
GOLGA8O,0.12142565,0.00396,0.0128
LOC105373563,0.43852787,0.00396,0.0128
PCDHA4,-0.34775973,0.00398,0.0128
LOC105378526,-0.17431503,0.00397,0.0128
PLPP6,0.10958633,0.00395,0.0128
HDGF,0.13323881,0.00398,0.0128
SAMD11,-0.17585545,0.00398,0.0128
ZBTB1,-0.4295251,0.00343,0.0128
LRRC40,-0.1962039,0.00343,0.0128
POT1,-0.2159686,0.00343,0.0128
ARID2,0.07161475,0.00396,0.0128
B3GALNT2,0.10595245,0.00397,0.0128
LOC105375181,0.31773849,0.00398,0.0128
KLC1,-0.2306443,0.00344,0.0129
BTG2,-0.3325605,0.00347,0.0129
DCUN1D2,0.08254295,0.00402,0.0129
COL2A1,0.32925322,0.00399,0.0129
LOC100192426,-0.27293126,0.00399,0.0129
BAIAP2L1,0.11785658,0.00399,0.0129
TMEM241,-0.12098758,0.00401,0.0129
LOC105374890,0.2021452,0.00399,0.0129
LOC101929439,0.25647579,0.004,0.0129
ILDR1,0.24941037,0.00401,0.0129
PRRX2,-0.5113973,0.00346,0.0129
ZCWPW1,0.11303122,0.00405,0.013
PLAG1,0.1981457,0.00403,0.013
ACACB,-0.31991076,0.00404,0.013
HERC2P3,-0.15133119,0.00404,0.013
FAM210A,-0.10238009,0.00406,0.013
SLC27A4,0.20454528,0.00405,0.013
LINC01514,0.33868377,0.00402,0.013
LOC105375059,-0.33214285,0.00406,0.013
SNX24,0.13055343,0.00405,0.013
LOC105370002,-0.37462579,0.00404,0.013
SNORA23,0.1776653,0.00405,0.013
HNRNPA2B1,-0.07570557,0.00406,0.013
ZNF200,-0.10701522,0.00405,0.013
OR51E1,-0.44801396,0.00403,0.013
OR10V2P,0.34408696,0.00405,0.013
TGIF1,-0.08733363,0.00403,0.013
CLDN8,0.3479713,0.00405,0.013
LOC105372887,0.217985,0.00403,0.013
NDUFA13,-0.1733026,0.0035,0.013
GPR153,0.3022968,0.00348,0.013
AP5B1,0.15198078,0.00403,0.013
RAVER2,0.10092879,0.00407,0.0131
TENM1,-0.7397108,0.00352,0.0131
COL17A1,-0.4304681,0.00354,0.0131
FAM106A,-0.55488201,0.00409,0.0131
PARP4,-0.09781737,0.00409,0.0131
ZNF549,-1.8697,0.00354,0.0131
PTBP2,-0.4488593,0.00351,0.0131
ST8SIA6,0.27943458,0.00408,0.0131
SCARNA16,0.13774479,0.00407,0.0131
MIR4513,-0.36722437,0.00408,0.0131
CENPBD2P,0.4104866,0.00353,0.0131
SPIDR,-0.4265627,0.00351,0.0131
LOC112267938,0.16168207,0.00408,0.0131
LOC101928352,-0.4034955,0.00409,0.0131
LOC105374270,0.41300127,0.00414,0.0132
SERPINB8,0.21121011,0.00412,0.0132
STK17B,-0.17383989,0.00412,0.0132
NLN,-0.12293454,0.00411,0.0132
MYH16,0.30290539,0.00411,0.0132
NBR2,-1.1737076,0.00356,0.0132
FBXW7,0.17229724,0.00412,0.0132
TYRO3P,0.1564956,0.0041,0.0132
TBX2-AS1,-0.30794386,0.00411,0.0132
ADAT1,-0.11071287,0.00412,0.0132
CSRP3,-1.2093365,0.00355,0.0132
CLDND1,-0.285842,0.00357,0.0132
HPD,-1.8002061,0.00355,0.0132
LOC105375336,0.19188576,0.00411,0.0132
CALM1,-0.10812132,0.00412,0.0132
LOC105379090,-0.19441526,0.00413,0.0132
EPB41L1,-0.23523977,0.00414,0.0132
KLRC4-KLRK1,-0.32056653,0.00413,0.0132
COL6A5,-0.52258023,0.00412,0.0132
RIOX1,0.1005244,0.00412,0.0132
LOC105376147,-0.39887062,0.0041,0.0132
UTP11,0.1992399,0.00355,0.0132
DFFB,-0.16825902,0.00413,0.0132
CADM4,0.17340073,0.00412,0.0132
DROSHA,0.2150246,0.00357,0.0132
SLC12A4,-0.17974833,0.00413,0.0132
LOC107984581,-0.34425419,0.00417,0.0133
MIER3,0.10116752,0.00417,0.0133
FSCN1,-0.27104576,0.00416,0.0133
OR1J2,-0.45530181,0.00414,0.0133
TMEM121B,-0.32538927,0.00414,0.0133
TMEM209,-0.8665028,0.00358,0.0133
TRMT61A,-0.1913498,0.00359,0.0133
PTPN11,-0.4912893,0.0036,0.0133
OR2H2,0.25277978,0.00415,0.0133
ZNF75A,0.09231945,0.00416,0.0133
FOXD1,-0.4747511,0.00363,0.0134
DCAF8,-0.2015888,0.00363,0.0134
KCNJ2,0.4831891,0.00362,0.0134
USP2,0.24003428,0.00418,0.0134
NDUFC2,0.2681309,0.00361,0.0134
NPLOC4,0.3131434,0.00362,0.0134
SAXO6,-0.2157041,0.00361,0.0134
HVCN1,-0.17234023,0.00421,0.0134
LOC107984282,0.33299981,0.00419,0.0134
MC5R,-1.7862432,0.00362,0.0134
KHNYN,0.07301228,0.0042,0.0134
SERPING1,-0.31852634,0.0042,0.0134
PGCKA1,-0.4441285,0.00362,0.0134
LOC107985851,0.13976528,0.00424,0.0135
GNAL,0.14547016,0.00423,0.0135
PADI2,-0.7081752,0.00367,0.0135
DENND2D,0.4782364,0.00365,0.0135
LDLR,-0.26522006,0.00421,0.0135
KMT2E-AS1,0.084533,0.00424,0.0135
DTX2,0.18591402,0.00423,0.0135
SLBP,0.1811422,0.00367,0.0135
SNX25,0.10111619,0.00424,0.0135
LOC105374191,0.44948847,0.00423,0.0135
PHYHIP,0.40289138,0.00421,0.0135
COQ10B,0.1927404,0.00365,0.0135
JAM3,-0.13299555,0.00424,0.0135
ARHGEF2-AS2,-0.25192639,0.00423,0.0135
MRAP2,-0.21048281,0.00423,0.0135
MFSD4A-AS1,0.40080028,0.00424,0.0135
LINC01004,0.08006466,0.00423,0.0135
TM2D1,-0.2289848,0.00371,0.0136
FGF3,-1.2393496,0.00368,0.0136
LOC105377388,0.24580227,0.00427,0.0136
LINC00184,0.46188353,0.00426,0.0136
RBM25,0.09533129,0.00426,0.0136
HLA-DQA2,-0.57202631,0.00426,0.0136
ARFIP1,-0.3692131,0.00368,0.0136
GDPD3,-0.3743447,0.0037,0.0136
GTF2I,-1.3751593,0.00369,0.0136
ZNF217,0.2078238,0.00369,0.0136
FAM98A,-0.11561422,0.00429,0.0137
CFHR2,-0.7602592,0.00372,0.0137
LYST,0.15218033,0.00429,0.0137
C2CD5,-0.2578459,0.00375,0.0137
TMEM177,0.13630044,0.00429,0.0137
CNIH3,0.15816339,0.00431,0.0137
ERG28,-0.3099396,0.00371,0.0137
GPR158,-0.71486351,0.00431,0.0137
RASA1,0.07929109,0.00431,0.0137
LOC105372960,-0.218358,0.00431,0.0137
MAPKAP1,-0.3247102,0.00372,0.0137
LOC107985599,0.15937391,0.0043,0.0137
HDHD2,0.09658743,0.00433,0.0138
LINC01762,0.27932225,0.00434,0.0138
H2BC15,-0.16853308,0.00433,0.0138
LOC105372683,0.55362186,0.00435,0.0138
ASMT,0.16887913,0.00434,0.0138
LINC01750,-0.31752971,0.00433,0.0138
LOC107984789,0.22031839,0.00436,0.0138
SPR,-0.19776582,0.00434,0.0138
LOC107985783,0.14899039,0.00433,0.0138
NEBL-AS1,0.33675634,0.00434,0.0138
CPVL,-0.29814579,0.00436,0.0138
LOC105374466,-0.33459914,0.00437,0.0139
PAICS,0.2160709,0.00379,0.0139
FPGS,-0.19780619,0.00436,0.0139
CCND1,0.15170288,0.00439,0.0139
INTS6,0.10823389,0.00436,0.0139
USP48,0.06381361,0.00436,0.0139
DLG2-AS2,0.25694333,0.00439,0.0139
ENOX2,0.2010064,0.00379,0.0139
C9,-1.5027495,0.0038,0.0139
ZNF765-ZNF761,0.10499441,0.00441,0.014
LOC105378473,-0.32300233,0.00442,0.014
EPN2-IT1,0.15707589,0.00441,0.014
AMFR,-0.3312959,0.00383,0.014
EIF2S2,0.6106274,0.00383,0.014
SNORA59B,0.1838211,0.00441,0.014
NPIPB6,0.15529065,0.00441,0.014
LINC01473,0.15054076,0.00442,0.014
CHGA,-0.37857884,0.00441,0.014
CHL1-AS2,-0.26791704,0.00441,0.014
MAP1S,-0.29626729,0.00442,0.014
ZNF528,0.12706173,0.00442,0.014
LOC105370777,0.39199865,0.00441,0.014
GUSBP1,0.1841671,0.00441,0.014
PKIB,0.32933989,0.00445,0.0141
ODR4,0.2297961,0.00386,0.0141
TBXA2R,0.6044324,0.00386,0.0141
DGKH,-0.11049279,0.00445,0.0141
ADAM20,-0.9402606,0.00386,0.0141
SNCB,-0.8284263,0.00386,0.0141
LOC105376477,-0.39841187,0.00447,0.0141
RUNDC3A,-0.3018681,0.00384,0.0141
MIR1184-1,-0.33728023,0.0045,0.0142
SLC16A1-AS1,-0.14962292,0.00451,0.0142
LOC105369816,-0.20995142,0.00449,0.0142
U2AF2,-0.254417,0.00389,0.0142
PPP1R9B,-0.17931781,0.00448,0.0142
LOC105375560,-0.34989563,0.00449,0.0142
MPC1,0.15441531,0.00449,0.0142
KIF3B,-0.07719839,0.00448,0.0142
DCTN3,0.0881172,0.00449,0.0142
MTO1,0.07138378,0.00447,0.0142
LOC102723342,-0.13515701,0.00447,0.0142
OAZ2,-0.11197389,0.00451,0.0142
TSPYL1,0.07758245,0.0045,0.0142
GDF9,-0.5384396,0.00388,0.0142
RNASE2,0.37523184,0.00449,0.0142
PMM1,0.15133764,0.00449,0.0142
NPIPA7,0.11009582,0.0045,0.0142
ACAP3,0.19955151,0.00451,0.0142
DLGAP2,-0.34096141,0.00453,0.0143
CTSH,-0.16031467,0.00454,0.0143
ATG2B,0.1113889,0.00455,0.0143
UQCRBP1,0.16368004,0.00452,0.0143
TUBB1,-1.3757197,0.00392,0.0143
PELI3,0.1505245,0.00452,0.0143
LOC100419583,-0.24627542,0.00453,0.0143
IL17RD,0.16641447,0.00452,0.0143
RXRG,-1.7479597,0.00392,0.0143
TAF1A,-0.5188662,0.00393,0.0143
EPYC,2.2408764,0.00391,0.0143
DCLK3,-0.29719455,0.00454,0.0143
LOC105374352,-0.18751306,0.00455,0.0143
TRPV1,0.15366107,0.00454,0.0143
IL22,-1.3493633,0.00391,0.0143
URM1,-0.06828892,0.00456,0.0144
HOXA-AS3,0.23837342,0.00456,0.0144
LOC105373690,-0.19400475,0.00456,0.0144
DISC1-IT1,-0.27462244,0.00457,0.0144
DDX31,0.4101334,0.00396,0.0144
CHMP5,-0.3044968,0.00397,0.0144
CER1,-1.0036642,0.00394,0.0144
AMIGO2,-0.23644593,0.00456,0.0144
LOC107985535,0.38215803,0.00456,0.0144
HSF4,-1.5820537,0.00397,0.0144
NDUFB1,0.2798347,0.00394,0.0144
NMRK1,0.1624188,0.00458,0.0144
BMP10,-1.2796721,0.00398,0.0145
LOC112268155,-0.11742751,0.00459,0.0145
RIMBP3C,-0.35597916,0.00462,0.0145
RBBP7,0.08056026,0.00461,0.0145
LARGE2,0.22106274,0.0046,0.0145
G3BP2,-0.2942326,0.004,0.0145
ZNF638,0.07867686,0.00461,0.0145
TBC1D19,0.09845283,0.00459,0.0145
MTNAP1,-0.6430529,0.00398,0.0145
SLC25A17,0.16884172,0.00461,0.0145
GLI2,-0.23742308,0.0046,0.0145
C1QTNF2,0.2530527,0.00462,0.0145
LOC102724227,0.38590832,0.0046,0.0145
FBXO40,0.43695243,0.00463,0.0146
EEA1,-0.5299076,0.00403,0.0146
CEP20,0.123482,0.00465,0.0146
LOC107986075,0.31347802,0.00463,0.0146
NOLC1,-0.323285,0.00402,0.0146
EGFR-AS1,0.13300443,0.00464,0.0146
IFT57,0.1775942,0.00402,0.0146
TMEM132C,-0.38552524,0.00464,0.0146
PITPNM2-AS1,0.20350174,0.00466,0.0146
BAHCC1,-0.32448816,0.00466,0.0146
HERPUD1,-0.08830882,0.00463,0.0146
SP6,0.28448748,0.00464,0.0146
RNF135,-0.10340447,0.00464,0.0146
LOC105370041,0.14028698,0.0047,0.0147
AZIN2,-0.17388416,0.00468,0.0147
LOC105376266,-0.17397106,0.00467,0.0147
P2RY4,-0.7685548,0.00406,0.0147
CORO6,0.27717556,0.00468,0.0147
LOC283028,0.31426988,0.0047,0.0147
LINC02861,-0.3762007,0.00469,0.0147
LOC107986000,0.17077312,0.00468,0.0147
TRAPPC2,-0.2524505,0.00405,0.0147
MAP3K9-DT,0.27937293,0.00466,0.0147
STPG3-AS1,0.2568217,0.00468,0.0147
INTS3,-0.2935788,0.00406,0.0147
DNPH1,0.2067547,0.00405,0.0147
RSAD1,0.332105,0.00405,0.0147
DNAI4,-0.8643123,0.00404,0.0147
XPO6,-0.08147286,0.00468,0.0147
STEAP2,-0.22940651,0.00467,0.0147
TPK1,-0.16014825,0.00473,0.0148
DHX32,0.2518916,0.0041,0.0148
TNRC17,-0.113633,0.00472,0.0148
NDUFAF5,-1.6519854,0.00409,0.0148
ELAVL1,-0.11364613,0.00472,0.0148
PTPN2,-0.10065176,0.00472,0.0148
SESN1,0.3281671,0.00408,0.0148
MEDAG,-0.42935702,0.00472,0.0148
DHX40,0.09591752,0.00474,0.0149
TPTEP1,0.2600443,0.00475,0.0149
ANKRD6,-0.3009471,0.00412,0.0149
TMEM70,0.1561458,0.00411,0.0149
JARID2,0.222729,0.00412,0.0149
COPS5,-0.2641518,0.00413,0.0149
LOC154761,-0.2044474,0.00479,0.015
CDK3,0.13635451,0.00478,0.015
MRNIP-DT,0.18734594,0.00479,0.015
HOXC6,0.4006946,0.00414,0.015
TMEM219,-0.06409754,0.00478,0.015
TFE3,-0.2463178,0.00415,0.015
HMGCS1,-0.9770369,0.00416,0.015
ASF1B,-0.7295657,0.00417,0.015
MPRIP,-0.5659704,0.00415,0.015
ITFG2-AS1,0.12398934,0.0048,0.015
ZNF839,0.09315398,0.0048,0.015
LOC105373467,-0.51298906,0.0048,0.015
PPFIBP2,-0.274046,0.0042,0.0151
LOC112268163,-0.11126059,0.00483,0.0151
RNA18SN1,0.3772066,0.00481,0.0151
GSTT4,-1.4231539,0.0042,0.0151
NAE1,0.09373476,0.00483,0.0151
DCBLD2,1.0559767,0.00421,0.0151
LOC105376218,0.4246621,0.00483,0.0151
LINC02249,0.39084915,0.00483,0.0151
LRRC57,0.04909794,0.00484,0.0151
PIAS1,0.2819158,0.0042,0.0151
INSR,-0.4043939,0.00418,0.0151
ZNF446,-0.4056712,0.0042,0.0151
ITM2A,-0.24856706,0.00484,0.0151
MRM2,0.16608,0.00418,0.0151
TAMM41,0.1034266,0.00483,0.0151
REXO5,0.12839845,0.00482,0.0151
TRNS2,-0.26684979,0.00489,0.0152
AP1M1,-0.15146413,0.00487,0.0152
LOC107984394,0.44111874,0.00487,0.0152
ARSK,0.15136069,0.00487,0.0152
SLC22A23,0.12626793,0.00485,0.0152
LOC105374291,-0.30470006,0.00486,0.0152
ZSWIM5,0.13828791,0.00486,0.0152
NSA2,0.18214397,0.00487,0.0152
LOC105374370,0.26995475,0.00485,0.0152
KLRK1,-0.30347969,0.00485,0.0152
SMAD5,0.10279181,0.00485,0.0152
GCHFR,0.1653067,0.0049,0.0153
DNAAF10,0.08546228,0.00492,0.0153
SPATA24,-0.19414699,0.00489,0.0153
MICU2,0.08772017,0.00491,0.0153
WNT11,-0.30268749,0.00492,0.0153
RAET1E,0.23694819,0.0049,0.0153
GPC6,-0.27011193,0.0049,0.0153
NTM,-0.33391694,0.00491,0.0153
ETV3,0.13823622,0.00491,0.0153
CLEC4A,-0.17833337,0.00492,0.0153
SPRR2G,-0.70259385,0.00493,0.0154
TNK1,-0.3002229,0.00429,0.0154
FAM201A,0.32049045,0.00496,0.0154
FOLH1,-0.35182454,0.00496,0.0154
NCS1,-0.5891632,0.00427,0.0154
TRAPPC13,-0.318969,0.00429,0.0154
GUCY2F,-1.0855929,0.0043,0.0154
PRO1804,0.20666845,0.00494,0.0154
LOC107984268,-0.74637274,0.00493,0.0154
MPPE1,0.270459,0.0043,0.0154
LOC107986776,0.36676442,0.00493,0.0154
CNOT9,-0.05966478,0.00495,0.0154
TEX21P,0.3065648,0.00495,0.0154
ARHGAP20,-0.36535288,0.00495,0.0154
RTN4R,0.28710096,0.00496,0.0154
TMEM87A,0.1519467,0.00427,0.0154
FANCB,0.13271794,0.00495,0.0154
LOC100506321,-0.09160233,0.00498,0.0155
PNPLA7,0.27385382,0.00499,0.0155
JUNB,-0.508719,0.00432,0.0155
LOC105379171,-0.54444213,0.005,0.0155
ILKAP,0.07532594,0.00499,0.0155
PLA2G4E,0.20028148,0.00499,0.0155
SNORD140,-0.30437981,0.00498,0.0155
CLIP3,-0.31093216,0.005,0.0155
LRPAP1,0.2360872,0.00431,0.0155
TAGLN3,-1.1212839,0.00432,0.0155
HAS2-AS1,0.23590024,0.00497,0.0155
LOC101927552,0.16376567,0.00499,0.0155
BUB1B-PAK6,0.22392595,0.00498,0.0155
TOX-DT,-0.32155176,0.005,0.0156
FAAP100,0.3223341,0.00438,0.0156
ZBTB48,-0.5872147,0.00437,0.0156
CAPN5,-0.28753183,0.00502,0.0156
COMMD9,-0.3281677,0.00435,0.0156
CYCS,0.2749669,0.00435,0.0156
TAS2R10,-1.7334332,0.00437,0.0156
SLFNL1-AS1,-0.14909254,0.00502,0.0156
BIVM,-0.08556966,0.00503,0.0156
SLC7A4,-1.2363772,0.00436,0.0156
MADCAM1,-0.9030811,0.00436,0.0156
ARL8B,0.1601818,0.00436,0.0156
NOTCH3,-0.3403375,0.00436,0.0156
MNAT1,0.2676047,0.00438,0.0157
HAND1,-0.8350135,0.0044,0.0157
ERGIC1,-0.10063302,0.00507,0.0157
MAB21L2,0.13245069,0.00507,0.0157
LOC112268301,0.15553847,0.00506,0.0157
KLK12,-0.5834783,0.00441,0.0157
POGZ,-0.2549825,0.0044,0.0157
NOXA1,0.21748279,0.00507,0.0157
RHOXF2B,0.22559808,0.00504,0.0157
SCYL3,0.08888058,0.00506,0.0157
SPATA25,-0.25520955,0.00507,0.0157
LOC105370936,0.27217984,0.00511,0.0158
LOC107985340,0.31640537,0.00511,0.0158
LOC645485,0.31137753,0.00508,0.0158
MIR3064,-0.14653343,0.00511,0.0158
SOCS6,-0.4821577,0.00443,0.0158
LOC646903,-0.30833691,0.00508,0.0158
ADD3-AS1,0.18672001,0.00508,0.0158
NAT10,0.2407828,0.00443,0.0158
ANKRD16,0.11015791,0.0051,0.0158
LOC105377134,0.21141775,0.00509,0.0158
EIF2S1,0.1637314,0.00442,0.0158
FUT7,-0.8249151,0.00444,0.0158
CD59,-0.16758088,0.00514,0.0159
COIL,0.10073528,0.00514,0.0159
LOC112267872,0.06697793,0.00516,0.0159
NSD3,0.05949298,0.00514,0.0159
LOC105375675,0.42456744,0.00514,0.0159
C6ORF163,0.14921977,0.00512,0.0159
SPDYA,0.12822723,0.00515,0.0159
LOC107984007,-0.63282627,0.00512,0.0159
NEK7,-0.11752044,0.00515,0.0159
IYD,0.77908825,0.00514,0.0159
TFAP2A,0.16434793,0.00513,0.0159
L3HYPDH,-0.09497092,0.00512,0.0159
LOC105374384,0.36532978,0.00516,0.0159
BCAS3,0.08530139,0.00512,0.0159
ERVMER34-1,0.35049612,0.00514,0.0159
LOC107985253,0.21942656,0.00513,0.0159
MAPK8IP3,-0.4076972,0.00451,0.016
KCNN1,-1.1885199,0.00449,0.016
BCAP29,0.18404767,0.00516,0.016
CAMK2N1,-0.32658604,0.00516,0.016
LOC112268114,0.29266475,0.00517,0.016
ALG11,-0.07860992,0.00518,0.016
BROX,0.08242966,0.00519,0.016
PUM3,0.270679,0.0045,0.016
VPS13B,-0.3818295,0.0045,0.016
SKAP2,-0.3633713,0.0045,0.016
DNAJC15,0.3851106,0.00449,0.016
GIN1,0.13113893,0.00519,0.016
LOC101928351,-0.21181812,0.00522,0.0161
SMTNL1,-0.33226932,0.00523,0.0161
ITK,-0.38798309,0.00523,0.0161
TMEM150A,-0.132123,0.0052,0.0161
LOC105374308,0.32125291,0.00522,0.0161
PPCS,-0.1790869,0.00455,0.0161
NKX6-2,0.1127683,0.0052,0.0161
POLR2L,-0.12633496,0.00521,0.0161
CHODL-AS1,0.39792316,0.00522,0.0161
LOC107987181,0.20923699,0.00522,0.0161
C10ORF55,-0.33013866,0.00522,0.0161
PTPRF,0.19335403,0.00522,0.0161
LOC105379179,0.77705625,0.00527,0.0162
LOC105374013,0.18983853,0.00526,0.0162
FBXL19-AS1,-0.22469209,0.00526,0.0162
CCNE1,0.5424696,0.00457,0.0162
KLK2,-0.5250189,0.00458,0.0162
KRBOX4,-0.09153293,0.00526,0.0162
TRIT1,0.14861597,0.00526,0.0162
CALML6,0.27292849,0.00527,0.0162
PPP1R14D,0.36122287,0.00525,0.0162
LPCAT3,-0.8023181,0.00459,0.0162
ANKRD13C-DT,-0.7063825,0.00458,0.0162
GBP2,0.3464246,0.00455,0.0162
CTTNBP2NL,0.11347686,0.00524,0.0162
GOLGA8A,-0.6380524,0.00458,0.0162
LOC105371199,0.33798891,0.00525,0.0162
LOC100287329,0.17150738,0.00526,0.0162
NEUROD6,-1.3415102,0.00458,0.0162
ADORA1,-0.4399853,0.0046,0.0163
LOC105373986,-0.63795723,0.00531,0.0163
DBNDD1,0.27841683,0.0053,0.0163
CLCN4,-0.524292,0.00461,0.0163
LINC01410,-0.27423795,0.00531,0.0163
PSG9,-1.0769996,0.00461,0.0163
SCTR,-0.33124848,0.00529,0.0163
GPR21,-1.1388137,0.00463,0.0164
ARHGAP5,-0.188525,0.00463,0.0164
TMEM183A,-0.2539375,0.00465,0.0164
UBE3A,0.07569895,0.00534,0.0164
DHX58,-0.26160679,0.00532,0.0164
CARD17P,0.40114701,0.00534,0.0164
ATP9B,0.06013154,0.00535,0.0164
KCTD1,0.16145104,0.00534,0.0164
CAT,0.15700993,0.00534,0.0164
LOC101928191,0.3151318,0.00532,0.0164
LOXL4,0.21672987,0.00535,0.0164
GPBP1L1,0.07596277,0.00535,0.0164
CLCN6,-0.389429,0.00462,0.0164
GOSR1,0.05180524,0.00532,0.0164
ZFX,-0.5194248,0.00464,0.0164
DYRK4,0.2763356,0.00466,0.0164
LINC01088,-0.47245537,0.00533,0.0164
LOC101929280,0.23395058,0.00535,0.0164
FER,-0.4503124,0.00465,0.0164
LRP12,-0.4841506,0.00468,0.0165
PCLO,0.24414893,0.00538,0.0165
PCDHGA3,0.2064304,0.00537,0.0165
COL11A2,-0.5962343,0.0047,0.0165
RMI1,0.2832182,0.00467,0.0165
KCNT1,-0.46402596,0.00539,0.0165
SPATA21,-0.13337811,0.00536,0.0165
CHD4,0.182751,0.00469,0.0165
CRCP,-0.3907756,0.00471,0.0166
TMA16,-0.51162,0.00473,0.0166
CAPN9,-1.0160793,0.0047,0.0166
ETV6,-0.4803499,0.00471,0.0166
ALKBH6,0.12137618,0.00539,0.0166
GTF2H3,0.2940574,0.00472,0.0166
PLCD3,0.20969522,0.00541,0.0166
GPR88,1.6419966,0.0047,0.0166
PIP4K2B,-0.3589554,0.00471,0.0166
LOC101927756,-0.19774473,0.00542,0.0166
CHRD,-0.7439052,0.00477,0.0167
TBCE,0.07989018,0.00545,0.0167
TAF7L,-0.6378444,0.00475,0.0167
LOC107986190,0.18068886,0.00545,0.0167
GTF3C2,0.07526812,0.00544,0.0167
LOC105374309,0.42243223,0.00545,0.0167
BCAT2,-0.8484334,0.00477,0.0167
ITSN2,0.11176449,0.00547,0.0168
NECTIN2,-0.19228618,0.00547,0.0168
LOC107984247,-0.18310496,0.00547,0.0168
GPR173,-1.1880031,0.00478,0.0168
LINC02511,0.57557452,0.00548,0.0168
PAGR1,-0.287446,0.00479,0.0168
PCSK2,-0.6766343,0.0048,0.0168
KAT6A-AS1,0.16792805,0.00549,0.0168
SPACA4,0.40592294,0.00549,0.0168
MBOAT4,-0.274874,0.00548,0.0168
C18ORF54,-0.16391867,0.00547,0.0168
METTL1,-0.18467165,0.00548,0.0168
CYB5D1,0.07180594,0.00548,0.0168
ZNF573,0.0969453,0.00547,0.0168
PSPN,1.3107619,0.00484,0.0169
CSNK1A1,0.1655039,0.00483,0.0169
CCL24,-1.6768391,0.00483,0.0169
USP36,0.4364705,0.00484,0.0169
LOC105378367,-0.23427698,0.00551,0.0169
LOC105373552,-0.33048038,0.00553,0.0169
FBXO46,0.3170668,0.00482,0.0169
CASC18,0.34075656,0.00557,0.017
MTHFD1,-0.10056958,0.00555,0.017
LOC107985486,-0.2152318,0.00555,0.017
ITM2B,-0.1472445,0.00487,0.017
PCK2,0.304282,0.00488,0.017
LOC107986185,0.37212445,0.00557,0.017
KRT13,0.80647912,0.00556,0.017
KDM1B,0.08750232,0.00554,0.017
LOC105371926,-0.35511095,0.00556,0.017
BMI1,-0.09307886,0.00556,0.017
EMILIN3,0.35535214,0.00557,0.017
MAP4K1-AS1,-0.40624726,0.00561,0.0171
LOC112268035,0.21069872,0.0056,0.0171
PSMB7,0.1084459,0.00559,0.0171
FNIP2,-0.11824623,0.00561,0.0171
SH3GL2,-1.5743692,0.0049,0.0171
LOC105373994,0.15950961,0.00559,0.0171
TTLL4,0.13797127,0.00565,0.0172
PSMD5,0.06973715,0.00564,0.0172
LOC101929594,-0.14596652,0.00564,0.0172
PHKA2,-0.2541811,0.00492,0.0172
UTP18,0.08727352,0.00562,0.0172
CLDN2,0.25657397,0.00564,0.0172
LDAH,-0.1809593,0.00492,0.0172
RAD51L3-RFFL,-0.06972404,0.00563,0.0172
TMEM147-AS1,-0.3388666,0.00494,0.0172
HNRNPUL1,-0.271139,0.00494,0.0172
ZIC4,-0.24958696,0.00562,0.0172
SLCO5A1,0.37406678,0.00564,0.0172
TIMM8A,-0.5538501,0.00492,0.0172
CERS4,0.28703793,0.00565,0.0172
LOC105370398,0.25840753,0.00567,0.0173
LOC100129503,0.1998634,0.00567,0.0173
ZBTB46-AS1,-0.37510734,0.00566,0.0173
LOC107984113,0.33396404,0.00568,0.0173
SLC8A1-AS1,0.26496965,0.00566,0.0173
LOC541473,0.15166993,0.00566,0.0173
ZBTB21,0.1068688,0.00567,0.0173
LINC00877,-0.42072885,0.00568,0.0173
SLURP2,0.27400167,0.00568,0.0173
IQSEC1,-0.22067584,0.00568,0.0173
RNF207,-0.2226552,0.00571,0.0174
HDAC4-AS1,0.32027111,0.00573,0.0174
TBC1D22B,-1.4650427,0.00501,0.0174
ZC3H10,-0.09505101,0.00571,0.0174
LINC02992,-0.24494797,0.0057,0.0174
RBSN,0.05079249,0.00571,0.0174
ADGRF3,0.12251793,0.00569,0.0174
ITGA9,-0.12618499,0.00573,0.0174
HAUS7,-0.3343181,0.005,0.0174
DNAL4,-0.2388158,0.00502,0.0174
MRPS30,0.07209688,0.00575,0.0175
LOC107987228,0.30113226,0.00576,0.0175
NECTIN1-DT,0.3279598,0.00575,0.0175
RNF20,0.08798673,0.00574,0.0175
ZBTB9,0.1231385,0.00575,0.0175
CCDC59,0.10844004,0.00576,0.0175
CSNK2A2,0.1782717,0.00575,0.0175
TTC34,-0.30618639,0.00574,0.0175
ZNF415,-0.23137423,0.00581,0.0176
LOC112268214,0.30794327,0.00581,0.0176
LOC105372708,0.24748266,0.00577,0.0176
VPS13A-AS1,0.16166543,0.00579,0.0176
TLN2,-0.21566424,0.00578,0.0176
ALS2,0.07366944,0.00578,0.0176
EEF1B2,0.15226101,0.0058,0.0176
LOC107984913,0.20382258,0.00579,0.0176
ATP8B1-AS1,-0.11006302,0.00577,0.0176
RNF214,0.06127136,0.00579,0.0176
LOC112268262,0.18932193,0.00578,0.0176
GNL2,-0.3555653,0.00506,0.0176
SCARNA17,0.19100594,0.00581,0.0176
PITPNM2,0.1846455,0.00579,0.0176
GPR161,-0.14916772,0.0058,0.0176
RBM26,-0.292161,0.00509,0.0177
TAS2R9,-1.6723958,0.00512,0.0177
TSEN2,0.08987573,0.00584,0.0177
PRDM5,-0.4217666,0.0051,0.0177
RAB11FIP3,-0.3859367,0.0051,0.0177
LOC105374938,0.14228342,0.00584,0.0177
PXDNL,-0.26749866,0.00582,0.0177
LOC101928047,0.86087783,0.00584,0.0177
PODN,-0.29148563,0.00583,0.0177
LAMA1,-0.33829721,0.00587,0.0178
PDCD1LG2,-1.6738566,0.00514,0.0178
MTPAP,0.2205116,0.00515,0.0178
GABRE,-0.507796,0.00513,0.0178
C20ORF27,-0.16648449,0.00587,0.0178
LOC105371090,-0.18568692,0.00586,0.0178
PFKFB3,-0.24616177,0.00585,0.0178
USP28,-0.09955263,0.00585,0.0178
AP1AR,0.10607256,0.00589,0.0178
WDR81,-0.23026381,0.00589,0.0178
GSG1,0.23571859,0.00587,0.0178
PPP2CB,-0.8484425,0.00513,0.0178
SPDEF,-1.1508596,0.00514,0.0178
SNORA22,0.21260666,0.00589,0.0178
GPX2,0.606546,0.00515,0.0178
ZNF292,0.1155377,0.00586,0.0178
ZBED1,0.3531709,0.00518,0.0179
MATR3,0.2398488,0.00519,0.0179
ANKRD36B,0.17164396,0.0059,0.0179
RHOA,-0.07413829,0.00592,0.0179
GOLGA7,0.1945123,0.0052,0.0179
LSM5,0.2187713,0.00518,0.0179
CNPPD1,0.09329137,0.00592,0.0179
LINC00242,-0.33322627,0.0059,0.0179
ORC6,0.6023671,0.00518,0.0179
MIR29B2CHG,0.10219058,0.0059,0.0179
CETN2,0.1672791,0.0052,0.0179
RAMP1,-0.25475908,0.00594,0.018
CENPJ,0.11515084,0.00595,0.018
KLLN,-0.19857186,0.00595,0.018
HRNR,-0.34190496,0.00595,0.018
EIF4H,0.08888386,0.00595,0.018
LOC105377299,-0.15215199,0.00596,0.018
PCA3,0.31657691,0.00596,0.018
NCOA7-AS1,-0.24759114,0.00593,0.018
SDE2,0.07907815,0.00595,0.018
ISOC1,-0.3521037,0.00523,0.018
LINC02447,0.26895695,0.00593,0.018
TASP1,0.1831561,0.00521,0.018
PRSS42P,0.31270963,0.00595,0.018
LOC105376982,0.33641719,0.00595,0.018
RUBCN,-0.1747596,0.00525,0.0181
OPRPN,-1.3392866,0.00527,0.0181
COL9A2,-0.4373801,0.00526,0.0181
IQCC,0.11481191,0.00598,0.0181
EFHC1,0.0864192,0.00599,0.0181
KBTBD7,0.10394039,0.006,0.0181
ERO1A,-0.14469965,0.00598,0.0181
LINC00671,-0.39419375,0.00599,0.0181
C1ORF216,-0.12005507,0.00599,0.0181
ATXN7L3B,0.05275443,0.00599,0.0181
PITPNM1,-0.25177807,0.00603,0.0182
TBC1D3I,0.1510602,0.00601,0.0182
GLUD1,0.08805032,0.00601,0.0182
GCM1,-0.3874643,0.00601,0.0182
MLLT11,-0.21010277,0.00603,0.0182
HOXC11,0.4493443,0.00529,0.0182
RNA18SN5,0.36302753,0.00602,0.0182
LOC105371822,-0.3818229,0.00603,0.0182
LINC02605,-0.32280986,0.00606,0.0183
WNT2B,0.19460945,0.00606,0.0183
MAP6,0.27918042,0.00609,0.0183
TPD52L1,-0.3643121,0.00535,0.0183
CMPK1,0.09063557,0.00606,0.0183
MIR3916,-0.15489748,0.00606,0.0183
ELL2,-1.2210422,0.00535,0.0183
CDS2,0.2140959,0.00533,0.0183
AKAP17A,-0.2714277,0.00532,0.0183
TSPAN7,-0.16298013,0.00605,0.0183
B3GALT5-AS1,0.44470392,0.00609,0.0183
NPFF,-0.8707329,0.00534,0.0183
CLSPN,-0.24692018,0.0061,0.0184
MYSM1,0.07987229,0.00611,0.0184
RGS11,-0.27025296,0.00611,0.0184
CPNE8,-0.12942111,0.00609,0.0184
TMPRSS2,-1.0594323,0.00536,0.0184
MCM6,-0.11890473,0.00613,0.0184
MIR6502,-0.30424771,0.00609,0.0184
ABO,-0.5356922,0.00536,0.0184
PRUNE2,-0.4359387,0.00539,0.0184
SLC7A11,-0.35690325,0.00609,0.0184
C21ORF62,0.24125958,0.0061,0.0184
LOC105369710,0.2560084,0.00615,0.0185
DUSP8,-0.34838357,0.00616,0.0185
TMPRSS5,-1.1115253,0.00542,0.0185
AP4E1,-1.7088032,0.00541,0.0185
IQCE,-0.2729726,0.0054,0.0185
CCZ1P-OR7E38P,0.09551264,0.00617,0.0185
XGY2,0.27579893,0.00616,0.0185
SENP6,0.06525017,0.00613,0.0185
SLIT2,-0.22868679,0.00616,0.0185
FZD10-AS1,-0.27240663,0.00613,0.0185
PKNOX1,-0.107397,0.00613,0.0185
OSMR-DT,-0.25323246,0.00614,0.0185
LOC105373673,0.15244056,0.00614,0.0185
KPRP,0.27618418,0.00615,0.0185
PSORS1C2,-0.6088449,0.00545,0.0186
SLC10A2,-1.4165994,0.00546,0.0186
RRM2,-0.2445483,0.0062,0.0186
TMEM45A,0.21673224,0.0062,0.0186
HAVCR1P1,0.25304657,0.00618,0.0186
DENND3,-0.17599408,0.00618,0.0186
OTOA,-0.30069564,0.00621,0.0186
LSM4,-0.3049314,0.00545,0.0186
HSPB1,0.17494215,0.00618,0.0186
NELFE,0.06880681,0.0062,0.0186
CXXC4-AS1,0.43553671,0.00624,0.0187
ATAD2,-0.4019962,0.0055,0.0187
LOC107984580,-0.24581082,0.00622,0.0187
LOC101929617,0.53206604,0.00622,0.0187
CNTNAP3,0.30936448,0.00625,0.0187
EID3,-0.13198525,0.00625,0.0187
LOC105374853,0.15860338,0.00621,0.0187
SNORD89,0.14412227,0.00622,0.0187
GMEB2,0.2144676,0.00548,0.0187
ZNF552,0.3311426,0.00548,0.0187
NOXRED1,0.12303566,0.00624,0.0187
LOC105376392,0.11105285,0.00626,0.0188
ALKBH4,-0.2826587,0.00552,0.0188
LAMC2,0.3460269,0.00552,0.0188
LOC101927741,-0.10240103,0.00628,0.0188
BMAL1,-0.6565393,0.00553,0.0188
GTPBP10,0.09769922,0.00627,0.0188
WFDC3,0.49307415,0.00629,0.0189
HOXD8,-0.19313132,0.0063,0.0189
LAMTOR3,0.10888262,0.0063,0.0189
ERMAP,0.07045818,0.00632,0.0189
PPARA,0.22888326,0.00633,0.0189
HOXD9,-0.5588774,0.00554,0.0189
PANK3,0.10908064,0.00631,0.0189
YIPF4,-0.4660226,0.00556,0.0189
ATM,-0.3991241,0.00555,0.0189
KHDC1L,-1.5329593,0.0056,0.019
XAB2,-0.5848379,0.0056,0.019
SPRR3,-0.7660166,0.00558,0.019
PEX13,0.10619669,0.00636,0.019
LOC107984568,0.43979361,0.00635,0.019
AGPAT3,-0.6161107,0.0056,0.019
ZNF91,0.23470214,0.00634,0.019
MLANA,0.24001428,0.00635,0.019
DNMT3A,-0.10963358,0.00636,0.019
LINC02159,0.55022924,0.00633,0.019
REG1A,-1.3962365,0.0056,0.019
SMPD3,-0.3873796,0.00564,0.0191
TCAF2P1,-0.18411942,0.0064,0.0191
TEN1,0.10320241,0.0064,0.0191
LOC112267941,0.19959106,0.0064,0.0191
LOC105370846,0.17067878,0.00638,0.0191
ANAPC1P4,-0.09980805,0.00638,0.0191
TRAIP,0.124481,0.00638,0.0191
CBLL1,-0.4269452,0.00563,0.0191
HSPB7,-0.3962271,0.00637,0.0191
LINC02846,0.28382687,0.00638,0.0191
CHML,0.09726863,0.00638,0.0191
GRHL3-AS1,0.28296418,0.00639,0.0191
RERG,-0.17388539,0.00639,0.0191
CCDC85C,0.3680324,0.00562,0.0191
PICK1,0.14210042,0.00643,0.0192
COX15,0.05109611,0.00643,0.0192
LOC107987049,0.28947363,0.00645,0.0193
CYB5R2,0.15532405,0.00646,0.0193
SECISBP2,0.0827016,0.00647,0.0193
BCDIN3D,0.10211256,0.00646,0.0193
SRI-AS1,-0.12947891,0.00645,0.0193
OTUD6B-AS1,0.13100209,0.00646,0.0193
PPIEL,-1.2135111,0.00571,0.0193
LOC107984593,-0.29080304,0.00648,0.0193
C7ORF25,-0.2155688,0.00568,0.0193
P2RY1,0.4818566,0.00568,0.0193
MED17,0.07518684,0.00648,0.0193
KRT14,0.21224468,0.00651,0.0194
LOC105369579,0.45593854,0.0065,0.0194
RBMX,0.06930488,0.00652,0.0194
LOC107985521,0.24524526,0.00651,0.0194
KIAA1522,0.2268666,0.0065,0.0194
CA5BP1,-1.6588309,0.00573,0.0194
GLRA4,-0.41606558,0.00652,0.0194
TRPM6,-0.31806928,0.00651,0.0194
PLEKHJ1,0.1842414,0.00572,0.0194
TAS2R3,0.16459778,0.00652,0.0194
SCPEP1,-0.10573348,0.00656,0.0195
RABAC1,-0.12051721,0.00655,0.0195
ILRUN-AS1,0.17100665,0.00653,0.0195
LOC107984376,0.25960118,0.00655,0.0195
ENTREP1,-0.5293559,0.00578,0.0195
ZNF44,0.07561748,0.00655,0.0195
CTD-2350J17.1,-0.3362346,0.00653,0.0195
FBXO41,-0.3079039,0.00578,0.0195
RNF32-AS1,0.20818524,0.00656,0.0195
ZNF283,0.09954676,0.00653,0.0195
ERMP1,-0.2536877,0.00576,0.0195
ZFP2,-0.5486852,0.00576,0.0195
SHISA6,-0.23101155,0.00655,0.0195
USP10,0.3822721,0.00577,0.0195
SCARNA9L,0.26133541,0.00657,0.0196
MAP3K8,-0.16084175,0.00659,0.0196
ADAMTS10,0.21448253,0.0066,0.0196
MLLT3,0.12356273,0.0066,0.0196
TTLL10,0.33187271,0.00659,0.0196
KDM3B,0.06004146,0.00657,0.0196
LINC02197,0.40765581,0.00658,0.0196
LINC02172,-0.51579738,0.00658,0.0196
FAM76B,0.10831855,0.0066,0.0196
SNORD170,-0.33822961,0.00664,0.0197
HES5,0.34274769,0.00664,0.0197
LOC112268294,0.24715971,0.00662,0.0197
TM7SF3,0.10455345,0.00663,0.0197
DGCR2,-0.2531825,0.00584,0.0197
MSX1,-0.53981,0.00584,0.0197
PGBD3,0.11807204,0.00663,0.0197
FOXE1,-0.36831872,0.00664,0.0197
IGFN1,-0.52604187,0.00665,0.0197
DNAH2,-0.34354383,0.00665,0.0197
UQCR11,0.1830451,0.00582,0.0197
SNX2,-0.1621053,0.00586,0.0197
CASD1,-0.2797546,0.00585,0.0197
LOC105373074,0.28296783,0.00667,0.0198
AFTPH-DT,0.29635832,0.00667,0.0198
SULT1E1,-0.6649696,0.00589,0.0198
MIR125B2,0.30222228,0.00665,0.0198
CUEDC1,-0.17432014,0.00667,0.0198
C17ORF113,0.21684186,0.00671,0.0199
C1ORF159,0.14465277,0.0067,0.0199
PSMB3,0.1486307,0.0059,0.0199
ACTL7A,-0.6470246,0.00591,0.0199
BEX1,0.51344567,0.00672,0.0199
ICAM5,-0.41083056,0.0067,0.0199
ULK3,0.14464805,0.00669,0.0199
MFN2,0.08719527,0.00671,0.0199
DBX2,0.44832766,0.0067,0.0199
DPP6,0.35581389,0.00669,0.0199
RIPK1,-0.4389538,0.00592,0.0199
TADA2A,-0.3205679,0.00591,0.0199
TRAF1,-0.19424703,0.00673,0.02
GCNT2,-1.1525372,0.00594,0.02
TOPBP1,0.09288095,0.00676,0.02
GHSR,-0.838692,0.00596,0.02
MPHOSPH9,-0.09199056,0.00677,0.02
BTN2A1,-0.08542829,0.00674,0.02
MAGT1,-0.3112271,0.00596,0.02
MYO19,0.3391806,0.00594,0.02
LINC01894,-0.43185266,0.00675,0.02
NFE2L3,0.09721126,0.00678,0.0201
LOC105379250,0.16924858,0.00679,0.0201
MRS2P2,-0.12682553,0.0068,0.0201
GABRA2,-0.42013123,0.00678,0.0201
MEGF9,0.15785973,0.00679,0.0201
OR10H1,-1.3900076,0.00604,0.0202
DDX24,0.1742085,0.00604,0.0202
ADRA1A,-0.8997778,0.00605,0.0202
ATP6V0A2,0.09746643,0.00683,0.0202
LOC102724642,-0.13050765,0.00684,0.0202
LOC105372816,-0.44244097,0.00681,0.0202
PCIF1,-0.2425144,0.00603,0.0202
PRKCZ-AS1,0.21775329,0.00683,0.0202
PTH1R,-0.4636097,0.00604,0.0202
ZNF512,-0.08831546,0.00681,0.0202
UBE2E1,0.1387036,0.00607,0.0203
CDC42EP4,-0.2904124,0.00605,0.0203
SPECC1,-0.15821466,0.00686,0.0203
GTF2IRD1,0.12798094,0.00686,0.0203
SPACA9,0.1424865,0.00688,0.0203
SIM1,0.32261902,0.00685,0.0203
PDIK1L,0.09971723,0.00687,0.0203
ABCB4,0.15032036,0.0069,0.0204
ADIPOR1,0.09473096,0.00691,0.0204
GGCX,-0.0497707,0.00689,0.0204
TAC4,0.16861217,0.00692,0.0204
IMPG1,0.17204726,0.00692,0.0204
CLDN19,-0.51657961,0.0069,0.0204
LOC100129148,0.08782303,0.00691,0.0204
HCP5,0.4515317,0.0061,0.0204
MDN1,0.08155046,0.0069,0.0204
DIO2-AS1,-0.43315611,0.00692,0.0204
VRK1,0.10207951,0.00691,0.0204
FSD1,1.273856,0.00613,0.0205
CRB1,0.28633867,0.00693,0.0205
MTRFR,0.09152251,0.00696,0.0205
FAM153A,0.34708642,0.00696,0.0205
UXT,0.11307091,0.00694,0.0205
SLCO4C1,-1.7116801,0.00617,0.0206
OXT,0.31571393,0.007,0.0206
LOC107985414,0.17980287,0.00699,0.0206
STEEP1,0.07506349,0.00699,0.0206
LOC105378460,-0.17078495,0.00702,0.0207
PJVK,0.11399328,0.00701,0.0207
PARP8,-0.14647716,0.00702,0.0207
FAM200B,0.11126701,0.00702,0.0207
STIM2-AS1,0.21212317,0.00705,0.0207
RBM7,-0.0827754,0.00705,0.0207
CTDSPL2,0.07657913,0.00703,0.0207
LOC105374800,0.16905281,0.00709,0.0208
SNORD3K,0.26211439,0.00707,0.0208
SLC12A2,-0.8660635,0.00624,0.0208
ZNF34,0.11076651,0.00708,0.0208
DDX19A-DT,0.10186857,0.00707,0.0208
TRMT61B,0.08665083,0.00705,0.0208
KRBA1,-0.17228121,0.00709,0.0208
ADGRG6,0.18082063,0.00707,0.0208
MUC6,-0.28234775,0.00705,0.0208
LOC105370456,0.36654332,0.00708,0.0208
UAP1L1,-0.19747898,0.00705,0.0208
NIFK-AS1,0.09637158,0.00706,0.0208
LOC105372733,0.25223131,0.00707,0.0208
CASP8,-0.3786763,0.00624,0.0208
HBG2,-0.958361,0.00623,0.0208
SUCNR1,-0.37767062,0.00708,0.0208
LINC01135,0.34303643,0.00706,0.0208
DMAC2,-0.1482804,0.00627,0.0209
AKT3,-0.11817603,0.0071,0.0209
ANXA2P3,-0.8467396,0.00628,0.0209
CA12,0.2641776,0.00629,0.0209
DCAF12L2,0.42828501,0.00711,0.0209
DIP2C,-0.13596093,0.00713,0.0209
PCDHGB6,0.11540546,0.00713,0.0209
PPP1R35,0.11567736,0.00712,0.0209
SGSH,0.3890278,0.00626,0.0209
MMP20,-1.8550091,0.00628,0.0209
TMEM160,-0.2472564,0.00627,0.0209
ZDHHC11,0.31840136,0.0071,0.0209
NHEG1,0.37050152,0.00712,0.0209
ANXA2R,-0.20432681,0.00712,0.0209
NARF,0.328422,0.00631,0.021
C22ORF46P,-0.12439979,0.00717,0.021
HMGN5,-0.3558607,0.00631,0.021
CAPN11,0.23401589,0.00714,0.021
RPS6KB2,0.15018185,0.00716,0.021
PFDN4,0.2635694,0.0063,0.021
LOC107986823,0.39777528,0.00719,0.0211
ZNF544,0.2810915,0.00634,0.0211
TOPORS,0.09821758,0.00719,0.0211
PPP1R3D,-0.2369658,0.00634,0.0211
ESCO2,-0.22137412,0.00718,0.0211
LOC105373551,-0.58801554,0.00721,0.0211
SPDYE16,0.15648648,0.00719,0.0211
BNC2-AS1,-0.25563617,0.00718,0.0211
DHCR24,0.26370167,0.00721,0.0211
LOC107987012,0.30971206,0.00719,0.0211
TBC1D2B,-0.11394234,0.00721,0.0211
ERO1B,-0.9044481,0.0064,0.0212
BHMT,-0.7548471,0.00637,0.0212
CCT8,0.1750844,0.0064,0.0212
CYP2E1,-0.6635442,0.00639,0.0212
RABGEF1,0.08404886,0.00724,0.0212
CARTPT,-0.9768996,0.00641,0.0212
WTAP,-0.3824667,0.0064,0.0212
PODXL,-0.18540631,0.00723,0.0212
L1TD1,-0.65730664,0.00722,0.0212
MID1IP1,-0.2768674,0.00641,0.0212
APP,-0.3166625,0.00637,0.0212
FAM149A,0.21304405,0.00728,0.0213
ASNSD1,0.1833883,0.00644,0.0213
C2CD4B,-0.38829753,0.00727,0.0213
ZNG1E,0.15910283,0.00726,0.0213
PTHLH,-0.52092257,0.00726,0.0213
CAPN3,-0.5988872,0.00645,0.0213
NAXD,0.06093374,0.00728,0.0213
BUB3,0.1214361,0.00645,0.0213
CCDC178,-0.46201175,0.00733,0.0214
PSME4,-0.08963012,0.00731,0.0214
GPHN,-0.3560023,0.00648,0.0214
DIO3OS,0.23291934,0.00731,0.0214
ENDOD1,0.10715495,0.00732,0.0214
LAMB2,-0.15303704,0.0073,0.0214
WDR25,-0.09576442,0.00736,0.0215
GTF2H4,0.3700053,0.00651,0.0215
RPGR,-0.15553381,0.00734,0.0215
NOL7,0.1522066,0.0065,0.0215
PPME1,-0.1692366,0.00651,0.0215
FAM205BP,-0.22486298,0.00737,0.0215
MRPL50,0.11300351,0.00734,0.0215
APOBEC3F,-0.17967953,0.00733,0.0215
LOC105378575,0.26990079,0.00738,0.0216
MYNN,0.08642858,0.0074,0.0216
DNA2,-0.4166833,0.00656,0.0216
AHCTF1,-0.5505394,0.00654,0.0216
ARHGAP31,-0.10497592,0.00741,0.0216
MIR7107,0.2845961,0.0074,0.0216
ZNF737,0.22643265,0.0074,0.0216
RNA18SN3,0.34560174,0.00739,0.0216
FBXO5,-0.16545577,0.00738,0.0216
RUSC2,-0.3031525,0.00656,0.0216
LOC105374480,-0.43595846,0.00743,0.0217
FBRS,-0.3845899,0.00658,0.0217
LOC107986083,0.13616794,0.00744,0.0217
DCTPP1,0.2166218,0.00659,0.0217
SLC14A2,-0.30017579,0.00745,0.0217
ITGA10,-0.4035334,0.00661,0.0217
NEMP1,-0.3088911,0.00659,0.0217
LINC02576,-0.19343657,0.00743,0.0217
NUP50,-0.07210514,0.00744,0.0217
DNTTIP2,0.1822135,0.00657,0.0217
HOTAIRM1,0.19568821,0.00749,0.0218
LOC105378075,0.31400719,0.00749,0.0218
CGN,0.22430269,0.00749,0.0218
MDH1B,0.22028154,0.00749,0.0218
LOC101929974,-0.36676844,0.00749,0.0218
IL10RB,-0.09216119,0.00747,0.0218
MRPS9-AS1,0.13243055,0.00747,0.0218
TTC31,-0.2711189,0.00664,0.0218
CLCC1,0.07070237,0.00748,0.0218
GPRIN1,-0.33286867,0.00748,0.0218
AMOTL2,-0.16409609,0.00746,0.0218
KMT5B,0.06030061,0.00753,0.0219
CALHM2,-0.18831681,0.00752,0.0219
JMJD4,-0.3070662,0.00665,0.0219
ORC5,0.09422505,0.00753,0.0219
CHADL,0.18369695,0.00752,0.0219
IK,0.1900292,0.00665,0.0219
GRM6,-0.5477721,0.0067,0.022
B3GALT5,-1.3518036,0.00671,0.022
LOC101928576,-0.29556035,0.00754,0.022
MARCHF3,0.15623464,0.0076,0.0221
GGA1,-0.2035026,0.00677,0.0221
CARM1,-0.2303947,0.00676,0.0221
RAB30-DT,0.11449144,0.00761,0.0221
KCNJ3,0.61192068,0.00761,0.0221
LOC105378737,0.4136598,0.0076,0.0221
ARHGEF7,-0.0757249,0.0076,0.0221
RGS14,-0.2949746,0.00676,0.0221
TOP1,0.4152822,0.00674,0.0221
LOC105369149,0.11956106,0.00759,0.0221
PRICKLE2,-0.15545603,0.00761,0.0221
KCNAB1-AS2,-0.5077724,0.00762,0.0222
PTBP3,0.10281538,0.00764,0.0222
RUFY2,0.0689881,0.00765,0.0222
GPR160,-0.16506373,0.00765,0.0222
RRAGB,0.09105485,0.00764,0.0222
WNT7A,-1.2378335,0.00677,0.0222
CA6,-1.1827288,0.00681,0.0222
RSPH14,0.2514607,0.00765,0.0222
PIK3C2B,0.12910148,0.00763,0.0222
DNAH9,0.4905055,0.0068,0.0222
MAP3K11,0.2582208,0.00678,0.0222
ABCC5,-0.2792265,0.00677,0.0222
DCHS1,-0.2418382,0.00764,0.0222
TSLIG3A,0.1466396,0.0068,0.0222
NAP1L4,0.1977888,0.00684,0.0223
FLVCR2,-0.13852436,0.00766,0.0223
FEZ1,-0.3187386,0.00683,0.0223
LCAL1,0.39201064,0.00767,0.0223
PAK3,-0.4120883,0.00682,0.0223
INO80C,0.13366945,0.00767,0.0223
AMDHD2,-0.3664457,0.00685,0.0223
PRR22,0.20184335,0.0077,0.0223
BLOC1S1-RDH5,-0.09755183,0.00766,0.0223
DVL1,0.14137629,0.00767,0.0223
TEX56P,0.15281767,0.00772,0.0224
UGGT2,-0.4325932,0.00688,0.0224
LOC100129434,-0.24072813,0.00771,0.0224
KDM2B,0.11188852,0.00771,0.0224
LINC02995,-0.28657652,0.00773,0.0224
PKHD1,0.41343519,0.00773,0.0224
ARHGEF40,-0.20105573,0.00771,0.0224
HTR3A,-0.7389947,0.00776,0.0225
NIF3L1,0.08195503,0.00777,0.0225
SPINT4,0.4620569,0.00778,0.0225
LINC01301,-0.41521706,0.00776,0.0225
LOC102724802,0.16163484,0.00778,0.0225
ZMYM6,-0.4066016,0.00693,0.0225
CDC42EP1,-0.4795039,0.00692,0.0225
LINC02669,-0.30559728,0.00777,0.0225
AARSD1,-0.07997594,0.00776,0.0225
SPRR2A,-0.79469764,0.00778,0.0225
OSBPL1A,0.2310833,0.00692,0.0225
HOXA7,0.24173499,0.00776,0.0225
CNPY4,-0.12804343,0.0078,0.0226
LOC105370664,-0.15012927,0.00782,0.0226
SLC39A11,-0.11824214,0.00781,0.0226
ELAC1,-0.3532563,0.00696,0.0226
IMPACT,-0.2698915,0.00694,0.0226
AGFG1,-0.07875005,0.00779,0.0226
LOC105377663,-0.18141493,0.0078,0.0226
TP73,0.25394201,0.00786,0.0227
DDOST,-0.07704845,0.00784,0.0227
RNR2,0.28179454,0.00786,0.0227
IGFALS,0.27901903,0.00785,0.0227
ZNF16,0.08263539,0.00783,0.0227
LOC105375044,0.19021982,0.00785,0.0227
TRIM4,0.06319352,0.00783,0.0227
ARL5A,0.14742798,0.00784,0.0227
AFM,-1.6882846,0.00702,0.0228
MAFK,-0.8009097,0.00704,0.0228
ZNF649,0.10285022,0.0079,0.0228
VSTM5,-0.17569673,0.00787,0.0228
MMP17,-1.1523198,0.00703,0.0228
PON3,0.39708726,0.00795,0.0229
SIRPB1,-0.31007201,0.00791,0.0229
TTC28,-0.13667361,0.00791,0.0229
LPP-AS1,-0.219623,0.00795,0.0229
APOBEC3C,-0.16005666,0.00793,0.0229
JPT2,-0.149594,0.00706,0.0229
WASH9P,0.15505605,0.00795,0.0229
C3ORF18,0.13459337,0.00792,0.0229
ZNF879,0.10519824,0.00792,0.0229
LOC105372337,0.55978532,0.00791,0.0229
WTIP,-0.20825842,0.00797,0.023
GPAT2,-0.20146672,0.00796,0.023
PAWR,0.09546603,0.00798,0.023
KLKB1,0.47372351,0.00795,0.023
LOC107987134,-0.45322089,0.00796,0.023
URB2,-0.12487471,0.00799,0.023
ABHD16A,-0.08132749,0.00796,0.023
NWD2,0.37489734,0.00795,0.023
DBP,-0.6085531,0.00709,0.023
ULK2,-0.07504535,0.00797,0.023
SLC50A1,-0.4711033,0.00712,0.0231
NINJ1,-0.14144271,0.00801,0.0231
EFCAB13,0.1510559,0.00802,0.0231
TPGS2,-0.2193772,0.00713,0.0231
ADH1B,-0.8542918,0.00712,0.0231
ID2,0.1453268,0.00801,0.0231
SLC26A2,-0.27828274,0.00805,0.0232
LOC102724883,0.15907911,0.00805,0.0232
PPP1R3C,0.3739797,0.00717,0.0232
LOC105374206,-0.3333078,0.00806,0.0232
GRIK1-AS2,-0.25618982,0.00804,0.0232
ALMS1P1,0.33160126,0.00803,0.0232
MIR1279,0.1780539,0.00803,0.0232
PHLPP2,-0.0911961,0.00804,0.0232
HDAC8,-0.07242819,0.00805,0.0232
PEX11A,-0.5662969,0.00717,0.0232
HPR,-0.33211363,0.0081,0.0233
TCAF2,-0.17348898,0.0081,0.0233
FRG1CP,0.4609304,0.00719,0.0233
ZNF774,0.15729463,0.00811,0.0233
PARP2,-0.2538766,0.00719,0.0233
ARHGAP6,-0.5380758,0.00722,0.0233
MED23,0.0891741,0.00808,0.0233
MMADHC,0.1080837,0.00808,0.0233
LOC107985285,0.43975038,0.00809,0.0233
MIR143,-0.30236736,0.00814,0.0234
ADGRG3,0.18873445,0.00812,0.0234
MIR6516,0.128087,0.00816,0.0234
PLA2G4C,-0.2661331,0.00812,0.0234
CD1E,-0.9640441,0.00726,0.0234
FAAP24,-0.17136448,0.00813,0.0234
XPO7,-0.2289831,0.00724,0.0234
MOSPD1,0.15330154,0.00812,0.0234
TET2,0.08441056,0.00813,0.0234
FLG,0.26330419,0.00814,0.0234
MAGEF1,0.12061466,0.00816,0.0235
TMPRSS4,-0.47119684,0.00819,0.0235
LOC105376367,0.46182072,0.00819,0.0235
LOC105371963,-0.22854336,0.00819,0.0235
AKAP8L,-0.4372055,0.00731,0.0235
TNFRSF14,-0.4028301,0.00728,0.0235
COMMD4,-0.2293981,0.00727,0.0235
CYP3A7,-1.5246944,0.00728,0.0235
TPM1-AS,-0.19957732,0.00823,0.0236
MAVS,-0.2488947,0.00732,0.0236
FICD,-0.09596788,0.0082,0.0236
TLE2,-0.3838687,0.00734,0.0236
AOX1,-0.6856957,0.00737,0.0237
MAN2A2,-0.348668,0.00738,0.0237
TPM1,-0.5523678,0.00736,0.0237
PPP1R7,0.08328185,0.00825,0.0237
LOC101927516,0.13040866,0.00825,0.0237
SPRR2B,-0.76808328,0.00825,0.0237
SFN,0.1947661,0.00826,0.0237
ZNF26,0.4360185,0.00739,0.0238
LINC02649,-0.24174805,0.00831,0.0238
PROX1,-0.27701226,0.00829,0.0238
ANAPC16,0.09451946,0.00832,0.0239
CASTOR2,-0.19727848,0.00834,0.0239
HDAC6,-0.2363741,0.00744,0.0239
NR2E3,-0.23590819,0.00834,0.0239
SCN1A-AS1,-0.24984698,0.00832,0.0239
LOC112268460,-0.22457105,0.00832,0.0239
SLC22A16,-0.43878404,0.00833,0.0239
ZNF57,0.15543812,0.00834,0.0239
LOC102723335,-0.46554408,0.00832,0.0239
GLB1L,-0.11898754,0.00836,0.0239
AMN1,0.09553868,0.00832,0.0239
LOC105379163,0.17402036,0.00837,0.024
NEK11,0.2993107,0.00748,0.024
SPPL3,0.11815001,0.00837,0.024
DAPK1-IT1,-0.2519401,0.0084,0.024
WFDC13,0.43717767,0.00836,0.024
DAO,-1.3589463,0.00752,0.0241
NUP88,0.2088488,0.00753,0.0241
LRRC31,-1.6533401,0.0075,0.0241
CCL25,-1.430566,0.00753,0.0241
GABRR2,-1.2157223,0.00753,0.0241
SLC44A1,-0.5296888,0.0075,0.0241
RIT2,-1.4193498,0.00752,0.0241
RPA3,0.3123369,0.00751,0.0241
SH2D4A,-0.3644051,0.00752,0.0241
H4C12,-0.18797199,0.00846,0.0242
ZNF626,0.15961503,0.00847,0.0242
MAU2,-0.374619,0.00757,0.0242
ZNF557,-0.351863,0.00756,0.0242
PNISR,0.09690941,0.00845,0.0242
RAB39B,-0.33884027,0.00845,0.0242
SH3GL3,0.38797202,0.00851,0.0243
LOC105370567,-0.08630008,0.00851,0.0243
TPPP,0.28726845,0.00849,0.0243
DGCR11,0.11844538,0.00853,0.0243
VANGL2,0.17449822,0.00849,0.0243
TVP23C-CDRT4,0.12746965,0.00848,0.0243
PHACTR2-AS1,-0.19394123,0.00851,0.0243
DUSP15,-0.30186673,0.0085,0.0243
YTHDF3,-0.06351117,0.00848,0.0243
PIM3,-0.19094358,0.00849,0.0243
KCNE1,-0.266659,0.00851,0.0243
LOC101928004,0.79778058,0.00848,0.0243
MTCL1,-0.2350693,0.00849,0.0243
PHF8,-0.2778915,0.00762,0.0243
LOC101927394,0.33540136,0.00851,0.0243
AQP1,-0.21228254,0.00856,0.0244
EIPR1,0.1994528,0.00765,0.0244
MIR6717,0.15987804,0.00858,0.0245
GGH,0.4214974,0.00769,0.0245
ZNF681,0.24596909,0.00861,0.0245
LOC105374965,0.23282948,0.00859,0.0245
ASCC3,-0.10883198,0.00859,0.0245
C2ORF76,0.10365003,0.0086,0.0245
TMEM254,0.22234098,0.0086,0.0245
NUDT17,0.089144,0.00859,0.0245
GBP4,-0.38552277,0.00857,0.0245
ASIC3,0.2081055,0.0086,0.0245
SYT5,-0.835535,0.00769,0.0245
SIMC1,0.08200916,0.00858,0.0245
CDH24,-0.18693634,0.00864,0.0246
PTGES3L-AARSD1,-0.07848249,0.00862,0.0246
LINC01270,-0.31446346,0.00865,0.0246
IL9R,0.38293802,0.00865,0.0246
CXXC4,-1.2252915,0.00773,0.0247
GHRHR,-1.208696,0.00773,0.0247
DGCR8,-0.2710776,0.00776,0.0247
CCDC150,0.18233013,0.00867,0.0247
LOC107986698,-0.23706135,0.00866,0.0247
LINC02018,0.24180382,0.00871,0.0248
FAM110A,0.19781207,0.0087,0.0248
LOC105378796,-0.36549732,0.00871,0.0248
H4C11,-0.18638574,0.00874,0.0249
FAM83H,0.25713332,0.00874,0.0249
ZNF787,-0.3857922,0.0078,0.0249
PATL2,-0.25763625,0.00876,0.0249
NABP2,-0.4296176,0.00781,0.0249
KLHDC10,0.06102374,0.00873,0.0249
PPP1R9A,-0.29298182,0.00874,0.0249
MFSD4A,0.24430537,0.00875,0.0249
ZNF302,-0.2555016,0.00781,0.0249
FOXD3,-0.9641499,0.00787,0.025
ANAPC11,-0.09134663,0.00877,0.025
UBE2A,-0.1607302,0.00786,0.025
CPA4,-0.5183419,0.00788,0.025
RNA18SN4,0.38843688,0.0088,0.025
LOC100506207,0.17964827,0.00881,0.025
ZNRF3,0.13119933,0.00881,0.025
RAB9A,0.1123325,0.0088,0.025
LOC105372234,0.33884418,0.00879,0.025
MIR3939,0.37691351,0.00879,0.025
HRC,-0.27354551,0.00879,0.025
MCTS1,0.06643911,0.00879,0.025
CEP290,0.4308813,0.00792,0.0251
PGM5,0.21469513,0.00881,0.0251
CXCR2,0.6302729,0.00793,0.0251
FKBP1B,0.25668,0.00794,0.0251
NELFB,-0.1838804,0.00791,0.0251
CLCN2,-0.3139727,0.00789,0.0251
LAMTOR2,0.1775856,0.00791,0.0251
EGR1,0.5377961,0.00791,0.0251
GUSBP19,0.22772187,0.00884,0.0251
LANCL1-AS1,0.12557964,0.00883,0.0251
ZNF646,0.9680994,0.00789,0.0251
CHM,-1.604053,0.00791,0.0251
LOC107984747,0.15156385,0.00885,0.0251
TAS2R13,1.1480365,0.0079,0.0251
USP47,0.1893492,0.00792,0.0251
POGLUT1,0.3217665,0.00793,0.0251
PPIL2,-0.2262468,0.0079,0.0251
DDX19B,0.07384264,0.00885,0.0252
LOC105373709,0.47025856,0.00887,0.0252
COL24A1,0.24553208,0.00887,0.0252
EREG,0.31542945,0.00888,0.0252
PADI1,-0.7575383,0.00798,0.0252
SPATA6L,0.23182819,0.00887,0.0252
BCAN-AS1,0.34066199,0.00885,0.0252
MYOM1,-0.30330322,0.00886,0.0252
ATP5F1A,-0.1306127,0.008,0.0253
HCG9,-1.0290343,0.00801,0.0253
PUDP,0.3701629,0.00801,0.0253
STEAP1B,-0.25482545,0.00891,0.0253
AMMECR1,0.294445,0.00802,0.0253
MTMR12,-0.4161991,0.00802,0.0253
PRKN,0.12367995,0.00892,0.0253
KCNT2,0.24156553,0.00893,0.0253
KCNG1,-0.9707752,0.00802,0.0253
DXO,-0.3105202,0.008,0.0253
RCL1,0.2313179,0.00804,0.0254
CSH1,-0.3061052,0.00803,0.0254
LINC02351,-0.36685896,0.00894,0.0254
ZNF831,-0.35833755,0.00898,0.0255
HLA-E,0.2820262,0.00809,0.0255
S100A13,-0.12496554,0.009,0.0255
LOC105377862,0.26297576,0.00897,0.0255
MGAT3,-0.6533826,0.00807,0.0255
LOC105377861,0.3506941,0.00898,0.0255
PRPF4,0.1670405,0.00808,0.0255
SCFD1,0.1792598,0.00813,0.0256
HAND2-AS1,0.26964989,0.00901,0.0256
TTLL9,-0.21198907,0.00902,0.0256
PNKP,-0.2495587,0.00813,0.0256
SLC35A1,0.09768004,0.00902,0.0256
LOC105372311,-0.39390652,0.00905,0.0256
SSX5,-0.8252327,0.00811,0.0256
MTIF3,0.09374825,0.00904,0.0256
LOC105373206,-0.35426502,0.00909,0.0257
ASB9P1,0.17811315,0.00909,0.0257
ZBTB20-AS3,0.15414831,0.00909,0.0257
B4GALT2,-0.3174492,0.00817,0.0257
ZNF440,0.15458395,0.00909,0.0257
THNSL2,-0.7691413,0.00817,0.0257
CLASRP,0.12814012,0.00908,0.0257
MAPK9,0.1714762,0.00816,0.0257
SCCPDH,0.14676444,0.00909,0.0257
ZNF766,0.06031162,0.00913,0.0258
ILF3,-0.1455366,0.00821,0.0258
APPL2,-0.4473435,0.00822,0.0258
GABPB2,0.07450511,0.00913,0.0258
PRPH,-0.8119589,0.0082,0.0258
EGLN3-AS1,0.26887388,0.00912,0.0258
LINC02097,0.29459213,0.00912,0.0258
PRICKLE2-AS1,-0.15518549,0.00911,0.0258
INTS4P2,0.1272432,0.0091,0.0258
ITGA2,0.16048189,0.00914,0.0259
ENOPH1,0.0642896,0.00914,0.0259
C14ORF119,-0.11333354,0.00916,0.0259
PRSS3,0.23827669,0.00917,0.0259
ZMYM3,-0.2421694,0.00827,0.026
MSMB,0.49074355,0.00918,0.026
LOC105379173,-0.09183453,0.00922,0.0261
TBC1D16,-0.17841453,0.00922,0.0261
SIAH2-AS1,0.21372249,0.00923,0.0261
LY6D,0.3198504,0.00831,0.0261
LOC101927932,0.27503653,0.00922,0.0261
PRKXP1,-0.43212236,0.00926,0.0261
SPRYD4,0.07637881,0.00924,0.0261
LOC105376749,0.16922694,0.00923,0.0261
KLHL35,0.19941111,0.00923,0.0261
SLC4A9,0.23600454,0.0093,0.0262
TOLLIP-DT,0.27174892,0.00927,0.0262
PRMT1,0.1651788,0.00836,0.0262
LOC105369803,0.26427406,0.00927,0.0262
TBC1D3C,0.16155315,0.00927,0.0262
SOWAHB,0.31216517,0.00929,0.0262
LTBR,-0.14520451,0.00928,0.0262
CYP27C1,0.18943102,0.00929,0.0262
LOC112268104,0.1994857,0.00929,0.0262
PKP1,0.19959544,0.00933,0.0263
POLR1D,0.3071364,0.00839,0.0263
SPAG5,0.3548507,0.00839,0.0263
MRPL23-AS1,0.33210574,0.00931,0.0263
GP1BA,0.23448604,0.00933,0.0263
MACF1,0.2540769,0.00839,0.0263
SCARNA2,0.12774166,0.00934,0.0263
MIR711,0.22960084,0.00933,0.0263
TRAF6,0.05021035,0.00938,0.0264
PDZRN4,-0.35133303,0.00935,0.0264
LOC100130331,-1.3971907,0.00845,0.0264
NT5E,-0.27092714,0.00936,0.0264
RNVU1-14,-0.30911318,0.00935,0.0264
SSH3,0.14158739,0.00937,0.0264
LOC100652833,0.29465202,0.00936,0.0264
PSME3,-0.11892259,0.00938,0.0264
GHRH,-1.2974242,0.00843,0.0264
MCM3,-0.09533608,0.00939,0.0265
ZNF790,0.09114224,0.00939,0.0265
GHDC,-0.17808075,0.0094,0.0265
USP12,0.09275214,0.00942,0.0265
BET1L,-0.15882592,0.00941,0.0265
PRPF4B,0.07830789,0.00941,0.0265
ANXA9,0.20040927,0.00941,0.0265
LOC728715,0.30219265,0.00948,0.0266
KPLCE,-0.5690944,0.00853,0.0266
CFAP69,-0.5539174,0.0085,0.0266
FXR2,0.0913441,0.00944,0.0266
MIR5692C2,0.22884155,0.00945,0.0266
PDE6C,0.15567882,0.00947,0.0266
ANKRD31,0.21999647,0.00945,0.0266
FOXK2,0.2062569,0.0085,0.0266
MTFR1,-0.1943352,0.00853,0.0266
MAK16,0.2308045,0.0085,0.0266
CORIN,-0.965152,0.00849,0.0266
LURAP1,0.18762048,0.00947,0.0266
SIRPA,-0.14935103,0.00944,0.0266
FUCA2,-0.15438757,0.00947,0.0266
ANKRD1,-0.41412759,0.00951,0.0267
EDN2,-0.58683682,0.00952,0.0267
MEX3D,0.20821804,0.00949,0.0267
HSD17B6,-0.37886065,0.00949,0.0267
SLITRK2,0.29279772,0.00951,0.0267
SCARNA7,0.20145587,0.00951,0.0267
GPN3,0.2397232,0.00854,0.0267
KLF9,-0.26926798,0.00953,0.0268
LOC644285,0.1127657,0.00954,0.0268
HNF4A,0.46143866,0.00956,0.0268
ASGR1,0.347701,0.00861,0.0268
TNNC1,-0.8910876,0.0086,0.0268
H2AC15,-0.1787686,0.00955,0.0268
BCL2L12,0.09426827,0.00954,0.0268
DNM1P41,0.16245411,0.00954,0.0268
LOC101927898,-0.13169374,0.0096,0.0269
MBLAC1,0.1769126,0.00959,0.0269
HNRNPL,0.2198718,0.00861,0.0269
TCEAL4,0.1963318,0.00863,0.0269
A1CF,-0.38012889,0.00958,0.0269
LOC101929291,0.16832034,0.00957,0.0269
DKK3,-0.19007915,0.0096,0.0269
SMNDC1,0.1394999,0.00868,0.027
PPARGC1A,-0.8427398,0.00869,0.027
LOC105371114,0.27656995,0.00964,0.027
FASN,1.2587847,0.00868,0.027
TP53BP1,-0.3667281,0.00868,0.027
LINC02884,-0.31522997,0.00962,0.027
CD52,-0.33099738,0.00964,0.027
LOC107985544,-0.15814349,0.00962,0.027
ADAM32,-0.24183849,0.00968,0.0271
PLPPR3,-1.2806758,0.00871,0.0271
NTAQ1,0.3081024,0.00871,0.0271
MIG7,0.25114403,0.00969,0.0271
DEXI,-0.14347973,0.00965,0.0271
LINC01409,0.12493726,0.00965,0.0271
EGLN1,0.2769832,0.0087,0.0271
ZNF521,-0.16776498,0.00966,0.0271
NUFIP2,-0.06528034,0.00971,0.0272
PET100,0.11785846,0.00971,0.0272
LOC105378969,-0.3343546,0.00972,0.0272
NDUFS3,0.1575031,0.00876,0.0272
SDR9C7,0.21950646,0.00972,0.0272
NCK1,-0.1596917,0.00877,0.0272
CST4,-1.103388,0.00877,0.0272
LOC102723765,0.28560364,0.00969,0.0272
RCVRN,-1.0763069,0.00878,0.0272
ZNF253,-0.757879,0.00882,0.0273
DOLPP1,0.10731492,0.00973,0.0273
RFPL1S,-0.38447939,0.00973,0.0273
MAP3K2,-0.6409493,0.00879,0.0273
PDP1,-0.11178788,0.00974,0.0273
ITPRIPL1,-0.18895077,0.00974,0.0273
P2RX5,1.281842,0.00882,0.0273
FHOD1,-0.17297376,0.00976,0.0273
LOC112268147,0.14484727,0.00974,0.0273
TNRC6A,0.04910326,0.00981,0.0274
LINC01355,0.1027194,0.00981,0.0274
SCAP,0.2267047,0.00885,0.0274
FUT1,0.16429281,0.0098,0.0274
LOC105375060,-0.32754132,0.00979,0.0274
NR2C2,0.03857742,0.0098,0.0274
DMXL1-DT,0.27700268,0.00978,0.0274
MEN1,-0.1966027,0.00886,0.0274
ECT2,-0.16518211,0.00983,0.0275
COX20,0.08595941,0.00984,0.0275
EIF4E,-0.2863364,0.00887,0.0275
ZMYM4,-0.05652774,0.00983,0.0275
PCDHGB3,0.13916663,0.00983,0.0275
TSPO,0.1824678,0.00887,0.0275
FAT2,0.14661286,0.00983,0.0275
EPN3,0.21639639,0.00983,0.0275
LINC03030,0.2462053,0.00987,0.0276
RIPK3,-0.12237753,0.00989,0.0276
LOC107987326,-0.28150084,0.00987,0.0276
DAB1,-0.69344,0.00894,0.0276
LOC100287290,0.22603929,0.00987,0.0276
LINC01214,0.26241787,0.0099,0.0276
MON2,0.06392561,0.00989,0.0276
POP5,0.2280338,0.00891,0.0276
TIPRL,0.2309522,0.00894,0.0276
PIMREG,0.15727314,0.00989,0.0276
GSK3A,-0.2145681,0.00893,0.0276
PLA2G1B,-1.4144294,0.00892,0.0276
LOC105379013,0.31839179,0.00986,0.0276
UBALD2,-0.14306581,0.00989,0.0276
MMP24-AS1-EDEM2,-0.06928095,0.0099,0.0277
GGNBP2,0.2747605,0.00896,0.0277
LAIR2,1.3501907,0.00897,0.0277
FBXL4,0.08438537,0.00994,0.0277
H2BC12L,-0.19965072,0.00994,0.0277
SHMT2,-0.09765434,0.00991,0.0277
RELN,-0.3948699,0.00897,0.0277
VPS72,-0.1613758,0.00896,0.0277
PDIA5,-0.14511992,0.00991,0.0277
LGR4,-0.2689103,0.00903,0.0278
UBXN8,0.3069278,0.00901,0.0278
IGHMBP2,-0.2143133,0.009,0.0278
PCYOX1,0.3087418,0.00902,0.0278
LOC101928817,0.18164834,0.00996,0.0278
ARHGEF28,0.14820153,0.01,0.0279
LINC02560,0.25272518,0.00999,0.0279
LOC105378452,0.29962825,0.00999,0.0279
RAB3GAP1,-0.1449475,0.00905,0.0279
PCDHGA4,0.15460449,0.01,0.0279
NPBWR1,0.46800411,0.01,0.0279
BARX2,-0.5823474,0.00908,0.0279
TMEM229B,-0.22615322,0.01,0.0279
TMED4,0.04873231,0.01,0.0279
MIR5194,-0.31185369,0.00999,0.0279
OSTM1,-0.10454304,0.01,0.0279
SCARNA10,0.17822044,0.0101,0.028
LOC105373204,-0.35492758,0.0101,0.028
LOC105375492,-0.12859988,0.0101,0.028
MANBA,-0.11534243,0.0101,0.028
FAM117A,0.1678444,0.01,0.028
ABCC1,-0.14080218,0.0101,0.028
LOC105376547,0.31268464,0.0101,0.028
EFNB2,0.21269335,0.01,0.028
ASS1,-0.405591,0.0091,0.028
TSPYL2,0.13019775,0.0101,0.0281
NDST1-AS1,-0.27480808,0.0101,0.0281
TRHDE-AS1,-0.5193442,0.0101,0.0281
SETD5,0.04377242,0.0101,0.0281
PYY,-0.7407812,0.00916,0.0281
NDUFB2,0.1664564,0.00915,0.0281
AANAT,-0.29273837,0.0102,0.0282
PNO1,-0.11026264,0.0101,0.0282
ATP5MC2,0.09451192,0.0102,0.0282
SLC5A6,-0.16016395,0.0101,0.0282
SQLE,-0.2570063,0.00919,0.0282
IL7,0.2640924,0.00917,0.0282
KLHDC4,0.3616081,0.0092,0.0282
POLDIP3,-0.2319173,0.00918,0.0282
ZNF664,-0.12413933,0.0102,0.0283
TPST2,-0.10432658,0.0102,0.0283
GTF2IRD1P1,0.09744862,0.0102,0.0283
PRDX2,-0.2847746,0.00922,0.0283
ZNF607,0.11688826,0.0102,0.0283
ALG8,-0.1527717,0.00923,0.0283
TTYH2,-0.13181327,0.0102,0.0283
SHOX2,-0.337178,0.00923,0.0283
EXOC3,0.2622983,0.00923,0.0283
LAMB3,0.4058657,0.00922,0.0283
GDI2,0.1509386,0.00921,0.0283
EI24,0.2307346,0.00926,0.0284
ZNF212,-0.2759668,0.00925,0.0284
FOXO6,0.32436489,0.0102,0.0284
MIR3652,-0.19352523,0.0102,0.0284
RAMP2-AS1,0.29058566,0.0102,0.0284
HSF1,-0.3410228,0.00931,0.0285
ASH2L,0.246098,0.0093,0.0285
RBM6,-0.3450664,0.0093,0.0285
LOC101929507,0.41054667,0.0103,0.0285
TMEM74B,-0.379122,0.0093,0.0285
SLC6A20,-1.49081,0.00935,0.0286
HSF2,0.12300846,0.0103,0.0286
LOC112268136,-0.30591776,0.0103,0.0286
UBXN7-AS1,0.15261249,0.0103,0.0286
SYCP2,-0.6649715,0.00935,0.0286
EGFR,0.11523049,0.0103,0.0286
CMKLR2,-0.29437522,0.0103,0.0287
SNORD114-21,0.3838363,0.0103,0.0287
PPAT,0.2875352,0.00941,0.0287
HPN,-1.1189466,0.00939,0.0287
LIMK2,0.09814402,0.0104,0.0288
MIR320B2,0.30311679,0.0104,0.0288
LOC105378604,-0.34733695,0.0104,0.0288
CACNA1B,-0.4601012,0.00942,0.0288
LOC105378143,-0.37111096,0.0104,0.0288
IGHE,-1.2492531,0.00943,0.0288
CDH17,-1.1935158,0.00943,0.0288
ZMYM5,0.08767569,0.0104,0.0288
LINGO3,-0.40525328,0.0104,0.0288
USF2,-0.2387262,0.00949,0.0289
TCL6,-0.5324183,0.00948,0.0289
KMT2B,-0.4094885,0.00947,0.0289
PCDHB6,-1.3029623,0.0095,0.0289
CEP76,0.10334729,0.0104,0.0289
TEC,0.13393154,0.0104,0.0289
PPP1R37,-1.1097796,0.00951,0.0289
BOLA2,-0.14515986,0.0105,0.029
ZNRD2,0.2213499,0.00955,0.029
SLC38A10,-0.21187247,0.0105,0.0291
MSH2-OT1,0.35079148,0.0105,0.0291
UQCR10,0.215468,0.00959,0.0291
EPO,-1.0255358,0.00956,0.0291
CCDC74A,0.1737376,0.0105,0.0291
PODXL2,0.16093514,0.0105,0.0291
LOC105370918,-0.33070412,0.0105,0.0291
RSPH10B,0.21666723,0.0105,0.0291
DMTN,0.219114,0.0105,0.0292
EARS2,-0.05642053,0.0105,0.0292
DPP9,-0.16436615,0.0105,0.0292
TSC22D3,-0.5150911,0.00959,0.0292
ACTN3,-1.1594633,0.00961,0.0292
LOC105374286,0.477908,0.0106,0.0293
LRCH1,-0.608098,0.00965,0.0293
KRI1,0.11452327,0.0106,0.0293
RELA-DT,0.12726167,0.0106,0.0293
LOC102723811,0.27357936,0.0106,0.0293
HMCN2,-0.40182023,0.0106,0.0293
LEFTY1,-0.7820825,0.00965,0.0293
ST8SIA6-AS1,0.43761245,0.0106,0.0293
THAP7,0.09656116,0.0106,0.0293
HIVEP2-DT,-0.18615415,0.0106,0.0294
PPP1CC,0.1644556,0.00971,0.0294
ZNF776,0.07459396,0.0106,0.0294
CHTF18,0.1856758,0.0106,0.0294
TMX3,-0.09746896,0.0106,0.0294
LGALS2,0.9264083,0.00969,0.0294
NDUFA6,0.1406152,0.0097,0.0294
LOC101929577,-0.32251248,0.0106,0.0294
SLCO4A1,0.20829972,0.0106,0.0294
SUMO1P3,-0.10824524,0.0106,0.0294
ZNF165,-0.3907948,0.00975,0.0295
WAPL,0.0785201,0.0107,0.0295
GREM1,-0.40670893,0.0107,0.0295
UBR1,-0.06241694,0.0107,0.0295
IFT43,-0.08399554,0.0107,0.0296
DENND4A,-0.3943286,0.00978,0.0296
LOC107985880,-0.34566548,0.0107,0.0296
LOC112267901,0.34471219,0.0107,0.0296
TRNL2,-0.25657311,0.0108,0.0297
CCDC107,-0.13367744,0.0108,0.0297
LOC107986812,0.34399116,0.0108,0.0297
FBXW8,-0.08798573,0.0107,0.0297
LOC101928053,0.20268851,0.0108,0.0297
YBX1,-0.09533295,0.0108,0.0297
SNORA25,-0.19554016,0.0107,0.0297
MACROD2-IT1,0.26499837,0.0107,0.0297
EGR2,-0.5881931,0.00983,0.0297
LOC107985180,-0.27582616,0.0107,0.0297
CDC20-DT,0.19414777,0.0108,0.0298
TMPRSS11E,-1.191178,0.00986,0.0298
LINC00578,-0.35957577,0.0108,0.0298
HHIP,-0.28524399,0.0108,0.0299
LOC105373047,0.21762976,0.0108,0.0299
PPFIA2,-0.25341724,0.0108,0.0299
PRKCQ,-0.23997373,0.0109,0.03
C9ORF47,-0.2205224,0.0109,0.03
RNU6ATAC,-0.19127271,0.0109,0.03
CCDC174,0.08097516,0.0109,0.03
ADAMTS13,-0.20019553,0.0109,0.03
NPAS3,-0.1316263,0.0109,0.03
CLMN,-0.2010191,0.0109,0.03
KANK3,0.4225513,0.00995,0.03
ALX4,-0.35704737,0.0109,0.0301
IL1A,-0.6449409,0.00998,0.0301
PRORSD1P,-0.20517594,0.0109,0.0301
DNASE1L2,-0.6189203,0.00999,0.0301
LOC101928491,-0.25648194,0.011,0.0302
PISD,-0.09200308,0.011,0.0302
ACTG1P4,0.13957322,0.011,0.0302
C5ORF24,-0.05928427,0.011,0.0302
GPNMB,0.13230707,0.011,0.0302
IL34,0.19156548,0.011,0.0302
WDR19,0.08952047,0.011,0.0303
CCNY,-0.06425475,0.011,0.0303
MIGA1,0.07781495,0.011,0.0303
UBE2Q2P13,-0.19166888,0.011,0.0303
PPFIA2-AS1,-0.40675325,0.011,0.0303
PHLDA1,-0.17011216,0.011,0.0303
CHTOP,-0.1262464,0.0101,0.0304
LOC105379308,-0.24276668,0.0111,0.0304
WDR53,0.13669751,0.0111,0.0304
GTF2B,0.09669868,0.011,0.0304
LINC02823,0.41152141,0.0111,0.0304
PDE2A,-0.19992636,0.0111,0.0305
VEGFD,-0.32421022,0.0111,0.0305
BLNK,0.3133704,0.0101,0.0305
DAXX,-0.3535029,0.0101,0.0305
BIN3,-0.2038071,0.0101,0.0305
TAF5,0.3769616,0.0101,0.0305
LOC107986553,-0.27669926,0.0111,0.0305
MATCAP1,-0.12733753,0.0111,0.0306
ADH1C,-0.39954589,0.0111,0.0306
NLRC3,-0.19035839,0.0111,0.0306
ANKS1B,0.13573366,0.0112,0.0307
PKN2,0.07710995,0.0112,0.0307
ULK1,-0.3561881,0.0102,0.0307
ACSM1,-1.0592536,0.0102,0.0307
SLC5A8,-0.63334833,0.0112,0.0308
DNAJB9,0.2545742,0.0103,0.0308
LOC148696,0.10839524,0.0112,0.0308
FAN1,0.0607598,0.0112,0.0308
PLS3,0.1505325,0.0103,0.0308
B4GALNT4,0.27147453,0.0112,0.0308
LOC105371401,-0.30718343,0.0112,0.0308
THSD4,-0.16713963,0.0112,0.0308
PCDH11X,-1.4405907,0.0103,0.0308
MAGI1,-0.4846918,0.0102,0.0308
WASL,-0.9158472,0.0103,0.0308
ITGB1-DT,-0.24708051,0.0113,0.0308
ZNF577,0.08614187,0.0112,0.0308
LOC105374240,0.30478441,0.0112,0.0308
KPNA4,0.2204348,0.0103,0.0308
FSIP2-AS1,0.18625055,0.0112,0.0308
FHL3,-0.19315861,0.0112,0.0308
LOC107985362,0.4017773,0.0112,0.0308
SPCS1,0.1326207,0.0103,0.0308
TRIP12,0.171863,0.0103,0.0308
PLEKHG3,0.3484579,0.0103,0.0308
SOD1,0.1419672,0.0103,0.0308
ING5,0.09673869,0.0113,0.0309
TRIM5,-0.15038555,0.0113,0.0309
DCAF4,0.11524182,0.0113,0.0309
BOC,0.15560412,0.0113,0.0309
UBE2D2,0.1075263,0.0103,0.0309
RRAD,-0.33952175,0.0113,0.0309
TSNARE1,0.18783788,0.0113,0.031
LOC107985286,0.28156078,0.0113,0.031
GLUD2,-0.2722848,0.0104,0.031
NPIPA3,0.08634713,0.0113,0.031
LOC105377102,0.1086858,0.0113,0.031
TBP,0.2846043,0.0104,0.031
MIR570HG,0.26136205,0.0113,0.031
NSFL1C,0.06027669,0.0113,0.0311
N4BP1,0.2087722,0.0104,0.0311
LOC107984089,0.17808983,0.0114,0.0311
DPM3,0.2034257,0.0104,0.0312
LGALS8-AS1,0.12919632,0.0114,0.0312
MARK3,-0.04018498,0.0114,0.0312
LOC105370033,0.22809364,0.0114,0.0312
LOC105375586,-0.37375678,0.0114,0.0313
SCG3,-1.6184655,0.0105,0.0313
XRN1,0.08520971,0.0114,0.0313
CD2BP2,-0.2522362,0.0105,0.0313
GFM2,0.09601143,0.0115,0.0313
PHF11,0.2739692,0.0105,0.0313
SMIM10L2A,0.17970952,0.0115,0.0314
LOC107986123,-0.27713729,0.0115,0.0314
ACCS,0.15932114,0.0115,0.0314
SLC8B1,-0.12137305,0.0115,0.0314
SLC39A13,-0.16327973,0.0115,0.0314
LOC102723604,-0.25050552,0.0115,0.0315
H3C3,-0.22654056,0.0115,0.0315
SLC24A1,-0.06915699,0.0115,0.0315
NME2,-0.09518056,0.0116,0.0315
DECR1,0.1989197,0.0106,0.0315
MRTFB,0.2019222,0.0106,0.0315
MRPS30-DT,0.19581176,0.0116,0.0315
CLEC1B,-0.40251589,0.0116,0.0316
CLEC12B,0.27178844,0.0116,0.0316
POLR2J,0.373704,0.0106,0.0316
TAPT1-AS1,0.20077903,0.0116,0.0316
LOC105369228,0.2116018,0.0116,0.0316
DNAJC25,-0.0928936,0.0116,0.0316
CDC42SE1,0.1754701,0.0107,0.0317
ZNF236,-0.2295586,0.0106,0.0317
LINC02728,0.19261074,0.0116,0.0317
PTCD2,0.5213024,0.0107,0.0317
XCR1,-1.2249184,0.0106,0.0317
PALM,-0.4269388,0.0107,0.0317
TNPO2,-0.1862496,0.0107,0.0318
ZNF443,0.10350509,0.0117,0.0318
CXCL3,0.8908316,0.0107,0.0318
KLF11,0.2735747,0.0107,0.0318
LOC105371932,-0.1614547,0.0116,0.0318
MIR210HG,0.2539464,0.0117,0.0318
CEP55,-0.24494168,0.0117,0.0318
LOC105370092,0.39260757,0.0117,0.0318
LOC105371900,0.27440954,0.0116,0.0318
LARP4,-0.3391046,0.0107,0.0318
IGHV4-31,1.1603618,0.0107,0.0318
HOMEZ,0.11287245,0.0117,0.0318
LOC105376163,-0.18762934,0.0117,0.0319
DNAAF3,0.33422795,0.0117,0.0319
ATP6V0D1-DT,0.14374273,0.0117,0.0319
NUFIP1,0.2310992,0.0108,0.0319
TENT4B,0.07128754,0.0117,0.0319
ARHGAP24,-0.1000854,0.0117,0.0319
THUMPD1,0.1765865,0.0107,0.0319
LOC105379003,-0.3502941,0.0117,0.0319
LOC112268088,0.18203421,0.0117,0.0319
FABP3,-0.5789962,0.0108,0.0319
UBE2K,0.06998317,0.0117,0.0319
GIGYF2,0.06517468,0.0118,0.032
PERM1,0.23648076,0.0118,0.032
LOC105374154,0.26424284,0.0118,0.032
APOBEC2,0.16238162,0.0118,0.032
RSPRY1,-0.05604255,0.0118,0.032
PSKH1,-0.1180539,0.0118,0.032
SPRR2D,-0.56209641,0.0118,0.032
LOC105369720,-0.18055619,0.0118,0.0321
PPP2R2C,0.21066422,0.0118,0.0321
DNAAF4-CCPG1,-0.10684595,0.0118,0.0321
SRPX2,-0.22049554,0.0118,0.0321
KIF3C,-0.15518638,0.0118,0.0321
SOX9-AS1,0.29944537,0.0118,0.0321
ZRANB1,0.08617357,0.0118,0.0321
ELOA-AS1,0.07544191,0.0118,0.0321
LOC105374937,0.34789203,0.0118,0.0321
LOC101928163,0.25255842,0.0118,0.0321
BAZ2B,0.0824032,0.0119,0.0322
PHF3,0.2360673,0.0109,0.0322
LOC105373549,-0.60733969,0.0119,0.0322
TCF25,-0.1337279,0.0109,0.0323
AP4S1,-0.2431707,0.0109,0.0323
ZNF284,0.110576,0.0119,0.0323
MIX23,0.10186227,0.0119,0.0323
TBL1X,0.1528972,0.0109,0.0323
DACT2,0.25258614,0.0119,0.0324
WDCP,0.2676934,0.0109,0.0324
DLEU2,-0.1420757,0.0119,0.0324
LOC107985400,0.1817973,0.0119,0.0324
BCORL1,-0.4986519,0.011,0.0325
RICTOR,0.09081994,0.012,0.0325
GNG14,0.30237339,0.012,0.0325
AGXT,-1.039846,0.011,0.0325
PROP1,-1.1755532,0.011,0.0325
PCYT2,-0.3600471,0.011,0.0326
LOC105375740,0.11896703,0.012,0.0326
TMEM170B,-0.18420086,0.0121,0.0327
ASPHD1,0.12179744,0.0121,0.0327
ITPRIP,-0.18603684,0.012,0.0327
C10ORF62,0.39185492,0.012,0.0327
LOC105374841,0.20875424,0.0121,0.0328
POMT1,-0.2988725,0.0111,0.0328
TTC39C,0.10782404,0.0121,0.0328
BCL2L2-PABPN1,0.06324529,0.0121,0.0328
UHRF1,-0.24486034,0.0121,0.0328
TRIR,0.06965765,0.0121,0.0328
POMK,-0.06465634,0.0121,0.0328
POMT2,-0.10561059,0.0121,0.0328
LOC100130357,0.09720069,0.0121,0.0328
DZANK1,0.11242657,0.0122,0.0329
INHBB,-0.3829666,0.0112,0.0329
THAP4,0.5792565,0.0112,0.0329
ZBTB16,-0.9745233,0.0112,0.0329
HERC2P2,-0.22155789,0.0121,0.0329
SLC9A7,-1.3564898,0.0112,0.0329
LOC100130283,-0.13248646,0.0122,0.0329
TSNAX,0.09088073,0.0122,0.0329
CAPG,-0.3166875,0.0112,0.0329
GAS7,-0.2099523,0.0112,0.0329
ANKRD42-DT,0.09472902,0.0121,0.0329
DHX15,0.08799406,0.0122,0.0329
TFIP11,0.1828634,0.0112,0.0329
GDNF-AS1,-0.33570757,0.0122,0.0329
LOC105371768,0.18885667,0.0122,0.033
NOC4L,0.1637358,0.0122,0.033
C3ORF86P,-0.22875233,0.0122,0.033
ELAPOR2,0.15600322,0.0122,0.033
EMC1,-0.1966985,0.0112,0.033
RNF13,0.178603,0.0112,0.033
LOC101929227,0.4344306,0.0123,0.0331
PRDM2,-0.08065796,0.0122,0.0331
NR2C2AP,0.08025957,0.0123,0.0331
LMOD3,-0.21872379,0.0123,0.0331
KATNA1,0.1532172,0.0113,0.0331
BRMS1,-0.1755368,0.0113,0.0331
ZNF205-AS1,0.16292303,0.0123,0.0332
ZNF35,-0.07632034,0.0123,0.0332
KDM8,0.7495376,0.0113,0.0332
TICAM1,0.3210287,0.0113,0.0332
FPR2,-0.9121657,0.0113,0.0332
C11ORF68,-0.2570393,0.0113,0.0332
FBXO15,0.30019737,0.0123,0.0332
NFATC2IP,-0.2106967,0.0113,0.0332
LOC102723985,0.64892957,0.0123,0.0333
NKAP,0.06560106,0.0123,0.0333
BLTP3B,-0.2886472,0.0114,0.0333
ZSCAN16-AS1,-0.11952351,0.0123,0.0333
STK32C,-0.15770435,0.0123,0.0333
HEYL,-0.26815859,0.0123,0.0333
NAV3,0.15651745,0.0123,0.0333
ECHS1,0.1534706,0.0113,0.0333
NT5C,-0.2882837,0.0114,0.0333
RNASEK,-0.07514364,0.0123,0.0333
THYN1,0.09152502,0.0123,0.0333
DDX17,0.04930792,0.0124,0.0334
MIR3654,0.11231874,0.0124,0.0334
CRBN,0.2301494,0.0114,0.0334
HGD,0.67989406,0.0124,0.0334
LOC105375741,0.25015356,0.0124,0.0334
SLC26A3,0.67435561,0.0124,0.0334
LZTFL1,0.08125639,0.0124,0.0334
GPR15LG,-0.55120145,0.0124,0.0335
LOC107987261,-0.18623069,0.0124,0.0335
FANCL,-0.2692744,0.0114,0.0335
GCA,-0.14347571,0.0125,0.0335
ABT1,0.07280495,0.0124,0.0335
CEP126,0.15039846,0.0124,0.0335
C6ORF120,-0.1383701,0.0114,0.0335
SYCN,0.31559613,0.0124,0.0335
VPS41,-0.2112106,0.0115,0.0336
METRN,-0.2022574,0.0125,0.0336
PDE4DIPP7,-0.21862666,0.0125,0.0336
ASIC1,-0.6261429,0.0115,0.0336
LOC107986630,0.18965415,0.0125,0.0336
KTN1,0.1916051,0.0115,0.0336
BCAR3,0.12087735,0.0125,0.0337
EPCIP,-1.4621751,0.0116,0.0337
GLCCI1,0.11201755,0.0125,0.0337
TPI1,-0.10649143,0.0125,0.0337
PRDM10-DT,0.18271109,0.0125,0.0337
LOC100287387,-0.4994638,0.0115,0.0337
KRBA2,0.10258543,0.0126,0.0338
NRAV,0.1129273,0.0125,0.0338
ZNF526,0.12660147,0.0126,0.0338
PDRG1,-0.08431083,0.0126,0.0338
PCDHB5,0.23956958,0.0126,0.0338
LINC00113,0.37811998,0.0126,0.0338
RBBP6,0.07516951,0.0126,0.0339
SHF,0.19233154,0.0126,0.0339
DDB2,0.2843904,0.0116,0.0339
SPHKAP,-0.52036928,0.0126,0.0339
WAC,-0.2375644,0.0116,0.0339
MIR4697HG,0.20134474,0.0126,0.034
MIR200B,0.31466714,0.0126,0.034
LOC105374567,-0.27063696,0.0127,0.034
LOC100507513,0.43264063,0.0127,0.034
CDC6,-0.20381007,0.0126,0.034
DDX1,0.07578072,0.0127,0.034
RLN1,0.28385325,0.0127,0.034
SYT14,0.30519351,0.0127,0.0341
TMEM39A,-0.08151829,0.0127,0.0341
LOC105371592,0.23481479,0.0127,0.0341
LOC107985896,0.39611157,0.0127,0.0341
MIR3659HG,0.19079681,0.0127,0.0341
LNCSIK1,0.26722139,0.0127,0.0341
EIF4A1,-0.10522305,0.0127,0.0341
MAST4-AS1,-0.1777656,0.0127,0.0341
LOC101927057,-0.13737949,0.0128,0.0342
RFXANK,-0.2407361,0.0117,0.0342
FBXO8,0.09893743,0.0128,0.0342
RFNG,-0.3228232,0.0118,0.0342
TBCCD1,-0.2984069,0.0117,0.0342
EEF2,0.13057657,0.0127,0.0342
HOXA3,0.15837726,0.0128,0.0342
LOC105375124,-0.4147607,0.0128,0.0342
LOC105374166,-0.31012114,0.0127,0.0342
LINC01389,0.15648054,0.0128,0.0342
TMEM14A,0.264337,0.0117,0.0342
LOC441081,-0.18923968,0.0128,0.0343
TMED6,-0.14066725,0.0128,0.0343
RNF121,-0.06020043,0.0128,0.0343
C6ORF132,0.22596056,0.0129,0.0344
MIR210,0.38192785,0.0129,0.0344
MIR6891,-0.520736,0.0128,0.0344
RNF217,0.11116699,0.0128,0.0344
MIR605,-0.32008479,0.0128,0.0344
DEFB126,-1.4306389,0.0118,0.0344
TJP2,0.2280849,0.0118,0.0344
TGM4,0.14882353,0.0129,0.0345
CD1A,0.31480308,0.0129,0.0345
NPIPB9,0.11015426,0.0129,0.0345
RIMBP3,-0.33231838,0.0129,0.0345
GDF10,-0.45159453,0.0129,0.0345
CSNK1G2,-0.1852539,0.0119,0.0345
TSTD1,0.14704719,0.0129,0.0346
LOC105375216,0.22380863,0.0129,0.0346
GPR84-AS1,-0.19898626,0.0129,0.0346
LINC00680,-0.10327974,0.0129,0.0346
GOLGA8J,0.10932197,0.0129,0.0346
CALCA,-0.7746764,0.0119,0.0346
LINC00462,0.42188569,0.013,0.0347
PRIM1,0.2191245,0.0119,0.0347
ZC3H12D,-0.27842914,0.013,0.0347
ADGRL2,-0.11928286,0.013,0.0348
LOC105375582,0.3468942,0.013,0.0348
DEPDC1,0.2236769,0.013,0.0348
OSER1,0.09041131,0.013,0.0348
BMP7-AS1,0.25447865,0.0131,0.0349
C19ORF53,-0.2557049,0.012,0.0349
LOC112268008,0.15973158,0.0131,0.035
MAPT-IT1,0.27494686,0.0131,0.035
CEPT1,0.2059499,0.0121,0.035
LOC105375434,0.17875209,0.0131,0.0351
ASCC1,-0.211561,0.0121,0.0351
ARID1B,0.08355909,0.0131,0.0351
ZFP36L1,-0.3250108,0.0121,0.0351
NPC1,0.2242194,0.0121,0.0351
PTRH1,0.13844331,0.0131,0.0351
STRADA,-0.07548662,0.0131,0.0351
NT5M,-0.18844106,0.0131,0.0351
LOC105369690,0.16069009,0.0132,0.0352
RASSF1,-0.09734205,0.0132,0.0352
LOC105378954,-0.19222929,0.0132,0.0352
RRP15,0.08574825,0.0132,0.0352
PIAS3,0.12746601,0.0133,0.0353
NSUN5,0.2794632,0.0122,0.0353
AMPD3,-0.2257722,0.0122,0.0353
MIR762HG,0.08608231,0.0133,0.0353
GNB1L,0.15581327,0.0132,0.0353
PLCH1,-0.6410533,0.0122,0.0353
LOC730101,-0.19484602,0.0133,0.0353
IL6R,-0.453026,0.0122,0.0353
MS4A12,-1.457381,0.0123,0.0354
LCORL,0.10620429,0.0133,0.0354
KAT14,0.08167828,0.0133,0.0354
GLOD4,0.07773226,0.0133,0.0354
PRMT6,-0.12280385,0.0133,0.0354
BOK,-0.19824391,0.0133,0.0354
LOC112268218,-0.13690805,0.0133,0.0354
LOC105371795,0.17304495,0.0133,0.0354
LINC03011,0.22050537,0.0133,0.0355
MIR203A,0.28077472,0.0133,0.0355
PCDHB1,-1.073666,0.0123,0.0355
ODF3L1,0.28418956,0.0133,0.0355
KIF1C,0.150987,0.0133,0.0355
LOC112268278,-0.34014274,0.0133,0.0355
ATAT1,-0.6053684,0.0123,0.0356
NDUFB3,0.2123505,0.0124,0.0356
MRPL30,0.07586454,0.0134,0.0356
LOC283038,0.15875458,0.0134,0.0356
IFT172,0.07809321,0.0134,0.0356
SLC6A10P,-0.69430375,0.0134,0.0356
ARHGAP11A,-0.7365457,0.0123,0.0356
ANKRD13B,0.18051502,0.0134,0.0356
MAP3K5-AS2,-0.16492947,0.0134,0.0356
MZT1,0.11785741,0.0134,0.0356
LOC105370946,0.25225949,0.0134,0.0356
RNF225,0.28362742,0.0134,0.0357
CENPQ,0.15861489,0.0134,0.0357
GDAP1,-1.4996143,0.0124,0.0357
RECQL,-0.10949912,0.0134,0.0357
SLC6A15,0.25334572,0.0134,0.0357
LOC105374811,-0.32733085,0.0134,0.0357
LOC102724262,-0.15193421,0.0134,0.0357
LOC105376486,-0.15295553,0.0135,0.0358
FANCA,-0.3601168,0.0124,0.0358
THAP5,0.07355535,0.0135,0.0358
SETD4-AS1,0.47012565,0.0135,0.0358
LOC105378978,0.3487043,0.0135,0.0358
TBC1D3,0.1638881,0.0135,0.0358
SNHG5,0.30013986,0.0135,0.0359
LOC388282,0.23287177,0.0135,0.0359
PPP1R35-AS1,0.12146869,0.0135,0.0359
SPAG9,0.2358507,0.0125,0.0359
LINC00667,0.13987694,0.0135,0.0359
LOC442497,-0.42560656,0.0136,0.036
DOHH,-0.3997855,0.0125,0.036
MASCRNA,0.19529841,0.0136,0.036
AIFM3,-0.2333124,0.0136,0.036
TBX6,-0.7225608,0.0125,0.036
ACSL6,0.29700185,0.0136,0.036
GMPR2,-0.05682455,0.0136,0.036
RAI14-DT,0.50190285,0.0136,0.0361
ABCA13,0.40498589,0.0136,0.0361
LOC107986819,-0.27307423,0.0136,0.0361
PNRC1,0.09139346,0.0136,0.0361
HACL1,0.21136912,0.0136,0.0361
BRCC3,-0.7604328,0.0126,0.0361
LOC105370844,0.16481397,0.0136,0.0362
LOC105371044,0.25488952,0.0137,0.0362
TMEM9,0.10678451,0.0137,0.0362
ABCD4,-0.09159996,0.0137,0.0362
MARCHF8,-0.140849,0.0126,0.0362
TRIM37,0.2172604,0.0126,0.0362
SLMO2-ATP5E,-0.11500436,0.0137,0.0362
SLC12A7,-0.20083096,0.0137,0.0363
IL2RB,0.5799038,0.0127,0.0364
RNGTT,-0.2520162,0.0126,0.0364
MEG8,-0.2171192,0.0137,0.0364
UBA52,0.1375721,0.0127,0.0364
CDKL1,0.07669668,0.0137,0.0364
CLUH,0.2440476,0.0127,0.0364
CCDC167,-0.13458415,0.0138,0.0365
ANKRD20A3P,0.28670096,0.0138,0.0365
SLC29A2,0.1753296,0.0138,0.0366
LOC105372318,0.18301714,0.0138,0.0366
ANO7,-0.09870175,0.0138,0.0366
RASAL1,0.20539729,0.0138,0.0366
LOC100505851,0.59509587,0.0138,0.0366
SMOC1,-0.3414792,0.0138,0.0366
ROM1,-0.15266826,0.0139,0.0367
RPP14,-0.1740245,0.0128,0.0367
GHITM,0.1292252,0.0128,0.0367
VPS33B,0.08595584,0.0139,0.0367
GCLM,-0.3929398,0.0128,0.0367
ASB4,0.42486084,0.0139,0.0368
ZNF154,-1.303157,0.0128,0.0368
LOC107983980,-0.46883999,0.0139,0.0368
TSPOAP1-AS1,-0.08911982,0.0139,0.0368
RHBDF2,-0.19334948,0.0139,0.0368
PIK3C3,0.1939719,0.0129,0.0369
LINC00891,-0.3488271,0.014,0.0369
TMEM126B,0.1856666,0.0129,0.0369
SMUG1-AS1,0.25206382,0.014,0.037
PRICKLE2-AS3,-0.17772526,0.014,0.037
MUC4,-1.0167894,0.0129,0.037
TBC1D12,-0.1467195,0.0129,0.037
EXOSC8,0.1539919,0.0129,0.037
ARMT1,-0.11814985,0.014,0.037
LDOC1,0.1952501,0.013,0.0371
NUDT16,-0.08639962,0.0141,0.0371
NR1H3,-0.1820083,0.0141,0.0371
ARID3C,0.29279931,0.014,0.0371
CCHCR1,0.11140929,0.014,0.0371
NOS1AP,-0.6924663,0.013,0.0371
LOC102724149,-0.26381646,0.014,0.0371
ZNF90,0.12885962,0.0141,0.0371
ZNF425,0.13283262,0.014,0.0371
NDEL1,0.12240405,0.0141,0.0372
GTF2E1,-0.07259292,0.0141,0.0372
GNAO1-DT,0.28449488,0.0141,0.0372
LINC00324,0.12518614,0.0141,0.0372
VPS50,0.09494515,0.0142,0.0373
ZNF124,-0.12309109,0.0141,0.0373
NUB1,-0.0797379,0.0142,0.0373
CILP,-0.7505962,0.013,0.0373
CATSPER1,0.26731495,0.0142,0.0373
MFAP1,0.1028511,0.0141,0.0373
CCDC40,-0.18169646,0.0141,0.0373
IFT70A,-0.3254888,0.0131,0.0373
ELOVL7,0.20221474,0.0142,0.0373
PSMC6,0.08330815,0.0142,0.0374
GRIPAP1,0.07167286,0.0142,0.0374
FAM222B,-0.1645284,0.0131,0.0374
STK39,-0.4472665,0.0131,0.0375
MRPS31,-0.1703595,0.0132,0.0375
ADCY8,-1.3928262,0.0132,0.0375
TSPAN9,-0.2523973,0.0131,0.0375
HACD1,0.3131778,0.0131,0.0375
FOS,1.0259325,0.0132,0.0375
DHCR24-DT,0.24618349,0.0142,0.0375
EED,0.08212336,0.0142,0.0375
TNFRSF10A,-0.12865355,0.0142,0.0375
GPC1,0.2098584,0.0142,0.0375
ECHDC1,-0.385057,0.0132,0.0376
NCAPH,0.9397539,0.0132,0.0376
FAM111A-DT,0.110796,0.0143,0.0376
LOC100506514,0.12167623,0.0143,0.0376
LOC285889,0.35983639,0.0143,0.0376
LGI1,0.42566941,0.0143,0.0376
PAPOLB,0.2478659,0.0143,0.0377
PIEZO2,-0.4880553,0.0132,0.0377
BTN1A1,-1.0687632,0.0133,0.0377
PLK1,0.9193472,0.0133,0.0377
LOC112268177,0.0839799,0.0143,0.0377
ZMYND10,0.22224007,0.0143,0.0377
UQCRB,0.13645287,0.0144,0.0378
EXOSC5,-0.2389405,0.0133,0.0378
PRMT5,-0.2160255,0.0133,0.0378
LOC105378951,0.27591818,0.0144,0.0378
CRCT1,0.21764116,0.0144,0.0378
CALM2,0.1515092,0.0133,0.0378
LOC112268120,-0.34245131,0.0144,0.0378
LOC101927834,-0.38116783,0.0144,0.0379
MED9,-0.2158421,0.0134,0.0379
LOC112268280,-0.22996002,0.0144,0.0379
LOC105377294,-0.22092327,0.0144,0.038
LOC100286986,0.23224947,0.0144,0.038
NT5C2,-0.06283071,0.0144,0.038
DIPK1A,-0.109196,0.0145,0.0381
MAN1B1,-0.2083635,0.0134,0.0381
LSINCT5,0.31453103,0.0145,0.0381
ZBTB22,0.09928902,0.0145,0.0381
SLCO3A1,0.2437602,0.0134,0.0381
SNORD73A,0.1731538,0.0145,0.0381
LOC105378950,-0.20914389,0.0146,0.0382
LOC107984587,-0.28796157,0.0145,0.0382
MACIR,0.12123844,0.0145,0.0382
LOC107984567,0.22849141,0.0145,0.0382
SERTAD4,-0.1414304,0.0145,0.0382
KCNK5,-0.7112231,0.0135,0.0382
IGLV1-40,1.3329172,0.0135,0.0383
PPM1M,-0.11011358,0.0146,0.0383
ZNF280D,-0.2665846,0.0135,0.0383
PDCD6IPP2,-0.22254199,0.0146,0.0383
JAKMIP3,0.24389474,0.0147,0.0384
LOC101927610,0.16050669,0.0147,0.0384
LOC105369509,0.22717103,0.0146,0.0384
IL17B,-1.0679856,0.0136,0.0384
ZDHHC8BP,0.27330343,0.0146,0.0384
LINC02680,-0.17102657,0.0146,0.0384
ARMCX4,-1.212798,0.0135,0.0384
RAP1GAP,-0.4149878,0.0136,0.0385
LOC107985103,0.17582238,0.0147,0.0385
FBLN2,-0.23126438,0.0147,0.0385
THOC5,-0.05032044,0.0147,0.0385
LOC105373510,0.14890933,0.0147,0.0385
PHGDH,0.15067662,0.0147,0.0386
IGLL3P,1.9981859,0.0137,0.0387
GRIK2,0.26391051,0.0148,0.0387
CEP63,0.06908501,0.0148,0.0387
DGKZ,0.2047967,0.0137,0.0387
LOC105370939,-0.27721209,0.0148,0.0387
ISCU,-0.07592117,0.0148,0.0387
SNIP1,0.291124,0.0137,0.0387
POU5F1P3,-0.19996907,0.0148,0.0387
LINC02919,0.39574708,0.0148,0.0388
PUF60,-0.1441812,0.0137,0.0388
INPP4B,-0.11949907,0.0148,0.0388
UBOX5,-0.2213958,0.0137,0.0388
ADAMTSL4-AS2,-0.18952854,0.0148,0.0388
CLN6,-0.11127929,0.0148,0.0388
CYP2B7P,-1.0826787,0.0138,0.0389
VAMP7,0.1149382,0.0138,0.0389
LOC107984507,0.25029637,0.0149,0.0389
GCDH,-0.3233846,0.0138,0.039
DPP3-DT,0.13757531,0.0149,0.039
NARS2,0.10001205,0.0149,0.039
LINC01773,0.58239449,0.0149,0.039
PHB1,-0.18304,0.0138,0.039
NME1-NME2,-0.09264537,0.0149,0.0391
ZNF625,-0.10307345,0.0149,0.0391
CNGA4,0.36818123,0.015,0.0391
UCHL1,-0.34174086,0.0149,0.0391
DHRS12,0.08467893,0.0149,0.0391
NR1I2,-0.5654157,0.0139,0.0392
LOC100129931,-0.06353721,0.015,0.0392
DEDD2,0.11940454,0.015,0.0392
CCDC112,0.11347511,0.015,0.0393
RAPGEF1,-0.14326098,0.015,0.0393
EPCAM-DT,0.25256563,0.0151,0.0393
EID1,-0.2254975,0.0139,0.0393
PITRM1-AS1,0.07509392,0.0151,0.0393
LOC105372997,-0.17899172,0.0151,0.0393
PHKA2-AS1,0.12712536,0.0151,0.0394
CCDC177,-1.318972,0.014,0.0394
TMEM132E,-0.41097089,0.0151,0.0395
TEKT3,0.27742582,0.0152,0.0396
SFTPD,0.22926052,0.0152,0.0396
MIR6819,-0.28701904,0.0152,0.0396
KRT7,-0.7478173,0.0141,0.0397
CYP11B2,-0.7463953,0.0141,0.0397
CCER2,-0.32201476,0.0152,0.0397
LOC105369746,-0.33453467,0.0152,0.0397
LOC100130992,0.15489997,0.0153,0.0398
UVSSA,0.143168,0.0152,0.0398
INTS2,0.07427993,0.0152,0.0398
EPS8L3,-1.2563994,0.0141,0.0398
CASP8AP2,0.0667711,0.0153,0.0398
SENP3-EIF4A1,-0.0945242,0.0153,0.0398
COPS6,0.1394575,0.0142,0.0398
FAM53B,0.2325475,0.0141,0.0398
ZNF77,0.09871129,0.0153,0.0399
CRYZL2P-SEC16B,0.1187376,0.0153,0.0399
KCTD7,-0.3551631,0.0142,0.0399
EIF2AK4,-0.06105173,0.0153,0.0399
SLC8A1,0.1829464,0.0153,0.0399
ARMC7,-0.5428473,0.0142,0.0399
C2CD4C,-0.55845798,0.0153,0.04
LINC02102,0.2989168,0.0153,0.04
CRYZ,0.2072923,0.0153,0.04
CLIC1,0.08238112,0.0153,0.04
GATAD1,0.06317801,0.0153,0.04
SEMA7A,-1.4722485,0.0142,0.04
FOXD2,-0.6256357,0.0143,0.04
RPS16P5,-0.3277183,0.0154,0.0401
FOLR1,-0.5014757,0.0143,0.0401
LOC107987119,0.17679032,0.0154,0.0401
ARRDC4,0.12255209,0.0154,0.0401
ATMIN,0.1669246,0.0143,0.0401
LMO4,0.2661438,0.0143,0.0401
PSMD12,0.06037665,0.0154,0.0402
HKDC1,-1.2621502,0.0143,0.0402
TXNDC9,0.1752374,0.0143,0.0402
ASPA,-0.15345674,0.0155,0.0403
TYMSOS,-0.28549625,0.0155,0.0403
LOC105374407,-0.17479323,0.0155,0.0403
LINC01610,0.3018573,0.0155,0.0403
SALL2,0.22836288,0.0155,0.0404
CYLD,0.1845261,0.0144,0.0404
THOC7,0.08765986,0.0155,0.0404
NAGPA,0.1940242,0.0144,0.0404
MTSS1,-0.2043903,0.0144,0.0404
COG7,0.0603452,0.0155,0.0404
IQCJ-SCHIP1-AS1,-0.20487031,0.0155,0.0404
MIR9851,0.24768458,0.0156,0.0405
NBPF9,0.08803107,0.0156,0.0406
IL1RL1,-0.23574903,0.0156,0.0406
SNORD15B,0.13806638,0.0156,0.0406
PATE4,0.31167822,0.0156,0.0406
TIMM9,0.1885153,0.0145,0.0406
ITIH5,-0.25582605,0.0156,0.0406
LOC105371648,0.36377552,0.0156,0.0406
NBPF1,0.3890339,0.0145,0.0406
CYP2A7,0.2115102,0.0156,0.0406
ARHGAP29-AS1,0.23186031,0.0156,0.0406
LOC101927935,-0.16626037,0.0157,0.0407
TRAP1,0.09693137,0.0157,0.0407
CPN1,-0.8577028,0.0145,0.0407
SLC16A4,0.07543903,0.0157,0.0407
MIA2,-0.07978132,0.0157,0.0408
LMNB1,-0.16205118,0.0157,0.0408
CYP1B1,-0.28797825,0.0157,0.0408
GUSBP16,0.15101478,0.0158,0.0409
TCL1A,1.0639289,0.0146,0.0409
CD207,0.32070844,0.0158,0.0409
DNAI3,0.28108843,0.0158,0.041
SLC25A13,0.09348461,0.0158,0.041
RPL34-DT,0.25545213,0.0158,0.0411
LOC107987044,-0.14617683,0.0158,0.0411
LOC105374162,0.11149766,0.0158,0.0411
LINC00574,-1.0984729,0.0147,0.0411
LOC107986182,0.34501846,0.0159,0.0412
ZNF114,0.23498291,0.0159,0.0412
HERC2P9,-0.11648084,0.0159,0.0413
NUPR1,0.10200605,0.0159,0.0413
EEF1A2,0.32900974,0.0159,0.0413
LOC101928438,0.20045397,0.016,0.0414
SHOC1,-0.18092088,0.016,0.0414
ATP5PO,0.1145383,0.016,0.0414
LOC107986152,-0.15131347,0.016,0.0414
LOC105370438,-0.41730908,0.016,0.0414
FN3KRP,0.1996247,0.0148,0.0414
LOC107985193,0.11369909,0.016,0.0414
UBA6,-0.4239002,0.0148,0.0414
PNPLA3,-0.7185148,0.0148,0.0414
C19ORF67,0.20645923,0.016,0.0414
LMTK1,-0.3486015,0.0148,0.0414
GOT1-DT,0.11276676,0.016,0.0414
SPINT2,0.12445595,0.016,0.0414
PPP3CB,0.2399326,0.0148,0.0414
CNNM4,-0.3515312,0.0148,0.0414
RNA5-8SN4,-0.22484466,0.016,0.0414
MGA,-0.207601,0.0149,0.0415
NCEH1,-0.18711095,0.016,0.0415
OIP5-AS1,0.08295892,0.016,0.0415
MYZAP,-0.1591839,0.016,0.0415
FUT10,0.11177027,0.0161,0.0416
RNF165,0.20806078,0.0161,0.0416
GATB,0.3569829,0.0149,0.0416
PKD1P6-NPIPP1,0.13468341,0.0161,0.0416
LOC105375169,0.10916802,0.0161,0.0416
CASP9,-0.16493558,0.0161,0.0416
ZNF383,0.06639446,0.0161,0.0416
CARMIL2,-0.28444067,0.0161,0.0416
BMT2,0.08592098,0.0161,0.0416
SPCS3,-0.08349529,0.0161,0.0417
MNMIP1,-0.749774,0.0149,0.0417
RBM24,-0.25778866,0.0161,0.0417
LINC02244,0.22399191,0.0161,0.0417
HOGA1,0.24315223,0.0162,0.0417
LOC105378283,0.64785099,0.0161,0.0417
SREK1,0.09778967,0.0161,0.0417
UCHL3,0.12346588,0.0161,0.0417
SKP1,0.0683719,0.0161,0.0417
KCND3,-0.1537992,0.0162,0.0418
FRMPD1,-0.6986874,0.015,0.0418
TBC1D7,0.09375504,0.0162,0.0418
TSPAN14,-0.2278948,0.015,0.0418
VN1R1,-0.7187235,0.015,0.0418
TRMT11,0.08526713,0.0162,0.0419
GEMIN6,0.2333558,0.015,0.0419
HORMAD2-AS1,0.09576509,0.0162,0.0419
CLDN18,-0.9303543,0.0151,0.042
KIT,0.17336626,0.0163,0.042
EMC6,0.1758012,0.0151,0.042
DBI,0.18869308,0.0163,0.042
TUBGCP2,-0.2674178,0.0151,0.042
LINC02641,-0.28633433,0.0163,0.042
LOC105372768,-0.22410879,0.0163,0.042
PGM5P4-AS1,0.31241772,0.0163,0.042
PI15,-1.231376,0.0151,0.042
MYO3B,0.32458946,0.0163,0.0421
MAGOH2P,0.18074855,0.0163,0.0421
H2AX,-0.16376201,0.0163,0.0421
ADAM2,-1.4812997,0.0152,0.0422
CREBBP,-0.1801556,0.0152,0.0422
LINC00869,0.13568345,0.0164,0.0422
ABCB9,0.14344677,0.0164,0.0422
LOC105375655,0.18787129,0.0164,0.0422
DOK7,0.34273549,0.0164,0.0422
BCL2L10,0.4279878,0.0152,0.0422
HSPA1L,0.13630931,0.0164,0.0423
LOC100505664,0.28020512,0.0164,0.0423
H3-3B,0.2813699,0.0153,0.0424
ACSL1,-0.5864099,0.0153,0.0424
LOC105379880,0.22998819,0.0164,0.0424
NSUN7,-0.08986839,0.0164,0.0424
MRPS33,0.12408206,0.0165,0.0424
SNX16,0.11073941,0.0164,0.0424
LOC100287944,-0.21063161,0.0165,0.0424
RNASEH2A,0.3373799,0.0153,0.0425
CALML5,-0.2799358,0.0153,0.0425
LETM1,0.3271516,0.0153,0.0425
SRD5A1,-0.5184839,0.0154,0.0425
ZNF175,-0.3712962,0.0154,0.0425
LOC105371910,-0.38302759,0.0165,0.0425
ZNF614,-0.4043007,0.0154,0.0426
SLC7A5,0.3966486,0.0154,0.0426
CTSE,-0.9954798,0.0154,0.0426
CARS1-AS1,-0.11619325,0.0165,0.0426
PURPL,0.48581832,0.0166,0.0426
LOC105370624,-0.19308036,0.0165,0.0426
AQP5,-1.1042727,0.0154,0.0426
WIPI2,0.2027951,0.0154,0.0426
CLN5,-0.1624543,0.0154,0.0427
LRRC74A,-0.29932999,0.0166,0.0427
GPATCH8,-0.2304172,0.0155,0.0427
SOX11,-0.41990435,0.0166,0.0427
PGM3,-0.1562976,0.0154,0.0427
ADGRL3,-0.6141888,0.0155,0.0427
ITGB6,-1.3073029,0.0155,0.0427
ZNF491,0.13695991,0.0166,0.0427
SANBR,0.09283554,0.0166,0.0427
CDKN2C,-0.2373702,0.0155,0.0428
FKBP1A-SDCBP2,0.14716452,0.0166,0.0428
ZNF66,0.15769446,0.0167,0.0429
MSI2,0.08547327,0.0167,0.0429
LOC105376196,-0.26052404,0.0167,0.0429
CWC15,0.08378562,0.0167,0.0429
LINC02664,0.24044202,0.0167,0.0429
ZDHHC1,0.17374718,0.0167,0.0429
NSMF,-0.16378927,0.0167,0.0429
SCART1,0.14257373,0.0167,0.0429
LOC102724956,0.16809366,0.0167,0.043
SNORA71C,-0.20896647,0.0167,0.043
TRH-GTG1-1,0.42561163,0.0167,0.043
PEBP1,0.10698213,0.0167,0.043
C1GALT1C1,-0.09784534,0.0167,0.043
SEC23A-AS1,-0.18461749,0.0167,0.043
TBC1D3F,0.17497962,0.0168,0.0431
RNF10,-0.07874435,0.0168,0.0431
FTCD,-0.4976365,0.0156,0.0432
DDX49,-0.1702543,0.0157,0.0432
CHIC2,0.09548124,0.0168,0.0432
SNORD12B,-0.17006994,0.0168,0.0432
CCDC120,0.20380013,0.0168,0.0432
ZNHIT2,0.5955249,0.0157,0.0433
DLK2,0.2346078,0.0157,0.0433
ALG2,-0.06112814,0.0169,0.0433
RBPJ,-0.1667586,0.0157,0.0433
KCNN3,0.16276078,0.0169,0.0433
TMEM151B,-0.6981408,0.0158,0.0434
HPCA,0.16732343,0.0169,0.0434
PMS2P4,0.1120729,0.0169,0.0434
GPR84,-0.2671743,0.0169,0.0434
HAO2,-2.1260885,0.0158,0.0434
HDAC9-AS1,0.24774024,0.0169,0.0434
TRPC7,-0.7093847,0.0158,0.0434
LOC105378576,0.16177636,0.0169,0.0434
MGP,-0.23599697,0.0169,0.0435
TNFSF11,0.43048066,0.0169,0.0435
DUSP9,0.7744063,0.0159,0.0436
PNLIPRP3,0.51668992,0.017,0.0436
SPEF1,-0.4365267,0.0158,0.0436
ZBTB24,0.2665489,0.0159,0.0436
TBC1D7-LOC100130357,0.08257456,0.017,0.0436
CFAP410,-0.2936923,0.0159,0.0437
AGBL2,-0.8788932,0.0159,0.0437
SLC25A53,-0.17084521,0.017,0.0437
LOC105373674,0.15948996,0.0171,0.0438
KRT16P3,-0.38834335,0.0171,0.0438
DNAJC9-AS1,0.10398949,0.0171,0.0438
TGFBR3,-0.2850101,0.0159,0.0438
TMEM223,0.06044423,0.0171,0.0438
POLL,-1.0836922,0.016,0.044
PYY2,-0.8195011,0.016,0.044
EIF1AD,0.08889312,0.0172,0.044
GALC,-0.218507,0.0161,0.0441
PAAF1,0.06913355,0.0172,0.0441
MELK,-0.21247313,0.0172,0.0441
FMC1-LUC7L2,0.06828196,0.0172,0.0441
FUBP1,-0.2234832,0.0161,0.0442
RNVU1-7,-0.12055021,0.0173,0.0442
LOC105370170,-0.13774818,0.0173,0.0442
SNORD97,0.24506343,0.0173,0.0443
AZI2,-0.4573827,0.0162,0.0443
ANAPC4,0.09254106,0.0173,0.0443
TRNS1,0.2007123,0.0173,0.0443
LOC105374257,-0.359139,0.0173,0.0443
THAP10,0.15173705,0.0173,0.0443
LOC439933,0.16840115,0.0174,0.0444
RASGRP4,-0.15139894,0.0174,0.0444
SLC4A3,-0.23977604,0.0174,0.0444
ZNF264,0.2977589,0.0162,0.0444
ZEB1,-0.4136342,0.0162,0.0444
TAS2R1,-1.0345536,0.0163,0.0445
HNRNPF,-0.2683188,0.0163,0.0445
ZIM2,-0.6799452,0.0162,0.0445
NAALADL1,-0.7502409,0.0163,0.0445
FDX1,-0.3011285,0.0163,0.0445
LOC105375814,0.98588602,0.0174,0.0445
KLHL31,-0.26906412,0.0174,0.0445
CCDC88B,-0.22139573,0.0174,0.0445
RRP9,-0.7137827,0.0163,0.0445
PDGFRA,-0.3585531,0.0162,0.0445
P4HA1,-0.13254563,0.0175,0.0446
MIR133A1HG,0.12146768,0.0175,0.0446
SPSB1,-0.3591132,0.0163,0.0446
BZW1,-0.10593112,0.0175,0.0446
IMPA1,0.2640783,0.0163,0.0446
PRC1,0.3203875,0.0163,0.0446
PLN,-0.6900283,0.0163,0.0446
LOC105373020,-0.27626389,0.0175,0.0446
ELF3-AS1,0.18549329,0.0175,0.0447
IRAG1-AS1,-0.15492516,0.0176,0.0448
GPR12,-0.6906036,0.0164,0.0448
MBL2,1.4217069,0.0164,0.0448
SPATA41,0.18410374,0.0175,0.0448
MIR6126,-0.2288048,0.0175,0.0448
FRYL,0.07582842,0.0176,0.0449
LOC102724093,0.08099678,0.0176,0.0449
MLN,-1.481042,0.0165,0.0449
LINC02593,-0.33638902,0.0176,0.0449
PIK3C2A,-0.190598,0.0165,0.0449
TAS2R14,-0.7438817,0.0165,0.045
SLC18B1,-0.09062235,0.0176,0.045
TMCO1-AS1,0.28305445,0.0176,0.045
THOC2,0.0737322,0.0177,0.0451
LIF-AS2,0.3677001,0.0177,0.0451
SPNS2-AS1,-0.2443576,0.0177,0.0451
FAM222A,0.2780641,0.0177,0.0451
SETD4,0.057483,0.0177,0.0452
MTR,0.07029629,0.0177,0.0452
TSC22D1,0.2067315,0.0166,0.0452
CUL7,-0.1983965,0.0166,0.0452
LOC107987076,0.2255567,0.0177,0.0452
PAX8,-0.381929,0.0166,0.0452
FKSG29,0.11899398,0.0177,0.0452
RUNDC3B,0.249058,0.0177,0.0452
RGS10,0.349027,0.0166,0.0452
WNT3,0.4228762,0.0166,0.0452
LRP10,-0.1183509,0.0167,0.0453
BOLA2B,-0.12774607,0.0178,0.0453
LOC107986016,-0.22001778,0.0178,0.0453
C21ORF91-OT1,0.14856114,0.0178,0.0453
LOC107987046,-0.22788788,0.0178,0.0453
LINC01482,0.725475,0.0167,0.0453
LTO1,0.08460721,0.0178,0.0453
MYH9-DT,-0.34020575,0.0178,0.0453
KCND1,-0.22466855,0.0178,0.0453
MTLN,-0.13240853,0.0178,0.0453
DCAF12,-0.05531807,0.0178,0.0454
PC,-0.32110149,0.0178,0.0454
EFCAB11,0.4067149,0.0167,0.0454
PABIR1,0.05806751,0.0178,0.0454
LUC7L2,0.06940118,0.0179,0.0455
LINC01852,0.22258792,0.0179,0.0455
FAM227A,0.19002713,0.0179,0.0455
NUP107,0.09102869,0.0179,0.0455
KCTD4,0.19250062,0.0179,0.0456
LOC102724143,-0.1733352,0.0179,0.0456
SSBP3,-0.2462645,0.0168,0.0456
NDUFA1,0.2316233,0.0168,0.0456
OR5E1P,0.30653458,0.0179,0.0456
DIRC3,-0.20556977,0.0179,0.0456
FAM120C,0.07152659,0.018,0.0457
CLVS2,0.3733312,0.018,0.0457
ZFP69,-0.10091755,0.018,0.0457
FKBP3,0.070231,0.018,0.0457
FLVCR2-AS1,-0.1569854,0.018,0.0457
ZCCHC14,-0.2335084,0.0169,0.0458
BHLHE40-AS1,-0.13449337,0.018,0.0458
RPH3AL,0.3781173,0.0169,0.0458
CCSER1,0.14894829,0.018,0.0458
LOC107984018,-0.23320224,0.018,0.0458
HEATR4,0.20611329,0.018,0.0458
GRIA1,-0.30527919,0.018,0.0458
MIR3120,-0.25374947,0.0181,0.0459
LOC107986604,-0.31782658,0.0181,0.046
USP45,0.07453351,0.0181,0.046
LRATD1,0.15800134,0.0181,0.046
ITIH2,-1.1461179,0.017,0.046
KPTN,0.2973738,0.017,0.046
GBE1,-0.10859371,0.0181,0.046
LOC102724323,-0.29853623,0.0182,0.0461
NUDT2,0.1345425,0.0182,0.0461
CAMK1D,0.12447951,0.0182,0.0462
CDH8,-0.8503032,0.017,0.0462
B3GALT9,0.10427556,0.0182,0.0463
FFAR2,-1.0390005,0.0171,0.0463
FOXN3-AS2,-0.9354272,0.0171,0.0463
DAAM2,-0.3569899,0.0171,0.0463
COLEC10,-1.2136463,0.0171,0.0463
ADAM23,-0.25451294,0.0182,0.0463
GLRX5,0.14472446,0.0183,0.0463
EMC3,0.07435931,0.0182,0.0463
SETDB1,-0.2053404,0.0171,0.0463
QPCTL,-1.4951034,0.0171,0.0463
SLC2A2,-0.8111014,0.0172,0.0464
TFDP1,-0.2131323,0.0172,0.0464
MRPS12,-0.1753762,0.0172,0.0464
NUTF2,-0.08054401,0.0183,0.0464
NDST1,-0.14001436,0.0183,0.0464
PCAT6,0.21716888,0.0183,0.0464
KLF1,-1.2947102,0.0172,0.0465
CYP2B6,-1.0852106,0.0172,0.0465
LOC100505498,-0.17508921,0.0184,0.0466
SNRNP35,0.06200806,0.0184,0.0466
LOC105376070,0.15392453,0.0184,0.0466
LOC105373821,0.25191886,0.0184,0.0466
PPP1R2,-0.2525346,0.0173,0.0466
AFAP1L2,-0.1284476,0.0184,0.0467
ITGB3,-0.7428979,0.0173,0.0467
TUBA3FP,0.27449037,0.0184,0.0467
ADK,0.08966288,0.0184,0.0467
ZNF317,-0.05667281,0.0185,0.0467
RFC3,-0.1687697,0.0173,0.0467
ZNF674-AS1,0.09317835,0.0184,0.0467
SLC31A2,0.11736421,0.0184,0.0467
LOC107987192,-0.32120904,0.0185,0.0468
FBXO45,0.16164909,0.0185,0.0468
CDC27,-0.1652622,0.0173,0.0468
ATP2B3,1.1380416,0.0174,0.0468
CLDN22,-0.15267133,0.0185,0.0468
FGFBP3,0.13873217,0.0185,0.0468
LINC01772,0.09248449,0.0185,0.0468
NIPBL,0.05283741,0.0185,0.0469
LOC107986196,0.10604332,0.0185,0.0469
BBS10,0.09179563,0.0185,0.0469
SUPT20H,0.2310446,0.0174,0.0469
VPS53,-0.3251074,0.0174,0.0469
TOR1B,0.1605018,0.0174,0.0469
LOC107986822,0.28483096,0.0185,0.0469
TAS1R3,0.20145867,0.0186,0.047
LOC107984254,0.16829442,0.0186,0.0471
TNRC6B-DT,0.17231885,0.0186,0.0471
LOC102723340,0.12259014,0.0187,0.0472
TRIP11,-0.1750382,0.0176,0.0472
RPP38,0.3025562,0.0176,0.0472
XKR5,-0.35763186,0.0187,0.0472
RRM2B,-0.13402022,0.0187,0.0473
USP9X,-0.0617544,0.0187,0.0473
SMG1P1,0.12322553,0.0187,0.0473
MFAP5,-0.31100675,0.0187,0.0473
ZNF713,0.12240935,0.0187,0.0473
LINC02940,0.27742759,0.0187,0.0473
MIP,-0.6047829,0.0176,0.0473
STARD7,0.1717175,0.0176,0.0473
LOC105378511,-0.2848577,0.0187,0.0473
ANKRD20A2P,0.28311946,0.0187,0.0474
SEPTIN3,-0.2312137,0.0188,0.0475
DYRK1B,-1.1071988,0.0177,0.0475
INPP5J,0.4823078,0.0177,0.0475
HIF3A,0.37312218,0.0188,0.0475
PDCD1,-0.33677895,0.0188,0.0475
RNA5-8SN2,-0.25891607,0.0188,0.0475
CPT1C,0.16329265,0.0188,0.0475
NOL8,0.1676003,0.0177,0.0475
TIAM2,-0.13333628,0.0188,0.0475
UBR2,0.06036714,0.0188,0.0475
TRY-GTA5-5,-0.32652913,0.0188,0.0475
PAGE1,-1.6423073,0.0177,0.0476
CCDC157,-0.13154832,0.0189,0.0476
CEP170B,-0.2045016,0.0177,0.0476
FILIP1,-0.18559728,0.0188,0.0476
VARS1,-0.2947176,0.0177,0.0476
CDR1,-0.49791063,0.0189,0.0477
GLCCI1-DT,0.19519726,0.0189,0.0477
LOC100131289,0.28003309,0.0189,0.0477
EVC2,0.10538308,0.0189,0.0477
STAC3,-0.11805957,0.0189,0.0477
ITGAE,0.1607232,0.0178,0.0477
ANGEL2,-0.2180841,0.0178,0.0478
COLGALT2,-0.3491014,0.0178,0.0478
LINC01138,-0.11930656,0.0189,0.0478
LOC105370948,0.23042328,0.019,0.0478
HEPH,-0.260672,0.0178,0.0478
GOT1,-0.3070824,0.0178,0.0478
FKBP6,0.20293033,0.019,0.0478
LOC102723406,0.25785929,0.019,0.0479
ZNF790-AS1,0.0981507,0.019,0.0479
SHB,-0.15346833,0.019,0.0479
NFIX,0.7410993,0.0179,0.048
API5,-0.8053383,0.0179,0.048
FOXP3,1.1234888,0.0179,0.048
EFHD2,-0.16922797,0.019,0.048
NPFFR1,-0.8379922,0.0179,0.048
MEIS2,0.210715,0.0179,0.048
PDX1,-0.9511031,0.0179,0.048
SERPINI1,0.18321197,0.0191,0.0481
LRFN2,0.44135354,0.0191,0.0481
AOC1,-0.4254762,0.018,0.0481
LOC102724727,0.17299794,0.0191,0.0481
C16ORF95,0.2706842,0.018,0.0481
STUB1,0.08065674,0.0191,0.0481
LOC101927469,0.20698652,0.0191,0.0481
MOB4,0.09130348,0.0191,0.0482
LINC01535,-0.21609848,0.0192,0.0482
TBC1D3L,0.18834174,0.0191,0.0482
RBM25-AS1,0.1014841,0.0191,0.0482
PSMC5,0.1371462,0.0181,0.0483
HPS4,0.07750618,0.0192,0.0483
CYP2C18,0.31141798,0.0192,0.0483
PGAM1,-0.0959687,0.0192,0.0483
GBP1P1,-0.35099485,0.0192,0.0483
SMARCAD1,0.09598646,0.0192,0.0483
LOC100652777,0.14443992,0.0192,0.0483
LOC107986868,0.21758304,0.0193,0.0484
IGHV3-72,-1.375569,0.0181,0.0484
WWC3,0.2331704,0.0181,0.0484
MIR6887,0.28010278,0.0193,0.0484
LINC00235,0.21463198,0.0192,0.0484
SLC7A2,-0.15934044,0.0192,0.0484
CNOT2,0.1553566,0.0182,0.0485
MIR186,0.16561738,0.0193,0.0485
TMEM238,0.19081051,0.0193,0.0485
TBC1D15,0.1382929,0.0182,0.0485
ARHGEF33,0.14024247,0.0193,0.0485
HSPA6,-0.22783776,0.0193,0.0485
B3GAT1,-0.30484947,0.0193,0.0485
RASA2,0.08126782,0.0193,0.0485
SLC39A2,0.16885326,0.0193,0.0485
IFIT1,0.6334346,0.0182,0.0486
RTN3,0.0916788,0.0193,0.0486
HDC,-0.4459696,0.0182,0.0486
WDR72,0.3980753,0.0194,0.0486
EHMT2,-0.3126839,0.0182,0.0486
NFIL3,-0.1641731,0.0194,0.0486
TMT1A,-0.2653986,0.0182,0.0486
AP4B1,0.0670055,0.0194,0.0487
PAQR7,0.1182757,0.0194,0.0487
KLHL23,0.13769407,0.0194,0.0487
MYO1H,-0.12745951,0.0194,0.0488
SLC25A46,-0.1801511,0.0184,0.0489
TFF2,0.9818303,0.0184,0.0489
HEATR9,-0.2185544,0.0195,0.0489
RPL23AP87,0.29631532,0.0195,0.0489
ETFA,0.09892028,0.0195,0.0489
EFNA5,0.10367819,0.0195,0.049
CTB-99A3.1,0.34824978,0.0195,0.049
BAP1,0.09778794,0.0195,0.049
CD96,-0.34699386,0.0196,0.049
LY6G6F,0.29988815,0.0195,0.049
DUSP5P1,0.30945885,0.0195,0.049
COX7A1,-0.20182164,0.0195,0.049
RDH16,-0.20613014,0.0196,0.0491
LMAN2L,0.07434179,0.0196,0.0491
FLRT1,0.29104336,0.0196,0.0491
LOC105369780,-0.17757854,0.0197,0.0492
LOC107986461,0.28677428,0.0196,0.0492
PPP1R14A,-0.3437453,0.0196,0.0492
LOC101927405,0.16081107,0.0196,0.0492
RFESD,0.14896138,0.0196,0.0492
APOA4,1.0397359,0.0185,0.0493
RASSF10-DT,0.18682541,0.0197,0.0493
PEF1-AS1,-0.13030319,0.0197,0.0493
LOC105372211,-0.33651259,0.0197,0.0493
METTL21C,0.097411,0.0197,0.0493
VSIR,-0.12718756,0.0197,0.0493
TPPP2,0.19714117,0.0197,0.0493
MIR10399,-0.16798686,0.0197,0.0493
ACAD10,0.07013944,0.0198,0.0494
ZFP90,-0.06679574,0.0198,0.0494
KHDC1,0.1377342,0.0197,0.0494
ELAVL2,0.35519878,0.0197,0.0494
KIAA0232,0.08521642,0.0198,0.0494
MICB-DT,-0.25310989,0.0197,0.0494
OSBPL11,0.1512797,0.0186,0.0495
CCR8,0.37656315,0.0198,0.0495
ANKRD20A1,0.31785671,0.0198,0.0495
LOC105371382,0.36213584,0.0198,0.0495
CCDC86,-0.2565119,0.0186,0.0495
KRT23,0.17780521,0.0198,0.0495
GSTA4,0.12912499,0.0198,0.0495
PEX14,0.08538036,0.0198,0.0495
MIR938,0.21019654,0.0199,0.0496
LOC105378044,-0.34962628,0.0199,0.0496
INSIG2,0.07325134,0.0199,0.0496
TBCA,0.1286382,0.0187,0.0496
LINC00260,0.1230574,0.0198,0.0496
PIP,-1.8335093,0.0187,0.0497
ZNF365,0.7667069,0.0187,0.0497
LAMA3,0.3388375,0.0188,0.0498
PPHLN1,0.05188296,0.0199,0.0498
NRGN,-0.26044856,0.02,0.0498
DDX50,0.2473732,0.0188,0.0498
TMEM94,-0.3072795,0.0188,0.0498
TRA2B,-0.1705295,0.0188,0.0498
LINC02137,0.5545491,0.02,0.0499
MIF,0.1637119,0.0188,0.0499
BTBD9,0.06529267,0.02,0.0499
ACRV1,-0.3162638,0.0188,0.0499
H2BC17,-1.2499911,0.0189,0.0499
SLC25A12,0.06734854,0.02,0.0499
CCR9,-1.4358835,0.0188,0.0499
LOC112268429,0.2029492,0.02,0.0499
MAP3K14,-0.4128756,0.0189,0.0499
LINC00618,0.29636306,0.02,0.0499
BICRAL,0.06670956,0.02,0.05
CYB5RL,0.1074158,0.02,0.05
POLG2,-0.2316067,0.0189,0.0501
LOC107984411,0.35305713,0.0201,0.0501
ZSCAN31,-0.4571266,0.0189,0.0501
DIS3L2,0.07379745,0.0201,0.0501
LOC105372527,0.36913162,0.0201,0.0501
ADD1,0.1604616,0.0189,0.0501
PRSS22,-0.3441928,0.0189,0.0501
EYA3,0.07812734,0.0201,0.0502
SUMF2,-0.07013501,0.0201,0.0502
BHLHE40,-0.2913299,0.019,0.0502
GK5,0.28181792,0.0201,0.0502
KCNC1,-1.3653686,0.019,0.0502
SAP130,0.1840039,0.019,0.0502
VTA1,0.07544507,0.0202,0.0503
ABHD10,0.2837628,0.0191,0.0504
IQCN,0.28629007,0.0202,0.0504
MLLT1,-1.1343606,0.0191,0.0504
TEX15,-1.1402854,0.0191,0.0504
IPO8,-0.5222888,0.0191,0.0504
RNASE3,0.43639346,0.0202,0.0504
FAM229B,-0.12648294,0.0202,0.0504
POPDC2,-0.18393635,0.0203,0.0505
CRYGB,-1.0942224,0.0191,0.0505
PIP5K1B,-0.5632637,0.0192,0.0506
GLIS3-AS2,-0.29985667,0.0203,0.0506
SUPV3L1,0.07843981,0.0203,0.0506
LOC107984466,0.2890736,0.0203,0.0506
CHPT1,-0.2844643,0.0192,0.0506
RBMX2,0.09308127,0.0203,0.0506
EFCAB6,0.1476533,0.0203,0.0506
ZC3H7A,-0.04681306,0.0204,0.0507
CCDC22,-0.1822469,0.0193,0.0507
PECR,-0.9413627,0.0193,0.0507
HNRNPA3,0.1089986,0.0193,0.0507
KCNQ3,-0.413068,0.0192,0.0507
ZDHHC15,0.12597109,0.0204,0.0508
NCR2,-0.7396921,0.0193,0.0509
COPS7B,-0.2481095,0.0193,0.0509
TMEM147,0.1786554,0.0193,0.0509
IST1,0.1618741,0.0194,0.0509
GIPC2,0.16049439,0.0204,0.0509
TMEM225B,0.07465126,0.0205,0.0509
IL7R,1.1174179,0.0194,0.0509
LOC107984246,-0.5806453,0.0205,0.051
LOC107986432,0.4076243,0.0205,0.051
PCDHGC4,0.10199266,0.0205,0.051
FAM153CP,0.35005287,0.0205,0.051
LOC105373991,-0.21069466,0.0205,0.051
PLSCR4,-0.1395463,0.0205,0.051
ANKRD20A4P,0.32360966,0.0205,0.051
ULK4,-1.2888431,0.0195,0.0511
NOL9,0.1692396,0.0195,0.0511
WARS2,-0.230464,0.0195,0.0511
ENTR1,-0.3450736,0.0195,0.0511
GP6,-0.6491124,0.0194,0.0511
LRMDA,-0.17883177,0.0205,0.0511
ZNF641,-0.08964388,0.0206,0.0511
DENND2A,-0.4979187,0.0194,0.0511
LOC105375985,0.30418072,0.0206,0.0512
ATAD2B,0.0702537,0.0206,0.0512
MMP28,0.1837811,0.0206,0.0512
ATP6V1G2,-0.6104018,0.0195,0.0512
SLA2,-0.14122805,0.0206,0.0512
AGMAT,-0.16053937,0.0206,0.0512
LARP7,0.1428742,0.0196,0.0513
AP1G1,-0.2026938,0.0196,0.0513
INPP5B,-0.2705233,0.0196,0.0513
WDR11,-0.216468,0.0196,0.0513
USP33,-0.1589644,0.0196,0.0513
KCND2,-0.473432,0.0196,0.0513
RBPMS-AS1,-0.21311484,0.0207,0.0514
HNRNPK,0.1237541,0.0196,0.0514
UIMC1,0.2007471,0.0197,0.0515
LOC101928236,0.19150936,0.0207,0.0515
LOC112267965,0.12779022,0.0207,0.0515
ARSL,-0.2767795,0.0208,0.0515
ST20-AS1,0.11721207,0.0208,0.0515
GJC3,0.23258714,0.0207,0.0515
SLTM,0.08097448,0.0208,0.0515
GPR37,0.14970217,0.0207,0.0515
TMEM255B,-0.21336338,0.0207,0.0515
ZNF767P,-0.3156433,0.0196,0.0515
TSPO2,0.19370009,0.0208,0.0516
LOC107986828,-0.1386068,0.0208,0.0516
CTAGE9,0.31524076,0.0208,0.0516
H1-9P,0.33263404,0.0208,0.0516
KLRK1-AS1,-0.22492466,0.0208,0.0517
LOC105379599,0.19816202,0.0208,0.0517
C1ORF162,-0.0830058,0.0209,0.0517
RNA28SN3,0.26278518,0.0208,0.0517
ZNF675,0.18596757,0.0208,0.0517
LOC105378563,0.66195899,0.0209,0.0518
ZNF714,0.20926237,0.0209,0.0518
SPATA9,-0.11484686,0.0209,0.0518
TRHR,-1.1749406,0.0198,0.0518
JUN,-0.17501232,0.0209,0.0519
TMEM72-AS1,-0.2437415,0.0209,0.0519
LOC112267886,0.30041881,0.0209,0.0519
WDR5,0.08309061,0.021,0.0519
DIP2A-IT1,-0.1702414,0.021,0.052
HS6ST2,0.35489998,0.021,0.0521
LINC02210,0.20864455,0.021,0.0521
ANKRD36BP2,-0.20956737,0.021,0.0521
LOC105374773,0.11644034,0.021,0.0521
IMMP2L,0.10894692,0.0211,0.0522
LOC107985075,0.24848461,0.0211,0.0522
MIR6845,0.22553281,0.0211,0.0522
LOC107985805,0.39358801,0.0211,0.0522
BMP4,-0.7387584,0.02,0.0523
CPAMD8,-0.37647158,0.0211,0.0523
TRIM59,-0.14194891,0.0211,0.0523
LOC101928446,-0.16502547,0.0211,0.0523
TMEM92-AS1,-0.33961061,0.0211,0.0523
GABPB1-AS1,0.16439715,0.0211,0.0523
PPIL6,0.11102377,0.0212,0.0524
LINC01012,0.24466255,0.0212,0.0524
ARHGAP44,0.15912062,0.0212,0.0524
LOC105374496,0.25973163,0.0212,0.0524
LOC102724945,0.22243328,0.0212,0.0524
SFXN1,0.3638387,0.0201,0.0524
KIF20A,0.391165,0.0201,0.0524
ADCY7,-0.15012497,0.0212,0.0524
AMPH,-0.24578094,0.0212,0.0524
TP53TG5,-0.7921345,0.0201,0.0524
TAPT1,0.06978447,0.0212,0.0525
DYNLRB1,0.06737743,0.0212,0.0525
SERTAD4-AS1,-0.21014882,0.0213,0.0526
SNORD93,-0.32483733,0.0213,0.0526
NAIP,-0.19149515,0.0213,0.0526
ANKRD37,0.13962524,0.0213,0.0527
RACGAP1P1,0.4432602,0.0213,0.0527
LARGE1,-0.2912055,0.0202,0.0527
DTNB-AS1,-0.11872481,0.0214,0.0528
TGFBR3L,0.25478547,0.0214,0.0528
TUBGCP5,-0.2861718,0.0203,0.0528
SCARNA11,0.21690528,0.0214,0.0528
LINC02677,0.46516795,0.0214,0.0529
LOC107985020,0.1764324,0.0215,0.053
LOC105376533,0.26726425,0.0215,0.053
GNL3L,-0.0740127,0.0215,0.053
C2ORF16,-0.14954852,0.0215,0.053
HCAR1,-0.25545139,0.0215,0.053
LOC105370302,0.28635622,0.0215,0.053
PRKAA2,0.2325913,0.0215,0.053
FAM81A,-0.19342945,0.0215,0.053
ADARB1,-0.10492232,0.0215,0.053
TALDO1,0.1611266,0.0204,0.0531
EGFLAM-AS4,-0.24555336,0.0216,0.0531
TRAF2,-0.13159101,0.0215,0.0531
WNK2,0.287,0.0215,0.0531
RGS6,0.26526079,0.0215,0.0531
LINC00115,0.16975984,0.0215,0.0531
LOC105373428,0.18288723,0.0215,0.0531
LOC642484,-0.29233592,0.0215,0.0531
SRBD1,-0.08253446,0.0215,0.0531
RNFT2,-0.24051721,0.0216,0.0532
PAXBP1,0.07206242,0.0216,0.0532
LBHD1,-0.09090096,0.0216,0.0532
LOC112268418,0.28633651,0.0216,0.0532
LOC729558,0.11739183,0.0216,0.0533
MTCH1,0.1806004,0.0205,0.0533
EVA1B,-0.3291753,0.0204,0.0533
XBP1,-0.3155937,0.0205,0.0533
NPIPB15,-0.7156252,0.0205,0.0533
MCM9,-0.1899323,0.0205,0.0533
NECTIN1-AS1,0.24972373,0.0217,0.0534
ZPBP,0.30128583,0.0217,0.0534
CYP4F3,0.33647702,0.0217,0.0534
MACORIS,-0.31322307,0.0217,0.0534
GPR89A,0.07565116,0.0217,0.0534
PSMD2,0.1278818,0.0205,0.0534
DPY19L2P2,0.14113825,0.0217,0.0534
PIGG,0.05773023,0.0217,0.0534
SLC22A7,0.7308913,0.0205,0.0534
CTSV,-0.4585789,0.0205,0.0534
VASH2,0.4068645,0.0205,0.0534
IL36RN,0.25929855,0.0217,0.0534
FGG,-1.2421776,0.0205,0.0534
SLC6A1,-0.28992534,0.0218,0.0535
TRIM74,0.09337218,0.0218,0.0535
KLHL18,0.10357851,0.0218,0.0535
LOC105372165,0.1797622,0.0217,0.0535
ZNF490,-0.07437584,0.0217,0.0535
NPAT,0.06773965,0.0218,0.0536
SEC16B,0.12364861,0.0218,0.0536
ATP5PD,0.10203423,0.0218,0.0536
FAUP4,0.22773196,0.0218,0.0536
RAB38,0.2103024,0.0207,0.0537
LOC105371198,0.29146779,0.0218,0.0537
TMEM208,-0.07506487,0.0218,0.0537
CINP,-0.07680673,0.0219,0.0538
GTPBP3,0.2519208,0.0208,0.0539
NAP1L3,-0.193495,0.0219,0.0539
LOC101928389,-0.14352752,0.0219,0.0539
LCE6A,0.22281092,0.022,0.054
ZBTB14,0.06251963,0.022,0.054
GLYATL2,-0.37964683,0.022,0.054
ZNF236-DT,-0.18375522,0.022,0.054
CHROMR,-0.10280684,0.022,0.054
SNORA17A,0.16674869,0.022,0.0541
SAR1B,0.07744397,0.0221,0.0541
GPR19,0.09289154,0.022,0.0541
RS1,-0.9627991,0.0209,0.0542
HOXA13,0.20326665,0.0221,0.0542
LOC107985474,-0.19906516,0.0221,0.0542
ZCCHC9,0.09406483,0.0221,0.0542
LOC101926964,0.25590628,0.0221,0.0542
LOC100132741,-0.32892727,0.0221,0.0543
PCDHA6,-0.34027713,0.0221,0.0543
SCPPPQ1,-0.15142006,0.0221,0.0543
CTXND1,-0.4772262,0.021,0.0543
MIR612,-0.23119325,0.0222,0.0544
TPRKB,0.2434004,0.021,0.0544
LY6G5C,-0.9486393,0.0211,0.0546
EXOC7,-0.1371789,0.0211,0.0546
ODF2,-0.07000203,0.0223,0.0547
PPM1G,-0.07165491,0.0223,0.0547
ART4,-0.21495197,0.0223,0.0547
SLC6A12,-0.33777925,0.0223,0.0547
SLC39A3,-0.13655643,0.0223,0.0547
TBC1D10A,0.10102464,0.0224,0.0548
UXT-AS1,0.11431144,0.0224,0.0548
ZNF414,0.17458726,0.0224,0.0548
TYW1,0.05749447,0.0224,0.0548
EGLN3,0.4216847,0.0212,0.0548
SERGEF,0.08364406,0.0224,0.0549
SNORA9B,0.29200523,0.0224,0.0549
KCTD3,-0.2227431,0.0213,0.0549
FEN1,0.1843115,0.0212,0.0549
PSMA7,0.1708848,0.0212,0.0549
BAIAP3,0.1331327,0.0224,0.0549
LOC112268054,0.25420198,0.0224,0.0549
XYLT2,0.2231257,0.0213,0.0549
SMPD4BP,0.12804593,0.0224,0.0549
OR6N1,-0.34239431,0.0225,0.055
SNUPN,0.201457,0.0213,0.055
RLIG1,0.2498644,0.0213,0.055
LINC01819,0.2515519,0.0225,0.055
HAGH,0.2120006,0.0214,0.0551
PPP2R5A,-0.2081284,0.0214,0.0551
LOC107986148,0.16981251,0.0225,0.0551
ZNF343,-1.0347088,0.0214,0.0551
PAQR8,-0.13143447,0.0226,0.0552
SAMM50,0.2280992,0.0214,0.0552
CCDC68,-0.5550563,0.0214,0.0552
AFF1,-0.8177764,0.0214,0.0552
TMEM59L,-0.8508995,0.0215,0.0552
FHIP2A,-0.07291314,0.0226,0.0552
ERRFI1,-0.16820824,0.0226,0.0553
MPND,0.1424204,0.0226,0.0553
NECTIN1,0.21530346,0.0226,0.0553
VPS13C,-0.2427731,0.0215,0.0553
ZNF286A,-1.8585491,0.0215,0.0554
ZNF648,0.36599891,0.0227,0.0554
LOC101930112,0.11129444,0.0227,0.0554
BIRC7,0.33417199,0.0227,0.0554
AQP2,-0.7361167,0.0216,0.0555
LOC112268292,0.20160829,0.0227,0.0555
ELP5,-0.7322289,0.0216,0.0555
GPR18,0.09015006,0.0228,0.0556
LOC105373270,-0.1857569,0.0228,0.0556
LOC102724916,0.12548353,0.0228,0.0556
LINC01260,-1.1044585,0.0216,0.0556
PART1,0.17776877,0.0228,0.0556
ARHGAP26-AS1,-0.22318723,0.0228,0.0557
SUV39H1,-0.3242583,0.0217,0.0557
HDAC2-AS2,0.15546069,0.0229,0.0558
LOC102724334,-0.17103526,0.0228,0.0558
LOC102724322,-0.13895227,0.0229,0.0558
WFIKKN1,0.29347105,0.0229,0.0558
BDNF-AS,0.1403376,0.0229,0.0558
SNORD141B,0.12595324,0.0228,0.0558
LOC112267869,0.19487461,0.0229,0.0559
JOSD2,-0.11116129,0.0229,0.0559
OSBPL6,0.17521354,0.0229,0.0559
ZNF286B,0.10388614,0.0229,0.0559
RBBP5,-0.2261981,0.0218,0.0559
DGUOK-AS1,0.09388886,0.0229,0.0559
NHS,-0.10056439,0.0229,0.0559
FGGY,0.09555841,0.0229,0.0559
BAG5,0.05966261,0.023,0.056
JAK2,-0.2232376,0.0218,0.056
ALDH8A1,-0.28629766,0.023,0.056
MGAT3-AS1,-0.35775241,0.023,0.056
NDUFV3,0.07933891,0.023,0.056
PCBP1,-0.13196047,0.023,0.056
ERBIN,0.08355095,0.0229,0.056
CWC22,0.06532452,0.023,0.056
CRISP3,-1.9858278,0.0219,0.0561
FAM193B,0.11821882,0.023,0.0561
BTG4,-1.4529335,0.0219,0.0561
ACTR5,0.08210459,0.023,0.0561
LSM3,0.09359242,0.023,0.0561
NTRK1,-0.8719817,0.0219,0.0561
DOCK5,-0.4588601,0.0219,0.0561
LINC02188,-0.44531681,0.0231,0.0562
PMS2P9,0.14998118,0.0231,0.0562
NCAN,-1.0359598,0.0219,0.0562
MROH3P,0.25084573,0.0231,0.0562
LOC105370460,-0.16085643,0.0231,0.0562
PLCB1,-0.2702821,0.022,0.0562
RALY,-0.1789563,0.022,0.0562
ZNF547,-0.10565458,0.0231,0.0563
LOC101927372,0.24899231,0.0232,0.0564
CST6,-0.2980112,0.0221,0.0564
CUL4A,0.05709017,0.0232,0.0564
ELF4,-0.15980629,0.0232,0.0566
LOC102724078,0.31598386,0.0233,0.0566
SNORD50A,0.15128229,0.0233,0.0566
SERPINE3,0.08874808,0.0233,0.0566
LOC107987016,-0.21554216,0.0233,0.0567
ALOX15B,-1.4787159,0.0222,0.0567
LOC112268174,0.1081069,0.0233,0.0567
LOC105376933,-0.21005455,0.0234,0.0568
FAM86C2P,0.12672497,0.0233,0.0568
LOC105370707,-0.30624964,0.0234,0.0568
JMJD8,0.08326195,0.0234,0.0568
SNAPC1,0.2691003,0.0222,0.0568
H4C7,-1.238764,0.0223,0.0569
LOC112267936,0.16251021,0.0234,0.0569
HCN2,0.33279401,0.0234,0.0569
LOC105371554,0.11359356,0.0234,0.057
BIN1,-0.2422822,0.0223,0.057
MAGI1-AS1,-0.13300136,0.0235,0.0571
FGGY-DT,0.21575321,0.0235,0.0571
TENM2,-0.25300904,0.0235,0.0571
SNORD111,0.22747095,0.0235,0.0571
DPP3,-0.11402069,0.0235,0.0571
DOCK4,-0.2707118,0.0224,0.0572
SLCO4A1-AS1,0.19183135,0.0236,0.0572
B3GALT6,-0.10972853,0.0235,0.0572
AMELX,-0.16845916,0.0235,0.0572
LOC105374140,0.16771487,0.0236,0.0572
LOC112268196,-0.08698413,0.0236,0.0572
CENPH,0.14106591,0.0236,0.0572
HSP90AA1,-0.1245343,0.0224,0.0572
LINC00639,-0.19857039,0.0236,0.0573
WDR44,-0.06928937,0.0236,0.0573
LOC105372093,0.38271194,0.0236,0.0573
LOC107985119,-0.1548513,0.0236,0.0573
LOC101927790,-0.33606044,0.0237,0.0574
PPFIA1,-0.08401598,0.0237,0.0574
MIR924HG,0.22311037,0.0237,0.0574
LINC01108,-0.31025096,0.0237,0.0574
SBSPON,-0.17320273,0.0237,0.0574
DNAJC6,-0.4046762,0.0225,0.0574
GSTCD-AS1,0.20317058,0.0237,0.0575
GALE,-0.10093583,0.0237,0.0575
MBNL3,0.09401304,0.0237,0.0575
LOC105371427,0.17171327,0.0238,0.0575
LOC105374616,0.28892514,0.0237,0.0575
LOC105374570,0.21070464,0.0237,0.0575
MIR4516,0.26260393,0.0237,0.0575
S100A7,-0.82844416,0.0238,0.0576
CNDP1,0.40039964,0.0238,0.0576
LOC100190986,0.11536027,0.0238,0.0576
LOC105371651,0.20582437,0.0238,0.0576
KRT1,0.23567051,0.0238,0.0576
RNA5-8SN3,-0.22349283,0.0238,0.0576
EPS15L1,0.09191716,0.0238,0.0576
TDRD10,-0.16942868,0.0238,0.0576
SLC25A3,0.07776621,0.0238,0.0576
CBFA2T3,-0.27163762,0.0238,0.0576
KCNAB3,-0.666212,0.0227,0.0577
LOC112267961,0.14980428,0.0238,0.0577
PRR7-AS1,0.17550528,0.0238,0.0577
PI4KA,0.2685657,0.0226,0.0577
TK1,0.3082771,0.0227,0.0579
TEFM,0.2433923,0.0227,0.0579
LOC105369783,-0.09458342,0.0239,0.0579
SPOCK1,-0.2872905,0.024,0.058
GDPD5,-0.1863602,0.0228,0.058
ESYT2,0.0674538,0.024,0.058
PKD2L1,0.7386941,0.0228,0.058
DCLRE1A,0.08097837,0.024,0.0581
LOC101928540,-0.345312,0.024,0.0581
BAAT,1.0691185,0.0228,0.0581
PTGDR2,-0.6999885,0.0228,0.0581
ERAP2,1.1759921,0.0229,0.0582
OR7C2,-0.4758521,0.0229,0.0582
OSBPL8,0.08004593,0.0241,0.0583
SNORD133,0.25663448,0.0241,0.0583
ITGB1BP1,-0.4317516,0.023,0.0583
CHMP6,-0.2413192,0.023,0.0584
PDCD6,0.1536359,0.023,0.0584
OR2J3,-1.5463853,0.023,0.0584
JMJD1C,0.1843022,0.023,0.0584
KCTD17,0.13516312,0.0242,0.0585
TMEM14C,-0.07585311,0.0242,0.0585
TCERG1L,0.58983977,0.0242,0.0585
LOC107985850,0.143972,0.0242,0.0585
KCNN4,-0.5766349,0.0231,0.0586
VPS37A,0.06457837,0.0243,0.0586
TOMM20L,0.13696025,0.0243,0.0586
TSC22D2,-0.2322278,0.0231,0.0586
ZNF792,-0.10016395,0.0243,0.0587
SLC39A10,-0.17784522,0.0243,0.0587
SNORD14A,0.20702907,0.0243,0.0587
SLC30A9,-0.1223833,0.0232,0.0587
LRRC63,-0.27730602,0.0243,0.0587
CHCHD7,-0.1514293,0.0232,0.0588
GJC2,0.20429252,0.0244,0.0588
THRA,-0.2205077,0.0232,0.0588
UBE2I,0.2061929,0.0232,0.0588
KDM6B,-0.1689327,0.0232,0.0588
LOC112268259,-0.08372485,0.0244,0.0588
LINC01127,-0.36200377,0.0244,0.0589
GTF3C2-AS1,0.08838648,0.0244,0.0589
SPDYE15,0.16715156,0.0244,0.0589
RNF208,0.25566861,0.0245,0.059
MIR205HG,0.15672047,0.0245,0.059
SLC25A42,0.15537619,0.0245,0.059
DGLUCY,0.1640638,0.0233,0.059
LOC646652,0.25879428,0.0245,0.0591
PLAT,-0.20986916,0.0245,0.0591
LOC105375530,-0.16897485,0.0245,0.0591
GRK7,0.30342931,0.0245,0.0591
NODAL,0.13979405,0.0245,0.0591
C4ORF46,-0.11369141,0.0246,0.0592
LOC105373178,0.36938979,0.0246,0.0592
RASGRP1,0.3089212,0.0234,0.0592
LOC105374555,0.1156284,0.0246,0.0592
LOC440084,-0.36710008,0.0246,0.0593
RIMS2,-0.46808078,0.0246,0.0593
LOC107984398,0.19503084,0.0246,0.0593
TRIM21,-0.2885711,0.0236,0.0595
DNAJC12,0.8965754,0.0236,0.0595
POM121L1P,-0.20594966,0.0247,0.0595
LOC105369975,0.22204847,0.0247,0.0595
KLHL9,-0.06613682,0.0247,0.0595
TPP2,-0.1772266,0.0236,0.0595
SEZ6L,-0.5759866,0.0236,0.0596
S100A6,0.16597219,0.0248,0.0596
LINC02367,0.2149114,0.0248,0.0596
LOC105370504,0.18379977,0.0248,0.0596
LOC105376725,0.12521679,0.0248,0.0597
DZIP3,-0.2467135,0.0237,0.0597
HDAC2,0.05469235,0.0248,0.0597
SCAF4,-0.4860047,0.0237,0.0598
SMG1P3,0.11767802,0.0249,0.0598
PKP4,0.1923714,0.0237,0.0598
AAMP,0.05629953,0.0249,0.0599
MIR29C,0.16033951,0.0249,0.0599
MRRF,0.06003219,0.0249,0.0599
CENPL,-0.11812529,0.0249,0.0599
EIF3K,0.08924066,0.0249,0.0599
XRCC2,0.18696263,0.025,0.06
FTSJ3,0.2315984,0.0238,0.06
LOC105373893,0.37055947,0.025,0.06
NUDC,0.3154422,0.0238,0.06
NUDCD3,-0.159321,0.0238,0.06
EMC4,0.0833402,0.025,0.06
STOX2,0.12252207,0.025,0.06
SOX18,-0.31420524,0.025,0.0601
MMP23B,-0.22418831,0.025,0.0601
LOC107986298,-0.1117494,0.0251,0.0602
SLC9A9,-0.10879883,0.0251,0.0602
SLC16A1,0.2542958,0.0239,0.0602
SNAPC5,-0.078407,0.0251,0.0603
GPC5,-1.1006563,0.024,0.0603
SPAG6,-0.6741432,0.024,0.0603
LOC107986997,0.19946458,0.0252,0.0604
SELE,-0.43947372,0.0252,0.0604
CYP4F22,0.20443185,0.0252,0.0604
CCDC148,0.20062781,0.0252,0.0604
MAGEC2,-1.2010919,0.024,0.0604
TCFL5,0.08041076,0.0252,0.0604
LOC105378841,-0.18086504,0.0252,0.0604
KRT9,0.7474586,0.0241,0.0605
GAA,-0.2178772,0.0241,0.0605
GRB14,-0.836008,0.0241,0.0605
NQO2,0.3749162,0.0241,0.0606
CCNE2,-0.3472233,0.0242,0.0606
ESCO1,0.07219594,0.0253,0.0606
ADM2,-0.36859779,0.0253,0.0606
PPP3CA,0.1237698,0.0241,0.0606
DRP2,-0.31784979,0.0253,0.0607
OGFRP1,0.17668212,0.0253,0.0607
KCNA5,-0.39711789,0.0253,0.0607
CDC37L1,0.0686093,0.0254,0.0608
KIF1C-AS1,0.14164258,0.0254,0.0608
NINJ2,-0.13542251,0.0254,0.0608
TMEM47,-0.14908583,0.0254,0.0608
R3HDM1,0.1362168,0.0243,0.0609
LOC105376724,0.24545366,0.0254,0.0609
LOC105375925,-0.25257382,0.0254,0.0609
ENTPD6,-0.10566085,0.0254,0.0609
CIRBP-AS1,0.14452011,0.0255,0.061
SLC12A9-AS1,0.22093623,0.0255,0.061
NDUFAF6,0.06688809,0.0255,0.061
LIPT2-AS1,0.12134025,0.0255,0.061
SYT2,-0.11428277,0.0255,0.061
NPIPA2,0.07992167,0.0255,0.0611
MSANTD2,-0.2952496,0.0244,0.0611
PPARD,-0.2017768,0.0244,0.0612
AGA-DT,0.14374863,0.0256,0.0613
RABL2B,0.10611571,0.0256,0.0613
CTDNEP1,-0.2207375,0.0245,0.0613
DLGAP1-AS2,-0.20276767,0.0257,0.0614
RUFY1-AS1,0.0781163,0.0257,0.0615
RNR1,0.24170115,0.0257,0.0615
KLK15,-0.7327549,0.0246,0.0615
NPM3,0.254103,0.0246,0.0615
PGBD2,0.10262454,0.0257,0.0615
ABCB6,-0.2315617,0.0246,0.0615
ETAA1,0.07393092,0.0257,0.0615
RGL2,0.1714385,0.0246,0.0615
NGLY1,0.1244812,0.0247,0.0616
USP19,-0.2153861,0.0247,0.0617
SH3BP1,0.16347285,0.0258,0.0617
LSG1,0.08110624,0.0258,0.0617
TRIM61,-0.23372162,0.0258,0.0618
MDN1-AS1,0.06896428,0.0259,0.0618
SIGLEC15,0.16945184,0.0259,0.0618
TRIM69,-0.27688298,0.0259,0.0618
ATAD3A,-0.3769197,0.0247,0.0618
TCP1,0.09332057,0.0259,0.0618
POLE3,-0.1477742,0.0248,0.0619
LOC105373592,0.23597388,0.0259,0.0619
LOC105370569,0.07682768,0.026,0.062
UBE2J1,-0.07628976,0.026,0.062
RBM19,-0.2266361,0.0249,0.0621
ATP13A1,-0.1835461,0.0249,0.0621
ANAPC1P2,0.07861788,0.026,0.0621
PIN4P1,0.15515641,0.026,0.0621
SLC39A4,0.2798391,0.0249,0.0621
LOC105378072,0.28961201,0.0261,0.0622
GNL1,0.0755136,0.0261,0.0622
PTGR2,0.12428907,0.0261,0.0622
ZNF321P,0.10690287,0.0261,0.0622
OVCH2,0.24726075,0.0261,0.0622
KLF6,-0.2386604,0.025,0.0622
TM2D3,0.1581629,0.025,0.0622
LACTB2,0.12871835,0.0261,0.0622
LOC105375361,0.19588871,0.0261,0.0623
LOC112268274,-0.3547593,0.0262,0.0623
PLA2G4C-AS1,-0.27418474,0.0262,0.0623
MTURN,0.10002333,0.0261,0.0623
PRKAR1B,-0.17410191,0.0261,0.0623
ZNF780A,0.08423799,0.0261,0.0623
CA3,-0.7787061,0.025,0.0623
TFG,-0.07057949,0.0261,0.0623
MYCL,0.21205763,0.0262,0.0624
EXOC3L1,-0.15253544,0.0262,0.0624
PRAP1,0.18546511,0.0262,0.0624
HHLA3,0.07324882,0.0262,0.0624
MYO16,-0.8333761,0.0251,0.0624
ATG2A,-0.1748011,0.0251,0.0624
RAB21,0.05491667,0.0262,0.0624
LOC107985776,-0.49348849,0.0262,0.0624
TASOR2,-0.06065948,0.0262,0.0625
TMEM121,0.7265208,0.0251,0.0625
FANCG,0.2348602,0.0252,0.0626
LINC02731,0.21980257,0.0263,0.0626
ANGPT4,-1.0095574,0.0252,0.0626
ADH1A,-0.6531747,0.0252,0.0626
LOC105375800,0.26804211,0.0263,0.0626
PDXP-DT,0.16285787,0.0263,0.0626
NDUFS7,0.2033765,0.0252,0.0627
HSD3B2,-1.1261198,0.0253,0.0628
CYP2D7,0.14806616,0.0264,0.0628
WBP1,0.07870623,0.0264,0.0628
SURF2,-0.2269964,0.0253,0.0628
HMGCR,0.23914626,0.0264,0.0628
RASGEF1B,0.11941748,0.0264,0.0628
WBP4,0.1566561,0.0254,0.0628
MRPL12,-0.11788069,0.0265,0.0629
ADRA2B,0.7314388,0.0254,0.0629
FAM110D,-0.23766101,0.0265,0.0629
LOC105370202,0.29508809,0.0264,0.0629
ANKMY2,0.08800173,0.0265,0.063
LOC112268122,-0.1682664,0.0265,0.063
BACH1,-0.3316885,0.0254,0.063
RPS16,0.13276597,0.0265,0.063
AKAP11,-0.1469589,0.0255,0.063
GNPDA2,0.10201507,0.0265,0.063
SORCS3,-0.28610778,0.0265,0.063
IKZF2,0.15340941,0.0265,0.063
MTRNR2L1,0.31427975,0.0265,0.063
BCL6,-0.2554916,0.0255,0.0631
LOC105376360,0.32261672,0.0266,0.0631
PYCARD,0.14791188,0.0266,0.0631
LOC105374254,0.26814382,0.0266,0.0631
SAG,-0.9890826,0.0255,0.0632
POLDIP2,0.1743148,0.0256,0.0632
TMEM181,-0.05894682,0.0266,0.0632
SEC24B-AS1,0.13859639,0.0266,0.0632
SLC35B3,-0.09193273,0.0266,0.0632
SLIT3-AS1,-0.20506015,0.0266,0.0632
LRRD1,-0.26592726,0.0266,0.0632
MORN3,0.12721469,0.0267,0.0633
LMF1,-0.2046166,0.0256,0.0633
DUT,0.0524259,0.0267,0.0633
ZNF260,0.06568219,0.0266,0.0633
SAP18,0.08006628,0.0267,0.0633
GNAI3,0.1684343,0.0256,0.0633
LOC107984037,0.38321552,0.0267,0.0633
CEND1,0.20308037,0.0267,0.0634
LOC101928387,-0.14272824,0.0267,0.0634
ZNG1A,0.13245055,0.0268,0.0634
MCMBP,0.245664,0.0257,0.0634
CTNND1,0.0606859,0.0267,0.0634
ABCC8,0.46456509,0.0267,0.0634
STRN3,-0.2790677,0.0256,0.0634
MAPK7,0.2619556,0.0257,0.0634
RRAGA,-0.05737675,0.0267,0.0634
LINC00482,0.20823857,0.0268,0.0634
LOC107986141,0.20974826,0.0268,0.0635
TGFBI,0.3327019,0.0257,0.0635
SLC10A6,0.15688423,0.0268,0.0635
SORBS2,-0.3897317,0.0257,0.0635
PIN4,0.11408602,0.0268,0.0636
LOC101927627,-0.47490476,0.0268,0.0636
FEM1A,0.07898442,0.0268,0.0636
CGGBP1,-0.06814176,0.0269,0.0637
ACOX2,-0.752692,0.0259,0.0637
DNAAF11,-0.3328029,0.0258,0.0637
CPA1,-1.0670542,0.0259,0.0638
REM2,0.19247494,0.0269,0.0638
H2AC18,-0.12096594,0.0269,0.0638
LOC107984988,-0.14349522,0.0269,0.0638
LINC01554,0.40118591,0.0269,0.0638
TAC3,-0.3222221,0.026,0.0639
TMEM100,-0.2256211,0.027,0.0639
C11ORF91,-0.14065974,0.027,0.064
LOC105369851,0.30264439,0.0271,0.064
LOC107984498,-0.36333731,0.027,0.064
FRAS1,0.28455975,0.0271,0.0642
BEX4,-0.2759888,0.0261,0.0642
ODAD4,0.1719653,0.0272,0.0643
LOC105369549,0.23120358,0.0272,0.0643
DRC4,-0.2716888,0.0261,0.0643
ZNF81,-0.07044597,0.0272,0.0643
LOC107986031,0.14998209,0.0272,0.0643
RBPMS,-0.14215942,0.0273,0.0645
LOC112268043,-0.12032431,0.0273,0.0645
MXD4,-0.12915898,0.0273,0.0646
LOC100506974,0.17459171,0.0274,0.0647
MRPS7,-0.08039763,0.0274,0.0648
CHMP4B,0.06759774,0.0274,0.0648
KAZN,-0.2685547,0.0264,0.0648
WDR31,0.10487125,0.0274,0.0648
SNRPE,0.09829514,0.0274,0.0648
ZFR,-0.06999602,0.0275,0.0649
MAP2K4,-0.199068,0.0265,0.0649
ALDH16A1,-0.16717204,0.0275,0.0649
IGHV1-46,-0.5560926,0.0265,0.0649
PPP1R12A,-0.168408,0.0264,0.0649
WNT6,0.28019272,0.0275,0.0649
MOB1A,0.1628725,0.0264,0.0649
LOC105375337,0.15972838,0.0275,0.0649
ARHGAP10,0.08825806,0.0275,0.0649
TBC1D2,-0.3599265,0.0265,0.0649
AAGAB,0.24448,0.0265,0.065
PLA2G3,0.3630208,0.0265,0.065
TRMT2A,-0.9772461,0.0265,0.065
SLC25A36,0.2566614,0.0265,0.065
TACO1,0.1934557,0.0265,0.065
ACCSL,0.34191593,0.0276,0.065
BLZF1,0.07334104,0.0276,0.0651
E2F1,-0.3059214,0.0266,0.0651
RSRC1,0.2526559,0.0266,0.0651
ZSCAN29,-0.05317377,0.0276,0.0651
PTPRU,0.17662295,0.0276,0.0651
CCNF,-0.2946629,0.0266,0.0651
LOC105369377,-0.2893403,0.0276,0.0652
DCTN5,-0.1817121,0.0266,0.0652
MAGEA10,-0.7430133,0.0267,0.0652
LOC105375933,0.14431378,0.0277,0.0652
ZNF296,0.19282385,0.0276,0.0652
HTR7,0.5551088,0.0266,0.0652
MLIP-IT1,0.19555339,0.0276,0.0652
LOC105371499,0.24469822,0.0277,0.0652
MMP23A,-0.26185697,0.0276,0.0652
LYRM4-AS1,-0.11780488,0.0277,0.0652
LRIG1,-0.2387493,0.0267,0.0653
ABAT,-0.2471226,0.0267,0.0653
PDZD7,0.16809449,0.0278,0.0654
EGFEM1P,-0.29863629,0.0278,0.0655
DEPDC5,0.04702308,0.0278,0.0656
TBC1D31,-0.07850926,0.0279,0.0657
LOC101928335,0.14339927,0.0279,0.0657
PARPBP,-0.13781784,0.0279,0.0657
SCGB1D2,0.57505059,0.0279,0.0658
LEF1,-0.2267126,0.0269,0.0658
LOC105371159,-0.22548733,0.0279,0.0658
DNAJB3,0.26944074,0.028,0.0658
SERPINA6,-0.8152367,0.027,0.0659
DLD,-0.1682277,0.027,0.066
PPP1R11,0.2114217,0.027,0.066
IQANK1,0.19857426,0.028,0.066
INTS9,-0.06564879,0.028,0.066
MED12L,-0.19493273,0.0281,0.0661
SDAD1P1,0.17161425,0.0281,0.0661
NFKB1,-0.06175007,0.0281,0.0661
H3C1,-1.3750804,0.0271,0.0661
NRK,-0.32698884,0.0281,0.0661
DAPP1,0.13671424,0.0281,0.0661
ACOT7,-0.14125755,0.0281,0.0662
EMB,0.15611458,0.0281,0.0662
GCNT4,-1.326484,0.0271,0.0662
DSCR4,-0.6369592,0.0272,0.0663
TTC39A,0.3372418,0.0272,0.0663
ABCA3,0.2939158,0.0272,0.0663
F7,-0.4269659,0.0272,0.0664
MCF2L2,0.11805479,0.0282,0.0664
LOC107987171,0.18095983,0.0282,0.0664
HPCAL4,-1.0063589,0.0272,0.0664
ANKRD40CL,-1.0473018,0.0273,0.0665
PSMD13,-0.1426179,0.0273,0.0665
COA6-AS1,0.14409202,0.0283,0.0665
LOC107985072,0.1730553,0.0283,0.0665
NOL4,-1.3091811,0.0273,0.0665
LOC101928510,0.12187419,0.0283,0.0665
ATP7B,-0.3237246,0.0273,0.0665
HCRTR1,-1.1892513,0.0273,0.0665
SALL1,-1.4163997,0.0273,0.0665
DBF4,0.2118037,0.0274,0.0666
SUSD4,-0.504681,0.0274,0.0666
ARHGEF35-AS1,0.21998843,0.0284,0.0667
MIR639,0.21184909,0.0284,0.0667
LOC105370774,0.14142748,0.0284,0.0668
GRIA4,-1.307946,0.0275,0.0668
CHRM2,-1.0202338,0.0275,0.0669
KY,0.25695084,0.0285,0.0669
H3-4,1.2981557,0.0276,0.067
NDUFV2-AS1,0.11193756,0.0285,0.067
LOC107987210,0.32043891,0.0285,0.067
SPINK7,-0.43998565,0.0285,0.067
P2RX3,-1.1613788,0.0276,0.0671
ZNF276,-0.2689914,0.0276,0.0671
SPACA6,0.12165871,0.0286,0.0671
MICU3,0.13531897,0.0286,0.0672
LINC01599,0.16483369,0.0286,0.0672
LOC105371922,0.10763494,0.0286,0.0672
AMOTL1,0.06584508,0.0287,0.0673
CACNA1A,-0.31080124,0.0286,0.0673
GBF1,-0.06519112,0.0287,0.0673
GKAP1,0.14461781,0.0287,0.0673
OPN4,-0.4145306,0.0286,0.0673
CLEC5A,-0.25794689,0.0287,0.0673
DHTKD1,0.1853623,0.0277,0.0673
MYLIP,0.1738612,0.0278,0.0674
LOC105378353,-0.19603444,0.0288,0.0675
BCAR3-AS1,0.12283215,0.0288,0.0675
LOC102724804,0.4217199,0.0289,0.0676
SLC25A14,0.09093528,0.0288,0.0676
ANO8,0.19606839,0.0288,0.0676
MXD1,-1.0570031,0.0279,0.0677
CYB5R4,0.2276415,0.0279,0.0677
SP2-DT,0.20879303,0.0289,0.0677
LOC101927454,-0.19961771,0.0289,0.0677
PIP5KL1,0.18687954,0.0289,0.0677
HSPB3,0.3313978,0.0289,0.0677
COL23A1,0.2253048,0.0289,0.0677
ZNF793-AS1,0.19270641,0.0289,0.0677
LRTOMT,0.04676986,0.0289,0.0678
TAF15,-0.2854,0.028,0.0678
SLC13A2,-1.2467146,0.028,0.0678
SMARCE1,0.1141179,0.028,0.0678
HHIPL2,-0.8870226,0.028,0.0678
LOC101927080,0.07281697,0.0289,0.0678
NFYC-AS1,0.07896572,0.029,0.0679
PMPCA,0.1475381,0.0281,0.0679
UGT8,-0.27715495,0.029,0.0679
PDHA2,-1.0834765,0.028,0.0679
OR2A4,0.3485391,0.029,0.0679
INAFM1,0.12438439,0.029,0.068
METTL4,-0.190456,0.0281,0.068
CARNMT1-AS1,0.1100209,0.029,0.068
ALDH9A1,0.1789287,0.0281,0.068
CDC123,0.1358555,0.0282,0.0681
ARHGEF9-IT1,0.22156405,0.0291,0.0681
CNTROB,0.08551755,0.0291,0.0681
ZFPM2,-0.2411217,0.0282,0.0681
RAD50,0.05361441,0.0291,0.0681
PCNA-AS1,-0.12873845,0.0292,0.0682
CCZ1B,0.08449324,0.0291,0.0682
ANXA3,-0.385331,0.0282,0.0683
SNORA12,0.19549744,0.0292,0.0683
GALNT7-DT,-0.21122047,0.0292,0.0683
LOC112268438,-0.393173,0.0292,0.0684
ZIC3,-1.3362233,0.0283,0.0685
PTPN20,-0.7130461,0.0284,0.0685
MIR5690,-0.51876979,0.0293,0.0686
TRAPPC9,0.2697465,0.0284,0.0686
HRG-AS1,0.35719756,0.0294,0.0687
CCDC18-AS1,0.11436162,0.0294,0.0688
LSP1P4,-0.23547348,0.0294,0.0688
PRKRA,-0.1040921,0.0285,0.0688
CITED1,-0.9178612,0.0285,0.0688
DLX4,0.32691858,0.0294,0.0688
PIK3R4,0.1322402,0.0286,0.0689
PRMT9,0.06774609,0.0295,0.0689
SULT2A1,-1.0321462,0.0287,0.069
LOC107984275,-0.14347017,0.0295,0.069
OBI1,0.07824129,0.0295,0.069
NRON,-0.12214491,0.0295,0.069
SMIM20,-0.11725046,0.0295,0.069
USP4,0.1246031,0.0287,0.069
FAM118A,-0.33359518,0.0295,0.069
LOC105371824,0.18671502,0.0296,0.0691
FGF18,-0.5193119,0.0296,0.0691
CREB5,-0.4507875,0.0287,0.0691
STK4,-0.3742622,0.0287,0.0691
AIMP1,0.06886007,0.0297,0.0693
PDK4,-1.6173253,0.0288,0.0693
EEF1E1,0.09920042,0.0297,0.0693
FDPSP2,0.1529945,0.0297,0.0694
LOC105378772,-0.20909331,0.0297,0.0694
ELAC2,-0.1528917,0.0288,0.0694
L3MBTL3,-0.11026785,0.0297,0.0694
PERCC1,0.30988543,0.0298,0.0695
CATSPER2P1,0.11908029,0.0298,0.0695
LOC112268250,0.1918979,0.0298,0.0696
GSDME,-0.16228227,0.0298,0.0696
LOC105374906,0.26507526,0.0298,0.0696
TMEM178B,0.21839989,0.0298,0.0696
TBC1D23,0.08613361,0.0298,0.0696
LOC107984191,-0.22988662,0.0298,0.0696
LOC100507336,-0.23787066,0.0298,0.0696
ZNF701,-0.3573368,0.029,0.0697
LOC105377524,-0.40441972,0.03,0.0699
FOXJ1,0.25445711,0.03,0.0699
LOC107986080,0.14866719,0.03,0.0699
ZMYND12,-0.24419887,0.03,0.0699
LOC105374711,0.12811147,0.03,0.0699
JMJD6,-0.07411376,0.03,0.0699
LOC105375751,0.08919984,0.03,0.0699
LOC105369325,0.27851844,0.03,0.0699
CRYBA1,-0.12921917,0.03,0.0699
SEC22A,0.06497103,0.03,0.0699
LINC01779,0.31634149,0.03,0.07
POLR1E,0.06163117,0.0301,0.07
DDX12P,0.13443019,0.0301,0.07
CASP12,0.22482482,0.0301,0.0701
GFI1B,-1.1693785,0.0292,0.0701
LOC105372470,0.11324823,0.0301,0.0701
FAM83E,0.16175741,0.0301,0.0701
GOLGA8T,0.08965605,0.0301,0.0701
LOC107984040,-0.19546329,0.0301,0.0701
SMG8,0.1615475,0.0292,0.0701
LOC105377712,-0.20290223,0.0302,0.0702
THSD4-AS1,0.22811073,0.0302,0.0703
NUDT18,0.4114552,0.0293,0.0703
NEURL4,0.12527348,0.0302,0.0703
PLCD4,0.12752956,0.0302,0.0704
CHCHD2,0.232842,0.0293,0.0704
SNORD52,-0.21480281,0.0302,0.0704
TOB2P1,-0.26246566,0.0303,0.0704
LOC107987366,-0.19584804,0.0303,0.0704
MEMO1,0.06233702,0.0303,0.0705
WDR91,-0.2633484,0.0294,0.0705
TLX2,-1.0511125,0.0294,0.0705
LOC112268270,0.24790719,0.0303,0.0705
HUWE1,0.06293788,0.0303,0.0705
RNF139-DT,0.0848787,0.0304,0.0706
LOC107985297,0.20767835,0.0303,0.0706
ST6GALNAC5,-0.4942909,0.0295,0.0708
SARM1,-0.2061317,0.0295,0.0708
PARGP1-AGAP4,0.07036904,0.0305,0.0709
CIROP,-0.18961169,0.0305,0.0709
IRX6,0.35854427,0.0305,0.0709
LOC105372064,0.1162566,0.0306,0.071
GOLGA2P10,0.2836437,0.0306,0.071
LOC105374608,0.278276,0.0305,0.071
C1QL1,-0.3641046,0.0296,0.071
LOC107987225,0.28455722,0.0306,0.071
LOC107986697,-0.30977064,0.0305,0.071
KIF5C,-0.24490991,0.0306,0.0711
LSM14A,0.06293629,0.0306,0.0711
CDADC1,-0.357644,0.0297,0.0711
LOC105375235,-0.13949517,0.0306,0.0711
ZNF426,-0.3125984,0.0298,0.0711
TUT7,0.10322466,0.0307,0.0712
VWA8,0.09820285,0.0307,0.0712
METTL2B,0.06283172,0.0307,0.0712
LINC02334,0.15332431,0.0307,0.0712
AMZ2,-0.1309221,0.0298,0.0713
LOC101927550,0.07091912,0.0307,0.0713
MFSD3,0.15268519,0.0307,0.0713
BTBD6,0.09654912,0.0307,0.0713
MIR548O,0.25680541,0.0307,0.0713
DDT,0.2547554,0.0298,0.0713
ATP1A2,-0.31740079,0.0307,0.0713
ELOVL4,0.26522291,0.0308,0.0713
PCNA,0.1895314,0.0299,0.0714
LOC105375061,0.11871268,0.0308,0.0714
SOX7,-0.18673937,0.0308,0.0714
MRC2,-0.2871895,0.0299,0.0714
CDC7,-0.18350806,0.0308,0.0714
FARSA-AS1,0.13673829,0.0308,0.0714
ZNF876P,0.13524309,0.0308,0.0714
LINC02080,-0.28789554,0.0308,0.0714
SNHG26,-0.23401023,0.0309,0.0715
LOC101926994,0.16225088,0.0308,0.0715
LOC105369856,0.22720549,0.0309,0.0715
SSBP3-AS1,0.12861553,0.0308,0.0715
APH1A,0.1182383,0.0299,0.0715
GSC,-0.36460646,0.0308,0.0715
LOC105377136,0.32697699,0.0308,0.0715
DNAJC24,0.07662047,0.0309,0.0716
WARS2-IT1,-0.18744842,0.0309,0.0716
IVD,-0.13956126,0.0309,0.0716
LOC389765,0.08594272,0.0309,0.0717
RABEPK,0.1436463,0.0301,0.0717
YRDC,0.186489,0.0301,0.0717
CFAP45,0.17851758,0.031,0.0717
DANT1,0.19973073,0.031,0.0718
RABEP1,-0.06109557,0.031,0.0718
FCSK,0.10829897,0.031,0.0718
SRF,-0.13144687,0.031,0.0718
TMEM200C,0.20408515,0.0311,0.072
UNC5B,-0.29828018,0.0311,0.072
RERG-AS1,-0.174832,0.0311,0.072
ZSCAN18,-0.2399027,0.0303,0.0721
EXTL3-AS1,0.24130251,0.0312,0.0722
PCDHAC1,-0.29143941,0.0312,0.0722
BAK1,-0.12074403,0.0312,0.0722
MYF6,-1.1892497,0.0303,0.0722
LINC00472,-0.4230539,0.0303,0.0722
PRKCA-AS1,-0.15242348,0.0312,0.0722
PLA2G2E,-0.8661306,0.0304,0.0723
RBCK1,-0.10709588,0.0313,0.0724
TIMM22,0.2602514,0.0304,0.0724
KLK8,0.22491429,0.0313,0.0724
PKD1P5-LOC105376752,0.19138819,0.0313,0.0724
LOC112268457,0.22872657,0.0313,0.0724
HARS1,0.06976344,0.0313,0.0724
ISY1,0.05885262,0.0314,0.0725
MMRN2,0.2648338,0.0305,0.0725
IRS2,0.2596947,0.0305,0.0725
POLI,-0.2454755,0.0305,0.0725
LOC107984459,-0.16750603,0.0314,0.0725
LOC107986715,0.17999158,0.0314,0.0726
ATP5PB,0.1254404,0.0305,0.0726
LOC107985541,-0.27503084,0.0314,0.0726
ANKRD13C,0.06897612,0.0315,0.0727
COQ6,0.3080759,0.0306,0.0727
ANGPTL8,-0.30622599,0.0315,0.0728
MRPS24,0.08107594,0.0315,0.0728
LOC107985840,-0.15483794,0.0315,0.0728
LOC105379356,0.25065785,0.0316,0.0729
NBPF3,0.18145866,0.0316,0.0729
DIS3L,0.05377605,0.0316,0.073
PIERCE1,-0.5027673,0.0308,0.073
LOC105376447,0.1298813,0.0316,0.073
RETREG3,0.04787931,0.0316,0.073
CYP3A4,0.36516379,0.0317,0.0731
ABTB2,0.17640408,0.0317,0.0731
PMS2P7,0.10634884,0.0317,0.0732
UBE2V2,-0.1323891,0.0309,0.0732
MMP8,-1.2328567,0.0309,0.0733
LNX1-AS2,0.27482074,0.0318,0.0734
PIK3R2,-0.3435123,0.031,0.0734
CIAO2A,-0.08969718,0.0318,0.0734
GNPAT,0.20050029,0.0318,0.0734
NCBP2,-0.2611717,0.031,0.0734
PSPH,-0.3685429,0.031,0.0734
AKR1C1,-0.23372303,0.0318,0.0735
YY1,0.05097151,0.0319,0.0735
MIR5002,-0.30661125,0.0319,0.0735
LOC112268238,-0.17835433,0.0319,0.0735
NCMAP,-0.30204249,0.0319,0.0735
ACTMAP,-0.11321635,0.0319,0.0735
TST,0.3200536,0.031,0.0735
LOC101927388,0.35344393,0.0319,0.0736
PDCD7,0.04648142,0.0319,0.0736
SEC24C,0.1716374,0.0311,0.0736
BNC1,0.2214487,0.0311,0.0736
CLN8,0.2192168,0.0311,0.0736
TSHR,-0.2330086,0.032,0.0736
BTNL8,0.39795646,0.0319,0.0736
LRRN4CL,0.2444591,0.0319,0.0736
TM4SF19,-0.2906021,0.032,0.0737
LINC02625,0.30659069,0.032,0.0737
ULBP1,-1.0246287,0.0312,0.0738
COQ8B,0.07950959,0.0321,0.0738
KIAA1958,0.08942601,0.0321,0.0739
METTL22,0.190769,0.0313,0.0739
MRPL24,0.1862411,0.0313,0.0739
LOC102724859,-0.30229814,0.0321,0.0739
ANKRD42,0.07805449,0.0321,0.0739
UPK3A,-0.6430809,0.0313,0.074
MCUB,-0.11067336,0.0321,0.074
MED13L,-0.207517,0.0314,0.074
LOC112267878,-0.24795979,0.0321,0.074
MIR505,-0.26262864,0.0322,0.074
MIR4647,-0.16306167,0.0321,0.074
GPANK1,0.05843954,0.0322,0.0742
LOC105376279,0.2526303,0.0322,0.0742
MAML3,0.07598274,0.0322,0.0742
RAD51AP2,0.17932009,0.0322,0.0742
CORO1B,-0.09763572,0.0323,0.0742
TMBIM4,-0.2547212,0.0314,0.0742
LMX1B-DT,0.28235605,0.0323,0.0742
SERINC2,0.19440869,0.0323,0.0743
ALOX12B,0.23011285,0.0323,0.0743
SNORD54,0.2155613,0.0324,0.0744
LOC107985293,0.18568431,0.0324,0.0744
SSBP4,-0.19656559,0.0324,0.0744
ARRDC2,-0.12105696,0.0324,0.0744
DIPK1B,0.15119577,0.0323,0.0744
MUC2,-0.8843759,0.0316,0.0746
SNORA32,-0.20354019,0.0325,0.0746
UNC93A,0.20440649,0.0325,0.0746
SAPCD2,0.21965771,0.0325,0.0746
TNFAIP2,-0.2986344,0.0317,0.0747
TZMP1,0.228248,0.0317,0.0747
PTH2R,-0.2677312,0.0325,0.0747
PCDHA5,-0.32610472,0.0325,0.0747
LOC107986596,0.1753343,0.0325,0.0747
RBKS,0.2087282,0.0317,0.0748
CAMK4,-0.18213122,0.0326,0.0748
CISD2,0.08319661,0.0326,0.0748
SUMF1,0.06337608,0.0326,0.0748
EPG5,0.05347032,0.0327,0.075
TRA2A,0.06402309,0.0327,0.075
SOAT1,-1.2970544,0.0318,0.075
MRTFA-AS1,-0.08542806,0.0327,0.0751
HSPA4,-0.07562312,0.0327,0.0752
ATXN10,0.1906964,0.0319,0.0752
ZNF232,0.20026631,0.0328,0.0752
APOBEC3D,-0.19716941,0.0328,0.0752
LOC107986355,0.2002037,0.0328,0.0752
MAGED2,-0.07397397,0.0328,0.0752
LOC105370559,0.32341574,0.0328,0.0752
LINC02286,0.57174854,0.0328,0.0753
LOC107986414,-0.22342716,0.0329,0.0754
BBS9,0.1845838,0.032,0.0754
LOC100507346,0.13495502,0.0329,0.0754
FOXO3,-0.07314034,0.033,0.0755
STK32B,-0.16336176,0.0329,0.0755
LOC102723381,0.13650065,0.0329,0.0755
TRIM7-AS2,0.1780802,0.0329,0.0755
SCML1,-0.3288577,0.0321,0.0756
SPTA1,-0.50150783,0.033,0.0756
OR1A1,-0.7728709,0.0322,0.0757
C3ORF36,-1.1315811,0.0322,0.0757
IGDCC4,0.23337666,0.0331,0.0758
MYORG,0.1491776,0.0331,0.0758
CTAGE8,0.30560204,0.0331,0.0758
C5ORF15,0.1036209,0.0322,0.0758
ZNF470,0.09599522,0.0331,0.0758
NCLN,-0.13894151,0.0331,0.0759
DDX6,-0.4530707,0.0323,0.0759
LOC107984127,0.12725007,0.0331,0.0759
DAD1,0.1491946,0.0323,0.076
UBXN10,0.18491176,0.0332,0.076
FCGR3B,-0.43163568,0.0333,0.0761
PRLH,-0.7682894,0.0324,0.0761
SNORD38A,0.14777906,0.0332,0.0761
ZNF728,0.39490319,0.0332,0.0761
FAM193A,0.1460992,0.0324,0.0761
PRKCB,0.14803419,0.0332,0.0761
KCNG3,0.21172267,0.0332,0.0761
LOC105374772,0.19578482,0.0333,0.0761
PLA2G10,-1.6474175,0.0325,0.0762
PCBP4,0.10078357,0.0333,0.0762
SYNPO2L,-0.18505124,0.0333,0.0762
IRX2,0.12331254,0.0334,0.0763
TIMM10,0.2145287,0.0325,0.0763
RPS18P9,0.08777072,0.0333,0.0763
SMIM32,-0.27706606,0.0333,0.0763
ZSCAN32,-0.1800078,0.0326,0.0763
GRIN3B,0.17667586,0.0334,0.0764
PKIA,0.2825211,0.0326,0.0764
LOC107985230,-0.18409317,0.0335,0.0765
LOC105370998,-0.29456151,0.0335,0.0765
LOC102725228,0.16741883,0.0335,0.0766
WDHD1,0.10173493,0.0335,0.0766
PRKACG,-0.9611826,0.0327,0.0766
LOC105378834,-0.23817588,0.0336,0.0767
ZNHIT6,0.07619106,0.0336,0.0767
SEMA6C,-0.8067528,0.0327,0.0767
BBOX1-AS1,0.179173,0.0335,0.0767
PTCSC1,-0.178767,0.0336,0.0768
LPA,0.38758899,0.0336,0.0768
HRCT1,0.36529677,0.0336,0.0768
PHLDA2,0.3505775,0.0328,0.0768
RASSF8,-0.13345871,0.0337,0.0769
MYCL-AS1,0.21628141,0.0337,0.0769
LOC112268109,0.17586466,0.0337,0.0769
GLIDR,0.12910799,0.0337,0.077
LOC107987276,-0.11759703,0.0337,0.077
ADGRB3,-0.1501143,0.0338,0.0771
METTL15,0.08137838,0.0338,0.0771
LOC105375918,0.14108699,0.0338,0.0771
LOC105374461,0.30435902,0.0338,0.0771
GPSM1,0.1579965,0.0338,0.0771
LOC107985847,-0.20205741,0.0338,0.0771
HACL2,-0.1736247,0.0329,0.0771
PNLIPRP1,-0.9203601,0.033,0.0772
PLCG1,-0.157979,0.033,0.0773
NUP153,0.04586333,0.0339,0.0773
LDLR-AS1,-0.21622734,0.0339,0.0773
HAGLR,-0.16015495,0.0339,0.0774
RAET1G,0.24170028,0.0339,0.0774
DIAPH3,-0.17449689,0.0339,0.0774
ZKSCAN7-AS1,-0.16335133,0.034,0.0775
ZNF17,0.05464236,0.034,0.0775
FSHR,-0.8607064,0.0332,0.0776
CROT,0.2901335,0.0332,0.0776
FAM174C,-0.13085084,0.0341,0.0777
PCMTD1,0.09175955,0.0341,0.0777
VPS37B,0.0808269,0.0341,0.0778
LOC107984284,0.17295609,0.0341,0.0778
PPP6R2,-0.1944478,0.0334,0.0779
SNORD117,0.24650713,0.0342,0.0779
ASB1,-0.2160449,0.0334,0.078
KPNA1,-0.1706454,0.0334,0.078
ADORA2B,0.11868617,0.0342,0.078
TUSC3,-0.2744363,0.0334,0.078
DIP2B,0.07344461,0.0342,0.078
ADCY9,-0.1624863,0.0334,0.078
PIGW,-0.10165893,0.0343,0.078
HAUS6,-1.1898599,0.0334,0.078
TSFM,0.1871968,0.0334,0.078
KIAA1191,0.07940282,0.0343,0.0781
SLC27A3,-0.2888172,0.0335,0.0782
TONSL,0.8393057,0.0336,0.0783
DUBR,0.09210697,0.0344,0.0783
VAC14-AS1,-0.1210573,0.0345,0.0784
LOC105371103,0.12649362,0.0344,0.0784
SNORA101A,0.28031219,0.0344,0.0784
CLIP1,-0.2072835,0.0336,0.0784
LTC4S,-0.3831234,0.0336,0.0784
SNORA48,-0.09983445,0.0345,0.0785
SLC26A5-AS1,0.2253714,0.0345,0.0785
FAM200A,0.06321013,0.0345,0.0785
ASNS,0.228629,0.0338,0.0786
PLA2G4F,0.15509593,0.0346,0.0786
PLG,-1.3927763,0.0337,0.0786
EFHD1,-0.25816936,0.0346,0.0786
MIR4761,-0.12141663,0.0346,0.0786
TRAM2-AS1,-0.12301663,0.0346,0.0787
HMG20A,-0.04479202,0.0346,0.0787
HTR7P1,-0.9829653,0.0338,0.0787
SNRNP48,0.07694678,0.0346,0.0787
LOC105373438,0.43127281,0.0346,0.0787
SNORA2A,0.18738473,0.0346,0.0787
RCOR1,0.06644973,0.0346,0.0787
REP15,-0.16991795,0.0346,0.0787
MIR4729,-0.21403509,0.0347,0.0788
CACNA2D1,-0.1118932,0.0347,0.0789
SYNRG,-0.04198134,0.0347,0.0789
ABRA,0.1511773,0.0347,0.0789
TMEM243,0.05884459,0.0347,0.0789
GABRR1,-1.1567166,0.034,0.079
MYOZ3,-0.26571997,0.0348,0.079
LZIC,0.043545,0.0348,0.0791
LOC105372945,-0.13025363,0.0348,0.0791
FOXO1,-0.10389139,0.0348,0.0791
OR2F2,-1.2482336,0.034,0.0792
BMS1P1,0.12865357,0.0349,0.0792
LOC105371763,-0.13027196,0.0349,0.0793
PTPRCAP,-0.16706203,0.0349,0.0793
SMAD5-AS1,0.12744202,0.0349,0.0793
PER3,-0.5462471,0.0342,0.0794
METTL7B,-0.35253812,0.0351,0.0795
GBP3,-0.26503245,0.035,0.0795
LOC105379099,-0.25452957,0.035,0.0795
HLA-F-AS1,-0.2133408,0.0342,0.0795
BMS1P23,-0.18056302,0.035,0.0795
LOC105374519,-0.18397083,0.0351,0.0796
FGD4,0.10008031,0.0351,0.0796
TRIM25,-0.08483978,0.0351,0.0796
ARHGAP5-AS1,0.14612072,0.0351,0.0796
LOC105373414,0.42689048,0.0351,0.0796
ZBTB32,-0.6474062,0.0343,0.0796
PXK,0.06259325,0.0352,0.0797
CIPC,0.09255708,0.0351,0.0797
FNTA,-0.1235753,0.0343,0.0797
LOC105378723,0.11829707,0.0351,0.0797
PEX5L,-1.3169674,0.0343,0.0797
MRPS17,0.1585551,0.0343,0.0797
GTF2I-AS1,0.05768709,0.0352,0.0798
NPIPA1,0.0848941,0.0352,0.0798
CLCA3P,0.28714708,0.0352,0.0798
LOC107985972,-0.19853947,0.0353,0.0799
PDCD5,0.2161335,0.0345,0.08
MIR3657,0.21854311,0.0353,0.08
LOC105379325,0.2818236,0.0353,0.08
SGPP2,0.22715988,0.0353,0.08
HAS1,0.9290705,0.0345,0.0801
DDX11,-0.6380152,0.0346,0.0801
TNXA,0.27823174,0.0353,0.0801
UGCG,0.2693206,0.0346,0.0801
NLRP1,-0.3014456,0.0345,0.0801
CES1P1,0.62337735,0.0354,0.0802
PEDS1,0.1620157,0.0354,0.0802
SF3B4,-0.3751537,0.0346,0.0802
LOC107986948,-0.14788758,0.0355,0.0803
PRX,-0.9193829,0.0347,0.0803
GPATCH2L,-0.3027973,0.0346,0.0803
GALT,0.1068745,0.0355,0.0803
LINC02984,0.17042777,0.0355,0.0803
USO1,0.07256257,0.0355,0.0804
ERAP1,-0.3268466,0.0347,0.0804
RPS2P32,-0.17891944,0.0355,0.0804
YJU2B,-0.2118259,0.0347,0.0804
AQP6,-0.5769406,0.0348,0.0805
RWDD2A,-0.09284461,0.0356,0.0805
LOC105378287,0.4093506,0.0356,0.0805
LOC105372864,0.31109442,0.0356,0.0805
PPIAP30,0.17686458,0.0356,0.0805
PLEKHG7,-0.13580982,0.0356,0.0805
NTN3,-0.29073101,0.0356,0.0806
SAYSD1,-0.06730706,0.0356,0.0806
FRMD3-AS1,-0.18041054,0.0356,0.0806
GAPDHS,0.09927953,0.0356,0.0806
ZNF211,0.10361629,0.0356,0.0806
SDR39U1,0.06073791,0.0356,0.0806
GAS2L1,0.15567484,0.0357,0.0806
RHOT2,0.11498422,0.0356,0.0806
SNORD9,0.16981139,0.0357,0.0807
KYAT3,-0.1410838,0.0349,0.0807
MGMT,0.2226993,0.0349,0.0807
CHAF1A,0.10228175,0.0357,0.0807
SYCP3,0.1288057,0.0357,0.0807
GMPS,0.05071452,0.0357,0.0807
EFCAB10,0.09280178,0.0357,0.0808
ATP12A,-1.226131,0.0349,0.0808
MBD4,0.1175044,0.0349,0.0808
ANKRD30BP3,0.51106125,0.0358,0.0809
DEF8,0.2581908,0.035,0.0809
BMP2,0.2941376,0.0351,0.0809
LOC105378571,0.31197989,0.0358,0.0809
PDCD2,0.06522962,0.0358,0.0809
HEATR3,-0.09849202,0.0358,0.081
RCC1,-0.10896091,0.0359,0.081
MKLN1,0.06468801,0.0359,0.0811
PICSAR,0.19601013,0.0359,0.0811
MED8,-0.1317592,0.0352,0.0812
LOC105377347,-0.09407413,0.036,0.0812
SERHL2,-1.3503464,0.0352,0.0812
KDM7A,-0.2707971,0.0352,0.0812
GPR22,0.10563757,0.036,0.0813
E4F1,0.10226435,0.036,0.0813
LOC107984679,-0.18697187,0.036,0.0813
ZXDA,0.720737,0.0353,0.0813
PRELID3B,-0.3632945,0.0353,0.0813
DHX8,0.1336951,0.0352,0.0813
HABP4,0.08604019,0.0361,0.0814
ZNF133,0.05825259,0.0361,0.0814
LOC107985872,-0.28130864,0.0361,0.0814
ARID4A,0.06832578,0.0362,0.0815
LOC105376436,0.21907951,0.0362,0.0815
RAB5C-AS1,-0.14272841,0.0362,0.0816
MIR12136,0.1929041,0.0362,0.0816
LOC105369696,0.25258444,0.0362,0.0817
WSCD1,0.16980632,0.0363,0.0817
TULP2,-0.29042079,0.0362,0.0817
KDM2A,0.1290294,0.0355,0.0817
CCNH,0.0698204,0.0363,0.0818
OR2A7,0.35871096,0.0363,0.0818
LOC105369477,0.10025725,0.0363,0.0818
LOC105374838,-0.12623027,0.0363,0.0819
LOC101929230,0.26962798,0.0365,0.0821
VTN,-0.18380426,0.0364,0.0821
TFDP3,-0.8262297,0.0357,0.0821
LOC107986246,0.14099384,0.0365,0.0822
MYBPC3,-0.23678304,0.0365,0.0822
PITHD1,0.05808637,0.0365,0.0822
SLC24A3,-0.11924999,0.0365,0.0822
TRIP6,-0.2156454,0.0358,0.0823
MIR141,0.23321182,0.0366,0.0823
CXCL8,1.1368083,0.0358,0.0823
SNHG15,-0.1239792,0.0366,0.0823
ZDHHC6,-0.1965647,0.0358,0.0823
IFNW1,-1.061552,0.0358,0.0823
TBC1D3B,0.16310881,0.0366,0.0823
ITPKC,0.11010128,0.0366,0.0824
TNRC6C-AS1,-0.15058496,0.0366,0.0824
SLC35F3-AS1,-0.25034967,0.0367,0.0825
LOC107987249,0.23319241,0.0367,0.0825
SLC13A5,0.2733369,0.0367,0.0825
SNORD113-1,-0.30397996,0.0368,0.0826
STAG1,0.06180364,0.0367,0.0826
DRC3,0.0779904,0.0367,0.0826
LIPT1,-0.1875856,0.036,0.0827
ASTL,0.23988763,0.0368,0.0827
LOC101927966,0.27312764,0.0368,0.0827
NUDT5,0.06735298,0.0368,0.0827
CD1C,-0.28610299,0.0369,0.0828
LRRC58,0.05462057,0.0368,0.0828
SNORD32A,-0.13384363,0.0369,0.0828
LIN52,-0.06235965,0.0369,0.0828
LOC101927182,0.28253928,0.0369,0.0828
OTULIN,0.06339378,0.0369,0.0829
CFAP74,0.38050937,0.037,0.083
SMIM10,-0.14545625,0.037,0.083
CCDC91,-0.1499757,0.0362,0.0831
RUNX1T1,-0.13111878,0.037,0.0831
TUBA1C,-0.2713812,0.0363,0.0831
RNPEP,-0.08452303,0.037,0.0831
C22ORF23,0.10898715,0.037,0.0831
DHX9-AS1,-0.12139118,0.0371,0.0832
PRIMPOL,0.06983404,0.0371,0.0832
PRRX2-AS1,0.2470841,0.0371,0.0833
TNFRSF14-AS1,-0.13414237,0.0371,0.0833
HNRNPC,-0.06915732,0.0372,0.0834
SNRNP40,-0.0621535,0.0372,0.0834
RFC5,-0.1618699,0.0364,0.0834
DDX55,0.06292553,0.0372,0.0834
LOC107986555,0.27524188,0.0372,0.0834
LAMP3,-0.30793082,0.0372,0.0835
LINC02615,0.20313809,0.0372,0.0835
SGO2,-0.12074006,0.0373,0.0836
ACSBG1,0.51855373,0.0373,0.0837
MAP3K6,0.2345631,0.0365,0.0837
ZC3H11B,0.07227101,0.0374,0.0837
H3C6,0.20738441,0.0374,0.0838
LOC102724030,0.23340583,0.0374,0.0838
CST8,-0.8768832,0.0366,0.0838
ATP6V1C2,0.12650512,0.0374,0.0838
MAP3K20,-0.07556621,0.0374,0.0838
LINC01673,0.33225139,0.0374,0.0838
CREBL2,-0.1427139,0.0366,0.0838
CTRB2,-1.0028689,0.0366,0.0838
MAST3,0.17290446,0.0374,0.0838
CACNA1F,0.20297546,0.0375,0.0839
CEBPB,0.14371421,0.0375,0.0839
MIR193BHG,0.16548427,0.0374,0.0839
LRRC36,-0.3994461,0.0367,0.0839
NUDT8,0.15246516,0.0375,0.084
KMT2A,0.06152656,0.0375,0.084
MAGI3,0.10233385,0.0375,0.084
SNORA77,0.16802672,0.0375,0.084
SGK2,-1.0325312,0.0368,0.0841
RHBDD3,-0.09058641,0.0376,0.0841
LOC105372803,0.28115925,0.0376,0.0841
LINS1,-0.3347168,0.0369,0.0842
SOBP,-0.15354962,0.0376,0.0842
MLF1,0.14009843,0.0377,0.0843
LOC105375768,0.31402207,0.0378,0.0845
SLC41A3,-0.1791373,0.037,0.0845
GNAO1,-0.741192,0.037,0.0845
LOC107986845,-0.20471053,0.0378,0.0845
LOC105373960,0.58513048,0.0378,0.0845
ARHGEF10L,0.1189791,0.0378,0.0845
ERCC6L2-AS1,0.11732694,0.0378,0.0846
TRAF3IP2,0.04969918,0.0379,0.0846
TDRD6,0.15989635,0.0379,0.0846
MYOM3,0.22777289,0.0378,0.0846
CCDC85B,-0.2718801,0.0372,0.0847
UGDH-AS1,0.08947829,0.0379,0.0847
MIR126,-0.30127234,0.0379,0.0847
OLR1,-0.7521138,0.0371,0.0847
CSK,-0.15620651,0.0379,0.0847
DOLK,-0.07388587,0.038,0.0848
C4ORF33,0.09126257,0.038,0.0849
SLC27A2,-1.1054455,0.0373,0.0849
GNE,-0.10071127,0.038,0.0849
LOC105373985,-0.43616434,0.0381,0.085
LYPD1,-0.19872797,0.0381,0.085
LHX1,1.0507669,0.0373,0.0851
CAPRIN2,0.06181374,0.0381,0.0851
LOC105372275,-0.16489661,0.0381,0.0851
EML6,0.10067369,0.0381,0.0851
SLC12A2-DT,0.08118841,0.0381,0.0851
SLC35F3,-0.226739,0.0381,0.0851
NDC1,-0.1588532,0.0375,0.0853
SPATA22,0.1667248,0.0382,0.0853
LOC112268015,-0.18925872,0.0382,0.0853
MIR200A,0.28834978,0.0382,0.0853
EDC3,-0.2747983,0.0374,0.0853
CHRNA2,-0.6002247,0.0376,0.0854
HLA-DPB2,-0.88235656,0.0383,0.0854
GSTM1,0.5238624,0.0383,0.0854
ERN1,-0.3116101,0.0375,0.0854
SRRM2,0.2627799,0.0375,0.0854
NTS,0.986566,0.0376,0.0854
HSPA9,-0.1579767,0.0376,0.0855
NT5DC4,-0.28489663,0.0383,0.0855
MTRNR2L2,0.32566712,0.0384,0.0856
GPKOW,0.05767653,0.0384,0.0856
ADARB2,1.0246909,0.0377,0.0857
LINC02656,-0.21943283,0.0384,0.0857
LOC105370906,0.32689432,0.0385,0.0858
LOC107986985,0.1253096,0.0385,0.0858
LOC107984992,0.12152041,0.0385,0.0858
BCL2L1-AS1,-0.11363871,0.0386,0.0859
LOC105370826,0.35666518,0.0386,0.0859
ZNF33B,0.09339821,0.0386,0.0859
STX6,-0.05153524,0.0386,0.0859
DHFR,-0.11655386,0.0386,0.086
EML1,-0.1785586,0.0379,0.0861
BCL2,-0.07878502,0.0387,0.0861
LINC00596,0.22579309,0.0386,0.0861
ZC3H11A,0.05085122,0.0387,0.0861
ZNF566,0.06290106,0.0387,0.0862
DNAH17,0.31733627,0.0387,0.0862
MIR365A,0.21339133,0.0387,0.0862
LOC105377623,0.22133086,0.0387,0.0862
LOC105371767,0.47899002,0.0388,0.0862
DSCAML1,0.27625772,0.0388,0.0862
SLX1A-SULT1A3,-0.14527535,0.0387,0.0862
KLK14,-0.37534108,0.0387,0.0862
ST8SIA1,-0.15097873,0.0387,0.0862
CDRT4,0.14050131,0.0388,0.0863
CCAR1,0.0714081,0.0388,0.0863
NDUFAF7,0.05671474,0.0388,0.0863
ABCF2-H2BK1,-0.0794769,0.0388,0.0863
UTP25,0.1377753,0.0381,0.0864
ZNF878,-0.19494897,0.0389,0.0865
LOC107985775,-0.49188124,0.0389,0.0865
NHSL1-AS1,0.1306389,0.0389,0.0865
B3GNT8,0.11997366,0.0389,0.0865
TMEM8B,-0.2449543,0.0381,0.0865
OIP5,0.12270195,0.039,0.0866
GFRA3,-1.1819621,0.0382,0.0867
DEF6,-0.7885162,0.0383,0.0867
RGS5-AS1,0.24994203,0.039,0.0867
YME1L1,0.1019793,0.0382,0.0867
SMR3B,-0.8358239,0.0383,0.0867
NDUFB11,0.1332545,0.0383,0.0867
LOC107984390,0.13181756,0.0391,0.0869
LOC102723686,0.21369757,0.0391,0.0869
CCNB2,-0.13902679,0.0391,0.0869
MED30,0.09792762,0.0391,0.0869
TP53TG1,0.11699167,0.0391,0.0869
LOC105376892,0.23715725,0.0392,0.087
PNPLA6,-0.2378719,0.0384,0.087
DLGAP1,0.19587768,0.0392,0.087
HARBI1,-0.07038974,0.0392,0.087
ECPAS,-0.0938568,0.0385,0.0871
FHIT,-0.2992554,0.0385,0.0871
AGPAT4-IT1,-0.12621444,0.0393,0.0872
TMED5,-0.2623583,0.0385,0.0872
RHOF,0.3987354,0.0385,0.0872
ZNF79,-0.2189121,0.0386,0.0873
METAP1,0.06604834,0.0393,0.0873
GSDMB,0.09552653,0.0394,0.0874
ARHGAP19,0.07589145,0.0394,0.0874
P2RY11,0.09462647,0.0394,0.0874
H2BC7,-0.16517353,0.0394,0.0874
ACP4,0.16605963,0.0394,0.0874
SLC6A17,0.27320764,0.0394,0.0874
UBQLN2,0.1289153,0.0387,0.0875
PTGES2,-0.4854562,0.0387,0.0875
LCNL1,-0.32104563,0.0394,0.0875
SNN,-0.10188466,0.0394,0.0875
TFEB,0.13233682,0.0395,0.0876
ASAP3,0.07648409,0.0395,0.0876
RAB37,-0.18157626,0.0395,0.0877
LOC105373848,0.2174677,0.0395,0.0877
ZNF529-AS1,-0.08037815,0.0396,0.0877
ALCAM,0.17635917,0.0396,0.0877
LOC107987374,0.27743058,0.0396,0.0877
COX7A2,0.1586356,0.0388,0.0877
SNORA21B,-0.15982761,0.0396,0.0878
RPS27L,0.1559907,0.0389,0.0878
LOC107984499,-0.34334974,0.0396,0.0879
FZD6,0.1927912,0.039,0.088
LOC105372546,0.21327249,0.0397,0.088
PSMD11,0.1925929,0.039,0.0881
PDIA2,-0.8612961,0.039,0.0881
LINC03015,0.23544719,0.0398,0.0881
LOC100507387,0.51678188,0.0398,0.0881
CEACAM16-AS1,-0.32096241,0.0398,0.0882
TCF4-AS1,-0.14872758,0.0398,0.0882
UBIAD1,-0.84905,0.0391,0.0883
ZNF585B,-0.07590582,0.0399,0.0883
STARD10,0.09024097,0.0399,0.0883
LOC107986113,-0.22511759,0.0399,0.0883
PEX12,-0.1281929,0.0391,0.0883
LOC105372071,0.2316938,0.0399,0.0883
FAM27C,0.20855733,0.0399,0.0883
MLC1,0.3110293,0.04,0.0884
GIPC3,-0.27287814,0.0399,0.0884
MED19,0.06559771,0.0399,0.0884
ABCC2,0.15859996,0.04,0.0884
REL,-0.200502,0.0392,0.0884
SLC18A3,0.752619,0.0392,0.0884
HOXB2,-0.20650012,0.0399,0.0884
ECE1,-0.5547416,0.0393,0.0886
RAB36,-0.1414936,0.04,0.0886
FBXO27,0.1721521,0.0401,0.0886
GPR27,-0.3676529,0.0393,0.0886
ADGRG2,-0.5405512,0.0393,0.0886
LCE1E,0.36673151,0.0401,0.0887
WASH8P,0.23577338,0.0401,0.0887
LINC01588,0.13445891,0.0401,0.0887
WNT9B,-0.32744704,0.0401,0.0888
NPHS2,0.74036167,0.0402,0.0888
CTNNA1,0.1183466,0.0394,0.0888
NOG,-0.40094411,0.0402,0.0888
LOC115308161,0.13649605,0.0402,0.0889
SNRPC,0.1492243,0.0395,0.089
LOC105378626,-0.19977284,0.0403,0.089
LOC102724749,-0.32573508,0.0403,0.089
DUSP12,-0.08000459,0.0403,0.089
MARK4,0.1254919,0.0403,0.089
C3ORF70,-0.15144433,0.0404,0.0891
NUDT22,-0.07888677,0.0403,0.0891
LOC105369515,0.30995305,0.0404,0.0891
SGMS2,-0.09588665,0.0404,0.0891
LOC105370594,-0.2207456,0.0403,0.0891
MIR199A2,-0.21587569,0.0403,0.0891
GABRG3,-1.2012308,0.0397,0.0892
SLC66A1L,-0.27166923,0.0404,0.0893
CNTRL,-0.06379171,0.0404,0.0893
RNFT1-DT,0.13570202,0.0404,0.0893
SCAMP1,-0.2087943,0.0398,0.0894
CHST4,-0.5824555,0.0398,0.0894
SPTBN5,-0.3616589,0.0398,0.0894
KCNC4,-1.2028733,0.0398,0.0894
TMED1,0.2162457,0.0398,0.0894
GPR82,0.09433135,0.0405,0.0894
CTAGE15,0.2608073,0.0405,0.0894
LOC105371709,-0.12374877,0.0406,0.0895
LINC01142,-0.28668391,0.0406,0.0895
CFAP91,0.18452306,0.0406,0.0895
SYCE1L,0.11679075,0.0406,0.0895
ANKRD12,0.07633158,0.0406,0.0895
MICA,0.12158773,0.0406,0.0896
TRH,-0.9560782,0.0399,0.0896
LOC105372308,0.1508403,0.0406,0.0896
RN7SL3,-0.12147658,0.0406,0.0896
LOC107986673,0.10788649,0.0407,0.0897
COX6A1,0.10867798,0.0407,0.0897
CASP16P,0.16830221,0.0407,0.0897
NSUN3,0.0630545,0.0407,0.0898
ITGB3BP,0.12871337,0.0407,0.0898
FCHSD1,0.14013402,0.0407,0.0898
ZNF559-ZNF177,0.12653871,0.0407,0.0898
PSG4,0.53920879,0.0408,0.09
GTF2F1,-0.1782909,0.0401,0.09
STARD4,-0.18205715,0.041,0.0902
H4C6,0.13996068,0.041,0.0902
MIR570,0.22914217,0.041,0.0902
NBPF25P,0.06468039,0.041,0.0903
PLEKHM3,0.05355359,0.041,0.0903
DGCR6L,0.07632563,0.041,0.0903
PIPOX,-0.3418045,0.0402,0.0903
MIR4257,-0.21268181,0.041,0.0903
ACSM5,-0.26167538,0.041,0.0903
CSPG4,-0.20686998,0.041,0.0903
SHOX,-0.48977274,0.0411,0.0904
PSME3IP1,0.1965825,0.0403,0.0904
ZMYND11,-0.2134903,0.0404,0.0905
KCNQ1DN,-1.0245793,0.0403,0.0905
CXCR6,0.0804363,0.0411,0.0905
BAG6,-0.1150737,0.0404,0.0905
LOC107985895,0.17354812,0.0411,0.0905
ANXA4,0.07333824,0.0411,0.0905
THADA,0.1329601,0.0404,0.0905
GRIA2,-1.4466497,0.0404,0.0905
RTCA,-0.1702193,0.0405,0.0906
LCE1D,0.46557278,0.0412,0.0906
GCOM1,-0.07406384,0.0412,0.0906
SGSM2,0.2624869,0.0405,0.0906
ITPRIPL2,-0.10067058,0.0412,0.0906
CDK18,-0.15818611,0.0412,0.0906
BPNT1,0.07148694,0.0413,0.0907
TRNAU1AP,0.05836413,0.0413,0.0907
CBX7,0.13793671,0.0412,0.0907
LOC112268445,0.1778991,0.0413,0.0908
LOC283045,-0.39168506,0.0413,0.0908
FANK1,0.09720923,0.0413,0.0908
FAM50A,-0.08636973,0.0413,0.0908
ETNK2,0.18211356,0.0413,0.0908
CYP2A6,0.22672072,0.0413,0.0908
PNLIPRP2,-1.2376691,0.0406,0.0909
SLX1B-SULT1A4,-0.14058498,0.0414,0.091
OSTF1,0.2094579,0.0407,0.091
MAN2C1,-0.349256,0.0407,0.091
TARS2,-0.3086192,0.0407,0.091
ARNT2,-0.324056,0.0407,0.091
LY9,-1.1508191,0.0407,0.091
USP27X,0.10613414,0.0414,0.091
MAOA,-0.3510431,0.0408,0.0911
SH3GL1,0.18303,0.0408,0.0911
SMG7-AS1,-1.2074007,0.0408,0.0911
LRRK1,0.2952624,0.0408,0.0911
WDFY3-AS2,0.12502448,0.0415,0.0911
PAEP,-1.1333582,0.0409,0.0912
LOC374443,-0.11003204,0.0415,0.0912
C1ORF131,0.09084971,0.0416,0.0913
RIGI,-0.18615812,0.0416,0.0913
ATRNL1,0.9929516,0.041,0.0915
UBE2L3,-0.1638804,0.041,0.0915
AFDN-DT,0.18483897,0.0417,0.0915
TMEM97,-0.7108219,0.041,0.0915
THUMPD2,0.2940386,0.041,0.0915
MTMR14,-0.1891352,0.0411,0.0915
MAP2K3,-0.1581357,0.0411,0.0916
ZFC3H1,0.06150175,0.0418,0.0916
AP2S1,-0.2280204,0.0411,0.0916
NGRN,-0.04583205,0.0417,0.0916
LOC107986699,0.10634675,0.0417,0.0916
LOC112268190,0.12747109,0.0417,0.0916
LOC100131257,0.30881042,0.0418,0.0917
RERGL,-0.35271809,0.0418,0.0917
PACSIN1,-0.34636314,0.0419,0.0918
SNX15,0.09811153,0.0418,0.0918
MRPS16,0.1688372,0.0412,0.0918
MLNR,-0.9149623,0.0412,0.0918
LOC112267947,-0.18268919,0.0419,0.0919
PITX1,-1.1371941,0.0413,0.0919
PDCD10,0.125501,0.0413,0.0919
MSRB3-AS1,-0.2131187,0.0419,0.0919
RPL32P3,0.07106499,0.0419,0.092
YIF1B,0.09857477,0.042,0.0921
LOC105371566,0.11310975,0.042,0.0921
MTERF4,0.1644853,0.0415,0.0922
INTS14,0.1865838,0.0415,0.0922
EIF1,0.1442899,0.0415,0.0922
IGLV5-52,0.11013521,0.0421,0.0923
CCDC26,-0.37658669,0.0422,0.0923
NOX1,0.28929834,0.0421,0.0923
SLC13A3,0.10208651,0.0421,0.0923
LOC101929823,0.11994069,0.0421,0.0923
CNEP1R1,0.07097527,0.0422,0.0923
AKAP5,-0.98961,0.0416,0.0923
VAPB,0.1727196,0.0416,0.0923
TRIM39-RPP21,0.06305427,0.0421,0.0923
PHF14,-0.3439378,0.0415,0.0923
FA2H,-0.8650095,0.0416,0.0923
CASKIN1,0.14566482,0.0421,0.0923
TRNH,-0.20587123,0.0422,0.0924
LOC105373429,-0.27542341,0.0422,0.0924
CRLF3,0.06199343,0.0422,0.0925
ANKRD24,-0.23722749,0.0423,0.0926
C6ORF89,-0.04193185,0.0423,0.0927
ODAD3,0.10606961,0.0423,0.0927
LOC105374111,0.39114616,0.0424,0.0928
ELOVL5,-0.7456431,0.0419,0.0929
ACOX3,-0.1728314,0.0419,0.0929
SMIM30,-0.10554226,0.0425,0.093
ZG16B,-0.2717443,0.0425,0.0931
CDRT3,0.14742867,0.0425,0.0931
ELP6,-0.05173545,0.0426,0.0931
MUL1,-0.06994406,0.0426,0.0932
IL13RA2,-0.39117514,0.0426,0.0932
LOC102724734,0.2415864,0.0426,0.0932
TNFRSF13B,-0.6595448,0.0421,0.0933
NWD1,0.34159761,0.0427,0.0933
AATF,0.07071062,0.0427,0.0934
SLC1A3-AS1,-0.30120823,0.0427,0.0934
SLC5A2,0.08444159,0.0427,0.0934
LOC105372503,0.25206429,0.0427,0.0934
FAM111B,-0.17528684,0.0427,0.0934
LOC105379012,0.25727183,0.0427,0.0934
GUCY1B2,1.1752555,0.0422,0.0934
RNF126P1,-0.367527,0.0422,0.0935
IMP3,0.1761786,0.0423,0.0936
SHISA4,-0.14084516,0.0428,0.0936
BARD1,0.3447097,0.0423,0.0936
FAM50B,0.2154693,0.0423,0.0936
PMS2P3,0.06409355,0.0429,0.0937
SCAF8,0.1236524,0.0424,0.0937
SPOCK3,-1.2018799,0.0424,0.0937
REXO4,0.1986898,0.0424,0.0937
HIVEP3,0.5177417,0.0424,0.0937
LIMS1-AS1,-0.15939837,0.0429,0.0937
SLX1B,-0.14538469,0.0431,0.094
CBX3,0.1673966,0.0426,0.094
C1QTNF12,0.27446434,0.043,0.094
MTMR7,0.08121043,0.0431,0.094
NHERF2,-1.0901808,0.0426,0.0941
RAB40B,0.09712798,0.0431,0.0941
LINC01023,0.16815666,0.0431,0.0941
SNHG17,-0.3640636,0.0426,0.0941
KDM4C,0.0621438,0.0431,0.0941
HAUS8,-0.11177703,0.0431,0.0941
CPLX3,-1.0148949,0.0426,0.0941
PCDH1,-0.2681055,0.0427,0.0942
IGLON5,0.2234221,0.0432,0.0942
LOC105374889,0.19189523,0.0432,0.0942
LOC105376722,0.15951214,0.0432,0.0943
PPP1R15B,-0.04798127,0.0432,0.0943
HADH,-0.1933418,0.0427,0.0943
HELZ-AS1,-0.17151563,0.0432,0.0943
HLX,0.4923397,0.0428,0.0944
TSPY26P,-0.18256045,0.0433,0.0945
APPBP2,0.1262622,0.0429,0.0945
SORL1,-0.3026751,0.0429,0.0945
PRPSAP2,0.1329999,0.0428,0.0945
HHAT,0.261028,0.0429,0.0945
LOC102723576,-0.31440667,0.0433,0.0945
RNF8,0.1560674,0.0428,0.0945
CASP3,0.2239541,0.0429,0.0945
ARHGAP29,0.10751384,0.0434,0.0946
WWC1,0.14461945,0.0434,0.0946
VWC2,0.24042773,0.0434,0.0946
UGT1A7,-0.3109758,0.0435,0.0947
ALDH3B1,-0.4867727,0.043,0.0947
AZIN1,-0.1292258,0.043,0.0947
C17ORF107,0.17544083,0.0435,0.0947
NXPE4,0.23731879,0.0435,0.0948
SPAM1,-1.0578672,0.0431,0.0948
MMP26,-1.179391,0.0431,0.0948
TMEM109,0.166641,0.043,0.0948
PIGC,0.09971035,0.0436,0.095
MEGF6,-0.17826269,0.0437,0.0951
CLK4,0.07913496,0.0437,0.0951
METTL8,0.09620931,0.0437,0.0951
LOC107986970,0.20488065,0.0437,0.0951
CTAGE4,0.27909614,0.0437,0.0951
SNRNP27,-0.0527671,0.0437,0.0951
OCA2,0.3379312,0.0432,0.0951
STK10,-0.10950277,0.0437,0.0951
LAPTM4A,-0.07831472,0.0437,0.0952
APTX,0.05329626,0.0437,0.0952
SNORA33,0.12431267,0.0437,0.0952
KLF15,-0.8991872,0.0433,0.0953
KIF2C,0.2553996,0.0434,0.0954
LINC01232,-0.19507528,0.0438,0.0954
SNORD148,-0.22197047,0.0439,0.0955
TOE1,0.2040166,0.0435,0.0955
LOC105370276,0.19559629,0.0439,0.0955
LOC101929347,-0.13205776,0.0439,0.0955
ADAT2,0.07835137,0.0439,0.0955
TNFRSF11A,0.2776896,0.0435,0.0956
CRLF1,-0.2747909,0.044,0.0956
GTPBP4,-0.08652464,0.0439,0.0956
CHRM1,0.283229,0.044,0.0957
HYCC2,0.07738813,0.044,0.0957
LAMTOR5-AS1,0.2182792,0.044,0.0957
ZNF717,0.0805968,0.0441,0.0958
SNORD128,0.2232132,0.0441,0.0959
WDR76,0.10029387,0.0441,0.0959
STPG3,0.20054191,0.0441,0.0959
TECR,0.10563708,0.0441,0.0959
LOC112268227,0.15953214,0.0441,0.0959
NPIPA5,0.08065797,0.0442,0.096
H2AC19,-0.10703234,0.0443,0.0961
RAMAC,0.0889475,0.0443,0.0961
CCDC62,0.12412886,0.0443,0.0961
SBF2,0.05592928,0.0442,0.0961
AKR7A2,-0.1387339,0.0438,0.0961
LOC90246,-0.20863418,0.0443,0.0961
SLC16A7,0.13839958,0.0443,0.0961
OVCH1,-0.33807582,0.0442,0.0961
SF3A1,0.1215557,0.0438,0.0962
MROH2A,0.29219465,0.0444,0.0963
BPIFA1,-0.9899227,0.0439,0.0963
FOSB,1.1560585,0.044,0.0964
C19ORF18,0.13644917,0.0444,0.0964
TP53BP2,0.05257718,0.0444,0.0964
LOC107986473,0.45686365,0.0444,0.0964
ALX3,-1.1005881,0.0441,0.0965
LOC102724120,-0.14747174,0.0445,0.0966
PLEKHH2,0.11376474,0.0446,0.0966
ZNF207,0.05896617,0.0445,0.0966
SLC5A1,0.2446572,0.0442,0.0967
PSD,0.8977881,0.0441,0.0967
TELO2,0.2060782,0.0442,0.0968
DDB1,0.04254665,0.0446,0.0968
LOC107984139,-0.16132777,0.0446,0.0968
SRRD,0.1986998,0.0442,0.0968
SNAI2,-0.08673669,0.0447,0.0969
TERT,1.0949523,0.0443,0.0969
C20ORF96,-0.20502454,0.0447,0.0969
LOC102723436,-0.26450181,0.0447,0.0969
LOC107985768,0.09924213,0.0447,0.0969
KIF23,-0.13644322,0.0447,0.0969
CALY,-1.2765814,0.0443,0.0969
ACTL6A,-0.2231666,0.0443,0.097
LOC107984016,-0.18324274,0.0448,0.0971
PFAS,0.209178,0.0444,0.0971
ASXL2,-0.04847244,0.0448,0.0971
LOC105377308,0.1854823,0.0449,0.0972
RAG1,-0.9265834,0.0445,0.0972
WDR75,0.07326932,0.0448,0.0972
LAX1,-0.22731611,0.0449,0.0972
ABHD17A,0.11555034,0.0449,0.0973
ATP6AP1-DT,-0.19151104,0.045,0.0974
UBE2D4,0.1094932,0.0446,0.0974
TPRXL,0.22208983,0.045,0.0974
PCDHGA10,0.09195428,0.045,0.0975
LOC105370921,0.53192446,0.045,0.0975
MIR378H,0.19595616,0.045,0.0975
CELF1,-0.0288823,0.045,0.0975
CHMP2A,0.1198852,0.0446,0.0975
PPIL4,0.05797586,0.0451,0.0976
TRAPPC6B,0.06820528,0.0451,0.0976
C17ORF49,-0.07740124,0.0451,0.0976
PDHA1,-0.3260124,0.0447,0.0977
LOC107985939,-0.14367324,0.0452,0.0978
ATP10D,0.09064735,0.0452,0.0979
SCGB1D1,-1.2941866,0.0448,0.0979
CAMTA1,0.2244782,0.0449,0.0979
CDIP1,-0.09104054,0.0453,0.0979
LINC00504,0.20372682,0.0453,0.0979
KIF5B,-0.2359801,0.0448,0.0979
LOC107984990,-0.17256769,0.0453,0.0979
PPID,0.07877732,0.0453,0.0979
TMCO1,0.087506,0.0449,0.098
ZNF888,0.08632177,0.0454,0.0981
PRKAR2A,-0.04406732,0.0454,0.0981
MTBP,0.08230133,0.0454,0.0981
MED14,-0.1861573,0.045,0.0982
DYNLT2,0.09622996,0.0454,0.0982
LOC107985784,0.1254753,0.0455,0.0982
LOC101928592,-0.17250914,0.0454,0.0982
LOC107984214,0.10741901,0.0455,0.0982
LOC105373269,0.12259131,0.0455,0.0983
IRF4,-0.3422705,0.0451,0.0984
LOC105376205,0.25787517,0.0456,0.0985
DUXB,0.18164023,0.0456,0.0985
TTC21A,-0.09038604,0.0456,0.0985
GUCA2A,-0.8496501,0.0452,0.0986
FEM1C,-0.05562755,0.0457,0.0987
CDK11B,0.09296311,0.0457,0.0987
LOC112267993,0.310893,0.0457,0.0987
LOC105370443,-0.27818947,0.0458,0.0988
PCDHB17P,0.22705381,0.0458,0.0988
SATL1,0.09234117,0.0458,0.0988
GPX5,-0.9273491,0.0456,0.0992
TCEAL9,-0.14604735,0.046,0.0992
GNPNAT1,-0.07161519,0.046,0.0992
SETMAR,-0.1816516,0.0455,0.0992
ACHE,-0.23430785,0.046,0.0992
G6PC2,-0.3997894,0.0455,0.0992
DNAJC21,0.06237696,0.0461,0.0993
AKAP8,0.05405862,0.0461,0.0993
RGSL1,-1.0366844,0.0456,0.0993
PROX2,0.08399136,0.0461,0.0993
SNORA50A,0.12442259,0.0461,0.0994
MYBPHL,-0.1809999,0.0461,0.0994
GDF11,-0.5258061,0.0457,0.0994
SMYD3-AS1,0.1073321,0.0462,0.0995
TTLL7,-0.7750991,0.0457,0.0995
MYOT,-0.13737815,0.0462,0.0995
EAF1,-0.09010043,0.0462,0.0996
BNIP5,0.24136145,0.0463,0.0996
NQO1,-0.19195028,0.0463,0.0996
SNX29,-0.06602678,0.0462,0.0996
EP400P1,-0.13241012,0.0463,0.0996
ZNF177,0.13786447,0.0463,0.0997
NEUROD4,-0.7242513,0.0458,0.0997
FKBPL,-0.2051898,0.0459,0.0998
MCM10,-0.17566115,0.0464,0.0998
SNRPA1,0.11218398,0.0464,0.0998
MIR920,0.20657467,0.0463,0.0998
LOC107986640,0.42160061,0.0464,0.0999
LOC101929555,0.24861132,0.0464,0.0999
LOC107986575,0.31867353,0.0464,0.0999
BACH1-IT3,-0.19153213,0.0464,0.0999
TNFSF9,-0.637132,0.0462,0.1
LOC107984659,0.07655883,0.0466,0.1
PTCH2,-0.22683756,0.0466,0.1
SYNCRIP,0.1221045,0.046,0.1
LOC105378378,-0.45763663,0.0466,0.1
ATF1,0.1368504,0.046,0.1
TMX2,-0.05856528,0.0466,0.1
PLPPR2,-0.2427393,0.0461,0.1
GATD1-DT,0.14482682,0.0467,0.1
PAX3,-0.6547882,0.0463,0.1
MASP1,-0.4793493,0.0461,0.1
LRP2BP,0.07793636,0.0466,0.1
MKRN3,0.64623021,0.0465,0.1
XRCC1,0.07248598,0.0465,0.1
FSTL4,0.20282688,0.0467,0.1
INSL6,1.2507774,0.0461,0.1
FANCC,0.2328329,0.0461,0.1
CCDC180,0.13871937,0.0467,0.1
ZNF672,0.1279351,0.0462,0.1
ACTL10,0.17608901,0.0466,0.1
LOC105374229,0.4007925,0.0466,0.1
LOC107987102,-0.13719772,0.0465,0.1
PHF10,0.2535458,0.0464,0.101
FXYD6,-0.3185269,0.0468,0.101
LOC105369333,0.25865518,0.0472,0.101
HDHD5,0.1148492,0.0467,0.101
SERPINC1,-0.8068805,0.0467,0.101
F5,-0.5619999,0.0464,0.101
IGSF9B,0.17580772,0.0472,0.101
TIMM17A,-0.1366669,0.0466,0.101
LOC105377407,0.2565009,0.047,0.101
SCNN1G,0.24372255,0.0473,0.101
ZNF788P,-0.17092468,0.0473,0.101
PRIMA1,0.22874243,0.0471,0.101
ANO10,0.08053974,0.0471,0.101
NUDT4P2,-0.07795128,0.0472,0.101
LOC107985720,0.13731444,0.0468,0.101
SNORD10,-0.1335504,0.047,0.101
EPHA2,-0.15217304,0.0468,0.101
LOC107984200,-0.12695347,0.0468,0.101
PALLD-AS1,-0.28580454,0.047,0.101
UGT1A6,0.21694219,0.0468,0.101
C1QTNF9,-0.20790255,0.047,0.101
STS,-0.3595463,0.0464,0.101
CFAP300,0.15350398,0.0468,0.101
LINC03065,0.14828184,0.047,0.101
LOC105378077,-0.15196249,0.047,0.101
ZNF134,-0.1994779,0.0472,0.102
OVOL3,-0.5441933,0.047,0.102
FCGBP,0.30445216,0.0474,0.102
TNKS2,0.05762454,0.0474,0.102
MIR3975,0.2177137,0.0477,0.102
ECE2,-0.6307989,0.047,0.102
TNNI3,0.5002637,0.0473,0.102
LOC101927864,0.12745099,0.0477,0.102
CEACAM7,-0.4456146,0.0472,0.102
USP34,0.04603953,0.0474,0.102
ABCF2,-0.07095506,0.0477,0.102
HDLBP-AS1,-0.05888519,0.0476,0.102
MID1,-0.09347486,0.0478,0.102
CHEK2,-0.11351988,0.0473,0.102
LOC102724019,0.20055881,0.0474,0.102
LOC107986454,-0.23472295,0.0474,0.102
LINC02893,0.2109731,0.0474,0.102
LOC105378577,0.40039232,0.0476,0.102
LOC105375366,0.22920883,0.0476,0.102
TRAPPC14,0.09886269,0.0475,0.102
AIPL1,0.9236402,0.0473,0.102
ZNF518A,-0.2499826,0.0473,0.102
IMP4,0.1532314,0.0476,0.103
LAMP1,-0.157556,0.0476,0.103
DNTT,-0.812469,0.0477,0.103
ARIH1,0.1366392,0.0477,0.103
LOC105379096,0.10971905,0.048,0.103
MTSS2,-0.12907217,0.048,0.103
TES,0.2012362,0.0478,0.103
ZNF10,0.08775586,0.0481,0.103
IRGQ,0.1061868,0.0478,0.103
YY1AP1,0.130824,0.0479,0.103
NRAS,-0.2171699,0.0477,0.103
RRH,0.15930558,0.0479,0.103
PKP4-AS1,-0.08336968,0.0479,0.103
ENDOG,0.2325604,0.0478,0.103
LOC105370513,0.28305454,0.0482,0.103
KYAT1,0.12242367,0.048,0.103
MMP10,1.390833,0.0477,0.103
LOC107986069,-0.12222786,0.0484,0.103
DUSP16,0.13198053,0.048,0.103
NAA25,0.06686504,0.0481,0.103
LOC105372862,0.17107548,0.048,0.103
FAM200C,0.10550867,0.0483,0.103
ITCH,0.05524723,0.0483,0.103
RFX3-DT,0.18969184,0.0484,0.103
LOC100132249,0.2282789,0.0481,0.103
THBS2-AS1,-0.28252388,0.048,0.103
LOC105369725,-0.22675111,0.0482,0.103
LOC107985980,-0.17875565,0.0481,0.103
SEBOX,-0.20357466,0.0482,0.103
ATF7IP,0.05535885,0.0482,0.103
ZFP36,-0.15441976,0.048,0.103
RRN3P2,-0.10859198,0.0484,0.103
PYCARD-AS1,0.14348259,0.049,0.104
EDNRB,-0.15344068,0.0485,0.104
LMO3,-0.8473372,0.0484,0.104
TRI-AAT4-1,0.21693909,0.049,0.104
CDC20,0.3521292,0.0483,0.104
ZNF131,0.06513067,0.0487,0.104
MIR429,0.25978247,0.0488,0.104
LOC107986755,0.1997724,0.0489,0.104
TMEM220,0.07139751,0.0488,0.104
AIRE,0.27687414,0.0487,0.104
CZ1P-ASNS,0.11760696,0.0486,0.104
CNTF,-0.11561502,0.0486,0.104
LOC107985369,0.30258496,0.0489,0.104
LOC105372579,0.19099221,0.0491,0.104
TRIB3,0.15096868,0.0489,0.104
TSL,0.09531873,0.0486,0.104
CPEB2-DT,0.17628512,0.0487,0.104
LRFN3,0.2405409,0.0484,0.104
MAPK8IP2,-0.5088282,0.0484,0.104
PARP10,-0.16997468,0.0486,0.104
SLC16A12,0.25230919,0.0485,0.104
LOC107984014,0.28663734,0.0485,0.104
R3HDM4,-0.09721459,0.0486,0.104
LOC107985373,0.15946905,0.049,0.104
ELOF1,0.06325279,0.049,0.104
CPLANE1,-0.3839614,0.0482,0.104
ITPKA,0.7368863,0.0486,0.104
TAF12,0.1944216,0.0485,0.104
CAND1,0.05801425,0.0486,0.104
LOC105375142,-0.18313435,0.049,0.104
SDHAF3,0.10613832,0.0486,0.104
AGAP12P,0.2092841,0.0489,0.104
LOC105375947,0.2833578,0.0485,0.104
MGC16275,0.09296221,0.0488,0.104
LOC105375079,0.17602322,0.0486,0.104
LOC105378146,0.31622582,0.0495,0.105
MAML2,0.07832696,0.0494,0.105
UPK3B,0.21932259,0.0496,0.105
ACTC1,0.7099952,0.049,0.105
LOC107986487,0.52917065,0.0495,0.105
GUCD1,-0.05892212,0.0494,0.105
SLC35F4,0.27172766,0.0493,0.105
TMX2-CTNND1,0.0538069,0.0491,0.105
LOC105377101,0.16079418,0.0493,0.105
ATG101,0.1917115,0.0491,0.105
IKZF4,-0.6516777,0.0489,0.105
CEP57,0.06549719,0.0496,0.105
ZDHHC23,0.10065222,0.0496,0.105
TMEM192,0.06328469,0.0493,0.105
BACE1-AS,-0.11587956,0.0492,0.105
MAP2K7,-0.5906319,0.0491,0.105
SMCR8,-0.06145759,0.0492,0.105
ARHGDIG,-0.6941911,0.0488,0.105
LOC100310756,-0.17906401,0.0491,0.105
FASTK,-0.1443874,0.0487,0.105
MED15,-0.10888925,0.0495,0.105
CAPN10-DT,0.10154211,0.0494,0.105
LRR1,-0.08726578,0.0493,0.105
LOC105373284,-0.19839099,0.0491,0.105
ATP5MGL,0.16000027,0.0502,0.106
SYCP2L,0.17152286,0.0498,0.106
LCA5L,0.16349993,0.0498,0.106
PUS7L,0.06900283,0.0499,0.106
EIF5B,-0.1049949,0.0493,0.106
SLC37A3,-0.08510853,0.0499,0.106
LOC101929586,-0.26229553,0.0497,0.106
EIF1AX,0.12793526,0.05,0.106
ZBTB40,0.05914254,0.0502,0.106
PES1,-0.229418,0.0493,0.106
PPWD1,0.06577569,0.05,0.106
PRMT5-AS1,-0.06407795,0.05,0.106
C4ORF47,0.11023253,0.05,0.106
NKAPD1,0.0597615,0.0497,0.106
SUFU,-0.11263845,0.05,0.106
CEACAM8,-0.2865003,0.0499,0.106
LINC02847,-0.22826545,0.05,0.106
FKBP1AP1,-0.09996785,0.0497,0.106
LOC112268187,0.21880203,0.0499,0.106
LOC107987375,0.33991292,0.05,0.106
CD27,-0.13247687,0.0498,0.106
ALMS1-IT1,0.11682752,0.0497,0.106
KRT84,-1.3584699,0.0496,0.106
ALOX12,-0.3022936,0.0497,0.106
HMGN3,0.08772053,0.0498,0.106
SPEN,0.1794946,0.0493,0.106
LHB,-0.888025,0.0494,0.106
LOC105372697,-0.31874299,0.0501,0.106
SYNGAP1,-0.15833629,0.0498,0.106
ZFYVE28,-0.14281821,0.0506,0.107
ABCC11,0.08831962,0.0505,0.107
URGCP,0.05188121,0.0508,0.107
LOC112268422,0.07640482,0.0506,0.107
H1-3,-0.15151523,0.0505,0.107
COMMD7,-0.05437613,0.0503,0.107
MIR562,0.21966884,0.0505,0.107
LOC105374090,0.17322175,0.0507,0.107
TYK2,-0.225011,0.0498,0.107
RNF175,0.20907947,0.0504,0.107
DNM1P35,0.2156556,0.0504,0.107
LIMD1-AS1,-0.05918774,0.0503,0.107
ACOX1,0.06382548,0.0506,0.107
CRTC1,-0.15189535,0.0504,0.107
LINC02604,-0.25414835,0.0507,0.107
RASL10A,-0.17835333,0.0506,0.107
BCKDHA,0.09958039,0.0507,0.107
LOC107986151,0.37306125,0.0506,0.107
SRR,0.1726698,0.0503,0.107
COX16,0.07492822,0.0503,0.107
UQCC3,0.06789736,0.0505,0.107
LOC105371934,-0.14761943,0.0505,0.107
CLYBL,0.10386766,0.0503,0.107
CFAP44-AS1,0.11208033,0.0503,0.107
LOC101930053,-0.32966472,0.0508,0.107
LOC105371062,0.26188739,0.0503,0.107
CAMK1G,-0.798477,0.0498,0.107
RWDD2B,0.153793,0.0503,0.107
SLC30A4,-0.9801023,0.0501,0.107
YLPM1,0.1408979,0.0499,0.107
PSMD6-AS2,0.09256961,0.0503,0.107
ABCF1-DT,0.17310406,0.0505,0.107
GSTP1,0.1915838,0.0502,0.107
EVA1A-AS,-0.2493013,0.0507,0.107
RTN4IP1,0.05549055,0.0509,0.108
LOC107985238,-0.14329683,0.0513,0.108
AGAP3,0.10742518,0.0509,0.108
GCFC2,0.06378785,0.0509,0.108
SLC9A4,0.3349265,0.0514,0.108
NEGR1,-0.16450566,0.0509,0.108
LOC107985077,-0.30741559,0.0512,0.108
NBEA,-0.1499666,0.0511,0.108
LOC107985911,-0.21537636,0.0512,0.108
LOC105379272,0.25455153,0.0513,0.108
C1ORF105,0.11125121,0.0513,0.108
IZUMO4,0.14338294,0.0512,0.108
FSTL5,-0.34346014,0.0509,0.108
LOC107987083,0.24025271,0.0509,0.108
TRIM47,-0.15965577,0.0509,0.108
PCYT1B,-0.6807859,0.0507,0.108
PRSS16,0.20718145,0.0513,0.108
MYL11,0.7792131,0.0506,0.108
PCBP1-AS1,0.06223983,0.0511,0.108
C1ORF174,0.1960994,0.0509,0.108
CMA1,-0.4076557,0.0512,0.109
BCL7A,0.2326503,0.0514,0.109
TOMM40L,-0.06768298,0.0518,0.109
ARL1,0.06330291,0.0515,0.109
LOC644554,0.20369529,0.0516,0.109
BNIP1,-0.08653502,0.0517,0.109
GGPS1,0.09216395,0.0518,0.109
LOC100130987,0.13949678,0.0519,0.109
HOXD11,-0.4374586,0.0514,0.109
CDH3,0.2660948,0.0512,0.109
LOC112267989,0.32855535,0.0518,0.109
LOC105371060,0.21752882,0.0517,0.109
LOC107985936,0.31164047,0.0515,0.109
MIR4712,0.21431139,0.0517,0.109
SVOPL,0.23499637,0.0518,0.109
TLCD2,-0.17923847,0.0515,0.109
LARS1,-0.2567213,0.0512,0.109
DRGX,0.47758052,0.0526,0.11
MSH4,-1.2152485,0.0518,0.11
LOC112268118,-0.11410704,0.0526,0.11
LOC107984826,-0.13921547,0.0525,0.11
TRT-CGT2-1,0.2609262,0.0523,0.11
RPSA2,0.1784419,0.052,0.11
SPTSSA,-0.179202,0.0519,0.11
MIR1972-1,0.22890924,0.0521,0.11
LOC105371723,-0.21387935,0.0521,0.11
CFAP119,0.09989915,0.0526,0.11
PCDHAC2,-0.24000954,0.052,0.11
WEE2-AS1,0.20784927,0.0526,0.11
SLC5A7,-0.8628594,0.0519,0.11
ZNF180,0.1762453,0.052,0.11
MSH6,-0.2232468,0.0516,0.11
PNMA6A,-0.26248043,0.0523,0.11
NUDT4B,-0.07738059,0.0523,0.11
LOC107985892,-0.13515642,0.0523,0.11
C2ORF88,0.08685461,0.0524,0.11
LOC105377994,-0.12574215,0.0523,0.11
COX7B,0.12533564,0.0522,0.11
LOC112268458,0.13412604,0.0521,0.11
C2CD4A,0.36360378,0.0522,0.11
SLC4A1,0.4810616,0.0523,0.11
CBX6,-0.12955227,0.052,0.11
LOC105370583,0.19901634,0.0525,0.11
SNORA29,0.20124802,0.0526,0.11
LINC00939,0.9518899,0.0521,0.11
ARMC12,-0.18915925,0.0526,0.11
MYOSLID,-0.19012941,0.0523,0.11
CRELD1,-0.13729225,0.0526,0.11
METTL21A,-0.08040127,0.0523,0.11
LOC107985002,0.10810146,0.0525,0.11
TMEM141,0.09158181,0.053,0.111
MIR4742,0.14538689,0.0529,0.111
EFCAB13-DT,0.20567904,0.053,0.111
OTUD6B,0.07655911,0.0531,0.111
COG5,0.05600225,0.0529,0.111
ALLC,-0.5453752,0.0522,0.111
CHRND,0.8366652,0.0525,0.111
NUTM2A-AS1,-0.13901683,0.0527,0.111
SLC25A26,0.05366104,0.0527,0.111
COX8A,0.1400334,0.0526,0.111
MOS,-0.9071632,0.0527,0.111
LOC254896,0.8860716,0.0523,0.111
LOC105374310,0.09452626,0.053,0.111
COL9A3,0.8282813,0.0526,0.111
PCDHGB2,0.12245377,0.0529,0.111
LOC101928188,-0.17093038,0.0532,0.111
LINC02937,-0.18231583,0.0528,0.111
DIO3,-0.25548241,0.0529,0.111
AP3B1,-0.05018604,0.0529,0.111
SH3BP5-AS1,-0.06478259,0.0528,0.111
GTF3C3,-0.1217111,0.0524,0.111
SLC7A1,-0.12673321,0.0532,0.111
HSD17B14,-0.16446434,0.0528,0.111
ZNF433-AS1,-0.07392458,0.0532,0.111
PAF1,0.1468087,0.0521,0.111
LOC105369833,0.31254241,0.0538,0.112
NRBP1,-0.04811398,0.0534,0.112
ICA1L,0.09557522,0.0534,0.112
TXLNB,0.13686768,0.0535,0.112
ACP3,0.15327995,0.0533,0.112
CPS1,-0.16988936,0.0533,0.112
GUCY2C,0.22324293,0.0533,0.112
PI16,-0.27880245,0.0538,0.112
DENND3-AS1,-0.21171614,0.0538,0.112
ESD,0.06928716,0.0538,0.112
MTERF1,-0.2309861,0.0527,0.112
LYPD2,0.26817302,0.0538,0.112
UBE3C,-0.04624284,0.0537,0.112
LOC107984023,0.15187828,0.0538,0.112
AGRN,-0.1554978,0.0528,0.112
LOC107986531,0.14047723,0.0537,0.112
SNX29P1,0.09896964,0.0532,0.112
TMF1,-0.2406069,0.0528,0.112
CLEC12A,-0.32795591,0.0538,0.112
USP20,0.08521569,0.0537,0.112
VIRMA,0.05537337,0.0538,0.112
LIG1,0.08630919,0.0532,0.112
LOC105377945,-0.1043151,0.0537,0.112
LRP2,0.45060411,0.0533,0.112
RTKN,0.08759152,0.0534,0.112
BRINP2,0.45678702,0.0534,0.112
PIGX,0.06047251,0.0534,0.112
CCR3,0.2944482,0.0534,0.112
ZNF407-AS1,0.064571,0.0535,0.112
CA9,0.29575435,0.0536,0.112
SPAG5-AS1,-0.05450069,0.0532,0.112
PDK1,-0.4175263,0.0528,0.112
TSPAN6,-0.313474,0.0527,0.112
PDE9A,-0.25553598,0.0535,0.112
CDK8,0.05623995,0.0533,0.112
LOC101929204,-0.11815981,0.0535,0.112
LOC105369250,0.25593909,0.0536,0.112
DNHD1,0.06547148,0.0536,0.112
IRX2-DT,0.12481453,0.0544,0.113
ZNF213-AS1,0.08437583,0.0541,0.113
LOC107986569,0.26003469,0.0542,0.113
VHL,-0.04312442,0.0541,0.113
LOC107986477,-0.12878766,0.0542,0.113
TMEM30B,-0.06999465,0.0539,0.113
UBE2MP1,0.2341321,0.0544,0.113
SUSD2,0.19732952,0.054,0.113
GPR182,-0.12483926,0.054,0.113
CDKN2AIPNL,0.05709328,0.0541,0.113
LINC01372,0.1296155,0.0541,0.113
LOC101927474,0.24321485,0.0544,0.113
GEMIN5,0.05963151,0.0544,0.113
BEND5,0.12596692,0.0543,0.113
CETN1,-0.9959101,0.0537,0.113
DHX34,-0.7288835,0.0537,0.113
HSD11B1,-0.5708701,0.0537,0.113
PDLIM2,0.11490517,0.0539,0.113
RP1,0.34993431,0.0539,0.113
EVI5,0.04967911,0.0541,0.113
PHACTR4,0.06452882,0.0539,0.113
EBF4,-0.16513734,0.0542,0.113
LOC100289230,0.09309848,0.0543,0.113
C8ORF48,-0.14442602,0.0539,0.113
MPL,0.14843856,0.0543,0.113
CRYM-AS1,0.12288123,0.0545,0.113
SLX1A,-0.13541667,0.0544,0.113
LOC101059906,0.12101715,0.055,0.114
TRT-CGT4-1,0.1768704,0.0549,0.114
IFI27L1,-0.09864593,0.0545,0.114
TCP11L1,-0.2314732,0.054,0.114
JMJD7,0.09635115,0.055,0.114
ADAMTSL4,-0.14327224,0.0547,0.114
ZNF132,-0.5850162,0.0539,0.114
H2AC16,-0.5323356,0.0541,0.114
ZNF674,-1.224916,0.0541,0.114
POM121L8P,-0.21620197,0.0546,0.114
C8A,-0.5725745,0.0542,0.114
TSPYL4,-0.1154859,0.0541,0.114
LRP5L,-0.5154967,0.0544,0.114
SLC4A2,-0.4591758,0.054,0.114
SULT1A3,-0.12651322,0.0546,0.114
SELENOK,0.08039106,0.0545,0.114
CNGB3,-0.9808037,0.0538,0.114
TDRKH-AS1,0.22492727,0.0547,0.114
MECR,-0.4638516,0.0538,0.114
LINC02390,-0.27744259,0.0547,0.114
DOCK1,0.05143591,0.0547,0.114
CNIH1,-0.0684552,0.0547,0.114
LINC03007,-0.64358572,0.0549,0.114
MIR6125,0.13041347,0.0547,0.114
SMAD6,-0.18620221,0.0546,0.114
LOC105370935,0.20742871,0.0556,0.115
TRMT5,0.04619604,0.0556,0.115
ARHGAP23,0.15941928,0.0551,0.115
NEK8,0.08721051,0.0554,0.115
IAH1,0.0469645,0.0557,0.115
TCN1,0.48217713,0.0555,0.115
PSMD3,0.07725316,0.0556,0.115
LINC03033,-0.25555397,0.0552,0.115
SUZ12P1,0.056417,0.0553,0.115
LOC105374966,0.09501186,0.0555,0.115
SLC51B,0.15980211,0.0554,0.115
AGAP4,0.06698613,0.0554,0.115
HOXB7,-0.18481893,0.0554,0.115
PDCD11,0.1521923,0.0548,0.115
PIAS2,-0.1866553,0.0548,0.115
DPPA4,1.086033,0.0545,0.115
SLC6A13,0.6811679,0.0546,0.115
LIG4,-0.4122987,0.0545,0.115
DMBT1,-0.4276443,0.0546,0.115
EIF5A,-0.2940768,0.0544,0.115
UFSP2,-0.1149328,0.0544,0.115
RNF26,-0.13915338,0.0553,0.115
PAG1,-0.07131077,0.0553,0.115
CCND2-AS1,-0.11916399,0.0554,0.115
USP39,-0.04301528,0.0552,0.115
LOC105373342,0.09451495,0.0552,0.115
CCDC127,0.06675948,0.0556,0.115
LOC105377887,-0.13819552,0.0555,0.115
DNAH17-AS1,0.39774732,0.0556,0.115
MANEA-DT,0.11069101,0.0555,0.115
PBX4,0.11598013,0.0552,0.115
HMGCLL1,-0.23706609,0.0552,0.115
DCP2,-0.07620503,0.0552,0.115
IPO5P1,0.26233802,0.0551,0.115
PATL1,-0.08410328,0.0551,0.115
DNAJB14,0.07268861,0.0558,0.116
PPIC-AS1,-0.19245214,0.0559,0.116
SLC2A11,0.10455813,0.0557,0.116
POLR1HASP,0.09523588,0.0558,0.116
H2AZ1,0.1261986,0.0551,0.116
FAM72D,0.11780588,0.0559,0.116
LRRC37A6P,0.21478201,0.0558,0.116
SCAT2,-0.12437224,0.056,0.116
KL,-0.14624034,0.056,0.116
LOC107987072,0.11670723,0.0562,0.116
LOC105371618,-0.30989889,0.0561,0.116
LOC102725082,-0.1688399,0.0561,0.116
LOC112268279,-0.20511255,0.0563,0.116
TRAFD1,0.05843787,0.0562,0.116
SPRR1B,-0.36496429,0.0559,0.116
ZNF559,0.1067588,0.0563,0.116
IGHV4-34,-1.2891471,0.0552,0.116
ASPRV1,0.16335695,0.0559,0.116
ZNF471,0.10715788,0.0562,0.116
SNORD116-20,0.18566029,0.0563,0.116
TTC23,-0.1786666,0.0553,0.116
ZNF726,0.25532519,0.0558,0.116
LOC107986027,0.1403688,0.0557,0.116
GIPC1,0.0891171,0.0557,0.116
DENND1B,-0.09142319,0.0559,0.116
MTUS1-DT,0.16903211,0.0561,0.116
ZMIZ1,-0.17097457,0.056,0.116
SMC5-DT,0.13379356,0.0558,0.116
SPATA2L,-0.2336033,0.0554,0.116
SLC46A3,-0.25988,0.0554,0.116
CAD,-0.09916761,0.0562,0.116
BLVRB,0.1669025,0.0555,0.116
SNORA26,0.12220434,0.0562,0.116
INF2,-0.1884252,0.0553,0.116
ZNF587,-0.05088725,0.0557,0.116
LOC107987240,0.2082223,0.056,0.116
ZNF235,0.07088581,0.0559,0.116
ZNF536,0.17132166,0.0559,0.116
LINC01936,-0.31857764,0.0566,0.117
SPATA31F2P,-1.100917,0.056,0.117
PPM1H,-0.3176854,0.0559,0.117
NEFM,1.0505123,0.0558,0.117
PFKM,0.06812802,0.0564,0.117
TNFRSF10A-DT,-0.18590928,0.0564,0.117
SNHG25,0.13770182,0.0569,0.117
AMELY,-1.1913969,0.0556,0.117
KIF5A,-0.8725359,0.056,0.117
STX1B,0.14392311,0.0568,0.117
LOC105378833,-0.12771031,0.0567,0.117
PAX6,0.23808946,0.0568,0.117
RSU1,0.1128976,0.0556,0.117
JAG1,-0.175995,0.0558,0.117
GTPBP2,-0.05459629,0.0565,0.117
NOMO2,-0.07386914,0.0564,0.117
LOC103171574,0.1730125,0.0569,0.117
LOC105373762,-0.15931558,0.0568,0.117
DDX41,-0.05607218,0.0564,0.117
TATDN1,0.06957796,0.0569,0.117
BOD1L1,0.05315526,0.0569,0.117
LOC105379047,0.39599361,0.0567,0.117
GSKIP,0.09780765,0.0566,0.117
NAV2-AS6,-0.13928592,0.0569,0.117
NKAPL,0.19054786,0.057,0.118
LINC01235,-0.31511795,0.057,0.118
RXFP3,-0.6604003,0.0562,0.118
PPP1R26,0.1870958,0.0563,0.118
BNIP2,0.1513485,0.0567,0.118
KCNMB4,0.2090795,0.0567,0.118
LOC107985309,-0.19535702,0.0572,0.118
SDR42E1,0.1229495,0.0571,0.118
PPBP,0.69524437,0.0571,0.118
LOC100129697,-0.28165718,0.0571,0.118
NEK3,-0.07503913,0.057,0.118
WDR45B,0.1206809,0.0563,0.118
TPRG1L,0.06692467,0.0574,0.118
LOC100506358,-1.1073379,0.0565,0.118
NTN4,-0.14065433,0.0573,0.118
TMEM65,0.07430266,0.0572,0.118
MICALL1,0.12602317,0.0571,0.118
CASP1P2,0.24723661,0.057,0.118
LRRC70,-0.10624394,0.0571,0.118
LOC107984026,0.08324446,0.0574,0.118
OSBP2,-0.13555823,0.0581,0.119
SLC9A1,-0.17211675,0.0576,0.119
CCDC39,0.09400493,0.0576,0.119
TTLL10-AS1,0.2774295,0.0575,0.119
ZNF326,0.06722029,0.058,0.119
PRKCH,-0.05721287,0.0578,0.119
AFF3,-0.15289256,0.058,0.119
CARD18,0.37135622,0.0581,0.119
SLC6A17-AS1,0.27298454,0.0576,0.119
C1QL3,0.26102788,0.0576,0.119
PRMT7,0.07149073,0.0576,0.119
CERS5,-0.04216471,0.0577,0.119
DRD1,-0.25029255,0.0579,0.119
CDH26,-0.10736704,0.0577,0.119
TMCC2,-0.3060275,0.0574,0.119
SNORA41,-0.19385887,0.0579,0.119
FRZB,-0.4370538,0.0571,0.119
F2,-0.9178682,0.0569,0.119
MRPL48,0.1749637,0.0573,0.119
OR7A17,-1.0684034,0.0571,0.119
KLF2,0.2574299,0.057,0.119
H2BC14,-0.6255235,0.0572,0.119
LRCH4,-0.2305149,0.0573,0.119
GCN1,-0.1158634,0.0572,0.119
DDC,-1.1267657,0.0568,0.119
ARMC1,0.05071673,0.0579,0.119
PURB,0.04524099,0.0576,0.119
TCF12-DT,0.14275885,0.0575,0.119
LOC105374287,0.31419565,0.0577,0.119
FOXF2,-0.23308051,0.0577,0.119
LINC02443,-0.68737605,0.0577,0.119
LOC107984245,-0.44817563,0.0578,0.119
LOC107986094,0.21191502,0.0579,0.119
GUSBP3,0.11825904,0.0578,0.119
LOC107986992,0.189579,0.0578,0.119
GABPB1,-0.1613095,0.0571,0.119
S1PR2,-0.13629813,0.0579,0.119
NMT1,-0.04441365,0.0582,0.12
ANKRD49,0.07411553,0.0587,0.12
ST7,-0.0634799,0.0582,0.12
SEC11C,0.12549123,0.0587,0.12
LOC105376154,0.15395043,0.0583,0.12
KCTD13-DT,0.1660341,0.0587,0.12
TAF11,0.05542631,0.0586,0.12
LOC105378956,0.43730921,0.0585,0.12
LOC105370780,-0.24989888,0.0587,0.12
CEBPB-AS1,0.14454505,0.0584,0.12
GP2,-0.492318,0.0577,0.12
PI4K2B,0.07969009,0.0587,0.12
UQCRC2,-0.1405412,0.058,0.12
ARMH3,-0.1216834,0.0575,0.12
CCL17,-1.0269808,0.0579,0.12
LOC105378751,0.21292814,0.0584,0.12
LOC105375728,-0.17943524,0.0582,0.12
SNORA54,0.13623551,0.0584,0.12
COX4I1,0.07484197,0.0584,0.12
BCRP3,-0.15784425,0.0587,0.12
DNAH11,0.16081234,0.0589,0.121
DUT-AS1,-0.17653031,0.0593,0.121
LOC105374063,0.12205633,0.0589,0.121
LOC107986597,0.17313294,0.0591,0.121
ERP27,-0.19275844,0.0593,0.121
NDUFB4,0.08864474,0.0589,0.121
CA2,-0.21735703,0.0588,0.121
KPNA6,-0.1180069,0.0581,0.121
SLC35A3,0.1957381,0.0583,0.121
CTB-3M24.3,0.22548439,0.0592,0.121
MDH1,0.1728821,0.0583,0.121
KCNV1,-1.1784231,0.0584,0.121
OR12D2,-0.4185416,0.0586,0.121
LMTK3,0.18842681,0.0592,0.121
VAX2,-0.7332949,0.0581,0.121
SLX4IP,-0.07208168,0.0593,0.121
H3-3A,0.0616835,0.0592,0.121
TMED10P1,0.09536342,0.0592,0.121
SULT1A4,-0.1258467,0.0587,0.121
LOC105447645,0.15881355,0.0593,0.121
LOC105369397,0.33449286,0.0591,0.121
FAM78B,-0.13487089,0.059,0.121
STPG4,-0.1702372,0.059,0.121
MIR214,-0.18577052,0.0588,0.121
UBXN2A,0.04862269,0.0591,0.121
ZFP28,0.08727368,0.0591,0.121
AGR2,-0.5032875,0.0581,0.121
SMC1B,-0.12327945,0.0592,0.121
ACVR2A,0.07119961,0.059,0.121
CHAC2,0.11028675,0.059,0.121
PBDC1,0.10181499,0.0594,0.121
ZNF826P,-0.17098955,0.0597,0.122
LINC02012,0.20508037,0.0596,0.122
LOC105375168,0.19903509,0.0598,0.122
ADCK2,0.07544358,0.0597,0.122
MPP7-DT,0.23624821,0.0596,0.122
GABRA1,-0.9766995,0.0588,0.122
ZNF93,0.1939814,0.0588,0.122
LRRC4C,-0.20125398,0.0598,0.122
LOC107985188,0.09935132,0.0597,0.122
MIR10523,-0.21265483,0.0598,0.122
RGN,-0.4186714,0.0587,0.122
KCNJ14,-0.3227544,0.0588,0.122
DICER1,-0.1924189,0.0588,0.122
MKRN7P,-0.8533743,0.0592,0.122
TM4SF19-AS1,-0.21479074,0.0599,0.122
STRA6,0.6169365,0.0587,0.122
CACNG5,-1.6654847,0.0592,0.122
OR1F2P,-1.0139707,0.0589,0.122
SEZ6L-AS1,0.32608853,0.0598,0.122
LMOD2,0.31441287,0.0599,0.122
TBC1D3P1-DHX40P1,0.06444805,0.0596,0.122
LOC105372269,-0.36329724,0.0599,0.122
ZNF724,0.14559469,0.0599,0.122
RSRC2,0.06786108,0.0599,0.122
ZNF502,0.06953788,0.0597,0.122
PCGF3,0.06412734,0.0596,0.122
BOK-AS1,-0.26084182,0.0598,0.122
SPN,-0.21273731,0.0596,0.122
RGMA,-0.22670977,0.0595,0.122
TTC36,-0.14863705,0.0594,0.122
CAPN2,-0.09457643,0.06,0.123
LOC105370804,0.24143472,0.0605,0.123
SERP1,-0.06019982,0.06,0.123
RHOQ-AS1,-0.11122869,0.06,0.123
OSGIN1,-0.21508169,0.0604,0.123
LOC105376065,0.19389845,0.0601,0.123
STX12,-0.06973093,0.0602,0.123
PPAN-P2RY11,0.08664474,0.0605,0.123
TMEM44-AS1,-0.11401299,0.0605,0.123
SMC2-DT,0.2739765,0.0602,0.123
ANLN,0.19851462,0.0604,0.123
MIR3128,0.18701316,0.0602,0.123
CPLANE2,0.14227648,0.0601,0.123
SAMD4B,-0.12034415,0.0602,0.123
NOC3L,0.07424567,0.0604,0.123
H2BW4P,0.20843674,0.0603,0.123
CHST5,-0.6243924,0.0596,0.123
LOC105372449,0.10659878,0.0602,0.123
LOC100288069,0.11159963,0.0602,0.123
TTI2,0.1872622,0.0597,0.123
METTL13,-0.1152229,0.0597,0.123
FMN2,-0.27024891,0.06,0.123
NEB,-0.17782916,0.0606,0.124
OSCP1,0.08325263,0.0609,0.124
PRMT8,-0.9513388,0.0601,0.124
FBXO17,-0.2037447,0.0602,0.124
LOC107987103,0.18991237,0.0608,0.124
ZBTB8A,-0.08140958,0.0608,0.124
SNORD102,0.11784805,0.0607,0.124
ASAH2B,0.12250562,0.061,0.124
SESN3,-0.10149117,0.0611,0.124
CEP57L1,0.05912255,0.0608,0.124
ALDOB,0.658147,0.0601,0.124
PDE8B,-0.12496024,0.061,0.124
PCDH15,-0.32920773,0.0609,0.124
KANK2,-0.13223274,0.0609,0.124
LOC107984043,-0.11024626,0.0611,0.124
SMARCA5-AS1,-0.07307037,0.0607,0.124
LOC105375541,0.19748224,0.061,0.124
IQCG,-0.07082087,0.0607,0.124
CYP21A1P,0.22470134,0.0609,0.124
GNG3,-0.12961986,0.0609,0.124
KRT4,0.543366,0.0608,0.124
SLC35A5,-0.06809575,0.0611,0.124
RPS2,0.08920145,0.0611,0.124
GOLGA6L17P,0.11896171,0.0609,0.124
LOC107985181,-0.18512408,0.0615,0.125
DCC,-0.9692217,0.0608,0.125
MTERF3,0.1553201,0.0607,0.125
LINC02006,-0.30320189,0.0617,0.125
TET1,0.12801061,0.0617,0.125
SCNN1D,0.13708592,0.0613,0.125
MED4,0.1253396,0.0609,0.125
LAMC1-AS1,-0.14993423,0.0613,0.125
MYO3A,0.3588464,0.0613,0.125
SFXN4,0.13844668,0.0613,0.125
SMIM27,0.0695479,0.0613,0.125
PODNL1,-0.18373316,0.0612,0.125
LPXN,-0.11194817,0.0617,0.125
MIR548E,-0.18515776,0.0618,0.125
TCAP,-0.5260507,0.0605,0.125
LINC02437,0.25720318,0.0614,0.125
SNORA98,-0.23691343,0.0614,0.125
EBP,-0.3259114,0.0608,0.125
SLC13A4,-0.5317067,0.0609,0.125
PDC,-1.0427543,0.0607,0.125
KCNH1,-0.14329084,0.0618,0.125
KLF13,0.0969672,0.0617,0.125
LOC105375220,0.22647233,0.0613,0.125
LINC00710,0.17731337,0.0614,0.125
NSMCE3,-0.05833909,0.0614,0.125
LOC102724055,0.21475558,0.0614,0.125
LRRC43,-0.25517323,0.0616,0.125
GLIS2-AS1,-0.21439221,0.0614,0.125
H2BC5,0.2412088,0.0609,0.125
MCPH1-DT,0.1200803,0.0613,0.125
CARS2,0.1885979,0.0611,0.126
LOC105369914,0.10631821,0.0619,0.126
SCUBE2,0.2504801,0.0614,0.126
NCAPD3,0.2234799,0.0613,0.126
ACSL3-AS1,-0.13523583,0.0619,0.126
LOC102723439,0.1210186,0.062,0.126
LOC107986324,-0.65658525,0.0622,0.126
RAD54L,-0.08773939,0.0624,0.126
DGAT1,-0.10614685,0.062,0.126
RNF168,-0.07378703,0.0623,0.126
FBXO32,-0.13744449,0.0623,0.126
NISCH,0.08422405,0.0621,0.126
CYB561D2,-0.05747309,0.0622,0.126
SREBF2-AS1,0.08766957,0.062,0.126
ETV7,0.13341173,0.0624,0.126
FOXP1-AS1,-0.09839371,0.063,0.127
GSE1,0.08995037,0.0627,0.127
HECW1,-0.7749787,0.062,0.127
LOC105369968,-0.09452299,0.0628,0.127
SLC35A4,-0.09794207,0.0625,0.127
GSDMA,0.16640657,0.0627,0.127
RFPL1,-1.1095937,0.0618,0.127
LOC105371131,0.08633714,0.0624,0.127
RESF1,0.1709028,0.0616,0.127
C9ORF131,0.09395161,0.0628,0.127
H3P6,0.06096568,0.0626,0.127
HOXD3,-0.13112126,0.0627,0.127
USP3-AS1,0.06949274,0.0628,0.127
ANGPTL4,-0.24128023,0.0628,0.127
LOC105377103,0.08846257,0.0628,0.127
SLC25A5-AS1,0.10064473,0.0627,0.127
SNX9-AS1,-0.11139266,0.0624,0.127
LOC105369743,-0.12183111,0.0625,0.127
RMC1,0.1530155,0.0616,0.127
STRBP,0.08591112,0.0628,0.127
EPHX3,-0.1835111,0.0619,0.127
LOC101927511,0.29145149,0.063,0.127
CLDN11,-0.7015295,0.0618,0.127
LOC107984406,-0.21038601,0.0625,0.127
GRAMD4,0.1075257,0.0633,0.128
ZNF513,0.0599788,0.0636,0.128
DLX3,0.18406182,0.0631,0.128
DOC2A,-1.0283813,0.0622,0.128
OR2S2,-1.0470419,0.0623,0.128
CDC42EP2,0.5394596,0.0623,0.128
PRSS53,0.4678054,0.0623,0.128
AP3M2,0.2080156,0.0624,0.128
PIGZ,0.07753353,0.0636,0.128
FANCI,0.233343,0.0622,0.128
MRPL42P5,-0.17093512,0.0635,0.128
NXF1,-0.2303123,0.0623,0.128
LOC101928570,0.19534335,0.0634,0.128
PACSIN2,0.06583526,0.0631,0.128
ZNF70,-0.10390634,0.0632,0.128
NATD1,-0.14207326,0.0635,0.128
SYNPO2,-0.19081318,0.0632,0.128
LOC100506606,0.25079021,0.0634,0.128
METRNL,0.12657758,0.0632,0.128
LOC105377319,0.10647588,0.0632,0.128
SHANK2,-0.4865901,0.0623,0.128
LOC107985065,-0.140091,0.0632,0.128
NECTIN3,-0.2426109,0.0627,0.128
SLC24A2,-0.7095995,0.0621,0.128
C4BPB,0.7831879,0.0627,0.128
POLR2K,0.07984136,0.0636,0.129
UQCRQ,0.1240097,0.0628,0.129
RAB33A,-0.21319945,0.0642,0.129
CNST,0.06952481,0.0638,0.129
LOC105371785,0.24747144,0.0637,0.129
SH3TC2,-0.6432774,0.0632,0.129
ZNF580,-0.2774013,0.0633,0.129
SMPX,-0.8215415,0.0632,0.129
CDH20,0.15025817,0.0638,0.129
LOC105370659,0.21430537,0.0642,0.129
OGFOD1,-0.139962,0.0628,0.129
LRP6,0.06741744,0.0639,0.129
SPOPL,0.07114448,0.0638,0.129
RAC3,-1.0279885,0.0633,0.129
CCZ1,0.06094639,0.0638,0.129
KRBOX5,0.06636411,0.0637,0.129
PLCG1-AS1,-0.06190757,0.0642,0.129
ZHX3,0.06392856,0.064,0.129
NIP7,-0.07722144,0.0642,0.129
MFF,0.1491809,0.063,0.129
ZNF541,0.19288744,0.064,0.129
PNPLA4,0.11497971,0.0638,0.129
CELF3,0.05893963,0.0641,0.129
HTRA2,-0.05347958,0.0643,0.129
ZNF347,0.05146048,0.0639,0.129
SNORD59B,0.15274281,0.0641,0.129
FGFBP1,0.28256624,0.0641,0.129
LCE2D,0.18772211,0.0638,0.129
TMEM130,-0.50547498,0.064,0.129
ZNF429,0.11380005,0.0637,0.129
TBX4,-0.7715278,0.0631,0.129
LOC107987392,-0.20463697,0.0643,0.129
LOC93622,0.06343017,0.0639,0.129
SPDYE14,0.13256398,0.0643,0.129
TIMM21,0.06787579,0.0639,0.129
HSPE1-MOB4,0.07602512,0.0641,0.129
CHRNA7,0.16662282,0.0638,0.129
NR1H4,-0.8831354,0.0639,0.13
MATN1,0.14995333,0.0647,0.13
MIR6513,-0.09768442,0.0644,0.13
SDHAP2,0.15108938,0.0647,0.13
LL21NC02-21A1.1,-0.26608819,0.0644,0.13
LOC105374076,-0.18368366,0.0648,0.13
NUTM2G,0.0779041,0.0643,0.13
MYPOP,0.12131836,0.0644,0.13
RAB3A,-0.4667492,0.0638,0.13
LOC105371055,0.12413202,0.0645,0.13
LOC107986522,-0.12348491,0.0648,0.13
MIR6081,-0.10538529,0.0646,0.13
LOC107986348,0.12066254,0.0645,0.13
FLJ12825,0.14472867,0.0646,0.13
RLF,0.07640482,0.0646,0.13
LOC112268432,0.2576106,0.0643,0.13
CYP2D6,0.1769305,0.0644,0.13
VKORC1L1,-0.11788011,0.0645,0.13
H2BC21,0.07329347,0.0645,0.13
UTP6,0.1689834,0.0636,0.13
LOC105378138,0.20151053,0.0652,0.131
LOC102725231,0.29969174,0.0654,0.131
VRK2,0.1950155,0.064,0.131
LOC105371507,0.1163661,0.0654,0.131
JARID2-AS1,0.12478486,0.0651,0.131
ZNF12,0.05434756,0.0652,0.131
RECQL4,0.11175974,0.0654,0.131
ZNF195,-0.1321789,0.0641,0.131
LOC105371378,0.11354557,0.0651,0.131
LOC107985017,0.19096231,0.0653,0.131
LOC101927609,0.16183149,0.0653,0.131
MED12,-0.191221,0.0642,0.131
BMP3,-0.8802162,0.0643,0.131
PNN,-0.1660469,0.0644,0.131
CCDC154,0.21605921,0.0651,0.131
SFTPB,-0.8253719,0.0641,0.131
SMIM29,0.08603037,0.0656,0.132
LOC107985743,-0.1598303,0.0658,0.132
ERVK13-1,0.08474906,0.0658,0.132
CSRNP2,-0.1088595,0.0647,0.132
TMCO4,-0.10619315,0.0659,0.132
ACAT2,-0.4925629,0.0651,0.132
RARB,-0.08354696,0.0658,0.132
ARRB1,-0.08681652,0.0657,0.132
RSPH10B2,0.16862263,0.0658,0.132
TCP10L,0.22812909,0.0658,0.132
CSTB,-0.1521535,0.0652,0.132
ALDH1A2,0.17747302,0.0661,0.132
MIR24-2,0.19215869,0.0655,0.132
CYP26A1,1.0597724,0.0651,0.132
ODF2L,-0.07274917,0.0661,0.132
CFL2,-0.13076807,0.0657,0.132
F8A2,-0.19837827,0.0657,0.132
LOC112268310,0.13828875,0.0658,0.132
TMEM205,0.06119596,0.0659,0.132
HMOX1,-0.13144146,0.0657,0.132
MAF1,-0.07995232,0.0657,0.132
LOC105372439,0.22686571,0.0661,0.132
TYR,0.23902154,0.0661,0.132
GABRA4,0.47950262,0.0658,0.132
TVP23B,0.07227708,0.0662,0.133
LOC102725044,0.07023576,0.0662,0.133
CFDP1,0.1862533,0.0656,0.133
LRIT1,-0.7833834,0.0655,0.133
SARAF,0.1228836,0.0655,0.133
DUS1L,-0.1384011,0.0653,0.133
SNHG4,0.09259859,0.0663,0.133
SERPINA3,-0.7266594,0.0653,0.133
ATP10B,0.2122395,0.0654,0.133
NRXN3,0.13366262,0.0667,0.133
P3H2,0.2765171,0.0657,0.133
LOC107986061,-0.23867661,0.0665,0.133
CAGE1,-0.22183867,0.0663,0.133
MOB3B,0.08169801,0.0667,0.133
BET1,0.1796057,0.0654,0.133
NADK2,-0.05855636,0.0662,0.133
RP1L1,0.18690776,0.0667,0.133
ZNF257,-1.1826082,0.0656,0.133
THEMIS,-0.32019331,0.0663,0.133
RTL8B,0.07277021,0.0664,0.133
MMAB,0.09504285,0.0663,0.133
GUSBP14,0.13640989,0.0663,0.133
LOC105377576,-0.1366465,0.0666,0.133
RAB40A,-0.15397364,0.0665,0.133
DANT2,0.15727073,0.0664,0.133
ATP5MJ,0.10597269,0.0665,0.133
PROM1,-0.32448937,0.0664,0.133
MCPH1,-0.05256432,0.0673,0.134
TAF10,-0.1159615,0.0662,0.134
RAPGEF4-AS1,0.19177632,0.0671,0.134
TRMO,0.1513935,0.066,0.134
SOSTDC1,0.1773584,0.067,0.134
POU5F1P5,0.07902086,0.0669,0.134
ZNF749,-0.9545269,0.0663,0.134
NEMP2,0.08405113,0.0669,0.134
PMVK,0.20538497,0.0673,0.134
CRY2,0.2620029,0.0665,0.134
SETD2,0.03466832,0.0668,0.134
KIAA1586,-0.08165387,0.067,0.134
HAVCR1,-0.3074766,0.0673,0.134
DDI2,0.04656147,0.0668,0.134
PLAGL1,-0.09906873,0.067,0.134
MAP3K7CL,0.3377838,0.066,0.134
HERC2P10,-0.38281369,0.0672,0.134
RAD23A,-0.1748102,0.066,0.134
DDX28,0.1406454,0.0665,0.134
RPF1,0.1063789,0.0662,0.134
PPP4C,-0.1480125,0.0672,0.135
LOC105371254,-0.19662983,0.0674,0.135
C18ORF25,0.04918873,0.0677,0.135
GCAWKR,-0.23710015,0.0676,0.135
LOC107986709,0.11609564,0.0677,0.135
IPO9,-0.04120907,0.0678,0.135
LOC105371224,-0.10019615,0.0679,0.135
PTGER3,-0.12929799,0.0679,0.135
LOC105373454,0.22476241,0.0675,0.135
INSC,-0.20229204,0.0674,0.135
DARS2,-0.2059968,0.0671,0.135
WDR73,-0.1293007,0.0672,0.135
FSBP,0.09945271,0.0675,0.135
TLE1,0.1318341,0.0669,0.135
C17ORF67,-0.12711829,0.0674,0.135
CDK5RAP2,0.05021322,0.0675,0.135
FUT9,-0.8930779,0.0672,0.135
GEMIN2,0.06814761,0.0674,0.135
HCRTR2,-1.0010721,0.067,0.135
IFNA7,-1.5322661,0.0668,0.135
LOC101059949,0.26372871,0.0685,0.136
RPS6KA4,-0.1304501,0.0681,0.136
DLSTP1,0.09577448,0.0682,0.136
LOC107986977,-0.24198543,0.0685,0.136
FAM238C,0.16533583,0.0681,0.136
GTF3C4,-0.1877884,0.0675,0.136
SERTAD1,-0.10994575,0.0682,0.136
SMIM26,0.09772235,0.0682,0.136
LINC02795,-0.28404481,0.068,0.136
LOC101929130,-0.18007675,0.0685,0.136
CRLS1,-0.06014304,0.0681,0.136
CEP152,0.09157674,0.0683,0.136
NPHP3-AS1,0.10670056,0.068,0.136
VAV3,0.10303938,0.0682,0.136
LOC107987150,-0.08261061,0.0684,0.136
ABCA7,-0.2933959,0.0672,0.136
ASMTL-AS1,-0.766619,0.0675,0.136
CELF2-AS1,-0.11675219,0.0682,0.136
ZBTB44,0.07865946,0.0689,0.137
GREM2,0.28061856,0.0689,0.137
DIP2A,0.05263624,0.069,0.137
QTRT2,0.1238292,0.0684,0.137
JPT1,-0.09819283,0.0689,0.137
MED8-AS1,-0.08792593,0.0688,0.137
PIK3R1,0.2499054,0.0684,0.137
MIR4451,0.16666851,0.069,0.137
L1CAM,-0.18778437,0.069,0.137
MIR4256,0.15601109,0.0691,0.137
LOC107984034,0.17968937,0.0691,0.137
AIRN,-0.13534744,0.0689,0.137
LYNX1,0.18812982,0.0687,0.137
HADHA,0.05900138,0.0688,0.137
TPTE,-0.8200662,0.068,0.137
LRAT,-1.0617,0.0682,0.137
LOC107986317,-0.25977723,0.0686,0.137
SP2,-0.1475052,0.0682,0.137
LINC00205,-0.10570897,0.0694,0.138
LOC105374494,-0.15094292,0.0692,0.138
LOC105377763,0.1205696,0.0692,0.138
GON4L,-0.02636587,0.0696,0.138
SLC25A38,0.1188788,0.0687,0.138
MBP,-0.1980289,0.0687,0.138
XPC,0.1957794,0.0689,0.138
JMJD7-PLA2G4B,0.11017601,0.0692,0.138
LOC105370436,0.27760057,0.0696,0.138
TMCC3,0.0983688,0.0694,0.138
TMEM120A,0.06218557,0.0694,0.138
ARMCX6,0.0804015,0.0694,0.138
PKIA-AS1,0.17894526,0.0692,0.138
C9ORF43,0.14316138,0.0695,0.138
HIPK1-AS1,0.16414625,0.0694,0.138
PIH1D1,0.054143,0.0699,0.139
SPDYE13,0.12644063,0.0701,0.139
SNHG12,0.07691678,0.0701,0.139
LOC101926956,0.27642373,0.0698,0.139
TTLL1,-0.07386243,0.0698,0.139
TSPEAR,0.26651514,0.0703,0.139
BTF3L4,0.06000693,0.0698,0.139
ZNF280C,0.0621242,0.0698,0.139
MPZ,-0.23965726,0.0703,0.139
LOC107984868,-0.16669426,0.0701,0.139
HK1,0.1100532,0.0694,0.139
HTR4,-0.522717,0.0691,0.139
HABP2,-0.4777404,0.0691,0.139
ATXN8OS,-1.0325964,0.0696,0.139
BDKRB1,-0.22969027,0.0702,0.139
GSK3B-DT,0.09274133,0.0699,0.139
LOC107985976,0.16089383,0.0701,0.139
PKD1P4-NPIPA8,0.14851342,0.0698,0.139
POLRMT,0.09189186,0.0698,0.139
MINCR,0.11868552,0.0702,0.139
MIR194-1,0.19425141,0.0708,0.14
LOC105374781,-0.26136925,0.0708,0.14
LOC101928156,0.16887073,0.0709,0.14
BACH1-IT2,-0.13237031,0.0708,0.14
PDZK1IP1,0.1625818,0.0706,0.14
DNAJA2,0.0576045,0.0705,0.14
FDPS,-0.3930166,0.0703,0.14
SEMG2,-1.20752,0.0703,0.14
CALR4P,0.26205215,0.0706,0.14
NRIP3,0.2488219,0.0702,0.14
LOC107986304,-0.11430031,0.0708,0.14
NCKAP5,-0.08824228,0.0709,0.14
SLC30A2,0.20591824,0.0709,0.14
TRMU,0.06678031,0.0707,0.14
RASL11B,-0.19243901,0.0705,0.14
TSKU-AS1,0.26930258,0.0707,0.14
INTS13,0.1546862,0.0703,0.14
TULP4,0.1422421,0.07,0.14
NCOA6,0.1101898,0.0703,0.14
LOC105373218,0.10619716,0.0709,0.14
FGF14-AS2,0.13860991,0.0705,0.14
SEMA6D,-0.11441807,0.0704,0.14
ADCYAP1R1,-1.057445,0.0702,0.14
ERBB4,-0.4230756,0.0702,0.14
PLXNA1,0.1231121,0.0703,0.14
SEMA4D,0.1951363,0.0698,0.14
MRPL46,0.1029241,0.0705,0.141
SMIM41,0.16072221,0.0712,0.141
THAP7-AS1,0.18154812,0.0715,0.141
PHRF1,0.11114253,0.0715,0.141
MIDEAS,0.11037529,0.0715,0.141
ZNF761,0.07612962,0.0711,0.141
PRDX6,-0.06060826,0.0713,0.141
ATP6V1B2,-0.05734368,0.0714,0.141
CHAMP1,-0.0953977,0.0712,0.141
RNA18SN2,0.21045181,0.0712,0.141
ALKBH5,-0.07640729,0.0713,0.141
TOMM70,0.06020285,0.071,0.141
LINC02943,-0.14512779,0.0712,0.141
CKAP2,0.2268177,0.0707,0.141
GABRA6,0.7505002,0.0708,0.141
RANBP17,-0.1300252,0.0714,0.141
MIR628,0.17343561,0.0714,0.141
PXN,-0.14097371,0.0714,0.141
FADS2,-1.2362739,0.0705,0.141
NDUFA4,0.10856831,0.0716,0.141
TSSK2,-0.9652909,0.0706,0.141
RPA1,-0.09221,0.0705,0.141
FLII,-0.0982049,0.0711,0.141
LOC105371366,-0.12190437,0.0713,0.141
PRSS50,0.909916,0.0708,0.141
AHI1,0.09698157,0.0713,0.141
FAM106B,-0.22076341,0.0714,0.141
FNDC11,0.25490013,0.0717,0.142
RNF38,0.1303718,0.0712,0.142
UCKL1,-0.1648811,0.0712,0.142
SIM2,0.19302706,0.0717,0.142
EIF3J,0.1163473,0.0716,0.142
TSPAN32,-0.1630756,0.0721,0.142
ACO1,-0.16893741,0.0717,0.142
HOXA4,0.17557208,0.072,0.142
AXDND1,0.55122664,0.0721,0.142
LOC105378539,-0.0841993,0.0721,0.142
DNM3,-0.08275523,0.0718,0.142
VWA3A,0.16073128,0.0719,0.142
FUNDC1,0.08156036,0.0721,0.142
LOC105375503,0.17164159,0.0716,0.142
SNHG3,-0.3416015,0.0714,0.142
EMX1,0.1950538,0.0717,0.142
ARG1,0.25374284,0.0719,0.142
ACTR8,0.2001895,0.0722,0.143
KIAA0930,0.1134576,0.0722,0.143
LOC107985367,0.06535025,0.0725,0.143
CHRNA3,0.7359239,0.0719,0.143
IQCD,0.13494877,0.0723,0.143
BRWD1-AS2,0.15638992,0.0724,0.143
ELOB,-0.2090165,0.072,0.143
IL18BP,-0.08022923,0.0727,0.143
LOC105378629,-0.16453307,0.0723,0.143
NECAB1,-0.12430415,0.0725,0.143
IL36B,0.2633467,0.0724,0.143
MIR4707,0.13412364,0.0725,0.143
RNVU1-2A,-0.16891721,0.0725,0.143
INPP5E,-0.2350873,0.0724,0.143
UBASH3B,0.11581659,0.0727,0.143
PRC1-AS1,0.11034656,0.0726,0.143
ORC1,0.3853064,0.0718,0.143
NELL2,0.26552289,0.0724,0.143
PIGB,-0.1025586,0.0717,0.143
SLC66A2,0.0974224,0.0722,0.143
PROZ,-0.7445897,0.0717,0.143
MIR3936,0.18108983,0.0726,0.143
DRICH1,0.19611795,0.0726,0.143
F8A3,-0.19648254,0.0733,0.144
MSLN,0.39267482,0.0734,0.144
LOC105369530,0.21656941,0.0733,0.144
KIDINS220,0.04647749,0.0732,0.144
XKR4,-0.18047299,0.0733,0.144
LOC100506639,-0.06067099,0.073,0.144
TRIM72,0.23934348,0.0732,0.144
MYL5,0.07728614,0.0731,0.144
APH1B,0.07914196,0.073,0.144
NIPAL4-DT,-0.20971674,0.0731,0.144
ACSM3,-0.9551936,0.0727,0.144
NIPSNAP3A,0.07158492,0.0733,0.144
LOC112268213,0.10180484,0.0729,0.144
TMUB1,0.09138199,0.0729,0.144
LINC02904,-0.19160509,0.073,0.144
AIFM1,-0.06773351,0.0732,0.144
RING1,-0.1320926,0.0729,0.144
FGF16,-0.9799067,0.073,0.144
TRC-GCA3-1,-0.20893089,0.0733,0.144
ASL,-0.1977935,0.0729,0.144
RRP1,-0.2211622,0.0731,0.144
SLC6A3,-0.5676129,0.0729,0.144
LOC105369745,0.07869277,0.0729,0.144
FAM47E,0.15974301,0.0733,0.144
LOC105375363,0.06579106,0.073,0.144
LINC02762,0.08921323,0.0731,0.144
ZMIZ2,0.1768622,0.0735,0.145
CRYBB1,-0.8692743,0.0735,0.145
LOC285819,-0.16395821,0.0739,0.145
LOC653513,-0.10969953,0.0741,0.145
HYMAI,-0.3639095,0.0736,0.145
TRPM4,-0.2525234,0.0735,0.145
LOC105370884,0.12801821,0.0738,0.145
HAPLN2,0.22590781,0.0738,0.145
CFAP107,0.81372973,0.0741,0.145
TTC33,-0.1568302,0.0733,0.145
SPOPL-DT,0.11780933,0.0738,0.145
LOC105372228,0.19319276,0.0741,0.145
ZNF45,0.04975064,0.0737,0.145
ANKRD45,-0.26046164,0.0736,0.145
HMGB1,0.07047532,0.0737,0.145
LOC107986244,0.17887871,0.074,0.145
CACTIN-AS1,0.11654533,0.0738,0.145
LOC105376287,0.13224386,0.0737,0.145
RP9,0.06128477,0.0741,0.145
LOC105375839,0.11088077,0.0737,0.145
LOC105374414,-0.30569446,0.0739,0.145
LOC105376035,0.14061135,0.0738,0.145
LOC105373989,0.23737967,0.0738,0.145
TTC16,-0.1914714,0.0735,0.145
CDC50B,0.1340683,0.0736,0.145
SNX9,-0.06619301,0.0736,0.145
NAA80,0.09653412,0.0736,0.145
DDHD2,0.05406592,0.0741,0.145
C12ORF40,-0.13171832,0.0739,0.145
ENTPD4,-0.19099,0.0735,0.145
ARPIN,0.3402977,0.0734,0.145
ISM1,-0.11606846,0.0747,0.146
GDF3,-0.6650845,0.0739,0.146
E2F2,-0.5602251,0.0741,0.146
LOC105379377,0.32878165,0.0744,0.146
POC5,0.06770731,0.0748,0.146
RHO,-0.5715738,0.0742,0.146
ZNF594,0.08811958,0.0743,0.146
LOC105373581,0.10325735,0.0747,0.146
CCDC134,0.0757994,0.0748,0.146
LNC-LBCS,0.18323957,0.0744,0.146
BRIX1,0.07145818,0.0742,0.146
AMER2,-0.39168562,0.0744,0.146
ASAH1-AS1,0.14025527,0.0743,0.146
CCKAR,-0.8396219,0.0744,0.146
PHF24,-0.3885122,0.0743,0.146
KIF4A,-0.14313083,0.0744,0.146
RPL10,0.07135886,0.0746,0.146
NEURL1,-0.4086387,0.0741,0.146
AHCTF1P1,0.0621586,0.0742,0.146
ADH5,0.1659445,0.0739,0.146
RHPN1,0.1635885,0.0743,0.146
ST3GAL3,-0.09002138,0.0747,0.146
PPP5D1P,0.15696669,0.0744,0.146
GALNT7,-0.16391722,0.0745,0.146
NDUFB2-AS1,-0.07689035,0.0745,0.146
CHIC1,0.07313041,0.0747,0.146
SNORD26,0.1367166,0.0743,0.146
HTR1B,-0.9167358,0.0739,0.146
FLVCR1-DT,-0.28834523,0.0747,0.146
PYDC1,0.22275624,0.0751,0.147
CRNDE,0.08627037,0.075,0.147
NDUFS1,0.1396196,0.0745,0.147
LOC105372250,-0.22625294,0.0751,0.147
ZNF385D,-0.1474862,0.0754,0.147
ATF6,0.171082,0.0745,0.147
LOC107984361,-0.15353237,0.0748,0.147
ELF5,-0.4673214,0.0749,0.147
FER1L6,-0.41668279,0.0753,0.147
PRG2,-0.7127189,0.0745,0.147
OXCT1,0.1788264,0.0745,0.147
ZNF76,-0.07652788,0.0751,0.147
LOC105372707,0.1006235,0.0749,0.147
LOC101928466,0.12646003,0.0759,0.148
HEXB,-0.06878411,0.0757,0.148
VPS45,0.04844446,0.0759,0.148
MIR5579,-0.1883229,0.0754,0.148
UBL7-DT,0.07616616,0.0759,0.148
TRMT44,0.10717788,0.0755,0.148
LOC107986472,-0.18105941,0.0754,0.148
LOC105371376,0.13079293,0.0756,0.148
LOC105370687,-0.07499546,0.0756,0.148
CDCA7L,0.09226659,0.0758,0.148
WFDC12,-0.40498854,0.076,0.148
NOP2,-0.07186236,0.0756,0.148
DNASE1,0.0951079,0.0755,0.148
DUSP5-DT,0.30869142,0.0759,0.148
MYO15A,0.19829951,0.0756,0.148
LOC102724780,-0.28881891,0.0755,0.148
ARG2,-0.3138744,0.0753,0.148
ATG9A,0.2117353,0.0755,0.148
ZNF41,-0.4494883,0.0751,0.148
LOC105370932,0.15385903,0.0758,0.148
TTBK2,0.05708975,0.0755,0.148
WRAP53,-0.08502782,0.0755,0.148
EFCAB7,0.07365029,0.0756,0.148
PGM1,-0.11195185,0.0758,0.148
GRPEL2,-0.06029337,0.0759,0.148
SMC4,-0.07472081,0.0763,0.149
LOC107984837,0.09872873,0.0762,0.149
CARD14,0.12499567,0.0766,0.149
NIPA1,0.06264767,0.0765,0.149
FAM24B-CUZD1,-0.15174238,0.0764,0.149
PSMD14-DT,0.12651619,0.0765,0.149
ATOSB,-0.09690381,0.0763,0.149
C12ORF60,0.11016219,0.0765,0.149
ATPAF2,0.0491434,0.0763,0.149
ACTR3,-0.08212171,0.0766,0.149
LOC105374444,0.26805057,0.0766,0.149
DNAJC9,0.06571416,0.0761,0.149
ELSPBP1,-0.8166285,0.0762,0.149
RARRES1,-0.5801091,0.0762,0.149
PYGB,-0.2597907,0.0762,0.149
FABP1,-0.8337762,0.0757,0.149
BTD,-0.1843873,0.076,0.149
PLA2G4B,0.11654803,0.0763,0.149
DIDO1,-0.202038,0.076,0.149
ISLR2,-0.29086545,0.0769,0.15
TRIM56,-0.07893671,0.0772,0.15
PGAM5,-0.07872859,0.0773,0.15
FRG2C,0.2610805,0.0769,0.15
TKTL1,0.5628256,0.0764,0.15
LOC105370974,0.15837562,0.0767,0.15
LOC285847,-0.21672708,0.077,0.15
LINC02809,-0.7925203,0.0764,0.15
LOC105378988,0.14573132,0.077,0.15
PKD1-AS1,0.1537183,0.0768,0.15
C1ORF52,0.05029222,0.0768,0.15
CAHM,-0.15347994,0.0771,0.15
MTG1,0.2846925,0.0766,0.15
ARHGAP19-SLIT1,0.07444914,0.0772,0.15
LOC105379011,0.21335163,0.077,0.15
GPATCH3,-0.1712723,0.0771,0.151
SOX17,-0.19782043,0.0774,0.151
MED1,-0.1583908,0.0771,0.151
RPAP1,0.1894562,0.077,0.151
TULP3,0.06652604,0.0776,0.151
INSIG1,-0.805827,0.0776,0.151
MYH6,1.0377813,0.0771,0.151
SOX10,-0.3104841,0.0769,0.151
ATOX1,0.115127,0.0773,0.151
PADI4,-0.8251623,0.0775,0.151
RAB17,-0.3905681,0.0773,0.151
KPNA5,-0.3348571,0.0772,0.151
FAM167A,0.15256274,0.0776,0.151
ADAM18,-0.8911897,0.0775,0.151
RAB11FIP5,0.1304228,0.0774,0.151
MSL2,0.1419582,0.077,0.151
NTSR2,-0.8451095,0.0771,0.151
NAA40,-0.1721834,0.0775,0.151
POLR1C,0.05720934,0.0778,0.151
ARHGAP35,-0.2095697,0.0776,0.151
CRAT,-0.9288362,0.0773,0.151
TCEAL7,-0.19914587,0.0777,0.151
FITM1,0.18802045,0.0776,0.151
TMEM61,0.19518864,0.0777,0.151
BAIAP2L2,0.12897652,0.0773,0.151
LOC105369529,0.125092,0.0778,0.151
LSMEM2,-0.10597718,0.078,0.152
SCO1,-0.04449182,0.0782,0.152
MAPK10,-0.2704166,0.0781,0.152
CALN1,0.23459428,0.0783,0.152
FER1L4,0.5805667,0.078,0.152
DMAP1,0.05910263,0.0784,0.152
SDAD1-AS1,-0.19356618,0.0783,0.152
THG1L,0.1593205,0.0777,0.152
LOC105374615,0.13881525,0.078,0.152
LOC105369574,-0.24480548,0.0785,0.152
GOLGA8H,0.07766307,0.0779,0.152
CXXC5,-0.10231586,0.0781,0.152
TNFSF12,-0.14123892,0.0781,0.152
MTX1,-0.05960916,0.0779,0.152
GALNT13,0.29030232,0.0784,0.152
ZNF599,0.07457204,0.0784,0.152
USP32P2,-0.36236172,0.0783,0.152
DNAJB6,0.1760387,0.0779,0.152
NFU1,-0.07273746,0.0783,0.152
CNOT3,-0.3661018,0.0781,0.152
CREG2,-0.35795045,0.0784,0.152
LOC105376384,-0.05682021,0.0779,0.152
ZBTB35,0.1500776,0.0784,0.153
LOC107987264,0.08677966,0.0789,0.153
PTTG1,0.2324545,0.0789,0.153
B4GALT4-AS1,0.10875799,0.0787,0.153
LOC105376704,0.13435695,0.0791,0.153
FAM21EP,0.10627024,0.0791,0.153
LOC105377779,-0.23825255,0.0791,0.153
CADM1-AS1,0.17685511,0.0792,0.153
LOC105370491,-0.23258425,0.0789,0.153
COLCA1,0.18091899,0.0791,0.153
ADORA2A-AS1,0.20922294,0.079,0.153
ZBTB8OS,0.04991867,0.0787,0.153
LINC01950,0.34148946,0.0786,0.153
FAM104B,0.07682158,0.0788,0.153
CAMKV,-0.6390531,0.0789,0.153
HULC,0.19062667,0.0791,0.153
THAP2,0.13686856,0.0786,0.153
SLC22A8,-0.421018,0.0789,0.153
MIR26B,0.18049087,0.0789,0.153
TCTN1,-0.1987151,0.0784,0.153
GALNT11,0.0617171,0.0788,0.153
LOC101929727,-0.14263279,0.0795,0.154
OR7A5,-0.34537767,0.0797,0.154
LOC107986762,-0.14566351,0.0797,0.154
UPB1,0.53303832,0.0792,0.154
MIR98,0.20116514,0.0797,0.154
ATXN3L,-1.0138867,0.0794,0.154
ZMIZ1-AS1,0.11423095,0.0792,0.154
USP12-AS1,0.11639839,0.0794,0.154
BCO2,0.08637296,0.0794,0.154
KLHL33,-0.21081025,0.0798,0.154
AOC2,-0.11680836,0.0794,0.154
IGBP1P1,0.15582622,0.0793,0.154
C10ORF143,-0.10086126,0.0797,0.154
MIR4766,0.20525119,0.0795,0.154
ZC3H13,0.04605778,0.0796,0.154
SLC27A5,-0.3290786,0.0795,0.154
FOXC1,-0.3631717,0.0791,0.154
HSPA2,0.11936459,0.0793,0.154
MRPS34,-0.1436112,0.0795,0.154
SRSF12,0.10739653,0.0793,0.154
TRPV4,-0.7133154,0.0791,0.154
LOC105378260,0.11427994,0.0801,0.155
PAK6-AS1,0.13259852,0.0801,0.155
SCAND1,-0.1222868,0.0802,0.155
CECR2,0.28721698,0.0802,0.155
SCYL1,-0.06485625,0.0799,0.155
TMEM35A,-0.3849572,0.0797,0.155
LOC102724528,0.08125369,0.0801,0.155
FXR1,0.05333029,0.0799,0.155
LINC02473,0.28675031,0.0798,0.155
LOC100505915,0.1304123,0.0799,0.155
APOL5,-0.6509212,0.08,0.155
MDH2,0.107833,0.0799,0.155
PTPN5,-0.23155961,0.0799,0.155
PHC2-AS1,-0.1988223,0.08,0.155
C15ORF48,0.28088915,0.0802,0.155
C6ORF52,0.19865471,0.0803,0.155
LOC105369946,-0.32357191,0.0802,0.155
LOC105371502,0.17531841,0.0799,0.155
POGLUT3,-0.0671432,0.0806,0.156
EGOT,-0.14061358,0.081,0.156
SPATA12,-0.10904257,0.0808,0.156
POLA2,0.07064421,0.081,0.156
LOC112268134,0.14813289,0.0809,0.156
LOC107985767,0.16745509,0.081,0.156
SCLY,-0.08586496,0.0809,0.156
ANKRD17-DT,0.12919815,0.081,0.156
HOMER1,0.1979376,0.0807,0.156
RUSC1,-0.1169042,0.0808,0.156
DHX9,-0.05169816,0.0806,0.156
AURKB,-0.3226867,0.0805,0.156
TIGD6,-0.4062479,0.081,0.156
TBCD,-0.1444384,0.0808,0.156
RMI2,0.12712172,0.0811,0.156
PLCE1-AS2,-0.19977112,0.0806,0.156
UNC5CL,0.14499534,0.081,0.156
SAMD8,-0.05670834,0.0808,0.156
CENPBD1P,-0.08496769,0.0806,0.156
LOC107986249,-0.20984699,0.0811,0.156
UBE2N,0.1028444,0.0807,0.156
SEPTIN7P9,0.10576114,0.0807,0.156
DNAI2,0.7955481,0.0805,0.156
CCDC90B,0.1167254,0.0809,0.156
MIR1537,0.16835602,0.0808,0.156
ZSCAN4,0.27114069,0.0806,0.156
LINC00992,0.23333882,0.0815,0.157
GPD1L,0.08630346,0.0814,0.157
HOXC12,-0.24206114,0.0815,0.157
CYB5R3,0.1245223,0.0811,0.157
PDE6A,-1.6483786,0.0811,0.157
RPA4,-0.415413,0.0813,0.157
FOXB1,-0.7361296,0.0814,0.157
PLK4,-0.209828,0.0814,0.157
LOC101927010,0.23994336,0.0811,0.157
NRN1L,0.17312709,0.0813,0.157
H3-7,-0.11637802,0.0816,0.157
LOC105372511,-0.24664349,0.0815,0.157
PSMC4,-0.05789925,0.0813,0.157
LOC105369370,0.21949031,0.0814,0.157
ZNF785,0.0653076,0.0815,0.157
THSD4-AS2,-0.12615123,0.0813,0.157
GPR35,0.15206982,0.0816,0.157
NDRG4,-0.16844385,0.0813,0.157
LNCRI,-0.27751933,0.0812,0.157
MEF2C-AS1,0.12931178,0.0817,0.157
TOP2A,0.2562579,0.0815,0.157
MKKS,0.1218315,0.0814,0.157
MIR149,0.32772888,0.0815,0.157
DHRS13,-0.10826238,0.0815,0.157
ACTL6B,-0.3140596,0.0812,0.157
KIN,0.0566389,0.0812,0.157
HECW2-AS1,-0.16029612,0.0814,0.157
GGCT,0.1951788,0.0813,0.157
LOC107984578,-0.22253653,0.0812,0.157
LOC107987057,-0.0911186,0.0822,0.158
AGA,0.11494734,0.082,0.158
ACAP1,-0.10126478,0.0823,0.158
QRICH1,0.04295244,0.0821,0.158
CNOT1,0.03454483,0.0819,0.158
MIR1299,0.25277782,0.0822,0.158
LOC105379052,-0.35724617,0.0822,0.158
DDIT3,-0.06848824,0.0821,0.158
RPS6KA1,-0.07432057,0.0823,0.158
PARS2,0.07934789,0.0822,0.158
LMF2,-0.10345032,0.0822,0.158
PCDH19,-0.14824015,0.082,0.158
EPC2,0.0489555,0.082,0.158
NDUFAF8,-0.08281047,0.0821,0.158
NUCLEOLIN,0.1059834,0.0822,0.158
TRPT1,0.06158545,0.0819,0.158
PLEKHA6,0.17660623,0.0819,0.158
VPS11,-0.03732617,0.0823,0.158
CCDC24,0.14725104,0.0819,0.158
ATXN2L,-0.4258171,0.0818,0.158
SEMA4A,0.1070396,0.0831,0.159
SCLT1,-0.05770852,0.0827,0.159
CENPB,-0.2223853,0.0827,0.159
TGM1,0.2704686,0.0829,0.159
MRPS26,0.08289914,0.0827,0.159
REPS2,0.2861637,0.0829,0.159
LOC100996379,0.19654603,0.0826,0.159
OR5P2,0.24213789,0.0828,0.159
TARS3,0.06554962,0.0829,0.159
GAS8-AS1,-0.7477628,0.0829,0.159
IL19,-0.8957977,0.083,0.159
LOC105371711,-0.12737675,0.0827,0.159
ILF2,0.1345299,0.0827,0.159
LINC01145,-0.10925491,0.083,0.159
LINC00681,0.26591038,0.0825,0.159
LINC00319,0.16661772,0.0827,0.159
LINC01341,0.24871994,0.0827,0.159
MIR3942,0.17483398,0.0828,0.159
FBP2,-0.5079893,0.0827,0.159
LOC107986660,0.10875916,0.0826,0.159
FAM86EP,0.10314685,0.0826,0.159
CEP78,-0.06423848,0.0824,0.159
RASSF5,0.09218495,0.0826,0.159
MTCP1,-0.6491076,0.0827,0.159
TMEM179B,0.04241961,0.0826,0.159
LOC102723983,0.14350527,0.0827,0.159
SNORD86,-0.1434651,0.0828,0.159
PTCD1,-0.0496118,0.0827,0.159
LOC112268260,0.14770137,0.0825,0.159
LOC105370034,0.2235166,0.0827,0.159
KRT80,0.14176961,0.0833,0.16
PAFAH1B3,0.1829689,0.0835,0.16
RNVU1-19,-0.52300412,0.0835,0.16
MRPL14,0.08928311,0.0834,0.16
LYPD5,0.14890989,0.0837,0.16
DMTF1,-0.2028584,0.0834,0.16
ZNF197-AS1,-0.17065535,0.0836,0.16
C5ORF34-AS1,-0.1927134,0.0832,0.16
WDR83OS,0.1152213,0.0833,0.16
LOC105373570,-0.23301802,0.0834,0.16
SLC30A1,0.0813763,0.0837,0.16
FAR2,-1.1125264,0.0831,0.16
PARM1-AS1,-0.14275857,0.0834,0.16
TLR5,-0.12082605,0.0836,0.16
GOLGA8K,0.07798545,0.0839,0.161
LOC105374953,0.11136217,0.0842,0.161
OBP2A,0.3070747,0.0841,0.161
ATF7,-0.08726475,0.0838,0.161
LOC112268254,0.12547636,0.0839,0.161
KIAA1614,0.6843531,0.0843,0.161
H4C1,-0.953201,0.0838,0.161
MYOF,-0.1255245,0.084,0.161
ZMYND19,0.09101666,0.0839,0.161
MEF2D,-0.1213109,0.0841,0.161
ARAP1,0.1248341,0.0839,0.161
COX10-DT,0.08751524,0.084,0.161
HCFC1,-0.17206331,0.0838,0.161
LITAFD,-0.18225109,0.0842,0.161
LOC107984243,0.14836204,0.0838,0.161
UBL3,0.07285198,0.0839,0.161
CMIP,-0.10850603,0.0845,0.162
NMBR,-0.9443346,0.0847,0.162
IKBKE,-0.1989187,0.0847,0.162
ARL13B,0.05792462,0.0849,0.162
SASH1,0.1950066,0.085,0.162
LOC102724117,0.06657022,0.0849,0.162
IL1RAPL1,-0.20472158,0.0849,0.162
TPM2,-0.3048479,0.0847,0.162
TMIE,0.18142487,0.0844,0.162
RPE,-0.2995973,0.0844,0.162
FBXO7,0.0903531,0.0846,0.162
LOC105375523,-0.25083438,0.0846,0.162
TAOK2,-0.1687112,0.0848,0.162
LOC101927673,0.20198568,0.0846,0.162
FAM222A-AS1,0.25993902,0.0846,0.162
RB1-DT,0.14908446,0.0845,0.162
SNORA22C,0.16925546,0.0848,0.162
LOC101927385,-0.08175815,0.0848,0.162
LINC00391,0.19995784,0.0851,0.163
CYP4F8,-1.5926184,0.0855,0.163
DHRS2,0.67044129,0.0854,0.163
TMEM123,-0.1107675,0.0853,0.163
ZNF747,0.2014193,0.0854,0.163
LOC105373117,-0.08040021,0.085,0.163
LOC107986175,0.17070111,0.0852,0.163
ADM-DT,-0.23482923,0.0853,0.163
ARL4D,0.15141046,0.0852,0.163
COL28A1,0.11939019,0.0855,0.163
LOC101927055,-0.21584471,0.0857,0.164
CCDC12,0.0465955,0.0856,0.164
NFIA,0.08322981,0.0859,0.164
LOC101929767,0.09241054,0.0859,0.164
PITPNA,0.1263744,0.0861,0.164
PBX3,0.1650213,0.0857,0.164
FSIP2,0.13363119,0.0862,0.164
SNORD87,0.11141545,0.0857,0.164
NEPRO-AS1,-0.08764793,0.0862,0.164
PBX1-AS1,-0.10870913,0.0861,0.164
OTX1,0.21727304,0.0861,0.164
TCF3,0.0955845,0.0862,0.164
LOC100303749,0.08875374,0.0859,0.164
USP43,0.12343654,0.0859,0.164
SYT17,0.16870289,0.0856,0.164
LOC107985983,0.3093877,0.0862,0.164
IUR1,-0.21435469,0.0862,0.164
RNASEH1,0.0966843,0.0862,0.164
LRPPRC,0.1191944,0.0861,0.164
OR2A1-AS1,0.16265998,0.0859,0.164
WDR26,0.17835,0.086,0.164
ITPRIP-AS1,-0.14630196,0.0861,0.164
ORC3,0.05087739,0.0862,0.164
TCEAL3,0.10040742,0.0859,0.164
DHRS4L2,0.0951435,0.0866,0.165
LRRC4B,-0.22513394,0.0866,0.165
FBXL14,0.08419741,0.0868,0.165
FAM117B,0.06624998,0.0868,0.165
LOC105371106,0.23740129,0.0866,0.165
CUL2,0.04100902,0.0867,0.165
KRT78,0.20775405,0.0867,0.165
LINC01395,0.23953175,0.0864,0.165
DNAJC30,0.07039006,0.0864,0.165
KIF9,0.07921573,0.0864,0.165
OGG1,-0.1845804,0.0867,0.165
STK24-AS1,0.13078951,0.0869,0.165
CXCL12,-0.17153046,0.0863,0.165
CERS1,-0.18725914,0.0865,0.165
MAGEC3,-0.7265241,0.0867,0.165
HOXA2,-0.7495823,0.0866,0.165
CTNNA3,-0.8619128,0.0868,0.165
H2BC9,-0.832645,0.0867,0.165
NDUFB5,0.1469393,0.0868,0.165
ATP6V1F,-0.2919559,0.087,0.165
PGC,-0.726689,0.0866,0.165
HAX1,-0.1243977,0.087,0.165
ZNF24,-0.0879072,0.0864,0.165
P2RX6,-0.6775347,0.0869,0.165
TCF12,0.1689175,0.0874,0.166
ENPP6,-0.23017613,0.0874,0.166
DSTN,0.06360288,0.0875,0.166
LOC107984997,0.16545734,0.0872,0.166
ZNF215,0.8167635,0.0875,0.166
LOC105371637,0.07943249,0.0875,0.166
LRRC39,0.07243903,0.087,0.166
WDR89,0.06841133,0.0869,0.166
SNORD88C,0.18783402,0.0874,0.166
MXRA7,-0.12588405,0.0874,0.166
CRYBB2,-0.5749703,0.0871,0.166
LHX3,-0.5605092,0.0872,0.166
SHKBP1,-0.10986986,0.0873,0.166
OPA3,-0.07570945,0.0874,0.166
ZSCAN16,0.06033326,0.087,0.166
SRSF6,-0.04741831,0.087,0.166
AGTRAP,-0.0882508,0.0873,0.166
PHF2,-0.1054255,0.0882,0.167
UGT1A8,-1.1879489,0.0879,0.167
CROCCP2,-0.2763113,0.0878,0.167
TDRD3,0.0531345,0.0878,0.167
COMMD5,-0.053356,0.0877,0.167
MCF2L-AS1,0.19428153,0.0878,0.167
CDON,-0.8374897,0.0884,0.167
CABP2,-0.9009635,0.0878,0.167
MIR3074,-0.09684061,0.0882,0.167
GARIN6,0.18894279,0.0881,0.167
VSIG1,0.17563855,0.0877,0.167
ABALON,-0.06965758,0.0881,0.167
TUBA1B-AS1,0.12334032,0.0877,0.167
COX5B,0.09215738,0.0879,0.167
MYADM-AS1,0.20957618,0.088,0.167
ADGRL3-AS1,0.27926593,0.088,0.167
LOC105371317,-0.27113872,0.0879,0.167
FBXO38-DT,0.15357024,0.0884,0.168
ANKRA2,0.06254106,0.0887,0.168
ITFG1,-0.0891034,0.0888,0.168
ZNF644,0.0531211,0.0886,0.168
TCEA1,0.05430144,0.0887,0.168
MIR24-1,-0.11151714,0.0885,0.168
MT3,0.4636803,0.0888,0.168
LOC105372602,-0.18241362,0.0883,0.168
SLC52A3,-0.18720787,0.0884,0.168
AMT,-0.2335602,0.0888,0.168
LOC105372407,-0.14925452,0.0884,0.168
CNTNAP3C,0.19476782,0.0884,0.168
SAV1,-0.1182154,0.0895,0.169
TRL-CAA1-2,-0.20095743,0.0893,0.169
RAB44,0.15378376,0.0891,0.169
C4ORF3,0.06705295,0.0888,0.169
WDR88,0.09821012,0.089,0.169
LOC105377599,-0.32155857,0.0889,0.169
PIGT,-0.1676248,0.0894,0.169
FIG4,0.05487399,0.0891,0.169
OR5P3,0.22049486,0.0893,0.169
OLIG2,-0.620888,0.0895,0.169
SNORA77B,0.11732029,0.0891,0.169
LOC105369535,-0.18670916,0.0899,0.17
LRRC41,-0.135536,0.0904,0.17
ALG1L9P,0.09461381,0.09,0.17
HAPSTR1,-0.03210806,0.0897,0.17
WASHC2A,0.187814,0.0902,0.17
LOC107987373,0.10421146,0.09,0.17
ESR1,-0.2243362,0.0902,0.17
SCARNA12,0.09760291,0.09,0.17
USP7-AS1,0.08898619,0.0898,0.17
USH2A,0.09192166,0.0899,0.17
KIF1A,-0.7364483,0.0899,0.17
LOC107985000,0.23858151,0.09,0.17
VNN3P,-0.8413822,0.0897,0.17
LOC105373046,-0.12083809,0.09,0.17
ABCA4,-0.9384272,0.0902,0.17
KIF2A,-0.05013085,0.0897,0.17
YEATS4,0.08746226,0.0895,0.17
AIG1,0.06408141,0.0894,0.17
TNIK,-0.108707,0.0898,0.17
ARFGAP1,-0.2125477,0.0899,0.17
TRPM5,-0.18160912,0.0896,0.17
TAB3-AS1,0.13724422,0.0896,0.17
CPAP,-0.359748,0.0898,0.17
PTGR1,0.0721054,0.0894,0.17
HEXIM2,0.07604508,0.0898,0.17
CLEC4E,0.6653371,0.0906,0.171
ENTREP2,-0.5945909,0.0907,0.171
CHORDC1,-0.2072663,0.0906,0.171
MIR4442,0.11950503,0.0904,0.171
SNORD18C,-0.1719558,0.0903,0.171
RIMS3,0.2114123,0.0907,0.171
FASTKD1,0.1630036,0.0908,0.171
ELMOD2,0.06167244,0.0902,0.171
LOC107986998,0.12301637,0.0904,0.171
RRS1-DT,0.18527387,0.0906,0.171
SDHAP1,0.12607947,0.0903,0.171
CD82,0.1981738,0.091,0.171
LIF,-0.2575099,0.0908,0.171
POLR2C,-0.0851907,0.0904,0.171
SFXN2,0.08142427,0.0905,0.171
RAX,0.6908048,0.091,0.171
TANC2,-0.07200937,0.0906,0.171
DVL2,0.08678671,0.0908,0.172
FHIP2B,-0.09884589,0.0911,0.172
STK33,0.17271064,0.0912,0.172
PHYKPL,-0.06728098,0.0909,0.172
MIR6867,0.22655319,0.0908,0.172
BORCS8,-0.6173693,0.0916,0.172
NBPF20,0.05688075,0.0911,0.172
CD5L,-0.8664185,0.0915,0.172
LOC105373610,-0.2343234,0.0911,0.172
FLJ45513,0.1208108,0.091,0.172
ZNF432,0.06500893,0.0907,0.172
FEV,-0.4238726,0.0916,0.172
KCTD5,0.1115318,0.0914,0.172
LOC105370525,-0.06461767,0.0908,0.172
LOC105369616,-0.62875985,0.091,0.172
UBE2S,-0.11458902,0.091,0.172
PEX26,-0.04368699,0.0909,0.172
GOLGA8B,0.10581462,0.0909,0.172
LOC105371289,-0.20272447,0.0908,0.172
BTNL2,0.24541766,0.0917,0.173
LOC107984313,-0.08175057,0.0914,0.173
TCTE1,0.15804448,0.0916,0.173
CYP4V2,0.14228451,0.0919,0.173
TMEM67,0.06363597,0.0918,0.173
REV1,0.1550821,0.0924,0.173
PTMAP11,0.09600677,0.0917,0.173
SLC22A18,0.12207518,0.0918,0.173
SMIM14,-0.05574146,0.092,0.173
ZNF773,0.08415052,0.0918,0.173
SLC15A1,0.22572091,0.0918,0.173
COG1,0.04617083,0.0917,0.173
NFXL1,0.05462633,0.0914,0.173
PARTICL,0.09972129,0.0914,0.173
KCNK10,-0.27248151,0.0918,0.173
ECRG4,-0.26022945,0.0915,0.173
ANKRD20A4-ANKRD20A20P,0.23747798,0.0915,0.173
SAAL1,0.0574356,0.0919,0.173
HEXIM2-AS1,0.09102743,0.0919,0.173
MIDEAS-AS1,-0.22505342,0.092,0.173
LOC105378228,-0.24150148,0.0915,0.173
PSG5,-1.2401918,0.0921,0.173
CGRRF1,-0.1280564,0.0923,0.173
ABHD14B,-0.07962375,0.0915,0.173
TBK1,-0.123578,0.092,0.173
RAPGEF6,0.05254745,0.0918,0.173
SUSD3,-0.14922416,0.092,0.173
GNRH2,-0.6796468,0.0923,0.173
PDE2A-AS2,-0.16541882,0.0924,0.174
VMO1,-0.20368463,0.0923,0.174
LCDR,0.10470677,0.0924,0.174
UBE2U,0.52571434,0.0925,0.174
LOC105378773,0.33861136,0.0926,0.174
BOLL,0.22209134,0.0927,0.174
MRPS11,-0.200837,0.0926,0.174
RBM22,0.085865,0.0928,0.174
ZWINT,0.2505715,0.0926,0.174
H4C4,-0.6833572,0.0929,0.174
AFF4,-0.4324999,0.0927,0.174
LOC100996442,0.10704511,0.0921,0.174
LRRC47,0.05663275,0.0922,0.174
USP29,-0.8265731,0.0925,0.174
EPHB4,-0.1181184,0.0928,0.174
SRP19,-0.2426733,0.0928,0.174
LOC107984029,-0.10744477,0.0927,0.174
COX3,0.10098643,0.0925,0.174
SHH,-0.39350107,0.0925,0.174
APOC1,-0.8851863,0.0934,0.175
ZNF586,0.1824587,0.0934,0.175
TNFRSF8,-0.19511709,0.0932,0.175
NEUROG3,-0.5741658,0.0932,0.175
BCCIP,0.1317117,0.0937,0.175
KCTD21,-0.09517207,0.093,0.175
GOLGA7B,-0.10967645,0.0928,0.175
PPP6R1,-0.11018544,0.0933,0.175
SNORD14B,-0.11743108,0.0931,0.175
TUBE1,0.07118894,0.093,0.175
SCARNA8,0.17241923,0.0929,0.175
ENTPD1-AS1,-0.07747709,0.093,0.175
GRIA3,0.18481657,0.0933,0.175
IGFL1,-0.38171445,0.0931,0.175
CD6,-0.23824123,0.093,0.175
MYRF,-0.6821371,0.0932,0.175
MIR1255A,-0.14613999,0.0929,0.175
TROAP,-0.4774435,0.0936,0.175
LOC105375208,0.1086963,0.0939,0.176
LOC338694,-0.2635463,0.0937,0.176
TEPP,0.25587042,0.0937,0.176
NDP,-0.3370406,0.0942,0.176
PRRT3,0.1101862,0.0936,0.176
LOC107985991,0.21875934,0.0937,0.176
LOC107984573,-0.09603645,0.0938,0.176
LOC101928096,-0.10481747,0.0936,0.176
MYO7B,-0.1753567,0.0934,0.176
FAM53B-AS1,-0.09292214,0.094,0.176
ZKSCAN8,-0.05290849,0.0939,0.176
ZNF778,0.04946355,0.0939,0.176
MIR3936HG,0.10892139,0.0934,0.176
MED11,0.07023503,0.094,0.176
ACKR5,-0.8839892,0.0946,0.177
TFPT,-0.251668,0.095,0.177
FAM124B,0.5468352,0.0949,0.177
FARSB,0.06503983,0.0944,0.177
LDB2,-0.11864235,0.0942,0.177
GNRHR2,0.05159973,0.0941,0.177
SNX14,0.05251423,0.0941,0.177
LOC101929547,0.15726657,0.0944,0.177
HTN1,-1.2193161,0.095,0.177
PRRT1,0.14222843,0.0942,0.177
DCAF10,0.03062392,0.0943,0.177
OCEL1,-0.217117,0.095,0.177
LINC00696,0.26144256,0.0943,0.177
EHBP1,-0.06500048,0.0944,0.177
SEMA6A-AS2,0.12900994,0.0941,0.177
MAP1B,-0.1980808,0.0947,0.177
KIF18B,0.2333135,0.0949,0.177
LOC105372622,0.24231222,0.0945,0.177
LOC100422556,-0.12190518,0.0943,0.177
ZNF503,0.15865351,0.0941,0.177
FAM178B,-0.25326963,0.0943,0.177
LOC105375489,0.06819794,0.0943,0.177
OTUD7A,0.1118091,0.0943,0.177
PRAG1,-0.10989698,0.0945,0.177
A4GALT,-0.4474339,0.0946,0.177
GNG13,0.8992834,0.0948,0.177
CDT1,-0.423336,0.0951,0.177
UNC5C-AS1,0.28681682,0.0945,0.177
STMN4,-0.7459564,0.0946,0.177
ILVBL,0.07796784,0.095,0.178
N4BP2,0.06846004,0.0948,0.178
DNASE2B,-0.6861932,0.0954,0.178
CDCA5,-0.14327304,0.0948,0.178
TNS4,-0.18184521,0.0951,0.178
HSFX4,0.10468912,0.0947,0.178
MARK1,-0.0829179,0.0953,0.178
SNORA94,0.08992774,0.0951,0.178
TEX30,0.09009025,0.0948,0.178
FLNB-AS1,-0.07004817,0.0948,0.178
VAT1,0.07296487,0.0952,0.178
LOC100652999,-0.11785074,0.0953,0.178
CMTR1,0.1787641,0.0955,0.178
CCDC106,-0.11409667,0.0947,0.178
CYP17A1-AS1,0.20759565,0.095,0.178
MYLK-AS2,-0.15806286,0.0949,0.178
NOL10,0.2787829,0.0955,0.178
HPSE,0.3423418,0.0958,0.178
LINC00511,-0.1944452,0.095,0.178
LINC02603,-0.05299279,0.0953,0.178
FAM78B-AS1,-0.11266344,0.0955,0.179
PLA2G2D,0.7874167,0.0965,0.179
SNORD47,0.1155604,0.096,0.179
GET1,-0.1258856,0.0963,0.179
SYT13,-0.9388204,0.0963,0.179
LOC107985719,0.24934786,0.096,0.179
LOC100505715,0.12747614,0.0959,0.179
S100A16,0.09971431,0.0954,0.179
SLC16A8,0.16040139,0.096,0.179
HLA-DQB1,-0.8105873,0.0962,0.179
SNORD19C,-0.12876888,0.0961,0.179
SLC38A12,0.2497202,0.096,0.179
ACSL3,-0.11336975,0.0959,0.179
REC114,0.09074401,0.096,0.179
HAUS5,0.08393904,0.0954,0.179
MT4,0.443047,0.0966,0.179
ZNF677,0.10066654,0.0961,0.179
ZSCAN1,-0.28458174,0.0961,0.179
LOC105370763,0.15643612,0.0957,0.179
ZNF516-AS1,0.1427306,0.0957,0.179
FOXL2,-0.8742834,0.0962,0.179
GARIN5A,0.13360558,0.0957,0.179
RPL22L1,0.10558684,0.0959,0.179
SEC22B,-0.06411957,0.0956,0.179
MYCBP,0.06313352,0.0957,0.179
IL31RA,0.22962563,0.0954,0.179
LOC101929894,0.09582276,0.096,0.179
MAP3K5-AS1,0.11184841,0.0957,0.179
ZNF222,-0.08559862,0.0961,0.18
TRC-GCA22-1,-0.13757266,0.0963,0.18
LOC112267939,-0.16622686,0.0967,0.18
VSTM2L,0.23899134,0.0962,0.18
VCPKMT,0.05422999,0.0964,0.18
TOP1MT,0.08122804,0.0961,0.18
LINC02166,-0.22474459,0.0966,0.18
MT1M,0.4301017,0.0968,0.18
OXSM,0.1319135,0.0973,0.18
PTPMT1,-0.04699174,0.0966,0.18
HSDL2,-0.1724092,0.097,0.18
SH3BP2,0.1393476,0.0969,0.18
FDFT1,-0.2422577,0.0971,0.18
PPIA,0.06964864,0.0968,0.18
SNHG14,0.06636252,0.0963,0.18
PCDHA7,-0.23185131,0.0974,0.181
LOC101927947,-0.17206948,0.0972,0.181
PRSS27,-0.20438236,0.0969,0.181
OLFM1,0.11523691,0.0971,0.181
LHPP,-0.276045,0.0974,0.181
LINC01091,0.18069379,0.0968,0.181
AURKA,-0.11155433,0.0973,0.181
LOC105374179,0.22621853,0.0969,0.181
GOLGA6L4,0.05893689,0.0972,0.181
BEAN1-AS1,0.19784537,0.0974,0.181
PRR15L,-0.3774456,0.0976,0.181
KLHL41,0.0941567,0.0974,0.181
LOC105379869,-0.17104431,0.0972,0.181
LOC105369798,-0.17639357,0.0972,0.181
ZNF300,0.07157207,0.0971,0.181
CEP43,0.05170742,0.0973,0.181
CELSR2,0.15841806,0.0968,0.181
PDSS1,0.04695857,0.0968,0.181
TRPM3,0.14781767,0.0975,0.181
PLCL1,-0.09800321,0.0969,0.181
CCDC28A,0.1873569,0.0982,0.182
BUB1,-0.2345981,0.0981,0.182
MRPS27,0.1190084,0.0987,0.182
SELENOO-AS1,0.08322368,0.098,0.182
MIR576,0.16191276,0.0977,0.182
VENTXP1,-0.8360826,0.0982,0.182
PGAM2,-0.6432531,0.0981,0.182
SPC25,0.4420022,0.0982,0.182
ZNF548,0.03577189,0.0976,0.182
LOC101927888,-0.30199533,0.098,0.182
CKS1B,0.07715797,0.0975,0.182
LINC02035,0.05686891,0.0978,0.182
CLIC5,-0.15505388,0.0981,0.182
LOC101929650,0.28045584,0.0982,0.183
LECT2,-0.8996181,0.0992,0.183
LOC105370563,-0.09368047,0.0981,0.183
PMEL,-0.5629442,0.0989,0.183
CUTA,0.1033264,0.0994,0.183
SNCG,-0.661403,0.0989,0.183
LOC105375387,0.4051329,0.0982,0.183
LOC107986613,0.12825463,0.0984,0.183
PACSIN3,0.08515675,0.0984,0.183
SPATA18,0.08544939,0.0985,0.183
BOLA1,0.06981397,0.0987,0.183
CLIP2,-0.2730586,0.0991,0.183
DHODH,0.2042875,0.0995,0.183
MIR3655,0.0970426,0.0984,0.183
CDR2,0.1603654,0.0991,0.183
PCMTD2,0.1878322,0.0995,0.183
FAM72A,0.0977894,0.0985,0.183
PLEKHF1,-0.10853555,0.0982,0.183
LOC107984445,0.19568795,0.0983,0.183
MHENCR,-0.12988477,0.0988,0.183
TESC,-0.3951266,0.0989,0.183
MCM8-AS1,0.14739306,0.0983,0.183
GPR143,0.1703388,0.0986,0.183
ZNF835,-1.0522209,0.0994,0.183
SLC25A23,0.12405147,0.0986,0.183
RAB19,-0.27039181,0.0982,0.183
LINC00339,-0.0904159,0.0992,0.184
APOH,-0.7488901,0.0997,0.184
JPH4,0.12982646,0.0989,0.184
LENEP,0.16613703,0.0993,0.184
HEY2,-0.24808,0.0997,0.184
RAVER1,-0.1604035,0.0994,0.184
LOC107984989,-0.1500085,0.0992,0.184
PHETA1,0.08823746,0.0989,0.184
TNFSF15,-0.17760746,0.0995,0.184
LOC105370190,0.12393001,0.0993,0.184
ABCB1,0.3541068,0.1,0.184
TTC14,0.05818477,0.0993,0.184
MIATNB,0.07156174,0.0992,0.184
VILL,0.06118355,0.0992,0.184
MS4A5,0.8269329,0.0996,0.184
LOC107986007,-0.18237073,0.099,0.184
PCCA-AS1,0.09558123,0.0995,0.184
SCGB1B2P,0.30388753,0.0989,0.184
TEX38,-0.1462342,0.0989,0.184
LOC105375805,0.15667745,0.0998,0.185
LGI4,-0.15298008,0.0996,0.185
PRDM11,-1.1113918,0.1,0.185
CDCA8,-0.3089559,0.1,0.185
FBXO36,0.08006282,0.0996,0.185
BRCA1,-0.178396,0.101,0.185
AHRR,0.13931732,0.0997,0.185
LOC105370335,0.11494929,0.0995,0.185
DNALI1,-0.08292422,0.0996,0.185
CYLC2,-0.7666551,0.101,0.185
TMEM186,-0.1837222,0.101,0.185
CLK2,0.2183962,0.101,0.185
CLHC1,-0.10322913,0.0998,0.185
LOC105373768,0.26377558,0.0999,0.185
NSDHL,-0.3182576,0.1,0.185
MIR1825,-0.12435565,0.1,0.185
LOC105375322,0.22189254,0.0998,0.185
TIPARP-AS1,0.12550352,0.101,0.186
PYCR2,-0.06074968,0.101,0.186
HOXD10,0.16353473,0.1,0.186
NOL6,-0.1876697,0.102,0.186
DOC2GP,0.17345647,0.1,0.186
WDR35,0.05396222,0.1,0.186
KMT5C,0.10968704,0.101,0.186
CD40LG,-0.19254949,0.101,0.186
RFX1,-0.15619734,0.1,0.186
LINC00648,0.29723219,0.101,0.186
LOC105379827,0.10581824,0.1,0.186
GRP,0.9860984,0.101,0.186
DKK4,-0.6816097,0.102,0.186
CDYL,0.1118186,0.101,0.186
LOC107985467,0.19667023,0.1,0.186
PRPS2,0.07080068,0.1,0.186
ACYP2,0.05495096,0.101,0.186
RHAG,-0.4184659,0.102,0.187
ZNF623,0.0429467,0.101,0.187
LOC105369669,0.08617937,0.101,0.187
LOC101927770,-0.09236008,0.101,0.187
CH507-42P11.6,0.14667627,0.101,0.187
CLDN10,-0.7192094,0.102,0.187
LOC102723814,0.16852696,0.101,0.187
ZFP30,0.05597798,0.101,0.187
MPV17L,0.14933153,0.101,0.187
LOC105378717,0.17367436,0.101,0.187
DOCK8-AS1,-0.12629582,0.101,0.187
MOG,-0.6614358,0.102,0.187
LOC731075,0.06809531,0.101,0.187
MROH6,0.15163269,0.101,0.187
PLBD1-AS1,0.12644627,0.101,0.187
DPP9-AS1,-0.10948014,0.101,0.187
MYOD1,-0.3906424,0.103,0.188
ST7-AS2,-0.08109682,0.102,0.188
PRRT3-AS1,0.10460122,0.102,0.188
LOC105370821,0.1804619,0.102,0.188
ST7L,0.06561868,0.102,0.188
MIR1273C,-0.19803552,0.102,0.188
ATP1B2,-0.4474148,0.103,0.188
LOC107984766,-0.28026072,0.102,0.188
NOP16,0.07397908,0.102,0.188
RNF32-DT,-0.11906519,0.102,0.188
IGSF1,0.19836391,0.102,0.188
TTC21B-AS1,0.11762503,0.102,0.188
CCDC8,-0.15760572,0.102,0.188
LOC105377713,-0.1782204,0.102,0.188
CDC42-AS1,-0.14354263,0.102,0.188
ROPN1,0.23844396,0.102,0.188
ARHGAP11A-DT,0.10980183,0.102,0.188
HM13-AS1,-0.15984615,0.102,0.188
RPA2,0.1120787,0.103,0.189
BCAP31,-0.139515,0.104,0.189
RASSF8-AS1,-0.13059353,0.102,0.189
H3C4,-0.12880198,0.102,0.189
NOB1,0.05266624,0.103,0.189
SOX5-AS1,0.13817818,0.102,0.189
LINC02709,-0.10757893,0.103,0.189
LOC107986859,-0.16642198,0.102,0.189
ERP44,0.1049579,0.103,0.189
LOC107986672,-0.23345108,0.103,0.189
BNIP3L,0.1289078,0.103,0.189
TMEM38B,0.0876371,0.103,0.189
LEPROTL1,0.1039613,0.103,0.189
SPMAP2,-0.7011586,0.104,0.189
COXFA4,-0.0935499,0.104,0.189
BCL9,0.08462557,0.103,0.189
MIR1306,-0.10258237,0.103,0.19
MMP24,-0.6506852,0.104,0.19
ELF3,-0.2328593,0.104,0.19
ARSG,-0.06010735,0.103,0.19
CDC25A,-0.14513142,0.103,0.19
VIM,-0.10330335,0.103,0.19
WRNIP1,0.03426035,0.103,0.19
LOC105370519,0.2300388,0.103,0.19
ARPC1A,-0.1144852,0.104,0.19
PHKA1,0.2280595,0.104,0.19
TRBV29OR9-2,0.15512885,0.104,0.191
PAGE4,0.9816445,0.105,0.191
TRAPPC5,0.05808305,0.104,0.191
EXO5,-0.06971005,0.104,0.191
WDR41,0.370535,0.105,0.191
PRMT2IP,-0.1227607,0.105,0.191
LOC105373421,0.24398576,0.104,0.191
C3ORF62,-0.05670512,0.104,0.191
NFATC1,-0.12290431,0.104,0.191
OR2H1,-0.8897096,0.105,0.191
LOC107985320,0.12075864,0.104,0.191
CLIC2,-0.12973901,0.104,0.191
SERHL,0.12198183,0.104,0.191
FBXO24,-0.7041079,0.105,0.191
COX6A2,0.5339,0.105,0.191
LOC105375213,-0.11702903,0.104,0.191
GOLGA6L10,0.14698425,0.104,0.191
PLXNB2,0.1475402,0.105,0.191
MRPS14,-0.102263,0.105,0.191
A2MP1,-0.21971696,0.104,0.191
MGRN1,-0.12831501,0.104,0.191
LOC101929918,-0.08773504,0.104,0.191
PLEKHM1P1,0.08276685,0.104,0.191
BRD8,-0.1667704,0.106,0.192
CD248,-0.2375777,0.106,0.192
LOC105370820,-0.18759342,0.105,0.192
LOC105375536,0.19231704,0.104,0.192
PLSCR2,-0.20190833,0.104,0.192
KRTCAP2,-0.06570873,0.105,0.192
LOC107985145,0.14748382,0.105,0.192
CCR10,0.3554578,0.105,0.192
LOC112267909,0.19798581,0.105,0.192
GOLGA8M,-0.09577101,0.104,0.192
ALOX15,-0.7791421,0.106,0.192
ATP5MG,0.1599764,0.105,0.192
LOC105378819,-0.20261078,0.104,0.192
CCP110,0.05126124,0.104,0.192
HIGD1B,0.7452772,0.106,0.192
LOC107987043,0.0565735,0.105,0.192
SBDSP1,-0.06818694,0.104,0.192
CASK,-0.12927,0.105,0.192
TRIM11,-0.09460769,0.105,0.193
LOC105376171,0.11233511,0.105,0.193
HOXC13,0.4082073,0.107,0.193
CA7,-0.7239325,0.106,0.193
IQCH-AS1,0.08697395,0.105,0.193
LINC00598,-0.12949517,0.105,0.193
HEMK1,0.1178821,0.106,0.193
CUX2,-0.811478,0.106,0.193
PPAN,0.2029644,0.106,0.193
AQP11,0.08988292,0.105,0.193
SETD1B,0.3337737,0.106,0.193
LOC339666,-0.15393579,0.105,0.193
LOC107984425,0.15139491,0.105,0.193
MIR943,0.13961848,0.105,0.193
HSPA7,-0.22325451,0.106,0.194
ZNF497,-0.12736027,0.106,0.194
GOLGA8IP,-0.16399761,0.106,0.194
SLC2A1-DT,0.16419806,0.106,0.194
LOC105375463,-0.18480237,0.106,0.194
LOC105371632,0.11172867,0.106,0.194
LOC105379460,0.1291391,0.106,0.194
HLTF,-0.1359625,0.107,0.194
LOC107986252,0.23330999,0.106,0.194
NSMCE2,0.04851947,0.106,0.194
LOC107987182,0.07094962,0.106,0.194
MCRIP2,-0.12103121,0.106,0.194
ADRA1B,-0.21959901,0.106,0.194
LOC105375219,0.20426006,0.106,0.194
LOC105369373,-0.08873029,0.106,0.194
SYNJ2BP-COX16,0.05443239,0.107,0.195
NEK2,-0.6791776,0.108,0.195
ZBTB37,0.04617548,0.106,0.195
DNAAF4,0.12967488,0.107,0.195
GPR137B,0.1041614,0.108,0.195
IFNA1,-1.0090442,0.108,0.195
VAMP8,0.08222271,0.107,0.195
NAF1,0.0539806,0.106,0.195
MMP25-AS1,-0.15613632,0.106,0.195
PIGBOS1,-0.06467352,0.106,0.195
LOC105369907,0.3099822,0.106,0.195
RETSAT,-0.1511214,0.108,0.195
PRKAA1,-0.04959509,0.106,0.195
ERC2,0.6888457,0.108,0.195
ERVH48-1,0.11182742,0.106,0.195
TLCD1,0.12550701,0.107,0.196
SYT6,0.37360109,0.107,0.196
LINC00265,0.09420137,0.107,0.196
ACY1,-0.13793859,0.107,0.196
C11ORF58,-0.0949197,0.109,0.196
FASTKD2,0.04680959,0.107,0.196
LOC105372087,-0.27620071,0.107,0.196
DEPDC7,-0.11008116,0.107,0.196
GATA6,-0.3514548,0.109,0.196
GUSBP15,0.11770117,0.107,0.196
HS6ST1,-0.11532837,0.107,0.196
RDM1P5,-0.1298798,0.107,0.196
ARF3,-0.04703345,0.107,0.196
LINC01094,-0.18672919,0.107,0.196
ADAMTS14,-0.23242289,0.107,0.196
TIMM23,-0.05039814,0.107,0.196
LOC105369625,0.09510575,0.107,0.196
NOS2,0.8739658,0.108,0.196
UTF1,0.4495356,0.108,0.196
SLC66A3,-0.0565448,0.107,0.196
HSD17B1-AS1,0.08403679,0.108,0.197
WASHC3,0.1257308,0.109,0.197
LOC105377473,0.33431444,0.108,0.197
SCN2B,-0.4969579,0.109,0.197
TRS-TGA4-1,0.19719831,0.108,0.197
BFSP1,-0.2985814,0.109,0.197
AQP3,0.1400827,0.109,0.197
MIR12132,0.20459968,0.108,0.197
ESRRB,-0.2406535,0.108,0.197
COPS2,0.05494095,0.108,0.197
PKD1L2,0.28382692,0.108,0.197
LOC107985057,0.10753794,0.108,0.197
MYH3,0.19713235,0.108,0.197
LOC105375446,-0.18972325,0.108,0.197
PIDD1,0.11367044,0.108,0.197
FGF17,0.19114102,0.108,0.197
UGT2B4,-0.9889463,0.109,0.197
PSMA2,0.0862954,0.11,0.197
CHRM3,-0.5994925,0.109,0.197
HSD17B2-AS1,0.2579608,0.108,0.197
ITPRID1,0.32859428,0.108,0.197
RBM34,-0.1441098,0.109,0.197
SLC9B1,0.06899271,0.108,0.197
LOC105374328,0.14510177,0.109,0.198
FAM13C,-0.0912344,0.109,0.198
LOC105369617,-0.4826791,0.109,0.198
ZNF470-DT,0.10080032,0.108,0.198
MYEOV,0.23433927,0.109,0.198
DOK6,-0.13474542,0.109,0.198
CSNK1A1P1,0.13373774,0.109,0.198
MYOCD,-0.23042397,0.109,0.198
LOC105374942,0.2111132,0.109,0.198
VPREB1,-0.8252225,0.11,0.198
ZC3H11C,0.05299306,0.109,0.198
LOC105371529,0.213087,0.108,0.198
LOC105377799,0.28081062,0.109,0.198
LOC105376991,-0.10801471,0.109,0.198
KCNA7,0.2240161,0.109,0.198
ZNF304,0.04022197,0.108,0.198
SNORA5B,-0.18388332,0.109,0.198
LOC101928556,0.08300959,0.109,0.198
HYAL1,0.2920168,0.11,0.198
LINC02602,-0.20881882,0.108,0.198
DUSP14,0.2379372,0.11,0.198
CIT,-0.09312703,0.109,0.199
FAM3C,-0.09988499,0.109,0.199
SNORD107,0.15009469,0.109,0.199
PHF6,0.04804263,0.11,0.199
ZNF497-AS1,0.12619963,0.109,0.199
SLMAP,0.05977754,0.109,0.199
LOC107984265,0.17730799,0.109,0.199
LINC02066,-0.42142732,0.109,0.199
C2ORF72,0.37235028,0.109,0.199
C20ORF202,-0.17610546,0.109,0.199
LOC105379020,0.17643011,0.109,0.199
C11ORF21,-0.18853822,0.109,0.199
CARD19,0.07795022,0.109,0.199
NAT14,-0.11331572,0.109,0.199
SLC22A3,-0.2614286,0.111,0.199
SNORD73B,0.171184,0.11,0.2
LOC100506472,0.13102238,0.11,0.2
ZNF319,-0.10186814,0.11,0.2
ND5,-0.2283191,0.11,0.2
TSC22D1-AS1,-0.0896411,0.11,0.2
ST7-AS1,0.08327604,0.11,0.2
CRHR2,-0.8291586,0.111,0.2
ASCC2,-0.1404038,0.111,0.2
LINC01181,-0.27845451,0.11,0.2
COMTD1,0.11060879,0.11,0.2
MAGI2,-0.2165182,0.112,0.2
ZNF287,-0.3489508,0.111,0.2
SLC34A3,0.13636489,0.11,0.2
CCDC85A,-0.14492372,0.11,0.2
LOC105374724,0.12488367,0.11,0.2
UBE2R2,0.04925213,0.11,0.2
LOC107984244,-0.14535527,0.11,0.2
TMSB4Y,0.7916749,0.111,0.2
FAM72C,0.10895105,0.111,0.201
DGUOK,0.04621353,0.111,0.201
LOC105377106,0.09663386,0.111,0.201
TRMT112,0.115574,0.112,0.201
LOC107985998,-0.16192964,0.111,0.201
HFE-AS1,-0.11595021,0.111,0.201
CCDC6,-0.2694106,0.112,0.201
CBR4,-0.1397075,0.112,0.201
LOC107987284,0.25334817,0.111,0.201
C16ORF95-DT,0.16236596,0.11,0.201
APCDD1L-DT,0.1593564,0.11,0.201
LOC105372226,0.08912493,0.111,0.201
LOC107984438,-0.07989265,0.111,0.201
PDP2,-0.08535524,0.111,0.202
LOC105371998,-0.07838509,0.111,0.202
SPHK2,-0.2077667,0.113,0.202
HOXB9,-0.4894399,0.113,0.202
CRNN,-0.29958701,0.111,0.202
LOC105371362,-0.10385411,0.111,0.202
TMEM38A,0.15196301,0.111,0.202
MCM5,-0.08098399,0.111,0.202
IL1B,-0.3387296,0.113,0.202
AACS,-0.2450508,0.112,0.202
RBM4,0.03612907,0.112,0.202
LOC102723480,0.19204013,0.112,0.202
LYSET,0.1067587,0.113,0.202
ZNF214,-0.6012502,0.113,0.202
KCNG2,-0.4476815,0.113,0.202
LOC107986453,-0.1553402,0.111,0.202
MT1X,0.2666825,0.113,0.203
SLC67A2,-0.1546143,0.113,0.203
HIC2,-0.1421917,0.114,0.203
PIN1P1,-0.3017172,0.114,0.203
LOC112268284,0.16760014,0.112,0.203
CRYBB2P1,-0.6207476,0.114,0.203
RASAL2,-0.06422989,0.112,0.203
LOC107984805,0.07542367,0.112,0.203
STKLD1,0.10474476,0.112,0.203
LOC408186,0.30168325,0.113,0.204
ENPP1,-0.22321572,0.112,0.204
MIR4658,0.12504491,0.112,0.204
ROCK1P1,-0.09760615,0.113,0.204
S100A4,-0.1749881,0.114,0.204
ART1,-0.4799415,0.114,0.204
WNT5B,0.10168449,0.113,0.204
LOC101927896,0.23594511,0.113,0.204
LOC105374341,0.08695958,0.112,0.204
MYBL2,-0.17020918,0.113,0.204
LINC01592,-0.36268252,0.112,0.204
LOC102723716,-0.16099399,0.113,0.205
CASC3,0.0882629,0.115,0.205
FADS1,-1.0248386,0.115,0.205
RNF125,0.2604631,0.115,0.205
FABP2,-0.7452573,0.115,0.205
SNORD36A,0.0990642,0.113,0.205
CYP24A1,-0.35170251,0.113,0.205
COL27A1,-0.10197641,0.114,0.205
LAPTM4B,0.05668134,0.113,0.205
ITPR2,0.08885681,0.113,0.205
DACT3-AS1,-0.19705327,0.113,0.205
AP5Z1,0.10262267,0.113,0.205
RELL2,0.10349219,0.113,0.205
LOC105369331,0.18881201,0.113,0.205
MISP,-0.27875694,0.113,0.205
BMERB1,0.10445423,0.113,0.205
POP1,0.1476445,0.115,0.205
LOC105375721,0.15513601,0.113,0.205
CRTAC1,-0.13875621,0.113,0.205
PKLR,-0.8643076,0.116,0.206
NCR3LG1,-0.10733976,0.114,0.206
LOC102723728,-0.07039828,0.114,0.206
HTR1E,-0.6304164,0.116,0.206
LINC02284,0.15670013,0.114,0.206
SPANXB1,-0.8523513,0.116,0.206
MLH3,0.04916225,0.114,0.206
RAPGEF5,0.1490697,0.116,0.206
LOC107984410,0.16933207,0.114,0.206
LOC112267914,-0.15755727,0.114,0.206
HIGD1A,0.0941642,0.115,0.206
SNORA24,0.12297912,0.115,0.207
RAPGEF3,0.13657144,0.115,0.207
CASKIN2,-0.1735971,0.116,0.207
FAM163A,-0.7183921,0.116,0.207
COCH,-0.6452372,0.116,0.207
CYP21A2,0.1952905,0.114,0.207
PSMC1,0.05113521,0.114,0.207
CNGA1,0.11060065,0.115,0.207
CCDC168,0.19123216,0.115,0.207
LOC107986257,0.12979739,0.115,0.207
ATP5MC3,0.1453237,0.116,0.207
PLB1,0.12132096,0.115,0.207
SMTNL2,-0.36502153,0.115,0.207
LOC105379195,-0.08151667,0.115,0.207
ACTR6,0.08328814,0.115,0.207
ARL14EP,-0.05903427,0.115,0.207
DYNC2H1,-0.2151367,0.116,0.207
LINC00910,0.08559397,0.114,0.207
CCT6B,-0.2275639,0.116,0.207
HDDC2,0.0788815,0.115,0.207
LOC101927825,-0.07764749,0.115,0.207
ARHGEF19,0.12844596,0.115,0.207
LOC105378979,0.17766161,0.114,0.207
TENT4A,0.06957725,0.115,0.208
CENPM,0.11669065,0.115,0.208
PLPPR1,-0.3416926,0.117,0.208
ZNF385D-AS1,-0.19427184,0.115,0.208
ZSWIM1,0.05095876,0.115,0.208
MARCHF6-DT,0.11594959,0.115,0.208
DUSP7,-0.1312232,0.117,0.208
MPC2,-0.1687688,0.117,0.208
SPRY1,0.1201096,0.117,0.208
DPF2,-0.1624761,0.117,0.208
LOC105373264,0.10007525,0.115,0.208
CTAGE6,0.16456539,0.115,0.208
LINC01107,-0.18112723,0.115,0.208
CCDC93,0.03649105,0.115,0.208
KDM6A,0.10493278,0.115,0.208
STEAP3,-0.1896091,0.118,0.209
NOC2L,0.07326111,0.116,0.209
TMPRSS11D,-0.26347956,0.116,0.209
IRAK4,-0.05359475,0.116,0.209
ZNF655,0.05168666,0.116,0.209
SLC11A2,0.07187607,0.116,0.209
SRSF9,0.1186374,0.118,0.209
EDEM1,0.0997652,0.117,0.209
NUP54,0.05084893,0.116,0.209
INTU,0.06737585,0.116,0.209
PTCH1,-0.2555348,0.118,0.209
EIF2AK1,-0.0992426,0.118,0.209
ZNF671,-0.07221027,0.116,0.209
RAB12,0.04909668,0.116,0.209
RNF187,-0.0942987,0.118,0.209
ND4L,-0.18440786,0.116,0.209
HAUS1,0.06356631,0.116,0.209
GK3,-0.07921653,0.116,0.209
TTLL11,-0.08267078,0.116,0.209
LOC105376652,0.18136246,0.116,0.209
LOC107985944,-0.13139384,0.116,0.209
SKAP1,-0.15748201,0.116,0.209
HECTD2,-0.06681302,0.116,0.209
RPS28,0.11468549,0.116,0.209
TAS2R50,-0.14286941,0.117,0.21
FAM217A,0.11997847,0.117,0.21
POLR1A,-0.08099741,0.117,0.21
UBXN4,-0.1234385,0.119,0.21
SNORA35B,-0.19823534,0.117,0.21
LTB4R2,-1.3205825,0.119,0.21
HESX1,-0.4126456,0.119,0.21
SUGT1P4-STRA6LP-CCDC180,0.10627037,0.117,0.21
RAD23B,0.05865146,0.117,0.21
LOC105374114,-0.07128907,0.117,0.21
BSN,-0.8674604,0.118,0.21
TMPRSS15,-0.5953601,0.118,0.21
DPY19L2P4,-0.17545844,0.117,0.21
SCAANT1,0.12278798,0.117,0.21
CRNKL1,-0.1488069,0.119,0.21
CCL23,0.5672259,0.118,0.21
CERK,0.1485462,0.119,0.21
POU3F4,-0.745584,0.119,0.21
LOC105369403,0.10558986,0.117,0.21
CAMKK1,0.12754073,0.117,0.21
TRIM26,-0.04238731,0.117,0.21
MRPL19,0.2374695,0.119,0.21
LINC01132,-0.22496802,0.117,0.21
ND6,-0.13950301,0.117,0.21
NXPE1,0.14686881,0.117,0.21
NUP205,0.05535557,0.117,0.21
LNX2,0.06869535,0.117,0.21
CABLES1,-0.06795812,0.117,0.21
ANP32D,-0.8519943,0.119,0.21
LOC105376624,0.21344262,0.117,0.21
LOC105373087,-0.3551748,0.117,0.21
POLR2B,-0.05090457,0.117,0.21
LOC105379426,0.23331076,0.118,0.211
UNC5C,-0.17432632,0.117,0.211
PWAR6,0.10651501,0.117,0.211
PCF11-AS1,0.06699989,0.118,0.211
ADAMTS15,-0.23111253,0.118,0.211
EPB41L1-AS1,-0.11346823,0.118,0.211
NBPF8,0.05577416,0.118,0.211
ERMARD,0.04581238,0.118,0.211
LOC105379404,-0.17259105,0.118,0.211
CHKB-DT,0.12214219,0.118,0.211
HPF1,0.05989057,0.118,0.211
LOC100129215,0.13140777,0.118,0.211
SERINC5,0.05117426,0.117,0.211
TAFAZZIN,-0.1944268,0.119,0.211
RLN2,-0.2743716,0.12,0.211
MAMDC4,0.11938375,0.118,0.211
GLG1,-0.04944571,0.119,0.212
LOC107985511,0.42937621,0.118,0.212
DNAJC5,-0.06724732,0.118,0.212
C7ORF50,-0.07146943,0.118,0.212
MTTP,-0.7670351,0.12,0.212
LINC00506,-0.14193049,0.118,0.212
TBC1D20,0.04121071,0.118,0.212
SRP9,0.06013417,0.118,0.212
SNAP29,0.07480313,0.118,0.212
LYSMD2,-0.10555722,0.118,0.212
TMEM19,0.09774249,0.118,0.212
TIMM50,-0.04601512,0.118,0.212
SEC16A,0.0961279,0.12,0.212
CAPN1-AS1,0.11488348,0.119,0.212
PPDPFL,0.32582189,0.119,0.212
IRGM,0.15072509,0.118,0.212
NT5C1B-RDH14,0.05320936,0.119,0.212
TOP3A,-0.2783733,0.121,0.213
KRT2,0.20142221,0.119,0.213
LOC102724250,-0.11767636,0.119,0.213
NUTM2A,-0.10738784,0.119,0.213
FAM228A,0.16838382,0.119,0.213
HTR3B,0.6689914,0.121,0.213
RDH11,-0.2743823,0.121,0.213
LOC112268006,-0.06077025,0.119,0.213
FBH1,-0.02580461,0.119,0.213
SLU7,0.05152558,0.119,0.213
HINFP,0.05520563,0.119,0.213
RPL23AP64,0.06323671,0.119,0.213
LOH12CR2,-0.14962421,0.119,0.213
TRPC2,-0.24553138,0.119,0.213
CLYBL-AS1,0.16010491,0.119,0.213
SFI1,0.06854808,0.12,0.214
SERPINB12,0.16219859,0.12,0.214
ANKAR,0.0623395,0.12,0.214
LOC105369872,-0.24465833,0.12,0.214
LOC105371115,-0.08714021,0.12,0.214
RFWD3,0.1620958,0.121,0.214
SLC26A10P,-0.7558333,0.122,0.214
LOC101929289,0.12980059,0.12,0.214
LOC105369795,-0.19215493,0.12,0.214
E2F7,-0.13971765,0.12,0.214
NHSL1,0.06914632,0.12,0.214
UMPS,-0.04167643,0.12,0.214
LOC105374152,0.06454778,0.12,0.214
LINC01352,0.24078059,0.119,0.214
UGT2A1,0.41600697,0.12,0.214
WDR5B-DT,0.08293509,0.12,0.214
PARD6A,-0.1390866,0.12,0.214
TRK-CTT2-2,-0.20690662,0.12,0.214
ERCC6L,-0.2980502,0.121,0.214
PRR13,-0.05889206,0.12,0.214
ND4,-0.20831161,0.119,0.214
H2AC20,0.07303471,0.12,0.214
CTNS-AS1,0.11297922,0.12,0.214
LINC01659,0.26257198,0.12,0.215
MTA2,0.05810364,0.121,0.215
LOC105369755,0.10286316,0.12,0.215
LOC112268455,0.0949029,0.121,0.215
GPR20,-0.8026817,0.122,0.215
MIR497,0.2006828,0.121,0.215
MTX2,0.1143648,0.122,0.215
PDCL3P4,0.11630363,0.12,0.215
EIF2B5-DT,0.1365342,0.121,0.215
ZNF135,0.3135455,0.122,0.215
ARPP19,-0.0660033,0.122,0.215
NT5DC3,-0.09519198,0.12,0.215
CKMT1A,0.12894867,0.121,0.215
LINC00920,0.18141453,0.121,0.215
SLC22A25,0.18526893,0.121,0.216
THOC6,-0.1535311,0.123,0.216
RAP2C,0.03838699,0.121,0.216
HERC2P4,-0.4360229,0.121,0.216
CACHD1,-0.06658638,0.121,0.216
TAF5L,-0.04069553,0.121,0.216
MAD2L1BP,-0.0562435,0.121,0.216
OAT,-0.0760924,0.123,0.216
ZNF605,0.06754403,0.121,0.216
CDH16,-0.7783488,0.123,0.216
SIX6,-0.7931219,0.124,0.217
LOC105376237,0.22032562,0.122,0.217
NLGN1,-0.2787466,0.124,0.217
ERC2-IT1,0.7153604,0.124,0.217
FUT5,-0.6597982,0.124,0.217
H2BC10,-0.3792259,0.124,0.217
NR1D1,0.3368526,0.124,0.217
OTUD4,-0.362342,0.124,0.217
CCDC7,-0.725867,0.123,0.217
TTC13,0.1787567,0.124,0.217
LOC107984984,-0.08362583,0.122,0.217
WHAMM,0.03765614,0.122,0.217
LRRK2,0.07629599,0.122,0.217
STMP1,-0.04543845,0.122,0.217
COX1,-0.12015293,0.122,0.217
CLPTM1L,-0.06131577,0.122,0.217
GTF2H2C,-0.09307002,0.122,0.217
LOC107984435,0.19199423,0.122,0.217
S100A2,0.2754337,0.123,0.217
LOC107987220,0.16033605,0.122,0.217
UBR4,-0.03532428,0.122,0.217
RCHY1,0.05092147,0.123,0.218
PMS2P1,-0.1683971,0.125,0.218
DEFA6,0.7450971,0.124,0.218
AUTS2,0.1700629,0.125,0.218
GABPB1-IT1,0.1995474,0.125,0.218
FBXO16,0.21029224,0.122,0.218
TBC1D3JP,0.17654671,0.122,0.218
RBX1,0.06025122,0.123,0.218
TTC30B,-0.0545389,0.123,0.218
NPTX2,-0.18774329,0.123,0.218
LINC01881,0.08525716,0.122,0.218
LOC112267942,-0.13757737,0.123,0.218
SUMO2,0.05125159,0.123,0.218
LIX1L-AS1,0.05892503,0.123,0.218
TMEM242,0.04798126,0.123,0.218
CCNDBP1,0.07221132,0.122,0.218
MSMO1,-0.4815753,0.125,0.218
MIR181B2,0.14702055,0.122,0.218
CTC1,0.1708368,0.125,0.218
WIPF2,0.0883939,0.124,0.218
METAP1D,-0.06942244,0.123,0.218
SCARNA22,0.11184163,0.122,0.218
SPTY2D1,0.03628254,0.123,0.218
ZMAT2,0.07242703,0.123,0.218
D2HGDH,0.10746416,0.123,0.218
SSR2,-0.04269659,0.123,0.218
LOC107984301,0.16682918,0.122,0.218
MED10,-0.04931879,0.124,0.219
PHF20L1,-0.1987862,0.125,0.219
PPP1R14B-AS1,0.102347,0.124,0.219
C15ORF61,0.06898463,0.123,0.219
CAPZA1,-0.06305714,0.124,0.219
TMCC1,-0.0876574,0.126,0.219
ZNF554,0.07185896,0.123,0.219
IFT27,0.05279606,0.123,0.219
NDUFS5,0.0900412,0.126,0.219
NR4A2,-0.1898165,0.125,0.219
SNED1-AS1,-0.1218669,0.123,0.219
HSD17B13,0.27819208,0.123,0.219
LOC107986215,0.23691549,0.123,0.219
ELF2,0.04173006,0.123,0.219
AS3MT,0.14413991,0.124,0.219
LOC105378512,-0.0794217,0.124,0.219
PSG2,0.25586731,0.124,0.219
LINC01725,-0.15199522,0.123,0.219
LOC105374913,-0.2381527,0.123,0.219
SH3GL1P1,0.08853312,0.123,0.219
PSMC3IP,0.1347455,0.126,0.22
EFNA2,0.6104048,0.127,0.22
SLC27A6,-0.33427859,0.124,0.22
MYL4,-0.2495086,0.127,0.22
PRAM1,-0.16497364,0.124,0.22
MIR4687,0.09705916,0.124,0.22
BCKDHB,0.09814706,0.124,0.22
IFT25,0.1199737,0.126,0.22
PRMT2,0.0872838,0.126,0.22
CCDC181,-0.5736125,0.126,0.22
DSG3,-0.1308677,0.124,0.22
LOC105374852,-0.2229059,0.124,0.22
TFAP4,-0.6227253,0.127,0.22
LOC105376433,-0.18632234,0.124,0.22
TNKS1BP1,0.08969502,0.124,0.22
FRG1,0.0619744,0.124,0.22
RILPL1,0.04779454,0.124,0.22
SLC27A1,-0.10083841,0.124,0.22
MFSD2A,0.15576441,0.124,0.22
TBL2,-0.0509848,0.124,0.22
LOC107985687,0.13447709,0.124,0.22
LOC105369391,0.22213401,0.124,0.22
ARL9,0.12969182,0.124,0.22
KATNAL1,0.06289926,0.124,0.22
ITIH4,-0.4879398,0.126,0.22
FGD6,0.1981412,0.126,0.22
FOXA1,-0.5058714,0.126,0.22
LOC105376714,0.24305922,0.125,0.221
CNIH2,0.14569223,0.125,0.221
LOC105372976,0.07384176,0.125,0.221
PPP1R3A,-0.99644,0.127,0.221
ESPNL,-0.38572171,0.125,0.221
ADSS2,0.05457308,0.125,0.221
LOC101928277,0.42367408,0.125,0.221
LOC105376026,-0.09238468,0.125,0.221
CFAP20DC-DT,-0.15640549,0.125,0.221
EMCN,-0.2892322,0.127,0.221
LOC105369180,-0.05022467,0.125,0.221
YWHAH-AS1,-0.6526988,0.127,0.221
LOC105369543,0.17692109,0.125,0.221
EIF2B1,-0.0832443,0.128,0.221
SLC2A1,0.2178933,0.127,0.221
CAPZA3,0.18117796,0.125,0.221
FUT3,-0.4073844,0.128,0.221
LINC03002,0.18457867,0.125,0.221
LOC105373271,0.08590723,0.125,0.221
ZDHHC21,0.08026772,0.126,0.222
RCE1,-0.3721427,0.128,0.222
GUSBP11,0.6952844,0.128,0.222
LRRC3,-0.5859196,0.128,0.222
LOC107986817,0.38201297,0.126,0.222
LOC105373835,0.06164566,0.126,0.222
MSH5,0.06626648,0.126,0.222
TEX41,-0.10686778,0.126,0.222
AZGP1P1,-0.8145088,0.128,0.222
LOC102724273,0.10617615,0.126,0.222
ORMDL3,-0.05490879,0.126,0.222
NR4A1,-0.2860596,0.128,0.222
CENPW,0.11614051,0.126,0.222
MXD3,0.5368786,0.128,0.222
CNOT6,-0.1263942,0.128,0.222
RFX2,-0.6126275,0.128,0.222
FAM66B,-0.18435064,0.126,0.222
LOC105374325,-0.09870595,0.125,0.222
C18ORF21,0.0617023,0.125,0.222
CNFN,0.14888984,0.126,0.222
NUTM2D,-0.1066748,0.127,0.223
LOC105376335,0.14125001,0.127,0.223
IL15RA,0.1989506,0.129,0.223
PPIE,0.1082181,0.129,0.223
MARCHF10,0.19043393,0.126,0.223
LOC101928212,0.10825632,0.126,0.223
CSMD1,0.22771853,0.126,0.223
BEND3P3,0.11746774,0.126,0.223
CKAP5,0.1032233,0.129,0.223
FOXI3,0.33035387,0.127,0.223
ADAMTS19,-0.18139821,0.126,0.223
LOC105369225,0.09179631,0.126,0.223
TNPO3,0.03381194,0.126,0.223
EID2,0.07309653,0.127,0.223
SNORD94,0.10159726,0.127,0.223
SVIL2P,-0.16423994,0.126,0.223
LOC105377932,-0.16752274,0.126,0.223
SURF6,0.05231012,0.127,0.223
LOC100288162,0.1137019,0.127,0.223
LOC105369618,-0.48322667,0.127,0.223
NPTN,-0.0937523,0.129,0.223
LOC644634,-0.12866954,0.126,0.223
ATP1A1,0.1909782,0.129,0.223
ADRA2C,0.19432706,0.126,0.223
DIAPH1,-0.086324,0.129,0.223
KCNRG,-0.07982065,0.126,0.223
LOC105376484,0.11762976,0.127,0.224
BUD23,-0.1390891,0.13,0.224
CEACAM19,0.08900939,0.127,0.224
LOC729609,0.15571544,0.127,0.224
TMEM30A-DT,-0.11853889,0.127,0.224
C5,-0.1917609,0.129,0.224
LOC105375980,-0.15048994,0.127,0.224
PPP1R12A-AS1,0.12999808,0.127,0.224
ANKRD20A12P,0.19913987,0.127,0.224
AAR2,-0.04113056,0.127,0.224
LOC102724748,-0.06231855,0.127,0.224
LOC107985349,0.21738865,0.127,0.224
SSBP1,0.06362266,0.127,0.224
COL18A1-AS1,-0.20743905,0.127,0.224
MB,-0.4078539,0.129,0.224
LOC112268129,0.23056228,0.127,0.224
FAM133B,0.05692684,0.127,0.224
MTCH2,0.06682569,0.128,0.225
GPR132,0.16390443,0.128,0.225
GCNA,-0.09367045,0.128,0.225
APCS,-0.5683338,0.13,0.225
XNDC1N,0.05939897,0.128,0.225
CLYBL-AS2,0.18388896,0.128,0.225
CYP3A7-CYP3A51P,-0.12708206,0.128,0.225
LOC105376957,0.16955466,0.128,0.225
LOC107985224,0.13428537,0.128,0.225
PPM1E,-0.8121971,0.13,0.225
HTR6,-0.6448736,0.13,0.225
UGT1A1,0.17000787,0.128,0.225
HOXB13,-0.3748297,0.13,0.225
MED13,0.1208916,0.131,0.225
CBX2,0.1150628,0.128,0.225
MYL7,-0.6809806,0.131,0.225
CCDC30,0.06466753,0.128,0.226
SMCP,-0.3440256,0.131,0.226
TUT1,0.452201,0.131,0.226
KIAA0408,-0.17409587,0.128,0.226
WHR1,-0.1916921,0.131,0.226
ZKSCAN3,0.07838434,0.128,0.226
NTAN1,-0.1797167,0.131,0.226
MMEL1,-0.12915098,0.129,0.226
SULT4A1,0.50036938,0.129,0.226
MYLK4,0.07394278,0.129,0.226
KIR2DL4,-0.3799572,0.131,0.226
NACAD,0.18624317,0.129,0.226
CNMD,-0.7402871,0.132,0.227
PPP2R5B,-0.1236766,0.132,0.227
BARX1,-0.7762741,0.132,0.227
ATR,-0.04887345,0.129,0.227
LOC107985961,0.20083254,0.129,0.227
TUSC1,0.07923086,0.129,0.227
LOC100132356,-0.06809987,0.129,0.227
BST1,-0.5835176,0.132,0.227
LOC102724625,0.10732456,0.129,0.227
LOC100507250,-0.18272241,0.129,0.227
CHRNB4,-0.8673004,0.132,0.227
DIABLO,-0.03735889,0.129,0.227
PDE4A,-0.4296817,0.132,0.227
LOC105375787,0.10902219,0.129,0.227
LINC02320,0.29009736,0.129,0.227
SOX2,0.3981189,0.132,0.228
MIR205,0.10592374,0.13,0.228
RSKR,0.06294115,0.13,0.228
HNRNPCL1,-0.8976107,0.133,0.228
LOC112268073,0.09477189,0.13,0.228
TMEM252,0.17687539,0.13,0.228
C2ORF42,0.04446155,0.13,0.228
MRPL52,0.05524221,0.13,0.228
CENPA,0.15213565,0.13,0.228
LOC102723341,-0.26948559,0.13,0.228
NNT-AS1,0.06070688,0.13,0.228
H3C15,-0.12502814,0.13,0.228
SERAC1,0.06628789,0.13,0.228
MAGEA8,-0.7755775,0.133,0.229
SLX9,-0.07440607,0.131,0.229
FGF6,0.5999107,0.133,0.229
PTGER2,-0.292437,0.133,0.229
GPD2,-0.1640388,0.133,0.229
LOC105377971,-0.10261081,0.131,0.229
BTN2A3P,-0.11064067,0.131,0.229
FAM181B,-0.17151747,0.131,0.229
ADNP-AS1,0.07421558,0.131,0.229
ARRDC3-AS1,0.07002974,0.131,0.229
LINC01265,-0.28557791,0.131,0.229
NKAIN1,0.19396096,0.131,0.229
MATN1-AS1,0.09127785,0.131,0.229
FOXF1,0.4312963,0.133,0.229
KIR2DL3,0.246799,0.133,0.229
G2E3,0.05507862,0.131,0.229
STIL,-0.08805665,0.131,0.229
EPB42,-0.22199739,0.131,0.229
REG1B,-0.4641035,0.134,0.229
CLCA1,-0.8155251,0.133,0.229
GFER,0.1702295,0.133,0.229
MKI67,-0.12376666,0.131,0.23
TRAV8-6,-0.5342181,0.134,0.23
PARG,0.0389006,0.131,0.23
RBM38,-0.183981,0.134,0.23
LOC105378694,-0.10675516,0.131,0.23
ADPRM,0.05897756,0.131,0.23
SGMS1-AS1,0.0716348,0.132,0.23
NCKIPSD,-0.1458311,0.134,0.23
LOC101928718,-0.13554546,0.131,0.23
MRPL41,-0.0837154,0.131,0.23
TEDC1,0.14025405,0.131,0.23
GPR75,-0.558882,0.134,0.23
LOC101928451,0.08195307,0.132,0.23
CSNK1D,-0.09033741,0.132,0.231
LAMA5-AS1,0.16034253,0.132,0.231
SLC12A9,-0.08238766,0.132,0.231
ANKRD20A9P,-0.55053049,0.132,0.231
LOC105369850,0.15358537,0.132,0.231
LOC105379028,0.11519625,0.132,0.231
EPHB1,0.14255295,0.132,0.231
ITGA3,-0.2380628,0.135,0.231
NPPA-AS1,-0.0892892,0.132,0.231
NRARP,0.12195936,0.132,0.231
CDC45,0.6117248,0.135,0.231
SNHG20,0.05443548,0.132,0.231
SEPTIN8,-0.1163126,0.135,0.231
C2CD2L,0.1799024,0.135,0.231
EGFLAM-AS2,-0.17182037,0.132,0.232
PCDH18,-0.13041172,0.132,0.232
SNORD1C,0.1338243,0.133,0.232
EPC1,0.0336404,0.133,0.232
FAM174B,-0.09918167,0.133,0.232
MIR3659,0.15285144,0.133,0.232
H2BC8,0.10380769,0.133,0.232
AATBC,0.24147754,0.133,0.232
LOC112268071,0.32109307,0.132,0.232
LCA5,-0.09271825,0.133,0.232
NPPA,-0.13822167,0.133,0.232
APOA2,-0.6339909,0.136,0.232
POMGNT1,-0.17685,0.136,0.232
TOGARAM1,0.1280047,0.136,0.232
DAZAP1,-0.1365294,0.136,0.232
OR2C1,-0.5733432,0.136,0.232
CDKL3,0.2030496,0.136,0.232
TAF1,0.03552507,0.133,0.232
LOC105372926,0.41420844,0.133,0.232
TIAL1,0.04181691,0.133,0.232
LINC02637,0.12031711,0.133,0.232
LOC101929506,0.1041709,0.133,0.232
KLHL17,0.09303014,0.133,0.233
ANKRD28,0.04891543,0.133,0.233
LOC105370256,0.13016613,0.133,0.233
NDE1,0.1981721,0.136,0.233
SLC25A31,0.8303978,0.137,0.233
GFOD1,0.1166695,0.137,0.233
GPR31,0.5263902,0.136,0.233
FAM90A1,0.15139903,0.133,0.233
LOC112268051,0.10988299,0.134,0.233
PYGO1,-0.07408094,0.134,0.233
EPHA1,0.09271268,0.133,0.233
SPRR2F,-0.47096873,0.134,0.233
LOC105373089,-0.29035298,0.134,0.233
LOC101928875,-0.36639633,0.133,0.233
FAS-AS1,-0.17236055,0.133,0.233
SAMD15,-0.13485244,0.133,0.233
MIR4453HG,0.05943003,0.133,0.233
OR1L6,-0.17798054,0.134,0.233
LCMT1-AS2,0.05862505,0.134,0.233
CARD10,0.3601738,0.136,0.233
BMPR1B,-0.13732555,0.133,0.233
LINC01504,-0.2004654,0.134,0.233
TDP2,0.0908051,0.136,0.233
LOC107985031,0.12505014,0.133,0.233
LOC105372427,0.1973208,0.133,0.233
CSRP1,-0.2085562,0.138,0.234
SNORD19B,0.11551766,0.134,0.234
LOC105376819,-0.19310606,0.134,0.234
OSBPL3,-0.04640095,0.135,0.234
COL5A3,-0.12412184,0.135,0.234
NFKBID,-0.10168796,0.135,0.234
UBC,-0.05611184,0.134,0.234
LOC101927237,0.21949126,0.134,0.234
FER1L5,0.08763163,0.134,0.234
HSD17B11,-0.0914496,0.134,0.234
TLR3,-0.1933968,0.138,0.234
HOOK2,0.1227685,0.138,0.234
RWDD3,0.06715748,0.134,0.234
LRRC56,0.1323471,0.134,0.234
CCDC153,0.14064022,0.134,0.234
MANBAL,-0.04028493,0.134,0.234
UCN,-0.18721844,0.134,0.234
LOC105379085,-0.1981294,0.134,0.234
LOC105372178,-0.14079776,0.134,0.234
FAM27B,0.15026955,0.134,0.234
WWC2-AS1,-0.17968305,0.134,0.234
FAAP20,0.08471799,0.135,0.235
RNASEH2B,0.1767872,0.138,0.235
LOC101928473,0.157841,0.135,0.235
FGF21,-0.4949676,0.138,0.235
TMEM191B,-0.3145252,0.135,0.235
HAUS2,-0.04975023,0.135,0.235
LOC112267916,-0.34054523,0.135,0.235
LINC01695,0.19321866,0.135,0.235
MUC7,-1.2550757,0.138,0.235
BTF3P11,-0.3782442,0.138,0.235
RBP7,-0.16225522,0.135,0.235
PLP1,0.12150435,0.135,0.235
NDOR1,0.08843934,0.135,0.235
LOC284412,-0.15652261,0.135,0.235
C6ORF136,0.06032869,0.135,0.235
LOC105369938,0.39023459,0.135,0.235
SLC9A2,-0.7800032,0.138,0.235
MYCBPAP,0.09812092,0.135,0.235
LOC107984257,-0.12213244,0.136,0.236
SERPIND1,-0.7938745,0.139,0.236
TCL1B,-0.5524438,0.139,0.236
LOC105379516,0.20519609,0.136,0.236
LINC02361,-0.1890661,0.136,0.236
MPZL2,-0.13597816,0.136,0.236
PTTG3P,0.2069141,0.139,0.236
KATNBL1,0.1856242,0.139,0.236
ZMYND8,0.1323841,0.139,0.236
RAB3GAP2,-0.0929908,0.139,0.236
PDE4DIPP6,-0.08047339,0.136,0.236
H2AC6,0.07120603,0.136,0.236
PNISR-AS1,0.0624426,0.136,0.236
OR2F1,-0.7869742,0.14,0.237
BECN1,-0.0994705,0.14,0.237
MIR4774,0.1854735,0.136,0.237
CLCF1,-0.4838949,0.14,0.237
DNAH5,-0.27829305,0.136,0.237
LOC107985046,0.07970079,0.137,0.237
ZFYVE16,-0.05020873,0.137,0.237
SPEG,-0.4247693,0.139,0.237
CDC16,0.0949552,0.14,0.237
POC1A,-0.09749846,0.137,0.237
SATB2,0.1681711,0.139,0.237
RNF111,0.1089584,0.14,0.237
LOC105374160,-0.3939712,0.137,0.238
ZMYM4-AS1,-0.05682239,0.137,0.238
SP140,-0.14220511,0.137,0.238
CENPK,-0.10604571,0.137,0.238
CLDN34,-0.25980525,0.137,0.238
RFC4,0.0903308,0.14,0.238
NCAPG2,0.1690891,0.141,0.238
LOC105371430,0.23787184,0.137,0.238
PDC-AS1,-0.1544518,0.137,0.238
SPTB,-0.473836,0.14,0.238
RNF152,-0.14603199,0.137,0.238
NSFP1,-0.14388097,0.137,0.239
LOC642696,-0.08844273,0.138,0.239
HJURP,-0.13943778,0.138,0.239
LOC100128340,-0.15714269,0.138,0.239
TCHHL1,-0.73911571,0.138,0.239
GCLC,0.1175357,0.141,0.239
MYF5,-0.7424719,0.141,0.239
CLVS1,-0.0844518,0.139,0.24
LOC105369626,0.12116446,0.139,0.24
CXORF65,-0.15417783,0.139,0.24
GRPR,-0.8054498,0.142,0.24
INO80E,0.06520555,0.139,0.24
CUL1,0.1133714,0.142,0.24
NPAP1,-0.8090909,0.142,0.24
CPEB4,0.0938972,0.139,0.24
LOC112268231,0.15286465,0.139,0.24
SNORD59A,0.10964103,0.139,0.24
RNF222,0.1282642,0.138,0.24
LMLN-AS1,0.14002582,0.139,0.24
KLHL10,0.10675372,0.139,0.24
VPS8,0.05141904,0.138,0.24
H1-1,0.15996551,0.139,0.24
TTC3,0.1002716,0.142,0.24
LOC101928548,-0.24245014,0.139,0.24
GINM1,0.03555561,0.139,0.24
LOC107986326,-0.1647792,0.139,0.241
LOC105374439,0.15936206,0.139,0.241
UROD,-0.05068798,0.139,0.241
CYLD-AS1,-0.1108299,0.139,0.241
ENKD1,0.07411018,0.139,0.241
MUC12,0.20014166,0.139,0.241
LOC105376520,-0.20970105,0.139,0.241
ADCK5,0.0856873,0.139,0.241
MGAM2,0.7132609,0.142,0.241
LINC02003,-0.16877082,0.139,0.241
LOC105371425,0.24302416,0.14,0.241
DDX11-AS1,0.14205699,0.139,0.241
NAGS,-0.09913756,0.139,0.241
KIF24,-0.04503705,0.14,0.241
EPHX4,-0.19742492,0.139,0.241
LOC105374159,-0.40373552,0.14,0.241
CPNE5,-0.14531429,0.139,0.241
STXBP1,-0.1365833,0.143,0.241
CRKL,-0.179738,0.143,0.241
LOC105376718,-0.11758662,0.14,0.241
FBXL5,0.089692,0.142,0.241
EXTL1,-0.23570851,0.139,0.241
DCK,-0.06073386,0.139,0.241
LOC102723739,-0.17207618,0.139,0.241
TMEM161B,0.05964964,0.14,0.241
GNG5,0.2131924,0.142,0.241
PHAF1,0.05090006,0.14,0.242
NET1,-0.1223466,0.143,0.242
PPP1R16A,0.08822621,0.14,0.242
C10ORF88,-0.05023387,0.14,0.242
LOC101927143,0.24426903,0.14,0.242
IL11,-0.20941847,0.14,0.242
LOC107986935,0.37374123,0.14,0.242
TMEM232,0.10918821,0.14,0.242
ZNF583,-0.08105294,0.14,0.242
DLEU1,0.1381681,0.143,0.242
ITPKB,-0.1497092,0.143,0.242
ICOSLG,0.14021405,0.14,0.242
H3C14,-0.12669639,0.14,0.242
LANCL2,0.1325838,0.143,0.242
RAG2,0.8838337,0.143,0.242
KCNC3,-0.7158041,0.144,0.242
MYCBP2-AS1,0.07773329,0.14,0.243
ZNF622,0.04899972,0.141,0.243
SCML2,0.08279976,0.141,0.243
LOC105379178,0.21478846,0.141,0.243
CFAP210,0.1098594,0.141,0.243
LINC01208,0.3515891,0.141,0.243
MAGEC1,-0.6347022,0.144,0.243
OLAH,-1.2028336,0.145,0.243
SYNGR3,-0.5926825,0.144,0.243
TTC38,0.3041722,0.144,0.243
LINC01521,-0.08814102,0.141,0.243
NEDD8,0.06566001,0.141,0.243
DYNC1I1,-0.2718565,0.144,0.243
PLAC8L1,0.09906808,0.141,0.243
LOC105377873,0.2205984,0.141,0.243
NT5C3A,0.07814255,0.14,0.243
POU5F1,0.12679581,0.14,0.243
LOC105372624,-0.19044514,0.141,0.243
LOC105369781,-0.15643115,0.141,0.243
PRKCQ-AS1,-0.20042048,0.141,0.244
DHX35,-0.03812387,0.142,0.244
GAL3ST1,0.16225587,0.141,0.244
GGTLC1,-1.1162868,0.145,0.244
SNORA10,0.0980218,0.141,0.244
LOC105373717,0.18032106,0.142,0.244
ATAD1,0.04632614,0.142,0.244
CCNT1,0.04760402,0.142,0.244
CHRM4,-0.7589343,0.145,0.244
MIR4477A,0.13345239,0.142,0.244
GBA3,0.6012595,0.145,0.244
TTK,0.2257941,0.145,0.244
TRAF3IP2-AS1,-0.05429456,0.141,0.244
UGT1A3,0.1614257,0.142,0.245
JAKMIP2,0.2104413,0.146,0.245
KCNS1,-0.3807281,0.146,0.245
STK19,0.04977306,0.142,0.245
CHASERR,0.04932121,0.142,0.245
FZD9,-0.6364706,0.146,0.245
SLC38A11,-0.20964762,0.142,0.245
ADPRHL1,0.1013652,0.142,0.245
ARHGEF3-AS1,-0.1405715,0.142,0.245
AADAC,0.3584503,0.146,0.245
BAGE2,0.10146297,0.143,0.245
ATP6V0E2-AS1,-0.14328425,0.142,0.245
JPH3,-0.8254602,0.146,0.245
LOC105377203,0.12077873,0.142,0.245
OR1L8,-0.21353614,0.142,0.245
ABCG4,0.4671016,0.147,0.246
GAL,-1.278452,0.147,0.246
KNTC1,0.06286659,0.143,0.246
ATP6V0B,-0.07595787,0.143,0.246
LOC105375752,-0.10355849,0.143,0.246
LOC105370102,-0.2894348,0.143,0.246
LOC107985336,-0.17838572,0.143,0.246
ROGDI,-0.10175002,0.143,0.246
KRT16,-0.25476695,0.143,0.246
PSMA1,0.0957823,0.146,0.246
LOC105372521,-0.10984337,0.143,0.246
FGA,-0.505796,0.147,0.247
SLITRK3,-0.7305022,0.148,0.247
METTL18,0.1402499,0.148,0.247
LOC105373058,0.17205889,0.144,0.247
LOC105376577,0.06017991,0.144,0.247
AHDC1,0.1298276,0.144,0.247
TFAM,0.111818,0.148,0.247
CACNG4,-0.24421501,0.144,0.247
ZNF584,0.05302581,0.144,0.247
LOC101928216,-0.22046941,0.144,0.247
LOC107985744,0.23071464,0.144,0.247
PJA2,0.04308931,0.144,0.247
SLC1A2,-0.7383442,0.148,0.247
FLNC,0.2303446,0.147,0.247
ELL,0.1600013,0.148,0.247
LINC00665,-0.09835313,0.144,0.248
SGTB,-0.0642919,0.144,0.248
C4BPA,0.17631709,0.144,0.248
TMEM138,0.03805605,0.145,0.248
CUL9,0.06029023,0.144,0.248
TPI1P3,0.11965903,0.144,0.248
CKMT1B,0.11608261,0.144,0.248
ANKRD18CP,0.07880403,0.145,0.248
BORA,-0.1611842,0.148,0.248
ZNF225,-0.2905081,0.149,0.249
CES1,0.3374825,0.145,0.249
LOC107984436,-0.14073418,0.145,0.249
LOC100505716,0.05069012,0.145,0.249
LOC112268050,-0.19193025,0.145,0.249
LGALS13,-0.7944166,0.149,0.249
LYPLAL1,0.07116454,0.145,0.249
MGC32805,-0.15965494,0.145,0.249
RHBDD1,-0.03952468,0.145,0.249
RIC8B,-0.05530954,0.146,0.249
IGSF10,0.21498402,0.146,0.249
RFPL3S,-0.3134215,0.149,0.249
RAD51AP1,-0.10885926,0.145,0.249
MRPL27,-0.06052557,0.145,0.249
LOC105374493,-0.10972327,0.146,0.249
PDZK1P1,0.17255755,0.146,0.249
SNORA57,0.10341201,0.145,0.249
TMEM267,-0.1006942,0.149,0.249
PRPF8,-0.1103669,0.149,0.249
ZYG11A,0.16189334,0.145,0.249
SCT,-0.23844542,0.146,0.25
LINC00840,-0.17887974,0.146,0.25
LINC01364,-0.12031472,0.146,0.25
LOC112268246,-0.09213429,0.146,0.25
ZC2HC1B,0.17167478,0.146,0.25
SEC14L1P1,-0.2865645,0.15,0.25
DNM3OS,-0.13194851,0.146,0.25
LOC105379252,0.18642056,0.146,0.25
LOC105371223,-0.17187983,0.146,0.25
RNVU1-1,0.14202898,0.146,0.25
OR56B4,0.27240173,0.146,0.25
INTS4P1,0.1101699,0.146,0.25
CCDC172,0.54652902,0.146,0.25
TRNP,0.10095812,0.147,0.251
VPS29,0.04586371,0.147,0.251
LOC105376018,-0.09007719,0.147,0.251
LOC107985871,-0.14704113,0.147,0.251
ZNF143,-0.097815,0.15,0.251
QPRT,-0.221024,0.15,0.251
GADD45G,0.1985569,0.15,0.251
AUP1,-0.0961226,0.15,0.251
LOC107987013,0.25622265,0.147,0.251
VPS28,-0.0892467,0.15,0.251
ESRRG,-0.3879468,0.15,0.251
HSD17B4,0.06777387,0.147,0.251
NPM2,0.17433519,0.147,0.251
AFMID,0.05337572,0.147,0.251
A4GNT,-0.6414662,0.151,0.251
SKI,-0.2603123,0.151,0.251
TDRD5,0.22674114,0.147,0.251
HDDC3,0.05347541,0.148,0.252
CSRNP1,-0.08273568,0.148,0.252
DPY19L2P3,-0.11770351,0.147,0.252
KATNIP,0.0561645,0.148,0.252
CCNL1,0.05383987,0.147,0.252
LOC107986029,0.42535733,0.148,0.252
LINC02518,0.23085619,0.147,0.252
GABRB3,0.30523619,0.148,0.252
ADGRE1,-0.7855425,0.151,0.252
MIR4648,0.15740193,0.148,0.252
LOC105369305,0.15965993,0.147,0.252
SLC5A5,-0.4429186,0.151,0.252
LOC105374052,0.19046977,0.147,0.252
LOC105374157,-0.37935988,0.147,0.252
ZNF746,-0.07213784,0.147,0.252
LINC03027,-0.09983684,0.148,0.252
HIVEP2,-0.06218482,0.147,0.252
PNMA8A,-0.3844105,0.151,0.252
SLC52A1,-0.4139351,0.151,0.252
ZSCAN20,-0.0652718,0.148,0.253
LOC102724593,0.1483164,0.148,0.253
AKNAD1,0.12696154,0.148,0.253
GINS4,-0.08141381,0.148,0.253
DNAJB7,0.07673075,0.148,0.253
LOC107986035,0.16986714,0.149,0.253
LOC105374041,0.2269665,0.149,0.253
ANTKMT,-0.09864137,0.149,0.253
RHBDL3,0.16232763,0.149,0.253
LOC107987256,-0.13085485,0.148,0.253
SMC2,0.06141337,0.149,0.253
LOC653653,-0.08295153,0.148,0.253
MITF,-0.2195591,0.152,0.254
RAD54B,0.2533882,0.153,0.254
LOC105375685,0.17223629,0.149,0.254
LOC105376514,0.1360765,0.149,0.254
OR2A20P,0.13886886,0.149,0.254
ANXA2,0.05440059,0.149,0.254
PON1,0.17783126,0.149,0.254
MTRNR2L8,0.17752141,0.149,0.254
RGL3,-0.15197156,0.149,0.254
COMMD2,0.05334711,0.149,0.254
BRD7P3,-0.07908784,0.149,0.254
USP49,0.0390227,0.149,0.254
SCP2,0.07251438,0.149,0.254
LOC112267930,-0.13999329,0.149,0.254
LINC01814,0.14432265,0.149,0.254
LOC101929460,-0.24336602,0.149,0.254
PPP4R1L,0.0517747,0.149,0.254
SKINT1L,0.20667307,0.149,0.254
PGR-AS1,0.19452266,0.149,0.254
SPRR2E,-0.30767478,0.149,0.254
USP16,0.05861885,0.149,0.254
METTL5,0.06110706,0.15,0.255
CLDN6,-0.6441699,0.153,0.255
PDE4DIPP3,-0.16646528,0.15,0.255
TREX1,0.05561381,0.15,0.255
SEMA3G,-0.2721596,0.153,0.255
LOC105375228,-0.14770851,0.15,0.255
LOC105377499,0.16530662,0.15,0.255
SLITRK5,-0.19243551,0.15,0.255
HLA-DQB2,0.18491132,0.15,0.255
LINC00954,-0.09753631,0.15,0.255
BLOC1S5,0.04692821,0.15,0.255
HIRA,0.1163741,0.154,0.255
SNORD142,0.11964339,0.15,0.255
RNF148,-0.15737191,0.15,0.255
CD1B,-0.7055674,0.153,0.255
SMAD9,-0.08819804,0.149,0.255
SCARNA15,0.15590068,0.15,0.255
LOC100996842,-0.06485012,0.149,0.255
LOC102724197,0.27606606,0.15,0.255
TRS-GCT4-2,0.21477944,0.15,0.255
CASP1,-0.1287109,0.153,0.255
NANOG,0.14924462,0.151,0.256
CELSR3,-0.12088946,0.15,0.256
LOC105378924,0.08264565,0.151,0.256
CRMA,0.23754942,0.151,0.256
AGTPBP1,0.0510951,0.151,0.256
OCIAD1-AS1,0.06952629,0.15,0.256
TIMM29,0.06035323,0.151,0.256
MIR3198-2,-0.07756456,0.151,0.256
LINC02872,-0.14721936,0.15,0.256
LOC285638,0.13011964,0.151,0.256
SLC46A1,-0.06899976,0.151,0.256
LOC112268090,0.15180325,0.15,0.256
SSC5D,0.23042602,0.151,0.256
MTFR2,0.07254967,0.151,0.256
KRTCAP3,0.06821146,0.15,0.256
ATG5,-0.04580034,0.151,0.256
LOC105369722,-0.13751722,0.151,0.256
KCNU1,-0.34525343,0.151,0.256
CLBA1,0.073435,0.151,0.256
TPT1,0.06268967,0.15,0.256
LOC105370997,-0.15156916,0.151,0.256
TRNR,-0.11757662,0.151,0.256
LOC105376340,-0.13025132,0.151,0.256
MAP2K6,0.07723953,0.15,0.256
C9ORF163,0.09889255,0.15,0.256
MYCBP2,0.1284955,0.155,0.257
CIDECP1,-0.06713114,0.152,0.257
UBE3B,0.03860662,0.152,0.257
INS,-1.0158586,0.154,0.257
UPK1A,0.48563682,0.151,0.257
LOC105379091,0.29633466,0.152,0.257
LOC613038,-0.14142668,0.151,0.257
LOC107986434,0.15315031,0.151,0.257
HIBADH,-0.0754595,0.152,0.257
MIR221,0.16825753,0.152,0.258
CCDC113,0.0605255,0.152,0.258
TMPRSS9,0.13463914,0.152,0.258
BRINP3,-0.33473733,0.152,0.258
CWC27,0.04797673,0.152,0.258
APTR,0.04079054,0.152,0.258
LINC01343,-0.21136745,0.152,0.258
ZNF768,0.1425906,0.156,0.258
SIVA1,0.1055695,0.156,0.258
MLYCD,-0.1320678,0.155,0.258
MIR124-1HG,-0.7423255,0.156,0.258
SRSF3,0.0934958,0.156,0.258
CFHR5,-0.6825532,0.155,0.258
DBH,-0.4539136,0.156,0.258
LOC105374186,0.13274256,0.152,0.258
HAS2,-0.2991534,0.155,0.258
ETNPPL,-0.8380566,0.156,0.258
PDZD8,0.03774315,0.153,0.259
CCDC66,0.05192945,0.153,0.259
NOS3,-0.12063484,0.153,0.259
RALGAPB,0.03156522,0.153,0.259
VWDE,0.24513459,0.153,0.259
NUDT19,0.07702907,0.153,0.259
NUCB2,-0.08179305,0.153,0.259
PYROXD1,0.0507135,0.153,0.259
LIPT2,0.08297113,0.153,0.259
HOXD13,-0.4681527,0.156,0.259
CCDC38,0.14424311,0.153,0.259
CEP162,-0.1225398,0.156,0.259
MTRNR2L3,0.11454822,0.153,0.259
ANXA13,0.6295506,0.157,0.259
LOC388242,-0.13737183,0.153,0.259
LYRM1,0.105241,0.156,0.259
GNL3,0.1142293,0.157,0.26
AKR1D1,-0.9772484,0.157,0.26
EDNRB-AS1,-0.16964933,0.153,0.26
DLL3,-0.6777513,0.157,0.26
SLC35B1,0.0965752,0.157,0.26
NUDT9P1,-0.1755246,0.154,0.26
LOC105378199,0.16722839,0.154,0.26
LOC105370337,0.15693068,0.154,0.26
LOC728392,0.08348588,0.153,0.26
SNORA71D,-0.1087933,0.153,0.26
GLB1L2,-0.1779353,0.157,0.26
EEF1E1-BLOC1S5,0.04229753,0.154,0.26
LOC101927897,-0.1258086,0.154,0.26
IARS1,-0.05049919,0.153,0.26
LOC107987398,0.1535205,0.153,0.26
GABRB2,0.25167723,0.154,0.26
LOC107985787,-0.12997986,0.154,0.26
ZSCAN5A-AS1,0.13520303,0.154,0.26
DHX36,0.03585924,0.154,0.26
PTGDR,-0.12552644,0.154,0.26
BEND7,-0.07820445,0.154,0.26
BBOF1,0.1123536,0.157,0.26
SMN1,0.09984437,0.153,0.26
PDS5B,0.03868998,0.155,0.261
MBD5,-0.05343841,0.154,0.261
ICA1,-0.1657522,0.158,0.261
MIR4725,-0.17214779,0.154,0.261
PRR34,0.5572256,0.158,0.261
CCDC97,-0.09916446,0.154,0.261
LOC107986874,0.09207419,0.154,0.261
TARBP1,0.05358657,0.155,0.261
SPOUT1,0.05482683,0.154,0.261
TCERG1,0.05037523,0.155,0.261
FBXO39,-0.20126945,0.155,0.262
TPTE2P3,0.21156596,0.155,0.262
LOC107986830,0.19067665,0.155,0.262
LOC107985162,-0.12448377,0.155,0.262
MAP4K2,0.7144041,0.159,0.262
SACM1L,-0.0804625,0.158,0.262
MBD3,-0.1255625,0.158,0.262
DBIL5P,0.12327211,0.155,0.262
CDK12,-0.1073682,0.159,0.262
INTS10,0.03789578,0.155,0.262
CDK19,0.04224145,0.155,0.262
LOC107986291,-0.18673246,0.155,0.262
LOC105378286,-0.07675517,0.155,0.262
AARS2,0.05806105,0.155,0.262
RIBC1,0.10191793,0.155,0.262
USP44,0.10066644,0.155,0.262
GRIK5,-0.3906768,0.159,0.262
LOC731157,0.19242843,0.156,0.263
H2AC17,-0.10761463,0.156,0.263
LINC02894,0.10997146,0.156,0.263
INPP5F,0.1526831,0.159,0.263
CEP164,-0.1287699,0.159,0.263
BMPR1A,0.05156358,0.156,0.263
NBAS,-0.1421511,0.16,0.263
BEST2,0.4985447,0.16,0.263
SRGAP3,-0.1634506,0.159,0.263
SEM1,0.08295894,0.156,0.263
SLC25A39,0.06337316,0.156,0.263
PUSL1,0.07572389,0.156,0.263
USP32P3,-0.15841898,0.156,0.263
ZNF667,-0.267204,0.16,0.264
MELTF,-0.6854965,0.16,0.264
PANK4,-0.087568,0.161,0.264
ATP6V0E2,-0.1758276,0.16,0.264
ZNF467,-0.2037664,0.16,0.264
SYT15-AS1,0.12883767,0.157,0.264
LOC101929756,0.45785566,0.156,0.264
ABHD14A-ACY1,-0.11356948,0.156,0.264
LOC107987054,-0.30279026,0.157,0.264
TYMS,0.2164914,0.16,0.264
ZNHIT1,0.0998889,0.16,0.264
ANAPC1P1,0.08939561,0.157,0.265
CDH9,-0.652984,0.161,0.265
LOC100130207,-0.1390144,0.157,0.265
TRNE,-0.19357155,0.157,0.265
CHD1,-0.04580177,0.157,0.265
DDX60,-0.16502932,0.157,0.265
TSSK1B,-0.4628618,0.161,0.265
WDR18,0.1384397,0.162,0.265
PAXX,-0.07137978,0.157,0.265
SPDYE1,0.07415148,0.157,0.265
DSTNP2,0.544561,0.161,0.265
PRTN3,-1.1096556,0.161,0.265
LOC105376627,0.19390764,0.158,0.265
LOC107986018,0.0741331,0.157,0.265
LOC105377992,-0.21611293,0.158,0.266
SUPT5H,0.0809526,0.162,0.266
LOC105377549,0.22874734,0.158,0.266
ZNF653,0.1010374,0.158,0.266
ZNF500,-0.07756428,0.158,0.266
LOC105370941,-0.09760822,0.158,0.266
LINC01128,-0.05362621,0.158,0.266
CTDP1,0.1680305,0.162,0.266
H3C12,-0.14729816,0.158,0.266
NPAS2,-0.1330807,0.162,0.266
GTF2H1,-0.0889522,0.162,0.266
LINC02477,-0.43924361,0.158,0.266
GET4,0.09020625,0.158,0.266
WDR27,0.04747481,0.158,0.266
BRSK1,-0.16289474,0.159,0.267
H3C11,-0.11330428,0.159,0.267
VIM-AS1,-0.09514228,0.159,0.267
LOC107985315,-0.16558419,0.159,0.267
GJB7,-0.11133056,0.159,0.267
ADH6,-0.6107833,0.163,0.267
LOC105371050,0.15156339,0.159,0.267
MMP7,-0.287157,0.163,0.267
IL9,-0.6641984,0.163,0.267
ANAPC7,-0.0357209,0.159,0.267
LOC101927118,-0.4939713,0.159,0.267
MIR4312,-0.17719674,0.158,0.267
TBC1D17,-0.2374663,0.163,0.267
LCAT,-0.3483936,0.163,0.267
ABL1,-0.1359754,0.163,0.267
DERL2,0.1109826,0.162,0.267
LOC102724765,-0.19581027,0.159,0.267
RAD18,0.04896031,0.159,0.267
LOC100289333,-0.1565202,0.16,0.268
LOC105378933,0.18330311,0.159,0.268
IGHV3-21,-1.3188895,0.164,0.268
PRDM9,-0.631839,0.164,0.268
GALNS,0.1801536,0.164,0.268
MIR4800,-0.10436618,0.16,0.268
KBTBD11,-0.10002173,0.159,0.268
CENATAC-DT,0.11298145,0.159,0.268
ZNF629,0.1205021,0.164,0.268
SPINK2,0.6839625,0.164,0.268
TRIM59-IFT80,-0.05029126,0.16,0.268
PTPRD,-0.213557,0.163,0.268
LOC101929898,0.18887,0.159,0.268
LOC105373406,-0.16665845,0.16,0.269
LOC105377978,-0.22345679,0.16,0.269
MIR6511B1,0.1548744,0.16,0.269
CGB7,0.14878936,0.16,0.269
ID1,0.11594069,0.16,0.269
DPH2,-0.05882778,0.16,0.269
PRKCE,-0.6646709,0.165,0.269
ADRB1,-0.7775896,0.165,0.269
DNMT3B,-0.1827165,0.165,0.269
RIMOC1,-0.03594244,0.16,0.269
LOC112268150,-0.09835981,0.16,0.269
XKR6,0.07357796,0.16,0.269
DCPH1,-0.125183,0.165,0.269
NOL12,0.05488064,0.161,0.27
TMEM101,0.04020842,0.161,0.27
ASXL3,-0.7439536,0.166,0.27
CHP1P2,0.05432524,0.161,0.27
GRPEL1,0.1172729,0.166,0.27
MYBPC2,0.5163162,0.166,0.27
DDX25,-0.5995124,0.165,0.27
LY6H,0.5219424,0.165,0.27
CDKL2,-0.7221857,0.165,0.27
LOC105374944,0.1575523,0.161,0.27
FBXL20,0.04434524,0.161,0.27
SLC1A7,-0.4646479,0.165,0.27
KLHL26,-0.2053234,0.165,0.27
TRPS1,-0.07646396,0.161,0.27
LOC105373017,0.11135983,0.162,0.271
ARHGEF39,-0.05417745,0.161,0.271
LOC107987052,0.10803118,0.162,0.271
CYP2G1P,0.17020459,0.162,0.271
LIX1-AS1,-0.11470558,0.162,0.271
LINC00431,0.18773937,0.162,0.271
LOC105369811,0.11837132,0.162,0.271
LOC107985251,-0.13128781,0.162,0.271
LOC102724200,-0.03921981,0.162,0.271
FAM95B1,0.17949037,0.162,0.271
PIGN,0.1780004,0.166,0.271
IFIT1B,0.19172838,0.163,0.272
PON2,0.0756589,0.167,0.272
CATSPER3,-0.08448488,0.163,0.272
LOC105372693,0.40088619,0.163,0.272
LOC105373968,0.25101384,0.162,0.272
UGT2A3,-1.0618783,0.167,0.272
LAMP2,0.04741587,0.162,0.272
UBAP1,-0.03116293,0.163,0.273
NEIL1,0.07204954,0.164,0.273
ERICH6-AS1,-0.13932553,0.163,0.273
LOC105375481,-0.15852405,0.164,0.273
LOC107986772,0.17007233,0.163,0.273
MBNL1-AS1,-0.06572073,0.163,0.273
JMJD1C-AS1,-0.06031247,0.163,0.273
LOC107987401,0.21793825,0.163,0.273
NUTM1,0.14459835,0.163,0.273
CDAN1,0.05954523,0.163,0.273
ARMC2,-0.06229217,0.163,0.273
CCL20,0.9471962,0.168,0.273
PDZD9,0.06511379,0.164,0.274
LOC107986694,0.05396586,0.164,0.274
POLR2M,-0.04276116,0.164,0.274
FLVCR1,0.05068885,0.164,0.274
LOC107986839,-0.17319613,0.164,0.274
MIR147B,0.22989511,0.164,0.274
LOC105373475,0.10671777,0.164,0.274
RAB11FIP2,-0.1107663,0.169,0.274
DLG3-AS1,0.15182564,0.164,0.274
LINC01449,0.22940798,0.164,0.274
LOC105371099,0.06666783,0.164,0.274
LOC107984500,0.11103783,0.164,0.274
SNORD114-1,-0.2015334,0.164,0.274
CSRP1-AS1,0.07432235,0.165,0.275
TMED3,0.07274351,0.164,0.275
KDM1A,0.0870523,0.169,0.275
RHD,0.4808312,0.169,0.275
C8ORF34,0.17057522,0.165,0.275
MIR4762,-0.14914442,0.165,0.275
SFT2D3,0.04312538,0.165,0.275
LOC107984583,0.05810994,0.165,0.275
DLGAP5,0.2769191,0.169,0.275
LOC105378678,-0.17989996,0.165,0.275
POLR3C,-0.095356,0.169,0.275
IL2,-0.934046,0.17,0.275
F13B,-0.8479315,0.17,0.276
CROCC2,-0.15961526,0.165,0.276
CUBN,0.5994583,0.17,0.276
LINC02817,0.24897125,0.165,0.276
BMP15,-0.6735559,0.17,0.276
HCG4B,-0.8452598,0.17,0.276
COL9A1,0.4273385,0.17,0.276
GALNT17,-0.16345123,0.165,0.276
SHCBP1,-0.15902302,0.166,0.277
LOC102723803,-0.17912704,0.166,0.277
ZNF385C,0.10157237,0.166,0.277
PGBD5,-0.15373236,0.166,0.277
STAG3L5P-PVRIG2P-PILRB,0.08745551,0.167,0.277
NRIP2,0.0675544,0.166,0.277
RRP12,-0.295892,0.171,0.277
LOC105374674,-0.17012819,0.166,0.277
FABP7,-0.6844108,0.171,0.277
CRX,-0.4546468,0.171,0.277
EFHB,0.12747264,0.166,0.277
LINC02478,-0.12018713,0.166,0.277
LOC105376000,0.1441609,0.166,0.277
SLC25A44,-0.04866895,0.166,0.277
CNGB1,-0.418129,0.171,0.277
ISCA2,0.04855259,0.166,0.277
CENPI,-0.07531823,0.166,0.277
CDC26,0.05976707,0.166,0.277
LOC105371204,0.37182623,0.167,0.278
NUDT11,0.1744414,0.172,0.278
LOC105371860,-0.14494701,0.167,0.278
METAP2,0.06432489,0.167,0.278
LOC105369697,0.12221083,0.167,0.278
GCAT,-0.1196371,0.172,0.278
ZKSCAN8P1,-0.1212762,0.167,0.278
NTSR1,-0.6908755,0.172,0.278
LOC105375120,0.15558499,0.167,0.278
SIKE1,0.04155323,0.167,0.278
RREB1,0.104813,0.172,0.278
GOLGA6L5P,0.06599064,0.167,0.278
SMG5,-0.1814773,0.173,0.279
LOC100131395,0.07826772,0.168,0.279
LOC105377472,-0.08609729,0.168,0.279
NFX1,-0.1299132,0.173,0.279
CCDC25,0.1019316,0.173,0.279
PLA2G4D,-0.15138334,0.167,0.279
NFASC,-0.2325882,0.173,0.279
SKP1P2,-0.12058874,0.168,0.279
DUSP2,0.13662115,0.168,0.279
ZNF341,0.06585226,0.168,0.28
CD70,-0.27540248,0.169,0.28
LOC107984535,0.11098445,0.168,0.28
SCGB2A1,0.35748411,0.168,0.28
RASGEF1C,-0.18015363,0.168,0.28
ZNF391,0.0893509,0.168,0.28
TOX3,-0.3357958,0.173,0.28
LOC105371929,-0.26898864,0.168,0.28
NEDD4L,-0.2205549,0.174,0.28
DNAJA1,-0.09096255,0.168,0.28
LOC105377358,-0.15145061,0.169,0.28
GRM4,-0.5417279,0.173,0.28
OR10H3,-0.6367134,0.174,0.28
ACSL5,-0.12225059,0.169,0.281
SLC36A3,0.21209998,0.169,0.281
DHRS7B,-0.1483721,0.174,0.281
ITIH1,-0.8565111,0.174,0.281
FANCF,0.04984165,0.169,0.281
UMODL1,0.19652081,0.169,0.281
LHFPL4,-0.16198077,0.169,0.281
IGSF11,0.11757064,0.169,0.281
EEPD1,-0.07489462,0.169,0.281
LOC105378268,0.08269323,0.169,0.281
LOC112268297,0.13469714,0.169,0.281
AGT,-0.37684289,0.169,0.281
SDK2,-0.16208495,0.169,0.281
TERF1P7,0.06908752,0.169,0.281
LOC101926935,0.12485696,0.169,0.281
LOC105375779,0.09808421,0.17,0.281
PPM1K-DT,0.29395603,0.169,0.281
LOC105379857,0.09996313,0.17,0.282
LINC01678,-0.18291896,0.17,0.282
KBTBD6,0.04418295,0.17,0.282
KAZN-AS1,0.16518732,0.17,0.282
MLIP,-0.12531393,0.17,0.282
SOX1,-0.3679373,0.175,0.282
SLC18A1,-0.61005,0.175,0.282
RPS6KL1,-0.08092059,0.17,0.282
SAP30-DT,0.09748617,0.17,0.282
WIZ,-0.2017017,0.175,0.282
PPP1R17,0.4305438,0.175,0.282
SNORD88B,0.14502607,0.17,0.282
NUDT3,-0.03034347,0.17,0.282
PSMG1,-0.06809902,0.17,0.282
RAPH1,-0.04489851,0.17,0.282
LOC105375359,0.10996491,0.17,0.282
UQCC6,-0.05594668,0.17,0.282
MTUS2,-0.4943947,0.176,0.283
LOC105375951,0.2026663,0.171,0.283
STPG1,0.06605083,0.171,0.283
LOC105376050,0.12635472,0.171,0.283
LOC105377124,0.11110947,0.171,0.283
PDF,0.04664884,0.171,0.283
C11ORF16,-0.462305,0.176,0.283
ETV2,0.2465674,0.176,0.283
CIDEA,-0.690171,0.176,0.283
AGPAT4,0.5408171,0.176,0.283
H2BC3,-0.12147869,0.171,0.283
IDI2-AS1,-0.3163579,0.176,0.283
LINC00963,-0.2440381,0.176,0.283
CCNA2,-0.2088271,0.176,0.283
KLRC3,-0.7761656,0.176,0.283
RGS9BP,0.40160369,0.17,0.283
TCEANC,0.07182058,0.171,0.283
LOC105377684,0.16407327,0.172,0.284
LOC102723786,-0.10830777,0.171,0.284
ATXN7L1,-0.6968006,0.177,0.284
ZAR1,0.04906616,0.171,0.284
LOC107986197,-0.06693482,0.172,0.284
KCNJ2-AS1,0.09667709,0.171,0.284
NME5,0.2192602,0.177,0.284
KIR2DL1,0.8950399,0.177,0.284
ZNF385D-AS2,0.5046142,0.172,0.284
CCDC124,-0.06262669,0.172,0.284
LOC105377785,-0.28591275,0.172,0.284
LOC101927598,0.2179017,0.172,0.284
ADRB3,-0.5300479,0.177,0.284
LOC105370614,0.06959412,0.172,0.284
GTF2H2,-0.09232444,0.171,0.284
HTT-AS,0.2173623,0.171,0.284
LOC105370831,0.1666117,0.173,0.285
LOC101927019,0.12349925,0.172,0.285
ATP5MF-PTCD1,-0.04050343,0.172,0.285
GPR3,0.5870559,0.177,0.285
SYNDIG1L,-0.11091888,0.173,0.285
MOV10,0.04679089,0.172,0.285
LOC105372835,-0.07068828,0.172,0.285
QKILA,0.19375565,0.172,0.285
SUN2,0.0713056,0.172,0.285
LOC105376753,0.14781371,0.173,0.285
CASTOR3P,-0.06303618,0.173,0.285
LOC107986178,0.27175085,0.172,0.285
LRIT3,0.12225563,0.173,0.286
C8ORF44,-0.4584947,0.178,0.286
SCN10A,-0.6599695,0.179,0.286
LOC105371328,0.17125189,0.173,0.286
MMP24OS,0.1084747,0.178,0.286
BRINP1,-0.22617628,0.173,0.286
LOC105372664,0.15115561,0.173,0.286
CNTNAP4,-0.23852769,0.173,0.286
MCM3AP-AS1,0.2783169,0.178,0.286
TMEM249,0.10011341,0.173,0.286
CDC23,0.084946,0.179,0.286
OPA1,0.04374101,0.173,0.286
NTHL1,0.07750972,0.173,0.287
DDIT4,-0.18852498,0.174,0.287
RIC1,0.03714543,0.173,0.287
CALB1,0.12438663,0.174,0.287
WASHC5,-0.03834417,0.174,0.287
LOC105370113,0.17138293,0.174,0.287
CYP2C19,0.23109425,0.174,0.287
SNORA70B,0.11897711,0.174,0.287
LOC112268251,0.10636891,0.174,0.287
LOC102723753,-0.32702401,0.173,0.287
ZMAT1,0.0919188,0.174,0.287
SAXO2,0.19831327,0.174,0.288
FAM114A1,-0.06738285,0.175,0.288
CT70,0.17329052,0.174,0.288
SPINT3,-0.6263272,0.18,0.288
DGCR9,0.16980617,0.174,0.288
FAM157B,0.11452202,0.174,0.288
NOMO3,-0.06556007,0.175,0.288
SFXN5,0.05657616,0.175,0.289
LOC105374839,0.09573679,0.175,0.289
NUP62CL,0.10283019,0.175,0.289
HSPBAP1,-0.05153432,0.175,0.289
LOC730668,-0.12645356,0.175,0.289
C12ORF71,0.1379988,0.175,0.289
GPBP1,0.035156,0.176,0.29
ZNF528-AS1,0.08090392,0.176,0.29
LOC102723722,0.10449885,0.176,0.29
LUCAT1,-0.1738089,0.176,0.29
LOC105373037,-0.09986894,0.176,0.29
ST7-OT4,0.05537665,0.176,0.29
HOXC9,0.09665872,0.176,0.29
GRAP2,-0.2868443,0.182,0.29
MTRES1,0.05500778,0.176,0.29
MIR27A,0.14591969,0.176,0.29
RRP7BP,0.08293999,0.176,0.29
SHC2,-0.13872988,0.176,0.29
MAP3K20-AS1,-0.05304605,0.177,0.291
SRD5A3,-0.3401096,0.183,0.291
PARP6,-0.1033493,0.183,0.291
SLC25A20,-0.1603248,0.183,0.291
RAET1E-AS1,0.10801861,0.177,0.291
C12ORF56,-0.175076,0.177,0.291
DPP8,0.03726714,0.177,0.291
KCNH7,0.16265133,0.177,0.291
ANXA2P2,-0.2155127,0.182,0.291
TRIM58,0.22729059,0.177,0.291
LOC107986289,-0.21070789,0.177,0.291
LOC105376615,0.07357248,0.177,0.291
LOC105371087,0.07707762,0.176,0.291
VIP,-0.22684537,0.177,0.291
LOC107985405,-0.04946441,0.176,0.291
AASS,0.06600081,0.177,0.291
MSL1,0.03603612,0.177,0.291
MYOZ1,-0.3087961,0.182,0.291
RBM44,-0.13538723,0.177,0.291
LOC101593348,0.11946654,0.177,0.291
SCN11A,-0.15881211,0.177,0.291
CHMP1A,0.1007066,0.183,0.291
USP13,-0.1599124,0.182,0.291
LOC105376322,-0.10254878,0.178,0.292
PRRT1B,0.13708736,0.178,0.292
CD109,0.0558457,0.178,0.292
ST8SIA5-DT,-0.10753177,0.177,0.292
LOC100505774,0.16983276,0.178,0.292
TTC6,0.28851044,0.178,0.292
ONECUT1,-0.6958581,0.183,0.292
POM121L2,-0.3326777,0.183,0.292
SLIT2-IT1,-0.13320477,0.178,0.292
N6AMT1,0.07209647,0.177,0.292
ABCA9-AS1,0.1420696,0.178,0.292
NDUFB9,0.06088211,0.178,0.292
BAZ1A-AS1,0.04776657,0.179,0.293
LOC105369772,0.20232619,0.179,0.293
NNAT,-0.07979349,0.178,0.293
MOB1B,0.03797285,0.178,0.293
CPO,0.06001898,0.178,0.293
CSKMT,0.07820381,0.178,0.293
SSTR5,0.6549607,0.184,0.293
RIOK2,0.1474622,0.184,0.293
AKR1C4,-0.875365,0.184,0.293
NPHP4,0.0876254,0.178,0.293
HACE1,0.04111942,0.178,0.293
PMFBP1,0.21916112,0.178,0.293
RPL36AL,0.07795754,0.178,0.293
LINC00393,0.1906104,0.179,0.294
DUSP5,0.09075497,0.179,0.294
CD58,0.05487912,0.179,0.294
TRIM68,0.05342908,0.179,0.294
LMNA,-0.1369229,0.185,0.294
NEIL2,0.05818217,0.179,0.294
KIFC1,-0.3696172,0.185,0.294
ANXA2P1,-0.249116,0.185,0.294
CRYL1,-0.08110086,0.179,0.294
LOC105372141,-0.06891589,0.18,0.295
ZNF98,-0.20570462,0.18,0.295
LOC107984510,0.19524116,0.18,0.295
OAZ1,-0.0636275,0.186,0.295
LOC107984763,0.09529081,0.18,0.295
RHBDL1,0.12507551,0.18,0.295
RAB11B-AS1,0.06586253,0.18,0.295
NRADDP,-0.09847387,0.18,0.295
SV2C,0.15378916,0.18,0.295
SLC6A14,-0.15569012,0.18,0.295
PCNX4-DT,-0.06928583,0.18,0.295
CFHR1,0.12561908,0.18,0.295
DCD,0.44608785,0.18,0.295
TRC-GCA16-1,0.15731781,0.18,0.295
CAPN14,0.14902968,0.18,0.295
LOC100996740,-0.08844921,0.18,0.295
GLT1D1,0.16258577,0.179,0.295
EFR3B,-0.11663044,0.18,0.295
SCN8A,0.15064729,0.18,0.295
WWOX-AS1,0.08835845,0.18,0.295
NKX3-1,-0.19691824,0.18,0.295
LOC105376844,0.09390616,0.18,0.295
MORF4L2-AS1,0.06459822,0.18,0.295
LOC101929356,0.0910048,0.181,0.296
ZRANB2-DT,0.15732086,0.181,0.296
UPK1B,-0.4573874,0.186,0.296
SLC1A4,0.1590871,0.187,0.296
AMBN,-0.6650611,0.186,0.296
CCDC117,-0.03481101,0.181,0.296
PRKAG2-AS1,0.10628392,0.181,0.296
RPEL1,0.13965304,0.181,0.296
FAM161B,0.04507624,0.181,0.296
B3GNT5,0.06223043,0.181,0.296
KCNK15-AS1,-0.16036027,0.181,0.296
RAD21L1,0.7185918,0.187,0.296
LOC105376504,-0.17895646,0.181,0.296
DLL1,0.10948149,0.181,0.296
LOC107985284,0.15943843,0.181,0.296
HPS1,-0.05950861,0.181,0.296
PRTFDC1,-0.10387331,0.181,0.296
LOC105370972,0.12349656,0.181,0.296
SSUH2,-0.6389592,0.187,0.296
CRADD,0.05361676,0.182,0.297
CRYGA,-0.7254768,0.188,0.297
LOC105371501,-0.26462908,0.182,0.297
LOC107984293,-0.13293687,0.181,0.297
RMRP,0.07184319,0.182,0.297
TBC1D25,0.05482993,0.182,0.297
MIRLET7D,-0.08421104,0.182,0.297
RCOR2,0.14244757,0.181,0.297
AHSG,-0.4711127,0.187,0.297
SMAP1,0.03818097,0.182,0.297
ATXN1-AS1,-0.07660488,0.182,0.297
LOC105374132,-0.20154155,0.182,0.297
LOC105376074,0.16196467,0.182,0.298
CNIH3-AS2,0.1256045,0.183,0.298
VPS26B,0.0523177,0.182,0.298
TMEM150C,-0.07895936,0.182,0.298
MARCHF9,-0.07706963,0.182,0.298
CCDC74B,0.1612842,0.182,0.298
DAAM2-AS1,-0.09620142,0.182,0.298
PTGES3,0.0612001,0.188,0.298
LOC284344,0.23121796,0.183,0.298
ZMAT5,-0.1745171,0.188,0.298
C3ORF22,-0.22515986,0.183,0.298
PPP1R12C,0.06832867,0.182,0.298
AMDHD1,-0.15786275,0.183,0.298
FAM13A,-0.1528701,0.19,0.299
FZD10,0.1645881,0.189,0.299
GRK4,-0.3584062,0.189,0.299
IL1R2,-0.2722152,0.189,0.299
LOC105375696,-0.1132512,0.183,0.299
MALAT1,0.04764113,0.183,0.299
PRCC,-0.1028193,0.189,0.299
PKN3,-0.08677499,0.183,0.299
GDF5,-0.5655348,0.19,0.299
ZNF493,-0.3461384,0.189,0.299
LOC107986934,0.06864144,0.183,0.299
RNLS,-0.07934546,0.183,0.299
SNORD14E,-0.18688699,0.183,0.299
DDN,-0.14218971,0.183,0.299
KRTAP5-10,-0.5428165,0.183,0.299
CLCN1,0.5483713,0.19,0.299
AK8,0.07969836,0.183,0.299
TH2LCRR,0.04724654,0.183,0.299
UBE2CP5,-0.07555647,0.184,0.299
LARP4B,-0.0929934,0.189,0.299
MUC5B,-0.2415607,0.19,0.3
C18ORF32,0.04211603,0.184,0.3
LOC101927344,-0.20422891,0.184,0.3
ZNF585A,0.04340239,0.184,0.3
B3GALT1,0.1946928,0.184,0.3
LOC105371022,0.11306017,0.184,0.3
GTPBP1,0.1254224,0.19,0.3
CTAGE11P,-0.4516955,0.19,0.3
CUZD1,-0.1360837,0.184,0.3
LOC101928051,0.14103649,0.184,0.3
SURF1,0.1057596,0.19,0.3
ANAPC15,0.0949581,0.19,0.3
LOC102723922,-0.13137643,0.185,0.301
SMIM34,0.15011192,0.185,0.301
LINC00486,0.15911312,0.185,0.301
C8ORF82,0.10009728,0.185,0.301
RC3H1,0.03060715,0.185,0.301
LCMT1-AS1,0.15050115,0.185,0.301
LOC101928219,0.25498977,0.185,0.301
RGS20,-0.11606876,0.185,0.301
CCDC136,-0.10363969,0.185,0.301
KRTAP5-4,-0.57403601,0.185,0.301
HSP90B2P,0.06561282,0.185,0.301
PEX6,-0.2435985,0.191,0.301
CCDC81,-0.08952084,0.185,0.301
SH3KBP1,-0.06294906,0.185,0.301
ZNF14,0.2198411,0.191,0.301
MASTL,0.05856445,0.184,0.301
OR2W1,-0.8352168,0.192,0.302
CCDC43,0.05384203,0.186,0.302
LOC107985664,0.10424397,0.185,0.302
LOC105378860,-0.15420087,0.186,0.302
HHLA1,-0.5351591,0.192,0.302
NUSAP1,0.1738098,0.192,0.302
ZBTB2,-0.04351715,0.186,0.302
METTL27,0.20198585,0.186,0.302
LOC102724562,0.14885343,0.186,0.302
RBM15B,0.06399531,0.186,0.302
LOC105371608,-0.07742604,0.186,0.302
LINC02449,0.10161265,0.186,0.302
SNORA64,-0.9821105,0.192,0.302
EOLA1,0.03022701,0.185,0.302
LOC107987097,0.12565369,0.186,0.302
TRIM10,-0.2631378,0.193,0.303
VPS18,-0.05474329,0.187,0.303
LOC107984344,0.09139914,0.187,0.303
NSG2,-0.5218339,0.193,0.303
SKA1,-0.4557724,0.193,0.303
NUDT7,0.07637006,0.186,0.303
LOC101928529,-0.14976228,0.186,0.303
LCOR,-0.02750749,0.186,0.303
YIPF6,0.0386344,0.186,0.303
MAP6D1,-0.1632831,0.193,0.303
ADGRE4P,0.13964915,0.186,0.303
LOC107984874,0.14235233,0.186,0.303
TALAM1,0.04733032,0.186,0.303
SPIN4,-0.06955983,0.187,0.303
CSPP1,0.03941161,0.187,0.303
PGA4,0.29127817,0.186,0.303
LOC105369775,-0.1741809,0.187,0.303
MRPL34,-0.05806561,0.186,0.303
C8ORF88,-0.09210159,0.188,0.304
MEX3C,-0.0930631,0.194,0.304
TFIP11-DT,0.07878985,0.187,0.304
UBE2E3,0.03570233,0.187,0.304
BEST3,0.20595633,0.187,0.304
GTF2A1-AS1,-0.1247124,0.187,0.304
LOC100130872,-0.1388867,0.187,0.304
LOC105375184,-0.07870217,0.187,0.304
SLC68A1,-0.1429318,0.193,0.304
WASF2,-0.07049678,0.187,0.304
HEXA-AS1,-0.6701562,0.194,0.304
MIR6861,0.12720416,0.188,0.304
LOC105376830,-0.06758681,0.188,0.305
PCP2,0.10877279,0.188,0.305
ZBTB11-AS1,0.03841823,0.188,0.305
RBM11,0.1266997,0.188,0.305
GTSE1,-0.09826124,0.188,0.305
CIC,0.1494284,0.195,0.305
LOC107985567,0.06513314,0.188,0.305
PIR,-0.1678947,0.194,0.305
CUTALP,0.14231646,0.188,0.305
GNPTAB,0.1153844,0.195,0.305
MINDY2-DT,0.14490607,0.188,0.305
ZNF613,0.05401547,0.189,0.306
HS3ST4,-0.25812128,0.189,0.306
DPP10,0.20211236,0.189,0.306
GJA3,0.3985022,0.195,0.306
C12ORF54,0.14256692,0.189,0.306
SPAG4,0.6867182,0.196,0.306
INSL3,-0.548002,0.196,0.306
ST20,-0.4133348,0.196,0.306
CEP295NL,-0.11744338,0.188,0.306
PAIP2,-0.04004267,0.189,0.306
DACH1,0.2454539,0.195,0.306
NUAK2,0.130394,0.195,0.306
UNKL,0.126697,0.195,0.306
ANO3,-0.4595389,0.195,0.306
LOC107986079,0.06159255,0.189,0.306
LOC100130027,0.08973263,0.189,0.306
TTLL13,-0.16496546,0.189,0.306
MEX3A,-0.09284373,0.189,0.306
KRT6A,-0.2597828,0.189,0.307
RNF216-IT1,-0.09447521,0.189,0.307
CYP7A1,-0.7265587,0.196,0.307
PAPLN,0.11150903,0.189,0.307
LOC107986813,0.07030567,0.189,0.307
CDX2,-0.4921352,0.196,0.307
LOC105377700,0.06191684,0.19,0.307
MIR5009,0.12762994,0.19,0.307
H4C16,0.06226042,0.19,0.307
LOC105377771,0.08192352,0.19,0.307
NOP14-AS1,-0.3677745,0.197,0.307
LINC01569,-0.10966056,0.19,0.307
RPS26,0.18626516,0.19,0.307
MIR10527,-0.15926823,0.189,0.307
LOC105372528,0.22178022,0.189,0.307
TRIM3,0.05637849,0.189,0.307
ATOH1,-0.6914151,0.196,0.307
NEU2,-0.5582242,0.197,0.308
CHRNA4,-0.4640759,0.197,0.308
LOC105371792,0.07618321,0.191,0.308
ZNF784,0.08335747,0.191,0.308
FHOD3,-0.1459065,0.197,0.308
GRAMD2A,-0.06888504,0.191,0.308
OR2A9P,0.12920234,0.19,0.308
POLR2A,-0.09626291,0.19,0.308
SLCO1A2,-0.5364576,0.197,0.308
LOC645967,-0.07141376,0.191,0.308
LOC102724087,0.33816358,0.191,0.308
LOC105375743,-0.13016245,0.19,0.308
MSTN,-0.543949,0.197,0.308
UBBP4,-0.10727573,0.19,0.308
TAS1R1,0.13966556,0.191,0.309
KCNQ5,0.15390197,0.191,0.309
SMC5,0.120076,0.198,0.309
TRIM6,-0.12118177,0.191,0.309
LOC107984346,-0.10220984,0.191,0.309
REEP6,0.25270412,0.191,0.309
SNORA47,-0.11285462,0.191,0.309
ADAMTSL5,-0.14843358,0.192,0.309
LOC105371493,0.09779529,0.191,0.309
ZFYVE19,0.05554786,0.191,0.309
CTBP1-DT,-0.06576526,0.191,0.309
PDAP1,-0.03952986,0.191,0.309
SEPTIN7P13,0.04786355,0.192,0.31
LINC00906,-0.18657792,0.192,0.31
MIR548AR,0.13586325,0.192,0.31
ZNF862,0.2757207,0.199,0.31
LOC105378433,0.14291844,0.192,0.31
ANXA11,0.05356484,0.192,0.31
SNORD114-10,-0.1703108,0.192,0.31
ZNF280B,0.12550983,0.192,0.31
SLFN14,-0.17523242,0.192,0.31
MFSD14A,-0.04170583,0.192,0.31
LOC105370384,0.04944421,0.192,0.31
LOC102723752,0.09645307,0.192,0.31
LINC01844,-0.23357407,0.192,0.31
MIR6859-4,0.13989849,0.192,0.31
MRPL45,0.04251627,0.192,0.31
DKKL1,-0.5998459,0.199,0.31
GABRB1,-0.15586001,0.192,0.31
LOC107987107,0.12256658,0.192,0.31
LOC107986187,0.07788977,0.192,0.31
PSD2,0.13151212,0.192,0.31
SGSM3-AS1,0.07118756,0.193,0.311
DBIL5P2,0.08916602,0.193,0.311
CLOCK,-0.04077583,0.193,0.311
ZNF830,0.04358549,0.193,0.311
LOC107986072,-0.14641783,0.193,0.311
ACBD6,0.02257147,0.193,0.311
LOC646471,0.05454619,0.193,0.311
INTS15,0.0701648,0.2,0.311
H4C2,-0.614457,0.2,0.311
SZRD1P1,0.14901927,0.193,0.311
LOC101927190,0.08725586,0.193,0.311
LOC100506563,0.1568882,0.193,0.311
RIDA,0.1372871,0.2,0.311
SRRM3,0.11332206,0.193,0.311
MCCD1,-0.10995512,0.193,0.311
EFCAB14-AS1,-0.04339239,0.193,0.311
XXYLT1,-0.06096265,0.193,0.311
EIF1B,-0.0735714,0.2,0.311
CELA2B,0.5494147,0.201,0.312
RPSA,0.05950241,0.194,0.312
B3GNTL1,0.05801768,0.194,0.312
LOC107984932,0.10863211,0.193,0.312
SPDYE17,0.08340349,0.194,0.312
HNRNPA0,0.0532793,0.201,0.312
OSGEP,-0.1035985,0.201,0.312
DCAF8-DT,0.05185865,0.194,0.312
OLFM5P,-0.18046001,0.194,0.312
SOGA3,-0.11923474,0.194,0.312
LOC112268444,0.07770277,0.194,0.312
SLC36A4,-0.05420051,0.194,0.312
ZNF311,-0.0790908,0.195,0.313
LOC105374020,0.18532807,0.195,0.313
GNAZ,0.10642747,0.195,0.313
NOMO1,-0.04749375,0.195,0.313
VWA5A,0.1059175,0.202,0.313
KRT19,-0.4107238,0.201,0.313
LOC105377046,0.07690492,0.195,0.313
AMHR2,-0.3852944,0.202,0.313
YAE1,0.04968178,0.194,0.313
LINC01359,0.10033435,0.195,0.313
NUTM2E,-0.06429761,0.194,0.313
OR1L4,0.14366928,0.195,0.313
LOC105377091,0.17761756,0.195,0.313
TP53INP2,-0.13457442,0.196,0.314
UGT1A5,0.15848384,0.195,0.314
IZUMO1,0.12242622,0.196,0.314
ZNF736,-0.06051498,0.196,0.314
ZNF217-AS1,-0.3590319,0.202,0.314
LOC101929270,0.07478888,0.196,0.314
C1D,-0.1336467,0.202,0.314
TREML1,-0.20202636,0.195,0.314
PCDHB18P,0.0812476,0.195,0.314
LOC101929107,-0.0992423,0.195,0.314
DDX20,-0.04538698,0.195,0.314
NRDE2,0.02350016,0.195,0.314
LOC107984063,0.08419631,0.196,0.314
APOM,-0.1203184,0.202,0.314
NGB,-0.7043591,0.203,0.314
SLC49A4,0.04314913,0.195,0.314
NBPF15,-0.04990591,0.196,0.314
DIO1,-0.5137408,0.203,0.314
AVL9,0.1219082,0.202,0.314
CYB5A,0.18429096,0.195,0.314
DNAH12,-0.12992057,0.196,0.314
LOC105370181,0.21202218,0.195,0.314
SNORD164,-0.10860651,0.195,0.314
CTDSP1,0.05322442,0.196,0.315
ETV3L,0.10022983,0.196,0.315
LPIN1,-0.2148633,0.203,0.315
LOC105379574,-0.08506427,0.196,0.315
LOC105373793,-0.12290051,0.196,0.315
LOC100129617,-0.11633222,0.196,0.315
OMG,-0.5400963,0.203,0.315
CDKN2AIP,-0.103344,0.203,0.315
HNRNPUL2,-0.1250702,0.203,0.315
LINC00999,-0.09974416,0.196,0.315
COQ9,-0.129139,0.203,0.315
CTNNA2,0.6130265,0.204,0.315
ZC3H7B,-0.1148802,0.203,0.315
LOC107986097,-0.15279696,0.197,0.316
OBSCN-AS1,0.11599039,0.197,0.316
MROH1,0.08617509,0.197,0.316
TRAPPC4,0.1179717,0.204,0.316
SNORD13,0.11258537,0.197,0.316
PLD1,0.07107004,0.197,0.316
SNORA31,-0.10465024,0.197,0.316
ALG1L1P,0.10054342,0.197,0.316
MAP3K2-DT,0.07296519,0.197,0.316
LOC107985259,-0.12522088,0.197,0.316
C1GALT1C1L,0.11712361,0.197,0.316
LINC00294,-0.05600433,0.197,0.316
IFNK,0.07111808,0.197,0.316
FGF9,-0.21753555,0.197,0.316
LOC107984501,-0.09874326,0.197,0.316
LOC101927401,0.14784823,0.198,0.317
VPS9D1-AS1,0.08207579,0.198,0.317
VXN,-0.16463962,0.198,0.317
CLEC4M,-0.4989043,0.205,0.317
RAB9BP1,-0.7271435,0.205,0.317
SLC47A2,0.20071501,0.198,0.317
UCP3,0.06988386,0.198,0.317
ARRDC3,0.06968462,0.198,0.317
CCDC70,0.5720336,0.205,0.317
ZNF611,-0.1663053,0.205,0.318
WAC-AS1,0.0411908,0.199,0.318
RBM48,0.04181136,0.198,0.318
LOC101928081,0.07997656,0.198,0.318
ZNF837,0.09877246,0.198,0.318
LRP3,-0.1025979,0.199,0.318
NBPF26,0.13755709,0.198,0.318
LOC107985304,-0.0335605,0.198,0.318
SNORD4B,0.14573108,0.199,0.318
CCDC33,-0.4994169,0.205,0.318
TPX2,-0.1864575,0.206,0.318
MIR545,-0.16001034,0.199,0.318
LOC112268131,0.09963198,0.199,0.319
MAN2B2,-0.1056428,0.207,0.319
LOC107984492,0.11225259,0.199,0.319
LOC107985898,0.07667257,0.199,0.319
LRP2BP-AS1,0.07482959,0.199,0.319
BRD4,-0.10098847,0.199,0.319
SCRT1,-0.7360154,0.207,0.319
ARHGEF18,0.101185,0.206,0.319
LOC101928953,0.1037925,0.199,0.319
LOC105379566,0.18931247,0.199,0.319
LOC105375097,-0.15312533,0.199,0.319
TATDN3,-0.0504731,0.199,0.319
EXOSC10-AS1,0.06906418,0.2,0.32
COL18A1-AS2,-0.1482101,0.2,0.32
NDUFA6-DT,0.08488506,0.2,0.32
LTB4R,-0.1882982,0.208,0.32
SINHCAF,0.05185273,0.201,0.32
SNORD81,0.09488996,0.2,0.32
SLCO1B1,-0.725742,0.207,0.32
TXNDC16,0.0531927,0.2,0.32
BZW1-AS1,-0.0895685,0.2,0.32
NAGPA-AS1,0.13878212,0.2,0.32
HCAR2,0.09638812,0.2,0.32
LMCD1-AS1,-0.11397029,0.2,0.32
LOC101928415,0.05656098,0.2,0.32
AMZ2P1,0.09240213,0.2,0.32
LOC107986475,0.18488127,0.201,0.32
PGAM1P5,-0.10874406,0.2,0.32
ZNF625-ZNF20,-0.04545629,0.201,0.32
PCDHB16,0.1117932,0.201,0.321
LINC02887,0.07750156,0.201,0.321
TM4SF20,-0.7909718,0.208,0.321
RAPGEF2,-0.1602333,0.208,0.321
LOC105372252,-0.2220183,0.201,0.321
ZNF433,0.04468263,0.201,0.321
ARHGAP15-AS1,-0.11683493,0.201,0.321
LOC105377972,-0.15911465,0.201,0.321
TSPAN1,-0.6111626,0.208,0.321
PADI3,0.7505086,0.208,0.321
TENT5C,-0.4792107,0.208,0.321
DCAF11,-0.0994852,0.208,0.321
ZFYVE26,0.02914409,0.201,0.321
CAPN1,-0.1468381,0.208,0.321
LINC01144,0.13705513,0.201,0.321
LOC107984841,0.07668196,0.201,0.321
CD5,-0.5158591,0.208,0.321
EXOC8,0.05826807,0.201,0.321
ZNF473,-0.05071771,0.201,0.321
PTCRA,-0.1661516,0.208,0.321
TTLL3,0.07398319,0.201,0.321
ZNF705EP,0.08860451,0.201,0.321
SLC44A2,0.05092435,0.202,0.322
ZNF608,-0.06298576,0.202,0.322
TMEM167A,-0.04699534,0.202,0.322
ZNF775-AS1,-0.10829626,0.202,0.322
YWHAEP1,-0.10252819,0.202,0.322
TRUB2,0.04132781,0.201,0.322
FBXL12,-0.04033117,0.202,0.322
TRIM48,-0.8675836,0.209,0.322
LRP8,-0.08557176,0.202,0.322
LOC643339,0.18770337,0.202,0.322
LOC105369165,0.30822547,0.202,0.322
MIR6501,-0.03404763,0.202,0.322
NBL1,0.09051442,0.202,0.322
HMX1,0.5779818,0.209,0.322
PLIN2,-0.2727158,0.209,0.322
PLAAT2,0.5349376,0.209,0.322
PGLS-DT,-0.08075914,0.202,0.322
SNORD104,0.08564176,0.203,0.323
VIPAS39,0.03127987,0.202,0.323
LINC02957,0.28967405,0.203,0.323
DTD1-AS1,0.06768026,0.203,0.323
HLA-L,-0.18930459,0.203,0.323
SNPH,-0.0821735,0.202,0.323
LOC105375253,0.19126486,0.203,0.323
GPRC5C,0.09917445,0.202,0.323
MYO5C,-0.07729478,0.203,0.323
LOC107985495,-0.22916169,0.203,0.323
GPAT4,-0.0330869,0.203,0.324
UTP14A,-0.1346096,0.21,0.324
EPHA7,-0.7581608,0.211,0.324
NOXO1,0.11500148,0.203,0.324
LOC105369552,0.17337767,0.204,0.324
ACVR2B,0.05382644,0.203,0.324
EIF2B4,0.03421109,0.203,0.324
GAGE1,-0.7409991,0.211,0.324
MCAT,-0.1276997,0.211,0.324
GAPDH,-0.1386022,0.211,0.324
ZNF136,0.04039424,0.203,0.324
ELF1,0.1268712,0.21,0.324
PTPRK-AS1,0.05884295,0.203,0.324
EYA1,-0.5230754,0.211,0.324
SNTB2,0.04021991,0.203,0.324
C2CD3,0.0954138,0.211,0.324
SPCS2,-0.03297723,0.204,0.325
ITGB7,0.07724346,0.204,0.325
WNT1,-0.5708946,0.212,0.325
LOC105374121,0.10395269,0.204,0.325
MIR1260B,0.08886084,0.204,0.325
ARSI,0.12079398,0.205,0.325
LOC105374445,0.11820052,0.204,0.325
ZDHHC12,0.06830414,0.204,0.325
CD27-AS1,0.06279866,0.205,0.325
MAGEA11,-0.8616057,0.211,0.325
LOC107986020,0.13284937,0.204,0.325
BAIAP2,0.10151983,0.204,0.325
MPPED1,-0.5384928,0.212,0.325
LOC105376678,0.22805406,0.204,0.325
LOC105374921,0.15443189,0.204,0.325
MIR4260,0.10551682,0.204,0.325
LPCAT2,-0.04484783,0.204,0.325
LOC105376405,0.11239412,0.205,0.325
EML4-AS1,0.1102561,0.205,0.325
ZNF517,0.07440283,0.205,0.326
RFC1,0.04648872,0.205,0.326
DTYMK,0.152453,0.212,0.326
AKAP4,0.5625258,0.212,0.326
TUSC8,-0.28511217,0.205,0.326
KRT75,-0.35471523,0.205,0.326
LOC105374973,-0.26246871,0.205,0.326
LOC100652931,-0.5838968,0.213,0.326
LOC107985550,0.07523383,0.205,0.326
LOC102724416,0.08589014,0.205,0.326
HNRNPA1,0.05261373,0.205,0.326
LOC105375634,-0.11792916,0.205,0.326
SPDYE8,0.0788472,0.205,0.326
FETUB,0.2029068,0.206,0.326
TNN,-0.20515273,0.205,0.326
SYNE3,-0.08432169,0.205,0.326
MIR100HG,0.09232593,0.205,0.326
HOXD4,-0.06509099,0.205,0.326
MGC16025,-0.0792774,0.206,0.327
PRAMEF11,1.2235188,0.213,0.327
CD24,-0.3998624,0.214,0.327
GP9,0.5631674,0.214,0.327
GREM1-AS1,-0.22344421,0.206,0.327
MYEF2,0.09451448,0.206,0.327
MSI1,-0.254284,0.206,0.327
FAM228B,0.06624268,0.206,0.327
LOC105370475,0.1486795,0.206,0.327
CENPE,0.26566,0.213,0.327
PCCA,-0.1392421,0.213,0.327
MIR423,0.13250718,0.206,0.327
DDAH2,-0.1273095,0.214,0.327
LOC105378721,0.05192404,0.206,0.328
PABIR3,0.0483924,0.207,0.328
TMC5,0.17448644,0.207,0.328
ZNF609,-0.1163936,0.214,0.328
MCPH1-AS1,-0.0643692,0.207,0.328
DDI1,0.15507664,0.206,0.328
DSCC1,-0.08373258,0.207,0.328
SNX12,0.03196517,0.207,0.328
TRAV10,-0.7105292,0.214,0.328
ARC,-0.5890962,0.214,0.328
LINC02694,0.23055734,0.207,0.328
C11ORF98,-0.06188568,0.207,0.328
LOC105369202,0.27730283,0.207,0.328
S100G,0.12963803,0.207,0.328
USH1C,0.4287238,0.215,0.329
NDUFC2-KCTD14,0.0838588,0.208,0.329
GAK,-0.0696538,0.215,0.329
CDKN2A-AS1,0.4779299,0.215,0.329
TRIM52-AS1,0.06125838,0.208,0.329
SRRM2-AS1,-0.10491125,0.207,0.329
TRIM52,0.02656767,0.208,0.329
GLDC,-0.8878814,0.215,0.329
TBC1D8B,-0.1040436,0.216,0.329
LOC105375023,-0.14152467,0.207,0.329
SLC5A10,0.08604636,0.208,0.329
SF3B2,0.1137635,0.216,0.329
LOC105370573,-0.0623335,0.208,0.329
HTR1D,-0.5649257,0.215,0.329
PACS2,-0.09218093,0.208,0.329
ABCA9,0.13468242,0.207,0.329
CFAP100,0.08165418,0.207,0.329
LOC107986566,0.17347156,0.208,0.329
ZNF197,0.02716221,0.208,0.329
GALNT8,0.5884181,0.215,0.329
CCNA1,0.7982015,0.215,0.329
INA,0.21914665,0.207,0.329
BAG4,0.03380432,0.208,0.329
TH,-0.6947239,0.215,0.329
CACNG2-DT,0.12893281,0.207,0.329
ZNF362,-0.06595605,0.208,0.33
HNRNPD-DT,0.11454827,0.208,0.33
LINC00536,0.19232424,0.208,0.33
HCG25,0.04714985,0.208,0.33
RHOBTB2,-0.3539364,0.216,0.33
SPATA2,0.1091642,0.216,0.33
LINC01176,-0.06791187,0.208,0.33
PAPLN-AS1,0.12925887,0.208,0.33
KCTD11,-0.0862328,0.208,0.33
LOC105370518,0.17660964,0.209,0.331
LOC102723568,0.23642898,0.209,0.331
RNF224,0.14852292,0.209,0.331
RPE65,-0.8743209,0.217,0.331
HBEGF,-0.1863319,0.217,0.331
CNOT7,-0.0623076,0.217,0.331
RCN2,0.03794767,0.209,0.331
GLRA3,-0.422335,0.217,0.331
MIR4292,0.12247087,0.209,0.331
ADAM30,-0.4987739,0.217,0.331
TMCC1-DT,-0.09920974,0.209,0.331
LOC100286922,0.16282619,0.21,0.332
DSG4,-0.40675469,0.21,0.332
LINC00863,-0.07746798,0.21,0.332
SLC5A11,0.22361094,0.21,0.332
LY6G6E,-0.8266435,0.217,0.332
SNORA50B,-0.09614977,0.21,0.332
MC1R,-0.2443624,0.218,0.332
ACBD3-AS1,0.0514958,0.21,0.332
CHRNA1,-0.5243089,0.218,0.332
XPO4,0.03467263,0.21,0.332
LOC107985712,-0.13659153,0.21,0.332
CACNG8,-0.20138003,0.21,0.332
RAB41,0.06745958,0.21,0.332
ERN2,-0.20474234,0.21,0.332
RBM10,0.0760411,0.218,0.332
PGR,0.5964568,0.217,0.332
CPB2-AS1,0.27060566,0.21,0.332
LOC112267973,-0.26115155,0.21,0.332
EOLA2-DT,0.07156957,0.21,0.332
LOC105377806,-0.20397459,0.21,0.332
DPH6-DT,-0.16499525,0.21,0.332
LOC105371686,-0.08737987,0.21,0.332
LOC105370714,0.22874766,0.211,0.333
FABP9,-0.58552564,0.211,0.333
GDAP2,0.03586113,0.211,0.333
TSPAN14-AS1,-0.17348931,0.211,0.333
GJA9-MYCBP,0.04156494,0.211,0.333
LOC107986015,-0.12614528,0.211,0.333
ANXA10,-0.4620392,0.218,0.333
PLA2G7,-0.4134787,0.219,0.333
RARS2,-0.03570252,0.211,0.333
KRTAP12-1,-0.55619667,0.211,0.333
LOC101928386,-0.10419254,0.211,0.333
LOC102723493,-0.21281701,0.211,0.333
OR11A1,-0.6172614,0.219,0.333
LOC105370003,-0.23443885,0.211,0.333
ANP32CP,0.4921356,0.219,0.333
TFAP2A-AS1,0.08536533,0.211,0.333
EML6-AS1,-0.18191561,0.211,0.333
SIGLEC8,-0.1502971,0.211,0.333
FNTB,-0.03639836,0.211,0.334
LOC105377295,-0.14380646,0.212,0.334
LOC107986486,-0.10881451,0.211,0.334
SPRR1A,-0.30169461,0.212,0.334
MC4R,-0.7082796,0.219,0.334
LOC93463,0.08841381,0.212,0.334
DAPK2,0.1300749,0.22,0.334
KRT6C,-0.22576964,0.212,0.334
TMEM164,0.11807451,0.211,0.334
GLO1,0.06970518,0.212,0.334
CFLAR-AS1,-0.04116378,0.212,0.334
CBLB,-0.1337821,0.219,0.334
TECPR1,-0.07612123,0.212,0.334
LARS2-AS1,-0.07540338,0.212,0.334
CEACAM6,-0.3494088,0.221,0.335
NOX5,0.13497373,0.212,0.335
NAT9,-0.0403127,0.212,0.335
RBM12B,-0.1511571,0.221,0.335
MIR6080,0.0963865,0.212,0.335
MIR4273,0.10169313,0.212,0.335
SNORD48,-0.12339631,0.212,0.335
LOC107984190,-0.05530192,0.212,0.335
ZYG11B,0.03622596,0.212,0.335
BRSK2,-0.6521304,0.22,0.335
EIF2AK3-DT,0.11339644,0.212,0.335
AKR1E2,0.09859916,0.213,0.335
LOC105372061,-0.12457617,0.213,0.335
UBQLN1,0.04297581,0.213,0.335
MB21D2,0.0549059,0.213,0.335
SNORA63D,-0.12171254,0.213,0.335
KRT7-AS,-0.22014686,0.213,0.335
SEC61A2,-0.3541219,0.221,0.335
MALT1-AS1,0.10336541,0.214,0.336
KHK,0.3144909,0.221,0.336
SLC24A3-AS1,-0.07271132,0.213,0.336
COMMD4P1,-0.17799316,0.214,0.336
EXOC4,0.03379491,0.214,0.336
NUP210L,-0.11770813,0.213,0.336
PRRC2A,-0.10940127,0.213,0.336
EME2,0.0993368,0.213,0.336
SLC10A1,-0.565803,0.221,0.336
NME3,0.1024918,0.222,0.337
HOXB-AS3,-0.15140662,0.214,0.337
ENTPD2,-0.4662163,0.222,0.337
EIF3B,0.04057341,0.214,0.337
C1QTNF4,0.15999437,0.214,0.337
TAS2R31,-0.09113507,0.215,0.337
CARMAL,-0.1744872,0.215,0.337
SRP54,0.0564849,0.222,0.337
KRT35,1.3333234,0.222,0.337
LOC107985021,-0.06422758,0.215,0.338
HIGD1C,0.10642778,0.215,0.338
PLPBP,-0.04215517,0.215,0.338
ZNF232-AS1,0.22582051,0.215,0.338
PVRIG,0.3227689,0.223,0.338
APBA1,0.08051357,0.215,0.338
LOC107987098,-0.10403854,0.215,0.338
MOSMO,0.03851525,0.215,0.338
CYP1B1-AS1,-0.13928962,0.215,0.338
KRTAP5-8,-0.46606895,0.215,0.338
LOC105372432,0.18988244,0.215,0.338
LINC01619,0.06874694,0.216,0.339
RAB4A-AS1,0.07901826,0.216,0.339
LOC105372989,-0.06656939,0.216,0.339
LOC107985782,0.21542745,0.216,0.339
MED14OS,-0.08792133,0.216,0.339
WFDC2,-0.2184188,0.224,0.339
ZNF155,-0.4740999,0.224,0.339
LOC105379280,-0.15854401,0.215,0.339
LOC105375211,0.08701774,0.216,0.339
TAS2R30,-0.07811019,0.216,0.339
LOC101928589,0.12358401,0.216,0.339
LMBR1,0.0315647,0.217,0.34
PKD1P1,0.08643552,0.217,0.34
TIMCC,0.1355014,0.224,0.34
TAF12-DT,-0.09885765,0.217,0.34
ZNF807P,0.09027975,0.216,0.34
NCK1-DT,-0.07666773,0.217,0.34
CFAP206,0.12145661,0.217,0.34
LOC105378551,-0.09230462,0.217,0.34
GET1-SH3BGR,0.07245466,0.217,0.34
LOC107986299,0.12602595,0.217,0.34
PLAA,-0.0830876,0.225,0.341
PURG,-0.6276082,0.225,0.341
GPATCH2,-0.04638876,0.217,0.341
DNAH14,-0.11257402,0.217,0.341
MRPL21,0.06314542,0.217,0.341
PTGES3L,-0.14655197,0.217,0.341
OR10V1,0.19333986,0.218,0.341
MLLT10P1,-0.15811465,0.217,0.341
LOC101928669,0.17378912,0.218,0.341
HMGN1,-0.04135548,0.218,0.342
CYP46A1,0.11429569,0.218,0.342
FAIM,-0.0920489,0.226,0.342
SDHAF2,-0.03154266,0.218,0.342
CFHR3,0.24766251,0.218,0.342
LOC107986250,-0.13384196,0.219,0.342
MFSD6L,0.13799449,0.218,0.342
FAM156A,0.03431278,0.219,0.342
WEE2,0.13610433,0.219,0.342
LOC105371716,-0.11753377,0.218,0.342
EMC7,0.074339,0.226,0.342
CLUL1,-0.5839968,0.226,0.342
KIAA0825,-0.05997586,0.218,0.342
LOC105378248,0.10720864,0.219,0.343
ATP5PF,-0.1182152,0.227,0.343
KRTAP5-AS1,-0.43595559,0.219,0.343
LINC00921,-0.6772905,0.227,0.343
CD19,0.7834885,0.227,0.343
UQCC2,-0.05107124,0.219,0.343
LOC105374139,0.30811197,0.219,0.343
PHYH,-0.0822401,0.227,0.343
LILRP2,-0.3245155,0.227,0.343
LOC105379564,0.32732136,0.219,0.343
LINC00899,0.08513635,0.219,0.343
GLIPR1L2,0.17615044,0.219,0.343
LOC107986925,0.37598463,0.219,0.343
NADSYN1,0.1259887,0.227,0.343
LOC112268063,-0.09926024,0.219,0.343
HERC2,-0.02514551,0.22,0.344
NAALADL2,0.07332269,0.22,0.344
STOX1,-0.13434506,0.22,0.344
FOXD4,0.14618877,0.22,0.344
LOC107986811,-0.10641719,0.22,0.344
CYP4F2,-1.137595,0.228,0.344
LOC105377112,-0.12193158,0.22,0.344
CTNNAL1,-0.05384485,0.22,0.344
CRPPA-AS1,-0.0935622,0.22,0.344
TRDMT1,0.04302237,0.22,0.344
LOC105374882,0.09514231,0.22,0.344
LBX1,-0.3639822,0.228,0.344
TRBV10-2,-0.6855839,0.228,0.344
FSIP2-AS2,0.18047827,0.22,0.344
CREBRF,0.0552044,0.22,0.344
MYH11,0.16605068,0.22,0.345
TMEM120B,-0.1747041,0.229,0.345
DENND5B,-0.06439491,0.221,0.345
CCDC13,-0.13265914,0.221,0.345
TAAR5,-0.4817316,0.229,0.345
SIX5,0.4612902,0.229,0.345
SEMA3B-AS1,0.14396369,0.221,0.345
LOC102723701,0.09401432,0.221,0.345
MIR3174,-0.1155154,0.22,0.345
LOC105373142,-0.07952838,0.221,0.345
LOC107987223,0.1713101,0.22,0.345
LOC105375095,0.17465699,0.221,0.345
ZNF252P-AS1,0.09471495,0.221,0.345
CKS2,0.2137041,0.229,0.345
LOC101928034,0.11657458,0.221,0.345
LOC107985404,0.05694722,0.221,0.345
LOC107986617,0.21160467,0.221,0.345
PCDHGC5,0.06106076,0.221,0.346
TBC1D9B,-0.0809892,0.23,0.346
CDRT15P1,0.10841296,0.222,0.346
TSEN54,0.06290916,0.222,0.346
TGFB2-AS1,-0.13768553,0.221,0.346
ST8SIA2,-0.2992981,0.23,0.346
LOC107984120,0.15009939,0.222,0.346
NPTX1,0.28098518,0.222,0.346
RALYL,-0.5808888,0.23,0.346
TEDC2,0.11973601,0.222,0.346
CNN1,-0.3317413,0.231,0.347
SLC6A4,-0.4060624,0.231,0.347
PRELID1,-0.0519701,0.222,0.347
LOC107986567,0.20105742,0.223,0.347
RITA1,0.0993397,0.231,0.347
SLC35E1,-0.03722822,0.223,0.347
ERCC6L2,0.03630192,0.222,0.347
CMTM1,-0.07858479,0.222,0.347
RAB18,0.05076906,0.222,0.347
LOC107984210,0.05235381,0.223,0.347
PTCD3,0.0960423,0.23,0.347
CRISP1,-0.6635896,0.231,0.347
CFAP251,-0.1262437,0.223,0.348
TMEM139,0.11840662,0.223,0.348
CES3,0.10002667,0.223,0.348
MIR497HG,-0.05229689,0.223,0.348
LOC728024,0.05981064,0.223,0.348
ABHD11,0.06279168,0.223,0.348
AP1G2-AS1,0.04298688,0.223,0.348
SYTL5,0.22960559,0.223,0.348
LOC107984833,-0.19668251,0.223,0.348
PAH,-0.7305211,0.232,0.348
SLC25A22,-0.1714352,0.232,0.348
MAT1A,-0.3996379,0.232,0.348
TRIM31,-0.4375473,0.231,0.348
LOC101929240,-0.04772754,0.223,0.348
SAGE1,-0.9150929,0.231,0.348
STAG3L2,0.04720633,0.223,0.348
LOC107986714,0.09089526,0.224,0.349
LOC100132781,0.114493,0.224,0.349
SNORD143,0.07744729,0.224,0.349
SMIM2,-0.6060115,0.232,0.349
LOC105375457,0.10910296,0.224,0.349
ZSCAN2,-0.6327829,0.233,0.349
LOC105372266,0.14590037,0.224,0.349
FLNC-AS1,-0.17035352,0.224,0.349
TTC39C-AS1,0.10262776,0.224,0.349
SLC25A48,0.10250039,0.224,0.349
CHST9,0.16159474,0.224,0.349
SPTLC1,0.04230499,0.224,0.349
SLC9A3,-0.442324,0.233,0.349
MOCS2-DT,0.10324337,0.224,0.349
CHST2,0.3022677,0.233,0.349
LOC105374807,0.10418665,0.224,0.349
RAP1A,0.04533951,0.224,0.349
LOC105375231,-0.13027246,0.224,0.349
LOC105372034,-0.18002708,0.224,0.349
BACH2,-0.06039258,0.224,0.349
RBM18,-0.03665253,0.224,0.349
A2ML1,-0.1545725,0.225,0.35
KCTD21-AS1,-0.11160056,0.225,0.35
LOC105376039,0.10046641,0.225,0.35
SNORD125,-0.14313521,0.225,0.35
THAP3,0.3708629,0.234,0.35
CCR4,0.5257039,0.233,0.35
LINC00426,-0.13700629,0.226,0.351
SNHG10,0.05636528,0.226,0.351
CSDE1,0.03288048,0.226,0.351
MIR620,0.14950354,0.226,0.351
FIBIN,-0.1317142,0.225,0.351
ANKEF1,-0.1771665,0.235,0.351
LOC107985788,0.11614445,0.226,0.351
POFUT2,-0.1386138,0.234,0.351
LOC102724720,0.21291034,0.225,0.351
SHANK1,0.14079127,0.226,0.351
EPPIN,-0.6731877,0.235,0.351
SLC41A1,-0.11516208,0.226,0.351
MST1L,-1.2210511,0.234,0.351
HNRNPM,-0.0685651,0.235,0.351
SERINC4,0.03244806,0.226,0.351
SEC1P,0.10705421,0.226,0.351
FFAR4,-0.128294,0.226,0.351
SLC6A10PB,-0.28992762,0.227,0.352
CCNQ,-0.04492778,0.226,0.352
IGLL1,-0.6571525,0.235,0.352
SUMO1,-0.1269281,0.235,0.352
LOC105369143,0.10080983,0.227,0.352
LOC105370588,-0.22696669,0.227,0.352
LOC112267988,0.08098937,0.227,0.352
SNORD83A,-0.12515472,0.226,0.352
RRN3,0.04436972,0.226,0.352
LOC101929004,0.09046265,0.227,0.352
C1ORF122,-0.11832731,0.227,0.352
LOC107986086,-0.10894146,0.227,0.352
HCCS,-0.0585826,0.236,0.352
PEX11B,0.03215133,0.226,0.352
ZNF565,0.04702985,0.227,0.352
MYOZ2,-0.11192197,0.227,0.352
ZNF660-ZNF197,0.02588432,0.227,0.352
ZFP91,-0.02882867,0.226,0.352
CASC2,0.08465727,0.226,0.352
C21ORF140,0.09001332,0.226,0.352
LINC02897,0.15022294,0.226,0.352
CPSF2,-0.03689768,0.228,0.353
ARL6IP5,-0.0964711,0.236,0.353
EMC2,0.05015969,0.227,0.353
LINC00965,-0.18820473,0.228,0.353
SNORD19,0.10025672,0.228,0.353
FKTN-AS1,0.12050047,0.227,0.353
GBP7,-0.25214976,0.227,0.353
TRIM36,0.08965056,0.227,0.353
LUARIS,-0.15075318,0.228,0.353
SHLD2,0.0380604,0.227,0.353
DKFZP586I1420,0.1226932,0.236,0.353
LOC105376512,0.08282139,0.227,0.353
ALKBH2,0.05420613,0.228,0.353
CRTC2,-0.06135858,0.228,0.353
LRRC45,0.0778288,0.227,0.353
LOC105373504,-0.11216997,0.228,0.354
HOXB3,-0.4987733,0.237,0.354
FECH,-0.1069064,0.238,0.354
CHMP2B,0.04618304,0.228,0.354
CAPN10,-0.3605976,0.238,0.354
FAM66E,-0.12386832,0.228,0.354
PCGF3-AS1,0.0531319,0.229,0.354
EPRS1,0.0726624,0.237,0.354
HS2ST1,-0.0582563,0.237,0.354
THAP8,0.07146511,0.228,0.354
SSRP1,0.0606068,0.238,0.354
DRG1,0.02877091,0.228,0.354
ATP2C1,0.03670459,0.228,0.354
ATP4B,-0.5488831,0.237,0.354
MITD1,0.04562288,0.228,0.354
BCLAF1,0.04655532,0.228,0.354
HINT2,0.06032021,0.229,0.355
PLK3,-0.08090441,0.229,0.355
ZNF28,0.04132773,0.229,0.355
AMACR,-0.07028786,0.229,0.355
HFM1,-0.16674718,0.229,0.355
MIR635,-0.09354312,0.229,0.355
KANSL3,-0.4313019,0.238,0.355
KIF18A,-0.1952239,0.239,0.355
LOC105370579,-0.08554561,0.229,0.355
PIK3CA,-0.0877957,0.238,0.355
REG1CP,-0.4003366,0.238,0.355
KLK3,-0.4105169,0.238,0.355
WT1-AS,0.5801933,0.239,0.355
DRD3,-0.4784398,0.239,0.355
SF1,0.1172737,0.238,0.355
TAB1,-0.4870287,0.24,0.356
DDX42,0.087507,0.239,0.356
FGFR4,0.16415257,0.23,0.356
KCNE2,-0.5474112,0.24,0.356
LINC01239,-0.27821056,0.23,0.356
IFNA5,-0.8314435,0.24,0.356
UGT2A2,0.33944643,0.23,0.356
TASOR,-0.0670626,0.24,0.356
DDX54,0.0574454,0.23,0.356
UBE2L5,0.12975538,0.23,0.356
H3C13,-0.10195951,0.23,0.356
AGER,0.4322571,0.24,0.356
SNORD68,0.10008856,0.23,0.356
SERPINA10,-0.17423415,0.23,0.356
HSPH1,-0.07708288,0.23,0.356
GAL3ST4,0.08476676,0.23,0.356
ZSWIM9,0.10158107,0.23,0.356
PNMT,0.357653,0.239,0.356
ZNF256,0.05074781,0.23,0.356
GRM7,0.4129747,0.241,0.357
PABPN1L,0.10740375,0.231,0.357
LOC112268021,0.08472688,0.231,0.357
LOC105371452,-0.10452563,0.231,0.357
LOC105378231,0.13246267,0.231,0.357
ATRX,0.03177784,0.231,0.357
TYRP1,0.17813878,0.231,0.357
LINC01752,0.10885923,0.231,0.357
PIGY,0.04196424,0.231,0.357
LOC107983949,0.10470131,0.231,0.357
LOC107984889,-0.18316149,0.23,0.357
LOC107986949,-0.07394713,0.231,0.357
TGM6,-0.51451506,0.231,0.357
C17ORF50,0.15926432,0.231,0.357
CFAP276,0.13177109,0.231,0.358
LINC01238,0.10920929,0.232,0.358
DTX4,-0.10585891,0.232,0.358
LOC107987047,0.14563634,0.231,0.358
GRAMD2B,-0.1053353,0.241,0.358
GAS2,-0.2570131,0.242,0.358
LOC105378450,0.14484239,0.232,0.358
MN1,-0.13960295,0.232,0.358
LOC107984715,-0.11042371,0.232,0.358
LOC105375844,-0.12938281,0.232,0.358
COQ8A,-0.1343111,0.242,0.358
HAAO,-0.3032505,0.241,0.358
LOC105370174,0.07551058,0.232,0.358
LOC105369763,0.21947696,0.232,0.358
LINC02693,-0.07524062,0.232,0.358
CYP4F11,-0.722174,0.242,0.359
LOC101926948,-0.12923766,0.233,0.359
LOC102723862,-0.16411539,0.233,0.359
TMEM129,-0.05552011,0.233,0.359
DRAXIN,-0.15231812,0.233,0.359
OCIAD2,0.07589381,0.233,0.359
RBL1,-0.1453346,0.242,0.359
LINC01786,0.10653616,0.233,0.359
LINC00957,0.08277627,0.233,0.359
ACTBL2,-0.46129493,0.233,0.359
SNORA31B,-0.09886513,0.233,0.359
TRIM66,0.2810612,0.242,0.359
LOC105371814,0.05716641,0.233,0.359
MICOS10-NBL1,0.0820322,0.233,0.359
MEI1,-0.12292693,0.232,0.359
SNHG1,0.07030871,0.234,0.36
MIR645,-0.13599358,0.234,0.36
DNAJA3,0.05352546,0.234,0.36
IPO7,0.0709635,0.243,0.36
LOC100996664,-0.08311465,0.234,0.36
GATA1,-0.5092085,0.243,0.36
SNORD29,0.07666189,0.233,0.36
RPRD1B,0.02419954,0.234,0.36
FLJ13224,-0.4339687,0.243,0.36
TIMP2,-0.1668527,0.243,0.36
LOC100506551,-0.04580822,0.234,0.36
LINC00299,-0.16606526,0.234,0.36
LOC107984389,0.16890329,0.233,0.36
E2F5,0.05939291,0.234,0.36
LOC107985780,-0.05931526,0.234,0.36
HTATIP2,0.06578221,0.234,0.36
ORM1,-0.6724135,0.243,0.36
PLD5,-0.15961289,0.234,0.36
USP42,0.03502609,0.233,0.36
LOC112267875,-0.17919536,0.234,0.36
ERLIN2,-0.0804035,0.245,0.361
ZNF438,0.04165033,0.235,0.361
LOC101927330,0.09283371,0.235,0.361
KIAA0087,0.20525548,0.234,0.361
UBOX5-AS1,0.06228754,0.235,0.361
MIRLET7G,0.12766818,0.234,0.361
LOC107984696,0.11984995,0.234,0.361
OR7C1,-0.24409817,0.234,0.361
SENP5,-0.0731402,0.244,0.361
ATXN1L,-0.04317574,0.235,0.361
RNF34,-0.02543168,0.234,0.361
INSYN2A,0.03752296,0.236,0.362
EDN3,-0.2368984,0.236,0.362
FBXW5,-0.05916348,0.236,0.362
WWOX,0.0914479,0.245,0.362
LOC105376212,0.13661567,0.235,0.362
LOC105377709,-0.15079162,0.235,0.362
MIR99A,0.14614972,0.235,0.362
LOC105377920,-0.05227832,0.236,0.362
LOC107985381,0.07030292,0.236,0.362
RNPEPL1,-0.09047168,0.235,0.362
PCYOX1L,0.06153505,0.236,0.362
ZNF451,-0.1140908,0.245,0.362
DES,0.21514739,0.235,0.362
OR14A2,-0.15982736,0.235,0.362
LINC00663,0.07254022,0.236,0.362
MPV17L2,-0.0702566,0.236,0.362
LOC102723961,0.15620549,0.235,0.362
CHRM3-AS2,-0.20161399,0.235,0.362
SPIN2A,-0.05786134,0.235,0.362
TRMT12,0.04606931,0.235,0.362
PYURF,0.04155798,0.236,0.363
ASPM,-0.1920375,0.246,0.363
RTEL1,0.1711447,0.246,0.363
LALBA,-0.5311945,0.246,0.363
ADD2,0.2947144,0.246,0.363
GUCY2D,-0.1865725,0.246,0.363
BNIP3,0.1470788,0.246,0.363
MRPS36,0.0632619,0.236,0.363
CSN1S1,-0.9437568,0.246,0.363
PDCD6P1,0.04905857,0.236,0.363
LOC107986862,-0.08338533,0.236,0.363
PKD1P3-NPIPA1,0.08219997,0.237,0.364
SLC22A20P,0.12337897,0.237,0.364
SNORA10B,0.10550612,0.237,0.364
TPSD1,0.26067647,0.237,0.364
CDK11A,0.07512357,0.237,0.364
ZHX1-C8ORF76,0.03325649,0.237,0.364
FAM157A,0.08283497,0.237,0.364
FAM172A,0.03269647,0.237,0.364
ZC4H2,0.1487432,0.247,0.364
SCAMP3,0.02709927,0.237,0.364
LOC100505502,-0.07548997,0.237,0.364
LOC101930129,0.10741203,0.237,0.364
LOC101930100,0.17343542,0.237,0.364
LOC105373668,-0.16055733,0.238,0.365
LOC105379283,0.05847815,0.238,0.365
THSD1,-0.04990795,0.238,0.365
LOC107986422,0.04824247,0.238,0.365
LOC101930421,-0.07825941,0.238,0.365
FRAT2,0.1209224,0.248,0.365
LOC105377382,-0.20536179,0.238,0.365
CCNK,-0.04625089,0.238,0.365
TUBB2B,0.1837151,0.248,0.365
HBE1,-0.5355887,0.248,0.365
FBXL8,-0.734162,0.248,0.365
LINC00479,0.24746914,0.238,0.365
LUC7L,-0.1172963,0.248,0.365
TBC1D24,0.08148294,0.238,0.365
LOC101927879,0.14853555,0.238,0.365
STX7,0.04200582,0.238,0.365
WDR49,-0.116871,0.238,0.365
LOC107984311,-0.1351317,0.238,0.365
LOC105377024,-0.18314284,0.238,0.365
LOC102723996,0.10469814,0.238,0.365
PDXDC1,0.04874685,0.239,0.366
MYOCD-AS1,-0.20248382,0.238,0.366
AUNIP,-0.1666453,0.249,0.366
REEP1,0.1644658,0.249,0.366
PTPRG-AS1,-0.07307154,0.238,0.366
CAVIN2-AS1,-0.11357213,0.239,0.366
ATP8B5P,0.09615916,0.238,0.366
RANBP1,-0.0311125,0.239,0.366
AKAP6,0.08824789,0.239,0.366
ZDHHC5,0.03926001,0.24,0.367
IFNA10,-0.7947898,0.249,0.367
MIR5687,-0.1204416,0.24,0.367
LOC107984781,-0.17872915,0.24,0.367
SUPT4H1,0.0599155,0.25,0.367
LOC105372717,-0.07484704,0.239,0.367
TBX15,-0.0835921,0.24,0.367
MIR581,0.10336337,0.24,0.367
OLFML2A,-0.1369203,0.25,0.367
H2BC12,-0.06297226,0.24,0.367
NAT1,-0.08107671,0.241,0.368
HUS1B,-0.09577907,0.24,0.368
SNORD53B,0.11238149,0.24,0.368
RACGAP1,0.06373293,0.241,0.368
UBL7,0.03966553,0.241,0.368
UTP23,0.03939034,0.24,0.368
LOC107987042,0.07325867,0.241,0.368
ERFE,-0.09257117,0.241,0.368
ADRB2,0.217713,0.251,0.368
APOF,-0.6822919,0.251,0.368
LRRTM2,0.03892022,0.24,0.368
LOC105371481,0.08734483,0.24,0.368
LOC112268272,-0.08548579,0.241,0.369
PGK1,-0.1073009,0.251,0.369
C17ORF58,-0.07211895,0.241,0.369
ZNF334,-0.6443174,0.251,0.369
DCAF1,0.02699093,0.241,0.369
LOC105375350,-0.13153581,0.241,0.369
LOC107987148,-0.16783503,0.242,0.369
LINC01311,0.06722636,0.241,0.369
LOC105372764,-0.18996038,0.241,0.369
FAM87B,0.0796972,0.241,0.369
LOC112268239,0.09292482,0.242,0.37
LOC107985192,0.11336221,0.242,0.37
MIR6821,-0.13376551,0.242,0.37
BTG3-AS1,-0.07283813,0.242,0.37
TBC1D8-AS1,0.09631513,0.242,0.37
AP5M1,0.0685145,0.252,0.37
LOC105379154,0.10667108,0.242,0.37
FGD1,-0.115816,0.253,0.37
PDK3,-0.1374496,0.252,0.37
COA1,0.102962,0.253,0.37
AVPI1,0.1175759,0.252,0.37
CFAP157,0.0786701,0.242,0.37
LOC105370182,0.16044627,0.242,0.37
PRAMEF12,-0.7972043,0.252,0.37
ANP32A,0.0927658,0.253,0.37
ARHGAP30,-0.07972528,0.242,0.37
CEP192,0.0869794,0.252,0.37
LOC101927971,-0.07258227,0.243,0.37
BRPF3-AS1,0.12941945,0.242,0.37
SPRY2,0.0882202,0.254,0.371
LOC101929964,0.06817439,0.243,0.371
EXOC3-AS1,0.07324115,0.243,0.371
SNORD3B-1,-0.09289537,0.243,0.371
KCNJ11,0.13754758,0.243,0.371
TCAM1P,-0.20544053,0.243,0.371
ZNF670,0.05994448,0.243,0.371
LOC105376033,0.04578377,0.243,0.371
POM121,-0.05697518,0.243,0.371
SNORD100,0.0928836,0.243,0.371
ATPAF1,-0.03499816,0.243,0.371
LOC107986064,-0.07472397,0.243,0.371
LOC105374470,0.10233664,0.243,0.371
FBXL22,0.07292091,0.243,0.371
ZNF772,0.06661075,0.243,0.371
LINC00941,-0.15808429,0.243,0.371
ARPP21,0.6204848,0.253,0.371
LOC107986614,0.20036804,0.244,0.372
FRS2,-0.02808629,0.244,0.372
LINC02987,0.04826818,0.244,0.372
TOMM34,-0.1018435,0.254,0.372
CCL22,-0.6054533,0.255,0.372
GXYLT1,0.03546359,0.244,0.372
IFT80,-0.04567012,0.244,0.372
EPHA10,-0.19366936,0.244,0.372
CD101-AS1,-0.08161283,0.244,0.372
ST7-OT3,-0.05701526,0.244,0.372
LOC107986779,-0.14517452,0.244,0.372
TCHH,-0.53411571,0.245,0.373
GTF2A2,-0.04003629,0.245,0.373
EIF4E3,0.03993001,0.245,0.373
PIGR,-0.34769577,0.245,0.373
CHD7,0.03999591,0.245,0.373
KLRC4,-0.21265094,0.245,0.373
ZNF703,0.1479449,0.245,0.373
H2AP,-0.3978278,0.255,0.373
NALF1,0.1921345,0.255,0.373
PDE4D,-0.1325981,0.256,0.373
LOC105369344,-0.10879429,0.245,0.373
ZNF225-AS1,0.03544245,0.245,0.373
ELOA2,0.12127084,0.245,0.373
LOC105374340,-0.14827373,0.245,0.373
LRRC69,0.05886299,0.245,0.373
CHMP3-AS1,0.06143776,0.245,0.373
IRGC,0.5062383,0.256,0.374
MFSD11,0.2168105,0.257,0.374
TMEM218,0.04998293,0.246,0.374
GUSBP2,0.07272295,0.246,0.374
BCOR,-0.1187568,0.256,0.374
PITX3,0.3414805,0.256,0.374
APRT,0.0876064,0.256,0.374
SYN1,-0.09075549,0.246,0.374
LINC00652,0.11322854,0.246,0.374
PCBP2-OT1,-0.10312225,0.246,0.374
FCRLA,0.21309293,0.246,0.374
LOC284581,-0.5462367,0.245,0.374
UBA2,-0.03574901,0.246,0.375
LOC101928383,0.07890034,0.247,0.375
MAGEB1,-0.8520506,0.257,0.375
SPTBN4,-0.339953,0.257,0.375
SNORA80D,0.14363419,0.246,0.375
B3GNT3,0.21168521,0.247,0.375
FANCD2OS,0.11559805,0.246,0.375
LOC151760,0.14513667,0.247,0.375
MARCHF5,-0.03376912,0.246,0.375
RAPSN,0.13701058,0.247,0.375
LDHC,0.3517259,0.257,0.375
DRC8,0.3653849,0.257,0.375
SPG11,0.02707458,0.246,0.375
MIR6757,-0.13722946,0.247,0.375
PRM2,-0.4885387,0.258,0.376
G6PC1,-0.5940762,0.258,0.376
LOC101927687,0.13043396,0.247,0.376
OR10AD1,-0.11161097,0.247,0.376
LINC01123,-0.06980364,0.248,0.376
SPRR2C,-0.7084144,0.258,0.376
LOC107984316,-0.09227971,0.247,0.376
IDI1,0.10145905,0.248,0.376
SNORA38B,0.08649081,0.248,0.376
TRIM50,-0.12478784,0.247,0.376
DMRTA1,0.1913706,0.248,0.376
STK35,-0.06163775,0.247,0.376
PRKCG,-0.4028295,0.258,0.376
CCDC96,0.10155471,0.247,0.376
ADO,0.053457,0.258,0.376
ZNF639,-0.3673712,0.258,0.376
LOC101928230,0.05327635,0.248,0.376
GNB1-DT,0.12870328,0.248,0.376
TLK2,0.02242809,0.247,0.376
TMEM198B,-0.06534327,0.247,0.376
MON1A,-0.07404701,0.248,0.376
LIMS2,-0.1394817,0.259,0.377
DDX4,-0.6325476,0.259,0.377
PLEKHM1,0.06389112,0.249,0.377
LOC105375953,0.14478949,0.248,0.377
USP46-DT,0.06387576,0.249,0.377
LOC399900,0.10173711,0.248,0.377
LINC01271,-0.1222371,0.249,0.377
ATP1A1-AS1,-0.08167212,0.248,0.377
SNORA7B,0.05425955,0.248,0.377
SMN2,0.09555585,0.248,0.377
LOC105372325,0.24908004,0.249,0.377
TRIL,-0.15487,0.259,0.377
LOC112543491,-0.0833332,0.249,0.377
KRT76,-0.6538891,0.259,0.377
NHS-AS1,-0.10497109,0.248,0.377
HMCES,0.0338327,0.249,0.377
LOC105377037,0.22723441,0.248,0.377
SFT2D2,0.1583195,0.259,0.377
BAIAP2-DT,-0.08758754,0.248,0.377
MIR25,-0.10997374,0.249,0.378
LOC100128317,0.33134249,0.249,0.378
ZBTB20,-0.1290622,0.26,0.378
ZNF669,0.1518147,0.26,0.378
NCAM2,-0.09798345,0.25,0.378
LOC107986663,-0.23279631,0.249,0.378
RAB2A,-0.03555164,0.25,0.378
LOC105370970,-0.08353771,0.25,0.379
MIR1296,-0.09311226,0.25,0.379
CCDC102A,-0.07950121,0.251,0.379
KRABD4,0.0995064,0.261,0.379
LOC105373976,0.15711286,0.25,0.379
C2ORF73,-0.1487723,0.25,0.379
RAD51C,0.05782254,0.25,0.379
NIPSNAP1,-0.0757404,0.261,0.379
CSDC2,-0.14168129,0.25,0.379
TMEM63A,0.06291938,0.251,0.379
LOC112268037,0.20352363,0.251,0.379
HNRNPA3P1,0.5049418,0.261,0.379
SNAPC2,-0.4156211,0.261,0.379
LOC107985656,-0.11570141,0.25,0.379
MIR4755,0.11797,0.25,0.379
LOC112267967,-0.06082847,0.251,0.379
PPIL3,0.06147817,0.251,0.38
MIR421,0.04607799,0.251,0.38
ZNF25,-0.04566625,0.251,0.38
CSN3,-0.4388113,0.262,0.38
TRG-TCC2-6,0.08337976,0.251,0.38
LOC286297,-0.19959199,0.251,0.38
CHAT,-0.6599158,0.263,0.381
ALOX12-AS1,0.05915806,0.252,0.381
VMAC,0.05287156,0.252,0.381
ZFPM2-AS1,-0.1808952,0.252,0.381
AMBRA1,-0.0907567,0.263,0.381
ZNF322,0.04169188,0.252,0.381
S100PBP,-0.0335959,0.252,0.381
MSS51,-0.03408399,0.252,0.381
FOXO3B,-0.03995118,0.252,0.381
DNAAF8,-0.08375655,0.253,0.382
SLC22A5,-0.1357291,0.264,0.382
LOC100506023,0.06941898,0.252,0.382
SYNGR4,-0.6021497,0.264,0.382
PAQR6,0.08172755,0.253,0.382
LENG9,-0.06013107,0.253,0.382
LOC105375587,-0.32389486,0.253,0.382
GTF2IP13,0.0739422,0.253,0.382
C20ORF204,0.08225253,0.253,0.382
IER3IP1,0.0519061,0.253,0.382
LINC01587,-0.7711937,0.264,0.382
GRM5,-0.4735875,0.263,0.382
CAND2,-0.06755376,0.253,0.382
UNC5D,0.19972539,0.253,0.382
CAPN8,-0.2758758,0.253,0.382
MIR4296,-0.12976288,0.253,0.382
SOCS4,-0.04153622,0.252,0.382
HERPUD2-AS1,0.0409211,0.253,0.382
RNF17,0.486487,0.263,0.382
VPS39-DT,0.05295564,0.253,0.383
VPS9D1,-0.2706009,0.264,0.383
FAM87A,0.09254782,0.254,0.383
LINC01118,-0.13260966,0.254,0.383
ORM2,0.7478272,0.264,0.383
LOC107984160,0.11079135,0.254,0.383
COL21A1,0.08364958,0.254,0.383
ARHGEF38,-0.17045789,0.254,0.383
ZNF182,0.04007881,0.254,0.383
PKD2L2,-0.04776759,0.254,0.383
SNORD113-4,-0.1602628,0.253,0.383
FOXD4L5,-0.12531488,0.254,0.383
NDUFA2,0.0875265,0.264,0.383
G3BP1,-0.1218833,0.266,0.384
CDK6,0.5304761,0.266,0.384
RFX3,-0.3799863,0.265,0.384
EHF,0.2033794,0.265,0.384
SLC6A5,-0.398461,0.266,0.384
TRAT1,-0.5607686,0.265,0.384
LOC101929200,-0.06545681,0.255,0.384
SNORD58A,0.10335381,0.255,0.384
AFG1L,-0.04942788,0.255,0.384
RIMS1,0.25211045,0.255,0.384
CCDC9B,0.08473008,0.254,0.384
DNER,-0.23226752,0.255,0.384
BRPF3,0.05653715,0.255,0.384
LOC105375045,0.08582213,0.255,0.384
TAOK3,-0.0757623,0.265,0.384
LOC107986009,-0.14614499,0.256,0.385
PRKY,-0.8016672,0.266,0.385
SPDYE7P,0.10955376,0.256,0.385
ARHGAP31-AS1,0.064115,0.256,0.385
RTL8A,-0.118749,0.267,0.385
LOC105373057,0.43455306,0.256,0.385
DDX43,-0.23446477,0.256,0.385
RNF31,0.1722713,0.266,0.385
GSPT2,-0.05598672,0.256,0.385
HERC2P11,0.08787769,0.256,0.385
POLR2J3,0.12115075,0.255,0.385
LOC100128253,0.13024274,0.256,0.385
FHIP1B,0.04127421,0.257,0.386
ZNF460,-0.5218989,0.268,0.386
KDM4D,-0.08276332,0.256,0.386
PCSK1,0.6729578,0.268,0.386
TSPAN17,-0.05923997,0.257,0.386
HSD3B7,-0.09626556,0.256,0.386
APBA2,0.4085681,0.267,0.386
NLE1,-0.1514428,0.268,0.387
ATG12,-0.0758127,0.268,0.387
LOC112268186,0.11392708,0.258,0.387
LOC107986800,-0.16018241,0.257,0.387
PCDH8,-0.6923244,0.269,0.387
HCAR3,0.12118367,0.257,0.387
PBK,-0.2005979,0.268,0.387
IMPA2,0.06990926,0.258,0.387
FAM133DP,-0.05037298,0.257,0.387
TUBAL3,0.1816216,0.257,0.387
MIR4680,0.08373103,0.258,0.387
RGS17,-0.3150474,0.268,0.387
KATNBL1P6,0.07940779,0.258,0.387
LOC107985050,-0.11674731,0.258,0.387
EDDM3B,0.5119605,0.268,0.387
MEPCE,-0.0791006,0.269,0.387
SRSF7,0.042605,0.258,0.388
ACOT1,0.24618178,0.258,0.388
HTN3,-0.799703,0.269,0.388
MAMSTR,0.09387271,0.258,0.388
WBP2NL,0.0498312,0.258,0.388
GALR2,-0.556852,0.27,0.388
ASGR2,0.12411228,0.258,0.388
RBPMS2,-0.14185744,0.258,0.388
ZG16,-0.4019694,0.269,0.388
LOC644215,0.11342326,0.258,0.388
CST2,0.6072845,0.269,0.388
SYVN1,-0.07135755,0.258,0.388
GH1,-0.2784434,0.27,0.389
LOC105374527,-0.18044441,0.259,0.389
SNORD33,0.08677413,0.259,0.389
EVX1,-0.3817886,0.27,0.389
LOC105378211,0.14100809,0.259,0.389
RPUSD1,0.05496342,0.259,0.389
IL12B,-0.6820316,0.271,0.389
ANKLE1,0.1152032,0.259,0.389
LOC107987174,-0.13473338,0.259,0.389
CCAR2,0.03640612,0.259,0.389
LOC101927613,-0.10767468,0.259,0.389
CHRFAM7A,0.11054021,0.259,0.389
SNORD46,0.08069972,0.259,0.389
TBX3,-0.1650982,0.27,0.389
EXD3,0.08802898,0.26,0.39
SMIM11,-0.05500535,0.259,0.39
MALSU1,0.03967672,0.26,0.39
DNPEP,0.0687099,0.271,0.39
TRIM16L,0.05439883,0.26,0.39
LOC105376525,0.11749804,0.26,0.39
UGT1A4,0.12302287,0.26,0.39
PHAX,0.02514149,0.26,0.39
LOC102724711,-0.15758789,0.26,0.39
ARHGAP44-AS1,-0.15340161,0.26,0.39
MMP25,-0.12168534,0.261,0.391
CRACR2A,-0.17102644,0.261,0.391
LINC02848,0.18561894,0.261,0.391
WDR4,-0.1473504,0.272,0.391
FCAR,-0.383231,0.273,0.391
SNHG30,0.05543145,0.26,0.391
RABIF,0.04356956,0.261,0.391
TSSK4,0.04805997,0.261,0.391
BRD3OS,-0.04987272,0.26,0.391
PIGU,0.04059772,0.26,0.391
PPY2P,0.4811223,0.272,0.391
BRD2,0.1105456,0.272,0.391
LOC101928819,0.17403428,0.262,0.392
LOC105372217,-0.09840332,0.262,0.392
PIP4P2,0.04915133,0.262,0.392
SLC26A9,0.13806779,0.262,0.392
SNORA13,0.12962925,0.262,0.392
LOC107985556,-0.11774406,0.262,0.392
GPR151,-0.14059444,0.262,0.392
LINC01160,0.24252451,0.261,0.392
NEIL3,0.2071358,0.273,0.392
LRRC20,-0.1470871,0.273,0.392
SV2B,0.09925601,0.261,0.392
LOC112268140,-0.0693626,0.261,0.392
LOC105371649,0.12735067,0.262,0.392
COMMD3-BMI1,-0.03511445,0.261,0.392
PIK3IP1-DT,-0.09743753,0.262,0.392
LOC101927179,0.05763648,0.262,0.392
FOXM1,0.1855992,0.274,0.393
TCF7L1-IT1,0.09634056,0.263,0.393
LOC105376483,0.09961943,0.263,0.393
SPTBN1-AS1,-0.06643438,0.262,0.393
ANAPC10,0.03813291,0.263,0.393
POC1B-AS1,0.05983492,0.262,0.393
ZNF630,0.07017903,0.262,0.393
TMEM91,0.21028475,0.263,0.393
LOC105379263,0.11022013,0.263,0.393
PPM1B,-0.068,0.274,0.393
MLX,-0.0597889,0.274,0.393
SLC2A8,0.1176177,0.274,0.393
LACTB2-AS1,0.06212798,0.262,0.393
SNAPC4,-0.1044109,0.275,0.394
UQCC4,0.05334146,0.263,0.394
LOC105374775,0.05438466,0.263,0.394
SOGA1,-0.09460259,0.264,0.394
SLN,0.3346409,0.275,0.394
LYL1,0.1459932,0.275,0.394
LOC105374846,0.12640318,0.263,0.394
TPTE2P1,-0.13769932,0.263,0.394
LINC00377,0.18187771,0.264,0.395
LINC02421,-0.11093676,0.264,0.395
LOC105372798,-0.10435121,0.264,0.395
ZNF71-SMIM17,-0.08903056,0.264,0.395
SLC2A9,-0.1292825,0.276,0.395
MOGS,-0.1207287,0.276,0.395
GUSB,-0.0776572,0.276,0.395
CASR,-0.338393,0.276,0.395
C7ORF31,-0.06382545,0.264,0.395
PRB3,-0.1534906,0.264,0.395
DYNC2I2,0.05588879,0.264,0.395
PSG8,-0.17160683,0.265,0.395
MIR6848,-0.10039153,0.264,0.395
LINC01527,0.20202605,0.265,0.396
CTNNBL1,0.0844843,0.277,0.396
TEDC2-AS1,-0.17719875,0.265,0.396
KIF14,0.2414428,0.277,0.396
SEC14L3,0.39674617,0.265,0.396
SNORA71B,-0.06658035,0.265,0.396
LPAL2,-0.1029765,0.265,0.396
DELEC1,-0.563299,0.277,0.396
ATP6V0A4,-0.4346919,0.276,0.396
LOC105378035,0.09390771,0.265,0.396
ACTG2,0.2889955,0.278,0.397
MIR7705,0.08560062,0.266,0.397
NALT1,0.10974697,0.266,0.397
CD164L2,-0.09773398,0.266,0.397
SLC16A2,-0.07558192,0.266,0.397
MEIOC,0.07482456,0.266,0.397
LOC105370841,0.05476045,0.266,0.397
SCRN2,-0.05818731,0.266,0.397
SPEN-AS1,0.05145492,0.266,0.397
SLC37A2,-0.08765956,0.266,0.397
NDUFAF4,0.0927258,0.277,0.397
CCL7,0.5132018,0.277,0.397
LINC01560,0.05364656,0.266,0.397
MIR2117,0.6085673,0.267,0.398
POLR3GL,0.05752545,0.267,0.398
LOC105376707,0.06917871,0.267,0.398
LOC107985877,0.06131375,0.266,0.398
SLC35F1,-0.11114813,0.267,0.398
TMEM220-AS1,-0.08117248,0.267,0.398
LOC728743,0.06433745,0.266,0.398
LINC00571,0.09100461,0.267,0.398
NEDD8-MDP1,0.04014105,0.266,0.398
PCGF2,-0.09248535,0.267,0.398
PPP1R3G,0.08580767,0.267,0.398
NTMT1,-0.04269195,0.267,0.398
LOC107985875,-0.06151706,0.267,0.398
RND1,0.4782674,0.279,0.398
RAB34,-0.05527779,0.267,0.398
LOC105369464,0.12453535,0.267,0.398
ZNF704,0.05172458,0.268,0.399
GCC1,0.0784436,0.279,0.399
ARL14,0.7042045,0.279,0.399
APOB,-0.5324205,0.28,0.399
SPDYE10,0.06650198,0.267,0.399
AKR1C2,-0.262825,0.279,0.399
H3C10,-0.09106903,0.268,0.399
SMIM38,-0.12061508,0.267,0.399
TCEAL1,0.0525913,0.268,0.399
SART1,0.06349881,0.268,0.399
DOP1B,0.08957257,0.268,0.399
TIGD1,0.04896314,0.267,0.399
CDC25C,-0.1752649,0.279,0.399
IGLV3-10,-0.6314641,0.279,0.399
LOC105377496,-0.0900171,0.268,0.399
VPS52,-0.0653135,0.28,0.399
H2AC7,-0.0858289,0.268,0.4
PTDSS2,-0.04924649,0.268,0.4
GJB2,-0.1538458,0.268,0.4
MIR3164,-0.15686931,0.269,0.4
CDCA7,0.08390083,0.269,0.4
SCARNA13,0.05395188,0.269,0.4
CEACAM5,-0.18265207,0.269,0.4
LOC105376093,-0.15281088,0.268,0.4
MTA1,-0.1018224,0.281,0.4
MUC13,-0.5076326,0.28,0.4
EPB41L4A-DT,0.1777801,0.28,0.4
STPG2,0.11239244,0.269,0.4
ZNF575,0.09016824,0.268,0.4
SNTG1,-0.6348914,0.281,0.4
UNC5B-AS1,0.20004188,0.269,0.4
LOC102724946,-0.09327421,0.269,0.4
GRHPR,0.02555989,0.269,0.4
FRMD6,-0.05394219,0.269,0.4
AGAP7P,0.06111367,0.268,0.4
MTRNR2L5,-0.20099946,0.268,0.4
DNAH7,0.403255,0.281,0.401
USPL1,0.03807511,0.27,0.401
MIB1,0.0316495,0.269,0.401
NUP188,0.03272771,0.27,0.401
SMDT1,0.04843546,0.27,0.401
PSMA3-AS1,-0.03374425,0.27,0.401
WWP1,-0.03654584,0.269,0.401
GATA2,0.12001374,0.27,0.401
COL19A1,-0.5940085,0.281,0.401
LOC105374443,0.17395121,0.269,0.401
FRAT1,0.1032068,0.281,0.401
LINC01361,-0.6326906,0.281,0.401
KRT27,-0.52334305,0.27,0.401
MARVELD3,0.07647338,0.27,0.401
LOC105369420,-0.1387999,0.27,0.401
TDRD7,0.0839422,0.281,0.401
CHN2-AS1,-0.08980285,0.269,0.401
LOC107986578,0.06476825,0.269,0.401
TRNL1,-0.14098763,0.27,0.401
ADORA2A,-0.08832889,0.269,0.401
MSANTD2-AS1,0.08594329,0.271,0.402
VPS39,0.1174086,0.282,0.402
LOC101928068,0.09293845,0.271,0.402
KISS1,0.4106383,0.282,0.402
SEMA5A-AS1,-0.06887631,0.27,0.402
IGHV4-28,-0.8599276,0.283,0.402
PGA3,0.24832441,0.271,0.402
LOC105376136,-0.12613588,0.271,0.402
H3C7,-0.7585203,0.282,0.402
STAG3L3,0.04151887,0.271,0.402
ZNF350-AS1,0.10074044,0.271,0.403
TRL-CAG2-2,0.15440454,0.272,0.403
RANBP3-DT,-0.17453086,0.272,0.403
RELL1,-0.05072542,0.271,0.403
MIR3918,0.10984739,0.272,0.404
LOC105371483,-0.06517754,0.272,0.404
RFC2,0.0689003,0.284,0.404
ZDHHC24,-0.0847663,0.284,0.404
ELMOD3,-0.03744427,0.272,0.404
GPR55,0.16030693,0.272,0.404
SNORD103B,-0.07968122,0.272,0.404
LOC100505736,-0.04321935,0.272,0.404
LOC105375724,-0.09222316,0.272,0.404
LOC105375870,0.16142009,0.274,0.405
PGLS,0.0721819,0.285,0.405
RFTN2,-0.06116817,0.273,0.405
SF3B6,0.05011023,0.273,0.405
AXIN1,0.06137583,0.273,0.405
ROBO2,-0.0820423,0.273,0.405
FUT6,-0.3361988,0.284,0.405
F3,0.151336,0.284,0.405
FAM218A,0.07495545,0.273,0.405
GPRC5A,-0.2288428,0.285,0.405
SOD1-DT,0.13822451,0.273,0.405
FRG1EP,0.20346797,0.273,0.405
LARGE-AS1,-0.06044201,0.274,0.406
INTS12,0.0676618,0.286,0.406
NORAD,0.02093494,0.274,0.406
LOC107986710,-0.05013232,0.274,0.406
HNRNPA1P10,0.04793607,0.274,0.406
KCNF1,0.2936426,0.286,0.406
LOC101929638,0.08680888,0.274,0.406
GPR179,-0.08684857,0.274,0.406
PKMYT1,-0.10938425,0.274,0.406
SLC66A1,0.3379192,0.286,0.406
SDAD1,-0.2244553,0.286,0.406
STX16,-0.04230002,0.275,0.407
ICE1,0.0596656,0.287,0.407
CPVL-AS1,-0.15735661,0.275,0.407
DIRC3-AS1,0.12521419,0.275,0.407
LOC107985227,-0.06806648,0.275,0.407
SF3A2,-0.0980432,0.287,0.407
LOC102724159,0.05253624,0.275,0.407
ZNF121,0.03581754,0.275,0.407
OR51E2,-0.3907883,0.286,0.407
CEP135,0.1149379,0.287,0.407
CXCR1,-0.23781025,0.275,0.407
LOC105378691,0.10301303,0.275,0.407
LOC105373591,0.12494294,0.275,0.407
LOC101927855,0.11227898,0.275,0.407
CCNI,0.0639847,0.287,0.407
PFN2,-0.07236239,0.276,0.408
SPIRE1,-0.04232777,0.276,0.408
SKAP1-AS2,-0.15930534,0.276,0.408
SLC25A5,0.0634445,0.288,0.408
KHSRP,-0.1006464,0.288,0.408
MSRB1,0.15097734,0.276,0.408
LINC02910,-0.10806043,0.276,0.408
STYXL1,0.06362057,0.276,0.408
RNU5A-1,0.07936341,0.276,0.408
ZNF652-AS1,-0.0876216,0.276,0.408
GOLGA1,0.02393485,0.276,0.408
BOLA3-DT,0.0472812,0.276,0.408
LOC101928417,-0.09017026,0.277,0.409
LPAR5,0.08745623,0.277,0.409
NMNAT1,-0.03678964,0.277,0.409
LOC101929819,0.12825918,0.276,0.409
HDX,-0.06989988,0.277,0.409
ZNF718,0.0864127,0.277,0.409
LOC112268235,0.08277516,0.277,0.409
PDE4DIPP2,-0.05027283,0.277,0.409
LOC105376001,0.05644364,0.277,0.409
LOC107986273,-0.05345298,0.277,0.409
SYNM,0.15016509,0.277,0.409
MIR9898,-0.19092377,0.277,0.409
OBI1-AS1,0.04253163,0.277,0.409
ARID4B,-0.0854475,0.288,0.409
MGST3,0.0602421,0.289,0.409
ZNF23,-0.03963438,0.276,0.409
KIAA0753,-0.0955838,0.288,0.409
LOC102724823,0.22480424,0.277,0.41
EZH2,0.05708277,0.277,0.41
GLRX,0.09639983,0.278,0.41
DNAJC18,-0.06821126,0.277,0.41
LOC105371553,0.16119508,0.278,0.41
SLC4A1AP,0.02882072,0.277,0.41
SMURF2P1-LRRC37BP1,0.02883044,0.278,0.41
MEI4,0.1952475,0.278,0.41
NMNAT2,0.3052358,0.29,0.41
FOXA2,-0.2321773,0.29,0.41
LINC02021,0.14094323,0.278,0.41
ZNF492,0.11018506,0.278,0.41
VSIG10L,0.11379055,0.279,0.411
CBLN1,-0.23198303,0.279,0.411
MRPS28,0.04944809,0.279,0.411
JAZF1,-0.04367007,0.278,0.411
ARK2N,0.165733,0.29,0.411
LOC105377973,-0.13914307,0.279,0.411
KCNV2,-0.5828471,0.29,0.411
EPB41L4A,0.03898806,0.279,0.411
TPO,-0.1945022,0.278,0.411
TUFM,-0.0687877,0.291,0.411
KRT18,-0.17291705,0.279,0.411
LY6E-DT,-0.14219757,0.28,0.412
LMO7-AS1,0.06886954,0.28,0.412
KCNMB2-AS1,-0.15349798,0.28,0.412
LOC101927226,-0.11912682,0.28,0.412
TTC36-AS1,0.04338116,0.279,0.412
ZBTB25,0.0806636,0.292,0.412
TM4SF5,-0.594232,0.291,0.412
OR6A2,-0.7111122,0.292,0.412
MAP3K7,0.02769292,0.28,0.412
LOC101927522,0.14885857,0.28,0.412
TTC7A,0.05187079,0.28,0.412
KMT2CP5,0.08305913,0.279,0.412
LMOD1,-0.1830006,0.292,0.412
MAEA,-0.03305678,0.279,0.412
SLC17A6,-0.7361473,0.291,0.412
H2BC6,0.5938512,0.291,0.412
LINC00266-1,0.08105674,0.28,0.412
MIR5587,-0.14490495,0.28,0.412
H2BW3P,0.11173089,0.279,0.412
FLNB,0.0798732,0.293,0.413
TMEM14EP,0.05132003,0.281,0.413
NDUFB7,0.0803933,0.292,0.413
NBPF12,0.0547713,0.28,0.413
UBE2Q2P1,0.03765633,0.28,0.413
C1ORF115,-0.1914338,0.293,0.413
LOC105370965,-0.09609926,0.281,0.413
C2ORF81,-0.09680256,0.281,0.413
TWF1,-0.05263508,0.28,0.413
PPTC7,-0.03847993,0.281,0.413
KRTAP5-9,-0.6766375,0.293,0.413
FUT8-AS1,-0.08116208,0.28,0.413
FAM229A,0.10025199,0.281,0.413
NLRX1,-0.1428852,0.292,0.413
LOC105370658,-0.13046095,0.28,0.413
ZFAND2A-DT,0.05223176,0.281,0.413
GPR180,-0.06142901,0.281,0.413
MRPL15,0.0733507,0.292,0.413
MMADHC-DT,0.05450561,0.28,0.413
HSPB11,0.05004173,0.282,0.414
THRIL,0.19054891,0.281,0.414
MOCOS,0.09180417,0.281,0.414
RNU6-2,-0.15317281,0.282,0.414
WDR54,0.04030137,0.281,0.414
LOC101928344,0.0884463,0.282,0.414
TMEM9B-AS1,-0.12481808,0.282,0.414
COPG2,0.04167936,0.281,0.414
LOC105378663,-0.10574635,0.282,0.414
LOC729291,0.05563084,0.282,0.414
MIR10226,0.13927483,0.282,0.414
WDR83,0.02494314,0.281,0.414
IL6R-AS1,-0.12510068,0.281,0.414
SOD2-OT1,0.17205608,0.282,0.414
LOC107987245,0.0645377,0.282,0.414
FAM183A,0.10588434,0.281,0.414
ATG9B,0.12398409,0.282,0.414
ZNF568,0.0374539,0.281,0.414
LOC112268143,-0.15135485,0.282,0.415
GPR176-DT,-0.5042571,0.294,0.415
MVB12A,-0.0605611,0.282,0.415
LOC105377858,-0.10539266,0.282,0.415
EIF5A2,-0.06292447,0.282,0.415
LINC02613,0.14508481,0.282,0.415
LOC112268244,-0.07105259,0.282,0.415
GEMIN7-AS1,-0.06468433,0.283,0.416
LOC105378698,0.06159733,0.283,0.416
LOC105370877,0.04288882,0.283,0.416
ZNF354C,-0.04365923,0.283,0.416
SUMO4,-0.05922162,0.284,0.416
ITGA2B,0.3104832,0.295,0.416
LOC101927572,-0.08146443,0.283,0.416
ARHGAP39,0.07857559,0.283,0.416
VANGL1,0.03955711,0.283,0.416
LINC01116,-0.09709767,0.283,0.416
LOC100289473,0.0998819,0.284,0.416
CSH2,-0.2119796,0.295,0.416
KRTAP5-2,-0.45344707,0.283,0.416
LOC105373038,0.12478075,0.284,0.416
KIF15,-0.07627503,0.284,0.417
OR10H2,-0.364171,0.296,0.417
C19ORF47,0.04368412,0.285,0.417
IKBKG,-0.057512,0.285,0.417
HBQ1,-0.5074406,0.296,0.417
EQTN,0.13607645,0.284,0.417
SRRM5,-0.05771097,0.284,0.417
NEMP2-DT,0.08400031,0.284,0.417
TRC-GCA15-1,-0.0898568,0.285,0.417
SRY,0.5383593,0.297,0.418
PTGES2-AS1,0.10122219,0.285,0.418
DHX33,-0.03681155,0.286,0.418
LOC102725051,0.13233676,0.286,0.418
LOC105376159,-0.1404363,0.285,0.418
LOC105374862,-0.17203969,0.285,0.418
LRRC1,0.0749712,0.297,0.418
FAM66A,-0.15558608,0.285,0.418
PER1,-0.18038494,0.285,0.418
LOC107985627,-0.08877237,0.285,0.418
ZNF624,0.05271154,0.286,0.418
IGFL4,0.12495681,0.285,0.418
ZNF181,0.04032584,0.286,0.419
LOC107984482,0.10514856,0.287,0.419
ADAMTS17,0.06184789,0.286,0.419
LSMEM1,-0.15163376,0.286,0.419
CALML3-AS1,0.11472865,0.286,0.419
CFAP43,-0.7479848,0.298,0.419
SPDYE11,0.07135835,0.286,0.419
SLC1A1,-0.07982292,0.286,0.419
LOC105377097,0.33034973,0.287,0.419
HNRNPDL,0.04318564,0.287,0.42
NOP58,0.04258556,0.287,0.42
LOC105372582,0.10441003,0.288,0.42
PMF1-BGLAP,0.03147052,0.287,0.42
KLRF1,-0.14665494,0.287,0.42
SYMPK,-0.06376858,0.287,0.42
LOC84214,0.1563796,0.287,0.42
LOC105376301,0.10058317,0.288,0.421
PRXL2A,0.10225361,0.288,0.421
AGGF1,0.02887245,0.288,0.421
FAR2P2,0.13102371,0.288,0.421
NRAP,-0.5542118,0.3,0.421
CCNO,0.2280569,0.299,0.421
GATAD2A,0.0846487,0.3,0.421
MCM4,0.079831,0.3,0.421
LOC105370042,0.06141253,0.288,0.421
LOC107984325,0.15207995,0.288,0.421
LOC107984494,0.18517966,0.288,0.421
LOC101928008,-0.06671292,0.288,0.421
LINC00678,0.11285977,0.288,0.421
SNORD28,0.08081502,0.289,0.422
LOC112268024,-0.06051396,0.289,0.422
LOC105375158,0.16047983,0.289,0.422
LINC01622,0.12427876,0.289,0.422
CCDC34,0.07848108,0.289,0.422
ARAP1-AS2,-0.07818469,0.289,0.422
CHRM5,-0.0576554,0.289,0.422
EFNB1,0.05757577,0.289,0.422
AKR1C3,-0.1708622,0.301,0.422
ZNF780B,0.04240615,0.289,0.422
MCOLN2,-0.13122927,0.289,0.422
GYPA,0.3688916,0.301,0.422
LOC112268202,0.07280082,0.289,0.422
PMS2P5,0.05463471,0.29,0.423
RPL26L1-AS1,-0.09612773,0.29,0.423
MALINC1,0.05236769,0.29,0.423
MRPL20-AS1,-0.03465861,0.289,0.423
MYLK,0.1846764,0.301,0.423
LOC107986265,-0.04952322,0.29,0.423
LOC102724603,0.09436426,0.29,0.423
LTK,-0.367723,0.302,0.424
MUC1,-0.25220865,0.29,0.424
LZTS3,0.1301454,0.302,0.424
YPEL3,0.05016394,0.291,0.424
BMF,-0.06655891,0.291,0.424
KLC4-AS1,-0.06436857,0.29,0.424
TFF3,-0.13929879,0.291,0.424
FBXL19,0.0719123,0.291,0.424
LOC105374048,0.08297107,0.291,0.424
DCDC2C,-0.18687907,0.291,0.424
NEDD4,0.105944,0.303,0.425
LOC105370447,-0.04455996,0.292,0.425
WNT8B,-0.4729579,0.303,0.425
C1ORF100,-0.13084105,0.291,0.425
MICOS10,0.02933582,0.292,0.425
CLCA2,0.07821668,0.292,0.425
LOC107985960,0.14290789,0.292,0.425
PMS2P2,0.05853454,0.292,0.425
ZNF74,-0.148705,0.305,0.426
DIAPH2,-0.0938908,0.304,0.426
DKFZP434A062,-0.2871905,0.305,0.426
LOC107987000,0.14860257,0.293,0.426
ANGPTL7,-0.1847062,0.293,0.426
LY6K,0.121161,0.292,0.426
PCBP2,-0.07458348,0.292,0.426
HYAL3,-0.5461777,0.304,0.426
H4C14,-0.0784749,0.293,0.426
PAN3,0.02856675,0.293,0.426
ABCA10,0.09467862,0.293,0.426
LOC107986010,-0.08428044,0.292,0.426
LOC105372525,0.11819779,0.292,0.426
BMP5,-0.17529356,0.293,0.427
SESTD1,0.0638331,0.293,0.427
OTOP1,-0.21354084,0.293,0.427
NMT2,0.04303261,0.294,0.427
RAB14,0.02709257,0.294,0.427
RABGGTB,0.04579905,0.293,0.427
ZEB1-AS1,-0.0512772,0.293,0.427
LINC02896,0.1108683,0.293,0.427
ELOVL6,0.1125694,0.305,0.427
LOC100289561,0.04603908,0.293,0.427
GEMIN7,-0.4868392,0.306,0.428
TOX2,-0.11569889,0.294,0.428
CCL11,0.5140513,0.307,0.428
HEBP1,-0.05600845,0.294,0.428
LOC101929285,-0.06174895,0.295,0.428
FAAHP1,0.15549381,0.294,0.428
BLOC1S3,-0.0697998,0.294,0.428
ZNF771,-0.2695538,0.306,0.428
SLC26A7,-0.15466118,0.294,0.428
FAM156B,0.0297842,0.295,0.429
ZSWIM8-AS1,-0.2423417,0.307,0.429
PDCD6-DT,-0.14598836,0.295,0.429
LOC105373335,0.06667838,0.295,0.429
LOC100132686,0.07343311,0.295,0.429
LRRC71,-0.07581191,0.295,0.429
LOC101928032,0.09881893,0.295,0.429
LOC107986835,-0.1297151,0.295,0.429
MIR632,0.05162011,0.295,0.429
LOC105375433,0.05633637,0.296,0.429
NR1I3,-0.1733434,0.308,0.429
STK38,0.03229839,0.295,0.429
LOC107987118,0.06328608,0.295,0.429
SLC25A29,0.04468757,0.295,0.429
LEMD2,-0.02998431,0.295,0.429
PHF12,-0.04663282,0.296,0.43
SBF1P1,-0.12733798,0.296,0.43
WDR7-OT1,0.10404095,0.296,0.43
PRR36,0.12200051,0.296,0.43
RNU1-1,-0.0496744,0.296,0.43
LINC00475,-0.17024504,0.296,0.43
LINC01915,0.15451185,0.297,0.43
LRATD2,0.06832309,0.296,0.43
TMEM256,0.04486178,0.296,0.43
HOXC8,0.3231508,0.309,0.431
TBC1D22A-AS1,0.05878795,0.297,0.431
DSCR9,-0.08382465,0.297,0.431
LOC107985876,0.10660922,0.297,0.431
HEXD,-0.06091536,0.297,0.431
SCN2A,-0.20572061,0.297,0.431
PRH1,-0.07706602,0.298,0.432
JADE3,0.03813753,0.298,0.432
RPL10L,-0.1692065,0.31,0.432
PIWIL1,-0.5565626,0.31,0.432
TBX3-AS1,-0.13555593,0.298,0.432
IFFO2,0.09109554,0.298,0.432
LOC100287846,0.10225418,0.298,0.432
GMDS-DT,-0.05502799,0.298,0.432
CERNA1,-0.0690625,0.298,0.432
SHBG,-0.4625896,0.31,0.432
RNU11,-0.09863648,0.298,0.432
DDX11L9,0.0810806,0.299,0.433
FAT3,0.14535962,0.299,0.433
ND2,-0.13311643,0.299,0.433
LOC105373680,0.14349401,0.298,0.433
RPL13AP6,-0.05764916,0.299,0.433
MIR5581,0.09066754,0.299,0.433
KBTBD13,0.15075649,0.299,0.433
ZNF696,0.1085511,0.311,0.433
DHDDS,-0.0765698,0.311,0.433
LOC107985996,0.11504437,0.299,0.433
BRI3BP,0.1838874,0.298,0.433
EPC1-AS1,-0.07919521,0.299,0.433
PVRIG2P,0.07433597,0.298,0.433
GCSAML,0.13763377,0.298,0.433
LOC105373611,-0.11859319,0.299,0.433
MTVR2,-0.09235641,0.299,0.433
PNLDC1,0.31852795,0.3,0.434
RANBP10,-0.0711904,0.312,0.434
DESI1,-0.1070878,0.312,0.434
TRIM17,0.4390719,0.312,0.434
BAZ1A,0.04536755,0.299,0.434
LOC105377116,0.09394017,0.3,0.434
COLQ,-0.0659717,0.3,0.435
DRC11,0.3305661,0.313,0.435
TNF,-0.13488082,0.301,0.435
BHLHE41,0.08836996,0.3,0.435
PLD6,0.07269368,0.301,0.435
PRR9,-0.40164901,0.301,0.435
CRP,-0.4260938,0.313,0.435
SNORA21,0.06861183,0.301,0.435
CLDN15,0.1287124,0.313,0.435
SLC25A41,0.16652273,0.301,0.435
H2AC12,-0.07896718,0.301,0.435
MICA-AS1,0.09554883,0.3,0.435
HIPK4,0.10525362,0.3,0.435
ERCC4,-0.4734277,0.313,0.436
FSD1L,-0.05549553,0.302,0.436
LOC100996720,-0.08962101,0.301,0.436
CXCR5,0.3572393,0.314,0.436
LOC105375631,0.16961619,0.301,0.436
SNORA5A,0.06633236,0.301,0.436
NSRP1,0.04199419,0.301,0.436
C15ORF39,-0.09394814,0.302,0.436
LINC02510,0.2118534,0.301,0.436
BEGAIN,-0.1818365,0.315,0.437
LOC105374298,0.09451979,0.303,0.437
LOC105372117,0.04087332,0.303,0.437
CLASP1-AS1,0.04560742,0.302,0.437
MRPS10,0.03183313,0.303,0.437
ULBP2,-0.3633777,0.314,0.437
ADAM29,-0.4327241,0.315,0.438
PSG1,-0.574611,0.316,0.438
ZNRF3-AS1,0.06920032,0.304,0.438
PIGP,0.1206227,0.316,0.438
LOC105369457,-0.07780052,0.304,0.438
KIAA1656,-0.06767873,0.303,0.438
RBM12,0.0684804,0.316,0.438
ZGLP1,0.10418829,0.303,0.438
LOC105374333,0.05968011,0.303,0.438
MYO1D-DT,0.10678823,0.303,0.438
LOC107986643,-0.11066785,0.303,0.438
CRADD-AS1,0.04613991,0.303,0.438
MIR936,0.096438,0.303,0.438
SEC31B,0.04249073,0.303,0.438
C10ORF105,0.09397002,0.303,0.438
HOXC-AS2,0.09482955,0.303,0.438
LINC00702,-0.14803266,0.303,0.438
LOC105370532,0.10020033,0.303,0.438
LINC02289,-0.15778313,0.303,0.438
LINC02600,0.13923747,0.303,0.438
ZP3,-0.0680787,0.304,0.438
TCF21,-0.5556016,0.317,0.439
KRTAP9-7,-0.68989648,0.304,0.439
PPEF2,-0.5822905,0.316,0.439
DENND10,0.03571035,0.305,0.439
TTC3-AS1,-0.03975087,0.304,0.439
CLYBL-AS3,0.09521189,0.304,0.439
KRT71,-0.49454819,0.304,0.439
RNU1-3,-0.05070696,0.305,0.439
LOC105379442,0.16795066,0.304,0.439
COL25A1,-0.10530785,0.304,0.439
GATA3-AS1,0.126596,0.304,0.439
CCDC3,0.06468533,0.304,0.439
MTOR,-0.0987161,0.317,0.44
LINC02580,-0.08938879,0.306,0.44
LOC102723678,0.10878879,0.305,0.44
IGHV3-47,-0.677524,0.317,0.44
CLN8-AS1,-0.06069732,0.305,0.44
ATG16L2,0.06663928,0.305,0.44
TFF1,0.4632461,0.318,0.44
LOC105371089,-0.10016669,0.305,0.44
C1ORF74,-0.05077101,0.306,0.44
CLCNKA,0.23037091,0.306,0.44
BRICD5,-0.06761915,0.306,0.441
TUBBP5,0.29789827,0.306,0.441
ZNF841,0.03500632,0.306,0.441
TRK-TTT3-1,-0.14481708,0.306,0.441
ZSWIM8,0.04854846,0.306,0.441
RAD21,-0.0965583,0.319,0.441
MSH3,0.1312921,0.319,0.441
HOXB4,-0.09801591,0.306,0.441
LOC101927025,0.17771578,0.306,0.441
H2AC11,-0.08239367,0.306,0.441
ZBTB41,0.03414347,0.306,0.441
SMU1,0.02400938,0.306,0.441
PRSS30P,-0.16277366,0.306,0.441
CSNK1G1,-0.1377725,0.319,0.441
VPS25,-0.0333085,0.306,0.441
RPL39L,0.1642617,0.319,0.441
GPR50,-0.5494917,0.32,0.442
IGHEP1,0.54105383,0.307,0.442
DBH-AS1,-0.14576482,0.307,0.442
INE1,-0.4527269,0.32,0.442
FAM120B,-0.02751877,0.308,0.442
NUP50-DT,-0.05031975,0.307,0.442
S100A10,0.0775803,0.32,0.442
NPTXR,0.4396044,0.32,0.442
PDZK1,0.18281954,0.307,0.442
LINC02412,0.22595048,0.308,0.442
SNORA119,0.09601685,0.307,0.442
LOC107986396,0.15569811,0.307,0.442
UPK3BL2,0.1243204,0.307,0.442
EPCAM,-0.2440754,0.32,0.442
FOXI1,-0.5695028,0.319,0.442
RBM12B-AS1,-0.6035272,0.32,0.442
LOC105377413,0.1464164,0.307,0.442
LSAMP,0.3185683,0.319,0.442
MIR744,0.11431431,0.308,0.442
CSNK1G2-AS1,-0.11985528,0.307,0.442
TMEM269,0.09994536,0.309,0.443
LOC107984751,0.08551695,0.309,0.443
ST8SIA3,-0.4586537,0.321,0.443
MS4A3,-0.5655958,0.321,0.443
DOCK9-AS1,0.06716008,0.308,0.443
SNORA40B,0.08648246,0.308,0.443
FAM86DP,-0.08737839,0.308,0.443
LOC105375153,-0.14381617,0.309,0.444
LOC105378437,0.19063339,0.309,0.444
RSRP1,0.04331406,0.309,0.444
ZNF564,-0.02639385,0.309,0.444
NPY6RP,-0.566338,0.322,0.444
PDPR,-0.3959247,0.322,0.444
ARVCF,0.1791091,0.322,0.444
LOC105379524,-0.04927632,0.309,0.444
BCR,-0.0601914,0.309,0.444
LOC105370776,0.22332647,0.309,0.444
GOLGA8S,0.06527439,0.31,0.445
KANK1,0.04818881,0.31,0.445
TMEM245,0.03505517,0.31,0.445
LOC105369422,-0.15690978,0.31,0.445
MIR3140,0.09840527,0.31,0.445
BIRC5,-0.08921987,0.311,0.446
ANKRD20A21P,0.18988257,0.311,0.446
ZNF592,-0.143332,0.324,0.446
SMAD1-AS1,-0.04126152,0.311,0.446
LOC105377320,0.05549018,0.31,0.446
ADI1,0.155237,0.325,0.447
SNORA71A,-0.0831348,0.312,0.447
LOC105377730,-0.1222162,0.312,0.447
LOC105373608,-0.06337446,0.311,0.447
LRFN4,-0.07007229,0.311,0.447
HCP5B,0.15422598,0.312,0.447
RXYLT1-AS1,0.07450624,0.312,0.447
KRTAP5-7,-0.32645037,0.312,0.447
MIR3978,0.16261982,0.311,0.447
TTTY15,0.7481504,0.325,0.447
LOC107986160,0.06761236,0.311,0.447
CACNA1E,-0.12170273,0.312,0.447
SLC17A9,-0.1443367,0.324,0.447
LOC102723451,0.07563768,0.313,0.448
COA6,0.05280441,0.312,0.448
WDR46,0.1199861,0.326,0.448
CCDC142,0.04380449,0.312,0.448
TMEM167B,0.03257397,0.312,0.448
SNORA72,0.08218845,0.312,0.448
TRIM15,-0.23335143,0.312,0.448
GPM6B,-0.04843702,0.313,0.448
STX16-NPEPL1,-0.03191522,0.313,0.449
LOC105376860,-0.05508636,0.313,0.449
CCT6A,0.0492319,0.326,0.449
RHNO1,0.04083603,0.314,0.449
MIR937,0.0877744,0.314,0.449
ZFR2,-0.4481921,0.326,0.449
KDM7A-DT,-0.05511355,0.314,0.449
LOC107987183,-0.12380203,0.314,0.449
ZNF445,0.02713393,0.314,0.45
TXNDC12-AS1,-0.07966,0.314,0.45
LINC00691,0.11383436,0.314,0.45
ME1,-0.2036942,0.327,0.45
LOC107984269,0.12592113,0.315,0.45
LOC105375427,0.08650973,0.314,0.45
ZNF397,0.02253819,0.314,0.45
FABP5,-0.11828736,0.315,0.45
H4C15,-0.07563104,0.315,0.45
NFATC3,-0.01930893,0.315,0.45
LINC02569,0.11146699,0.315,0.45
PRDM6-AS1,0.15403841,0.314,0.45
DCTN6,0.04271527,0.314,0.45
LOC102724579,0.09652363,0.314,0.45
LOC101927188,-0.15503917,0.315,0.451
RHCG,-0.2358366,0.328,0.451
DDHD1-DT,-0.12635403,0.315,0.451
PCDHB15,0.05810908,0.315,0.451
MIR3940,-0.0947966,0.316,0.451
LOC107984505,0.09680486,0.315,0.451
METTL6,0.02542366,0.315,0.451
KLHDC9,0.09127045,0.316,0.451
LOC105374167,0.05515283,0.315,0.451
DNAH10,-0.09925502,0.316,0.452
ZNF546,-0.05658293,0.316,0.452
VDR,-0.06776303,0.316,0.452
PVALB,0.6370328,0.329,0.452
YTHDF2,0.01993626,0.317,0.452
TMEFF2,0.11111282,0.316,0.452
REX1BD,-0.05200829,0.316,0.452
UBE2B,0.0701511,0.329,0.452
NKX2-2,-0.4961958,0.329,0.452
LOC100996662,0.08109316,0.317,0.453
RSC1A1,0.02708913,0.317,0.453
TNFRSF13C,0.15416076,0.317,0.453
KANK4,-0.17844557,0.317,0.453
SNORA2B,0.08296756,0.318,0.453
C20ORF173,0.10828478,0.317,0.453
LOC105373100,-0.14823932,0.317,0.453
RUNX3-AS1,0.10132247,0.317,0.453
SLC6A8,0.08199642,0.317,0.453
HSFX3,0.07169952,0.318,0.453
KRT26,-0.55352695,0.317,0.453
LINC01600,-0.13373512,0.317,0.453
TRIM55,0.18860183,0.317,0.453
MIR3177,-0.1093105,0.317,0.453
CC2D1B,0.02610958,0.317,0.453
LOC105371341,0.12685529,0.317,0.453
MTNR1B,0.4131754,0.331,0.454
RAB6D,-0.08484941,0.318,0.454
LOC112268282,0.10030203,0.318,0.454
ZNF230,-0.0978302,0.331,0.454
BTBD10,0.03344001,0.319,0.454
LOC107987121,-0.11728997,0.319,0.454
SMG1P2,0.06749959,0.318,0.454
BAMBI,-0.1603863,0.331,0.454
MAF,-0.1168232,0.331,0.454
PNKD,-0.03122123,0.318,0.454
LOC105375310,0.1489132,0.319,0.455
OPA1-AS1,0.04491443,0.319,0.455
KCNH3,0.07132084,0.32,0.455
TMA7,0.04876916,0.319,0.455
FBXW4P1,-0.2564811,0.332,0.455
LOC112268056,0.05252978,0.319,0.455
ABTB1,-0.06558082,0.319,0.455
MIR567,0.12273337,0.319,0.455
SLC35D2,0.03344294,0.319,0.455
LOC729737,-0.10220047,0.319,0.455
LINC01002,0.11524067,0.32,0.455
UC.134,0.06930516,0.32,0.455
MCU,0.05212399,0.32,0.456
NHLRC2,0.02612873,0.32,0.456
MIR7844,0.0855304,0.32,0.456
PBX3-DT,-0.4973408,0.332,0.456
BTNL10P,-0.15208608,0.32,0.456
CYP51A1,-0.1481853,0.333,0.456
ZNF587B,-0.03369459,0.321,0.457
CDC37L1-DT,0.12589657,0.321,0.457
SUCLG2-DT,-0.10733012,0.321,0.457
LOC107985683,0.07573248,0.321,0.457
HCFC1-AS1,-0.11788976,0.321,0.457
PAPOLA,0.02175927,0.321,0.457
SNORD36B,-0.09569286,0.321,0.457
KBTBD12,0.08255099,0.321,0.457
NBEAL1,0.03480145,0.321,0.457
HOMER3-AS1,-0.09909813,0.321,0.457
ANAPC1P6,0.09612733,0.321,0.457
PCGF5,0.03761658,0.321,0.457
GIHCG,-0.06542185,0.321,0.457
PALMD,0.05492775,0.321,0.457
SNTG2-AS1,0.12583823,0.321,0.457
TRL-CAA1-1,-0.11107928,0.321,0.457
MIR3677,0.12310444,0.322,0.457
TMEM86A,0.07637093,0.321,0.457
SMG1P6,0.07196598,0.321,0.457
SLC39A6,-0.0835273,0.334,0.457
OGFOD3,0.0526769,0.334,0.457
SNORA52,-0.04600699,0.322,0.458
LOC107987011,0.11758088,0.322,0.458
CRMP1,-0.05156533,0.322,0.458
IL33R,-0.3986795,0.335,0.458
RPSAP9,0.08994718,0.322,0.458
PKD1L1-AS1,-0.5636197,0.335,0.458
CGNL1,-0.07575759,0.322,0.458
CNTNAP3P2,0.10775338,0.322,0.458
ZNF691,-0.04304488,0.323,0.459
C9ORF153,0.12958228,0.324,0.459
NUP42,-0.03407536,0.323,0.459
LOC105369974,-0.0674294,0.323,0.459
DUS3L,0.06090784,0.323,0.459
LOC107986495,0.08694738,0.324,0.459
LOC107984303,0.19616843,0.323,0.459
LOC105376781,0.10544673,0.323,0.459
SLC25A18,0.0844885,0.323,0.459
INSL5,-0.45651,0.336,0.459
URB1,-0.03560833,0.323,0.459
SNORD116-21,0.12446994,0.323,0.459
LOC102725227,0.14746077,0.323,0.459
CDK5,-0.1184064,0.336,0.459
PRMT3,0.03356573,0.323,0.459
SAMD10,0.06488275,0.323,0.459
CCDC17,0.05013076,0.323,0.459
MIR6870,-0.07510832,0.323,0.459
ZNF444,-0.07380791,0.324,0.459
GBAP1,-0.05429719,0.324,0.46
LOC105374024,0.1135654,0.324,0.46
MOBP,-0.4240797,0.337,0.46
CMTM8,0.06801411,0.324,0.46
MON1B,0.1010568,0.337,0.46
FOXG1,-0.3688398,0.337,0.46
KCNK4-TEX40,-0.10160437,0.324,0.46
LOC105375382,0.11561826,0.324,0.46
NEDD1,0.0332503,0.324,0.46
MIR23A,0.09194069,0.324,0.46
LRRTM3,-0.10513786,0.325,0.461
LOC107987361,0.13358598,0.325,0.461
LOC105371092,-0.21108779,0.325,0.461
HAT1,0.03364905,0.325,0.461
ADH4,-0.11559535,0.325,0.461
MRFAP1L1,0.0566349,0.338,0.461
LINC01089,0.03604546,0.325,0.461
KRT8,-0.17781555,0.325,0.461
C16ORF46,-0.09778194,0.325,0.461
LOC107987250,0.08942423,0.325,0.461
HNF4G,0.7034953,0.338,0.461
ANKRD36BP1,0.03532161,0.325,0.461
LOC100131635,0.10397061,0.325,0.461
SRP72,0.03227034,0.326,0.462
PTRHD1,0.04414447,0.326,0.462
OR52A1,-0.4383204,0.339,0.462
SIX3,-0.5097055,0.339,0.462
MAP3K10,-0.1842525,0.339,0.462
RETREG1,-0.1564838,0.339,0.462
LINC00674,0.03011606,0.326,0.462
IBA57,-0.05880099,0.326,0.462
ZNF133-AS1,0.05821689,0.326,0.462
MPO,-0.4375086,0.339,0.462
LINC02228,-0.10293697,0.327,0.462
ZNF436-AS1,-0.08639966,0.326,0.462
RIMS4,0.17256692,0.326,0.462
MIR193A,0.12337827,0.327,0.462
PTPRT,-0.09083485,0.326,0.462
LOC105375200,0.12501122,0.327,0.463
SEH1L,0.0297944,0.327,0.463
AMH,-0.3817729,0.34,0.463
DICER1-AS1,-0.06540852,0.327,0.463
TAC1,0.17380441,0.327,0.463
SRP14,0.0769534,0.34,0.463
PPP2R2D,0.02419506,0.327,0.463
CCDC57,-0.05435677,0.327,0.463
LOC105374482,-0.15259579,0.327,0.463
TRG-GCC1-5,0.0978848,0.327,0.463
LNCRNA-IUR,-0.06410381,0.327,0.463
MTREX,0.03237117,0.328,0.463
SLC9A5,-0.2940767,0.341,0.464
DPM1,0.0454678,0.328,0.464
MIR3909,-0.12003498,0.328,0.464
LOC107987112,0.08960418,0.328,0.464
SBNO1-AS1,-0.10685846,0.328,0.464
PPP4R3B-DT,0.06373483,0.328,0.464
LOC105371903,-0.08930958,0.328,0.464
STXBP4,-0.03593431,0.328,0.464
POLR2J2,0.10783149,0.328,0.464
ROBO3,-0.209481,0.341,0.464
LNCRNA-ATB,-0.25692647,0.328,0.464
TRS-AGA2-2,-0.11820989,0.328,0.464
GDA,-0.35931364,0.328,0.464
ETNK1,0.1003934,0.341,0.464
LIPG,-0.168141,0.329,0.465
LOC112268070,0.08241995,0.329,0.465
LOC102724446,-0.12599992,0.329,0.465
SUCLG2,0.03487348,0.329,0.465
MIR624,0.08871153,0.329,0.465
TLX3,-0.5867752,0.342,0.465
FRRS1L,0.22652051,0.33,0.466
ZNF853,-0.09439448,0.33,0.466
MMS22L,0.0399537,0.33,0.466
SLC25A45,-0.06538765,0.33,0.466
XPNPEP3,0.02211431,0.33,0.466
ASH1L-AS1,0.03230441,0.331,0.467
C6ORF15,0.14293379,0.331,0.467
CDK1,-0.155161,0.343,0.467
ATP6AP1L,0.08577179,0.331,0.467
CHRNG,0.4342893,0.344,0.468
LOC105370834,0.09897478,0.331,0.468
LDB3,-0.1616036,0.344,0.468
CLC,-0.5636116,0.345,0.469
IGLV5-45,-0.7128257,0.345,0.469
ACBD3,0.1518625,0.345,0.469
LOC105378825,-0.14968306,0.332,0.469
TEX11,0.4842992,0.346,0.469
INKA2,-0.3294715,0.345,0.469
ZNF282,-0.1068379,0.346,0.469
LOC105370855,-0.089449,0.333,0.47
SNORD24,0.08866296,0.333,0.47
LINC02568,0.2073317,0.333,0.47
LINC02585,-0.2452247,0.346,0.47
LOC107984312,-0.0605056,0.333,0.47
GLIS1,-0.08459623,0.333,0.47
FREM1,0.07346244,0.333,0.47
BLOC1S4,-0.04224865,0.333,0.47
MANSC4,-0.10256082,0.333,0.47
MIR23AHG,0.07014249,0.333,0.47
RRP1B,-0.02309016,0.333,0.47
ANO5,-0.13887104,0.333,0.47
TAMALIN-AS1,0.09021886,0.335,0.471
ZNF285,-0.11632972,0.334,0.471
LGR4-AS1,0.06283553,0.334,0.471
ALPG,-0.2843537,0.347,0.471
DRD2,-0.14041471,0.334,0.471
LRRC9,0.08052971,0.335,0.471
ZNF266,0.06365727,0.334,0.471
LOC101927727,-0.05723679,0.334,0.471
LOC107986959,0.1858108,0.335,0.472
RUNDC1,-0.02748283,0.335,0.472
ALKBH3-AS1,0.04661759,0.335,0.472
MAPRE2,-0.0699292,0.348,0.472
DHFRP3,-0.6302056,0.348,0.472
CCN6,0.4963273,0.348,0.472
FAM221B,-0.11482148,0.335,0.472
ARHGEF25,0.07558615,0.335,0.472
DHRS9,-0.238026,0.348,0.472
LOC101927268,0.11392044,0.335,0.472
CYP2C8,-0.14190925,0.335,0.472
LOC105369844,0.16413664,0.335,0.472
PHACTR3,-0.10706512,0.335,0.472
LOC101929667,-0.16318058,0.336,0.473
KRTAP12-2,-0.43127219,0.336,0.473
ZNF461,0.03310115,0.336,0.473
SBDS,0.03856648,0.336,0.473
ZNF684,0.0464815,0.336,0.473
AKR1C6P,0.1092514,0.336,0.473
LOC101929185,0.05446253,0.336,0.473
GPR108,0.03217275,0.336,0.473
PCDHB2,0.09554625,0.336,0.473
LOC105371877,-0.15626744,0.336,0.473
AGO2,0.02735977,0.336,0.473
HLX-AS1,0.10730831,0.336,0.473
LOC107985729,0.09351025,0.336,0.473
GP5,-0.4953079,0.35,0.473
SEC22B2P,-0.04600194,0.336,0.473
PCTP,-0.226295,0.35,0.473
PABPC5,-0.07189883,0.337,0.474
PIP5K1P1,0.06877913,0.337,0.474
LOC107985303,0.11572621,0.337,0.474
VGLL1,-0.4656379,0.351,0.474
FAM234A,-0.06279877,0.337,0.474
ABCA8,-0.09113835,0.337,0.474
GCG,0.4856412,0.352,0.475
GYS1,-0.0820269,0.352,0.475
COASY,-0.053686,0.352,0.475
UTP20,-0.0745848,0.352,0.475
LOC100240735,-0.12361122,0.338,0.475
GLUD1P3,0.05079775,0.338,0.475
BTBD8,0.06526717,0.338,0.475
SLC25A35,-0.07495228,0.338,0.475
TMED11P,-0.09485256,0.338,0.475
NPY,-0.5422505,0.352,0.475
APOC3,0.3655937,0.352,0.475
DNAJC16,0.0629568,0.352,0.475
PCCB,0.06867693,0.338,0.475
LOC112268148,-0.04992766,0.338,0.475
ZNF763,-0.04656698,0.338,0.475
MSX2,-0.3690449,0.353,0.476
TRMT10C,0.03778752,0.339,0.476
WRAP73,-0.04198833,0.339,0.476
PER2,-0.1665266,0.353,0.476
PGPEP1,-0.2753908,0.353,0.476
HMBOX1,-0.2008684,0.353,0.476
C3ORF33,0.05584181,0.339,0.476
SNORD114-3,-0.14162588,0.339,0.476
RABL3,0.0814241,0.353,0.476
NOX3,-0.5680318,0.353,0.476
AURKAP1,-0.04397217,0.34,0.477
PTOV1-AS2,0.05892528,0.34,0.477
MC2R,-0.4168354,0.354,0.477
LOC105377685,0.09086302,0.339,0.477
CCDC196,0.04719278,0.339,0.477
ZC3H12A-DT,0.07428011,0.34,0.477
GMPPB,-0.04131383,0.339,0.477
PCAT18,0.20276769,0.34,0.477
LOC102725116,0.1223702,0.34,0.477
ANKRD62P1-PARP4P3,0.1081633,0.34,0.477
AWAT2,0.38078426,0.339,0.477
ZFP41,0.0648879,0.34,0.477
TRNP1,-0.07924397,0.34,0.477
KRTAP5-11,-0.54028877,0.34,0.477
SLIT3-AS2,-0.08157687,0.34,0.477
PMS2CL,0.03520786,0.341,0.478
LOC107984363,0.12539428,0.341,0.478
GPRC5D-AS1,0.07051306,0.342,0.478
LOC107986302,0.06109478,0.341,0.478
LOC107984413,0.10870142,0.341,0.478
MIR573,0.06929571,0.341,0.478
LOC107985962,0.30721249,0.341,0.478
GPR156,-0.09141597,0.341,0.478
SLC7A5P2,0.05991816,0.341,0.478
LOC105373077,0.05878753,0.34,0.478
LOC107986918,-0.06428102,0.341,0.478
LOC105379185,0.13094755,0.341,0.478
SETDB2,0.0336366,0.341,0.478
XPC-AS1,0.0483121,0.341,0.478
PRH1-TAS2R14,-0.06751802,0.341,0.478
PPIP5K2,-0.0685529,0.355,0.478
OTOP2,0.20621075,0.341,0.478
MAP3K14-AS1,-0.05529002,0.342,0.479
GPR17,0.11475929,0.342,0.479
RIPK2-DT,-0.05148624,0.342,0.479
ZBTB42,-0.07462515,0.342,0.479
NHIP,0.2057461,0.342,0.479
LOC107986162,-0.05617235,0.342,0.479
LOC102724646,-0.08389499,0.343,0.48
LOC101930026,0.10842617,0.343,0.48
SAMD5,-0.12830416,0.343,0.48
TRAV12-2,-0.6081883,0.357,0.48
LOC105372261,-0.08576201,0.343,0.48
FBP1,-0.20373532,0.343,0.48
ZNF652,0.04429775,0.343,0.48
HACD3,-0.02903841,0.343,0.48
LCN1,-0.4051113,0.356,0.48
KRTAP5-1,-0.41427864,0.344,0.481
LOC105370781,0.13490848,0.344,0.481
LOC107984209,0.07098647,0.344,0.481
PLEKHA8,0.03152583,0.344,0.481
TNFAIP8L2-SCNM1,-0.03516627,0.344,0.481
GKN1,-0.4405271,0.358,0.481
LOC107985786,0.07587071,0.344,0.481
LOC105378669,-0.12814515,0.345,0.482
HNRNPA1L2,0.03507744,0.345,0.482
KCND3-IT1,-0.11093719,0.345,0.482
LOC105374260,0.11357323,0.345,0.482
SNORA51,-0.11282269,0.345,0.482
GPR45,0.4576954,0.359,0.482
WASHC2C,0.2186907,0.359,0.482
LOC105378308,-0.41423488,0.345,0.482
LOC107985923,-0.06855592,0.345,0.482
LOC646214,0.11981604,0.345,0.482
SERP2,-0.09532253,0.345,0.482
PCDHA9,-0.4520822,0.358,0.482
ADAM21,0.7455197,0.359,0.482
ZNF503-AS2,-0.06384352,0.345,0.482
FBXL9P,-0.04983074,0.345,0.482
LINC01883,0.18324662,0.345,0.482
RGS7BP,-0.17885634,0.345,0.482
XRCC5,-0.0399591,0.359,0.482
LOC105378347,0.12786753,0.345,0.482
H1-5,-0.0763282,0.345,0.482
ZNF202,-0.02927496,0.345,0.482
PLEKHG4B,-0.12851662,0.346,0.483
ARHGAP27P1,0.05360688,0.346,0.483
LINC00898,0.15726642,0.346,0.483
TGS1,-0.0966684,0.359,0.483
LOC105377632,-0.09723143,0.346,0.483
LOC107984577,0.092874,0.346,0.483
MRPL1,0.03788502,0.346,0.483
TSLP,-0.11735568,0.346,0.483
MIR4524B,-0.10504796,0.346,0.483
LOC105374933,-0.07418894,0.346,0.483
TESMIN,0.08595399,0.346,0.483
ETDC,0.08698681,0.347,0.484
LINC00685,0.08777045,0.347,0.484
MIR640,-0.09476382,0.347,0.484
UBE2E4P,-0.05920185,0.347,0.484
MIDN,-0.09601357,0.347,0.484
WDR90,0.07090697,0.347,0.484
EEF1AKMT4,-0.07867035,0.347,0.484
TMPRSS11GP,-0.16519408,0.347,0.484
ZBTB44-DT,0.13716875,0.348,0.485
SNORA8,0.05869687,0.348,0.485
GPR39,0.0778919,0.348,0.485
FAM13B-AS1,-0.05087832,0.348,0.485
OGFR-AS1,0.10185735,0.348,0.485
LOC107985130,0.06055496,0.348,0.485
COL6A4P2,-0.16124668,0.348,0.485
NPEPL1,-0.05130723,0.348,0.485
RAB5IF,-0.04642833,0.348,0.485
LEKR1,0.06557926,0.348,0.485
YBEY,0.05234137,0.349,0.486
FREM2,0.15807457,0.349,0.486
LRRC37A4P,0.15716859,0.349,0.486
LINC00649,-0.12217864,0.349,0.486
TPM3P9,0.06275872,0.349,0.486
HOXC10,0.0955015,0.362,0.486
AGAP1-IT1,-0.05621122,0.349,0.486
NAGK,0.03478677,0.349,0.486
VPS4A,0.0769683,0.363,0.486
LOC107987399,0.1177818,0.349,0.486
PF4,-0.4033117,0.363,0.486
SAMD13,0.09256712,0.35,0.487
ANTXR2,-0.05477105,0.35,0.487
LOC107984575,-0.08193416,0.35,0.487
CH507-9B2.8,-0.10756304,0.35,0.487
CHD1-DT,-0.07853377,0.35,0.487
CDC14C,-0.09461217,0.35,0.487
SAC3D1,0.06105893,0.35,0.487
ECMXP,0.12477878,0.35,0.487
KIF9-AS1,-0.05423123,0.35,0.487
FAM83D,0.08873386,0.35,0.487
SNORA50C,0.06526235,0.35,0.487
LOC107985360,-0.04669966,0.35,0.487
RSL1D1-DT,0.02475164,0.35,0.487
MAP3K19,-0.0623943,0.35,0.487
ZBTB24-DT,0.12192994,0.35,0.487
LOC112267861,0.07279578,0.35,0.487
SNORD25,0.07792187,0.351,0.488
TMEM238L,0.10041078,0.351,0.488
KRT74,-0.35030951,0.351,0.488
MIR8058,-0.11004943,0.351,0.488
ZGRF1,0.04706218,0.351,0.488
SENP8,0.03921,0.352,0.489
UTS2,-0.19056475,0.352,0.489
LOC107985504,-0.15144978,0.352,0.489
LINC01822,0.14801205,0.351,0.489
KIF12,0.14748283,0.352,0.489
SV2A,0.3306907,0.366,0.489
LSAMP-AS1,0.08700512,0.352,0.489
ZNF234,-0.02739119,0.353,0.49
LOC344967,0.08263761,0.353,0.49
IQCJ,0.37442306,0.352,0.49
MIR4637,0.1073816,0.353,0.49
STAG3,-0.5607703,0.366,0.49
SARS2,-0.0770996,0.366,0.49
AGPAT1,-0.1278406,0.367,0.49
NAA20,0.03308879,0.353,0.49
PLRG1,0.03151161,0.353,0.49
VTCN1,-0.16176244,0.353,0.49
LOC105374985,0.10376802,0.353,0.491
KRT38,-0.32379796,0.354,0.491
LOC105376875,-0.04443262,0.354,0.491
FAM120A2P,0.04225367,0.354,0.491
IFNA8,-0.6504514,0.368,0.491
TBC1D13,-0.0521991,0.367,0.491
SP2-AS1,-0.03828794,0.354,0.491
KIAA0513,0.06296927,0.355,0.492
CXCL6,0.4926905,0.368,0.492
SPATA1,-0.3175087,0.369,0.492
ZBBX,-0.5490529,0.368,0.492
LYG2,-0.1704094,0.355,0.492
SNRPG,-0.04846435,0.355,0.492
ADAT3,0.08057332,0.355,0.492
ARTN,-0.2942917,0.368,0.492
AKR1A1,-0.0846221,0.369,0.493
MRPL51,-0.04321226,0.355,0.493
PINLYP,-0.1517732,0.369,0.493
OR7A10,-0.5173789,0.369,0.493
GOLGA6L9,0.06506885,0.356,0.493
TRAV8-3,0.3903637,0.369,0.493
LOC107984336,0.04906347,0.356,0.493
KRT73,0.12792553,0.356,0.493
USP17L1,-0.12038521,0.356,0.493
NOTCH2NLR,0.12145241,0.356,0.493
KRT79,0.29608158,0.356,0.493
LOC105370108,-0.22897412,0.355,0.493
TMEM175,0.05193385,0.356,0.493
BBIP1,0.04905859,0.356,0.493
LOC100126584,0.08760662,0.356,0.494
STK32A,0.09426416,0.356,0.494
SNORD44,0.06966994,0.356,0.494
SOX14,0.4069497,0.37,0.494
NAXE,0.02432725,0.357,0.495
BCAS1,-0.13154857,0.357,0.495
FAM86B2,-0.09101369,0.358,0.495
CYP2C9,-0.2485515,0.371,0.495
LOC105378548,0.13851881,0.358,0.495
LOC105372859,0.04601857,0.357,0.495
CEP89,0.02619077,0.357,0.495
SULT6B2P,0.11504553,0.357,0.495
LOC107987331,-0.13033399,0.357,0.495
MIR3134,0.12354642,0.357,0.495
SNORD67,0.08779548,0.357,0.495
LOC101927863,0.08106671,0.357,0.495
SWI5,-0.04088762,0.357,0.495
LOC107985694,0.10415438,0.358,0.495
UBE4A,0.02319737,0.358,0.495
EFTUD2,-0.02598551,0.358,0.496
DOT1L,-0.3073612,0.372,0.496
LOC102725180,-0.08520331,0.358,0.496
NXNL2,0.15190129,0.359,0.496
TTC23L-AS1,0.07674122,0.358,0.496
NKAIN3,-0.09959416,0.358,0.496
LOC105370117,-0.10059421,0.359,0.496
ND3,0.0760517,0.358,0.496
TGIF2-RAB5IF,-0.04534752,0.36,0.497
LOC105371573,0.08573967,0.359,0.497
LINC02145,-0.16414456,0.359,0.497
LOC101927952,-0.08919999,0.361,0.498
PPP1R26-AS1,0.07027902,0.36,0.498
NSUN5P2,0.03859424,0.361,0.498
NFATC2,0.04967164,0.36,0.498
LOC107984220,0.06707445,0.36,0.498
SCNM1,-0.03355601,0.36,0.498
LOC105371901,0.12006829,0.361,0.498
DHRS4-AS1,-0.03099421,0.36,0.498
OR10C1,-0.4789509,0.374,0.498
LOC105377488,0.12368466,0.361,0.498
LMBR1L,0.075516,0.374,0.498
LINC01960,-0.11781276,0.36,0.498
LOC105379087,-0.05825673,0.361,0.498
LOC340512,0.05771334,0.361,0.498
CHAC1,-0.30009671,0.36,0.498
MTRNR2L4,-0.11109126,0.361,0.498
DDIAS,-0.06808826,0.36,0.498
MIR26A2,-0.08419569,0.361,0.499
DGKQ,-0.4549554,0.375,0.499
DUSP10,-0.03984915,0.361,0.499
TP73-AS1,-0.03904688,0.362,0.499
MIR3941,-0.10398705,0.362,0.499
LOC100507472,-0.08205634,0.362,0.499
OAZ3,0.03867211,0.361,0.499
OPLAH,0.1303383,0.375,0.499
NICN1,-0.04959671,0.362,0.499
LOC105374920,0.10943015,0.362,0.499
SNORA15B-1,0.10452983,0.361,0.499
H2AC14,-0.07568798,0.362,0.5
LOC107986451,-0.07789969,0.362,0.5
LOC105378410,0.05229659,0.363,0.5
FAM83A,-0.13899897,0.362,0.5
ACOXL,-0.09937489,0.363,0.5
PSMD8,0.0363997,0.363,0.5
IVL,0.1553702,0.376,0.5
MUS81,-0.076487,0.376,0.5
TJAP1,-0.04012669,0.363,0.5
SPACA6-AS1,0.08248508,0.363,0.5
LAMA4-AS1,-0.10016432,0.363,0.5
PDE12,-0.02118047,0.362,0.5
ABI3BP,0.08061198,0.363,0.5
ADAMTS9-AS2,0.07203109,0.362,0.5
YPEL5,0.0475174,0.376,0.5
KIF25,-0.1387751,0.376,0.5
MAL,0.09867172,0.364,0.501
DIAPH2-AS1,0.06828255,0.364,0.501
MIR4640,0.10847952,0.364,0.501
LOC107985152,0.05149268,0.363,0.501
LOC101929828,0.08640111,0.364,0.501
LOC105376278,0.05147063,0.364,0.501
EYA4,-0.14596041,0.364,0.501
CLEC4OP,0.17680791,0.364,0.501
STK40,0.0449037,0.364,0.501
PSRC1,-0.1632062,0.377,0.501
UBE3D,0.03681196,0.364,0.501
SNORD60,0.07309013,0.364,0.501
SNORD49A,-0.06233858,0.364,0.501
LOC107985231,-0.08057042,0.364,0.501
LOC107985695,-0.20287028,0.363,0.501
IP6K1,-0.0388536,0.364,0.501
NECAB2,0.3317266,0.378,0.502
NUP98,-0.0528348,0.378,0.502
GTF3C2-AS2,0.03566895,0.364,0.502
DDX11L2,0.08730127,0.365,0.502
LRG1,-0.25878711,0.365,0.502
LOC101929248,0.08584095,0.365,0.502
LOC100134317,-0.10550814,0.365,0.502
CDCA2,0.06569094,0.365,0.502
LOC100996549,0.09850313,0.365,0.502
USP17L4,-0.11764679,0.365,0.502
PABIR2,-0.02429965,0.365,0.503
UPK3BL1,0.11142857,0.366,0.503
LOC105369458,0.13043533,0.366,0.503
LOC105374103,0.08753479,0.366,0.503
NOM1,0.02735061,0.366,0.503
DHX29,-0.0563576,0.379,0.503
IVNS1ABP,-0.0752561,0.379,0.503
LOC107984673,-0.0997142,0.366,0.503
LOC105373234,0.15204951,0.366,0.503
IL36G,-0.2067574,0.38,0.504
FAM27E4,0.09179447,0.367,0.504
LOC105372173,-0.12879415,0.367,0.504
LOC105376759,-0.07857215,0.367,0.504
ZNF558,0.02609779,0.366,0.504
LOC101927603,0.07638242,0.367,0.504
LOC105377621,0.09078875,0.367,0.504
AADACL2-AS1,-0.16757899,0.367,0.504
LOC112268253,0.10489099,0.367,0.504
LLPH-DT,-0.1217943,0.366,0.504
LOC112268450,0.07417278,0.367,0.504
MRPS15,-0.083094,0.38,0.504
COQ10A,-0.03893354,0.367,0.504
LOC107984624,0.3856251,0.368,0.505
LOC107984125,0.2110661,0.368,0.505
LOC107984506,-0.07852911,0.368,0.505
USH1G,0.12222745,0.368,0.505
TGFB2-OT1,-0.07335027,0.368,0.505
LOC101927377,-0.05825044,0.367,0.505
GUCA1A,0.3358362,0.381,0.505
ZNF555,-0.03872432,0.368,0.505
PNPT1,-0.03541719,0.367,0.505
IFT56,0.1447131,0.381,0.505
MAML1,0.048886,0.381,0.505
RAD51,0.1051739,0.381,0.505
SNHG11,0.03926446,0.367,0.505
CCDC159,-0.03851014,0.368,0.505
LOC105374120,0.12944224,0.367,0.505
ANGPTL3,0.0530254,0.367,0.505
LOC105379016,0.06393869,0.368,0.506
LOC107985733,-0.09146161,0.369,0.506
LOC100128885,0.30235914,0.368,0.506
LOC729968,-0.53301886,0.369,0.506
PABPN1,0.02142638,0.368,0.506
LIPF,0.3543434,0.383,0.506
TRNG,-0.07644641,0.369,0.506
PDE6G,-0.10665307,0.369,0.506
FAM41C,0.10582697,0.369,0.506
PFKP,0.0814082,0.382,0.506
CR2,-0.6717705,0.383,0.507
SCAND2P,-0.1335837,0.384,0.507
MAGEA1,-0.5005179,0.384,0.507
TESK1,0.086889,0.384,0.507
GEMIN8,-0.134691,0.384,0.507
LOC105370794,0.06534488,0.37,0.507
PCSK6-AS1,-0.12342705,0.37,0.507
LOC105369631,0.08640276,0.37,0.507
RUNX3,-0.1071246,0.384,0.507
NUP214,-0.0847159,0.384,0.507
HAL,0.2224016,0.383,0.507
LINC00563,0.3649475,0.384,0.507
ZNF48,0.04701333,0.37,0.507
LOC105372826,0.10556956,0.37,0.507
DNAJC22,-0.3000782,0.385,0.508
INHBE,0.5090503,0.385,0.508
CCDC28B,0.203751,0.385,0.508
RNA45SN3,0.10679532,0.371,0.508
NINL,-0.1124021,0.385,0.508
PIWIL2-DT,-0.06282626,0.37,0.508
ZDBF2,-0.04216164,0.37,0.508
PPP1R3F,0.03425024,0.37,0.508
CTCF-DT,0.07196143,0.371,0.508
RNU5E-1,0.10148497,0.37,0.508
DCAF4L1,-0.07768917,0.37,0.508
HMHB1,0.376524,0.386,0.509
AADACP1,-0.17375214,0.372,0.509
RPTN,-0.17925551,0.371,0.509
MIR6721,0.12688572,0.371,0.509
LOC101929388,0.11906467,0.371,0.509
KDM5D,-0.8833925,0.386,0.509
DMP1,0.2814733,0.386,0.509
PRAME,-0.4407438,0.386,0.509
LOC107984011,-0.08610802,0.372,0.509
LOC107985595,0.04765515,0.371,0.509
BEST4,0.09325505,0.372,0.509
TMC2,-0.10296491,0.371,0.509
TCF7,-0.04271368,0.373,0.51
EEIG1,0.0943125,0.387,0.51
TMSB15B-AS1,-0.10513768,0.373,0.51
LOC112268236,-0.08674469,0.372,0.51
TMLHE,-0.02502081,0.372,0.51
ASB7,-0.02063403,0.373,0.51
PAN3-AS1,0.03673329,0.373,0.51
SREBF1,-0.09329234,0.372,0.51
PPP1R2C,-0.3375817,0.387,0.51
LOC103344931,-0.02941829,0.372,0.51
SUGT1P4-STRA6LP,0.05690469,0.373,0.51
STAM-DT,-0.09397189,0.373,0.51
ZNF765,0.04215774,0.373,0.511
LOC107985263,0.03955658,0.373,0.511
DLGAP1-AS5,0.14425822,0.374,0.511
LINC02562,-0.18871791,0.374,0.511
GH2,-0.385506,0.387,0.511
GGN,-0.075196,0.374,0.511
TRIM65,-0.04099954,0.373,0.511
KLC2-AS1,0.05994764,0.374,0.511
AJAP1,-0.10421384,0.375,0.512
STAC2,-0.1717554,0.374,0.512
LOC102723769,0.1214844,0.374,0.512
LOC102724965,-0.05016146,0.374,0.512
HSPA12B,-0.07505336,0.375,0.512
C6ORF226,0.04663953,0.374,0.512
MIR7847,0.07097978,0.374,0.512
RPL23AP7,0.04469762,0.375,0.512
LOC105376481,0.11526514,0.375,0.512
LOC101929540,-0.04290031,0.375,0.512
DIP2C-AS1,-0.04106545,0.374,0.512
TBCC,-0.0441934,0.388,0.512
OPRK1,-0.3368767,0.388,0.512
VPS37D,0.07614748,0.374,0.512
OCIAD1,0.0219686,0.375,0.512
PYROXD2,0.05685326,0.375,0.513
LINC01126,0.05721372,0.376,0.513
BRS3,-0.2845362,0.389,0.513
ZNF142,0.0691082,0.39,0.513
PPP6R3,0.0665885,0.389,0.513
PCDH11Y,-0.181135,0.376,0.513
LOC105377803,0.11793652,0.376,0.513
CKAP2L,-0.07476459,0.377,0.514
CNTNAP3B,0.1049395,0.376,0.514
NUP58,0.02639185,0.376,0.514
LOC107985023,0.05053396,0.376,0.514
LOC107985067,0.09993371,0.376,0.514
ARHGEF7-AS2,-0.08491921,0.376,0.514
LOC105372484,0.08955135,0.376,0.514
IHO1,-0.07609371,0.377,0.514
ACE2,-0.12200557,0.376,0.514
STX18,-0.01656099,0.377,0.514
ARHGEF10,0.04284291,0.376,0.514
EP300-AS1,0.0933302,0.377,0.514
GGACT,-0.03004106,0.377,0.514
TRQ-CTG6-1,-0.10904725,0.377,0.515
TBC1D21,-0.12163338,0.377,0.515
LOC105373346,-0.17363894,0.378,0.515
CBX1,0.02846209,0.377,0.515
LINC02878,-0.11205571,0.377,0.515
LOC93429,0.08676949,0.378,0.515
GMPR,-0.06527886,0.378,0.515
ZNF804A,-0.3052283,0.391,0.515
SERBP1,0.03198511,0.378,0.515
LOC107984340,0.03414858,0.377,0.515
LRRC34,0.03903604,0.378,0.515
LOC101927615,-0.16946301,0.378,0.515
LINC00537,0.05755333,0.377,0.515
ZRSR2,-0.05030605,0.378,0.515
FGF8,0.2437171,0.392,0.515
CCNJ,-0.1005251,0.392,0.515
LOC107984862,-0.0983631,0.378,0.515
GRSF1,0.02314712,0.379,0.516
MIR4505,0.06620456,0.378,0.516
LRRIQ1,0.13374092,0.378,0.516
TOMM5,-0.04329634,0.379,0.516
HTD2,0.02286933,0.379,0.516
DLG5-AS1,0.06690984,0.379,0.516
SEPSECS-AS1,-0.0985157,0.379,0.516
DCDC2,0.14481459,0.379,0.516
APCDD1L,-0.07835226,0.378,0.516
LOC110091768,0.07264142,0.379,0.516
CALCB,0.3729274,0.392,0.516
LOC101929710,-0.08458955,0.379,0.516
UGT2B7,0.21819257,0.379,0.517
LOC105375126,0.04705608,0.38,0.517
LOC107986876,0.03780728,0.38,0.518
RETREG1-AS1,-0.08808781,0.38,0.518
SELENOT,-0.03777518,0.381,0.518
SCARNA18,0.1008472,0.381,0.518
CTC-338M12.4,-0.1054108,0.395,0.518
LOC105375001,0.07179058,0.381,0.518
BTBD9-AS1,0.05562251,0.381,0.518
SNORD121A,0.08734828,0.381,0.518
NACC1,-0.05840579,0.38,0.518
LOC105370556,0.06456996,0.38,0.518
SENP1,-0.02300695,0.38,0.518
MFSD2B,0.05212274,0.381,0.518
LEF1-AS1,0.09115563,0.382,0.519
LOC105375952,0.11159063,0.381,0.519
HEPHL1,-0.28217655,0.382,0.519
RBM43,-0.04266455,0.381,0.519
TDRKH,-0.04664883,0.382,0.519
PRB2,0.12258586,0.382,0.519
LOC101929372,0.14740135,0.381,0.519
LOC101928762,0.05777911,0.382,0.519
ZNF189,0.05107136,0.382,0.519
ASCL4,0.12078057,0.382,0.519
GSPT1,-0.01955956,0.382,0.519
RIBC2,0.530825,0.397,0.52
SLC38A3,-0.2711552,0.397,0.52
UNC119,-0.0919922,0.397,0.52
SMG6,0.1258354,0.396,0.52
LOC105374481,-0.13755115,0.382,0.52
LOC102723464,-0.08649577,0.382,0.52
MIR627,0.11159297,0.383,0.52
GATD3,-0.05694442,0.383,0.52
RBM45,0.03066346,0.384,0.521
LOC105373062,0.13661246,0.383,0.521
ACE,-0.102044,0.383,0.521
LINC01018,0.19048131,0.383,0.521
MIR2117HG,0.48356068,0.383,0.521
SH3BGRL2,-0.07782016,0.384,0.521
MSTO1,-0.03146809,0.383,0.521
SELENOO,0.04370772,0.383,0.521
PTTG2,0.4223544,0.398,0.521
TRAF7,-0.05047499,0.384,0.521
UHRF2,-0.02587285,0.384,0.521
LOC105374943,-0.0994402,0.384,0.521
LINC00592,0.13421031,0.384,0.521
TRPC5,-0.6125403,0.397,0.521
CYP2U1,-0.04510296,0.384,0.521
C4ORF46P3,0.07944016,0.383,0.521
RP9P,0.03839094,0.383,0.521
LOC105377205,0.07987364,0.385,0.522
FALEC,0.08030251,0.384,0.522
LOC105369212,-0.08896344,0.385,0.522
CRYGS,-0.04461462,0.385,0.522
AGRP,-0.07779013,0.385,0.522
IDH1,-0.1215762,0.398,0.522
PRR5-ARHGAP8,-0.0702086,0.386,0.523
UBL5,0.03835259,0.385,0.523
LOC105379839,0.04200254,0.386,0.523
LOC102723313,-0.04497271,0.385,0.523
POU5F2,0.02837164,0.386,0.523
LOC105378494,0.06871008,0.386,0.523
ABLIM2,0.0774379,0.386,0.524
PPM1N,-0.07179048,0.387,0.524
ARHGEF7-AS1,-0.10587155,0.386,0.524
SCUBE1,-0.12819512,0.386,0.524
LINC01058,-0.118428,0.387,0.524
HIGD2A,-0.0662523,0.4,0.524
CST1,-0.5083914,0.401,0.524
SCG5,-0.1465945,0.4,0.524
CNPY2-AS1,0.03743021,0.386,0.524
FIRRM,0.092652,0.4,0.524
ULK4P1,0.0827756,0.388,0.525
C1ORF220,0.04292885,0.387,0.525
LOC112268057,-0.07586096,0.388,0.525
SNORD18A,-0.09795206,0.388,0.525
LOC105373975,0.05784911,0.388,0.525
GSTT2,0.19370965,0.388,0.525
LOC105369632,0.09135347,0.387,0.525
ZCWPW2,0.03943512,0.389,0.526
GPR37L1,-0.05065835,0.388,0.526
LOC105379417,-0.19248182,0.389,0.526
MIPEPP3,0.05855185,0.388,0.526
ZBTB47,0.06255535,0.389,0.526
CUTC,-0.03829809,0.389,0.526
CPQ,0.04806071,0.388,0.526
DARS1-AS1,0.03965686,0.388,0.526
STC1,-0.15179141,0.389,0.526
GDPGP1,-0.06510774,0.389,0.526
FAM43A,-0.07275507,0.389,0.526
GTPBP6,0.04440897,0.39,0.527
RRP7A,-0.1077898,0.403,0.527
FLJ46875,0.04171573,0.389,0.527
JMJD1C-AS2,-0.05244375,0.39,0.527
LOC105374568,-0.10484375,0.39,0.527
CENPS-CORT,-0.0513262,0.39,0.527
EXTL2,-0.03873706,0.39,0.527
CIB2,-0.1380017,0.404,0.527
TIRAP,0.02929299,0.389,0.527
RBM14-RBM4,-0.01950193,0.389,0.527
LINC00513,-0.03980824,0.389,0.527
ZNF534,0.16244609,0.389,0.527
ZNF880,0.04730654,0.39,0.527
LOC105376063,0.10140969,0.389,0.527
ZNF594-DT,0.04526595,0.39,0.527
FAM240C,0.10150668,0.39,0.527
CCDC175,-0.0867308,0.39,0.528
LINC00673,-0.07087213,0.391,0.528
C11ORF65,-0.03564971,0.391,0.528
TF,-0.3880281,0.404,0.528
LOC105377740,0.20178835,0.391,0.528
C17ORF80,-0.02574225,0.391,0.528
MIR6840,0.10630278,0.391,0.528
FOXD3-AS1,0.11242942,0.391,0.528
LOC107985946,0.03356573,0.39,0.528
CLEC4F,0.12695832,0.392,0.529
ZSWIM4,-0.07444944,0.392,0.529
DGAT2L6,0.30351709,0.391,0.529
LOC400541,-0.07311898,0.392,0.529
RALGPS2,0.05853013,0.391,0.529
UQCRB-AS1,-0.07678925,0.392,0.529
KRTAP16-1,-0.46858066,0.392,0.529
PI4KAP2,-0.06162602,0.392,0.529
SCGB2B2,0.11205782,0.392,0.529
EPS15-AS1,0.04706733,0.392,0.529
AJM1,-0.08738678,0.392,0.529
LOC107986656,0.08830303,0.391,0.529
BCAS4,0.2387541,0.405,0.529
LOC105371942,-0.07500277,0.392,0.529
LOC105370266,-0.11865986,0.393,0.53
S100A3,-0.27003452,0.393,0.53
CCDC144CP,-0.1042886,0.393,0.53
KIAA1614-AS1,-0.04752423,0.393,0.53
SCX,0.07037368,0.392,0.53
LOC107984529,0.04844048,0.393,0.53
DOCK6,-0.0643551,0.406,0.53
GLMN,0.03502448,0.393,0.53
IFT38,-0.0594624,0.406,0.53
LINC01252,-0.11970942,0.393,0.53
MMP16,0.08518633,0.393,0.53
LOC105372836,0.10823292,0.393,0.53
ZDHHC18,-0.0821913,0.407,0.531
ATP9A,0.0804597,0.407,0.531
ARMC8,0.0544926,0.407,0.531
RSPH6A,-0.3374973,0.408,0.531
BAHD1,0.04933089,0.394,0.531
LOC389831,0.12593099,0.394,0.531
FERRY3,-0.0566823,0.407,0.531
NEPRO,0.02081655,0.394,0.531
LOC105371036,0.08002694,0.393,0.531
LOC101927708,0.108915,0.394,0.531
LOC105370054,0.12414003,0.394,0.531
RALGAPA2,0.03581806,0.394,0.531
SEC62,0.0437612,0.407,0.531
OR2B6,-0.2919005,0.407,0.531
TRR-CCT3-1,-0.08179239,0.394,0.531
DTWD1,-0.0638623,0.409,0.532
LINC02463,0.20037397,0.395,0.532
DRC9,-0.1337354,0.408,0.532
KRT25,-0.47082354,0.395,0.532
FAM89A,0.06692623,0.395,0.532
FOXP4,-0.07972514,0.395,0.532
RILPL2,0.04624029,0.395,0.532
NME9,0.03124022,0.395,0.532
LOC102724949,0.0951815,0.395,0.532
CXORF38,-0.02757197,0.395,0.532
PRSS44P,0.09858584,0.395,0.532
LOC105372380,0.05783209,0.395,0.532
TMEM269-DT,0.06861635,0.395,0.532
CTRL,-0.2751703,0.408,0.532
LOC102723461,0.13607972,0.395,0.532
LOC105370679,0.1126431,0.396,0.532
C21ORF58,0.04973582,0.395,0.532
QRFP,0.07172133,0.394,0.532
LOC105371756,-0.05528303,0.396,0.533
IRAIN,0.06275465,0.397,0.533
SNORD42B,0.10019947,0.396,0.533
IL17RB,-0.285194,0.41,0.533
HOXB-AS1,-0.0833093,0.396,0.533
MICAL1,-0.0430185,0.397,0.533
LOC105375513,-0.04743785,0.396,0.533
DDO,-0.13575146,0.396,0.533
ALG1L2,0.08403473,0.396,0.533
LOC102724889,0.08978456,0.397,0.533
SEC23B,-0.02890285,0.397,0.534
SNORA80A,-0.08058138,0.397,0.534
LOC105369312,0.09241858,0.398,0.534
LOC107985579,0.3243971,0.397,0.534
MAPK8IP3-AS1,0.0606339,0.397,0.534
CYP2T1P,-0.06448166,0.397,0.534
LOC105370928,0.04504863,0.398,0.534
MDP1,0.03353116,0.398,0.534
ANKRD34A,-0.07665243,0.397,0.534
H2BC4,-0.04057458,0.397,0.534
KCND3-AS1,-0.08720569,0.397,0.534
U2AF1,-0.03170781,0.397,0.534
TCP11,-0.3176737,0.411,0.534
IL21,-0.4298067,0.412,0.535
LOC107984530,0.12278591,0.399,0.535
SEPTIN7P14,0.03286232,0.398,0.535
CFAP418-AS1,0.12241413,0.398,0.535
LOC107985399,0.09853562,0.398,0.535
CYTB,-0.12421487,0.398,0.535
SEC22B3P,-0.03939789,0.398,0.535
EXTL3,0.02709162,0.398,0.535
EXO5-DT,-0.08188868,0.398,0.535
FIGNL2,-0.0836718,0.399,0.536
TIGD4,0.09238626,0.399,0.536
LOC105371038,0.07358595,0.399,0.536
TAS2R19,-0.06791133,0.399,0.536
CDH13-AS1,-0.0604877,0.4,0.536
CADM3-AS1,0.09190227,0.4,0.537
LOC107984258,-0.07846282,0.4,0.537
SNORD103C,-0.09476633,0.4,0.537
PGPEP1L,0.13023845,0.4,0.537
PRKD2,0.0556924,0.4,0.537
MIR590,0.04420908,0.401,0.537
RNF103,0.02019931,0.401,0.537
AKAP3,-0.3940101,0.414,0.537
LOC101927252,0.14848861,0.4,0.537
FAM167A-AS1,0.08438646,0.4,0.537
SDHB,-0.0673678,0.413,0.537
LINC01431,0.10635334,0.401,0.538
SNORA7A,-0.0537623,0.401,0.538
RBM20,-0.08284423,0.401,0.538
TAF4,0.04330181,0.401,0.538
NUDT16L2P,0.05015517,0.401,0.538
HAS3,-0.05760321,0.401,0.538
ZC3H4,0.0512969,0.415,0.538
ZNF484,-0.4206277,0.414,0.538
MRM1,-0.1087753,0.415,0.538
CBLIF,-0.4481224,0.414,0.538
CCDC71,0.02683698,0.401,0.538
PHOX2A,0.1958269,0.415,0.538
MIR4315-1,0.05921609,0.401,0.538
PLAC1,-0.3116388,0.415,0.539
GSC2,-0.5149532,0.416,0.539
SLC17A3,-0.5619478,0.416,0.539
LOC105378122,0.13436004,0.402,0.539
TM9SF3,0.02228344,0.402,0.539
CHCHD4,-0.03251439,0.402,0.539
ACTN2,-0.14039709,0.402,0.539
HELQ,0.02426176,0.402,0.539
HCG4,0.13888823,0.402,0.539
CACUL1,0.02150908,0.402,0.539
GLYATL1,0.1414994,0.402,0.539
LOC107987269,0.05889039,0.402,0.539
CYP11B1,-0.4440456,0.417,0.54
RNU5F-1,-0.16908867,0.403,0.54
LOC107984606,0.32118824,0.404,0.54
AMIGO1,0.07047279,0.403,0.54
LOC105376214,0.07756908,0.403,0.54
TAMALIN,-0.07051818,0.403,0.54
DSG2-AS1,0.08875779,0.404,0.54
LINC00852,0.04729787,0.403,0.54
DHRS7,-0.0551577,0.417,0.54
LOC107986347,0.0537491,0.403,0.54
RPH3A,0.2220063,0.416,0.54
SDF2,0.0434036,0.416,0.54
OSGEPL1-AS1,0.07034574,0.404,0.54
EVC,-0.04216241,0.404,0.54
SNORD43,-0.09255861,0.404,0.541
GAPDH-DT,-0.03572207,0.404,0.541
LINC02609,0.06820872,0.404,0.541
LOC105371345,0.06108281,0.404,0.541
LOC105374339,-0.1186259,0.405,0.541
TRL-TAG3-1,-0.0814386,0.404,0.541
CYP1A2,-0.2739742,0.418,0.541
TCEANC2,-0.03220599,0.405,0.541
BRAT1,0.04987445,0.405,0.541
ADAM20P1,0.07237698,0.405,0.541
OTC,-0.4275895,0.418,0.542
TMEM260,0.02361421,0.406,0.542
SIPA1L1,0.02352369,0.406,0.542
RPL7L1,0.02089646,0.406,0.542
LOC107984698,0.17362668,0.406,0.542
FNBP1L,0.0924833,0.419,0.542
LOC105378067,-0.09916401,0.406,0.543
PNMA5,-0.15198541,0.406,0.543
SYN3,-0.11054494,0.406,0.543
UBR7,0.0412591,0.419,0.543
CDH23,-0.07160088,0.407,0.543
SNRNP25,-0.04232727,0.406,0.543
NFKBIB,0.1318273,0.419,0.543
LINC02827,0.09080164,0.407,0.544
ZBED6,-0.0228579,0.407,0.544
MAGI2-AS3,-0.05655504,0.407,0.544
CXCL5,-0.3913086,0.42,0.544
MOGAT2,0.25991832,0.407,0.544
LOC105374145,-0.06526971,0.407,0.544
LOC100127955,-0.06734945,0.407,0.544
KIFAP3,-0.02635896,0.408,0.545
BIRC6-AS2,-0.03746586,0.408,0.545
KCTD6,0.03396222,0.408,0.545
NAIF1,-0.03444751,0.408,0.545
NUDCD1,-0.03807075,0.408,0.545
PCNX3,-0.06772451,0.408,0.545
LOC105378550,0.06694489,0.408,0.545
ZC3H12A,-0.2086819,0.422,0.545
LOC102723534,0.08776769,0.409,0.546
GJA9,-0.0410979,0.409,0.546
CD99P1,0.04322748,0.41,0.546
USP53,-0.0418632,0.409,0.546
SPSB4,0.11014388,0.409,0.546
LINC01436,-0.17404864,0.409,0.546
NANOS1,0.04783888,0.41,0.546
LOC105374505,-0.12977857,0.409,0.546
LOC112268123,-0.03959127,0.409,0.546
LOC642846,0.07650861,0.41,0.547
RNU6-8,0.07154053,0.41,0.547
BCS1L,-0.0574485,0.424,0.547
RNU6-1,0.0688062,0.41,0.547
TLCD5,-0.03579152,0.411,0.547
PSMG3,-0.03359733,0.41,0.547
UQCRH,0.04599544,0.41,0.547
TUBG1,-0.0447463,0.424,0.547
LOC101928572,-0.1892038,0.411,0.547
CD8B,0.134799,0.412,0.548
UTP15,0.03259764,0.411,0.548
SNORD35A,0.06060061,0.411,0.548
CHTF8,-0.02149752,0.411,0.548
RNF123,-0.04137451,0.411,0.548
IL6ST-DT,-0.09110004,0.411,0.548
MRPL13,0.0633794,0.425,0.548
COL13A1,-0.06610318,0.411,0.548
PP2D1,-0.03737129,0.412,0.549
PLIN3,0.0889709,0.426,0.549
LOC107985138,-0.10683126,0.412,0.549
SNORD146,0.09461578,0.412,0.549
KRTAP26-1,-0.49361684,0.412,0.549
LOC105369372,0.08125599,0.413,0.55
ZNF85,-0.03982968,0.413,0.55
KLF11-DT,0.07553312,0.414,0.55
LOC112268055,-0.03322468,0.414,0.55
KLHDC7A,-0.21480084,0.413,0.55
MIR3934,0.07373213,0.413,0.55
ACACA,-0.0817271,0.427,0.55
PLAC9,0.07278411,0.413,0.55
CGA,0.7114966,0.427,0.55
ATP8A2,0.12776084,0.413,0.55
LOC105374590,0.09811477,0.413,0.55
DERPC,-0.02140618,0.413,0.55
HMMR,-0.1609574,0.427,0.55
LINC01590,0.05949895,0.415,0.551
SLC10A7,-0.02968499,0.415,0.551
SLC45A1,-0.08104686,0.415,0.551
MYOM3-AS1,0.12302273,0.414,0.551
UPK2,0.3860165,0.428,0.551
H2BC11,-0.06216199,0.414,0.551
DGKE,-0.03013248,0.415,0.551
LINC02202,-0.08084912,0.414,0.551
SPRTN,0.03709057,0.415,0.551
B3GALT2,0.03699277,0.414,0.551
ZNF667-AS1,0.05299256,0.414,0.551
GRM3,-0.4848067,0.428,0.551
LOC105369965,0.13142185,0.414,0.551
FOXCUT,0.10675241,0.415,0.552
BOP1,0.05156888,0.416,0.552
TNRC6C,-0.03456632,0.415,0.552
SERF1A,0.06080991,0.415,0.552
LINC00896,0.0742132,0.415,0.552
CCDC149,-0.0313739,0.415,0.552
LOC105373102,-0.08558292,0.415,0.552
NALF2,-0.2854482,0.43,0.553
NTPCR,0.03006464,0.416,0.553
MIB2,0.05332132,0.416,0.553
COG4,0.02310522,0.417,0.553
ZNF442,-0.2179054,0.43,0.553
SLC9A3-AS1,0.10192603,0.416,0.553
TRC-GCA2-4,-0.09986952,0.416,0.553
LOC105372861,0.15735424,0.416,0.553
LOC101928381,-0.14305319,0.416,0.553
LOC105374975,-0.14569051,0.417,0.554
LOC107984745,0.1067629,0.417,0.554
LOC107984847,0.06235206,0.417,0.554
HCN4,0.4007967,0.431,0.554
NPVF,-0.4076391,0.431,0.554
LOC101928409,-0.08364869,0.417,0.554
LOC107984213,-0.08783225,0.417,0.554
CHGB,-0.4292601,0.432,0.555
TDRD12,-0.23549064,0.418,0.555
GYPB,-0.5311208,0.432,0.555
LOC107984128,0.09394002,0.418,0.555
IPMK,0.04175422,0.418,0.555
CYP27B1,-0.0832571,0.418,0.555
LOC101928317,-0.06477771,0.419,0.556
GPR63,-0.4375555,0.433,0.556
GSTT2B,0.17722783,0.419,0.556
HNF1B,-0.2689443,0.433,0.556
FRY-AS1,0.04557284,0.419,0.556
KCNJ10,0.06617709,0.419,0.556
RNPS1,0.0287621,0.419,0.556
SNORA74B,-0.08154408,0.419,0.556
SNORA78,0.07832241,0.419,0.556
CTSG,-0.10516319,0.42,0.557
C2ORF66,0.1024326,0.42,0.557
FOSL2-AS1,-0.07292682,0.42,0.557
LINC01530,0.08293887,0.419,0.557
PMCH,-0.06273282,0.42,0.557
MIR9-1HG,0.1100904,0.42,0.557
C1ORF226,-0.07949454,0.42,0.557
ESPL1,0.0608621,0.42,0.557
LOC101928764,0.09691111,0.419,0.557
LOC105376253,-0.11453806,0.42,0.557
CIBAR1,-0.02798843,0.42,0.557
CTB-49A3.2,0.07949555,0.42,0.557
LERFS,0.15803248,0.42,0.557
PILRB,0.05714938,0.42,0.557
CMTM4,0.03391544,0.42,0.557
FOXK1,-0.05910493,0.42,0.557
CCDC89,0.06034297,0.419,0.557
DNAJC1,-0.01997326,0.421,0.558
LOC107984830,-0.11082625,0.421,0.558
LOC105377979,-0.12073846,0.421,0.558
NKX2-5,0.2828567,0.435,0.558
LOC107985262,0.04494935,0.422,0.558
SLC25A25-AS1,0.06598022,0.421,0.558
LOC107984138,0.03144649,0.421,0.558
HSD3B1,-0.32758831,0.421,0.558
LOC105373302,0.04579974,0.421,0.558
KLHL32,0.04144601,0.422,0.559
LOC107987234,0.04021924,0.422,0.559
KRT28,-0.41287828,0.422,0.559
LOC105372245,0.0633445,0.422,0.559
SNORD45A,0.06432275,0.423,0.559
LOC105371856,-0.04701459,0.422,0.559
LOC105370546,0.06078522,0.422,0.559
OR2A1,0.07745297,0.422,0.559
MIR215,0.0770008,0.422,0.559
ILRUN,0.03322755,0.422,0.559
LINC01117,0.07234393,0.423,0.56
BRDT,0.4595468,0.437,0.56
NLRP2,0.500463,0.437,0.56
KRT31,-0.3634404,0.438,0.561
THUMPD3,0.0226559,0.424,0.561
IL1RAP,-0.0792962,0.438,0.561
LOC112268415,-0.02758195,0.424,0.561
CEP19,-0.06319218,0.425,0.561
SNORD70,0.08886405,0.424,0.561
FBLN7,0.04112816,0.424,0.561
LOC107986058,-0.15519276,0.424,0.561
LOC105373977,-0.10533236,0.425,0.561
LOC101928474,-0.1302837,0.424,0.561
UQCRFS1,0.03053047,0.425,0.562
HOTAIR,0.07217428,0.425,0.562
LAMB2P1,0.06802013,0.425,0.562
HMGN2,-0.02098999,0.425,0.562
GDF7,0.04566681,0.425,0.562
RHOXF1-AS1,0.07736123,0.425,0.562
LOC105372903,-0.15836992,0.425,0.562
LINC01237,0.06297906,0.425,0.562
LOC100134040,0.09211495,0.425,0.562
LOC100128653,0.05153006,0.425,0.562
GABRA5,0.3496634,0.438,0.562
LOC107985468,0.09813353,0.426,0.563
ASB6,0.03532883,0.426,0.563
WDR24,0.06001081,0.426,0.563
NOP9,0.02216006,0.426,0.563
PWWP3A,-0.04286383,0.426,0.563
SNORD175,0.09268071,0.426,0.563
PAX1,-0.15610079,0.426,0.563
SLC22A31,0.24043882,0.426,0.563
AVPR1B,-0.3368261,0.44,0.563
HERC2P7,0.07869151,0.428,0.564
HMGB3,-0.04925724,0.428,0.564
ZNF418,0.04153201,0.427,0.564
MIR365B,0.08445728,0.427,0.564
LOC105372431,-0.10008567,0.427,0.564
PXMP2,0.1447762,0.441,0.564
BMAL2,0.1694233,0.441,0.564
PRDM16,-0.3211691,0.441,0.564
BIN3-IT1,-0.05050975,0.427,0.564
LOC105370947,-0.08592112,0.427,0.564
LOC105372795,0.0785611,0.427,0.564
LOC107984588,0.07128649,0.427,0.564
PDLIM3,-0.08446566,0.427,0.564
LOC105372838,-0.10285729,0.427,0.564
AREG,-0.1189684,0.427,0.564
LOC102723791,0.06154993,0.428,0.564
MTFMT,0.02593146,0.427,0.564
MRPL35,0.03106519,0.427,0.564
H2AC13,-0.06136109,0.427,0.564
LOC107984655,0.05466315,0.429,0.565
LINC01585,0.07991666,0.429,0.565
LOC105370926,0.0964771,0.428,0.565
NUS1,-0.05810471,0.428,0.565
LTV1,0.03494155,0.428,0.565
TXNL4B,0.0710468,0.442,0.565
LOC105373582,-0.08414274,0.428,0.565
ATP5MF,-0.04391395,0.429,0.565
LINC01000,0.04990531,0.428,0.565
SLC12A3,-0.1804643,0.442,0.565
LOC105375785,-0.03967405,0.428,0.565
LOC102723638,-0.16839014,0.429,0.565
LOC107986211,0.03747453,0.43,0.566
EIF4A2,0.0664721,0.443,0.566
ADAM5,-0.3326861,0.443,0.566
CBLL1-AS1,0.06818287,0.43,0.566
KRTAP5-5,-0.3875938,0.43,0.566
LOC105375762,-0.21008166,0.43,0.566
ERV3-1,0.11286363,0.429,0.566
COL22A1,-0.1497146,0.43,0.566
UBALD1,-0.05792993,0.43,0.566
LOC105373545,0.11768903,0.429,0.566
SLF1,-0.03330997,0.43,0.566
SNORD45C,-0.06774821,0.43,0.566
LOC101929703,0.04582219,0.429,0.566
SNORD53,0.09456449,0.43,0.566
GPATCH11,0.02929567,0.431,0.567
PKD1L1,-0.02854487,0.43,0.567
COMMD10,-0.02702662,0.43,0.567
HEIH,0.03324438,0.43,0.567
IDH2,-0.0830832,0.444,0.567
ZBTB39,0.088295,0.444,0.567
SLC10A5,0.0641567,0.431,0.567
LOC107984384,0.09679637,0.431,0.567
LOC100131626,0.03086611,0.431,0.567
LOC105377286,0.10982941,0.431,0.567
CASP14,-0.10786432,0.431,0.567
LINC02115,-0.11171278,0.431,0.567
GTF2IP4,-0.01890495,0.432,0.568
HLA-DQB1-AS1,-0.16097197,0.432,0.568
LOC105375378,0.08008642,0.432,0.568
LOC105377402,-0.09703706,0.432,0.568
RSPH4A,0.04982097,0.431,0.568
PRDM16-DT,-0.12224644,0.432,0.568
PAQR5,-0.2319029,0.446,0.569
CALHM5,-0.11346983,0.433,0.569
FZD8,-0.0769824,0.433,0.569
XXYLT1-AS2,-0.0619788,0.433,0.57
LOC105379382,-0.05607158,0.433,0.57
LOC102724701,0.08027443,0.434,0.57
GGT3P,0.15944975,0.434,0.57
LINC02788,-0.07827839,0.434,0.57
KLHL21,0.0731934,0.447,0.57
ERI2,-0.0670753,0.448,0.57
CCK,-0.3180856,0.447,0.57
HCRT,-0.3804706,0.448,0.57
LRGUK,-0.09332738,0.433,0.57
LPEQ6126,-0.0672815,0.434,0.571
RTN4RL2,-0.08355857,0.434,0.571
SNORD49B,-0.05221939,0.435,0.571
COQ5,0.02975758,0.435,0.571
PDXDC2P-NPIPB14P,0.04427639,0.434,0.571
TIGD2,-0.03899295,0.435,0.571
CTNND2,0.2091395,0.449,0.571
TMLHE-AS1,-0.04764433,0.434,0.571
ARL6IP4,0.0556558,0.449,0.571
LGSN,0.4212947,0.449,0.571
TCF15,0.3943503,0.449,0.571
LOC105375321,0.20213977,0.434,0.571
PPCDC,-0.072711,0.449,0.571
MSANTD4,-0.02892389,0.436,0.572
PEF1,0.0545367,0.45,0.572
KLC2,-0.299656,0.45,0.572
LOC286437,0.03508369,0.436,0.572
LOC100652758,-0.03019005,0.435,0.572
FASTKD5,0.02388075,0.435,0.572
SNORA80E,0.0596936,0.436,0.572
MDC1-AS1,-0.05105147,0.436,0.572
RMDN3,0.03608714,0.435,0.572
REPIN1,-0.04380447,0.435,0.572
LOC107984399,-0.08212515,0.436,0.572
MRPL55,0.02029415,0.436,0.572
DDHD1,0.04673628,0.436,0.572
CFAP141,-0.10589372,0.436,0.572
CSPG5,0.09729105,0.437,0.573
FDXACB1,0.03561678,0.436,0.573
MIR6730,-0.09316941,0.436,0.573
AURKC,-0.07921819,0.436,0.573
LOC114224,0.03175557,0.436,0.573
NRIP3-DT,0.06390617,0.437,0.573
MID1IP1-AS1,-0.10525423,0.437,0.573
MYT1L,0.4320507,0.451,0.573
RBAK,0.02371459,0.437,0.573
LOC105374989,0.05876991,0.436,0.573
LOC105371490,-0.04576515,0.437,0.573
LNCOC1,0.07365902,0.438,0.574
LOC101060187,-0.09957881,0.438,0.574
CISD3,-0.03741719,0.438,0.574
KANSL1-AS1,0.12505798,0.438,0.574
TLL1,-0.3477132,0.452,0.574
LOC105371271,-0.0312558,0.438,0.574
ELOVL3,0.29170765,0.438,0.574
PRKAR2A-AS1,-0.06430466,0.438,0.574
MIR663A,-0.15782608,0.437,0.574
EXO1,-0.0869729,0.454,0.575
FMC1,0.04101064,0.439,0.575
GPR135,-0.1852603,0.454,0.575
PAX4,-0.2958426,0.453,0.575
WEE1,-0.1341229,0.454,0.575
TSPEAR-AS2,0.13435625,0.439,0.575
SNORA74C-1,-0.08328234,0.439,0.575
ARFGEF1-DT,-0.08177151,0.439,0.575
RAB10,0.03086955,0.439,0.575
BORCS8-MEF2B,-0.04022011,0.439,0.575
IWS1,-0.0239392,0.438,0.575
C2CD2,-0.1195358,0.454,0.575
EFL1P1,-0.07114218,0.439,0.575
SLC30A5,-0.0369536,0.455,0.576
FGF23,-0.2559949,0.455,0.576
ANO1,-0.0910267,0.455,0.576
XKR8,-0.03950762,0.44,0.576
TECPR2,-0.02742996,0.44,0.576
ZIK1,-0.04114693,0.44,0.576
DMGDH,-0.06753619,0.439,0.576
FOXRED1,-0.02927575,0.44,0.576
KRTAP24-1,-0.47382908,0.439,0.576
BMP8B,-0.4803157,0.456,0.577
SNORD116-14,-0.09820137,0.441,0.577
OR52N4,0.12781723,0.441,0.577
SNORA15B-2,0.08683168,0.441,0.577
PCAT2,0.07464104,0.441,0.577
SPDYE2,0.08509269,0.441,0.577
ZNF569,0.03689012,0.441,0.577
HIKESHI,0.02654192,0.441,0.577
LOC112268317,-0.08068469,0.441,0.577
HSPD1,-0.04447551,0.441,0.577
LOC105376829,-0.04784368,0.441,0.577
LOC107984574,0.04677949,0.441,0.577
LOC107985675,0.04705036,0.441,0.577
XKR9,0.20437092,0.441,0.577
H2AC8,-0.1735147,0.456,0.578
VSNL1,0.06756054,0.442,0.578
CCNB1,-0.05768865,0.442,0.578
LOC105375217,0.04606563,0.442,0.578
ZNF146,-0.02259158,0.442,0.578
MLLT6,-0.04745362,0.443,0.578
LOC105374571,0.07709557,0.442,0.578
WDTC1,0.0459842,0.442,0.578
LOC101930091,-0.04132401,0.443,0.579
PPP1R3B,-0.02931844,0.443,0.579
EPOP,-0.08076184,0.443,0.579
ANKRD52,-0.04854618,0.443,0.579
MRPL44,0.02214749,0.443,0.579
ZNF610,-0.06910748,0.443,0.579
COX18,-0.02203622,0.444,0.579
HSD17B2,0.16690578,0.443,0.579
GPR25,-0.4608787,0.458,0.579
LHX2,0.15178486,0.443,0.579
EXOSC6,-0.03293447,0.443,0.579
HADHB,0.03741771,0.444,0.58
SNX1,0.01577812,0.445,0.58
LOC112268099,-0.0575636,0.444,0.58
LOC105378728,0.06650966,0.445,0.58
VEZT,0.0231351,0.445,0.58
PIEZO1,-0.0817296,0.459,0.58
LOC105373194,-0.04725968,0.445,0.58
KRT82,-0.43003863,0.444,0.58
ITPR3-AS1,0.04206849,0.445,0.581
TM4SF1-AS1,0.11363421,0.445,0.581
FOXN3-AS1,-0.05603342,0.445,0.581
RANGRF,-0.0442508,0.459,0.581
CLDN10-AS1,-0.18617665,0.445,0.581
MCF2L,0.04833186,0.445,0.581
LOC105379183,0.06637994,0.445,0.581
MIR4500HG,0.10493558,0.445,0.581
STAM,-0.02071464,0.445,0.581
LOC105378941,-0.06282734,0.446,0.582
MYADM,-0.07637427,0.446,0.582
NEXN,-0.03246257,0.446,0.582
TBX19,-0.0978667,0.461,0.582
BRD7,0.01980419,0.446,0.582
LOC101929563,0.12060522,0.446,0.582
TAS2R43,0.15024906,0.446,0.582
GSTA1,-0.4946034,0.461,0.582
LY6G6D,-0.272326,0.447,0.583
MRPL33,0.0586985,0.461,0.583
UPP2,-0.11300843,0.448,0.583
LOC105370459,0.07091751,0.448,0.583
LOC105373623,-0.04964933,0.447,0.583
SMPD4,0.03396531,0.447,0.583
EEF1AKMT1,-0.03864624,0.448,0.583
MYL1,-0.2347825,0.461,0.583
SPAG7,0.0813873,0.462,0.583
ATAD3C,-0.07254636,0.447,0.583
HOXA10-AS,0.05634176,0.447,0.583
FNIP1,-0.02854727,0.447,0.583
SLC25A43,-0.02536412,0.447,0.583
LOC105376328,0.1797011,0.447,0.583
SIGLEC17P,0.0800557,0.448,0.583
LOC102724319,0.07625692,0.448,0.583
LOC107985250,-0.26392794,0.447,0.583
APIP,-0.06609912,0.448,0.584
SCRN3,0.02441525,0.448,0.584
RBM33-DT,0.03725546,0.448,0.584
ZNF527,0.02217431,0.448,0.584
RBMXL1,0.02639294,0.448,0.584
FAM91A1,-0.02399999,0.448,0.584
MIR2277,-0.07435747,0.449,0.584
ABCB8,-0.04222864,0.449,0.584
ARMC5,0.04298089,0.449,0.584
CCDC13-AS2,-0.2384936,0.449,0.584
DARS1,0.02723003,0.449,0.584
HLTF-AS1,-0.06380354,0.448,0.584
APEX1,0.0373072,0.463,0.585
FCER2,0.2795194,0.464,0.585
CASQ2,0.1895537,0.463,0.585
SPINK4,0.3857355,0.464,0.585
TMEM42,0.03704295,0.45,0.585
MLXIP,-0.0964405,0.464,0.585
FBXW10B,0.06963989,0.449,0.585
ZNF229,-0.07615628,0.449,0.585
FAM237B,-0.08391295,0.449,0.585
LOC107985725,-0.06477621,0.449,0.585
RABGAP1L-AS1,0.05791321,0.449,0.585
RBFOX3,0.06572047,0.451,0.586
CNTN5,-0.2770891,0.465,0.586
GML,0.3467362,0.465,0.586
ACSF3,-0.04541122,0.45,0.586
KRT32,-0.22148166,0.451,0.586
ZNF160,0.0244559,0.451,0.586
LOC105376710,0.06006674,0.451,0.586
MARK2P9,-0.14848755,0.451,0.586
PDZD11,-0.02686702,0.45,0.586
EMC1-AS1,-0.02775748,0.45,0.586
VPREB3,-0.3762067,0.465,0.587
KRT37,-0.4347085,0.466,0.587
TDRD6-AS1,0.07971022,0.452,0.587
LOC105371030,-0.11050879,0.451,0.587
CRACD,-0.06821376,0.452,0.587
OR52B6,0.1102205,0.452,0.587
NAT8B,0.3901434,0.466,0.587
GNG7,0.2156486,0.466,0.587
MIR4758,0.09049903,0.452,0.587
MDGA1,0.14779937,0.451,0.587
LOC107984876,0.07415321,0.452,0.588
BIRC6,0.01995423,0.452,0.588
PCSK4,-0.0938092,0.453,0.588
NSUN5P1,0.03295071,0.452,0.588
NPIPB2,0.05023112,0.453,0.588
SVBP,0.03612015,0.454,0.589
SLC35E4,0.04133121,0.454,0.589
LOC105374344,-0.07444591,0.453,0.589
NPIPB4,0.04477739,0.453,0.589
GNB4,-0.03068059,0.453,0.589
ZNRD2-DT,0.05585396,0.454,0.589
SNORA3A,-0.04507316,0.454,0.589
LOC107985693,0.06745884,0.454,0.589
PPP4R4,-0.08127837,0.454,0.589
LOC105379499,0.09023738,0.453,0.589
LOC112267971,0.07632823,0.454,0.589
CCDC144BP,-0.10090985,0.454,0.589
BTBD18,0.04361187,0.454,0.589
LOC107987237,-0.09787614,0.454,0.589
ANAPC1,0.01929047,0.454,0.589
PLXNB3-AS1,-0.1366705,0.453,0.589
CALHM4,-0.39841325,0.453,0.589
DUSP18,-0.0381792,0.454,0.59
ABR-AS1,-0.0882318,0.455,0.59
DBF4B,0.04629579,0.455,0.59
SMCO2,-0.07282631,0.455,0.59
SSTR3,0.2331506,0.469,0.59
LY86-AS1,0.19058347,0.455,0.59
MIR10397,0.03357643,0.455,0.59
LOC105374536,-0.06762951,0.454,0.59
LOC107984716,-0.05681455,0.456,0.591
EFR3A,-0.02197713,0.456,0.591
PAX5,-0.3530363,0.47,0.591
MALRD1,0.10149087,0.455,0.591
LOC107987244,-0.07280301,0.455,0.591
LOC105375470,0.2127188,0.456,0.591
LOC100129203,-0.0473955,0.456,0.591
TMEM182,-0.05914406,0.455,0.591
LOC112267943,0.04212986,0.456,0.591
KLF16,-0.07166421,0.455,0.591
LINC00385,-0.08433116,0.457,0.592
SLC45A2,-0.192255,0.471,0.592
GANC,0.02232498,0.457,0.592
ZNF579,0.07822008,0.457,0.592
ANKRD7,-0.5096581,0.471,0.592
LOC101927245,0.07629409,0.457,0.592
RFT1,0.03076469,0.457,0.592
RPTOR,-0.04211341,0.456,0.592
LINC02985,-0.07926226,0.456,0.592
FBXO30,-0.02850117,0.456,0.592
OSBPL5,0.05264364,0.456,0.592
MSTO2P,0.02570611,0.457,0.592
MOGAT1,0.277861,0.458,0.593
ZBTB20-AS5,0.05279026,0.458,0.593
CHAF1B,-0.03272066,0.457,0.593
HMGCL,-0.069676,0.473,0.594
BCYRN1,-0.08417183,0.459,0.594
RAP1GAP2,-0.05554612,0.459,0.594
RPS6KB1,0.2927506,0.473,0.594
CLDN9,-0.2908859,0.473,0.594
SNORA105B,-0.05289878,0.458,0.594
ZNF99,0.13913535,0.458,0.594
CNKSR3,-0.04654813,0.459,0.594
MIR6894,0.09402152,0.459,0.594
MIR17HG,0.04451997,0.46,0.595
ZSCAN21,0.0209749,0.46,0.595
LOC107985034,-0.03533676,0.46,0.595
C3ORF38,-0.0222637,0.46,0.595
LOC105373386,-0.07264729,0.46,0.595
CLDN20,0.03443329,0.46,0.595
TRAPPC2L,-0.0723408,0.474,0.595
TAS2R7,-0.3769577,0.474,0.595
SLC30A6,-0.01979834,0.46,0.595
ZNF561-AS1,-0.03940595,0.462,0.596
RGPD8,-0.02916248,0.461,0.596
SKOR1,-0.08064058,0.462,0.596
LOC389906,0.07228357,0.462,0.596
TRC-GCA19-1,0.05240493,0.461,0.596
LOC107986116,0.08294482,0.461,0.596
PLAGL2,-0.0605825,0.476,0.596
LOC105370461,-0.04506818,0.461,0.596
SNORA67,-0.04203685,0.461,0.596
LOC112268166,-0.04581815,0.461,0.596
RNA5-8SN5,-0.09372685,0.461,0.596
HPS3,-0.03224137,0.461,0.596
PCDHA3,-0.10752415,0.461,0.596
LOC389705,0.09439182,0.461,0.596
LOC107986696,0.03032116,0.461,0.596
ZNF596,0.03463827,0.461,0.596
LOC105369194,-0.04272509,0.461,0.596
CHRAC1,0.02869332,0.461,0.596
OMP,-0.1109069,0.475,0.596
ECH1,0.0863038,0.477,0.597
UVRAG-DT,0.10683564,0.462,0.597
FAM168B,0.0419972,0.476,0.597
RTF2,0.0614108,0.476,0.597
LINC02806,0.09450874,0.463,0.597
AATK,-0.08043414,0.463,0.597
PRSS1,-0.4002795,0.477,0.597
MAGOH-DT,0.07361786,0.462,0.597
LOC105378929,0.26693777,0.462,0.597
NCOR2,-0.06789272,0.463,0.597
LINC00680-GUSBP4,0.0285028,0.463,0.597
CECR7,0.05315064,0.463,0.597
ADGRB3-DT,-0.09995008,0.462,0.597
CBX3P2,-0.05339389,0.463,0.597
LOC105370982,0.10349569,0.462,0.597
ACP7,0.08781008,0.463,0.597
ECI2-DT,-0.0985531,0.463,0.598
H2BC18,-0.04231291,0.464,0.598
WT1,-0.3193577,0.478,0.598
UBE2D3,0.02283277,0.464,0.598
MAGOHB,-0.1470192,0.478,0.598
TMEM184C,-0.01807121,0.463,0.598
NDUFB10,0.02553107,0.464,0.598
EPN1,-0.293748,0.477,0.598
LOC101928834,0.09565961,0.464,0.598
LOC107984635,0.04741863,0.464,0.598
SLC26A11,0.04230896,0.465,0.599
CA3-AS1,0.05566604,0.465,0.599
ALAS1,-0.05775169,0.465,0.599
ITGA6-AS1,-0.044671,0.465,0.599
LOC105378525,0.06470225,0.465,0.599
LTA,0.05369257,0.464,0.599
LOC102723507,0.07034435,0.465,0.599
LYPLAL1-DT,0.08975494,0.464,0.599
RHEX,-0.07350337,0.464,0.599
FBXO33,-0.02146033,0.465,0.599
LMF1-AS1,-0.06302131,0.464,0.599
SCGB2A2,0.18826722,0.465,0.599
LOC107986942,0.06515837,0.465,0.599
LHFPL3-AS2,-0.07314714,0.465,0.599
UNC13D,-0.05630408,0.465,0.599
LOC107986785,0.05117357,0.465,0.599
CEP83,-0.0254872,0.464,0.599
MLF1-DT,0.04887342,0.465,0.599
NPIPB3,0.04678397,0.464,0.599
LOC101927538,-0.04987353,0.466,0.6
CTRC,0.2462278,0.479,0.6
LOC100128079,0.04835588,0.466,0.6
PRCD,-0.03955159,0.466,0.6
CCDC116,-0.06977686,0.466,0.6
ACYP1,0.03294982,0.466,0.6
ARSD-AS1,-0.03908361,0.466,0.6
RAP1GDS1,-0.02464787,0.465,0.6
TMCO6,0.0632462,0.48,0.6
USP9Y,-0.9287676,0.48,0.6
CHRNA5,0.2437116,0.479,0.6
GNGT1,0.5387012,0.481,0.6
TMOD2,-0.03232154,0.467,0.601
DEFA5,-0.3072475,0.482,0.601
TIGD7,0.03364831,0.467,0.601
SF3B1,0.02344374,0.467,0.601
CCDC137,0.03217488,0.467,0.601
MIR4524A,-0.08379011,0.467,0.601
VTI1A,-0.01833051,0.467,0.601
ASAH2,-0.05009029,0.467,0.601
LOC101927259,0.11156399,0.467,0.601
LOC105377086,0.05466684,0.467,0.601
IFT52,0.0392097,0.481,0.601
DDX11L5,0.06923984,0.467,0.601
BRD9,0.0576348,0.481,0.601
LOC112268038,0.05214961,0.468,0.602
GUSBP17,0.08021808,0.469,0.602
TAF1C,0.04349909,0.468,0.602
LOC107987172,-0.09358001,0.468,0.602
ZCCHC7,0.02204279,0.468,0.602
LOC651337,0.03829844,0.469,0.602
ZNF486,-0.04627205,0.469,0.602
EYA2-AS1,-0.07508735,0.468,0.602
FAM135B,0.08508009,0.468,0.602
TSPYL5,-0.04383388,0.468,0.602
ATF6-DT,0.09548025,0.468,0.602
IFT46,-0.049542,0.482,0.602
ELAPOR1,-0.2129631,0.483,0.602
LOC107985334,-0.07042445,0.468,0.602
ALPI,-0.1058863,0.484,0.603
GNPTG,-0.02415863,0.47,0.603
UNG,-0.0613526,0.484,0.603
AADAT,-0.04808596,0.47,0.603
SZT2-AS1,0.04776834,0.47,0.603
CCNYL6,0.0641053,0.47,0.603
MST1,0.04179442,0.47,0.603
LOC107985393,-0.07029115,0.469,0.603
TNFAIP8,0.03319332,0.469,0.603
LOC729870,-0.08318128,0.469,0.603
SNORA9,-0.0489756,0.469,0.603
SNORD17,0.04034683,0.47,0.603
FGB,-0.2932842,0.483,0.603
CPLX2,0.3596364,0.483,0.603
MIR939,0.07421723,0.471,0.604
TACR1,-0.3240213,0.485,0.604
PROSER2,-0.05324081,0.471,0.604
LOC105379346,-0.03316839,0.47,0.604
MIR4444-1,-0.0596402,0.471,0.604
ATOSA,0.02588254,0.471,0.604
PNPLA5,0.26103488,0.471,0.604
LOC105373255,-0.064573,0.47,0.604
FAM205A,-0.0699511,0.471,0.604
LOC102723798,-0.09996228,0.471,0.604
HOXB8,-0.3326652,0.486,0.604
FAM86C1P,-0.04137976,0.471,0.605
LOC105373000,0.09120594,0.471,0.605
LRRC37A3,0.06810427,0.472,0.605
PFN1P2,0.03493555,0.471,0.605
P4HA2-AS1,-0.04150361,0.471,0.605
SRXN1,-0.07601003,0.472,0.605
LOC105379326,-0.06882784,0.471,0.605
SLCO1B3,0.3737555,0.486,0.605
CRIM1-DT,0.05561381,0.471,0.605
LOC105375019,0.04521574,0.472,0.605
MYL10,-0.1265075,0.487,0.605
CFAP61,0.12104478,0.472,0.605
H1-10,0.05880058,0.473,0.606
HSCB,-0.02950314,0.473,0.606
GARIN2,0.0668742,0.473,0.606
SMC6,-0.0522276,0.488,0.606
STX1A,0.258467,0.487,0.606
B4GALNT1,-0.07793091,0.473,0.606
EFCAB2,0.04633891,0.472,0.606
LOC105373310,0.07537104,0.473,0.606
TSGA13,0.05837737,0.472,0.606
MINPP1,0.0752647,0.487,0.606
LOC105376874,0.07541563,0.474,0.607
LOC105371996,-0.16632956,0.473,0.607
IL13,0.2500625,0.489,0.607
TRNK,-0.09111512,0.474,0.607
SEC22C,0.01876728,0.474,0.607
EXOC2,0.0957055,0.489,0.607
MIR630,0.0635419,0.474,0.607
ADAMTSL3,0.1203776,0.489,0.607
BMS1P4-AGAP5,0.01806229,0.473,0.607
LOC441455,0.08284794,0.474,0.607
FAM217B,0.0234012,0.473,0.607
OR52N2,-0.16221896,0.474,0.607
LOC107985686,0.17902262,0.475,0.608
ACTG1P20,-0.0505463,0.475,0.608
NFATC4,-0.04873257,0.474,0.608
ARHGAP11B,-0.05470671,0.474,0.608
KIAA1549,0.06443626,0.474,0.608
GALR3,-0.2739361,0.49,0.608
IFT22,-0.0895102,0.49,0.608
MIR3175,-0.05525544,0.475,0.608
TRND,-0.08992368,0.475,0.608
MIR4523,-0.09995599,0.475,0.608
RPS6KA2-AS1,-0.09681461,0.474,0.608
OR51B5,0.10062245,0.475,0.608
LOC105377329,-0.11337733,0.475,0.608
NPTN-IT1,-0.02436665,0.475,0.609
SFTPA2,-0.5771851,0.491,0.609
CATSPERZ,-0.122512,0.49,0.609
LOC100506730,0.04016829,0.476,0.609
FZD7,-0.1006544,0.49,0.609
SLX4,0.04358237,0.476,0.609
SNORD96A,0.03998881,0.477,0.61
ADM5,-0.05809912,0.477,0.61
DPY19L4,0.0654124,0.492,0.61
LOC107985139,-0.02036798,0.476,0.61
LOC107986986,-0.04747261,0.477,0.61
LOC105372901,0.08804135,0.477,0.61
LOC105378847,-0.09756499,0.477,0.61
SFTPC,-0.408221,0.492,0.61
LOC112268263,0.07261537,0.477,0.61
GMDS,-0.03383209,0.477,0.61
ANKS1A,-0.05288,0.492,0.61
TEX14,0.2472707,0.492,0.61
GATA4,0.3405122,0.493,0.61
NPHP1,0.04247518,0.477,0.61
EFNB3,0.06563849,0.477,0.61
MIR611,-0.05413601,0.477,0.61
TMEM14B,0.02616228,0.477,0.61
LOC107985398,0.06787358,0.478,0.611
MIR4480,0.08172541,0.477,0.611
PTBP1,0.0400937,0.493,0.611
LOC105372709,0.07471075,0.478,0.611
ADGRA3,-0.0615836,0.493,0.611
LOC728989,-0.07094583,0.478,0.611
SIGLEC7,0.1490757,0.493,0.611
SMIM6,0.05195576,0.478,0.611
ZNF775,-0.0574581,0.478,0.611
LOC105371312,-0.03219071,0.477,0.611
CENPF,0.1006382,0.493,0.611
LOC107984817,0.10620381,0.478,0.611
MIR1281,0.06196966,0.478,0.611
SPP2,-0.3592304,0.495,0.612
WARS2-AS1,0.03574299,0.479,0.612
LOC107984792,-0.18317625,0.479,0.612
LOC105372740,0.08697047,0.48,0.612
LOC107984839,0.04823301,0.479,0.612
CHCHD1,0.03074609,0.479,0.612
LOC105375127,-0.06439208,0.479,0.612
LOC105369952,0.07576764,0.479,0.612
MAN1A2,0.02372321,0.481,0.613
LOC105375683,0.02809426,0.48,0.613
KLHL24,-0.0298467,0.481,0.613
ZBTB12,0.06379705,0.481,0.613
GSN-AS1,-0.03421487,0.48,0.613
ATF7-NPFF,-0.03190774,0.48,0.613
LOC102724805,-0.0782908,0.48,0.613
LOC105378726,0.06597724,0.481,0.614
TRUB1,0.02485889,0.481,0.614
SLC17A1,-0.4034493,0.496,0.614
DCAF17,0.02009751,0.481,0.614
BIK,0.05264901,0.481,0.614
PLGLB1,0.06055305,0.481,0.614
MIR4683,-0.08993316,0.482,0.614
MROH8,0.02307583,0.481,0.614
SLC22A2,0.289057,0.497,0.615
MFSD13A,0.02177117,0.482,0.615
C14ORF178,0.04178654,0.482,0.615
MIR6748,0.06036725,0.483,0.615
NOD2,0.0810688,0.498,0.615
SEPTIN1,-0.05462121,0.483,0.615
SNRPN,0.02171207,0.482,0.615
ZNF19,-0.03439966,0.482,0.615
FAM136A,0.02144843,0.483,0.616
LOC101926969,0.12211113,0.483,0.616
VSX1,0.3459588,0.499,0.616
LOC105374297,0.0853347,0.483,0.616
OR12D3,-0.2822142,0.498,0.616
SNTG2,0.06216478,0.483,0.616
TARDBPP3,0.04555418,0.483,0.616
LOC105378513,0.0397326,0.483,0.616
RLBP1,-0.08812391,0.485,0.617
ZNF818P,0.05290184,0.484,0.617
SLC16A6,0.0469318,0.485,0.617
GFOD2,-0.03204401,0.485,0.617
LOC105371734,-0.03989369,0.485,0.617
LOC105377265,0.16052828,0.484,0.617
GEMIN8P4,0.07416376,0.485,0.617
SNAI3-AS1,-0.09107621,0.484,0.617
SCARNA3,0.06197656,0.484,0.617
PRH1-PRR4,-0.10678757,0.484,0.617
MIR4714,0.06186336,0.485,0.617
PRPS1L1,-0.3831975,0.5,0.617
WFS1,-0.0454632,0.484,0.617
MIR3917,-0.06898871,0.484,0.617
EYS,0.03390864,0.484,0.617
IFITM10,-0.0603179,0.486,0.618
KRTAP5-3,-0.36607529,0.485,0.618
LOC105376410,0.04114557,0.485,0.618
TFRC,0.05722996,0.486,0.618
LOC105376505,-0.11473783,0.486,0.618
MIR6789,0.06026709,0.485,0.618
CEMP1,-0.03743371,0.485,0.618
OGDHL,-0.2292601,0.501,0.618
ZNF687,0.02871702,0.486,0.618
CHRNA6,-0.2486863,0.502,0.619
LOC105371081,-0.05010167,0.487,0.619
PCDHB4,-0.05586202,0.486,0.619
LOC105374376,0.06933951,0.487,0.619
YPEL1,0.03079368,0.486,0.619
NDUFA12,0.0333294,0.487,0.619
LOC105371742,-0.07552308,0.486,0.619
ZNF320,-0.03872312,0.487,0.619
INTS7,0.03031835,0.488,0.62
SLC45A3,0.05712936,0.487,0.62
LOC107986126,-0.04830922,0.487,0.62
PJA1,0.03020939,0.487,0.62
MICU1,-0.0443983,0.503,0.62
SLC49A3,-0.04400371,0.488,0.62
LOC107986712,0.09173005,0.488,0.621
TAFA2,0.06151057,0.489,0.621
LINC02381,0.0410663,0.488,0.621
RBM33,0.02199527,0.489,0.621
LOC105374478,0.17530245,0.489,0.621
EDDM3A,-0.2748711,0.504,0.621
SNORD72,-0.07541787,0.488,0.621
TMEM11-DT,0.04137366,0.489,0.621
CFAP61-AS1,0.10252395,0.489,0.621
ANKMY1,-0.306888,0.504,0.621
AMBP,-0.2930568,0.505,0.622
ZNF8-DT,-0.03277145,0.49,0.622
SSR4P1,0.0506803,0.49,0.622
LOC646030,0.05814754,0.49,0.622
PCDHB3,-0.06079991,0.49,0.622
LOC107986188,-0.05275761,0.489,0.622
U2AF1L4,-0.03885632,0.489,0.622
MGC70870,-0.10894966,0.49,0.622
CADM2,0.07459815,0.49,0.622
BGLAP,0.054862,0.489,0.622
SLC30A10,0.23110403,0.491,0.623
KIF11,-0.1021769,0.506,0.623
NLGN4Y,-0.38661065,0.491,0.623
LOC107986193,0.09101612,0.491,0.623
ZFP91-CNTF,-0.01953701,0.491,0.623
DUSP21,-0.4177965,0.506,0.623
SLC35G6,-0.08638939,0.492,0.624
ACSS2,-0.08702691,0.492,0.624
FAM133A,-0.09346376,0.493,0.624
STX18-IT1,-0.05838117,0.491,0.624
SNORD71,0.05911846,0.492,0.624
FOCAD-AS1,0.08388426,0.492,0.624
LINC02777,-0.06882862,0.492,0.624
LOC107984966,-0.07221378,0.491,0.624
ZNF408,-0.0700729,0.508,0.624
INSM2,-0.06775763,0.492,0.624
METTL9,-0.02391339,0.492,0.624
GLCE,0.0618659,0.507,0.624
ZP1,0.14335924,0.492,0.624
BMP8A,-0.05452454,0.492,0.624
CES2,0.02390288,0.492,0.624
TAS2R46,-0.05531475,0.492,0.624
DMTF1-AS1,0.05847611,0.492,0.624
HMGB3P1,-0.2827796,0.507,0.624
PLS3-AS1,-0.04749055,0.493,0.625
TTC28-AS1,0.02924298,0.493,0.625
SPART-AS1,-0.07918532,0.493,0.625
LOC112268079,-0.09401608,0.493,0.625
CCT6P1,0.02599166,0.493,0.625
CHRNA9,-0.12017339,0.494,0.625
LOC102723944,0.06369926,0.493,0.625
IGFBP1,-0.3910344,0.508,0.625
DRD4,-0.3059484,0.508,0.625
LOC107987007,0.06527336,0.493,0.625
UBE2Q2P2,0.05953172,0.494,0.626
PAXIP1-AS2,0.0237225,0.494,0.626
LOC105374468,0.11924186,0.494,0.626
FADS6,0.08612926,0.494,0.626
ADNP,0.01223869,0.494,0.626
ZCCHC18,0.02980686,0.494,0.626
SLC2A14,0.15114327,0.494,0.626
HCG23,0.09472331,0.494,0.626
MIR320E,0.08447448,0.494,0.626
C10ORF88B,0.07852293,0.494,0.626
EN2,-0.3014754,0.509,0.626
ANKRD19P,-0.05694003,0.495,0.627
GAD2,-0.3098111,0.51,0.627
HYLS1,-0.03541045,0.495,0.627
MADD,0.045708,0.51,0.627
ZBTB20-AS4,0.04888802,0.495,0.627
LOC400464,0.0787107,0.496,0.628
IDI2,-0.04157165,0.496,0.628
OVCA2,-0.02555612,0.496,0.628
MIR568,0.06009284,0.497,0.628
MIR583HG,0.04401274,0.496,0.628
LINC02519,-0.08293264,0.497,0.628
AQP8,-0.2438909,0.511,0.628
SFR1,-0.02753805,0.497,0.628
AP3M1,-0.01547036,0.496,0.628
LOC112268199,-0.06403619,0.497,0.629
MIR6499,0.07080746,0.497,0.629
KRT73-AS1,0.09387804,0.497,0.629
ERI3-IT1,0.03157307,0.497,0.629
THNSL1,0.04456508,0.497,0.629
ST13P4,0.04156114,0.498,0.63
SLC4A11,0.08235667,0.498,0.63
CLDN7,-0.1454866,0.513,0.63
SETD9,0.03769256,0.498,0.63
LOC107986515,0.0286574,0.499,0.63
MIR224,0.06278322,0.498,0.63
NAP1L1,-0.02188292,0.498,0.63
ZFP3,0.02080404,0.498,0.63
SNORA100,0.02103365,0.498,0.63
NCBP2-AS1,0.03638395,0.499,0.63
CPA5,0.08482554,0.5,0.631
LOC105372092,-0.0759732,0.5,0.631
SPRN,0.03469476,0.5,0.631
UBL4A,0.02776954,0.499,0.631
LOC105377492,-0.07147765,0.5,0.631
LOC107984489,-0.08300853,0.499,0.631
VGF,0.3658133,0.515,0.631
TNS2-AS1,0.04987296,0.499,0.631
LOC112268064,-0.07807653,0.499,0.631
BLK,-0.4122621,0.515,0.631
MIR1249,-0.08001996,0.5,0.631
LOC107985403,-0.02861165,0.5,0.631
PIRT,-0.10056129,0.501,0.632
PASK,-0.079945,0.516,0.632
LOC101929609,-0.03962458,0.5,0.632
BSCL2,-0.03706643,0.501,0.632
LOC105369594,0.07009272,0.501,0.632
INPPL1,-0.04574532,0.501,0.632
SORD2P,0.10971007,0.501,0.632
TRDN,-0.20538413,0.5,0.632
ZNF169,0.02452428,0.501,0.632
ZNF487,-0.03512348,0.5,0.632
DLEU7,0.07090452,0.5,0.632
PPP1R32,-0.04255531,0.502,0.633
FRMPD4,-0.3385532,0.517,0.633
RTEL1-TNFRSF6B,-0.04698721,0.501,0.633
MIR7109,-0.05896468,0.501,0.633
ZNF2,-0.03073869,0.501,0.633
LOC107984262,0.06458436,0.502,0.633
ZMAT4,-0.11327821,0.502,0.633
SSPOP,-0.06940295,0.503,0.634
LOC102724687,0.10925754,0.503,0.634
LOC105374382,-0.08235037,0.503,0.634
ANKS3,0.02928909,0.503,0.634
LRRC8B,0.0436548,0.503,0.634
PEG3-AS1,0.06011528,0.503,0.634
PCSK9,0.08405554,0.503,0.634
PRR12,0.06887175,0.502,0.634
GLI4,0.04429011,0.503,0.634
KCNIP1,0.3510481,0.518,0.634
GPRC5D,-0.337972,0.518,0.634
FREM3,-0.07134807,0.502,0.634
CIR1,0.02920806,0.504,0.635
SWSAP1,0.0394386,0.504,0.635
LINC01443,-0.12415996,0.504,0.635
LOC105379477,0.12194588,0.503,0.635
ZSCAN23,-0.0756172,0.504,0.635
AP3S1,0.02672266,0.505,0.636
LOC100287808,-0.07490367,0.505,0.636
LOC105375643,0.14125152,0.505,0.636
B3GAT2,0.02403846,0.504,0.636
BTG1-DT,0.04632905,0.505,0.636
MUSTN1,-0.06321097,0.505,0.636
WDR93,-0.06608758,0.505,0.636
HOOK3,-0.01397466,0.506,0.637
TMEM191C,-0.09272907,0.506,0.637
CMC1,0.02549655,0.506,0.637
LOC101060179,0.04197789,0.506,0.637
ARF4-AS1,-0.05677295,0.506,0.637
SKIC2,-0.075104,0.522,0.637
PPA1,-0.0380635,0.521,0.637
LINC01356,0.10984145,0.506,0.637
ADAM3A,-0.4428211,0.522,0.638
LOC107985734,0.07527504,0.507,0.638
DLX2,-0.1721589,0.523,0.638
GPN2,-0.0553252,0.522,0.638
LOC112267857,-0.04141035,0.507,0.638
RASEF,0.07280948,0.507,0.638
MGC15885,-0.08198363,0.507,0.638
LENG8-AS1,0.0303651,0.508,0.638
FTH1P3,-0.044696,0.507,0.638
GNMT,-0.06251146,0.507,0.638
SETSIP,0.07554686,0.508,0.638
PPM1F-AS1,-0.0461391,0.508,0.638
PYGO2,0.02872064,0.507,0.638
BAALC-AS1,-0.05650486,0.507,0.638
UGT1A10,-0.07683485,0.508,0.638
MIR6875,0.07233776,0.507,0.638
LRRC26,-0.16898657,0.508,0.638
LOC105374306,0.05062024,0.507,0.638
EBPL,0.03047868,0.507,0.638
CNTN4,-0.06832808,0.507,0.638
CCS,0.02167115,0.507,0.638
LOC101928126,-0.09988392,0.508,0.639
CITED4,0.06536736,0.508,0.639
MSANTD1,0.03038695,0.509,0.639
LOC105376964,0.06099927,0.509,0.639
RPL26L1,-0.03141336,0.509,0.639
IL22RA2,0.14544931,0.508,0.639
LOC105378586,-0.07689117,0.509,0.639
CXCL14,-0.0546959,0.523,0.639
LOC105378447,0.04917069,0.509,0.639
ASPDH,0.07671545,0.508,0.639
GOPC,0.02033733,0.509,0.639
TGDS,-0.0462319,0.523,0.639
LOC105370842,0.04926904,0.508,0.639
SSU72,0.02054637,0.51,0.64
IL24,0.3159208,0.524,0.64
RNA28SN4,0.07532625,0.509,0.64
FAM220A,0.0210168,0.509,0.64
BUB1B,-0.103767,0.525,0.64
FGF12,0.1002156,0.51,0.64
GTF2IP12,0.05207575,0.51,0.64
MUC5AC,-0.1421123,0.526,0.641
LOC105372095,0.07684115,0.511,0.641
NUBP2,-0.1102766,0.526,0.641
LHX5,0.1990601,0.526,0.641
SPDYE5,0.03960484,0.511,0.641
LOC105376224,-0.04825419,0.511,0.641
ZNF263,-0.0369408,0.526,0.641
LOC107986940,-0.03966051,0.511,0.641
LOC107985430,0.08831612,0.511,0.641
C19ORF48,0.02985846,0.511,0.641
KCNJ16,-0.3182734,0.527,0.642
RASA4B,-0.07485465,0.512,0.642
SLC6A7,-0.1137199,0.527,0.642
LOC105372493,0.08014177,0.512,0.642
RSPH9,-0.02057236,0.512,0.642
KIR3DX1,-0.3875907,0.527,0.642
OSBPL9,-0.0197715,0.512,0.642
SLC22A6,-0.1506165,0.527,0.642
LOC105377558,-0.09089305,0.512,0.642
DHX37,-0.03547002,0.512,0.642
MUC19,-0.13372152,0.512,0.642
SNORD63,0.05989787,0.512,0.642
LINC02899,0.2217466,0.512,0.642
ODF3,0.06540281,0.512,0.642
RGR,-0.3097687,0.528,0.643
MYPN,-0.17480856,0.513,0.643
OR7E12P,-0.06941786,0.513,0.643
LOC101927366,-0.07737727,0.513,0.643
KRT33A,-0.39435971,0.514,0.643
LOC101927557,0.07296563,0.512,0.643
FAM151A,0.05400023,0.513,0.643
LOC105372486,0.0605364,0.513,0.643
UBQLN3,0.2917392,0.529,0.643
ZFYVE1,-0.01830035,0.514,0.644
LINC01317,0.10082135,0.514,0.644
LINC01621,0.11881374,0.514,0.644
SMG1P5,0.07304973,0.514,0.644
LOC101928487,0.07425685,0.515,0.644
PABPC3,-0.0465362,0.529,0.644
TCF19,-0.02853443,0.514,0.644
KIF25-AS1,-0.2490349,0.529,0.644
ANKRD13D,0.03518996,0.514,0.644
C3ORF80,-0.1218723,0.514,0.644
LOC107985657,0.06556638,0.515,0.645
ZNF846,-0.02606073,0.515,0.645
STXBP5-AS1,0.02543095,0.515,0.645
LOC107987209,-0.02548931,0.515,0.645
NUTM2B-AS1,0.03130641,0.516,0.645
COA8,0.01780463,0.516,0.645
LINC02883,0.04350769,0.515,0.645
CLPS,-0.2304497,0.53,0.645
GATAD2B,-0.03812914,0.515,0.645
LOC105374368,0.05038532,0.516,0.645
NDUFA4L2,-0.06264331,0.515,0.645
IBA57-DT,-0.05634221,0.515,0.645
LOC107986364,0.03055276,0.517,0.646
KRTAP17-1,-0.36830316,0.517,0.646
LOC107986003,0.02405815,0.516,0.646
DDX39B,0.01573243,0.516,0.646
PDK4-AS1,-0.11991502,0.517,0.646
LINC00562,-0.05392993,0.516,0.646
LOC105379343,0.0465979,0.516,0.646
LOC105373950,0.03154614,0.517,0.646
LOC107986524,-0.03611144,0.517,0.647
LOC107984006,-0.1339175,0.517,0.647
HELLS,0.03379911,0.518,0.647
SNORA44,0.03870949,0.518,0.647
LOC105378050,0.04408434,0.518,0.647
FBXL18,0.0923457,0.533,0.647
NLGN1-AS1,0.07811231,0.518,0.647
TRL-CAG2-1,-0.07852604,0.517,0.647
LOC107984999,-0.03454031,0.517,0.647
GFOD3P,-0.0456964,0.532,0.647
ACTG1P17,0.05479615,0.518,0.648
RNASEH2C,-0.0177333,0.518,0.648
TEX13A,0.2803177,0.533,0.648
ELAVL3,-0.2801618,0.533,0.648
MFSD12,0.05895656,0.519,0.649
PTCSC2,0.09222481,0.52,0.649
CFAP58,-0.04980997,0.519,0.649
SEZ6,-0.05151487,0.52,0.65
SEPTIN7P2,0.02099252,0.52,0.65
FRG1BP,-0.07113468,0.52,0.65
MRPL10,-0.01818966,0.521,0.65
CYP2U1-AS1,0.03492046,0.52,0.65
ZNF815P,0.04358632,0.52,0.65
ZNF333,-0.02515729,0.521,0.65
METTL2A,0.01473625,0.52,0.65
LOC107984564,0.06740517,0.521,0.65
DFFA,-0.01439821,0.52,0.65
OR4F3,-0.08724174,0.521,0.65
KDM4E,-0.08566665,0.521,0.65
YWHAQ,-0.02917206,0.522,0.651
CLDN17,0.2477288,0.535,0.651
LOC105373769,0.08790262,0.521,0.651
FLJ39095,0.06377901,0.522,0.651
LOC112267940,-0.04864893,0.521,0.651
TTLL1-AS1,0.04729487,0.522,0.651
ZNF628,-0.06064801,0.523,0.652
TSBP1-AS1,-0.08034823,0.522,0.652
USP17L2,0.11914325,0.522,0.652
HAO1,-0.3157397,0.537,0.652
LOC107987164,0.06829407,0.522,0.652
LOC105374005,-0.08131404,0.523,0.652
VRK3,-0.02381666,0.523,0.652
STX5-DT,0.02962749,0.523,0.652
LNP1,0.04315575,0.524,0.653
LOC105376810,0.04999874,0.524,0.653
OR4F16,-0.0808249,0.523,0.653
LOC105374735,0.11875971,0.524,0.653
CD81-AS1,0.03813627,0.524,0.653
LOC105372135,0.08681326,0.524,0.653
MIR4668,-0.07843272,0.525,0.654
LOC107985897,0.03242653,0.524,0.654
LOC102723403,0.10127888,0.525,0.654
LRRC46,0.04030441,0.525,0.654
LOC105376713,0.04182126,0.525,0.654
RASD1,-0.06840303,0.525,0.654
CSAD,-0.1053414,0.539,0.654
LINC01868,0.1178476,0.525,0.654
TRIM39,0.01770256,0.525,0.654
ATPSCKMT,0.03372556,0.525,0.654
BRMS1L,-0.02384489,0.525,0.654
UCK1,0.02417955,0.526,0.655
SNORD75,0.07108002,0.526,0.655
JAZF1-AS1,0.06387367,0.526,0.655
LINC02290,0.05533978,0.526,0.655
ZNF507,0.01751426,0.526,0.655
PLCB1-IT1,-0.06277164,0.526,0.655
ETFB,0.02634662,0.526,0.655
URB1-AS1,0.04831104,0.526,0.655
SNORD168,0.05919989,0.527,0.655
SCARNA27,-0.08507819,0.528,0.656
SPEGNB,0.08924662,0.528,0.656
LOC102724778,-0.07628067,0.527,0.656
ATE1-AS1,0.06559798,0.527,0.656
SLC36A2,-0.13037083,0.527,0.656
PPARGC1B,0.03715797,0.527,0.656
LOC105377211,0.04782663,0.527,0.656
SYPL2,0.1598421,0.527,0.656
ATP1A3,0.3275819,0.541,0.656
CHST8,-0.2103428,0.542,0.656
LINC01474,0.09396115,0.528,0.656
RNU4-1,-0.07785603,0.527,0.656
EIF2B3,0.01995441,0.528,0.656
MAD2L1,-0.0823025,0.542,0.657
TRNM,-0.0597894,0.529,0.657
LONRF2,-0.05920206,0.529,0.657
MIR1909,-0.07153659,0.528,0.657
C8G,0.3340272,0.542,0.657
DLEC1,0.03507536,0.529,0.657
LOC107984825,-0.04861434,0.528,0.657
MIR5010,0.0423623,0.528,0.657
KCNH2,0.09736823,0.529,0.657
TRAV21,-0.3453651,0.543,0.658
CCDC192,-0.05230837,0.53,0.658
SNORA22B,-0.06671544,0.53,0.658
LOC105375713,0.04810027,0.53,0.658
LAT,-0.0470638,0.53,0.658
ZRANB2-AS1,-0.02544355,0.53,0.658
ABCG8,-0.04882622,0.53,0.658
TPI1P2,0.05586603,0.53,0.658
LOC105374528,0.0977948,0.529,0.658
LOC102724637,0.10288503,0.53,0.658
LOC105370902,-0.03264577,0.53,0.658
LSM11,-0.02294337,0.53,0.658
LINC01705,0.15669569,0.529,0.658
LOC105377460,-0.08950854,0.531,0.659
C4ORF19,-0.04327863,0.53,0.659
CPB2,0.08212273,0.531,0.659
SNORC,-0.04657222,0.53,0.659
KNG1,-0.2720358,0.545,0.659
TONSL-AS1,0.05822619,0.53,0.659
SH3BGR,0.06271808,0.531,0.659
RBM47,0.0782159,0.545,0.659
LOC107984294,0.11389697,0.53,0.659
NBDY,0.02294931,0.532,0.66
OR5K2,0.09414419,0.532,0.66
ZNF7,0.045855,0.546,0.66
LOC105374334,0.04499204,0.532,0.66
POLQ,-0.0779072,0.546,0.66
CDC42,0.0633087,0.546,0.66
CCDC65,0.03807327,0.532,0.66
IGHD,-0.3315298,0.547,0.661
LOC105372994,-0.05896137,0.533,0.661
CNGA3,0.184549,0.547,0.661
ABHD16B,-0.04883787,0.533,0.661
PROCA1,0.04026024,0.533,0.661
ZSWIM3,0.03497386,0.533,0.661
RNF144B,-0.04128403,0.533,0.661
MIR648,0.07166554,0.533,0.661
SENP3,-0.01772296,0.533,0.661
MIR6764,-0.07430199,0.534,0.662
BBC3,-0.0906396,0.548,0.662
OR7E91P,0.09583742,0.534,0.662
MIR4664,0.06568502,0.534,0.662
NIBAN2,0.03539701,0.534,0.662
LOC101929937,-0.0339149,0.534,0.662
LINC01845,0.08080083,0.534,0.662
SLC23A3,0.04932548,0.534,0.662
HNRNPLL,-0.01953593,0.534,0.662
LOC105373715,0.03312942,0.534,0.662
TBCK,-0.02717608,0.535,0.663
NUMBL,0.04928743,0.535,0.663
RPF2,0.03262211,0.535,0.663
LOC105375884,0.05831566,0.535,0.663
SNORA28,0.04420554,0.535,0.663
CEBPE,0.251375,0.549,0.663
ERVK3-1,0.0175053,0.536,0.663
BCRP2,-0.0725727,0.536,0.663
FLJ20712,0.2454614,0.549,0.663
LOC107986087,0.02184334,0.535,0.663
MIR1291,0.04347413,0.537,0.664
TMED2-DT,0.04388329,0.536,0.664
EXOSC1,0.01866932,0.536,0.664
LOC107986993,0.10472797,0.536,0.664
KIF26A,0.07489702,0.537,0.664
ITPKB-IT1,-0.04394,0.537,0.664
RAD21-AS1,0.05088565,0.536,0.664
INKA2-AS1,-0.06179572,0.537,0.664
TSHZ1,0.02849088,0.537,0.664
ATP6V1G2-DDX39B,0.01493404,0.536,0.664
TXNIP,-0.0679449,0.55,0.664
PSG3,-0.3357269,0.55,0.664
SPNS1,-0.03750385,0.538,0.665
LOC107987238,-0.07220653,0.538,0.665
SAA3P,-0.3697754,0.551,0.665
ALDH7A1,-0.0707237,0.551,0.665
LOC101927830,-0.03335336,0.538,0.665
OR7E14P,-0.2633191,0.551,0.665
LRRC23,-0.1682216,0.552,0.665
PPP1R12A-AS2,0.06139557,0.539,0.666
SNORD153,-0.04897096,0.538,0.666
LOC105377762,0.15504015,0.538,0.666
SCARNA21,-0.04144134,0.539,0.666
KRT17P1,0.20346005,0.539,0.666
LOC105371068,0.10358139,0.539,0.666
HOXC4,0.0705508,0.552,0.666
LOC105370811,0.06040194,0.538,0.666
LOC105375333,-0.07018037,0.538,0.666
ND1,-0.08659001,0.54,0.667
PIH1D2,0.02539474,0.539,0.667
CLTCL1,-0.1248526,0.554,0.667
SCN5A,0.2350072,0.553,0.667
ARL5B,0.02291063,0.54,0.667
H2BC13,-0.3775185,0.554,0.667
CCT8L2,-0.3063111,0.555,0.668
CIRSR,-0.0448949,0.555,0.668
LOC105377113,-0.05928507,0.541,0.668
MIR4721,0.02932132,0.541,0.668
LOC644656,-0.06361757,0.54,0.668
SUGP1,-0.0508524,0.554,0.668
LOC107987075,0.07993823,0.541,0.668
GAS2L2,-0.12404037,0.54,0.668
LOC105378925,-0.05321216,0.541,0.669
MIRLET7F1,-0.04856292,0.542,0.669
LOC105372273,0.05352077,0.542,0.669
NARF-AS2,-0.05151026,0.541,0.669
NKX6-1,-0.3717084,0.556,0.669
MRPL36,0.03213483,0.542,0.669
ATP6V1B1-AS1,0.10593772,0.541,0.669
TSKS,-0.11412918,0.542,0.669
MIR4657,0.03235868,0.541,0.669
NEK4,0.0518789,0.556,0.669
ROPN1B,0.08355839,0.542,0.669
SDHC,0.01837667,0.542,0.669
LYPLAL1-AS1,-0.07189446,0.541,0.669
TSBP1,-0.4741645,0.556,0.67
LOC107984695,0.11187647,0.543,0.67
IFNA21,0.2607778,0.558,0.67
CS,0.03439212,0.543,0.67
CPT1B,0.04885501,0.543,0.67
ZC3H15,0.0311206,0.556,0.67
PROC,-0.06557762,0.543,0.67
FNDC8,-0.25466,0.556,0.67
ATP4A,-0.2389224,0.558,0.67
MORC2,0.0515441,0.557,0.67
ALKBH3,0.01924979,0.543,0.67
KRT36,0.1396667,0.542,0.67
LPO,-0.3585345,0.557,0.67
AGAP10P,0.03513041,0.543,0.67
LOC112268267,0.04896906,0.544,0.671
LOC105372618,-0.06971956,0.543,0.671
CNBD2,0.05494336,0.544,0.671
TGFA-IT1,0.06390123,0.544,0.671
TMEM17,-0.04720954,0.544,0.671
TAS2R20,-0.04619915,0.544,0.671
PGBD4,0.0256327,0.543,0.671
E2F6,-0.01740943,0.545,0.671
SAT2,0.02015952,0.543,0.671
DUSP19,-0.04323402,0.545,0.672
OPCML,0.205674,0.56,0.672
ACTG1,0.0444798,0.559,0.672
LOC107986523,-0.09298621,0.545,0.672
KRT6B,-0.1762335,0.561,0.673
ETDA,0.06122128,0.547,0.673
TRS-GCT6-1,-0.12835639,0.547,0.673
RBMY2FP,-0.3861877,0.56,0.673
LOC105375754,0.0680445,0.546,0.673
MPLKIP,0.0168045,0.547,0.673
TRI-AAT2-1,0.06569565,0.546,0.673
LOC105379395,-0.02959697,0.546,0.673
MIR7706,0.05383494,0.546,0.673
SEPTIN9-DT,0.07938002,0.547,0.674
EID2B,-0.04199108,0.547,0.674
PAX7,-0.2696051,0.562,0.674
AARD,0.0970669,0.547,0.674
SNORA17B,-0.03811961,0.548,0.675
IBSP,0.2427182,0.563,0.675
EMC9,-0.02562712,0.548,0.675
LINC02918,0.05438107,0.549,0.675
LOC105373181,-0.0531392,0.549,0.675
TSPEAR-AS1,0.09048988,0.548,0.675
BOLA2-SMG1P6,-0.02280974,0.548,0.675
TRNT,0.07190777,0.548,0.675
IFTAP,-0.03430507,0.548,0.675
ZNF627,0.01756451,0.548,0.675
LOC105375417,0.05151015,0.548,0.675
LINC02507,-0.12906611,0.549,0.676
SMIM22,0.09199683,0.55,0.676
ACBD7,0.07723155,0.55,0.676
LOC107984993,0.02920258,0.55,0.676
LINC01305,-0.08001532,0.549,0.676
HSD17B12,-0.0313554,0.55,0.676
LOC107985692,0.05178197,0.55,0.676
SPDYE2B,0.0662463,0.55,0.676
POU1F1,0.365787,0.564,0.676
CDC42P3,-0.05821385,0.55,0.676
CAPN13,0.14189175,0.549,0.676
LOC105376332,0.0622041,0.55,0.676
ATL3,0.0166168,0.551,0.677
POLR3A,0.01307669,0.551,0.677
TPCN2,0.03423552,0.551,0.677
RNU6-7,0.05604206,0.55,0.677
LINC02646,-0.06591248,0.55,0.677
WDR62,0.0877537,0.565,0.677
UBE2T,0.04526432,0.551,0.677
LOC105376239,0.06466183,0.551,0.677
LINC02193,0.06168285,0.551,0.678
NSD1,-0.00979555,0.552,0.678
MANEAL,0.06526624,0.552,0.678
MBOAT7,-0.03432212,0.552,0.678
LOC107984281,0.06171679,0.551,0.678
CFAP58-DT,0.05757099,0.552,0.678
ZNF578,-0.03646424,0.552,0.678
LINC00958,0.0722409,0.552,0.678
SNORD16,0.05422051,0.552,0.678
LGR6,0.07141759,0.552,0.678
TIMM23B-AGAP6,-0.01509499,0.552,0.678
LOC105369961,-0.04994581,0.552,0.678
FBXL15,0.0681428,0.566,0.678
EIF5AL1,-0.04447261,0.552,0.678
UQCC5,0.02265082,0.552,0.678
LOC105371251,-0.04697015,0.552,0.678
OR1K1,0.0594175,0.552,0.678
LOC105374786,-0.10234819,0.553,0.679
MIR12119,-0.0559006,0.553,0.679
SYT7,-0.08769129,0.553,0.679
NAT2,0.267797,0.567,0.679
TMEM9B,0.01869475,0.553,0.679
LINC01429,-0.12005198,0.554,0.679
OR52D1,0.10747843,0.553,0.679
POC1B,-0.02073374,0.553,0.679
GLB1L3,-0.04274719,0.553,0.679
OR1B1,-0.07121499,0.553,0.679
HSP90AB4P,-0.02916386,0.554,0.68
ACOT4,0.09077781,0.554,0.68
DBNL,-0.01990846,0.554,0.68
USP32P1,0.17749666,0.554,0.68
LOC107984878,-0.10241298,0.554,0.68
LRRC61,0.1509359,0.569,0.68
TEKT2,-0.1553622,0.568,0.68
LOC112268048,-0.03046923,0.554,0.68
HTR2C,-0.342457,0.568,0.68
NUDT4,0.0757877,0.568,0.68
TMEM63C,-0.12750024,0.554,0.68
NDST4,-0.3702011,0.57,0.681
NOSIP,-0.01740594,0.555,0.681
CLEC18A,-0.06043672,0.555,0.681
PCP4L1,0.08917116,0.555,0.681
ZNF208,0.3347424,0.571,0.682
ADGRE3,-0.2813279,0.571,0.682
USP51,0.03210872,0.556,0.682
POU5F1P4,-0.4217776,0.571,0.682
RUVBL1-AS1,-0.05794478,0.556,0.682
LOC107986367,0.09947174,0.556,0.682
ZAN,0.11878062,0.557,0.682
ADAMTSL1,0.07856021,0.556,0.682
LOC105370531,-0.05780734,0.557,0.682
MIR6734,0.06313685,0.557,0.682
H1-4,0.03376819,0.556,0.682
LINC01424,0.0424624,0.556,0.682
MIR3680-1,0.05865793,0.556,0.682
LOC105376993,-0.07590227,0.558,0.683
NDUFV2,0.02658963,0.557,0.683
SNORD23,0.06258437,0.557,0.683
C9ORF85,0.01586703,0.558,0.683
LOC105369487,-0.02758973,0.557,0.683
OR1F1,-0.201088,0.573,0.683
LOC105375637,-0.08952231,0.558,0.683
CSTF1,0.0149689,0.559,0.684
TRIM6-TRIM34,-0.03567092,0.559,0.684
DRAIC,-0.12084543,0.558,0.684
FCHO2,-0.02307947,0.559,0.684
BPI,-0.3481322,0.573,0.684
ATXN7L2,-0.03345676,0.559,0.684
LOC105379010,0.0938972,0.559,0.684
INTS6-AS1,0.03448351,0.56,0.685
PSG6,-0.08989904,0.559,0.685
ORMDL1,-0.03768807,0.559,0.685
LATS1,-0.269107,0.574,0.685
LOC105377478,-0.15338953,0.559,0.685
GLUD1P2,0.07097259,0.56,0.685
SLC13A1,-0.3053899,0.574,0.685
LOC101928796,0.08397657,0.56,0.686
TRY-ATA1-1,0.06426533,0.561,0.686
CTBP1-AS,-0.0328407,0.561,0.686
RNF186,-0.2489057,0.576,0.686
RIPPLY3,0.2335381,0.575,0.686
MIR553,0.05328362,0.561,0.686
LOC105378654,-0.07073198,0.561,0.686
PAX8-AS1,-0.12256635,0.56,0.686
LMX1B,-0.2313916,0.576,0.686
LOC105377139,-0.06615559,0.561,0.686
NPHS1,-0.315397,0.577,0.687
SNORD70B,0.05146743,0.561,0.687
UBE2C,-0.04737222,0.562,0.687
LOC105378858,0.07722262,0.561,0.687
MT1HL1,-0.2658332,0.577,0.687
NR1D2,-0.1186368,0.578,0.687
TMPRSS3,0.2061736,0.577,0.687
KLHL15,0.01828046,0.562,0.687
SLC26A6,0.0755742,0.579,0.688
AK4,0.03180553,0.563,0.688
LOC107983971,-0.04229249,0.563,0.688
TRP-AGG2-6,-0.07432176,0.563,0.688
TEX13B,-0.2387178,0.579,0.688
SMO,0.1583751,0.579,0.688
MIR9-3HG,-0.086824,0.563,0.688
BMS1P2,0.04738644,0.562,0.688
LOC105369140,-0.11505704,0.562,0.688
FARS2-AS1,0.04105468,0.563,0.688
CYB5D2,0.01741117,0.563,0.688
PEDS1-UBE2V1,0.02115969,0.563,0.688
DISP2,-0.08082967,0.563,0.688
LOC107987272,0.03262485,0.564,0.689
LYAR,-0.03536868,0.564,0.689
EIF1B-AS1,0.03759709,0.564,0.689
MIR30C1,0.06228624,0.564,0.689
COG2,0.0357224,0.58,0.689
EIF1AX-AS1,0.05035831,0.564,0.689
LOC102725238,-0.03291364,0.564,0.689
CA10,0.2448082,0.579,0.689
RPS4Y1,-0.7254586,0.581,0.69
PLEKHG6,0.1071236,0.581,0.69
LOC101928849,-0.15911,0.565,0.69
UBE2J2,0.03234172,0.565,0.69
UPRT,0.02020645,0.565,0.69
LOC112267987,0.05650143,0.566,0.691
HOXC5,0.1900199,0.583,0.691
LOC105373560,-0.03415868,0.566,0.691
LOC105379193,0.02505812,0.566,0.691
LOC101929770,-0.06364304,0.565,0.691
DQX1,0.04939343,0.566,0.691
CYP1A1,0.19739901,0.566,0.691
LOC107987363,-0.13554686,0.566,0.691
LOC112268219,0.03478708,0.566,0.691
TUBA3C,-0.4561216,0.582,0.691
KRTAP4-8,0.36460708,0.567,0.692
GPC6-AS1,-0.07782222,0.567,0.692
LOC112268061,-0.08461688,0.567,0.692
ACOT13,0.02119387,0.568,0.692
LOC112268116,0.05638348,0.567,0.692
GPR52,0.03112338,0.567,0.692
CATSPERE,0.02924801,0.567,0.692
ODAM,-0.285571,0.583,0.692
HEATR5A,-0.02216298,0.568,0.692
INSL4,-0.2292713,0.584,0.693
FOLR3,-0.2708308,0.584,0.693
GGA3,-0.050542,0.584,0.693
LOC112268165,-0.03371723,0.568,0.693
DYNC1H1,0.01362293,0.569,0.693
ASPHD2,-0.04917198,0.568,0.693
LOC101927018,-0.03079476,0.569,0.694
ZFPM1-AS1,0.06187959,0.569,0.694
OLFM4,-0.2638892,0.585,0.694
LOC102723630,-0.18235377,0.57,0.694
ATP5MK,0.03605433,0.569,0.694
FYB2,-0.12894528,0.569,0.694
LOC105379271,0.07936119,0.57,0.694
LOC107984302,0.05407921,0.569,0.694
PRL,0.2645858,0.586,0.694
LOC105374129,-0.08090922,0.57,0.695
EVI5L,-0.04215237,0.571,0.695
TAF1L,-0.06000336,0.57,0.695
OR1G1,-0.2356682,0.587,0.695
MNX1,0.1912176,0.587,0.695
DGAT2,0.08101304,0.57,0.695
LOC105376216,-0.04171484,0.572,0.696
LOC105374873,0.05806493,0.572,0.696
UCP1,-0.2900635,0.588,0.696
TRNI,0.06326834,0.571,0.696
MIR1843,0.05386277,0.572,0.696
GRK1,-0.2968338,0.589,0.696
SLC17A2,-0.2361344,0.589,0.696
FBXW10,0.0524687,0.572,0.696
ZNF875,0.01124919,0.571,0.696
TRPM1,0.07750338,0.572,0.696
SLC26A8,0.05275431,0.571,0.696
CRACR2B,0.07829332,0.572,0.696
LY6G6F-LY6G6D,-0.16045694,0.571,0.696
LINC00518,0.09180422,0.572,0.696
ZFYVE27,-0.01334058,0.571,0.696
SNORA110,0.06225647,0.572,0.696
CRH,-0.1757671,0.588,0.696
SELENOS,-0.02818277,0.573,0.697
MALL,0.0378767,0.573,0.697
UBA6-DT,-0.02461481,0.573,0.697
DLGAP4-AS1,0.02854135,0.573,0.697
LOC105379675,0.05504906,0.573,0.697
ZNF805,-0.01372859,0.573,0.697
LOC105369591,0.0861877,0.573,0.697
JADE2,-0.0303457,0.572,0.697
CDK13-DT,0.04261494,0.573,0.697
LOC100506851,-0.0472726,0.573,0.697
LINC01871,0.11809911,0.573,0.697
RASA4,-0.06498443,0.573,0.697
SFRP5,-0.07341162,0.574,0.698
ARIH2OS,0.02688403,0.574,0.698
LY75-CD302,0.02181599,0.574,0.698
ADGRL1-AS1,0.03411738,0.574,0.698
RNASEL,-0.0976955,0.591,0.698
POPDC3,-0.0758146,0.574,0.698
SECISBP2L,-0.0589158,0.592,0.699
ANKIB1,0.01170668,0.575,0.699
LINC03014,-0.0575629,0.575,0.699
FAM72B,0.04017049,0.575,0.699
LMAN1L,0.1847303,0.591,0.699
KCNQ4,-0.2441566,0.591,0.699
DSPP,-0.1689349,0.591,0.699
LOC105373527,-0.06790998,0.575,0.699
NPAS4,-0.08025351,0.576,0.699
ZNF100,0.05051437,0.575,0.699
CACNA1S,0.2371619,0.594,0.7
MAST4,0.0517785,0.593,0.7
LOC107985736,-0.06887565,0.576,0.7
LOC107986556,-0.0323892,0.576,0.7
BORCS7-ASMT,0.03541256,0.576,0.7
SERF1B,0.04021875,0.578,0.701
LOC400627,-0.04745785,0.577,0.701
CCDST,-0.07778296,0.577,0.701
SLC22A18AS,0.03085148,0.578,0.701
LINC00520,0.10403875,0.577,0.701
TRNY,-0.04516458,0.577,0.701
LOC112268313,-0.10630063,0.577,0.701
SAMD14,0.03743525,0.578,0.702
LOC101927418,0.04539699,0.578,0.702
ZNF32-AS1,0.02705023,0.579,0.702
MTERF2,-0.02742214,0.578,0.702
H3C2,0.2261395,0.595,0.702
ELP1,0.0375646,0.595,0.702
GNAT1,-0.2174127,0.596,0.702
SLC5A12,-0.3373443,0.596,0.702
TUBA3D,-0.04028313,0.579,0.702
LYPD6,-0.10093064,0.579,0.702
MIR761,0.04739274,0.58,0.703
TBX10,-0.1431785,0.597,0.703
SLC8A3,0.05073253,0.579,0.703
LOC105376805,0.06872479,0.579,0.703
FRMPD2,0.15023332,0.579,0.703
RER1,-0.0261476,0.597,0.703
CD2BP2-DT,0.04106591,0.579,0.703
LINC01213,0.07862161,0.579,0.703
CDX1,-0.1934869,0.597,0.703
PDYN,-0.2285707,0.597,0.703
ZNRF4,-0.2099921,0.597,0.703
MIR1307,0.08342567,0.581,0.704
ZNF707,0.03635232,0.581,0.704
ZNF852,0.01932378,0.581,0.704
DACH2,-0.0827058,0.58,0.704
UGT2B17,-0.3350381,0.598,0.704
RNF181,-0.01795545,0.581,0.704
ARPC4-TTLL3,0.0226663,0.581,0.704
CCDC144A,0.13155916,0.58,0.704
PIERCE2,0.06440697,0.581,0.704
COX5A,0.0289322,0.581,0.704
CLEC18C,-0.05869166,0.581,0.704
LOC107986820,0.03079415,0.581,0.704
MRPL54,-0.02675637,0.582,0.705
LOC112267891,-0.0274868,0.582,0.705
FOXP4-AS1,0.06518953,0.582,0.705
NKAIN2,0.04384634,0.583,0.706
LOC105378808,-0.06209058,0.582,0.706
LOC105373951,0.05112891,0.582,0.706
SNORD136,0.05817903,0.582,0.706
C2ORF69,0.01814377,0.584,0.707
LOC102724545,-0.03618359,0.584,0.707
LINC00601,-0.07365598,0.584,0.707
CACNA1G,-0.06965989,0.584,0.707
FAM27E3,0.06565144,0.584,0.707
CRYBB3,0.1696224,0.601,0.707
MAP4K3-DT,-0.02780283,0.584,0.707
WFIKKN2,-0.14344578,0.585,0.708
ADSS1,-0.0450031,0.585,0.708
SNORD30,-0.0699496,0.586,0.708
PSMA3,-0.0331677,0.602,0.708
SNORA46,-0.05079045,0.586,0.708
LOC105378214,-0.06978784,0.585,0.708
LOC107983974,0.08793752,0.585,0.708
LOC105369919,-0.04907219,0.586,0.708
SNORD113-2,-0.08097555,0.585,0.708
CCDC82,-0.02742638,0.585,0.708
SRP68,0.01890751,0.587,0.709
SLC75A1,-0.0630066,0.603,0.709
LINC00907,0.05414937,0.586,0.709
ATP1A4,-0.0979238,0.587,0.709
HDAC10,0.03976739,0.586,0.709
TEKTIP1,0.04958544,0.587,0.709
TRIM34,-0.03612471,0.586,0.709
RNA28SN2,0.05290847,0.587,0.709
ZFP57,0.34898083,0.587,0.709
SMYD4,-0.0185059,0.587,0.709
FAM86JP,0.05403976,0.587,0.709
SNORA75,-0.04884724,0.587,0.709
CCAT2,0.05785055,0.587,0.709
TMEM183BP,-0.02098423,0.587,0.709
LIFR,-0.0420658,0.586,0.709
C8ORF33,-0.01342885,0.587,0.709
ACOT2,0.09239564,0.587,0.709
LINC00092,-0.05296539,0.587,0.709
NAPSA,0.04332095,0.587,0.709
LOC105372767,0.06471262,0.588,0.71
SCAND3,-0.06626893,0.588,0.71
LOC105372279,0.02411923,0.588,0.71
LOC105371480,-0.04760748,0.587,0.71
PLEKHA7,0.02192347,0.588,0.71
LOC101929140,0.03996215,0.588,0.71
GPATCH4,0.02982038,0.588,0.71
LOC105379021,0.07001065,0.588,0.71
LOC101928519,-0.07911815,0.588,0.71
LOC112268130,-0.02437388,0.589,0.711
SLCO4A1-AS2,0.0440169,0.589,0.711
TMEM143,0.03284236,0.589,0.711
LYRM2,-0.01912969,0.589,0.711
KLK9,0.07905263,0.589,0.711
LOC105375422,-0.06578386,0.589,0.711
CCDC188BP,-0.08171828,0.589,0.711
ZC3H3,-0.03695814,0.589,0.711
REPIN1-AS1,0.05779532,0.591,0.712
PRR4,-0.14500904,0.591,0.712
TAT,0.1936463,0.607,0.712
EIF1AY,-0.5347727,0.606,0.712
RBM17,0.01619266,0.59,0.712
TARS1-DT,-0.08983571,0.59,0.712
RGP1,0.02009037,0.59,0.712
MIR6755,0.06009448,0.59,0.712
LOC105373480,0.1077579,0.591,0.712
OPTC,0.0766642,0.592,0.713
EP400,0.041313,0.608,0.713
UBR5-DT,0.03378554,0.591,0.713
PDGFA-DT,0.06045013,0.591,0.713
DYNLT5,-0.08017653,0.592,0.714
GPR6,-0.2663887,0.609,0.714
LOC102724865,0.04344867,0.592,0.714
LOC101928462,-0.05906446,0.592,0.714
LOC284600,0.08506265,0.592,0.714
LOC100996583,-0.05150906,0.592,0.714
LOC105376333,0.04401403,0.593,0.715
ECHDC3,0.05068798,0.594,0.715
ZNF32-AS2,-0.02495717,0.594,0.715
GARS1-DT,0.02187073,0.594,0.715
NR0B2,0.2073024,0.61,0.715
RNY4,0.06462807,0.593,0.715
PWAR1,-0.06657989,0.593,0.715
MEA1,0.0147268,0.593,0.715
DNAJC27,0.0169553,0.594,0.716
GRK6P1,-0.04332639,0.594,0.716
LOC107985469,-0.06158032,0.595,0.716
DPH5-DT,-0.03477266,0.594,0.716
MIR1285-1,0.04799186,0.594,0.716
LOC105371750,0.07102368,0.595,0.716
NKX3-2,0.2598736,0.611,0.716
HCG17,-0.04753791,0.594,0.716
TFB2M,-0.0377428,0.612,0.716
TMEM117,-0.02746875,0.595,0.717
KNDC1,0.09195558,0.595,0.717
PRH2,-0.04131387,0.596,0.717
IL26,-0.3208008,0.613,0.717
LINC03016,0.06870856,0.596,0.717
LINC01139,0.07347028,0.596,0.717
LOC102724943,0.09450911,0.596,0.717
KCNA10,0.2301703,0.614,0.718
CDK5R2,0.2594314,0.614,0.718
SNORD62A,-0.05967727,0.597,0.718
DSG2,0.05770765,0.597,0.718
FANCD2,0.02544159,0.598,0.719
CCT6P3,0.03046424,0.597,0.719
LOC107987006,-0.08967284,0.598,0.719
PCNT,0.0425411,0.616,0.719
KIAA2013,0.02077828,0.598,0.719
LOC105372118,0.02720942,0.598,0.719
HOXD1,-0.06445894,0.598,0.719
HCG26,-0.04510693,0.598,0.719
MIR548H1,0.06783683,0.598,0.719
ANKRD33B,0.0353055,0.597,0.719
C2ORF49-DT,0.0223936,0.598,0.719
LOC105372705,0.05300743,0.598,0.719
HTR1A,0.2468181,0.615,0.719
APC2,0.04289604,0.597,0.719
LOC112267910,0.04317796,0.598,0.719
GFM1,-0.01484097,0.599,0.72
ATP6,-0.05026039,0.599,0.72
LOC105373737,-0.05999442,0.599,0.72
TSNAXIP1,0.1987958,0.617,0.72
HDAC9,-0.0715874,0.616,0.72
OXER1,-0.03605308,0.599,0.72
RNA28SN1,0.06832319,0.599,0.72
LOC105377786,-0.11715483,0.599,0.72
LINC01836,-0.04795751,0.598,0.72
KREMEN2,0.1882618,0.617,0.72
CDX4,-0.2079496,0.617,0.72
GPT2,-0.04632831,0.599,0.72
ANKRD65-AS1,-0.06200938,0.599,0.72
TMEM200B,-0.02463892,0.599,0.72
CNTN4-AS2,-0.07993847,0.599,0.72
ENOX2-AS1,0.03828187,0.601,0.721
GOLGA6D,-0.1281242,0.601,0.721
LDHAL6A,-0.02670152,0.6,0.721
TLCD4-RWDD3,-0.08418827,0.6,0.721
HGFAC,0.2832421,0.618,0.721
CHD9,0.0471633,0.619,0.721
LOC100507006,-0.04639848,0.6,0.721
SNORA91,-0.063327,0.601,0.721
H4C13,0.05570255,0.601,0.721
LOC107984242,0.0566421,0.6,0.721
LRWD1,0.02979448,0.6,0.721
LOC101927636,-0.06108023,0.6,0.721
LINC00474,-0.3244287,0.619,0.721
LOC107987147,0.0441832,0.601,0.722
LOC112268318,0.07398781,0.602,0.722
LOC101929583,-0.0866806,0.601,0.722
SPIRE2,0.05880298,0.602,0.722
FBXO4,-0.01617347,0.601,0.722
LOC105378329,0.03352254,0.601,0.722
SOX3,-0.2893308,0.62,0.722
AMPD2,-0.02886876,0.602,0.722
FRMPD3,0.06559893,0.601,0.722
LOC105372480,0.02584413,0.603,0.723
SNORD34,-0.04512299,0.603,0.723
ANKS6,0.02736895,0.602,0.723
RAB2B,0.01383497,0.602,0.723
BTNL3,-0.1976483,0.62,0.723
MAS1,-0.2095798,0.621,0.723
JPX,0.02715395,0.603,0.723
LOC105373703,-0.13843738,0.603,0.723
SNORA5C,-0.03579659,0.602,0.723
TMEM86B,-0.03970548,0.604,0.724
ADHFE1,0.04227627,0.603,0.724
LOC105378480,0.04127105,0.603,0.724
LOC112694756,-0.02546728,0.604,0.724
TBXT,-0.2564639,0.622,0.724
AGK,-0.0319542,0.623,0.724
H2BK1,0.04589166,0.605,0.725
CPT2,0.0493989,0.623,0.725
GCKR,-0.1238322,0.604,0.725
ARHGAP11A-SCG5,0.03443582,0.604,0.725
IGLV4-60,-0.2874466,0.623,0.725
NSUN2,0.01729228,0.604,0.725
TRMT1L,-0.02098516,0.604,0.725
LOC105379282,0.04183663,0.605,0.725
LOC100996437,-0.03552457,0.605,0.725
TYW5,-0.01884314,0.604,0.725
LOC101929908,-0.04325338,0.604,0.725
HYDIN,-0.06794624,0.604,0.725
FOXD2-AS1,-0.06552204,0.605,0.725
ABHD11-AS1,0.05006927,0.607,0.726
NSUN4,-0.01184036,0.606,0.726
LOC105369326,-0.07213583,0.606,0.726
ALG14,-0.01903128,0.606,0.726
SLC38A9,0.02214717,0.606,0.726
DM1-AS,-0.03863912,0.606,0.726
MIR3614,-0.03120288,0.606,0.726
NPPC,-0.2602232,0.625,0.726
LOC102723872,0.05429007,0.606,0.726
DCAF13P3,0.02355295,0.606,0.726
OTOR,-0.2477479,0.625,0.726
ORMDL2,0.0490915,0.625,0.726
LOC102723324,0.06062422,0.607,0.727
LOC100289495,-0.04811306,0.607,0.727
LOC107984104,0.07078575,0.608,0.727
LOC107985584,0.11711232,0.607,0.727
LOC107984591,0.04365015,0.608,0.727
SPATC1,-0.07415156,0.607,0.727
LOC112268077,-0.03568441,0.607,0.727
MIR922,-0.0495653,0.608,0.727
TMC3,0.04471292,0.608,0.727
GRIN1,0.10388782,0.607,0.727
AQR,0.01507091,0.607,0.727
C10ORF90,-0.04937022,0.608,0.728
HOXD12,-0.2905865,0.627,0.728
KRTAP2-4,0.6470546,0.627,0.728
HPGDS,0.0684881,0.627,0.729
LOC107984496,0.07681077,0.61,0.729
C4ORF45,-0.04103206,0.61,0.729
RNA45SN4,0.0597186,0.61,0.729
LOC107987302,-0.06580604,0.609,0.729
ZNF252P,0.02240597,0.61,0.729
CELF5,0.07665,0.61,0.729
DDX18,-0.0225003,0.628,0.729
PGAM4,-0.02103801,0.609,0.729
MIR1915HG,-0.03604655,0.609,0.729
LOC105377161,-0.06016092,0.609,0.729
LOC388572,0.03994828,0.61,0.729
TMEM126A,0.0195708,0.61,0.729
FAM227B,0.02089092,0.609,0.729
KRT33B,-0.5312153,0.629,0.73
NEURL3,-0.09892306,0.611,0.73
MYLK3,-0.3110613,0.629,0.73
ZSCAN25,0.01155874,0.61,0.73
CHCHD10,0.04753365,0.611,0.73
EHMT2-AS1,0.03289695,0.611,0.73
MIR5692C1,-0.07212107,0.612,0.731
VWA5B1,0.1018823,0.612,0.731
LENG1,0.02054092,0.612,0.731
LOC105374534,0.07601081,0.613,0.731
POMC,0.0530161,0.612,0.731
LOC105377148,0.02086453,0.612,0.731
SNORA30,-0.04701848,0.612,0.731
MIR4763,-0.03422218,0.612,0.731
CACNB3,0.02912694,0.612,0.731
LOC112268471,-0.11293288,0.613,0.731
LSM2,0.02024403,0.612,0.731
FAIM2,-0.07649764,0.613,0.731
GNG4,-0.2193956,0.631,0.731
TRIM13,0.0291622,0.631,0.731
LOC107986865,0.11229448,0.612,0.731
SH3BP5L,0.02096306,0.612,0.731
GRWD1,-0.02780708,0.612,0.731
NPIPB11,0.02809808,0.612,0.731
LOC100996756,-0.05506754,0.613,0.731
STEAP3-AS1,0.03302597,0.613,0.732
MARS2,-0.02441548,0.614,0.732
LOC105369389,-0.05199194,0.613,0.732
LDHD,0.09547935,0.614,0.732
CNTN2,0.04253046,0.613,0.732
APMAP,-0.1244068,0.632,0.732
CAMP,-0.1851554,0.632,0.732
CBLN3,-0.05252384,0.613,0.732
C1ORF56,-0.0899223,0.632,0.732
UTY,-0.4078757,0.633,0.733
FBN3,0.09366537,0.614,0.733
KLHL8,-0.01607508,0.614,0.733
MRPL28,0.01902764,0.615,0.733
LOC101929657,-0.04272857,0.615,0.733
CMSS1,-0.02299949,0.615,0.733
LOC107985184,0.07857341,0.615,0.733
MIR6084,0.0521096,0.615,0.733
LOC105372824,-0.04723607,0.615,0.733
LOC107986369,-0.05425974,0.615,0.734
APOBEC4,-0.05456558,0.616,0.734
TRAV13-1,-0.257074,0.635,0.734
C9ORF152,-0.07464032,0.615,0.734
CASC21,-0.06101662,0.616,0.734
PP7080,0.02344941,0.616,0.734
LOC105369199,-0.05461698,0.615,0.734
MIR101-1,-0.05338272,0.615,0.734
RNF185,-0.01345642,0.615,0.734
CRYGC,-0.1891433,0.635,0.734
PLIN5,0.15564336,0.616,0.735
LOC105375384,-0.02028257,0.617,0.735
ZFAND3-DT,-0.07556484,0.617,0.735
DEFB109B,-0.06570365,0.616,0.735
LOC105377359,-0.02498431,0.617,0.735
LOC105370322,-0.02935646,0.617,0.735
ZNF230-DT,-0.04201302,0.617,0.735
GCNT7,0.0179987,0.616,0.735
LOC101928502,0.08252745,0.617,0.735
MRPS18A,0.0352232,0.635,0.735
NHEJ1,0.0201903,0.617,0.735
TMEM202-AS1,-0.05364702,0.618,0.735
SERPINA9,0.08417006,0.617,0.735
MYLK-AS1,0.03789187,0.617,0.735
COPS9,0.02340413,0.617,0.735
KRT85,0.5115926,0.637,0.736
MIR6837,0.045752,0.619,0.736
LOC105375979,0.06781777,0.618,0.736
LOC105371755,0.04262842,0.618,0.736
SEC14L2,-0.03185504,0.618,0.736
METTL23,-0.01421744,0.618,0.736
RNASEH2B-AS1,-0.04931728,0.618,0.736
SLC39A5,-0.04370681,0.618,0.736
LOC107987222,-0.02681826,0.618,0.736
HORMAD1,-0.1948196,0.618,0.736
IL25,-0.2029471,0.637,0.736
PIGA,0.0459285,0.637,0.736
GRIN2D,-0.05729338,0.618,0.736
RNY1,0.03414168,0.619,0.737
LOC102723382,0.068387,0.62,0.737
UGT2B15,0.240491,0.638,0.737
POLR1B,0.02203756,0.62,0.737
LOC107985532,0.06143686,0.62,0.737
PTGER4P2-CDK2AP2P2,-0.06336044,0.619,0.737
NPIPB13,0.03036554,0.62,0.737
SYT15B,0.03589716,0.62,0.737
DLEU7-AS1,0.06637658,0.619,0.737
LOC105375969,-0.05464954,0.619,0.737
CCNJL,0.04611916,0.62,0.737
SALRNA2,-0.05043629,0.62,0.737
STIM1-AS1,-0.04177253,0.62,0.738
KRTAP9-9,0.5819789,0.639,0.738
PFDN1,0.01632708,0.621,0.738
ZNF597,-0.01747287,0.621,0.738
RDH8,-0.2623621,0.639,0.738
LOC105372553,0.02437883,0.621,0.738
ADGRD1,-0.04799067,0.621,0.738
LOC105377889,-0.05434412,0.621,0.738
CBS,0.04853939,0.621,0.738
LOC107984088,0.03812609,0.621,0.738
SNORA2C,0.03399728,0.621,0.738
SNORD18B,0.05322083,0.62,0.738
LOC100129455,0.04706282,0.621,0.738
C17ORF97,0.07583336,0.621,0.738
LOC100505874,-0.15441169,0.622,0.739
LOC105372326,0.10259682,0.622,0.739
NAPG,0.0427684,0.64,0.739
ZNF330,-0.01968606,0.622,0.739
GABRP,-0.1040706,0.64,0.739
HASPIN,0.0417809,0.622,0.739
LOC110091776,-0.12455508,0.622,0.739
MRI1,0.03334516,0.624,0.74
LOC105374128,-0.03426288,0.624,0.74
CHI3L2,-0.11487822,0.623,0.74
IDO2,0.06681203,0.624,0.74
LOC107986513,-0.02581177,0.623,0.74
SNORD15A,-0.03800199,0.623,0.74
NEK10,-0.05168326,0.624,0.74
SEC14L6,0.16671608,0.623,0.74
ARID3B,-0.02403699,0.624,0.74
SMIM15,-0.01559524,0.623,0.74
LOC107985506,-0.0629678,0.625,0.741
MAP10,-0.03028614,0.624,0.741
LOC102724580,0.07842741,0.624,0.741
LINC01767,0.05520693,0.625,0.741
SPINK9,0.04205555,0.625,0.741
LOC107984451,-0.06925752,0.626,0.742
LINC02814,0.09233668,0.626,0.742
NCL,0.02181371,0.626,0.742
NIN,-0.01396234,0.625,0.742
GBA1,-0.02296171,0.626,0.742
KRT34,-0.24820291,0.625,0.742
ZNF518B,0.02474029,0.627,0.743
GUSBP5,0.04965288,0.627,0.743
LINC02606,-0.04767592,0.627,0.743
GALNTL6,0.06133211,0.627,0.743
TMEM212,-0.3360458,0.645,0.743
ACTG1P25,0.04659795,0.627,0.743
GNAS-AS1,0.05002066,0.626,0.743
SNORA79,0.06191956,0.628,0.744
ZNF702P,-0.0453033,0.628,0.744
INSIG1-DT,0.08157865,0.628,0.744
FKBP7,0.03587549,0.628,0.744
SLC22A1,0.2791912,0.646,0.744
CHEK1,-0.0589011,0.646,0.744
MIF4GD-DT,-0.02899825,0.628,0.744
RNA45SN1,0.06523331,0.628,0.744
SNORD88A,0.05853943,0.628,0.744
TIMM23B,-0.013806,0.629,0.745
LIVAR,0.03100129,0.63,0.745
PSORS1C3,-0.08738533,0.63,0.745
NDUFAF4P1,0.02969663,0.629,0.745
LOC105374809,-0.11056755,0.629,0.745
MIR4700,-0.03688507,0.629,0.745
POLK,0.01497165,0.629,0.745
ZNF727,0.06611966,0.629,0.745
SNORD65,0.03898114,0.629,0.745
RBBP4,-0.00772963,0.629,0.745
SPDYE6,0.05327443,0.63,0.745
ULK4P3,0.04541497,0.629,0.745
SNORD5,0.03213602,0.629,0.745
DIAPH1-AS1,0.02761765,0.629,0.745
VWA5B2,-0.05303614,0.629,0.745
LOC107984341,0.04955532,0.63,0.745
DCSTAMP,-0.3111808,0.647,0.745
LOC105370752,0.06803385,0.629,0.745
GABPA,-0.01500322,0.631,0.746
DTD2,0.01555716,0.63,0.746
LOC105376689,0.03730553,0.631,0.746
EPHA2-AS1,-0.03870185,0.63,0.746
EBLN2,0.1220367,0.649,0.746
SCARNA26B,0.04365038,0.631,0.746
ACTR3C,-0.02879667,0.631,0.746
USP17L8,0.06485102,0.631,0.746
MIR3661,0.02156415,0.631,0.746
PKD2L2-DT,-0.03818535,0.631,0.746
LOC100505782,0.08267598,0.631,0.746
MED16,-0.0326868,0.649,0.746
LOC107987243,0.06419995,0.631,0.746
SPDL1,-0.02513698,0.632,0.747
LOC102723444,0.02973633,0.632,0.747
MIR8072,0.03870774,0.632,0.747
SORL1-AS1,0.0506782,0.633,0.748
PDHX,0.02707829,0.633,0.748
LOC107986982,-0.02748482,0.632,0.748
DDTL,0.01762246,0.633,0.748
LOC105375170,0.04357121,0.633,0.748
PTPRR,0.1129945,0.65,0.748
LINC00311,-0.08197271,0.633,0.748
MMP21,-0.03681297,0.634,0.748
LIPJ,-0.03689711,0.633,0.748
SCOC,0.01838732,0.633,0.748
METTL7A,-0.03323677,0.633,0.748
LOC105377357,0.06668297,0.634,0.749
RORA-AS2,0.04276726,0.634,0.749
AWAT1,-0.14540534,0.634,0.749
LOC107984865,0.01563725,0.634,0.749
LHX2-AS1,0.0901728,0.635,0.749
DDIT4L,0.04893359,0.634,0.749
STAG2-AS1,-0.05319312,0.635,0.749
LOC107986525,0.06567809,0.635,0.749
LOC107986368,-0.03745307,0.634,0.749
ZNF616,0.01666163,0.635,0.749
GADD45GIP1,-0.01389481,0.634,0.749
LINC01876,0.11719717,0.634,0.749
LOC107985558,0.16496217,0.635,0.749
LOC339059,-0.04769999,0.634,0.749
KRTAP4-7,0.28820924,0.636,0.75
MORC2-AS1,-0.02665471,0.636,0.75
TRAV36DV7,-0.2054374,0.652,0.75
SNORD38B,0.03991552,0.636,0.75
LETM2,-0.03042505,0.636,0.75
LOC107986025,0.06418859,0.635,0.75
KRTAP11-1,-0.23930826,0.637,0.751
ATP8,-0.03781159,0.637,0.751
OR3A1,-0.2032332,0.654,0.752
C8ORF58,0.02548844,0.637,0.752
LINC00960,0.11329951,0.639,0.752
DSCAM,-0.1827652,0.655,0.752
LOC105370805,-0.12736972,0.638,0.752
ERLNC1,0.05577534,0.638,0.752
STK11IP,0.0244068,0.638,0.752
LINC00623,0.03378659,0.638,0.752
MIF4GD,0.01604981,0.638,0.752
LOC107985163,-0.05915158,0.638,0.752
LOC101929440,-0.05672609,0.638,0.752
TMPO-AS1,-0.02119415,0.638,0.752
LOC105375260,0.0278431,0.64,0.753
ANKRD20A8P,0.06010919,0.64,0.753
EGR4,0.1932662,0.656,0.753
PCBD2,0.01322673,0.639,0.753
MED24,0.02109326,0.64,0.753
LOC105370661,-0.05775519,0.639,0.753
GFRA4,-0.0891866,0.657,0.753
LOC101928105,0.05361971,0.639,0.753
LOC101928855,0.02668602,0.64,0.753
EHHADH-AS1,-0.04628364,0.64,0.754
KRTAP9-3,-0.29793714,0.641,0.754
FYTTD1,0.01566984,0.641,0.754
LOC107984512,0.04584462,0.64,0.754
WHAMMP4,-0.02640738,0.641,0.754
S100P,0.07482871,0.641,0.754
C8B,-0.1666391,0.658,0.754
DAW1,0.11709739,0.641,0.754
LOC105376737,0.11810854,0.64,0.754
ARPIN-AP3S2,-0.01309123,0.64,0.754
CLSTN1,0.0434379,0.658,0.754
OBP2B,-0.09815761,0.64,0.754
STAG3L4,-0.01480718,0.641,0.754
BCL10-AS1,-0.02977231,0.641,0.754
MIR3142HG,0.04942838,0.641,0.754
MAS1L,0.05728834,0.642,0.755
ZCCHC3,-0.02195873,0.642,0.755
RPPH1,0.0196027,0.642,0.755
CCDC163,0.09141418,0.642,0.755
LOC105379355,0.05532626,0.642,0.755
KCNB1,0.06373932,0.643,0.755
SCARNA26A,0.02823729,0.643,0.755
FLJ20021,0.02820385,0.642,0.755
MIR4644,-0.04321747,0.642,0.755
LINC03022,0.04226074,0.642,0.755
LOC101927045,-0.03677876,0.643,0.756
XRCC3,0.01733155,0.643,0.756
LINC00471,0.05273659,0.643,0.756
LOC101928864,-0.04090947,0.643,0.756
LINC02794,-0.05623985,0.645,0.757
LOC105370359,-0.09330621,0.645,0.757
CHD5,0.1622065,0.662,0.757
FIGN,0.03250707,0.645,0.757
ACTA1,-0.10733946,0.644,0.757
IFT88,0.0342761,0.661,0.757
NUDT14,0.03280154,0.644,0.757
RNF138,-0.0292269,0.661,0.757
DHX57,-0.04273,0.662,0.757
LINC00106,-0.05033179,0.645,0.757
MYCN,-0.07452712,0.645,0.757
SNORD12,-0.02979578,0.644,0.757
NFIB,-0.01946222,0.644,0.757
GPR149,-0.09179585,0.644,0.757
LOC105372401,-0.02270925,0.646,0.758
SPATA13-AS1,-0.04115645,0.645,0.758
FTCDNL1,0.02140387,0.646,0.758
LOC107986991,0.03821465,0.646,0.758
OR2A42,0.04480516,0.646,0.758
PRIM2,-0.01685463,0.646,0.758
CACNA1G-AS1,-0.05958545,0.646,0.758
LOC112268224,-0.02716894,0.646,0.758
LOC105371688,0.0732652,0.645,0.758
EXOSC9,0.0160884,0.646,0.758
LOC105374764,-0.05254843,0.647,0.759
SLC26A1,-0.03953732,0.647,0.759
MIR4315-2,0.03184041,0.648,0.759
SNORD45B,0.03239008,0.647,0.759
LOC105376311,-0.07869462,0.647,0.759
DPY19L3-DT,-0.03732488,0.647,0.759
MIEN1,0.01512207,0.648,0.759
CDK6-AS1,-0.04010463,0.649,0.76
KANSL2,0.01320855,0.649,0.76
KRTAP10-4,-0.22413677,0.648,0.76
LOC102724081,0.04242551,0.648,0.76
TMPRSS11A,0.10282732,0.649,0.76
RNU1-4,0.04770891,0.649,0.761
TRIM63,-0.05013081,0.649,0.761
PRKAG2-AS2,0.03444485,0.65,0.761
LINC01612,0.16197659,0.649,0.761
ZNF32,0.0331506,0.666,0.761
PDCD2L,0.02442236,0.649,0.761
NPY6R,0.03680798,0.65,0.761
SH3GL1P2,0.02569853,0.649,0.761
CABP7,-0.02383511,0.649,0.761
FGF5,0.133897,0.667,0.762
FGD5-AS1,-0.01157617,0.651,0.762
PRPF38B,-0.0406736,0.666,0.762
ZP2,0.2587806,0.667,0.762
MAGEB4,0.1802144,0.666,0.762
PIPSL,-0.03444584,0.65,0.762
ADH7,0.07222271,0.651,0.762
PRODH2,0.1464167,0.667,0.762
MED29,-0.0145182,0.651,0.762
LOC105372759,0.07073689,0.651,0.762
CMBL,0.04066062,0.651,0.762
TSPAN13,0.073625,0.667,0.762
FCRL2,0.2569325,0.669,0.763
AFP,-0.1179908,0.668,0.763
SERPINA4,0.171659,0.668,0.763
CNTD1,0.01403508,0.651,0.763
SLED1,-0.0447886,0.652,0.763
LOC107984440,-0.04201907,0.651,0.763
MIR106B,-0.05435456,0.653,0.764
LOC112268012,0.05802023,0.653,0.764
BCL2L15,-0.03093971,0.652,0.764
GRM8,-0.2168265,0.67,0.764
DTD1,0.01478726,0.652,0.764
TMEM216,-0.01969503,0.653,0.764
FLJ43315,-0.09977022,0.653,0.764
CYP4F35P,0.15950905,0.653,0.764
ELFN2,-0.07159828,0.653,0.764
KRTAP3-1,-0.24400179,0.653,0.764
TADA2B,0.01857932,0.653,0.764
CLIP1-AS1,0.02860675,0.652,0.764
LOC112268288,-0.03764707,0.654,0.765
TLE3,0.0228957,0.672,0.765
NKAIN4,0.05893024,0.654,0.765
MIR374C,0.02248357,0.654,0.765
GJA1,0.0272764,0.672,0.765
SNORD4A,0.03308727,0.654,0.765
LOC107985291,-0.03749022,0.655,0.766
FLJ38576,0.05701234,0.656,0.766
FAM239B,-0.11915094,0.655,0.766
TLCD4,-0.12569905,0.655,0.766
LOC100289361,-0.05361719,0.655,0.766
LOC101930496,-0.06362704,0.655,0.766
HRG,-0.1603838,0.672,0.766
FRG1-DT,0.04994909,0.656,0.766
ZNF30,0.02227582,0.656,0.766
MIR631,0.03743614,0.656,0.766
C2ORF74-AS1,0.05402852,0.656,0.767
ARSD,-0.02181903,0.656,0.767
TTC8,-0.0203102,0.657,0.767
MAP3K15,-0.04402661,0.657,0.767
OXCT2P1,-0.10499037,0.657,0.767
LINC00539,-0.04051102,0.656,0.767
CIP2A,0.02141367,0.657,0.767
ERICH6,-0.04144186,0.657,0.767
LOC105371770,-0.03832247,0.656,0.767
MIR3126,-0.05254871,0.656,0.767
VASN,-0.04832699,0.659,0.768
B4GAT1-DT,0.03345686,0.657,0.768
SLC44A5,0.11877672,0.659,0.768
PIK3R6,0.04107077,0.658,0.768
PTOV1-AS1,0.02212837,0.659,0.768
RILP,-0.02706456,0.658,0.768
LOC105369209,-0.07364637,0.658,0.768
HACD2,0.03258435,0.659,0.768
LRRC66,-0.03575708,0.658,0.768
AGAP2-AS1,-0.02526252,0.658,0.768
LINC00632,0.04005213,0.657,0.768
LOC107985524,0.02731992,0.658,0.768
LOC105376286,0.02262127,0.657,0.768
ZNF341-AS1,0.05622047,0.658,0.768
CLMP,-0.06191895,0.658,0.768
LOC107985153,0.05217348,0.658,0.768
LOC107987063,0.02587256,0.66,0.769
GNA15-DT,-0.03127877,0.659,0.769
FKBP15,0.0256004,0.676,0.769
ATRIP-TREX1,0.01207324,0.66,0.769
LOC107985435,0.04341394,0.66,0.769
MPG,0.0334718,0.675,0.769
DENND6A,-0.01161423,0.659,0.769
RALGPS2-AS1,0.03127413,0.661,0.77
RNY5,-0.04718528,0.66,0.77
FAHD2CP,0.02574535,0.66,0.77
ROCR,0.10039654,0.661,0.77
LOC101927157,0.03535184,0.66,0.77
LOC101928009,0.0817393,0.66,0.77
MYBPC1,0.09845425,0.66,0.77
LOC107985930,-0.02927639,0.661,0.77
LOC102724670,-0.05741253,0.66,0.77
TCEAL8,0.01981367,0.661,0.77
MRGPRF,-0.04279144,0.661,0.77
LOC105376204,0.0377844,0.66,0.77
UFD1-AS1,-0.01636914,0.662,0.771
DDX11L10,0.03415239,0.662,0.771
BMS1P20,0.01607237,0.662,0.771
NOTCH1,0.063525,0.678,0.771
ZNF404,-0.03673749,0.662,0.771
USP27X-DT,0.02964737,0.662,0.771
LOC105372348,0.07181318,0.662,0.771
ALG14-AS1,-0.05186353,0.662,0.771
CACNG3,-0.1270027,0.678,0.771
EIF2S3,0.01751825,0.662,0.771
SLC9A9-AS1,-0.03415032,0.662,0.771
TTC26,0.01809274,0.664,0.772
OTOP3,0.10395148,0.664,0.772
KANSL1,0.02605509,0.663,0.772
LOC107984418,0.04269214,0.664,0.772
XIAP,-0.2372506,0.679,0.772
RGS7,0.1870873,0.68,0.773
PXN-AS1,-0.0238137,0.666,0.774
LOC100129534,0.04244839,0.666,0.774
TMEM171,0.04862769,0.666,0.774
LINC00624,0.07688589,0.665,0.774
LOC102723506,-0.04221552,0.666,0.774
LOC105375989,-0.0456862,0.666,0.774
MYBPH,-0.1651526,0.682,0.774
TICAM2-AS1,0.02280628,0.666,0.774
LOC112268022,0.03312156,0.666,0.774
ERV3-1-ZNF117,-0.05363455,0.667,0.775
SLC22A4,-0.0955616,0.682,0.775
LOC105373422,0.03015823,0.667,0.775
LOC105376579,-0.04508652,0.667,0.775
GAST,0.0957386,0.682,0.775
MIR199A1,-0.04702965,0.667,0.775
JPH2,-0.05011126,0.667,0.775
LOC105372494,0.03917654,0.667,0.775
KRT42P,0.08451782,0.667,0.775
LOC101928705,-0.02752425,0.666,0.775
OR3A2,-0.160195,0.682,0.775
SNORD1B,-0.05044153,0.667,0.775
RNU4-2,0.02303735,0.667,0.775
LRRC24,-0.03075543,0.667,0.775
SNX33,0.02402356,0.667,0.775
HYCC1,-0.02940199,0.667,0.775
GK,0.0915692,0.682,0.775
SHCBP1L,-0.2255142,0.682,0.775
LINC02206,0.05822103,0.667,0.775
LINC00032,0.04228999,0.668,0.776
LOC101927839,-0.02282445,0.668,0.776
LOC105370165,0.02338494,0.669,0.776
LOC112268052,-0.02757256,0.668,0.776
HACD4,0.02282077,0.668,0.776
LOC112268066,0.05755259,0.668,0.776
MRGPRF-AS1,0.05322999,0.668,0.776
PPP1R21,0.01403504,0.668,0.776
MLPH,0.04065745,0.669,0.776
SNORD6,0.04065041,0.668,0.776
THOC7-AS1,-0.0287162,0.668,0.776
SYS1-DBNDD2,-0.02141121,0.669,0.776
HHLA2,0.2652512,0.683,0.776
LINC01537,0.04548524,0.669,0.776
LOC107984737,0.04426388,0.67,0.777
IFT122P3,-0.04073663,0.67,0.777
LOC107985957,0.03645839,0.669,0.777
NAPB,-0.01212127,0.669,0.777
PANK2-AS1,0.03273547,0.669,0.777
DNM1P46,-0.03801572,0.67,0.777
DPF1,-0.06450002,0.67,0.777
LOC105377459,-0.04831266,0.669,0.777
RBM14,-0.01660233,0.669,0.777
SLC2A9-AS1,-0.05267414,0.67,0.777
SSX3,-0.1925392,0.685,0.777
TEX2,-0.0264014,0.684,0.777
LOC112268433,0.0528924,0.67,0.777
SIRPB3P,-0.08809371,0.671,0.778
MIR4458HG,0.04196828,0.671,0.778
MIR637,-0.0458358,0.671,0.778
SNORD21,0.03570254,0.671,0.778
TRAF3IP1,0.01294091,0.671,0.778
CRAMP1,-0.02141128,0.671,0.778
PEG3,0.03215092,0.673,0.779
LOC107986426,-0.04799103,0.673,0.779
MRPL53,-0.02319995,0.673,0.779
APPAT,0.03382979,0.672,0.779
MIRLET7A1,0.04534168,0.672,0.779
POMGNT2,0.01859171,0.672,0.779
CDHR4,0.04603203,0.672,0.779
ARL8A,0.01471004,0.672,0.779
LOC105373027,0.05021965,0.673,0.779
PUS10,-0.01944234,0.672,0.779
B4GALNT2,-0.09397114,0.673,0.779
FN3K,0.04158316,0.672,0.779
B3GLCT,0.0233401,0.672,0.779
PTPRQ,0.09015734,0.672,0.779
PGK2,-0.1241199,0.687,0.779
LOC105378973,0.02268764,0.674,0.78
MIR623,0.02968045,0.674,0.78
SPRNP1,-0.04755326,0.673,0.78
CELA3B,-0.1811747,0.688,0.78
MIR3679,0.04571772,0.673,0.78
GTF2IP7,0.0604441,0.674,0.78
LOC112268045,-0.06978246,0.674,0.78
LOC100506235,0.04199063,0.673,0.78
LOC105377290,-0.04964135,0.674,0.78
ATG4C,-0.02205587,0.674,0.78
LOC112268474,0.0258597,0.675,0.78
SF3B3,0.0261598,0.689,0.78
LOC102723517,-0.08849029,0.674,0.78
EMD,-0.0260082,0.689,0.78
UBE2NL,-0.1252366,0.689,0.78
LOC105370198,0.03531693,0.673,0.78
MPP4,0.04132289,0.674,0.78
SLC37A1,0.051344,0.689,0.78
ST8SIA5,-0.1945416,0.688,0.78
LOC105377645,0.05099575,0.673,0.78
SNORA74A,0.03257487,0.675,0.781
RASL12,-0.0587289,0.69,0.781
ZNF268,0.01396325,0.675,0.781
RRP36,-0.01450933,0.675,0.781
CENPN-AS1,0.02680476,0.675,0.781
LOC101927583,0.05678402,0.676,0.781
ZFAND2A,0.02074058,0.675,0.781
TMEM170A,-0.01194904,0.676,0.781
FKBP14-AS1,-0.02856402,0.676,0.781
SNORD116-4,-0.05141441,0.675,0.781
PABPC1,-0.02197314,0.676,0.781
LOC105374009,0.02809589,0.675,0.781
C9ORF50,0.04936249,0.675,0.781
LOC105374924,0.07173853,0.676,0.781
LOC107984531,0.06085023,0.675,0.781
C2ORF74,-0.04048454,0.675,0.781
LINC02607,0.07189378,0.675,0.781
LOC105376037,0.02015856,0.676,0.781
LOC105378647,0.02852604,0.675,0.781
CELF6,0.02648992,0.676,0.782
ARL17A,0.03782507,0.676,0.782
LOC100134868,-0.03601881,0.676,0.782
FAM98B,0.01553008,0.678,0.783
AMIGO3,-0.02875075,0.678,0.783
LOC105370680,0.05773089,0.677,0.783
MIR944,0.03781886,0.678,0.783
PEX11G,-0.02355634,0.679,0.783
LOC104054148,0.05021964,0.678,0.783
PHC3,0.00985219,0.678,0.783
LOC112268289,0.02875864,0.678,0.783
ZNRF1,-0.018704,0.678,0.783
DSC2,0.064649,0.694,0.784
PAM16,0.02304818,0.679,0.784
SNX29P2,0.02893989,0.68,0.784
PCCA-DT,0.03463456,0.68,0.784
LOC105376238,0.05356051,0.679,0.784
LINGO1,-0.05054877,0.679,0.784
LINC02482,-0.05524912,0.679,0.784
LOC107985525,-0.029611,0.679,0.784
MIR4319,-0.04904031,0.679,0.784
ZC3H12C,-0.02025349,0.681,0.785
CPSF4L,0.02697353,0.681,0.785
AADACL3,0.17385307,0.68,0.785
LOC101928861,0.02680585,0.68,0.785
LOC107986722,-0.0818222,0.68,0.785
LOC105373902,-0.0273165,0.681,0.785
HSPA2-AS1,0.02318551,0.681,0.785
SLC44A3,-0.02990631,0.682,0.786
LOC107984388,0.02794453,0.682,0.786
CFAP418,-0.02352048,0.681,0.786
ZNF451-AS1,-0.02576671,0.681,0.786
TPSB2,0.05004163,0.681,0.786
CFAP126,0.01893133,0.682,0.786
LOC107984736,-0.03130692,0.682,0.786
MIR548BC,0.05333177,0.681,0.786
LOC112268269,0.02567078,0.682,0.786
RUSC1-AS1,-0.05189099,0.682,0.786
JMY,0.01706081,0.681,0.786
DLG1-AS1,0.03587548,0.683,0.787
LINC02433,0.10095556,0.683,0.787
SRGAP3-AS3,0.03141788,0.683,0.787
LOC105379243,0.02625943,0.682,0.787
DIMT1,-0.01433156,0.683,0.787
MIR636,-0.02846214,0.683,0.787
LOC102724530,-0.03490862,0.684,0.787
SNORA63B,0.02481864,0.684,0.788
ZNF37A,0.01145267,0.684,0.788
SNORD144,0.03454557,0.684,0.788
MIR3618,-0.03500643,0.685,0.788
MIR10392,0.05316124,0.684,0.788
ZCCHC2,-0.02646222,0.684,0.788
HCG18,-0.01560558,0.684,0.788
LOC107985497,-0.0322747,0.686,0.789
LOC392196,0.09616059,0.685,0.789
EYA2,0.0650412,0.699,0.789
LOC101927272,0.03838659,0.685,0.789
LOC101927369,0.09968374,0.685,0.789
COX6B2,-0.04671492,0.686,0.789
RNU5B-1,0.02752502,0.685,0.789
LOC105369161,0.02206232,0.686,0.789
LOC105377509,0.09624424,0.687,0.79
LOC729218,0.02749286,0.687,0.79
RIOK1,0.01691819,0.686,0.79
LOC112267917,0.03426209,0.687,0.79
PFN4,0.01892514,0.687,0.79
VDAC1,-0.0170569,0.687,0.79
RNF182,-0.05480216,0.687,0.79
TMPPE,-0.0148594,0.686,0.79
PMS1,-0.01503448,0.687,0.79
LOC105378667,0.05562966,0.686,0.79
SNORA1,-0.03174387,0.686,0.79
KRTAP1-1,-0.24126556,0.689,0.791
PROSER3,-0.03064661,0.688,0.791
LOC105370163,0.04091403,0.687,0.791
MIR12122,-0.04154019,0.688,0.791
TET2-AS1,0.0218894,0.687,0.791
TRAJ28,0.2047843,0.702,0.791
HDGFL2,0.01939274,0.688,0.791
B3GNT4,0.01119269,0.688,0.791
ATP8B1,0.01072375,0.688,0.791
DGKG,-0.04205141,0.688,0.791
TPTE2,0.04991417,0.688,0.791
URAHP,0.01868566,0.688,0.791
CPHXL,0.04255613,0.689,0.791
RNASEH1-DT,0.02813472,0.688,0.791
LOC107985010,0.02916099,0.688,0.791
MIR4782,0.0529834,0.689,0.791
TRIM16,-0.02437574,0.69,0.792
SNORD35B,-0.02637902,0.69,0.792
TAAR3P,-0.2355698,0.702,0.792
TMEM250,0.02778922,0.689,0.792
MEF2B,-0.03323601,0.69,0.793
HES4,-0.03512858,0.69,0.793
LOC102724428,0.03866014,0.69,0.793
NME6,0.01246276,0.691,0.793
RN7SL832P,-0.04185952,0.691,0.793
ZNF710-AS1,0.02195211,0.691,0.793
LOC105375761,-0.10960946,0.691,0.793
NCAPG,-0.02726679,0.692,0.794
HOXA11-AS,0.04576941,0.692,0.794
STYK1,0.0695717,0.705,0.794
MIR4269,-0.0360482,0.692,0.794
LOC105374557,-0.0893367,0.692,0.794
LOC100131496,-0.02672107,0.692,0.794
ACTR3-AS1,0.0315869,0.693,0.795
RNU4ATAC,-0.03931529,0.693,0.795
LINC03034,0.03981877,0.693,0.795
C16ORF87,0.01533579,0.693,0.795
LOC100294145,0.01939254,0.693,0.795
LOC107985322,-0.03738956,0.693,0.795
UCA1,0.05085897,0.693,0.795
FRG1JP,-0.05221447,0.695,0.796
LINC00662,0.01542926,0.694,0.796
PTAR1,-0.01396832,0.694,0.796
LOC101929160,0.0203886,0.694,0.796
CDRT15,0.0473952,0.694,0.796
OR2J2,-0.2069165,0.708,0.796
VRTN,0.1893166,0.708,0.796
LINC00638,0.05281178,0.695,0.796
C22ORF15,0.03213529,0.695,0.796
SNHG9,0.03544306,0.695,0.796
TRERF1,0.01782741,0.694,0.796
LOC102723724,0.05816944,0.695,0.796
DOCK4-AS1,0.02611168,0.695,0.796
RPL23AP82,-0.01674473,0.694,0.796
LOC101927089,-0.06225622,0.695,0.796
LINC02140,0.05192525,0.694,0.796
LOC112268153,-0.07676724,0.696,0.797
MTX3,-0.01320813,0.695,0.797
KRTAP2-3,0.24216361,0.697,0.797
IER3-AS1,0.04188278,0.695,0.797
LOC112268145,0.03844814,0.696,0.797
ZNF407,0.01100765,0.696,0.797
LINC01635,-0.04555113,0.695,0.797
UQCRHL,0.02710746,0.695,0.797
MICALL2-DT,0.05111807,0.695,0.797
SARNP,-0.01210081,0.697,0.797
POM121C,-0.0242216,0.695,0.797
CORT,-0.04301232,0.697,0.797
SHROOM3,0.03631187,0.696,0.797
LOC101927023,-0.02911874,0.697,0.797
TEX12,0.03309476,0.696,0.797
USP30-AS1,0.02928176,0.696,0.797
NDUFA11,0.01169328,0.696,0.797
TDG,0.01364975,0.696,0.797
LOC107986421,0.03784782,0.696,0.797
IL17A,-0.1978792,0.709,0.797
LOC105370790,0.04034052,0.696,0.797
ANXA1,-0.02290091,0.696,0.797
PRPSAP1,-0.01642186,0.697,0.798
LOC105372762,0.06500602,0.697,0.798
NAA38,-0.01237049,0.697,0.798
LOC105377622,-0.04997812,0.697,0.798
SNORA4,0.02611259,0.698,0.798
SLC25A52,-0.03667776,0.698,0.798
RIPK2,0.0164487,0.697,0.798
GRID2,-0.06419122,0.698,0.798
LOC101928961,-0.04825642,0.698,0.798
LOC105374181,0.04866047,0.697,0.798
LOC105378560,-0.01737705,0.697,0.798
SST,0.2349213,0.71,0.798
TEX22,0.02952517,0.698,0.799
ADGRV1,0.05407737,0.699,0.799
KRTAP3-2,-0.18073774,0.699,0.799
LOC105372300,-0.03972926,0.699,0.799
RERE-AS1,0.02067982,0.699,0.799
LOC107985044,0.03905646,0.699,0.799
DDX52,-0.048446,0.711,0.799
MORC1,-0.2165596,0.711,0.799
POLR1H,0.01378267,0.699,0.799
LOC107984890,0.04952601,0.699,0.799
TOMM40,-0.02426346,0.699,0.799
IFNB1,0.1724399,0.711,0.799
IFNG,0.1515337,0.711,0.799
LOC107986512,-0.02580103,0.7,0.8
POU6F2,0.1976746,0.712,0.8
SMPDL3B,0.2219682,0.712,0.8
SCOC-AS1,-0.03982977,0.7,0.8
FAM83A-AS1,-0.06845631,0.699,0.8
VSTM4,-0.02422101,0.7,0.8
ITIH4-AS1,-0.03355973,0.702,0.801
TFCP2L1,-0.0606246,0.713,0.801
CHD9NB,-0.03994782,0.701,0.801
FAM220CP,-0.05594657,0.701,0.801
NCK2,-0.0267507,0.714,0.801
KCNH4,-0.16,0.713,0.801
NXF3,-0.3050965,0.714,0.801
ISM1-AS1,-0.03011241,0.701,0.801
MORC4,-0.0245263,0.716,0.802
EEFSEC,-0.01533099,0.703,0.802
L3MBTL2-AS1,-0.01471564,0.703,0.802
FAM157C,-0.04688396,0.702,0.802
LOC105377077,0.03057294,0.703,0.803
MIR6801,0.04216715,0.704,0.803
SAMD12,-0.03120877,0.703,0.803
LOC105378340,0.05240743,0.704,0.803
CHCHD5,-0.02134663,0.704,0.803
MTOR-AS1,0.02012634,0.704,0.803
ZNF354B,-0.0122965,0.703,0.803
KRTAP4-9,0.24501844,0.705,0.804
TWIST2,-0.03065671,0.705,0.804
DNAAF2,0.0492613,0.718,0.804
LOC728158,-0.04510973,0.705,0.804
ZNF630-AS1,0.03603564,0.705,0.804
LOC101927098,0.03423631,0.705,0.804
LOC107987074,0.04863555,0.705,0.804
HSD11B1L,0.02206738,0.705,0.804
ZNF738,-0.01652409,0.705,0.804
MIR3176,-0.07056291,0.705,0.804
LOC101929633,0.03771744,0.705,0.804
SERPINB10,0.06979599,0.705,0.804
LOC102724892,0.04027122,0.704,0.804
INCA1,0.02357342,0.704,0.804
PAFAH1B2P2,0.12045415,0.705,0.804
SYS1,-0.01110025,0.706,0.804
APOO,-0.0362498,0.719,0.805
SPACA5,0.04578614,0.706,0.805
LOC107985523,-0.02432249,0.706,0.805
IGFL2-AS1,0.04139421,0.707,0.805
ZBED10P,-0.02611115,0.707,0.805
EIF4EBP3,-0.0146142,0.707,0.805
GBX2,0.1076323,0.718,0.805
MAG,-0.1247321,0.72,0.805
MRPL47,-0.01380024,0.706,0.805
TRC-GCA20-1,0.02978615,0.706,0.805
DUSP13B,0.0611543,0.718,0.805
HNRNPUL2-BSCL2,-0.01353861,0.706,0.805
USP17L7,0.08450661,0.707,0.805
LOC101929314,0.01699119,0.707,0.805
SUV39H2,0.01479355,0.706,0.805
LELP1,0.07892147,0.707,0.805
NPY2R,-0.1531536,0.719,0.805
KCNK6,0.0217488,0.707,0.805
LOC112267867,-0.04625339,0.709,0.806
ABRACL,-0.03007833,0.708,0.806
LOC105371629,-0.0208824,0.709,0.806
LOC101927393,0.01699824,0.709,0.806
LOC112267955,-0.03938276,0.708,0.806
RHPN1-AS1,-0.1277557,0.72,0.806
ZNF221,0.02271345,0.709,0.806
SLC9A3R1-AS1,0.03638637,0.708,0.806
ERICH5,-0.05494833,0.708,0.806
LOC105379358,0.04544006,0.708,0.806
TMEM201,-0.02828501,0.709,0.806
COL25A1-DT,0.04885046,0.708,0.806
MYRIP,-0.02452595,0.709,0.806
PPM1K,0.04096204,0.708,0.806
TRAPPC2B,0.02074134,0.71,0.807
ACAA1,-0.02681846,0.709,0.807
CABLES2,0.02313829,0.709,0.807
HPDL,-0.0280727,0.71,0.807
TRIM35,-0.02853662,0.71,0.807
HIBCH,0.02286135,0.709,0.807
LOC105378719,0.03778907,0.709,0.807
OVOS2,-0.05728782,0.71,0.807
PSMA4,-0.0234808,0.722,0.807
GNA11,0.03228789,0.71,0.807
LYSMD1,-0.01350705,0.71,0.807
SYNE4,0.03671472,0.711,0.808
ZNF441,0.01683093,0.711,0.808
EMBP1,0.02567852,0.71,0.808
FREY1,0.04334095,0.711,0.808
LOC107985522,-0.03575953,0.711,0.808
SSX1,-0.2456485,0.723,0.808
LOC102724072,-0.04888777,0.711,0.808
LOC105378842,-0.08365042,0.71,0.808
ONECUT2,0.1599524,0.723,0.808
LOC105372782,0.06540436,0.711,0.808
SNORD103A,-0.02880408,0.712,0.809
LOC105375846,0.05457436,0.712,0.809
LOC105372704,0.02364477,0.713,0.809
WNK4,-0.03036465,0.712,0.809
LOC649352,0.0903485,0.712,0.809
CCDC158,-0.0426318,0.712,0.809
MEGF10,-0.04842839,0.713,0.809
SMAD1-AS2,-0.02032258,0.712,0.809
LOC105377230,-0.38184845,0.712,0.809
TRNW,-0.03892076,0.712,0.809
QRSL1,0.01355956,0.713,0.809
LOC105371475,0.02522916,0.713,0.809
GHRLOS,0.0198976,0.714,0.81
LOC105374968,0.02168247,0.714,0.81
LOC102723759,0.03777414,0.713,0.81
MIR32,0.04273859,0.714,0.81
LOC105375040,-0.03932556,0.714,0.81
ZC3H12B,-0.01631401,0.714,0.81
CARNMT1,0.01466125,0.714,0.81
LOC100131943,-0.04218609,0.716,0.811
TMEM161A,-0.01290239,0.715,0.811
IQSEC2,0.0946346,0.726,0.811
TMEM240,0.04286714,0.716,0.811
LINC00216,-0.01853329,0.715,0.811
LOC105377498,0.02139465,0.716,0.811
TSACC,-0.0371753,0.715,0.811
IRF2BPL,-0.03010566,0.715,0.811
ZNF829,0.01124524,0.716,0.811
LOC107984849,0.03191507,0.716,0.811
LYSMD3,0.01259574,0.715,0.811
HNF1A,-0.02937477,0.714,0.811
CACNA2D1-AS1,-0.02911642,0.715,0.811
TRPM8,0.0781271,0.727,0.811
LOC105373952,-0.03902863,0.715,0.811
LOC107985361,0.02666981,0.715,0.811
LOC101927345,0.05535238,0.716,0.812
LINC01909,0.02365337,0.716,0.812
DYNC1I2,0.01235451,0.717,0.812
LOC105377890,-0.02863589,0.716,0.812
TFPI2,-0.0837621,0.727,0.812
ZNF620,-0.01436051,0.716,0.812
VPS33A,-0.0435443,0.728,0.812
GPA33,0.1589743,0.729,0.813
IGHV1-2,0.179305,0.728,0.813
LOC105369774,0.04491686,0.717,0.813
SPO11,0.197597,0.729,0.813
MIR374B,0.01812195,0.717,0.813
PRG3,0.1591031,0.729,0.813
MGAT5B,-0.0517271,0.717,0.813
LOC100505728,-0.02946389,0.717,0.813
LRRC8A,0.01894262,0.719,0.814
LOC105369460,0.03993707,0.719,0.814
ACSS1,0.01578291,0.718,0.814
SEC22B4P,0.03561223,0.718,0.814
LOC107987073,0.03838335,0.719,0.814
ATP1B4,0.201226,0.73,0.814
GNAT3,0.1800916,0.731,0.814
TMEM262,0.02494394,0.719,0.814
GXYLT1P3,0.05425329,0.718,0.814
NKIRAS1,0.01011671,0.72,0.815
ROMO1,-0.01667601,0.721,0.815
MIR555,0.01886013,0.72,0.815
LOC107986428,-0.0225562,0.72,0.815
YDJC,-0.01852335,0.72,0.815
RNF5P1,-0.05109141,0.72,0.815
LOC105376598,0.05581938,0.721,0.816
LOC107987343,0.20278501,0.721,0.816
OR2B2,0.1977689,0.734,0.816
LOC105373511,0.01272462,0.721,0.816
APOBEC1,-0.1469894,0.733,0.816
LOC105373451,0.05625407,0.721,0.816
PPP1R1B,-0.06221727,0.722,0.816
FHDC1,-0.02649317,0.721,0.816
LOC107985708,0.04654178,0.722,0.816
MIR4768,-0.04658927,0.722,0.816
SUGT1P1,0.02762086,0.722,0.817
TMEM62,0.0279189,0.734,0.817
MIR1292,-0.03116505,0.723,0.817
F11,-0.1187909,0.735,0.817
GABRG2,0.1615545,0.734,0.817
POLR3K,-0.01819275,0.723,0.817
ATE1,0.00913999,0.723,0.817
TRX-CAT1-1,0.0692335,0.723,0.817
LOC100652768,-0.02096236,0.723,0.817
MIR4802,0.04866792,0.724,0.818
NRM,-0.01827587,0.724,0.818
KRT39,0.08772092,0.724,0.818
SNORA113,0.04682454,0.723,0.818
LOC105374301,-0.03540837,0.724,0.818
LOC105379383,0.04989688,0.724,0.818
LYZL6,-0.1423683,0.736,0.818
ADGRF1,0.1266333,0.736,0.818
LOC105370052,0.0359668,0.724,0.818
STRIP2,0.03182587,0.726,0.819
NPAS2-AS1,0.04253174,0.726,0.819
LOC105370105,0.0578092,0.725,0.819
LOC105376213,0.04208348,0.726,0.819
CCR6,-0.0616094,0.737,0.819
MIR12114,0.0376855,0.725,0.819
PUS1,0.043785,0.737,0.819
LOC105374164,0.0344031,0.726,0.82
UFSP1,0.02737977,0.726,0.82
ABHD12,0.01241773,0.726,0.82
TMCC2-AS1,0.03439661,0.726,0.82
CXXC5-AS1,-0.04037645,0.726,0.82
LOC107986514,-0.02541552,0.726,0.82
MIR324,0.03085823,0.727,0.82
CYCSP52,0.02822274,0.727,0.82
ZNF730,-0.07828056,0.726,0.82
BTBD7,-0.00664449,0.727,0.82
WDR5B,-0.0352491,0.74,0.82
SNORA14B,0.02960097,0.726,0.82
RABL6,0.02204695,0.727,0.82
RAB24,0.01334308,0.728,0.821
FAM86HP,0.02298945,0.728,0.821
LOC105377756,0.04008925,0.728,0.821
SPRYD3,0.01235048,0.728,0.821
LOC112268106,-0.04459587,0.727,0.821
OTOAP1,-0.03661415,0.728,0.821
LINC01558,-0.04573962,0.727,0.821
ANKRD63,0.04804378,0.728,0.821
LOC100132077,-0.05702384,0.729,0.822
DCX,-0.08290936,0.729,0.822
KLHL29,-0.02020968,0.729,0.822
ELOC,-0.0277387,0.741,0.822
KCNK13,0.1630253,0.741,0.822
LOC105378890,0.03826102,0.729,0.822
BPESC1,0.1890755,0.741,0.822
FAM120AOS,0.00694683,0.729,0.822
USP50,-0.01784295,0.729,0.822
RPP38-DT,0.04082046,0.729,0.822
LOC105378797,-0.0476562,0.73,0.823
TCOF1,0.0341262,0.742,0.823
MIR621,0.03361867,0.731,0.823
ZNF582-DT,-0.02668946,0.73,0.823
ATAD3B,0.02382523,0.73,0.823
LOC107987080,0.02718492,0.73,0.823
NMRK2,0.1489616,0.742,0.823
ZNF883,0.03144627,0.731,0.824
LOC107987158,0.0329599,0.731,0.824
LOC105372669,-0.0260211,0.732,0.824
LINC02204,0.04523077,0.731,0.824
HILPDA-AS1,-0.04582512,0.732,0.824
SOX2-OT,-0.03869598,0.732,0.824
LOC100130548,-0.02614051,0.732,0.824
CHIA,0.1335139,0.744,0.824
LOC101927817,-0.01500759,0.732,0.824
CALML3,-0.0776782,0.744,0.824
SNORA11,0.03502439,0.732,0.824
TDP1,-0.0126667,0.732,0.824
LOC105374209,-0.01885132,0.732,0.824
UBXN11,0.0159816,0.731,0.824
WDR97,0.03300877,0.732,0.824
SORD,0.05139625,0.731,0.824
IGF2BP2-AS1,-0.03488243,0.731,0.824
CTU1,-0.02877918,0.731,0.824
C19ORF44,0.01908067,0.733,0.825
TMEM217,-0.01902143,0.734,0.825
LOC101928193,-0.05258957,0.733,0.825
LOC107986121,0.02569807,0.733,0.825
TSIX,0.16322624,0.733,0.825
KRT19P2,-0.1377075,0.745,0.825
GPHA2,0.03808676,0.732,0.825
CDK5R1,0.0332847,0.745,0.825
USP6NL-AS1,0.02860304,0.734,0.826
ERICH1,0.02095881,0.734,0.826
GCK,0.1348118,0.746,0.826
LHFPL7,0.06463836,0.735,0.826
CTNNA1-AS1,-0.03950295,0.734,0.826
HECW2,-0.0222855,0.734,0.826
CEP295,-0.01111891,0.735,0.826
MRPS21,0.01149747,0.735,0.826
LOC105374897,0.01461354,0.734,0.826
WNK3,0.02422901,0.735,0.826
DPP4-DT,0.0496237,0.735,0.826
SNORA16A,0.02449921,0.736,0.827
PSPC1,-0.0318746,0.748,0.827
LOC102723543,0.02330189,0.735,0.827
SLC67A1,0.0366957,0.748,0.827
NAPRT,0.02633039,0.736,0.827
MYBBP1A,0.02284627,0.736,0.827
LOC91450,0.02632265,0.736,0.827
ITFG1-AS1,-0.01494739,0.735,0.827
ZNF808,0.01095902,0.736,0.827
DENND6B,-0.02383293,0.736,0.827
CYLC1,-0.1185589,0.748,0.827
IGLV3-19,-0.1856823,0.748,0.827
SCFD2,0.01264408,0.737,0.828
NPC1L1,-0.1399099,0.749,0.828
LOC107985354,0.03065491,0.737,0.828
CH507-145C22.1,0.04175629,0.737,0.828
CAMTA1-DT,-0.04629085,0.737,0.828
RNU1-2,0.03040132,0.737,0.828
LOC101930149,0.02507606,0.737,0.828
PPIAL4C,-0.03425633,0.737,0.828
LINC02928,0.03497702,0.737,0.828
LOC107985388,0.0147298,0.737,0.828
LOC101929550,-0.1502777,0.749,0.828
LOC107986493,0.02870381,0.739,0.829
SKA3,-0.04367571,0.739,0.829
ZNF295-AS1,0.03253387,0.738,0.829
SH2D7,0.052111,0.739,0.829
LOC101927227,-0.03256865,0.739,0.829
LOC105373167,-0.0396227,0.739,0.829
SHLD3,0.0165415,0.739,0.829
PNMA3,0.1149312,0.752,0.829
IGLV6-57,0.2145556,0.752,0.829
MIR5739,-0.03969347,0.739,0.829
LOC100996660,-0.02942185,0.739,0.829
CEACAM3,-0.0901664,0.751,0.829
DALRD3,-0.025564,0.751,0.829
DDX3Y,-0.4048594,0.751,0.829
NTF3,-0.0442371,0.751,0.829
ASDURF,0.01448535,0.738,0.829
MMAA,-0.01306534,0.738,0.829
LOC105372321,-0.05067687,0.738,0.829
LOC105370677,0.01880299,0.738,0.829
ZNF740,0.00716,0.739,0.83
LOC105371354,0.01642408,0.74,0.83
KRTAP4-11,0.2222686,0.74,0.83
SPACA1,0.1685683,0.753,0.83
LINC02786,-0.03487244,0.74,0.83
SYAP1,0.01457333,0.74,0.83
CCNG1,-0.0214084,0.753,0.83
LINC01010,0.04457726,0.74,0.83
MIR302CHG,0.0170464,0.742,0.831
LOC105371789,-0.03842477,0.741,0.831
HCG15,0.03172969,0.741,0.831
LOC105378039,0.04105337,0.741,0.831
SNORA73A,-0.02374115,0.741,0.831
NKAIN3-IT1,-0.03663059,0.742,0.831
LOC105370769,-0.0796452,0.741,0.831
USP34-DT,0.03288002,0.742,0.831
CDC27P11,0.04204199,0.741,0.831
LOC105370964,-0.06931593,0.741,0.831
PIWIL4,-0.02457476,0.742,0.831
RAB40AL,-0.02585804,0.743,0.832
MIR4731,0.03922379,0.743,0.832
MTG2,-0.01089537,0.743,0.832
LOC105374715,0.06798742,0.743,0.832
SEPTIN7,-0.0377425,0.756,0.832
EDRF1-AS1,0.01781093,0.742,0.832
SHISA7,0.0526035,0.742,0.832
KIR3DL1,0.1806688,0.756,0.832
ZNF799,0.01249637,0.743,0.832
LOC105373096,-0.03796056,0.743,0.832
STIMATE,0.0420683,0.757,0.833
PDHB,-0.0308051,0.757,0.833
TRPV5,0.201942,0.757,0.833
RNMT,0.00941158,0.744,0.833
IGF2-AS,0.1276811,0.758,0.833
SNORA116,-0.0246459,0.744,0.833
ZBTB49,-0.01117261,0.744,0.833
LOC105370297,-0.054616,0.746,0.834
SNORA73B,0.02482162,0.746,0.834
ZNF396,0.0184454,0.745,0.834
LOC101927857,0.03473906,0.746,0.834
LOC107985549,0.03231741,0.746,0.834
RAET1L,0.04983542,0.745,0.834
KCNE5,0.1566562,0.759,0.834
PPFIA4,-0.03035225,0.746,0.834
TMEM102,-0.02009272,0.745,0.834
MFSD14B,0.00975287,0.746,0.834
MIR3651,0.02420974,0.746,0.834
LOC107987135,-0.01803373,0.747,0.835
RNF133,-0.03140823,0.746,0.835
FMNL1-DT,-0.03664027,0.746,0.835
LOC107984852,-0.03671369,0.747,0.835
MIR708,-0.03233949,0.747,0.835
APOBEC3B,0.0718784,0.76,0.835
LOC107984901,-0.15620534,0.747,0.835
SNORA3B,0.01989674,0.746,0.835
MND1,-0.0281915,0.749,0.836
LOC105375404,0.02081564,0.748,0.836
MIA,0.0372403,0.747,0.836
LINC01068,-0.05754496,0.748,0.836
SNORD12C,0.03054789,0.748,0.836
RPL23AP53,-0.01239855,0.748,0.836
CDK15,-0.02651351,0.748,0.836
BAZ2B-AS1,-0.01193448,0.748,0.836
PGLYRP1,0.0862601,0.761,0.836
LOC105373713,-0.03054348,0.748,0.836
RGS13,0.03792218,0.75,0.837
SNORD99,0.02897967,0.749,0.837
LOC105376959,0.04173605,0.75,0.837
LOC107986583,-0.01507413,0.75,0.837
ZDHHC16,0.00753439,0.75,0.837
LOC101929599,-0.02278199,0.75,0.837
LOC105376963,0.02439963,0.749,0.837
LOC107986360,-0.02868783,0.749,0.837
AP3S2,-0.00951764,0.75,0.838
ATXN7L3,-0.01516077,0.751,0.838
MSMP,0.01347605,0.751,0.838
MED26,0.01894762,0.75,0.838
LOC105374639,-0.04862663,0.751,0.838
H4C5,-0.01772689,0.751,0.838
AGAP6,-0.00991375,0.75,0.838
LOC107986161,-0.02669237,0.75,0.838
GJD3,-0.02298418,0.75,0.838
LINC02481,-0.03517067,0.751,0.838
HPS1-AS1,0.02657711,0.751,0.838
PTH,0.2051179,0.764,0.838
SLC33A1,0.00954992,0.751,0.838
LOC100130345,0.04975694,0.751,0.838
SEMG1,-0.1836153,0.765,0.839
LOC105379409,0.04039293,0.752,0.839
LOC105375514,-0.01963309,0.752,0.839
DNAAF1,0.02071631,0.752,0.839
LOC107984328,0.01401199,0.752,0.839
SPNS2,0.03078149,0.753,0.84
CSNK2A3,-0.01024045,0.753,0.84
SEMA5B,0.04096297,0.753,0.84
ZFP1,0.01144452,0.754,0.84
LOC105376922,-0.0910774,0.754,0.84
HGSNAT,0.0224637,0.767,0.84
LINC02120,0.06574159,0.753,0.84
LOC112268058,-0.01038029,0.754,0.84
FLJ42627,0.0247055,0.754,0.84
ZNF71,0.01298693,0.753,0.84
WWC2-AS2,0.02393073,0.753,0.84
LOC105379352,0.1260643,0.754,0.841
SIK1,0.03229416,0.755,0.841
LOC105372157,-0.07666781,0.755,0.841
SLC45A4,0.01948047,0.755,0.841
KRT86,0.15270817,0.756,0.841
SNORD37,-0.03393729,0.755,0.841
DEFB109A,-0.04856867,0.755,0.841
SNORA11B,0.03488424,0.755,0.841
LOC105375760,-0.07968874,0.754,0.841
SPRR4,0.08716351,0.754,0.841
TRIM41,-0.01110946,0.754,0.841
LINC00582,0.0367038,0.756,0.842
LOC105371505,-0.01507785,0.756,0.842
LINC00839,-0.03864995,0.757,0.842
KEL,-0.03893878,0.757,0.842
CHRNB3,-0.1299688,0.769,0.842
OR2AE1,0.06247231,0.756,0.842
APOA1-AS,0.02172412,0.756,0.842
RPL21P44,0.0159153,0.756,0.842
PANO1,0.03178664,0.757,0.842
PDZD4,0.02985991,0.757,0.842
LOC105378863,-0.0233541,0.758,0.843
OR52H1,-0.04598893,0.758,0.843
ERCC8,-0.01158442,0.758,0.843
LOC101927506,0.02072826,0.758,0.843
ARL16,0.01567228,0.757,0.843
EIF2S3B,0.01895935,0.758,0.843
KRTAP4-12,0.18857829,0.758,0.843
IHH,0.1479765,0.771,0.843
LOC101927088,0.05497561,0.758,0.843
SLC43A1,0.0358245,0.77,0.843
SPATA33,-0.01871021,0.758,0.843
FLYWCH1,0.02514179,0.759,0.843
RNF149,0.01077328,0.758,0.843
SPRED3,-0.02776784,0.757,0.843
EXD2,-0.00760229,0.757,0.843
H1-10-AS1,-0.02232262,0.758,0.843
CCDC61,0.01704643,0.757,0.843
GAS8,0.01234072,0.757,0.843
XRCC4,-0.01485493,0.758,0.843
CYP4F24P,-0.08335838,0.758,0.843
SLC23A1,0.01353988,0.757,0.843
MTFR1L,-0.0089585,0.759,0.843
MIR5706,0.03494351,0.758,0.843
CCDC160,-0.0645771,0.757,0.843
LOC107985423,0.0681572,0.758,0.843
WDR36,-0.01096051,0.759,0.844
FAM110C,-0.02382445,0.76,0.844
LINC01565,-0.0836336,0.771,0.844
SPACDR,0.03901678,0.76,0.844
ATP2B1-AS1,0.01974974,0.759,0.844
MTF1,-0.0184992,0.771,0.844
LOC101927950,-0.01684281,0.759,0.844
LOC105378519,0.01340721,0.761,0.845
OXCT2,-0.0728607,0.761,0.845
ETDB,0.0347113,0.761,0.845
PCDHA13,0.04126645,0.761,0.845
LOC401261,0.01294317,0.761,0.845
MIER2,-0.01867306,0.761,0.845
KRTAP4-2,-0.19927337,0.761,0.845
TIGD5,0.01966106,0.762,0.845
LOC107986008,0.02233093,0.761,0.845
LINC03021,-0.0558497,0.762,0.845
ZNF157,0.0379143,0.762,0.845
MTNR1A,-0.1333813,0.774,0.845
H2BP1,0.02030327,0.76,0.845
LOC107984740,-0.02436103,0.76,0.845
IAPP,0.1456224,0.773,0.845
MYL12B,-0.01276511,0.761,0.845
LOC390877,-0.03731725,0.761,0.845
PRKCE-AS1,0.01981278,0.76,0.845
SPAG11B,0.1888125,0.776,0.846
MIR3619,-0.02549905,0.763,0.846
NR2E1,-0.1539384,0.776,0.846
SYTL4,0.0224809,0.762,0.846
SLC16A14,0.02326252,0.762,0.846
SNORA84,0.0221086,0.763,0.846
HRH3,0.0707918,0.775,0.846
TM4SF4,-0.138971,0.775,0.846
LINC00942,-0.04221056,0.762,0.846
LOC107986067,-0.03744494,0.763,0.846
CYP51A1-AS1,-0.02178092,0.762,0.846
CCDC179,-0.04056135,0.762,0.846
ASB2,-0.0372615,0.763,0.847
SNURF,0.00950131,0.764,0.847
TNR,-0.0894922,0.777,0.847
LOC107986717,0.02102586,0.764,0.847
LINC01670,0.03724309,0.764,0.847
RN7SL2,-0.014436,0.764,0.847
CALCRL-AS1,-0.02311461,0.764,0.847
LOC105374940,-0.03616389,0.763,0.847
STARD7-AS1,0.01143338,0.764,0.847
LOC105378179,-0.01440819,0.765,0.847
RNA5-8SN1,-0.03317106,0.764,0.847
TSPAN10,-0.03823495,0.765,0.847
SFT2D1,-0.00970997,0.765,0.847
LINC00630,0.00811929,0.765,0.848
MILIP,-0.02964774,0.766,0.848
STAMBPL1,-0.01996956,0.766,0.848
LOC105379443,-0.04582326,0.766,0.848
PRNCR1,-0.01554665,0.766,0.848
LOC105369759,0.03258802,0.765,0.848
PHF13,0.01451045,0.765,0.848
LOC105379273,-0.05605645,0.766,0.848
MIR12127,-0.01838459,0.765,0.848
SRMS,-0.05276262,0.767,0.848
CYSLTR2,-0.1378486,0.778,0.848
NR5A1,-0.1284926,0.778,0.848
LOC107985082,0.01486001,0.766,0.848
FAM186A,-0.02839995,0.766,0.848
LOC105371085,-0.01462484,0.766,0.848
LOC105374216,0.02447641,0.766,0.848
KRTAP1-3,-0.17669939,0.765,0.848
RASSF1-AS1,-0.02020739,0.766,0.848
DDX11L17,-0.02471175,0.767,0.849
LOC101927759,-0.03287713,0.768,0.849
RIMKLA,-0.02242618,0.767,0.849
SEPTIN7-DT,0.02254537,0.767,0.849
LINC00173,-0.02173425,0.769,0.85
TMEM98,-0.01471462,0.768,0.85
KRTAP4-1,-0.184214,0.769,0.85
LOC105372753,-0.04188033,0.768,0.85
EEF1AKMT4-ECE2,-0.02759227,0.769,0.85
ZNF501,0.01231044,0.768,0.85
LOC107984403,0.04266992,0.768,0.85
PRDX6-AS1,0.0188636,0.769,0.85
SNORA18,-0.01639132,0.769,0.85
MIR30DHG,-0.01637791,0.768,0.85
PEAK3,-0.03592774,0.769,0.85
TMEM221,0.03874381,0.769,0.85
FUOM,-0.01567808,0.768,0.85
MSL3P1,-0.02676037,0.769,0.85
LRIG3-DT,0.0277229,0.769,0.85
LOC105371372,-0.03059602,0.768,0.85
MED22,0.0227815,0.78,0.85
TMEM81,0.01730874,0.771,0.851
LOC105379274,-0.05480229,0.77,0.851
SNORD74,0.0234019,0.77,0.851
LOC102724621,-0.04779647,0.77,0.851
DNAH6,-0.02910728,0.77,0.851
POLR3H,-0.01350705,0.77,0.851
C12ORF76,0.01064715,0.769,0.851
RWDD3-DT,0.04208566,0.771,0.851
LOC105371520,0.02854247,0.77,0.851
SSC4D,-0.02330956,0.771,0.851
PLCXD2,-0.02661635,0.77,0.851
LOC102724618,-0.0310522,0.771,0.851
LOC105371094,-0.02221136,0.77,0.851
LOC105376177,0.03372629,0.77,0.851
SPATA13,-0.01301478,0.77,0.851
KLHDC8B,0.02127572,0.771,0.851
TMEM107,0.01885432,0.771,0.851
CBLN2,0.1154078,0.772,0.852
DCDC2B,-0.01339009,0.772,0.852
DMAC1,-0.01169964,0.772,0.852
LOC101929643,0.02123825,0.771,0.852
AZU1,-0.1269397,0.784,0.853
SYT15,-0.02051621,0.773,0.853
JKAMP,0.01168103,0.773,0.853
ZNF890P,-0.0314089,0.774,0.853
RPS29,-0.03336122,0.773,0.853
MIR5699,-0.0326944,0.773,0.853
LOC105377452,0.01876492,0.773,0.853
SNORA40,-0.01743232,0.774,0.853
DPH1,0.01309293,0.773,0.853
ABCC5-AS1,-0.02882704,0.773,0.853
FBF1,-0.0190484,0.775,0.854
XIST,-0.3023211,0.786,0.854
SLC19A4P,-0.1201796,0.785,0.854
LOC112267937,0.03959001,0.774,0.854
HSPE1,-0.01630095,0.775,0.854
LINC02935,0.02966158,0.775,0.854
TXNDC17,0.01439439,0.776,0.855
SSNA1,0.0106844,0.776,0.855
ZNF570,0.00803124,0.776,0.855
LOC112267899,-0.02250773,0.776,0.855
POU3F2,0.143433,0.786,0.855
LOC105375443,0.02594939,0.776,0.855
OTOGL,0.05489677,0.776,0.855
MIR548V,-0.02443808,0.776,0.855
LHX4-AS1,-0.01397037,0.776,0.855
IPO4,-0.0142389,0.776,0.855
LOC105370943,-0.04078442,0.776,0.855
LINC00345,0.04986517,0.776,0.855
SNORD77,0.02568568,0.775,0.855
LOC105369435,0.05936504,0.777,0.856
ANP32AP1,0.02865892,0.778,0.856
GCNT3,-0.1243533,0.787,0.856
C16ORF86,-0.01689281,0.777,0.856
RASGEF1A,0.02431239,0.777,0.856
FAM90A2P,-0.03882841,0.777,0.856
ZNF92,0.011033,0.777,0.856
SMIM15-AS1,0.01735319,0.777,0.856
LOC101929846,-0.03828758,0.778,0.857
SNORA16B,0.02182165,0.779,0.857
RASAL2-AS1,-0.02038386,0.779,0.857
CCDC162P,0.0311581,0.779,0.857
LINC02288,-0.04035401,0.778,0.857
LOC107986366,-0.02399827,0.779,0.857
NUDT16L1,-0.01548119,0.779,0.857
TNS1-AS1,0.02069098,0.779,0.857
AFG3L1P,-0.00897349,0.779,0.857
LOC102723564,0.03647816,0.779,0.857
LINC02019,0.0226265,0.778,0.857
LOC100996643,0.05109877,0.779,0.857
RAD54L2,0.00835547,0.779,0.857
LOC105373041,-0.01869372,0.779,0.857
STMN3,-0.1973248,0.79,0.857
PRDM12,-0.0969486,0.789,0.857
RABGEF1P1,0.00929762,0.778,0.857
LINC02542,0.03440267,0.78,0.858
FAM90A25P,0.03446204,0.78,0.858
SNORA58,0.02486915,0.781,0.858
HSF2BP,-0.0199304,0.78,0.858
ZC3H18,0.01483963,0.78,0.858
LOC107987068,-0.04754153,0.78,0.858
LOC105376176,0.02452788,0.78,0.858
KIAA2012,-0.03213775,0.78,0.858
LOC105377395,-0.02977649,0.781,0.858
RDH14,0.00963442,0.782,0.859
LOC105376950,0.03616113,0.781,0.859
LINC02028,0.03901154,0.782,0.859
KRTAP1-5,-0.16110607,0.781,0.859
SNORD55,0.02592427,0.781,0.859
C5ORF63,0.01728376,0.782,0.859
PWWP2B,-0.02086171,0.782,0.859
LOC105377616,-0.0774939,0.783,0.86
COP1,0.0063542,0.783,0.86
OLMALINC,0.02812563,0.783,0.86
LOC107985416,0.02953598,0.784,0.86
PRORY,0.1226692,0.794,0.86
AGAP9,-0.02688119,0.784,0.86
TMEM52,0.03441162,0.783,0.86
TC2N,0.01521662,0.782,0.86
TRS-AGA5-1,0.01933193,0.785,0.861
DLK1,-0.1026005,0.796,0.861
FBRSL1,0.02427015,0.784,0.861
LOC101929141,0.04503972,0.784,0.861
GOLGA6C,-0.06755867,0.784,0.861
BMS1P14,0.04449833,0.785,0.861
NT5C3B,-0.01091522,0.785,0.861
MIR1244-3,0.02269447,0.784,0.861
ZNF619,0.00737647,0.785,0.861
LOC102724563,-0.02122308,0.784,0.861
CPVL-AS2,-0.02774316,0.786,0.862
LINC01770,0.02733736,0.786,0.862
LOC105378098,0.02831566,0.787,0.862
EIF2B2,-0.00741499,0.786,0.862
LOC102723670,0.04949121,0.785,0.862
FCRLB,0.02635692,0.785,0.862
CHDH,0.0271673,0.786,0.862
LOC105377177,0.13383101,0.786,0.862
RINL,-0.01828179,0.786,0.862
FOXC2,-0.1071043,0.797,0.862
SNORD3D,-0.01663078,0.786,0.862
SHISA8,-0.01648223,0.786,0.862
LOC105377399,0.02808804,0.786,0.862
SMIM18,0.01670493,0.786,0.862
RNF216P1,0.00820223,0.786,0.862
APOC1P1,-0.1401181,0.797,0.862
HTATSF1P2,-0.03045607,0.785,0.862
EMSLR,0.03310738,0.786,0.862
MRPS23,0.00832805,0.787,0.863
LOC105375426,-0.02266761,0.787,0.863
SRGAP2-AS1,0.01326749,0.788,0.863
DEFA4,-0.1198139,0.799,0.863
LOC105372617,0.03227182,0.787,0.863
NPIPB5,0.01913615,0.787,0.863
LOC107986254,-0.00908199,0.787,0.863
SNORD31,0.02204167,0.787,0.863
SMC1A,-0.01252604,0.787,0.863
YTHDF3-DT,-0.03124044,0.789,0.864
SLC5A9,0.01631827,0.789,0.864
MIR3139,0.02961595,0.789,0.864
POLD1,-0.01646825,0.789,0.864
NUP93-DT,0.03384238,0.789,0.864
PGP,0.01237234,0.788,0.864
SNORD7,0.02760654,0.79,0.865
ARMC2-AS1,-0.02413431,0.79,0.865
BFSP2,-0.1448582,0.801,0.865
LOC107986485,0.02138357,0.79,0.865
RNU6-9,-0.02224468,0.791,0.866
MIR6529,0.02437695,0.791,0.866
SCAMP1-AS1,-0.0140087,0.791,0.866
LINC02758,0.02994832,0.791,0.866
HSD17B7P2,0.02060569,0.791,0.866
MIR197,0.02901033,0.79,0.866
TBC1D10C,-0.02261732,0.791,0.866
SLC25A30,-0.00703949,0.791,0.866
LINC02860,-0.02979013,0.791,0.866
ZNF20,-0.01098203,0.791,0.866
PNPLA8,-0.01422892,0.792,0.866
PEG13,-0.0145533,0.792,0.866
TRA-TGC4-1,-0.03944193,0.792,0.866
LOC105369706,-0.02817242,0.792,0.866
LINC02816,0.03321204,0.791,0.866
LOC112268467,0.01378662,0.791,0.866
KRTAP4-4,-0.17066637,0.793,0.867
MMGT1,0.00660181,0.792,0.867
ABHD17C,0.0130542,0.793,0.867
ERCC8-AS1,0.02010969,0.793,0.867
LOC105375527,-0.03670477,0.793,0.867
LOC107986023,-0.0211543,0.792,0.867
TRI-TAT2-1,0.02783276,0.793,0.867
MYOSLID-AS1,-0.03131609,0.793,0.867
ZNF460-AS1,-0.01332809,0.792,0.867
TMEM274P,-0.02401237,0.792,0.867
CLEC18B,0.02828465,0.793,0.867
ANKRD61,0.00923107,0.793,0.867
EIF6,0.0188057,0.805,0.868
YAP1,0.0211215,0.805,0.868
FGL1,0.0900018,0.805,0.868
ATRIP,0.00701219,0.795,0.868
LOC107985873,-0.00905052,0.794,0.868
LOC105378891,0.02927721,0.794,0.868
SDHAP3,0.01528599,0.795,0.868
PSG10P,-0.03961175,0.794,0.868
HECTD2-AS1,-0.03211724,0.794,0.868
PGM2,-0.01701099,0.794,0.868
LOC101929269,0.03083569,0.796,0.869
LRRC10B,-0.04941326,0.795,0.869
KRTAP4-5,0.18020796,0.795,0.869
IER3,0.02666875,0.796,0.869
LINC02352,0.02801213,0.796,0.869
SDHA,-0.00917276,0.796,0.869
LOC102723795,0.03473167,0.796,0.869
LOC114841035,-0.01146473,0.796,0.869
LOC102724813,0.03896006,0.796,0.869
SLC35E2B,0.0171762,0.796,0.869
PCDHA12,-0.03312256,0.796,0.869
AHSP,-0.0756089,0.807,0.869
LINC02608,-0.0481593,0.796,0.869
KRT81,0.13529369,0.797,0.87
LOC101929494,-0.02727988,0.797,0.87
LOC101929413,0.030249,0.797,0.87
GOLGA6B,-0.05052914,0.797,0.87
COQ7-DT,-0.02892126,0.797,0.87
SNORD27,0.02179693,0.797,0.87
MIR4517,0.02662777,0.798,0.87
LOC105369313,-0.03470127,0.797,0.87
AQP5-AS1,0.05207829,0.798,0.87
LINC01422,0.02902267,0.799,0.871
RCC2,-0.01135773,0.798,0.871
PCAT1,0.01714992,0.798,0.871
TOP1P1,-0.01727514,0.799,0.871
PROSER2-AS1,0.02008663,0.798,0.871
LOC284240,-0.03336094,0.798,0.871
UCKL1-AS1,-0.02379344,0.798,0.871
KIAA1671-AS1,0.01906665,0.798,0.871
LOC101929007,-0.04162238,0.8,0.872
LOC112268179,-0.01961927,0.8,0.872
TMEM213,-0.06647912,0.801,0.872
KCNJ18,0.03873868,0.8,0.872
PRICKLE4,0.01667414,0.8,0.872
SLC28A2,0.1022516,0.81,0.872
SPIN3,0.01202691,0.8,0.872
ADAL,-0.01540948,0.802,0.873
EFCC1,-0.01636808,0.802,0.873
LOC101928512,0.01706594,0.802,0.873
LOC105370449,-0.03208263,0.801,0.873
PIP4P1,0.00731526,0.802,0.873
SNORD83B,-0.01953106,0.801,0.873
TERC,-0.01537267,0.801,0.873
LOC105371219,0.02982575,0.802,0.873
OXGR1,0.04950299,0.801,0.873
KRTAP10-7,-0.1229459,0.802,0.873
SIRAL2,-0.0619996,0.812,0.873
HEMK2,0.0630631,0.811,0.873
RPL3L,0.1415365,0.811,0.873
DNTTIP1,-0.01324049,0.802,0.873
SNORD95,0.02248666,0.801,0.873
AGAP5,0.00813586,0.803,0.874
LHFPL1,0.04560861,0.803,0.874
DDN-AS1,-0.0117266,0.803,0.874
GORAB,0.00965405,0.804,0.874
KRT87P,-0.09463623,0.803,0.874
PARP11-AS1,-0.02172633,0.803,0.874
LOC105372539,-0.01911764,0.803,0.874
LOC107983950,0.02222777,0.803,0.874
LOC102724700,0.04295772,0.803,0.874
LOC105376306,-0.0261852,0.803,0.874
QSOX2,-0.01495405,0.804,0.874
LOC100133331,0.02076898,0.804,0.874
LOC101928728,0.02142088,0.805,0.875
TSPYL6,-0.01367919,0.804,0.875
LINC00174,-0.01441762,0.804,0.875
LOC101927044,0.02982944,0.805,0.875
RASA4CP,0.01963382,0.805,0.875
ZNF358,0.0722236,0.814,0.875
LOC107986363,0.00841126,0.805,0.875
LOC105369711,-0.03967921,0.805,0.875
LOC105378145,0.04123086,0.805,0.875
SNORD2,0.01359997,0.805,0.875
ELOA3BP,-0.03189288,0.805,0.875
SEPTIN7P11,-0.1358202,0.813,0.875
MYT1,0.0838917,0.816,0.876
TNP2,-0.0952413,0.816,0.876
FDX2,0.01453182,0.807,0.876
CDHR5,-0.0535347,0.816,0.876
RPAP2,0.0266726,0.816,0.876
ICAM4,0.142719,0.816,0.876
LINC02885,0.04197013,0.806,0.876
LOC105369421,0.02235774,0.806,0.876
GPC6-AS2,0.03186988,0.806,0.876
CELA2A,-0.0866322,0.817,0.876
FKBP9,0.01330919,0.807,0.876
LOC112268276,-0.01231797,0.806,0.876
PPP1R10,-0.0270994,0.816,0.876
PAX2,-0.0971184,0.817,0.877
ZNF678,0.01031702,0.807,0.877
LZTS2,0.01331189,0.808,0.877
NUTM2B,-0.01622932,0.807,0.877
LINC02666,-0.01828132,0.807,0.877
CYB561A3,0.01324482,0.807,0.877
LOC401127,-0.02971279,0.808,0.878
GAREM2,-0.01690848,0.809,0.878
LOC107986600,-0.01931343,0.809,0.878
LOC101409256,-0.02970825,0.809,0.878
ARRDC1-AS1,-0.01121866,0.809,0.878
LOC100233156,-0.04602786,0.809,0.878
LOC101926889,0.02683636,0.808,0.878
RPS26P11,0.02130645,0.809,0.878
IFNA16,0.1462817,0.819,0.878
PHF5A,0.00911901,0.809,0.878
LOC105372529,0.04467956,0.808,0.878
LINC02679,0.02929257,0.81,0.879
BCL9L,0.02278809,0.811,0.879
ZNF367,-0.01670298,0.81,0.879
LOC105374127,-0.02411596,0.811,0.879
MORN1,-0.01418359,0.811,0.879
LOC105372396,0.02134827,0.81,0.879
SLC2A13,-0.01095009,0.81,0.879
UBQLN1-AS1,-0.01412264,0.811,0.879
ZFAND6,-0.00873615,0.812,0.88
EFCAB8,0.0095598,0.811,0.88
SIN3A,-0.00719123,0.812,0.88
STT3A-AS1,-0.02326479,0.812,0.88
FAM186B,0.01024623,0.812,0.88
PLPP5,0.00676518,0.812,0.88
TRNT1,0.00736218,0.812,0.88
LRRC37A,0.02239219,0.811,0.88
BLACAT1,0.03383262,0.813,0.881
C16ORF96,0.02096587,0.814,0.881
LARP1B,0.01034718,0.814,0.881
C20ORF144,0.02805491,0.813,0.881
SNHG16,-0.00942533,0.813,0.881
DUSP29,0.02080645,0.813,0.881
LOC105376095,-0.0186835,0.814,0.881
LOC107984219,-0.00805227,0.814,0.881
LOC101928824,0.02674233,0.813,0.881
LINC01697,0.03599016,0.814,0.882
GON7,0.01080504,0.815,0.882
STATH,-0.1565405,0.824,0.882
TWF2-DT,-0.02787569,0.815,0.882
LOC105376326,0.03202202,0.814,0.882
LOC105373359,0.02840664,0.814,0.882
LRRC8C-DT,0.01672152,0.815,0.882
SMG1P7,0.0129103,0.814,0.882
LOC105372471,0.02064965,0.815,0.882
ERVW-1,-0.01200232,0.814,0.882
LOC105369634,-0.02815523,0.814,0.882
COG3,0.00590133,0.816,0.883
PDPR2P,-0.01080062,0.816,0.883
LOC105378490,-0.03153959,0.816,0.883
LOC105369736,-0.02221958,0.817,0.884
MAP1LC3B2,0.01361978,0.816,0.884
CDCA3,0.0622994,0.826,0.884
FAM86B3P,0.01380713,0.817,0.884
COSMOC,-0.02238268,0.817,0.884
TIRAP-AS1,0.00943208,0.817,0.884
LOC107984248,0.01378931,0.817,0.884
LOC107985295,0.02357736,0.818,0.885
GRM3-AS1,-0.02811966,0.819,0.885
DMRT1,-0.1170092,0.827,0.885
MIR4784,0.02551093,0.818,0.885
LOC101928369,-0.01985868,0.819,0.885
MIR6739,0.02194543,0.818,0.885
CELF2-AS2,-0.01681423,0.818,0.885
LOC105371751,0.03174752,0.818,0.885
LOC105374369,0.02391191,0.819,0.885
SCUBE3,-0.01655294,0.818,0.885
ATOX1-AS1,0.01113482,0.819,0.885
FBXW9,-0.01178541,0.819,0.885
CFAP97,-0.0082359,0.818,0.885
H2AC21,0.01119645,0.819,0.885
SLC51A,0.01386542,0.818,0.885
KRBOX1,0.03275792,0.819,0.885
MELTF-AS1,0.02861659,0.819,0.886
LOC105371605,0.01797935,0.819,0.886
HOXA-AS2,0.02018062,0.819,0.886
LOC100506071,-0.03631807,0.82,0.886
XRRA1,-0.01725838,0.819,0.886
UNC13C,0.02528533,0.821,0.886
SRD5A3-AS1,0.02247723,0.819,0.886
LOC105370542,0.03461375,0.821,0.887
PRKX-AS1,0.02132299,0.821,0.887
IPW,0.01752216,0.822,0.887
TRD-GTC2-10,-0.0280975,0.822,0.887
LOC107985289,0.01564344,0.822,0.887
SNORD79,0.01640819,0.822,0.888
NME7,0.0263916,0.832,0.888
DAGLB,-0.00857588,0.822,0.888
LOC105375469,-0.01881074,0.822,0.888
LOC101927421,0.07941027,0.822,0.888
PCDHB14,-0.0154654,0.823,0.888
USP38,-0.00787914,0.822,0.888
DEPDC1B,-0.0178325,0.822,0.888
SMR3A,0.1069181,0.833,0.889
AKR7L,0.01929163,0.824,0.889
LOC105378975,0.01936863,0.824,0.889
MIRLET7A3,0.02695672,0.824,0.889
DCHS2,0.01891585,0.824,0.889
LOC112268252,-0.03723876,0.823,0.889
MIR1181,0.01122468,0.824,0.889
GAP43,0.0709911,0.834,0.89
LOC102724881,0.0107474,0.826,0.89
LOC112268449,-0.05579794,0.825,0.89
ZBTB7C-AS1,0.02177732,0.825,0.89
LOC102723468,-0.01083476,0.826,0.89
KCNJ4,0.0856541,0.835,0.89
APOBEC3A,0.0798217,0.835,0.89
ZNF511,0.00796563,0.826,0.89
CCL1,0.0975151,0.834,0.89
TNIP3,0.1406219,0.835,0.89
MEPE,-0.0607107,0.835,0.89
LOC105376485,-0.02728271,0.825,0.89
REEP3,0.00715522,0.824,0.89
LOC101927793,-0.02771016,0.825,0.89
ODF1,-0.1132849,0.835,0.89
LOC105372485,0.02113809,0.825,0.89
MIR548AT,-0.02544694,0.825,0.89
CSF3,0.0738123,0.837,0.891
RGPD1,0.01539098,0.826,0.891
SNORD22,0.01183308,0.827,0.891
DMBX1,-0.08775095,0.827,0.891
RUNDC3A-AS1,-0.02562158,0.827,0.891
LOC105370887,-0.02106808,0.826,0.891
KLHL25,0.01165656,0.827,0.891
TMEM60,-0.01080906,0.827,0.891
WHAMMP1,-0.01216514,0.827,0.891
MT1E,-0.02273831,0.828,0.892
HGC6.3,-0.0814095,0.838,0.892
TARBP2,0.0240554,0.838,0.892
DRD5,0.1011207,0.839,0.892
SIX2,-0.0589495,0.838,0.892
LOC105377327,0.01375696,0.828,0.892
OR1F12P,0.03906337,0.828,0.892
LOC105372296,-0.02087633,0.828,0.892
BABAM2-AS1,-0.01581219,0.828,0.892
LOC101928421,-0.00858191,0.829,0.893
FCF1P2,-0.01100505,0.829,0.893
POMZP3,-0.0123136,0.829,0.893
LOC107985658,-0.02232863,0.83,0.893
LAMB4,-0.0370113,0.84,0.893
LOC107985726,-0.02177435,0.829,0.893
TP53RK,-0.00758024,0.829,0.893
NAP1L5,-0.00958982,0.829,0.893
BRK1,-0.00726784,0.831,0.894
SIRT4,0.0223619,0.84,0.894
OPRM1,-0.0853012,0.841,0.894
LOC101929418,0.02119826,0.831,0.894
GZF1,-0.0058934,0.831,0.894
IRF2BP2,0.00608434,0.831,0.894
LOC105377896,-0.06354731,0.831,0.894
EHBP1-AS1,-0.00963785,0.83,0.894
GRK3-AS1,-0.03168189,0.83,0.894
TRE-TTC1-2,0.02176167,0.832,0.895
NCBP2AS2,0.00766099,0.833,0.895
LUZP4,0.101874,0.842,0.895
CASQ1,-0.1195745,0.843,0.895
NEUROD1,0.1316118,0.843,0.895
LOC105372496,-0.02871156,0.831,0.895
LOC105370538,0.01196796,0.832,0.895
LINC00467,-0.0149261,0.832,0.895
TMEM18-DT,0.02296636,0.832,0.895
FGD5,-0.0156998,0.831,0.895
GALNT15,0.03506917,0.834,0.896
SHLD1,-0.01059901,0.833,0.896
PRELID2,0.01196096,0.833,0.896
MIRLET7B,0.01810368,0.834,0.896
SNORD116-13,0.02823528,0.833,0.896
ANKRD54,0.00923422,0.834,0.896
SNORD1A,-0.02115122,0.833,0.896
MUC8,-0.03623583,0.833,0.896
MIR3648-2,-0.04517648,0.834,0.896
UBAC2,-0.0050353,0.834,0.896
GTSF1,-0.04112633,0.833,0.896
MIR6506,0.01279273,0.833,0.896
LOC112268030,0.01963255,0.835,0.897
ALKBH7,-0.01029622,0.834,0.897
OTUD7B,-0.00529927,0.836,0.897
TTC30A,-0.01037103,0.834,0.897
HTR5A,0.0877182,0.845,0.897
ZNF582,-0.01201865,0.835,0.897
LOC105377223,-0.20629202,0.834,0.897
AOX3P-AOX2P,0.03333368,0.835,0.897
PPY,-0.1090387,0.846,0.898
SNORA87,0.01539132,0.837,0.898
RETN,0.0854763,0.847,0.898
NYX,0.090288,0.847,0.898
LINC00643,-0.04687016,0.837,0.898
OVCH1-AS1,0.04653593,0.836,0.898
LOC100287467,-0.00925497,0.837,0.898
CALML4,-0.00632325,0.837,0.898
DCPS,0.00780495,0.837,0.898
LOC105377111,0.02511292,0.837,0.898
LOC101929732,0.01689205,0.837,0.899
ZNF233,0.00942008,0.837,0.899
ARL10,0.0094294,0.838,0.899
PRDX5,0.00790053,0.838,0.899
IGLV3-25,0.1426925,0.848,0.899
SELENOH,-0.00561509,0.838,0.899
REXO1,0.01584003,0.839,0.9
SNORA62,-0.01330139,0.839,0.9
MIR4441,0.01938182,0.839,0.9
STRIP1,0.00544876,0.839,0.9
TOR2A,-0.01000177,0.839,0.9
PDE6H,-0.094778,0.849,0.9
LOC105379189,-0.02409512,0.841,0.901
ZNF566-AS1,0.02062615,0.841,0.901
MSL3,-0.00675991,0.84,0.901
ZBTB7C-AS2,0.02677751,0.841,0.901
LOC100134368,-0.02420831,0.84,0.901
LOC101929578,-0.04584054,0.841,0.901
ZNF777,0.01298586,0.84,0.901
PLET1,0.01284771,0.84,0.901
TENT2,-0.00641342,0.841,0.901
PRSS37,0.02450614,0.84,0.901
LRFN1,0.02756117,0.84,0.901
SNORA63,0.01238623,0.84,0.901
QRICH2,-0.0174677,0.84,0.901
LOC105371102,-0.02389655,0.84,0.901
TRMT6,0.01073173,0.84,0.901
LINC02594,-0.02946643,0.841,0.901
LOC105274304,-0.01818872,0.84,0.901
LOC107986675,-0.02309257,0.84,0.901
PCDHA2,-0.0499391,0.851,0.901
LOC105372031,-0.01364781,0.843,0.902
LOC102723360,-0.03046862,0.842,0.902
LOC100270746,0.02334916,0.842,0.902
SLC28A1,-0.0910607,0.853,0.902
LOC105378419,-0.02520282,0.842,0.902
GALNT4,-0.00768288,0.842,0.902
TRE-CTC1-3,-0.02728761,0.842,0.902
KRTAP10-11,-0.08192723,0.842,0.902
XRCC6,0.00591317,0.842,0.902
LOC102724288,0.03525636,0.843,0.902
TRG-GCC2-5,-0.03107814,0.842,0.902
TRNC,-0.01613539,0.843,0.902
PIR-FIGF,0.01449354,0.842,0.902
AVP,-0.054085,0.853,0.902
DENND11,0.00582096,0.843,0.902
PDE4DIPP4,-0.01891854,0.844,0.903
TMEM203,0.00565607,0.844,0.903
LOC107987128,0.00771175,0.844,0.903
MAGI1-IT1,-0.00932219,0.843,0.903
LOC105376139,-0.03698145,0.844,0.903
NIFK,-0.00865016,0.844,0.903
LOC107984261,0.01197458,0.843,0.903
ORAI3,0.0174319,0.854,0.903
RAB6C,-0.01195845,0.843,0.903
NQO2-AS1,0.02079755,0.844,0.903
LOC107984617,0.0145335,0.844,0.903
LINC01839,-0.02219416,0.844,0.903
LINC02981,-0.02643076,0.844,0.903
FAM215A,-0.061473,0.854,0.903
MIR762,0.01761528,0.845,0.904
OR5C1,0.02151254,0.845,0.904
FBXO43,0.01836195,0.845,0.904
CHKB-CPT1B,0.00996193,0.845,0.904
HES6,0.02438015,0.845,0.904
ZNF747-DT,0.01790482,0.845,0.904
LOC105371729,0.01081469,0.846,0.904
LOC102724723,0.01500176,0.846,0.904
LOC105372421,-0.01847436,0.845,0.904
LOC105374777,0.03175426,0.845,0.904
PARAL1,-0.06576112,0.846,0.904
TMEM123-DT,0.02388183,0.846,0.904
FLCN,0.00944084,0.844,0.904
LOC105375008,0.02481468,0.846,0.904
MIR2467,-0.01793852,0.846,0.904
RHPN2,0.03948578,0.846,0.904
LOC107986707,0.00834287,0.846,0.904
LINC02975,0.02502482,0.844,0.904
LLGL1,-0.0380613,0.855,0.904
TUBGCP6,0.01091365,0.848,0.905
PTPRN,-0.0573881,0.857,0.905
PWWP3B,0.04973659,0.848,0.905
CYS1,-0.02494139,0.847,0.905
LOC107985022,-0.02453086,0.848,0.905
SETDB2-PHF11,-0.00744295,0.847,0.905
LOC102723758,0.01693782,0.847,0.905
RNF212,-0.01986383,0.848,0.905
FXYD6-FXYD2,0.01780201,0.847,0.905
TRNA,-0.01506076,0.848,0.905
TERB1,0.01760598,0.847,0.905
KCTD18,0.00511164,0.848,0.905
GGT2P,0.03259505,0.847,0.905
LOC107983979,0.01129012,0.85,0.906
LINC02715,-0.02786449,0.848,0.906
LOC105376839,-0.06894516,0.85,0.906
TRAV13-2,-0.0923979,0.859,0.906
LOC102724023,-0.01205174,0.848,0.906
MAPK8IP1P2,-0.09953869,0.849,0.906
SNORA66,-0.01331336,0.849,0.906
LOC102723654,0.0204212,0.849,0.906
FAM209A,0.02423452,0.849,0.906
LOC105373449,0.01708202,0.848,0.906
SCML4,-0.03034094,0.85,0.906
LOC107986084,0.00784322,0.849,0.906
LOC105378642,-0.01855936,0.85,0.906
GPR62,-0.02434153,0.849,0.906
UBQLNL,-0.02670126,0.849,0.906
LINC00278,-0.20083643,0.849,0.906
HP09053,-0.01046816,0.85,0.906
TMC3-AS1,0.02138599,0.849,0.906
NPIPB12,0.01393819,0.851,0.907
KIAA1107,0.01212497,0.85,0.907
PPP1R1C,0.02536417,0.85,0.907
GTF2A1L,-0.04869528,0.85,0.907
LOC105375202,0.03062776,0.851,0.907
MORN2,0.01267808,0.85,0.907
LOC107986372,0.0156733,0.85,0.907
GS1-600G8.3,-0.0751279,0.86,0.907
C5-OT1,-0.01706181,0.851,0.907
LOC102724560,-0.01612579,0.851,0.907
GOLGA6L3P,-0.0145195,0.851,0.907
DPEP3,-0.0773496,0.86,0.907
LOC101928215,-0.01778776,0.851,0.907
HEATR5A-DT,0.01016416,0.851,0.907
SNORA38,0.01433681,0.851,0.907
LOC105379086,0.01275441,0.852,0.908
AGTR2,0.0728372,0.861,0.908
ZCCHC17,0.00688375,0.852,0.908
LOC102724102,0.02667966,0.851,0.908
LOC101928371,0.00704247,0.852,0.908
LOC105376272,0.01205994,0.852,0.908
LYG1,0.01340728,0.852,0.908
ZNF676,0.02964002,0.852,0.908
FCER1A,-0.02147398,0.853,0.908
TAF2,-0.00529238,0.854,0.909
LOC107986365,0.01636619,0.854,0.909
LOC105373796,-0.01098505,0.853,0.909
C1ORF43,-0.00545694,0.854,0.909
FAM219A,-0.00706695,0.853,0.909
DOCK7,0.00487565,0.854,0.909
PANX2,0.02399699,0.854,0.909
KRT17P2,-0.0284516,0.854,0.909
LINC00444,-0.01277575,0.854,0.909
C19ORF25,0.01035607,0.854,0.909
MYL2,-0.0929549,0.863,0.909
MIR4492,-0.02473561,0.854,0.909
HYDIN2,-0.0243794,0.853,0.909
SNORD101,0.01729177,0.853,0.909
SNORA70F,0.01661104,0.853,0.909
NPBWR2,0.0908623,0.862,0.909
CASC8,-0.0204036,0.856,0.91
PINX1,-0.00917587,0.855,0.91
UMOD,-0.0943392,0.863,0.91
LOC107985221,-0.01699675,0.855,0.91
LOC107986852,-0.01672201,0.856,0.91
ZBTB4,-0.01100135,0.855,0.91
ELOA3P,-0.02373749,0.855,0.91
HS1BP3-IT1,0.02124507,0.855,0.91
LOC105372426,0.01084344,0.855,0.91
TRNN,0.01300718,0.855,0.91
LOC105378549,-0.0209437,0.855,0.91
LMX1A,0.03141506,0.855,0.91
LOC105369315,-0.02588788,0.856,0.91
S100A12,0.0925261,0.864,0.911
ACTL8,-0.0652094,0.865,0.911
LOC100507351,0.01721572,0.857,0.911
MIR125B1,0.02312146,0.857,0.911
LOC107984986,-0.01062394,0.856,0.911
LOC107984748,-0.01714006,0.856,0.911
LOC105375544,0.02068409,0.858,0.912
TMOD4,0.01260752,0.858,0.912
NUTM2F,0.01395108,0.858,0.912
HAMP,-0.0417543,0.867,0.912
LOC107984741,0.00926081,0.858,0.912
SNORD78,-0.01540824,0.858,0.912
COG8,-0.00481072,0.858,0.912
SCN3B,-0.01370922,0.859,0.913
AKR7A2P1,-0.01761879,0.859,0.913
IL5RA,0.052143,0.868,0.913
MAGEB3,0.0884799,0.868,0.913
NAPA-AS1,-0.00830227,0.859,0.913
PF4V1,-0.078783,0.867,0.913
LOC105371046,-0.02152103,0.86,0.913
FGFRL1,-0.0169765,0.859,0.913
LOC112267932,-0.01907793,0.859,0.913
SNORD11,-0.0176567,0.861,0.914
LOC107985446,-0.02071344,0.862,0.914
LOC105375262,0.01529053,0.86,0.914
LOC107985878,0.01278348,0.86,0.914
DAZL,-0.1078646,0.871,0.914
LRIG2-DT,-0.00851111,0.862,0.914
PCSK6,0.01498,0.869,0.914
ZNF561,-0.0062008,0.861,0.914
DIRAS1,0.01870186,0.861,0.914
SHLD2P3,-0.00641004,0.861,0.914
LOC105369911,0.02079091,0.86,0.914
LINC00837,0.1123379,0.87,0.914
RANBP6,0.0094926,0.87,0.914
KRT40,-0.04237802,0.861,0.914
LOC145474,-0.01069143,0.862,0.914
LOC107985258,0.01817861,0.86,0.914
DLST,0.0105799,0.869,0.914
LOC105377457,0.01752779,0.861,0.914
LOC112268222,-0.00404972,0.861,0.914
LOC105371419,-0.03161058,0.861,0.914
QTGAL,-0.0360428,0.871,0.915
LOC105374118,-0.01638752,0.863,0.915
SNHG7,0.00797695,0.863,0.915
LOC102723904,-0.01062287,0.862,0.915
CEP85L,-0.00778376,0.863,0.915
LOC105373043,0.01924428,0.862,0.915
SLC17A4,-0.0752217,0.871,0.915
LIX1,0.02063763,0.862,0.915
PHOX2B,0.079399,0.873,0.916
AIRIM,0.0137968,0.872,0.916
SNAPIN,0.00561444,0.864,0.916
GJB6,-0.02305717,0.864,0.916
ZDHHC20,-0.00680156,0.864,0.916
FIZ1,0.0113251,0.865,0.916
LOC107986834,0.01844172,0.864,0.916
LOC105377155,-0.02251419,0.864,0.916
LOC107986455,-0.00954192,0.863,0.916
COX17,0.0093491,0.864,0.916
SLC28A2-AS1,0.04530403,0.864,0.916
MIR571,0.01689331,0.863,0.916
ELOA3DP,0.02606909,0.863,0.916
LOC105372706,-0.01360986,0.864,0.916
ZNRF2,0.00522773,0.864,0.916
OMA1,-0.0116418,0.864,0.916
SNORA6,0.01044233,0.866,0.917
LOC105371168,-0.01417221,0.865,0.917
PACRG-AS3,0.02413996,0.866,0.917
ARL2-SNX15,0.00578337,0.865,0.917
CDPF1,-0.00632568,0.866,0.917
LINC01911,-0.02403454,0.866,0.917
LOC105373215,0.0191027,0.866,0.917
LOC728554,-0.01110404,0.866,0.917
LOC107986073,0.00974562,0.866,0.917
ZNF844,0.00808186,0.866,0.917
LOC105374610,0.00988941,0.865,0.917
MIR3648-1,-0.03735159,0.866,0.917
LOC105371059,-0.00843069,0.865,0.917
LOC105375022,-0.01915046,0.866,0.917
TBRG1,0.00448015,0.865,0.917
AICDA,-0.0723936,0.876,0.918
LINC01106,-0.0121307,0.868,0.918
SPATA46,0.01928259,0.868,0.918
LINC02768,0.02173048,0.867,0.918
RPP25L,0.00818807,0.867,0.918
LOC107986488,0.00871029,0.868,0.918
RTKN2,-0.01684241,0.868,0.918
ZBTB26,0.00518067,0.868,0.918
NRG3,-0.03114713,0.867,0.918
ZNF337-AS1,0.00719256,0.868,0.918
ZDHHC2,-0.00943536,0.868,0.918
LINC00515,-0.0123485,0.868,0.918
DNAI1,0.0742118,0.877,0.918
NFKBIZ,-0.01048323,0.867,0.918
BUD13,-0.00419755,0.867,0.918
LOC105374997,-0.01897416,0.867,0.918
PDE4B-AS1,0.03815533,0.867,0.918
TTTY10,-0.17598426,0.87,0.919
LOC105373939,-0.01827829,0.869,0.919
LINC02469,-0.0206604,0.87,0.919
ZBTB20-AS1,0.00825774,0.869,0.919
LOC105372817,-0.01746355,0.868,0.919
LOC101928701,0.02193202,0.869,0.919
LOC101928896,-0.01455164,0.869,0.919
PRDM13,0.0881236,0.878,0.919
OR1D2,-0.0512116,0.878,0.919
SNORD109A,-0.02133324,0.87,0.919
ARHGAP8,0.01653334,0.87,0.919
LOC107987299,-0.00873615,0.87,0.919
MGST1,0.03969578,0.869,0.919
CCDC28A-AS1,-0.01854635,0.869,0.919
LOC107987078,-0.02759987,0.869,0.919
OLFM2,0.01609928,0.871,0.92
CYP4F29P,-0.04312167,0.871,0.92
LOC102723401,-0.01129505,0.871,0.92
LINC00847,-0.00861056,0.871,0.92
LOC105371925,0.00983754,0.871,0.92
KRTAP9-2,-0.10274855,0.87,0.92
LOC105370969,-0.02029861,0.87,0.92
LOC105376431,0.01276232,0.872,0.921
KCNH6,0.0600889,0.881,0.921
GIP,0.0759723,0.88,0.921
TEPSIN,0.00902024,0.873,0.921
SRGAP3-AS2,-0.01414732,0.872,0.921
LINC03063,-0.01548394,0.872,0.921
KRT72,-0.02562212,0.872,0.921
RBM38-AS1,0.01206219,0.872,0.921
FAHD1,0.00700121,0.872,0.921
MIR7161,0.01222744,0.872,0.921
LOC102724843,-0.01638027,0.873,0.921
DEFB131B,0.01220078,0.873,0.921
ZACN,-0.00578984,0.872,0.921
TAGAP-AS1,0.00991188,0.872,0.921
LOC105378649,-0.01099093,0.874,0.922
LOC100506076,0.01159618,0.874,0.922
HILPDA,0.02605073,0.873,0.922
AP4B1-AS1,-0.00652191,0.874,0.922
MIR3145,0.01569709,0.874,0.922
HLA-DRB5,-0.02973413,0.874,0.922
RNU12,-0.01606619,0.874,0.922
OR56B1,0.02980088,0.874,0.922
TIGIT,0.00726916,0.876,0.923
PTPN23,-0.01218753,0.875,0.923
LOC652276,0.00877522,0.876,0.923
KRTAP9-4,-0.10090641,0.876,0.923
LOC107984343,0.06316832,0.875,0.923
MIR8075,0.0133829,0.876,0.923
F9,-0.0793235,0.884,0.923
CT62,0.0790233,0.883,0.923
SOX12,0.01189202,0.875,0.923
LINC02589,-0.01326354,0.875,0.923
NUDT16-DT,-0.00946851,0.875,0.923
TPGS1,-0.01271735,0.875,0.923
LOC107984576,-0.01884396,0.875,0.923
LOC105372442,0.03981609,0.876,0.923
WSCD2,0.02068933,0.876,0.923
ARHGAP27,-0.00903389,0.877,0.924
MAN1B1-DT,0.01512133,0.877,0.924
KRT16P2,0.03668475,0.878,0.924
GEN1,-0.01128595,0.877,0.924
LOC107984495,0.03157013,0.877,0.924
MIRLET7C,0.01741163,0.878,0.924
CTBS,0.00640916,0.877,0.924
LOC112268102,-0.02846641,0.877,0.924
LOC105369764,-0.03043823,0.878,0.924
LOC100272217,0.01345451,0.877,0.924
ANKRD20A5P,0.04887625,0.877,0.924
SLC35E2A,0.00916409,0.878,0.924
SBK1,0.0223971,0.877,0.924
LOC102724682,0.00878143,0.88,0.925
MZF1-AS1,0.00760009,0.878,0.925
LOC107985154,0.0059983,0.879,0.925
RASA4DP,-0.01570242,0.879,0.925
LOC105376411,0.00885918,0.879,0.925
LOC155060,0.0285769,0.886,0.925
SYCP1,-0.0582517,0.887,0.925
ZNRF2P2,0.01483943,0.879,0.925
ZNF814,-0.00609572,0.878,0.925
SLC25A30-AS1,-0.01478937,0.878,0.925
LOC105371517,0.01875287,0.878,0.925
LOC107986303,0.00978928,0.878,0.925
SLC25A34,-0.01558208,0.879,0.925
MIR1245A,-0.01612476,0.879,0.925
LOC105373007,0.0145405,0.878,0.925
LOC105372956,-0.01181302,0.878,0.925
MAP1LC3A,-0.00944754,0.88,0.925
ZNF213,0.01298802,0.879,0.925
GBP6,0.02068501,0.879,0.925
SNORD3A,-0.00927566,0.879,0.925
ING2-DT,-0.0141961,0.881,0.926
SNORD58C,0.0126712,0.88,0.926
ZNF543,-0.00465136,0.88,0.926
KRT16P1,-0.02527779,0.881,0.926
LINC01572,0.01305056,0.881,0.926
LOC102723714,-0.01273823,0.881,0.926
TEKT4P2,-0.0243769,0.88,0.926
KRTAP4-3,-0.0951647,0.881,0.926
LOC105372214,0.01317317,0.881,0.926
LOC101928269,-0.02516404,0.881,0.926
FKBP9P1,-0.01017684,0.88,0.926
LOC105377757,-0.0191331,0.881,0.926
LOC112267866,-0.00674207,0.88,0.926
ZNF649-AS1,-0.0086356,0.882,0.926
PCDH20,0.01854228,0.882,0.926
LINC00517,0.02530827,0.882,0.927
YPEL3-DT,0.00764324,0.882,0.927
LOC107987362,-0.02982968,0.882,0.927
CLGN,-0.0420844,0.889,0.927
HMGN2P46,0.00949189,0.882,0.927
LOC107984347,-0.00550857,0.882,0.927
COX2,0.00958274,0.882,0.927
CEP128,0.00595254,0.882,0.927
POU4F2,-0.0529308,0.889,0.927
LOC112268469,-0.0093715,0.882,0.927
IL36A,-0.0743493,0.889,0.927
KLC4,-0.00553263,0.883,0.927
LINC01719,-0.01490457,0.883,0.927
NLRP9,-0.01383974,0.884,0.928
CTXN1,0.02098355,0.884,0.928
ZC2HC1C,0.00731715,0.884,0.928
LOC107984910,-0.01564547,0.884,0.928
SCARNA20,0.01683248,0.884,0.928
FAM85A,0.01671776,0.885,0.928
LOC101060553,0.01046407,0.885,0.928
TRY-GTA2-1,-0.01775892,0.884,0.928
FGD5P1,0.01680655,0.884,0.928
LOC107986529,-0.01406889,0.884,0.928
DCP1B,0.00504701,0.883,0.928
PPP2R5E,0.00359531,0.885,0.929
LOC112268446,0.02041262,0.886,0.929
LOC105377310,0.01396553,0.886,0.929
USP31,0.00579116,0.885,0.929
DPH7,-0.00492258,0.885,0.929
MYO18B,0.02844747,0.886,0.929
LOC105371056,-0.01901049,0.886,0.929
LOC101927445,-0.00816164,0.885,0.929
H3P4,-0.00844407,0.886,0.929
SNORD36C,0.01384181,0.886,0.929
ANTXRLP1,-0.02334775,0.886,0.929
JAGN1,0.00632143,0.885,0.929
POU4F1,0.0198377,0.893,0.93
LOC102724378,0.01731288,0.887,0.93
LOC105374812,-0.01140238,0.888,0.93
LOC105373636,0.01998155,0.886,0.93
TTTY14,-0.16081092,0.887,0.93
CPNE8-AS1,0.01321844,0.886,0.93
LOC105374353,0.01339654,0.887,0.93
ULK4P2,0.012524,0.888,0.93
SGO1-AS1,0.0167637,0.887,0.93
C3ORF49,0.0088473,0.889,0.931
DPH3P1,-0.00922318,0.889,0.931
LOC112268195,0.00973621,0.889,0.931
RAI1,0.01219839,0.889,0.931
LDLRAD3,-0.00555263,0.888,0.931
LINC02997,0.02850986,0.888,0.931
ACTL7B,-0.0638003,0.895,0.931
OR10J1,-0.0553938,0.895,0.931
DENND5B-AS1,-0.01116411,0.888,0.931
SEMA4B,-0.0121059,0.888,0.931
RNA45SN5,0.01906865,0.888,0.931
SHLD2P1,0.00632048,0.888,0.931
PRR19,-0.01267289,0.888,0.931
AKT1S1,0.00668068,0.889,0.931
HNRNPH2,-0.00582395,0.889,0.931
LOC107986401,-0.01792693,0.889,0.931
CTU2,0.00867909,0.89,0.932
FAM106C,-0.02621306,0.89,0.932
TTN-AS1,-0.00832751,0.89,0.932
LOC105374780,-0.01746061,0.891,0.932
DHDDS-AS1,-0.00712101,0.89,0.932
LOC105376815,0.02251577,0.89,0.932
DYNC2I1,0.0172083,0.897,0.933
CPA2,-0.0228476,0.898,0.933
TMEM169,0.01353372,0.891,0.933
PRSS54,-0.0090354,0.892,0.933
LINC01291,-0.05293414,0.891,0.933
H3-5,-0.00787087,0.893,0.933
GSDMC,-0.01211337,0.892,0.933
MIR3682,-0.01580322,0.891,0.933
LOC112268311,-0.13923973,0.891,0.933
MIR1245B,-0.01448469,0.892,0.933
EIF3C,0.00927058,0.892,0.933
SNORA60,0.01261281,0.891,0.933
GTF2IP23,-0.00832966,0.893,0.933
NUDT10,0.01411336,0.893,0.933
LOC105374612,-0.01747252,0.891,0.933
LOC107984638,0.01279154,0.891,0.933
PAXBP1-AS1,0.00580169,0.892,0.933
LOC107985216,0.01348516,0.891,0.933
LOC105370051,0.0181757,0.893,0.933
LOC105376952,-0.00500593,0.892,0.933
LOC112268144,0.00561549,0.893,0.933
LOC105377212,0.01024023,0.893,0.933
CT75,-0.01350422,0.894,0.934
C3ORF20,0.01271131,0.894,0.934
TRIQK,0.00611373,0.893,0.934
STAG3L1,0.00545427,0.894,0.934
LOC105373836,0.0114744,0.895,0.935
LOC107985341,0.01907288,0.895,0.935
RAI1-AS1,0.01105684,0.895,0.935
MIR7854,-0.01344787,0.894,0.935
SNU13,0.0080888,0.9,0.935
KNSTRN,0.01618072,0.896,0.935
ZNF843,0.01224621,0.895,0.935
LINC01347,-0.00798305,0.895,0.935
PIANP,-0.00889425,0.895,0.935
FAM239C,-0.04503835,0.894,0.935
LOC105375652,0.0090314,0.895,0.935
C1ORF167,0.00648653,0.895,0.935
EIF3CL,0.00900961,0.895,0.935
LOC101927468,-0.01464789,0.897,0.936
ZNF385A,-0.01384906,0.898,0.936
LOC105371441,-0.00956957,0.898,0.936
ZNF18,0.00382757,0.898,0.936
ODC1-DT,-0.01706816,0.896,0.936
LINC00102,-0.01189468,0.897,0.936
OBSCN,-0.01412947,0.896,0.936
MIR326,0.01618475,0.898,0.936
SNORA14A,0.01302317,0.897,0.936
LOC107986452,-0.01977275,0.897,0.936
LOC105369953,0.00530286,0.897,0.936
LOC105370871,0.00694672,0.897,0.936
LCMT2,-0.00401493,0.897,0.936
SOX8,0.01999867,0.897,0.936
LINC02934,0.01623534,0.897,0.936
ADCY10P1,0.00976521,0.898,0.936
RPS14P3,0.00605361,0.898,0.937
LOC100288123,0.00974951,0.898,0.937
LOC105376956,0.01421364,0.898,0.937
LOC105373759,-0.0113478,0.9,0.938
INO80,-0.00265173,0.9,0.938
LOC105375521,0.01071053,0.9,0.938
STAU2-AS1,-0.01096263,0.901,0.938
LOC107984285,0.00788075,0.9,0.938
ZFHX2,0.00995944,0.901,0.938
TAF1D,-0.00465968,0.899,0.938
SAP25,0.0199986,0.904,0.938
GHRL,-0.00696214,0.899,0.938
LOC102724219,-0.01819786,0.902,0.939
C1ORF146,0.01233233,0.901,0.939
LINC01061,-0.00955101,0.901,0.939
LOC105375818,-0.00646291,0.901,0.939
TENT5B,-0.01118575,0.901,0.939
ZNF556,-0.0486831,0.906,0.939
TAS2R8,-0.0624235,0.907,0.939
PSMG3-AS1,0.01109926,0.901,0.939
RFPL2,-0.0916932,0.908,0.94
AMPD1,0.0545586,0.907,0.94
ARRDC1,0.00635538,0.902,0.94
CCDC78,-0.01052935,0.902,0.94
SMCR5,-0.01086079,0.903,0.94
BMS1P4,0.00411981,0.903,0.94
NTNG1,-0.02615355,0.902,0.94
KIAA1671,0.00785903,0.903,0.94
LOC107984814,0.01147074,0.903,0.94
LINC00641,0.00407589,0.903,0.94
NRSN2-AS1,-0.00865814,0.902,0.94
FAAH2,0.00911251,0.904,0.941
TACR3,0.0593832,0.91,0.941
ZNF572,-0.00693789,0.904,0.941
EMC10,-0.00514172,0.905,0.942
LOC112268009,-0.00592538,0.906,0.942
CRYM,-0.01082859,0.906,0.942
PLGLB2,-0.01351924,0.906,0.942
LOC100288637,-0.00791244,0.905,0.942
THOC3,0.00779791,0.905,0.942
RPL19P12,0.00793641,0.906,0.942
LOC107983996,0.00721538,0.907,0.943
KRTAP9-8,-0.07402165,0.906,0.943
LOC100289580,0.01046363,0.908,0.943
HSD3BP4,0.01724604,0.907,0.943
LOC107984338,-0.00685987,0.907,0.943
RBM15-AS1,-0.01409866,0.907,0.943
LINC02427,-0.02019152,0.907,0.943
MIR4639,0.01247738,0.907,0.943
MIR7111,-0.01035134,0.907,0.943
LOC102725258,-0.01217753,0.907,0.943
SNORD20,0.01040187,0.906,0.943
LOC107986677,0.01166769,0.906,0.943
LOC101927647,-0.00582118,0.907,0.943
RAD9B,0.00330802,0.907,0.943
SNORA74D,-0.00838505,0.908,0.944
ATP11A-AS1,-0.00600096,0.909,0.944
ZNF598,0.00784442,0.909,0.944
KRTAP10-9,0.04940364,0.909,0.944
RGPD3,0.00335006,0.909,0.944
XPO5,-0.00318408,0.909,0.944
LOC107986963,0.01109975,0.909,0.944
TSSK6,0.00998389,0.909,0.944
UNC79,0.01159518,0.908,0.944
C8ORF76,-0.00365457,0.908,0.944
KRTAP2-2,0.06714522,0.908,0.944
LEAP2,0.00595513,0.908,0.944
LINC00672,-0.01005076,0.909,0.944
AP2A1,-0.00774198,0.909,0.944
LOC105377458,0.01298224,0.91,0.945
CREB3L4,0.00608948,0.911,0.945
WWP1-AS1,-0.0060303,0.91,0.945
LOC102723553,-0.00416989,0.911,0.945
LOC105373936,-0.01936477,0.91,0.945
WNT9A,-0.01092508,0.911,0.945
LINC01266,-0.02284521,0.91,0.945
LOC101928055,-0.01014439,0.911,0.945
CCDC188,-0.00997305,0.911,0.945
LINC02354,-0.01218728,0.91,0.945
DCAF13,-0.00487519,0.911,0.946
SNORA92,0.00965953,0.912,0.946
SNORD69,-0.00944859,0.911,0.946
CARMIL3,-0.01099633,0.912,0.946
CRYGD,-0.0489638,0.915,0.946
LOC105376025,0.01059694,0.913,0.947
LOC105375753,-0.00790328,0.913,0.947
ZNF300P1,0.01406169,0.913,0.947
TRAV27,-0.0336639,0.918,0.947
ATXN7L3-AS1,-0.0066291,0.914,0.947
MIR6758,0.01165275,0.914,0.948
SNORD76,0.00723359,0.915,0.948
LOC112267985,0.00748928,0.914,0.948
LOC107984211,-0.01255635,0.914,0.948
LOC112268170,-0.00668555,0.915,0.948
JDP2-AS1,0.00974698,0.915,0.948
LOC102723475,-0.01426339,0.914,0.948
CLUAP1,0.00377802,0.915,0.948
LENG8,0.00746013,0.915,0.948
LOC112268047,-0.01060399,0.915,0.948
KAT2A,0.00524223,0.915,0.948
IGSF22,-0.00847712,0.916,0.948
UBQLN4,0.00445753,0.915,0.948
MIR5094,0.0107652,0.914,0.948
ZRANB3,-0.00322484,0.915,0.948
LOC105372952,0.01553196,0.915,0.948
LOC105371129,0.00752985,0.915,0.948
CMTR2,-0.00418907,0.914,0.948
GPR199P,0.00693804,0.915,0.948
PWP2,-0.00647684,0.914,0.948
ZFPM1,0.01016925,0.915,0.948
FAM210B,-0.00389947,0.914,0.948
LINC-PINT,0.00520715,0.914,0.948
LOC105375879,0.01251825,0.917,0.949
LOC100132287,0.00942082,0.917,0.949
CIART,0.01777769,0.917,0.949
TSSC2,-0.01044615,0.916,0.949
LOC105379094,0.00422074,0.917,0.949
ZNF865,0.01147016,0.917,0.949
LOC101927539,-0.00850136,0.917,0.949
SNORD173,-0.00773415,0.916,0.949
MAGEB2,0.0411413,0.921,0.949
LOC642361,0.00514688,0.917,0.949
SNORA11F,0.00743496,0.916,0.949
CCDC198,-0.0668082,0.921,0.949
VARS2,-0.00634069,0.917,0.949
LLPH,-0.00313609,0.917,0.949
DND1,0.00694488,0.916,0.949
LOC102724146,-0.00733253,0.916,0.949
LOC102724474,0.0127051,0.916,0.949
NCKAP5-AS1,0.00750826,0.916,0.949
CA5A,-0.056088,0.92,0.949
MIF-AS1,0.00478535,0.917,0.949
SERPINI2,0.0510647,0.921,0.949
CD79A,0.0480145,0.921,0.949
LOC105371753,0.00501802,0.918,0.95
PDCD6IP-DT,0.00888825,0.918,0.95
LOC105372631,0.01235078,0.919,0.95
MIR1262,0.01004759,0.918,0.95
LOC107985588,-0.00797484,0.92,0.951
TMC4,0.01137692,0.92,0.951
RBMXL2,-0.0475974,0.924,0.951
ANKRD20A11P,-0.02845748,0.92,0.951
NKD2,0.00897613,0.92,0.951
CCDC169,0.01605958,0.919,0.951
DENND10P1,0.00435505,0.92,0.951
MRPS31P5,0.00328768,0.919,0.951
KLHL7-DT,-0.01491868,0.921,0.952
SPSB2,-0.00691263,0.921,0.952
GNAT2,0.0468212,0.925,0.952
SNORD98,0.00781082,0.921,0.952
GTF2H2B,-0.00870827,0.921,0.952
DHRS4,-0.00536553,0.921,0.952
MADD-AS1,0.00548517,0.921,0.952
TXLNGY,-0.1054849,0.921,0.952
MYH8,0.0421658,0.927,0.953
LOC101929201,0.00948326,0.922,0.953
RNF169,-0.00315832,0.923,0.953
FSHB,0.0399543,0.927,0.953
LOC105374296,0.00556627,0.923,0.953
PRADC1,-0.0047575,0.923,0.953
SNAP91,0.0328024,0.928,0.954
LOC101928525,-0.00453575,0.923,0.954
LOC105377224,0.10046796,0.923,0.954
SIPA1L2,0.00526771,0.924,0.954
CACNG1,0.0428278,0.929,0.954
TAS2R16,0.0479629,0.928,0.954
WIPF3,-0.00885576,0.925,0.955
CHKB,0.00421037,0.925,0.955
ZUP1,0.00386965,0.925,0.955
ARL17B,0.01528108,0.926,0.955
EVA1C,0.00479979,0.924,0.955
LOC112268225,0.0069986,0.925,0.955
TYW1B,0.00483362,0.924,0.955
LOC105378861,0.0101532,0.925,0.955
CHURC1-FNTB,-0.00219591,0.925,0.955
LOC112268413,-0.01171573,0.926,0.955
ZBTB45,0.00628484,0.925,0.955
TRNQ,0.01023278,0.926,0.955
PM20D1,0.03457445,0.925,0.955
LINC01931,-0.01175158,0.925,0.955
LOC101927243,-0.0114893,0.924,0.955
LOC100132154,0.01428349,0.926,0.955
LOC105373383,0.01124123,0.926,0.955
LOC105369416,-0.01160891,0.925,0.955
LOC107986415,-0.00650565,0.925,0.955
LOC105377644,-0.00694274,0.926,0.955
IDH2-DT,0.0083816,0.925,0.955
RPL37A-DT,0.01017771,0.928,0.956
AMN,0.00492359,0.927,0.956
SPDYE3,0.00600822,0.927,0.956
LOC105372985,-0.0117862,0.928,0.956
LBP,0.0399,0.932,0.956
CPSF3,0.00277474,0.928,0.956
DCTN1-AS1,0.00575582,0.928,0.956
LOC107986981,-0.00474642,0.928,0.956
TRI-AAT5-5,-0.00990657,0.928,0.956
LOC105373225,-0.01819723,0.927,0.956
LOC105375833,-0.01025493,0.928,0.956
FTX,0.00231428,0.928,0.956
DEFB103A,0.02235124,0.927,0.956
FAM53A,-0.00850873,0.927,0.956
TMEM71,0.00824907,0.928,0.956
LOC105379752,0.0051766,0.927,0.956
LOC107986446,0.01317678,0.927,0.956
TMEM51-AS2,0.00594675,0.928,0.956
LOC101929762,-0.00976995,0.93,0.957
SNORD14D,-0.00876726,0.929,0.957
PNRC2,0.00344044,0.929,0.957
PI4KAP1,0.01333516,0.93,0.957
C9ORF72,-0.00485465,0.929,0.957
LOC105375642,0.01767912,0.929,0.957
HMSD,0.01317605,0.929,0.957
POU5F1B,-0.00738363,0.93,0.958
LOC105374535,-0.00906225,0.93,0.958
ZBED3-AS1,-0.01262702,0.931,0.958
SNORD3B-2,-0.00538303,0.93,0.958
LOC730234,-0.01194821,0.931,0.958
NUP153-AS1,0.00324715,0.931,0.958
LINC02915,-0.01305831,0.93,0.958
LOC112268095,0.00649648,0.931,0.958
LOC105369147,0.00458797,0.931,0.958
TMEM234,0.00340397,0.932,0.959
SNORA65,0.00610712,0.931,0.959
ADCK1,-0.00674992,0.932,0.959
CHURC1,-0.00359087,0.932,0.959
SNORA19,0.00754212,0.934,0.96
LOC107987254,-0.0079671,0.934,0.96
BMS1P2-AGAP9,0.00781344,0.933,0.96
LOC112268439,0.00543833,0.933,0.96
SERTAD3-AS1,-0.00762872,0.933,0.96
GCSH,0.0056188,0.933,0.96
LOC107987009,-0.01534453,0.933,0.96
SMIM48,-0.0107881,0.938,0.961
MIR211,0.01458254,0.935,0.961
LOC101927446,0.0492135,0.938,0.961
LOC107984442,0.00890783,0.936,0.961
LOC105370489,0.00406411,0.936,0.961
ZNF56P,-0.00669583,0.936,0.961
LINC02700,-0.01253822,0.934,0.961
RHEBL1,0.00820255,0.934,0.961
LOC107984393,-0.01183792,0.935,0.961
LINC01698,-0.03100282,0.934,0.961
RPS10P7,0.005171,0.935,0.961
LOC107985551,-0.00944979,0.935,0.961
LOC107986350,0.00757398,0.936,0.961
RNVU1-18,0.00699308,0.935,0.961
DBNDD2,-0.00457601,0.934,0.961
LOC107984129,0.00894898,0.934,0.961
ANKRD34C,-0.0475964,0.938,0.961
YPEL4,0.00455248,0.935,0.961
LOC102724594,0.00280543,0.936,0.962
LOC100128398,0.00505525,0.937,0.962
MIR6124,0.00813132,0.937,0.962
ALYREF,-0.00331756,0.937,0.962
LINGO2,-0.01225385,0.937,0.962
DPP7,-0.00437144,0.937,0.962
LOC107985027,0.01182463,0.937,0.962
LOC105376257,0.0050011,0.937,0.962
SAMD1,0.00460671,0.937,0.962
PHYHIPL,-0.00465958,0.937,0.962
BCDIN3D-AS1,-0.00396569,0.936,0.962
SCAF1,0.00759494,0.937,0.962
CA8,-0.0336498,0.94,0.962
OTUD5,-0.00287439,0.936,0.962
TENM2-AS1,-0.01064867,0.938,0.963
LOC107985678,-0.0047809,0.938,0.963
OR5I1,0.0370546,0.941,0.963
MAFIP,-0.01246942,0.939,0.963
ST3GAL3-AS1,0.00840296,0.938,0.963
LRRN4,0.00362248,0.939,0.963
IL3,0.043109,0.941,0.963
MIR5006,-0.00809713,0.939,0.963
LOC101928906,0.01088576,0.938,0.963
LOC105369908,0.01686587,0.938,0.963
CSF2,-0.0355144,0.943,0.964
FRMD5,0.00447656,0.941,0.964
LOC112268258,-0.00745237,0.94,0.964
SPATA5,0.00225877,0.94,0.964
LOC105370854,0.00647534,0.94,0.964
CASTOR1,0.004583,0.941,0.964
ZNF251,-0.00233167,0.94,0.964
STRADB,0.00372068,0.939,0.964
LINC01801,0.00724331,0.94,0.964
LOC105370485,-0.00893819,0.94,0.964
NCKAP5-AS2,-0.00675576,0.94,0.964
SLC35C2,0.00255267,0.94,0.964
CXCL17,0.00796417,0.94,0.964
SNORD63B,-0.00507278,0.94,0.964
SNORD13E,-0.00954147,0.94,0.964
TMTC4,-0.00353808,0.941,0.964
BLOC1S2,-0.00411791,0.941,0.964
LOC102724968,-0.00738613,0.941,0.965
RGPD6,-0.00277955,0.942,0.965
MIR3136,0.00768744,0.942,0.965
STIMATE-MUSTN1,0.00359214,0.942,0.965
LOC105378660,0.01216329,0.942,0.965
LOC107985915,0.00661015,0.942,0.965
LEO1,0.00401484,0.942,0.965
CDH15,0.0205454,0.945,0.965
TM4SF19-DYNLT2B,-0.00508378,0.944,0.966
PPP1R2B,0.00610726,0.943,0.966
MEX3B,0.0070682,0.944,0.966
LOC105378415,0.01544444,0.943,0.966
ZDHHC12-DT,-0.00499559,0.943,0.966
LOC105370832,-0.0104206,0.943,0.966
CAPN12,0.00553075,0.943,0.966
LOC105374663,-0.00894553,0.944,0.966
SHISA2,0.01307748,0.944,0.966
CABCOCO1,-0.0113413,0.943,0.966
TMEM51-AS1,0.0042849,0.944,0.966
LOC102724001,-0.0234976,0.943,0.966
LOC105375356,0.00566852,0.943,0.966
KLF9-DT,0.00686459,0.944,0.966
MIR12120,-0.07181563,0.943,0.966
LOC105373794,0.00712606,0.944,0.966
CTAGE1,-0.0314965,0.947,0.966
SNORD84,0.00465789,0.944,0.966
LOC105379854,-0.01595587,0.945,0.967
DCAF5,0.00120144,0.945,0.967
LINC00622,-0.00884189,0.945,0.967
CDC27P10,0.00918905,0.945,0.967
NUF2,0.00615527,0.945,0.967
CAMTA2-AS1,-0.00379866,0.945,0.967
EPHA1-AS1,-0.00544677,0.945,0.967
SMIM1,-0.00895213,0.945,0.967
TAOK1,-0.00189239,0.945,0.967
MIR4691,0.00662487,0.946,0.967
ELOA3CP,-0.01054172,0.946,0.967
ENKUR,-0.00726313,0.945,0.967
LOC101927543,-0.00443928,0.945,0.967
POC1B-GALNT4,-0.00238283,0.945,0.967
LOC105374795,0.00536821,0.946,0.967
LOC105372902,0.00665768,0.945,0.967
DDX11L1,0.00516407,0.947,0.968
LOC105376823,-0.00850762,0.947,0.968
RALY-AS1,-0.00521589,0.947,0.968
BCAM,0.0061022,0.949,0.968
SACK1E,-0.0146514,0.948,0.968
KRTAP3-3,-0.03069587,0.947,0.968
LOC107984960,-0.00790916,0.947,0.968
LOC107985554,-0.00574957,0.947,0.968
LINC02185,0.00803155,0.948,0.968
SNORA71E,0.00750537,0.947,0.968
LOC112267879,-0.00535454,0.948,0.968
LOC105372435,0.00608783,0.947,0.968
LOC105373424,-0.00814501,0.947,0.968
BORCS7,-0.00290391,0.948,0.968
SHISA9,-0.00994367,0.948,0.968
SNORD139,0.00529202,0.947,0.968
HCG11,0.00338645,0.947,0.968
PHF23,-0.00249722,0.949,0.969
GRID1,0.00592805,0.949,0.969
LOC101929048,0.00957693,0.95,0.969
CRSP8P,0.00512554,0.95,0.969
MIR1304,-0.00528664,0.948,0.969
LOC107986642,0.00719936,0.95,0.969
KCNMA1-AS1,-0.00792153,0.949,0.969
DDX11L16,0.0050644,0.949,0.969
LOC283194,0.00700676,0.949,0.969
RBP3,0.0218614,0.95,0.969
SNORD80,0.0048085,0.95,0.969
PDE4DIPP1,0.00735507,0.949,0.969
NOTUM,-0.01209493,0.95,0.97
PSTK,0.00314443,0.951,0.97
ANKRD9,-0.00375671,0.951,0.97
TRV-CAC1-5,-0.00803927,0.95,0.97
MAGEA4,-0.033041,0.953,0.97
POU4F3,0.0352464,0.952,0.97
LOC389834,0.01236116,0.951,0.97
PPP1R14B,0.00280568,0.95,0.97
LOC105372681,0.00528929,0.951,0.97
AIF1L,0.00463444,0.951,0.97
ALPK1,0.00220981,0.951,0.97
LOC101927178,-0.00239176,0.952,0.971
LINC00664,0.0130563,0.952,0.971
METTL26,-0.00261372,0.952,0.971
CCDC103,-0.00679139,0.953,0.971
DAB2IP,-0.00413419,0.953,0.971
BRWD1-AS1,-0.00901207,0.952,0.971
LOC105377944,-0.00761559,0.952,0.971
LOC105379420,0.00824382,0.952,0.971
G2E3-AS1,0.00470168,0.953,0.971
LOC107984661,0.0017048,0.952,0.971
LHX4,0.00254119,0.951,0.971
CASP4LP,0.00516543,0.953,0.971
ADGRD1-AS1,0.00527501,0.954,0.972
NKX2-8,0.0209966,0.955,0.972
RBAK-RBAKDN,0.00286587,0.954,0.972
LOC107986362,0.0048955,0.953,0.972
LOC105371970,0.00659693,0.954,0.972
LOC107986780,-0.00566593,0.954,0.972
AP1S3,-0.00370323,0.954,0.972
HID1,-0.00545483,0.954,0.972
SLC22A14,0.0132538,0.957,0.973
C2ORF50,0.00720843,0.955,0.973
LOC285762,0.00674463,0.956,0.974
MIR7-1,0.00381686,0.956,0.974
ZASP,-0.00360742,0.957,0.974
ZSCAN22,0.0026457,0.956,0.974
GUCA2B,0.0256977,0.959,0.974
LOC283788,-0.00790845,0.956,0.974
LOC107985149,0.00385325,0.957,0.974
USP40,0.00144339,0.956,0.974
CSHL1,-0.0219902,0.958,0.974
LOC105377302,0.00643397,0.957,0.975
SOX30,0.0306139,0.959,0.975
ADAM7,-0.0224719,0.959,0.975
GC,0.041681,0.959,0.975
NAV2-AS2,0.0042657,0.958,0.975
LOC102723870,-0.0055607,0.958,0.975
MIR4713HG,0.00872333,0.959,0.975
CTAGE7P,0.00375585,0.957,0.975
GCSHP3,0.00218057,0.959,0.975
LOC107985358,0.00338597,0.958,0.975
ASB16-AS1,0.00330339,0.958,0.975
VIT,-0.00641335,0.958,0.975
PCDHB7,0.00546172,0.958,0.975
LOC101927066,-0.00388565,0.958,0.975
XXYLT1-AS1,-0.00554464,0.96,0.976
MIR30E,0.00606445,0.959,0.976
SASS6,-0.002054,0.96,0.976
GBA2,0.00198168,0.96,0.976
LOC107983998,0.00285067,0.959,0.976
LOC107985894,0.01656281,0.96,0.976
CLNK,-0.00564677,0.96,0.976
CEP120,0.00149403,0.961,0.976
ARHGAP42-AS1,0.00306875,0.962,0.977
MYH7B,-0.003265,0.962,0.977
LOC107985874,-0.0036229,0.962,0.977
LOC105372501,0.00498652,0.962,0.977
DZIP1L,-0.00281141,0.962,0.977
SNHG28,0.00301093,0.961,0.977
SNORD134,-0.00899049,0.962,0.977
TTC39A-AS1,0.00590492,0.962,0.977
RNA28SN5,-0.0068756,0.961,0.977
VDAC2,0.00188676,0.961,0.977
RPH3AL-AS1,-0.0041612,0.964,0.978
FAM86B1,-0.00453713,0.964,0.978
LOC101927999,0.00777007,0.964,0.978
RGPD2,0.00335464,0.963,0.978
LOC101929805,0.0033352,0.963,0.978
LOC107985568,0.00528384,0.963,0.978
LOC107984950,-0.00155073,0.963,0.978
CASC19,-0.00532865,0.964,0.978
UBE2Q1-AS1,-0.00216336,0.962,0.978
LOC105378798,-0.00952813,0.964,0.978
IGF2BP2,0.00303232,0.964,0.978
DEFB103B,0.01128344,0.963,0.978
PLEKHD1,-0.00657483,0.963,0.978
PCDHGA12,-0.00240764,0.964,0.978
VMA21,-0.00147701,0.964,0.978
LOC105371472,0.005067,0.963,0.978
TROAP-AS1,0.0051907,0.963,0.978
ACSM6,0.00887165,0.964,0.978
LINC00892,0.00733648,0.963,0.978
LOC105379521,-0.01120435,0.964,0.979
LOC105372821,-0.0062593,0.965,0.979
LINC02413,0.00921066,0.964,0.979
TBL1Y,-0.03910694,0.966,0.979
KRTAP19-1,-0.02359057,0.966,0.979
CES5A,-0.00782438,0.966,0.979
LOC102723704,0.00213446,0.965,0.979
LOC105377033,0.00497525,0.966,0.979
LOC105376281,0.00370759,0.965,0.979
BMAL2-AS1,0.0037588,0.966,0.979
L3MBTL2,-0.00114667,0.965,0.979
MBD6,-0.00377996,0.966,0.979
CCNB3,0.00392789,0.965,0.979
MIA2-AS1,0.00376433,0.966,0.979
ABCB10,-0.0011009,0.966,0.979
CCAT1,0.00368264,0.965,0.979
LINC01293,-0.02050327,0.965,0.979
NCOA5,-0.00106591,0.967,0.98
PRDM4-AS1,0.00209819,0.968,0.98
CTAG2,-0.0179864,0.967,0.98
CRHBP,0.0201285,0.968,0.98
MYCNOS,0.0137769,0.968,0.98
TRK-CTT6-1,0.00479278,0.967,0.98
GATD1,-0.00203353,0.966,0.98
KRT83,0.02646699,0.967,0.98
SNAP47,-0.00111219,0.968,0.98
PIGS,0.00121828,0.968,0.98
LOC100132062,0.00319586,0.967,0.98
KLHL1,0.0160758,0.97,0.981
KCNQ5-IT1,-0.00686979,0.968,0.981
LOC105370689,0.0045178,0.969,0.981
LOC105378552,-0.00143088,0.968,0.981
SNORA105A,0.00370309,0.968,0.981
ZNF137P,0.0080904,0.971,0.981
POLN,0.00203362,0.969,0.982
LINC03009,-0.00211972,0.97,0.982
LOC102724355,0.00665026,0.969,0.982
IFNA6,-0.0171647,0.972,0.982
LOC101929234,0.00389065,0.969,0.982
LOC103021295,0.00202293,0.97,0.982
TOMM20L-DT,0.00266076,0.97,0.982
MRPS5,0.00129668,0.969,0.982
SHANK2-AS1,-0.00680592,0.969,0.982
TMEM69,0.00127711,0.97,0.982
MIR1244-4,0.00409845,0.971,0.983
KCNH5,-0.00843825,0.971,0.983
LOC112268044,-0.00811567,0.972,0.983
KCTD14,0.0043297,0.971,0.983
ABHD13,0.0012693,0.972,0.983
TMEM199,0.00107311,0.972,0.983
MIR644A,0.00354512,0.972,0.983
LOC107984059,0.00208537,0.972,0.983
LOC730183,-0.00202058,0.972,0.983
ASCL1,0.0124616,0.973,0.983
LOC105372797,-0.00193861,0.972,0.983
MIRLET7BHG,-0.00220122,0.972,0.983
LOC101060632,0.00682377,0.971,0.983
MED4-AS1,-0.00124043,0.972,0.983
LOC105377975,0.00445446,0.971,0.983
ZDHHC8,0.00238194,0.973,0.984
SPESP1,-0.00558647,0.974,0.984
ADCY10,0.0154773,0.974,0.984
LOC112268412,-0.00234504,0.974,0.984
LOC105375520,0.0048441,0.973,0.984
LOC101928391,-0.00445934,0.973,0.984
LOC105372663,0.00318878,0.973,0.984
KRTAP4-6,0.02122198,0.973,0.984
LOC101928658,0.00204466,0.974,0.984
SH3GLB1,-0.00088715,0.973,0.984
ACKR4,-0.00333591,0.973,0.984
LOC112268062,0.00268413,0.973,0.984
LOC107986373,0.00256346,0.975,0.985
LOC101928988,0.00300214,0.976,0.985
GK2,-0.0134887,0.977,0.985
RWDD4,-0.00113343,0.975,0.985
ANKRD30B,-0.00570457,0.976,0.985
THRSP,-0.0101056,0.975,0.985
REG3A,0.0165213,0.976,0.985
ARMH1,-0.0025086,0.976,0.985
SNORD118,0.00396002,0.975,0.985
TRPM7,-0.0009282,0.975,0.985
LOC107984806,-0.0026871,0.975,0.985
CCNI2,-0.00148702,0.976,0.986
LOC105370756,0.00413335,0.977,0.986
LOC105375435,0.00361153,0.978,0.986
CPLANE1-AS1,-0.00277966,0.976,0.986
GTF2IP1,0.00070461,0.976,0.986
MUCL1,0.00692808,0.977,0.986
LOC102724851,-0.00377309,0.978,0.986
CNOT11,0.00065705,0.976,0.986
LOC102724420,-0.00458702,0.976,0.986
DNLZ,0.00212993,0.976,0.986
LOC105375781,0.00217122,0.978,0.986
ASB16,0.00219822,0.976,0.986
LOC112267970,0.00384889,0.976,0.986
CEP250-AS1,-0.00135411,0.977,0.986
LOC441666,-0.00428435,0.977,0.986
MDM1,0.00124426,0.976,0.986
C8ORF34-AS1,-0.00496789,0.978,0.986
CRPPA,0.00155542,0.977,0.986
SNORD138,-0.00347741,0.978,0.986
CTTNBP2,-0.00162359,0.978,0.987
FAM215B,0.00243343,0.979,0.987
RFFL,-0.00057814,0.979,0.987
H2BC20P,-0.00192498,0.978,0.987
NFIA-AS1,-0.00156085,0.979,0.987
TRC-GCA23-1,-0.00205028,0.979,0.987
LOC105378374,0.00271882,0.979,0.987
RGPD4,0.00077526,0.98,0.987
MIR1182,-0.00239546,0.979,0.987
TRE-CTC1-5,-0.00359791,0.98,0.988
LOC100130744,0.00106982,0.98,0.988
LOC105371414,-0.0020787,0.981,0.988
ENO1-AS1,0.0029094,0.981,0.988
LOC102724808,0.0011583,0.98,0.988
TMED8,0.00063946,0.981,0.988
CPN2,0.0129689,0.982,0.989
ZFY-AS1,-0.0202298,0.982,0.989
RNU5D-1,0.00314882,0.982,0.989
LINC01011,0.00146707,0.982,0.989
FAXC,0.00315636,0.982,0.989
ERFL,0.00275051,0.982,0.989
LOC105370124,-0.00263862,0.983,0.989
SNORA58B,-0.00214364,0.982,0.989
TSPAN18,0.00186765,0.983,0.989
UMAD1,0.00095773,0.982,0.989
HERPUD2,0.00046147,0.983,0.989
LRCH3,0.00044832,0.983,0.989
ZC3HAV1L,0.00080199,0.983,0.99
LOC107983990,-0.00241704,0.984,0.99
LINC01152,-0.0040611,0.985,0.99
LOC105379561,-0.0028977,0.983,0.99
PRM1,-0.0111549,0.984,0.99
CBY3,0.00185451,0.983,0.99
TBC1D29P,0.0117386,0.984,0.99
GOLGA6A,-0.00500771,0.984,0.99
SMS,0.00096008,0.983,0.99
LOC105379102,0.00501852,0.984,0.99
LOC105376106,0.00137013,0.985,0.991
MRPL37,0.00054332,0.986,0.991
MIR491,0.0022914,0.985,0.991
GJD2,-0.0047333,0.987,0.991
FABP6,-0.0131235,0.986,0.991
NTN5,0.00279219,0.985,0.991
LOC105378701,0.00213968,0.985,0.991
LINC02259,0.00178625,0.985,0.991
LOC102724951,-0.00283468,0.985,0.991
UBE2QL1,-0.00315731,0.985,0.991
PTPDC1,0.00054415,0.985,0.991
SGO1,0.00132436,0.985,0.991
LOC107987175,0.00138299,0.986,0.991
UBE2V1,-0.0005526,0.985,0.991
FOXE3,0.009201,0.985,0.991
FAM66D,0.00356376,0.985,0.991
FRG1DP,0.00527291,0.985,0.991
PHF19,0.00082082,0.986,0.991
MTMR10,-0.00042204,0.988,0.992
SRL,0.00182166,0.987,0.992
LOC105378568,-0.00224107,0.987,0.992
LOC107986976,-0.00212427,0.987,0.992
LOC105376535,-0.00076744,0.987,0.992
WWTR1-AS1,0.00171832,0.987,0.992
LOC105375018,0.00105075,0.987,0.992
UGT1A9,-0.00172635,0.988,0.992
LOC101926886,-0.00167179,0.989,0.993
FTO-IT1,0.00076352,0.988,0.993
LOC107984079,-0.00166398,0.988,0.993
LOC102723665,-0.00103959,0.988,0.993
KCTD19,-0.00117705,0.989,0.993
CMTM2,-0.00180396,0.989,0.993
MIR29B2,0.00152249,0.989,0.993
SNORD14C,-0.00153188,0.988,0.993
GNG12-AS1,-0.00062985,0.989,0.993
MORN4,-0.00081665,0.988,0.993
KRTAP10-2,0.00610956,0.99,0.994
FGF11,-0.00085665,0.99,0.994
RGL4,-0.00042938,0.99,0.994
CHAER1,-0.00160651,0.99,0.994
ZSCAN12P1,-0.00166687,0.99,0.994
ZNF462,-0.0004897,0.99,0.994
SPATC1L,-0.0018158,0.991,0.995
MYH7,-0.0047405,0.992,0.995
SCARNA4,0.00082754,0.991,0.995
MRPL32,-0.00053673,0.991,0.995
LOC102723512,0.00083962,0.992,0.995
SNORD3C,-0.00066966,0.991,0.995
FAM24B,-0.0007925,0.993,0.996
MIR6797,-0.00096874,0.993,0.996
MIR378J,0.000853,0.994,0.996
LINC01001,0.00072254,0.993,0.996
LOC105374080,0.00104988,0.993,0.996
MTRF1L,0.00038085,0.993,0.996
MIR3677HG,0.00091305,0.992,0.996
NDUFAF2,0.00027288,0.996,0.997
LOC107984590,-0.00078334,0.994,0.997
SNORD56B,0.00084519,0.995,0.997
ADPRS,0.00021029,0.995,0.997
ARHGAP27P1-BPTFP1-KPNA2P3,0.00023823,0.994,0.997
LOC107986024,0.00056528,0.994,0.997
VSIG8,-0.00145501,0.994,0.997
LOC105377628,-0.00094722,0.995,0.997
LOC105375028,-0.00091035,0.994,0.997
ASCL3,-0.0023165,0.996,0.997
LOC105371762,-0.00053299,0.995,0.997
C10ORF82,-0.00075845,0.995,0.997
LOC105370515,0.00050752,0.994,0.997
IPO11,-0.00017226,0.995,0.997
SNORA68,-0.00043208,0.996,0.997
LOC107984665,0.00046923,0.995,0.997
MIER1,-0.00010173,0.997,0.998
RGPD5,0.00015901,0.997,0.998
LINC02160,-0.00096143,0.996,0.998
KRTAP2-1,-0.00247534,0.997,0.998
LOC105377380,0.00088837,0.996,0.998
DLX1,0.00101384,0.996,0.998
RASD2,0.0005291,0.997,0.998
LOC107984861,0.00049468,0.996,0.998
LOC105376794,-0.00035982,0.997,0.998
LOC105370047,-0.00048281,0.996,0.998
GDF2,0.0011405,0.997,0.998
CYP2A13,0.0025479,0.996,0.998
RNA45SN2,0.00042002,0.997,0.998
INIP,9.064e-05,0.997,0.998
LOC105371857,0.00035187,0.997,0.998
TNRC18,0.00027562,0.997,0.998
FAM239A,0.00109759,0.997,0.998
TSLIG2,-0.0002314,0.998,0.998
LOC105375928,0.00013158,0.999,0.999
LOC107985481,6.624e-05,0.998,0.999
LOC105369989,0.00027285,0.998,0.999
LRRC37A2,0.00021396,0.998,0.999
TDRD15,-0.00031796,0.999,0.999
ZNF417,-2.934e-05,0.999,0.999
LOC105379123,0.00018235,0.999,0.999
LOC107984352,-0.00014527,0.999,0.999
ST6GAL2,-0.00046429,0.998,0.999
ANKRD50,-2.425e-05,0.999,1.0
MRPS35-DT,-2.299e-05,1.0,1.0
LOC100287036,1.627e-05,1.0,1.0
MICOS13,6.82e-06,1.0,1.0
